pressure,accel_x,accel_y,accel_z,gyro_x,gyro_y,gyro_z
0.193973,0.146516,0.417821,0.331603,-0.074210,0.136715,-0.027295
0.211308,0.503285,0.716088,1.142647,-0.260918,0.151856,-0.071245
0.203746,0.119387,0.983997,1.410819,-0.483503,-0.003037,-0.054679
0.179150,-0.177114,1.184096,1.676956,-0.614054,-0.145889,-0.009518
0.205014,-0.084296,0.889469,1.719962,-0.487253,-0.153007,-0.000678
0.324068,-0.306495,-0.021274,0.390870,-0.187186,-0.196756,0.065559
0.463084,-0.092590,-0.773859,-1.470733,0.016752,-0.295529,0.309410
0.531466,1.385260,-0.804776,-1.683387,0.043688,-0.200760,0.545097
0.548120,2.187018,-0.423909,-0.529079,0.022753,0.120139,0.501371
0.569398,0.891964,-0.051805,0.157792,-0.000481,0.420631,0.251302
0.586533,-0.508238,0.164347,0.316490,-0.063231,0.584268,0.021172
0.575756,-0.629078,0.240620,0.633050,-0.130909,0.605723,-0.135363
0.557424,-0.776136,0.316632,0.845980,-0.167624,0.339179,-0.205892
0.558351,-1.412905,0.317513,0.835471,-0.167260,-0.197533,-0.112078
0.579827,-1.159077,0.011814,0.567158,-0.071403,-0.543970,0.130165
0.612576,0.514971,-0.398077,-0.557912,0.112234,-0.361613,0.346350
0.644087,2.138228,-0.515754,-1.908468,0.207938,0.074960,0.333673
0.661378,1.650170,-0.320994,-1.496038,0.101701,0.359805,0.065180
0.664420,-0.859906,0.092128,0.650686,-0.094970,0.479123,-0.230299
0.656071,-2.214693,0.599140,2.216933,-0.247155,0.546450,-0.348280
0.622853,-0.601186,0.793564,2.278097,-0.323167,0.443575,-0.389088
0.563085,0.884143,0.501645,1.608919,-0.241192,0.067026,-0.453298
0.518486,-0.013967,-0.015773,0.057926,0.078492,-0.311653,-0.304878
0.531820,-0.046931,-0.684329,-2.505611,0.428250,-0.330132,0.158535
0.589902,2.211179,-1.240061,-3.939505,0.458881,-0.044232,0.491602
0.645004,2.554197,-0.874601,-2.251727,0.177758,0.240490,0.349535
0.674185,-0.018338,0.286764,0.908112,-0.072945,0.409231,0.035214
0.686711,-1.321058,0.919171,2.334846,-0.135078,0.474269,-0.089359
0.684900,-0.541818,0.664027,1.628476,-0.157182,0.399601,-0.131942
0.658994,-0.457880,0.367557,0.801507,-0.234410,0.166399,-0.259430
0.628776,-1.264246,0.250219,0.861063,-0.268189,-0.191208,-0.290026
0.636182,-1.186465,0.081013,0.951833,-0.177484,-0.512229,-0.007947
0.676827,0.094733,0.026875,0.087083,-0.027420,-0.491565,0.405508
0.705138,1.373495,-0.112013,-1.282246,0.048540,-0.079142,0.567514
0.716557,1.366025,-0.535130,-1.535861,-0.001195,0.300225,0.396295
0.736496,0.110513,-0.483039,-0.468952,0.021114,0.326162,0.109640
0.742708,-1.031599,-0.184378,-0.674431,0.498678,0.235234,-0.171359
0.710836,-1.300637,-1.561668,-3.712469,1.472442,0.343978,-0.488664
0.679196,-1.392386,-4.185116,-6.466550,2.280998,0.577790,-0.775829
0.645653,-1.624905,-4.407397,-5.264341,2.204838,0.727201,-0.858010
0.530577,-1.253128,-1.206304,-1.344127,1.351726,0.725156,-0.736490
0.351003,-0.428480,1.960587,1.860386,0.362564,0.563871,-0.503021
0.228089,0.326399,3.387362,3.623819,-0.434794,0.234667,-0.070249
0.171446,1.711534,5.222740,4.683585,-0.977544,-0.229359,0.493027
0.094568,2.796254,6.937080,4.824494,-1.118714,-0.682950,0.723626
0.007852,1.061658,4.560124,4.099372,-0.906026,-0.878872,0.477833
-0.018025,-1.685881,-0.654988,3.084712,-0.688847,-0.727476,0.230590
0.014523,-1.328207,-2.583398,1.302565,-0.619811,-0.424548,0.197256
0.067198,0.568288,-0.992273,-1.541562,-0.467543,-0.160886,0.068421
0.130481,0.055715,-0.962546,-3.908068,-0.073665,0.036660,-0.187843
0.196936,-1.387645,-2.660528,-4.312342,0.305406,0.143572,-0.252646
0.247081,-0.759697,-2.381161,-2.816633,0.330765,0.130289,-0.133894
0.276718,0.509390,-0.338334,-0.328105,0.081141,0.061040,-0.090101
0.298238,0.445738,0.745470,1.575303,-0.099072,0.013438,-0.107578
0.312788,0.220023,0.598268,1.604141,-0.098709,0.004327,-0.032002
0.314376,0.723686,0.350815,0.459649,-0.048378,0.017383,0.068863
0.317362,0.732691,0.190673,-0.307382,-0.027277,0.024358,0.054011
0.330194,-0.122600,0.023477,-0.297793,-0.049538,0.035074,-0.033448
0.329545,-0.582175,0.126731,0.230955,-0.138512,0.063842,-0.096936
0.325825,-0.439115,0.411197,0.867617,-0.232987,-0.002687,-0.119344
0.380282,-0.593557,0.277019,0.801120,-0.224212,-0.246782,-0.029405
0.491790,-0.499684,-0.377151,0.045300,-0.139662,-0.444120,0.224254
0.580603,0.816060,-0.814243,-0.395026,-0.073682,-0.325159,0.442729
0.618855,2.061331,-0.549864,-0.501332,-0.020513,0.006117,0.415223
0.647258,1.640922,-0.034848,-0.717837,0.015959,0.277607,0.226140
0.669804,0.284676,0.155666,-0.326934,-0.039073,0.433427,0.010408
0.652524,-0.714133,0.116185,0.704057,-0.140468,0.493906,-0.221060
0.606822,-1.138370,0.174945,0.955449,-0.159675,0.329619,-0.356053
0.589103,-1.107065,0.210337,0.384415,-0.113191,-0.070449,-0.227378
0.623908,-0.536686,-0.043801,0.133176,-0.067029,-0.357250,0.096445
0.676203,0.823887,-0.367071,-0.111206,0.010008,-0.240693,0.359933
0.707802,2.321528,-0.375506,-0.790292,0.081982,0.088266,0.384990
0.720271,2.098121,-0.154562,-0.842173,0.032323,0.311563,0.189458
0.724219,0.041679,0.048748,0.060429,-0.110441,0.396982,-0.066937
0.713511,-1.488820,0.276091,0.938581,-0.209694,0.362803,-0.240501
0.688879,-1.541968,0.470684,1.360395,-0.175091,0.140594,-0.301807
0.663822,-1.219791,0.292806,0.838569,0.033061,-0.108553,-0.268131
0.643617,-0.641568,-0.293846,-1.083206,0.299494,-0.086756,-0.165455
0.629742,0.600923,-0.799951,-2.531381,0.354309,0.150665,-0.076530
0.628670,1.514196,-0.690597,-1.386379,0.132383,0.276471,-0.061646
0.639444,1.223814,0.076916,0.933879,-0.137947,0.182153,-0.054748
0.658283,0.515462,0.789787,1.962704,-0.294287,0.024237,0.030707
0.691193,0.313696,0.579341,1.678335,-0.330916,-0.068935,0.167948
0.733009,0.257203,-0.257943,0.907960,-0.236400,-0.111664,0.255874
0.756503,-0.293782,-0.467315,-0.166249,-0.028506,-0.145288,0.222338
0.749457,-0.924102,-0.100760,-1.360332,0.262294,-0.092619,0.069294
0.732574,-0.962252,-0.674612,-2.537712,0.638742,0.147011,-0.162588
0.721861,-0.847039,-1.833624,-3.051851,0.851872,0.418559,-0.405107
0.706473,-1.061730,-0.994566,-1.406932,0.446700,0.403453,-0.497244
0.679553,-0.696430,2.046343,2.538488,-0.452619,0.099272,-0.309169
0.660378,0.746448,4.054093,6.273525,-1.001849,-0.129194,-0.002806
0.666967,1.657135,3.154964,6.508876,-0.755058,-0.083573,0.134525
0.687901,0.863484,0.938568,2.451010,-0.212004,0.056999,0.100122
0.701364,-0.236097,-0.572417,-2.365110,0.083873,0.136381,0.084782
0.708437,-0.141060,-1.042107,-3.762811,0.157657,0.201723,0.135797
0.724847,0.557887,-0.853962,-2.017508,0.115933,0.211591,0.197120
0.749600,0.721437,-0.096597,0.291305,-0.078234,0.052281,0.261457
0.767725,0.401502,0.836650,2.083697,-0.240373,-0.119950,0.310918
0.772929,0.203280,0.985489,2.309964,-0.127364,-0.107003,0.276683
0.766702,-0.106419,0.274722,0.406776,0.109559,-0.086790,0.132000
0.752908,-0.987575,-0.180310,-1.238341,0.233578,-0.148674,-0.083505
0.729967,-1.647567,-0.224439,-1.042437,0.335114,0.035576,-0.373636
0.667492,-1.569298,-0.767948,-1.021095,0.430244,0.366034,-0.734252
0.550223,-1.688687,-1.130915,-1.445302,0.246196,0.208421,-0.922369
0.465815,-1.391341,0.062254,0.294598,-0.183443,-0.322740,-0.628488
0.521676,1.079719,1.392680,2.972858,-0.414728,-0.425237,0.034186
0.666372,3.794820,0.693070,2.441244,-0.296729,-0.077021,0.600241
0.758344,3.275901,-0.682575,-0.495378,-0.116051,0.052510,0.775134
0.774387,0.484581,-0.448497,-1.547910,-0.051003,-0.107329,0.605313
0.782080,-1.286772,0.448079,-0.357875,-0.028665,-0.058299,0.303070
0.793359,-1.366861,0.323193,0.328944,-0.035365,0.265363,0.057086
0.788011,-1.068474,-0.116243,0.129130,-0.141277,0.418817,-0.078585
0.783761,-1.163397,0.022988,0.509367,-0.235037,0.255163,-0.093398
0.795272,-0.850066,0.063219,0.816254,-0.125537,0.089979,0.067131
0.804204,0.934696,-0.128702,-0.380406,0.132923,0.048491,0.302266
0.801675,2.310882,-0.027469,-1.720848,0.526635,-0.006857,0.300778
0.797966,0.330916,-1.077465,-2.462176,1.283213,0.020535,-0.044714
0.787720,-2.927919,-4.270286,-4.556492,2.086217,0.268570,-0.451932
0.755941,-3.026714,-5.871201,-5.834931,2.094281,0.516458,-0.706357
0.710060,-1.096775,-2.737785,-2.097515,1.267934,0.578815,-0.886173
0.661087,-0.645187,1.508079,3.064648,0.231926,0.550385,-0.951024
0.582670,-0.486300,3.343612,5.169510,-0.740705,0.348481,-0.662038
0.432438,1.124899,4.732032,5.958178,-1.149045,-0.153810,-0.050073
0.225177,2.200378,5.865899,3.598500,-0.494408,-0.585565,0.509920
0.052587,1.613873,3.952330,-2.676965,0.159622,-0.679257,0.699041
-0.011924,0.452941,0.879509,-2.166897,-0.374648,-0.834489,0.518367
-0.002166,-0.746674,0.130611,6.681730,-1.076011,-1.106475,0.248474
0.005865,-1.009718,-0.281565,7.449977,-0.657157,-0.862251,0.100572
-0.001793,0.085836,-2.483423,-2.716654,0.143904,-0.156408,-0.041653
-0.003033,0.129783,-3.730356,-7.528984,0.270154,0.186111,-0.277263
0.005454,-1.532804,-2.080502,-2.853546,-0.052989,0.030799,-0.399581
0.038949,-1.628220,0.257641,1.300246,-0.308572,-0.151591,-0.299823
0.137065,0.296053,0.978050,1.886153,-0.389442,-0.335511,-0.170026
0.300616,0.834772,0.233823,1.547244,-0.285680,-0.558195,-0.051938
0.464737,0.197131,-0.708717,0.099295,-0.065124,-0.444993,0.201839
0.565019,1.209600,-1.021000,-1.798484,0.090327,0.021861,0.438427
0.601645,2.009524,-0.680555,-1.846845,0.092311,0.366721,0.368386
0.610135,0.040506,-0.115536,-0.347974,0.006194,0.435555,0.096196
0.603149,-1.590223,0.291274,0.704765,-0.072695,0.327800,-0.116958
0.589582,-0.994363,0.453538,0.749293,-0.128431,0.016255,-0.197028
0.603545,-0.957916,0.359078,0.598388,-0.165947,-0.262453,-0.014195
0.650325,-0.564083,-0.104084,0.552873,-0.123586,-0.167569,0.476415
0.681366,2.704061,-0.607511,0.113755,0.001399,0.054781,0.822131
0.673573,4.261475,-0.515148,-0.463002,0.151785,0.059718,0.601581
0.661040,0.411650,-0.282963,-0.798310,0.387372,0.119870,0.081841
0.660977,-3.202690,-0.960995,-1.783996,0.636211,0.450326,-0.271561
0.649037,-2.129050,-1.561787,-2.730652,0.489449,0.602274,-0.421585
0.619339,-0.264698,0.130112,-0.533609,-0.147638,0.262456,-0.489679
0.596948,-0.649041,3.103097,4.024079,-0.658648,-0.106664,-0.425401
0.590488,-0.589206,3.394798,5.158831,-0.581228,-0.041786,-0.244452
0.586494,1.288137,0.343343,1.367785,-0.251628,0.137821,-0.141167
0.585531,1.800354,-2.011032,-1.809365,-0.105502,-0.048805,-0.126054
0.606566,-0.246966,-1.450790,-1.309657,-0.067531,-0.371210,0.049524
0.654185,-0.750027,-0.302122,-0.247281,0.009994,-0.316451,0.394695
0.703181,2.129518,-0.345550,-0.578016,0.028334,0.055068,0.540016
0.728547,3.662545,-0.516871,-0.693849,-0.036643,0.318550,0.302952
0.735740,1.124800,-0.169248,-0.146335,-0.093883,0.397889,-0.039498
0.738079,-1.381341,0.114065,0.357572,-0.194555,0.481701,-0.220287
0.725624,-1.216494,0.335995,1.282379,-0.341748,0.444044,-0.317809
0.689391,-0.983012,0.623865,1.862171,-0.258861,0.048943,-0.394441
0.650233,-1.436999,0.385456,-0.089354,0.188424,-0.347994,-0.241450
0.633531,-0.456158,-0.586163,-3.339432,0.612747,-0.199942,0.123128
0.638580,0.724993,-1.332534,-3.689066,0.572064,0.270904,0.257600
0.644727,-0.206843,-0.632001,-0.283443,0.146752,0.487164,0.039813
0.636664,-1.142012,1.231250,3.299319,-0.267627,0.411116,-0.124082
0.632058,-0.430371,2.137189,3.962445,-0.447105,0.222399,-0.050583
0.666423,-0.280237,0.970068,2.036116,-0.394773,-0.067342,0.096523
0.731232,-0.555978,-0.520795,-0.110732,-0.211672,-0.270623,0.263259
0.777082,0.855256,-0.658149,-1.088359,-0.061156,-0.138392,0.386645
0.788750,1.956462,-0.223601,-1.360729,-0.043600,0.224310,0.288338
0.790864,0.590761,-0.196412,-1.189409,-0.119621,0.500855,0.024841
0.793375,-1.063779,-0.077200,-0.004384,-0.233526,0.433265,-0.163960
0.793179,-1.476028,0.377699,1.598536,-0.278629,0.054509,-0.165542
0.798705,-1.124966,0.376886,1.570761,-0.111912,-0.209228,0.033196
0.811841,0.495426,-0.159477,-0.632137,0.101247,-0.144671,0.292676
0.817018,2.044358,-0.280400,-2.427185,0.200988,-0.091851,0.310185
0.807771,0.551484,-0.342198,-2.232952,0.658657,-0.153208,0.072135
0.796662,-2.222030,-1.791052,-2.405642,1.601627,-0.001959,-0.145158
0.785774,-2.573682,-3.341128,-3.107920,1.935437,0.250305,-0.376516
0.755386,-2.006069,-2.034975,-0.399467,1.099475,0.224513,-0.782070
0.700229,-2.586218,1.044472,4.105138,0.133305,0.104545,-1.037658
0.637123,-1.823860,2.586791,4.366199,-0.293614,0.143564,-0.783436
0.548963,1.052461,3.304684,2.347121,-0.577934,0.047317,-0.255062
0.390155,2.667014,5.050427,3.078695,-0.625256,-0.299063,0.187469
0.189844,2.204485,5.669738,3.312218,-0.219055,-0.484911,0.505643
0.044969,1.556369,3.251795,0.498591,-0.083606,-0.405755,0.611370
-0.017585,0.266877,0.017475,-0.579716,-0.462225,-0.401707,0.373879
-0.025004,-1.904383,-1.984381,0.157009,-0.450336,-0.488977,0.072736
0.052691,-2.233760,-3.258143,-2.525670,0.098619,-0.379733,0.037770
0.215274,-0.405595,-3.567296,-5.955122,0.255657,-0.117386,0.078219
0.358850,0.171964,-1.723812,-3.697595,-0.153154,0.003371,-0.066472
0.429913,-0.944121,1.029865,1.539776,-0.427625,-0.038753,-0.219445
0.469831,-0.738935,1.917034,3.158193,-0.338628,0.023809,-0.186851
0.483451,0.879999,0.784326,1.307437,-0.195391,0.235704,-0.133594
0.456905,1.043653,-0.192670,-0.189067,-0.140298,0.191787,-0.224449
0.434778,-0.488232,-0.265842,-0.276865,-0.091027,-0.265464,-0.254106
0.452130,-1.000644,-0.376084,-0.167613,0.014743,-0.537819,0.062200
0.491807,0.075224,-0.654518,-0.642537,0.122289,-0.204354,0.520839
0.536404,0.203029,-0.506787,-1.098035,0.135558,0.286355,0.586519
0.574647,-1.156550,-0.196216,-0.848315,0.071760,0.491672,0.195162
0.593659,-1.597817,-0.174536,-0.397670,-0.037056,0.465175,-0.158643
0.610120,-0.923695,-0.011630,0.293219,-0.210861,0.258396,-0.176083
0.649034,-0.878192,0.431441,1.687300,-0.279872,-0.025622,-0.007220
0.689225,-0.590428,0.406332,1.759119,-0.096318,-0.126862,0.153305
0.694513,0.861815,-0.049000,-0.713286,0.100492,-0.073802,0.224890
0.679489,1.088593,-0.279001,-2.536214,0.286924,-0.006264,0.147564
0.673047,-0.688169,-1.173579,-2.878124,0.856036,0.187350,-0.098200
0.646836,-1.740026,-3.429872,-4.651530,1.422851,0.423659,-0.449539
0.574063,-1.615495,-4.303377,-4.695011,0.958524,0.391000,-0.695226
0.504852,-1.708531,-1.086033,1.406045,-0.256720,0.168293,-0.553386
0.457341,-0.703019,3.544439,6.299964,-0.750973,0.011463,-0.086399
0.342471,1.602874,4.898087,2.509061,-0.225786,-0.160046,0.278145
0.142243,2.010727,3.106422,-2.015710,0.117766,-0.439935,0.362438
-0.004123,0.261287,1.691096,1.136564,-0.306642,-0.675550,0.329624
-0.015916,-0.807833,1.266588,5.031104,-0.694365,-0.706705,0.191678
0.015929,-1.077323,-0.339202,1.487750,-0.362672,-0.452682,-0.104181
0.001152,-1.554476,-2.700870,-4.484157,0.207116,-0.069328,-0.324706
-0.022117,-1.267162,-2.703124,-4.552112,0.247975,-0.005409,-0.236458
0.034712,0.070082,-0.082078,0.394752,-0.168283,-0.328470,0.032881
0.188195,1.057727,1.726363,3.747738,-0.425125,-0.464305,0.211336
0.364362,0.978269,0.972065,2.588075,-0.302354,-0.139874,0.221461
0.484621,0.384820,-0.401726,-0.394101,-0.072161,0.192448,0.149668
0.535015,-0.036337,-0.593023,-1.790190,0.034969,0.212180,0.027994
0.540177,-0.435904,-0.111431,-1.040657,0.014830,0.164793,-0.173502
0.516656,-1.257730,0.114953,0.292953,-0.045635,0.225109,-0.383067
0.483377,-1.795111,0.051469,0.556973,-0.063544,0.180696,-0.449698
0.480313,-1.050471,-0.140187,-0.305432,-0.045088,-0.016448,-0.297369
0.529301,0.513539,-0.469719,-0.824846,-0.057789,-0.054381,0.022836
0.594283,1.565086,-0.648998,-0.420038,-0.085717,0.104089,0.312546
0.626652,1.178795,-0.220693,0.042971,-0.054974,0.103728,0.360247
0.628989,-0.128672,0.500473,0.154409,0.033304,-0.065545,0.234669
0.625956,-0.537990,0.597882,-0.005909,0.100531,-0.017535,0.142872
0.605157,-0.081001,0.089499,-0.372017,0.071181,0.275240,0.023488
0.546370,-0.838405,-0.140637,-0.294720,-0.032584,0.447017,-0.236763
0.483082,-2.080596,-0.047964,0.226065,-0.086550,0.360195,-0.421024
0.474862,-1.244571,-0.228855,0.042531,-0.051787,0.181549,-0.307145
0.527434,0.493624,-0.461611,-0.487041,-0.040392,0.036042,-0.007310
0.587398,0.869941,-0.218605,0.104229,-0.078942,-0.059638,0.281227
0.616433,1.023694,0.202680,0.947433,-0.048832,-0.071099,0.455778
0.627332,1.529708,0.271915,0.281853,0.044722,0.061847,0.428253
0.640787,0.541253,0.026128,-0.911558,0.045982,0.292574,0.196041
0.655222,-1.418611,-0.213666,-0.801772,-0.055686,0.419239,-0.093720
0.664868,-1.926323,-0.172422,0.058047,-0.112719,0.350642,-0.279443
0.659134,-1.067399,0.262262,0.464983,-0.113283,0.254620,-0.314469
0.621036,-0.237292,0.744341,0.829005,-0.162938,0.163199,-0.278508
0.571019,0.069366,0.692462,1.361587,-0.194562,-0.138502,-0.238478
0.562760,-0.300358,0.113575,0.893576,-0.070404,-0.511944,-0.096167
0.602757,-0.241724,-0.397451,-0.573029,0.095043,-0.456702,0.219034
0.645075,1.427883,-0.589830,-1.352769,0.116187,0.037884,0.460722
0.670512,2.382723,-0.682330,-1.143794,0.058193,0.410573,0.347699
0.692675,0.383482,-0.584539,-0.816811,0.023589,0.377102,0.040252
0.707326,-1.790454,0.005482,0.021943,-0.039758,0.185585,-0.112435
0.700409,-1.579944,0.735632,1.260176,-0.098588,0.106858,-0.126311
0.673645,-0.842154,0.864596,1.179618,-0.042562,0.154100,-0.222658
0.635124,-0.774063,0.373694,-0.093205,0.048979,0.207655,-0.364097
0.602728,-0.468867,-0.125605,-0.664242,0.043336,0.177946,-0.364944
0.605308,-0.364993,-0.370365,-0.439604,-0.018051,0.090196,-0.198266
0.642376,-0.475005,-0.462496,-0.213002,-0.050183,0.031766,0.046172
0.675660,0.572736,-0.396505,0.029016,-0.000261,0.026226,0.242922
0.683831,1.606091,-0.304518,-0.317142,0.183374,0.036932,0.261728
0.682943,0.592017,-0.389239,-1.382015,0.356786,0.026404,0.140607
0.688557,-0.810015,-0.146304,-1.061485,0.221030,-0.037591,0.063193
0.699090,-0.526929,1.004009,1.529537,-0.167207,-0.127370,0.076582
0.710517,0.232478,2.065282,3.428893,-0.360454,-0.151711,0.079488
0.718969,0.167753,1.507587,2.064797,-0.204547,-0.067540,0.022345
0.715279,-0.224769,-0.064942,-0.662391,-0.036265,0.107227,-0.104960
0.692217,-0.604304,-0.787969,-1.437160,-0.074278,0.302791,-0.299055
0.658912,-0.844157,-0.465344,-0.343469,-0.134620,0.363348,-0.425124
0.638370,-0.388172,-0.226347,0.116131,-0.030602,0.247681,-0.331807
0.639151,0.603634,-0.413385,-0.908954,0.139060,0.162937,-0.118137
0.645580,1.104477,-0.495957,-1.767665,0.162445,0.190115,0.004781
0.652683,0.725854,-0.085967,-0.790199,-0.007414,0.094656,0.057705
0.678343,0.257904,0.494114,1.278527,-0.187233,-0.175088,0.189875
0.722600,0.445136,0.474238,1.855740,-0.188239,-0.289216,0.363276
0.759346,0.879097,-0.159556,0.209265,-0.072884,-0.105204,0.427903
0.778291,0.850639,-0.541012,-1.239622,-0.027665,0.145200,0.344805
0.789032,0.429659,-0.440563,-0.951636,-0.044527,0.330558,0.150399
0.791623,-0.345655,-0.315676,-0.343135,-0.028307,0.418498,-0.084996
0.786138,-1.431297,-0.046723,-0.078063,-0.068954,0.223986,-0.176165
0.789323,-1.294199,0.465247,0.687725,-0.186522,-0.157091,0.053210
0.806936,1.144470,0.480396,0.684886,-0.128816,-0.258331,0.481196
0.819877,3.304360,-0.102480,-1.267150,0.122941,-0.078974,0.711992
0.821244,2.032578,-0.294636,-2.367735,0.224053,-0.093190,0.507262
0.821728,-1.250950,-0.168244,-1.026828,0.234769,-0.311481,0.076581
0.803787,-2.733367,-0.985607,-0.785278,0.695339,-0.355489,-0.217094
0.744221,-1.724157,-2.690188,-3.667722,1.577580,-0.189510,-0.354939
0.680706,-0.591597,-3.675291,-6.128877,2.045832,0.039808,-0.621786
0.638076,-0.787717,-2.800008,-4.485664,1.616119,0.328609,-1.082918
0.527559,-1.311064,-0.282223,0.080857,0.734155,0.518138,-1.411907
0.291792,-0.723019,2.444377,3.445437,-0.109583,0.307583,-1.315869
0.063576,0.761274,3.839753,4.385332,-0.881205,-0.261156,-0.833038
-0.015292,2.027103,3.936316,4.777726,-1.302051,-0.785787,-0.150129
0.002171,2.802974,3.616699,3.572607,-0.916167,-0.969894,0.533533
0.006280,2.977264,2.820324,-0.670168,-0.157498,-0.879908,0.929714
-0.004475,1.652326,1.346195,-2.978324,0.067279,-0.736802,0.849741
-0.000941,-0.788165,-0.110710,0.108995,-0.186431,-0.579785,0.483627
0.002757,-2.032048,-0.992235,2.642283,-0.237625,-0.318096,0.145908
-0.000934,-1.567302,-1.436900,0.251326,-0.014187,-0.013847,-0.102924
-0.000791,-1.282604,-1.636083,-2.532077,0.129456,0.168434,-0.294939
0.000974,-1.338992,-1.443797,-1.965992,0.090315,0.153214,-0.352465
-0.000930,-0.531666,-0.583776,0.090978,-0.064151,-0.045497,-0.262125
0.001105,0.435767,0.586344,1.499171,-0.260208,-0.287399,-0.125229
0.022391,0.733830,1.099426,1.676947,-0.401943,-0.368558,-0.015190
0.082499,0.981586,0.789092,0.803587,-0.438701,-0.303392,0.020328
0.176428,0.928549,0.340391,-0.180006,-0.347962,-0.237490,-0.024848
0.250625,0.188661,-0.100013,-0.895538,-0.167462,-0.146205,-0.081665
0.270487,-0.156021,-0.565678,-1.247567,-0.066010,-0.052883,-0.138989
0.285219,-0.222804,-0.544294,-0.517256,-0.091610,-0.171736,-0.181296
0.352083,-0.913528,-0.171211,0.560555,-0.064476,-0.419221,-0.005360
0.452269,-0.395676,-0.329025,0.193151,0.053525,-0.351730,0.445436
0.540521,2.440528,-0.904563,-0.996681,0.091391,0.134243,0.769368
0.602330,4.049710,-0.962198,-1.102720,0.002437,0.578306,0.613562
0.632862,1.783629,-0.351680,-0.126714,-0.109901,0.580916,0.133846
0.625315,-1.793731,0.349046,0.768203,-0.157476,0.303233,-0.333741
0.583663,-3.384891,0.693015,0.821103,-0.102868,0.133161,-0.614885
0.529252,-2.556264,0.541119,0.059113,-0.003200,0.061326,-0.616559
0.508856,-0.423427,0.070734,-0.540093,0.032678,-0.105949,-0.288242
0.556293,1.649385,-0.387727,-0.291230,-0.005853,-0.158831,0.222299
0.631726,2.306270,-0.614292,0.201919,-0.040122,0.107089,0.563313
0.670436,1.061339,-0.438168,0.223887,-0.019586,0.346009,0.532212
0.674011,-0.674623,0.056908,-0.105768,0.024679,0.306047,0.298511
0.673044,-1.082195,0.322381,-0.304431,0.018964,0.294286,0.057591
0.659040,-0.728161,0.105141,-0.161957,-0.040662,0.426321,-0.196706
0.628647,-1.020894,-0.064097,0.126486,-0.094454,0.323249,-0.369235
0.619250,-1.068404,0.169773,0.444303,-0.140683,-0.045937,-0.256483
0.648702,0.165208,0.317201,0.865321,-0.177465,-0.171743,0.061126
0.686858,1.217222,-0.032886,1.014778,-0.126651,0.059102,0.287109
0.703892,0.739535,-0.370385,0.420880,0.007265,0.185802,0.300627
0.696510,-0.364474,-0.196672,-0.530577,0.131009,0.085649,0.178041
0.675652,-0.918266,-0.166131,-1.225967,0.256988,0.086148,0.019375
0.659741,-0.862366,-0.783009,-1.481840,0.355753,0.190239,-0.075952
0.662156,-0.473912,-0.694353,-0.621448,0.194440,0.119687,-0.053897
0.677120,0.008890,1.161321,1.861321,-0.232624,-0.059496,0.019233
0.693891,0.395458,2.743278,3.973445,-0.476403,-0.065746,0.037236
0.709340,0.609847,1.681421,2.858267,-0.285725,0.110096,-0.052190
0.713299,0.222204,-0.592445,-0.499487,-0.018383,0.220605,-0.239846
0.692395,-0.995076,-1.150537,-1.972241,0.003071,0.116243,-0.405202
0.659030,-1.711913,-0.276534,-0.698281,0.024725,0.005810,-0.380816
0.642579,-0.588583,-0.373657,-0.395196,0.284603,0.175796,-0.191994
0.649296,1.029011,-1.371342,-2.195510,0.413925,0.413557,-0.021785
0.663733,1.126492,-0.697760,-1.818108,0.049110,0.308654,0.087893
0.682819,0.488959,1.813847,2.306083,-0.429073,0.025842,0.213383
0.714453,0.540868,2.837341,4.910118,-0.480083,-0.059066,0.308486
0.748557,0.341969,1.098458,2.436364,-0.206516,-0.052164,0.261965
0.761371,-0.807802,-0.708900,-1.602087,0.068691,-0.090824,0.080845
0.749917,-1.459563,-1.158052,-3.140530,0.363877,0.033888,-0.143208
0.734367,-1.044942,-1.373820,-2.437054,0.609288,0.303346,-0.338998
0.719795,-0.711004,-0.877153,-0.863887,0.400508,0.370928,-0.445056
0.689702,-0.402749,1.516342,1.620389,-0.264846,0.180465,-0.382425
0.650078,0.663169,3.837382,4.524204,-0.706949,0.005494,-0.154838
0.635988,1.259919,3.297150,5.229328,-0.522896,-0.001735,0.091858
0.660965,0.329737,0.662668,2.038876,-0.149264,0.070133,0.246588
0.704806,-0.291560,-1.086728,-1.819689,-0.055878,0.043128,0.331984
0.745766,0.327072,-0.858789,-1.976939,-0.090106,-0.109641,0.347429
0.764831,0.182077,-0.033778,0.125292,0.011140,-0.191626,0.255141
0.753678,-0.860559,0.257440,0.402525,0.154906,-0.134844,0.106253
0.737916,-0.763804,0.186777,-0.805471,0.254024,-0.043871,-0.072519
0.728367,-0.250076,-0.331034,-1.272068,0.382919,0.185469,-0.376898
0.679403,-1.303237,-1.145164,-1.097879,0.375621,0.515862,-0.747025
0.590973,-2.576446,-0.489918,-0.027395,0.008463,0.411945,-0.800007
0.565756,-1.350200,1.826744,2.535754,-0.409968,-0.184408,-0.303356
0.652671,1.846454,2.476937,3.910757,-0.445617,-0.458758,0.357454
0.755918,3.570433,0.271890,1.888018,-0.256618,-0.136634,0.623903
0.790572,2.071519,-1.274935,-0.599145,-0.138607,0.060962,0.473552
0.786972,-0.609223,-0.543565,-0.976071,0.022643,-0.171517,0.225396
0.788307,-1.994200,-0.021485,-1.117771,0.224193,-0.294082,-0.004990
0.783766,-1.789438,-0.382749,-1.549382,0.130444,-0.020442,-0.182795
0.767811,-0.473434,0.109447,-0.134217,-0.214151,0.297263,-0.163790
0.760840,1.085852,0.933532,1.886180,-0.345148,0.325154,-0.012549
0.767095,1.181923,0.444997,1.479216,-0.154672,0.133658,0.009281
0.773112,-0.108566,-0.704144,-0.464410,0.068732,-0.000904,-0.071960
0.776407,-0.346708,-1.181653,-1.648146,0.176205,0.037133,-0.018575
0.782857,0.848644,-0.862362,-1.689621,0.161027,0.094709,0.135344
0.790569,1.185421,-0.003907,-0.421034,0.020822,0.049533,0.190357
0.794914,0.335151,0.812068,1.400511,-0.105468,-0.002263,0.148403
0.796576,-0.110304,0.787271,1.491370,-0.086039,0.050165,0.080035
0.793988,-0.260162,0.140398,-0.013336,-0.026969,0.181788,-0.081716
0.783026,-0.761510,-0.271653,-0.570369,-0.047343,0.264701,-0.314152
0.771520,-0.774328,-0.291621,0.195707,-0.105813,0.168309,-0.371953
0.774960,0.008937,-0.272215,0.733386,-0.157593,-0.027724,-0.136581
0.793271,0.838817,-0.311316,0.529324,-0.170013,-0.069861,0.179231
0.811236,1.641001,-0.228501,-0.116827,-0.086614,0.085968,0.326084
0.819958,2.029017,-0.022458,-0.780370,0.025071,0.253259,0.234127
0.821040,0.814156,-0.002552,-0.795263,0.019433,0.341645,-0.035317
0.817811,-1.312658,-0.133920,-0.051690,-0.096787,0.324244,-0.285877
0.814840,-2.108553,0.027328,0.832692,-0.198535,0.130809,-0.304510
0.816704,-1.203880,0.314352,1.216411,-0.204533,-0.113649,-0.109799
0.821911,0.198457,0.151866,0.568683,-0.089153,-0.137037,0.117689
0.825239,1.466470,-0.241227,-0.978958,0.096489,0.043405,0.243941
0.824956,1.898049,-0.388496,-2.119865,0.221031,0.168260,0.186624
0.823059,0.729504,-0.524644,-1.857893,0.224114,0.186448,-0.021419
0.821545,-0.932519,-0.627653,-0.712956,0.142394,0.234092,-0.172849
0.820573,-1.035449,0.006947,0.616873,-0.030512,0.284768,-0.154094
0.819186,0.227903,1.107735,1.889422,-0.258644,0.197754,-0.092892
0.818197,0.667977,1.255421,2.099779,-0.338088,0.013960,-0.054175
0.820053,-0.208708,0.128056,0.415269,-0.173955,-0.097569,0.059996
0.824339,-0.424887,-0.895869,-1.653735,0.013593,-0.101637,0.193913
0.827907,0.623798,-0.766511,-1.923465,0.088773,-0.054774,0.140643
0.829683,0.892275,-0.224065,-1.015457,0.277534,0.051931,-0.115926
0.829597,-0.388108,-0.738200,-1.407494,0.623277,0.182331,-0.396084
0.824903,-1.337765,-1.766174,-2.746198,0.611987,0.215788,-0.535628
0.814327,-0.826799,-0.645217,-1.269046,-0.037346,0.151273,-0.447596
0.803710,0.268234,2.481406,3.421861,-0.699744,0.094463,-0.198405
0.801631,1.063984,3.071484,5.114352,-0.701749,0.097186,0.029086
0.809814,1.287102,-0.419847,0.411259,-0.299054,0.177518,0.173168
0.821118,0.524103,-3.022961,-3.994636,-0.107299,0.249132,0.250104
0.827573,-0.912676,-1.496847,-1.838391,-0.188428,0.097742,0.209832
0.827823,-1.063152,0.901980,1.930402,-0.226861,-0.220671,0.133218
0.824622,0.713308,1.006668,0.578094,-0.065121,-0.311678,0.168152
0.819581,1.384511,-0.086039,-2.543246,0.181467,-0.060815,0.152490
0.815151,-0.693121,-0.605782,-1.490324,0.254991,0.217842,-0.115561
0.814852,-2.086782,-0.325188,1.553355,0.065731,0.316842,-0.398550
0.816153,-0.510369,0.157014,1.446808,-0.065437,0.279420,-0.385795
0.811911,1.319005,-0.316742,-1.818680,0.282522,0.197922,-0.180276
0.800912,1.245391,-1.829686,-4.783292,1.015110,0.208666,-0.048954
0.787815,0.444851,-2.087870,-4.224431,1.438073,0.345789,-0.063178
0.776152,0.062511,0.306377,0.463552,1.027061,0.385146,-0.126774
0.768330,-0.055875,2.911111,5.108417,0.121438,0.197284,-0.137566
0.765660,-0.191139,2.765110,4.861066,-0.519020,0.004100,-0.098803
0.766564,-0.275305,0.477183,0.791149,-0.592415,0.010632,-0.077447
0.769441,-0.040902,-1.296262,-2.243959,-0.315766,0.123657,-0.076815
0.772022,0.360645,-1.263662,-2.043987,-0.020550,0.174798,-0.061668
0.770555,0.416403,-0.092855,-0.043694,0.045694,0.136601,-0.033271
0.768656,0.107010,0.709367,1.269436,-0.095934,0.073329,-0.000979
0.772375,-0.199580,0.270343,0.588047,-0.149761,0.042909,0.023339
0.773294,-0.291684,-0.635567,-0.950761,0.025763,0.055623,0.019301
0.765111,-0.210249,-0.772499,-1.309345,0.223970,0.082603,-0.006166
0.759943,-0.227405,-0.231275,-0.414579,0.263734,0.096341,-0.046148
0.753519,-0.337892,0.121256,0.213259,0.228627,0.071551,-0.103853
0.724757,-0.270120,-0.028013,-0.136402,0.274993,-0.013147,-0.147540
0.683599,-0.438466,-0.430420,-0.991197,0.448446,-0.142843,-0.204391
0.628553,-1.205142,-0.665402,-1.560654,0.684314,-0.370777,-0.401975
0.495849,-1.620488,-0.569497,-1.314985,0.891532,-0.848013,-0.730896
0.274063,-0.890855,-0.459758,-0.853078,1.061516,-1.438081,-0.980600
0.079278,0.534366,-0.438565,-1.298921,1.261160,-1.717160,-0.996654
0.002379,1.892267,-0.372190,-2.025708,1.519746,-1.750342,-0.784899
-0.000111,2.119820,-0.480631,-1.523978,1.779285,-1.900250,-0.496551
0.001307,1.128927,-0.326561,-0.682930,1.913648,-1.729344,-0.357980
-0.001576,1.048457,0.934103,-1.480978,1.896632,-0.789250,-0.345792
0.000424,1.870489,2.079264,-3.064329,1.996898,0.017936,-0.246475
0.000691,0.451593,1.596357,-2.950247,2.410627,-0.047267,-0.186192
-0.001068,-2.368407,1.089518,-0.657023,2.741061,-0.229281,-0.401917
0.000589,-2.548161,1.787644,2.428424,2.500226,-0.177773,-0.662101
0.000788,-0.630486,1.648801,4.431565,1.942833,-0.553657,-0.681728
-0.001990,0.703664,0.245277,3.718512,1.682842,-0.942113,-0.563638
0.000806,1.732245,0.004348,1.122238,1.732794,-0.303078,-0.377335
0.003018,2.424575,0.854013,-0.048734,1.545323,0.783301,-0.072992
-0.005430,1.552742,0.709985,1.497800,0.923235,1.125031,0.165866
0.001895,0.074868,0.130318,3.522145,0.293854,0.955328,0.195629
0.051796,-0.354150,0.725475,4.277851,-0.239817,0.933995,0.243250
0.110435,-0.016041,1.875410,4.704520,-1.295613,0.741872,0.479211
0.133077,-0.017957,2.591173,5.874156,-2.836601,-0.024467,0.683680
0.127189,-0.945433,3.075985,6.101270,-3.517989,-0.920992,0.651020
0.106879,-2.142265,2.842228,2.255736,-2.495386,-1.297479,0.528407
0.064386,-1.959124,0.946166,-4.950750,-0.686819,-1.049066,0.494672
0.017116,-0.431767,-1.509399,-9.559184,0.590247,-0.530010,0.429014
-0.002394,0.202549,-2.436068,-7.703583,1.024213,-0.144878,0.188337
0.000362,-0.601018,-1.817348,-2.960910,0.921149,-0.028886,-0.063157
0.001378,-0.812465,-0.988293,-0.218050,0.557513,-0.007309,-0.133121
-0.000999,0.013667,-0.233041,0.692372,0.206693,0.032192,-0.110227
-0.000235,0.194939,0.780764,1.398475,0.022680,-0.111964,-0.062895
0.000658,-0.109058,1.896982,1.742537,-0.198563,-0.547711,0.172608
-0.000191,0.699898,2.921815,2.318198,-0.663799,-0.973025,0.606517
-0.000266,1.886399,3.573891,3.559603,-1.137098,-1.172369,0.955420
0.000231,1.620086,3.223856,3.362380,-1.226177,-1.351867,1.071179
0.000035,0.405922,1.982453,0.765856,-0.891190,-1.579443,1.087459
-0.000142,-0.107899,0.856858,-1.854798,-0.423193,-1.462770,1.118455
0.000047,0.390220,0.219517,-2.690631,-0.140125,-0.775761,1.145630
0.000055,1.150493,-0.312377,-2.114972,-0.203265,0.069230,1.140090
-0.000050,1.321531,-0.655721,-0.779922,-0.551312,0.459159,1.104395
-0.000009,0.682736,-0.437708,0.670229,-0.960616,0.194603,1.046319
0.000028,-0.034278,-0.024254,1.265295,-1.167624,-0.378054,0.953385
-0.000002,-0.311222,-0.346153,0.216488,-0.967646,-0.662267,0.770322
-0.000015,-0.502712,-1.629382,-2.201975,-0.421353,-0.435582,0.458222
-0.000003,-0.834962,-2.726802,-3.788481,0.079097,-0.174265,0.123434
0.000021,-1.000222,-2.339415,-2.577310,0.222897,-0.280598,0.009652
0.000003,-0.569921,-0.676608,0.017879,0.010966,-0.346275,0.207679
-0.000043,0.379413,0.886773,1.807371,-0.521938,0.000897,0.405770
0.000025,0.456968,1.245106,2.887573,-1.152287,0.244302,0.228707
0.000061,-1.342453,0.286199,2.452972,-1.229277,-0.022544,-0.153641
-0.000097,-2.761417,-0.879797,-1.059468,-0.568632,-0.238441,-0.211015
-0.000028,-1.078604,-0.891317,-4.570774,-0.015097,0.053892,0.091737
0.000198,1.539119,-0.022319,-3.649135,-0.161051,0.373602,0.221514
-0.000110,0.938637,0.339466,-0.234893,-0.482826,0.237325,-0.023446
-0.000239,-1.721057,0.012218,0.998732,-0.424093,-0.081749,-0.225150
0.000226,-1.908015,-0.181184,-0.042734,-0.157633,-0.190207,-0.121645
0.000728,0.350118,-0.165924,-0.992442,0.037471,-0.148285,0.020707
0.007384,1.222426,-0.370617,-1.198780,0.142895,-0.134429,-0.029490
0.026034,0.071503,-0.698714,-0.941023,0.171766,-0.139057,-0.149740
0.038980,-0.687603,-0.782578,-0.574425,0.168218,-0.101363,-0.193764
0.025088,-0.339241,-0.541611,-0.623047,0.184434,-0.023750,-0.172527
0.005392,0.232619,-0.051297,-0.604403,0.074318,-0.026802,-0.123536
0.005380,0.433602,0.828446,0.751039,-0.297048,-0.266600,-0.076433
-0.000710,-0.017737,1.876935,2.825768,-0.662430,-0.583607,-0.063374
-0.011690,-0.417666,1.689413,2.747615,-0.642932,-0.638645,-0.073001
0.059099,0.036398,-0.360549,-0.168527,-0.333560,-0.538773,-0.068652
0.243141,0.159226,-2.047521,-2.374378,-0.094632,-0.572843,-0.005878
0.430483,-0.635519,-1.600377,-1.763631,0.028449,-0.505437,0.151797
0.527076,-0.379495,-0.639804,-0.813552,0.160031,-0.077766,0.317263
0.561651,1.001713,-0.542264,-0.982782,0.212267,0.367027,0.312262
0.581301,1.036825,-0.254343,-0.521415,0.092821,0.521025,0.125063
0.582619,-0.066717,0.493237,0.771148,-0.070340,0.482027,-0.067958
0.568058,-0.473914,0.641341,1.228711,-0.147170,0.237508,-0.152495
0.564978,-0.788850,0.242835,0.853494,-0.120874,-0.190411,-0.116841
0.584545,-1.273120,-0.093378,0.309794,0.025400,-0.346766,0.041501
0.612488,-0.254191,-0.492865,-0.927491,0.223915,-0.002779,0.215387
0.633750,1.418154,-0.808778,-2.270830,0.245501,0.369361,0.201977
0.645387,0.999241,-0.420700,-1.527180,0.004340,0.378181,-0.003487
0.644134,-0.651539,0.475241,1.112842,-0.260543,0.220401,-0.191135
0.618917,-0.886782,0.994763,2.660750,-0.326795,0.100263,-0.264447
0.576525,-0.411112,0.774841,1.886125,-0.215648,-0.055468,-0.262661
0.550086,-0.644054,0.102587,0.105791,-0.001419,-0.153900,-0.147555
0.554040,-0.146263,-0.632607,-1.698444,0.223729,0.027925,0.065000
0.568776,1.451352,-1.055001,-2.690401,0.267739,0.330724,0.157765
0.583723,1.545530,-0.840674,-1.686851,0.078385,0.415877,0.036536
0.600699,-0.110075,-0.043103,0.515391,-0.142488,0.300764,-0.093724
0.605233,-0.771358,0.797053,1.816063,-0.268328,0.102919,-0.111836
0.595725,-0.395453,1.086858,2.162953,-0.347513,-0.259684,-0.119992
0.604703,-0.743089,0.683448,2.199433,-0.317291,-0.617387,-0.091752
0.643316,-0.565424,-0.057733,0.701928,-0.068777,-0.515496,0.112527
0.680911,1.431293,-0.645981,-2.213862,0.191587,0.024679,0.377794
0.696475,2.759285,-0.839053,-3.142575,0.151272,0.446078,0.440852
0.690855,1.401819,-0.675841,-1.008511,-0.007759,0.496608,0.244351
0.669824,-0.763290,-0.540467,0.051623,0.235077,0.501613,-0.115397
0.646393,-1.630062,-1.375424,-2.464013,0.902393,0.750221,-0.540658
0.602487,-1.797842,-3.376634,-4.830330,1.362168,1.062483,-0.865912
0.481331,-1.990954,-4.075920,-3.424433,1.099212,1.075892,-0.901010
0.299511,-0.989331,-0.838648,-0.312691,0.259356,0.740427,-0.592137
0.166943,1.363059,3.957298,1.293928,-0.556272,0.324586,-0.045558
0.127152,2.409950,4.868444,1.536578,-0.807263,-0.014325,0.479416
0.115507,0.991872,1.477298,1.091868,-0.472068,-0.332986,0.687149
0.092430,-0.534225,-1.157543,-0.307134,-0.063985,-0.570239,0.577834
0.076839,-0.797042,-0.917165,-1.708071,0.001871,-0.561298,0.415627
0.072939,-1.056799,-0.808528,-2.194547,-0.105301,-0.354813,0.263980
0.067638,-1.690835,-1.975080,-2.284524,-0.026602,-0.118646,0.003012
0.067968,-1.570408,-1.659814,-1.418421,0.186416,0.054746,-0.257860
0.087111,-0.486107,0.833790,1.284644,0.160691,0.032700,-0.318332
0.110248,0.378682,2.481811,3.650264,-0.233054,-0.248880,-0.253575
0.121632,-0.034730,1.630947,3.074770,-0.633573,-0.553196,-0.224842
0.173185,-0.758804,-0.067732,0.535361,-0.628572,-0.625517,-0.168038
0.330415,0.258063,-0.927283,-1.571556,-0.278740,-0.479754,0.054585
0.529704,2.013667,-0.916984,-2.331475,0.057472,-0.196867,0.363528
0.639414,1.542116,-0.433639,-1.687257,0.212763,0.163434,0.523108
0.654026,-0.368571,0.186124,-0.090957,0.218453,0.453108,0.453963
0.659701,-0.995422,0.467307,1.182210,0.092907,0.572970,0.271608
0.672430,-1.021436,0.398237,1.259649,-0.096329,0.558776,0.035029
0.658767,-1.773461,0.368763,0.672066,-0.200960,0.406632,-0.229244
0.631164,-1.756927,0.248566,0.283644,-0.179547,0.079592,-0.350250
0.625911,-0.015738,-0.256580,-0.131186,-0.109552,-0.260631,-0.206537
0.648044,1.775909,-0.657341,-1.083976,-0.015391,-0.298026,0.065759
0.678922,1.848568,-0.343787,-1.570577,0.088683,0.022427,0.250495
0.703169,0.281883,0.286611,-0.339312,0.087076,0.360295,0.243676
0.711773,-1.259019,0.470388,1.479549,-0.074506,0.445451,0.069261
0.702576,-1.498053,0.385430,1.812795,-0.252517,0.336774,-0.142321
0.687875,-1.067451,0.452070,0.525712,-0.275680,0.102137,-0.263249
0.671327,-0.736208,-0.035989,-1.210454,-0.090374,-0.178667,-0.295485
0.622035,-0.047388,-1.234191,-2.141769,0.236227,-0.153309,-0.318768
0.528830,0.892025,-1.167887,-1.036729,0.452375,0.255716,-0.332434
0.461406,1.270782,0.627007,1.542157,0.263425,0.420167,-0.221954
0.494735,1.154623,1.137685,2.667700,-0.231112,0.026528,0.048652
0.598434,0.751271,-0.523102,0.888680,-0.546798,-0.277353,0.289502
0.681767,-0.013168,-1.192409,-1.487748,-0.429369,-0.078319,0.329510
0.707630,-0.606604,-0.270535,-2.106657,-0.094694,0.149554,0.262286
0.701369,-0.955074,-0.520804,-1.692391,0.208352,0.143015,0.170822
0.693176,-1.514296,-1.264723,-1.078203,0.420628,0.231894,-0.079171
0.681654,-1.224674,0.341756,0.850101,0.410288,0.416664,-0.439305
0.640279,0.675440,2.299251,3.026865,0.030583,0.334346,-0.532973
0.577336,1.949709,0.995778,2.033219,-0.440325,0.054753,-0.242117
0.556092,0.955843,-1.527567,-1.035103,-0.516185,-0.056585,0.077264
0.604863,-0.354654,-1.595068,-1.799691,-0.257496,0.021644,0.190757
0.670932,-0.375474,-0.395013,-0.871312,-0.113363,0.088102,0.244980
0.705645,-0.184557,-0.200722,-1.224648,-0.097900,0.099754,0.334957
0.719135,-0.418872,-0.103699,-1.236842,0.035414,0.081162,0.346777
0.731630,-0.312346,0.628968,0.670903,0.137825,0.014393,0.247052
0.734936,-0.005313,0.820811,1.554002,0.029210,-0.032999,0.126612
0.711222,-0.480845,0.224795,0.053811,-0.058914,0.013313,0.001499
0.661579,-1.411582,-0.397249,-1.226689,0.017359,0.038686,-0.179049
0.612494,-1.311675,-0.916382,-1.228430,0.116305,-0.035243,-0.377347
0.587236,-0.107810,-0.880113,-0.885319,0.227387,0.001745,-0.481055
0.568653,0.555696,0.483098,0.253966,0.315248,0.220257,-0.460026
0.522570,0.340145,2.146282,2.261745,0.109594,0.242791,-0.374193
0.465873,0.508190,2.138438,2.910872,-0.314576,-0.081955,-0.247790
0.454405,0.825865,0.594014,1.098956,-0.433050,-0.304448,-0.094761
0.491058,0.318970,-0.620675,-0.975623,-0.122317,-0.163779,0.018521
0.524349,-0.013810,-0.716796,-1.168724,0.178851,0.046935,0.084143
0.537680,0.525439,-0.351932,-0.202299,0.231688,0.139372,0.156108
0.548330,0.472067,-0.044806,0.287647,0.195690,0.216499,0.184469
0.549405,-0.534292,0.206524,0.148021,0.189197,0.256306,0.082754
0.535004,-0.862816,0.472623,0.175888,0.161873,0.170734,-0.072947
0.515955,-0.098869,0.781401,0.780874,0.043169,0.052990,-0.136315
0.477701,0.505818,0.831260,1.332626,-0.168370,0.003556,-0.096869
0.425198,0.292457,0.192467,0.778351,-0.349691,-0.040772,-0.044292
0.432174,-0.054653,-0.730948,-0.394827,-0.367604,-0.158827,-0.002669
0.528391,0.233303,-1.044533,-0.665237,-0.261584,-0.283878,0.111250
0.633879,0.654915,-0.656478,-0.374246,-0.139090,-0.289542,0.339440
0.689097,0.367571,-0.098057,-0.665081,-0.021068,-0.197439,0.535955
0.718907,-0.206448,0.267834,-0.782138,0.070148,-0.112187,0.511427
0.741157,-0.457319,0.266346,-0.154494,0.091237,0.057171,0.294846
0.742264,-0.727907,0.076283,0.301598,0.053300,0.419424,0.071795
0.731192,-1.231408,0.078303,0.703796,-0.075133,0.651687,-0.067465
0.731950,-1.322185,0.101523,1.086415,-0.286789,0.372531,-0.145083
0.748028,-0.110762,-0.012859,-0.041109,-0.280487,-0.094654,-0.121217
0.765467,1.508646,-0.045638,-1.802416,0.120356,-0.148885,0.089212
0.768673,0.401182,-0.996389,-2.044728,0.529166,0.133455,0.291308
0.751675,-3.400730,-3.783598,-2.632221,0.847254,0.347237,0.005758
0.723803,-4.578336,-5.503949,-4.254676,1.497276,0.519372,-0.765601
0.698706,-1.141536,-2.392159,-1.447843,1.796055,0.666697,-1.214474
0.674654,1.845063,3.549776,6.400579,0.483950,0.429419,-0.821270
0.630816,1.274066,6.381438,9.031365,-1.280325,-0.136626,-0.129824
0.555628,0.305006,4.009173,1.696398,-1.123857,-0.421217,0.222818
0.469230,1.429349,0.512860,-4.223089,0.298501,-0.338769,0.345360
0.381690,2.321266,0.387927,0.509467,0.564594,-0.403116,0.434635
0.260981,0.579174,2.240966,6.949902,-0.226162,-0.635851,0.327404
0.114061,-1.845403,1.477904,4.263775,-0.434840,-0.564139,0.039713
0.028205,-1.962226,-1.827438,-2.495601,-0.015850,-0.131806,-0.164386
0.023196,-0.545700,-3.448376,-4.239402,0.168558,0.271913,-0.250079
-0.001475,0.057105,-1.886026,-1.771667,-0.027024,0.293397,-0.293837
-0.035667,-0.033765,0.446588,0.782370,-0.355429,-0.179273,-0.183056
0.090874,0.442996,1.029009,2.227978,-0.569233,-0.755811,0.124949
0.378269,1.353991,-0.216144,1.666937,-0.432669,-0.777589,0.419189
0.593824,1.778848,-1.243582,-0.739501,-0.053456,-0.208056,0.521499
0.640509,1.319901,-0.858194,-2.368593,0.196864,0.346966,0.438649
0.645288,0.174025,-0.116535,-1.546039,0.159420,0.537358,0.220262
0.678455,-1.096236,0.183426,0.544216,-0.035292,0.499740,-0.078210
0.686876,-1.625258,0.453858,1.774963,-0.183609,0.386039,-0.345498
0.647476,-1.099429,0.579361,1.373733,-0.190543,0.161911,-0.460120
0.601837,-0.298518,0.182355,0.495401,-0.127951,-0.155882,-0.328171
0.596488,0.517526,-0.383567,0.239836,-0.084170,-0.286397,0.066802
0.641642,1.838777,-0.724188,0.114373,-0.031482,-0.024156,0.539441
0.697982,2.535309,-0.623668,-0.440924,0.085339,0.327988,0.778645
0.720473,1.028863,-0.157775,-1.130527,0.250668,0.414246,0.635968
0.709857,-1.479628,-0.229574,-1.789767,0.406613,0.417801,0.207497
0.693456,-2.713285,-0.943438,-1.985629,0.477442,0.569791,-0.282349
0.683831,-2.222660,-0.568039,-0.756085,0.348951,0.581281,-0.563643
0.677050,-0.786296,1.415841,1.631609,-0.036857,0.171475,-0.509994
0.670546,0.509686,2.883542,3.480544,-0.473923,-0.325880,-0.298314
0.668563,0.912679,2.385249,3.437411,-0.594137,-0.381495,-0.173026
0.665392,0.732549,0.883624,1.474669,-0.352156,-0.060794,-0.166621
0.639817,0.222655,-0.233616,-0.719793,-0.102990,0.040116,-0.192038
0.595174,-0.597099,-0.595331,-1.077535,-0.040473,-0.269559,-0.146913
0.578208,-0.530193,-0.564877,-0.175060,0.014820,-0.451253,0.086741
0.618140,0.828944,-0.537516,-0.276900,0.154041,-0.154465,0.425539
0.681510,1.335888,-0.480179,-1.142694,0.184215,0.268075,0.533124
0.722531,0.059574,-0.207664,-0.716972,0.001107,0.448446,0.277926
0.739815,-1.056625,0.219859,0.847775,-0.235515,0.427480,-0.058652
0.752126,-1.038572,0.610819,1.718823,-0.369600,0.320339,-0.221530
0.753012,-0.720599,0.708269,1.380429,-0.378317,0.163533,-0.260327
0.727242,-0.395916,0.339322,0.273877,-0.233635,0.007446,-0.263307
0.688884,0.021443,-0.210236,-1.314393,0.043050,-0.073607,-0.189496
0.664538,0.393203,-0.480205,-2.251001,0.243630,-0.004811,-0.058927
0.661073,0.703023,-0.391950,-1.157404,0.194845,0.140260,0.013934
0.677606,0.626413,-0.100887,1.145400,-0.014001,0.127527,0.044130
0.713273,0.073229,0.216021,2.207650,-0.191243,-0.051338,0.159633
0.751938,0.013707,0.286022,0.957992,-0.210555,-0.098194,0.346700
0.780035,0.694550,0.008239,-1.183310,-0.064593,0.085259,0.432225
0.801504,0.644448,-0.265277,-1.823145,0.063305,0.231724,0.308207
0.808541,-0.584683,-0.176292,-0.506943,0.096251,0.170966,0.056351
0.790811,-1.254044,-0.283414,-0.179272,0.428909,0.114836,-0.168841
0.767830,-0.741773,-1.866114,-3.345075,1.332185,0.366012,-0.383238
0.739661,-0.797939,-4.391583,-6.694434,2.114741,0.833996,-0.742812
0.659983,-1.766114,-4.374193,-4.349491,1.808920,1.004913,-1.125091
0.519575,-1.280623,-0.165186,2.475123,0.592985,0.608296,-1.091286
0.361773,1.252475,4.077011,6.032921,-0.463896,0.068000,-0.544259
0.207387,2.930804,4.251623,3.814365,-0.883741,-0.131465,0.071702
0.072861,2.309482,2.677995,0.795811,-0.929604,-0.138243,0.483412
0.002752,1.486031,2.768909,-0.174694,-0.696603,-0.311230,0.825534
-0.002024,1.248414,2.772907,-0.150087,-0.262960,-0.616336,1.026174
0.004377,-0.108714,0.619393,0.777717,-0.097491,-0.821950,0.812926
-0.000934,-1.831777,-1.375455,1.543081,-0.281118,-0.799038,0.372231
-0.002233,-1.436629,-1.181362,-0.357311,-0.278165,-0.525456,0.145464
0.002031,-0.146526,-0.422409,-3.179389,-0.006548,-0.172009,0.101458
0.007756,-0.570899,-0.628587,-3.060131,0.096507,0.003681,-0.053773
0.023433,-1.422506,-1.012288,-1.018916,0.028425,0.013100,-0.271815
0.041790,-0.652936,-0.700712,-0.115647,0.048234,0.014262,-0.341206
0.044227,0.454244,0.087410,0.077228,0.027608,-0.047906,-0.266616
0.054837,0.564989,0.815488,0.795434,-0.186372,-0.224913,-0.137599
0.125508,0.574104,0.965928,1.128803,-0.389732,-0.312744,-0.014462
0.251184,0.680600,0.378346,0.449794,-0.390786,-0.205677,0.002101
0.369027,0.144526,-0.261739,-0.220653,-0.258812,-0.101293,-0.086114
0.438510,-0.382522,-0.228546,0.033555,-0.163940,-0.163069,-0.148544
0.464579,-0.369440,0.100400,0.863256,-0.183272,-0.339012,-0.179882
0.471138,-0.566247,-0.021741,0.973279,-0.172419,-0.457241,-0.186958
0.483691,-0.258081,-0.398300,-0.401432,0.033819,-0.297608,0.016140
0.507526,1.555056,-0.495691,-1.934733,0.259066,0.172270,0.371160
0.526743,2.464045,-0.461666,-1.772437,0.243612,0.638410,0.438443
0.532651,0.613231,-0.369486,-0.418834,0.072665,0.780411,0.169009
0.530774,-1.265799,0.209774,0.851064,-0.117560,0.559317,0.005805
0.535680,-1.109401,0.875085,2.092489,-0.314190,0.125735,0.071813
0.567152,-0.121384,0.583491,1.871936,-0.311341,-0.221289,0.219385
0.624517,1.178597,-0.333173,-1.602639,-0.006729,-0.190183,0.464746
0.675779,1.925486,-0.918476,-4.861042,0.340330,0.131604,0.509345
0.686701,0.013313,-1.644744,-3.965357,0.743369,0.383410,-0.130250
0.650165,-2.572708,-2.669815,-1.766462,1.335626,0.404867,-1.016599
0.597955,-1.711553,-2.300243,-0.939618,1.565809,0.296780,-1.225171
0.570739,1.110870,0.005522,0.819618,0.970932,0.186398,-0.812760
0.556199,1.928326,2.230272,3.276123,0.102750,0.093282,-0.471664
0.514113,1.098228,2.918608,3.566916,-0.405435,-0.060631,-0.312668
0.461915,0.801759,3.023722,2.082673,-0.557198,-0.236514,-0.038638
0.424531,1.346156,4.085440,0.336412,-0.507054,-0.283388,0.373098
0.341562,1.653649,5.135330,0.058476,-0.459137,-0.338511,0.664617
0.173426,0.255520,2.920331,2.833955,-0.551068,-0.592090,0.582482
0.018132,-2.144096,-2.220012,4.082416,-0.455302,-0.656499,0.174167
-0.022012,-2.547207,-4.774808,-0.980201,-0.034225,-0.212696,-0.208759
0.009548,-0.806242,-2.618808,-5.860488,0.154393,0.134600,-0.312879
0.009879,0.554883,-0.127113,-3.380909,-0.124263,-0.168689,-0.110919
-0.022589,1.418426,0.185217,1.489857,-0.364443,-0.648830,0.303895
0.021845,2.194161,0.157766,2.218361,-0.290226,-0.700497,0.620293
0.206426,1.338165,0.233193,0.222010,-0.116252,-0.390194,0.551753
0.422441,-0.453530,-0.390328,-1.410030,0.016997,-0.023474,0.279085
0.522746,-0.689581,-0.656006,-1.614601,0.087647,0.167901,0.120303
0.528878,-0.225095,0.016107,-0.117856,0.034190,0.105422,0.007534
0.532797,-0.887537,0.394069,1.360094,-0.103472,0.038340,-0.232068
0.490452,-1.539713,0.091874,0.964094,-0.204357,0.101161,-0.485549
0.349925,-1.067881,-0.198176,-0.017496,-0.244556,-0.001914,-0.532399
0.253771,-0.008663,-0.399986,-0.034003,-0.242000,-0.257134,-0.290895
0.346382,1.311652,-0.568953,-0.103709,-0.167317,-0.207557,0.107923
0.524790,1.930904,-0.285227,-0.754122,-0.048622,0.072961,0.351227
0.614887,0.749513,0.349550,-0.732356,0.022418,0.116214,0.286757
0.622759,-0.655591,0.599962,-0.123382,0.045075,0.027401,0.139861
0.633878,-0.590743,0.343169,-0.134925,0.066196,0.121229,0.076808
0.644669,-0.490302,0.143437,-0.235156,0.037617,0.233603,-0.058281
0.618206,-1.280650,0.096480,0.411587,-0.069436,0.185211,-0.286967
0.574590,-1.336060,-0.113749,0.779285,-0.154677,0.091692,-0.350218
0.561059,-0.295828,-0.295253,0.272653,-0.148707,0.029215,-0.165420
0.590007,0.537313,-0.144880,-0.052686,-0.083726,0.039897,0.095944
0.625812,1.090609,0.040410,-0.002230,0.019731,0.161750,0.308804
0.633910,1.576501,-0.012077,-0.372813,0.122456,0.269650,0.413865
0.630775,1.215392,-0.089712,-0.735314,0.114079,0.307960,0.342697
0.647935,0.023591,-0.067224,-0.236229,-0.030800,0.354291,0.111615
0.675346,-0.999749,-0.003560,0.616423,-0.176904,0.298800,-0.145230
0.687548,-1.452351,0.247619,1.006765,-0.216305,0.072788,-0.291487
0.678110,-1.327067,0.674627,0.978110,-0.201843,-0.102927,-0.318257
0.644258,-0.585844,0.740040,0.658419,-0.207717,-0.190129,-0.304467
0.599740,0.236087,0.153597,-0.068741,-0.168024,-0.321101,-0.214269
0.586769,0.514799,-0.531067,-0.869280,-0.000562,-0.266476,0.059046
0.616925,0.373171,-0.763253,-1.131002,0.183068,0.128532,0.375548
0.653253,0.039550,-0.630606,-0.790525,0.200126,0.421382,0.430000
0.678305,-0.493177,-0.247870,-0.206869,0.076938,0.313308,0.227187
0.704237,-0.883745,0.338252,0.409408,-0.011915,0.127727,0.058483
0.723312,-0.946695,0.698365,0.887135,-0.035046,0.099653,-0.016295
0.715921,-1.143655,0.591806,1.076157,-0.115239,0.068645,-0.194666
0.682344,-1.421038,0.305240,0.997169,-0.256682,-0.022527,-0.448254
0.640406,-1.011964,-0.027075,0.529217,-0.300622,-0.048345,-0.511032
0.618112,-0.066773,-0.318069,-0.199332,-0.195721,-0.006021,-0.336983
0.630034,0.505705,-0.361208,-0.613672,-0.035054,0.065858,-0.112020
0.649051,0.840099,-0.537673,-1.078422,0.161376,0.223047,0.090347
0.646072,1.359710,-0.956708,-1.991718,0.350397,0.374605,0.271465
0.641855,1.174817,-0.447215,-1.462301,0.322032,0.276926,0.342050
0.664348,-0.003114,1.099811,1.352578,0.047149,-0.013747,0.279316
0.695595,-0.542267,1.637947,2.929739,-0.150247,-0.145541,0.193472
0.711949,0.023580,0.547244,1.173807,-0.094254,-0.030776,0.124170
0.720420,0.105910,-0.266663,-0.484359,-0.013879,0.103401,0.002612
0.720550,-0.498065,-0.048073,0.287686,-0.097635,0.147778,-0.181554
0.697144,-0.699365,0.053708,0.978339,-0.212143,0.149368,-0.325520
0.665985,-0.882620,-0.307189,0.037406,-0.172939,0.148938,-0.318860
0.658059,-1.187972,-0.539944,-0.925465,0.009957,0.216305,-0.159063
0.665072,-0.231421,-0.494159,-1.135475,0.183626,0.337665,0.034505
0.662227,1.204872,-0.170754,-0.825407,0.196207,0.332584,0.122628
0.657342,0.657711,0.376227,0.335841,0.041196,0.190940,0.077543
0.666246,-0.845301,0.618173,1.454861,-0.116020,0.127187,-0.013398
0.676314,-0.810914,0.345759,1.150862,-0.157484,0.088741,-0.080941
0.674805,-0.252769,0.067639,0.442496,-0.150296,-0.144940,-0.085219
0.680085,-0.296295,-0.020046,0.395200,-0.136155,-0.362732,0.062126
0.711172,0.598392,-0.190187,-0.226792,-0.044620,-0.248158,0.339701
0.752625,1.976858,-0.356677,-1.405566,0.071659,0.025550,0.521463
0.778398,1.453400,-0.287677,-1.243622,0.084046,0.263662,0.463548
0.785559,-0.365572,-0.124435,-0.288647,0.029543,0.497128,0.229637
0.784708,-1.472536,0.041513,-0.137345,-0.066960,0.471020,-0.043652
0.785249,-1.449494,0.247786,0.495466,-0.255124,0.093443,-0.088397
0.795907,-0.249548,0.227985,2.038948,-0.304781,-0.048249,0.323172
0.814656,1.157646,-0.047222,1.690431,0.010835,0.212010,0.887667
0.824858,0.623230,-0.060353,-0.405797,0.349111,0.240798,0.996124
0.815500,-1.584417,0.017206,-0.813083,0.411515,-0.017752,0.540301
0.794678,-2.805252,-0.643662,-0.362254,0.619161,0.030059,-0.010891
0.774470,-2.004963,-1.651168,-2.255492,1.284584,0.395699,-0.326853
0.748452,-1.015208,-1.929201,-4.483235,1.907576,0.690803,-0.642615
0.697311,-1.960870,-1.658068,-3.326805,1.930389,0.825413,-1.261899
0.605925,-3.376716,-0.916842,0.174057,1.308463,0.690503,-1.793148
0.461785,-1.350102,1.328305,3.726555,0.115242,0.141099,-1.548084
0.281843,2.992417,4.322461,6.881891,-1.371764,-0.531958,-0.705456
0.141521,3.936508,5.390488,6.835488,-2.164524,-0.881086,-0.040880
0.093337,1.584723,4.062728,0.814231,-1.453903,-0.805299,0.355141
0.089172,1.031986,2.144428,-4.910470,-0.070584,-0.529837,0.806833
0.073436,1.459565,0.310848,-1.722265,0.446070,-0.388751,1.030266
0.070771,-0.947815,-1.451379,5.240343,0.066725,-0.463149,0.702862
0.104040,-3.617127,-2.092554,4.788583,-0.143183,-0.464813,0.224822
0.133056,-2.998997,-1.356226,-0.787100,0.025316,-0.265301,-0.013238
0.133092,-1.275831,-0.775277,-2.426682,0.093258,-0.097910,-0.124854
0.139300,-0.563525,-0.785634,-0.447390,-0.020444,-0.120141,-0.203100
0.177401,0.025757,-0.103294,0.826996,-0.215623,-0.290394,-0.214969
0.225846,0.447536,0.930937,1.205069,-0.442797,-0.470493,-0.226395
0.265063,0.203621,0.570216,0.794772,-0.485010,-0.495458,-0.259682
0.302389,-0.132562,-0.610524,-0.460870,-0.290702,-0.466812,-0.264015
0.348247,-0.090869,-0.832454,-1.107907,-0.088129,-0.551490,-0.163072
0.413863,1.021131,-0.595697,-1.295547,0.072877,-0.445483,0.176516
0.505248,3.044488,-0.862128,-1.707386,0.231061,0.105412,0.628237
0.591590,3.352890,-0.782876,-1.054727,0.228054,0.653890,0.740968
0.631427,0.557031,-0.040778,0.415315,0.038535,0.715574,0.364630
0.636202,-2.773984,0.338851,0.648984,-0.095114,0.400330,-0.171545
0.640570,-3.714809,0.336497,0.128039,-0.082593,0.040696,-0.561029
0.629148,-2.141615,0.637152,0.389453,-0.078956,-0.184099,-0.701655
0.578452,-0.099315,0.821695,0.738089,-0.147697,-0.271103,-0.575962
0.535537,0.725204,0.300548,0.386562,-0.169950,-0.267843,-0.236156
0.558529,1.198725,-0.425041,-0.170750,-0.078547,-0.105409,0.216583
0.624741,2.360403,-0.680484,-0.724449,0.027122,0.203771,0.582877
0.678367,2.291202,-0.459341,-0.924613,0.055393,0.385347,0.616479
0.708730,0.043307,-0.022805,-0.257124,0.056890,0.319267,0.378637
0.727919,-1.422933,0.349913,0.374596,0.071628,0.247227,0.177642
0.730595,-0.819712,0.333859,0.184583,0.027934,0.305179,0.027178
0.706047,-0.449233,-0.014447,0.077778,-0.074827,0.315985,-0.233154
0.662638,-0.613495,-0.155496,0.396579,-0.124724,0.162967,-0.408991
0.631399,0.330621,0.053561,0.434795,-0.113393,0.009510,-0.237063
0.638261,1.620042,0.063749,0.306397,-0.115809,0.030955,0.121986
0.671494,1.710606,-0.233341,0.179145,-0.082703,0.131095,0.361512
0.696482,0.891081,-0.312011,-0.466490,0.091323,0.158423,0.361481
0.697274,-0.274713,-0.415655,-1.489093,0.358046,0.208828,0.127063
0.685465,-1.396909,-1.040031,-1.974321,0.479455,0.319992,-0.156180
0.680545,-1.539089,-0.978214,-0.862914,0.218928,0.221857,-0.198161
0.692541,-0.659422,0.809132,1.919846,-0.292322,-0.133169,-0.025356
0.714490,0.144879,2.171764,3.561540,-0.551634,-0.329711,0.063720
0.729946,0.525700,0.893418,1.402699,-0.348039,-0.151222,-0.006783
0.731592,0.466498,-1.116806,-1.709677,-0.077238,0.118987,-0.110554
0.727163,-0.596528,-1.108966,-1.393422,-0.090750,0.205968,-0.229422
0.721655,-1.712515,0.002195,0.731769,-0.202660,0.163598,-0.348329
0.703809,-0.890447,-0.047781,0.333927,-0.093947,0.195018,-0.367920
0.668277,0.989396,-0.994384,-1.996147,0.180365,0.346269,-0.286504
0.640468,1.501378,-0.855679,-2.100189,0.278140,0.377032,-0.148382
0.648669,1.042814,0.816204,1.017970,0.037162,0.126301,0.073629
0.684449,1.067168,1.988390,3.541620,-0.277528,-0.114229,0.314794
0.722608,0.917279,1.100585,2.144642,-0.318472,-0.057291,0.411972
0.754183,-0.143526,-0.469694,-1.342993,-0.101074,0.081171,0.332310
0.773552,-1.203699,-0.960140,-2.943460,0.180183,0.081209,0.134625
0.773263,-1.447588,-0.981484,-2.170447,0.493162,0.148058,-0.178973
0.763491,-1.163576,-1.053891,-1.057045,0.695548,0.363134,-0.516433
0.752476,-0.611584,0.444454,0.544918,0.390408,0.388136,-0.609304
0.724698,0.603162,3.641384,3.902321,-0.379424,0.075707,-0.345461
0.681716,1.911735,4.827234,6.280308,-0.873538,-0.211822,0.002302
0.659134,1.509546,1.732552,3.288526,-0.648028,-0.131818,0.160231
0.669465,-0.160650,-2.068380,-2.708197,-0.160893,0.150354,0.221406
0.691231,-0.533203,-2.410103,-4.466490,0.018050,0.205571,0.318616
0.722144,0.241683,-0.469475,-1.126635,-0.068882,-0.028925,0.321611
0.766090,0.303834,0.552777,1.260634,-0.098221,-0.164090,0.183401
0.790306,0.141687,0.362554,0.200755,0.020388,-0.025844,0.085835
0.776440,0.240071,0.130501,-1.124903,0.169337,0.089852,0.021036
0.757971,-0.509325,-0.160191,-1.182202,0.264983,0.070437,-0.233495
0.739188,-1.500575,-0.740118,-1.316792,0.268008,0.156812,-0.625198
0.677781,-1.099442,-0.624113,-0.860205,0.100049,0.267271,-0.781136
0.596496,0.395926,0.712962,1.334829,-0.197203,0.103426,-0.490730
0.580218,2.078587,1.536716,2.598084,-0.374083,-0.103833,0.069071
0.643032,3.252240,0.537415,0.856069,-0.305146,-0.004067,0.544515
0.720888,2.392840,-0.580476,-1.016123,-0.155450,0.116437,0.667869
0.771629,-0.418668,-0.321540,-0.868065,-0.057114,-0.023394,0.445587
0.794651,-2.014000,0.165634,-0.419176,0.004418,-0.079157,0.145987
0.798346,-1.064937,0.155159,-0.139993,-0.018004,0.144585,-0.030386
0.792327,-0.290203,0.382247,0.959094,-0.137628,0.308481,-0.116141
0.782739,-0.719739,0.519046,1.361533,-0.198410,0.260205,-0.151493
0.772512,-0.299498,-0.098233,-0.089261,-0.149365,0.161973,-0.132747
0.768062,0.604759,-0.644706,-1.271372,-0.109623,0.069387,-0.135968
0.769092,0.192331,-0.663998,-1.207758,-0.048607,0.051413,-0.165688
0.766319,-0.156236,-0.843357,-1.493002,0.114778,0.171878,-0.083107
0.762193,0.851406,-0.782065,-1.600698,0.193061,0.188364,0.118020
0.770243,1.357693,0.339618,0.317921,0.029213,-0.047569,0.247495
0.788452,0.501322,1.344105,2.356437,-0.145442,-0.217697,0.219933
0.801280,-0.151471,0.851383,1.501755,-0.102791,-0.111918,0.142456
0.806213,-0.128487,-0.203750,-0.608068,-0.000472,0.048252,0.039369
0.805603,-0.452612,-0.487489,-0.794977,-0.026816,0.127151,-0.194803
0.786525,-1.174949,-0.333380,0.109696,-0.088370,0.213189,-0.445013
0.750740,-1.031406,-0.354833,0.035050,-0.091114,0.253560,-0.392515
0.736290,0.544439,-0.314657,-0.308991,-0.095658,0.166407,-0.044120
0.763657,2.019989,-0.050353,-0.049225,-0.083329,0.089609,0.237891
0.800815,1.596850,0.151318,-0.173489,0.018814,0.121462,0.287564
0.816500,0.017520,0.133139,-0.861561,0.115323,0.201354,0.208218
0.817435,-0.714496,-0.048700,-0.884465,0.072204,0.322250,0.030226
0.815807,-0.630444,-0.179773,0.115606,-0.078148,0.389800,-0.215041
0.812299,-0.834205,0.055721,1.254907,-0.215257,0.177395,-0.312827
0.812659,-0.569101,0.417896,1.306102,-0.222632,-0.161199,-0.126726
0.821764,1.033789,0.268581,-0.132804,-0.056894,-0.184253,0.173187
0.831766,1.961086,-0.166275,-1.461149,0.143667,0.055328,0.322233
0.834825,0.383396,-0.290039,-1.236960,0.234670,0.167090,0.220236
0.831753,-1.603863,-0.506512,-0.794505,0.294054,0.180006,-0.054561
0.825999,-1.501549,-0.809454,-1.129453,0.353309,0.289330,-0.312911
0.820653,-0.229072,0.215302,-0.089047,0.193895,0.327408,-0.354776
0.815800,0.555163,2.292781,3.064378,-0.199631,0.140868,-0.179151
0.808287,0.747177,2.611660,4.510170,-0.432590,-0.087678,-0.009371
0.800637,0.565501,0.516899,1.748912,-0.285632,-0.189537,0.057755
0.801097,0.533963,-1.235805,-1.882292,-0.001590,-0.160523,0.174239
0.810602,1.123849,-1.208563,-2.554048,0.156055,-0.018102,0.340663
0.821286,1.081811,-0.593846,-1.047346,0.144191,0.146939,0.307042
0.827652,-0.539148,-0.188749,0.159765,0.050753,0.218890,0.018249
0.829938,-1.923240,-0.085763,0.083334,0.082302,0.234143,-0.293861
0.829390,-1.579990,-0.414192,-0.968774,0.285487,0.240781,-0.472603
0.824650,-0.605017,-0.260009,-1.188381,0.296216,0.162022,-0.508354
0.811849,0.151729,0.977792,0.836365,-0.090078,0.000293,-0.385924
0.792874,0.995732,1.500375,2.766046,-0.448695,-0.101353,-0.133111
0.782445,1.493218,0.058060,1.584668,-0.393115,-0.058430,0.130405
0.792940,1.066318,-1.381770,-1.035837,-0.156368,0.098260,0.282335
0.814260,0.133306,-1.057645,-1.571048,-0.090988,0.256759,0.253895
0.827152,-0.711000,-0.042805,-0.091979,-0.180877,0.238413,0.094653
0.830133,-1.104649,0.415036,1.270158,-0.253828,-0.036975,-0.010655
0.832925,-0.812407,0.557721,1.581761,-0.215401,-0.386799,0.051495
0.834858,-0.099066,0.522516,0.648935,-0.063483,-0.482166,0.172945
0.830961,0.384823,0.059174,-0.832018,0.067679,-0.178663,0.180075
0.825685,0.193872,-0.401134,-0.970109,0.021656,0.244278,0.024367
0.822383,-0.402274,-0.337162,0.180678,-0.101336,0.346113,-0.186143
0.816221,-0.498650,-0.194933,-0.118005,-0.001114,0.126160,-0.286730
0.808875,0.120787,-0.695026,-2.369842,0.393856,0.007971,-0.257753
0.805720,0.450177,-1.551819,-3.466415,0.778930,0.171706,-0.249061
0.799009,0.057268,-1.760694,-2.041110,0.876591,0.411376,-0.334828
0.785402,-0.272693,-1.086956,-0.428953,0.763582,0.596535,-0.450652
0.776612,-0.249615,-0.280611,-0.171715,0.629330,0.750046,-0.551622
0.762702,-0.194592,0.315242,-0.041252,0.468896,0.800163,-0.585892
0.721002,0.086300,1.033636,0.852127,0.246723,0.635324,-0.457535
0.672026,0.626033,1.722493,1.571682,0.094224,0.300111,-0.195012
0.641361,0.915652,1.817272,1.428625,0.104183,-0.036373,0.052322
0.594994,0.900996,1.335990,1.028237,0.192789,-0.264971,0.221820
0.505167,0.775522,0.627657,0.672851,0.323659,-0.387345,0.340809
0.408551,0.437053,-0.209415,-0.262960,0.561352,-0.387336,0.391123
0.331097,-0.116051,-0.993565,-1.463084,0.823601,-0.285525,0.320739
0.249087,-0.914497,-1.299957,-1.391019,0.916040,-0.302713,0.145243
0.151463,-1.749123,-0.861581,0.002699,0.840210,-0.529670,-0.001820
0.062853,-1.510223,0.094600,0.908118,0.785306,-0.612767,0.059358
0.009249,0.045224,0.870263,0.760826,0.841937,-0.402661,0.334633
-0.005032,0.851781,1.098998,0.818353,0.896513,-0.429603,0.553820
0.000036,-0.424279,1.273883,1.598675,0.776701,-1.000620,0.507930
0.001852,-1.785925,1.707453,2.363562,0.504192,-1.660187,0.403930
-0.000839,-1.053851,2.047822,2.357648,0.359898,-2.092381,0.544753
-0.000534,0.719568,2.311975,1.240514,0.463437,-2.383874,0.840657
0.000706,1.511768,2.579546,0.007944,0.460955,-2.342366,1.022732
-0.000083,1.060222,2.096563,0.684076,0.064140,-1.911288,0.988201
-0.000353,-0.464226,0.635043,2.684798,-0.406800,-1.714027,0.682892
0.000292,-2.442981,-0.715189,2.552060,-0.495605,-2.031405,0.171163
0.000002,-2.497945,-1.280576,-0.458061,-0.199313,-2.218572,-0.181922
-0.000263,0.159215,-1.280032,-3.243084,0.257556,-1.708762,-0.130804
0.000307,2.639679,-0.778382,-3.948926,0.667904,-0.654221,0.107857
0.000025,2.744220,-0.120736,-2.826243,0.695198,0.257231,0.229251
-0.000540,1.105781,-0.123368,-0.114812,0.177022,0.319035,0.166046
0.000511,-0.642535,-0.759956,2.206179,-0.449308,-0.112850,0.040371
0.000483,-0.505095,-1.251321,1.556382,-0.763437,0.167128,0.042572
-0.001410,1.126395,-1.313347,-0.197378,-1.008775,1.007639,0.140679
0.000441,0.389038,-1.139277,-0.147260,-1.287149,0.867723,0.068247
0.002351,-2.481045,-1.046598,-0.899157,-0.979473,-0.258985,-0.071360
-0.003868,-1.674119,-1.314189,-4.679959,-0.000650,-0.637019,0.163081
0.001385,2.400092,-1.434258,-6.360364,0.536857,0.118394,0.610735
0.044652,2.301725,-0.577241,-2.170394,0.001640,0.652166,0.620840
0.102296,-1.957069,0.683749,2.133152,-0.696559,0.454983,0.241031
0.130152,-2.834018,1.017321,1.104811,-0.661715,0.228571,0.112696
0.135916,0.179874,0.533013,-1.336842,-0.275480,0.188853,0.295337
0.148611,1.106028,0.193590,-0.722530,-0.159375,0.041336,0.324404
0.152334,-0.558994,-0.015763,0.310453,-0.197728,-0.083857,0.112248
0.120257,-1.138584,-0.415140,-0.622000,-0.153217,0.008109,-0.086123
0.070501,-0.527661,-0.633440,-1.181805,-0.137178,0.085792,-0.171429
0.046234,-0.215564,-0.466512,-0.415694,-0.197821,-0.019149,-0.160141
0.070612,0.094028,-0.076368,0.152949,-0.257338,-0.162416,-0.068192
0.111224,0.367884,0.518768,0.676171,-0.372837,-0.224086,0.004765
0.103555,0.070842,0.734337,1.173057,-0.523764,-0.218180,-0.023166
0.075923,-0.316779,-0.153177,0.128853,-0.478704,-0.218559,-0.064505
0.155815,-0.252791,-1.265916,-1.759000,-0.170936,-0.246606,0.042853
0.352544,0.457960,-1.337856,-2.432244,0.174301,-0.119115,0.319000
0.509962,1.622798,-0.833935,-2.092866,0.353318,0.259466,0.543538
0.553815,1.742906,-0.497182,-1.356968,0.337102,0.578203,0.482807
0.564875,0.034989,0.042535,0.193923,0.190902,0.604845,0.223582
0.585545,-1.311653,0.761019,1.829505,0.001882,0.533824,0.025963
0.571676,-0.599533,0.850175,2.142023,-0.156592,0.422974,-0.076634
0.525702,0.168732,0.242246,1.145322,-0.208471,0.048494,-0.165204
0.516089,-0.614226,-0.355118,-0.205581,-0.101492,-0.405157,-0.120514
0.569636,-0.598928,-0.642387,-1.270840,0.078848,-0.398661,0.143128
0.635251,1.658574,-0.741727,-1.818266,0.160759,0.074790,0.364658
0.664509,2.836533,-0.513337,-1.451621,0.084814,0.456046,0.274329
0.670196,0.697106,0.206622,0.190287,-0.078693,0.466237,-0.002452
0.676670,-1.572905,0.936346,2.152034,-0.236689,0.297095,-0.210786
0.670533,-1.394763,0.928259,2.539207,-0.289292,0.084515,-0.311513
0.644181,-0.685517,0.216987,0.927030,-0.168277,-0.154281,-0.299097
0.627466,-0.430365,-0.477474,-1.126872,0.049070,-0.202628,-0.100718
0.637965,0.900007,-0.826580,-2.141942,0.175595,0.110761,0.141743
0.657739,2.239358,-0.849441,-1.930585,0.130049,0.487833,0.162977
0.671068,1.351866,-0.270142,-0.821122,0.001813,0.527080,0.010693
0.673768,-0.386331,0.690899,0.961305,-0.130497,0.262166,-0.072336
0.664621,-1.082440,0.999564,2.450548,-0.232488,-0.086099,-0.054994
0.660650,-1.076803,0.484706,2.017497,-0.194170,-0.385107,0.000654
0.678844,0.010375,-0.062340,-0.048290,-0.020424,-0.354449,0.147445
0.703873,2.096736,-0.542580,-1.101710,0.011028,0.144636,0.347000
0.720877,2.379025,-0.826562,-0.214949,-0.202186,0.578696,0.398124
0.734565,-0.092759,-0.337807,0.129519,-0.280850,0.480333,0.196056
0.726753,-2.456446,-0.558126,-2.087526,0.140040,0.313953,-0.187451
0.681500,-2.826467,-3.145213,-5.275920,0.933689,0.610509,-0.621067
0.633042,-1.818279,-4.873050,-5.638509,1.580495,1.011389,-0.951958
0.580982,-0.514848,-1.982889,-1.394532,1.500791,0.983021,-1.060112
0.458107,0.255678,2.665595,4.434208,0.536396,0.632751,-0.891945
0.285041,1.040176,5.027052,6.944205,-0.708680,0.318760,-0.382945
0.182101,2.555794,5.739638,4.629152,-1.317672,0.077310,0.358426
0.173296,2.530507,4.605567,0.622419,-0.995160,-0.250950,0.831395
0.179113,-0.307662,0.377130,-0.459520,-0.360518,-0.599867,0.706398
0.174621,-1.938113,-2.797369,1.865904,-0.134025,-0.698321,0.386449
0.184156,-0.287492,-1.427617,2.439458,-0.232050,-0.478500,0.308358
0.208586,0.446585,-0.015501,-1.332222,-0.110162,-0.155922,0.242789
0.247167,-1.429297,-1.848601,-4.430534,0.252326,0.063368,-0.056481
0.293449,-2.155442,-2.813878,-2.742527,0.391853,0.116970,-0.312854
0.314347,-0.804853,-0.595530,0.794713,0.150615,-0.001334,-0.318823
0.299105,-0.154294,1.431102,2.357535,-0.188394,-0.265570,-0.274782
0.267028,-0.313503,1.236907,1.932778,-0.366064,-0.513341,-0.333208
0.224031,-0.034025,0.279316,0.797751,-0.364286,-0.562202,-0.404210
0.196010,-0.322617,-0.276465,-0.207513,-0.273971,-0.508913,-0.348074
0.250830,-0.725576,-0.547935,-0.570900,-0.141274,-0.492373,-0.056372
0.402011,1.109825,-0.692850,-0.617208,0.024957,-0.321653,0.375980
0.562509,3.184689,-0.583479,-0.898151,0.161799,0.076331,0.589854
0.652376,1.797661,-0.160590,-1.013096,0.189088,0.365080,0.447875
0.680420,-0.714525,0.245847,-0.290837,0.111626,0.406699,0.222200
0.686970,-0.876333,0.280534,0.797025,-0.010550,0.396778,0.042181
0.677975,-0.757862,0.160589,1.078023,-0.126062,0.314177,-0.205762
0.651544,-1.959777,0.208464,0.552507,-0.183802,0.014680,-0.395610
0.634204,-1.953136,0.172001,0.270919,-0.151222,-0.300776,-0.285254
0.650339,-0.015356,-0.212775,0.058730,-0.054460,-0.302192,0.022832
0.687277,1.564404,-0.578673,-0.967192,0.041487,-0.021705,0.241273
0.717338,1.700512,-0.472309,-1.698132,0.075319,0.236414,0.269337
0.732885,0.849436,0.017086,-0.566708,0.015460,0.321566,0.153263
0.741331,-0.414235,0.438771,1.241697,-0.116310,0.296512,-0.061374
0.740374,-1.360545,0.485072,1.755045,-0.241707,0.186599,-0.277442
0.722699,-1.509575,0.354766,1.133317,-0.249332,-0.033973,-0.345061
0.696585,-0.996038,0.261326,0.037976,-0.044034,-0.203953,-0.269232
0.667930,-0.241910,-0.353066,-1.653834,0.310324,-0.062021,-0.246545
0.622036,0.254005,-1.495041,-2.898686,0.497389,0.269884,-0.315314
0.567712,0.474928,-1.359526,-1.748855,0.243826,0.326205,-0.220562
0.557654,0.864838,0.557266,1.312010,-0.272955,0.051315,0.114846
0.616104,1.031660,1.471852,3.230408,-0.590594,-0.100084,0.347215
0.695067,0.220044,0.059388,2.113114,-0.495330,0.025226,0.272025
0.737419,-0.720844,-1.096286,-0.818074,-0.145472,0.132920,0.152911
0.739219,-0.576608,-0.684502,-2.836848,0.252989,0.154325,0.136541
0.726877,-0.347927,-0.774963,-2.739959,0.609162,0.292344,-0.058154
0.707373,-1.292984,-1.815035,-1.768748,0.713928,0.477850,-0.471501
0.671795,-1.780528,-0.957502,-0.318688,0.266937,0.404350,-0.606735
0.631311,0.057789,2.286900,2.681021,-0.506176,0.063252,-0.242909
0.613168,2.291746,3.447874,4.745749,-0.849161,-0.182542,0.156054
0.627605,1.859239,0.229840,1.961370,-0.523273,-0.113243,0.231030
0.661920,-0.547609,-2.772577,-2.675310,-0.090215,0.100588,0.181085
0.695315,-1.738381,-1.948104,-3.410349,0.067945,0.264027,0.193793
0.714928,-0.744724,-0.312788,-1.412588,0.085243,0.355106,0.187447
0.727125,0.297600,-0.339606,-0.231783,0.018639,0.286099,0.172753
0.743906,-0.116092,-0.038475,0.946361,-0.176950,-0.007745,0.238540
0.763891,-0.560266,1.109535,2.134281,-0.266090,-0.257917,0.290574
0.777213,0.160380,1.056952,0.665513,-0.040966,-0.192000,0.208920
0.775217,0.555375,-0.014771,-2.044612,0.239407,-0.035179,0.059489
0.760389,-0.430094,-0.401267,-1.984819,0.281463,-0.096654,-0.106887
0.741029,-1.714948,-0.446733,-0.369301,0.263937,-0.097108,-0.420149
0.690580,-2.337718,-0.986124,-0.665582,0.339664,0.265797,-0.853355
0.575437,-1.726578,-0.816419,-1.251569,0.181992,0.409710,-0.994976
0.464486,0.318759,0.636775,0.482066,-0.312567,-0.197835,-0.579746
0.480865,2.239596,1.049625,1.947706,-0.589468,-0.723926,0.081225
0.610017,2.818127,-0.643195,0.385173,-0.325600,-0.281072,0.565493
0.720543,2.763053,-1.683256,-1.752594,0.041488,0.386284,0.762565
0.764217,1.717649,-0.543939,-1.387077,0.099347,0.325842,0.673485
0.786604,-0.831060,0.581828,0.343215,0.000845,0.048098,0.368152
0.799691,-2.143481,0.436099,0.885663,-0.046555,0.220898,0.090912
0.790261,-0.663687,0.182134,0.390438,-0.137424,0.415277,-0.028204
0.781279,0.575715,0.165374,0.355404,-0.255830,0.229659,-0.060402
0.790833,0.410090,-0.008181,0.147570,-0.140333,0.038196,0.035120
0.800470,0.982767,-0.023031,-1.585269,0.185740,0.104841,0.230222
0.801556,1.074680,-0.339339,-3.443207,0.416194,0.239308,0.157338
0.798104,-1.227277,-1.719805,-3.097674,0.526166,0.348823,-0.285217
0.771843,-2.599218,-2.740599,-0.931346,0.624101,0.467266,-0.609978
0.724730,-0.916017,-1.854838,0.684213,0.570132,0.542306,-0.577458
0.693923,0.600102,-0.206154,0.710792,0.228458,0.567875,-0.525626
0.652472,0.523285,0.903202,1.098022,-0.344039,0.505459,-0.610694
0.528668,0.664928,1.867988,2.425094,-0.752365,0.241934,-0.544784
0.359133,1.744966,2.924060,0.294249,-0.306920,-0.062021,-0.064001
0.233260,3.282965,3.837736,-4.581819,0.727896,-0.200945,0.684424
0.133352,2.866979,3.911218,-1.994303,0.918976,-0.397349,1.080313
0.028953,-1.351900,1.562607,7.526422,0.074936,-0.704437,0.728634
-0.015607,-4.489975,-2.317946,8.362723,-0.297980,-0.640204,0.163786
0.022234,-2.118351,-3.754355,-1.275214,0.188701,-0.149112,0.004380
0.073067,0.557092,-2.124410,-5.702783,0.416233,0.185745,-0.018187
0.105522,-0.788325,-0.651667,-1.072011,0.068623,0.123575,-0.255937
0.129897,-1.878671,0.203013,2.821562,-0.286775,-0.155533,-0.406370
0.146118,-0.446515,1.497325,2.948799,-0.477927,-0.533037,-0.241882
0.201500,0.564729,1.379817,1.832217,-0.494160,-0.745819,0.004454
0.345655,0.880340,-0.711952,-0.654102,-0.213936,-0.487601,0.169041
0.503410,1.630560,-1.743168,-3.125626,0.122641,0.042088,0.252219
0.572586,1.364144,-0.783687,-2.729973,0.160030,0.408444,0.188826
0.580390,-0.156912,0.051121,-0.379141,-0.012029,0.472667,-0.012078
0.590416,-1.206063,0.203729,1.275324,-0.121175,0.236603,-0.201887
0.594708,-1.600322,0.440859,1.591268,-0.140784,-0.184889,-0.212737
0.596601,-0.999617,0.376658,0.928813,-0.128646,-0.337817,0.118682
0.638120,1.558209,-0.278189,-0.384236,-0.047388,0.030277,0.693422
0.705287,3.239440,-0.524680,-1.185003,0.036850,0.426057,0.992431
0.740472,0.772347,0.119719,-0.426998,0.009560,0.364242,0.701009
0.738007,-2.671450,0.452583,0.460431,0.045356,0.142508,0.140161
0.733689,-2.829654,-0.439490,-0.748217,0.349652,0.217576,-0.325717
0.730828,-1.461577,-1.362835,-2.721039,0.654253,0.457313,-0.700361
0.700589,-1.279113,-0.804221,-2.066120,0.553643,0.474685,-0.948259
0.639626,-1.032093,0.844878,1.080797,0.088718,0.162793,-0.847733
0.588731,0.444659,2.205333,3.462264,-0.413812,-0.271619,-0.415677
0.584734,1.684927,2.305655,3.383623,-0.688642,-0.474117,-0.010836
0.612637,1.498253,0.969095,1.649140,-0.603926,-0.292975,0.085526
0.629360,0.297142,-0.545476,-0.111771,-0.293294,-0.054238,-0.046787
0.623163,-0.919653,-0.735297,-0.696160,-0.076965,-0.096813,-0.122278
0.618278,-0.881251,-0.180804,-0.383598,-0.037033,-0.232990,0.024236
0.632082,0.647029,-0.252737,-0.311525,0.009571,-0.154859,0.291458
0.661517,1.783988,-0.611425,-0.717290,0.108621,0.072501,0.465264
0.699054,1.177872,-0.424618,-0.874638,0.105984,0.282196,0.422591
0.733746,-0.108789,-0.019323,-0.220763,-0.058301,0.422546,0.177339
0.751609,-0.902337,0.202951,0.944981,-0.264277,0.412146,-0.122954
0.749585,-1.267361,0.394580,1.684134,-0.396766,0.207226,-0.300390
0.736136,-1.258146,0.413128,1.265918,-0.404119,-0.082828,-0.327509
0.722853,-0.623233,0.019450,-0.331001,-0.223522,-0.278050,-0.246416
0.722172,0.299833,-0.418956,-1.940890,0.069792,-0.217028,-0.055880
0.735159,0.579771,-0.486642,-1.797459,0.194071,0.089656,0.114380
0.745218,0.028526,-0.262663,-0.165708,0.050945,0.368930,0.074562
0.743751,-0.480664,0.093835,0.997184,-0.141985,0.360159,-0.082698
0.745200,-0.520796,0.377348,1.362032,-0.237247,0.134113,-0.090889
0.759480,-0.075490,0.243746,1.138091,-0.225855,-0.010167,0.122865
0.776901,0.990115,-0.105149,-0.378100,-0.095102,0.057966,0.368419
0.791734,1.347430,-0.222175,-1.889834,0.087308,0.163733,0.352429
0.802498,-0.286095,-0.646291,-2.016430,0.369044,0.188079,-0.014059
0.793136,-1.853631,-2.026307,-2.912362,0.974046,0.298731,-0.483255
0.764703,-1.513193,-3.416683,-4.700823,1.657352,0.583526,-0.825358
0.745547,-0.844783,-3.156494,-3.475019,1.730843,0.794078,-0.990836
0.716505,-0.281405,-0.806506,0.625263,1.004313,0.695245,-0.887231
0.621624,1.239653,2.291327,3.873177,-0.117219,0.351606,-0.538859
0.478171,2.118883,4.268692,5.270564,-1.064131,-0.012480,-0.161332
0.336603,1.807881,4.971796,3.545951,-1.175680,-0.203050,0.309899
0.184683,2.350279,5.146699,-1.303944,-0.472824,-0.250052,0.949090
0.037552,1.621723,3.500019,-1.673960,-0.051506,-0.440504,1.188494
-0.021887,-2.790660,-0.763570,4.917749,-0.353442,-0.796659,0.683956
0.001262,-5.209808,-4.116772,6.354437,-0.404375,-0.842721,0.160893
0.008255,-1.804531,-3.565783,-1.931592,0.168109,-0.409597,0.159821
-0.003659,0.971156,-1.616139,-6.599905,0.492101,-0.013999,0.194655
0.066413,-0.557727,-1.041221,-1.803600,0.242743,0.013628,-0.020448
0.232902,-1.215348,-0.450018,2.597830,-0.064318,-0.082499,-0.105931
0.384831,0.637921,1.125561,2.099976,-0.249805,-0.134718,-0.024214
0.454622,1.031816,1.646970,1.182405,-0.398671,-0.197775,-0.073032
0.486175,-0.096825,0.426543,0.820992,-0.378918,-0.182397,-0.164324
0.512262,-0.182933,-0.487702,-0.267964,-0.199374,-0.095190,-0.138231
0.513319,-0.063374,-0.240041,-0.688896,-0.074192,-0.211824,-0.128083
0.505384,-0.665235,-0.127664,-0.248370,-0.007008,-0.456191,-0.086715
0.527342,0.120264,-0.619470,-0.651186,0.109891,-0.334820,0.209926
0.571087,2.517622,-0.755439,-1.386806,0.184801,0.153816,0.551028
0.615063,3.041091,-0.286811,-0.733730,0.107147,0.478835,0.500331
0.654149,0.511298,0.040011,0.628003,-0.025260,0.495477,0.118648
0.671278,-1.859037,0.116824,1.048738,-0.109239,0.423910,-0.155572
0.664245,-1.856357,0.382477,0.883426,-0.177880,0.242525,-0.152902
0.671469,-0.630308,0.452861,0.792328,-0.189519,-0.052291,-0.053029
0.707247,0.519306,-0.033380,0.087815,-0.061367,-0.180266,0.029103
0.733189,1.357244,-0.282009,-1.037123,0.095589,-0.065312,0.143861
0.729097,1.270880,-0.424153,-1.955004,0.266141,0.116127,0.213938
0.717523,0.042119,-1.946530,-3.499523,0.693874,0.369293,0.032532
0.705134,-1.185848,-3.796460,-4.577308,1.212996,0.654894,-0.382375
0.677057,-1.640865,-2.813607,-1.885393,1.119389,0.667665,-0.721175
0.639045,-1.397493,0.711315,3.345908,0.180312,0.363769,-0.696716
0.592212,-0.265169,3.485335,5.690266,-0.848158,0.053404,-0.307393
0.510145,1.313805,4.301546,3.277894,-0.995937,-0.148746,0.191653
0.394010,1.927556,3.764380,-0.789683,-0.258064,-0.334386,0.536090
0.272606,0.976457,1.962577,-2.675708,0.300058,-0.508100,0.616174
0.145591,-0.684815,-0.294245,-1.420490,0.064421,-0.626737,0.457103
0.026641,-1.624282,-1.581606,-0.369243,-0.244968,-0.588312,0.179737
-0.020197,-1.334063,-2.069879,-2.416118,0.013793,-0.268984,-0.081067
0.006509,-0.812426,-2.256568,-4.280932,0.332343,0.130054,-0.251763
0.010080,-0.593154,-1.167104,-1.684682,0.137631,0.146370,-0.258049
-0.023825,0.008311,1.026418,2.642700,-0.303288,-0.272964,-0.066747
0.037455,0.842205,1.859798,3.502255,-0.506727,-0.596865,0.160132
0.244644,0.919455,0.565153,1.372116,-0.391788,-0.449727,0.218507
0.446886,0.361824,-0.667543,-0.417281,-0.139238,-0.100946,0.135371
0.518708,0.001250,-0.555969,-1.151221,0.048327,0.024100,0.040954
0.518891,-0.287327,-0.024365,-0.942746,0.049263,-0.063483,-0.077511
0.525497,-0.991976,0.184594,0.489321,-0.071437,-0.063719,-0.260509
0.509911,-1.404755,0.160237,1.389103,-0.131833,0.073901,-0.419743
0.454947,-0.763776,-0.086543,0.184228,-0.097966,0.069295,-0.460130
0.424658,0.196378,-0.473618,-0.998139,-0.091449,-0.110351,-0.322005
0.457673,0.930592,-0.620756,-0.370030,-0.103829,-0.067568,0.061122
0.519455,1.511663,-0.300756,0.114316,-0.030016,0.255805,0.510148
0.578073,0.890254,0.292922,-0.439042,0.051796,0.379432,0.608860
0.627247,-0.781719,0.658136,-0.186895,0.035651,0.206814,0.342366
0.653784,-1.082916,0.513049,0.574239,0.021770,0.145288,0.138833
0.653381,-0.450551,0.241920,0.255405,0.040369,0.256627,0.053524
0.637319,-1.399605,0.203218,-0.031761,-0.039247,0.282277,-0.222472
0.604297,-2.456267,0.065545,0.533642,-0.152273,0.178131,-0.559997
0.563437,-1.575138,-0.308671,0.456046,-0.141731,0.000148,-0.544584
0.556354,-0.525858,-0.368851,-0.084171,-0.105195,-0.173488,-0.203385
0.599406,0.294781,-0.006061,0.320303,-0.128567,-0.142069,0.143220
0.653260,2.111958,0.201279,0.544971,-0.058702,0.092863,0.362390
0.679764,2.436199,0.101384,-0.526012,0.125511,0.264846,0.434739
0.679041,-0.297024,-0.006952,-1.156166,0.214145,0.277546,0.325337
0.668795,-2.166875,-0.097672,-0.284094,0.135373,0.229890,0.103712
0.664642,-1.125645,-0.185856,0.604680,0.002203,0.172092,-0.084803
0.672767,-0.189687,-0.056367,0.655730,-0.102304,0.128814,-0.173577
0.686471,-0.593953,0.284836,0.602116,-0.142776,0.092300,-0.180296
0.695453,-0.513303,0.536317,0.801629,-0.131971,0.004303,-0.146719
0.694226,0.033106,0.538357,1.039065,-0.154321,-0.105933,-0.131287
0.680838,-0.381954,0.333367,0.976907,-0.204012,-0.171549,-0.155843
0.661001,-0.946013,0.000058,0.132185,-0.144027,-0.192958,-0.119439
0.650613,0.135587,-0.330409,-1.025564,0.025985,-0.104713,0.084561
0.660356,1.970764,-0.553894,-1.376535,0.121905,0.162282,0.320490
0.682874,2.021634,-0.648176,-1.179137,0.088193,0.422984,0.325876
0.703683,0.242123,-0.478685,-1.045128,0.042687,0.425797,0.121559
0.717043,-0.966423,0.084272,-0.163543,0.003659,0.223996,-0.022410
0.727244,-0.628061,0.758320,1.532272,-0.085362,0.036972,-0.029638
0.738232,-0.096998,0.996655,2.181472,-0.148628,-0.058818,-0.063781
0.740775,-0.293926,0.563868,1.038408,-0.108482,-0.078131,-0.193945
0.720249,-0.654593,-0.175260,-0.237354,-0.058734,-0.037552,-0.327636
0.686579,-0.665261,-0.529863,-0.369261,-0.081358,-0.007741,-0.377448
0.669038,-0.273372,-0.425035,-0.320459,-0.061267,0.021123,-0.301843
0.669940,0.619255,-0.692263,-1.393322,0.142961,0.192125,-0.108342
0.666068,1.502278,-1.291357,-2.527579,0.392160,0.415579,0.107967
0.659414,1.430551,-0.667167,-1.333801,0.333939,0.340115,0.241018
0.674475,0.532346,1.152058,1.751295,-0.064838,-0.024326,0.271268
0.710297,-0.195167,1.659059,3.023908,-0.353426,-0.232760,0.233645
0.741896,-0.311370,0.247692,0.926565,-0.255198,-0.141498,0.160621
0.755622,-0.189802,-0.664488,-1.307858,-0.054861,-0.017781,0.058048
0.750123,-0.378242,-0.191694,-0.821688,-0.057307,0.061675,-0.102177
0.725665,-0.856381,0.105680,0.677483,-0.178861,0.173374,-0.307280
0.695434,-1.019100,-0.305721,0.461218,-0.214928,0.200781,-0.427595
0.679439,-0.464219,-0.696512,-1.122052,-0.076125,0.152534,-0.325060
0.677858,0.552085,-0.873369,-2.125742,0.176781,0.249589,-0.057664
0.680966,1.078489,-0.629408,-1.453146,0.306939,0.380842,0.146343
0.693221,0.469792,0.440556,0.770734,0.152739,0.252221,0.173166
0.714762,-0.330936,1.529119,2.780182,-0.095275,-0.005339,0.134234
0.729711,-0.306361,1.290792,2.332293,-0.168760,-0.122307,0.148704
0.737814,0.078019,0.025339,0.081202,-0.100387,-0.138843,0.211723
0.757010,0.535178,-0.741563,-0.976357,-0.064646,-0.082631,0.289879
0.785304,1.217393,-0.500423,-0.218606,-0.089560,0.147133,0.340319
0.801823,1.093804,-0.065849,0.272293,-0.120493,0.396366,0.253249
0.802819,-0.570777,-0.028710,-0.155822,-0.140758,0.401231,-0.021932
0.800657,-2.180718,-0.070341,-0.314029,-0.132008,0.241002,-0.307091
0.795491,-1.916236,0.172224,0.058082,-0.085502,0.127960,-0.373931
0.780541,-0.578680,0.363493,0.271885,-0.045461,0.012238,-0.258735
0.767650,0.094159,0.113382,0.257568,-0.046744,-0.172758,-0.113547
0.775195,0.489120,-0.222712,0.370981,-0.072698,-0.217062,0.105781
0.798352,1.395329,-0.281929,0.369255,-0.069595,0.040641,0.438269
0.819544,1.694058,-0.357026,-0.350662,0.006722,0.366847,0.691383
0.830813,0.700183,-0.344021,-1.190601,0.081644,0.386487,0.698474
0.828588,-0.845994,0.120737,-0.767227,0.079917,0.081855,0.445859
0.816351,-2.489960,0.012105,0.140296,0.197524,-0.157597,-0.020494
0.805899,-3.096810,-1.517647,-0.785036,0.667484,-0.027521,-0.499964
0.787004,-1.663824,-2.980145,-3.640176,1.358613,0.379055,-0.843472
0.737585,-0.603259,-3.227410,-6.216429,1.947940,0.788130,-1.252031
0.662281,-1.647451,-2.709259,-5.678744,2.092919,0.945489,-1.678998
0.554507,-1.019431,-0.561861,-0.325538,1.364599,0.689477,-1.498455
0.387529,3.002900,3.547769,6.902643,-0.241890,0.114999,-0.646503
0.205267,4.668115,6.239314,10.113097,-1.715468,-0.480352,0.049101
0.094058,1.783192,5.587812,6.781821,-1.791035,-0.817920,0.429604
0.050071,0.928333,4.606244,-0.478490,-0.612397,-0.797000,1.124512
0.016339,3.065160,4.483577,-4.406211,0.186899,-0.723903,1.722849
-0.007229,0.056162,2.020103,0.929044,-0.221690,-0.993762,1.181287
-0.003462,-6.915749,-2.576014,8.186658,-0.677844,-1.251925,0.021189
0.005692,-6.576676,-4.362582,4.984347,-0.239393,-0.846130,-0.400096
0.000331,0.338935,-2.358002,-3.762502,0.275512,-0.131063,-0.167435
-0.007316,2.387857,-0.669716,-4.537056,0.155273,0.074034,-0.137285
0.009113,-0.782845,-0.772513,0.344380,-0.050277,-0.092706,-0.263281
0.063578,-1.366303,-0.525459,1.336941,-0.032387,-0.088049,-0.225232
0.138908,0.224466,0.691506,0.216239,-0.180648,-0.064493,-0.219923
0.202652,0.099854,1.517360,1.365903,-0.425649,-0.261602,-0.297062
0.238734,-0.294957,1.283834,1.904622,-0.374130,-0.413831,-0.244967
0.252030,0.052818,0.449068,0.211787,-0.153368,-0.420787,-0.149563
0.262685,-0.278775,-0.312825,-0.853006,-0.027554,-0.468617,-0.076302
0.300796,0.039907,-0.725707,-0.815182,0.081566,-0.406326,0.225940
0.386630,1.886000,-0.804853,-1.029254,0.192569,0.006848,0.681417
0.508721,2.107148,-0.475699,-0.705841,0.145763,0.561037,0.802956
0.616651,-0.142630,0.073435,0.438327,-0.024112,0.869026,0.489222
0.658558,-1.717043,0.316514,0.734240,-0.143649,0.727586,0.066195
0.647683,-1.861089,0.232854,0.018286,-0.170546,0.267265,-0.309913
0.627853,-1.828245,0.322723,-0.182412,-0.146144,-0.041030,-0.636592
0.572989,-1.438350,0.666621,0.391458,-0.120283,-0.056687,-0.807270
0.458908,-0.857036,0.702410,0.723319,-0.134235,-0.194704,-0.675405
0.389293,0.200388,0.032746,0.223453,-0.120038,-0.397763,-0.157392
0.458018,2.948510,-0.752121,-0.724219,-0.006308,-0.148798,0.538002
0.584692,4.444962,-0.653268,-1.103631,0.088809,0.286880,0.852651
0.656921,1.209276,0.162130,-0.530244,0.062340,0.302477,0.588550
0.683805,-2.288045,0.577183,0.157545,0.027562,0.156988,0.256667
0.704437,-1.365824,0.341335,0.392116,0.050452,0.275115,0.160876
0.702814,-0.206404,0.106284,0.418186,0.020719,0.382681,-0.046726
0.661854,-1.927892,0.048014,0.196936,-0.074210,0.221302,-0.450348
0.609761,-2.220481,-0.090390,-0.093161,-0.122427,0.004704,-0.547987
0.597124,0.481289,-0.216519,0.300132,-0.128463,-0.081686,-0.167357
0.639238,2.221387,-0.146603,0.869151,-0.149588,-0.043046,0.229627
0.692741,1.887633,-0.033263,0.300119,-0.117273,0.099180,0.320934
0.715600,1.435377,0.014763,-0.837661,0.013451,0.245375,0.267756
0.715380,0.725141,0.082762,-1.118985,0.134765,0.255319,0.199256
0.709193,-0.981699,-0.117278,-0.862558,0.204970,0.191935,-0.022464
0.691685,-2.044254,-0.808905,-0.831733,0.310240,0.230967,-0.349536
0.665697,-0.845325,-0.898448,-0.368677,0.345422,0.270394,-0.416559
0.654258,1.220915,0.730863,1.273125,0.065185,0.054503,-0.117895
0.669343,1.801509,2.612007,3.269830,-0.371030,-0.267154,0.187145
0.698898,1.030994,2.350219,3.532608,-0.468127,-0.302460,0.235811
0.724388,0.314764,0.463089,1.032272,-0.174183,-0.072475,0.138056
0.734028,-0.327350,-0.642702,-1.656749,0.029538,0.145607,0.014007
0.723516,-1.114184,-0.394722,-1.044183,-0.093479,0.279698,-0.183819
0.695560,-1.269503,0.046201,1.352474,-0.253859,0.276044,-0.416763
0.660751,-0.539321,-0.041710,1.067960,-0.147760,0.107035,-0.477042
0.633741,0.468096,-0.666487,-1.665715,0.163537,0.063030,-0.286774
0.622410,1.316958,-1.238163,-2.806927,0.357099,0.266847,-0.047565
0.624513,1.608131,-0.692439,-1.267649,0.197522,0.322133,0.064084
0.639322,1.241031,0.727903,0.843392,-0.172500,0.073551,0.123601
0.670779,0.855113,1.122653,1.886455,-0.382402,-0.102633,0.227000
0.712885,0.660106,-0.016223,1.190302,-0.279449,-0.060879,0.301413
0.746695,0.242680,-0.848996,-0.821137,-0.036055,-0.025399,0.263716
0.759121,-0.315505,-0.552697,-2.052944,0.159933,-0.016199,0.116069
0.755289,-0.895212,-0.541088,-1.458102,0.303376,0.113010,-0.129057
0.746310,-1.526169,-1.122584,-0.676594,0.361986,0.266287,-0.393063
0.730360,-1.297958,-0.438373,-0.194715,0.126117,0.226828,-0.477895
0.700032,0.430568,1.526627,1.488376,-0.365588,0.034081,-0.294362
0.668250,2.050087,1.816798,2.874665,-0.607876,-0.054176,-0.035474
0.660405,1.669204,-0.337076,0.881682,-0.365992,0.050373,0.097597
0.678612,0.109165,-1.839375,-2.392809,-0.073516,0.133455,0.158779
0.704828,-0.597937,-1.113401,-2.505919,-0.046742,0.018824,0.232058
0.730666,-0.276326,0.040185,-0.306681,-0.060067,-0.153821,0.249280
0.751775,0.113589,0.454055,0.477396,0.082766,-0.163064,0.186571
0.756030,0.187484,0.352927,-0.594488,0.300799,-0.036296,0.074238
0.744447,-0.464410,-0.467310,-1.642881,0.476048,0.087970,-0.159176
0.727674,-1.740259,-1.231357,-1.207362,0.429970,0.208751,-0.500645
0.692794,-1.763762,-0.265059,1.006849,0.031483,0.290608,-0.704886
0.631475,0.402463,1.352728,2.714837,-0.440995,0.170538,-0.578412
0.591117,2.392593,0.901681,1.394746,-0.572897,-0.071304,-0.199033
0.621293,2.259903,-0.941910,-0.873317,-0.407766,-0.118850,0.224927
0.695103,1.343371,-1.284408,-0.785362,-0.233294,-0.012912,0.529292
0.754629,0.805851,-0.171119,0.072843,-0.051451,-0.092078,0.610911
0.785592,-0.279457,0.113406,-0.960601,0.232608,-0.286188,0.425080
0.795951,-1.830641,-0.474091,-2.077591,0.404207,-0.259382,0.071314
0.785921,-2.005012,-0.120787,-0.554495,0.170422,-0.057908,-0.187720
0.770619,-0.124277,0.821795,2.104686,-0.306716,0.157807,-0.150445
0.773296,2.019402,0.455992,2.071505,-0.487656,0.445217,0.083989
0.789243,2.000411,-0.588027,-0.950106,-0.210942,0.598143,0.212424
0.800661,-0.180029,-0.653134,-2.861931,0.122134,0.298163,0.046769
0.805077,-1.858931,-1.161137,-2.211348,0.422778,-0.066428,-0.318858
0.797089,-1.462837,-3.410972,-2.740640,1.024562,0.115919,-0.615206
0.768862,-0.059136,-4.252790,-4.443889,1.501203,0.545641,-0.644719
0.735303,1.143114,-0.954661,-1.852425,0.937500,0.471292,-0.432796
0.697532,1.711115,3.559320,3.501341,-0.220532,-0.089709,-0.108367
0.622596,1.545449,5.284097,3.511509,-0.596020,-0.537584,0.286020
0.513531,1.392966,4.382233,-0.488047,-0.189707,-0.677867,0.686979
0.408074,1.447652,2.434654,-0.481781,-0.056934,-0.716305,0.851023
0.299946,0.510634,-0.309820,1.519005,-0.230833,-0.648220,0.639043
0.189438,-1.081408,-2.728732,-0.956199,-0.059689,-0.358337,0.282553
0.155781,-1.527202,-3.094220,-4.550688,0.318741,-0.007871,0.041915
0.240292,-1.034072,-2.008167,-3.712254,0.394724,0.177074,-0.067282
0.357348,-0.571463,-0.905789,-0.730095,0.172373,0.155864,-0.029877
0.433027,0.321577,0.351966,1.244422,-0.133199,-0.047108,0.174268
0.500851,1.265161,1.593460,2.632290,-0.398851,-0.266209,0.344307
0.584547,1.009596,1.539202,2.596097,-0.436826,-0.187641,0.316121
0.637801,0.113747,0.313102,0.158988,-0.190671,0.140526,0.195789
0.647289,-0.477045,-0.466621,-1.950223,0.052033,0.292191,0.051938
0.649935,-1.223743,-0.296743,-1.284251,0.043096,0.205402,-0.175910
0.642729,-1.867572,-0.067209,0.422208,-0.081115,0.186922,-0.399613
0.604425,-1.290419,-0.164095,0.800433,-0.096452,0.221020,-0.447613
0.570618,-0.037762,-0.243962,0.159333,-0.051301,0.123132,-0.286769
0.583705,0.787646,-0.296404,-0.193307,-0.086880,0.041402,0.016804
0.628906,1.486422,-0.350640,0.152000,-0.155135,0.099931,0.299791
0.677170,1.758403,-0.063377,0.670607,-0.138391,0.114937,0.351430
0.716443,0.609054,0.382010,0.472680,-0.040246,0.046487,0.212909
0.733206,-0.584545,0.362090,-0.343091,0.052577,0.085085,0.112278
0.726744,-0.154521,0.011797,-0.546204,0.056125,0.246557,0.020376
0.706628,0.200208,-0.145992,-0.056291,-0.023198,0.366398,-0.232609
0.662442,-0.912010,-0.170925,0.016829,-0.075603,0.323233,-0.481370
0.606472,-1.342362,-0.254737,-0.090147,-0.082354,0.118553,-0.404681
0.599883,0.238206,-0.250846,0.236494,-0.133672,-0.053303,-0.023244
0.656723,1.912933,-0.038954,0.011884,-0.158202,0.012049,0.363606
0.708872,2.024781,0.232727,-0.991246,-0.003149,0.191171,0.515558
0.716954,0.692036,0.170823,-1.387654,0.209636,0.237469,0.352171
0.712110,-1.229505,-0.341006,-1.078294,0.221265,0.201638,-0.017012
0.716780,-2.136880,-0.536397,-0.685175,0.034996,0.213369,-0.328339
0.721925,-1.140636,0.195579,0.342279,-0.145176,0.145979,-0.414402
0.729672,0.338963,1.028881,1.538305,-0.212584,-0.049237,-0.337860
0.740365,0.836020,0.995487,1.293459,-0.199272,-0.130290,-0.248398
0.721657,0.423846,0.481039,0.322269,-0.162995,-0.088150,-0.241362
0.658514,-0.480831,0.101467,0.322059,-0.115014,-0.220754,-0.238353
0.605045,-0.622561,-0.234568,0.290068,-0.016765,-0.427344,-0.000101
0.618626,0.998183,-0.495138,-0.990314,0.124468,-0.299251,0.452291
0.676656,1.827927,-0.496318,-1.845208,0.196506,0.093633,0.652938
0.721381,-0.232071,-0.415719,-0.982888,0.113842,0.400251,0.347985
0.740257,-1.739230,-0.209303,0.229808,-0.067847,0.572006,-0.082373
0.750419,-0.397196,0.274099,0.933728,-0.250333,0.556745,-0.242303
0.758270,0.231376,0.557829,1.595841,-0.362553,0.171076,-0.184510
0.768473,-0.927318,0.415142,1.366159,-0.280949,-0.318938,-0.045344
0.785610,-0.369246,0.068776,-0.795676,0.087531,-0.369187,0.105860
0.798700,1.056209,-0.871820,-3.074898,0.561162,-0.033331,0.059854
0.797352,-0.297482,-1.661898,-2.342566,0.711619,0.130919,-0.247678
0.787566,-2.078060,0.007765,1.479270,0.275981,-0.017821,-0.483681
0.773407,-0.430240,2.811817,4.287555,-0.447167,-0.100547,-0.408158
0.754640,1.896716,2.165624,2.640762,-0.795169,0.050089,-0.174765
0.746967,1.342473,-1.319079,-1.287099,-0.527676,0.255098,0.053737
0.765602,0.045937,-2.500980,-2.900904,-0.146049,0.404003,0.228409
0.794203,0.070260,-0.811900,-1.316989,-0.118783,0.357456,0.241514
0.808118,0.040331,0.445409,0.641847,-0.183837,-0.058367,0.182703
0.811118,0.263005,0.704644,0.250223,0.068495,-0.534234,0.315360
0.811719,1.230529,0.761070,-1.789787,0.413415,-0.628738,0.367858
0.797739,-0.242014,-0.450626,-2.658411,0.635921,-0.541301,-0.241583
0.771647,-3.805713,-3.187615,-3.526369,1.310628,-0.498789,-1.226084
0.752279,-3.626670,-5.326836,-7.500132,2.737501,-0.163057,-1.718941
0.719274,-0.163384,-5.098649,-10.769653,3.934336,0.387605,-1.671693
0.638247,0.117425,-2.225790,-7.126040,3.942909,0.356275,-1.634222
0.517237,-2.018436,2.532152,0.950610,3.130242,-0.406208,-1.587291
0.360885,-1.091868,6.723122,6.480227,2.317395,-1.097351,-1.187897
0.169625,1.620854,8.026704,7.677682,1.731065,-1.281918,-0.507361
0.019139,2.400059,7.372020,6.646358,1.227011,-1.194528,0.273869
-0.017997,2.732521,6.899831,5.253774,0.618593,-0.981842,1.126558
0.004252,3.594453,6.659450,5.049995,-0.239487,-0.985459,1.801118
0.005535,2.067355,5.914848,5.879892,-1.125404,-1.905755,2.004067
-0.004685,-1.281269,4.413308,4.958674,-1.465962,-3.317219,1.927581
-0.000632,-1.848818,1.935718,0.869307,-1.049659,-3.559058,1.929538
0.002775,0.254679,-0.452936,-3.313463,-0.441218,-2.246705,1.948903
-0.000972,0.462615,-1.076690,-3.631224,-0.342610,-0.916309,1.726952
-0.001040,-1.831754,-0.832249,-0.817397,-0.706609,-0.627091,1.278118
0.001021,-3.277184,-1.610341,0.424279,-0.946776,-0.949453,0.852355
0.000080,-2.733533,-2.734816,-1.545380,-0.952754,-1.298949,0.601378
-0.000589,-1.979141,-3.020467,-2.858750,-1.063396,-1.524576,0.362558
0.000233,-2.450668,-2.917389,-2.131546,-1.020647,-1.207338,-0.050967
0.000203,-2.758024,-2.266171,-3.689968,-0.289217,0.271710,-0.313943
-0.000211,0.028364,-0.760771,-6.666685,0.549968,2.393056,-0.002510
-0.000010,4.262322,-0.249053,-3.167203,0.414065,3.317209,0.474395
0.000094,4.268415,-1.506252,5.436184,-0.416499,2.175398,0.420271
-0.000018,0.498444,-1.956011,7.431047,-0.747732,0.351714,0.048005
-0.000016,-0.927155,-0.550240,1.063121,-0.383715,-0.605983,-0.016053
-0.000047,0.493693,0.614874,-3.195404,-0.186345,-0.725674,0.222885
0.000037,0.726913,1.189156,-1.250182,-0.633292,-0.597805,0.440714
0.000120,-0.296954,2.089262,1.051488,-1.204880,-0.336628,0.511215
-0.000186,-0.740876,1.377049,-0.084515,-1.135959,0.132080,0.359448
-0.000087,-1.030689,-1.883516,-2.772111,-0.433896,0.646011,0.011664
0.000440,-1.587912,-3.530287,-3.961621,0.152972,0.761203,-0.282685
-0.000220,-1.638791,-1.002004,-2.463542,0.167428,0.344217,-0.328285
-0.000629,-0.656468,1.687837,-0.021338,-0.064171,0.011728,-0.170271
0.000966,0.744418,1.071725,0.803526,-0.095320,0.179533,-0.005519
0.000308,0.992367,-0.531460,0.244311,0.019430,0.389803,-0.005875
-0.002083,-0.026354,-0.445086,-0.013872,0.015572,0.325703,-0.096012
0.001416,-0.176237,0.288696,-0.164978,-0.065439,0.291427,-0.039143
0.002424,1.016590,0.272135,-0.726163,-0.023852,0.346757,0.170076
-0.005310,1.288318,0.108123,-0.556430,0.024815,0.201053,0.304380
0.023613,0.102492,0.441167,0.682269,-0.191072,-0.094600,0.288012
0.137583,-0.513491,0.809302,1.478946,-0.494339,-0.217692,0.226094
0.291819,-0.217234,0.778376,1.229564,-0.438060,-0.107119,0.133214
0.397307,-0.567567,0.512539,0.728620,-0.101785,0.009415,-0.023372
0.436608,-1.186114,0.242965,0.356108,0.042538,-0.039185,-0.145031
0.439809,-0.688802,0.095646,0.286909,-0.044509,-0.193508,-0.163436
0.412975,-0.169324,0.118433,0.596866,-0.045033,-0.302290,-0.155564
0.373754,-0.555780,0.011736,0.293605,0.092527,-0.268205,-0.085080
0.375554,0.253645,-0.468286,-1.040778,0.208721,-0.052776,0.193855
0.433625,2.636849,-0.837536,-1.765571,0.259371,0.275824,0.545025
0.501453,3.061258,-0.592252,-0.920513,0.250787,0.538374,0.618808
0.545091,0.358043,-0.070902,0.240143,0.146771,0.619862,0.346577
0.568160,-2.120852,0.300742,0.934411,-0.034594,0.554161,-0.016830
0.566136,-2.206732,0.614220,1.565210,-0.194990,0.385612,-0.267095
0.531307,-1.283248,0.753711,1.694725,-0.242678,0.111236,-0.367682
0.495943,-0.660161,0.330253,0.677034,-0.152632,-0.146399,-0.274760
0.505338,0.436516,-0.454267,-0.766377,0.019516,-0.139856,0.042413
0.554573,2.102375,-0.914519,-1.645733,0.157703,0.118920,0.368734
0.601917,2.178948,-0.702960,-1.545102,0.174954,0.282706,0.406344
0.630761,0.233265,-0.030400,-0.318951,0.098665,0.200888,0.220909
0.650446,-0.979582,0.580354,1.138122,0.009298,0.108178,0.068102
0.653622,-0.647449,0.700580,1.390103,-0.070167,0.153068,-0.073749
0.625567,-0.548548,0.350200,0.610354,-0.137142,0.204612,-0.272151
0.585943,-0.553234,-0.115659,-0.025271,-0.145282,0.168296,-0.328493
0.574533,0.231202,-0.378529,-0.339859,-0.080355,0.138510,-0.140645
0.599459,0.928920,-0.411701,-0.519506,-0.012332,0.221467,0.117253
0.633331,1.145927,-0.336817,-0.261899,0.001242,0.357349,0.337235
0.652238,1.179729,-0.090071,0.219720,0.014527,0.384128,0.491262
0.652354,0.349846,0.125004,0.032034,0.135459,0.287045,0.436496
0.642955,-1.189097,-0.295995,-0.981316,0.312094,0.217989,0.154898
0.641997,-1.781879,-0.816987,-1.521388,0.289390,0.214873,-0.092330
0.659818,-0.997079,-0.023211,-0.272202,-0.022915,0.161039,-0.149425
0.682070,-0.146513,1.379172,1.837286,-0.323716,0.038025,-0.157103
0.688101,0.004047,1.216412,2.249261,-0.320107,-0.051661,-0.209806
0.673268,-0.091968,-0.120359,0.463487,-0.129241,-0.083408,-0.236006
0.638782,-0.279316,-0.466811,-0.900986,-0.046735,-0.135704,-0.250233
0.589374,-0.618417,0.117060,-0.122112,-0.097095,-0.235572,-0.256453
0.548162,-0.132952,0.060003,0.834316,-0.060485,-0.280786,-0.049265
0.543389,1.139465,-0.611751,-0.089844,0.096434,-0.175027,0.384843
0.584824,1.027164,-0.779972,-1.215903,0.137280,0.011793,0.633512
0.660760,-0.507793,-0.299892,-0.422209,-0.020977,0.173027,0.461131
0.735883,-0.959800,0.144151,0.849225,-0.186662,0.329532,0.119649
0.769975,-0.482377,0.258806,0.807454,-0.246023,0.395824,-0.169002
0.760540,-1.031284,0.358080,0.600783,-0.264072,0.119453,-0.452620
0.729205,-2.017296,0.640456,1.118358,-0.289749,-0.382499,-0.713106
0.678249,-1.909765,0.709263,0.922954,-0.301171,-0.619076,-0.747370
0.622838,-0.600173,0.205162,-0.543500,-0.227304,-0.492485,-0.403149
0.616703,1.521276,-0.483754,-1.815419,-0.007248,-0.266682,0.204171
0.673370,3.385719,-0.815194,-2.174720,0.247462,0.032059,0.707593
0.734856,3.252107,-0.645247,-2.002919,0.302928,0.320893,0.814843
0.766210,0.870939,-0.076112,-1.104855,0.150019,0.263191,0.578589
0.784279,-2.014778,-0.110296,-0.045338,0.132421,-0.005095,0.211672
0.784901,-3.463786,-1.933352,-0.870853,0.528345,0.051247,-0.177089
0.751510,-2.901250,-3.918314,-3.155933,1.065099,0.406945,-0.546950
0.704319,-1.497340,-2.934578,-3.071619,1.119555,0.615684,-0.832542
0.655480,-0.494992,0.661929,0.589127,0.465755,0.609813,-0.924268
0.584411,0.402075,3.867128,3.645539,-0.357919,0.539974,-0.708893
0.480306,1.591903,5.043367,2.305361,-0.556194,0.385267,-0.240536
0.336842,2.400292,3.860128,-0.824770,-0.081693,0.179916,0.221351
0.166056,2.223076,1.515130,0.429356,0.147553,0.016546,0.447392
0.035123,0.818892,0.641051,5.566240,-0.366211,-0.181918,0.397656
-0.017596,-1.213112,0.671762,5.771653,-0.765505,-0.385766,0.206929
-0.019525,-1.693183,-1.299925,-1.411202,-0.326686,-0.340755,0.088262
0.041706,-0.110965,-3.385112,-5.862787,0.248683,-0.071871,0.103750
0.182204,0.544931,-1.811803,-1.857693,0.176076,0.054419,0.099175
0.324002,-0.745054,1.115534,2.917749,-0.189309,-0.062970,-0.001254
0.405090,-1.054735,1.338924,2.432627,-0.297888,-0.148075,-0.077842
0.450096,-0.024525,0.049302,0.331266,-0.206300,-0.111146,-0.084935
0.468752,-0.376485,-0.254180,-0.394962,-0.081617,-0.167491,-0.093078
0.457831,-0.849786,-0.171017,-1.255200,0.082263,-0.270490,-0.016291
0.461556,1.565302,-0.541591,-2.172902,0.228906,-0.068543,0.282159
0.505698,3.828196,-0.661811,-1.617943,0.252005,0.383800,0.592889
0.557715,1.810432,-0.291831,-0.301433,0.162112,0.640886,0.551781
0.588377,-1.345478,-0.002559,0.409177,0.042962,0.620660,0.212752
0.597573,-1.289131,0.212608,0.799877,-0.083501,0.504408,-0.047864
0.600875,0.049480,0.609977,1.446608,-0.201520,0.239170,-0.076867
0.622995,-0.051104,0.657405,1.603082,-0.198521,-0.105036,0.036633
0.665788,-0.205997,0.033330,0.442348,-0.051249,-0.187350,0.225313
0.695519,0.327146,-0.445092,-0.912957,0.091897,-0.019175,0.356654
0.695424,-0.364822,-0.705882,-0.967526,0.219952,0.097139,0.211203
0.687485,-2.226876,-1.920291,-0.733087,0.436283,0.162014,-0.214678
0.683407,-2.904813,-3.362289,-1.665915,0.611042,0.284386,-0.674413
0.670739,-1.881963,-2.613159,-2.351347,0.511875,0.342042,-0.942278
0.643532,-0.372191,0.265247,-0.675086,0.093069,0.253723,-0.902875
0.593923,1.002546,3.021245,2.111869,-0.419091,0.107161,-0.551913
0.503398,1.910793,4.255082,2.284946,-0.509533,-0.042973,-0.065987
0.374469,2.002851,3.339361,-0.177380,-0.011128,-0.207401,0.278133
0.232760,1.323846,1.013000,0.030528,0.344695,-0.374279,0.333597
0.104237,0.123791,-0.150993,3.892307,0.045418,-0.460010,0.186731
0.016211,-1.057700,0.157132,4.340225,-0.279020,-0.380440,-0.037788
-0.013672,-1.865532,-0.465232,-0.470285,-0.129222,-0.213269,-0.370988
-0.000403,-2.377697,-1.462634,-2.755047,-0.017695,-0.183060,-0.745769
0.012131,-1.961202,-0.456479,0.033282,-0.286563,-0.493194,-0.803977
-0.007897,-0.207041,0.779848,1.527817,-0.484198,-1.034364,-0.372819
-0.011624,1.714001,-0.432065,-0.399012,-0.303992,-1.187835,0.238188
0.097376,2.905857,-1.990440,-1.670145,-0.006531,-0.560804,0.664234
0.296856,2.872661,-1.275956,-1.089786,0.143082,0.173402,0.745497
0.443883,0.819723,0.168181,-0.454577,0.156804,0.226697,0.487645
0.488519,-1.339884,0.441733,0.036779,0.120546,-0.038034,0.162619
0.506290,-0.760976,0.274750,0.701029,0.048713,0.075071,0.031686
0.517715,0.438053,0.377031,0.894979,-0.062997,0.417930,-0.067825
0.475753,-0.580383,0.225449,0.214915,-0.156520,0.509878,-0.288785
0.407791,-1.165554,-0.249918,-0.750831,-0.184742,0.332452,-0.343084
0.401249,0.609603,-0.524959,-0.721678,-0.183658,0.164362,-0.059009
0.467764,1.688387,-0.430221,0.457537,-0.151990,0.154275,0.276117
0.534145,0.783767,-0.037934,0.926559,-0.027656,0.207263,0.417391
0.550049,-0.126874,0.280006,-0.271514,0.170406,0.209420,0.354329
0.529175,-0.844474,-0.239057,-1.611171,0.356590,0.245248,0.093826
0.503294,-1.558213,-1.218098,-1.598733,0.425378,0.354235,-0.215856
0.494089,-0.808996,-0.810864,-0.169964,0.238663,0.327862,-0.280788
0.516186,0.833951,1.215944,1.856197,-0.160456,0.098382,-0.086866
0.566651,1.174951,2.405330,2.996706,-0.446398,-0.064314,0.073953
0.618563,0.573676,1.411232,2.256769,-0.421095,-0.030159,0.050807
0.643524,0.222318,-0.033339,0.486018,-0.258938,-0.023501,-0.069538
0.633338,-0.569293,-0.256453,-0.519446,-0.165129,-0.177109,-0.193999
0.599735,-1.586153,0.139960,-0.218349,-0.125744,-0.299781,-0.242889
0.565878,-0.831912,0.073187,-0.012807,-0.049628,-0.207512,-0.105521
0.553553,1.442880,-0.339817,-0.989748,0.080901,0.034319,0.189935
0.569449,2.377421,-0.570966,-1.874722,0.173240,0.279587,0.398752
0.604011,1.175255,-0.583059,-1.256394,0.117850,0.469767,0.329782
0.637511,0.014458,-0.379617,0.041268,-0.041542,0.531789,0.102773
0.653355,-0.051489,0.204940,1.144299,-0.182965,0.358527,-0.015978
0.660897,-0.014587,0.781728,2.249323,-0.280253,0.062931,0.049650
0.685513,-0.049515,0.592700,2.241153,-0.297340,-0.063013,0.185575
0.724038,0.364966,-0.177027,0.061241,-0.127733,0.019462,0.310899
0.745704,0.612507,-0.620379,-2.123280,0.210867,0.118012,0.367657
0.740541,-0.098917,-0.799043,-2.175861,0.528205,0.203785,0.207113
0.727131,-1.571124,-1.196059,-1.322240,0.586783,0.300736,-0.213225
0.715214,-2.666063,-0.758989,-0.407848,0.249848,0.260863,-0.586715
0.694276,-1.619819,1.296719,1.621833,-0.290934,0.054991,-0.544046
0.664450,1.344879,2.595070,3.465363,-0.601570,-0.097816,-0.154490
0.654409,2.842792,0.858158,2.362328,-0.523258,-0.073767,0.220709
0.687068,1.429695,-1.681186,-0.570172,-0.287521,0.031620,0.471699
0.742658,0.047482,-1.811296,-1.928830,-0.078891,0.089878,0.654805
0.779887,0.056802,-0.439677,-1.359641,0.102259,0.040834,0.597697
0.783222,-0.800182,0.048931,-0.710037,0.220626,-0.066240,0.200479
0.775559,-2.375253,-0.006539,-0.376359,0.206248,-0.096296,-0.213277
0.780397,-1.872468,0.615859,0.333330,0.078156,-0.018404,-0.407112
0.775424,-0.104624,1.193594,1.207372,-0.089733,0.026215,-0.564084
0.725094,-0.115737,0.578310,1.264735,-0.212205,-0.026661,-0.709944
0.660832,-1.070783,-0.655441,0.243952,-0.209849,-0.016693,-0.533314
0.649102,-0.410117,-1.147047,-0.622454,-0.117025,0.157215,-0.043167
0.687853,1.126395,-0.576477,-0.163325,-0.064402,0.311704,0.333185
0.726127,1.607871,0.251130,0.567920,-0.041802,0.283314,0.393642
0.748467,1.060131,0.504791,-0.134964,0.079402,0.206323,0.297080
0.757993,0.073070,0.073207,-1.426580,0.236943,0.236667,0.154091
0.738943,-1.043696,-0.591724,-1.319152,0.287547,0.308167,-0.047175
0.696894,-1.537385,-1.002021,-0.201110,0.331994,0.336224,-0.251533
0.670371,-1.063688,-0.794308,0.287114,0.417393,0.329592,-0.360896
0.670038,-0.086296,0.364822,0.657201,0.240296,0.258611,-0.326647
0.667843,0.938877,2.184054,2.368184,-0.277436,0.096642,-0.159990
0.658874,1.238911,2.963088,3.929214,-0.638428,-0.075862,0.038978
0.673250,0.397462,1.311966,2.563829,-0.523330,-0.157772,0.184083
0.718271,0.048970,-1.069202,-0.512948,-0.253905,-0.131261,0.372400
0.763943,1.348918,-1.403313,-1.750342,-0.122201,-0.080347,0.673043
0.789690,1.876321,-0.204773,-1.105747,0.018597,-0.100955,0.815836
0.798939,-0.378387,0.176842,-0.730855,0.232827,-0.144683,0.512274
0.797327,-2.711550,-0.199107,-0.445518,0.280992,-0.100812,-0.023153
0.794263,-2.123318,0.191998,0.678232,0.095595,-0.002647,-0.367757
0.797146,-0.539120,1.114004,1.582768,-0.092665,0.051704,-0.543352
0.782907,-0.917024,1.107464,1.227863,-0.157441,0.040563,-0.780899
0.730606,-1.573572,-0.063692,0.195567,-0.172825,0.005109,-0.875852
0.681904,0.382053,-1.139839,-0.752602,-0.172764,0.058661,-0.493543
0.691548,2.999926,-1.054998,-1.052520,-0.131614,0.251020,0.154154
0.741133,2.698811,-0.049527,-0.178151,-0.056671,0.379020,0.575996
0.779697,0.540156,0.874803,0.883470,0.044113,0.258165,0.624274
0.798086,-0.413855,0.983177,0.412747,0.145227,0.053005,0.450077
0.801667,-0.535218,0.086220,-1.083479,0.253609,0.015296,0.173164
0.781410,-1.473335,-1.572926,-1.984842,0.557103,0.143780,-0.183560
0.747303,-2.378988,-3.261944,-2.602630,1.142087,0.306765,-0.574442
0.718741,-1.949971,-3.880587,-3.470480,1.556472,0.424621,-0.830347
0.685697,-0.780602,-2.591847,-2.710650,1.202037,0.431796,-0.786101
0.642098,0.196318,0.274702,0.806536,0.158861,0.273805,-0.505065
0.612664,0.890033,3.222214,3.576714,-0.785149,-0.010329,-0.169452
0.593996,1.484927,4.996190,2.045848,-0.934113,-0.307914,0.183686
0.542892,2.057010,5.165300,-0.265279,-0.432161,-0.547842,0.558982
0.459444,1.840956,3.486462,1.964077,-0.073347,-0.747204,0.769113
0.392562,-0.213243,0.655551,5.286390,-0.208957,-0.884163,0.618036
0.353707,-2.686706,-1.437670,2.916311,-0.339298,-0.790175,0.225815
0.322342,-2.705661,-2.143800,-2.894961,-0.060521,-0.388548,-0.106388
0.304026,-0.726203,-2.330672,-5.136052,0.318845,0.040928,-0.260683
0.277000,0.271265,-1.635092,-2.525857,0.330583,0.160825,-0.315761
0.177509,-0.058552,0.651505,1.783029,-0.049008,-0.017573,-0.327197
0.058517,-0.018238,2.485609,4.195873,-0.424467,-0.297873,-0.258026
0.093140,0.340597,1.432166,2.251309,-0.441200,-0.508610,-0.040984
0.300904,0.532190,-1.044676,-1.611430,-0.175080,-0.416788,0.310081
0.498187,1.399140,-1.842718,-2.617266,0.055431,0.019532,0.593890
0.589618,2.252494,-0.867943,-1.099879,0.087324,0.394819,0.569241
0.645922,1.142707,0.031547,-0.004338,-0.036475,0.417556,0.265585
0.696679,-0.876788,0.309836,0.619067,-0.155473,0.301520,-0.068653
0.701136,-1.550772,0.395768,1.019809,-0.148411,0.186154,-0.272787
0.676981,-1.299428,0.368900,0.627901,-0.118378,-0.027490,-0.261154
0.676508,-0.407337,0.139809,0.252202,-0.152096,-0.121345,0.059815
0.703741,1.956178,-0.321096,0.015005,-0.100651,0.129315,0.551111
0.739484,3.619538,-0.666962,-0.812165,0.031264,0.312653,0.826740
0.767928,1.668968,-0.335655,-0.952688,0.063342,0.063177,0.674445
0.767599,-2.148448,-0.339825,-0.276385,0.209824,-0.203657,0.192109
0.746726,-4.259070,-2.375546,-1.748526,0.783313,-0.051682,-0.442903
0.738323,-3.794099,-4.477291,-4.744046,1.382464,0.270174,-1.022541
0.723010,-1.617692,-2.738391,-3.734144,1.276342,0.362816,-1.312886
0.657823,0.688616,1.865803,2.141869,0.416658,0.208359,-1.251026
0.555438,1.561516,5.162754,5.801116,-0.507785,0.029728,-0.931295
0.419956,1.714801,6.089841,3.117538,-0.879330,-0.006446,-0.416938
0.228451,2.403185,4.856668,0.378510,-0.746054,-0.005606,0.139984
0.048582,2.279041,0.932577,2.943632,-0.521876,-0.168154,0.445316
-0.023623,0.371855,-2.977961,4.290203,-0.332774,-0.347650,0.425416
-0.013139,-1.347895,-3.292595,-1.181447,-0.076525,-0.254664,0.281374
0.028163,-1.500164,-1.772643,-5.901302,0.160569,-0.006823,0.153376
0.115457,-0.744788,-1.269872,-3.091401,0.181072,0.057597,0.123615
0.237467,0.340953,-0.238588,2.109277,-0.089596,-0.116548,0.244699
0.350711,1.078055,1.863497,3.780951,-0.490651,-0.293670,0.342664
0.449681,0.884901,1.783233,2.178533,-0.610059,-0.237579,0.267726
0.531308,0.434791,-0.652398,-1.004096,-0.257345,0.009198,0.155569
0.574959,-0.110927,-1.608128,-3.301676,0.126696,0.164422,0.030659
0.578359,-1.134600,-0.383553,-2.188524,0.083310,0.153917,-0.251518
0.552029,-1.261830,0.303573,0.390858,-0.176460,0.167174,-0.515577
0.519580,0.138584,-0.198736,0.597186,-0.233528,0.190613,-0.470821
0.519667,0.942912,-0.548682,-0.888799,-0.118549,0.082054,-0.214398
0.556715,0.616231,-0.455251,-0.998415,-0.062347,-0.002957,0.041456
0.597122,0.898879,-0.263135,0.147487,-0.072295,0.092241,0.261837
0.629064,1.314362,0.083702,0.596721,-0.061775,0.174558,0.373648
0.662970,0.483314,0.356945,0.197942,-0.045606,0.158130,0.297923
0.691425,-0.539013,0.141298,-0.190700,-0.070408,0.234278,0.116127
0.703681,-0.916183,-0.223258,-0.251668,-0.133985,0.333500,-0.091398
0.710767,-1.302628,-0.044012,0.077131,-0.185095,0.224993,-0.272797
0.716336,-1.117481,0.553859,0.541676,-0.179705,0.067478,-0.320882
0.692034,0.130118,0.790016,0.705496,-0.148266,0.054047,-0.273110
0.625654,0.630019,0.415628,0.551964,-0.120219,-0.039236,-0.267407
0.568800,-0.060728,-0.108187,0.046642,-0.045606,-0.284819,-0.181307
0.577331,0.520896,-0.464059,-0.793742,0.066859,-0.315646,0.164664
0.630637,2.360631,-0.631737,-1.127382,0.096325,-0.024474,0.530037
0.673443,2.266664,-0.508547,-0.563309,0.021680,0.255767,0.541403
0.695610,0.097303,-0.184513,-0.150104,-0.041709,0.353297,0.240958
0.715736,-1.302807,-0.004015,-0.273660,-0.061536,0.350133,-0.077054
0.734447,-1.395357,0.105369,-0.078678,-0.094118,0.288123,-0.279377
0.734944,-1.219482,0.448029,0.362837,-0.127471,0.188052,-0.393449
0.703205,-0.747677,0.689551,0.476034,-0.123728,0.050557,-0.427106
0.655557,-0.027237,0.296115,0.491036,-0.088918,-0.152567,-0.292581
0.640300,0.669801,-0.387751,0.025605,-0.017856,-0.270760,0.064022
0.678073,1.271334,-0.557572,-1.256196,0.069206,-0.120134,0.434968
0.732225,1.017532,-0.170037,-1.545413,0.089445,0.157604,0.505263
0.765158,-0.120232,0.127702,-0.023511,0.028230,0.316855,0.257955
0.773880,-0.674120,0.112265,0.832932,-0.043346,0.316922,-0.057117
0.766493,-0.389162,0.193609,0.230945,-0.115691,0.152797,-0.216907
0.756680,-0.116997,0.421932,0.570397,-0.186653,-0.136238,-0.110201
0.764907,0.426946,0.224066,1.360033,-0.132913,-0.290632,0.171804
0.790291,1.149479,-0.392808,-0.329179,0.060910,-0.134595,0.311156
0.809113,0.894949,-0.458109,-2.194224,0.076223,0.177689,0.141527
0.810553,-0.015264,0.311254,0.508955,-0.288113,0.419898,-0.122231
0.805375,-0.629535,0.831120,4.215834,-0.584934,0.405923,-0.266258
0.800878,-1.435510,0.533768,1.361470,-0.264777,0.026887,-0.340988
0.785240,-2.200996,-0.153962,-5.224759,0.484395,-0.424075,-0.423228
0.743881,-1.576134,-1.605279,-6.756177,1.170739,-0.449722,-0.538453
0.688051,-0.231025,-3.792328,-3.868627,1.703113,-0.075001,-0.750638
0.646778,0.246490,-4.087873,-2.078578,1.943574,0.244504,-0.942750
0.628251,0.559477,-0.953689,0.008921,1.489560,0.337803,-0.801073
0.612197,1.827246,2.684133,4.407460,0.359679,0.312223,-0.296534
0.579904,2.789940,4.084346,7.149532,-0.952007,0.133084,0.216481
0.536334,1.892114,4.014294,5.411379,-1.779807,-0.205167,0.493557
0.494972,0.328551,2.923548,0.539948,-1.373246,-0.401960,0.614717
0.445778,0.218344,0.372732,-4.721645,0.032871,-0.277042,0.698707
0.373327,0.759535,-1.357103,-5.784777,0.794734,-0.177666,0.698492
0.304926,-0.171905,-0.104928,-1.033782,0.144528,-0.427130,0.523567
0.276493,-1.821213,1.330545,2.841184,-0.591377,-0.702756,0.201679
0.266427,-2.196418,-0.485553,0.135825,-0.325221,-0.519945,-0.150688
0.233534,-1.546789,-3.370564,-4.579927,0.296835,-0.001396,-0.429957
0.180209,-0.929706,-2.930548,-4.260119,0.359508,0.294003,-0.565081
0.135812,-0.378029,0.612895,0.718780,-0.136360,0.065607,-0.512989
0.136680,0.277830,3.103766,4.866546,-0.634887,-0.438643,-0.291065
0.220390,1.044027,2.254932,4.500606,-0.668361,-0.705511,0.019275
0.378848,1.902662,-0.105269,0.728132,-0.287542,-0.464524,0.326872
0.542974,2.446006,-1.272140,-2.492405,0.065258,0.094654,0.548450
0.649945,1.856574,-0.931930,-2.715283,0.139731,0.564498,0.564204
0.696144,-0.124141,-0.272119,-0.833605,0.013895,0.675628,0.281664
0.710410,-2.102879,0.220188,0.866606,-0.155503,0.489983,-0.167362
0.704711,-2.433899,0.571179,1.016321,-0.223129,0.260912,-0.458074
0.679317,-1.441809,0.571502,0.234584,-0.165896,0.047376,-0.432202
0.659177,-0.041073,0.245671,0.140788,-0.105414,-0.207172,-0.207075
0.674626,1.775351,-0.184158,0.514612,-0.062789,-0.257509,0.129188
0.713445,3.229370,-0.604185,-0.272830,0.016307,0.059260,0.546337
0.740995,2.965319,-0.524349,-1.388847,0.069928,0.320659,0.804097
0.748554,1.237436,0.062558,-0.943275,0.128044,0.258193,0.612724
0.744942,-0.844184,-0.250298,-0.437590,0.321041,0.249690,0.037277
0.734605,-2.437329,-1.333105,-1.258849,0.430328,0.391739,-0.524721
0.726810,-2.371716,-0.408273,-0.562485,0.108476,0.248128,-0.698125
0.731559,-0.469016,2.255354,2.517727,-0.404484,-0.165331,-0.461021
0.741856,1.031458,2.405302,3.583605,-0.554455,-0.370032,-0.167931
0.745229,0.426843,-0.231254,0.975406,-0.303419,-0.267731,-0.107403
0.738256,-0.750334,-1.351368,-1.416154,-0.061997,-0.123738,-0.204581
0.718265,-0.915545,-0.229671,-1.204715,-0.067069,-0.135163,-0.303179
0.689013,-0.989599,0.248583,-0.110005,-0.171965,-0.306875,-0.311312
0.672192,-0.810537,-0.355114,-0.223547,-0.094428,-0.366146,-0.068413
0.683643,1.510710,-0.684654,-1.581636,0.166547,-0.049213,0.388088
0.713127,4.373912,-0.697790,-2.352492,0.283719,0.433327,0.659894
0.744852,3.776555,-0.643122,-1.307144,0.123814,0.686047,0.507640
0.771659,0.030955,-0.269320,0.136551,-0.063621,0.650091,0.133171
0.784941,-2.749537,0.240262,0.490740,-0.123135,0.491730,-0.177043
0.777804,-2.399905,0.514730,0.753396,-0.170491,0.315724,-0.307596
0.757650,-0.487836,0.495727,1.624815,-0.249471,0.120778,-0.298593
0.741632,0.315549,0.167549,1.377036,-0.229498,-0.098441,-0.230077
0.740594,-0.150031,-0.302572,-0.735624,-0.052241,-0.215541,-0.067975
0.750757,0.131690,-0.488378,-2.243438,0.139540,-0.096396,0.207087
0.763608,1.079397,-0.308602,-1.310774,0.165012,0.159752,0.393267
0.777975,0.735407,-0.109729,0.333210,0.042647,0.343712,0.311410
0.792565,-0.575634,-0.061325,0.712225,-0.060309,0.370237,0.067575
0.799318,-1.121478,0.000539,0.487377,-0.085005,0.272732,-0.158569
0.794451,-0.936917,0.224712,0.698272,-0.090260,0.155969,-0.315735
0.780517,-0.727822,0.483132,0.912634,-0.095384,0.103106,-0.379020
0.759010,-0.350254,0.452988,0.547022,-0.086309,0.053717,-0.315252
0.737011,0.179719,0.083394,-0.226519,-0.053824,-0.049434,-0.171765
0.727496,0.525285,-0.214272,-0.810918,0.005830,-0.108662,-0.034787
0.731809,0.739332,-0.166946,-0.673752,0.042823,-0.063066,0.060476
0.739709,0.780604,-0.030300,-0.115829,0.019132,0.005198,0.105754
0.746454,0.369853,-0.062653,-0.030402,0.002482,0.048183,0.091045
0.751858,-0.248418,-0.123872,-0.354231,0.033265,0.079220,0.035579
0.751607,-0.555883,-0.041216,-0.152633,0.036519,0.070258,-0.019051
0.744178,-0.466974,0.075726,0.467721,-0.009788,0.018740,-0.047885
0.735518,-0.161992,0.073901,0.477937,-0.024967,-0.014858,-0.048644
0.729489,0.107461,0.012981,-0.041970,0.006304,-0.020218,-0.032749
0.724403,0.140589,0.008540,-0.170763,0.020871,-0.028776,-0.013469
0.719598,0.129507,0.014342,0.001338,0.012226,-0.020813,0.006620
0.714922,0.239577,-0.049099,-0.116998,0.017311,0.016623,0.024650
0.707533,0.165675,-0.110207,-0.263580,0.030398,0.039414,0.030387
0.697423,-0.135102,-0.079192,-0.116414,0.031933,0.033935,0.023516
0.688842,-0.247349,-0.012644,-0.004756,0.028734,0.027926,0.010823
0.681939,-0.161429,0.006464,-0.020219,0.023550,0.020513,-0.007913
0.672229,-0.122858,0.002713,0.068022,0.011691,0.009544,-0.024361
0.659608,-0.016177,0.013336,0.135997,0.005230,0.013905,-0.020267
0.649497,0.159813,0.014347,0.069871,0.011404,0.019303,-0.001085
0.644380,0.143446,0.007525,0.052087,0.014954,0.000440,0.008536
0.640858,0.035903,0.013298,0.071598,0.014204,-0.017772,0.008807
0.637358,0.063216,-0.005625,-0.022220,0.029897,-0.001230,0.017652
0.636876,0.073763,-0.031069,-0.161609,0.049351,0.027961,0.022492
0.636800,-0.140073,0.051426,-0.107265,0.028586,0.001800,-0.012369
0.628850,-0.608342,0.227514,0.341159,-0.011110,-0.124076,-0.088192
0.615385,-1.026363,0.322243,0.764688,0.013904,-0.293333,-0.133205
0.608866,-0.608843,0.214811,0.262632,0.099940,-0.376655,-0.031484
0.616579,0.748932,-0.077492,-0.854588,0.133514,-0.310379,0.227615
0.642887,1.697771,-0.374475,-1.091498,0.069020,-0.129860,0.440366
0.688294,1.274691,-0.439969,-0.342082,-0.010339,0.114864,0.393546
0.733576,0.097193,-0.277691,0.055883,-0.051611,0.321302,0.126626
0.755390,-1.023217,-0.040471,-0.019219,-0.100808,0.330924,-0.168372
0.755175,-1.592589,0.254043,0.358454,-0.166890,0.170236,-0.357887
0.743571,-1.183382,0.504120,0.860323,-0.173684,0.044158,-0.392249
0.724178,-0.362129,0.434000,0.477640,-0.101511,-0.024302,-0.291882
0.711874,0.123727,0.034009,-0.392011,-0.029669,-0.120977,-0.098860
0.723909,0.870536,-0.402705,-0.719433,0.002446,-0.113360,0.158444
0.750883,1.806302,-0.615664,-0.694474,0.032688,0.080461,0.351848
0.773559,1.433861,-0.407992,-0.750459,0.054972,0.223138,0.324318
0.788622,0.050829,0.156600,-0.266891,0.015168,0.161753,0.153354
0.796828,-0.603317,0.546616,0.813616,-0.058215,0.041836,0.038321
0.796307,-0.497701,0.444820,1.198930,-0.076244,-0.019098,0.007151
0.792650,-0.326576,0.203191,0.511318,-0.043124,-0.026536,-0.034834
0.790638,-0.199005,0.056417,-0.059900,-0.046229,0.030895,-0.153239
0.784671,-0.495138,-0.116402,0.115780,-0.115859,0.133673,-0.310268
0.772870,-0.804158,-0.162719,0.381413,-0.190993,0.241345,-0.345497
0.765090,-0.179368,-0.140075,0.104804,-0.200847,0.373605,-0.224896
0.767771,0.300996,-0.461050,-0.386548,-0.159912,0.445295,-0.158076
0.774898,-0.440952,-0.507450,-0.477275,-0.112283,0.269346,-0.193636
0.777245,-0.784523,0.108826,-0.778967,0.102076,-0.002588,-0.140019
0.771272,0.075014,-0.557230,-2.263544,0.689009,0.059729,-0.033287
0.761477,0.471377,-2.398150,-3.223113,1.229418,0.357440,-0.021527
0.757643,0.278041,-0.823375,-0.438266,0.846819,0.283785,0.069603
0.764638,0.792915,3.880699,5.173684,-0.432088,-0.141064,0.345865
0.779298,1.248798,4.037102,7.665866,-1.364666,-0.232986,0.510948
0.799237,0.610858,-1.108929,2.843609,-1.091753,0.059796,0.433966
0.817356,-0.380626,-3.337825,-5.785266,-0.115975,0.131459,0.278908
0.815899,-1.653255,-1.552656,-9.835582,0.690705,-0.074539,-0.010498
0.797718,-3.227941,-1.861236,-6.319904,1.234002,-0.084680,-0.490755
0.790562,-3.264502,-4.196966,-2.778848,2.046977,0.268492,-0.928685
0.780621,-1.852963,-5.096988,-6.399613,3.327139,0.823234,-1.353071
0.718651,-1.666159,-4.865934,-11.794435,4.480819,1.324991,-1.955545
0.628008,-1.954098,-3.070980,-9.920319,4.900692,1.512749,-2.319408
0.589886,-0.128301,1.241516,-3.358578,4.750029,1.375767,-1.972566
0.610519,1.768453,4.935518,-0.032649,4.487823,1.075654,-1.328010
0.626068,1.073880,5.697466,0.165323,4.228271,0.676760,-0.988555
0.610437,-0.076631,5.364425,1.060468,3.904960,0.284434,-0.873873
0.585165,0.241421,5.064840,2.337978,3.473535,0.041261,-0.708958
0.564179,0.572478,4.343314,3.022640,2.943766,-0.095842,-0.521520
0.528934,0.284393,3.522311,3.474234,2.509403,-0.172200,-0.388529
0.452429,0.234240,2.677638,2.797682,2.337488,-0.103088,-0.302115
0.352295,0.280313,1.582765,1.170806,2.240128,0.065296,-0.255044
0.267592,0.211100,0.976139,1.066465,1.958930,0.146776,-0.197191
0.183345,0.511103,1.181816,2.360411,1.600077,0.088584,-0.066025
0.078607,0.983439,1.277517,2.111782,1.435145,0.021059,0.106269
0.002509,1.005933,0.825465,0.386663,1.425617,0.067022,0.226684
-0.007886,0.545857,0.388911,0.109171,1.275038,0.150033,0.231634
0.004366,-0.173318,0.259572,1.299774,0.961623,0.084636,0.136090
0.001329,-0.749654,0.116465,1.035162,0.863956,-0.087779,0.038705
-0.002856,-0.571741,-0.237470,-1.300722,1.178700,-0.115545,0.028358
0.000681,0.138512,-0.484739,-3.128422,1.578365,0.049729,0.078348
0.001200,0.308281,-0.170712,-2.625644,1.657083,0.200600,0.102888
-0.000939,-0.224883,0.678266,-0.489396,1.348210,0.222327,0.101651
-0.000204,-0.481247,1.559656,1.781026,0.801157,0.159944,0.150292
0.000608,-0.233919,2.049062,3.149995,0.231351,0.042399,0.248896
-0.000179,-0.255339,1.990542,2.977404,-0.116122,-0.084807,0.310622
-0.000246,-0.540166,1.426518,1.464560,-0.173012,-0.104502,0.320165
0.000215,-0.337478,0.746031,0.041917,-0.126820,-0.000462,0.345309
0.000032,0.103424,0.431137,-0.124425,-0.123127,0.080517,0.378455
-0.000133,-0.086579,0.398771,0.223601,-0.083259,0.067378,0.347747
0.000046,-0.578897,0.227491,-0.203242,0.058492,0.066577,0.278780
0.000050,-0.453281,0.063011,-0.775471,0.150857,0.114979,0.268863
-0.000049,0.013514,0.383896,0.020799,0.027199,0.086442,0.326918
-0.000004,0.025145,0.899631,1.592767,-0.229570,-0.044291,0.377484
0.000029,-0.203585,0.838153,1.967514,-0.405192,-0.128505,0.382820
-0.000012,-0.087468,0.243697,1.040267,-0.436742,-0.105040,0.361488
-0.000010,0.150813,-0.236169,0.335228,-0.404319,-0.079480,0.320246
0.000011,-0.012409,-0.490512,0.290750,-0.334521,-0.131177,0.245819
0.000000,-0.434677,-0.782470,0.155476,-0.176788,-0.211847,0.151708
-0.000006,-0.580974,-1.105027,-0.418115,0.069633,-0.231019,0.063036
0.000003,-0.444871,-1.318862,-1.065824,0.308748,-0.184463,-0.037495
0.000002,-0.472913,-1.267649,-1.204213,0.433821,-0.159603,-0.175095
-0.000003,-0.645291,-0.870552,-0.801649,0.441286,-0.178145,-0.318503
0.000000,-0.530457,-0.437564,-0.682679,0.422945,-0.141157,-0.419818
0.000001,-0.178162,-0.199924,-1.030237,0.415960,-0.014570,-0.473111
-0.000001,-0.000358,0.188898,-0.782031,0.355165,0.084123,-0.489482
-0.000000,-0.019780,0.842378,0.164081,0.237326,0.068522,-0.470900
0.000001,-0.015581,1.255719,0.535475,0.179965,-0.001523,-0.417703
-0.000000,0.034496,1.276472,0.185208,0.237087,-0.033789,-0.320000
-0.000000,0.089864,1.265276,0.160780,0.303118,-0.013984,-0.171255
0.000000,0.085598,1.317434,0.738446,0.246489,-0.005390,-0.011602
0.000000,-0.160266,1.293709,1.522443,0.054675,-0.085288,0.095557
-0.000000,-0.553477,1.112612,1.959645,-0.150838,-0.232724,0.138918
0.000000,-0.674759,0.660049,1.289209,-0.237184,-0.326427,0.156169
0.000000,-0.517317,0.057108,-0.152331,-0.205555,-0.321116,0.161478
-0.000000,-0.488890,-0.315540,-0.957270,-0.153918,-0.290549,0.137941
-0.000000,-0.578938,-0.455789,-1.036891,-0.125390,-0.262664,0.090458
0.000000,-0.515353,-0.644269,-1.315964,-0.099714,-0.207053,0.041180
