pressure,accel_x,accel_y,accel_z,gyro_x,gyro_y,gyro_z
0.608638,-0.644009,0.207077,-1.238348,0.031262,-0.062455,0.191419
0.614822,-0.182209,0.876413,-0.045402,0.095879,-0.480148,0.248907
0.620831,0.113422,0.557548,0.075708,0.133812,-0.523355,0.250297
0.625032,0.483834,0.042743,-0.524397,0.153900,-0.345908,0.233798
0.625212,0.222619,-0.000767,-0.275684,0.095949,-0.302240,0.136233
0.622285,-0.714671,-0.128485,0.771717,-0.038586,-0.350887,-0.076278
0.621817,-0.293044,-0.336900,0.561905,-0.077067,-0.220045,-0.162739
0.627872,1.492531,-0.052126,-0.853263,0.031019,0.032580,0.004176
0.636732,1.615417,0.266259,-0.975076,0.108360,0.120983,0.142284
0.641746,-0.155161,0.066964,0.340298,0.072478,0.023774,0.051937
0.641411,-0.968149,-0.096149,0.849207,0.012066,-0.064183,-0.101635
0.638115,-0.527275,0.063522,0.335140,-0.041772,-0.082901,-0.172976
0.634738,-0.292050,0.120703,0.231354,-0.123538,-0.087212,-0.190161
0.635464,0.063506,0.196420,0.543327,-0.221139,-0.089829,-0.171985
0.641720,0.573408,0.529175,0.662993,-0.323172,-0.103873,-0.148963
0.648386,0.295882,0.602561,0.713759,-0.415318,-0.115692,-0.166269
0.654373,0.128865,0.173080,0.421008,-0.408449,-0.003565,-0.139815
0.668750,0.856871,-0.184167,-0.368329,-0.288089,0.222287,-0.004268
0.695676,0.638637,-0.170930,-0.362993,-0.221487,0.257026,0.088687
0.728167,-0.799291,-0.109121,0.648891,-0.250714,-0.018566,0.074727
0.760684,-0.668438,-0.164120,0.433752,-0.155465,-0.247580,0.172101
0.788839,0.841578,-0.175128,-1.133713,0.085301,-0.219580,0.388979
0.804665,0.367382,-0.073541,-1.095457,0.171265,-0.164224,0.380450
0.809263,-1.287665,0.088770,0.438193,0.069511,-0.118435,0.138212
0.813258,-0.486137,0.265654,0.413041,0.061363,0.125935,0.054773
0.818478,1.367569,0.294915,-0.640344,0.131746,0.418621,0.135948
0.819379,0.728762,0.035240,-0.420777,0.071580,0.489049,0.048792
0.817544,-0.951412,-0.222743,0.110754,-0.029385,0.422058,-0.155575
0.817903,-1.141117,-0.031039,0.166243,-0.054943,0.295139,-0.196424
0.820323,-0.725868,0.401261,0.912500,-0.124021,0.042474,-0.081176
0.823295,-0.105631,0.419298,1.257931,-0.212081,-0.156958,0.053027
0.826746,1.123080,0.062944,-0.200554,-0.149406,-0.098291,0.148064
0.830079,1.250011,-0.019017,-1.283700,-0.018141,0.068925,0.146381
0.832979,0.003501,0.163996,-0.429462,-0.009094,0.153985,0.066768
0.835807,-0.284375,0.013552,0.462308,-0.092287,0.186924,-0.006785
0.837800,0.040324,-0.427426,-0.054765,-0.132130,0.218740,-0.103714
0.838129,-0.768438,-0.539421,-1.112929,-0.094628,0.241808,-0.231885
0.837659,-0.966489,-0.123471,-1.183106,-0.052509,0.240768,-0.240105
0.836994,0.648002,0.499679,0.429177,-0.084862,0.147295,-0.105386
0.835228,1.020799,0.924544,2.336693,-0.161165,-0.082460,-0.026050
0.832783,-0.840233,0.894134,2.281608,-0.172122,-0.336247,-0.050418
0.832154,-1.182237,0.494933,0.258887,-0.065202,-0.436649,0.011573
0.834560,0.973529,0.004457,-1.812275,0.128636,-0.307046,0.230383
0.839162,1.828076,-0.409591,-2.550940,0.283756,-0.055976,0.400481
0.843614,0.077650,-0.544040,-1.350737,0.201992,0.051430,0.279940
0.842679,-1.502515,-0.461389,1.067748,-0.101958,-0.095602,-0.105955
0.833092,-1.482187,-0.870237,1.670846,-0.263827,-0.201574,-0.447624
0.820309,-0.691234,-1.633344,-1.003679,-0.047758,0.030578,-0.499505
0.810571,0.511813,-1.111694,-3.296087,0.295372,0.405493,-0.310866
0.801169,1.768972,0.814492,-2.026744,0.468323,0.531848,-0.032657
0.788514,1.946256,2.012608,0.620621,0.485515,0.332107,0.226653
0.776338,1.100729,2.100767,2.448767,0.344996,-0.020922,0.344792
0.769213,0.606248,2.326703,3.780931,-0.003005,-0.320088,0.275966
0.766738,0.517845,1.688507,3.040907,-0.278174,-0.394676,0.081833
0.765578,-0.211553,-0.591877,-0.507296,-0.226787,-0.271404,-0.187481
0.762990,-0.869024,-1.658984,-2.689652,-0.134749,-0.121879,-0.367631
0.759488,0.029652,-0.125473,-1.215095,-0.291440,0.022796,-0.223662
0.759240,1.016971,0.805407,0.761043,-0.481636,0.157943,0.073627
0.768501,-0.255454,-0.426890,1.186274,-0.457375,0.130900,0.141921
0.789703,-1.718603,-1.214018,0.709550,-0.280063,-0.062623,0.117175
0.813823,-0.379897,-0.453013,-0.455401,-0.082478,-0.226051,0.294549
0.828950,1.233668,0.040521,-1.631369,0.075247,-0.258066,0.425450
0.836751,0.495067,-0.188318,-1.897134,0.204283,-0.092872,0.306126
0.844506,0.241837,-0.047368,-1.443410,0.280170,0.258793,0.222344
0.849217,1.153070,0.284025,-0.054616,0.140057,0.470449,0.190193
0.847304,-0.302413,0.060680,1.475236,-0.171405,0.359301,-0.078076
0.845045,-2.458787,-0.286538,0.552436,-0.265023,0.237813,-0.361137
0.846778,-0.984623,-0.133745,-1.582279,-0.059798,0.255887,-0.257473
0.848979,1.486826,0.237692,-0.913327,0.069306,0.188826,0.053707
0.849991,0.936974,0.362250,1.121402,0.017715,0.053732,0.205360
0.851780,-0.412130,0.275865,0.705162,0.015857,0.051166,0.189902
0.854137,-0.012483,0.181876,-0.632203,0.067874,0.132826,0.144615
0.855733,0.522191,0.087023,-0.290140,0.032941,0.189623,0.098377
0.856621,-0.196778,0.003892,0.359434,-0.036608,0.207543,0.017218
0.856699,-1.039388,0.100321,0.162039,-0.059508,0.131870,-0.084771
0.855924,-0.833100,0.332102,0.313649,-0.080447,-0.022872,-0.099033
0.855593,-0.176267,0.359128,0.947610,-0.102589,-0.112005,0.022892
0.856797,-0.116667,0.128253,0.669361,-0.053823,-0.064871,0.159809
0.859036,-0.105134,-0.042941,-0.457048,0.029478,0.052258,0.206893
0.861031,0.408057,-0.107051,-0.591033,-0.011112,0.117527,0.152034
0.861936,0.093233,-0.266039,0.433480,-0.189718,0.088747,-0.030467
0.862113,-1.064002,-0.341543,0.226399,-0.269858,0.132593,-0.252297
0.862595,-0.663336,0.023759,-1.283180,-0.150679,0.336253,-0.283326
0.863540,1.040713,0.629056,-0.686752,-0.096689,0.392825,-0.119356
0.864381,1.175211,0.903589,1.885054,-0.230022,0.068121,-0.007075
0.864924,0.125612,0.738883,1.835587,-0.236162,-0.354498,-0.005075
0.865022,0.202865,0.465599,-1.118422,0.041934,-0.541063,0.038026
0.864796,0.583829,0.129466,-2.376954,0.291706,-0.525570,0.139684
0.865479,-0.214260,-0.367877,-0.915251,0.273684,-0.462958,0.178805
0.867672,-1.012715,-0.612702,0.452781,0.119050,-0.395682,0.107251
0.869878,-0.557853,-0.199614,0.685561,0.014167,-0.245716,0.017255
0.870794,0.867448,0.440774,0.461624,-0.008266,0.061996,0.055984
0.870564,2.382226,0.630762,0.164842,0.020547,0.364846,0.216744
0.869296,2.390838,0.314116,-0.095432,0.096050,0.420453,0.296344
0.867571,0.104294,-0.161567,-0.572702,0.176612,0.312460,0.188682
0.867335,-2.268542,-0.524616,-0.953792,0.117678,0.263015,0.010200
0.869453,-2.168226,-0.638487,-0.162664,-0.121828,0.240977,-0.135033
0.872469,-0.420078,-0.459556,1.068726,-0.326932,0.164081,-0.247300
0.875120,0.664044,-0.084131,0.777810,-0.343481,0.138826,-0.306256
0.877288,0.836825,0.244685,-0.414491,-0.289824,0.217062,-0.281494
0.878405,0.831041,0.360683,-0.367938,-0.269582,0.260371,-0.218724
0.877607,0.285528,0.355175,0.666053,-0.227052,0.197749,-0.184356
0.875184,-0.677318,0.327361,0.826954,-0.134303,0.142915,-0.168773
0.872445,-0.694735,0.198830,-0.227849,-0.033958,0.151325,-0.122721
0.870829,0.206965,-0.008483,-1.124693,0.038861,0.100273,-0.060497
0.871232,0.473118,-0.084515,-0.807818,0.054178,-0.059648,-0.037557
0.873131,-0.016690,0.021307,0.189780,0.007231,-0.190745,-0.048290
0.874867,-0.127173,0.121210,0.650274,-0.050907,-0.217117,-0.046708
0.875540,0.173680,0.105955,0.270284,-0.060147,-0.190923,-0.027994
0.875672,0.249195,0.057792,-0.282435,-0.017992,-0.121548,-0.012445
0.875803,0.172261,0.055231,-0.399308,0.018708,-0.034542,-0.003752
0.875874,0.213918,0.061728,-0.182747,0.018934,-0.029138,0.004412
0.875976,0.271663,0.032920,-0.145841,0.016930,-0.084142,0.017282
0.876351,0.248870,0.015652,-0.264072,0.023828,-0.074209,0.030319
0.876825,0.178016,0.056737,-0.063739,0.009642,-0.002546,0.027722
0.877164,0.003287,0.103471,0.290422,-0.012016,0.026931,0.007411
0.877400,-0.187700,0.096461,0.277108,-0.006635,-0.008555,-0.001292
0.877215,0.000009,0.058212,-0.017300,0.023500,-0.023967,0.024162
0.876226,0.332820,0.034518,-0.202131,0.052098,0.029867,0.038582
0.875302,-0.032213,0.041578,-0.043376,0.022974,0.034266,-0.006858
0.875851,-0.375295,0.060486,0.320976,-0.059197,-0.094253,-0.013454
0.877473,0.746599,0.079749,0.204969,-0.038734,-0.185551,0.155389
0.878405,1.798587,0.142212,-0.434498,0.120095,-0.166579,0.376166
0.878288,0.584155,0.186597,-0.554016,0.183462,-0.210541,0.389023
0.878097,-0.841305,0.020635,-0.268238,0.085582,-0.198377,0.231271
0.877876,0.062562,-0.215559,-0.700549,0.038203,0.130096,0.142195
0.877303,1.049822,-0.116246,-0.934645,0.038386,0.446114,0.094880
0.877069,-0.322799,0.106567,0.186767,-0.058741,0.348613,-0.080698
0.877279,-1.705067,-0.077939,0.638282,-0.121070,0.146469,-0.237722
0.877618,-0.474246,-0.301669,-0.747860,-0.039105,0.146264,-0.119222
0.879719,1.651228,-0.037509,-1.138081,0.023859,0.117665,0.163014
0.883283,2.014642,0.232427,0.462951,0.042758,-0.013905,0.341181
0.883543,0.897260,0.257306,1.017655,0.169934,-0.082064,0.392580
0.880646,-0.296473,0.354012,-0.390107,0.394441,-0.184571,0.340687
0.879737,-1.342165,-0.061948,-1.514692,0.650750,-0.363313,0.073747
0.876998,-2.078578,-1.082647,-1.513791,0.894930,-0.395042,-0.338980
0.867678,-1.828227,-1.012641,-0.829884,0.924094,-0.323122,-0.639656
0.858396,-0.894297,0.610491,0.806843,0.637571,-0.370497,-0.779134
0.843064,-0.103864,2.342856,2.946415,0.201325,-0.450579,-0.790533
0.802151,0.545793,3.487023,4.205865,-0.393135,-0.490386,-0.549209
0.751529,0.726796,3.081503,4.006898,-1.085956,-0.591284,-0.159281
0.733938,0.295284,-0.091393,1.420515,-1.138329,-0.469112,0.054218
0.754036,0.736960,-3.457248,-3.873450,-0.288341,0.097888,0.099442
0.783275,1.020815,-3.140614,-6.328147,0.181346,0.367833,0.036774
0.808137,-2.302376,-0.826938,-0.793237,-0.421530,-0.137466,-0.348323
0.826214,-5.736623,-1.030409,4.556865,-0.643642,-0.322423,-0.793137
0.832594,-2.377145,-3.356580,-0.569332,0.344824,0.544697,-0.612359
0.829460,3.528771,-3.784524,-8.816118,1.098959,1.258822,0.045887
0.816365,3.305442,-1.477832,-8.069807,0.722334,0.926124,0.406112
0.787486,0.040791,1.003656,-1.897047,0.160434,0.412176,0.392114
0.755935,0.398036,2.448204,0.816599,0.063536,0.362560,0.411194
0.740793,1.911335,3.233774,0.370479,0.138774,0.276318,0.412934
0.733921,1.011157,2.978091,0.987939,0.160976,-0.133507,0.194477
0.721630,-0.196989,1.728961,3.445379,0.046586,-0.523140,-0.078411
0.710531,-0.353216,0.682993,4.804476,-0.207106,-0.624629,-0.226918
0.702383,-0.565605,0.155466,2.507886,-0.422225,-0.479537,-0.282527
0.687983,-0.397831,-0.138767,-0.710442,-0.570673,-0.236033,-0.226296
0.677520,0.808814,-0.016592,-0.977356,-0.647616,0.030267,-0.021689
0.692069,1.807005,-0.093968,-0.225792,-0.447879,0.213436,0.227982
0.727125,1.489583,-1.014212,-1.234406,-0.072216,0.081522,0.400099
0.758383,0.016796,-1.536853,-1.892934,0.092193,-0.284882,0.429219
0.776083,-1.320324,-0.812591,-0.897690,0.072068,-0.366670,0.350721
0.789633,-0.655589,-0.206740,-0.707046,0.103744,-0.009383,0.292935
0.804225,0.869491,-0.447270,-1.358849,0.064023,0.318275,0.210842
0.813479,0.244459,-0.396692,-0.383120,-0.129587,0.385104,0.011331
0.814261,-0.707134,0.348361,1.142507,-0.217236,0.432451,-0.074601
0.811793,0.339075,0.768312,0.956774,-0.148876,0.441904,0.037185
0.810331,-0.376977,0.420336,0.221213,-0.118136,0.171128,-0.001380
0.810196,-2.953378,-0.016782,-0.332929,-0.036112,-0.171388,-0.134425
0.811552,-1.234440,-0.093523,-1.555725,0.200497,-0.256005,0.086704
0.814420,2.755447,-0.078191,-1.718765,0.316297,-0.277467,0.445954
0.817652,1.844783,-0.111089,0.172620,0.175430,-0.455847,0.404018
0.820997,-0.974523,-0.011226,0.807733,0.074942,-0.494618,0.163164
0.825401,0.366125,0.145542,-1.044007,0.194343,-0.153196,0.179217
0.828217,2.898780,0.190142,-1.926861,0.348128,0.280787,0.331759
0.822477,2.351600,0.216998,-0.314922,0.349910,0.467662,0.364138
0.807715,0.186817,0.193279,1.474020,0.211956,0.435322,0.302846
0.795975,-1.632342,-0.110763,1.591391,0.031965,0.363984,0.126775
0.797287,-2.533041,-0.579052,0.183515,-0.103556,0.360310,-0.201358
0.806518,-1.624255,-0.806300,-1.439816,-0.158463,0.459624,-0.447738
0.814232,-0.003290,-0.613109,-1.475175,-0.171058,0.554119,-0.439950
0.819866,0.098200,-0.064868,0.260658,-0.182742,0.459779,-0.331592
0.825584,-0.129789,0.621441,1.482130,-0.162089,0.247948,-0.211533
0.828920,1.356648,0.937207,0.831164,-0.099990,0.181061,-0.003793
0.827662,2.304285,0.561493,-0.063785,-0.070459,0.217854,0.163704
0.823514,0.317415,0.068688,0.124578,-0.072811,0.045335,0.111272
0.819677,-1.691254,0.159488,0.297874,-0.015703,-0.368672,-0.004266
0.819293,-0.793152,0.389550,-0.220870,0.071735,-0.709047,0.017132
0.823616,0.441248,-0.032609,-0.558577,0.104384,-0.740141,0.080985
0.830178,-0.147035,-0.703955,-0.828960,0.144448,-0.466603,0.102918
0.835659,0.039803,-0.718993,-1.365799,0.187837,-0.042996,0.150578
0.839384,1.632577,-0.158824,-0.547411,0.033734,0.281493,0.157705
0.842114,1.238937,0.266156,1.641211,-0.261788,0.368014,0.026942
0.844122,-0.934306,0.220471,1.675616,-0.299960,0.357481,-0.100650
0.845338,-1.273820,-0.148224,-1.085296,-0.023971,0.391949,-0.105321
0.845524,-0.211188,-0.392001,-2.145779,0.137530,0.361692,-0.100107
0.845112,-0.402348,-0.157802,0.283209,0.000404,0.172520,-0.143254
0.845824,-0.872367,0.294017,2.267472,-0.151080,-0.036833,-0.134241
0.848171,0.133258,0.455545,1.253945,-0.124725,-0.124854,-0.038757
0.850271,1.264474,0.284568,-0.445219,-0.043949,-0.123000,0.082969
0.851507,0.989337,0.062068,-0.562112,-0.029888,-0.110477,0.161921
0.853638,0.053083,-0.036720,0.036429,-0.042311,-0.088730,0.143932
0.856732,-0.296833,-0.029213,0.019193,-0.021123,-0.009436,0.072199
0.858763,0.088062,-0.104984,-0.389670,0.017502,0.133501,0.038640
0.859451,0.443776,-0.321664,-0.711696,0.052388,0.286496,0.030172
0.859997,0.258778,-0.340229,-0.866419,0.084741,0.375712,0.013751
0.860385,-0.117712,0.024353,-0.298597,0.048829,0.301531,0.011222
0.860377,-0.526857,0.338625,1.023748,-0.094804,0.033878,-0.014719
0.860813,-0.944031,0.242338,1.452178,-0.195799,-0.243041,-0.065614
0.862034,-0.473805,0.033991,0.249201,-0.136308,-0.317165,-0.006429
0.863851,0.815501,0.014954,-0.856543,-0.030016,-0.213795,0.161095
0.867080,1.056712,-0.039158,-0.962412,0.047063,-0.061321,0.231550
0.871337,0.027439,-0.209300,-1.048477,0.142631,0.068620,0.155991
0.873302,-0.489744,-0.138915,-1.132904,0.216802,0.086667,0.063312
0.871899,-0.480696,-0.062457,-0.833785,0.290369,-0.030156,-0.057438
0.869780,-1.101333,-0.764268,-0.993112,0.501835,-0.144078,-0.281984
0.866441,-1.605946,-1.715000,-1.364691,0.730380,-0.162085,-0.486936
0.860348,-0.939566,-1.347872,-0.618227,0.741297,-0.110886,-0.499880
0.853918,0.047362,0.127799,0.586398,0.641278,-0.005502,-0.359537
0.843399,0.350490,0.931266,1.157283,0.550476,0.078298,-0.219871
0.821756,0.161640,0.705728,1.844771,0.300097,0.015853,-0.152140
0.797006,-0.132026,0.434639,2.433534,-0.059129,-0.100602,-0.136575
0.774160,-0.259684,0.364773,1.310913,-0.185955,-0.068091,-0.128620
0.735228,-0.044956,0.211988,-0.601070,-0.092826,0.049807,-0.118125
0.678816,0.100033,-0.005832,-0.851559,-0.077394,0.066880,-0.133843
0.637222,0.068843,-0.121321,-0.116432,-0.076909,0.039048,-0.131390
0.620282,0.540870,0.177490,-0.483544,0.143978,0.045511,-0.027302
0.600203,0.954088,0.849394,-0.626360,0.370558,-0.112159,0.058473
0.565956,-0.080704,1.062959,1.317962,0.273463,-0.467827,-0.081058
0.536293,-1.259501,0.510323,2.561709,0.081815,-0.548299,-0.313603
0.521692,-0.261058,0.058997,0.645057,0.136524,-0.133605,-0.328611
0.514273,1.315031,0.095965,-0.575097,0.200431,0.192703,-0.188017
0.505316,0.626548,0.037418,1.834146,-0.015668,-0.007163,-0.165498
0.487575,-0.893495,-0.159910,3.432418,-0.242744,-0.284019,-0.228310
0.452731,-0.674016,-0.120526,1.028678,-0.202977,-0.200130,-0.217243
0.404691,0.194039,-0.213759,-1.389171,-0.073658,-0.023254,-0.197614
0.361963,0.165915,-0.576829,-0.933284,-0.034695,-0.001024,-0.215666
0.336665,0.228620,-0.430767,-0.019131,-0.014647,0.048476,-0.163879
0.328035,0.604477,0.133108,0.102818,0.004381,0.135472,-0.106653
0.333279,-0.099159,0.035586,0.970773,-0.054375,0.003234,-0.222790
0.346285,-1.267138,-0.517792,2.204040,-0.139958,-0.317843,-0.396036
0.359227,-0.921874,-0.334135,1.896745,-0.138272,-0.552141,-0.357275
0.372547,0.465644,0.548634,0.395142,-0.080538,-0.612525,-0.126980
0.386129,0.964720,1.114812,-0.576949,-0.085533,-0.545315,0.067673
0.391443,0.380303,0.835095,-0.986478,-0.129209,-0.332871,0.129651
0.387239,-0.283594,-0.139845,-1.731154,-0.058019,-0.025785,0.103624
0.383669,-0.558190,-1.054192,-2.224092,0.128849,0.204331,0.049258
0.384205,-0.393168,-0.965213,-1.456518,0.240944,0.282403,0.027761
0.382460,0.082785,0.009933,-0.092638,0.195650,0.278024,0.067896
0.377311,0.355321,0.734346,0.885925,0.085090,0.208801,0.114574
0.374460,0.059160,0.684278,1.573352,-0.029274,0.044285,0.113495
0.373552,-0.311952,0.397201,1.677551,-0.117101,-0.105380,0.108099
0.369800,-0.019970,0.293213,0.621780,-0.109905,-0.094475,0.147901
0.365854,0.581060,0.148660,-0.595390,-0.023263,0.007947,0.177065
0.364287,0.501941,-0.186168,-0.728902,0.049148,0.051285,0.134436
0.357764,-0.069265,-0.388905,-0.432177,0.098899,0.061409,0.069074
0.345394,-0.139660,-0.259935,-0.585920,0.151744,0.116300,0.046488
0.338096,0.167073,-0.085629,-0.560608,0.160473,0.153664,0.047792
0.332802,0.045946,-0.084989,0.068458,0.115601,0.109535,0.034416
0.312727,-0.324960,-0.102599,0.451035,0.089068,0.053436,0.009045
0.277751,-0.310607,-0.041842,0.238079,0.088311,0.046668,-0.010479
0.242284,-0.017844,0.027239,0.169566,0.054640,0.049406,-0.005231
0.213911,0.153680,0.109011,0.368256,0.004431,0.036040,0.026412
0.192993,0.123268,0.123140,0.211725,-0.001580,0.031416,0.040622
0.173164,-0.061605,-0.066395,-0.116062,0.018757,0.029130,0.008940
0.147606,-0.228527,-0.253557,-0.024748,0.019182,0.016294,-0.022771
0.126733,-0.166948,-0.195349,0.119142,0.024403,0.024282,-0.016622
0.120959,-0.010249,-0.091964,-0.144781,0.063237,0.061421,-0.000898
0.117388,0.042573,-0.087432,-0.278988,0.087170,0.081066,0.010257
0.108435,0.063891,0.026298,0.098970,0.053056,0.055002,0.033606
0.105398,0.018371,0.169883,0.391407,0.007181,0.010994,0.045868
0.104046,-0.151301,0.028848,0.171072,0.010049,-0.002423,0.023520
0.092127,-0.145921,-0.201351,-0.163003,0.043272,0.028209,0.004320
0.082402,0.080608,-0.145329,-0.204351,0.052809,0.057812,0.012325
0.082762,0.070596,0.017984,-0.047128,0.035933,0.045858,0.012788
0.072275,-0.198053,-0.009400,0.093501,0.023602,0.015275,-0.010910
0.047987,-0.274079,-0.073783,0.191377,0.010366,-0.002643,-0.032504
0.037195,-0.135385,0.008096,0.269961,-0.025947,-0.018506,-0.035540
0.044649,-0.027221,0.092350,0.248699,-0.061763,-0.038312,-0.024652
0.047561,0.063130,0.051539,0.089683,-0.060582,-0.043812,-0.010123
0.038692,0.127800,-0.020678,-0.065286,-0.036108,-0.033113,-0.003313
0.026757,0.070664,-0.038428,-0.093025,-0.019788,-0.019297,-0.005110
0.013746,-0.034686,-0.055603,-0.060993,-0.010891,-0.006122,-0.009581
0.002797,-0.118109,-0.115387,-0.036296,-0.002659,0.000251,-0.017971
0.003831,-0.179228,-0.129202,0.038709,-0.005519,-0.009012,-0.027066
0.014869,-0.132911,-0.039926,0.123884,-0.017209,-0.020685,-0.025525
0.021538,-0.003908,0.021882,0.064110,-0.017420,-0.013129,-0.016389
0.020116,0.029135,-0.038408,-0.077031,-0.005099,0.003895,-0.014909
0.018592,-0.028386,-0.095610,-0.081920,-0.000577,0.002837,-0.022963
0.018257,-0.019708,-0.059041,0.004793,-0.008279,-0.012337,-0.029319
0.015092,0.063452,-0.016883,-0.009571,-0.012782,-0.015071,-0.028108
0.011014,0.128974,-0.012296,-0.086046,-0.006982,-0.003771,-0.021333
0.008431,0.137023,-0.003382,-0.103961,0.001974,0.004303,-0.011921
0.005149,0.077805,-0.001366,-0.083680,0.002807,0.005050,-0.004924
0.001856,-0.009373,-0.005775,-0.025463,-0.010439,0.000730,-0.008110
0.001702,-0.024851,0.006781,0.057989,-0.023371,-0.008052,-0.021290
0.002571,0.047189,-0.007049,0.003454,-0.018758,-0.013094,-0.031627
0.001111,0.092922,-0.022943,-0.143430,-0.013565,-0.011094,-0.031496
-0.000461,0.046453,0.038520,-0.066918,-0.024899,-0.010905,-0.030176
0.001209,-0.021150,0.062209,0.136145,-0.028568,-0.013010,-0.032883
0.006127,-0.046540,-0.040692,0.072237,-0.018047,-0.017218,-0.030175
0.012237,-0.069308,-0.062192,-0.076251,-0.029215,-0.038453,-0.022954
0.015166,-0.096001,0.055108,0.056260,-0.061498,-0.069552,-0.022098
0.012088,-0.035095,0.046758,0.187867,-0.078104,-0.082394,-0.024298
0.009691,0.049285,-0.083029,0.049930,-0.084224,-0.104190,-0.034306
0.017344,-0.061612,-0.056972,0.005014,-0.112784,-0.184113,-0.068302
0.031683,-0.189880,0.081969,0.231611,-0.150152,-0.273722,-0.094752
0.040155,0.031440,0.118478,0.233112,-0.118441,-0.314385,-0.080485
0.037838,0.139215,0.135283,-0.238767,0.025126,-0.400560,-0.096850
0.032208,-0.444453,0.267730,-0.423047,0.154633,-0.603322,-0.197125
0.030820,-0.789291,0.413105,0.295798,0.106326,-0.733215,-0.254279
0.029650,0.139662,0.465721,0.889994,-0.036947,-0.583228,-0.145406
0.027132,1.269010,0.346297,0.222200,-0.076580,-0.265122,0.030460
0.039483,1.118258,-0.095714,-0.673177,-0.040071,-0.042014,0.106617
0.068255,0.120841,-0.672042,-0.522794,-0.053560,0.007803,0.059504
0.083548,-0.601534,-0.917467,-0.209809,-0.082241,0.020491,-0.031597
0.086951,-0.727924,-0.977314,-0.524672,-0.063986,0.168911,-0.082876
0.123509,-0.241834,-1.269194,-0.612286,-0.028501,0.446022,-0.034397
0.189244,0.700817,-1.211868,-0.097295,-0.050923,0.640470,0.117037
0.230856,1.460034,-0.151272,0.729827,-0.269025,0.672311,0.294996
0.249729,1.453773,0.935084,1.672060,-0.651682,0.723896,0.391587
0.287710,0.671973,0.948068,1.408813,-0.810859,0.824076,0.360398
0.337656,-0.351701,0.638479,-0.571341,-0.554739,0.739652,0.256217
0.368920,-0.862993,0.855836,-1.697462,-0.222720,0.448878,0.170254
0.384787,-0.652674,0.919975,-0.848609,-0.014355,0.177783,0.138215
0.394730,-0.278354,0.462549,-0.613717,0.260790,-0.028026,0.126990
0.392790,-0.146333,0.329701,-1.500413,0.537902,-0.249454,0.092904
0.381909,-0.144940,0.743472,-0.904729,0.496783,-0.418410,0.016940
0.369802,-0.201007,0.956314,0.964782,0.195144,-0.440568,-0.091724
0.350933,-0.158737,0.725058,1.231630,-0.017043,-0.317286,-0.170123
0.323470,0.307708,0.384055,-0.226747,-0.026946,-0.100482,-0.147358
0.301521,0.769130,0.037061,-0.944996,0.015890,0.070088,-0.077084
0.295364,0.393758,-0.393932,-0.180911,-0.018118,0.088079,-0.082816
0.301335,-0.298688,-0.759780,0.577723,-0.112993,0.053274,-0.128326
0.313834,-0.026258,-0.573468,0.459222,-0.164170,0.056574,-0.058763
0.327844,0.876657,0.300900,0.082098,-0.122709,0.009737,0.100512
0.333692,0.867101,0.847168,-0.001263,-0.048655,-0.119342,0.142574
0.328910,-0.179564,0.194796,0.072773,-0.010602,-0.223496,0.017302
0.327187,-0.767079,-0.673891,0.180678,-0.027116,-0.245647,-0.079074
0.336629,-0.192089,-0.509266,0.255337,-0.092614,-0.195630,-0.018733
0.347429,0.534621,0.100346,0.002945,-0.148477,-0.094776,0.079335
0.355584,0.470317,0.077668,-0.571812,-0.110626,-0.008464,0.079341
0.367186,-0.009030,-0.352146,-0.774862,-0.059732,0.029864,0.028995
0.381766,-0.286808,-0.414856,-0.097603,-0.208060,0.053469,0.008216
0.410118,-0.422182,-0.021244,0.719117,-0.502446,0.045978,-0.010999
0.473349,-0.284432,0.240109,0.575268,-0.595060,0.004897,-0.025418
0.550400,0.430551,0.001807,-0.157133,-0.394757,-0.006353,0.021574
0.591970,0.741320,-0.210801,-0.335799,-0.200273,-0.100770,0.053758
0.598194,-0.314235,0.156407,0.031202,-0.171508,-0.461969,-0.006690
0.606781,-1.208591,0.558702,0.427635,-0.171894,-0.886799,-0.014257
0.625144,-0.405169,0.261619,0.698410,-0.127082,-0.990894,0.106300
0.640934,0.788065,-0.373868,0.015185,-0.068658,-0.724330,0.173036
0.658628,1.121478,-0.671938,-1.951534,0.033851,-0.233863,0.141412
0.682104,1.233161,-0.641793,-3.000528,0.148442,0.348569,0.144600
0.700029,1.302078,-0.435537,-1.677633,0.164855,0.795232,0.128835
0.705342,0.803714,-0.017619,-0.121638,0.101328,0.891404,0.021874
0.704798,-0.350844,0.396625,0.529083,-0.010106,0.555248,-0.049473
0.709078,-1.643528,0.499647,1.840378,-0.186873,-0.103317,-0.040537
0.722738,-1.462332,0.233760,2.205702,-0.180379,-0.524393,0.028865
0.741427,0.686490,-0.189810,-1.279005,0.213944,-0.181238,0.244533
0.755310,1.731260,-0.330035,-4.239550,0.508106,0.410839,0.409505
0.752320,-0.675548,-0.368453,-1.059128,0.263022,0.360580,0.084903
0.727101,-3.802482,-1.288521,2.889527,0.078496,-0.011217,-0.537487
0.691637,-3.872603,-2.617900,0.393385,0.481145,0.218566,-0.706293
0.660916,-1.454665,-2.248517,-2.859234,0.741421,0.837410,-0.295619
0.635337,0.337016,-0.155178,0.285879,0.275952,0.970721,0.116332
0.616349,0.735952,1.378639,3.578875,-0.139139,0.600620,0.307219
0.614803,1.015784,1.872561,0.604440,0.094430,0.255588,0.492023
0.628621,1.040980,2.639962,-2.224108,0.308992,0.014726,0.616778
0.641957,0.012418,3.110996,0.485712,0.046453,-0.231292,0.445845
0.647548,-1.376687,1.414151,3.051898,-0.153822,-0.370574,0.025561
0.644194,-2.091338,-1.427533,1.332570,-0.077754,-0.377520,-0.370325
0.629847,-1.477865,-1.725346,-0.465290,-0.211298,-0.307341,-0.483816
0.621131,0.511902,0.829490,0.319280,-0.542289,-0.082052,-0.275310
0.646390,1.892560,1.670877,0.894090,-0.540563,0.178174,0.028201
0.697572,1.270965,-0.869754,-0.447558,-0.215528,0.151220,0.253354
0.734922,0.630761,-2.467648,-2.141688,-0.005788,-0.106051,0.377267
0.750061,0.622250,-0.992595,-2.290432,-0.023334,-0.249379,0.301831
0.767519,-0.443431,0.323502,-0.828444,-0.064382,-0.154566,0.111676
0.789620,-0.746034,-0.060616,0.013945,0.039578,0.122093,0.148122
0.798417,1.016339,-0.314076,-0.838798,0.190785,0.412789,0.267618
0.795080,0.313808,-0.169460,-1.037773,0.117545,0.493114,-0.021141
0.793800,-3.321178,-0.541980,0.219815,-0.105682,0.452980,-0.469389
0.798158,-3.468537,-0.656501,0.851472,-0.134644,0.488783,-0.432743
0.804594,-0.031627,0.123014,1.215778,-0.033507,0.405876,-0.015308
0.810140,1.316233,0.771844,2.377370,-0.080210,0.056143,0.292904
0.813006,0.815732,0.677809,2.232489,-0.179395,-0.241591,0.411546
0.815351,1.188218,0.381607,0.103702,-0.138665,-0.201249,0.423650
0.819175,1.186660,0.140429,-1.630608,-0.024684,0.089016,0.303205
0.820634,0.148758,-0.198180,-2.080119,0.030102,0.363182,0.065059
0.818137,-0.858314,-0.447155,-1.540880,-0.011139,0.419175,-0.197379
0.817290,-1.930199,-0.353466,0.021340,-0.076393,0.310198,-0.305151
0.820482,-2.150958,-0.054988,1.237092,-0.047687,0.200865,-0.131453
0.823787,-0.173562,0.163142,0.795170,0.060858,0.090484,0.144488
0.826148,1.761551,0.200119,-0.148279,0.104869,-0.004059,0.252554
0.829543,0.872802,0.103755,-0.147419,0.011606,0.051316,0.171504
0.832738,-1.142298,-0.038553,0.260160,-0.120051,0.212159,0.008326
0.833678,-1.169057,-0.055812,-0.031912,-0.136705,0.325107,-0.124400
0.832980,0.232062,0.157134,-0.506020,-0.058128,0.364181,-0.103913
0.830855,0.539955,0.415800,0.140613,-0.047002,0.255357,0.010617
0.826338,-0.511110,0.526775,1.195462,-0.108435,-0.103825,0.023241
0.821098,-1.313544,0.477134,0.822949,-0.096719,-0.524830,-0.029668
0.819758,-0.795231,0.151561,-0.527794,0.017936,-0.687001,0.057880
0.825075,0.876613,-0.411212,-1.116637,0.139606,-0.531548,0.266836
0.834290,2.003322,-0.709830,-0.705581,0.144485,-0.228854,0.379358
0.841894,1.015950,-0.566291,0.044986,-0.017916,0.069923,0.300276
0.845534,-0.559243,-0.408978,0.282891,-0.133752,0.326959,0.124588
0.846696,-0.553129,-0.254642,-0.528933,0.010762,0.486919,-0.036940
0.846830,-0.224011,0.226476,-0.638322,0.147216,0.376383,-0.144578
0.846297,-0.975070,0.654272,1.572351,-0.026221,0.017817,-0.149163
0.845929,-1.050621,0.526656,3.219772,-0.210273,-0.182087,-0.005297
0.846583,0.323838,0.233206,1.458255,-0.087844,-0.001895,0.185297
0.847568,1.101097,0.176007,-0.807405,0.091824,0.244150,0.263611
0.847420,0.714297,0.083019,-0.636484,0.106104,0.284805,0.243636
0.846348,0.517055,-0.104995,-0.151881,0.112384,0.256344,0.216093
0.845845,0.293005,-0.174160,-0.789243,0.155942,0.308480,0.134613
0.845954,-0.801259,-0.338122,-0.516763,0.085555,0.365239,-0.064208
0.846534,-1.583079,-0.565951,0.910295,-0.096494,0.323740,-0.251642
0.849134,-0.681533,-0.230128,1.324484,-0.267902,0.195395,-0.244315
0.852024,0.771251,0.511173,0.352768,-0.352787,0.022310,-0.122541
0.849172,0.679109,0.664470,-0.656115,-0.306204,-0.209411,-0.117181
0.840572,-0.576799,0.182834,-1.077037,-0.113914,-0.418991,-0.123677
0.834596,-0.727538,-0.093556,-1.152142,0.166338,-0.391810,0.136752
0.835891,0.054173,0.005094,-0.969659,0.348933,-0.174596,0.434339
0.841288,-0.327984,0.104231,0.021714,0.238260,-0.068336,0.348501
0.846984,-0.770835,0.173519,1.647567,-0.011016,-0.027563,0.123361
0.850204,0.842223,0.261322,1.831025,-0.033415,0.199479,0.174039
0.848570,1.627564,0.150745,-0.075268,0.101187,0.427971,0.202395
0.844509,-1.379020,-0.280251,-1.093146,0.048180,0.390622,-0.140062
0.843623,-3.949040,-0.713751,0.014976,-0.097149,0.284149,-0.447921
0.846433,-1.565489,-0.585353,0.447339,-0.061174,0.274624,-0.293086
0.848974,2.249469,0.138726,-0.315551,0.014699,0.175404,0.073865
0.850069,2.571647,0.670394,0.062881,-0.050113,-0.033697,0.261412
0.851401,0.758521,0.473255,0.739541,-0.084058,-0.124275,0.244604
0.853695,-0.059454,0.006528,-0.095384,0.003290,-0.067792,0.174056
0.856979,0.001113,-0.201131,-0.486988,0.002420,-0.000703,0.114319
0.860778,-0.190224,-0.292311,0.552827,-0.129305,0.070591,0.002352
0.863427,-0.516802,-0.387570,0.218312,-0.131149,0.207457,-0.155803
0.864299,-0.303492,-0.171501,-1.516888,0.030817,0.352481,-0.149113
0.864617,0.499940,0.343770,-0.863744,0.056783,0.364308,0.095469
0.864791,0.871377,0.587338,1.886922,-0.086714,0.190034,0.293446
0.864129,0.059214,0.380196,2.243871,-0.103588,-0.072688,0.249733
0.862523,-1.083977,0.162312,-0.349138,0.062710,-0.266011,0.127709
0.860585,-1.379152,0.070888,-2.261264,0.219956,-0.312422,0.095319
0.859991,-0.830669,-0.125649,-1.749276,0.240163,-0.358315,0.151841
0.863389,-0.052516,-0.276084,0.391379,0.036094,-0.643691,0.303798
0.871768,0.548351,-0.093754,2.317515,-0.268635,-1.057102,0.518115
0.881407,0.857910,0.233317,1.535862,-0.289878,-1.168359,0.642576
0.885404,1.074994,0.435881,-1.160193,-0.043156,-0.878563,0.626837
0.883188,1.345635,0.512078,-1.506826,0.060984,-0.503822,0.559745
0.882247,1.219998,0.388760,0.135114,0.156297,-0.137683,0.378438
0.878409,-0.237999,0.104849,-0.775184,0.585147,0.328371,-0.097611
0.853295,-3.271756,-0.009835,-2.584161,0.812827,0.568825,-0.774531
0.810607,-5.625071,-0.283992,-0.664707,0.328521,0.212847,-1.255684
0.782500,-3.998696,-1.459442,1.413361,-0.160237,-0.222117,-1.276997
0.782266,0.528719,-2.656197,-0.814583,-0.079082,0.005770,-0.967515
0.789945,2.870918,-2.071014,-2.482916,-0.037604,0.572865,-0.627380
0.789674,1.851888,-0.130535,-0.194606,-0.334374,0.723231,-0.395087
0.784040,1.069509,1.107603,0.769911,-0.379386,0.531915,-0.214070
0.778087,1.722705,1.452185,-1.698077,-0.027265,0.443285,-0.000732
0.773097,2.099749,2.331627,-2.833940,0.284662,0.408614,0.238109
0.767130,1.570228,3.372194,-0.118437,0.331097,0.175145,0.350967
0.757953,0.021147,2.339863,4.126342,0.116895,-0.242240,0.177624
0.750228,-1.846495,-0.773545,5.398847,-0.124715,-0.563154,-0.137264
0.748918,-1.661893,-2.599300,1.605938,-0.104303,-0.504179,-0.263754
0.749253,0.187967,-1.286850,-2.401943,-0.067646,-0.150823,-0.196140
0.748779,0.484102,0.509312,-2.049533,-0.297954,0.179816,-0.161942
0.756416,-0.124775,0.166793,-0.518772,-0.418021,0.403778,-0.132771
0.775171,1.048138,-0.843602,-0.286214,-0.241109,0.468322,0.015752
0.793497,2.117987,-0.364614,1.036535,-0.185219,0.140763,0.179069
0.803573,0.939585,0.635009,2.084799,-0.241820,-0.447968,0.283403
0.810137,0.060481,0.444891,-0.464810,0.003628,-0.740200,0.404037
0.818400,0.710117,-0.503033,-3.654458,0.359053,-0.498063,0.479644
0.828826,0.279563,-1.055778,-3.204750,0.333533,-0.004362,0.381070
0.840401,-1.414731,-0.985886,-0.356741,0.002798,0.371693,0.171880
0.850008,-1.872969,-0.505308,1.540138,-0.241431,0.484247,-0.032608
0.855120,-1.157325,0.083197,1.177878,-0.266292,0.495072,-0.235596
0.855665,-0.613968,0.443672,-0.224845,-0.186982,0.589446,-0.375197
0.848874,0.342168,0.596193,-0.106543,-0.157819,0.598476,-0.298850
0.834521,1.196429,0.640279,1.835547,-0.240884,0.280181,-0.131047
0.823797,-0.370868,0.405655,2.528806,-0.316508,-0.197664,-0.160926
0.825637,-2.465889,-0.007459,0.143915,-0.170048,-0.458752,-0.186132
0.832157,-0.685722,-0.127810,-2.698622,0.194256,-0.407099,0.190162
0.833244,2.500098,0.122873,-2.332770,0.418122,-0.262442,0.628984
0.832229,1.612984,0.304768,0.583085,0.263736,-0.171666,0.571523
0.834889,-0.889937,0.139701,1.738423,0.044408,-0.002728,0.281243
0.837506,-0.489789,-0.156910,-0.176790,0.103265,0.312821,0.184327
0.835482,-0.109869,-0.287227,-1.698734,0.234781,0.549237,0.038391
0.832065,-2.330355,-0.314942,-0.831030,0.167973,0.557996,-0.278362
0.832035,-2.973046,-0.348768,0.619980,0.046310,0.437684,-0.316741
0.835021,-0.070284,-0.173995,1.370685,0.021337,0.237956,0.025289
0.838718,2.093417,0.201852,1.505321,0.020998,-0.004502,0.288904
0.843231,1.265171,0.306205,0.599742,0.024391,-0.091649,0.284348
0.849596,-0.061003,0.041916,-0.736492,0.021383,0.034753,0.193356
0.856526,-0.502204,-0.130908,-0.671823,-0.090364,0.142373,0.086054
0.860762,-0.842555,-0.013813,0.622904,-0.242713,0.099147,-0.020118
0.860138,-0.797560,0.205384,1.069914,-0.232754,0.007712,-0.051270
0.855221,-0.264117,0.355783,0.166072,-0.109102,-0.084123,-0.077057
0.849009,-0.276703,0.296707,-0.564657,-0.063498,-0.197611,-0.125809
0.845489,0.107993,0.065483,-0.514688,-0.048250,-0.251775,-0.004179
0.846420,1.842805,-0.048297,-0.617326,0.055699,-0.184119,0.254921
0.849760,2.119744,0.015475,-0.722887,0.140065,-0.062843,0.335676
0.852735,-0.055505,0.069925,0.087716,0.100369,0.054538,0.225117
0.854216,-0.897441,0.047218,0.608252,0.049026,0.185490,0.114313
0.853828,-0.035506,-0.186317,-0.596077,0.081960,0.340421,-0.067696
0.852582,-0.984603,-0.589752,-1.746215,0.127637,0.463283,-0.314672
0.853104,-2.322309,-0.492451,-0.639531,0.099328,0.436749,-0.299187
0.855534,-0.531266,0.329622,1.557934,0.017250,0.231962,0.038584
0.856922,2.001656,0.912287,2.269750,-0.024750,0.028750,0.326564
0.857349,1.790645,0.628940,1.000244,0.007857,0.006731,0.366089
0.860303,0.324584,0.043240,-0.445870,0.012163,0.102993,0.282059
0.865312,-0.496641,-0.296717,-0.307692,-0.116662,0.135857,0.114516
0.868138,-1.368000,-0.432814,0.781572,-0.314312,0.079760,-0.198378
0.868738,-1.861635,-0.442338,0.583236,-0.377888,0.116312,-0.493874
0.870588,-0.580322,-0.219351,-0.887067,-0.216736,0.339079,-0.495751
0.873270,1.175012,0.328534,-0.657987,-0.083588,0.442130,-0.258042
0.873867,1.358949,0.943116,1.741675,-0.234912,0.069663,-0.084716
0.872434,0.875975,1.110355,1.987401,-0.351646,-0.521718,-0.019424
0.869225,0.912673,0.783672,-1.552716,-0.012671,-0.780691,0.090343
0.862555,0.264169,0.334329,-3.726454,0.405705,-0.722167,0.155382
0.854397,-0.960706,-0.136713,-1.526748,0.323159,-0.685038,0.062560
0.850682,-0.405659,-0.516498,0.688667,0.015677,-0.599438,0.026199
0.853606,1.495711,-0.427544,-0.251127,0.029704,-0.278923,0.190062
0.859446,2.040757,-0.009396,-1.605405,0.224666,0.094867,0.340784
0.863563,1.301338,0.151204,-1.105089,0.236259,0.321848,0.334782
0.864887,0.710765,0.058201,-0.042784,0.138115,0.475810,0.287190
0.865986,-0.033828,0.036872,0.143295,0.118421,0.647454,0.243451
0.868627,-1.052445,-0.117561,-0.373225,0.110605,0.785250,0.103248
0.871724,-1.501347,-0.501209,-0.519005,0.014837,0.791974,-0.132504
0.874830,-1.186965,-0.535007,0.197978,-0.091307,0.660188,-0.310034
0.878339,-0.377562,-0.023618,0.860106,-0.121811,0.517013,-0.351918
0.880529,0.289020,0.417795,1.038915,-0.156335,0.431727,-0.355811
0.879952,0.184454,0.514891,1.330331,-0.249638,0.323869,-0.332152
0.878096,0.284316,0.558150,1.036517,-0.253035,0.194444,-0.149715
0.876565,0.872864,0.446448,-0.304811,-0.118631,0.083039,0.048630
0.875674,-0.194428,-0.017306,-0.768825,-0.045271,-0.161690,-0.029111
0.875608,-1.853649,-0.193828,-0.220925,-0.027282,-0.552749,-0.127073
0.875629,0.101112,0.369654,-1.013033,0.142534,-0.738514,0.217111
0.875059,3.466786,0.660581,-2.089625,0.318635,-0.569747,0.684873
0.875687,2.234859,-0.158129,-1.079935,0.256429,-0.308092,0.648168
0.879012,-1.381531,-1.014265,0.086153,0.149143,-0.091752,0.289063
0.883509,-1.358402,-0.766198,0.056015,0.146011,0.121756,0.143222
0.887761,0.612676,-0.082774,0.911443,0.030843,0.252921,0.148948
0.891307,0.282582,0.089565,1.858113,-0.160266,0.265346,0.052957
0.892120,-0.746261,0.023813,0.697608,-0.167826,0.234660,-0.036863
0.888957,-0.416134,0.144127,-0.124210,-0.127629,0.129352,-0.055879
0.882524,-0.416626,0.180614,1.058424,-0.196829,-0.020041,-0.116180
0.870520,-0.809073,-0.009813,0.713354,-0.119843,-0.041470,-0.144819
0.850369,-0.080669,-0.082997,-1.813035,0.103930,-0.050350,-0.096849
0.828329,0.170592,0.052004,-1.926836,0.089803,-0.318301,-0.146260
0.814961,-0.760549,0.125154,0.587695,-0.066948,-0.616606,-0.204959
0.813151,0.101657,0.112778,0.858832,0.023195,-0.528721,-0.004551
0.818795,2.255730,0.119943,-0.974967,0.153800,-0.218278,0.255846
0.827449,1.819035,0.028599,-0.672815,0.010171,-0.028085,0.256095
0.835366,-0.020137,-0.119076,0.585100,-0.072188,0.152530,0.175993
0.839899,0.089500,-0.138067,-0.880499,0.161091,0.431881,0.154791
0.841216,0.683303,-0.258835,-2.999097,0.338626,0.616762,-0.045597
0.841686,0.124266,-0.578775,-2.417694,0.257723,0.667794,-0.332172
0.843430,0.010356,-0.458618,-0.580522,0.152232,0.631342,-0.307792
0.846334,0.490534,0.342901,0.808740,0.064952,0.367082,-0.042668
0.849027,0.534142,1.003928,2.311775,-0.107403,-0.033189,0.154893
0.851221,0.717922,0.918081,2.956153,-0.246307,-0.220270,0.279870
0.853323,0.760867,0.371882,1.392400,-0.231058,-0.175427,0.352686
0.855529,-0.082139,-0.125298,-0.796263,-0.102335,-0.078285,0.305552
0.858129,-0.406872,-0.292341,-1.541484,0.038424,0.095707,0.212772
0.860460,-0.133969,-0.345706,-1.039416,0.068980,0.309332,0.079561
0.861064,-1.350135,-0.712397,-0.649568,0.035331,0.386302,-0.177968
0.860490,-2.761430,-0.922682,-0.748616,0.121258,0.329696,-0.346316
0.860697,-1.330671,-0.120281,0.171744,0.221119,0.199056,-0.146491
0.861757,1.310112,1.075174,2.895470,0.062753,-0.038161,0.249595
0.862679,1.773508,1.252821,4.651634,-0.253920,-0.249632,0.448877
0.863671,0.774874,0.487392,2.492580,-0.374722,-0.195681,0.360654
0.864904,0.537196,-0.107717,-1.750261,-0.184507,0.088616,0.192966
0.865578,0.488331,-0.330222,-3.528215,0.083660,0.317487,0.076425
0.865533,-0.721368,-0.625810,-1.788157,0.143798,0.337296,-0.077148
0.865503,-1.987313,-0.790181,-0.021079,0.052382,0.285508,-0.290633
0.865755,-1.454114,-0.348831,-0.507579,0.100297,0.305856,-0.365807
0.865872,0.272221,0.442370,-0.981109,0.239516,0.292709,-0.211954
0.865358,1.172761,0.882974,0.765501,0.155396,0.137389,-0.031999
0.864061,0.902426,0.751744,2.799227,-0.082954,-0.049713,0.026744
0.862160,0.485746,0.490931,2.558816,-0.143350,-0.232128,0.069997
0.859396,0.083948,0.461763,0.929055,-0.056407,-0.545150,0.140976
0.855592,-0.610427,0.365489,-0.055579,-0.035520,-0.860810,0.120838
0.852927,-0.802606,-0.096423,-0.457243,-0.003684,-0.780615,0.059452
0.854652,0.184638,-0.546176,-0.898332,0.115864,-0.279225,0.108337
0.860128,1.183980,-0.639065,-0.870550,0.142397,0.211916,0.154758
0.865164,0.901475,-0.517319,-0.362304,0.062762,0.478933,0.061756
0.867815,-0.246977,-0.202826,0.042188,0.061435,0.614600,-0.026006
0.869441,-1.423692,0.276164,0.938178,0.043905,0.505572,-0.035210
0.870730,-2.004999,0.513594,2.451560,-0.127940,0.043173,-0.043444
0.870933,-1.055814,0.404275,2.410524,-0.202478,-0.403071,0.062622
0.870444,0.893527,0.257571,-0.010302,-0.035815,-0.458070,0.312463
0.871080,1.541083,0.077450,-1.769365,0.042373,-0.251444,0.399342
0.873595,0.491176,-0.223215,-0.752624,-0.148794,-0.042931,0.202935
0.876408,-0.487919,-0.440926,0.790132,-0.327022,0.117162,-0.068815
0.877661,-0.984229,-0.472927,0.597484,-0.272504,0.267712,-0.287936
0.877598,-1.091371,-0.291388,-0.290868,-0.098623,0.430731,-0.359593
0.877664,0.004620,0.181808,-0.331477,-0.014562,0.484029,-0.217279
0.878078,0.947768,0.584800,0.557172,-0.109140,0.207814,-0.094400
0.877442,-0.166759,0.493041,1.507130,-0.214115,-0.301707,-0.124755
0.874488,-0.897341,0.283996,0.875197,-0.063218,-0.658632,-0.026085
0.869904,0.757403,0.359212,-1.257280,0.222322,-0.737761,0.227505
0.866347,1.406676,0.286095,-1.589855,0.242848,-0.687496,0.275773
0.866176,-0.468123,-0.177969,0.834158,0.038895,-0.532885,0.156899
0.868796,-1.181467,-0.496503,1.851867,0.035983,-0.240917,0.193234
0.871174,0.262858,-0.303048,-0.261378,0.256631,0.067610,0.304586
0.872089,1.193959,0.192255,-1.406568,0.317087,0.278424,0.301001
0.873460,1.347817,0.472692,0.257387,0.132295,0.438642,0.317227
0.874977,1.324411,0.174400,1.252593,-0.052805,0.548787,0.385438
0.872656,-0.402446,-0.170253,0.107984,-0.118209,0.400446,0.224973
0.866722,-3.542079,-0.139547,-1.167282,0.024621,-0.017063,-0.207154
0.862800,-4.904642,-0.771810,-2.186459,0.473595,-0.258309,-0.562525
0.862395,-3.426289,-1.967823,-2.367759,0.884062,-0.196385,-0.676061
0.862056,-1.277546,-1.106044,0.338953,0.845581,-0.390696,-0.728404
0.859370,-0.021408,1.948276,3.273167,0.671892,-0.952384,-0.784275
0.850226,0.550146,3.418380,2.328745,0.707660,-1.203410,-0.728104
0.831322,0.558297,2.158068,0.972198,0.537949,-0.971681,-0.581878
0.811604,0.182677,1.115611,2.808477,-0.047831,-0.744224,-0.410808
0.803113,0.697334,1.336273,3.045966,-0.465709,-0.551496,-0.160657
0.801865,2.183619,0.927801,-1.058096,-0.390647,-0.161083,0.101166
0.798453,2.151242,-0.595584,-3.798614,-0.192713,0.149021,0.175233
0.797032,-0.091302,-1.627040,-1.849910,-0.144051,0.120226,0.087659
0.804197,-1.413980,-1.262837,0.947561,-0.144967,0.027152,0.048277
0.814221,-0.396156,-0.283288,1.540677,-0.127138,0.059843,0.085799
0.819528,0.461006,0.292035,0.952991,-0.122574,0.051458,0.079395
0.820729,0.020908,0.297738,0.303738,-0.104844,0.020287,0.037334
0.820224,-0.119600,0.012024,-0.246729,-0.077912,0.131794,0.037518
0.818994,0.138567,-0.086278,-0.070666,-0.131821,0.219224,0.033284
0.817814,-0.233694,0.549948,0.927985,-0.281036,0.133708,-0.008749
0.812749,-0.227129,1.284023,2.077659,-0.482960,0.117901,0.018631
0.800689,0.811626,0.812465,3.136321,-0.736480,0.208014,0.132555
0.793860,0.909124,-0.312596,2.575032,-0.859117,0.150743,0.206714
0.808412,-0.472288,-0.760975,-1.695457,-0.555150,0.123474,0.223301
0.836996,-1.140403,-0.969446,-6.369983,-0.021259,0.301589,0.202499
0.857367,-0.725390,-1.246448,-5.557699,0.231311,0.195116,0.055842
0.865083,-0.519366,-0.814317,-1.433025,0.283894,-0.320936,-0.160810
0.870882,-0.134244,-0.366156,-0.510408,0.558931,-0.565149,-0.269026
0.873583,0.459505,-0.686734,-1.347270,0.885159,-0.441683,-0.334452
0.865021,0.067408,-0.581271,0.516575,0.881908,-0.491662,-0.469235
0.851580,-0.331700,0.191531,2.274588,0.699936,-0.560646,-0.528895
0.840379,0.472138,1.140175,1.589550,0.435174,-0.297344,-0.469439
0.819880,0.659843,3.132201,3.040181,-0.289510,-0.159540,-0.444496
0.786314,-0.101124,4.117619,6.302457,-1.280459,-0.356569,-0.334747
0.765797,1.120510,0.437204,3.323811,-1.448231,-0.214253,0.085773
0.779110,3.377593,-4.101900,-4.988681,-0.542532,0.318104,0.515605
0.811889,1.400738,-3.073143,-7.041921,0.117371,0.308530,0.410529
0.840187,-3.939846,0.402891,-1.508918,-0.132957,-0.306700,-0.116568
0.857063,-4.648583,-0.275427,-0.227989,-0.160410,-0.455211,-0.383270
0.865733,0.383387,-3.328302,-4.381192,0.514955,0.041733,-0.231020
0.869898,2.355184,-3.625994,-1.854462,0.710758,0.201826,-0.242265
0.871175,-1.094643,-1.927094,6.098900,0.227589,-0.143244,-0.614642
0.866577,-1.981845,-1.355672,5.900667,0.252934,-0.198242,-0.840305
0.855867,1.385111,-0.894845,0.528703,0.673640,0.047962,-0.745127
0.845211,2.366756,1.624444,2.811062,0.403159,-0.075316,-0.635401
0.831313,0.696582,4.471221,8.007792,-0.245927,-0.482639,-0.464795
0.800696,0.921297,4.887239,5.294313,-0.351430,-0.598454,-0.077571
0.751420,1.559299,3.597001,-0.719128,-0.099507,-0.410379,0.193773
0.690754,-0.018685,2.928366,-2.276957,-0.059478,-0.301112,0.156727
0.623787,-1.249932,3.095599,-1.642194,-0.255988,-0.430738,0.172200
0.567634,-0.589365,2.439698,-2.401148,-0.407012,-0.598391,0.383852
0.545021,0.044836,0.322087,-4.158424,-0.232468,-0.492357,0.480339
0.547183,0.159772,-1.308710,-5.899280,0.158716,-0.155050,0.350166
0.535751,0.113665,-0.563818,-6.348811,0.267037,0.076886,0.172183
0.492015,-0.659973,0.712762,-5.048592,0.074297,0.193630,0.052849
0.446839,-1.139588,-0.620517,-4.024139,0.164331,0.421756,0.037600
0.444278,-0.162348,-3.354684,-4.413368,0.677290,0.637413,0.188587
0.478435,0.732724,-3.557733,-3.811698,1.022121,0.584188,0.474100
0.500718,0.265794,-1.366160,0.053273,0.742599,0.336688,0.651540
0.488489,-1.158946,-0.936399,4.466155,0.189258,0.139771,0.406268
0.463478,-2.905459,-3.567494,4.044261,0.178372,0.199489,-0.075319
0.451909,-2.864123,-5.349430,-0.427443,0.818820,0.537706,-0.089891
0.459876,0.015243,-3.034110,-1.057860,1.071823,0.748823,0.479243
0.475009,1.666621,0.878620,5.094452,0.199731,0.416131,0.867901
0.480759,-0.593282,1.783222,10.581403,-0.989418,-0.181247,0.673399
0.474996,-2.474214,-0.496849,8.572786,-1.274018,-0.426056,0.304629
0.469869,-0.880839,-2.465330,1.566216,-0.620211,-0.175036,0.096490
0.475124,1.025175,-2.177671,-3.608823,0.145288,0.256967,-0.005915
0.485382,0.915511,-0.520077,-3.775811,0.523787,0.490356,-0.095874
0.487829,0.200077,0.892929,-1.504606,0.638794,0.361249,-0.262620
0.490546,-0.175765,1.858391,-1.104324,0.732432,0.144698,-0.494990
0.515992,-0.116066,4.038895,-2.515471,0.676934,0.153913,-0.540729
0.552813,0.190976,7.283355,-2.234528,0.223609,0.161068,-0.356285
0.569436,-0.830460,7.641933,-0.936537,-0.273259,-0.061661,-0.298397
0.574224,-2.699890,4.006032,-2.421334,-0.241773,-0.131735,-0.411493
0.591275,-1.977313,1.230217,-4.234857,-0.051292,0.124573,-0.348553
0.608055,0.222140,0.953340,-1.324204,-0.331242,0.120938,-0.261757
0.611440,-0.812636,-1.109535,1.784208,-0.462573,-0.363911,-0.562480
0.618982,-2.658774,-4.764340,-1.271728,0.185426,-0.627570,-0.898340
0.636907,-0.150362,-5.028397,-3.856842,0.583339,-0.347446,-0.788597
0.650991,2.670659,-2.375078,0.400252,0.007079,-0.102444,-0.611111
0.662843,1.335538,-0.681222,1.993745,-0.336830,-0.063617,-0.668689
0.681033,0.852060,-0.370036,-3.926496,0.208810,0.172446,-0.603231
0.697470,2.826837,-1.555405,-3.587629,0.466279,0.320088,-0.477612
0.706810,1.540959,-3.412628,6.781082,-0.069060,-0.068474,-0.627583
0.716109,-0.680993,-1.324579,9.684035,-0.445976,-0.350636,-0.589220
0.721514,2.102376,3.427265,0.282165,-0.269927,0.011545,-0.029539
0.710787,4.322920,2.801643,-4.846816,-0.067579,0.278960,0.336287
0.689292,0.646105,-1.786918,-0.178464,-0.082364,-0.081737,0.141187
0.674215,-2.134404,-1.921468,2.944089,-0.163974,-0.455983,-0.000378
0.669989,-0.106469,0.651572,0.863141,-0.240814,-0.388842,0.139598
0.668995,1.027552,-0.156641,-0.466605,-0.279054,-0.200648,0.142897
0.666543,-0.422175,-1.851074,-0.037509,-0.207021,-0.150285,-0.033874
0.662397,-0.589951,-0.959330,-0.247527,-0.064521,-0.163715,-0.096078
0.654776,0.404216,0.190556,-0.342589,0.018287,-0.202013,-0.036240
0.643059,0.222499,0.106997,0.389765,0.014174,-0.258401,-0.025542
0.631927,-0.443953,-0.059170,0.667614,-0.044095,-0.259182,-0.099427
0.622105,-0.313387,0.019580,0.349902,-0.205051,-0.181936,-0.151857
0.610012,0.426552,0.437397,0.496103,-0.427809,-0.058716,-0.053469
0.610405,1.270950,0.933448,0.996575,-0.527073,0.073514,0.152514
0.646731,1.327329,0.313391,0.986437,-0.489462,0.112929,0.242395
0.705703,0.117161,-0.885780,0.314055,-0.416165,0.004632,0.180440
0.750429,-0.808170,-0.906515,-0.844866,-0.229967,-0.120531,0.199410
0.775965,-0.199608,-0.233062,-2.120322,0.055218,-0.151070,0.321541
0.798078,0.680021,-0.181863,-2.441169,0.194821,-0.100194,0.315166
0.813402,1.160977,-0.241230,-1.509928,0.161954,0.075316,0.219713
0.815476,1.992792,0.115189,-0.537499,0.110062,0.356028,0.219975
0.812873,1.791885,0.116305,-0.005253,0.020891,0.537946,0.171023
0.810810,-0.578720,-0.409142,0.426774,-0.050011,0.575823,-0.038523
0.808754,-2.234197,-0.525382,0.403232,0.031873,0.573805,-0.163615
0.811824,-1.565896,0.082334,0.619280,0.049095,0.392601,-0.116445
0.821247,-0.912034,0.626919,2.303707,-0.193967,-0.040504,-0.073400
0.829438,-0.599551,0.516239,3.328273,-0.374470,-0.340844,-0.023823
0.833523,0.591623,0.087556,1.318659,-0.236675,-0.250059,0.087856
0.836860,0.999607,-0.108588,-1.107463,-0.026307,-0.032478,0.113567
0.839422,0.054321,-0.055376,-1.143980,0.040832,0.103933,0.049096
0.839475,-0.025953,-0.062756,-0.615338,0.050264,0.251648,0.071082
0.838179,0.259049,-0.280174,-1.162576,0.075819,0.383020,0.097408
0.836499,-0.731102,-0.462439,-1.397365,0.085863,0.374878,-0.050177
0.833989,-1.072592,-0.124301,-0.430414,0.050102,0.303771,-0.174945
0.830827,0.192238,0.670271,1.136347,-0.054529,0.247069,-0.039405
0.827603,0.334568,1.048327,2.388217,-0.201902,0.105716,0.137080
0.826321,-0.954895,0.564197,1.992016,-0.259070,-0.128797,0.105096
0.830487,-1.038497,-0.131749,-0.316954,-0.092635,-0.285030,0.063665
0.839271,-0.230907,-0.390214,-2.264173,0.194694,-0.285356,0.214689
0.846650,-0.447619,-0.292821,-1.582388,0.263725,-0.234889,0.352854
0.850273,-0.930893,-0.268141,0.584118,0.038712,-0.216054,0.241287
0.852025,-0.898942,-0.646805,1.048318,-0.069521,-0.163107,-0.065892
0.849141,-1.484342,-1.188465,-0.284620,0.115670,0.012811,-0.390476
0.838715,-2.242383,-1.260449,-0.245714,0.189561,0.234563,-0.575826
0.827705,-1.313243,-0.797492,1.278176,0.005196,0.318329,-0.518763
0.821967,0.534456,-0.057024,1.034093,-0.055347,0.235913,-0.256975
0.814859,1.147514,1.107057,-0.806812,0.127635,0.131660,0.046639
0.802278,0.904064,2.391697,-1.111412,0.302578,0.051938,0.243738
0.791910,1.028960,2.737547,0.521733,0.325560,-0.118340,0.275055
0.785847,0.784298,1.776375,2.224391,0.167319,-0.380546,0.169896
0.775135,-0.082579,0.300535,2.303765,-0.058146,-0.499882,0.009163
0.756763,-0.246395,-0.592093,0.264123,-0.130519,-0.346231,-0.156867
0.736999,-0.011677,-0.252531,-1.537299,-0.157172,-0.131326,-0.284117
0.720387,-0.268132,0.614928,-1.110792,-0.333386,-0.016627,-0.240576
0.711589,0.195432,0.354740,-0.590375,-0.412087,0.127951,0.012561
0.721451,1.151678,-1.022920,-1.019058,-0.235369,0.278969,0.243189
0.753995,0.362369,-1.484851,-0.043937,-0.108431,0.182594,0.293454
0.792495,-1.134380,-0.468414,1.624588,-0.136760,-0.121006,0.300595
0.816733,-1.083172,0.225369,1.175487,-0.115456,-0.323424,0.301765
0.827152,-0.587517,-0.104732,-0.304163,-0.027019,-0.271584,0.183213
0.833966,-0.322509,-0.257239,-0.804522,0.054916,0.006099,0.071339
0.837351,0.542058,0.011471,-0.715477,0.110293,0.342556,0.089873
0.835723,0.492922,-0.120999,-0.437803,0.061408,0.495137,0.029572
0.834576,-1.078055,-0.352314,-0.224680,-0.040919,0.441315,-0.158653
0.836514,-1.384399,0.041140,-0.114960,-0.059046,0.317050,-0.170331
0.839317,0.005325,0.519381,0.867579,-0.074721,0.119577,0.034057
0.843526,0.477715,0.409832,1.818497,-0.148539,-0.112920,0.164836
0.849491,-0.102682,0.103726,0.735222,-0.125949,-0.156219,0.155541
0.853722,0.029127,-0.033900,-1.020202,-0.006362,0.058557,0.125830
0.854323,0.651216,-0.182848,-1.350528,0.042145,0.308464,0.052417
0.853086,0.494787,-0.176649,-0.869528,0.013092,0.353332,-0.058359
0.852344,-0.225354,0.237386,0.095979,-0.032158,0.155533,-0.048141
0.853693,-0.395709,0.563982,1.552677,-0.093964,-0.079005,0.088514
0.856926,0.159157,0.326520,1.585313,-0.114539,-0.095307,0.161723
0.860231,0.605057,-0.096889,0.010079,-0.080292,0.075298,0.105445
0.863092,0.400354,-0.277233,-0.568451,-0.096775,0.194144,0.008122
0.865944,-0.004568,-0.331259,-0.341362,-0.126159,0.238116,-0.076985
0.868036,0.046222,-0.276571,-1.166572,-0.046599,0.337921,-0.122517
0.869078,0.180751,0.108405,-0.787764,-0.017327,0.366880,-0.100196
0.870029,-0.270550,0.667923,2.445393,-0.187127,0.106794,-0.036833
0.870513,-0.596298,0.944093,3.825321,-0.231576,-0.298661,0.039837
0.869094,-0.163189,0.661633,0.664108,0.075970,-0.537753,0.111748
0.866260,-0.201295,-0.132056,-1.772586,0.312755,-0.570719,0.108601
0.864401,-1.046926,-0.881693,-0.340041,0.174063,-0.506275,0.027775
0.865215,-0.759162,-0.832184,0.787356,0.013459,-0.335003,-0.002167
0.868203,0.960058,-0.125191,-0.404891,0.061041,-0.066441,0.077956
0.871427,1.957618,0.296617,-0.676525,0.080779,0.158971,0.202187
0.873671,1.598406,0.169841,0.522804,0.033598,0.273166,0.312521
0.875250,0.800273,0.011022,0.339777,0.093701,0.346229,0.319166
0.876487,-0.537370,-0.069503,-0.904339,0.130316,0.395660,0.121187
0.877179,-1.845180,-0.276440,-0.697379,-0.024424,0.373500,-0.164411
0.877525,-1.301710,-0.430907,0.280765,-0.198196,0.306392,-0.330054
0.877764,0.074586,-0.318652,0.217304,-0.242720,0.261547,-0.403715
0.877671,-0.083194,0.038813,0.046259,-0.222163,0.276667,-0.413770
0.877185,-0.132141,0.546602,0.713323,-0.153728,0.339034,-0.199874
0.876295,1.141440,0.746264,1.185955,-0.078971,0.298896,0.084149
0.875130,0.342376,0.242871,0.979826,-0.107518,0.038363,0.034891
0.874705,-2.016931,-0.249173,0.245951,-0.088014,-0.207965,-0.121752
0.875386,-0.611202,0.100446,-0.888782,0.163185,-0.190554,0.177245
0.875738,2.583586,0.603949,-0.789930,0.346803,-0.131265,0.662196
0.875349,1.592170,0.369725,0.927512,0.197805,-0.196532,0.680649
0.875308,-0.471941,-0.069617,0.902683,0.052851,-0.055175,0.393715
0.874876,1.034387,-0.193556,-1.407365,0.105431,0.338052,0.217822
0.873448,1.248998,-0.357461,-1.433436,-0.002887,0.496922,-0.028364
0.874293,-2.912599,-0.378125,1.442769,-0.311534,0.345519,-0.369468
0.879857,-4.643157,0.053487,2.824122,-0.396534,0.202835,-0.280270
0.886799,-0.310605,0.263321,1.546683,-0.161247,0.025524,0.314343
0.890554,3.746830,0.139632,-0.751822,0.201792,-0.236821,0.777384
0.891277,2.273280,0.225569,-3.050178,0.623760,-0.322125,0.659791
0.891670,-2.092408,-0.256655,-3.307213,0.999279,-0.296812,0.082261
0.889690,-4.496771,-1.523772,-1.168774,1.180925,-0.431187,-0.612291
0.877461,-3.567205,-1.394237,0.212245,1.165811,-0.501298,-1.094434
0.849773,-0.816916,0.826728,0.526375,0.898972,-0.252047,-1.113906
0.809808,1.790375,2.837765,2.720530,0.222435,-0.034600,-0.687312
0.768736,2.722841,3.230733,5.773260,-0.702860,-0.212563,-0.179869
0.746012,1.804689,2.024686,5.367982,-1.238916,-0.486655,0.090601
0.758495,0.694083,-0.512851,0.844778,-0.929331,-0.337343,0.215071
0.797769,0.272264,-2.308679,-3.310281,-0.281046,0.089251,0.298608
0.833799,-1.169109,-1.640646,-2.806676,-0.187959,0.096000,0.085183
0.849755,-4.076138,-0.545815,0.459799,-0.483793,-0.325378,-0.449112
0.854023,-4.855126,-1.042935,1.180698,-0.280400,-0.289790,-0.704760
0.856091,-1.708398,-1.785191,-0.276309,0.305943,0.372827,-0.351753
0.853916,1.151244,-1.407393,0.167103,0.412709,0.723369,0.110623
0.845428,0.857310,-0.283640,1.128732,0.053173,0.455574,0.265408
0.835186,0.543458,1.160837,-0.408162,-0.104295,0.261436,0.330469
0.828556,1.764310,2.436934,-1.857384,0.076325,0.308700,0.447652
0.824309,1.598409,2.868315,-0.374525,0.254471,0.107495,0.401980
0.815950,-0.231425,2.451643,2.605322,0.186881,-0.351980,0.166010
0.802748,-0.670736,1.454188,4.589605,-0.070709,-0.633026,-0.032862
0.791031,0.496189,0.213681,3.497224,-0.205228,-0.576015,-0.095443
0.782316,0.810985,-0.501242,-0.530058,-0.058448,-0.322937,-0.102790
0.772122,-0.203556,-0.549005,-3.348091,0.099411,-0.059328,-0.155271
0.758788,-0.905414,-0.513910,-2.163969,-0.002377,0.075492,-0.253970
0.745857,-0.404889,-0.098965,0.541944,-0.254237,0.100504,-0.255796
0.740287,0.847939,0.901050,1.688235,-0.396997,0.138740,-0.057755
0.747693,1.932860,0.990135,1.204828,-0.349569,0.142572,0.204754
0.766276,1.753336,-0.416260,0.159844,-0.202159,-0.042736,0.335658
0.789413,0.197876,-1.342528,-1.032197,-0.021522,-0.288528,0.336509
0.811270,-0.939783,-0.838161,-2.084710,0.152697,-0.280591,0.310815
0.827703,-0.487973,-0.400890,-1.969364,0.173174,-0.022990,0.261269
0.838025,0.061807,-0.571060,-0.362023,-0.020777,0.226452,0.134064
0.844975,-0.212546,-0.285779,0.686706,-0.183955,0.414273,0.001658
0.848898,0.396181,0.455389,-0.056135,-0.137153,0.600361,0.046815
0.846193,1.878302,0.723962,-0.167573,-0.087976,0.608212,0.233190
0.836420,1.013566,0.517954,1.584516,-0.196740,0.236242,0.220219
0.826531,-2.267762,0.325559,1.927736,-0.219167,-0.308875,-0.049334
0.823781,-3.178834,0.076838,-0.709048,0.049402,-0.580562,-0.102740
0.827956,-0.199213,-0.314763,-2.719466,0.359768,-0.483428,0.229561
0.834916,2.086925,-0.467389,-1.775249,0.382916,-0.338141,0.432333
0.842058,1.228245,-0.191836,-0.216899,0.198781,-0.308682,0.251545
0.847361,0.444994,0.212067,0.066336,0.109662,-0.208379,0.104118
0.849897,1.734512,0.516599,0.040992,0.175005,0.044277,0.218767
0.849780,2.790784,0.653401,0.347481,0.202542,0.263520,0.330596
0.843870,1.981120,0.432800,0.461980,0.109065,0.337846,0.288911
0.830391,0.286538,-0.088645,0.273233,0.029422,0.334768,0.171766
0.817548,-1.389843,-0.469658,-0.177281,0.024997,0.321012,-0.018096
0.814577,-2.512508,-0.577059,-0.882373,-0.036243,0.332641,-0.256496
0.818653,-2.255975,-0.638996,-1.125217,-0.186637,0.380404,-0.395950
0.822526,-0.992764,-0.553943,-0.449580,-0.266783,0.382039,-0.384090
0.826081,-0.052104,-0.096333,0.276406,-0.214951,0.271839,-0.300246
0.830808,0.515114,0.419365,0.220737,-0.112237,0.156353,-0.170118
0.833864,1.369997,0.561944,-0.217764,0.003470,0.165430,0.011643
0.833978,1.838394,0.443661,-0.241484,0.071952,0.222018,0.150148
0.833474,0.980863,0.316601,0.410104,-0.002335,0.142059,0.147506
0.832902,-0.366661,0.180027,1.140366,-0.111564,-0.102195,0.061572
0.831833,-0.889341,0.140983,0.870836,-0.064813,-0.370102,0.007289
0.832408,-0.748490,0.261368,-0.339440,0.050354,-0.545857,-0.012062
0.835999,-0.460027,0.134101,-1.078401,0.055843,-0.588913,-0.036017
0.840789,0.119928,-0.359174,-0.899718,0.034054,-0.452831,-0.027592
0.845198,0.802826,-0.546391,-0.715257,0.094341,-0.141960,0.054671
0.848956,1.165458,-0.153081,-0.628764,0.113735,0.193324,0.147651
0.851342,1.004087,0.176754,0.040538,0.001489,0.385987,0.132434
0.852013,0.072176,0.105825,0.716468,-0.098659,0.438932,0.008268
0.851910,-0.938679,-0.003354,0.073169,-0.050907,0.448355,-0.077929
0.852267,-0.961151,0.000049,-1.144288,0.056534,0.403233,-0.077410
0.853752,-0.762129,-0.042230,-0.702358,0.068496,0.243223,-0.100247
0.855836,-1.021753,-0.031998,1.038971,-0.015508,0.045327,-0.121870
0.857388,-0.383484,0.185947,1.650954,-0.107281,-0.080846,-0.001431
0.858598,1.121621,0.384084,0.994133,-0.157291,-0.151477,0.176980
0.860489,1.418715,0.270796,0.252618,-0.105040,-0.150750,0.217011
0.862569,0.636966,0.014337,-0.703710,0.052454,0.002368,0.153397
0.863249,0.433694,-0.066019,-1.266430,0.136005,0.210694,0.105405
0.862371,0.333966,-0.131348,-0.504160,0.061371,0.318431,0.042729
0.861197,-0.403799,-0.355688,0.137523,0.016914,0.374856,-0.047028
0.860319,-0.725536,-0.269008,0.170633,0.042464,0.396974,-0.066832
0.860522,-0.179831,0.273132,1.337400,-0.034076,0.286257,0.035015
0.863403,0.712433,0.481042,2.214999,-0.122780,0.168412,0.226113
0.866648,1.416619,0.156161,0.471061,-0.061566,0.159063,0.357779
0.865632,0.297222,-0.055727,-1.028936,0.025544,0.026853,0.186926
0.862792,-2.755896,-0.489417,-0.186118,0.132379,-0.232497,-0.251395
0.861068,-3.930310,-1.731596,-0.266840,0.345739,-0.218472,-0.549153
0.852451,-1.561630,-2.483379,-1.871835,0.364233,0.048469,-0.494409
0.834277,0.784893,-1.409046,-1.851353,0.048830,0.147025,-0.295739
0.818715,1.064981,0.273322,-1.104893,-0.131334,0.082199,-0.144295
0.805367,0.986556,0.965606,-1.987019,0.045908,0.088559,-0.046732
0.779093,1.239176,1.255976,-2.576173,0.245999,0.034597,0.008610
0.744984,1.223875,2.027416,-0.952590,0.280153,-0.234663,0.054248
0.721930,1.062300,2.334387,1.801132,0.179162,-0.535039,0.089822
0.709953,0.401109,1.055161,4.165692,-0.040379,-0.671886,-0.001775
0.699260,-1.006802,-0.801637,4.194655,-0.191160,-0.637024,-0.217506
0.684935,-1.568967,-1.171244,0.948034,-0.099444,-0.458855,-0.331371
0.660364,-0.383183,-0.121499,-2.389379,0.065809,-0.192875,-0.248570
0.630644,0.721252,0.143939,-2.529825,0.071884,0.016764,-0.160346
0.620414,0.256772,-0.720881,-0.575502,-0.106202,0.057897,-0.205347
0.641347,-0.456616,-0.510769,1.053707,-0.342585,0.026052,-0.241365
0.677197,0.434654,0.936316,1.310553,-0.432058,0.105185,-0.101072
0.710282,2.053649,1.129062,0.436699,-0.340460,0.198450,0.095855
0.734893,1.803027,-0.153471,0.039018,-0.267277,0.022968,0.136599
0.749118,-0.173335,-0.667138,0.303565,-0.220380,-0.350336,0.091170
0.755516,-1.184299,-0.140477,-0.468875,-0.066028,-0.592304,0.111872
0.761193,-0.947492,-0.014264,-1.335547,0.043990,-0.643760,0.099727
0.768278,-0.658960,-0.356074,-0.720538,0.008734,-0.536394,0.030402
0.773996,0.636636,-0.492072,-0.750219,0.048705,-0.145527,0.104581
0.777539,2.376477,-0.541071,-2.047760,0.151652,0.374517,0.214686
0.778301,1.676143,-0.606116,-1.953681,0.123256,0.657839,0.084190
0.775150,0.009171,-0.270532,-0.981954,0.111808,0.720598,-0.064338
0.772397,0.442685,0.522258,-0.317351,0.145037,0.638448,0.024259
0.778070,0.297976,1.030892,2.232234,-0.069499,0.196983,0.069767
0.792750,-1.876615,0.627285,4.662734,-0.299343,-0.373045,0.017322
0.806083,-1.193303,-0.085107,1.599371,-0.033362,-0.411474,0.242539
0.809188,2.214599,-0.347522,-3.899412,0.493900,0.008002,0.551158
0.804638,1.451318,-0.959478,-4.715143,0.778570,0.220223,0.390776
0.796043,-2.844323,-2.292741,-1.494183,0.763469,0.137927,-0.039255
0.779430,-3.531675,-2.408582,2.046825,0.389602,0.094448,-0.211426
0.757204,-0.936916,-0.625172,4.663135,-0.292228,0.088485,-0.184234
0.742395,0.034344,0.653267,3.661781,-0.642802,0.024237,-0.151366
0.738329,-0.002784,0.492533,-1.303100,-0.340049,0.007346,-0.003820
0.735207,0.854845,0.821843,-4.060044,0.021283,0.039829,0.198591
0.728417,0.969762,2.083387,-1.911493,0.070990,-0.026256,0.199772
0.721132,-0.245185,2.499698,0.269717,0.138557,-0.255806,-0.008801
0.716661,-1.287948,1.599639,0.499151,0.287203,-0.579329,-0.261004
0.718094,-1.392995,0.763249,1.175742,0.240637,-0.769437,-0.429159
0.723495,-0.250506,0.580363,1.271508,0.131585,-0.599532,-0.429960
0.724678,1.289642,0.025026,-0.854492,0.225172,-0.226553,-0.351291
0.718765,1.151789,-1.288116,-2.054192,0.345026,-0.055657,-0.376839
0.706435,-0.097824,-1.741158,-0.171201,0.235373,-0.161669,-0.423065
0.682047,0.132289,-0.255291,1.866360,-0.015185,-0.282415,-0.267764
0.645825,1.346233,1.305027,1.516600,-0.148079,-0.283773,-0.050420
0.609834,1.107483,0.796075,-0.176936,-0.055705,-0.218137,-0.101574
0.575224,-0.063103,-0.532699,-1.018156,0.038482,-0.099009,-0.283004
0.533073,0.259578,-0.095647,0.172705,-0.173901,0.054067,-0.160803
0.500620,1.637468,1.549334,2.461043,-0.585087,0.097376,0.149617
0.517692,1.179474,1.775662,3.501330,-0.768244,-0.048243,0.191420
0.589978,-0.539981,0.385324,1.879111,-0.528326,-0.202162,0.132448
0.672382,0.299339,-0.545642,-1.626660,-0.087468,-0.201305,0.363914
0.726328,2.307362,-0.299736,-3.652054,0.141669,-0.172348,0.552177
0.756792,0.672721,0.088791,-1.441004,0.023336,-0.155332,0.385996
0.778772,-1.641487,0.053321,1.503489,-0.084705,0.063722,0.305675
0.789978,0.338876,-0.080165,0.241033,0.039797,0.371243,0.399659
0.789156,1.242145,-0.144515,-2.034231,0.095263,0.415549,0.111147
0.785477,-3.251375,-0.299228,-0.828371,-0.006163,0.375550,-0.408040
0.785617,-5.437613,-0.403745,0.286156,0.066319,0.546747,-0.462053
0.790844,-1.579625,-0.075922,-0.769201,0.217695,0.568927,-0.162087
0.799581,1.010595,0.527902,0.689687,0.047879,0.158646,-0.004493
0.807408,0.268691,0.779160,4.079957,-0.269210,-0.239926,0.098088
0.813589,0.669742,0.497980,3.451560,-0.316816,-0.275025,0.295180
0.821996,1.398222,0.055690,-0.208136,-0.162196,-0.125047,0.383713
0.830804,0.519499,-0.241114,-1.978138,-0.017731,0.081686,0.313204
0.833296,-0.018809,-0.334295,-1.886457,0.125610,0.342576,0.177173
0.829802,-0.612210,-0.298656,-1.361136,0.202507,0.466976,-0.079600
0.827208,-2.284388,-0.217452,0.023206,0.075888,0.319698,-0.350224
0.828610,-2.127521,-0.094639,1.383198,-0.114688,0.076772,-0.326714
0.831813,0.326614,0.017431,1.196942,-0.094177,-0.034635,-0.024336
0.834812,1.354300,0.040950,0.044883,0.095751,0.002250,0.215709
0.837209,0.428044,0.013978,-0.446375,0.147087,0.086612,0.210704
0.838294,-0.062681,-0.078940,0.025638,-0.004501,0.195555,0.056651
0.837426,0.109263,-0.186379,0.219382,-0.092804,0.345379,-0.056096
0.835752,0.244922,0.031473,-0.059910,-0.031809,0.409438,-0.022089
0.834097,0.262072,0.505392,0.675841,-0.044649,0.218227,0.043441
0.829624,-0.391077,0.560286,1.780036,-0.152214,-0.143273,-0.025443
0.820673,-1.213883,0.171452,0.867969,-0.103182,-0.415965,-0.119841
0.814056,-0.588139,0.033642,-0.850556,0.076924,-0.530177,-0.029105
0.817957,0.818223,0.116099,-0.528040,0.102918,-0.577441,0.165657
0.829067,1.115194,-0.118630,0.542255,0.002461,-0.499995,0.267803
0.837781,0.853375,-0.469108,0.001194,0.014550,-0.180108,0.288614
0.841877,1.053058,-0.503225,-1.033453,0.083300,0.249332,0.262183
0.844427,0.493924,-0.354563,-1.011219,0.051927,0.496450,0.107579
0.845521,-1.427052,-0.176408,-0.023187,0.003080,0.419310,-0.116359
0.844618,-2.573536,0.054799,1.581813,-0.004793,0.125038,-0.202427
0.843602,-1.370949,0.190771,2.316984,-0.049769,-0.113696,-0.108553
0.843659,0.585755,0.212534,0.862790,-0.076333,-0.092851,0.024214
0.844381,1.252553,0.280382,-0.690495,-0.001287,0.101883,0.127720
0.845056,1.103111,0.267733,-0.372074,0.081116,0.259973,0.244535
0.844568,1.259482,0.028917,-0.060838,0.127579,0.348588,0.359015
0.843077,1.096236,-0.210759,-0.955880,0.193924,0.422108,0.365865
0.842974,-0.003704,-0.292152,-1.241953,0.177616,0.419645,0.208674
0.845290,-1.004191,-0.333770,-0.540037,-0.003096,0.293778,-0.028702
0.847880,-1.113953,-0.326843,-0.310036,-0.147696,0.142548,-0.192894
0.848666,-0.843498,-0.144021,-0.358485,-0.123311,0.051108,-0.214287
0.847665,-0.503873,0.121838,0.159032,-0.097064,-0.033716,-0.155128
0.845700,-0.109111,0.270370,0.638927,-0.157349,-0.185342,-0.100537
0.843376,-0.124125,0.252827,0.422641,-0.162755,-0.341058,-0.054915
0.841298,-0.309180,0.106131,-0.321163,-0.044518,-0.349727,0.028986
0.840634,0.177561,-0.098376,-1.099507,0.090834,-0.199848,0.133939
0.842656,0.690302,-0.179132,-0.955973,0.115102,-0.051721,0.166034
0.846869,0.395114,-0.010085,0.414172,0.020083,0.036341,0.139054
0.850763,0.726008,0.259273,1.286109,-0.043516,0.160961,0.201587
0.852476,2.010073,0.303067,0.196234,0.012263,0.301233,0.301042
0.852600,0.941318,-0.089128,-1.211379,0.035949,0.345173,0.155818
0.852990,-2.793032,-0.663860,-0.830508,-0.053093,0.358904,-0.204627
0.854672,-3.727068,-0.783026,0.050245,-0.080666,0.427609,-0.383951
0.857092,-0.374113,-0.270285,-0.292584,-0.002564,0.380631,-0.251718
0.858981,1.936098,0.319378,-0.399497,0.005955,0.073641,-0.041363
0.859675,1.278563,0.593768,0.627114,-0.072957,-0.308900,0.095483
0.859758,0.517875,0.581817,0.983972,-0.110516,-0.512563,0.150477
0.860475,0.175825,0.240492,0.262491,-0.072544,-0.470597,0.158697
0.862204,-0.165927,-0.307395,-0.376496,0.016722,-0.219719,0.186994
0.864266,0.491495,-0.634461,-1.120603,0.118675,0.166082,0.189287
0.866135,1.310907,-0.575650,-1.846539,0.179254,0.565634,0.130324
0.866795,0.988350,-0.224633,-1.057443,0.175691,0.816239,0.183717
0.864110,0.109972,0.260403,1.202609,0.084063,0.743261,0.344612
0.857950,-1.306773,0.456310,2.640308,-0.044251,0.344685,0.310122
0.851864,-2.916229,0.187542,1.522973,-0.032963,-0.120672,0.103164
0.849365,-2.512018,-0.028824,-0.976868,0.112229,-0.429362,0.083451
0.850876,-0.316915,0.097233,-1.857802,0.160329,-0.593567,0.263275
0.854442,0.562938,0.208291,-0.390731,0.093159,-0.689226,0.347124
0.857559,-0.286763,0.213791,0.867577,0.089873,-0.739425,0.274914
0.859240,-0.302089,0.311323,0.376799,0.173281,-0.704188,0.217617
0.859625,1.436792,0.263843,-0.765767,0.346160,-0.481452,0.268430
0.856606,2.742147,-0.030215,-1.756504,0.630405,-0.148506,0.290514
0.846748,0.924067,-0.129109,-2.035731,0.725237,-0.046413,-0.018365
0.830004,-3.005532,-0.220961,-0.531081,0.389790,-0.254145,-0.673039
0.809741,-4.158459,-0.970616,1.148702,0.040791,-0.308631,-1.136941
0.791221,-0.868113,-1.755786,0.316855,0.064864,0.125130,-1.005891
0.780127,2.037445,-1.399425,-0.949770,0.083015,0.659144,-0.622444
0.774305,1.187548,-0.297617,0.299032,-0.261839,0.714001,-0.462852
0.763536,-0.297196,0.400894,1.295504,-0.597458,0.358413,-0.431491
0.748131,0.561799,0.644503,-0.819677,-0.501812,0.092375,-0.256537
0.740779,1.893242,1.039451,-3.046729,-0.124978,0.034894,-0.020874
0.740555,1.624960,1.587630,-2.004392,0.145721,-0.068749,0.070804
0.732809,0.673530,1.513646,1.241919,0.133060,-0.278200,0.000776
0.719268,0.036008,0.455243,3.773314,-0.062492,-0.439691,-0.146946
0.712048,-0.375959,-0.471640,3.611811,-0.218075,-0.461302,-0.268004
0.701999,-0.242916,-0.264824,1.065888,-0.242040,-0.322095,-0.277559
0.676753,0.093577,0.155268,-1.100353,-0.262732,-0.074403,-0.237525
0.657936,-0.308656,-0.146322,-1.317378,-0.379631,0.177619,-0.245533
0.672025,-0.183907,-0.443553,-1.136197,-0.466456,0.396790,-0.202750
0.704053,1.464281,-0.264199,-0.945623,-0.405336,0.469884,-0.000097
0.726711,1.874752,-0.088392,0.903985,-0.312564,0.172468,0.219256
0.743659,-0.130153,0.136500,2.847397,-0.268509,-0.381266,0.289638
0.764078,-1.103018,0.450519,1.350414,-0.106472,-0.712773,0.280486
0.777963,0.142904,0.150177,-2.369774,0.229179,-0.597171,0.327060
0.785026,0.892253,-0.714606,-3.799482,0.438158,-0.210093,0.406617
0.800828,0.526509,-1.132447,-1.732918,0.275198,0.207865,0.375967
0.823276,0.399224,-0.785052,0.928007,-0.059505,0.455934,0.179347
0.835340,0.296150,-0.212205,1.240735,-0.208941,0.482077,-0.050529
0.835677,-0.201099,0.182120,-0.271738,-0.141204,0.469883,-0.175902
0.834494,-0.361072,0.354903,-0.584146,-0.079697,0.502481,-0.188005
0.832313,-0.013839,0.392662,0.984629,-0.128351,0.413559,-0.110357
0.823914,-0.181604,0.356550,1.989852,-0.227870,0.146576,-0.042943
0.811929,-1.401165,0.239904,1.330584,-0.315583,-0.159471,-0.159729
0.804641,-2.233658,0.068925,0.251092,-0.315395,-0.384574,-0.327083
0.805239,-1.001092,-0.062692,-0.616438,-0.125246,-0.419512,-0.142514
0.809383,0.939925,-0.051171,-1.378898,0.200961,-0.239041,0.334095
0.813401,0.953977,0.085946,-1.261220,0.382066,-0.034762,0.550738
0.818831,-0.061930,0.138327,0.066451,0.249183,0.078907,0.387478
0.825218,0.491039,0.038214,0.977639,0.046086,0.223119,0.278151
0.826571,1.384622,-0.021447,0.206163,0.073776,0.403358,0.302237
0.820551,-0.270669,-0.106851,-1.134515,0.215544,0.483165,0.092864
0.812996,-3.172538,-0.420231,-1.440799,0.197396,0.471706,-0.313770
0.809980,-3.774893,-0.599458,-0.175479,0.029810,0.384570,-0.445775
0.812694,-1.742563,-0.224583,2.094767,-0.129728,0.137985,-0.198380
0.819548,0.609949,0.286888,2.970606,-0.188843,-0.148308,0.066186
0.827563,1.579466,0.330296,0.611899,-0.084975,-0.204577,0.148522
0.834421,0.962599,0.041318,-2.264983,0.106305,-0.016694,0.184856
0.840496,0.043269,-0.157917,-1.926091,0.158635,0.222727,0.256544
0.845498,0.205055,-0.192116,0.205356,0.043820,0.414657,0.258982
0.846899,0.587052,-0.127660,0.592178,-0.012691,0.503231,0.146741
0.844830,-0.657991,0.004015,-0.274460,0.040766,0.353501,-0.008488
0.842851,-2.782440,0.117312,0.171705,0.001756,-0.061213,-0.140520
0.842982,-2.863714,0.194801,1.586058,-0.156055,-0.489790,-0.160364
0.844886,-0.190822,0.251749,1.575133,-0.197469,-0.614822,-0.004296
0.848276,2.226865,0.139877,-0.239443,-0.051452,-0.381170,0.194583
0.852378,1.942812,-0.222513,-1.719297,0.073515,-0.004607,0.232629
0.855350,0.347127,-0.606854,-1.555257,0.072812,0.291047,0.103991
0.856405,-0.365804,-0.649899,-0.895290,0.075198,0.435071,-0.032558
0.856609,-0.486470,-0.170050,-0.485801,0.109955,0.425839,-0.066072
0.856915,-0.903914,0.472189,0.812115,0.019867,0.254491,-0.030204
0.857247,-0.960416,0.618775,2.469202,-0.174573,0.021715,-0.008853
0.857472,-0.144486,0.295606,1.925583,-0.231842,-0.060889,-0.002751
0.857668,0.509789,0.068696,-0.189509,-0.134691,0.054127,0.007697
0.857965,0.201570,-0.103119,-0.822814,-0.103414,0.185799,-0.036974
0.858589,-0.472081,-0.464883,-0.344010,-0.129920,0.204995,-0.151001
0.858745,-0.849273,-0.538385,-0.474947,-0.055930,0.123518,-0.218732
0.856724,-0.720605,-0.051242,0.030246,0.019645,-0.042988,-0.148609
0.852706,0.053072,0.378630,1.445233,-0.032634,-0.253107,0.012188
0.849125,0.746637,0.347528,1.288964,-0.066518,-0.397293,0.134239
0.848019,0.418463,0.103381,-0.375860,0.017100,-0.410858,0.135187
0.850055,-0.071975,-0.137325,-1.091514,0.088116,-0.303605,0.088875
0.854419,0.574593,-0.248699,-0.659079,0.082299,-0.098733,0.138492
0.858889,1.640422,-0.101820,-0.138419,0.061050,0.142737,0.272857
0.861911,1.538080,0.117404,0.308034,0.040128,0.324019,0.309265
0.863387,-0.055057,0.093383,0.225295,0.033730,0.409656,0.137959
0.863582,-1.675191,-0.176820,-0.646979,0.082711,0.455237,-0.101074
0.863854,-1.574056,-0.499586,-1.082144,0.099672,0.511631,-0.231180
0.865879,-0.554385,-0.680923,-0.287562,-0.044172,0.562135,-0.343272
0.867815,-0.518777,-0.465934,0.345660,-0.207231,0.605018,-0.523975
0.865734,-0.389542,0.195752,-0.355767,-0.152776,0.656476,-0.525542
0.860327,1.152142,0.815028,-0.598817,-0.039728,0.565256,-0.249310
0.856879,2.030680,0.908844,1.305377,-0.159200,0.113363,-0.017868
0.857925,1.231495,0.703787,2.773761,-0.303363,-0.539164,0.088452
0.860785,0.818785,0.578409,0.902191,-0.105589,-0.897110,0.315878
0.862738,1.070105,0.285491,-2.151248,0.239875,-0.773603,0.538644
0.864657,0.510505,-0.395909,-2.739227,0.291698,-0.468594,0.439182
0.868283,-0.244704,-0.902461,-1.084427,0.093305,-0.207306,0.162071
0.872510,0.044119,-0.667211,0.265882,-0.012408,0.079961,0.029697
0.874780,0.675470,-0.008098,0.512334,-0.027786,0.329817,0.041124
0.874215,0.671029,0.406727,0.806835,-0.174797,0.314893,0.071782
0.870623,0.371304,0.393023,1.063416,-0.338680,0.094412,0.083804
0.863463,-0.053730,0.167480,-0.200484,-0.245901,-0.089969,0.002741
0.854635,-1.090188,-0.053008,-2.101852,0.013231,-0.221901,-0.157231
0.848291,-1.669606,-0.122514,-2.097031,0.154870,-0.361267,-0.153940
0.846169,-0.405447,-0.013838,-0.324115,0.101825,-0.431649,0.064502
0.846986,0.947070,0.113303,1.150823,-0.052277,-0.362817,0.195012
0.849552,0.865614,0.121284,1.269370,-0.152321,-0.134093,0.180448
0.852907,1.188175,0.022243,0.019148,-0.071791,0.203618,0.253733
0.855540,1.499040,-0.205450,-1.560872,0.138920,0.474349,0.273962
0.856876,-0.985287,-0.541545,-2.091185,0.354501,0.602899,-0.019523
0.857823,-3.619590,-0.664682,-1.685432,0.472855,0.633575,-0.319085
0.859384,-1.882391,-0.279946,-0.776439,0.333898,0.462153,-0.234888
0.861387,1.624480,0.342363,0.898767,-0.049086,0.067533,0.050316
0.862509,2.152052,0.650153,2.247493,-0.332750,-0.242626,0.224209
0.862371,0.888865,0.528171,1.554744,-0.300339,-0.252868,0.317043
0.862604,0.983607,0.241162,-0.609476,-0.109967,-0.052866,0.409586
0.863830,1.489419,-0.124609,-2.065103,0.022894,0.220033,0.352182
0.864323,-0.189650,-0.530328,-1.516099,0.018914,0.423408,0.032843
0.863588,-2.854260,-0.612546,0.136239,-0.058821,0.447949,-0.302983
0.863267,-2.845107,-0.192274,0.821542,-0.065211,0.358001,-0.331910
0.863958,-0.378030,0.264290,0.366639,-0.002684,0.233222,-0.102593
0.864900,1.207561,0.364162,0.414084,-0.017548,0.071288,0.154612
0.865582,1.491685,0.336026,1.158744,-0.132345,-0.061505,0.353614
0.865655,1.635089,0.358810,1.354873,-0.244830,-0.087892,0.421550
0.865522,0.902616,0.203069,0.478013,-0.258190,-0.021949,0.307712
0.866516,-0.423059,-0.139287,-1.160224,-0.098506,0.129601,0.158299
0.868437,-0.649751,-0.389980,-2.645948,0.159804,0.342091,0.070952
0.869531,-0.404498,-0.517388,-2.689316,0.305774,0.492347,-0.067135
0.869813,-0.914175,-0.490096,-1.312722,0.306559,0.481753,-0.255011
0.870558,-1.093971,-0.024616,0.172714,0.266819,0.309641,-0.315599
0.871115,-0.224895,0.688284,1.523378,0.117681,0.033345,-0.219537
0.870222,0.691825,0.940994,2.741226,-0.147625,-0.205606,-0.079797
0.868502,1.172389,0.688321,2.353341,-0.258745,-0.321502,0.063492
0.866478,0.913585,0.515438,0.642856,-0.161161,-0.492809,0.165465
0.863380,-0.451858,0.359725,0.002291,-0.099408,-0.832290,0.134703
0.859962,-1.021691,-0.181505,-0.419518,-0.021303,-0.967495,0.052545
0.858849,0.805239,-0.713248,-2.487633,0.233948,-0.531130,0.086776
0.861267,2.116168,-0.745590,-3.241426,0.364565,0.164440,0.133775
0.865837,0.618122,-0.524007,-0.708901,0.147425,0.571223,0.002821
0.870152,-0.446855,-0.201947,0.913948,-0.039164,0.644446,-0.149419
0.872644,0.843239,0.345654,-0.160054,0.021526,0.549404,-0.098428
0.873421,1.035258,0.739307,0.305819,-0.011883,0.205471,0.024496
0.873270,-1.094127,0.542867,2.723055,-0.225185,-0.303376,0.062342
0.872812,-1.966411,0.036326,2.170923,-0.247163,-0.514307,0.125926
0.873004,-0.264368,-0.281050,-1.281339,-0.021795,-0.246088,0.255173
0.874504,1.366660,-0.306723,-2.380988,0.098832,0.123795,0.287308
0.876560,1.204681,-0.208363,-0.479668,-0.003128,0.277252,0.169073
0.878047,0.104153,-0.123734,0.342943,-0.091637,0.319732,0.037787
0.878835,-0.366029,-0.019471,-0.690733,-0.034286,0.408750,0.009957
0.879713,0.084038,0.176810,-0.656163,0.012887,0.447357,0.049145
0.881606,0.098591,0.307079,0.856836,-0.071695,0.329413,0.029007
0.884370,-0.782842,0.162630,1.219338,-0.161765,0.194434,-0.082642
0.886606,-1.034230,-0.063790,-0.007731,-0.142320,0.177734,-0.168915
0.887476,-0.160627,-0.031163,-0.557716,-0.085303,0.159237,-0.146169
0.887588,0.452475,0.144060,-0.024148,-0.037859,0.028918,-0.070525
0.887565,0.391366,0.175127,-0.019929,0.047844,-0.074349,-0.007900
0.887391,0.422781,0.115620,-0.526780,0.130783,-0.011545,0.046109
0.887168,0.448885,0.052621,-0.259351,0.101457,0.097354,0.078366
0.886579,0.073217,0.014900,0.776124,-0.038628,0.022386,0.057785
0.884009,-0.216134,0.220861,1.474176,-0.184063,-0.267510,0.028785
0.878713,-0.252707,0.519234,0.989671,-0.244735,-0.569555,0.027556
0.873455,-0.581817,0.295936,-0.408781,-0.183900,-0.689646,-0.005090
0.872297,-0.792901,-0.339223,-1.447127,-0.032604,-0.585641,-0.056272
0.875741,-0.183094,-0.562185,-1.456275,0.095716,-0.356932,-0.028279
0.880165,0.327957,-0.229934,-0.846366,0.102876,-0.197997,0.029231
0.882139,0.187693,0.133233,0.177725,0.020800,-0.197106,0.039526
0.881653,0.668396,0.344278,1.378335,-0.064089,-0.220869,0.115260
0.880624,1.566140,0.432294,1.734324,-0.125759,-0.146560,0.284412
0.879970,0.991360,0.233334,0.692679,-0.130797,-0.002769,0.349868
0.879690,-0.614689,-0.183403,-0.910081,-0.019375,0.144962,0.230061
0.880214,-1.420685,-0.425090,-1.795729,0.126974,0.239838,0.030027
0.881676,-1.488569,-0.413329,-1.340520,0.111622,0.278641,-0.174445
0.883363,-1.354120,-0.407207,0.037406,-0.084906,0.340519,-0.322494
0.885096,-0.641238,-0.350552,1.131435,-0.240218,0.443112,-0.337551
0.887435,0.582187,-0.002917,0.959391,-0.194103,0.512288,-0.206554
0.889862,1.565299,0.410292,0.252584,-0.095155,0.441712,0.011959
0.890702,1.303313,0.557520,1.072596,-0.203953,0.070326,0.169973
0.889729,-0.335682,0.535871,2.976627,-0.413807,-0.533586,0.175043
0.888601,-0.963295,0.414807,2.076564,-0.261792,-0.890602,0.230819
0.887570,0.928641,0.230879,-2.393008,0.356007,-0.776260,0.482813
0.885507,1.930994,0.212865,-5.174288,0.925454,-0.594960,0.575919
0.883447,-0.687566,-0.098427,-3.003570,1.077488,-0.622314,0.200732
0.881819,-3.505297,-1.189131,0.597393,1.033700,-0.657814,-0.349816
0.876344,-3.180143,-1.615703,1.812890,1.002993,-0.600290,-0.687677
0.864439,-1.323275,0.050503,1.519903,0.791237,-0.555916,-0.761904
0.850608,0.308723,2.166908,2.015248,0.307983,-0.517978,-0.628215
0.839593,1.704745,2.387231,2.999074,-0.109672,-0.447113,-0.412525
0.831264,1.922353,1.098247,2.220697,-0.177662,-0.356619,-0.308298
0.824772,0.837171,0.038886,-0.459243,-0.062465,-0.226910,-0.273490
0.821046,0.264666,-0.242219,-1.876741,-0.041597,-0.106972,-0.151662
0.819747,0.313622,-0.233394,-0.500786,-0.108832,-0.109489,-0.057381
0.817380,-0.368324,-0.235520,1.007981,-0.147753,-0.195438,-0.143782
0.811183,-0.941901,-0.139412,0.563134,-0.144194,-0.223316,-0.244559
0.803248,-0.127285,-0.012663,-0.462464,-0.079486,-0.179728,-0.176884
0.795772,0.709451,0.055404,-0.462960,-0.012278,-0.145389,-0.064402
0.786122,0.381647,0.437391,0.479968,-0.191066,-0.107841,-0.041820
0.774657,0.201384,1.042655,1.955827,-0.618494,-0.003303,-0.007244
0.771938,0.653183,0.972334,3.090494,-0.863669,0.109535,0.115916
0.788983,0.415564,0.159134,2.197855,-0.735257,0.149257,0.242715
0.821832,-0.171765,-0.513260,-0.537401,-0.531212,0.174382,0.312824
0.851570,-0.077435,-0.697508,-2.313080,-0.392509,0.177927,0.281246
0.863862,-0.450795,-0.507213,-2.087281,-0.127688,0.035859,0.082813
0.864471,-1.431121,-0.295520,-1.916635,0.308556,-0.152879,-0.170472
0.865185,-0.974514,-0.624118,-2.085881,0.719837,-0.227860,-0.293174
0.862956,0.190786,-0.864069,-0.570869,0.928841,-0.348768,-0.335594
0.851474,-0.154170,-0.003618,1.618848,0.887089,-0.569866,-0.387367
0.837312,-0.401120,1.145536,2.014612,0.628975,-0.591053,-0.330436
0.821708,1.041670,2.077480,2.771754,0.122090,-0.430757,-0.146383
0.793689,1.674040,3.430573,5.703708,-0.680574,-0.426949,-0.024066
0.761932,0.662230,3.026903,5.298815,-1.386626,-0.412450,0.041739
0.755896,0.744710,-1.168291,-1.609591,-1.284126,-0.015915,0.226615
0.782933,1.672885,-4.486606,-6.866985,-0.474113,0.383905,0.421762
0.820156,0.235764,-2.352145,-3.903940,-0.001989,0.182818,0.323546
0.846516,-2.972936,0.813457,0.613929,-0.151483,-0.297017,-0.053059
0.857699,-3.746437,-0.494424,-1.163347,-0.031431,-0.308183,-0.368153
0.860660,-1.307848,-3.546905,-4.329974,0.478564,0.021333,-0.468277
0.862711,0.135579,-3.723051,0.025680,0.476865,0.012021,-0.531337
0.860223,-1.099326,-2.271306,7.906860,0.097605,-0.263132,-0.629316
0.848729,-1.197479,-2.080624,8.321348,0.256029,-0.205794,-0.615784
0.836080,0.956589,-2.030730,3.491055,0.614197,0.078379,-0.525877
0.820539,1.643234,-0.097106,3.739758,0.331091,0.011477,-0.501071
0.781201,0.891724,2.554825,6.729496,-0.165877,-0.329826,-0.384177
0.715793,1.973784,4.040188,3.774839,-0.128801,-0.392683,0.010506
0.646992,3.577554,4.710858,-2.316922,0.152882,-0.120049,0.476186
0.580032,2.699704,5.517063,-4.134465,0.126029,0.039761,0.692833
0.504189,0.540673,5.868803,-3.089659,-0.045792,-0.089952,0.602397
0.433244,-0.601061,4.707970,-4.318175,0.017201,-0.199881,0.369685
0.398576,-0.669172,2.921112,-6.616191,0.070225,-0.158417,0.199169
0.406183,-0.684942,2.243557,-5.241156,-0.271720,-0.291727,0.099143
0.430676,-1.442569,1.740435,-2.008179,-0.459053,-0.592499,-0.095879
0.450544,-1.935705,-0.341140,-3.486300,0.260700,-0.464248,-0.296243
0.464074,-0.577540,-2.290228,-7.543199,1.236164,0.155504,-0.248715
0.471934,0.524355,-2.026298,-4.993763,1.248436,0.462503,-0.137638
0.477439,-1.182382,-1.152336,3.012800,0.527021,0.148348,-0.266003
0.496025,-2.242952,-1.471043,5.785977,0.209016,-0.070129,-0.352476
0.530549,0.589304,-2.565126,1.828558,0.443394,0.243155,-0.112712
0.560975,2.804494,-3.898826,0.052153,0.478085,0.533592,0.063191
0.579183,0.742109,-4.186490,3.205851,0.048126,0.298619,-0.102490
0.595597,-1.130144,-1.607237,4.563642,-0.353853,-0.097639,-0.207696
0.608504,0.426143,2.069060,0.794817,-0.349359,-0.131915,-0.014304
0.607989,1.642764,2.874292,-2.936420,-0.176614,0.074062,0.119277
0.601999,0.158754,0.608783,-2.042523,-0.206721,0.114144,-0.034590
0.605424,-1.214269,-1.564040,1.102384,-0.365043,-0.075983,-0.244081
0.613902,-0.677396,-1.619321,1.993087,-0.350845,-0.271910,-0.273555
0.612660,0.464458,-0.048357,0.081300,-0.142223,-0.293565,-0.143727
0.602362,0.823441,0.999292,-1.731112,0.044580,-0.169699,-0.029311
0.594010,0.038930,0.088667,-1.313724,0.108351,-0.071605,-0.067037
0.585151,-0.922558,-1.189625,0.164330,0.106954,-0.073399,-0.177232
0.566065,-0.625106,-0.619781,0.758655,0.022138,-0.105523,-0.192429
0.543213,0.359474,0.928936,1.041001,-0.213514,-0.112749,-0.114710
0.531555,0.638550,1.167545,1.529472,-0.431331,-0.049891,-0.022032
0.537102,0.565114,-0.064273,0.676742,-0.387852,0.085891,0.070376
0.568489,0.584676,-1.152752,-1.072217,-0.185320,0.134869,0.143698
0.633635,0.293590,-1.127273,-1.273181,-0.066066,0.002568,0.221129
0.706941,0.001767,-0.493955,-0.332323,-0.043748,-0.146616,0.335004
0.748521,-0.142949,-0.132040,0.089926,-0.077709,-0.175137,0.351663
0.760616,-0.436333,-0.077391,0.350013,-0.138982,-0.094873,0.205483
0.771001,0.080989,0.051057,0.294441,-0.086255,0.115060,0.118760
0.780831,1.547123,0.038437,-0.841493,0.060870,0.406144,0.170704
0.779226,1.498997,-0.371106,-1.616712,0.094819,0.571689,0.125109
0.773683,-0.966234,-0.579604,-0.591035,0.037705,0.503019,-0.056044
0.773259,-3.031595,-0.098842,1.261710,0.000942,0.270173,-0.132070
0.776678,-2.339090,0.406203,2.418140,-0.110634,-0.007760,-0.037087
0.784244,-0.032444,0.247920,1.963989,-0.247801,-0.162280,0.077271
0.794909,1.192357,-0.151777,0.081210,-0.175990,-0.081950,0.116470
0.801519,0.633217,-0.233002,-1.244192,0.005049,0.104257,0.096124
0.802788,-0.062146,-0.219080,-0.793509,0.015416,0.203838,0.045466
0.804110,-0.033735,-0.371280,-0.241906,-0.052058,0.242802,-0.027930
0.805066,0.130842,-0.362487,-0.733207,0.015538,0.329114,-0.081136
0.801868,0.448220,0.097936,-0.386448,0.060266,0.363776,-0.049965
0.797103,0.656914,0.652584,1.779551,-0.132207,0.163491,0.015962
0.795341,-0.357083,0.735644,3.261387,-0.365569,-0.202399,0.011994
0.797123,-1.672565,0.341607,2.170343,-0.331590,-0.469326,-0.013309
0.803366,-1.040176,-0.081717,-0.108749,-0.072443,-0.493841,0.073426
0.814428,0.993214,-0.306066,-1.667606,0.148849,-0.319492,0.268932
0.823684,1.853573,-0.364420,-1.543540,0.156583,-0.103947,0.404785
0.825036,0.566536,-0.318743,0.132672,-0.000284,-0.019753,0.286254
0.820757,-1.620459,-0.565558,0.757883,-0.022854,-0.007740,-0.086012
0.810722,-2.549388,-1.482544,-1.365127,0.235698,0.147921,-0.443270
0.791080,-1.432499,-2.211674,-2.577166,0.385136,0.358345,-0.542342
0.769840,-0.012702,-1.362500,0.001070,0.129170,0.341055,-0.405937
0.757430,0.454712,0.623834,1.968999,-0.072861,0.158352,-0.167210
0.745532,0.914626,1.904317,-0.298935,0.212217,0.028475,0.078146
0.723506,1.472520,2.052988,-2.103017,0.539258,-0.132603,0.218951
0.700053,0.993766,1.957803,0.795552,0.364482,-0.407281,0.193470
0.685528,0.113739,1.513299,4.005692,-0.034522,-0.560335,0.097922
0.673940,0.138056,0.326582,2.700670,-0.214652,-0.456190,0.026165
0.657900,0.218392,-0.426161,-0.133691,-0.327994,-0.279134,-0.065230
0.645251,-0.374031,0.037682,-0.658994,-0.502151,-0.099164,-0.138851
0.649722,0.002701,0.107924,-1.006515,-0.424594,0.198041,-0.032190
0.672749,1.461422,-1.133535,-2.452674,-0.121115,0.445772,0.173883
0.705995,1.116058,-1.672311,-1.472667,-0.056331,0.323994,0.225483
0.744134,-1.023704,-0.429954,1.842288,-0.231630,-0.052153,0.186426
0.780306,-1.554112,0.522848,2.501561,-0.259796,-0.289637,0.246164
0.803373,-0.379322,0.045388,0.020366,-0.098898,-0.250743,0.284155
0.812692,0.139773,-0.338982,-1.638062,0.067106,-0.014467,0.196825
0.817064,0.101419,-0.025808,-1.292233,0.131111,0.280790,0.114222
0.817980,-0.229132,-0.121710,-0.323947,0.050428,0.460754,0.022369
0.812973,-1.412554,-0.600312,-0.033976,0.002737,0.511447,-0.159517
0.806504,-1.756907,-0.385054,-0.824951,0.130211,0.481054,-0.251780
0.804247,-0.109580,0.368515,-0.900230,0.126791,0.243410,-0.095033
0.807556,1.329763,0.646998,0.574674,-0.153164,-0.145801,0.169716
0.815929,1.276171,0.364403,0.790233,-0.271432,-0.302290,0.317563
0.826045,1.064383,0.072512,-0.966603,-0.069273,-0.097975,0.279310
0.832968,1.085922,-0.210421,-1.522677,0.061909,0.200967,0.159593
0.835918,0.379966,-0.552216,-0.621708,0.049002,0.387939,0.072937
0.837243,-0.684652,-0.438742,-0.657891,0.134210,0.396573,0.017886
0.838397,-0.695766,0.246680,-0.766903,0.167639,0.190418,-0.001465
0.840516,0.137160,0.641474,0.603114,-0.065325,-0.111013,0.049286
0.844050,0.388139,0.272804,1.290309,-0.258303,-0.247168,0.102853
0.847897,0.176620,-0.202321,-0.437538,-0.127606,-0.097142,0.111774
0.851417,0.312644,-0.272591,-2.232415,0.030350,0.155466,0.113304
0.854258,0.040994,-0.282247,-1.799393,-0.075609,0.258312,0.031800
0.855304,-0.911729,-0.401861,-0.487965,-0.187779,0.267362,-0.165809
0.854716,-0.972990,-0.185441,-0.275064,-0.070700,0.370127,-0.252769
0.853717,-0.031408,0.401977,-0.258854,-0.021803,0.393974,-0.132937
0.852098,0.080151,0.736365,0.812134,-0.230585,0.073769,-0.012749
0.849327,-0.620546,0.610912,1.081420,-0.288040,-0.359958,0.043532
0.846346,-0.570283,0.364786,-0.907178,0.023091,-0.530499,0.116766
0.844666,-0.014185,0.026716,-2.402681,0.234181,-0.499382,0.116631
0.845487,0.002281,-0.452967,-1.342837,0.080719,-0.447627,0.010460
0.848842,0.133067,-0.590914,-0.330482,-0.034950,-0.297553,-0.023370
0.852681,1.166012,-0.103273,-1.059421,0.100046,-0.018719,0.071713
0.854642,2.056278,0.443819,-1.113333,0.165007,0.212333,0.194604
0.854477,1.618827,0.500190,0.385960,0.038739,0.308056,0.304331
0.853608,0.310455,0.203914,0.804995,-0.018058,0.347180,0.342694
0.853798,-0.868144,-0.168650,-0.676553,0.053077,0.387502,0.217814
0.856055,-1.413401,-0.483617,-1.654396,0.040246,0.409112,0.000536
0.859330,-1.199559,-0.523071,-0.739814,-0.120203,0.367539,-0.177211
0.861704,-0.872859,-0.253152,0.650823,-0.275954,0.281895,-0.331233
0.862997,-0.797102,0.080924,0.711927,-0.268383,0.276193,-0.427811
0.863839,0.217812,0.380015,-0.143782,-0.125466,0.358113,-0.307020
0.863643,1.631484,0.550051,0.126274,-0.098120,0.280315,-0.082390
0.862113,0.389513,0.367305,1.600275,-0.249125,-0.046129,-0.038482
0.860638,-2.042150,0.108602,1.502642,-0.205356,-0.299648,-0.003291
0.860262,-0.403569,0.252335,-1.007127,0.165363,-0.291117,0.343992
0.860143,3.229045,0.378456,-2.381824,0.390110,-0.227371,0.699280
0.858926,2.054491,-0.103187,-0.575543,0.252032,-0.153581,0.612285
0.856399,-1.830440,-0.634587,0.970462,0.097881,0.091884,0.253872
0.854173,-1.699950,-0.530903,-0.195469,0.019026,0.340543,-0.039688
0.855447,0.758928,-0.199249,-1.233771,-0.145270,0.362416,-0.228860
0.861835,0.846238,-0.135893,-0.456010,-0.212572,0.294010,-0.233089
0.869220,0.365958,-0.057157,0.009510,-0.067208,0.175872,0.052345
0.871408,1.564920,0.351573,-0.323289,0.056192,-0.130825,0.405676
0.869543,1.895041,0.692280,-0.587238,0.219273,-0.401387,0.484683
0.868725,-0.155629,0.217245,-1.680918,0.673124,-0.410646,0.196643
0.865212,-2.574290,-0.904239,-2.915580,1.129113,-0.465135,-0.291333
0.853032,-3.641365,-1.383070,-1.949346,1.164498,-0.704740,-0.712119
0.836093,-2.887857,-0.521808,0.082777,0.900481,-0.679310,-0.874914
0.811707,-0.486718,1.342212,1.423244,0.469412,-0.283309,-0.756158
0.766553,1.800647,3.390138,3.888807,-0.330997,-0.098312,-0.466208
0.716629,2.261619,3.405473,6.114717,-1.160718,-0.277755,-0.153254
0.708900,1.892227,0.022562,2.439725,-1.138732,-0.203283,0.122104
0.754056,1.807950,-3.222742,-4.395568,-0.386172,0.249030,0.304091
0.806559,0.345152,-2.446070,-4.622803,-0.066026,0.336385,0.178678
0.830736,-2.773392,-0.130985,0.303292,-0.388015,-0.114595,-0.275463
0.835788,-3.535427,-0.428683,-0.028103,-0.380345,-0.254232,-0.571205
0.837894,-0.222397,-2.351963,-4.524951,0.111179,0.248774,-0.378224
0.836577,2.390658,-2.856137,-3.592160,0.226400,0.637181,-0.068491
0.830393,0.940783,-1.567901,1.287767,-0.116612,0.485645,0.001473
0.822191,-0.922468,0.238476,1.564855,-0.185114,0.243690,0.041602
0.813106,0.159998,1.728225,-1.584241,0.106836,0.152911,0.224384
0.802804,1.853275,2.561730,-1.612137,0.265275,-0.030183,0.328067
0.787648,1.529561,2.506580,1.202039,0.171597,-0.321960,0.207591
0.766192,0.221389,1.566372,3.146189,-0.002133,-0.520326,0.014865
0.747440,-0.192103,0.269422,3.117418,-0.145694,-0.563871,-0.091362
0.734636,0.267349,-0.593838,1.283698,-0.179948,-0.435667,-0.137341
0.715637,0.106501,-0.600823,-0.811002,-0.212077,-0.186433,-0.216503
0.691186,-0.686304,0.003230,-1.272362,-0.388436,0.029069,-0.273913
0.683419,-0.073205,0.429573,-1.297295,-0.440518,0.226627,-0.153627
0.700822,1.450633,0.173571,-1.471054,-0.156719,0.417802,0.121756
0.729407,1.003269,-0.185217,0.641103,0.046925,0.293160,0.345587
0.758974,-0.631101,0.023143,3.350888,-0.088776,-0.215751,0.394225
0.786009,-0.810144,0.290595,1.877906,-0.154590,-0.560799,0.316400
0.804131,-0.448845,-0.023672,-1.715153,0.015493,-0.378276,0.223409
0.813300,-0.801097,-0.488862,-2.072181,0.055690,0.034144,0.158952
0.820851,-0.789130,-0.522011,-0.307264,-0.082462,0.345334,0.074406
0.828509,-0.109483,-0.210471,-0.048645,-0.095887,0.554416,0.002336
0.831487,0.775633,0.176568,-0.449656,-0.025884,0.646153,0.074549
0.824410,1.312836,0.431678,0.629131,-0.137329,0.473532,0.201981
0.807194,-0.097535,0.389080,1.923342,-0.331960,0.035843,0.112540
0.792724,-2.827749,0.147983,0.870697,-0.271320,-0.424602,-0.112099
0.796553,-3.110284,-0.107764,-1.552023,0.053924,-0.657377,-0.059231
0.815125,-0.362074,-0.302888,-1.844719,0.328699,-0.628807,0.303360
0.831584,1.399996,-0.292934,-0.306505,0.439074,-0.467260,0.521830
0.839802,0.363673,-0.099362,-0.559271,0.537299,-0.268313,0.389378
0.845026,-0.502747,0.000831,-2.173884,0.627554,-0.037672,0.223777
0.848064,0.840014,0.086541,-1.361531,0.542869,0.207645,0.279030
0.844755,1.911432,0.445860,1.704514,0.259415,0.369548,0.377125
0.836528,0.675435,0.775935,3.578601,-0.054926,0.381240,0.309233
0.829891,-0.600855,0.546751,3.115554,-0.215436,0.345624,0.165290
0.826341,-0.324570,-0.124579,1.317115,-0.197516,0.409332,0.046582
0.821428,-0.562369,-0.681522,-0.709062,-0.162808,0.538397,-0.125063
0.814714,-1.840223,-0.792012,-1.523445,-0.213637,0.570217,-0.329296
0.812349,-1.790153,-0.523321,-0.728602,-0.247136,0.441905,-0.395236
0.817476,-0.284801,-0.201296,-0.051125,-0.177408,0.265928,-0.305056
0.825480,0.421670,-0.105678,-0.591624,-0.070856,0.177151,-0.212317
0.831183,0.002826,-0.150438,-1.338332,0.036123,0.169089,-0.186891
0.834473,0.008773,-0.012290,-1.462964,0.193318,0.180700,-0.139611
0.836791,0.996883,0.327109,-1.034251,0.326042,0.234156,0.017589
0.837813,1.852046,0.485612,0.334970,0.249343,0.286676,0.188604
0.837268,1.217131,0.388590,2.454761,-0.009387,0.161144,0.194457
0.835551,-0.549369,0.446291,3.372458,-0.209308,-0.159273,0.074649
0.833069,-1.604315,0.596568,1.939282,-0.243867,-0.469228,0.009119
0.831809,-1.318413,0.264867,-0.324950,-0.166208,-0.645875,0.006404
0.833891,-0.711567,-0.396284,-1.604437,-0.011528,-0.667310,0.003426
0.837746,-0.457161,-0.658907,-1.635327,0.135406,-0.472173,0.037709
0.840812,-0.495198,-0.449373,-0.954312,0.167076,-0.114135,0.086847
0.843593,-0.354439,-0.128872,-0.246856,0.112395,0.193981,0.072815
0.846508,0.357657,0.168575,0.417258,0.009531,0.325188,0.023500
0.847930,0.756821,0.277915,1.329494,-0.138303,0.326961,-0.035031
0.847738,0.200692,0.115062,1.159639,-0.168499,0.315788,-0.112359
0.847628,-0.116565,-0.038041,-1.049567,0.011962,0.332363,-0.132520
0.848451,-0.007917,-0.039690,-2.371486,0.145427,0.276233,-0.081073
0.850233,-0.634501,-0.013990,-0.403643,0.055019,0.121372,-0.057214
0.852553,-0.949865,0.094947,1.999478,-0.070311,0.013664,-0.012407
0.854401,0.404779,0.320911,1.981191,-0.118993,-0.033816,0.149031
0.855494,1.493092,0.386440,0.865082,-0.158750,-0.119897,0.275200
0.856751,0.666879,0.158355,-0.081744,-0.102346,-0.116552,0.224685
0.858736,-0.312548,-0.093068,-1.109141,0.075294,0.087931,0.126515
0.860488,-0.306143,-0.215572,-1.185647,0.120245,0.276768,0.061486
0.860439,-0.615366,-0.363380,-0.017899,-0.007112,0.316900,-0.060039
0.858745,-1.200502,-0.356760,0.418178,-0.055536,0.332084,-0.183311
0.857512,-0.809110,0.211567,0.492693,-0.092113,0.257015,-0.162272
0.858412,-0.018123,0.852098,2.295388,-0.320220,-0.020748,-0.041009
0.861435,0.539461,0.634154,3.367305,-0.447063,-0.202182,0.106205
0.864404,1.369731,-0.047924,0.297993,-0.157354,-0.061614,0.324286
0.864513,1.433559,-0.280992,-3.918332,0.277218,0.069868,0.503355
0.863592,-0.494059,-0.619353,-4.500875,0.520948,-0.042720,0.387545
0.864036,-2.580576,-1.522814,-1.262040,0.511160,-0.137578,0.018074
0.859184,-2.673335,-1.711598,3.197169,0.156789,-0.083698,-0.280090
0.846352,-1.623279,-0.805595,5.070524,-0.372234,-0.070044,-0.373796
0.836973,-0.965981,-0.160447,1.716709,-0.503895,-0.120700,-0.367440
0.824755,-0.356494,0.343129,-3.382168,-0.124616,-0.123768,-0.304803
0.778878,0.605840,1.668595,-4.622346,0.245181,-0.132729,-0.217621
0.700228,0.685993,2.583275,-2.515695,0.385319,-0.258016,-0.239573
0.626249,-0.489185,1.986282,-0.679534,0.525640,-0.529915,-0.360205
0.563239,-0.970360,1.335158,0.695632,0.652181,-0.877794,-0.398790
0.492947,-0.048185,1.334799,2.557294,0.526518,-1.072218,-0.376900
0.443047,0.470411,0.554871,3.468652,0.230397,-0.906623,-0.470373
0.459146,0.104443,-1.011578,2.221683,0.049583,-0.486549,-0.629010
0.518859,0.021942,-1.566394,0.361579,0.003703,-0.135502,-0.699501
0.558594,0.164718,-0.851075,-0.277706,-0.035111,-0.048351,-0.677099
0.565042,0.428621,-0.202268,-0.124839,-0.039511,-0.138319,-0.540263
0.567080,1.432608,-0.044220,-0.115424,-0.001563,-0.211139,-0.263930
0.567881,2.048065,0.177415,0.019565,-0.017357,-0.211815,-0.031895
0.552150,1.056581,0.457522,0.135740,-0.038710,-0.187862,0.008352
0.529755,-0.043185,0.171539,-0.513013,0.019417,-0.127666,-0.033127
0.521068,-0.161496,-0.664984,-1.178845,0.058090,-0.023941,-0.063494
0.527097,-0.254941,-1.017350,-0.626607,0.023338,0.062378,-0.092017
0.538493,-0.326873,-0.310680,0.476785,-0.065127,0.100758,-0.079802
0.549830,-0.018815,0.582847,0.960273,-0.331161,0.098849,-0.057856
0.564298,-0.062614,0.774282,1.022571,-0.670419,0.086525,-0.088011
0.591573,0.026240,0.512468,0.967827,-0.626579,0.129769,-0.054811
0.626309,0.795858,0.236933,0.617164,-0.223363,0.171278,0.066745
0.646302,0.566071,0.070403,0.431230,-0.009097,0.029340,0.087198
0.647539,-0.665667,0.228938,0.803211,-0.059978,-0.278338,0.057701
0.647588,-0.717097,0.515647,1.058302,-0.054532,-0.528975,0.169464
0.654893,-0.456486,0.223714,0.522022,0.008490,-0.584307,0.262142
0.668409,-1.303639,-0.610013,-0.869915,0.067907,-0.392073,0.198970
0.688573,-0.858866,-1.103162,-2.400816,0.182304,0.002472,0.192971
0.708378,1.397017,-0.881087,-2.433056,0.177376,0.351601,0.229049
0.718355,1.911071,-0.380989,-1.062929,0.003409,0.526369,0.067197
0.720678,0.436620,0.023392,-0.523063,-0.039553,0.646646,-0.109066
0.721202,-0.046543,0.389370,-0.186509,-0.020526,0.584911,-0.031488
0.723978,0.326303,0.698029,1.863323,-0.230535,0.108683,0.087880
0.736808,0.364140,0.565984,2.300299,-0.315537,-0.393913,0.105170
0.758376,1.130758,-0.001854,-1.548690,0.063882,-0.370600,0.263815
0.770597,2.035670,-0.405907,-4.183419,0.339376,-0.069212,0.467723
0.764544,0.502038,-0.768329,-1.878854,0.110017,-0.009443,0.218269
0.751504,-2.271547,-1.668169,-0.099386,-0.047453,-0.051501,-0.404840
0.737584,-2.224946,-2.235040,-1.899480,0.191605,0.120623,-0.704043
0.719080,0.466810,-1.336083,-2.381995,0.317067,0.336679,-0.465412
0.702344,1.926383,0.137690,0.069176,0.127343,0.367256,-0.135225
0.695383,1.528778,1.113033,0.945038,0.040562,0.296027,0.063958
0.692700,1.662255,2.072617,-0.571252,0.209474,0.219436,0.280758
0.690277,2.081830,2.839430,-0.595338,0.332532,0.089131,0.457330
0.689045,0.801353,2.169832,1.817016,0.175635,-0.135086,0.366437
0.681079,-1.201009,0.447572,3.526825,-0.094191,-0.364397,0.079795
0.663118,-1.435106,-0.732182,2.033057,-0.095258,-0.427284,-0.146464
0.641779,-0.435239,-0.956326,-1.040753,0.039836,-0.337472,-0.298251
0.609837,-0.276469,-0.339231,-1.268107,-0.258880,-0.266246,-0.434811
0.566402,-0.242490,0.895738,1.331850,-0.725258,-0.116058,-0.361066
0.550991,1.067335,0.946397,0.951405,-0.530437,0.228221,-0.028985
0.594038,1.922424,-1.157039,-2.936928,-0.013119,0.365936,0.199987
0.663753,1.041161,-2.599368,-3.812007,-0.029172,0.050427,0.213476
0.713670,0.417833,-1.220361,-1.200353,-0.217126,-0.231765,0.310745
0.738913,0.688584,0.582282,-0.323953,-0.039257,-0.183243,0.467586
0.754987,0.569046,0.535553,-0.863253,0.060169,-0.078755,0.437298
0.764614,0.957867,-0.118986,-0.786148,-0.065561,0.040795,0.347983
0.764316,1.582870,-0.157131,-1.726479,0.035668,0.265137,0.250544
0.758330,-0.639225,-0.203281,-2.681714,0.224094,0.373177,-0.101503
0.754513,-3.694438,-0.511256,-1.460619,0.162359,0.386077,-0.463343
0.755406,-2.493621,-0.431901,-0.044113,0.058072,0.518392,-0.349534
0.760363,0.483062,0.150841,0.921087,-0.001641,0.495848,-0.002449
0.770594,0.476879,0.615557,2.726642,-0.159780,0.119518,0.132267
0.784767,-0.300948,0.542986,2.900153,-0.227246,-0.162552,0.186790
0.797087,0.438855,0.140713,0.279499,-0.078121,-0.086500,0.312465
0.804425,0.634121,-0.134554,-1.361528,0.046635,0.070110,0.336737
0.806905,0.036531,-0.116414,-0.839398,0.067145,0.188018,0.210793
0.803920,-0.222431,-0.083627,-0.566788,0.102275,0.364622,0.023804
0.797811,-0.845555,-0.246261,-0.766565,0.109023,0.471531,-0.190074
0.794486,-1.402020,-0.273014,-0.337695,0.032102,0.328288,-0.310103
0.795761,-0.574349,0.074105,0.509328,-0.033397,0.044495,-0.195817
0.798338,0.580413,0.315427,1.053828,-0.024871,-0.128736,0.047132
0.800113,0.622872,0.106244,0.658218,0.021083,-0.106176,0.177108
0.801474,0.206711,-0.120091,-0.336282,0.059279,0.007307,0.154523
0.802548,0.277601,-0.069096,-0.516812,0.053214,0.096789,0.117250
0.803380,0.339510,-0.047223,0.156877,-0.008641,0.151683,0.070758
0.804705,-0.095028,-0.132760,0.234512,-0.056939,0.241020,-0.036759
0.805495,-0.031302,0.010250,-0.185491,-0.043093,0.340826,-0.063779
0.802759,0.623037,0.384391,0.583753,-0.090327,0.218925,0.033316
0.796961,0.020819,0.580162,2.099780,-0.260786,-0.221255,0.016590
0.792944,-1.328915,0.417905,1.538482,-0.310950,-0.627313,-0.128490
0.792657,-0.858293,0.122068,-1.034490,-0.107470,-0.693652,-0.104689
0.793866,0.745335,-0.091238,-1.986729,0.071839,-0.590909,0.129580
0.797450,1.648718,-0.230410,-0.824690,0.063710,-0.457678,0.341257
0.806390,2.288613,-0.329461,-0.678365,0.051875,-0.142241,0.407378
0.817179,1.876391,-0.352286,-1.603163,0.080444,0.279745,0.306213
0.822804,-0.404896,-0.313331,-1.333979,0.051136,0.506896,0.093513
0.822945,-1.610230,-0.186759,-0.401197,0.069524,0.488206,-0.060618
0.821926,-0.760643,0.123426,0.153678,0.149559,0.312143,-0.122809
0.821138,-1.041048,0.433822,1.342905,0.044306,0.016401,-0.179758
0.820782,-1.889582,0.400746,2.713248,-0.196493,-0.208535,-0.136823
0.822320,-0.222477,0.131129,2.014092,-0.186987,-0.151018,0.069353
0.825108,1.817340,-0.004606,-0.419690,0.094009,0.104274,0.225061
0.826459,1.372703,0.021089,-1.693006,0.269138,0.349887,0.219991
0.825084,0.662650,0.076257,-0.652887,0.192843,0.481785,0.217650
0.822179,1.109228,0.135780,0.791097,0.036145,0.446285,0.273290
0.822245,0.665431,0.054216,0.700393,-0.065415,0.301727,0.253289
0.829970,-0.778521,-0.281505,-0.454204,-0.069642,0.224583,0.115085
0.842040,-1.530318,-0.600702,-1.143635,-0.023472,0.215881,-0.063216
0.849239,-1.724705,-0.560608,-0.680171,-0.101146,0.101517,-0.193554
0.848703,-1.487087,-0.154551,0.610746,-0.305483,-0.093279,-0.187212
0.844085,-0.245442,0.353512,1.279643,-0.367845,-0.211682,-0.094917
0.836404,0.331618,0.562380,0.201030,-0.227531,-0.305534,-0.131981
0.826296,-0.618570,0.277336,-1.343963,-0.094049,-0.422769,-0.244780
0.818753,0.164827,-0.077324,-1.793952,0.010683,-0.382621,-0.091673
0.816918,2.819606,-0.065425,-1.541836,0.160052,-0.154916,0.243544
0.819683,2.267815,0.019947,-0.940574,0.233803,0.052228,0.319978
0.826263,-0.616953,-0.079192,0.096599,0.181010,0.214659,0.208203
0.833605,0.036714,-0.052406,0.657481,0.131259,0.420792,0.254569
0.836087,1.961590,0.030843,0.270684,0.101077,0.558731,0.258849
0.834757,-0.208055,-0.212014,-0.383016,0.037505,0.537066,-0.055629
0.836021,-2.791821,-0.395682,-0.878427,0.006385,0.440456,-0.345979
0.840418,-1.341161,-0.051112,-0.739723,0.022940,0.281122,-0.257640
0.843537,0.688461,0.377072,0.400178,-0.005073,0.012336,-0.009875
0.844283,0.606675,0.472588,1.491395,-0.069620,-0.272603,0.092079
0.845343,0.434280,0.406373,1.443669,-0.106636,-0.421378,0.088319
0.849034,0.761337,0.173499,0.527982,-0.127236,-0.338237,0.139542
0.854556,0.913984,-0.250730,-0.683860,-0.105267,-0.025819,0.245490
0.858873,1.318222,-0.468759,-1.583745,0.020889,0.349222,0.255057
0.860425,1.578881,-0.336654,-1.615812,0.187693,0.612772,0.154328
0.858597,1.269395,-0.104397,-0.990379,0.262488,0.737801,0.176840
0.851179,0.899086,0.214555,0.188711,0.188473,0.639209,0.332399
0.839166,-0.132681,0.547131,1.657954,0.015918,0.198578,0.263985
0.830226,-1.740119,0.475771,1.690807,-0.101659,-0.354935,-0.028301
0.830000,-1.648791,0.052822,-0.163246,-0.047125,-0.645693,-0.076079
0.835648,0.010918,-0.115760,-1.355130,0.084768,-0.697606,0.172693
0.842779,0.510654,0.085367,-0.711354,0.132796,-0.734707,0.290114
0.849680,0.125528,0.280199,0.147874,0.078220,-0.735431,0.188626
0.852739,1.008678,0.439799,0.795279,-0.021987,-0.622139,0.162923
0.849370,2.556078,0.606485,1.414371,-0.047260,-0.454187,0.314445
0.843306,2.795067,0.396534,0.376040,0.143229,-0.240704,0.409607
0.835706,0.768700,-0.242315,-1.818416,0.349169,-0.032197,0.151098
0.821271,-2.954069,-0.748158,-1.788016,0.217168,-0.011987,-0.407073
0.801257,-5.111272,-1.071913,-0.017262,-0.022350,-0.038980,-0.814561
0.781667,-3.293636,-1.599116,0.413657,0.029681,0.273190,-0.878899
0.759121,-0.805397,-1.664985,0.752205,0.061469,0.698841,-0.862725
0.732243,-0.734063,-0.269693,2.109545,-0.201612,0.658477,-0.779422
0.714281,0.032006,1.682092,1.125027,-0.287731,0.307845,-0.385904
0.711806,2.918996,2.323443,-1.856914,-0.014013,0.155020,0.088834
0.712303,3.498865,1.635477,-1.887110,0.152536,0.113177,0.212547
0.707569,0.915175,0.841989,0.749620,0.098448,-0.050878,0.077827
0.704323,-0.520282,0.262419,2.225898,0.018633,-0.204029,-0.029142
0.704619,-0.134442,0.069590,2.694308,-0.203440,-0.256245,-0.123177
0.701402,-0.201553,0.717543,2.639704,-0.517812,-0.220478,-0.207727
0.699251,-0.089910,1.068591,0.308462,-0.505622,-0.031848,-0.131388
0.713230,1.054775,-0.223075,-2.590483,-0.194230,0.151420,0.064654
0.739294,1.522623,-1.559962,-2.401467,-0.056388,0.036848,0.193999
0.755809,0.600324,-0.973959,-0.479529,-0.119387,-0.285337,0.244972
0.761634,-0.290742,0.225541,-0.258498,-0.036716,-0.484000,0.311019
0.776866,-0.229541,0.153893,-1.204122,0.156287,-0.424087,0.379448
0.803415,0.383962,-0.609260,-1.376707,0.159137,-0.154984,0.344647
0.822836,0.410421,-0.855611,-0.905082,-0.012548,0.179792,0.152192
0.829918,-0.547516,-0.545782,-0.436878,-0.116846,0.408703,-0.084261
0.834812,-0.973876,-0.155778,-0.174461,-0.092289,0.521815,-0.210583
0.838374,-0.118430,0.120001,-0.120117,-0.055242,0.586394,-0.237407
0.831789,0.454879,0.447865,0.395503,-0.084585,0.519202,-0.206789
0.815780,0.064340,0.770908,1.609808,-0.167108,0.243414,-0.120029
0.801647,-0.766416,0.635261,2.161736,-0.239229,-0.108091,-0.138349
0.795877,-1.870106,0.111543,1.002076,-0.220571,-0.341857,-0.307323
0.795767,-1.448421,-0.183737,-0.794712,-0.067659,-0.385978,-0.240395
0.797358,1.642462,-0.109038,-1.553766,0.157068,-0.322271,0.209206
0.799531,3.527182,0.081282,-1.017496,0.286315,-0.289046,0.532458
0.802314,1.584332,0.215752,0.033592,0.219466,-0.247179,0.449182
0.804642,-0.298033,0.092377,0.815596,0.072069,-0.023571,0.276833
0.804007,0.206873,-0.228632,0.509694,0.011874,0.320950,0.122326
0.799801,0.383031,-0.381665,-1.210526,0.058249,0.551103,-0.175332
0.795616,-0.212423,-0.351372,-2.785240,0.147919,0.619835,-0.401537
0.795884,0.267671,-0.245591,-1.883384,0.196026,0.556806,-0.266061
0.801680,0.864137,0.116634,0.975293,0.111070,0.309195,0.046070
0.810357,0.376547,0.524810,2.511386,-0.061534,-0.005272,0.225769
0.818813,-0.054685,0.436640,1.437300,-0.146212,-0.122891,0.253713
0.826829,0.251724,0.009728,-0.257470,-0.078394,-0.007580,0.240722
0.834828,0.678538,-0.210116,-1.024724,0.021396,0.162364,0.215233
0.839891,0.774262,-0.217709,-1.083730,0.047442,0.287902,0.155596
0.838676,0.520393,-0.174395,-0.775980,0.043883,0.355663,0.077582
0.832209,-0.159966,0.055966,-0.171349,0.050236,0.274313,-0.022583
0.824749,-1.422703,0.398296,0.721387,-0.016881,-0.018531,-0.157651
0.820589,-2.196087,0.446861,1.553096,-0.144819,-0.328208,-0.173595
0.822080,-0.895396,0.148278,1.216630,-0.161630,-0.383638,0.049743
0.827841,1.228392,-0.090322,-0.301849,-0.058567,-0.203701,0.275110
0.833626,1.544515,-0.087074,-1.041012,0.003562,0.006786,0.268448
0.836237,0.315218,-0.086337,-0.396594,0.030955,0.185786,0.135781
0.836055,-0.737957,-0.239333,-0.324160,0.134237,0.383092,-0.001746
0.835658,-1.085932,-0.373807,-1.394731,0.252264,0.542279,-0.103142
0.836258,-0.581642,-0.294853,-1.379523,0.239829,0.502666,-0.046203
0.837048,0.338688,-0.037281,0.686497,0.084893,0.245633,0.131231
0.838432,0.497588,0.191268,2.331792,-0.071807,0.027279,0.205063
0.841959,-0.015281,0.227890,1.442788,-0.096802,0.059488,0.145367
0.846699,-0.233275,0.041832,-0.365597,-0.073912,0.192274,0.044332
0.850355,-0.300247,-0.295603,-0.783993,-0.163923,0.229267,-0.123722
0.852767,-0.353241,-0.522914,-0.656126,-0.230972,0.286110,-0.277096
0.855072,0.306894,-0.307457,-1.228144,-0.089061,0.421549,-0.220718
0.857590,0.943045,0.285815,-0.784904,0.013163,0.314792,-0.063552
0.858128,-0.010046,0.765996,1.348059,-0.149524,-0.204032,-0.075821
0.851914,-1.304241,0.793202,1.797305,-0.241288,-0.741849,-0.162359
0.838735,-0.675709,0.456750,-0.755079,-0.010809,-0.890304,-0.072816
0.827743,0.734367,0.016972,-2.345595,0.199498,-0.731565,0.090380
0.827051,0.866297,-0.307233,-0.916090,0.126820,-0.515166,0.117997
0.833928,0.693424,-0.363225,0.603838,-0.019132,-0.287592,0.106588
0.841406,1.567021,-0.157950,0.421685,-0.040397,-0.004955,0.218976
0.846441,2.395254,0.055630,-0.396080,0.041369,0.316980,0.370556
0.848930,1.658890,0.001257,-1.143471,0.149205,0.592756,0.372958
0.850785,-0.437329,-0.251615,-1.035769,0.169120,0.700390,0.172681
0.855052,-2.207771,-0.436137,0.318546,0.061053,0.637562,-0.109007
0.861364,-2.321711,-0.548718,0.723831,-0.043591,0.551414,-0.307660
0.866381,-1.275161,-0.553114,-0.779563,-0.048388,0.484163,-0.355377
0.868555,-0.108014,-0.041459,-1.111284,-0.027492,0.330195,-0.265248
0.867343,0.699475,0.816666,1.080609,-0.118498,0.062515,-0.130243
0.862227,0.363743,1.001091,2.795778,-0.314239,-0.264551,-0.112810
0.856569,-0.787596,0.382268,2.002220,-0.327302,-0.578828,-0.153093
0.855587,-0.427211,0.035570,-0.122808,0.014656,-0.711078,0.045066
0.859124,1.536614,0.177142,-1.656026,0.325891,-0.551889,0.417362
0.863537,1.939499,-0.019576,-1.466871,0.238505,-0.255153,0.508588
0.868368,0.104934,-0.553213,-0.189618,0.039678,-0.001816,0.258502
0.873746,-1.011965,-0.685156,0.285125,0.063954,0.207059,0.056322
0.876584,-0.284560,-0.364587,-0.244157,0.113428,0.340461,0.019156
0.876263,0.329116,-0.037316,-0.021346,-0.020077,0.296989,-0.024464
0.875765,-0.143936,0.164860,1.242117,-0.163417,0.150287,-0.066233
0.872525,-0.704987,0.272727,1.601722,-0.141099,0.036758,-0.053642
0.860907,-1.153628,0.238633,0.293201,-0.035862,-0.110344,-0.120533
0.845565,-1.730623,0.114590,-0.890768,0.018073,-0.329205,-0.243510
0.836900,-0.810124,0.098241,-0.665494,0.021116,-0.436119,-0.147868
0.835660,1.883805,0.254124,0.163559,-0.004500,-0.386319,0.136990
0.836490,2.662857,0.301067,0.794469,-0.094303,-0.320414,0.247975
0.839116,0.494090,0.057493,0.871368,-0.141547,-0.152287,0.177547
0.844483,-0.533081,-0.132195,-0.279134,0.034117,0.217304,0.204188
0.849285,0.145677,-0.127673,-1.867805,0.280789,0.515646,0.218094
0.851418,-0.851334,-0.354050,-1.899333,0.306614,0.559714,-0.004781
0.853283,-2.388178,-0.640992,-0.509553,0.198753,0.519773,-0.226790
0.856785,-1.531953,-0.243661,0.848254,0.152972,0.407377,-0.170351
0.860279,0.069772,0.553137,2.147162,0.057140,0.102229,0.040153
0.861946,0.593084,0.791632,3.141302,-0.165710,-0.187957,0.200695
0.862677,1.022890,0.470223,2.404635,-0.313626,-0.209613,0.258122
0.863799,1.375358,0.146381,0.081071,-0.243958,-0.051010,0.228108
0.864636,0.874270,-0.097743,-1.967253,-0.031470,0.128894,0.168985
0.864301,0.026097,-0.352459,-2.767576,0.187267,0.305283,0.087897
0.863440,-0.711005,-0.502605,-2.357752,0.288979,0.423230,-0.066932
0.863004,-1.142598,-0.337418,-0.741304,0.212395,0.375590,-0.192820
0.863430,-0.548156,0.220343,1.408818,0.020550,0.152362,-0.100419
0.864882,0.754681,0.744307,2.595998,-0.162709,-0.122885,0.145666
0.866860,1.050644,0.642063,2.190367,-0.256506,-0.284102,0.274947
0.868559,0.047618,0.087105,0.839928,-0.219331,-0.223023,0.195251
0.869814,-0.548026,-0.248503,-0.858772,-0.055434,0.029724,0.048512
0.870736,-0.310223,-0.303595,-2.125927,0.091734,0.277615,-0.077499
0.871226,-0.559748,-0.461153,-1.805166,0.078597,0.351722,-0.207089
0.871416,-1.032241,-0.578404,-0.830942,0.055675,0.345755,-0.276431
0.871545,-0.253171,-0.213551,-1.244941,0.201639,0.396302,-0.189303
0.871399,0.970901,0.437715,-1.273501,0.265958,0.349341,-0.050038
0.870545,0.694476,0.748394,1.498803,0.015532,0.053411,-0.018855
0.868852,-0.404730,0.663212,3.332381,-0.233022,-0.295756,-0.026182
0.866714,-0.368416,0.630782,0.981617,-0.217243,-0.547091,0.032596
0.864839,0.107126,0.602231,-0.813555,-0.172490,-0.827903,0.060618
0.863745,-0.566083,0.118603,0.615465,-0.176665,-0.999495,0.050723
0.863879,-0.771237,-0.618211,0.080590,-0.009305,-0.654192,0.159811
0.866002,0.984709,-0.907483,-3.031886,0.193769,0.056588,0.263294
0.870058,1.751302,-0.659752,-2.727209,0.152929,0.530003,0.107503
0.874023,-0.231965,-0.283225,0.544844,0.041071,0.641479,-0.108065
0.875615,-1.498768,0.086865,1.516745,0.055945,0.585432,-0.081956
0.874781,-0.584501,0.406103,0.900907,0.022212,0.255376,0.019521
0.873344,-0.447070,0.479941,1.339967,-0.101445,-0.302218,0.020049
0.872814,-1.278910,0.328066,1.284336,-0.101884,-0.607371,0.073987
0.873189,-0.766389,0.111845,0.189354,-0.004930,-0.494343,0.173626
0.873764,0.192614,-0.125797,-0.027398,0.002172,-0.286445,0.118506
0.874507,-0.070583,-0.229313,0.327963,-0.063476,-0.189855,-0.026570
0.875568,-0.496063,-0.073038,0.099317,-0.113624,-0.210674,-0.085778
0.876101,-0.192927,0.069480,-0.141486,-0.133843,-0.320926,-0.078239
0.875396,0.262893,0.032542,-0.304390,-0.084366,-0.360327,-0.040103
0.874045,0.622771,0.124310,-0.704125,0.014131,-0.209215,0.046046
0.872528,0.782255,0.384749,-0.241843,0.010640,-0.000126,0.105192
0.870801,0.605710,0.350810,1.186585,-0.119895,0.141731,0.085699
0.869804,0.481924,-0.059757,1.186178,-0.157931,0.253261,0.070441
0.870494,0.359886,-0.379168,-1.163850,0.031250,0.342343,0.082307
0.871988,-0.144706,-0.412519,-3.074325,0.250067,0.387913,0.015259
0.873381,-0.483007,-0.402666,-2.186219,0.239060,0.436927,-0.145609
0.875505,-0.252218,-0.454603,-0.010725,0.039368,0.499654,-0.265832
0.878505,-0.017668,-0.406933,0.779794,-0.099047,0.543832,-0.265931
0.880643,0.093433,-0.156339,0.166510,-0.067477,0.574149,-0.199055
0.881411,0.312620,0.225962,0.066280,0.014889,0.533318,-0.116562
0.882062,0.372195,0.541904,0.964006,0.016538,0.349129,-0.019425
0.882119,0.245192,0.552786,1.309256,-0.060521,0.118044,0.052853
0.879663,0.088478,0.315900,0.565645,-0.135650,-0.087932,0.044630
0.874775,-0.391899,0.230712,0.141982,-0.136294,-0.392215,-0.012024
0.869496,-1.183004,0.348219,0.538865,-0.087041,-0.795683,-0.050334
0.866900,-1.426335,0.284394,0.868448,-0.133824,-1.056351,-0.023936
0.870512,-0.000349,0.052246,0.746352,-0.298366,-1.014342,0.161411
0.879089,2.652601,-0.071429,-0.165649,-0.313001,-0.735851,0.484499
0.884722,3.336586,-0.139643,-2.026331,-0.023592,-0.409460,0.619208
0.883288,0.308788,-0.173477,-3.015840,0.268274,-0.201161,0.343562
0.880369,-2.825797,-0.416522,-1.520916,0.297215,-0.136123,-0.121305
0.878770,-2.996000,-1.479803,0.281187,0.344233,-0.186871,-0.569571
0.870706,-2.545012,-2.404765,-0.483538,0.690794,-0.319132,-0.978821
0.851885,-2.738029,-1.102701,-1.736323,0.931085,-0.373186,-1.067579
0.830654,-1.083434,1.488863,0.322236,0.573109,-0.258853,-0.631821
0.815361,1.663269,2.102550,3.312335,-0.042229,-0.162244,-0.119984
0.806206,2.095165,0.750193,2.085089,-0.255277,-0.212283,0.039475
0.801668,0.811939,0.096186,-1.508912,-0.093745,-0.274220,0.049427
0.799902,0.009045,0.183025,-1.902256,-0.004015,-0.250396,0.108741
0.797583,-0.592283,-0.523044,0.364699,-0.073893,-0.192936,0.078633
0.795119,-0.998827,-1.289242,1.054021,-0.098172,-0.142963,-0.032161
0.794311,-0.485030,-0.917757,-0.171222,-0.003147,-0.127298,-0.065208
0.792226,0.072249,-0.190832,-0.926241,0.115058,-0.151537,-0.052383
0.788464,0.003506,-0.050764,-0.593691,0.164053,-0.127948,-0.071187
0.787201,0.060267,-0.287946,-0.079026,0.146888,-0.036489,-0.081838
0.783105,0.219106,-0.272900,0.357397,0.073912,-0.027108,-0.072905
0.767048,0.084106,0.518450,1.190378,-0.150480,-0.116197,-0.053204
0.750434,0.379976,1.403890,2.413301,-0.552045,-0.092419,0.026804
0.754945,1.053747,0.772473,3.089567,-0.865942,0.062729,0.141824
0.779849,0.990260,-0.935777,1.909391,-0.785026,0.131057,0.194367
0.807778,0.561471,-1.562753,-1.206701,-0.397719,0.085008,0.184654
0.830907,0.196298,-0.904899,-3.578984,-0.090738,-0.002576,0.129223
0.849192,-1.238650,-0.338409,-2.856445,0.052052,-0.189413,-0.017895
0.860004,-2.578742,-0.374274,-1.590206,0.372810,-0.331366,-0.186409
0.861117,-1.235040,-0.788972,-2.520338,0.899718,-0.222309,-0.266909
0.854805,0.496242,-0.744164,-2.077913,1.118226,-0.168614,-0.339086
0.847956,-0.477535,0.391280,2.168747,0.850567,-0.445333,-0.439698
0.838056,-1.001386,1.465572,4.782227,0.424195,-0.647098,-0.402863
0.802943,1.050753,1.971388,3.243675,-0.129953,-0.479402,-0.222902
0.741545,1.718556,2.916117,3.027611,-0.825748,-0.227893,-0.072992
0.706053,0.611621,2.460661,4.085043,-1.078246,-0.008594,0.099603
0.735046,1.715425,-1.385256,-0.008554,-0.596951,0.258930,0.380203
0.790183,2.765227,-4.234771,-5.832242,-0.136033,0.285748,0.453420
0.818419,-0.774423,-2.215175,-4.502223,-0.251549,-0.081541,0.030978
0.823713,-5.293620,0.088031,-0.236035,-0.284261,-0.340523,-0.540143
0.830253,-5.483794,-1.403172,-1.631299,0.359565,-0.124494,-0.737274
0.835653,-3.153657,-2.995919,-3.264301,0.953879,0.216269,-0.623487
0.832437,-1.742796,-1.766043,1.302239,0.735065,0.345802,-0.549116
0.827150,-0.813823,-0.361370,3.881245,0.262611,0.435685,-0.493033
0.823332,0.578682,-0.075537,-0.942224,0.183246,0.600318,-0.269977
0.814732,1.673146,1.121346,-3.906952,0.121233,0.646753,0.033786
0.799865,1.855488,3.066238,-0.203599,-0.190133,0.513673,0.230517
0.786559,1.249173,3.333285,2.813419,-0.316547,0.310989,0.262183
0.776499,0.230241,1.873429,2.013360,-0.114249,0.047977,0.146911
0.759970,-0.387616,0.761488,1.824449,0.037186,-0.265475,-0.027359
0.735385,-0.038768,0.696484,3.207169,-0.048047,-0.516204,-0.147437
0.713880,0.633568,0.750647,3.260346,-0.193139,-0.637840,-0.224783
0.697700,0.825313,0.411144,1.417624,-0.213907,-0.631515,-0.310957
0.680015,0.802264,0.161626,-0.316265,-0.141561,-0.517139,-0.332837
0.664517,0.997151,0.358251,-0.567901,-0.118703,-0.373292,-0.224629
0.659849,1.204106,0.509898,-0.278046,-0.146561,-0.255930,-0.063040
0.663154,1.148828,0.125238,-0.838005,-0.115421,-0.129168,0.052422
0.666076,0.591164,-0.475386,-1.566399,-0.033534,-0.001732,0.079928
0.667129,-0.471865,-0.791423,-1.372769,0.014134,0.057859,0.019826
0.669647,-1.092893,-0.807539,-0.842772,0.031668,0.071718,-0.052703
0.672774,-0.603944,-0.721826,-0.506973,0.059472,0.105701,-0.058246
0.671711,-0.055647,-0.667278,0.150357,0.058530,0.145125,-0.040106
0.668650,-0.395329,-0.729637,1.161149,-0.037123,0.160585,-0.082946
0.669453,-0.804968,-0.948128,1.796314,-0.163626,0.189820,-0.172900
0.667736,-0.398866,-1.280070,1.622920,-0.139891,0.292269,-0.243223
0.658162,0.298319,-1.548537,1.066285,0.089674,0.453816,-0.288741
0.651174,0.387926,-1.550684,0.879881,0.411601,0.569048,-0.366606
0.637916,0.101548,-1.067191,0.809899,0.754471,0.599412,-0.459644
0.584922,0.591762,0.197898,0.249216,1.028308,0.629410,-0.436299
0.500139,1.656967,1.821707,0.032594,1.049853,0.639695,-0.297992
0.435729,1.444219,2.497278,0.552809,0.907999,0.528816,-0.226229
0.410168,0.328827,2.194687,0.268096,0.922172,0.398957,-0.170503
0.397132,0.972981,2.595944,-0.622589,0.989999,0.361233,0.114468
0.371017,2.453175,3.779837,0.096117,0.730926,0.246167,0.465784
0.316154,1.318401,3.735414,1.598475,0.240124,-0.015835,0.499884
0.237604,-0.967550,2.173570,1.267320,-0.119742,-0.183568,0.368404
0.175669,-0.657986,0.882249,-0.351884,-0.297181,-0.193702,0.467272
0.159376,0.691380,0.406863,-1.762011,-0.347693,-0.220670,0.697747
0.164433,0.104699,-0.139554,-3.134962,-0.299329,-0.210381,0.761739
0.157175,-1.157893,-1.212067,-3.527191,-0.350926,-0.031902,0.666046
0.143936,-1.800833,-2.858927,-1.809074,-0.529784,0.137529,0.500041
0.146573,-2.626958,-4.747165,-0.042900,-0.520777,0.131621,0.285658
0.161576,-3.042460,-5.726955,-0.000232,-0.318690,0.089908,0.103830
0.165138,-2.394203,-5.060042,0.103737,-0.319763,0.109884,-0.040388
0.143520,-2.017955,-3.451344,1.145727,-0.557126,0.089494,-0.239616
0.107503,-2.129621,-2.044600,0.913998,-0.664365,0.033169,-0.448133
0.075720,-1.639713,-1.325006,-1.113336,-0.546841,0.064562,-0.581909
0.050225,-1.018647,-0.900227,-2.556350,-0.420217,0.173804,-0.705325
0.023896,-0.792830,0.064002,-2.538354,-0.412313,0.281945,-0.855389
0.003057,-0.412170,1.468433,-2.317708,-0.514070,0.370488,-1.025947
-0.002448,-0.620849,2.059065,-2.323167,-0.598100,0.373804,-1.312441
0.000492,-1.622035,1.695396,-2.586382,-0.371055,0.256622,-1.609856
0.000773,-0.667390,1.793524,-3.817655,0.338364,0.171001,-1.558298
-0.000608,2.223165,2.333054,-5.184394,1.243429,0.163339,-1.253807
-0.000107,2.148101,1.757447,-4.426346,1.803742,0.029080,-1.250810
0.000371,-1.198979,0.586492,-1.685292,1.792940,-0.168842,-1.542971
-0.000118,-1.709663,0.748411,0.445646,1.530052,-0.030294,-1.562298
-0.000145,1.432326,1.595624,1.070462,1.388820,0.395810,-1.248761
0.000133,2.309939,1.355651,1.942903,1.256007,0.541364,-1.035003
0.000015,-0.011492,0.777876,3.891774,0.891901,0.274949,-0.972210
-0.000080,-0.802135,1.019225,5.002966,0.505730,0.046671,-0.836806
0.000030,0.312698,1.083764,4.019334,0.349917,0.007524,-0.715411
0.000029,-0.019805,0.458328,2.936017,0.215703,-0.095320,-0.728703
-0.000030,-0.980959,0.376498,3.233341,-0.073373,-0.250375,-0.654032
-0.000002,0.191927,0.970763,3.028064,-0.293729,-0.260652,-0.366811
0.000017,1.800737,0.950960,1.364459,-0.325611,-0.232472,-0.149084
-0.000007,1.104841,0.184083,0.341667,-0.301800,-0.327988,-0.176947
-0.000006,-0.162294,-0.376951,0.388112,-0.186221,-0.396151,-0.215891
0.000007,0.343794,-0.456104,-0.196551,0.044467,-0.293000,-0.109713
-0.000000,0.966095,-0.239954,-0.403891,0.065131,-0.186457,-0.053569
-0.000004,0.051084,0.262148,1.263689,-0.211040,-0.248714,-0.134656
0.000002,-0.485043,0.720217,1.947445,-0.297787,-0.342899,-0.113700
0.000001,0.555912,0.698487,-0.096457,-0.066132,-0.255695,0.088330
-0.000002,0.927929,0.406570,-0.767369,-0.095140,-0.071306,0.174967
0.000000,-0.370594,0.151295,1.483169,-0.509610,-0.013152,0.005714
0.000001,-0.823625,-0.217000,1.618443,-0.638945,-0.000770,-0.131949
-0.000000,0.505051,-0.632165,-1.661480,-0.269356,0.179337,-0.056199
-0.000000,0.899502,-0.780009,-2.997725,0.021864,0.380253,-0.005993
0.000000,-0.552186,-0.814644,-0.841100,-0.038566,0.363166,-0.152137
-0.000000,-1.153470,-0.900488,0.766764,-0.164606,0.273673,-0.308745
-0.000000,-0.156700,-0.715103,0.597355,-0.240143,0.279632,-0.349505
0.000000,0.095511,-0.315372,0.637131,-0.365689,0.246920,-0.408040
0.000000,-0.666328,-0.214000,0.898528,-0.490922,0.155403,-0.549276
-0.000000,-0.525367,-0.239352,0.515619,-0.562932,0.195869,-0.665654
0.000000,0.376183,0.070721,0.098362,-0.620271,0.350137,-0.705596
0.000000,0.588630,0.299186,-0.229839,-0.582188,0.447805,-0.707919
-0.000000,0.292390,0.073016,-1.020414,-0.397068,0.493597,-0.674853
0.000000,0.300669,0.060460,-1.299259,-0.265961,0.553018,-0.599724
0.000000,0.425482,0.471762,-0.071821,-0.327646,0.563592,-0.542210
-0.000000,0.173619,0.362977,1.155283,-0.415720,0.473344,-0.536992
0.000000,-0.259367,-0.309634,0.681782,-0.387060,0.378685,-0.495809
0.000000,-0.142488,-0.300168,-0.498403,-0.326921,0.396901,-0.341476
-0.000000,0.545933,0.542530,-0.750256,-0.296882,0.483282,-0.158766
-0.000000,0.799772,1.048737,-0.417788,-0.224847,0.511421,-0.055020
0.000001,0.385786,0.879011,-0.384546,-0.086168,0.485778,0.005193
-0.000001,0.203188,0.633938,-0.349760,0.044153,0.471947,0.074715
-0.000001,0.277669,0.500203,0.266831,0.083275,0.400332,0.105837
0.000002,-0.091120,0.391315,1.415804,-0.016152,0.191311,0.080667
0.000000,-0.494836,0.419616,2.337067,-0.200989,-0.044827,0.077019
-0.000004,-0.179462,0.485315,1.834281,-0.291625,-0.151117,0.133208
0.000004,0.404141,0.350370,-0.119587,-0.178672,-0.120499,0.194691
0.000004,0.514354,0.094000,-1.663880,-0.002700,-0.032708,0.204281
-0.000011,0.288476,-0.122714,-1.398302,0.027196,0.038539,0.154812
0.000001,0.156280,-0.295206,-0.192076,-0.066764,0.040521,0.084239
0.000019,0.199246,-0.377113,0.261254,-0.092855,0.006696,0.048367
-0.000018,0.309903,-0.305872,-0.371053,-0.003000,0.028400,0.059172
-0.000018,0.296318,-0.144243,-0.932260,0.076516,0.087195,0.078782
0.000049,0.130186,0.054299,-0.626933,0.088617,0.082731,0.108285
-0.000010,0.231114,0.355962,0.020742,0.062929,0.028968,0.190790
-0.000081,0.638314,0.692815,0.460756,-0.011170,0.016498,0.280241
0.000090,0.530159,0.613839,0.591055,-0.085025,0.051271,0.258723
0.000071,-0.179657,-0.123213,0.126929,-0.062600,0.091934,0.130184
-0.000226,-0.482545,-0.880974,-0.369524,-0.036998,0.101910,-0.009458
0.000068,-0.412821,-1.076581,0.190477,-0.127023,0.028175,-0.169551
0.000357,-0.658028,-1.126027,0.875546,-0.207574,-0.097779,-0.381995
-0.000444,-0.616317,-1.348637,0.545535,-0.238957,-0.174891,-0.577750
-0.000267,-0.091969,-1.389687,0.596893,-0.377817,-0.210308,-0.739247
0.001094,0.082808,-1.351420,0.995953,-0.471283,-0.175931,-0.874730
-0.000607,0.617185,-1.520597,-0.385302,-0.218502,0.097897,-0.858373
-0.001379,1.867740,-1.494659,-1.647246,0.339336,0.574310,-0.619991
0.008638,2.362293,-1.319625,-0.677542,1.285297,1.103870,-0.132705
0.020880,3.434939,-1.321369,-1.080281,2.695959,1.734603,0.824129
0.017025,5.952884,-0.035845,-1.140879,3.422099,2.002087,2.051735
0.003259,3.392673,3.715467,7.832678,2.094415,0.821213,2.514635
-0.001897,-6.781698,7.181046,19.936014,-0.302854,-1.631022,1.763248
-0.000180,-12.907015,7.189963,17.392621,-1.407614,-3.359534,0.963876
0.000278,-6.512867,5.360707,1.444947,-0.793138,-3.098052,1.272905
0.001008,3.421572,4.818816,-9.445279,0.106234,-1.831050,2.239183
-0.001179,5.878979,5.041109,-9.579555,0.468297,-0.987855,2.786453
0.000376,2.148758,3.923205,-7.259980,0.471779,-0.743529,2.621967
0.038559,-1.959102,1.586211,-6.036929,0.290433,-0.672448,2.040037
0.117764,-3.830407,0.145376,-4.324001,0.002321,-0.641244,1.440361
0.184719,-2.020436,1.163562,-2.969739,-0.222133,-0.545903,1.299328
0.209107,1.685274,2.828116,-2.853942,-0.289362,-0.230959,1.637308
0.225843,1.185314,1.454018,-2.454684,-0.242906,0.052604,1.729549
0.258821,-3.984846,-2.141213,-0.795228,-0.186094,-0.102815,1.215593
0.285954,-6.050419,-3.115144,1.058641,-0.111014,-0.572699,0.758431
0.295734,-2.688320,-1.246258,1.443995,0.120784,-0.838597,0.797779
0.302876,-0.705376,-1.000982,0.370427,0.363912,-0.660351,0.795462
0.315347,-2.506284,-2.607311,0.052600,0.216336,-0.310299,0.411251
0.334109,-3.207390,-2.365099,1.206762,-0.197977,-0.184235,0.064139
0.361735,-1.740165,-0.714776,0.781093,-0.254279,-0.210444,-0.060060
0.394330,-0.976462,-0.673463,-2.103551,0.024788,0.007505,-0.105018
0.429315,0.059002,-0.659049,-1.821158,-0.225638,0.318477,0.162884
0.470769,1.979486,1.616950,4.260109,-1.233182,0.180783,0.691838
0.513148,1.031274,1.980703,7.347634,-1.793831,-0.156597,0.670728
0.546446,-1.694873,-2.993192,0.385795,-0.933744,0.045252,-0.034284
0.575415,-0.485422,-7.279535,-7.118145,0.345088,0.553467,-0.496820
0.605228,2.191572,-4.798433,-3.439726,0.437642,0.544179,-0.441096
0.627045,0.479580,0.201757,4.737735,-0.400413,0.169309,-0.448614
0.637566,-1.869549,1.426696,4.444417,-0.747107,0.184731,-0.562010
0.645226,-0.193352,0.028401,-1.291914,-0.415957,0.489109,-0.442550
0.652118,1.431202,-0.371418,-1.889438,-0.264178,0.470997,-0.231159
0.655884,0.451773,0.396969,1.304673,-0.394034,0.223452,-0.107737
0.660620,0.367664,1.140775,0.811370,-0.272290,0.171361,0.067037
0.667445,1.486841,1.439190,-1.746033,0.036454,0.149936,0.236001
0.669042,0.639404,1.016475,-0.365330,0.082766,-0.129437,0.151252
0.662279,-1.609721,0.060599,2.952947,-0.072079,-0.389822,-0.098771
0.653026,-2.106910,-0.478069,2.349586,-0.074770,-0.319373,-0.197428
0.647256,-0.542019,-0.334945,-0.906244,0.068117,-0.114133,-0.102109
0.645066,0.678359,-0.320999,-1.654894,0.120228,-0.034637,-0.029938
0.643542,0.287641,-0.591568,-0.085601,0.030642,-0.031648,-0.077771
0.645019,-0.596695,-0.483678,0.585705,-0.088053,-0.005200,-0.162162
0.656086,-0.730743,-0.147067,0.301558,-0.172532,0.044376,-0.216046
0.672713,-0.171473,-0.036730,0.224900,-0.257487,0.128116,-0.199788
0.683840,0.524174,0.271699,0.106078,-0.371887,0.226679,-0.072170
0.695430,0.866043,0.694268,0.182517,-0.458621,0.252149,0.093158
0.721403,0.700021,0.277146,0.894102,-0.437266,0.197569,0.164081
0.751979,0.406185,-0.579617,1.102914,-0.300455,0.129498,0.136545
0.766988,0.058063,-0.498499,0.189599,-0.129330,-0.010300,0.085412
0.768833,-0.532607,0.282791,-0.355774,-0.026263,-0.320422,0.076755
0.771553,-0.829670,0.460425,0.300617,0.005848,-0.661101,0.171213
0.778734,-0.514699,-0.077202,0.668395,0.059377,-0.766103,0.292200
0.789465,0.012558,-0.464887,-0.583714,0.165077,-0.563989,0.285045
0.802427,0.976960,-0.406184,-2.239242,0.243158,-0.164941,0.215736
0.811665,1.966628,-0.342367,-1.932365,0.193497,0.257104,0.191288
0.814545,1.098677,-0.408637,0.267175,0.014327,0.508206,0.086273
0.815124,-0.781945,-0.163230,1.540065,-0.138624,0.571857,-0.080436
0.814596,-0.481965,0.364200,0.712477,-0.151767,0.563667,-0.072527
0.811715,0.612304,0.499096,0.076649,-0.133404,0.382342,0.016471
0.809709,-0.922737,0.211265,0.860282,-0.160207,-0.076315,-0.044305
0.811991,-2.368834,0.133274,0.978284,-0.109479,-0.486151,-0.060796
0.817219,-0.266763,0.211792,-0.522011,0.071590,-0.477681,0.168019
0.822899,2.017949,-0.042092,-1.654050,0.248865,-0.142556,0.397009
0.827486,1.440091,-0.376184,-1.252024,0.263484,0.209066,0.391737
0.829912,0.310371,-0.323183,-0.189734,0.093509,0.410575,0.240692
0.830824,-0.057627,-0.049421,0.267800,-0.033551,0.472733,0.101926
0.831643,-0.757130,0.197698,-0.436598,0.059475,0.444211,0.027582
0.833098,-1.198843,0.427480,-0.830795,0.110421,0.269124,-0.013297
0.836180,-0.247376,0.535934,0.606210,-0.121081,-0.044048,0.000358
0.840769,1.189697,0.437607,1.946522,-0.371674,-0.273745,0.150871
0.844773,1.403489,0.231646,0.984974,-0.358502,-0.280669,0.332590
0.847585,0.590032,-0.001516,-1.155473,-0.121107,-0.096022,0.352462
0.849743,0.390895,-0.191766,-2.576344,0.179189,0.241390,0.256881
0.849759,0.183703,-0.332939,-2.059907,0.274680,0.522617,0.120081
0.847479,-1.618940,-0.480238,0.326388,0.070405,0.513425,-0.102584
0.846451,-2.789492,-0.384290,1.862451,-0.060835,0.395598,-0.231102
0.848262,-0.840510,0.181669,1.443177,0.049997,0.385944,-0.024374
0.850788,1.558355,0.729141,1.762290,0.015847,0.281687,0.307222
0.853383,1.232286,0.658728,2.845042,-0.238308,0.011352,0.388323
0.856623,-0.430264,0.174146,1.646716,-0.284402,-0.071497,0.241818
0.858627,-1.023040,-0.181087,-0.808797,-0.098133,0.142162,0.090612
0.857982,-0.931941,-0.334918,-1.100455,-0.063812,0.312116,-0.048936
0.856790,-1.281202,-0.493030,-0.257502,-0.129440,0.308557,-0.211109
0.856799,-1.152814,-0.486960,-1.106793,0.034400,0.367080,-0.263925
0.857074,0.307319,0.037305,-1.689336,0.241496,0.471677,-0.151112
0.856667,1.127179,0.738532,1.148831,0.116836,0.291244,-0.037091
0.854914,0.057422,0.908362,4.103653,-0.112218,-0.183236,-0.001547
0.850781,-0.588434,0.700342,2.476104,-0.063692,-0.642925,0.059275
0.845848,0.180195,0.581459,-0.815982,0.146481,-0.930169,0.170688
0.843791,0.693658,0.149430,-1.877490,0.388730,-0.844242,0.295648
0.844530,1.159754,-0.791448,-2.933131,0.640440,-0.199065,0.406834
0.844919,1.286066,-1.221236,-3.400972,0.444797,0.441087,0.283543
0.844772,-1.120637,-0.483405,0.694747,-0.329921,0.394689,-0.195791
0.844845,-3.006225,0.580593,4.386166,-0.766418,0.174682,-0.591083
0.842448,-0.345889,0.959355,1.125171,-0.423572,0.419644,-0.535270
0.836160,1.671136,0.673386,-2.747741,-0.138279,0.460029,-0.314741
0.830447,-0.435734,0.315469,-1.308608,-0.189225,-0.166646,-0.081687
0.831453,0.440087,0.203263,-1.234539,0.137562,-0.548584,0.418556
0.838232,4.868227,0.130035,-4.747321,0.674567,-0.232709,0.872415
0.837906,2.805503,-0.312072,-3.502404,0.557252,0.003003,0.588692
0.819326,-4.816888,-1.181615,2.019871,0.047452,-0.130477,-0.206720
0.792097,-6.190294,-1.869562,2.321303,-0.020540,-0.114386,-0.627780
0.771075,-0.704882,-1.512557,-1.896044,0.232015,0.101826,-0.473779
0.750631,2.348855,-0.119903,-2.711706,0.311703,0.149324,-0.228906
0.723491,1.267732,1.192597,-0.292098,0.299918,0.003576,-0.122007
0.702380,0.697787,1.742559,1.220442,0.328500,-0.197491,-0.031819
0.694086,1.182940,1.905142,2.510996,0.208269,-0.424714,0.040578
0.684346,0.858435,1.718441,4.043130,-0.084438,-0.557767,-0.006567
0.667169,0.182611,0.853235,3.145367,-0.317410,-0.468055,-0.129979
0.655229,-0.079672,-0.158720,-0.070036,-0.343991,-0.238300,-0.214161
0.654389,-0.202235,-0.691107,-2.477780,-0.187958,-0.011195,-0.212151
0.657322,-0.078287,-0.771049,-2.689165,-0.027770,0.137769,-0.141614
0.663203,0.218296,-0.235115,-1.087218,-0.072167,0.156266,-0.059764
0.680482,0.187792,0.623895,1.282263,-0.259013,0.103461,-0.007265
0.708384,0.247864,0.619545,2.491861,-0.362601,0.103644,0.028498
0.733553,0.605161,-0.121381,1.728385,-0.370286,0.088862,0.047289
0.747724,0.240812,-0.228911,0.312511,-0.346345,-0.112148,0.048523
0.753981,-0.727073,0.205511,-0.434652,-0.202604,-0.456481,0.075411
0.756663,-1.018714,0.239681,-0.493783,0.038482,-0.714830,0.110617
0.759384,-0.662482,0.036305,-0.820192,0.175025,-0.683833,0.118852
0.767115,0.055469,-0.116930,-1.915117,0.147686,-0.324247,0.168903
0.779064,1.133934,-0.481814,-2.292802,0.042292,0.144241,0.204698
0.788528,1.121335,-0.801096,-0.972446,-0.041529,0.462142,0.053612
0.793185,-0.160631,-0.513248,-0.050758,0.012958,0.624920,-0.110373
0.795668,-0.444120,0.230417,-0.173576,0.083027,0.605466,-0.014495
0.798959,-0.134031,0.739548,1.445662,-0.099341,0.228155,0.144918
0.807570,-0.726703,0.649018,3.688439,-0.268810,-0.252035,0.205604
0.821859,-0.070469,0.305645,1.719772,0.036004,-0.308261,0.402665
0.830851,1.411187,0.009964,-2.590426,0.480649,-0.080631,0.590817
0.825147,-0.813717,-0.579671,-2.666994,0.491865,-0.061068,0.283111
0.810952,-4.602096,-1.323764,1.086496,0.239614,-0.132817,-0.298792
0.797009,-3.653976,-1.290826,3.146189,0.050094,0.004056,-0.505669
0.780640,-0.028693,-0.525114,1.893880,-0.114092,0.166935,-0.340032
0.761329,0.996885,0.058432,-0.846397,-0.141747,0.181680,-0.188383
0.748289,0.736974,0.500143,-2.869940,0.091653,0.167824,-0.093367
0.740824,1.248354,1.132897,-1.933084,0.281186,0.116804,0.016729
0.727058,1.033796,1.421501,1.317602,0.232278,-0.059825,0.049305
0.708007,0.193210,1.216434,3.248875,0.146456,-0.256220,-0.015494
0.691164,0.041905,1.106645,2.791355,0.059478,-0.372025,-0.085417
0.668288,-0.049597,0.890638,1.646280,-0.111009,-0.398268,-0.141112
0.631706,-0.427564,-0.039062,0.079328,-0.174316,-0.291078,-0.242967
0.590767,-0.591387,-0.881292,-1.382726,-0.109740,-0.118943,-0.396653
0.554065,-0.601824,-0.401475,-0.900638,-0.240258,-0.014315,-0.440369
0.530513,0.150533,0.482378,0.118329,-0.499659,0.099643,-0.234200
0.544354,1.597325,-0.035457,-0.720544,-0.481338,0.229781,0.038283
0.604249,1.320973,-1.174297,-1.069547,-0.236466,0.129629,0.180340
0.676165,-0.659176,-0.939435,0.637596,-0.067979,-0.154669,0.364931
0.726461,-0.950114,0.133595,1.199777,0.000303,-0.285325,0.628141
0.759540,0.096140,0.354716,0.461181,-0.045715,-0.244416,0.603804
0.786506,-0.466962,-0.061873,1.143806,-0.204936,-0.139091,0.311241
0.800896,-0.921043,-0.172422,1.166683,-0.184190,0.120289,0.238289
0.801793,0.530922,-0.088338,-1.254006,0.105782,0.416316,0.350469
0.800303,0.219597,-0.207180,-2.348064,0.314713,0.502337,0.170181
0.800660,-2.811046,-0.469545,-0.915023,0.292805,0.465704,-0.200328
0.802052,-3.441542,-0.539667,-0.092806,0.207812,0.404913,-0.238957
0.807451,-0.417338,-0.134169,0.217489,0.089428,0.178928,0.072155
0.816356,1.632186,0.469198,1.745810,-0.127970,-0.157218,0.309774
0.824414,1.009006,0.644699,2.812395,-0.338819,-0.306238,0.313085
0.831432,0.510490,0.363499,1.483539,-0.333679,-0.135238,0.289246
0.837248,1.146510,0.063657,-1.168158,-0.087269,0.198955,0.315518
0.838833,0.670643,-0.235339,-2.719326,0.121633,0.416046,0.164669
0.838187,-1.582239,-0.655224,-2.101260,0.129525,0.432337,-0.177409
0.840197,-2.895651,-0.762316,-0.613067,0.160505,0.425821,-0.308966
0.843634,-1.733776,-0.183956,0.629481,0.271064,0.420649,-0.060467
0.845857,0.074126,0.605668,2.316496,0.150527,0.247259,0.238375
0.848876,0.861965,0.902976,3.918278,-0.195560,-0.009127,0.327078
0.853272,0.564301,0.623850,3.230331,-0.360953,-0.096900,0.259296
0.856188,-0.429147,0.146167,0.296375,-0.215220,0.000904,0.132711
0.857515,-0.900372,-0.230422,-2.213989,-0.014600,0.175194,0.008205
0.859101,-0.219270,-0.533644,-2.552658,0.057243,0.386766,-0.064318
0.860390,0.028535,-0.794550,-1.555458,0.079479,0.544271,-0.104874
0.860834,-0.791238,-0.610465,-0.768870,0.149944,0.501525,-0.147922
0.861588,-0.914799,0.200782,0.046499,0.149999,0.266363,-0.162028
0.862234,0.060658,0.886128,1.736587,-0.018334,0.009120,-0.102896
0.861159,0.694196,0.845038,2.932525,-0.157141,-0.185084,0.013002
0.858957,0.603695,0.555282,2.147231,-0.121584,-0.417397,0.100314
0.857196,-0.087253,0.412675,0.879552,-0.081524,-0.733475,0.081067
0.855995,-1.329967,0.080691,0.375802,-0.088985,-0.916487,0.009716
0.855560,-1.377592,-0.401488,-0.743079,0.051964,-0.699726,0.042358
0.856986,0.806990,-0.510022,-2.227541,0.283355,-0.148650,0.194779
0.860062,2.214206,-0.332043,-1.648841,0.298693,0.362714,0.261632
0.863066,0.602381,-0.285338,0.289600,0.106181,0.605749,0.124243
0.864913,-0.947024,-0.178760,0.703726,-0.004727,0.667773,-0.050549
0.865663,-0.208051,0.220828,0.237821,-0.016576,0.557617,-0.111925
0.865461,-0.223909,0.516684,1.309402,-0.132047,0.104951,-0.127010
0.864390,-2.023732,0.478220,2.619388,-0.252664,-0.510442,-0.102026
0.863341,-1.587481,0.375224,1.309579,-0.116719,-0.729999,0.070185
0.863756,1.506295,0.120278,-1.553692,0.144269,-0.380703,0.268535
0.865766,2.367684,-0.469555,-2.478842,0.187124,0.124367,0.231505
0.867950,0.168570,-0.732548,-0.731031,0.026232,0.433327,0.027773
0.869054,-0.708654,-0.097053,1.418688,-0.109425,0.519519,-0.025937
0.867654,0.451615,0.705673,2.360857,-0.220091,0.369952,0.070855
0.861955,-0.223311,0.761722,2.381404,-0.363596,-0.028458,0.017376
0.853646,-2.704605,0.304865,1.512581,-0.349529,-0.441100,-0.157206
0.848628,-2.259248,-0.021573,-0.714788,-0.047581,-0.562010,-0.084410
0.850057,1.199579,-0.109218,-2.626071,0.273977,-0.418424,0.240167
0.855146,2.318217,-0.069956,-1.742966,0.315723,-0.271256,0.436900
0.860965,0.421665,0.045802,0.602721,0.184018,-0.202418,0.405483
0.866761,-0.359155,0.054110,1.117911,0.129510,-0.110197,0.338053
0.869872,0.331513,-0.114281,-0.105765,0.187622,0.065103,0.305563
0.868522,0.684411,-0.170212,-1.096427,0.288015,0.309928,0.303390
0.867267,0.707803,-0.037228,-1.168963,0.312604,0.483039,0.248449
0.867775,-0.884948,-0.110237,0.112324,0.121018,0.436172,-0.127097
0.860167,-3.790533,-0.470796,1.361996,-0.080459,0.441875,-0.747942
0.838931,-3.204438,-0.631170,-0.602075,0.082506,0.843142,-1.007848
0.816935,0.481517,-0.315733,-3.141391,0.359693,1.164640,-0.707258
0.807871,0.969388,0.273288,-0.218963,0.226577,0.724170,-0.306756
0.808817,-0.655898,0.796371,4.336372,-0.062836,-0.057769,-0.002609
0.812490,0.943025,0.830191,2.327114,0.019627,-0.319810,0.323515
0.820902,2.907908,0.202910,-2.529064,0.226906,-0.131332,0.478029
0.836511,1.219382,-0.495621,-2.120349,0.121220,-0.000971,0.318318
0.852323,-0.654879,-0.567093,1.018998,-0.111204,0.055635,0.128594
0.860002,-0.249353,-0.167914,1.292778,-0.200262,0.145600,0.066096
0.860521,0.123361,0.148720,0.270477,-0.247784,0.146733,0.016367
0.858588,0.123902,0.251900,0.371891,-0.304339,0.051189,0.007005
0.852193,0.408300,0.247274,0.217437,-0.247140,-0.055432,0.045434
0.838225,-0.797822,0.164825,-0.600589,-0.117126,-0.245514,-0.051272
0.824230,-2.675852,0.051420,-0.691803,-0.057720,-0.499767,-0.191089
0.821810,-1.350147,-0.028281,-0.343300,-0.010759,-0.563304,-0.014382
0.830583,1.980418,0.002065,-0.708078,0.153966,-0.382649,0.403055
0.840203,2.063873,0.166246,-1.088858,0.301969,-0.240259,0.561299
0.845077,-0.492625,0.224178,-0.343905,0.224313,-0.199893,0.364019
0.846705,-0.318852,-0.011036,0.277013,0.087831,0.030684,0.246062
0.846033,2.181022,-0.246780,-0.731877,0.153806,0.429220,0.306884
0.842792,1.363340,-0.278232,-1.570476,0.230155,0.586304,0.081079
0.838596,-2.470610,-0.409938,-0.697108,0.097252,0.528671,-0.479356
0.835177,-2.935060,-0.610889,-0.469901,0.016520,0.630852,-0.750253
0.833118,0.370524,-0.246358,-1.320115,0.110739,0.671482,-0.534283
0.833391,1.489092,0.681447,0.250092,0.042898,0.194945,-0.257866
0.835959,-0.219334,1.166280,3.148142,-0.209477,-0.462642,-0.040324
0.838654,-0.664339,0.677036,2.418053,-0.269236,-0.702380,0.231931
0.841257,0.113552,-0.091465,-0.670632,-0.125491,-0.585174,0.379569
0.846574,0.461078,-0.436778,-1.542963,-0.045275,-0.358563,0.348715
0.854298,1.238538,-0.510178,-1.046220,-0.018833,0.034305,0.320997
0.859464,1.476965,-0.543890,-1.371989,0.052298,0.471474,0.195786
0.859255,-0.777594,-0.293738,-0.935079,0.065441,0.543189,-0.127949
0.855864,-2.959518,0.307587,1.065439,-0.052880,0.164998,-0.316620
0.852130,-1.816288,0.725410,2.272568,-0.183129,-0.251304,-0.150189
0.849281,0.762295,0.486281,1.144314,-0.187748,-0.306771,0.092125
0.848713,1.549117,-0.138977,-1.022879,-0.074832,-0.015409,0.167972
0.851602,1.006337,-0.475191,-2.040653,0.039124,0.324196,0.202335
0.855421,0.960825,-0.264986,-1.211689,0.062488,0.471323,0.297160
0.854681,0.872223,0.124655,0.313181,-0.007188,0.373219,0.301800
0.848733,-0.676381,0.227009,1.082391,-0.093900,0.088550,0.148346
0.844834,-2.566257,0.046532,0.599795,-0.093599,-0.272940,0.049512
0.848680,-2.406280,-0.028649,-0.540185,-0.001364,-0.562929,0.175739
0.856538,-0.702096,0.093300,-1.116826,0.066393,-0.678901,0.388096
0.861157,-0.032314,0.105864,-0.424698,0.048571,-0.675923,0.434151
0.860901,-0.360527,0.025275,0.889110,-0.024987,-0.661624,0.281581
0.859352,0.424755,0.143933,1.380977,-0.088905,-0.567405,0.151670
0.857617,1.963910,0.262885,0.006992,0.037123,-0.256231,0.170415
0.850989,1.773558,0.123224,-2.190604,0.369663,0.106396,0.112598
0.837267,-0.817656,0.017309,-2.047902,0.480577,0.123503,-0.263169
0.822335,-3.791649,-0.269914,0.604764,0.234650,-0.188651,-0.782039
0.809564,-4.583312,-1.447441,1.034658,0.155240,-0.254670,-1.089592
0.795130,-2.612227,-2.589529,-1.639796,0.295219,0.129945,-1.118989
0.779505,0.210345,-1.941443,-2.207640,0.109226,0.383106,-0.987288
0.766029,2.055164,-0.193912,-0.456217,-0.251549,0.193756,-0.711653
0.752025,2.641756,0.690997,-0.870511,-0.248185,-0.020284,-0.371679
0.736865,1.981196,0.847960,-1.961518,-0.048841,-0.083526,-0.203129
0.719603,0.642487,1.269503,-0.560410,0.068089,-0.250703,-0.234885
0.689509,0.278887,1.650109,1.146484,0.197378,-0.469556,-0.224743
0.651195,1.087461,1.565537,2.203417,0.202642,-0.552797,-0.102160
0.630952,1.090248,1.120118,3.964510,-0.041219,-0.614668,-0.049570
0.627919,-0.213078,0.407172,4.095659,-0.207816,-0.693224,-0.115954
0.615717,-0.714688,-0.117030,1.068288,-0.132408,-0.602233,-0.131495
0.598773,0.269940,-0.200632,-1.589062,-0.043981,-0.351517,-0.048910
0.590630,0.477249,-0.287887,-1.440076,-0.101878,-0.162900,-0.074114
0.571296,-0.614704,-0.233194,-0.018432,-0.295482,-0.089167,-0.261583
0.545542,-0.222436,0.131224,0.500514,-0.469148,0.037214,-0.295691
0.565657,1.628622,-0.173358,-0.458822,-0.441291,0.227347,-0.052844
0.636177,1.393469,-1.037404,-1.312556,-0.315210,0.217793,0.152978
0.700135,-0.389112,-0.875405,-0.877565,-0.232630,-0.036901,0.248695
0.738613,-0.168812,0.057148,-0.512183,-0.106827,-0.212848,0.439354
0.775999,1.121023,0.228263,-0.858821,-0.014937,-0.173727,0.533958
0.809508,1.139983,-0.106364,-0.943188,-0.107546,-0.043393,0.333165
0.821121,1.100348,-0.130035,-1.368556,-0.136614,0.200645,0.183136
0.817412,1.411923,-0.201005,-2.681652,0.111635,0.550633,0.224539
0.811360,0.334893,-0.353059,-2.668868,0.354889,0.721465,0.094631
0.807053,-1.405107,-0.046524,0.095888,0.295797,0.512395,-0.193726
0.809806,-1.395095,0.338345,2.807153,0.048898,0.104251,-0.234704
0.819846,0.222189,0.154430,2.101016,-0.072735,-0.138793,-0.021261
0.827865,1.084501,-0.285633,-0.384989,0.019894,-0.062252,0.128830
0.830135,0.309532,-0.500706,-0.729773,0.077610,0.145365,0.099406
0.830940,-0.360778,-0.434188,0.237565,-0.018364,0.289737,-0.008238
0.831651,0.204334,0.002998,-0.220961,-0.031379,0.379977,-0.063552
0.830541,0.736694,0.587911,-0.262966,0.065058,0.368816,-0.003771
0.826035,0.021306,0.656340,1.717640,-0.022626,0.134084,0.093489
0.817681,-1.531802,0.240441,2.388913,-0.258331,-0.228638,0.071695
0.811221,-2.195764,0.072105,0.110808,-0.302826,-0.500341,-0.078170
0.814615,-0.413223,0.194500,-1.980064,-0.129574,-0.603409,-0.134273
0.825319,1.982113,0.052769,-1.849876,0.014611,-0.544101,0.040749
0.834600,1.755901,-0.285233,-0.647492,0.040048,-0.322568,0.244753
0.841112,0.284222,-0.370483,0.074895,0.025578,-0.001884,0.261323
0.847171,0.464643,-0.301624,-0.236152,0.021435,0.300630,0.174021
0.850968,0.806395,-0.315007,-0.959468,0.053705,0.518246,0.121439
0.851500,-0.270086,-0.159340,-1.081752,0.152898,0.624631,0.083250
0.851139,-1.124851,0.270003,-0.177996,0.203962,0.511870,0.000153
0.851430,-1.020781,0.514889,1.451528,0.002201,0.111626,-0.120630
0.852989,-0.238124,0.355554,2.212813,-0.338873,-0.298025,-0.157219
0.856013,1.445469,0.111935,0.610878,-0.427171,-0.337068,0.007828
0.859269,2.439226,-0.038079,-1.657942,-0.201570,-0.101114,0.227253
0.862418,1.511235,-0.140422,-2.056554,0.028357,0.077997,0.277201
0.865973,0.704304,-0.141744,-1.510305,0.146155,0.238420,0.231897
0.867979,0.446017,-0.135796,-1.338294,0.238504,0.484024,0.196608
0.866827,-1.386235,-0.274297,-0.066469,0.222105,0.528153,0.024373
0.865297,-2.897678,-0.314069,2.010288,0.029791,0.213009,-0.235130
0.866101,-0.623843,-0.076609,1.592629,-0.094878,-0.076324,-0.196843
0.867615,2.403796,0.149800,-0.825753,0.008741,-0.062280,0.139938
0.868262,1.673522,0.226944,-1.095170,0.087797,0.012329,0.281568
0.869900,0.096373,0.201920,0.201605,0.013336,0.045519,0.154348
0.872848,1.263379,-0.030562,-0.253577,0.028356,0.290419,0.176849
0.873435,1.032738,-0.145260,-0.121088,0.029923,0.530030,0.232662
0.871126,-3.036810,0.018386,2.192929,-0.292692,0.205585,-0.191345
0.869459,-4.179053,-0.712754,0.601410,-0.440429,-0.358733,-0.788408
0.865855,0.646468,-2.419913,-5.103628,0.114653,-0.320413,-0.786005
0.855095,3.669518,-2.373056,-4.618061,0.578450,0.137579,-0.328146
0.842275,0.982605,0.297457,2.209013,0.218544,0.223886,-0.107374
0.832614,-1.181671,2.185574,3.352136,-0.162625,-0.010971,-0.142283
0.819363,0.211511,1.502763,-1.599816,0.126046,-0.113665,-0.090327
0.800695,0.873871,0.751088,-2.069389,0.445943,-0.228946,-0.030645
0.785845,-0.466167,1.160401,2.055313,0.338707,-0.550235,-0.129188
0.774777,-0.686150,0.966552,3.391501,0.198210,-0.761591,-0.258044
0.759780,0.311298,0.286401,2.538312,0.095199,-0.662604,-0.326477
0.744023,0.588724,0.906459,2.853022,-0.275340,-0.449513,-0.376834
0.736265,1.247288,1.410261,1.457007,-0.639233,-0.178425,-0.308202
0.739838,2.969664,-0.399312,-2.346576,-0.538102,0.192106,-0.025503
0.756107,2.433719,-2.153502,-2.573597,-0.248799,0.314161,0.260319
0.782717,-1.202092,-1.119365,1.199258,-0.207062,-0.077112,0.324152
0.809056,-2.887636,0.427530,1.673841,-0.175417,-0.473138,0.294991
0.826036,-0.490601,-0.000021,-1.620835,0.084960,-0.287309,0.353499
0.834929,1.218376,-0.852334,-1.980848,0.205665,0.224357,0.361894
0.840910,-0.135377,-0.552526,0.613096,-0.001508,0.525398,0.167003
0.845548,-0.447287,0.156005,1.227067,-0.158436,0.624459,0.004207
0.846551,1.563613,0.552439,0.616526,-0.119138,0.685772,0.155909
0.840083,0.759374,0.587077,1.505551,-0.169659,0.503443,0.342822
0.827166,-3.383408,0.251325,1.637453,-0.314598,-0.043050,0.097915
0.817586,-3.405332,-0.143377,-0.957352,-0.218290,-0.537549,-0.285914
0.819843,1.895010,-0.318923,-2.896032,0.116653,-0.565399,-0.121379
0.830997,4.006807,-0.349532,-1.261056,0.296677,-0.325355,0.433593
0.842975,0.780856,-0.156466,1.279682,0.196519,-0.239923,0.642255
0.851880,-0.696113,0.213645,1.490559,0.089519,-0.289808,0.438045
0.857349,1.443234,0.294107,0.547544,0.112200,-0.180158,0.311737
0.859979,2.381728,0.127459,0.290647,0.148579,0.098640,0.368327
0.859968,0.772085,0.247917,-0.065168,0.165852,0.297279,0.341488
0.855683,-0.840172,0.437427,-0.762787,0.198689,0.330525,0.166648
0.847306,-1.347903,0.122153,-0.516999,0.192364,0.307084,0.003874
0.839972,-1.366899,-0.428494,0.263672,0.124532,0.277957,-0.100060
0.838079,-1.423878,-0.751436,-0.003640,0.028447,0.274596,-0.256043
0.840084,-1.484442,-0.914244,-0.924070,-0.096811,0.374888,-0.497521
0.840993,-1.071041,-0.736005,-1.035043,-0.169261,0.492566,-0.684561
0.836976,0.088189,0.128718,-0.232897,-0.062740,0.432844,-0.645172
0.829020,1.289291,1.125073,0.965095,0.102125,0.221458,-0.364395
0.821878,1.416479,1.380842,2.251401,0.075566,0.006043,-0.032275
0.816992,0.452095,0.971068,2.656321,-0.117172,-0.208444,0.153838
0.812494,-0.461370,0.450196,1.389995,-0.244736,-0.418098,0.185894
0.812183,-0.448207,-0.044332,-0.678008,-0.196013,-0.494200,0.161577
0.822496,0.197911,-0.499962,-1.921758,-0.034220,-0.357876,0.148063
0.839296,0.314961,-0.699145,-1.383553,0.065341,-0.085651,0.170405
0.851803,-0.638240,-0.565347,0.333095,-0.036656,0.160244,0.173098
0.857779,-1.593153,-0.365442,0.985163,-0.216402,0.294322,0.046085
0.861552,-1.375310,-0.339069,-0.630764,-0.209451,0.412065,-0.182168
0.863631,-0.271846,-0.232800,-2.327306,0.025442,0.563392,-0.304440
0.863191,0.636917,0.316439,-1.225653,0.233867,0.551685,-0.209612
0.862453,0.665008,0.923603,1.746068,0.150273,0.257246,-0.047518
0.862549,0.213285,0.932121,2.669922,-0.127247,-0.093927,0.026206
0.862182,0.266527,0.574924,0.593608,-0.220624,-0.281845,0.071563
0.861004,0.391066,0.419141,-0.948826,-0.084257,-0.409058,0.137001
0.859701,-0.646365,0.238071,-0.318566,-0.043562,-0.610121,0.104042
0.859153,-1.426024,-0.290149,-0.349256,-0.101085,-0.691044,0.002237
0.860699,0.377408,-0.685869,-2.103201,0.030479,-0.369053,0.077857
0.864081,2.643223,-0.531088,-2.542703,0.238724,0.207661,0.302211
0.866729,1.804508,-0.199784,-0.770888,0.216501,0.610661,0.328433
0.867337,-0.304742,-0.063220,0.099398,0.102841,0.786455,0.118161
0.867080,-0.391380,0.103506,-0.405157,0.115636,0.911325,-0.016650
0.866966,-0.430026,0.546397,1.184050,0.022972,0.727235,-0.041946
0.867339,-2.334349,0.910680,4.225563,-0.326793,-0.033635,-0.160193
0.868780,-2.518441,0.592374,3.232999,-0.549222,-0.825159,-0.247877
0.871202,0.910303,-0.251507,-1.967623,-0.318670,-0.896620,-0.048979
0.873939,3.532898,-0.711477,-4.891513,0.124455,-0.337726,0.274244
0.876935,2.255010,-0.485646,-2.666670,0.330535,0.237139,0.374142
0.879700,-0.258567,-0.151456,0.895066,0.173751,0.519015,0.253429
0.880780,-1.268509,0.023994,1.846211,-0.044827,0.558817,0.128390
0.880328,-1.598351,0.151308,0.276172,-0.025345,0.449205,-0.001172
0.880536,-1.999199,0.118854,-0.893546,0.076242,0.208567,-0.200200
0.881810,-0.741747,0.101382,-0.183224,0.015347,-0.126468,-0.208736
0.881966,2.496278,0.372040,0.001292,0.025939,-0.354245,0.188717
0.880655,4.149362,0.422074,-1.643758,0.292321,-0.254208,0.605086
0.880150,2.058740,0.103637,-1.303728,0.338433,0.091918,0.603007
0.880864,-0.538195,0.173360,2.532114,-0.152778,0.452987,0.398791
0.881474,-0.796615,0.253908,3.745575,-0.589281,0.784939,0.266638
0.882275,-1.447042,-0.454886,-0.960935,-0.436567,0.957739,-0.047391
0.883126,-4.459463,-0.921180,-5.214037,-0.049242,0.626548,-0.640301
0.882560,-5.251876,-0.835694,-4.488301,0.223217,-0.034522,-1.006499
0.881074,-0.819407,-1.609575,-2.473698,0.611751,-0.319372,-0.786302
0.878269,3.602160,-2.061144,-1.473772,1.069817,-0.148628,-0.261306
0.871267,3.492367,-0.132713,0.079989,1.123481,-0.059786,0.148445
0.862186,1.377746,1.736894,1.418169,0.763803,-0.095796,0.311564
0.855567,0.001144,0.982617,1.521449,0.399940,-0.014258,0.259968
0.848735,-0.743719,0.045197,1.922118,0.166935,-0.011199,0.113781
0.839516,-0.479947,0.903624,2.660809,-0.032738,-0.200732,0.064490
0.833521,0.401007,1.392807,2.133559,-0.213363,-0.276571,0.127242
0.832650,0.127195,0.177984,0.403312,-0.291661,-0.158369,0.120861
0.832705,-0.858472,-1.003687,-1.338313,-0.176504,-0.072963,0.007205
0.832276,-0.757839,-0.826499,-1.975839,0.064822,-0.053963,-0.070350
0.829538,0.104805,-0.002109,-1.118467,0.214898,-0.011013,-0.063356
0.823014,0.426906,0.284707,-0.227702,0.235821,0.038225,-0.049021
0.816564,0.017584,-0.230383,-0.554729,0.314713,0.078237,-0.081893
0.806421,-0.697250,-0.796485,-0.658771,0.484182,0.073070,-0.151914
0.784094,-1.215752,-0.604700,0.705382,0.549035,-0.074373,-0.197325
0.756658,-1.249532,0.101881,1.927308,0.439597,-0.296135,-0.186929
0.727247,-1.033435,0.308133,1.568620,0.314002,-0.421496,-0.202855
