pressure,accel_x,accel_y,accel_z,gyro_x,gyro_y,gyro_z,accel_jx,accel_jy,accel_jz,accel_power,gyro_energy
0.674208,-0.133695,2.914937,0.609375,0.002423,-0.178994,0.058515
0.664098,0.000703,-0.083724,-0.125340,0.057576,-0.174284,0.110387
0.658696,0.062592,-0.397298,-0.157085,0.098308,-0.140021,0.082260
0.647851,-0.034873,0.391907,0.066375,0.096772,-0.095598,0.021495
0.626884,-0.138384,0.493526,-0.002134,0.013972,-0.069367,-0.008837
0.606397,-0.072453,0.328212,-0.120962,-0.072530,-0.051883,-0.023966
0.591119,0.083772,0.183249,-0.058725,-0.059308,-0.003161,-0.050603
0.574197,0.564769,-0.103021,0.123571,-0.022367,0.135925,-0.083239
0.551801,1.563879,-0.524667,0.549711,0.021981,0.390567,-0.123253
0.526106,1.803380,-0.726432,0.978364,0.184882,0.640444,-0.189435
0.508078,0.065467,-0.028313,0.634506,0.280926,0.671952,-0.226460
0.522750,-1.931129,0.085876,-0.392087,0.157993,0.444393,-0.061853
0.584186,-1.743845,-2.512435,-0.917516,0.260783,0.191427,0.334674
0.665777,-0.200690,-4.284326,-0.422829,0.740159,0.150621,0.626234
0.724828,0.227363,-0.916156,0.134801,0.872333,0.248398,0.516970
0.750086,-0.765230,2.866616,-0.262753,0.440683,0.202210,0.219778
0.756757,-1.570621,1.710721,-1.034939,0.187517,-0.021289,0.042109
0.746992,-1.248899,0.110932,-0.809904,0.286508,-0.139011,-0.137110
0.712685,-0.381356,1.678871,0.189895,0.185411,-0.069155,-0.438493
0.671313,0.280613,1.664030,0.581672,-0.095487,-0.037670,-0.553175
0.656262,0.835119,-1.472766,0.389987,-0.137077,-0.069940,-0.266531
0.672219,1.361473,-2.860467,0.581627,0.014662,0.018214,0.124837
0.699169,1.332375,-1.423923,0.907982,0.157546,0.175594,0.276775
0.727808,0.551398,-0.085353,0.560138,0.279486,0.218764,0.210660
0.751797,-0.398358,0.521130,-0.195354,0.332158,0.159191,0.090056
0.752838,-0.767062,0.895062,-0.441741,0.337743,0.111112,-0.070816
0.726502,-0.379140,0.978139,0.044977,0.426442,0.139410,-0.344510
0.682745,-0.071655,1.279891,0.310979,0.448884,0.194269,-0.648161
0.611720,-0.664029,1.714458,-0.556993,0.117656,0.077565,-0.733205
0.510996,-1.339265,1.742709,-1.664260,-0.446259,-0.250047,-0.527273
0.438111,-0.833598,1.671600,-1.340961,-0.807669,-0.471456,-0.252196
0.458598,0.163220,0.768513,-0.000269,-0.728914,-0.398934,-0.041602
0.551136,0.233307,-1.703946,0.505640,-0.349050,-0.258177,0.182392
0.632499,-0.245738,-3.092834,0.062398,0.021246,-0.214838,0.357054
0.663273,-0.210558,-1.446828,-0.054958,0.229214,-0.169100,0.308429
0.671007,0.381517,0.399826,0.288159,0.341045,-0.051343,0.128377
0.684093,1.560741,0.266645,0.692411,0.389009,0.187386,0.042456
0.698942,3.090748,-0.212454,1.386803,0.363869,0.591841,0.038969
0.707200,3.013525,-0.066079,1.682526,0.366671,0.903435,-0.021477
0.711369,0.370487,0.068812,0.402603,0.402176,0.792306,-0.159962
0.712725,-2.148863,0.344061,-1.340250,0.322715,0.422353,-0.330961
0.705444,-2.222439,0.722467,-1.621465,0.185836,0.170170,-0.478489
0.682060,-1.160818,0.618702,-0.941036,0.131573,0.032581,-0.482115
0.647702,-0.419337,0.264479,-0.537984,0.013605,-0.140895,-0.218272
0.631349,0.395632,-0.293217,-0.164492,-0.203910,-0.245314,0.280754
0.658156,1.131790,-1.337357,0.377178,-0.183702,-0.154814,0.727182
0.709669,1.140246,-2.021461,0.591161,0.116875,0.036000,0.760953
0.747123,0.717105,-1.524281,0.472719,0.288468,0.199105,0.392990
0.763814,0.100593,0.345757,0.312377,0.152065,0.310235,-0.018274
0.775888,-0.652158,3.453640,0.241387,-0.159891,0.373750,-0.329411
0.784669,-1.104247,4.871835,0.087127,-0.503320,0.335484,-0.592364
0.783499,-2.031261,1.542252,-1.032766,-0.649013,0.022790,-0.633462
0.777480,-4.396000,-2.664088,-3.069752,-0.491684,-0.656725,-0.408942
0.774034,-5.509341,-2.298684,-3.623580,-0.296954,-1.309720,-0.285227
0.772230,-1.955968,-0.407902,-1.407167,-0.209502,-1.304266,-0.320993
0.769784,3.493354,-1.746620,1.082451,-0.040441,-0.652796,-0.139084
0.767020,4.946458,-2.939431,1.578853,0.166470,-0.055517,0.181104
0.762353,2.406359,-0.294029,1.113735,0.148966,0.104611,0.200522
0.755316,0.660313,2.198464,0.952730,0.009693,0.142734,0.017669
0.750007,1.156500,1.126658,0.748194,0.027241,0.360100,-0.009237
0.743361,1.233567,-0.289529,0.372485,0.150185,0.585787,0.018481
0.725030,-0.448599,0.346167,0.052356,0.211162,0.550807,-0.084397
0.703469,-2.062738,0.548697,-0.371306,0.238516,0.310685,-0.122742
0.704854,-1.697355,-1.104853,-0.607464,0.317721,0.128695,0.092120
0.731750,-0.271392,-2.186866,-0.297938,0.450404,0.100119,0.386835
0.756371,0.032833,-0.784619,-0.015303,0.525830,0.091255,0.436137
0.763390,-0.614907,1.281140,-0.171221,0.420951,0.018345,0.176857
0.763820,-0.585525,1.147534,-0.306699,0.270693,-0.041172,-0.070040
0.761029,-0.093432,-0.347129,-0.102853,0.310461,-0.029140,-0.099418
0.738205,-0.239470,-0.042429,0.175103,0.387570,-0.006712,-0.188888
0.691570,-0.526566,1.332146,0.142547,0.215176,-0.042271,-0.481520
0.648458,0.059232,0.372427,-0.079449,-0.032937,-0.097018,-0.557587
0.636089,1.040245,-1.804674,0.075136,-0.064318,-0.083224,-0.219529
0.653184,1.239509,-1.714310,0.497919,-0.010975,-0.004287,0.106948
0.683761,0.773412,-0.766086,0.530236,-0.023172,0.070370,0.216141
0.715590,0.510581,-1.517791,0.244253,0.074638,0.114894,0.353666
0.738018,0.135388,-1.512565,-0.021255,0.294595,0.116593,0.437463
0.745034,-0.758112,1.094253,-0.301289,0.339925,0.078007,0.165283
0.742639,-1.076484,2.752628,-0.341917,0.159967,0.076840,-0.233701
0.736112,-0.441998,1.360409,-0.060828,0.024940,0.131297,-0.382750
0.717470,-0.158296,0.064491,0.015217,0.030824,0.150438,-0.452530
0.682157,-0.297657,0.569824,-0.046332,0.038081,0.158587,-0.638561
0.648814,0.278238,0.569242,0.217045,-0.012884,0.262817,-0.645193
0.645049,0.923482,-0.414772,0.343093,-0.104915,0.379242,-0.332165
0.675827,0.298138,-0.528147,-0.193357,-0.231717,0.348225,-0.036584
0.718651,-0.627154,-0.451407,-0.716588,-0.273301,0.228013,0.129625
0.751577,-0.335528,-1.197538,-0.504040,-0.156323,0.172448,0.378381
0.773908,0.040648,-0.947668,-0.291703,-0.075634,0.144837,0.603235
0.793062,-1.171657,0.094064,-1.126635,-0.101702,-0.034987,0.573060
0.802396,-2.648800,-0.146773,-2.202337,-0.051605,-0.427468,0.424797
0.785995,-2.338724,0.725709,-1.879073,-0.071322,-0.864968,0.231308
0.745471,-1.114736,4.024455,-0.514926,-0.386103,-1.105492,-0.167830
0.706364,-0.476199,3.712928,0.361507,-0.552641,-1.040918,-0.549849
0.688314,0.525600,-1.815114,0.873860,-0.176450,-0.703257,-0.534148
0.685603,2.564035,-4.414904,1.846292,0.252727,-0.172663,-0.324404
0.685896,3.515977,-1.475249,2.442260,0.283577,0.368229,-0.283259
0.685711,1.767927,0.644816,1.531869,0.188535,0.645347,-0.296861
0.683571,-0.873551,0.294620,-0.127744,0.175124,0.565766,-0.213861
0.678807,-1.858842,0.608877,-1.055601,0.091398,0.325145,-0.170220
0.669926,-1.200279,0.890569,-0.975842,-0.021872,0.130353,-0.217833
0.642400,-0.623308,0.106692,-0.631266,-0.000981,0.006540,-0.315765
0.581791,-0.756450,0.118175,-0.584194,0.071434,-0.071044,-0.513209
0.506803,-0.290599,0.529299,-0.323599,0.074157,-0.026003,-0.662033
0.460905,1.622959,-0.280365,1.016574,0.047044,0.234082,-0.480125
0.471018,3.095406,-0.720714,2.474655,-0.006183,0.595966,-0.075588
0.535782,2.096593,0.026275,1.999668,-0.132693,0.769758,0.288703
0.633897,0.090251,-0.442902,0.081591,-0.224329,0.646819,0.694766
0.724684,-0.691296,-2.176359,-0.986189,-0.117617,0.403912,1.127833
0.773199,-1.061800,-2.217210,-1.108464,0.136673,0.184901,1.166701
0.784982,-1.925921,-0.187472,-1.351022,0.323838,0.002632,0.667584
0.785363,-1.788717,1.701932,-1.078288,0.329715,-0.083442,0.025314
0.777581,-0.414837,2.383024,0.014846,0.223602,-0.039475,-0.434515
0.752717,0.276877,1.903577,0.557506,0.126483,0.037253,-0.653338
0.718821,0.150943,0.530485,0.320708,0.081212,0.108667,-0.594673
0.694598,0.452498,-0.529215,0.361954,0.030115,0.230232,-0.334023
0.689299,0.489878,-0.164443,0.315296,-0.106876,0.305007,-0.097567
0.698583,-0.868605,0.553360,-0.768145,-0.282450,0.119170,0.050160
0.710381,-2.703924,-0.194679,-2.161804,-0.299037,-0.351021,0.210808
0.715881,-3.805901,-1.613009,-2.743881,-0.084669,-0.898754,0.333179
0.719184,-3.884694,-1.462934,-2.555135,0.129859,-1.282330,0.272362
0.727559,-2.337861,-0.065388,-1.622983,0.137994,-1.332528,0.087584
0.734299,0.622598,0.719685,0.142376,0.036369,-1.041932,-0.054111
0.728439,2.963149,0.857923,1.625659,-0.039622,-0.612794,-0.149991
0.715033,4.021621,0.669814,2.072145,-0.103144,-0.211178,-0.250443
0.703834,4.769372,-0.497568,2.443261,-0.122136,0.232681,-0.254769
0.691421,3.773076,-1.693660,2.521431,-0.033096,0.691916,-0.105128
0.678403,-0.196359,-1.300529,0.760103,0.098890,0.804458,0.052296
0.679735,-3.131688,-0.193635,-1.338420,0.197211,0.419514,0.115802
0.695283,-1.566482,0.405802,-0.850926,0.256388,-0.011400,0.119920
0.705821,1.146221,0.851039,0.922541,0.266639,-0.070025,0.056398
0.707680,1.012864,1.080886,0.908321,0.247104,0.090066,-0.066539
0.701023,-0.714601,1.126269,-0.324060,0.241998,0.177653,-0.212574
0.658859,-1.315457,1.694087,-0.578171,0.247115,0.172787,-0.467997
0.578150,-0.208556,1.808919,0.230923,0.213305,0.156179,-0.748271
0.527859,1.393191,0.066511,0.791188,0.051957,0.179479,-0.650193
0.567315,1.514057,-2.377186,0.235446,-0.217191,0.246357,-0.098637
0.659170,0.219935,-3.277868,-0.772798,-0.373445,0.248651,0.507914
0.729462,0.230172,-1.947194,-0.602998,-0.367007,0.134913,1.019863
0.762445,1.673442,0.004720,0.505467,-0.395549,0.040950,1.508258
0.782279,0.809869,0.559877,0.336224,-0.377797,0.003453,1.667538
0.789377,-2.757734,0.571994,-1.246537,-0.073012,-0.145103,1.174899
0.765313,-4.049803,1.766912,-1.609369,0.295116,-0.372679,0.304862
0.718504,-1.253678,2.485295,-0.007948,0.340478,-0.373775,-0.420383
0.681448,0.737578,1.105643,0.868296,0.213343,-0.087743,-0.808476
0.661309,-0.964149,-0.047745,-0.266581,0.293866,0.164225,-1.052407
0.634183,-2.372797,0.329820,-1.029157,0.480471,0.162077,-1.404194
0.595011,-0.565799,-0.227728,-0.173653,0.456125,0.014406,-1.659650
0.565596,1.585534,-2.166158,0.466717,0.334542,-0.070765,-1.299574
0.552907,1.995358,-2.500855,0.476927,0.287578,-0.000434,-0.465249
0.548727,1.892674,-0.568185,0.961277,0.061847,0.113803,0.088127
0.558744,1.263268,0.706854,0.888994,-0.345549,0.083642,0.256601
0.589490,-0.013869,-0.829329,-0.364675,-0.400420,-0.049411,0.566160
0.625930,-0.127804,-3.441428,-0.795048,-0.018863,-0.090788,0.939160
0.650877,0.471075,-3.244981,-0.131223,0.275826,-0.064354,0.834610
0.664599,-0.247823,-0.165889,-0.177723,0.330737,-0.098086,0.324609
0.669139,-1.013224,1.644385,-0.454661,0.356991,-0.103512,-0.114726
0.657182,-0.383468,1.488600,0.184207,0.309069,-0.005813,-0.413752
0.626644,-0.110509,2.029279,0.491091,0.170824,0.024153,-0.676722
0.585592,-0.550845,2.117739,-0.137728,0.145934,-0.065748,-0.707763
0.544760,0.368112,0.156101,0.013014,0.129521,-0.040055,-0.372985
0.524849,2.183241,-0.929301,1.327964,-0.120096,0.169443,0.072579
0.552127,2.271422,-0.219746,1.742252,-0.336280,0.292645,0.351762
0.622471,0.418323,-0.478230,0.350288,-0.166090,0.173568,0.414785
0.692663,-1.091884,-1.050695,-0.997593,0.148445,0.005730,0.274230
0.725001,-0.916461,0.255155,-0.707989,0.221076,-0.008731,-0.016998
0.718696,-0.209452,1.802544,0.123246,0.109166,0.060342,-0.312312
0.693820,-0.388905,1.650887,-0.064996,0.034061,0.079518,-0.472892
0.671164,-0.477954,0.343848,-0.399591,0.022823,0.105695,-0.412434
0.667594,0.795705,-0.949532,0.488023,-0.026573,0.224072,-0.154566
0.686066,1.751823,-0.814753,1.352763,-0.190772,0.318520,0.105122
0.710701,0.478052,0.659980,0.385206,-0.386798,0.180264,0.227089
0.726599,-1.838185,0.834851,-1.578017,-0.414190,-0.249037,0.282591
0.736251,-3.363621,-0.721570,-2.610403,-0.245645,-0.743280,0.294646
0.746217,-3.647077,-1.099253,-2.296457,-0.079846,-0.942509,0.152146
0.752160,-2.527091,0.113589,-1.381750,-0.023586,-0.759803,-0.116206
0.748616,-0.576787,0.444172,-0.461443,0.020499,-0.430997,-0.325689
0.741437,0.845002,-0.378950,0.448465,0.098539,-0.152796,-0.362970
0.739618,1.654302,-0.758671,1.228754,0.094595,0.031910,-0.214715
0.742244,2.859834,-0.395110,1.557124,-0.049502,0.193571,0.038552
0.741538,4.128072,0.214992,1.939771,-0.191451,0.433266,0.196161
0.733884,3.399323,0.540701,2.308487,-0.168410,0.550068,0.180657
0.723225,0.118616,-0.028337,0.996710,-0.024650,0.240159,0.195131
0.718441,-2.364061,-0.722848,-1.199026,0.068646,-0.193192,0.368825
0.726830,-1.128262,-0.170168,-0.849975,0.075052,-0.202968,0.501186
0.743212,1.247599,0.801331,1.307011,0.104123,0.047200,0.400007
0.753569,0.976060,0.499647,1.148392,0.214224,0.066032,0.198111
0.755374,-0.670203,-0.763648,-0.806023,0.349967,-0.074473,0.065376
0.751245,-0.776110,-1.270851,-0.829251,0.398309,-0.073683,-0.156109
0.723399,-0.260869,0.273114,0.502562,0.307945,-0.004931,-0.574088
0.664216,-0.589605,2.739525,0.451969,0.183502,0.030527,-0.757068
0.625484,-0.007560,2.874474,0.148018,0.101889,0.179849,-0.336784
0.662168,1.840505,0.370130,1.149610,-0.009178,0.386168,0.269273
0.740340,1.672511,-1.233898,1.097257,-0.128530,0.318436,0.491232
0.784542,-1.136424,-0.496069,-1.140524,-0.152775,-0.067695,0.385539
0.786118,-3.178074,0.848880,-2.517731,-0.169912,-0.464040,0.250672
0.783914,-3.235270,1.480289,-1.789489,-0.265753,-0.695409,0.140367
0.785202,-2.872445,0.901051,-1.193759,-0.291702,-0.819394,0.000956
0.776835,-2.137363,-0.324589,-1.241359,-0.185296,-0.834870,-0.161431
0.766424,-0.108899,-0.539513,-0.437276,-0.107200,-0.678438,-0.251044
0.761455,2.407496,0.051301,0.965192,-0.131558,-0.443831,-0.160544
0.745958,3.976423,-0.012075,1.758104,-0.224985,-0.221752,0.010269
0.706873,4.662951,-0.137427,2.228068,-0.352116,0.133433,0.058701
0.658766,4.680869,0.191410,2.654979,-0.328387,0.602368,0.022996
0.631025,2.534742,-0.469101,1.762585,-0.016938,0.751443,0.046672
0.640813,-1.639270,-1.991309,-0.643767,0.309534,0.436984,0.092135
0.676155,-3.531528,-2.243420,-1.957605,0.323821,0.133792,0.125600
0.706331,-1.163519,-0.797018,-0.710637,0.119936,0.126249,0.206286
0.717408,0.934443,0.632672,0.576544,-0.007237,0.142846,0.254930
0.724190,-0.140409,0.433905,-0.143348,0.083728,0.009099,0.167447
0.731200,-1.142360,-0.851099,-0.930922,0.269183,-0.102802,-0.000145
0.707994,-0.425229,-0.396503,-0.202679,0.245645,-0.115375,-0.254066
0.636965,-0.433407,2.341855,0.366586,-0.004299,-0.113713,-0.608415
0.558102,-1.031965,3.213934,-0.070513,-0.080061,-0.067613,-0.786999
0.522183,0.001781,0.432112,-0.037057,0.107900,0.065154,-0.591100
0.530438,1.458533,-1.583102,0.653394,0.150970,0.173317,-0.259716
0.560671,1.267281,-0.603644,0.740516,-0.018928,0.204858,0.019833
0.606755,0.419236,0.101037,0.215158,-0.036291,0.230354,0.304145
0.658380,-0.090624,-0.128924,-0.231750,0.124834,0.214760,0.435166
0.692414,-0.821903,0.921790,-0.582756,0.196508,0.092267,0.228468
0.700023,-1.305388,1.812176,-0.760601,0.147962,-0.031183,-0.100939
0.684771,-0.866830,1.021361,-0.486548,0.060369,-0.061093,-0.341753
0.649803,-0.385412,0.785015,-0.009852,-0.048668,-0.067088,-0.516770
0.611181,-0.150323,1.341872,0.354750,-0.107687,-0.077137,-0.511572
0.591898,0.690771,0.414040,0.710084,-0.098664,-0.007620,-0.223530
0.595934,1.656558,-1.420017,0.944716,-0.068617,0.144671,0.114934
0.616657,1.472579,-2.261784,0.681426,0.046694,0.272132,0.259375
0.654033,0.381508,-1.803680,0.064972,0.246944,0.302775,0.196148
0.696369,-0.487685,-0.308531,-0.343274,0.346014,0.259292,-0.000266
0.712981,-0.633118,1.039938,-0.278246,0.273416,0.206818,-0.205909
0.693078,-0.291131,0.992152,0.059617,0.169461,0.158371,-0.340904
0.662137,-0.254692,0.514766,0.042272,0.139599,0.041349,-0.458995
0.634461,-0.907635,0.454906,-0.727061,0.129545,-0.155228,-0.506473
0.592437,-1.104965,-0.255515,-1.280437,0.036089,-0.277451,-0.283735
0.541499,0.128820,-1.555333,-0.459920,-0.094431,-0.215029,0.179846
0.527638,1.466111,-1.965391,0.766373,-0.103878,-0.070114,0.592972
0.570275,1.269502,-1.390462,0.766521,-0.000905,0.030376,0.749450
0.635182,0.157631,-0.407642,0.056282,0.070444,0.086087,0.611541
0.686269,-0.443448,0.976186,-0.047108,0.098894,0.123560,0.248274
0.714812,-0.321081,1.861306,0.279628,0.139782,0.150494,-0.123351
0.724794,-0.053284,1.379628,0.363869,0.149352,0.198799,-0.329492
0.725858,0.038523,0.924174,0.392455,0.077466,0.300781,-0.462203
0.730228,0.289283,1.539170,0.714232,-0.065854,0.443377,-0.593751
0.742572,0.875914,1.447074,0.894659,-0.224858,0.530950,-0.521969
0.760245,0.880915,-0.466799,0.175026,-0.268402,0.428195,-0.159528
0.776679,-0.221238,-2.344483,-1.133436,-0.119481,0.148491,0.197371
0.781573,-1.174468,-2.453345,-1.659701,0.101798,-0.104415,0.295753
0.775161,-1.000777,-1.095511,-0.986013,0.245448,-0.199030,0.187747
0.770064,-0.508837,0.674669,-0.215019,0.286792,-0.205837,-0.079645
0.757486,-0.374002,1.675495,0.006469,0.247540,-0.195571,-0.491029
0.710495,-0.112772,1.024302,0.159448,0.189828,-0.137600,-0.775989
0.640839,0.466340,-0.574959,0.465253,0.199160,-0.021082,-0.689674
0.593132,0.889232,-1.271881,0.687707,0.197916,0.126666,-0.421672
0.579092,0.975750,-0.509867,0.828132,0.024325,0.286145,-0.222459
0.580682,0.799966,0.145824,0.711231,-0.234607,0.384948,-0.017553
0.596664,0.253108,-0.545276,-0.023911,-0.312781,0.334059,0.223388
0.630857,-0.513494,-1.438709,-0.901396,-0.150577,0.179375,0.285671
0.665411,-0.860397,-1.037929,-0.997336,0.063468,0.059598,0.129827
0.680079,-0.535923,0.044867,-0.418435,0.174438,0.025746,-0.031583
0.670600,-0.165518,0.662743,-0.026256,0.194869,0.027122,-0.141132
0.636111,-0.176834,0.822173,0.006317,0.189512,0.026986,-0.274691
0.578149,-0.065877,0.519773,0.131581,0.149033,0.037741,-0.309055
0.520243,0.437879,-0.330399,0.351402,0.032437,0.069175,-0.099862
0.497255,0.688204,-0.879364,0.340498,-0.104022,0.101456,0.180181
0.513964,0.383678,-0.654787,0.197978,-0.115240,0.113923,0.289496
0.539711,0.054351,-0.452401,0.129107,0.045280,0.118603,0.250425
0.547246,-0.014539,-0.364043,0.089069,0.218431,0.152976,0.138021
0.531723,-0.012805,0.600039,0.210626,0.231387,0.215552,-0.103055
0.488077,-0.122940,1.909315,0.369165,0.129033,0.221149,-0.388780
0.398229,-0.415038,1.552295,-0.083169,0.059954,0.122327,-0.449672
0.278479,-0.425218,-0.267059,-0.583764,0.011276,0.055715,-0.251016
0.221710,0.531315,-0.710435,0.371277,-0.188001,0.173967,-0.010460
0.308622,1.711081,0.771497,1.793511,-0.599216,0.357942,0.308429
0.485223,1.329104,0.703879,0.934568,-0.949919,0.317236,0.921919
0.626437,-0.579014,-2.373448,-1.790261,-0.886910,-0.061987,1.629633
0.688953,-1.858507,-4.361098,-3.216722,-0.545299,-0.600191,1.998874
0.717452,-1.404234,-2.501825,-2.406565,-0.329446,-0.974227,1.977416
0.745068,-0.411690,-0.228202,-0.944534,-0.153966,-1.020448,1.643067
0.734877,-0.282835,0.667325,0.149125,0.131135,-0.957816,0.840356
0.633907,-1.325636,3.600614,0.512443,0.061551,-1.033330,-0.309753
0.497076,-2.809853,6.651104,-0.070602,-0.416854,-1.017690,-1.246860
0.453542,-3.135125,3.228215,-0.628304,-0.422149,-0.641587,-1.710832
0.515133,-1.877326,-2.941738,-0.377344,0.245345,-0.251581,-1.860431
0.576417,-0.781913,-3.341367,-0.355931,0.704536,-0.240877,-1.704949
0.591039,-0.388491,-1.303711,-0.923463,0.657149,-0.331930,-1.271855
0.583275,0.972082,-2.340129,-0.550040,0.554018,-0.131947,-0.913742
0.554703,3.536669,-1.786724,1.445897,0.431524,0.265830,-0.750473
0.502565,5.197601,1.980508,3.669122,0.115503,0.571611,-0.469325
0.455746,3.866445,1.936956,3.535700,-0.128737,0.563082,0.046816
0.447922,0.114065,-2.821077,0.111956,-0.063744,0.236170,0.591141
0.497878,-1.948602,-5.050872,-2.545398,0.067575,0.002393,0.948272
0.588070,-0.116040,-1.898734,-0.567296,0.041870,0.164788,0.926844
0.659934,1.582541,2.159923,2.222182,0.076687,0.372949,0.549429
0.683503,-0.090188,2.796751,0.981672,0.305072,0.246721,0.164597
0.681769,-2.288860,1.188114,-1.546846,0.399775,-0.045244,-0.077241
0.650145,-2.471154,1.076008,-1.626112,0.222382,-0.241687,-0.408602
0.552881,-1.657795,2.460848,-0.649555,0.107403,-0.311770,-0.868080
0.397619,-0.362851,2.472206,-0.075841,0.195011,-0.255207,-1.131657
0.212031,1.257876,0.592145,0.631416,0.277889,-0.111450,-0.991565
0.028931,1.789448,-1.264196,1.055463,0.227760,0.009380,-0.594050
-0.039463,1.167608,-1.476621,0.854312,0.031722,0.114405,-0.202368
0.105906,0.860171,-0.458494,0.825423,-0.215068,0.271912,0.108238
0.360190,1.023998,-0.577877,0.963012,-0.289279,0.418273,0.424431
0.537218,0.871450,-1.984919,0.725062,-0.196179,0.474743,0.689745
0.622512,0.370107,-1.531831,0.383891,-0.165726,0.479627,0.720388
0.694771,-0.178530,0.709202,0.074780,-0.163354,0.448242,0.542168
0.746506,-0.721080,1.019513,-0.567212,-0.016322,0.331546,0.322877
0.751859,-1.129039,-0.386527,-1.213380,0.151703,0.172146,0.077438
0.744902,-1.076417,-0.420288,-1.129372,0.193868,0.080868,-0.164223
0.747144,-0.476242,0.206850,-0.480140,0.246229,0.064193,-0.221016
0.740135,-0.005359,-0.443198,-0.190382,0.382581,0.018914,-0.166290
0.707225,-0.467525,-0.857892,-0.702745,0.448489,-0.118656,-0.335822
0.645166,-1.117720,0.208801,-1.109724,0.388299,-0.257190,-0.644009
0.573839,-0.307867,0.722270,-0.143916,0.315166,-0.237309,-0.634688
0.528297,1.370289,-0.360565,1.413563,0.259788,-0.074244,-0.330583
0.511510,1.616431,-0.978331,1.508804,0.128338,0.057409,-0.128075
0.506790,0.612273,-0.283620,0.512086,-0.098076,0.112694,0.004934
0.530503,0.360673,-0.144378,0.313705,-0.256270,0.177022,0.270513
0.592321,0.564710,-0.917982,0.520780,-0.198828,0.231496,0.408082
0.644738,-0.012187,-0.646139,0.054222,-0.037516,0.219867,0.184434
0.653121,-0.449020,0.578279,-0.160080,0.023940,0.211682,-0.079197
0.645420,0.024547,0.558635,0.310297,-0.001349,0.253979,-0.123403
0.633704,0.091670,-0.221703,0.161461,0.016826,0.240918,-0.210040
0.580208,-0.763514,0.509892,-0.707717,0.082568,0.114565,-0.485089
0.479213,-0.866351,1.490275,-0.724682,0.106535,0.037925,-0.601809
0.387701,0.639733,0.335389,0.653550,0.018703,0.173337,-0.389628
0.361224,1.876764,-0.642033,1.922980,-0.204457,0.382641,-0.175659
0.407586,1.112981,0.882688,1.474533,-0.485473,0.412987,-0.090349
0.493470,-0.137686,1.159735,-0.013740,-0.632299,0.280767,0.175248
0.580245,-0.017612,-2.319632,-0.828856,-0.503250,0.110591,0.645179
0.654078,-0.086916,-4.558852,-1.376894,-0.191759,-0.189252,0.883562
0.710988,-1.753867,-1.905923,-2.520235,0.053103,-0.677437,0.670706
0.736511,-2.858448,1.737364,-2.840408,0.118778,-1.117956,0.177163
0.722782,-1.751676,2.446133,-1.379852,0.147589,-1.221971,-0.364622
0.680001,0.469171,0.986013,0.791894,0.321485,-0.871595,-0.653181
0.627590,2.476948,-0.923380,2.703962,0.569533,-0.232974,-0.463571
0.588214,2.761086,-1.432344,3.060098,0.524569,0.226302,-0.121913
0.573868,0.657941,1.611421,1.172681,-0.057999,0.255651,-0.178584
0.578179,-1.382986,5.910330,-0.569177,-0.771984,0.114523,-0.496752
0.595402,-1.889335,5.291289,-1.017473,-0.902223,-0.064312,-0.443875
0.626679,-2.478809,-0.383938,-2.239520,-0.449495,-0.421329,-0.002365
0.662276,-2.504110,-3.517871,-3.092454,-0.111518,-0.711437,0.210854
0.685437,-0.204416,-1.226831,-0.964741,-0.132907,-0.603665,0.095363
0.694946,2.077706,0.381418,1.276861,-0.103854,-0.361815,0.213823
0.700453,2.504167,-1.449632,1.160461,0.067096,-0.227009,0.624926
0.695166,2.978428,-1.500390,1.697784,0.028298,0.028288,0.669202
0.654025,2.903526,2.136659,2.990806,-0.172052,0.280977,0.118054
0.561173,-0.101299,4.492669,1.081221,-0.084954,0.067286,-0.480611
0.426758,-2.916546,2.919893,-2.166942,0.309173,-0.332038,-0.678858
0.295470,-1.045882,-0.009775,-1.164658,0.503243,-0.196905,-0.516506
0.248535,2.851063,-1.490841,2.728644,0.234044,0.340355,-0.109990
0.340450,3.423094,-1.013055,3.664080,-0.135246,0.576650,0.465772
0.514725,1.157753,0.020357,1.230665,-0.180208,0.447373,0.932476
0.653859,-0.260141,0.341280,-0.446800,0.011954,0.363105,0.956001
0.714041,-0.384284,0.485760,-0.260936,0.157590,0.353474,0.566593
0.732402,-0.672089,1.034359,-0.178808,0.225614,0.254304,0.105755
0.736071,-0.917273,1.474248,-0.459972,0.239828,0.159527,-0.199536
0.727082,-0.734130,1.406674,-0.358441,0.146267,0.091004,-0.354190
0.703164,-0.851102,0.612085,-0.677168,0.021424,-0.132138,-0.400159
0.644598,-0.948064,-0.641837,-1.348716,-0.027730,-0.415572,-0.351078
0.549822,-0.009836,-1.044724,-0.648668,-0.038683,-0.445991,-0.273309
0.474129,1.094874,-0.220354,0.943504,-0.022249,-0.234171,-0.240541
0.455248,1.075964,0.457207,1.339135,0.068717,-0.026455,-0.223602
0.460388,0.701906,0.257278,0.945602,0.157733,0.141533,-0.157498
0.469642,1.036832,-0.244172,1.250193,0.144524,0.358196,-0.022048
0.514696,1.459684,-0.570384,1.625617,0.071466,0.532624,0.183388
0.592233,0.802065,-0.435370,0.755529,0.023803,0.476357,0.353206
0.645851,-0.922805,0.017395,-1.128105,0.063851,0.183441,0.321047
0.653990,-2.026914,-0.113577,-2.284101,0.221730,-0.104842,0.138894
0.640741,-1.229316,-0.304289,-1.383896,0.370028,-0.196877,-0.079955
0.604593,-0.242682,1.150210,-0.007530,0.342371,-0.227786,-0.425555
0.523488,-0.771155,2.510133,-0.356978,0.222841,-0.343534,-0.757804
0.421216,-0.601319,0.560891,-0.600253,0.172906,-0.321125,-0.649528
0.357645,1.784142,-2.154465,1.536494,0.116893,-0.000880,-0.193068
0.361729,3.124924,-1.362212,3.208813,-0.046900,0.300486,0.121074
0.419611,1.543797,0.427122,1.711924,-0.194219,0.316865,0.276944
0.499029,-0.112505,-0.380222,-0.333049,-0.190091,0.208946,0.422256
0.556630,-0.400035,-1.053778,-0.660240,-0.077832,0.123640,0.338906
0.569864,-0.720786,0.731447,-0.576402,0.036712,0.021684,0.016569
0.559808,-0.942183,2.127975,-0.556862,0.079682,-0.055367,-0.227656
0.531996,-0.499537,1.574722,-0.124061,0.029404,-0.067874,-0.374175
0.458570,-0.351531,0.811213,-0.098249,-0.058903,-0.078693,-0.478524
0.368133,-0.292015,0.330126,-0.276740,-0.119895,-0.052987,-0.321244
0.341031,0.469853,-0.361968,0.359869,-0.142878,0.056598,0.038285
0.389186,0.719242,-0.634848,0.705276,-0.139470,0.129026,0.213033
0.457784,-0.061889,-0.302527,-0.034026,-0.122799,0.116909,0.183436
0.517981,-0.321633,-0.026096,-0.330651,-0.084938,0.134409,0.165190
0.560188,0.002183,0.192065,0.084290,0.007564,0.172311,0.088346
0.566907,-0.234812,0.498987,-0.056274,0.110684,0.149837,-0.106315
0.551870,-0.447938,0.560663,-0.314944,0.113298,0.124392,-0.240969
0.541935,-0.138716,0.503401,-0.052154,0.033637,0.108443,-0.302736
0.514518,-0.222209,0.598895,-0.172503,0.006124,0.031757,-0.399208
0.445520,-0.313645,0.319276,-0.388987,0.016874,-0.004645,-0.389152
0.386864,0.511899,-0.358369,0.381689,-0.112384,0.070362,-0.154703
0.401326,0.922781,-0.597709,0.815557,-0.383647,0.049986,0.161475
0.470566,0.170277,-1.124177,-0.172286,-0.505042,-0.107550,0.488127
0.543946,0.147167,-2.775568,-0.496115,-0.297755,-0.108177,0.764507
0.607539,1.039087,-2.876720,0.739418,0.022331,0.071141,0.692768
0.656020,0.704475,0.348536,1.229512,0.185304,0.120767,0.230023
0.677199,-0.533376,3.071644,0.347033,0.200475,0.010345,-0.191350
0.678054,-0.834614,2.460427,-0.204789,0.180886,-0.048960,-0.369925
0.663102,-0.625735,1.158434,-0.264717,0.149497,-0.051803,-0.512129
0.620661,-0.578432,0.758014,-0.444332,0.102709,-0.086602,-0.621210
0.567346,0.015223,-0.287643,-0.205679,0.022732,-0.095963,-0.466939
0.544407,0.954608,-1.576775,0.550025,-0.126322,0.006914,-0.046762
0.560857,1.476532,-1.623630,1.238097,-0.272018,0.207498,0.390593
0.596448,1.554197,-1.021863,1.564558,-0.276648,0.373366,0.580760
0.637299,0.721070,-0.228322,0.902992,-0.163730,0.351620,0.421067
0.668824,-0.907531,0.873136,-0.675880,-0.065821,0.196948,0.107237
0.677169,-1.397984,1.087485,-1.293581,0.011826,0.117414,-0.096031
0.668469,-0.394913,0.400044,-0.313412,0.126663,0.118227,-0.252734
0.638671,-0.032866,0.642046,0.273053,0.224459,0.051975,-0.536795
0.562763,-0.514251,1.360154,-0.208021,0.244221,0.006344,-0.783391
0.460028,-0.062263,0.854197,0.028549,0.220661,0.175731,-0.757353
0.389575,0.971192,0.140835,1.182985,0.131893,0.439462,-0.575746
0.369655,1.013742,0.386089,1.228192,-0.120642,0.536844,-0.407748
0.399980,0.225203,0.221772,-0.172862,-0.438110,0.443570,-0.135401
0.500834,-0.583076,-1.290486,-1.303846,-0.510851,0.213777,0.349228
0.635976,-1.085052,-2.991570,-1.854125,-0.282287,-0.159922,0.867192
0.719789,-1.428018,-2.868057,-3.013790,-0.129333,-0.649876,1.135302
0.744227,-3.033183,0.142624,-4.639000,-0.319865,-1.446749,1.042973
0.759253,-5.645340,3.296649,-5.044526,-0.627724,-2.783740,0.803663
0.765848,-4.232962,2.278892,-2.819595,-0.777432,-3.982105,0.793405
0.750841,3.967613,-1.623470,1.812969,-0.863598,-3.868428,1.093638
0.738103,12.661152,-3.461456,6.179822,-1.003603,-2.526910,1.445557
0.731611,14.601716,-3.019131,7.093925,-0.999568,-1.118054,1.686028
0.704444,10.957081,-2.930828,4.863500,-0.705369,-0.120272,1.795928
0.661690,6.370110,-2.339746,2.659982,-0.354230,0.666994,1.664085
0.636035,1.802974,0.018256,1.667792,-0.173450,1.125363,1.283861
0.636352,-2.302291,1.837493,0.695991,-0.065362,1.229431,0.928338
0.647711,-3.131582,1.631986,-0.231648,0.027653,1.449236,0.766009
0.658625,-1.252413,1.425083,-0.349622,-0.036084,1.824389,0.633425
0.668274,-1.873103,1.983910,-0.643237,-0.179449,1.709853,0.429178
0.680117,-5.617152,1.330261,-1.831591,-0.166868,0.926976,0.335180
0.692716,-6.468150,-0.284501,-2.183345,-0.086592,0.182596,0.424359
0.701817,-2.328108,-0.408282,-0.629238,-0.112513,0.046338,0.475071
0.711746,1.559691,0.189089,0.806965,-0.069947,0.274253,0.397929
0.727414,1.698123,-0.804512,0.398822,0.160698,0.379034,0.365681
0.739959,0.160960,-1.585713,-0.574914,0.305227,0.267007,0.356341
0.740468,-1.163847,0.195327,-0.725954,0.209589,0.078850,0.165917
0.735035,-2.511629,1.852399,-0.726267,0.111494,-0.127850,-0.106497
0.729822,-3.091393,1.025265,-0.990346,0.133130,-0.313081,-0.271327
0.716854,-1.851376,0.502016,-0.691635,0.088322,-0.312130,-0.474871
0.684742,0.528587,1.438205,0.335682,-0.048500,0.039287,-0.741106
0.636863,2.964024,0.747939,1.366877,-0.034370,0.550365,-0.716360
0.600178,3.986471,-0.967736,1.706876,0.185801,0.713080,-0.363071
0.608095,2.197418,-0.506720,0.972903,0.413874,0.440239,-0.032824
0.660689,-0.180503,-0.024236,-0.031118,0.535465,0.264396,0.224898
0.718614,0.100483,-1.506870,0.003836,0.508740,0.394108,0.486027
0.751889,1.055546,-1.160477,0.398779,0.328773,0.395836,0.504461
0.769519,-0.360585,1.319639,-0.257218,0.221073,0.122524,0.200724
0.782548,-2.028567,1.455748,-1.053650,0.343995,-0.054660,-0.131664
0.769376,-1.613248,0.148585,-0.711497,0.428929,-0.046773,-0.384978
0.713926,-0.578825,0.545224,-0.109615,0.270505,-0.094167,-0.571461
0.653166,0.114683,0.731568,0.015083,0.081162,-0.149333,-0.466479
0.638735,0.882018,-0.454326,0.242697,0.011298,-0.028493,-0.034511
0.671990,0.942601,-0.875793,0.395138,0.006869,0.141018,0.344342
0.715563,0.107358,-0.803927,-0.051559,0.133343,0.183475,0.413841
0.738498,-0.295586,-1.352065,-0.391599,0.388278,0.177974,0.229226
0.730112,-0.127392,-0.880872,-0.047495,0.522748,0.224018,-0.119444
0.702634,-0.346525,1.161846,0.315601,0.448170,0.269536,-0.526057
0.673913,-0.894076,2.290537,0.055679,0.328638,0.221163,-0.813094
0.630692,-1.022399,1.148574,-0.533442,0.190147,0.036408,-0.843575
0.551674,-0.423698,-0.294064,-0.670354,-0.093685,-0.205679,-0.599904
0.472569,0.405281,-0.096818,-0.173656,-0.493490,-0.351957,-0.203412
0.463546,0.489049,0.328934,0.102962,-0.753029,-0.382311,0.163165
0.533925,-0.064750,-0.717882,-0.163081,-0.634343,-0.363981,0.403415
0.617482,-0.003918,-1.344290,-0.006549,-0.240524,-0.243570,0.483296
0.661211,0.601137,-0.093666,0.639038,0.082642,-0.002223,0.367251
0.677324,0.686436,0.646765,0.644125,0.208432,0.202550,0.133053
0.693951,0.811748,-0.165402,0.343361,0.242446,0.338452,-0.048245
0.708417,1.517781,-0.481599,0.733484,0.233752,0.536357,-0.132281
0.713038,1.209297,-0.283544,0.804341,0.248591,0.699970,-0.180746
0.713622,-0.586151,-0.468993,-0.272234,0.329481,0.623249,-0.218870
0.700025,-1.808292,0.377468,-1.047227,0.299939,0.412350,-0.319229
0.647023,-1.666650,1.481758,-0.944309,0.138855,0.256387,-0.544146
0.554572,-1.244171,0.208328,-1.108687,0.096652,0.082608,-0.675080
0.461121,-0.784740,-1.288819,-1.279235,0.066685,-0.167331,-0.388108
0.427622,0.135184,-0.885775,-0.574699,-0.186372,-0.316847,0.266672
0.490725,1.295601,-1.634988,0.259893,-0.285009,-0.221547,0.855091
0.604045,1.629669,-2.452938,0.586092,0.052823,0.008329,0.958964
0.682898,0.258957,1.388280,0.771354,0.261549,0.159099,0.525847
0.713375,-1.196401,5.628551,0.809910,-0.072372,0.239459,-0.080763
0.733461,-1.002887,3.554998,0.242747,-0.481163,0.352412,-0.466728
0.747167,-2.118575,-1.319211,-1.669454,-0.448640,0.162721,-0.549056
0.744860,-6.290558,-3.451054,-4.553817,-0.083950,-0.669395,-0.424543
0.742046,-7.233856,-3.215950,-5.108528,0.180301,-1.465021,-0.254564
0.744085,-1.224452,-1.830079,-1.611792,0.153464,-1.292948,-0.223318
0.738139,4.396414,-0.575621,1.759422,0.074730,-0.548920,-0.227481
0.728666,4.148740,-1.152535,1.642700,0.136060,-0.200819,-0.004164
0.728801,2.610681,-1.498068,0.848057,0.129110,-0.129834,0.250087
0.733286,2.772073,0.390013,1.516660,-0.051565,0.244540,0.134150
0.731692,1.278708,1.284906,1.231768,-0.116524,0.646790,-0.178854
0.726289,-2.000687,-0.675888,-0.744215,0.065124,0.541523,-0.248474
0.724075,-2.674144,-2.217088,-1.512006,0.267321,0.164547,-0.064086
0.729095,-0.097827,-1.747081,-0.081987,0.354529,0.063687,0.174586
0.741343,1.640644,-0.779749,1.076135,0.373388,0.228405,0.361301
0.752175,0.512424,0.319627,0.433149,0.360841,0.269764,0.351386
0.751787,-0.921441,1.273578,-0.434925,0.357555,0.116788,0.126629
0.742817,-0.751325,1.424894,-0.124317,0.330272,0.011260,-0.124777
0.727983,-0.775273,1.725372,0.120175,0.168447,-0.023133,-0.376225
0.697330,-1.501351,1.901049,-0.499477,-0.015298,-0.125031,-0.632136
0.655940,-0.430191,0.272197,-0.339030,-0.013072,-0.171516,-0.604552
0.638515,1.785589,-1.312676,0.873803,0.055118,-0.022713,-0.216565
0.663714,1.768768,-0.588866,1.065825,0.004050,0.128287,0.134780
0.705698,0.370409,-0.131284,0.157974,-0.043816,0.146268,0.287282
0.735372,0.256805,-1.461710,-0.178831,0.021778,0.170640,0.449107
0.752660,0.161704,-1.262629,-0.167796,0.101500,0.209289,0.534381
0.763842,-1.037523,1.144158,-0.514349,0.149247,0.143747,0.291638
0.764497,-1.343300,1.934504,-0.540813,0.179715,0.069065,-0.105240
0.752657,-0.569746,0.534350,-0.236276,0.144696,0.095486,-0.346941
0.732956,-0.470552,0.094513,-0.248339,0.058523,0.117289,-0.451103
0.710883,-0.459998,0.730390,-0.190812,-0.000138,0.072984,-0.487037
0.697128,0.423750,0.187916,0.151056,-0.048739,0.042726,-0.368288
0.703597,0.943130,-1.051512,0.171362,-0.130879,0.042973,-0.105301
0.726590,0.515509,-1.396896,-0.087961,-0.182092,0.036879,0.163513
0.750055,0.128769,-1.284104,-0.183503,-0.131772,0.030549,0.342201
0.766333,0.001124,-1.027151,-0.158754,-0.020802,0.025821,0.356522
0.777588,-0.122153,0.054890,0.050598,0.062285,0.037262,0.187905
0.783200,0.082552,1.041272,0.471186,0.075031,0.105618,-0.001298
0.781453,0.349779,0.551205,0.460326,0.047839,0.181095,-0.054330
0.774869,-0.095499,0.010559,-0.149680,0.041875,0.165441,-0.104118
0.764045,-0.671242,1.126105,-0.311870,0.042830,0.111005,-0.348396
0.747526,-0.035275,1.981547,0.514185,-0.026263,0.164492,-0.620325
0.730746,1.343825,0.636343,1.301823,-0.141688,0.322457,-0.608322
0.722436,1.553574,-0.666809,1.034797,-0.205192,0.433699,-0.403044
0.724676,0.416696,0.003023,0.138334,-0.245316,0.425448,-0.309982
0.736056,-0.105853,0.261166,-0.270454,-0.340770,0.379385,-0.261084
0.754047,0.507700,-1.541804,-0.121158,-0.377431,0.346827,0.022255
0.769644,0.226730,-2.759656,-0.556355,-0.189482,0.207187,0.446923
0.777033,-1.592173,-1.442206,-1.790754,0.112448,-0.147387,0.654504
0.781842,-2.914103,0.543111,-2.535328,0.270613,-0.605093,0.513477
0.778208,-2.795636,1.499925,-2.221628,0.253220,-0.971943,0.122440
0.745190,-1.664809,1.782772,-1.021042,0.216087,-1.091802,-0.347329
0.691348,0.946781,1.213294,1.273824,0.220268,-0.805338,-0.585905
0.657084,3.797483,-0.224454,3.338222,0.206860,-0.200021,-0.401605
0.654256,3.553529,-0.530942,2.913045,0.124310,0.268772,-0.101673
0.657836,0.681163,1.008370,0.935098,-0.024864,0.348264,-0.115066
0.655321,-0.980498,1.966781,-0.038572,-0.175109,0.271518,-0.376908
0.651963,-0.804223,0.896393,-0.275590,-0.233982,0.208627,-0.511037
0.646916,-0.616992,-0.834969,-0.849820,-0.154195,0.075188,-0.411495
0.633463,-0.470288,-1.600655,-0.984439,0.042570,-0.068985,-0.356198
0.592886,-0.200862,-0.942122,-0.599119,0.257340,-0.101796,-0.576774
0.501422,-0.336153,-0.073688,-0.663508,0.362289,-0.125851,-0.821775
0.387598,0.135445,-0.708469,-0.383631,0.327919,-0.164371,-0.651562
0.338683,1.668629,-1.548669,1.082912,0.196703,-0.012428,-0.179187
0.399603,2.020208,-0.318019,1.900942,-0.029244,0.297447,0.125688
0.518877,0.744240,0.703827,0.903753,-0.277483,0.466864,0.323030
0.627286,0.484922,-1.501360,-0.054691,-0.351763,0.452532,0.789351
0.703800,0.951211,-4.035083,-0.246007,-0.194426,0.405964,1.298334
0.750783,-0.674795,-2.665538,-1.146938,0.030586,0.272409,1.256859
0.771940,-2.866333,1.181272,-2.038212,0.198446,0.019199,0.614193
0.771621,-2.180111,3.129858,-1.058888,0.303971,-0.116480,-0.152208
0.742261,-0.224979,1.980335,0.370500,0.317383,-0.026087,-0.644692
0.686121,0.152326,0.192491,0.441845,0.201466,0.103715,-0.736493
0.643268,0.322495,-0.374768,0.462554,0.009487,0.181473,-0.498786
0.646065,1.252949,-0.512739,0.958508,-0.184384,0.271866,-0.170479
0.674651,0.801816,-1.039019,0.128850,-0.363004,0.294765,0.058389
0.695523,-1.535934,-1.584960,-2.043659,-0.471057,0.036139,0.240767
0.706052,-3.932091,-2.097303,-3.675015,-0.379388,-0.550965,0.428542
0.718749,-5.014823,-2.173896,-3.825024,-0.103471,-1.171584,0.471752
0.728807,-3.897768,-0.862501,-2.559016,0.094192,-1.439104,0.298251
0.718896,-1.024362,0.897444,-0.662471,0.041253,-1.307917,0.064050
0.692803,1.566936,1.082210,0.789234,-0.064617,-0.989523,-0.096041
0.676246,3.010946,-0.071504,1.622594,0.019753,-0.604822,-0.156899
0.676162,3.864054,-0.458457,2.071564,0.147741,-0.211604,-0.121170
0.673258,4.466641,0.889315,2.530383,0.030523,0.198369,-0.074367
0.656795,4.453048,2.183164,3.218747,-0.203162,0.667223,-0.112248
0.636459,2.420043,0.759456,2.385197,-0.162535,0.871337,-0.137937
0.629544,-1.125359,-2.462175,-0.657510,0.145630,0.474969,0.012773
0.647488,-2.111829,-3.205586,-1.996511,0.334356,-0.030747,0.257403
0.678630,0.206274,-0.395502,0.201498,0.272718,-0.013686,0.310269
0.697837,1.264521,1.876216,1.594239,0.204594,0.219085,0.092346
0.700427,0.039891,0.885999,0.327387,0.273720,0.177783,-0.121692
0.687907,-0.434492,-0.621704,-0.323708,0.345391,0.056511,-0.192701
0.637313,-0.367511,0.738591,0.251469,0.280069,0.077100,-0.380575
0.552684,-0.709856,3.197115,0.301584,0.081051,0.114834,-0.682315
0.511254,0.304403,2.474299,0.464153,-0.183983,0.180770,-0.564060
0.572080,1.864854,-1.110362,0.829790,-0.395729,0.321825,0.116247
0.681560,1.264109,-3.180475,0.012895,-0.445580,0.336260,0.820621
0.748194,-0.057376,-2.605115,-1.013320,-0.375792,0.150780,1.273278
0.758443,-0.278684,-1.697876,-0.979319,-0.270782,-0.051499,1.567724
0.756237,-1.294598,-0.209794,-0.966101,-0.111060,-0.200759,1.424548
0.757695,-2.928605,2.694624,-1.038847,0.088929,-0.317841,0.609181
0.736287,-2.068689,3.842675,-0.014473,0.224520,-0.309859,-0.320853
0.678351,0.276566,1.696501,1.050843,0.264835,-0.151480,-0.783917
0.617609,0.308996,0.152454,0.526493,0.272202,-0.008313,-0.980462
0.587091,-1.248094,0.788552,-0.514613,0.285011,0.001409,-1.198584
0.569935,-0.876000,0.278018,-0.286409,0.305664,-0.021635,-1.245878
0.541328,1.162683,-1.657941,0.747007,0.341638,0.059677,-0.993287
0.509839,1.926245,-1.531475,1.121663,0.368250,0.173786,-0.627977
0.487493,1.073712,0.193356,0.715275,0.287650,0.160191,-0.268746
0.480164,0.390162,0.099403,0.234372,0.040002,0.039466,0.078934
0.504843,0.160672,-1.001004,-0.175873,-0.221158,-0.057439,0.371092
0.560917,-0.188490,-0.633549,-0.533215,-0.246933,-0.075737,0.591222
0.611096,-0.089393,-0.197470,-0.394203,-0.055249,-0.032694,0.685274
0.628420,0.490017,-0.860275,0.182080,0.120068,-0.006772,0.548258
0.632533,0.170182,-0.840394,0.098287,0.228352,-0.049777,0.262425
0.643246,-0.960256,0.009592,-0.764933,0.313211,-0.056448,-0.033192
0.613335,-1.157932,0.600502,-0.728227,0.274839,0.022117,-0.387261
0.479706,-0.445372,1.417080,0.417721,0.161369,0.030283,-0.701648
0.300244,-0.039802,1.700456,0.727087,0.157625,-0.042558,-0.644681
0.234400,0.592807,0.099118,0.284323,0.124073,0.011276,-0.234436
0.343159,1.886389,-1.462926,0.837612,-0.106765,0.180924,0.127582
0.512510,2.068147,-1.275029,1.420442,-0.246824,0.232010,0.247585
0.613376,0.385901,-0.883299,0.277311,-0.089265,0.129556,0.198617
0.638488,-1.071129,-0.824928,-1.116053,0.084553,0.042022,0.032234
0.642748,-0.891624,0.045254,-0.867474,0.096154,0.036412,-0.161400
0.638415,-0.193458,0.763562,0.010708,0.116121,0.054225,-0.238762
0.608686,-0.076097,0.016914,0.087360,0.169801,0.081314,-0.234136
0.569067,-0.140146,-0.510979,-0.079221,0.080764,0.155585,-0.263920
0.557514,0.129604,0.585946,0.402777,-0.129217,0.257470,-0.214314
0.586366,0.591848,1.093711,1.031917,-0.258967,0.309215,0.063176
0.633276,0.864915,-0.505368,0.780196,-0.265081,0.209914,0.334347
0.666306,-0.016591,-1.297233,-0.633588,-0.295818,-0.151768,0.262198
0.672266,-2.629399,0.506337,-2.540123,-0.388666,-0.688116,0.016998
0.668164,-4.461619,1.187674,-3.403957,-0.364011,-1.019750,0.039293
0.674109,-2.543635,-1.550770,-2.187426,-0.174285,-0.946753,0.270670
0.681180,0.665614,-3.461217,-0.282375,-0.050308,-0.714848,0.255481
0.674900,0.917552,-1.453679,0.274833,-0.070102,-0.516723,-0.035565
0.669341,-0.029451,0.698363,0.027411,-0.052208,-0.215888,-0.166612
0.674549,1.953935,-0.275701,0.858588,0.006099,0.273118,-0.030980
0.663043,5.549270,-1.391243,2.870676,-0.017432,0.725407,0.008376
0.616330,5.783106,0.231756,3.740955,-0.026661,0.773221,-0.141088
0.566877,1.097502,1.916738,1.089290,0.041110,0.347184,-0.089189
0.557085,-3.744984,0.698462,-3.074746,0.028971,-0.075154,0.310303
0.589663,-3.175514,-1.341424,-3.406743,-0.075059,-0.073927,0.619680
0.633955,0.789633,-1.136728,0.115756,-0.066318,0.085852,0.509323
0.661035,1.613905,-0.034464,1.478717,0.143427,0.033831,0.244701
0.666777,-0.803249,-0.722535,-0.703196,0.413100,-0.060790,0.097231
0.652649,-1.449830,-1.551987,-1.452433,0.516868,-0.010403,-0.153912
0.601344,-0.158912,0.520824,0.442820,0.378723,0.006903,-0.618729
0.521121,-0.109859,3.173197,1.111589,0.164113,-0.033648,-0.796883
0.481273,-0.155502,1.886414,0.222402,0.021641,0.093916,-0.333948
0.529531,2.044100,-1.642539,0.934352,-0.083909,0.320922,0.286999
0.619223,3.633532,-2.247302,2.360873,-0.178128,0.298074,0.482491
0.679744,1.276542,-0.337826,1.070108,-0.223322,-0.067204,0.385384
0.699155,-2.342948,0.272667,-1.705027,-0.257624,-0.497491,0.317971
0.699439,-3.436840,0.036849,-2.397093,-0.299644,-0.741187,0.186352
0.692912,-3.290048,0.854544,-1.820888,-0.256462,-0.797921,-0.083563
0.684961,-3.467453,0.936238,-2.133418,-0.121578,-0.695280,-0.239728
0.678011,-1.565796,-0.675879,-1.539921,-0.038054,-0.438949,-0.153714
0.667417,2.266184,-1.328346,0.915499,-0.083530,-0.226720,0.002491
0.650787,3.498284,-0.267868,1.972199,-0.184713,-0.114398,0.089169
0.631596,2.603685,0.499869,1.312987,-0.214677,0.210306,0.099823
0.611283,3.927935,0.737335,2.346814,-0.099146,0.643437,0.029204
0.595547,4.455335,0.870576,3.297076,0.085338,0.591055,-0.061647
0.601860,-0.115337,-0.163558,0.426763,0.170628,0.160032,0.015708
0.638145,-3.524088,-1.912440,-2.248709,0.132341,0.036283,0.294569
0.682061,-0.492725,-2.261275,-0.428657,0.128573,0.189372,0.454017
0.702659,2.124451,-1.063388,1.397267,0.224922,0.130364,0.224385
0.692627,-0.412441,0.482122,-0.230280,0.261321,-0.077565,-0.199970
0.662931,-2.408883,1.931772,-1.325095,0.157416,-0.148730,-0.486763
0.624075,-0.976342,2.498208,-0.113532,0.109613,-0.120787,-0.612231
0.590550,-0.044706,1.377487,0.309606,0.203810,-0.051705,-0.665077
0.582773,-0.406402,-0.286336,-0.332648,0.207542,0.104812,-0.543315
0.606090,0.463541,-1.029662,0.109929,0.043338,0.272585,-0.157861
0.642885,1.901194,-1.165054,1.111462,-0.052981,0.327119,0.279363
0.675067,1.604397,-0.954201,1.013940,0.008263,0.239618,0.432392
0.698322,-0.153151,0.081456,-0.040089,0.096979,0.067541,0.244981
0.706934,-1.382371,1.042505,-0.934604,0.160228,-0.065551,-0.058001
0.685422,-1.190608,0.932763,-0.936912,0.197920,-0.094195,-0.335538
0.634417,-0.501576,0.942435,-0.243303,0.177869,-0.092391,-0.558556
0.588150,-0.201923,1.467700,0.276443,0.127903,-0.096364,-0.567254
0.580289,0.275066,0.601807,0.400062,0.079614,-0.025812,-0.281040
0.606943,1.274565,-1.259954,0.722525,-0.021623,0.127637,0.037109
0.644166,1.641761,-1.201926,1.152524,-0.161879,0.253063,0.161860
0.676973,0.795965,0.284044,0.865199,-0.165671,0.285560,0.179139
0.695873,-0.113930,0.157974,-0.033721,0.036889,0.254001,0.136456
0.696195,-0.318629,-0.869442,-0.520836,0.215974,0.199856,-0.042639
0.682983,-0.378194,-0.105361,-0.350717,0.185636,0.127548,-0.262637
0.649425,-0.597327,1.280352,-0.225750,0.111837,-0.005629,-0.374535
0.579326,-0.667442,0.788384,-0.513946,0.135124,-0.192277,-0.383619
0.500654,-0.551979,-0.456200,-0.847027,0.064909,-0.269733,-0.236667
0.479669,-0.192882,-0.602157,-0.714917,-0.165487,-0.135252,0.142735
0.529444,0.430855,-0.536638,-0.177466,-0.255652,0.031447,0.512496
0.592997,0.601856,-0.932893,0.128382,-0.083479,0.074448,0.576162
0.633627,0.063526,-0.761084,0.017848,0.086240,0.112026,0.443156
0.663105,-0.285902,-0.085281,-0.113116,0.122030,0.201758,0.297822
0.683095,-0.314115,0.148389,-0.322416,0.155962,0.223567,0.029812
0.679985,-0.641536,0.450359,-0.588703,0.176426,0.222821,-0.358820
0.666942,-0.692814,1.553728,-0.139087,0.072679,0.330244,-0.540604
0.666937,0.108084,2.306106,0.819575,-0.031325,0.423048,-0.392194
0.673253,0.609052,1.316405,0.754844,0.021714,0.325953,-0.188734
0.671566,-0.083639,-0.483751,-0.536155,0.139652,0.121214,-0.087272
0.667823,-0.889914,-1.426717,-1.452755,0.218898,-0.028836,0.009531
0.654908,-0.701444,-1.554227,-1.176992,0.290692,-0.110299,-0.011606
0.601151,-0.298738,-0.738064,-0.543811,0.318505,-0.166746,-0.362238
0.512124,-0.684845,1.548382,-0.302336,0.254426,-0.170451,-0.731457
0.440902,-0.857463,2.698397,-0.081090,0.196482,-0.074086,-0.634749
0.407659,0.291176,0.331194,0.531196,0.162956,0.086162,-0.275279
0.387335,1.356773,-1.909361,0.987224,-0.003579,0.213219,-0.110366
0.387529,0.915454,-0.661610,0.761553,-0.278754,0.255700,0.023564
0.444166,0.206710,0.555703,0.277715,-0.374490,0.224006,0.364856
0.532953,0.251703,-0.842466,-0.066209,-0.175401,0.143733,0.514411
0.577588,-0.027675,-1.274320,-0.410693,0.076201,0.070782,0.190516
0.555624,-0.733923,0.787435,-0.510199,0.144681,0.075688,-0.146555
0.509479,-0.442771,1.722537,0.039975,0.099747,0.132270,-0.142559
0.446867,0.460074,0.443139,0.625460,0.128619,0.109874,-0.134278
0.339446,0.110821,-0.022526,0.179178,0.205570,-0.022184,-0.356932
0.227698,-1.072582,1.054039,-0.885139,0.154870,-0.080684,-0.453401
0.193282,-0.708111,1.125162,-0.715950,-0.005269,0.062316,-0.214744
0.227913,1.131296,-0.436063,0.871313,-0.089471,0.234817,0.028894
0.261308,1.615247,-1.260327,1.444387,-0.106999,0.246790,0.095178
0.285734,0.201414,-0.447063,0.167409,-0.181571,0.179394,0.199641
0.333405,-0.536583,-0.005813,-0.667070,-0.186881,0.146756,0.321408
0.381736,0.099514,-0.723600,-0.125025,0.013011,0.125959,0.149362
0.384634,0.346125,-0.596411,0.323147,0.163377,0.138322,-0.248998
0.356107,0.027750,1.003502,0.400167,0.033574,0.199757,-0.428655
0.340662,0.120915,1.696806,0.612104,-0.135439,0.191611,-0.251017
0.349520,0.156333,0.358794,0.293382,-0.159230,0.103342,-0.009117
0.397174,-0.078451,-0.783464,-0.246973,-0.313592,0.082518,0.168097
0.513613,0.382672,-0.084389,0.301615,-0.649706,0.071069,0.571313
0.657966,0.806470,0.595776,0.654234,-0.686109,-0.149620,1.307217
0.742526,-0.319033,-0.553581,-0.971825,-0.333072,-0.532549,1.845022
0.763845,-1.391542,-1.385992,-2.234564,-0.105262,-0.843711,1.714947
0.776907,-0.376880,0.133581,-0.801846,-0.038538,-1.029012,1.248834
0.778673,0.867083,1.428504,0.785994,0.191831,-1.122886,0.892939
0.739187,0.292169,1.420083,0.428153,0.120231,-1.109287,0.403075
0.682569,-1.295006,3.926906,-0.220890,-0.646534,-1.172537,-0.379775
0.653368,-3.553964,7.741381,-0.861129,-1.119982,-1.527856,-0.868119
0.656741,-5.496286,6.266618,-1.932866,-0.582956,-1.792572,-0.766367
0.669992,-3.520472,1.375434,-0.895085,-0.027453,-1.391383,-0.571199
0.677549,1.544604,0.019484,2.061207,-0.161687,-0.595794,-0.436007
0.678380,3.970187,-0.003214,2.525166,-0.222058,-0.020155,-0.054516
0.676697,3.880167,-2.327671,1.175341,0.138500,0.461701,0.265230
0.676492,5.123995,-1.908205,2.102482,0.227690,1.002265,0.079448
0.680016,5.267792,2.511368,3.120986,-0.084262,1.057174,-0.155184
0.683833,2.044269,3.537411,1.111866,-0.210321,0.555285,0.021229
0.681205,-0.076019,0.224502,-0.595007,-0.066746,0.258556,0.155861
0.671794,0.285247,-0.825158,-0.006263,-0.001521,0.303931,-0.106297
0.655600,-0.744519,0.802028,-0.175745,-0.001676,0.131550,-0.344927
0.623446,-2.152511,0.642689,-1.264181,0.085072,-0.147399,-0.274344
0.579674,-0.317548,-0.619193,-0.436263,0.096774,0.004071,-0.194934
0.546692,2.370500,-0.016278,1.429302,-0.001346,0.367610,-0.320306
0.507835,2.089478,0.984286,1.457906,0.137715,0.380387,-0.460134
0.416676,0.219348,0.123822,0.001126,0.462653,0.128404,-0.394055
0.320844,-0.425232,-0.839512,-0.632515,0.361841,-0.000873,-0.109547
0.348402,0.236639,-0.383343,0.100405,-0.148979,0.021673,0.310758
0.499161,1.231729,-0.947123,0.965962,-0.253936,0.116431,0.762641
0.624343,1.760007,-3.226656,1.053563,0.217010,0.277132,1.000224
0.658157,0.679518,-2.741097,0.307411,0.521233,0.322497,0.741951
0.659963,-1.699789,2.209875,-0.781549,0.322941,0.139738,0.129968
0.642684,-2.856187,5.586601,-1.262974,0.053467,-0.067818,-0.321403
0.568288,-2.119853,3.003698,-1.088871,0.063014,-0.221102,-0.493180
0.440595,-1.535000,-0.407570,-1.188467,0.214107,-0.411147,-0.770795
0.276931,-0.745997,0.442983,-0.814164,0.233729,-0.394447,-1.154747
0.120132,1.981360,1.025321,1.277818,0.146614,0.064849,-1.105023
0.080623,3.887581,-2.273861,2.910368,0.138956,0.537097,-0.540997
0.205492,1.753363,-3.433256,1.510894,0.097441,0.526088,-0.046189
0.395275,-1.155803,0.122685,-0.720831,-0.141063,0.296105,0.144521
0.551018,-0.591051,1.368358,-0.529276,-0.307998,0.313228,0.383146
0.659055,1.334320,-1.690349,0.741359,-0.170654,0.448872,0.732420
0.720203,0.811089,-2.787247,0.214054,0.028988,0.369864,0.785299
0.736095,-1.155521,-0.407350,-1.284550,0.113566,0.143178,0.414746
0.730944,-1.562577,1.179755,-1.268579,0.212696,0.016097,-0.014775
0.721277,-0.417568,0.810327,-0.008126,0.301007,0.039542,-0.203510
0.709533,0.394962,0.447426,0.644080,0.262376,0.121734,-0.228503
0.700417,0.267155,0.638954,0.390293,0.238925,0.159850,-0.301028
0.691170,-0.227406,0.734067,-0.071538,0.300237,0.108960,-0.440116
0.678262,-0.339908,0.538085,-0.248423,0.220399,0.066583,-0.443489
0.675117,0.384535,0.112968,0.257337,-0.010998,0.123314,-0.210982
0.689862,1.074455,-0.503588,0.827493,-0.063916,0.153176,0.034524
0.705273,0.528390,-0.923288,0.300275,0.137857,0.046760,0.062722
0.704663,-0.458722,-0.467522,-0.604225,0.299105,-0.049620,-0.071448
0.691404,-0.563686,0.812630,-0.476792,0.279290,-0.038864,-0.261653
0.671875,-0.195690,1.431265,0.075875,0.229799,-0.042794,-0.465294
0.648268,0.192561,0.231552,0.237984,0.210420,-0.055169,-0.507343
0.633712,1.037203,-1.320207,0.783090,0.068689,0.083144,-0.241724
0.646781,1.825318,-1.218703,1.728604,-0.218993,0.298483,0.162290
0.684196,1.440354,-0.292833,1.586064,-0.391572,0.360458,0.402294
0.718891,0.131507,-0.055588,0.161441,-0.275393,0.263526,0.360117
0.731144,-0.766447,0.054417,-0.792989,-0.042336,0.172593,0.160606
0.725594,-0.570619,0.250400,-0.411650,0.101538,0.156587,-0.009850
0.712750,-0.081912,-0.204491,0.011826,0.165856,0.162104,-0.145511
0.693073,-0.376073,-0.235195,-0.509231,0.194085,0.111490,-0.338714
0.664989,-0.948362,0.915123,-0.978768,0.185308,0.012468,-0.504162
0.628738,-0.535592,1.030216,-0.442482,0.176447,-0.010413,-0.486625
0.587501,0.590406,-0.579511,0.477064,0.130327,0.100378,-0.319275
0.564469,1.095266,-1.217362,0.901350,-0.039934,0.219405,-0.124475
0.588792,0.642232,-0.477677,0.601541,-0.209834,0.232975,0.038537
0.642726,-0.028430,-0.549392,-0.142753,-0.176610,0.198425,0.106667
0.673171,-0.242909,-0.830267,-0.408365,-0.038659,0.226025,0.034468
0.667244,0.063314,0.255320,0.271347,-0.029299,0.309153,-0.075226
0.652541,0.266799,0.984558,0.622365,-0.084333,0.319463,-0.096744
0.632305,-0.276117,0.084243,-0.420514,-0.006607,0.192165,-0.127556
0.595242,-0.970893,-0.257328,-1.380505,0.092057,0.072355,-0.299542
0.565010,-0.492137,0.679081,-0.484779,0.001141,0.122037,-0.426407
0.567253,0.830771,0.501049,1.071453,-0.146279,0.251116,-0.304453
0.584093,1.118134,-0.875609,1.021707,-0.169919,0.252512,-0.100420
0.596169,0.123199,-1.345353,-0.312204,-0.196996,0.085445,0.103579
0.614137,-0.499766,-1.697019,-1.193138,-0.254479,-0.139702,0.507618
0.637806,-0.301442,-2.888336,-1.317098,-0.141088,-0.317799,0.883899
0.650948,-0.388367,-2.141536,-1.202760,0.052905,-0.491638,0.685769
0.650933,-1.489512,0.958059,-1.501060,0.084689,-0.860682,0.016657
0.623751,-2.930375,1.794260,-2.698068,0.102396,-1.310433,-0.551203
0.543156,-1.988693,-0.560208,-2.233279,0.332472,-1.176187,-0.764646
0.436487,2.597124,-1.516007,2.671032,0.608634,-0.237588,-0.604729
0.369368,5.630086,0.446605,6.848259,0.589523,0.606319,-0.235046
0.357540,2.223554,3.211001,3.502696,0.078966,0.623648,-0.169476
0.377674,-2.702820,5.602854,-2.481089,-0.701795,0.264090,-0.512130
0.432237,-2.810502,4.833435,-3.026736,-1.066402,0.041201,-0.536091
0.524393,-1.090979,-0.846859,-1.113870,-0.714986,-0.240080,0.025520
0.612519,-1.776253,-4.530968,-1.774117,-0.273558,-0.600530,0.353032
0.654101,-2.242073,-0.978156,-2.115288,-0.223817,-0.692266,0.088996
0.662639,0.016044,1.974805,0.003605,-0.195916,-0.544883,-0.015045
0.668884,2.780905,-0.846919,1.749675,0.060768,-0.369789,0.271257
0.650463,3.709492,-1.800123,2.108273,0.236471,-0.120957,0.220894
0.567893,2.500046,1.526271,2.042627,0.254574,0.132494,-0.214834
0.456124,0.045522,2.097191,1.235839,0.316559,0.184691,-0.258219
0.400857,-1.507787,0.024195,0.118800,0.303274,0.139740,0.170551
0.439770,-0.618210,-0.101598,0.176719,0.048140,0.214844,0.495759
0.545379,1.255153,0.078011,1.078804,-0.179043,0.364082,0.631135
0.662008,1.308681,-0.168046,1.064385,-0.066805,0.444723,0.720004
0.731822,-0.646982,1.558458,-0.195392,0.232512,0.431788,0.496709
0.739036,-1.860374,3.119494,-1.014277,0.347546,0.379831,-0.085529
0.720929,-1.062522,2.321786,-0.450283,0.189263,0.298749,-0.478339
0.701412,-0.425272,1.323701,-0.166037,-0.021144,0.064854,-0.403955
0.663226,-1.308015,0.514600,-1.483290,-0.092194,-0.382472,-0.182386
0.604256,-1.659799,-1.081594,-2.480410,-0.030371,-0.757073,0.001818
0.556720,0.117375,-2.053828,-0.977746,0.073431,-0.699620,0.205974
0.539292,2.078249,-1.621700,1.581038,0.142356,-0.309411,0.235970
0.538606,1.834704,-0.405432,2.229553,0.137251,0.005755,-0.057188
0.538990,0.314437,0.929809,0.930921,0.107814,0.120662,-0.339486
0.545253,-0.100255,0.791372,0.135324,0.126747,0.230048,-0.294884
0.575961,0.670717,-0.707535,0.814796,0.120126,0.422903,-0.063709
0.631432,1.066647,-0.741294,1.465521,-0.032187,0.555942,0.118965
0.676329,0.485111,0.508307,0.635842,-0.204506,0.466038,0.211711
0.684847,-0.610301,-0.227345,-1.254709,-0.128507,0.160609,0.248010
0.679552,-1.504312,-2.193688,-2.520311,0.185232,-0.168137,0.210347
0.668444,-1.687085,-1.279767,-2.165178,0.433338,-0.345149,-0.024751
0.596430,-1.336731,2.217605,-0.919663,0.440887,-0.375336,-0.485070
0.451494,-0.706989,3.633479,0.124216,0.323611,-0.302709,-0.819561
0.342542,0.320350,1.758307,0.860724,0.209374,-0.102328,-0.662315
0.360474,1.254230,0.053783,1.381362,0.047864,0.162277,-0.175573
0.452838,1.336943,-0.141506,1.368734,-0.194305,0.325392,0.229935
0.524735,0.730198,-0.502188,0.720275,-0.352556,0.313604,0.394116
0.556463,-0.211546,-0.624113,-0.341124,-0.272789,0.171705,0.358625
0.572855,-1.105002,0.384175,-1.204314,-0.060468,0.003882,0.215647
0.587648,-0.986417,0.731992,-0.962925,0.071629,-0.068325,0.023162
0.584290,-0.245000,0.341916,-0.085862,0.088181,-0.078940,-0.268250
0.530407,-0.498643,1.245158,-0.136793,0.086495,-0.159236,-0.557774
0.450180,-0.746233,1.782143,-0.415008,0.067681,-0.194777,-0.511253
0.427990,0.959789,-0.200656,0.922630,-0.036938,0.001250,-0.094025
0.487639,2.544382,-1.888477,2.314809,-0.159109,0.238434,0.298329
0.560620,1.395789,-1.168601,1.315920,-0.145109,0.246501,0.410840
0.595540,-0.500087,-0.179978,-0.435895,0.002131,0.138661,0.297124
0.604305,-0.645908,0.143940,-0.508484,0.132287,0.119049,0.070017
0.607967,-0.069376,0.773493,0.142593,0.160462,0.144629,-0.126813
0.598869,-0.242085,1.158979,-0.091782,0.137174,0.097500,-0.245182
0.548532,-0.763126,0.712749,-0.805008,0.151869,-0.018024,-0.425068
0.447639,-0.608862,0.249087,-0.705593,0.188618,-0.054841,-0.583297
0.342915,0.320626,0.290021,0.419457,0.093764,0.083230,-0.407704
0.305314,0.519878,0.609960,0.716927,-0.170210,0.186815,-0.001351
0.356438,-0.684274,0.435617,-0.854178,-0.350348,0.059837,0.276580
0.448893,-1.000504,-1.048902,-1.638151,-0.247552,-0.051934,0.457092
0.510906,0.504826,-2.533360,-0.025734,-0.014558,0.071405,0.591928
0.504166,0.825373,-1.476239,0.846977,0.137448,0.179189,0.400965
0.458471,-0.927979,1.233664,-0.609387,0.198665,0.084621,-0.055385
0.431879,-1.590905,2.023984,-1.414823,0.211908,-0.047721,-0.334185
0.422711,-0.616743,0.763031,-0.652280,0.198288,-0.157009,-0.424196
0.389223,-0.380637,0.293669,-0.466112,0.167268,-0.269159,-0.524267
0.356618,-0.199531,0.416741,-0.252667,0.050556,-0.202360,-0.389423
0.386221,1.564666,-0.913751,1.511150,-0.153437,0.075960,0.099506
0.460152,2.666161,-2.269540,2.582483,-0.286841,0.266684,0.482534
0.521665,1.273682,-1.386563,1.235314,-0.301873,0.249285,0.512109
0.567527,-0.220987,0.031700,-0.116619,-0.276518,0.189980,0.436512
0.607735,-0.251842,-0.035909,-0.097060,-0.148756,0.159520,0.295945
0.623209,-0.436783,0.143633,-0.342012,0.095670,0.141398,-0.090139
0.597529,-1.203965,1.886282,-0.993262,0.230960,0.153807,-0.600380
0.515722,-1.305612,2.824552,-0.937544,0.197344,0.144384,-0.965306
0.374355,-0.686880,1.202747,-0.569482,0.213913,0.114947,-1.076345
0.241806,0.293873,-0.889277,0.137791,0.261511,0.222230,-0.928815
0.217422,1.431926,-0.817549,1.637379,0.051142,0.450153,-0.653335
0.310924,1.603103,0.502456,2.095122,-0.396305,0.555847,-0.388903
0.454289,0.616241,-0.186182,0.320648,-0.665888,0.460691,0.051231
0.599599,-0.222788,-3.057747,-1.559114,-0.521739,0.196879,0.824711
0.716265,-1.099827,-4.098189,-2.590775,-0.231834,-0.348273,1.484131
0.768029,-2.782069,-1.121808,-4.047636,-0.216415,-1.109701,1.442944
0.765244,-3.886463,3.362977,-4.747041,-0.550022,-1.757590,0.749948
0.753080,-3.387465,5.827906,-3.107382,-0.968086,-2.235342,-0.036984
0.733580,-2.225120,4.510280,-1.489493,-1.268165,-2.667782,-0.423668
0.682875,-0.397779,0.734342,-1.373350,-1.494608,-2.862843,-0.313581
0.595738,2.681837,-1.457509,-0.283450,-1.751737,-2.592081,0.030903
0.459341,5.467717,-0.492427,2.094332,-1.981061,-1.913654,0.353001
0.273171,5.945278,0.437236,2.828920,-1.997026,-1.021682,0.604996
0.096798,4.116193,-0.683465,1.501985,-1.870722,-0.277394,0.828145
-0.003553,1.425928,-1.254917,0.055705,-1.994773,0.019444,1.080725
-0.006199,-0.363299,0.190811,-0.620640,-2.194685,0.055387,1.296979
0.080288,-0.715293,-0.092910,-0.219728,-1.566012,0.087127,1.189100
0.192957,-0.859780,-3.916753,0.974051,-0.243464,0.100670,0.731050
0.239858,-0.908256,-5.538791,1.401344,0.236841,0.263583,0.456329
0.224788,0.211860,-1.721513,0.672496,-0.462060,0.697027,0.686938
0.230428,0.721220,1.084124,0.170145,-0.868998,0.919053,0.995273
0.270455,-1.437920,-1.063513,0.156913,-0.417259,0.602682,0.952989
0.302978,-3.136032,-2.913222,0.027916,0.004708,0.251237,0.718227
0.333332,-1.301617,-1.389927,0.140581,0.049260,0.307323,0.546295
0.377152,0.738309,0.334551,0.483874,0.106103,0.478890,0.404443
0.415967,-0.379271,-0.511911,0.578369,0.498451,0.395513,0.199200
0.457183,-1.789180,-4.174340,0.978472,1.499620,0.184458,-0.036478
0.530871,-0.196302,-6.880153,1.528482,2.734440,0.236563,-0.158507
0.620918,2.136570,-3.492119,0.766795,3.062320,0.693548,-0.075796
0.690143,1.505600,2.571444,-0.940974,2.217805,1.148544,0.055891
0.735974,-1.297565,3.696232,-1.743813,1.173753,1.057903,0.036408
0.766111,-3.001997,1.527451,-1.592297,0.572241,0.494117,-0.036594
0.775139,-2.996725,1.135516,-1.592569,0.320893,0.000909,0.053358
0.767536,-2.523884,0.854274,-1.688010,0.256661,-0.186333,0.243515
0.757744,-1.551621,-0.667302,-1.185804,0.163335,-0.223728,0.275866
0.749195,-0.153297,-0.489320,-0.217706,-0.100064,-0.228658,0.116717
0.739766,0.365123,0.995930,0.340002,-0.234374,-0.203883,0.024426
0.734034,0.090510,0.310684,0.130664,-0.003279,-0.146539,0.134777
0.734133,0.447699,-1.973112,-0.150421,0.252291,-0.034591,0.234743
0.732367,1.109235,-2.302931,0.061718,0.197123,0.120088,0.126663
0.724875,0.713003,-0.269873,0.383874,0.012989,0.196036,-0.038204
0.718336,-0.392131,1.147924,0.321200,-0.049023,0.108672,-0.034182
0.713395,-0.975558,0.504856,-0.074720,-0.028788,-0.008777,0.079696
0.702461,-0.778362,-0.515136,-0.456324,-0.011716,0.031523,0.094820
0.686894,-0.136434,-0.368649,-0.413025,-0.007116,0.172506,-0.091290
0.668326,0.409605,0.648383,0.112440,-0.045701,0.217277,-0.426198
0.638605,0.091112,1.599070,0.468473,-0.083290,0.168153,-0.668582
0.612085,-0.852251,1.560043,0.193927,0.048704,0.189995,-0.509883
0.630260,-0.780589,-0.017774,-0.051216,0.386512,0.330115,0.045162
0.698365,0.995186,-2.453134,0.442854,0.682192,0.485256,0.579679
0.764960,2.384695,-3.648203,0.949835,0.708184,0.506798,0.679963
0.791504,0.857491,-1.968852,0.180653,0.573576,0.302843,0.344694
0.791860,-2.318802,0.933264,-1.375659,0.493021,0.018902,-0.082893
0.786680,-3.079980,1.886370,-1.630761,0.450397,-0.078420,-0.339845
0.771009,-1.085510,1.031355,-0.395162,0.352598,-0.034910,-0.435710
0.744396,-0.239131,0.593313,-0.006426,0.199143,-0.096098,-0.400550
0.729293,-1.069314,0.709510,-0.787069,-0.003954,-0.177467,-0.169508
0.739598,-0.161495,0.352205,-0.372032,-0.133166,-0.050281,0.163039
0.759632,1.993736,-0.707083,1.044080,0.005565,0.128727,0.307011
0.769283,1.636519,-1.665627,0.857244,0.271037,0.099072,0.136904
0.765607,-0.629271,-0.971362,-0.526675,0.397531,-0.003446,-0.154399
0.742101,-1.256832,0.733825,-0.650512,0.450089,0.035571,-0.385810
0.677872,-0.314954,0.854009,0.228322,0.362519,0.048760,-0.621266
0.584850,-0.354506,0.742089,0.172081,-0.197673,-0.181051,-0.848614
0.529282,-1.471190,3.310622,-0.828136,-0.882656,-0.427820,-0.743077
0.552941,-1.328374,4.916351,-1.092701,-0.864568,-0.349000,-0.170902
0.615784,0.777576,1.133902,-0.010423,-0.249502,-0.088266,0.396754
0.661960,1.957127,-3.500533,0.837572,0.164170,-0.029610,0.480576
0.684563,-0.053314,-2.996974,0.181420,0.261836,-0.169693,0.245013
0.697048,-2.511725,0.312710,-0.673361,0.383739,-0.227078,0.089411
0.702408,-1.766651,1.787662,-0.290230,0.435053,-0.053875,0.059569
0.705977,1.360091,1.302518,0.681131,0.278669,0.374512,0.051535
0.716878,4.149838,0.443030,1.581358,0.187912,0.894718,0.063417
0.730381,4.869118,0.249041,2.169787,0.320357,1.052163,-0.000720
0.729968,2.174459,1.106051,1.111891,0.455990,0.664490,-0.265677
0.710687,-2.250800,1.717940,-1.401331,0.442962,0.222899,-0.549386
0.679250,-3.503654,0.968611,-2.262479,0.340491,0.117844,-0.552596
0.627049,-1.099299,0.146318,-0.775581,0.122068,0.003330,-0.331242
0.552294,-0.256897,0.813118,-0.318761,-0.246568,-0.410837,-0.105670
0.512946,-1.953912,1.704215,-1.648843,-0.452030,-0.638175,0.206750
0.569506,-0.934327,0.019015,-1.208657,-0.130805,-0.252449,0.651988
0.676941,3.159875,-3.054365,1.553562,0.444233,0.301161,0.808669
0.740615,3.832594,-2.476628,2.601281,0.559414,0.498351,0.407327
0.750697,0.057705,2.108714,0.896557,0.039085,0.473299,-0.164059
0.756635,-2.107474,5.302101,-0.231243,-0.470656,0.321295,-0.488323
0.768566,-1.758655,4.454292,-0.230809,-0.418059,-0.230577,-0.586421
0.769862,-3.132772,1.625448,-1.497444,-0.090516,-0.942955,-0.583429
0.763704,-4.604121,-0.670425,-2.833536,0.001842,-1.073937,-0.506817
0.758018,-1.504350,-1.402609,-1.300038,-0.050616,-0.584156,-0.370382
0.748041,3.435018,-1.281008,1.353640,0.011698,-0.162013,-0.182753
0.725817,4.498297,-1.045250,1.812512,0.026108,0.005655,-0.012736
0.690040,3.161197,-0.217983,1.245599,-0.121262,0.331848,0.021513
0.656873,3.575810,0.652909,1.893347,-0.128419,0.767110,-0.014379
0.655001,3.608511,0.238463,2.085877,0.166070,0.793343,0.100000
0.690337,0.237348,-0.827443,0.067592,0.455525,0.424053,0.342690
0.732172,-2.831609,-1.088999,-1.781340,0.463382,0.167138,0.400019
0.751220,-2.085495,-0.269888,-1.250356,0.318016,0.138869,0.161663
0.751426,-0.547937,1.048553,-0.189189,0.241988,0.097483,-0.089745
0.748644,-0.755145,1.763100,-0.366746,0.217419,0.020277,-0.186707
0.735074,-0.987011,1.429222,-0.596719,0.143817,-0.028145,-0.335557
0.692175,-0.709922,0.956485,-0.232378,0.052241,-0.116305,-0.578813
0.636290,-0.572953,0.391846,-0.080092,0.006524,-0.164134,-0.556107
0.613395,0.679279,-1.067766,0.297794,-0.008250,-0.006367,-0.144928
0.639353,2.655617,-2.136635,1.317129,-0.013836,0.210983,0.264052
0.682060,2.405172,-1.067292,1.514332,0.015195,0.237318,0.371241
0.707646,0.122935,0.650033,0.359707,0.095357,0.132905,0.269737
0.713402,-1.011964,0.763718,-0.507444,0.181583,0.088917,0.116125
0.713110,-0.422046,0.126305,-0.263491,0.203821,0.124993,-0.019654
0.707318,0.072647,0.361536,0.179486,0.151807,0.140425,-0.116110
0.679457,-0.342997,0.904626,-0.031933,0.078398,0.057080,-0.249414
0.629597,-1.190247,0.912434,-0.737195,0.013976,-0.061247,-0.414741
0.593221,-1.208391,0.670409,-0.823802,-0.054771,-0.050388,-0.387350
0.599063,0.246600,0.274040,0.216812,-0.121468,0.063800,-0.108092
0.630057,1.260447,-0.193593,0.849182,-0.154045,0.082919,0.151062
0.655353,0.346999,-0.307280,0.054514,-0.141817,0.021056,0.283940
0.673286,-0.338923,-0.594259,-0.492552,-0.072787,0.046944,0.444981
0.695401,0.581396,-1.551618,0.145398,0.081314,0.118374,0.528519
0.715183,0.776644,-1.737415,0.316703,0.258002,0.109920,0.242702
0.716477,-0.595261,0.032188,-0.397754,0.295015,0.083085,-0.285292
0.697615,-1.161817,2.253995,-0.352422,0.160594,0.124192,-0.611181
0.673826,-0.252781,2.843948,0.555875,0.045246,0.194937,-0.598469
0.659254,0.507225,1.612825,0.931920,0.068155,0.261466,-0.464486
0.653465,0.668859,0.053868,0.667538,0.036391,0.329362,-0.370225
0.653655,0.789769,0.078774,0.596449,-0.253134,0.356036,-0.259243
0.668735,0.685469,1.267257,0.598756,-0.537202,0.254328,0.049635
0.699636,0.033790,-0.000503,-0.267527,-0.368942,-0.023645,0.574630
0.725885,-0.854117,-4.054025,-1.959231,0.077848,-0.397760,0.870383
0.733249,-1.636023,-4.607414,-2.789622,0.189401,-0.707027,0.466728
0.718769,-2.224372,0.587838,-1.852416,-0.055577,-0.861880,-0.334150
0.668719,-2.081536,3.900100,-0.615247,-0.117814,-0.809335,-0.777112
0.588846,-0.350278,0.896687,0.028840,0.109028,-0.486816,-0.660978
0.528716,2.314860,-2.489530,1.188561,0.221464,-0.045716,-0.368756
0.516095,3.365315,-1.686704,2.454155,0.049706,0.189218,-0.198891
0.521227,1.710750,0.471229,1.865803,-0.182826,0.179995,-0.163714
0.522643,-0.226646,1.080820,0.236551,-0.269650,0.170484,-0.172304
0.526701,-0.301958,0.540342,-0.130699,-0.228193,0.207404,-0.192574
0.511193,0.211140,-0.018426,0.242300,-0.176416,0.163549,-0.296658
0.448432,0.014526,-0.000423,0.038860,-0.169651,0.121691,-0.455864
0.379980,0.449855,0.046482,0.244424,-0.189070,0.264507,-0.409709
0.378926,2.123535,-0.883740,1.475982,-0.194248,0.508783,-0.004660
0.457782,2.963356,-2.181803,2.019860,-0.140832,0.606724,0.529000
0.570653,1.770981,-2.473748,0.872800,-0.036908,0.505489,0.879916
0.667313,0.193394,-2.028014,-0.505228,0.047714,0.334815,0.971456
0.720222,-0.456746,-1.669421,-0.928705,0.100618,0.159248,0.817971
0.734002,-1.006578,-0.827807,-1.105304,0.177900,-0.006051,0.406711
0.726574,-1.631659,0.875446,-1.300408,0.260131,-0.088387,-0.152792
0.695516,-1.204023,2.300448,-0.622127,0.249382,-0.063306,-0.621712
0.634478,-0.238472,2.435719,0.421656,0.139839,0.013899,-0.793021
0.570695,-0.011530,1.133017,0.451688,0.036129,0.119040,-0.607578
0.544693,0.197654,-0.870823,0.118935,-0.056395,0.222980,-0.244908
0.564905,1.021463,-1.478196,0.618285,-0.253286,0.253484,0.022374
0.607414,1.209041,0.132093,0.984479,-0.500137,0.118306,0.174099
0.644605,-0.160547,1.350717,-0.128876,-0.538602,-0.327191,0.374922
0.664975,-2.607338,0.124810,-2.159976,-0.305223,-0.996275,0.574449
0.677222,-4.497738,-1.700237,-3.403574,-0.079147,-1.335531,0.526268
0.692204,-3.890996,-1.570914,-2.815233,-0.065842,-1.015702,0.211903
0.704775,-1.261309,-0.113246,-1.115182,-0.104316,-0.477177,-0.056591
0.707821,0.912281,0.195493,0.242357,-0.022585,-0.204856,-0.082201
0.705828,1.683455,-0.621999,0.886135,0.018764,-0.131781,-0.038788
0.698874,1.899250,-0.257234,1.127180,-0.117621,-0.002493,-0.057369
0.680689,2.765741,0.795716,1.427884,-0.201521,0.280416,0.005867
0.661689,4.119802,-0.087251,2.200983,-0.036491,0.535650,0.152146
0.663244,3.020210,-1.754842,2.152476,0.182191,0.433793,0.171346
0.686643,-1.120523,-1.126346,0.117416,0.237814,0.081683,0.077419
0.714538,-2.987066,0.698735,-1.313104,0.228766,-0.024806,0.041552
0.735646,-0.318964,0.859440,-0.001316,0.298049,0.152942,0.031979
0.740879,1.618458,-0.007362,1.234920,0.369966,0.215026,-0.083677
0.712474,0.100059,0.209054,0.245885,0.332944,0.096113,-0.305319
0.653689,-1.347918,1.208310,-0.733129,0.215467,0.051103,-0.481850
0.610793,-0.635860,1.426286,-0.155527,0.057486,0.160603,-0.420163
0.625064,0.877231,0.666915,0.845044,-0.163525,0.300490,-0.102063
0.681206,1.813952,-0.365385,1.226868,-0.418714,0.335281,0.347605
0.734337,1.500005,-1.320003,0.664091,-0.596990,0.227686,0.915936
0.762702,0.507300,-1.797148,-0.370886,-0.563348,0.043517,1.481612
0.773344,0.171166,-1.663036,-0.814966,-0.273076,-0.165568,1.592435
0.778043,0.015742,-1.410246,-0.771892,0.099081,-0.354751,1.079377
0.773023,-0.865972,-0.839055,-0.765038,0.329212,-0.416586,0.391064
0.744304,-1.259921,0.452605,-0.227725,0.381475,-0.331454,-0.142493
0.698346,-0.582781,1.694635,0.638279,0.303218,-0.216251,-0.622306
0.661064,-0.377875,2.072353,0.514918,0.188961,-0.130277,-1.026893
0.641246,-0.893609,1.377563,-0.336580,0.214622,-0.049406,-1.217822
0.630103,-0.785745,0.056106,-0.411800,0.344729,0.033162,-1.296631
0.621316,-0.106890,-0.367778,0.302034,0.347086,0.092883,-1.280836
0.602276,0.178941,0.309959,0.493299,0.261531,0.075715,-0.971650
0.561623,0.258551,0.095727,-0.048451,0.290518,-0.000437,-0.486966
0.518660,0.779160,-1.056806,-0.041127,0.315190,-0.004625,-0.181406
0.507759,1.345793,-0.929834,0.832582,0.116348,0.061979,-0.015271
0.538192,1.097744,0.261825,1.098933,-0.150146,0.056047,0.278706
0.590300,0.407586,0.153707,0.301102,-0.198699,0.013083,0.608471
0.636023,0.372465,-1.221295,-0.152217,-0.055814,0.042656,0.687831
0.661567,0.545024,-1.540120,0.041575,0.119527,0.047038,0.522558
0.677034,-0.173518,-0.378236,-0.182182,0.295291,-0.023017,0.294783
0.685166,-0.890913,0.598784,-0.451817,0.388000,-0.019797,-0.005247
0.656506,-0.611989,1.366125,0.110588,0.280551,0.032362,-0.434078
0.579885,-0.599087,2.706824,0.410268,0.110654,-0.026180,-0.742250
0.509159,-1.066914,2.737396,-0.228220,0.076837,-0.082404,-0.626420
0.504112,-0.030134,0.257001,-0.133940,0.081418,0.040253,-0.245442
0.555153,1.857766,-1.432678,1.057960,-0.041765,0.207844,0.016478
0.613655,1.774090,-0.189146,1.336194,-0.191533,0.255453,0.161476
0.659422,0.407802,0.658941,0.435943,-0.161634,0.238518,0.389054
0.695321,0.190794,-1.083062,-0.062354,0.051233,0.199364,0.527951
0.712260,0.268269,-2.043542,-0.132046,0.240670,0.113325,0.282910
0.700356,-0.827896,0.129758,-0.536336,0.247767,0.042633,-0.187110
0.671094,-1.731706,2.254067,-0.869956,0.148452,0.048577,-0.474593
0.643489,-1.089844,1.485603,-0.604582,0.091378,0.126820,-0.466359
0.625925,0.380091,-0.222910,0.181764,0.053781,0.265373,-0.335312
0.620975,1.335738,-0.526204,0.930169,-0.056942,0.360991,-0.220421
0.630846,0.883707,-0.181586,0.663734,-0.215452,0.295989,-0.079476
0.653390,-0.243762,-0.299270,-0.361267,-0.364425,0.145582,0.186953
0.681147,-0.479435,-0.528382,-0.765471,-0.475301,-0.058414,0.437997
0.704563,-1.030122,-0.598273,-1.145978,-0.462672,-0.486341,0.379344
0.717333,-3.563039,-0.791101,-2.743733,-0.294421,-1.000397,0.087099
0.719606,-4.597387,-1.099956,-3.464398,-0.108997,-1.063792,-0.113174
0.712427,-0.904224,-1.110345,-1.140879,-0.009069,-0.572248,-0.292762
0.697190,2.812279,-0.509678,1.506204,0.055512,-0.091351,-0.612750
0.683269,1.892782,0.093439,1.212819,0.120417,0.034627,-0.695842
0.678308,0.692896,-0.533815,0.127503,0.172254,0.097222,-0.296966
0.674605,3.170509,-1.893551,1.441198,0.188960,0.296853,0.076948
0.666418,4.158345,-1.691917,2.678520,0.094733,0.329096,0.114259
0.666400,0.149988,-0.134077,0.335641,-0.079642,0.043543,0.257648
0.684265,-2.747310,-0.343294,-2.467305,-0.118724,-0.171291,0.663369
0.708971,-0.615701,-2.084259,-1.374925,0.021671,-0.073855,0.798795
0.727170,1.191853,-1.512324,0.821797,0.153782,0.035676,0.494758
0.738520,-0.575423,0.822347,0.041415,0.249692,-0.041151,0.205549
0.740237,-1.851640,0.901769,-1.415112,0.357167,-0.100012,0.021102
0.717162,-0.948112,0.094267,-0.673427,0.327363,-0.071424,-0.381188
0.669350,-0.612239,1.491472,0.314332,0.149147,-0.086390,-0.753043
0.633694,-0.383178,1.564370,0.185110,0.070953,-0.046869,-0.518994
0.644335,1.765323,-1.940641,0.726623,0.092131,0.157940,0.090764
0.685343,3.327010,-3.217031,1.880782,-0.022671,0.282933,0.403628
0.718535,1.559284,-0.124329,1.326292,-0.230894,0.115520,0.417305
0.734501,-1.190420,1.313708,-0.716103,-0.327917,-0.170332,0.459798
0.743741,-1.973331,-0.303745,-1.638738,-0.343332,-0.376734,0.426588
0.748980,-1.861930,-0.221703,-1.025059,-0.380284,-0.572154,0.171001
0.748378,-2.701340,1.453689,-0.962036,-0.356292,-0.785238,-0.080006
0.741233,-2.940951,0.874834,-1.665654,-0.201053,-0.802299,-0.141989
0.727263,-0.380963,-1.160492,-0.936983,-0.081879,-0.525787,-0.151835
0.711558,2.866708,-1.070521,1.179509,-0.137806,-0.149500,-0.259711
0.698416,3.590259,0.825676,2.207255,-0.152431,0.205956,-0.350850
0.683725,3.141611,0.784830,1.945978,0.079214,0.526762,-0.240707
0.671484,3.102183,-1.696376,1.699046,0.284445,0.607744,-0.018939
0.679871,1.268521,-2.393677,0.807428,0.191669,0.350965,0.110386
0.709232,-1.795232,-0.267231,-0.838044,0.045123,0.085098,0.185979
0.733216,-1.884399,0.447209,-1.184999,0.090287,0.047643,0.276457
0.741150,0.201347,-0.869856,-0.156139,0.197446,0.047713,0.241729
0.744826,0.202148,-0.730987,0.045829,0.266112,-0.049550,0.051523
0.732457,-1.143934,0.430751,-0.614080,0.298121,-0.106136,-0.148467
0.680817,-0.983988,0.604517,-0.523789,0.214207,-0.079444,-0.367676
0.613951,-0.449122,1.176085,-0.054020,0.089241,-0.073233,-0.625933
0.579879,-0.857188,2.147376,-0.180652,0.105916,-0.055415,-0.673234
0.587473,-0.306043,0.970789,0.097132,0.164230,0.074485,-0.338088
0.619103,1.684988,-1.368723,1.335633,0.079957,0.226788,0.117446
0.661881,2.292640,-1.520078,1.731755,-0.035227,0.226084,0.317211
0.697545,0.546734,-0.044486,0.377125,-0.000892,0.089598,0.230012
0.710251,-0.934093,-0.045800,-0.971946,0.131454,-0.020098,0.077334
0.705425,-0.674039,-1.201380,-0.969518,0.200360,-0.044007,-0.092365
0.690100,-0.188762,-0.482061,-0.271993,0.141884,-0.048582,-0.386747
0.662845,-0.382144,1.618554,0.258973,0.036308,-0.065740,-0.632500
0.637730,-0.171760,1.267475,0.439725,0.001414,-0.052987,-0.509130
0.637685,0.852521,-1.464986,0.457627,0.032784,0.025514,-0.139628
0.661070,1.614232,-2.351827,0.730419,0.042000,0.150778,0.105199
0.688696,1.440489,-0.755914,1.075662,0.040517,0.256160,0.193567
0.710447,0.667640,0.092075,0.696169,0.103210,0.278785,0.210945
0.720758,-0.140806,-0.092406,-0.132956,0.177296,0.233277,0.066432
0.715592,-0.495470,0.655463,-0.275055,0.151894,0.183284,-0.175461
0.705007,-0.372180,1.404389,0.064770,0.087987,0.117139,-0.322848
0.694531,-0.385322,0.565681,-0.187993,0.107311,-0.020778,-0.404819
0.667435,-0.623115,-0.337523,-0.689413,0.108253,-0.165851,-0.421831
0.625838,-0.392321,0.038308,-0.503418,-0.045985,-0.191360,-0.183160
0.612552,0.227122,0.081403,-0.125344,-0.181648,-0.101959,0.269565
0.649546,0.579701,-1.150015,-0.130652,-0.093431,0.006725,0.640072
0.701673,0.763836,-1.789643,0.127171,0.071522,0.079816,0.750199
0.732458,0.712766,-0.684838,0.561313,0.128584,0.101265,0.556017
0.744894,-0.018671,0.585198,0.259735,0.165338,0.097139,0.139232
0.750919,-0.649604,0.833880,-0.174524,0.221114,0.130933,-0.240217
0.748902,-0.324061,1.187781,0.251797,0.161652,0.211574,-0.429281
0.739587,0.182450,1.976865,0.749510,0.029823,0.282701,-0.498223
0.732727,0.219661,1.367355,0.437224,0.002946,0.299994,-0.467139
0.736489,0.183892,-0.658609,-0.151852,0.030092,0.258659,-0.275163
0.750925,0.193748,-1.667714,-0.381922,-0.040740,0.193049,0.040603
0.768291,0.195827,-1.318338,-0.256348,-0.139967,0.134784,0.318434
0.779823,0.136829,-0.926759,-0.131389,-0.108953,0.060157,0.356165
0.782005,-0.447463,-0.072673,-0.438748,0.040811,-0.035673,0.131965
0.774758,-1.151543,1.077332,-0.868255,0.182321,-0.092439,-0.139537
0.759498,-0.867723,0.890805,-0.623791,0.241626,-0.105879,-0.367482
0.737978,-0.186071,0.421184,0.005877,0.242533,-0.126898,-0.616350
0.711311,-0.196089,1.360880,0.221365,0.217759,-0.112461,-0.722320
0.687275,0.090610,1.553481,0.475319,0.118344,0.002277,-0.498622
0.680949,1.320528,-0.273416,1.245223,-0.074367,0.141026,-0.119329
0.697399,1.822239,-1.366603,1.476847,-0.228694,0.204296,0.214251
0.724867,1.014948,-1.052461,0.662417,-0.240004,0.219223,0.458518
0.748332,0.457044,-1.294988,0.047968,-0.156528,0.223187,0.445400
0.758799,0.293841,-1.088787,0.057038,-0.032054,0.180172,0.121213
0.755864,-0.510468,1.006049,-0.212917,0.074515,0.102021,-0.202342
0.747529,-1.184046,2.591680,-0.528275,0.046587,0.065651,-0.336899
0.737132,-0.720375,1.826160,-0.166871,-0.065726,0.068931,-0.399416
0.717378,-0.144541,0.490376,0.074432,-0.061130,0.037774,-0.411425
0.690568,-0.262998,0.124682,-0.377744,0.023207,-0.004935,-0.285910
0.676244,-0.097547,0.022331,-0.366360,-0.027604,0.047580,-0.028164
0.684701,0.833586,-0.633369,0.598587,-0.171189,0.162764,0.285966
0.703660,1.305417,-1.275162,1.078127,-0.194645,0.183532,0.470057
0.718140,0.548023,-0.814275,0.350320,-0.092223,0.133565,0.340949
0.723080,-0.241610,0.390357,-0.169112,0.015604,0.183451,0.024934
0.716443,0.012302,0.819745,0.374105,0.100264,0.276695,-0.214217
0.697398,0.265175,0.468101,0.617861,0.127385,0.229666,-0.334594
0.669785,-0.358255,0.509851,-0.132356,0.039270,0.132268,-0.372910
0.643253,-0.463732,0.535756,-0.301407,-0.105185,0.173994,-0.283625
0.637077,0.766451,-0.219914,0.730798,-0.274674,0.284487,-0.051905
0.668296,1.595506,-0.491211,1.293968,-0.540726,0.274993,0.376259
0.722435,0.755825,0.131809,0.443903,-0.736009,0.042349,1.063419
0.763386,-0.603133,-0.612368,-1.014827,-0.556953,-0.376186,1.730121
0.779931,-1.018692,-2.620377,-2.067497,-0.158692,-0.749709,1.904193
0.783162,-0.748659,-2.444646,-2.074353,0.077449,-0.952516,1.554268
0.769259,-1.085991,-0.213063,-1.381920,0.149294,-1.148387,1.050846
0.736614,-1.856411,1.075768,-0.939744,0.053846,-1.296607,0.536066
0.713043,-1.473640,2.568784,-0.359853,-0.391662,-1.179473,-0.076020
0.717333,-0.574639,4.920397,0.741346,-0.792817,-1.024767,-0.610568
0.732127,-1.273863,3.192766,0.799531,-0.536602,-1.021909,-0.811514
0.743900,-2.333434,-2.600888,-0.456006,0.028332,-0.765804,-0.807215
0.758810,-1.396509,-4.583725,-0.866059,0.200037,-0.218298,-0.798084
0.770381,0.242251,-1.549851,-0.136660,0.118162,0.050372,-0.686028
0.767953,1.229022,-0.088673,0.388986,0.155457,0.088275,-0.452968
0.764940,2.702435,-1.089634,1.026306,0.167434,0.333507,-0.301015
0.763535,3.767071,-0.780590,1.710106,0.047143,0.467103,-0.231720
0.730812,2.522663,0.341968,1.141627,-0.048078,0.158053,-0.137796
0.662962,1.081337,0.724888,0.360898,-0.126282,-0.061578,-0.169770
0.604568,1.477878,1.621979,0.972817,-0.222435,0.116241,-0.420827
0.563534,1.307819,2.434507,1.248828,-0.179062,0.207495,-0.605461
0.505716,-0.356318,0.820856,-0.000662,0.003840,0.039839,-0.457662
0.453007,-0.494965,-1.730245,-0.444286,0.107368,0.019068,-0.038702
0.471254,1.277139,-2.178113,0.831700,0.090195,0.230727,0.456704
0.560390,2.072706,-1.468034,1.591426,0.115944,0.362644,0.807599
0.650359,1.170822,-1.502632,0.809453,0.269933,0.308863,0.811875
0.687472,-0.250152,-1.247777,-0.433781,0.460220,0.214759,0.495881
0.677308,-1.578885,0.018542,-1.206410,0.497656,0.159224,0.073178
0.663520,-2.136336,1.245383,-1.130454,0.320345,0.075209,-0.336231
0.655434,-1.632597,2.160239,-0.455363,0.107387,-0.100864,-0.742278
0.578795,-0.924058,2.632957,-0.120037,0.014532,-0.283204,-1.107752
0.379679,-0.308951,1.749666,-0.359258,0.045685,-0.290903,-1.225046
0.168804,0.952473,-0.269873,-0.079618,0.177346,-0.061460,-0.889625
0.128921,2.575059,-1.507595,1.322354,0.237961,0.241545,-0.302578
0.273305,2.739867,-0.201434,2.356438,0.027538,0.385946,0.116607
0.445112,0.917001,2.023213,1.338659,-0.221445,0.351250,0.405024
0.554313,-0.454704,0.759448,-0.497580,-0.165028,0.329971,0.801776
0.643214,0.276247,-3.175732,-0.679703,0.029649,0.380476,0.994505
0.729064,0.792871,-3.046348,0.180711,0.083645,0.334212,0.605679
0.767528,-0.770957,1.503377,-0.197171,0.110310,0.162676,0.020354
0.760399,-2.011757,3.180409,-1.202767,0.218006,0.083090,-0.195686
0.752542,-0.998794,0.694026,-0.835560,0.254953,0.175932,-0.140555
0.751924,0.233159,-0.395481,0.213547,0.182797,0.252314,-0.176811
0.742366,0.019616,0.725923,0.180521,0.156660,0.184264,-0.281166
0.725801,-0.437982,0.527250,-0.539939,0.218508,0.067622,-0.249821
0.703622,-0.260152,-0.824439,-0.713196,0.285695,0.003026,-0.169537
0.664428,-0.197064,-0.851194,-0.458494,0.325727,-0.049864,-0.310841
0.612334,-0.623921,0.314940,-0.454836,0.314571,-0.116614,-0.591361
0.572593,-0.803547,1.106793,-0.505964,0.213870,-0.098109,-0.589053
0.561791,-0.201329,1.191512,-0.019895,0.087926,0.043632,-0.288582
0.573403,0.439664,1.166538,0.627494,0.003926,0.179860,-0.120130
0.594171,0.327649,1.120764,0.640143,-0.123313,0.245688,-0.053419
0.622094,0.306682,0.271326,0.473478,-0.301756,0.315691,0.310423
0.661023,0.935561,-1.275459,0.697259,-0.306951,0.347415,0.708347
0.701118,0.581767,-1.436943,0.258962,-0.062526,0.224484,0.534199
0.719505,-1.167010,0.579675,-1.099874,0.173512,0.072063,-0.007334
0.705090,-1.772114,2.010224,-1.386902,0.231290,0.076395,-0.293794
0.669326,-0.653578,1.048635,-0.299498,0.204075,0.119069,-0.374289
0.627169,-0.321725,0.088481,-0.094233,0.145190,0.062548,-0.588744
0.581458,-0.868536,0.874668,-0.699418,0.049518,0.077739,-0.740181
0.540795,-0.116132,1.199557,-0.007068,-0.034022,0.251798,-0.544435
0.539232,1.144274,-0.170556,1.095021,-0.204530,0.350515,-0.211370
0.601606,0.829330,-0.855923,0.550602,-0.555710,0.268625,0.061163
0.694934,-0.104517,-0.112546,-0.473319,-0.744977,0.151248,0.407986
0.760081,-0.266471,-0.333442,-0.617300,-0.443940,-0.010116,0.757144
0.781884,-0.560499,-1.554161,-1.163403,0.007898,-0.376712,0.804083
0.784484,-1.750409,-1.404797,-2.659768,0.157315,-0.942246,0.558053
0.778506,-3.304243,0.111403,-3.800153,0.122309,-1.411159,0.175422
0.751855,-3.511284,1.606815,-3.114495,0.183260,-1.275803,-0.320439
0.701028,0.088844,2.269016,0.773731,0.324784,-0.397079,-0.659099
0.650877,5.451517,0.970595,5.859195,0.355657,0.489757,-0.540782
0.635812,5.827031,-0.716646,6.347612,0.077360,0.660616,-0.336057
0.660456,0.851670,0.915753,1.867525,-0.416452,0.366134,-0.480821
0.695829,-2.432135,3.259407,-1.420464,-0.627915,0.076067,-0.603057
0.720789,-2.310653,0.660789,-1.953940,-0.353562,-0.231758,-0.339463
0.742230,-2.591915,-3.316611,-2.669467,-0.057043,-0.521160,-0.098807
0.764904,-2.742069,-2.573492,-2.862180,-0.041926,-0.602519,-0.085317
0.772074,-0.097797,-1.342296,-1.041748,-0.015867,-0.492674,0.168439
0.754130,3.491553,-3.505928,1.275261,0.136904,-0.181918,0.623819
0.723482,3.914687,-2.334190,2.408533,0.085484,0.225869,0.539626
0.678242,0.123542,3.871427,0.966921,-0.145118,0.221441,-0.133584
0.595190,-3.575636,4.926014,-2.156055,-0.072362,-0.244364,-0.552845
0.490913,-2.123937,-1.240237,-2.006057,0.290474,-0.379802,-0.333392
0.441662,2.193362,-3.844966,2.125267,0.356690,0.117668,0.089636
0.503605,3.221598,-0.135804,3.955550,0.041087,0.569787,0.409906
0.642208,1.272037,1.454111,1.667446,-0.094500,0.591371,0.729535
0.765791,0.234588,-0.577178,-0.090945,0.124971,0.502053,0.926147
0.818557,-0.354287,0.088602,-0.187474,0.283821,0.437308,0.647231
0.822021,-1.723220,3.379349,-0.829878,0.162321,0.246038,0.036192
0.821219,-2.129635,3.800350,-1.499027,-0.052757,0.013894,-0.312377
0.821926,-1.284353,1.089265,-1.195767,-0.165302,-0.138678,-0.264462
0.805205,-0.929053,-0.785316,-0.964684,-0.129213,-0.324858,-0.235212
0.770668,-0.845903,-0.866506,-1.073284,-0.011637,-0.517182,-0.290992
0.735167,0.078607,-0.920649,-0.533557,0.076644,-0.464557,-0.107777
0.710002,1.024997,-0.838568,0.585777,0.104634,-0.181048,0.167709
0.696426,0.810080,0.804379,1.172024,0.106086,0.032888,0.062156
0.692570,0.002354,2.745300,0.791919,0.095850,0.106514,-0.318474
0.700555,-0.244981,2.314257,0.173710,0.103911,0.224953,-0.455811
0.724953,0.107386,0.037502,0.032707,0.132868,0.402026,-0.225490
0.758531,0.500324,-1.499705,0.224608,0.074609,0.478740,0.123022
0.782775,0.561577,-1.472507,0.174221,-0.087315,0.402435,0.398252
0.792127,-0.145373,-0.332828,-0.499528,-0.125751,0.218024,0.505386
0.798125,-1.263869,0.923329,-1.314961,0.069955,-0.004460,0.395217
0.802018,-1.436213,0.900223,-1.234397,0.244856,-0.166864,0.068564
0.785924,-0.916835,0.867005,-0.620285,0.220236,-0.254380,-0.443322
0.741620,-1.108585,2.786817,-0.668191,0.194025,-0.313507,-0.900401
0.691417,-0.911935,3.408663,-0.534389,0.288646,-0.278668,-0.899508
0.666143,1.058187,-0.036003,0.990894,0.286103,-0.080443,-0.443164
0.671390,2.642328,-2.670160,2.342130,0.063743,0.166648,0.025386
0.690298,1.946253,-1.037104,1.900179,-0.173876,0.294532,0.298876
0.709908,0.414929,0.695294,0.546019,-0.210799,0.242869,0.440728
0.727151,-0.707039,0.207461,-0.721453,-0.046084,0.065764,0.363102
0.738439,-1.340427,0.115947,-1.421921,0.147058,-0.067398,0.055344
0.737412,-0.908324,0.889864,-0.789765,0.181011,-0.038942,-0.231669
0.718604,-0.149042,1.074481,0.136371,0.084343,-0.002447,-0.394807
0.686400,-0.637917,0.828122,-0.512959,0.044556,-0.116443,-0.482747
0.663025,-1.046339,0.089274,-1.265536,0.058251,-0.175420,-0.347651
0.669506,0.527703,-1.458053,0.156867,-0.034917,0.039098,0.098902
0.697960,2.036967,-2.254566,1.770082,-0.181818,0.287198,0.532631
0.722597,0.912571,-1.056243,0.816088,-0.172701,0.252420,0.564347
0.731830,-1.208041,0.759122,-1.127423,-0.000412,0.073381,0.214956
0.733685,-1.585383,1.382655,-1.379828,0.145719,0.039775,-0.171383
0.734999,-0.685167,0.996271,-0.515796,0.156622,0.109007,-0.370700
0.723711,-0.300194,0.884686,-0.202639,0.114623,0.105457,-0.486859
0.681593,-0.307915,1.035886,-0.197510,0.147179,0.083998,-0.624349
0.620135,0.225001,0.321538,0.259991,0.189467,0.169844,-0.587851
0.581027,0.700127,-0.877292,0.533349,0.048767,0.245488,-0.234800
0.587263,0.121394,-1.412050,-0.268674,-0.206912,0.106384,0.216910
0.619979,-0.711896,-1.908598,-1.471627,-0.265712,-0.138070,0.584761
0.653350,-0.490920,-2.377806,-1.458092,-0.083028,-0.169096,0.889957
0.683421,0.171252,-0.892283,-0.129360,0.082739,0.010729,0.955879
0.711889,-0.060978,1.761769,0.652736,0.146883,0.105951,0.586964
0.725682,-0.768003,2.424719,0.068750,0.217365,0.074419,0.073722
0.709683,-0.942271,1.518868,-0.575115,0.288550,0.059892,-0.259286
0.668799,-1.033681,1.459051,-0.795784,0.307058,-0.024631,-0.555569
0.623322,-1.307232,1.549000,-1.157422,0.274432,-0.200966,-0.804049
0.590994,-0.732067,0.575469,-0.912882,0.148237,-0.178647,-0.598383
0.584528,0.381340,-0.135012,0.175624,-0.061606,0.073683,-0.023206
0.610766,0.499176,0.026132,0.517633,-0.242308,0.223481,0.350995
0.657966,0.143032,-0.285075,0.082872,-0.365321,0.222273,0.483387
0.701493,0.327118,-1.096212,0.053450,-0.386822,0.242873,0.647273
0.728583,-0.120434,-0.749820,-0.291920,-0.151321,0.225808,0.556385
0.734958,-1.365771,1.318736,-1.066066,0.212438,0.149711,-0.076264
0.710280,-1.326513,3.428656,-0.491780,0.308498,0.180355,-0.734477
0.659349,-0.012834,3.276665,0.863323,0.146766,0.280351,-0.855615
0.605795,0.435600,1.150954,0.831879,0.108398,0.303351,-0.692602
0.553987,0.069939,0.134790,0.289123,0.192736,0.340584,-0.710180
0.506640,0.551997,1.212842,1.120691,0.029810,0.509415,-0.765927
0.511731,1.501931,1.311191,1.965127,-0.369255,0.683451,-0.432294
0.601149,1.124629,-1.519210,0.468363,-0.515381,0.613416,0.269491
0.713467,-0.700925,-4.683636,-2.713228,-0.201580,0.142337,0.873719
0.770343,-2.473253,-4.820814,-5.112518,0.140163,-0.632899,1.087498
0.777426,-3.108506,-1.903663,-5.362497,0.049479,-1.368305,1.013251
0.779704,-2.495591,1.835744,-3.391416,-0.413092,-1.770000,0.718029
0.781293,-1.666222,4.188433,-0.748112,-0.868276,-1.914039,0.192611
0.755552,-2.088054,3.639413,-0.297758,-1.020805,-2.149940,-0.170557
0.697185,-2.402039,1.239808,-1.726060,-0.932045,-2.516998,0.049612
0.640724,0.950405,0.481406,-0.776172,-0.987646,-2.485695,0.508619
0.607422,7.064728,1.573454,3.314808,-1.250633,-1.734160,0.666675
0.556223,10.243163,0.766781,5.801088,-1.263538,-0.771876,0.697599
0.465615,8.351043,-1.521532,4.288293,-1.055955,-0.176321,0.908860
0.393603,4.856372,-0.680823,1.712518,-1.333236,0.142703,1.078267
0.341616,2.208980,2.463505,0.641776,-2.089888,0.382187,1.055224
0.219325,-0.480133,2.711504,0.259613,-2.452670,0.377531,1.078154
0.052963,-3.582457,0.349964,-0.666682,-2.154489,0.060687,1.149819
-0.018427,-5.343350,-0.662608,-1.465711,-1.684955,-0.267081,0.997322
0.001408,-4.312384,-0.745867,-1.204713,-1.274282,-0.278960,0.688235
0.002457,-1.863090,-1.470007,-0.497213,-0.951133,-0.014502,0.522134
0.001071,-1.273215,-0.821107,-0.105862,-0.891564,0.136167,0.603792
0.052171,-3.221212,1.042642,0.284156,-0.977951,-0.051186,0.998009
0.075273,-4.301785,0.386720,0.613790,-0.703089,-0.358967,1.462024
0.017751,-2.197139,-2.589528,0.362862,0.314898,-0.496275,1.060434
0.006938,1.209194,-4.721258,0.332103,1.919635,-0.264092,-0.440948
0.142829,3.656427,-5.533649,1.481892,3.224382,0.461435,-1.548751
0.331291,4.753307,-4.138470,2.437770,3.196213,1.328779,-1.212610
0.457824,3.941659,1.031887,1.296761,1.888868,1.670443,-0.463173
0.533260,1.202762,5.891973,-0.937607,0.497409,1.429685,-0.374243
0.590603,-1.158968,4.686713,-1.862922,-0.027591,1.124879,-0.499746
0.617614,-1.448303,-0.685654,-1.477365,0.181237,0.945113,-0.275315
0.619461,-0.955798,-3.590317,-1.253563,0.416608,0.712343,0.022296
0.619940,-1.177987,-1.603577,-1.168704,0.293291,0.415325,0.098579
0.621916,-1.842991,1.580862,-0.797625,0.079098,0.161518,0.082091
0.626757,-2.178563,1.288400,-0.794686,0.175054,-0.036244,0.146942
0.640403,-1.522994,-1.949713,-0.990253,0.473433,-0.132844,0.316536
0.652689,0.278812,-3.088700,-0.232597,0.559784,-0.036892,0.473176
0.655762,1.849622,-0.386059,1.019247,0.359731,0.169656,0.442627
0.658281,1.532829,2.029733,1.183140,0.176972,0.250567,0.240043
0.663569,-0.229888,1.200417,0.238322,0.184166,0.118506,0.089063
0.666918,-1.414137,-0.521019,-0.546504,0.224634,-0.063300,0.111919
0.668775,-0.846165,-0.581958,-0.521210,0.147520,-0.112417,0.212876
0.667694,0.636111,0.110774,0.084729,0.033506,-0.011074,0.248228
0.659390,1.194765,0.470704,0.633996,0.004436,0.130993,0.172788
0.650709,0.410736,0.673367,0.535888,0.075090,0.217005,0.062450
0.651094,-0.133373,0.384161,0.156256,0.182784,0.272774,-0.011079
0.655217,0.218562,-0.314808,0.270608,0.248521,0.333853,-0.061382
0.656872,-0.002146,-0.887080,0.258559,0.346577,0.286665,-0.083955
0.661565,-1.265895,-1.422659,-0.662750,0.554470,0.095117,-0.150846
0.660999,-1.965264,-0.451765,-1.087250,0.565915,-0.008068,-0.499188
0.624100,-1.278260,2.529854,0.052456,0.194252,0.083000,-1.023015
0.545321,-0.007645,2.818807,0.916990,-0.101667,0.139766,-1.126998
0.478673,1.116280,-0.780975,0.453083,-0.148444,0.082873,-0.625840
0.488361,1.697110,-1.787455,0.306347,-0.376282,0.106462,0.027527
0.572128,1.444328,-0.196454,0.608349,-0.557879,0.189574,0.627727
0.665533,0.810107,-2.280691,-0.116016,-0.108225,0.127467,1.176454
0.721770,0.263333,-4.038488,-0.872060,0.431411,-0.037230,1.237597
0.748760,-0.702714,0.935060,-0.293874,0.272335,-0.166113,0.601246
0.764935,-1.877598,5.524442,0.156298,-0.155444,-0.287551,-0.086710
0.764176,-1.573616,2.822170,-0.304831,-0.202334,-0.356086,-0.318371
0.737439,0.314045,-1.074461,-0.150499,-0.056785,-0.220423,-0.383448
0.698237,1.545372,-0.758382,0.769252,0.019458,0.043775,-0.552387
0.671020,1.277687,0.642267,1.126621,0.125482,0.234821,-0.641172
0.665183,0.940949,0.590886,0.938411,0.216968,0.353673,-0.543596
0.673047,1.124496,0.161850,0.854539,0.153699,0.468449,-0.371817
0.689106,1.088540,-0.177851,0.673035,0.037130,0.511773,-0.121816
0.714531,0.656150,-0.754280,0.169867,-0.004562,0.432567,0.237267
0.742834,-0.037152,-1.155379,-0.467523,0.014512,0.271396,0.500512
0.759411,-1.142001,-0.836454,-1.061534,0.099442,0.060985,0.455939
0.758202,-2.026419,0.057367,-1.280139,0.197002,-0.137511,0.167773
0.744132,-1.884417,1.083097,-0.909374,0.132273,-0.241262,-0.213594
0.717181,-1.355088,1.729835,-0.439028,-0.052904,-0.270241,-0.590981
0.670965,-0.957548,1.118305,-0.245892,-0.088384,-0.258817,-0.771894
0.613504,0.147596,-0.670953,0.126986,0.044388,-0.135023,-0.598707
0.572459,1.680917,-1.747868,0.801079,0.122509,0.109599,-0.188698
0.571943,2.004361,-1.325631,1.023365,0.104829,0.318519,0.226020
0.613578,1.074353,-0.942842,0.507641,0.085938,0.364240,0.469413
0.673142,-0.028113,-0.926424,-0.204511,0.083260,0.268015,0.409087
0.710744,-1.011218,0.096730,-0.637576,0.114896,0.131323,0.111464
0.707340,-1.310718,1.573292,-0.489794,0.156899,0.068207,-0.145908
0.685486,-0.423489,1.698768,0.163501,0.092556,0.102167,-0.245544
0.664751,0.222641,0.820833,0.399930,-0.027800,0.106472,-0.303732
0.630063,-0.410987,0.207303,-0.238449,-0.022831,0.008576,-0.323146
0.579452,-0.618195,-0.247930,-0.594913,0.028143,-0.055530,-0.188322
0.548019,0.560864,-0.597771,0.085512,-0.071878,-0.000318,0.054320
0.555052,1.128761,-0.353627,0.581140,-0.198337,0.025877,0.286088
0.585343,0.220796,-0.234776,0.031317,-0.123247,-0.055284,0.490433
0.626267,-0.202147,-1.042315,-0.435151,0.076740,-0.081231,0.588083
0.667599,0.399178,-1.395100,-0.015167,0.222755,0.017447,0.419908
0.686199,0.180642,0.344529,0.427531,0.288795,0.088922,0.017924
0.676872,-0.896726,2.678650,0.331477,0.321378,0.093403,-0.408491
0.648800,-0.883242,2.373865,0.221889,0.413750,0.128113,-0.726461
0.558052,-0.085599,-0.097876,0.115315,0.502822,0.083212,-0.909684
0.351590,-0.585445,-0.401548,-0.605713,0.203299,-0.241397,-0.902443
0.126970,-1.694153,1.768015,-1.422746,-0.508499,-0.709772,-0.639031
0.080479,-1.145920,1.646655,-0.968764,-0.955639,-0.983062,-0.264748
0.233595,-0.085692,-0.995170,0.282873,-0.787793,-0.963556,-0.081309
0.410431,-0.864051,-2.152676,0.285923,-0.380512,-0.777859,-0.056982
0.509683,-1.574274,-2.492515,-0.703070,0.014842,-0.479469,0.112305
0.578115,0.614589,-3.368385,-0.245076,0.369705,-0.043208,0.312330
0.643174,3.462830,-1.713327,1.467152,0.488666,0.388671,0.220922
0.678434,3.539740,1.583664,1.812097,0.360195,0.568881,0.043630
0.689177,2.304976,1.787528,0.912022,0.228218,0.558827,0.046231
0.698172,2.097833,0.580840,0.862584,0.152623,0.612446,-0.028268
0.693763,1.055399,1.240472,0.919053,0.115439,0.605863,-0.265456
0.658203,-1.804508,0.800422,-0.442981,0.179121,0.305424,-0.299363
0.608043,-2.794773,-1.529286,-1.348421,0.230747,-0.005490,-0.084411
0.571980,-0.457439,-1.434599,-0.145982,0.109022,-0.007169,0.125407
0.558300,1.278976,0.292737,0.885691,-0.044194,0.067862,0.360290
0.564633,0.473130,-0.436418,0.068112,-0.017094,-0.001667,0.616144
0.590129,-0.390454,-1.395993,-0.600315,0.105220,-0.044734,0.598604
0.625634,-0.257738,0.312230,-0.055047,0.178243,-0.018671,0.323642
0.653213,-0.396117,1.021998,0.001824,0.280979,-0.079135,0.129366
0.655102,-0.849811,-0.637178,-0.610832,0.409243,-0.163470,-0.045903
0.621387,-1.098304,0.205033,-0.450727,0.349352,-0.161642,-0.456675
0.562540,-1.012656,3.171125,0.120514,0.129975,-0.128555,-0.777321
0.512529,0.379714,2.158136,0.472990,0.000247,-0.015680,-0.500664
0.514282,2.569305,-1.938914,1.090595,-0.037883,0.222512,0.150217
0.585755,2.410598,-3.065253,1.000282,-0.080216,0.340611,0.513489
0.682727,-0.472325,-0.896342,-0.631399,-0.081705,0.158244,0.384924
0.734101,-2.642114,1.227962,-1.780636,-0.116118,-0.171471,0.081451
0.730468,-2.779455,1.871198,-1.380733,-0.264025,-0.462545,-0.110996
0.714566,-2.317862,0.686319,-1.114501,-0.310270,-0.648901,-0.217463
0.698416,-2.224862,-1.078248,-1.549184,-0.128798,-0.772477,-0.358774
0.673314,-2.750988,-1.272153,-1.798196,0.045951,-0.924870,-0.450020
0.653131,-2.485650,-0.468083,-1.444101,0.057646,-0.963545,-0.334642
0.632594,0.396467,-0.309958,-0.167386,0.024412,-0.691204,-0.101291
0.581410,3.755869,-0.506760,1.483703,0.023161,-0.311831,0.028029
0.507048,4.750104,-0.158733,2.197446,-0.040526,-0.005927,-0.019425
0.424279,4.372139,0.970483,2.103438,-0.205645,0.377484,-0.165529
0.310571,2.512625,1.449202,1.354534,-0.261425,0.632734,-0.293934
0.191735,-1.981776,-0.577466,-0.782199,-0.011590,0.379562,-0.330985
0.165992,-4.676917,-2.627803,-2.424736,0.302693,0.044750,-0.249764
0.274602,-1.728559,-1.216228,-1.004991,0.316539,0.230646,0.021059
0.451109,1.899298,0.652748,1.151287,0.174255,0.577153,0.481498
0.602932,1.163695,-0.422629,0.600173,0.218129,0.503062,0.827434
0.681031,-1.254044,-1.325817,-1.193349,0.341297,0.186941,0.712018
0.702613,-1.789951,-0.263000,-1.546180,0.302758,0.002782,0.252839
0.712464,-1.088351,0.224018,-0.870335,0.201530,-0.060026,-0.154093
0.705873,-0.645332,0.554605,-0.233030,0.142464,-0.089983,-0.428123
0.649317,-0.554698,1.605915,0.215353,0.051036,-0.087439,-0.667947
0.572189,-0.156264,0.372356,0.232797,-0.003103,-0.071523,-0.674925
0.542418,0.981272,-2.596381,0.188536,0.063474,-0.008496,-0.284376
0.568498,2.098094,-2.661977,0.833716,0.101441,0.137611,0.165492
0.610686,1.894145,-0.517626,1.343853,0.073365,0.243337,0.267628
0.647551,0.430639,0.140147,0.542634,0.137192,0.193362,0.078944
0.669186,-0.660621,-0.004939,-0.517668,0.241548,0.096047,-0.101785
0.664363,-0.376622,0.472488,-0.308626,0.232884,0.091356,-0.203983
0.645481,0.078118,0.587363,0.304789,0.204981,0.109424,-0.401391
0.625781,-0.447632,0.267765,-0.067451,0.258605,0.043777,-0.651594
0.586911,-0.577944,0.016638,-0.514359,0.250537,-0.017173,-0.596516
0.527622,0.675654,-0.542068,0.127349,0.083305,0.015870,-0.206363
0.495182,1.399414,-0.883874,0.770381,-0.107194,0.037793,0.121429
0.518884,0.803812,-0.666947,0.488477,-0.174150,-0.004119,0.322535
0.567922,0.695985,-1.123592,0.197361,-0.092684,-0.010609,0.584084
0.602074,0.766861,-1.848988,0.068570,0.092824,-0.007693,0.654026
0.615032,-0.483773,-0.792476,-0.437903,0.262638,-0.072964,0.293015
0.611224,-1.265133,1.278441,-0.350859,0.288577,-0.094346,-0.141112
0.576469,-0.403891,1.931275,0.445074,0.196852,-0.042273,-0.366612
0.502592,-0.357717,1.354389,0.093972,0.116420,-0.088812,-0.533338
0.424584,-1.030612,0.716798,-0.805755,0.076160,-0.173746,-0.560930
0.391680,0.506793,-0.244404,0.176514,0.004999,-0.051050,-0.199082
0.412977,2.661894,-1.193724,1.743445,-0.090682,0.183156,0.287246
0.464630,1.753566,-1.072174,1.090396,-0.090142,0.240372,0.429571
0.521587,-0.620817,-0.272614,-0.539008,0.050986,0.148041,0.245957
0.560720,-1.088035,0.345652,-0.678559,0.192189,0.113553,0.030231
0.568725,-0.323898,0.670005,-0.007414,0.202226,0.171695,-0.095631
0.556525,-0.065496,0.623589,0.162203,0.117573,0.239529,-0.165673
0.545273,0.014491,0.728563,0.329941,-0.000466,0.269079,-0.244158
0.543287,0.409068,1.348017,0.848246,-0.140907,0.294702,-0.252969
0.548527,1.137119,0.485570,1.121468,-0.218830,0.388484,0.072627
0.567808,1.990127,-2.600502,0.838249,-0.152300,0.468701,0.674168
0.612913,1.502222,-3.695560,-0.010340,-0.020887,0.344535,0.951421
0.667071,-0.801278,-0.607358,-1.036737,0.073529,0.074165,0.590959
0.687721,-2.194923,1.998601,-1.181134,0.129007,-0.101583,0.020491
0.663361,-1.358311,1.568795,-0.423802,0.142521,-0.170911,-0.411462
0.620667,-0.847633,1.640051,-0.147343,0.126014,-0.244675,-0.856326
0.562811,-1.365273,2.595711,-0.410285,0.155508,-0.261416,-1.252611
0.472831,-0.498061,0.950241,0.068976,0.212106,-0.161895,-1.192244
0.380629,1.589440,-1.550675,1.181408,0.117272,0.010430,-0.703509
0.347109,2.440030,-0.678242,1.851698,-0.229148,0.251049,-0.209553
0.391991,1.778752,1.064553,1.573328,-0.601945,0.427832,0.244787
0.485750,0.525274,-0.933530,-0.014093,-0.623409,0.277009,0.770718
0.578741,-1.085334,-3.860176,-2.155529,-0.287499,-0.104676,0.989488
0.627425,-2.062596,-2.443115,-2.480455,-0.001843,-0.317524,0.545335
0.625939,-1.712911,1.419812,-0.767146,0.053582,-0.318757,-0.252933
0.595495,-1.411863,2.662751,0.078729,0.118373,-0.333235,-0.872209
0.548066,-1.134629,1.134531,-0.375064,0.273228,-0.231831,-0.994172
0.502436,1.181049,-0.521757,0.688067,0.267852,0.204769,-0.540812
0.499574,3.555145,-1.038029,2.560303,0.032500,0.654487,0.142697
0.556389,2.130309,-0.362605,1.782830,-0.198125,0.700195,0.619772
0.641331,-0.408997,0.056217,-0.322180,-0.307381,0.515884,0.976657
0.712936,-0.379877,-0.834895,-0.718376,-0.318729,0.376225,1.309941
0.749560,-1.122519,-0.656996,-1.154629,-0.124877,0.142816,1.161860
0.751807,-3.954736,1.768602,-2.591603,0.230541,-0.183817,0.335713
0.739614,-3.853340,2.775451,-2.096753,0.349708,-0.303958,-0.640710
0.714469,-1.054580,1.179171,-0.285490,0.127825,-0.273563,-1.338675
0.629270,-0.554578,0.396310,-0.376191,0.022448,-0.362402,-1.677277
0.471408,-0.875052,0.171966,-0.848008,0.209528,-0.401182,-1.477679
0.346710,1.557178,-1.592335,0.985390,0.206938,-0.089568,-0.765813
0.368020,3.983226,-2.106977,3.201137,-0.242581,0.377345,-0.019625
0.501470,2.887652,-0.493690,2.552847,-0.645404,0.515056,0.461545
0.626713,-0.481045,-0.844733,-0.965063,-0.551302,0.155818,0.718937
0.687477,-3.160075,-2.371188,-3.938071,-0.196613,-0.384657,0.667549
0.702412,-3.462131,-1.024014,-3.285113,0.052965,-0.695321,0.244757
0.693347,-1.742661,1.195091,-0.437273,0.200428,-0.649130,-0.290750
0.667991,0.331417,1.336914,1.203532,0.277727,-0.335856,-0.665299
0.638904,1.923183,1.101349,1.537745,0.207772,0.106039,-0.760758
0.620596,2.839957,0.875424,2.001799,0.091510,0.477537,-0.483854
0.617727,2.267442,-0.994445,1.828486,0.098108,0.596900,0.063920
0.629279,0.259048,-2.911266,0.167733,0.181600,0.463821,0.468372
0.652865,-1.386329,-2.144838,-1.377622,0.197392,0.247028,0.408933
0.678442,-1.364168,0.526747,-1.112959,0.128822,0.128356,0.064173
0.690276,-0.301237,1.982030,0.141100,0.086773,0.156518,-0.141900
0.676399,0.311580,0.927705,0.532561,0.125391,0.215273,-0.169258
0.630714,-0.254314,-0.390507,-0.200645,0.134520,0.174529,-0.321468
0.557351,-0.903563,-0.155658,-0.765004,0.045632,0.085843,-0.543312
0.479139,0.009064,-0.069578,-0.136102,-0.071420,0.112154,-0.468811
0.437467,1.582828,-0.665085,1.078311,-0.260148,0.235440,-0.125778
0.475735,1.528081,0.000312,1.288796,-0.553698,0.275813,0.258629
0.593097,0.569032,-0.011370,0.268148,-0.668914,0.184747,0.779843
0.717164,0.443904,-3.378535,-0.866339,-0.483672,-0.032532,1.413549
0.777730,-0.229832,-5.137474,-1.842910,-0.344443,-0.426940,1.779242
0.788455,-1.819232,-1.068782,-2.378252,-0.294152,-0.821804,1.752043
0.790487,-1.764142,2.580390,-1.523646,-0.049630,-1.020520,1.438092
0.774401,-0.984661,1.862887,-0.262422,-0.026018,-1.187516,0.728846
0.731087,-1.820178,3.521873,0.188151,-0.665551,-1.217049,-0.267019
0.700454,-1.732877,8.097819,1.048527,-1.047206,-0.695608,-0.994031
0.706543,-0.693174,6.190177,1.418973,-0.366106,-0.128892,-1.230826
0.720175,-3.294215,-0.596443,-1.215808,0.345028,-0.326641,-1.247930
0.720671,-5.641324,-1.966726,-3.439700,0.199151,-0.665883,-1.089637
0.721281,-0.508874,-0.156118,-1.091070,0.054699,-0.300206,-0.639025
0.719894,5.428810,-1.552154,1.782329,0.388287,0.143363,-0.151669
0.697569,3.958420,-1.492578,1.566303,0.344019,0.149777,0.073030
0.666817,2.216124,2.190870,2.059725,-0.162910,0.344237,0.149432
0.653183,5.147641,2.710900,3.911408,-0.203830,0.729834,0.276000
0.648934,4.028358,-0.632061,1.958464,0.270005,0.524742,0.390827
0.644541,-2.703776,-2.166616,-2.735554,0.540680,-0.076566,0.341137
0.654465,-4.496928,-0.973939,-3.330893,0.493034,-0.224510,0.121881
0.667970,0.090981,0.709935,0.313950,0.441465,0.094135,-0.142964
0.651381,1.960160,1.962051,2.065654,0.425243,0.298979,-0.446058
0.605517,-1.091095,2.228619,0.030185,0.372833,0.153573,-0.845265
0.540014,-3.048721,1.296401,-1.965438,0.324455,-0.132522,-1.048464
0.447418,-0.974902,-0.225585,-1.083153,0.219975,-0.231146,-0.749543
0.369570,2.070539,-0.827003,1.262838,-0.095571,-0.050638,-0.272944
0.383192,2.836501,0.084557,2.259055,-0.439319,0.186282,0.115223
0.485102,1.688180,0.095464,1.290316,-0.347215,0.286370,0.697617
0.594980,-0.031549,-1.010736,-0.341098,0.118806,0.257386,1.151591
0.656406,-1.951451,0.925268,-1.360520,0.357613,0.176496,0.658150
0.668763,-2.556527,4.634989,-1.007392,0.263925,0.127299,-0.331498
0.658244,-1.016997,3.864024,0.182537,0.227221,0.095981,-0.696307
0.639469,-0.055937,0.930091,0.456039,0.165477,-0.047335,-0.646429
0.597946,-0.986133,2.394266,-0.301231,-0.204822,-0.264597,-0.866837
0.535809,-0.928926,4.292306,-0.356358,-0.535789,-0.341523,-0.911023
0.500437,0.844110,0.431106,0.387220,-0.402219,-0.253217,-0.331461
0.520186,1.471626,-3.961691,0.542710,-0.042184,-0.130994,0.261379
0.564453,0.813694,-3.074353,0.371762,0.193856,0.044372,0.413036
0.598467,1.188791,-1.058021,0.956365,0.348062,0.313836,0.421212
0.621069,1.831559,-1.300838,1.450376,0.470932,0.504047,0.403571
0.638390,0.587597,-0.810718,0.468624,0.471043,0.449033,0.165993
0.649028,-1.356006,1.089829,-1.048499,0.399546,0.248363,-0.213028
0.651855,-1.717189,1.740448,-1.313388,0.368274,0.093706,-0.497453
0.632570,-0.897306,1.022507,-0.639478,0.304996,0.016674,-0.581208
0.570263,-0.288708,0.443710,-0.313277,0.093116,-0.060308,-0.430057
0.494767,0.032717,0.073085,-0.290941,-0.175886,-0.144120,-0.074561
0.480767,0.565958,-0.868084,0.040610,-0.276424,-0.138850,0.398968
0.544031,1.164515,-2.141790,0.462359,-0.147679,-0.004179,0.840099
0.618308,0.816359,-1.813800,0.297144,0.042272,0.123882,0.944684
0.657619,-0.713554,0.688178,-0.399845,0.170777,0.128141,0.565576
0.678270,-1.506924,2.331943,-0.553365,0.267150,0.122765,0.051399
0.698416,-0.619908,1.536127,0.124680,0.314486,0.207590,-0.253776
0.703933,-0.236109,1.140467,0.257976,0.254651,0.230025,-0.508063
0.671511,-1.145331,2.041188,-0.523794,0.164986,0.094115,-0.842986
0.604628,-1.036135,1.294099,-0.729244,0.141041,-0.017036,-0.910732
0.549444,0.378082,-0.953713,-0.043046,0.112083,0.039134,-0.453972
0.553460,1.014146,-1.720744,0.401461,-0.008879,0.167968,0.209285
0.607211,0.780149,-1.356881,0.405314,-0.130607,0.244601,0.582658
0.662388,0.489334,-1.118013,0.241825,-0.105297,0.235216,0.498153
0.695627,-0.284299,0.197920,-0.219475,0.039947,0.157343,0.141001
0.712827,-1.098098,2.015480,-0.530767,0.136702,0.071954,-0.203128
0.711024,-0.935074,1.975391,-0.287011,0.115067,0.030888,-0.378923
0.684581,-0.342890,0.664029,-0.028987,0.047561,0.034496,-0.366451
0.655158,0.109895,-0.193478,0.086493,-0.024605,0.071141,-0.179600
0.651082,0.570981,-0.792795,0.279550,-0.097036,0.100473,0.068541
0.667762,0.420387,-1.161338,0.027374,-0.095741,0.072634,0.161064
0.683235,-0.391631,-0.651580,-0.539701,0.004930,0.041210,0.049862
0.691945,-0.561475,0.188817,-0.314883,0.084143,0.093019,-0.083751
0.691398,-0.064437,0.545987,0.360198,0.083936,0.178172,-0.173549
0.666792,-0.094993,0.623846,0.244475,0.105808,0.167801,-0.321542
0.619299,-0.612743,0.498667,-0.497215,0.151697,-0.000891,-0.428842
0.577909,-0.978769,-0.167822,-1.284871,0.049674,-0.292540,-0.232295
0.566088,-1.106911,-0.976598,-1.936737,-0.233429,-0.603937,0.227117
0.584075,-0.917556,-1.150392,-1.769619,-0.509941,-0.848728,0.595330
0.619902,-0.804663,-0.437798,-0.846447,-0.676945,-0.999433,0.678324
0.655145,-1.440679,0.838344,-0.539269,-0.774489,-1.037331,0.599876
0.675947,-2.134502,1.427806,-1.030076,-0.748013,-0.979273,0.500481
0.686096,-1.734747,0.272266,-1.075177,-0.519005,-0.878413,0.340111
0.692778,-0.495333,-1.217344,-0.358770,-0.226741,-0.710115,0.075126
0.693634,0.887837,-1.127843,0.475772,-0.066367,-0.456608,-0.153462
0.687068,2.425096,-0.507830,1.264121,-0.009217,-0.224837,-0.183010
0.671721,3.944856,-0.933677,2.121457,0.057735,-0.006989,-0.085974
0.643449,4.376838,-1.073428,2.518306,0.076743,0.361202,-0.093170
0.604309,2.682743,0.460974,1.656714,-0.047390,0.733066,-0.303368
0.550924,-0.652240,1.773724,-0.386500,-0.140052,0.672989,-0.561258
0.475865,-3.412073,0.458261,-2.344614,0.097767,0.222906,-0.601915
0.413193,-3.209310,-2.423044,-2.322435,0.543679,0.024391,-0.321028
0.427626,-0.132253,-3.426625,0.246339,0.682058,0.359243,0.054924
0.522893,2.131717,-0.987323,2.426074,0.383537,0.695635,0.157789
0.620780,0.606907,2.307952,0.960318,0.104587,0.552171,-0.047891
0.657108,-2.162261,2.539172,-2.090427,0.114941,0.157849,-0.207903
0.643217,-2.384345,0.209409,-2.535589,0.176894,-0.126625,-0.226133
0.609697,-1.252128,-0.325623,-1.194138,0.127737,-0.309399,-0.443357
0.554115,-0.941569,1.203040,-0.813977,0.114815,-0.348122,-0.769460
0.487840,0.255494,0.809329,0.112339,0.152095,-0.017693,-0.539199
0.462731,2.967936,-1.130201,2.960061,0.021949,0.519095,0.275901
0.498872,3.558883,-1.173198,3.858465,-0.290632,0.717347,0.881324
0.557564,0.461437,-0.199434,0.248481,-0.512175,0.416187,0.946817
0.608965,-2.654904,0.460074,-3.348495,-0.502784,0.023258,0.792566
0.649066,-2.881369,2.515998,-2.687142,-0.397360,-0.147236,0.494396
0.662482,-1.830612,4.213149,-0.547654,-0.283690,-0.195152,-0.011237
0.641217,-1.558867,2.137016,-0.448025,-0.091084,-0.239780,-0.484763
0.611018,-1.173536,-0.984153,-0.765665,0.198948,-0.197744,-0.730683
0.596379,0.407017,-1.922774,0.232258,0.500874,-0.029242,-0.726524
0.596448,1.850665,-2.616123,1.011426,0.705317,0.171474,-0.456085
0.605300,1.847448,-2.935322,1.053120,0.719633,0.338063,-0.166662
0.618925,1.066753,-0.350910,1.374151,0.561892,0.427546,-0.196496
0.631735,0.306410,2.198868,1.154139,0.358769,0.372746,-0.333556
0.641924,-0.371322,0.972988,-0.262315,0.211070,0.208799,-0.206969
0.634183,-0.790501,-0.926916,-1.241547,0.150696,0.044269,-0.083276
0.577322,-0.959934,-0.339656,-1.171519,0.095466,-0.131037,-0.270735
0.481208,-0.805529,0.073440,-0.991087,-0.125588,-0.332834,-0.302908
0.412807,0.364722,-1.533432,-0.251582,-0.450382,-0.392264,0.233437
0.419852,2.008547,-2.680734,1.248053,-0.528906,-0.220175,0.812398
0.483666,2.009393,-1.898416,1.526828,-0.250536,-0.031342,0.821841
0.556487,0.187229,-0.480803,0.109957,0.058829,0.015638,0.425890
0.607749,-1.068470,0.792727,-0.614050,0.126474,0.046446,-0.005268
0.635350,-0.713663,1.913255,0.172679,0.049919,0.130778,-0.380849
0.650034,0.011223,2.194601,0.811420,0.062866,0.183211,-0.633990
0.655472,0.252157,1.588228,0.738866,0.202759,0.209466,-0.773140
0.647778,0.066259,0.871330,0.390449,0.319973,0.205451,-0.881191
0.627472,-0.280263,-0.561431,-0.465524,0.364147,0.086554,-0.728120
0.604651,-0.219570,-2.541902,-1.161190,0.364553,-0.044133,-0.184445
0.592668,0.118662,-1.756051,-0.572083,0.173382,-0.030398,0.247639
0.596012,-0.009015,1.791597,0.269987,-0.252688,0.017007,0.305521
0.607965,-0.144574,2.183762,0.021702,-0.506013,-0.049648,0.450645
0.620515,0.079846,-1.599806,-0.652417,-0.264004,-0.186585,0.731478
0.631493,-0.349092,-2.707261,-0.876633,0.172236,-0.281379,0.585669
0.642434,-0.869143,0.809688,-0.274738,0.346708,-0.215386,0.056271
0.644565,0.027808,2.944507,1.018396,0.251304,-0.027992,-0.287349
0.612020,0.610961,1.329164,1.051637,0.170328,-0.007018,-0.366260
0.538772,-0.652690,-0.431842,-0.830219,0.201429,-0.193842,-0.350488
0.475721,-0.727891,-0.935437,-1.168598,0.152401,-0.194039,-0.122130
0.482329,1.713540,-1.443106,1.384822,-0.066645,0.121349,0.257612
0.547587,2.576369,-1.368968,2.606539,-0.210515,0.375771,0.385114
0.609799,0.364696,-0.251866,0.588594,-0.100291,0.361833,0.176709
0.641787,-1.077845,0.216234,-1.020130,0.113239,0.279454,-0.043651
0.661387,-0.356332,-0.131341,-0.428680,0.292484,0.286952,-0.160456
0.666314,0.048416,0.444672,0.125483,0.445347,0.328447,-0.340797
0.622031,-0.269743,1.457321,-0.074773,0.519593,0.337586,-0.594515
0.531431,0.077846,1.314619,0.284125,0.479833,0.346290,-0.757555
0.460285,0.412381,0.759150,0.658013,0.364882,0.392230,-0.759458
0.459447,-0.331938,0.642288,-0.490266,0.124544,0.353421,-0.632900
0.507100,-1.433637,0.185264,-2.554945,-0.199962,0.006550,-0.457021
0.555880,-2.492410,-0.699591,-4.041809,-0.287718,-0.662221,-0.316764
