pressure,accel_x,accel_y,accel_z,gyro_x,gyro_y,gyro_z,accel_jx,accel_jy,accel_jz,accel_power,gyro_energy
0.803811,-0.138651,-0.085957,-0.409539,0.070647,-0.111346,0.212327,0.000000,0.000000,0.000000,0.440834,0.062472
0.821539,-0.248708,-0.070932,-0.442857,-0.013364,0.008920,0.169497,-0.110057,0.015025,-0.033318,0.512844,0.028987
0.833440,-0.279189,-0.060161,0.393984,-0.292747,-0.057993,0.005710,-0.030481,0.010771,0.836841,0.486610,0.089097
0.840546,-0.931894,0.304148,1.938294,-0.593940,-0.204229,-0.152277,-0.652705,0.364309,1.544310,2.172076,0.417662
0.842617,-0.210985,0.548672,1.728759,-0.567103,-0.189450,-0.093185,0.720909,0.244524,-0.209535,1.825969,0.366181
0.841240,1.339230,0.230626,-0.500508,-0.239741,-0.088960,0.081246,1.550215,-0.318046,-2.229267,1.448183,0.071991
0.841922,0.861211,-0.248232,-2.195429,0.078278,0.017794,0.173069,-0.478019,-0.478858,-1.694921,2.371331,0.036397
0.845842,-0.397938,-0.555776,-2.455487,0.167811,0.196713,0.158581,-1.259149,-0.307544,-0.260058,2.548854,0.092004
0.850565,-0.324306,-0.721256,-1.698327,-0.051706,0.334237,0.038313,0.073632,-0.165480,0.757160,1.873419,0.115856
0.856666,-0.450780,-0.325745,0.380851,-0.456567,0.232056,-0.156945,-0.126474,0.395511,2.079178,0.674062,0.286935
0.863886,-0.849801,0.890024,2.869113,-0.700669,-0.102585,-0.249550,-0.399021,1.215769,2.488262,3.121877,0.563736
0.868328,0.558076,1.879975,3.399207,-0.514662,-0.430593,-0.124743,1.407877,0.989951,0.530094,3.924330,0.465848
0.868813,2.314445,1.380305,0.781627,0.041658,-0.365522,0.064321,1.756369,-0.499670,-2.617580,2.805858,0.139479
0.867619,1.508498,-0.418541,-3.579848,0.581689,0.181855,0.066677,-0.805947,-1.798846,-4.361475,3.907180,0.375879
0.865240,-0.956306,-2.219352,-5.851667,0.670354,0.670820,-0.136779,-2.464804,-1.800811,-2.271819,6.331039,0.918082
0.861486,-2.232183,-2.731844,-3.363788,0.322736,0.620817,-0.296196,-1.275877,-0.512492,2.487879,4.874493,0.577304
0.858348,-1.468310,-1.523497,1.071108,0.002224,0.257346,-0.249315,0.763873,1.208347,4.434896,2.371550,0.128390
0.857476,0.056554,0.352511,2.672026,-0.043246,0.000865,-0.101225,1.524864,1.876008,1.600918,2.695772,0.012117
0.858339,1.123520,1.467225,1.272070,-0.005216,-0.069489,0.041021,1.066966,1.114714,-1.399956,2.243481,0.006539
0.859738,1.721760,1.707539,-0.158616,-0.046104,-0.051595,0.182490,0.598240,0.240314,-1.430686,2.430084,0.038090
0.860758,1.794664,1.527780,-0.349127,-0.094136,-0.046151,0.262064,0.072904,-0.179759,-0.190511,2.382608,0.079669
0.861268,0.760731,0.748396,0.092603,-0.070301,-0.069154,0.201412,-1.033933,-0.779384,0.441730,1.071160,0.050291
0.862061,-0.820559,-0.542743,0.142528,-0.012002,0.018724,0.069773,-1.581290,-1.291139,0.049925,0.994083,0.005363
0.863601,-1.422657,-1.388453,-0.653738,-0.026453,0.241561,-0.023975,-0.602098,-0.845710,-0.796266,2.092637,0.059626
0.865745,-0.817021,-1.088633,-1.026594,-0.171410,0.372002,-0.066509,0.605636,0.299820,-0.372856,1.704858,0.172190
0.868433,-0.134545,-0.019200,0.286791,-0.319672,0.324561,-0.074798,0.682476,1.069433,1.313385,0.317364,0.213125
0.870991,0.231749,0.845594,1.662306,-0.281144,0.250799,-0.039469,0.366294,0.864794,1.375515,1.879361,0.143500
0.872127,0.794958,0.914913,0.953125,-0.075433,0.143619,0.038868,0.563209,0.069319,-0.709181,1.541905,0.027827
0.871590,1.055233,0.410310,-0.546266,0.153648,-0.077976,0.132758,0.260275,-0.504603,-1.499391,1.257091,0.047313
0.870664,0.069678,-0.223286,-0.746696,0.327975,-0.201124,0.210606,-0.985555,-0.633596,-0.200430,0.782475,0.192373
0.871774,-0.984944,-0.754816,-0.553095,0.261805,-0.037671,0.229424,-1.054622,-0.531530,0.193601,1.358593,0.122596
0.877285,-0.535746,-0.839645,-0.615014,-0.190922,0.208230,0.092511,0.449198,-0.084829,-0.061919,1.170585,0.088369
0.886143,-0.036719,-0.499159,0.420818,-0.570171,0.357161,-0.236722,0.499027,0.340486,1.035832,0.653908,0.508696
0.893078,-0.887183,-0.636112,0.936040,-0.289192,0.505336,-0.508887,-0.850464,-0.136953,0.515222,1.438021,0.597962
0.894454,-0.793301,-1.283767,-1.774478,0.269837,0.603602,-0.406138,0.093882,-0.647655,-2.710518,2.329411,0.602095
0.893044,1.287615,-0.923865,-3.833006,0.300032,0.453182,-0.062118,2.080916,0.359902,-2.058528,4.147700,0.299252
0.892314,1.823006,0.545025,-0.686561,-0.071236,0.176441,0.139189,0.535391,1.468890,3.146445,2.022812,0.055580
0.888672,-0.356979,1.204178,2.559573,-0.133093,0.057513,0.189905,-2.179985,0.659153,3.246134,2.851121,0.057085
0.878021,-1.350445,0.598083,-0.116250,0.207695,0.021738,0.253557,-0.993466,-0.606095,-2.675823,1.481526,0.107901
0.865531,-0.124505,0.168259,-3.593218,0.460135,-0.202077,0.206870,1.225940,-0.429824,-3.476968,3.599309,0.295355
0.856812,0.058692,0.491132,-0.865608,0.335876,-0.536952,-0.009555,0.183197,0.322873,2.727610,0.996962,0.401221
0.848660,-0.995255,0.904945,4.239213,0.023483,-0.610530,-0.152881,-1.053947,0.413813,5.104821,4.447514,0.396671
0.840005,-0.819138,0.749591,4.234090,-0.161086,-0.352464,-0.135426,0.176117,-0.155354,-0.005123,4.377258,0.168520
0.835566,0.143371,0.070344,0.264144,-0.185564,-0.145575,-0.111332,0.962509,-0.679247,-3.969946,0.308667,0.068021
0.832172,0.324504,-0.190104,-1.407239,-0.201465,-0.213482,-0.099953,0.181133,-0.260448,-1.671383,1.456628,0.096153
0.822286,0.377480,0.413717,0.051361,-0.182584,-0.277099,-0.023842,0.052976,0.603821,1.458600,0.562397,0.110689
0.810498,0.958653,0.777771,0.526409,-0.031615,-0.096386,0.066032,0.581173,0.364054,0.475048,1.342032,0.014650
0.806970,1.054948,0.140176,-0.813140,0.126140,0.106525,0.098681,0.096295,-0.637595,-1.339549,1.339314,0.036997
0.811860,0.031952,-0.640898,-0.964359,0.149730,0.101437,0.107838,-1.022996,-0.781074,-0.151219,1.158343,0.044338
0.820674,-1.033380,-0.798736,0.322121,0.132024,0.077416,0.140042,-1.065332,-0.157838,1.286480,1.345219,0.043035
0.832753,-0.769342,-0.543365,0.481692,0.117702,0.237500,0.164886,0.264038,0.255371,0.159571,1.057904,0.097447
0.845038,0.418356,-0.051995,-0.123059,-0.034508,0.385137,0.109347,1.187698,0.491370,-0.604751,0.439168,0.161478
0.851405,0.686216,0.535766,0.642165,-0.256036,0.310850,-0.014158,0.267860,0.587761,0.765224,1.081810,0.162383
0.852623,-0.295628,0.686728,1.640522,-0.265352,0.151075,-0.071423,-0.981844,0.150962,0.998357,1.802860,0.098337
0.854329,-0.822081,0.264732,0.947406,-0.086802,0.051753,-0.006905,-0.526453,-0.421996,-0.693116,1.281982,0.010261
0.857316,-0.489981,-0.204110,-0.142735,0.005890,0.005559,0.055087,0.332100,-0.468842,-1.090141,0.549650,0.003100
0.860380,-0.479738,-0.408192,-0.302436,-0.041428,0.078757,0.025061,0.010243,-0.204082,-0.159701,0.698739,0.008547
0.865311,-0.483373,-0.323827,-0.334196,-0.149822,0.202338,-0.043591,-0.003635,0.084365,-0.031760,0.670970,0.065287
0.871688,0.220695,0.182076,-0.115902,-0.288303,0.074462,-0.093905,0.704068,0.505903,0.218294,0.308693,0.097481
0.875676,0.558514,0.772966,0.748401,-0.282934,-0.218296,-0.104764,0.337819,0.590890,0.864303,1.212237,0.138680
0.876488,0.099740,0.536778,0.281782,-0.003081,-0.210470,-0.064110,-0.458774,-0.236188,-0.466619,0.614394,0.048417
0.876106,-0.132788,-0.559058,-2.052013,0.261334,0.062334,-0.035033,-0.232528,-1.095836,-2.333795,2.130947,0.073408
0.874646,-0.416545,-1.244438,-2.782640,0.193339,0.131796,-0.096982,-0.283757,-0.685380,-0.730627,3.076560,0.064156
0.872146,-1.316979,-0.814994,-0.557134,-0.042329,-0.028953,-0.170651,-0.900434,0.429444,2.225506,1.645918,0.031752
0.870799,-1.391483,-0.017740,1.168143,-0.160258,-0.085521,-0.098448,-0.074504,0.797254,1.725277,1.816892,0.042688
0.871669,0.170832,0.439116,0.763248,-0.181827,0.009706,0.084162,1.562315,0.456856,-0.404895,0.896969,0.040239
0.873512,1.471686,0.578965,0.469023,-0.162639,0.090028,0.180538,1.300854,0.139849,-0.294225,1.649558,0.067150
0.875955,1.003186,0.367258,0.587199,-0.004019,0.136593,0.137098,-0.468500,-0.211707,0.118176,1.219042,0.037470
0.879158,-0.132536,-0.145933,-0.636005,0.223450,0.197066,0.056895,-1.135722,-0.513191,-1.223204,0.665856,0.092002
0.881215,-0.522272,-0.459548,-1.881014,0.249131,0.187109,-0.057809,-0.389736,-0.313615,-1.245009,2.005534,0.100418
0.880834,-0.506103,-0.320426,-0.730229,0.037511,-0.010978,-0.253315,0.016169,0.139122,1.150785,0.944483,0.065696
0.879847,-0.717686,0.173648,1.295348,-0.171530,-0.310644,-0.377450,-0.211583,0.494074,2.025577,1.491024,0.268391
0.878656,-0.434395,0.972773,1.576276,-0.261072,-0.461706,-0.249484,0.283291,0.799125,0.280928,1.902533,0.343573
0.874887,0.804646,1.551532,0.828643,-0.265432,-0.368472,0.007958,1.239041,0.578759,-0.747633,1.934259,0.206289
0.870110,1.503091,1.078386,0.409379,-0.141324,-0.143732,0.139008,0.698445,-0.473146,-0.419264,1.894674,0.059955
0.869419,0.532645,-0.232077,-0.317727,0.086330,0.133083,0.104645,-0.970446,-1.310463,-0.727106,0.662209,0.036115
0.872555,-0.790344,-1.274569,-1.256191,0.182783,0.408806,0.000043,-1.322989,-1.042492,-0.938464,1.956319,0.200532
0.874749,-1.182754,-1.480812,-0.973267,0.030532,0.538155,-0.127510,-0.392410,-0.206243,0.282924,2.130483,0.306802
0.875475,-1.012521,-0.937069,0.268375,-0.190316,0.451523,-0.187965,0.170233,0.543743,1.241642,1.405462,0.275424
0.877516,-0.402922,0.161666,1.026594,-0.309325,0.262953,-0.083127,0.609599,1.098735,0.758219,1.114620,0.171736
0.880349,0.717575,1.230066,1.145313,-0.293669,0.115532,0.093974,1.120497,1.068400,0.118719,1.827490,0.108420
0.881669,1.413809,1.390764,0.651922,-0.094589,0.063811,0.189802,0.696234,0.160698,-0.493391,2.087602,0.049044
0.881793,1.198792,0.600911,-0.725757,0.213163,0.028305,0.215262,-0.215017,-0.789853,-1.377679,1.524769,0.092577
0.881764,0.460650,-0.123652,-1.429599,0.339833,-0.115878,0.205964,-0.738142,-0.724563,-0.703842,1.507064,0.171335
0.881155,-0.633086,-0.172669,-0.062843,0.188524,-0.278349,0.127279,-1.093736,-0.049017,1.366756,0.659213,0.129219
0.880619,-1.209598,-0.096612,1.319295,-0.016118,-0.211927,0.041046,-0.576512,0.076057,1.382138,1.792484,0.046858
0.882267,-0.270810,-0.386686,0.850643,-0.141318,0.109012,0.049267,0.938788,-0.290074,-0.468652,0.972861,0.034282
0.885939,0.824306,-0.687443,0.080449,-0.211175,0.440891,0.103066,1.095116,-0.300757,-0.770194,1.076350,0.249602
0.889185,0.366548,-0.610031,0.044520,-0.191526,0.518328,0.106455,-0.457758,0.077412,-0.035929,0.713076,0.316679
0.891158,-0.561168,-0.199852,-0.177319,-0.081820,0.252523,0.069989,-0.927716,0.410179,-0.221839,0.621524,0.075361
0.892725,-0.395509,0.340832,-0.460758,0.075633,-0.122128,0.057641,0.165659,0.540684,-0.283439,0.696342,0.023958
0.893696,0.404159,0.669786,-0.627363,0.289310,-0.240520,0.090852,0.799668,0.328954,-0.166605,1.002767,0.149804
0.893294,0.937561,0.538412,-1.466463,0.393912,-0.100245,0.091127,0.533402,-0.131374,-0.839100,1.821928,0.173520
0.892064,0.841831,0.154546,-1.785972,0.127469,-0.027180,-0.046141,-0.095730,-0.383866,-0.319509,1.980470,0.019116
0.891025,-0.125947,-0.147820,0.086901,-0.338211,-0.111056,-0.244147,-0.967778,-0.302366,1.872873,0.212756,0.186328
0.890287,-1.150513,-0.229310,1.987074,-0.534187,-0.107125,-0.280885,-1.024566,-0.081490,1.900173,2.307537,0.375728
0.889730,-0.691338,-0.099954,1.083352,-0.355882,0.102632,-0.097222,0.459175,0.129356,-0.903722,1.289027,0.146637
0.889873,0.864957,-0.030899,-1.219684,-0.034779,0.339660,0.140477,1.556295,0.069055,-2.303036,1.495572,0.136312
0.891282,1.394692,-0.255737,-2.212911,0.266136,0.424213,0.278028,0.529735,-0.224838,-0.993227,2.628220,0.328085
0.893487,0.443200,-0.431341,-1.682291,0.399620,0.345150,0.282653,-0.951492,-0.175604,0.530620,1.792368,0.358717
0.895145,-0.405323,-0.131206,-0.227813,0.208812,0.161222,0.178729,-0.848523,0.300135,1.454478,0.483115,0.101539
0.895630,-0.459557,0.394158,1.654068,-0.158633,-0.005594,0.041530,-0.054234,0.525364,1.881881,1.761390,0.026920
0.895514,-0.260173,0.580264,2.158691,-0.316355,0.017702,-0.003984,0.199384,0.186106,0.504623,2.250410,0.100410
0.895192,0.200630,0.262527,0.237638,-0.164035,0.197534,0.087653,0.460803,-0.317737,-1.921053,0.406995,0.073610
0.895121,0.713366,-0.251541,-1.704186,-0.008296,0.278224,0.199076,0.512736,-0.514068,-1.941824,1.864514,0.117109
0.896934,0.096701,-0.532896,-1.185118,-0.075173,0.212065,0.173061,-0.616665,-0.281355,0.519068,1.303010,0.080573
0.900831,-1.437021,-0.510019,0.181217,-0.198861,0.213746,-0.040507,-1.533722,0.022877,1.366335,1.535574,0.086874
0.903565,-1.957812,-0.618461,-0.237081,-0.125070,0.294501,-0.332510,-0.520791,-0.108442,-0.418298,2.066816,0.212936
0.903225,-1.010339,-1.034033,-1.495567,0.105282,0.233560,-0.458319,0.947473,-0.415572,-1.258486,2.080079,0.275691
0.901973,-0.004315,-1.023866,-1.286546,0.235256,0.030332,-0.290937,1.006024,0.010167,0.209021,1.644239,0.140910
0.899525,0.212922,-0.111852,0.063251,0.130378,-0.059038,-0.066202,0.217237,0.912014,1.349797,0.248691,0.024867
0.891496,-0.203581,0.608714,0.638859,-0.049343,0.077603,-0.050547,-0.416503,0.720566,0.575608,0.905604,0.011012
0.879192,-0.638079,0.125090,-0.312108,-0.019721,0.232864,-0.093162,-0.434498,-0.483624,-0.950967,0.721251,0.063294
0.870731,-0.246567,-0.309110,-1.509314,0.228030,0.114685,0.048758,0.391512,-0.434200,-1.197206,1.560248,0.067528
0.868309,0.602269,0.760362,-0.557448,0.364261,-0.258083,0.219323,0.848836,1.069472,0.951866,1.118761,0.247395
0.865919,0.381737,1.836362,2.452701,0.227416,-0.485839,0.176726,-0.220532,1.076000,3.010149,3.087668,0.318990
0.861455,-0.612841,0.831219,3.570075,0.041901,-0.317782,0.026650,-0.994578,-1.005143,1.117374,3.716441,0.103451
0.858605,-0.458034,-0.838493,1.120046,-0.041826,-0.041518,-0.043431,0.154807,-1.669712,-2.450029,1.472199,0.005359
0.856628,0.577970,-0.554304,-0.866742,-0.137249,-0.036911,-0.054055,1.036004,0.284189,-1.986788,1.180061,0.023122
0.851642,0.636367,0.930744,0.363963,-0.251190,-0.240434,-0.039972,0.058397,1.485048,1.230705,1.184785,0.122503
0.847625,-0.011644,1.135599,1.884088,-0.207014,-0.324063,0.046413,-0.648011,0.204855,1.520125,2.199888,0.150026
0.851916,0.096556,-0.107795,0.732730,0.009095,-0.146184,0.168804,0.108200,-1.243394,-1.151358,0.746884,0.049947
0.861546,0.671703,-1.182946,-1.561525,0.173529,0.119052,0.214407,0.575147,-1.075151,-2.294255,2.070968,0.090256
0.868332,0.405246,-1.210768,-1.854992,0.150922,0.218937,0.152577,-0.266457,-0.027822,-0.293467,2.251928,0.093991
0.872364,-0.767185,-0.539103,-0.006104,0.073097,0.150332,0.067176,-1.172431,0.671665,1.848888,0.937679,0.032455
0.877387,-1.398113,0.034045,1.094467,0.093972,0.098266,0.056163,-0.630928,0.573148,1.100571,1.775876,0.021641
0.881635,-0.509691,0.201423,0.351328,0.157154,0.081271,0.123646,0.888422,0.167378,-0.743139,0.650990,0.046591
0.883121,0.864591,0.413643,0.059908,0.168086,-0.014856,0.184523,1.374282,0.212220,-0.291420,0.960316,0.062522
0.884220,1.296825,0.847088,0.970110,0.175261,-0.156595,0.173395,0.432234,0.433445,0.910202,1.827683,0.085304
0.886010,0.884717,0.919815,0.999875,0.200004,-0.249253,0.094415,-0.412108,0.072727,0.029765,1.621275,0.111043
0.886380,0.198452,0.420709,0.067384,0.138102,-0.301262,-0.023350,-0.686265,-0.499106,-0.932491,0.470021,0.110376
0.884899,-0.639348,-0.069432,0.055566,-0.047166,-0.307154,-0.140982,-0.837800,-0.490141,-0.011818,0.645503,0.116444
0.883617,-1.048423,-0.256253,0.633728,-0.265369,-0.197694,-0.205032,-0.409075,-0.186821,0.578162,1.251586,0.151542
0.883295,-0.453948,-0.395896,0.407101,-0.421976,0.054129,-0.205756,0.594475,-0.139643,-0.226627,0.727003,0.223329
0.882798,0.448619,-0.487402,-0.370014,-0.444580,0.373716,-0.189310,0.902567,-0.091506,-0.777115,0.758769,0.373153
0.882025,0.716810,-0.283942,-0.993124,-0.325157,0.559610,-0.163413,0.268191,0.203460,-0.623110,1.257273,0.445594
0.882275,0.454500,0.104740,-0.942623,-0.184324,0.446963,-0.097213,-0.262310,0.388682,0.050501,1.051703,0.243202
0.883560,0.040964,0.298842,0.110346,-0.122623,0.187338,-0.022956,-0.413536,0.194102,1.052969,0.321187,0.050659
0.884437,-0.345718,0.126548,0.844982,-0.088737,0.080384,0.005775,-0.386682,-0.172294,0.734636,0.921699,0.014369
0.884511,-0.266929,-0.188722,-0.026820,-0.023373,0.142587,0.011238,0.078789,-0.315270,-0.871802,0.328004,0.021004
0.884602,0.267332,-0.271003,-1.017282,0.025939,0.175188,0.021142,0.534261,-0.082281,-0.990462,1.086173,0.031811
0.884855,0.363496,-0.067205,-0.521179,0.013362,0.118149,0.012067,0.096164,0.203798,0.496103,0.638963,0.014283
0.884920,-0.181270,0.128639,0.442135,-0.010963,0.038660,-0.001230,-0.544766,0.195844,0.963314,0.494864,0.001616
0.885128,-0.401501,0.161587,0.625832,0.032683,-0.060837,0.027913,-0.220231,0.032948,0.183697,0.760907,0.005548
0.885493,-0.069542,0.123080,0.303011,0.135933,-0.186264,0.073152,0.331959,-0.038507,-0.322821,0.334366,0.058523
0.885203,0.005105,0.025839,-0.110007,0.201022,-0.220685,0.088972,0.074647,-0.097241,-0.413018,0.113116,0.097028
0.884987,-0.203151,-0.220410,-0.546589,0.161697,-0.067409,0.095969,-0.208256,-0.246249,-0.436582,0.623386,0.039900
0.887068,-0.114669,-0.522455,-0.690423,0.040116,0.136285,0.087212,0.088482,-0.302045,-0.143834,0.873380,0.027789
0.891124,0.022058,-0.522673,-0.234294,-0.109650,0.181247,0.005133,0.136727,-0.000218,0.456129,0.573208,0.044900
0.894209,-0.086695,0.004026,0.613670,-0.232135,0.086415,-0.105892,-0.108753,0.526699,0.847964,0.619777,0.072567
0.895273,0.087808,0.680616,1.186696,-0.262472,0.008271,-0.124765,0.174503,0.676590,0.573026,1.370838,0.084526
0.895590,0.616537,0.853447,0.815198,-0.161804,-0.005514,-0.050860,0.528729,0.172831,-0.371498,1.331555,0.028798
0.895650,0.664126,0.423952,-0.402236,0.019845,0.012843,0.018296,0.047589,-0.429495,-1.217434,0.884643,0.000894
0.895305,0.000322,-0.140995,-1.277920,0.137595,0.056095,0.043310,-0.663804,-0.564947,-0.875684,1.285675,0.023955
0.895215,-0.577341,-0.481911,-0.805348,0.078155,0.112145,0.021323,-0.577663,-0.340916,0.472572,1.101883,0.019139
0.895880,-0.583771,-0.496878,0.350033,-0.086514,0.147970,-0.052250,-0.006430,-0.014967,1.155381,0.842733,0.032110
0.896910,-0.282911,-0.162147,0.829319,-0.173641,0.151188,-0.105778,0.300860,0.334731,0.479286,0.891123,0.064198
0.897818,0.158993,0.285937,0.549010,-0.121232,0.153515,-0.053059,0.441904,0.448084,-0.280309,0.639101,0.041079
0.898366,0.658087,0.381622,0.164957,-0.028972,0.196873,0.053093,0.499094,0.095685,-0.384053,0.778412,0.042417
0.898550,0.734386,0.044877,-0.237059,0.003167,0.227748,0.094036,0.076299,-0.336745,-0.402016,0.773003,0.060722
0.898679,0.128106,-0.224918,-0.449429,-0.005377,0.124756,0.061849,-0.606280,-0.269795,-0.212370,0.518638,0.019418
0.898957,-0.604433,-0.099170,-0.148512,0.044726,-0.044757,0.045570,-0.732539,0.125748,0.300917,0.630262,0.006080
0.899217,-0.638374,0.059634,-0.146300,0.145037,-0.032674,0.081011,-0.033941,0.158804,0.002212,0.657633,0.028666
0.899383,0.049751,-0.130000,-0.904419,0.112570,0.166442,0.081554,0.688125,-0.189634,-0.758119,0.915068,0.047026
0.899606,0.435582,-0.322139,-0.867277,-0.131319,0.262669,-0.026052,0.385831,-0.192139,0.037142,1.022582,0.086918
0.899880,0.056551,-0.050395,0.691287,-0.368905,0.154587,-0.140063,-0.379031,0.271744,1.558564,0.695425,0.179606
0.900103,-0.071582,0.401182,1.710245,-0.368426,0.033647,-0.118359,-0.128133,0.451577,1.018958,1.758127,0.150879
0.900452,0.422815,0.511322,0.774815,-0.176710,0.008411,-0.003283,0.494397,0.110140,-0.935430,1.020079,0.031308
0.901171,0.488981,0.248144,-0.653954,-0.000856,0.047470,0.101223,0.066166,-0.263178,-1.428769,0.853425,0.012500
0.902388,0.174729,-0.189751,-0.920475,0.044465,0.165126,0.214174,-0.314252,-0.437895,-0.266521,0.955934,0.075114
0.904514,0.454423,-0.477704,-0.350053,0.025549,0.319750,0.290123,0.279694,-0.287953,0.570422,0.746484,0.187064
0.907354,0.535885,-0.323130,-0.255398,0.067101,0.330676,0.110841,0.081462,0.154574,0.094655,0.675880,0.126135
0.908809,-0.631394,-0.258116,-1.118182,0.124190,0.131155,-0.340200,-1.167279,0.065014,-0.862784,1.309814,0.148361
0.907828,-1.612417,-0.890205,-1.712819,0.051420,-0.063821,-0.688428,-0.981023,-0.632089,-0.594637,2.515174,0.480650
0.906796,-0.894206,-1.355852,-0.890522,-0.042364,0.003591,-0.610074,0.718211,-0.465647,0.822297,1.852287,0.373998
0.905719,0.572279,-0.605739,-0.125679,0.077908,0.261354,-0.197122,1.466485,0.750113,0.764843,0.842744,0.113233
0.900170,1.448525,0.722480,-0.959769,0.285679,0.342272,0.204375,0.876246,1.328219,-0.834090,1.881850,0.240532
0.890299,1.385651,1.405987,-1.382118,0.297131,0.091465,0.304039,-0.062874,0.683507,-0.422349,2.409788,0.189092
0.880878,0.193270,1.186892,0.399551,0.176631,-0.254782,0.112742,-1.192381,-0.219095,1.781669,1.267165,0.108823
0.871631,-1.273037,0.708443,2.324544,0.113385,-0.476620,-0.049120,-1.466307,-0.478449,1.924993,2.743359,0.242436
0.861308,-1.209103,0.614043,2.416323,0.105824,-0.498427,0.016398,0.063934,-0.094400,0.091779,2.770847,0.259897
0.854783,0.167144,0.452248,1.071383,0.131413,-0.247275,0.117964,1.376247,-0.161795,-1.344940,1.174873,0.092330
0.854084,0.749031,-0.475960,-0.810692,0.138490,0.108153,0.063956,0.581887,-0.928208,-1.882075,1.202001,0.034967
0.854382,0.101680,-1.175957,-1.538235,-0.014012,0.184952,-0.033610,-0.647351,-0.699997,-0.727543,1.938912,0.035533
0.854049,-0.271481,-0.409710,0.030618,-0.248176,-0.032847,-0.034178,-0.373161,0.766247,1.568853,0.492445,0.063838
0.855450,0.194590,0.752942,1.581431,-0.297062,-0.212319,0.009869,0.466071,1.162652,1.550813,1.762303,0.133423
0.857623,0.436629,0.575763,0.765202,-0.132326,-0.243858,0.020889,0.242039,-0.177179,-0.816229,1.052465,0.077413
0.858191,-0.171871,-0.548211,-0.830757,0.074184,-0.230923,0.025921,-0.608500,-1.123974,-1.595959,1.010065,0.059501
0.857203,-0.712491,-1.024011,-1.167690,0.231591,-0.169260,0.057131,-0.540620,-0.475800,-0.336933,1.708725,0.085547
0.855299,-0.443023,-0.599547,-0.855743,0.274373,-0.026684,0.073101,0.269468,0.424464,0.311947,1.134911,0.081336
0.854081,-0.103604,-0.339193,-0.669178,0.126968,0.122750,0.021500,0.339419,0.260354,0.186565,0.757354,0.031651
0.856724,-0.228488,-0.490379,-0.026968,-0.148440,0.185869,-0.079662,-0.124884,-0.151186,0.642210,0.541669,0.062928
0.862960,-0.080656,-0.148056,1.284577,-0.367082,0.138135,-0.135629,0.147832,0.342323,1.311545,1.295594,0.172226
0.867979,0.676143,0.721305,2.053983,-0.372521,0.058187,-0.067875,0.756799,0.869361,0.769406,2.279539,0.146765
0.869876,1.227290,0.912732,0.945095,-0.165281,0.062961,0.071540,0.551147,0.191427,-1.108888,1.797922,0.036400
0.871960,0.991513,0.115732,-1.120538,0.051081,0.130090,0.154622,-0.235777,-0.797000,-2.065633,1.500699,0.043441
0.875845,0.241363,-0.551548,-1.478968,0.087109,0.117909,0.124094,-0.750150,-0.667280,-0.358430,1.596812,0.036890
0.879412,-0.698345,-0.565383,-0.044878,0.032149,0.040646,-0.010917,-0.939708,-0.013835,1.434090,0.899643,0.002805
0.881889,-1.539301,-0.634186,0.283449,0.054953,0.085883,-0.209634,-0.840956,-0.068803,0.328327,1.688781,0.054342
0.884357,-1.447855,-0.902424,-0.748898,0.068430,0.253971,-0.355354,0.091446,-0.268238,-1.032347,1.863197,0.195460
0.886313,-0.126699,-0.532283,-0.309875,-0.030533,0.331183,-0.327707,1.321156,0.370141,0.439023,0.628809,0.218006
0.886356,1.150787,0.464739,1.090058,-0.037531,0.316435,-0.130218,1.277486,0.997022,1.399933,1.651823,0.118496
0.884527,1.465628,1.012438,0.182347,0.165297,0.366228,0.117040,0.314841,0.547699,-0.907711,1.790627,0.175144
0.881781,1.299995,0.827245,-1.741165,0.264839,0.330921,0.249129,-0.165633,-0.185193,-1.923512,2.325076,0.241714
0.878486,0.665291,0.652056,-0.584247,0.049956,0.004058,0.185005,-0.634704,-0.175189,1.156918,1.099606,0.036739
0.874062,-0.635642,0.790965,2.482434,-0.196757,-0.340988,0.049151,-1.300933,0.138909,3.066681,2.681817,0.157402
0.868636,-1.319056,0.842272,2.917025,-0.207174,-0.320550,0.023938,-0.683414,0.051307,0.434591,3.310342,0.146246
0.865086,-0.389261,0.540770,0.450023,-0.105894,-0.054414,0.100858,0.929795,-0.301502,-2.467002,0.804038,0.024347
0.866672,0.842378,0.009553,-1.475245,-0.070850,0.088824,0.143011,1.231639,-0.531217,-1.925268,1.698835,0.033362
0.872404,0.626087,-0.521053,-1.173914,-0.039729,0.048508,0.109432,-0.216291,-0.530606,0.301331,1.428830,0.015907
0.878320,-0.655194,-0.840813,-0.121483,0.084234,0.006498,0.068486,-1.281281,-0.319760,1.052431,1.072848,0.011828
0.882454,-1.050798,-0.762701,-0.021656,0.143269,-0.022807,0.042640,-0.395604,0.078112,0.099827,1.298599,0.022864
0.885005,-0.027267,-0.256336,0.119883,-0.085903,-0.157218,-0.037716,1.023531,0.506365,0.141539,0.284295,0.033519
0.885969,0.684647,0.380208,1.693569,-0.419203,-0.268297,-0.168474,0.711914,0.636544,1.573686,1.865871,0.276098
0.885657,0.389904,0.670020,2.415114,-0.442387,-0.122536,-0.192697,-0.294743,0.289812,0.721545,2.536479,0.247853
0.885264,0.461242,0.446034,0.243588,-0.192010,0.120290,-0.055826,0.071338,-0.223986,-2.171526,0.686313,0.054454
0.885560,0.622103,0.041129,-1.569617,-0.025134,0.150671,0.065759,0.160861,-0.404905,-1.813205,1.688905,0.027658
0.886516,-0.596450,-0.275411,-0.567456,0.051146,0.106053,0.071993,-1.218553,-0.316540,1.002161,0.868107,0.019046
0.887841,-1.601929,-0.622148,-0.084137,0.175571,0.240080,0.054088,-1.005479,-0.346737,0.483319,1.720559,0.091389
0.889094,-0.407329,-0.776152,-1.495053,0.148379,0.354082,0.027030,1.194600,-0.154004,-1.410916,1.733064,0.148121
0.889955,0.967112,-0.191230,-0.870280,-0.130216,0.229308,-0.062878,1.374441,0.584922,0.624773,1.315014,0.073492
0.890443,0.553676,0.650089,1.927081,-0.318943,0.084869,-0.137572,-0.413436,0.841319,2.797361,2.107798,0.127853
0.890618,-0.072579,0.641369,2.050381,-0.233402,0.089245,-0.117650,-0.626255,-0.008720,0.123300,2.149578,0.076283
0.890526,0.149056,0.013264,-0.539037,-0.099000,0.068395,-0.057812,0.221635,-0.628105,-2.589418,0.559423,0.017821
0.890462,0.143626,-0.208420,-1.345299,-0.037295,-0.004587,-0.003760,-0.005430,-0.221684,-0.806262,1.368903,0.001426
0.890972,-0.083529,-0.124640,-0.311661,0.012211,0.088237,0.042067,-0.227155,0.083780,1.033638,0.345897,0.009705
0.892359,0.215716,-0.303986,-0.523765,-0.016814,0.304273,0.028585,0.299245,-0.179346,-0.212104,0.642861,0.093682
0.894059,0.349212,-0.379254,-1.265188,-0.152547,0.359316,-0.061319,0.133496,-0.075268,-0.741423,1.366193,0.156139
0.895041,-0.066713,0.095207,-0.383223,-0.213905,0.225863,-0.126057,-0.415925,0.474461,0.881965,0.400468,0.112660
0.895004,0.095363,0.659706,0.885121,-0.116681,0.092020,-0.074811,0.162076,0.564499,1.268344,1.108037,0.027679
0.894514,0.813018,0.729820,0.883113,0.012324,-0.009042,0.038873,0.717655,0.070114,-0.002008,1.404822,0.001745
0.894038,0.494948,0.286982,0.331279,0.107349,-0.092292,0.102503,-0.318070,-0.442838,-0.551834,0.661119,0.030548
0.893753,-0.743574,-0.381722,-0.293700,0.188930,-0.048680,0.104619,-1.238522,-0.668704,-0.624979,0.885931,0.049009
0.894192,-1.090306,-0.801567,-0.996068,0.164925,0.092556,0.084893,-0.346732,-0.419845,-0.702368,1.680306,0.042974
0.895886,-0.452086,-0.566547,-0.479995,-0.049987,0.142760,0.005592,0.638220,0.235020,0.516073,0.869340,0.022910
0.898253,-0.196799,-0.005633,1.136173,-0.281062,0.123643,-0.132417,0.255287,0.560914,1.616168,1.153105,0.111818
0.900075,-0.244978,0.207167,1.207719,-0.280225,0.169387,-0.184862,-0.048179,0.212800,0.071546,1.249607,0.141392
0.901065,0.229899,0.159359,-0.492467,-0.113832,0.180216,-0.078116,0.474877,-0.047808,-1.700186,0.566368,0.051538
0.901744,0.713895,0.267045,-1.051578,-0.038609,0.070887,0.066402,0.483996,0.107686,-0.559111,1.298759,0.010925
0.902322,0.539951,0.216073,-0.076633,-0.045463,0.032401,0.130975,-0.173944,-0.050972,0.974945,0.586607,0.020271
0.902778,0.150237,-0.301076,-0.141968,0.067174,0.131847,0.115368,-0.389714,-0.517149,-0.065335,0.365202,0.035206
0.903186,-0.115164,-0.622072,-1.449556,0.216860,0.120052,0.064905,-0.265401,-0.320996,-1.307588,1.581597,0.065653
0.903387,-0.316841,-0.140115,-1.397965,0.143778,-0.083064,0.029659,-0.201677,0.481957,0.051591,1.440252,0.028451
0.903133,-0.147594,0.611861,0.469689,-0.099359,-0.240661,0.009894,0.169247,0.751976,1.867654,0.785344,0.067888
0.902718,0.312646,0.777272,1.636560,-0.292430,-0.260062,-0.064934,0.460240,0.165411,1.166871,1.838540,0.157364
0.902719,0.245624,0.295480,1.124848,-0.393470,-0.249567,-0.194031,-0.067022,-0.481792,-0.511712,1.188664,0.254750
0.903050,-0.480259,-0.332924,0.301556,-0.314374,-0.141031,-0.256027,-0.725883,-0.628404,-0.823292,0.657589,0.184271
0.903215,-0.932165,-0.795827,-0.725603,0.046117,0.177236,-0.195150,-0.451906,-0.462903,-1.027159,1.424350,0.071623
0.903106,-0.496429,-1.026217,-2.198729,0.352853,0.480112,-0.103121,0.435736,-0.230390,-1.473126,2.476686,0.365647
0.902070,0.224585,-0.923869,-2.106985,0.256799,0.482114,-0.068000,0.721014,0.102348,0.091744,2.311570,0.303004
0.898773,0.254789,-0.489321,-0.149475,0.064604,0.271055,-0.072078,0.030204,0.434548,1.957510,0.571573,0.082840
0.893978,-0.153522,0.119014,0.569686,0.090784,0.041566,-0.051387,-0.408311,0.608335,0.719161,0.601893,0.012610
0.890541,0.072096,0.941165,0.295475,0.025539,-0.232199,0.016003,0.225618,0.822151,-0.274211,0.989088,0.054825
0.889208,0.685732,1.833204,2.432491,-0.250503,-0.484729,0.088028,0.613636,0.892039,2.137016,3.122159,0.305463
0.888411,0.630279,1.779648,4.515509,-0.264331,-0.419849,0.120044,-0.055453,-0.053556,2.083018,4.894305,0.260555
0.888385,0.239727,0.242863,1.424576,0.070689,-0.031061,0.120639,-0.390552,-1.536785,-3.090933,1.464878,0.020515
0.890781,0.114865,-1.271683,-3.260987,0.227550,0.257449,0.103922,-0.124862,-1.514546,-4.685563,3.502058,0.128859
0.894801,-0.404280,-1.215482,-2.601646,0.046762,0.202164,0.051278,-0.519145,0.056201,0.659341,2.899897,0.045686
0.898026,-1.136499,-0.324738,1.209643,-0.101216,0.007006,-0.019344,-0.732219,0.890744,3.811289,1.691248,0.010668
0.899889,-0.697981,0.148085,2.028643,-0.060999,-0.104666,-0.046509,0.438518,0.472823,0.819000,2.150465,0.016839
0.901099,0.558861,0.392233,0.413990,-0.014188,-0.157028,-0.038664,1.256842,0.244148,-1.614653,0.798474,0.026354
0.901371,1.148430,0.696136,-0.170270,-0.083025,-0.233305,-0.079337,0.589569,0.303903,-0.584260,1.353694,0.067619
0.900239,1.080854,0.585542,0.160229,-0.233829,-0.302367,-0.185267,-0.067576,-0.110594,0.330499,1.239669,0.180426
0.898632,0.675897,0.030526,0.173292,-0.319476,-0.236952,-0.253728,-0.404957,-0.555016,0.013063,0.698426,0.222589
0.897919,-0.254497,-0.519371,-0.352191,-0.155753,0.065279,-0.192407,-0.930394,-0.549897,-0.525483,0.677166,0.065541
0.898200,-0.747874,-1.053648,-1.740889,0.193049,0.473812,-0.065886,-0.493377,-0.534277,-1.388698,2.167991,0.266107
0.898455,-0.131560,-1.407254,-2.895066,0.376191,0.633861,-0.023646,0.616314,-0.353606,-1.154177,3.221658,0.543859
0.898163,0.218978,-0.857913,-1.552460,0.220380,0.401009,-0.062557,0.350538,0.549341,1.342606,1.787204,0.213289
0.897942,-0.164636,0.515291,1.352454,-0.046397,0.063779,-0.035111,-0.383614,1.373204,2.904914,1.456627,0.007453
0.898273,0.208588,1.526112,2.571467,-0.167936,-0.075106,0.075549,0.373224,1.010821,1.219013,2.997494,0.039551
0.898707,1.205571,1.425406,1.771099,-0.137564,-0.043259,0.140301,0.996983,-0.100706,-0.800368,2.573320,0.040480
0.899041,1.046270,0.510311,0.712483,-0.048668,0.001592,0.133237,-0.159301,-0.915095,-1.058616,1.364819,0.020123
0.899818,-0.134873,-0.448463,-0.211496,0.042896,0.017420,0.126825,-1.181143,-0.958774,-0.923979,0.513849,0.018228
0.901032,-0.743118,-0.737439,-0.856477,0.073616,0.046992,0.108196,-0.608245,-0.288976,-0.644981,1.352625,0.019334
0.901963,-0.493711,-0.326317,-0.426145,-0.025381,0.101103,0.028448,0.249407,0.411122,0.430332,0.729269,0.011675
0.902533,-0.024903,0.162654,0.719454,-0.218684,0.134873,-0.063646,0.468808,0.488971,1.145599,0.738032,0.070064
0.903267,0.367764,0.371519,1.266117,-0.346205,0.128241,-0.077585,0.392667,0.208865,0.546663,1.369792,0.142323
0.904066,0.395451,0.351399,0.839405,-0.306106,0.114193,0.033475,0.027687,-0.020120,-0.426712,0.992201,0.107862
0.904462,0.126274,0.051710,0.129797,-0.158051,0.111381,0.266377,-0.269177,-0.299689,-0.709608,0.188325,0.108343
0.904795,0.196723,-0.490135,-0.509747,0.041853,0.114501,0.506888,0.070449,-0.541845,-0.639544,0.734012,0.271798
0.905496,0.197306,-0.850794,-1.467588,0.267435,0.073339,0.552703,0.000583,-0.360659,-0.957841,1.707804,0.382381
0.905843,-0.754397,-0.617861,-2.062752,0.370332,-0.122551,0.391572,-0.951703,0.232933,-0.595164,2.281625,0.305493
0.905606,-1.274667,0.139207,-0.528858,0.296181,-0.402147,0.275141,-0.520270,0.757068,1.533894,1.387028,0.325148
0.905850,0.332679,0.890833,1.800264,0.280894,-0.457846,0.271106,1.607346,0.751626,2.329122,2.035979,0.362023
0.905527,1.948026,1.039168,0.919402,0.387263,-0.272221,0.085023,1.615347,0.148335,-0.880862,2.391647,0.231306
0.901922,0.661753,0.402933,-2.208326,0.300653,-0.222234,-0.365874,-1.286273,-0.636235,-3.127728,2.340294,0.273644
0.895807,-1.749775,-0.554265,-2.205375,-0.028835,-0.346232,-0.703240,-2.411528,-0.957198,0.002951,2.869251,0.615255
0.889375,-1.892632,-1.220800,0.356301,-0.202680,-0.207367,-0.690928,-0.142857,-0.666535,2.561676,2.280210,0.561462
0.881689,-0.362105,-1.462108,-0.286192,-0.064761,0.288363,-0.502480,1.530527,-0.241308,-0.642493,1.533227,0.339833
0.873019,0.613013,-1.128981,-3.390654,0.094867,0.640894,-0.300145,0.975118,0.333127,-3.104462,3.625868,0.509832
0.866701,0.868332,0.146480,-2.620595,0.070164,0.463833,-0.125558,0.255319,1.275461,0.770059,2.764593,0.235829
0.863041,0.594199,1.581501,2.202485,-0.053240,-0.046575,-0.065363,-0.274133,1.435021,4.823080,2.775817,0.009276
0.859936,-0.254668,1.625831,5.081223,-0.133043,-0.410655,-0.099683,-0.848867,0.044330,2.878738,5.341068,0.196275
0.857876,-0.508121,0.546795,3.514595,-0.101549,-0.380141,-0.077802,-0.253453,-1.079036,-1.566628,3.592986,0.160873
0.857634,0.341897,-0.058150,0.295812,0.005470,-0.121058,-0.009666,0.850018,-0.604945,-3.218783,0.455829,0.014778
0.857963,0.863074,-0.003062,-1.515090,0.051034,0.057086,-0.028659,0.521177,0.055088,-1.810902,1.743675,0.006685
0.857797,0.348999,0.021153,-1.006737,-0.050251,0.073551,-0.101642,-0.514075,0.024215,0.508353,1.065724,0.018266
0.856328,-0.205418,0.177454,0.786806,-0.208836,0.047221,-0.095868,-0.554417,0.156301,1.793543,0.832316,0.055033
0.853303,-0.152020,0.528714,1.890748,-0.260502,0.007761,-0.017926,0.053398,0.351260,1.103942,1.969156,0.068243
0.850581,0.147018,0.420542,1.261363,-0.134756,-0.112498,0.036330,0.299038,-0.108172,-0.629385,1.337724,0.032135
0.848602,0.182976,-0.159231,-0.241008,0.103432,-0.253750,0.061516,0.035958,-0.579773,-1.502371,0.341935,0.078871
0.844452,-0.087429,-0.584550,-1.203036,0.332691,-0.215551,0.137856,-0.270405,-0.425319,-0.962028,1.340387,0.176150
0.839452,-0.058737,-0.835163,-1.545863,0.427093,0.064112,0.266400,0.028692,-0.250613,-0.342827,1.758022,0.257488
0.841731,0.423051,-1.043653,-1.593742,0.268414,0.324280,0.285619,0.481788,-0.208490,-0.047879,1.951460,0.258782
0.853868,0.243270,-0.720763,-0.287846,-0.116088,0.284558,0.077326,-0.179781,0.322890,1.305896,0.813348,0.100429
0.866561,-0.818523,0.202784,2.320471,-0.449252,0.076978,-0.181663,-1.061793,0.923547,2.608317,2.468944,0.240754
0.871981,-0.946243,0.812387,3.072042,-0.466056,0.026601,-0.217623,-0.127720,0.609603,0.751571,3.315538,0.265276
0.873443,0.394930,0.592310,0.653980,-0.248723,0.101097,-0.060974,1.341173,-0.220077,-2.418062,0.966691,0.075802
0.875895,1.147484,0.116020,-1.472721,-0.074847,0.048035,0.053987,0.752554,-0.476290,-2.126701,1.870585,0.010824
0.878300,0.479088,-0.071458,-1.078378,-0.009731,-0.083191,0.071509,-0.668396,-0.187478,0.394343,1.182172,0.012129
0.879465,-0.051091,-0.123110,-0.447555,0.079450,-0.069531,0.079354,-0.530179,-0.051652,0.630823,0.466982,0.017444
0.880865,0.083144,-0.249131,-1.061762,0.189955,0.048758,0.082536,0.134235,-0.126021,-0.614207,1.093763,0.045272
0.882581,-0.057512,-0.286069,-1.215452,0.181761,0.095734,0.066942,-0.140656,-0.036938,-0.153690,1.249987,0.046683
0.883502,-0.255015,-0.052333,-0.120314,0.040780,0.068019,0.055097,-0.197503,0.233736,1.095138,0.286787,0.009325
0.883470,0.114689,0.314455,0.835842,-0.120502,0.044980,0.000142,0.369704,0.366788,0.956156,0.900371,0.016544
0.882344,0.212714,0.430990,0.794251,-0.228393,0.045091,-0.121358,0.098025,0.116535,-0.041591,0.928350,0.068924
0.880631,-0.429002,0.110040,0.213287,-0.259331,0.053448,-0.180283,-0.641716,-0.320950,-0.580964,0.491572,0.102611
0.880375,-0.761432,-0.281813,-0.051035,-0.198122,0.050939,-0.083010,-0.332430,-0.391853,-0.264322,0.813512,0.048738
0.882093,-0.462447,-0.372022,0.201471,-0.059781,0.077337,0.066216,0.298985,-0.090209,0.252506,0.626776,0.013939
0.883814,-0.225161,-0.402314,-0.154752,0.068997,0.194408,0.116034,0.237286,-0.030292,-0.356223,0.486315,0.056019
0.884847,-0.030913,-0.471142,-1.233150,0.058436,0.281346,0.035690,0.194248,-0.068828,-1.078398,1.320450,0.083844
0.886262,0.213021,-0.040832,-0.752509,-0.083067,0.156625,-0.078953,0.243934,0.430310,0.480641,0.783144,0.037665
0.887584,0.144476,0.757219,1.286774,-0.142313,-0.049023,-0.095721,-0.068545,0.798051,2.039283,1.500014,0.031819
0.887376,0.162018,0.814796,1.281761,0.004764,-0.056122,-0.005453,0.017542,0.057577,-0.005013,1.527434,0.003202
0.886253,0.522492,-0.024769,-1.030695,0.186313,0.086010,0.043696,0.360474,-0.839565,-2.312456,1.155830,0.044020
0.885490,0.233120,-0.543832,-1.545469,0.183874,0.111939,-0.024176,-0.289372,-0.519063,-0.514774,1.654863,0.046924
0.884435,-0.681905,-0.154634,0.543710,0.033580,0.001659,-0.085594,-0.915025,0.389198,2.089179,0.885735,0.008457
0.882789,-0.614194,0.425526,1.751543,-0.030012,-0.042791,-0.059437,0.067711,0.580160,1.207833,1.904261,0.006265
0.881876,0.367196,0.479898,0.666583,0.108256,0.038880,-0.060639,0.981390,0.054372,-1.084960,0.899704,0.016908
0.880885,0.444725,0.015009,-0.685466,0.255589,0.116854,-0.151650,0.077529,-0.464889,-1.352049,0.817233,0.101978
0.877947,-0.381298,-0.392328,-0.545751,0.176806,0.096073,-0.216032,-0.826023,-0.407337,0.139715,0.772757,0.087160
0.874711,-0.569838,-0.083442,0.754477,-0.026889,-0.010511,-0.209569,-0.188540,0.308886,1.300228,0.949165,0.044753
0.871308,-0.111075,0.685195,1.527062,-0.079498,-0.128234,-0.207785,0.458763,0.768637,0.772585,1.677423,0.065938
0.862925,0.133920,0.838231,0.599569,0.019494,-0.159341,-0.175593,0.244995,0.153036,-0.927493,1.039254,0.056602
0.850519,0.381383,0.255344,-0.865096,0.038627,-0.116354,-0.045501,0.247463,-0.582887,-1.464665,0.979308,0.017101
0.842784,0.753522,-0.003711,-0.671950,-0.063824,-0.119545,0.079023,0.372139,-0.259055,0.193146,1.009617,0.024609
0.841444,0.613392,0.250632,0.764947,-0.095517,-0.137287,0.096782,-0.140130,0.254343,1.436897,1.012033,0.037338
0.839988,0.116878,0.098118,0.845904,-0.008092,-0.043846,0.064743,-0.496514,-0.152514,0.080957,0.859559,0.006180
0.837532,-0.132995,-0.448643,-0.523240,0.009161,0.043398,0.034134,-0.249873,-0.546761,-1.369144,0.701960,0.003132
0.839219,-0.442901,-0.458514,-0.671987,-0.083874,-0.034168,0.029599,-0.309906,-0.009871,-0.148747,0.926263,0.009078
0.845948,-0.794997,-0.059643,0.679903,-0.049173,-0.091396,0.147763,-0.352096,0.398871,1.351890,1.047781,0.032605
0.854069,-0.297476,-0.154577,0.789092,0.182522,0.056545,0.355591,0.497521,-0.094934,0.109189,0.857352,0.162957
0.861201,0.499185,-0.550734,-0.851219,0.311778,0.198992,0.407447,0.796661,-0.396157,-1.640311,1.130074,0.302816
0.867165,0.055982,-0.349287,-1.402714,0.123537,0.120796,0.222026,-0.443203,0.201447,-0.551495,1.446631,0.079149
0.872348,-0.914492,0.364088,0.360944,-0.201312,-0.042471,0.004905,-0.970474,0.713375,1.763658,1.048397,0.042354
0.876836,-0.751676,0.745243,1.966846,-0.353384,-0.090058,-0.106398,0.162816,0.381155,1.605902,2.233582,0.144311
0.879657,-0.068137,0.531836,1.110391,-0.251605,-0.014924,-0.134660,0.683539,-0.213407,-0.856455,1.233069,0.081661
0.879853,0.048989,0.115029,-0.954706,-0.097880,0.057442,-0.076090,0.117126,-0.416807,-2.065097,0.962858,0.018670
0.878920,0.025929,-0.222304,-1.381471,-0.081195,0.025521,0.050804,-0.023060,-0.337333,-0.426765,1.399483,0.009825
0.879600,0.082339,-0.471088,-0.228616,-0.081082,-0.005055,0.134221,0.056410,-0.248784,1.152855,0.530065,0.024615
0.882088,-0.004930,-0.625712,-0.255287,0.049146,0.140478,0.109351,-0.087269,-0.154624,-0.026671,0.675804,0.034107
0.884590,0.057266,-0.555355,-1.501930,0.087891,0.322232,0.015899,0.062196,0.070357,-1.246643,1.602340,0.111811
0.886558,0.135159,-0.122557,-0.856857,-0.145706,0.280730,-0.074836,0.077893,0.432798,0.645073,0.876066,0.105640
0.888161,-0.092396,0.422104,1.443428,-0.338205,0.122037,-0.100987,-0.227555,0.544661,2.300285,1.506716,0.139474
0.888828,-0.096543,0.470917,1.534695,-0.214343,0.073667,-0.057084,-0.004147,0.048813,0.091267,1.608220,0.054628
0.888736,0.219912,-0.019117,-0.734911,-0.024660,0.067314,-0.003424,0.316455,-0.490034,-2.269606,0.767347,0.005151
0.888957,0.191062,-0.299787,-1.585680,-0.023254,0.016292,0.021680,-0.028850,-0.280670,-0.850769,1.625041,0.001276
0.889520,0.040389,-0.067392,-0.380952,-0.055294,0.029513,0.030698,-0.150673,0.232395,1.204728,0.388970,0.004871
0.889778,0.249857,0.115440,0.132351,0.013288,0.092576,0.033254,0.209468,0.182832,0.513303,0.305404,0.009853
0.889743,0.191800,-0.032253,-0.481251,0.065945,0.061772,0.037255,-0.058057,-0.147693,-0.613602,0.519066,0.009552
0.889617,-0.392986,-0.188466,-0.585347,0.071121,-0.008289,0.056404,-0.584786,-0.156213,-0.104096,0.729787,0.008308
0.889598,-0.538419,-0.217378,-0.375940,0.093402,-0.003498,0.070086,-0.145433,-0.028912,0.209407,0.691722,0.013648
0.890212,-0.088192,-0.130908,-0.500464,0.052099,-0.022600,0.044846,0.450227,0.086470,-0.124524,0.524766,0.005236
0.891332,-0.024801,0.202599,-0.005493,-0.074751,-0.132127,-0.001290,0.063391,0.333507,0.494971,0.204185,0.023047
0.891837,-0.160655,0.514304,0.812359,-0.115262,-0.173390,-0.035816,-0.135854,0.311705,0.817852,0.974806,0.044632
0.891174,0.308732,0.300070,0.294033,-0.078469,-0.084644,-0.087639,0.469387,-0.214234,-0.518326,0.521357,0.021003
0.890084,0.284360,-0.204444,-0.521001,-0.150646,-0.018328,-0.180247,-0.024372,-0.504514,-0.815034,0.627774,0.055519
0.889530,-1.144556,-0.422904,0.251180,-0.221184,0.010186,-0.238908,-1.428916,-0.218460,0.772181,1.245772,0.106103
0.889783,-1.892767,-0.469697,0.787843,-0.059420,0.154254,-0.212518,-0.748211,-0.046793,0.536663,2.103302,0.072489
0.890425,-0.640344,-0.682900,-0.922739,0.158197,0.376207,-0.190885,1.252423,-0.213203,-1.710582,1.314473,0.202995
0.890859,0.424212,-0.789513,-2.507678,0.124928,0.435606,-0.220977,1.064556,-0.106613,-1.584939,2.663031,0.254190
0.890918,0.205793,-0.245960,-1.141371,-0.097737,0.218563,-0.176770,-0.218419,0.543553,1.366307,1.185569,0.088570
0.890861,0.391689,0.907243,1.863580,-0.278441,-0.108678,-0.003203,0.185896,1.153203,3.004951,2.109370,0.089351
0.890933,1.066072,1.631285,3.013052,-0.295224,-0.249926,0.135604,0.674383,0.724042,1.149472,3.588326,0.168009
0.891181,0.734618,0.873816,0.809513,-0.105054,-0.118997,0.127652,-0.331454,-0.757469,-2.203539,1.399475,0.041492
0.891348,-0.083422,-0.616485,-2.217930,0.159149,0.022061,0.087683,-0.818040,-1.490301,-3.027443,2.303525,0.033503
0.891073,-0.061114,-0.957368,-2.199417,0.240739,-0.046651,0.119390,0.022308,-0.340883,0.018513,2.399526,0.074386
0.890626,0.359738,-0.073895,0.265552,0.151868,-0.162073,0.152487,0.420852,0.883473,2.464969,0.453199,0.072584
0.890845,0.244033,0.312063,0.904900,0.105281,-0.091380,0.120097,-0.115705,0.385958,0.639348,0.987815,0.033858
0.892074,-0.298342,-0.260502,-0.582705,0.052682,0.086397,0.065028,-0.542375,-0.572565,-1.487605,0.704567,0.014468
0.893968,-0.750940,-0.597583,-0.465056,-0.144143,0.181410,0.019129,-0.452598,-0.337081,0.117649,1.066440,0.054053
0.896115,-0.884247,-0.259234,1.184944,-0.277233,0.190126,-0.036450,-0.133307,0.338349,1.650000,1.501062,0.114335
0.898100,-0.778928,0.018484,0.826072,-0.122612,0.153361,-0.082164,0.105319,0.277718,-0.358872,1.135546,0.045304
0.899436,-0.496607,-0.017301,-1.079231,0.110256,0.015683,-0.042047,0.282321,-0.035785,-1.905303,1.188132,0.014170
0.899956,0.220983,0.215826,-1.029594,0.163116,-0.157628,0.093513,0.717590,0.233127,0.049637,1.074932,0.060198
0.900065,1.061004,0.698787,0.497109,0.163611,-0.149833,0.138027,0.840021,0.482961,1.526703,1.364240,0.068270
0.900149,0.727150,0.326118,0.107665,0.261416,0.040252,-0.114623,-0.333854,-0.372669,-0.389444,0.804172,0.083097
0.899822,-0.748619,-0.996325,-1.752899,0.279175,0.156138,-0.517959,-1.475769,-1.322443,-1.860564,2.150755,0.370599
0.898941,-1.240813,-1.315996,-1.516300,0.116184,0.127895,-0.689022,-0.492194,-0.319671,0.236599,2.360218,0.504607
0.898526,-0.049624,0.103845,0.511513,0.021810,0.180983,-0.539637,1.191189,1.419841,2.027813,0.524301,0.324439
0.898241,1.045461,0.992885,0.425203,0.118031,0.406171,-0.309567,1.095085,0.889040,-0.086310,1.503199,0.274738
0.895340,1.265584,0.162895,-1.812901,0.175980,0.566464,-0.125318,0.220123,-0.829990,-2.238104,2.216946,0.367555
0.888746,1.338285,-0.287448,-2.182485,0.085691,0.436779,0.071581,0.072701,-0.450343,-0.369584,2.576213,0.203243
0.880128,1.039341,0.909422,0.266126,0.006141,0.058674,0.247593,-0.298944,1.196870,2.448611,1.406450,0.064783
0.870884,0.036909,2.020680,2.517900,0.025738,-0.400878,0.271415,-1.002432,1.111258,2.251774,3.228673,0.235032
0.862901,-0.584120,1.607800,2.572553,0.096815,-0.746547,0.144956,-0.621029,-0.412880,0.054653,3.089376,0.587718
0.858230,-0.208245,0.417342,0.929885,0.161661,-0.736053,0.017231,0.375875,-1.190458,-1.642668,1.040301,0.568205
0.854901,0.271253,-0.467548,-0.938391,0.167567,-0.362328,-0.027806,0.479498,-0.884890,-1.868276,1.082939,0.160133
0.849998,0.275131,-0.841744,-1.689550,0.135459,-0.059017,-0.036907,0.003878,-0.374196,-0.751159,1.907566,0.023194
0.845193,0.094391,-0.703822,-0.999305,0.130470,-0.181452,-0.041849,-0.180740,0.137922,0.690245,1.225922,0.051699
0.841561,-0.112346,-0.055058,0.363626,0.110854,-0.467085,-0.015976,-0.206737,0.648764,1.362931,0.384548,0.230712
0.835870,-0.201732,0.498721,1.124463,0.039361,-0.454551,0.025322,-0.089386,0.553779,0.760837,1.246529,0.208807
0.828426,0.085777,0.228468,0.336861,0.016912,-0.182972,0.041158,0.287509,-0.270253,-0.787602,0.415970,0.035459
0.824776,0.423441,-0.460552,-1.111322,0.081227,-0.025901,0.051304,0.337664,-0.689020,-1.448183,1.275322,0.009901
0.826039,0.323198,-0.526147,-1.188867,0.112448,-0.081902,0.081746,-0.100243,-0.065595,-0.077545,1.339661,0.026035
0.827463,0.026728,0.026546,0.056575,0.051065,-0.158778,0.101891,-0.296470,0.552693,1.245442,0.067969,0.038200
0.827018,-0.088163,0.318082,0.703482,-0.034686,-0.155511,0.096554,-0.114891,0.291536,0.646907,0.777069,0.034709
0.826731,-0.076507,0.111299,0.346383,-0.110346,-0.121270,0.098157,0.011656,-0.206783,-0.357099,0.371782,0.036517
0.827837,0.046780,-0.022401,0.157160,-0.201129,-0.113205,0.124941,0.123287,-0.133700,-0.189223,0.165498,0.068879
0.830937,0.264399,0.250583,0.449553,-0.246206,-0.162454,0.184619,0.217619,0.272984,0.292393,0.578616,0.121093
0.836454,0.366283,0.477858,0.418290,-0.120508,-0.203268,0.283689,0.101884,0.227275,-0.031263,0.733129,0.136320
0.842428,0.347233,0.008611,-0.450492,0.104667,-0.091759,0.348397,-0.019050,-0.469247,-0.868782,0.568848,0.140755
0.847891,0.074947,-0.909200,-1.386684,0.167556,0.113016,0.247593,-0.272286,-0.917811,-0.936192,1.659866,0.102150
0.855327,-0.843479,-1.208536,-1.046319,0.038494,0.142380,-0.039814,-0.918426,-0.299336,0.340365,1.807429,0.023339
0.863704,-1.781721,-0.606701,0.212614,-0.015776,-0.037541,-0.359688,-0.938242,0.601835,1.258933,1.894154,0.131034
0.867727,-1.336463,-0.019573,0.522667,0.069165,-0.161624,-0.484932,0.445258,0.587128,0.310053,1.435165,0.266065
0.867328,0.487813,0.335275,-0.075024,0.046299,-0.153857,-0.300667,1.824276,0.354848,-0.597691,0.596657,0.116216
0.866342,2.069676,1.292411,0.403954,-0.168783,-0.229469,0.024643,1.581863,0.957136,0.478978,2.473270,0.081751
0.864097,1.964565,2.170713,1.756209,-0.343031,-0.432643,0.183357,-0.105111,0.878302,1.352255,3.414056,0.338470
0.860044,0.330557,1.063711,1.459559,-0.266312,-0.499838,0.135982,-1.634008,-1.107002,-0.296650,1.836045,0.339251
0.859165,-0.895788,-1.233866,-0.879745,0.014198,-0.266363,0.074953,-1.226345,-2.297577,-2.339304,1.760344,0.076769
0.863215,-0.496133,-2.030849,-2.795346,0.278495,0.131594,-0.014686,0.399655,-0.796983,-1.915601,3.490624,0.095092
0.865570,0.002663,-1.445152,-2.718433,0.354122,0.494160,-0.248816,0.498796,0.585697,0.076913,3.078693,0.431506
0.860529,-0.477643,-1.155008,-1.360132,0.228102,0.710612,-0.438344,-0.480306,0.290144,1.358301,1.847199,0.749145
0.851216,-0.479365,-0.646919,0.285486,-0.014719,0.739721,-0.379445,-0.001722,0.508089,1.645618,0.854282,0.691382
0.845786,0.252732,0.543666,1.647504,-0.231316,0.659309,-0.223338,0.732097,1.190585,1.362018,1.753202,0.538075
0.848131,0.291010,1.065339,1.852754,-0.284511,0.560535,-0.099873,0.038278,0.521673,0.205250,2.156926,0.405121
0.854120,0.227118,0.962580,0.865015,-0.218943,0.366819,0.088080,-0.063892,-0.102759,-0.987739,1.313923,0.190250
0.858231,0.979744,1.436380,0.284721,-0.185047,0.070488,0.274623,0.752626,0.473800,-0.580294,1.761860,0.114629
0.860255,1.082294,1.574391,0.634882,-0.173958,-0.081704,0.264880,0.102550,0.138011,0.350161,2.013242,0.107098
0.862218,0.034517,0.367013,0.426577,-0.125682,-0.017648,0.137975,-1.047777,-1.207378,-0.208305,0.563789,0.035145
0.863885,-0.474444,-0.565139,-0.269131,-0.112132,-0.014270,0.087693,-0.508961,-0.932152,-0.695708,0.785437,0.020467
0.864340,-0.243589,-0.108499,0.101061,-0.109462,-0.143274,0.080142,0.230855,0.456640,0.370192,0.285168,0.038932
0.863472,-0.331217,0.225193,0.518892,0.031019,-0.128400,0.015683,-0.087628,0.333692,0.417831,0.655489,0.017695
0.861205,-0.383946,-0.398131,-0.619024,0.203477,0.059964,-0.063022,-0.052729,-0.623324,-1.137916,0.830129,0.048970
0.857929,-0.014679,-0.627720,-1.264840,0.155766,0.109921,-0.090872,0.369267,-0.229589,-0.645816,1.412115,0.044603
0.854546,0.045786,0.134274,0.386479,-0.014959,-0.042281,-0.077114,0.060465,0.761994,1.651319,0.411694,0.007958
0.851426,-0.185126,0.660994,1.744092,-0.026599,-0.137751,-0.051233,-0.230912,0.526720,1.357613,1.874311,0.022308
0.848471,-0.057106,0.308293,0.698329,0.074020,-0.092305,-0.013754,0.128020,-0.352701,-1.045763,0.765486,0.014188
0.845529,0.266589,-0.055212,-0.583050,0.047833,-0.047883,0.061467,0.323695,-0.363505,-1.281379,0.643479,0.008359
0.842998,0.537133,0.240921,-0.112150,-0.110305,-0.065742,0.153131,0.270544,0.296133,0.470900,0.599277,0.039938
0.842910,0.693051,0.729463,0.909675,-0.213520,-0.123814,0.186746,0.155918,0.488542,1.021825,1.356446,0.095795
0.847217,0.343361,0.635163,0.987940,-0.139636,-0.181588,0.183948,-0.349690,-0.094300,0.078265,1.223664,0.086309
0.854522,-0.090350,-0.175930,0.094017,0.073090,-0.121452,0.239275,-0.433711,-0.811093,-0.893923,0.218983,0.077345
0.861880,0.237687,-1.016378,-1.154085,0.235442,0.087310,0.302967,0.328037,-0.840448,-1.248102,1.556095,0.154845
0.868513,0.508713,-1.064393,-1.533418,0.172216,0.234588,0.238541,0.271026,-0.048015,-0.379333,1.934707,0.141592
0.874243,-0.221759,-0.306366,-0.172470,-0.038811,0.146721,0.056257,-0.730472,0.758027,1.360948,0.415672,0.026198
0.877691,-0.871138,0.451493,1.416352,-0.137067,-0.044097,-0.118849,-0.649379,0.757859,1.588822,1.723015,0.034857
0.878573,-0.500184,0.557672,0.941162,-0.030443,-0.140344,-0.194456,0.370954,0.106179,-0.475190,1.202900,0.058436
0.877859,0.188427,0.274869,-0.799435,0.090187,-0.196783,-0.145604,0.688611,-0.282803,-1.740597,0.866114,0.068058
0.875824,0.463045,0.246353,-0.997648,0.068104,-0.316091,-0.028824,0.274618,-0.028516,-0.198213,1.127121,0.105382
0.873110,0.160831,0.321816,0.292742,0.021362,-0.349571,0.054739,-0.302214,0.075463,1.290390,0.463821,0.125653
0.871244,-0.393312,-0.083002,0.429737,0.055050,-0.179229,0.051430,-0.554143,-0.404818,0.136995,0.588437,0.037799
0.870883,-0.369131,-0.614567,-0.714861,-0.018641,0.013423,-0.027937,0.024181,-0.531565,-1.144598,1.012411,0.001308
0.872378,0.165064,-0.570915,-0.763750,-0.310170,0.123503,-0.119771,0.534195,0.043652,-0.048889,0.967731,0.125804
0.876251,0.263902,-0.292635,0.219487,-0.524151,0.278470,-0.132075,0.098838,0.278280,0.983237,0.451059,0.369724
0.881002,0.101011,-0.298466,0.060806,-0.410883,0.415095,-0.048821,-0.162891,-0.005831,-0.158681,0.320909,0.343512
0.884201,0.299664,-0.239319,-1.007023,-0.153247,0.319145,0.040720,0.198653,0.059147,-1.067829,1.077575,0.126996
0.885966,0.293251,0.071578,-1.090380,0.008878,0.076848,0.066298,-0.006413,0.310897,-0.083357,1.131392,0.010380
0.887558,-0.140437,0.160966,-0.410941,0.096997,-0.044060,0.052578,-0.433688,0.089388,0.679439,0.463147,0.014114
0.888710,-0.035238,-0.031702,-0.360682,0.158745,0.013002,0.054597,0.105199,-0.192668,0.050259,0.363783,0.028350
0.889026,0.531897,-0.008598,-0.495269,0.110534,0.106287,0.058858,0.567135,0.023104,-0.134587,0.726829,0.026979
0.888720,0.313960,0.324499,0.352475,-0.070771,0.115269,-0.003426,-0.217937,0.333097,0.847744,0.572808,0.018307
0.887507,-0.472513,0.524468,1.242768,-0.224193,0.068619,-0.106093,-0.786473,0.199969,0.890293,1.429268,0.066227
0.885759,-0.463674,0.338970,0.552924,-0.186487,0.069488,-0.113745,0.008839,-0.185498,-0.689844,0.797257,0.052544
0.885203,0.045834,-0.024988,-0.665260,-0.031998,0.105143,-0.007932,0.509508,-0.363958,-1.218184,0.667305,0.012142
0.886454,-0.310698,-0.337254,-0.461750,0.035722,0.109481,0.060405,-0.356532,-0.312266,0.203510,0.650758,0.016911
0.888334,-1.104532,-0.534578,0.297858,-0.006242,0.133529,0.020423,-0.793834,-0.197324,0.759608,1.262729,0.018286
0.890119,-0.834549,-0.436335,0.159164,-0.047551,0.199839,-0.031161,0.269983,0.098243,-0.138694,0.955088,0.043168
0.891911,0.256968,0.074156,0.129713,-0.085151,0.196262,-0.028403,1.091517,0.510491,-0.029451,0.297249,0.046576
0.893250,0.737995,0.560324,0.749634,-0.138473,0.118711,-0.024946,0.481027,0.486168,0.619921,1.191869,0.033889
0.893276,0.368467,0.469382,0.488825,-0.140595,0.106459,-0.063469,-0.369528,-0.090942,-0.260809,0.771387,0.035129
0.891991,-0.096571,0.003910,-0.594249,-0.109981,0.134036,-0.099283,-0.465038,-0.465472,-1.083074,0.602057,0.039919
0.890703,-0.383314,-0.180684,-0.541560,-0.132252,0.047932,-0.072506,-0.286743,-0.184594,0.052689,0.687651,0.025045
0.890947,-0.552343,-0.048798,0.463927,-0.122993,-0.071486,0.020447,-0.169029,0.131886,1.005487,0.722975,0.020656
0.892735,-0.377165,-0.169256,0.213340,0.027487,0.002698,0.117336,0.175178,-0.120458,-0.250587,0.465204,0.014531
0.894715,0.122311,-0.602930,-1.412967,0.146248,0.221069,0.114556,0.499476,-0.433674,-1.626307,1.541091,0.083383
0.896100,0.297042,-0.690389,-1.906652,0.018433,0.321851,-0.042596,0.174731,-0.087459,-0.493685,2.049437,0.105742
0.897046,-0.131284,-0.217219,-0.264127,-0.199297,0.262049,-0.254417,-0.428326,0.473170,1.642525,0.366310,0.173117
0.897481,-0.348708,0.175559,1.036820,-0.214080,0.212533,-0.328080,-0.217424,0.392778,1.300947,1.107887,0.198637
0.897131,0.257769,0.179096,0.155379,-0.073366,0.203060,-0.191475,0.606477,0.003537,-0.881441,0.350233,0.083279
0.896283,0.912092,0.295295,-0.789390,-0.026690,0.141028,0.021564,0.654323,0.116199,-0.944769,1.241873,0.021066
0.895488,0.790772,0.645399,0.184275,-0.109588,0.078831,0.134244,-0.121320,0.350104,0.973665,1.037216,0.036245
0.894924,0.344216,0.628376,1.142237,-0.164345,0.093094,0.119534,-0.446556,-0.017023,0.957962,1.348350,0.049964
0.894454,0.197512,0.157294,0.325314,-0.084256,0.058267,0.091350,-0.146704,-0.471082,-0.816923,0.411803,0.018839
0.893969,0.171088,-0.189874,-0.612566,0.108892,-0.109633,0.126903,-0.026424,-0.347168,-0.937880,0.663747,0.039981
0.893661,-0.021654,-0.326949,-0.512566,0.279369,-0.211767,0.168394,-0.192742,-0.137075,0.100000,0.608349,0.151249
0.894089,-0.206183,-0.563994,-0.623128,0.270876,-0.078802,0.131767,-0.184529,-0.237045,-0.110562,0.865384,0.096946
0.895630,-0.144405,-0.642500,-0.867312,0.064046,0.125625,0.024425,0.061778,-0.078506,-0.244184,1.088985,0.020480
0.897869,-0.066905,-0.180395,0.316188,-0.195243,0.180440,-0.083480,0.077500,0.462105,1.183500,0.370126,0.077647
0.899921,-0.220172,0.378653,1.820647,-0.322750,0.146859,-0.124834,-0.153267,0.559048,1.504459,1.872594,0.141319
0.901198,-0.105982,0.412218,1.226469,-0.283636,0.166020,-0.089306,0.114190,0.033565,-0.594178,1.298223,0.115988
0.901677,0.494728,0.148203,-0.306927,-0.226064,0.166114,-0.041913,0.600710,-0.264015,-1.533396,0.600770,0.080455
0.901755,0.594321,0.047551,-0.382674,-0.194416,0.078628,-0.015385,0.099593,-0.100652,-0.075747,0.708462,0.044217
0.901994,-0.177440,-0.058110,-0.069135,-0.044953,0.044802,0.027003,-0.771761,-0.105661,0.313539,0.199101,0.004757
0.902700,-0.640343,-0.319201,-0.639583,0.146956,0.113703,0.029463,-0.462903,-0.261091,-0.570448,0.959685,0.035393
0.903465,-0.216751,-0.397143,-0.579677,0.095013,0.127304,-0.125118,0.423592,-0.077942,0.059906,0.735343,0.040888
0.903377,0.349485,-0.212036,0.207738,-0.121298,0.070071,-0.350232,0.566236,0.185107,0.787415,0.458535,0.142286
0.902251,0.707406,0.081453,0.028571,-0.152013,0.068775,-0.409940,0.357921,0.293489,-0.179167,0.712653,0.195889
0.901020,1.068099,0.677199,-0.141478,-0.032896,0.076706,-0.251265,0.360693,0.595746,-0.170049,1.272576,0.070100
0.900091,1.152998,1.304685,0.992242,-0.056857,0.000988,-0.048262,0.084899,0.627486,1.133720,2.004034,0.005563
0.898891,0.732088,1.013845,1.249837,-0.174486,-0.058320,0.045763,-0.420910,-0.290840,0.257595,1.768029,0.035941
0.897645,0.318178,-0.011883,-0.415413,-0.120291,-0.029789,0.055513,-0.413910,-1.025728,-1.665250,0.523399,0.018439
0.897081,0.100420,-0.456702,-1.112359,0.087009,-0.042296,0.097256,-0.217758,-0.444819,-0.696946,1.206650,0.018818
0.896692,-0.477873,-0.243980,0.080754,0.219944,-0.156735,0.169421,-0.578293,0.212722,1.193113,0.542596,0.101645
0.896182,-1.163833,-0.349460,0.400062,0.218466,-0.217427,0.152191,-0.685960,-0.105480,0.319308,1.279328,0.118164
0.896820,-0.833345,-0.648506,-0.489557,0.137223,-0.117282,0.053615,0.330488,-0.299046,-0.889619,1.163911,0.035460
0.899260,0.275960,-0.518770,-0.285872,-0.049094,0.029710,0.014023,1.109305,0.129736,0.203685,0.653452,0.003490
0.902684,0.592207,-0.245308,0.547731,-0.258515,0.056761,0.051683,0.316247,0.273462,0.833603,0.843146,0.072723
0.905915,-0.082217,-0.034757,0.096367,-0.243295,-0.068374,0.095677,-0.674424,0.210551,-0.451364,0.131356,0.073022
0.907279,-0.454510,0.230439,-1.132154,0.031120,-0.218415,0.130616,-0.372293,0.265196,-1.228521,1.241553,0.065734
0.906344,-0.325524,-0.002497,-1.650142,0.298998,-0.245091,0.051314,0.128986,-0.232936,-0.517988,1.681946,0.152103
0.905196,-0.525500,-0.786760,-0.843263,0.350072,-0.156622,-0.264452,-0.199976,-0.784263,0.806879,1.267373,0.217016
0.903293,-0.872519,-1.064109,0.339799,0.265332,-0.054361,-0.615272,-0.347019,-0.277349,1.183062,1.417420,0.451916
0.897074,-0.637557,-0.647524,-0.120311,0.367956,-0.013855,-0.697201,0.234962,0.416585,-0.460110,0.916647,0.621673
0.888291,0.194796,0.020389,-1.016339,0.800011,-0.143550,-0.538091,0.832353,0.667913,-0.896028,1.035039,0.950166
0.880553,1.268999,1.212785,1.173526,1.117326,-0.443585,-0.287967,1.074203,1.192396,2.189865,2.111485,1.528110
0.869706,2.160180,2.338794,4.560492,0.869047,-0.653761,0.049528,0.891181,1.126009,3.386966,5.561872,1.185099
0.853772,2.469913,2.226855,4.162689,0.476445,-0.686626,0.438819,0.309733,-0.111939,-0.397803,5.327976,0.891017
0.841392,1.730085,1.755572,1.484103,0.654610,-0.944404,0.735273,-0.739828,-0.471283,-2.678586,2.877115,1.861040
0.835076,-0.366727,2.106967,1.833988,1.167783,-1.692479,0.815883,-2.096812,0.351395,0.349885,2.817323,4.893867
0.824923,-2.098712,2.062294,4.449096,1.223405,-2.419931,0.685554,-1.731985,-0.044673,2.615108,5.334051,7.822770
0.808772,-1.068931,0.425291,3.556234,0.850935,-2.384038,0.538516,1.029781,-1.637003,-0.892862,3.737685,6.697727
0.796688,0.956066,-1.514172,-1.566472,0.707832,-1.655995,0.535498,2.024997,-1.939463,-5.122706,2.379204,3.530104
0.792051,0.373722,-1.912992,-4.563086,0.826091,-1.036186,0.521592,-0.582344,-0.398820,-2.996614,4.961951,2.028166
0.787432,-1.597986,-0.873034,-2.350610,0.754588,-0.944856,0.319376,-1.971708,1.039958,2.212476,2.973401,1.564157
0.778800,-1.615143,-0.070640,0.073293,0.515915,-1.047609,0.116774,-0.017157,0.802394,2.423903,1.618348,1.377289
0.770482,-0.428510,-0.565530,-0.941518,0.383817,-0.966853,0.142425,1.186633,-0.494890,-1.014811,1.178941,1.102405
0.767361,-0.356739,-1.685993,-2.407357,0.266967,-0.698270,0.251175,0.071771,-1.120463,-1.465839,2.960609,0.621941
0.769842,-0.976203,-2.191554,-1.960116,0.050285,-0.389638,0.203428,-0.619464,-0.505561,0.447241,3.098054,0.195729
0.775405,-1.033853,-1.665664,-1.345934,-0.044175,-0.219415,0.048446,-0.057650,0.525890,0.614182,2.377988,0.052441
0.780443,-0.617803,-0.525039,-1.194040,0.093445,-0.316548,-0.028004,0.416050,1.140625,0.151894,1.443287,0.109719
0.781706,-0.196053,0.329325,-0.075326,0.178022,-0.518518,0.008217,0.421750,0.854364,1.118714,0.390597,0.300620
0.779395,-0.071536,0.076136,1.202694,0.015183,-0.505286,0.055472,0.124517,-0.253189,1.278020,1.207223,0.258622
0.777621,-0.295060,-0.827061,0.630251,-0.165096,-0.276882,0.045561,-0.223524,-0.903197,-0.572443,1.080882,0.105996
0.778886,-0.312816,-0.969135,-0.773927,-0.109098,-0.146724,0.007283,-0.017756,-0.142074,-1.404178,1.279078,0.033483
0.779541,0.093190,-0.135930,-0.717585,0.063277,-0.250871,-0.010486,0.406006,0.833205,0.056342,0.736267,0.067050
0.774602,0.232233,0.507635,0.376978,0.071281,-0.396658,-0.002368,0.139043,0.643565,1.094563,0.673601,0.162424
0.765487,-0.052672,0.403108,0.619263,-0.093687,-0.390433,0.027851,-0.284905,-0.104527,0.242285,0.740781,0.161991
0.757069,-0.096489,-0.063511,-0.324910,-0.151367,-0.261403,0.069875,-0.043817,-0.466619,-0.944173,0.344834,0.096126
0.749456,0.014267,-0.509607,-1.172448,0.016386,-0.157177,0.074738,0.110756,-0.446096,-0.847538,1.278490,0.030559
0.740742,-0.159216,-0.430204,-0.659692,0.144590,-0.164147,0.043207,-0.173483,0.079403,0.512756,0.803504,0.049717
0.733813,0.014777,0.438119,0.770517,0.013460,-0.229451,0.070232,0.173993,0.868323,1.430209,0.886489,0.057761
0.731756,0.707999,1.000190,1.197417,-0.206251,-0.229455,0.154609,0.693222,0.562071,0.426900,1.713316,0.119093
0.733269,0.441324,0.120223,0.137842,-0.251007,-0.149769,0.151346,-0.266675,-0.879967,-1.059575,0.477725,0.108341
0.739734,-0.904888,-1.212183,-0.801876,-0.084522,-0.103705,0.065552,-1.346212,-1.332406,-0.939718,1.712079,0.022196
0.755442,-1.037479,-1.398869,-1.093028,0.172178,-0.093596,0.087388,-0.132591,-0.186686,-0.291152,2.056188,0.046042
0.776195,0.448186,-0.725708,-1.404663,0.327503,0.033247,0.208477,1.485665,0.673161,-0.311635,1.643351,0.151826
0.792314,1.126453,-0.160109,-0.738575,0.183418,0.269596,0.195581,0.678267,0.565599,0.666088,1.356475,0.144576
0.802416,0.446658,0.339949,1.401549,-0.205948,0.380944,0.021620,-0.679795,0.500058,2.140124,1.509771,0.188000
0.809739,0.285238,0.723487,1.887758,-0.443100,0.300915,-0.073170,-0.161420,0.383538,0.486209,2.041672,0.292241
0.812873,0.684333,0.421789,-0.754033,-0.249465,0.243826,0.021277,0.399095,-0.301698,-2.641791,1.102172,0.122137
0.812384,-0.121695,-0.291750,-2.107506,0.093213,0.271349,0.141628,-0.806028,-0.713539,-1.353473,2.131082,0.102377
0.814843,-1.919461,-0.633422,0.362622,0.133332,0.202035,0.121715,-1.797766,-0.341672,2.470128,2.053545,0.073410
0.823170,-2.403251,-0.578179,2.180581,-0.085797,0.081647,0.003414,-0.483790,0.055243,1.817959,3.296186,0.014039
0.833460,-0.618738,-0.258583,0.785679,-0.224927,0.141248,-0.068950,1.784513,0.319596,-1.394902,1.032954,0.075297
0.842069,1.617576,0.575581,0.027004,-0.233819,0.231863,-0.054256,2.236314,0.834164,-0.758675,1.717141,0.111375
0.847696,2.134746,1.429829,1.156155,-0.222521,0.037035,-0.024725,0.517170,0.854248,1.129151,2.817489,0.051499
0.848892,0.935205,1.073711,0.572145,-0.120074,-0.226287,-0.029555,-1.199541,-0.356118,-0.584010,1.534540,0.066497
0.845490,-0.626872,-0.476233,-1.569513,0.105437,-0.122703,-0.062152,-1.562077,-1.549944,-2.141658,1.755887,0.030036
0.840738,-1.778178,-1.611086,-1.591814,0.269232,0.212328,-0.119436,-1.151306,-1.134853,-0.022301,2.879477,0.131834
0.838428,-2.158723,-1.390000,0.042874,0.257967,0.354527,-0.190511,-0.380545,0.221086,1.634688,2.567883,0.228531
0.838584,-1.330583,-0.392327,0.568663,0.151247,0.275974,-0.220646,0.828140,0.997673,0.525789,1.499250,0.147722
0.838628,0.350158,0.774863,0.599996,0.006220,0.143010,-0.149070,1.680741,1.167190,0.031333,1.040682,0.042712
0.838557,1.637472,1.637420,1.263797,-0.159572,-0.036295,0.018879,1.287314,0.862557,0.663801,2.638113,0.027137
0.841178,1.746467,1.306263,1.046233,-0.234415,-0.158911,0.186295,0.108995,-0.331157,-0.217564,2.418899,0.114909
0.846780,0.903560,-0.003142,-0.378087,-0.163218,-0.023679,0.235404,-0.842907,-1.309405,-1.424320,0.979480,0.082616
0.852427,-0.287132,-0.687230,-0.914981,-0.114004,0.251913,0.136613,-1.190692,-0.684088,-0.536894,1.179797,0.095120
0.856729,-1.010144,-0.281261,-0.150048,-0.217974,0.370636,-0.019119,-0.723012,0.405969,0.764933,1.059251,0.185249
0.860155,-0.485719,0.260906,0.436124,-0.315151,0.300771,-0.091772,0.524425,0.542167,0.586172,0.702993,0.198205
0.862005,0.637077,0.547874,0.465925,-0.212844,0.128603,-0.032430,1.122796,0.286968,0.029801,0.960791,0.062893
0.861936,0.588493,0.516651,0.174329,0.023976,-0.151060,0.064511,-0.048584,-0.031223,-0.291596,0.802274,0.027556
0.862036,-0.486610,-0.188566,-0.622259,0.236322,-0.354504,0.131089,-1.075103,-0.705217,-0.796588,0.812128,0.198705
0.864550,-0.621292,-1.056492,-1.191455,0.315991,-0.191350,0.204862,-0.134682,-0.867926,-0.569196,1.709311,0.178434
0.870409,-0.012893,-1.139629,-0.554190,0.108012,0.185670,0.207730,0.608399,-0.083137,0.637265,1.267299,0.089292
0.879353,-0.418104,-0.853677,0.078620,-0.345402,0.384043,-0.032870,-0.405211,0.285952,0.632810,0.953812,0.267872
0.888311,-0.962408,-1.042358,-1.227691,-0.544611,0.444704,-0.388544,-0.544304,-0.188681,-1.306311,1.876157,0.645329
0.892546,-0.083325,-1.094083,-3.262277,-0.183787,0.572563,-0.488801,0.879083,-0.051725,-2.034586,3.441862,0.600532
0.891201,0.741625,-0.284290,-2.931460,0.244117,0.588899,-0.267896,0.824950,0.809793,0.330817,3.037151,0.478163
0.888318,0.191718,0.429691,-0.482547,0.212252,0.370211,-0.019019,-0.549907,0.713981,2.448913,0.673975,0.182469
0.886038,-0.262391,0.209406,0.758334,-0.032310,0.202499,0.072456,-0.454109,-0.220285,1.240881,0.829319,0.047300
0.881044,0.207065,0.108213,0.036958,-0.045466,0.206363,0.080405,0.469456,-0.101193,-0.721376,0.236541,0.051118
0.871841,0.517083,0.968526,0.072145,0.104059,0.136725,0.096647,0.310018,0.860313,0.035187,1.100283,0.038863
0.863141,0.217797,1.644499,1.815058,0.144162,-0.090521,0.095225,-0.299286,0.675973,1.742913,2.458912,0.038045
0.856458,-0.154390,1.028879,2.540051,0.080060,-0.296807,0.025439,-0.372187,-0.615620,0.724993,2.744866,0.095151
0.846815,-0.198989,-0.106198,0.691157,0.079975,-0.362339,-0.077021,-0.044599,-1.135077,-1.848894,0.727030,0.143618
0.834181,0.094925,-0.434272,-1.069455,0.139834,-0.309181,-0.126671,0.293914,-0.328074,-1.760612,1.158161,0.131192
0.822715,0.342073,0.155134,-0.315870,0.084895,-0.244221,-0.090918,0.247148,0.589406,0.753585,0.490769,0.075117
0.809680,0.291811,0.650065,1.063453,-0.102605,-0.256569,0.002984,-0.050262,0.494931,1.379323,1.280106,0.076364
0.794231,0.076631,0.165549,0.408091,-0.187099,-0.282172,0.099722,-0.215180,-0.484516,-0.655362,0.447009,0.124572
0.788426,-0.330589,-0.943417,-1.373194,-0.029431,-0.211752,0.145937,-0.407220,-1.108966,-1.781285,1.698525,0.067003
0.800235,-0.806341,-1.420264,-1.848428,0.198540,-0.057966,0.157545,-0.475752,-0.476847,-0.475234,2.466581,0.067599
0.818614,-0.797361,-0.779090,-0.590396,0.252253,0.130780,0.170818,0.008980,0.641174,1.258032,1.261481,0.109914
0.830288,-0.126068,0.206878,1.115449,0.064234,0.292676,0.132742,0.671293,0.985968,1.705845,1.141454,0.107406
0.836535,0.800078,0.730896,1.736944,-0.224142,0.280171,0.020719,0.926146,0.524018,0.621495,2.047268,0.129165
0.843192,1.306652,0.559197,0.428523,-0.338241,0.095330,-0.043412,0.506574,-0.171699,-1.308421,1.484477,0.125379
0.849260,0.785489,-0.132507,-1.536306,-0.156315,0.004004,0.007566,-0.521163,-0.691704,-1.964829,1.730545,0.024508
0.853123,-0.405646,-0.701576,-1.714415,0.063004,0.094812,0.064977,-1.191135,-0.569069,-0.178109,1.896306,0.017181
0.857356,-1.115580,-0.613813,-0.224728,0.040486,0.136248,0.039542,-0.709934,0.087763,1.489687,1.292976,0.021766
0.862908,-0.808215,-0.147682,0.487078,-0.108838,0.076502,-0.025097,0.307365,0.466131,0.711806,0.955126,0.018328
0.867639,0.237688,0.233258,-0.074619,-0.160737,0.101752,-0.061404,1.045903,0.380940,-0.561697,0.341281,0.039960
0.870852,1.301645,0.510464,-0.318411,-0.142316,0.156038,-0.057009,1.063957,0.277206,-0.243792,1.433959,0.047852
0.873057,1.357412,0.589462,0.045249,-0.123918,0.040949,-0.043636,0.055767,0.078998,0.363660,1.480568,0.018937
0.873552,0.316050,0.135586,-0.002324,-0.040102,-0.105487,-0.054625,-1.041362,-0.453876,-0.047573,0.343914,0.015720
0.871869,-0.601992,-0.720698,-0.632047,0.107956,-0.003379,-0.079679,-0.918042,-0.856284,-0.629723,1.131938,0.018015
0.869208,-0.864667,-1.215523,-1.012517,0.177746,0.254728,-0.091033,-0.262675,-0.494825,-0.380470,1.802869,0.104767
0.867336,-1.048324,-0.768690,-0.434664,0.083699,0.333654,-0.087843,-0.183657,0.446833,0.577853,1.370693,0.126047
0.867358,-0.880546,0.255461,0.777777,-0.098232,0.166803,-0.055645,0.167778,1.024151,1.212441,1.202314,0.040569
0.869177,0.388602,0.865923,1.385634,-0.228222,0.001998,0.037403,1.269148,0.610462,0.607857,1.679528,0.053488
0.871974,1.751811,0.585906,0.649132,-0.217745,0.012564,0.152192,1.363209,-0.280017,-0.736502,1.957933,0.070733
0.875191,1.499409,-0.027269,-0.707910,-0.070075,0.128254,0.195175,-0.252402,-0.613175,-1.357042,1.658345,0.059453
0.878244,0.009751,-0.215578,-1.107963,0.098284,0.197276,0.130780,-1.489658,-0.188309,-0.400053,1.128783,0.065681
0.880192,-1.051162,0.010682,0.145978,0.111780,0.114349,-0.010736,-1.060913,0.226260,1.253941,1.061304,0.025686
0.880584,-1.050328,0.205218,1.473571,-0.054131,-0.092118,-0.167635,0.000834,0.194536,1.327593,1.821185,0.039517
0.879633,-0.252958,0.370265,0.947338,-0.206329,-0.221987,-0.245907,0.797370,0.165047,-0.526233,1.048109,0.152320
0.877801,0.674075,0.668303,-0.315763,-0.219519,-0.183708,-0.197851,0.927033,0.298038,-1.263101,1.000356,0.121082
0.875871,0.795059,0.577983,-0.228736,-0.165417,-0.146724,-0.082620,0.120984,-0.090320,0.087027,1.009209,0.055717
0.874436,0.122452,-0.467586,-0.022261,-0.050792,-0.121708,0.010226,-0.672607,-1.045569,0.206475,0.483866,0.017497
0.873422,-0.571925,-1.685303,-1.124972,0.171885,0.119055,0.006721,-0.694377,-1.217717,-1.102711,2.105447,0.043764
0.872819,-1.073085,-1.607883,-1.107309,0.305386,0.475560,-0.113979,-0.501160,0.077420,0.017663,2.227764,0.332409
0.872824,-1.072591,-0.243407,1.198924,0.134235,0.572068,-0.221943,0.000494,1.364476,2.306233,1.626996,0.394540
0.873194,-0.142209,0.985113,2.405512,-0.166804,0.376593,-0.161752,0.930382,1.228520,1.206588,2.603298,0.195810
0.873920,0.937010,1.325697,1.133485,-0.320037,0.146686,0.012024,1.079219,0.340584,-1.272027,1.979962,0.124085
0.875684,1.282067,1.068313,-0.018165,-0.317205,0.028803,0.147112,0.345057,-0.257384,-1.151650,1.668927,0.123091
0.878053,1.140939,0.510412,-0.470977,-0.204869,0.034955,0.208184,-0.141128,-0.557901,-0.452812,1.335695,0.086534
0.879176,0.625670,-0.013571,-1.264184,0.026486,0.054084,0.217108,-0.515269,-0.523983,-0.793207,1.410606,0.050762
0.878588,-0.387183,-0.147620,-1.189156,0.242130,-0.068581,0.181195,-1.012853,-0.134049,0.075028,1.259283,0.096162
0.877597,-1.197476,-0.150273,0.143903,0.277984,-0.247807,0.126892,-0.810293,-0.002653,1.333059,1.215417,0.154785
0.876973,-1.077814,-0.387572,0.689491,0.146457,-0.254337,0.070171,0.119662,-0.237299,0.545588,1.336897,0.091061
0.877543,-0.226771,-0.602486,0.165737,-0.070254,-0.068848,0.017573,0.851043,-0.214914,-0.523754,0.664743,0.009984
0.880814,0.567767,-0.513984,-0.077536,-0.264946,0.164283,0.006188,0.794538,0.088502,-0.243273,0.769773,0.097224
0.885719,0.518856,-0.272263,-0.199301,-0.289288,0.316504,0.040097,-0.048911,0.241721,-0.121765,0.618918,0.185470
0.888847,-0.278236,-0.008119,-0.486553,-0.147189,0.277223,0.063971,-0.797092,0.264144,-0.287252,0.560549,0.102609
0.889634,-0.709551,0.309801,-0.314750,0.011233,0.047877,0.057564,-0.431315,0.317920,0.171803,0.835767,0.005732
0.890072,-0.192200,0.574170,-0.071852,0.145504,-0.198748,0.051901,0.517351,0.264369,0.242898,0.609733,0.063366
0.890000,0.542628,0.534743,-0.431441,0.269357,-0.298839,0.055467,0.734828,-0.039427,-0.359589,0.875521,0.164935
0.888184,0.550778,0.138333,-0.534529,0.281073,-0.231616,0.039481,0.008150,-0.396410,-0.103088,0.779881,0.134207
0.885704,-0.303533,-0.330894,0.428386,0.112228,-0.090717,-0.038893,-0.854311,-0.469227,0.962915,0.620595,0.022337
0.883989,-1.149609,-0.549294,1.445182,-0.147215,0.006164,-0.194529,-0.846076,-0.218400,1.016796,1.926623,0.059552
0.882412,-0.903832,-0.345690,1.141888,-0.356343,0.041300,-0.340025,0.245777,0.203604,-0.303294,1.496771,0.244303
0.880327,0.202773,0.245500,0.077835,-0.424900,0.082674,-0.328826,1.106605,0.591190,-1.064053,0.327789,0.295502
0.879022,0.940520,0.662205,-0.022440,-0.366108,0.145791,-0.131156,0.737747,0.416705,-0.100275,1.150477,0.172492
0.880314,0.943934,0.202211,0.450154,-0.239038,0.211173,0.123962,0.003414,-0.459994,0.472594,1.065148,0.117100
0.884028,0.481896,-0.743684,-0.584982,-0.016317,0.278542,0.293191,-0.462038,-0.945895,-1.035136,1.061835,0.163813
0.887679,-0.400075,-0.935617,-2.177649,0.267947,0.276241,0.322309,-0.881971,-0.191933,-1.592667,2.403663,0.251988
0.889373,-0.843108,-0.096509,-1.146465,0.351797,0.123515,0.240928,-0.443033,0.839108,1.031184,1.426368,0.197063
0.889759,0.095089,0.711742,1.451282,0.108427,-0.049880,0.117943,0.938197,0.808251,2.597747,1.619209,0.028155
0.889846,1.093046,0.672544,1.640102,-0.176706,-0.022588,0.010674,0.997957,-0.039198,0.188820,2.082546,0.031849
0.889505,0.400648,0.162214,0.033751,-0.252515,0.146629,-0.044330,-0.692398,-0.510330,-1.606351,0.433557,0.087229
0.889212,-0.885359,-0.147260,-0.035803,-0.211743,0.188352,-0.017358,-1.286007,-0.309474,-0.069554,0.898236,0.080613
0.890049,-0.846718,-0.293929,0.391883,-0.125575,0.099705,0.082505,0.038641,-0.146669,0.427686,0.978212,0.032517
0.891802,-0.100566,-0.543928,-1.087369,0.050853,0.156438,0.164065,0.746152,-0.249999,-1.479252,1.219976,0.053976
0.893711,-0.126292,-0.726929,-2.383938,0.142601,0.396141,0.098106,-0.025726,-0.183001,-1.296569,2.495503,0.186888
0.895733,-0.489731,-0.701218,-1.346990,-0.002386,0.536883,-0.118679,-0.363439,0.025711,1.036948,1.595596,0.302334
0.897060,-0.235135,-0.539421,-0.234245,-0.094643,0.431055,-0.294273,0.254596,0.161797,1.112745,0.633352,0.281362
0.896019,0.209112,-0.110850,-0.512016,0.099661,0.216902,-0.283799,0.444247,0.428571,-0.277771,0.564071,0.137521
0.892992,0.336865,0.453449,-0.110397,0.245491,0.089633,-0.189957,0.127753,0.564299,0.401619,0.575571,0.104384
0.889758,0.419199,0.532445,1.188737,0.030080,0.132239,-0.150334,0.082334,0.078996,1.299134,1.368328,0.040992
0.885305,0.414922,0.204825,0.669864,-0.231557,0.262350,-0.122021,-0.004277,-0.327620,-0.518873,0.814145,0.137335
0.878007,0.226091,0.370486,-1.380956,-0.106233,0.305362,-0.025248,-0.188831,0.165661,-2.050820,1.447555,0.105169
0.870937,0.147770,1.088955,-1.015008,0.234278,0.144037,0.089356,-0.078321,0.718469,0.365948,1.495961,0.083617
0.866970,-0.050323,1.323109,2.107739,0.305811,-0.192485,0.104682,-0.198093,0.234154,3.122747,2.489119,0.141529
0.862303,-0.363640,0.626369,2.875111,0.108017,-0.465226,0.000319,-0.313317,-0.696740,0.767372,2.964934,0.228103
0.854116,0.223979,-0.205255,-0.465039,0.042825,-0.395391,-0.081969,0.587619,-0.831624,-3.340150,0.555480,0.164887
0.847727,1.275568,-0.326144,-2.570685,0.156807,-0.095047,-0.019836,1.051589,-0.120889,-2.105646,2.888229,0.034016
0.847450,0.754655,0.111635,-0.331358,0.130139,-0.000968,0.091438,-0.520913,0.437779,2.239327,0.831724,0.025298
0.849787,-0.810656,0.270864,2.025719,-0.066630,-0.218555,0.114476,-1.565311,0.159229,2.357077,2.198651,0.065311
0.852043,-0.814517,-0.248738,0.989590,-0.138264,-0.371000,0.108459,-0.003861,-0.519602,-1.036129,1.305602,0.168521
0.856728,0.294670,-0.835331,-0.972466,-0.020184,-0.201995,0.154826,1.109187,-0.586593,-1.962056,1.315408,0.065180
0.863763,0.121336,-0.699503,-0.911477,0.038640,0.099313,0.167467,-0.173334,0.135828,0.060989,1.155343,0.039401
0.869030,-0.703063,0.047895,0.422602,-0.090019,0.236364,0.082440,-0.824399,0.747398,1.334079,0.821696,0.070768
0.871691,-0.366311,0.673203,1.303861,-0.259135,0.144572,-0.018141,0.336752,0.625308,0.881259,1.512428,0.088381
0.874262,0.360672,0.672132,1.095681,-0.290125,-0.012669,-0.052895,0.726983,-0.001071,-0.208180,1.335052,0.087131
0.877125,0.549024,0.079920,-0.205577,-0.148142,-0.022455,0.022902,0.188352,-0.592212,-1.301258,0.591673,0.022975
0.879221,0.744174,-0.432120,-1.225645,0.051224,0.096761,0.219745,0.195150,-0.512040,-1.020068,1.497574,0.060274
0.881043,0.426753,-0.147379,-0.273295,0.144407,0.045551,0.380208,-0.317421,0.284741,0.952350,0.527758,0.167486
0.883161,-0.792702,0.515462,1.180238,0.137421,-0.257286,0.330364,-1.219455,0.662841,1.453533,1.512296,0.194221
0.884692,-0.872096,0.572761,0.442466,0.188626,-0.428100,0.188795,-0.079394,0.057299,-0.737772,1.133306,0.254493
0.884899,0.680292,0.273972,-1.094160,0.260777,-0.256930,0.114467,1.552388,-0.298789,-1.536626,1.317211,0.147120
0.884113,0.985514,0.489074,-0.305630,0.119213,-0.067968,-0.029341,0.305222,0.215102,0.788530,1.141859,0.019692
0.882699,-0.490869,0.773673,1.690944,-0.214570,-0.088888,-0.297063,-1.476383,0.284599,1.996574,1.923230,0.142188
0.880805,-1.032462,0.197436,1.591163,-0.421820,-0.112621,-0.415361,-0.541593,-0.576237,-0.099781,1.907029,0.363140
0.879082,-0.463362,-0.796307,-0.630469,-0.361360,0.047421,-0.303926,0.569100,-0.993743,-2.221632,1.116378,0.225201
0.878309,-0.623841,-1.159929,-2.321329,-0.214084,0.334031,-0.236055,-0.160479,-0.363622,-1.690860,2.668929,0.213131
0.878539,-0.855133,-0.634473,-1.557087,-0.167512,0.548254,-0.286687,-0.231292,0.525456,0.764242,1.886353,0.410832
0.879347,0.075359,0.383483,1.074975,-0.202865,0.429395,-0.236258,0.930492,1.017956,2.632062,1.143814,0.281352
0.880203,1.109822,0.998597,2.191001,-0.152421,0.031610,-0.032183,1.034463,0.615114,1.116026,2.651299,0.025267
0.880542,1.128575,0.425638,-0.257400,0.068772,-0.172537,0.141372,0.018753,-0.572959,-2.448401,1.233330,0.054485
0.880304,0.391486,-0.575964,-2.600556,0.269931,-0.028927,0.168992,-0.737089,-1.001602,-2.343156,2.692190,0.102258
0.880229,-0.537325,-0.626938,-1.075173,0.211118,0.056535,0.097998,-0.928811,-0.050974,1.525383,1.355642,0.057371
0.881282,-0.984556,-0.109735,1.199048,-0.014100,-0.064540,0.017473,-0.447231,0.517203,2.274221,1.555348,0.004670
0.883762,-0.576916,-0.169558,0.331093,-0.130175,-0.056470,-0.036120,0.407640,-0.059823,-0.867955,0.686443,0.021439
0.886723,0.124006,-0.349759,-1.121433,-0.104747,0.165350,-0.074554,0.700922,-0.180201,-1.452526,1.181237,0.043871
0.888701,0.591587,0.252855,0.090764,-0.109965,0.265092,-0.096632,0.467581,0.602614,1.212197,0.649730,0.091704
0.889253,0.848065,1.020380,1.898176,-0.181564,0.090544,-0.078681,0.256478,0.767525,1.807412,2.315915,0.047354
0.889110,0.750566,0.909684,1.382710,-0.176122,-0.105135,-0.020420,-0.097499,-0.110696,-0.515466,1.817350,0.042489
0.889103,0.190128,0.077847,-0.508782,-0.039360,-0.069340,0.039722,-0.560438,-0.831837,-1.891492,0.548697,0.007935
0.889477,-0.501293,-0.555694,-1.096152,0.064725,0.115778,0.046562,-0.691421,-0.633541,-0.587370,1.327268,0.019762
0.889956,-0.863442,-0.488336,0.230275,-0.006503,0.207183,-0.009222,-0.362149,0.067358,1.326427,1.018347,0.043052
0.890491,-0.458779,-0.079680,1.326422,-0.128746,0.183270,-0.047910,0.404663,0.408656,1.096147,1.405782,0.052459
0.891582,0.450994,0.053441,0.507003,-0.109793,0.205999,-0.010869,0.909773,0.133121,-0.819419,0.680664,0.054608
0.893150,0.594535,-0.055559,-0.589530,-0.011574,0.250865,0.037050,0.143541,-0.109000,-1.096533,0.839109,0.064440
0.894210,-0.209761,-0.001794,-0.121802,0.019258,0.159133,0.043395,-0.804296,0.053765,0.467728,0.242567,0.027577
0.894401,-0.312431,0.086536,0.307640,0.060527,0.023318,0.071905,-0.102670,0.088330,0.429442,0.446927,0.009378
0.894460,0.564529,-0.091692,-0.522534,0.182905,0.070606,0.133561,0.876960,-0.178228,-0.830174,0.774688,0.056278
0.894823,0.584598,-0.206576,-0.295411,0.176141,0.226455,0.109666,0.020069,-0.114884,0.227123,0.686801,0.094334
0.895046,-0.392982,0.120135,1.658602,-0.087876,0.241994,-0.031297,-0.977580,0.326711,1.954013,1.708750,0.067263
0.894811,-0.467424,0.504272,2.063545,-0.340977,0.145341,-0.142233,-0.074442,0.384137,0.404943,2.175085,0.157620
0.894621,0.332900,0.394936,0.014809,-0.316239,0.133458,-0.116707,0.800324,-0.109336,-2.048736,0.516736,0.131439
0.895213,0.317265,-0.079859,-1.281481,-0.121296,0.172699,-0.013059,-0.015635,-0.474795,-1.296290,1.322584,0.044708
0.896634,-0.222818,-0.369828,-0.651365,0.021395,0.133103,0.088039,-0.540083,-0.289969,0.630116,0.781471,0.025925
0.898119,-0.173340,-0.294687,-0.128977,0.083715,0.101433,0.138165,0.049478,0.075141,0.522388,0.365407,0.036386
0.898849,-0.394815,-0.352184,-0.422188,0.125742,0.174473,0.031968,-0.221475,-0.057497,-0.293211,0.676872,0.047274
0.898864,-1.266521,-0.876633,-0.619301,0.127746,0.235852,-0.256234,-0.871706,-0.524449,-0.197113,1.660149,0.137601
0.898793,-0.996132,-1.018182,-0.499689,0.066580,0.204655,-0.478645,0.270389,-0.141549,0.119612,1.509524,0.275418
0.898215,0.574178,0.045385,0.001868,0.030233,0.152493,-0.380051,1.570310,1.063567,0.501557,0.575972,0.168607
0.895662,1.089629,1.187647,1.136833,0.076428,0.087492,-0.092350,0.515451,1.142262,1.134965,1.972355,0.022025
0.891193,0.056248,0.882092,1.992227,0.068976,-0.010334,0.053550,-1.033381,-0.305555,0.855394,2.179500,0.007732
0.886846,-0.557395,-0.149923,1.109593,-0.065164,-0.027808,0.010094,-0.613643,-1.032015,-0.882634,1.250745,0.005122
0.883887,-0.066919,-0.275841,-0.681020,-0.121391,0.065334,-0.003083,0.490476,-0.125918,-1.790613,0.737804,0.019014
0.881927,0.367918,0.423419,-0.456849,-0.015948,0.070098,0.100568,0.434837,0.699260,0.224171,0.723435,0.015282
0.880580,0.250061,0.776224,1.803734,0.007693,-0.077197,0.190630,-0.117857,0.352805,2.260583,1.979523,0.042358
0.879981,0.219350,0.392498,2.192867,-0.123881,-0.139113,0.174659,-0.030711,-0.383726,0.389133,2.238489,0.065205
0.880070,0.474759,-0.141583,-0.259368,-0.159958,-0.023205,0.102534,0.255409,-0.534081,-2.452235,0.559208,0.036638
0.880370,0.273725,-0.225596,-1.503387,-0.015067,0.007061,0.050205,-0.201034,-0.084013,-1.244019,1.544665,0.002797
0.879942,-0.657235,-0.059064,-0.011331,0.128686,-0.213140,0.036674,-0.930960,0.166532,1.492056,0.659981,0.063334
0.877863,-1.176889,-0.270772,0.710342,0.194105,-0.426032,0.050931,-0.519654,-0.211708,0.721673,1.401061,0.221774
0.875075,-0.532726,-0.762790,-0.827403,0.243746,-0.299132,0.079778,0.644163,-0.492018,-1.537745,1.245087,0.155257
0.874793,0.085943,-0.788822,-1.456714,0.216838,0.088944,0.066876,0.618669,-0.026032,-0.629311,1.658807,0.059402
0.878606,-0.091420,-0.101278,0.701710,-0.018573,0.341994,-0.041594,-0.177363,0.687544,2.158424,0.714851,0.119035
0.883799,0.057951,0.791769,2.998125,-0.351458,0.277968,-0.142773,0.149371,0.893047,2.296415,3.101453,0.221173
0.887478,0.616348,1.126653,2.327802,-0.441993,0.107689,-0.082782,0.558397,0.334884,-0.670323,2.658551,0.213808
0.890388,0.243315,0.505459,-0.429027,-0.182895,0.067389,0.070205,-0.373033,-0.621194,-2.756829,0.706226,0.042921
0.893856,-0.597846,-0.415591,-1.716475,0.083426,0.137598,0.143127,-0.841161,-0.921050,-1.287448,1.864517,0.046378
0.896893,-0.683940,-0.688245,-0.715470,0.074020,0.174138,0.112479,-0.086094,-0.272654,1.001005,1.205551,0.048455
0.898343,-0.602427,-0.645400,-0.254520,0.004652,0.132100,-0.007334,0.081513,0.042845,0.460950,0.918825,0.017526
0.898683,-0.684433,-0.914945,-1.070853,0.118384,0.081064,-0.219020,-0.082006,-0.269545,-0.816333,1.565982,0.068556
0.898573,-0.127054,-0.811703,-0.928501,0.215249,0.075300,-0.365257,0.557379,0.103242,0.142352,1.239806,0.185415
0.897150,0.514482,-0.074062,-0.300467,0.126336,0.128335,-0.294343,0.641536,0.737641,0.628034,0.600381,0.119068
0.892931,0.246794,0.088371,-1.135796,0.069665,0.257140,-0.141699,-0.267688,0.162433,-0.835329,1.165654,0.091053
0.885858,-0.042796,-0.178983,-1.470873,0.164544,0.371689,-0.073651,-0.289590,-0.267354,-0.335077,1.482341,0.170652
0.876558,0.387626,0.764959,0.857708,0.219339,0.258112,-0.009673,0.430422,0.943942,2.328581,1.212881,0.114825
0.865201,0.446751,2.097005,3.068581,0.131036,-0.091994,0.094152,0.059125,1.332046,2.210873,3.743422,0.034498
0.853657,-0.240067,1.421786,2.049002,-0.003068,-0.347403,0.097213,-0.686818,-0.675219,-1.019579,2.505497,0.130149
0.845985,-0.330681,-0.345699,-0.424856,-0.095273,-0.283259,0.019772,-0.090614,-1.767485,-2.473858,0.639813,0.089704
0.844691,0.432010,-0.549795,-0.961674,-0.134853,-0.118046,0.052565,0.762691,-0.204096,-0.536818,1.189001,0.034883
0.848543,0.686788,0.250811,0.078224,-0.139630,-0.137940,0.168105,0.254778,0.800606,1.039898,0.735325,0.066783
0.854322,0.139929,0.032902,-0.335787,-0.069436,-0.230386,0.194186,-0.546859,-0.217909,-0.414011,0.365261,0.095607
0.859897,-0.228295,-0.709795,-2.184864,0.126388,-0.126198,0.147513,-0.368224,-0.742697,-1.849077,2.308584,0.053660
0.865233,-0.251504,-0.513014,-1.796941,0.279739,0.095343,0.113410,-0.023209,0.196781,0.387923,1.885586,0.100206
0.870006,-0.387638,0.364286,1.479854,0.125065,0.130762,0.041498,-0.136134,0.877300,3.276795,1.572557,0.034462
0.872667,-0.311903,0.780391,3.093067,-0.232407,-0.034316,-0.086000,0.075735,0.416105,1.613213,3.205208,0.062587
0.873132,0.343579,0.378530,0.660898,-0.378202,-0.109994,-0.145056,0.655482,-0.401861,-2.432169,0.835534,0.176177
0.873106,0.737280,-0.258283,-2.057934,-0.191409,0.013894,-0.075534,0.393701,-0.636813,-2.718832,2.201223,0.042536
0.873477,0.105516,-0.528072,-1.760786,0.029411,0.120138,0.018698,-0.631764,-0.269789,0.297148,1.841293,0.015648
0.874097,-0.622107,-0.536559,-0.417678,0.074350,0.092106,0.050456,-0.727623,-0.008487,1.343108,0.921611,0.016557
0.875066,-0.346530,-0.530929,-0.419894,0.045577,0.115586,0.042159,0.275577,0.005630,-0.002216,0.760447,0.017215
0.876717,0.381528,-0.228595,-0.466913,0.020350,0.271273,0.012608,0.728058,0.302334,-0.047019,0.644847,0.074162
0.879076,0.617802,0.453249,0.785544,-0.100237,0.329089,-0.046355,0.236274,0.681844,1.252457,1.097357,0.120496
0.881360,0.397327,0.807874,1.581331,-0.284766,0.168961,-0.094562,-0.220475,0.354625,0.795787,1.819653,0.118581
0.882391,0.069086,0.326872,0.277297,-0.297668,0.008556,-0.087518,-0.328241,-0.481002,-1.304034,0.434179,0.096339
0.882318,-0.253211,-0.442226,-1.494290,-0.094889,0.013674,-0.047024,-0.322297,-0.769098,-1.771587,1.578791,0.011402
0.882528,-0.508708,-0.685200,-1.489516,0.066651,0.071267,-0.019839,-0.255497,-0.242974,0.004774,1.716666,0.009915
0.883539,-0.635643,-0.388335,-0.368147,0.044735,0.102261,-0.024468,-0.126935,0.296865,1.121369,0.830890,0.013057
0.884907,-0.442232,-0.015190,0.245620,-0.044177,0.194465,-0.048502,0.193411,0.373145,0.613767,0.506092,0.042121
0.886522,0.288124,0.315542,0.632200,-0.128426,0.322585,-0.065608,0.730356,0.330732,0.386580,0.763059,0.124859
0.888171,1.148795,0.598560,1.056920,-0.207352,0.330885,-0.056241,0.860671,0.283018,0.424720,1.671850,0.155643
0.888975,1.192452,0.536858,0.482534,-0.168159,0.205412,-0.011083,0.043657,-0.061702,-0.574386,1.393914,0.070594
0.888375,0.227428,0.090224,-0.736525,0.018142,0.053024,0.055141,-0.965024,-0.446634,-1.219059,0.776101,0.006181
0.887000,-0.729745,-0.303895,-0.921108,0.140285,-0.065269,0.093847,-0.957173,-0.394119,-0.184583,1.213804,0.032747
0.886432,-0.889343,-0.421492,-0.223273,0.084804,-0.097992,0.086149,-0.159598,-0.117597,0.697835,1.009177,0.024216
0.887862,-0.587668,-0.418958,-0.032398,0.000087,-0.009626,0.058220,0.301675,0.002534,0.190875,0.722447,0.003482
0.890506,-0.245038,-0.346652,-0.323031,-0.022205,0.134198,0.001521,0.342630,0.072306,-0.290633,0.533442,0.018504
0.892495,0.204001,-0.065924,-0.092017,-0.062970,0.238898,-0.082523,0.449039,0.280728,0.231014,0.233301,0.067848
0.893310,0.456088,0.389425,0.779068,-0.155612,0.249814,-0.116406,0.252087,0.455349,0.871085,0.983166,0.100172
0.893698,0.076718,0.605891,1.181200,-0.228048,0.150724,-0.084179,-0.379370,0.216466,0.402132,1.329745,0.081810
0.894008,-0.364812,0.250745,0.325604,-0.212555,0.033587,-0.058594,-0.441530,-0.355146,-0.855596,0.549526,0.049741
0.894278,-0.190182,-0.341120,-0.870475,-0.099470,0.027693,-0.024122,0.174630,-0.591865,-1.196079,0.954075,0.011243
0.894713,-0.003547,-0.602223,-1.311988,0.059485,0.094089,0.058652,0.186635,-0.261103,-0.441513,1.443606,0.015831
0.895230,-0.299035,-0.375467,-1.070090,0.183844,0.091765,0.099697,-0.295488,0.226756,0.241898,1.172813,0.052159
0.895570,-0.176287,0.281855,0.146614,0.191939,-0.016483,0.049590,0.122748,0.657322,1.216704,0.363339,0.039571
0.895735,0.664932,1.031655,2.211373,0.036279,-0.174601,-0.005062,0.841219,0.749800,2.064759,2.529153,0.031827
0.895745,0.973461,1.082913,2.658344,-0.190833,-0.295445,-0.045183,0.308529,0.051258,0.446971,3.031026,0.125746
0.895705,0.321942,0.186838,0.437102,-0.302159,-0.284198,-0.122095,-0.651519,-0.896075,-2.221242,0.574120,0.186976
0.896003,-0.497246,-0.838486,-1.474737,-0.253561,-0.146152,-0.196593,-0.819188,-1.025324,-1.911839,1.767813,0.124302
0.896708,-1.257965,-1.283332,-1.392191,-0.130080,0.021067,-0.217693,-0.760719,-0.444846,0.082546,2.273238,0.064755
0.897288,-1.559711,-1.166090,-1.257374,0.056353,0.178517,-0.208661,-0.301746,0.117242,0.134817,2.318071,0.078583
0.897218,-0.556397,-0.560700,-1.398686,0.254063,0.304149,-0.185540,1.003314,0.605390,-0.141312,1.606326,0.191480
0.896377,0.797504,0.447435,0.041611,0.263869,0.289014,-0.151141,1.353901,1.008135,1.440297,0.915392,0.176000
0.895285,0.875030,1.285219,2.197968,0.038829,0.082991,-0.108379,0.077526,0.837784,2.156357,2.692309,0.020141
0.895053,0.286892,1.307260,2.548982,-0.199789,-0.181904,-0.022543,-0.588138,0.022041,0.351014,2.878983,0.073513
0.896116,0.156760,0.474923,1.090027,-0.258384,-0.316555,0.097388,-0.130132,-0.832337,-1.458955,1.199285,0.176454
0.897392,0.099501,-0.654979,-0.902637,-0.106481,-0.222283,0.163953,-0.057259,-1.129902,-1.992664,1.119666,0.087629
0.897818,-0.152305,-1.237665,-2.422304,0.146076,0.027792,0.154026,-0.251806,-0.582686,-1.519667,2.724439,0.045835
0.897820,-0.276161,-0.722021,-1.766060,0.251573,0.192939,0.117331,-0.123856,0.515644,0.656244,1.927835,0.114281
0.898221,-0.218361,0.380664,0.969592,0.084021,0.107526,0.060678,0.057800,1.102685,2.735652,1.064282,0.022303
0.898887,0.270032,0.922592,2.178251,-0.134714,-0.084053,-0.004133,0.488393,0.541928,1.208659,2.380939,0.025230
0.899301,1.005917,0.623028,0.313697,-0.157545,-0.133680,-0.021869,0.735885,-0.299564,-1.864554,1.224107,0.043169
0.899330,0.753328,0.219871,-1.008907,-0.096583,-0.055496,-0.015199,-0.252589,-0.403157,-1.322604,1.278178,0.012639
0.899012,-0.627839,0.003556,0.369244,-0.195779,-0.033933,-0.073156,-1.381167,-0.216315,1.378151,0.728379,0.044833
0.898531,-1.533185,-0.530443,1.030407,-0.349527,-0.047119,-0.176126,-0.905346,-0.533999,0.661163,1.921917,0.155410
0.898276,-1.186506,-1.261270,-1.197986,-0.226586,0.094894,-0.204916,0.346679,-0.730827,-2.228393,2.105652,0.102337
0.898269,-0.411256,-1.146019,-2.468667,0.103163,0.347484,-0.139289,0.775250,0.115251,-1.270681,2.752600,0.150789
0.898141,0.091696,-0.012009,-0.186200,0.210881,0.439562,-0.082934,0.502952,1.134010,2.282467,0.207901,0.244564
0.897789,0.409655,0.928086,1.782672,0.058117,0.315606,-0.067769,0.317959,0.940095,1.968872,2.051117,0.107577
0.897233,0.721021,1.048752,0.837201,-0.032979,0.165294,-0.008640,0.311366,0.120666,-0.945471,1.523370,0.028484
0.896444,0.868916,0.935934,0.224160,-0.078840,0.041156,0.106682,0.147895,-0.112818,-0.613041,1.296625,0.019291
0.895954,0.643286,0.671701,1.083120,-0.231542,-0.102028,0.179292,-0.225630,-0.264233,0.858960,1.427637,0.096167
0.896378,0.154975,-0.231674,0.080180,-0.239534,-0.124667,0.188242,-0.488311,-0.903375,-1.002940,0.290033,0.108353
0.897333,-0.414968,-1.163794,-2.222008,0.046623,0.067157,0.191100,-0.569943,-0.932120,-2.302188,2.542427,0.043203
0.898217,-0.982242,-0.996435,-1.553994,0.219560,0.237001,0.139918,-0.567274,0.167359,0.668014,2.091071,0.123953
0.899179,-0.985703,0.033294,1.386775,-0.023451,0.174342,-0.026697,-0.003461,1.029729,2.940769,1.701724,0.031658
0.900285,0.090097,0.784351,2.302465,-0.401365,0.032110,-0.171053,1.075800,0.751057,0.915690,2.434064,0.191384
0.901150,1.210199,0.695787,0.726919,-0.493449,0.022328,-0.126833,1.120102,-0.088564,-1.575546,1.573884,0.260077
0.901702,0.988730,-0.059214,-0.987932,-0.211153,0.117975,0.053334,-0.221469,-0.755001,-1.714851,1.398965,0.061348
0.902050,0.031319,-0.812090,-1.650008,0.136257,0.210834,0.230219,-0.957411,-0.752876,-0.662076,1.839293,0.116018
0.902348,-0.563690,-0.851632,-0.896159,0.183811,0.252786,0.329846,-0.595009,-0.039542,0.753849,1.358722,0.206486
0.902986,-1.044811,-0.321323,0.562496,0.053986,0.199615,0.296852,-0.481121,0.530309,1.458655,1.229341,0.130882
0.903400,-1.043359,0.175337,0.882817,0.172305,0.053479,0.181005,0.001452,0.496660,0.320321,1.377936,0.065312
0.902243,0.342745,0.718435,0.307608,0.494422,-0.093693,0.160008,1.386104,0.543098,-0.575209,0.853373,0.278834
0.899939,1.536482,1.359549,0.874544,0.569841,-0.230621,0.203207,1.193737,0.641114,0.566936,2.230242,0.419198
0.897428,0.627315,1.120618,1.670713,0.301584,-0.450826,0.029790,-0.909167,-0.238931,0.796169,2.107271,0.295084
0.893447,-0.798087,-0.385798,0.050880,0.040527,-0.648852,-0.365909,-1.425402,-1.506416,-1.619833,0.887903,0.556541
0.888140,-0.817363,-1.652962,-2.390605,0.012846,-0.527629,-0.619870,-0.019276,-1.267164,-2.441485,3.019165,0.662796
0.884481,-0.298902,-1.534885,-2.184496,0.053948,-0.063784,-0.568976,0.518461,0.118077,0.206109,2.686492,0.330712
0.881358,0.080098,-0.827216,-0.866722,-0.015384,0.409484,-0.403260,0.379000,0.707669,1.317774,1.200795,0.330532
0.874469,0.700583,-0.123711,-1.215538,-0.040009,0.618096,-0.258541,0.620485,0.703505,-0.348816,1.408422,0.450487
0.865941,0.917884,1.045526,-0.599176,0.095782,0.509116,-0.115738,0.217301,1.169237,0.616362,1.514809,0.281769
0.860923,0.453736,2.086912,2.868255,0.097334,0.151737,0.000438,-0.464148,1.041386,3.467431,3.576026,0.032498
0.857795,0.333906,1.600219,4.291382,-0.181477,-0.215989,0.037273,-0.119830,-0.486693,1.423127,4.592184,0.080974
0.853668,0.641697,0.020960,0.708523,-0.329367,-0.285392,0.015867,0.307791,-1.579259,-3.582859,0.956148,0.190183
0.850936,0.507024,-0.810073,-2.708273,-0.113296,-0.064025,-0.026174,-0.134673,-0.831033,-3.416796,2.871939,0.017620
0.849818,0.033026,-0.351202,-1.770738,0.069998,0.120740,-0.081858,-0.473998,0.458871,0.937535,1.805532,0.026179
0.846697,0.068128,0.431969,0.488083,-0.064806,0.123914,-0.104712,0.035102,0.783171,2.258821,0.655335,0.030519
0.843234,0.626097,0.676928,0.780350,-0.257208,0.086927,-0.028636,0.557969,0.244959,0.292267,1.207963,0.074532
0.843856,0.684273,0.189172,0.227735,-0.238410,0.023927,0.096588,0.058176,-0.487756,-0.552615,0.745573,0.066741
0.845914,-0.082633,-0.608863,-0.023172,-0.027445,-0.176759,0.155517,-0.766906,-0.798035,-0.250907,0.614882,0.056183
0.845166,-0.568802,-1.039355,-0.769075,0.275932,-0.369641,0.159213,-0.486169,-0.430492,-0.745903,1.412541,0.238122
0.845653,-0.178323,-1.037675,-1.620359,0.493550,-0.259297,0.196884,0.390479,0.001680,-0.851284,1.932390,0.349590
0.852500,0.295904,-0.895749,-0.961863,0.392438,0.135521,0.232117,0.474227,0.141926,0.658496,1.347259,0.226252
0.862463,0.316960,-0.406069,1.028853,0.001412,0.433834,0.138817,0.021056,0.489680,1.990716,1.150606,0.207484
0.870318,0.234931,0.413626,2.251550,-0.358308,0.350788,-0.071249,-0.082029,0.819695,1.222697,2.301251,0.256513
0.875704,0.288518,0.786222,1.416299,-0.448210,0.055782,-0.216704,0.053587,0.372596,-0.835251,1.645385,0.250964
0.879115,0.273911,0.445408,-0.423708,-0.313382,-0.109077,-0.189965,-0.014607,-0.340814,-1.840007,0.673011,0.146193
0.880291,0.157537,-0.028352,-1.464702,-0.126927,-0.108430,-0.077028,-0.116374,-0.473760,-1.040994,1.473422,0.033801
0.881065,0.254637,-0.377356,-1.368987,0.013677,-0.075019,0.030197,0.097100,-0.349004,0.095715,1.442693,0.006727
0.883053,0.413628,-0.632259,-0.773596,0.101467,0.005239,0.123377,0.158991,-0.254903,0.595391,1.081337,0.025545
0.885299,0.070849,-0.470876,-0.016013,0.133712,0.113360,0.158009,-0.342779,0.161383,0.757583,0.476445,0.055696
0.887118,-0.341465,0.142838,0.518309,0.106646,0.125423,0.103045,-0.412314,0.613714,0.534322,0.636903,0.037723
0.888850,-0.025576,0.606208,0.660055,0.023206,0.074245,0.032625,0.315889,0.463370,0.141746,0.896557,0.007115
0.889804,0.355641,0.578095,0.862120,-0.111852,0.069498,-0.018425,0.381217,-0.028113,0.202065,1.097235,0.017680
0.889195,0.013682,0.282885,0.857870,-0.212348,0.086726,-0.085188,-0.341959,-0.295210,-0.004250,0.903411,0.059870
0.887895,-0.404618,-0.068194,0.055386,-0.165427,0.095074,-0.115350,-0.418300,-0.351079,-0.802484,0.414046,0.049711
0.887472,-0.367908,-0.382754,-0.678730,-0.034942,0.125136,-0.042839,0.036710,-0.314560,-0.734116,0.861703,0.018715
0.888509,-0.141959,-0.478935,-0.527280,0.029061,0.165830,0.058757,0.225949,-0.096181,0.151450,0.726330,0.031797
0.890135,0.070010,-0.251045,-0.100245,0.018076,0.191426,0.083917,0.211969,0.227890,0.427035,0.279238,0.044013
0.891159,-0.027022,0.090262,0.258465,-0.017632,0.200607,0.032194,-0.097032,0.341307,0.358710,0.275103,0.041591
0.891567,-0.409010,0.183928,0.480717,-0.063790,0.199238,-0.026264,-0.381988,0.093666,0.222252,0.657425,0.044455
0.891901,-0.391097,-0.009820,0.051354,-0.072291,0.212696,-0.043084,0.017913,-0.193748,-0.429363,0.394576,0.052322
0.891960,0.019500,-0.131345,-0.469029,-0.043984,0.227697,-0.049838,0.410597,-0.121525,-0.520383,0.487463,0.056264
0.891598,0.239696,0.062305,-0.120484,-0.067287,0.172625,-0.085660,0.220196,0.193650,0.348545,0.275413,0.041665
0.891452,0.376295,0.364852,0.291214,-0.121680,0.058960,-0.079704,0.136599,0.302547,0.411698,0.599600,0.024635
0.891833,0.464722,0.352762,-0.068681,-0.098468,-0.005800,0.032993,0.088427,-0.012090,-0.359895,0.587473,0.010818
0.892510,0.133332,-0.116471,-0.365472,-0.024315,0.009186,0.141364,-0.331390,-0.469233,-0.296791,0.406094,0.020659
0.893637,-0.274053,-0.640683,-0.291134,0.019532,0.050533,0.119433,-0.407385,-0.524212,0.074338,0.755208,0.017199
0.895209,-0.230259,-0.715863,-0.641945,0.068930,0.092966,0.025324,0.043794,-0.075180,-0.350811,0.988723,0.014035
0.896330,0.050539,-0.242278,-0.839884,0.128266,0.077992,-0.042418,0.280798,0.473585,-0.197939,0.875590,0.024334
0.896399,0.324201,0.556850,0.383793,0.099070,-0.081360,-0.073673,0.273662,0.799128,1.223677,0.749990,0.021862
0.895894,0.579255,1.098888,1.776275,0.025494,-0.254851,-0.045974,0.255054,0.542038,1.392482,2.167543,0.067713
0.895141,0.459280,0.700006,1.229004,0.043467,-0.195834,0.022082,-0.119975,-0.398882,-0.547271,1.487077,0.040728
0.893898,-0.443417,-0.279161,0.057799,0.030621,-0.015874,-0.034474,-0.902697,-0.979167,-1.171205,0.527153,0.002378
0.892642,-1.578956,-0.683716,0.658517,-0.177842,-0.021135,-0.256651,-1.135539,-0.404555,0.600718,1.842339,0.097944
0.892473,-1.519596,-0.490930,1.441959,-0.330034,-0.079022,-0.381642,0.059360,0.192786,0.783442,2.151611,0.260818
0.893428,-0.102017,-0.617024,-0.137762,-0.143322,0.142999,-0.252741,1.417579,-0.126094,-1.579721,0.640394,0.104868
0.894469,0.749055,-0.876632,-2.061474,0.134104,0.470239,-0.090340,0.851072,-0.259608,-1.923712,2.362042,0.247270
0.894958,0.163726,-0.342475,-1.110000,0.149464,0.492401,-0.088636,-0.585329,0.534157,0.951474,1.173114,0.272655
0.894834,-0.231144,0.765896,1.448347,-0.013789,0.237806,-0.128629,-0.394870,1.108371,2.558347,1.654610,0.073287
0.893965,0.351191,1.392000,2.398128,-0.147918,-0.015256,-0.068235,0.582335,0.626104,0.949781,2.794999,0.026768
0.892587,0.772675,1.108938,1.368282,-0.229642,-0.178921,0.053393,0.421484,-0.283062,-1.029846,1.923270,0.087599
0.891868,0.675774,0.245895,-0.191045,-0.208523,-0.227826,0.167426,-0.096901,-0.863043,-1.559327,0.744065,0.123418
0.892906,0.429020,-0.606578,-1.439767,0.000092,-0.091945,0.234004,-0.246754,-0.852473,-1.248722,1.620162,0.063212
0.895249,-0.395244,-0.837585,-1.604837,0.259090,0.123616,0.183187,-0.824264,-0.231007,-0.165070,1.852908,0.115966
0.897169,-1.415395,-0.324165,-0.164363,0.312242,0.193003,0.008279,-1.020151,0.513420,1.440474,1.461315,0.134814
0.897575,-1.014157,0.299495,1.389532,0.125520,0.083149,-0.174191,0.401238,0.623660,1.553895,1.746142,0.053012
0.897119,0.575278,0.527727,1.187923,-0.094841,-0.067756,-0.265732,1.589435,0.228232,-0.201609,1.421479,0.084199
0.896799,1.246931,0.732829,0.342559,-0.211688,-0.214099,-0.250140,0.671653,0.205102,-0.845364,1.486345,0.153220
0.896209,0.668889,1.106573,0.654583,-0.266539,-0.385105,-0.124688,-0.578042,0.373744,0.312024,1.449274,0.234896
0.894747,0.236611,0.788783,0.666708,-0.230581,-0.475208,0.044705,-0.432278,-0.317790,0.012125,1.059558,0.280989
0.893350,0.067194,-0.485970,-0.929497,-0.008214,-0.327197,0.091400,-0.169417,-1.274753,-1.596205,1.051022,0.115479
0.892881,-0.523946,-1.411516,-1.762114,0.211936,0.002496,-0.043505,-0.591140,-0.925546,-0.832617,2.317745,0.046816
0.892402,-1.091135,-1.267440,-0.619117,0.137668,0.300571,-0.215442,-0.567189,0.144076,1.142997,1.783336,0.155711
0.890379,-0.943224,-0.757748,0.050207,-0.077594,0.451409,-0.282092,0.147911,0.509692,0.669324,1.210939,0.289367
0.885784,-0.160138,-0.036477,-0.518349,-0.074297,0.449239,-0.218504,0.783086,0.721271,-0.568556,0.543747,0.255080
0.878949,0.790158,1.164037,-0.208070,0.089108,0.279964,-0.063761,0.950296,1.200514,0.310279,1.422190,0.090386
0.872468,1.093438,1.948461,1.492925,0.116242,-0.051615,0.073481,0.303280,0.784424,1.700995,2.687179,0.021576
0.868433,0.373819,1.501700,2.706196,0.004355,-0.404270,0.093742,-0.719619,-0.446761,1.213271,3.117425,0.172241
0.865598,-0.350362,0.456139,1.714792,-0.026940,-0.514806,0.050294,-0.724181,-1.045561,-0.991404,1.808681,0.268280
0.862567,-0.210701,-0.334905,-0.765281,0.070322,-0.286219,0.039007,0.139661,-0.791044,-2.480073,0.861517,0.088388
0.860570,0.122434,-0.525352,-1.450684,0.111578,0.005773,0.043357,0.333135,-0.190447,-0.685403,1.547730,0.014363
0.860370,-0.076852,-0.037004,0.719181,-0.022483,0.062515,0.024728,-0.199286,0.488348,2.169865,0.724222,0.005025
0.860339,-0.368025,0.484629,1.831498,-0.171418,-0.027789,0.002049,-0.291173,0.521633,1.112317,1.929946,0.030161
0.859171,-0.137548,0.274079,-0.239951,-0.110788,-0.059202,0.011062,0.230477,-0.210550,-2.071449,0.389378,0.015901
0.857439,0.302408,-0.241164,-1.654333,0.099822,-0.095736,0.077796,0.439956,-0.515243,-1.414382,1.698949,0.025182
0.855538,0.217376,-0.334236,-0.267244,0.221408,-0.204674,0.165168,-0.085032,-0.093072,1.387089,0.479985,0.118193
0.853561,-0.238238,-0.268142,0.510875,0.192096,-0.202708,0.175237,-0.455614,0.066094,0.778119,0.624220,0.108699
0.854684,-0.261063,-0.404068,-0.482896,0.082176,-0.026260,0.085701,-0.022825,-0.135926,-0.993771,0.681626,0.014787
0.862845,0.020407,-0.507917,-0.257715,-0.107241,0.127383,-0.011565,0.281470,-0.103849,0.225181,0.569924,0.027861
0.875026,-0.228576,-0.457333,0.981489,-0.286717,0.196564,-0.036950,-0.248983,0.050584,1.239204,1.106671,0.122209
0.883919,-0.842913,-0.217494,0.720756,-0.262812,0.228857,-0.005739,-0.614337,0.239839,-0.260733,1.130175,0.121479
0.888123,-0.745392,0.413404,0.038106,-0.078106,0.095457,0.024802,0.097521,0.630898,-0.682650,0.853208,0.015828
0.890692,0.356580,1.036057,0.226791,0.084134,-0.196135,0.056429,1.101972,0.622653,0.188685,1.118927,0.048732
0.891660,1.226071,0.882125,-0.209225,0.232032,-0.330452,0.106601,0.869491,-0.153932,-0.436016,1.524851,0.174401
0.890203,0.456664,0.159602,-0.722727,0.320081,-0.236003,0.059006,-0.769407,-0.722523,-0.513502,0.869683,0.161631
0.888133,-1.275484,-0.316715,0.609265,0.121044,-0.188716,-0.196985,-1.732148,-0.476317,1.331992,1.448576,0.089068
0.886601,-1.661746,-0.340450,2.011792,-0.273518,-0.235071,-0.458377,-0.386262,-0.023735,1.402527,2.631466,0.340180
0.885213,-0.260616,-0.039296,1.350730,-0.456849,-0.185314,-0.411097,1.401130,0.301154,-0.661062,1.376204,0.412053
0.884808,0.868996,0.317991,0.075123,-0.329218,-0.039909,-0.109080,1.129612,0.357287,-1.275607,0.928394,0.121876
0.886365,0.723815,-0.017794,-0.727900,-0.098806,0.126670,0.150631,-0.145181,-0.335785,-0.803023,1.026676,0.048498
0.888983,0.283388,-1.017678,-1.650533,0.124749,0.339108,0.262809,-0.440427,-0.999884,-0.922633,1.959652,0.199625
0.891518,-0.054692,-1.170849,-1.527316,0.245443,0.462131,0.264980,-0.338080,-0.153171,0.123217,1.925246,0.344022
0.893612,-0.504161,0.033068,0.457361,0.126658,0.300672,0.151571,-0.449469,1.203917,1.984677,0.681506,0.129420
0.894651,-0.429613,0.885451,1.447125,-0.086279,0.031605,-0.011585,0.074548,0.852383,0.989764,1.750075,0.008577
0.894466,0.310348,0.455697,-0.129328,-0.089715,-0.048139,-0.097768,0.739961,-0.429754,-1.576453,0.566305,0.019925
0.893976,0.546270,0.103998,-0.998805,0.083755,-0.046886,-0.107689,0.235922,-0.351699,-0.869477,1.143170,0.020810
0.892956,0.046905,0.620830,0.445479,0.170557,-0.193692,-0.103530,-0.499365,0.516832,1.444284,0.765560,0.077325
0.889780,0.008295,0.840760,0.975674,0.130694,-0.342751,-0.071124,-0.038610,0.219930,0.530195,1.287977,0.139618
0.885221,0.537382,0.164944,-0.443766,0.087152,-0.259650,-0.015488,0.529087,-0.675816,-1.419440,0.716180,0.075253
0.882704,0.456526,-0.354219,-0.645316,0.026084,-0.059814,-0.010420,-0.080856,-0.519163,-0.201550,0.866210,0.004367
0.883556,-0.179892,-0.176944,0.925084,-0.131713,0.039603,-0.057808,-0.636418,0.177275,1.570400,0.958880,0.022258
0.885952,-0.228193,-0.063848,1.383105,-0.315748,0.096183,-0.056367,-0.048301,0.113096,0.458021,1.403256,0.112125
0.888560,0.139022,-0.327510,0.231169,-0.350216,0.247045,0.039734,0.367215,-0.263662,-1.151936,0.424298,0.185261
0.891586,-0.021772,-0.383106,-0.498006,-0.182674,0.387369,0.137199,-0.160794,-0.055596,-0.729175,0.628692,0.202248
0.894868,-0.400557,-0.065009,-0.267630,0.020506,0.333133,0.130059,-0.378785,0.318097,0.230376,0.486105,0.128313
0.897444,-0.349536,0.251829,0.109161,0.089583,0.146380,0.052672,0.051021,0.316838,0.376791,0.444420,0.032227
0.898486,-0.122930,0.478688,0.382871,0.068634,0.047950,0.019751,0.226606,0.226859,0.273710,0.625175,0.007400
0.897781,0.068565,0.597372,0.570933,0.052094,0.097120,0.038889,0.191495,0.118684,0.188062,0.829168,0.013658
0.895984,0.144443,0.326798,0.589290,-0.005556,0.172980,0.013874,0.075878,-0.270574,0.018357,0.689147,0.030145
0.894385,-0.319699,-0.233558,0.451586,-0.114733,0.194635,-0.066559,-0.464142,-0.560356,-0.137704,0.600572,0.055477
0.893872,-0.925265,-0.500997,0.084939,-0.152380,0.166179,-0.093615,-0.605566,-0.267439,-0.366647,1.055617,0.059599
0.894385,-0.690465,-0.371599,-0.447837,-0.073590,0.104442,-0.015297,0.234800,0.129398,-0.532776,0.902987,0.016558
0.895487,-0.039975,-0.329455,-0.850750,0.043045,0.071120,0.076093,0.650490,0.042144,-0.402913,0.913189,0.012701
0.896804,0.060236,-0.422220,-1.013314,0.134324,0.137776,0.077498,0.100211,-0.092765,-0.162564,1.099410,0.043031
0.897818,0.045226,-0.166069,-0.630780,0.122294,0.233668,0.009954,-0.015010,0.256151,0.382534,0.653841,0.069656
0.898000,0.427358,0.426827,0.615404,-0.065887,0.203732,-0.044214,0.382132,0.592896,1.246184,0.862287,0.047803
0.897399,0.602707,0.700364,1.470690,-0.292762,0.064909,-0.062997,0.175349,0.273537,0.855286,1.736863,0.093891
0.896623,0.324171,0.327910,0.222969,-0.304421,0.003238,-0.058383,-0.278536,-0.372454,-1.247721,0.512179,0.096091
0.896215,0.017202,-0.277826,-1.814339,-0.115964,0.072360,-0.015560,-0.306969,-0.605736,-2.037308,1.835568,0.018926
0.896491,-0.245691,-0.565315,-1.663270,0.014130,0.120640,0.057187,-0.262893,-0.287489,0.151069,1.773813,0.018024
0.897662,-0.412521,-0.474733,0.167332,0.003637,0.074472,0.102996,-0.166830,0.090582,1.830602,0.650803,0.016167
0.899335,-0.308693,-0.401369,0.337986,0.002545,0.061939,0.079433,0.103828,0.073364,0.170654,0.608788,0.010153
0.900429,-0.184213,-0.463777,-1.323113,0.059958,0.166119,-0.013029,0.124480,-0.062408,-1.661099,1.414090,0.031360
0.900376,-0.072325,-0.134649,-1.314272,0.047286,0.243111,-0.132179,0.111888,0.329128,0.008841,1.323130,0.078810
0.899659,0.355337,0.693451,1.111283,-0.083636,0.141416,-0.195435,0.427662,0.828100,2.425555,1.357236,0.065188
0.898726,0.598136,1.024830,2.262038,-0.195224,-0.023566,-0.162427,0.242799,0.331379,1.150755,2.554380,0.065050
0.897603,-0.006554,0.379962,0.754636,-0.190016,-0.057479,-0.102626,-0.604690,-0.644868,-1.507402,0.844920,0.049942
0.896717,-0.537850,-0.175436,-0.242925,-0.156889,-0.008316,-0.081685,-0.531296,-0.555398,-0.997561,0.615689,0.031356
0.896425,0.130586,0.080616,0.263822,-0.142995,-0.001042,-0.053416,0.668436,0.256052,0.506747,0.305211,0.023302
0.895866,0.963593,0.357104,-0.282789,-0.026372,-0.001169,0.025504,0.833007,0.276488,-0.546611,1.065835,0.001347
0.894242,0.483675,0.007189,-1.574442,0.181259,0.002808,0.096726,-0.479918,-0.349915,-1.291653,1.647076,0.042219
0.892895,-0.469445,-0.467956,-1.004983,0.250171,-0.056884,0.116080,-0.953120,-0.475145,0.569459,1.203890,0.079296
0.893799,-0.528478,-0.537577,0.400825,0.132314,-0.106862,0.115499,-0.059033,-0.069621,1.405808,0.853779,0.042267
0.896410,-0.244485,-0.363705,0.185893,0.040728,-0.039123,0.092880,0.283993,0.173872,-0.214932,0.476036,0.011816
0.898461,-0.218828,-0.188423,-0.520252,0.032495,0.054911,0.007812,0.025657,0.175282,-0.706145,0.595022,0.004132
0.899195,0.153962,0.134133,0.243329,-0.062439,0.054513,-0.097360,0.372790,0.322556,0.763581,0.317655,0.016349
0.899440,0.615451,0.607229,1.318539,-0.244033,0.010988,-0.125397,0.461489,0.473096,1.075210,1.576722,0.075397
0.899506,0.371248,0.663373,0.797651,-0.287206,0.012991,-0.066610,-0.244203,0.056144,-0.520888,1.101878,0.087093
0.899330,0.154125,0.013245,-0.652605,-0.141803,0.054884,0.007376,-0.217123,-0.650128,-1.450256,0.670689,0.023175
0.899630,0.525329,-0.654595,-1.209438,0.001231,0.099424,0.057682,0.371204,-0.667840,-0.556833,1.472143,0.013214
0.900885,0.318930,-0.686945,-0.751188,0.056492,0.132427,0.063935,-0.206399,-0.032350,0.458250,1.066721,0.024816
0.902130,-0.758677,-0.364967,-0.212070,0.066126,0.148210,-0.029999,-1.077607,0.321978,0.539118,0.868197,0.027239
0.902306,-1.190488,-0.135937,0.239698,-0.004074,0.149140,-0.206506,-0.431811,0.229030,0.451768,1.221964,0.064904
0.901652,-0.407738,0.090139,0.578411,-0.123377,0.140294,-0.319097,0.782750,0.226076,0.338713,0.713397,0.136727
0.900490,0.575713,0.504327,0.587635,-0.135009,0.096716,-0.279524,0.983451,0.414188,0.009224,0.964938,0.105715
0.898339,1.101388,0.893834,0.579733,-0.056803,0.004847,-0.159868,0.525675,0.389507,-0.007902,1.532346,0.028808
0.895384,1.169584,0.804717,0.438347,-0.047831,-0.054533,-0.053876,0.068196,-0.089117,-0.141386,1.485814,0.008164
0.892924,0.755806,0.237839,-0.338659,-0.085306,-0.019584,0.009223,-0.413778,-0.566878,-0.777006,0.861684,0.007746
0.891607,0.148074,-0.166013,-0.809743,-0.049764,-0.002003,0.045974,-0.607732,-0.403852,-0.471084,0.839744,0.004594
0.890670,-0.200407,-0.092159,0.067519,0.041848,-0.095616,0.108776,-0.348481,0.073854,0.877262,0.230684,0.022726
0.889206,-0.441656,-0.036271,0.963813,0.110176,-0.178071,0.186973,-0.241249,0.055888,0.896294,1.060807,0.078807
0.887856,-0.773493,-0.354206,0.288795,0.118148,-0.141459,0.158883,-0.331837,-0.317935,-0.675018,0.898419,0.059213
0.888856,-0.799968,-0.686324,-0.755903,0.035048,-0.057251,0.010076,-0.026475,-0.332118,-1.044698,1.297065,0.004608
0.893001,-0.459686,-0.647919,-0.282910,-0.141462,0.030245,-0.069907,0.340282,0.038405,0.472993,0.843296,0.025813
0.897860,-0.291836,-0.300474,0.790478,-0.293232,0.125945,0.022417,0.167850,0.347445,1.073388,0.894600,0.102350
0.901474,-0.253349,0.187785,0.512066,-0.244801,0.115931,0.155140,0.038487,0.488259,-0.278412,0.601382,0.097436
0.904357,0.146359,0.531501,-0.726195,0.015214,-0.044415,0.185255,0.399708,0.343716,-1.238261,0.911742,0.036524
0.905468,0.409163,0.203377,-1.304885,0.307246,-0.170664,0.070203,0.262804,-0.328124,-0.578690,1.382571,0.128455
0.903143,-0.319208,-0.583324,-0.607273,0.476339,-0.178360,-0.186628,-0.728371,-0.786701,0.697612,0.900523,0.293541
0.900467,-1.063082,-0.660492,0.855885,0.492310,-0.171044,-0.431086,-0.743874,-0.077168,1.463158,1.516223,0.457460
0.898995,-0.267956,0.081690,1.469182,0.441025,-0.119800,-0.407040,0.795126,0.742182,0.613297,1.495650,0.374537
0.892060,0.740075,0.354101,0.219194,0.524910,-0.047560,-0.160190,1.008031,0.272411,-1.249988,0.849202,0.303453
0.877906,-0.176316,0.126805,-0.626467,0.846573,-0.299790,-0.039705,-0.916391,-0.227296,-0.845661,0.663044,0.808136
0.865734,-1.151266,0.948709,1.655565,1.197234,-0.976700,-0.086790,-0.974950,0.821904,2.282032,2.228533,2.394845
0.855925,0.707861,3.002395,5.216887,1.311854,-1.618857,0.098442,1.859127,2.053686,3.561322,6.060640,4.351350
0.838292,3.253559,4.169897,6.132950,1.188907,-1.944896,0.651717,2.545698,1.167502,0.916063,8.098565,5.620855
0.816543,2.410640,2.595595,3.820811,1.033856,-2.152781,1.108066,-0.842919,-1.574302,-2.312139,5.210268,6.931135
0.803860,-0.779955,-0.392206,0.238362,1.068460,-2.270574,1.084594,-3.190595,-2.987801,-3.582449,0.904971,7.473457
0.798199,-1.951252,-1.195388,-2.311141,1.238085,-2.073856,0.865800,-1.171297,-0.803182,-2.549503,3.252339,6.583343
0.791194,-0.644671,0.489618,-1.729120,1.101445,-1.672164,0.858245,1.306581,1.685006,0.582021,1.909236,4.745898
0.785975,-0.257655,0.298677,0.055074,0.529922,-1.361112,0.865682,0.387016,-0.190941,1.784194,0.398280,2.882849
0.784653,-1.413990,-2.934896,-1.952784,0.190545,-1.057717,0.543788,-1.156335,-3.233573,-2.007858,3.798203,1.450778
0.779692,-1.596316,-4.108964,-5.585519,0.509713,-0.639333,0.151829,-0.182326,-1.174068,-3.632735,7.115464,0.691606
0.769112,-0.864157,-1.270887,-3.456581,0.786897,-0.444571,0.099967,0.732159,2.838077,2.128938,3.782839,0.826844
0.761285,-1.027380,0.528943,1.395941,0.319586,-0.641652,0.214589,-0.163223,1.799830,4.852522,1.812165,0.559901
0.762504,-1.179385,-1.088676,-0.341110,-0.366485,-0.700287,0.133206,-0.152005,-1.617619,-1.737051,1.640890,0.642457
0.770211,-0.283243,-2.058014,-5.164866,-0.416244,-0.298590,-0.090233,0.896142,-0.969338,-4.823756,5.567000,0.270557
0.773915,0.183964,-0.265315,-3.198095,-0.004507,0.027929,-0.238794,0.467207,1.792699,1.966771,3.214350,0.057823
0.763275,-0.164671,1.365630,2.470770,0.146603,-0.139266,-0.257443,-0.348635,1.630945,5.668865,2.827855,0.107164
0.743116,-0.132889,0.841617,2.993927,-0.070780,-0.396656,-0.148710,0.031782,-0.524013,0.523157,3.112809,0.184460
0.729924,-0.033278,-0.557049,-0.345529,-0.253490,-0.330593,-0.002114,0.099611,-1.398666,-3.339456,0.656355,0.173553
0.727253,-0.265063,-1.184483,-1.893657,-0.207879,-0.122765,0.003585,-0.231785,-0.627434,-1.548128,2.249265,0.058298
0.722715,-0.060161,-0.676716,-1.210646,-0.065563,-0.042545,-0.089019,0.204902,0.507767,0.683011,1.388246,0.014033
0.710380,0.121850,0.195887,0.063861,-0.032123,-0.073489,-0.079316,0.182011,0.872603,1.274507,0.239369,0.012724
0.695307,-0.286023,0.378817,0.895468,-0.172199,-0.106654,-0.002026,-0.407873,0.182930,0.831607,1.013496,0.041032
0.681016,-0.041132,-0.140106,0.091813,-0.305817,-0.060128,0.015296,0.244891,-0.518923,-0.803655,0.172485,0.097373
0.673216,0.599499,-0.497690,-1.218362,-0.254843,0.050615,0.033188,0.640631,-0.357584,-1.310175,1.446202,0.068608
0.686083,-0.255024,-0.456661,-0.591976,-0.126150,0.018192,0.072005,-0.854523,0.041029,0.626386,0.789944,0.021429
0.722560,-1.410626,-0.544830,0.571138,-0.059614,-0.268405,0.045063,-1.155602,-0.088169,1.163114,1.616448,0.077626
0.760646,-0.686469,-0.844786,-0.537784,0.045585,-0.500092,0.024931,0.724157,-0.299956,-1.108922,1.214131,0.252792
0.781295,0.355253,-0.757483,-2.021142,0.213641,-0.318297,0.096384,1.041722,0.087303,-1.483358,2.187464,0.156245
0.791251,0.132677,-0.041134,-0.673744,0.199105,0.126759,0.119634,-0.222576,0.716349,1.347398,0.687914,0.070023
0.800991,0.203632,0.682197,1.568135,-0.070122,0.368302,0.016928,0.070955,0.723331,2.241879,1.722181,0.140850
0.809036,1.036306,0.708040,1.098633,-0.276009,0.250650,-0.040382,0.832674,0.025843,-0.469502,1.668006,0.140637
0.816860,0.911877,0.107901,-0.835718,-0.181483,0.063223,0.057002,-0.124429,-0.600139,-1.934351,1.241607,0.040182
0.828562,-0.432530,-0.477683,-0.948209,0.034428,0.079557,0.181712,-1.344407,-0.585584,-0.112491,1.146457,0.040534
0.839606,-1.586295,-0.602110,0.259504,0.091004,0.234713,0.183804,-1.153765,-0.124427,1.207713,1.716453,0.097156
0.846542,-1.546895,-0.183268,0.834732,-0.030707,0.322782,0.063218,0.039400,0.418842,0.575228,1.767272,0.109128
0.852842,-0.381140,0.616452,1.065265,-0.184450,0.209549,-0.083195,1.165755,0.799720,0.230533,1.288437,0.084854
0.858116,0.900830,1.053562,0.610070,-0.233801,-0.131718,-0.151435,1.281970,0.437110,-0.455195,1.514488,0.094945
0.858746,1.158778,0.236265,-1.678524,-0.055931,-0.436601,-0.088905,0.257948,-0.817297,-2.288594,2.053297,0.201653
0.856359,0.072417,-1.310752,-3.321074,0.280157,-0.305776,0.011730,-1.086361,-1.547017,-1.642550,3.571113,0.172124
0.854468,-1.491234,-1.912330,-1.572016,0.426836,0.139573,-0.033142,-1.563651,-0.601578,1.749058,2.889986,0.202768
0.853262,-1.859928,-1.178316,0.675815,0.241986,0.376542,-0.215323,-0.368694,0.734014,2.247831,2.303147,0.246705
0.851593,-0.487508,-0.224442,0.301897,0.047343,0.319209,-0.311577,1.372420,0.953874,-0.373918,0.615776,0.201216
0.848999,1.096976,0.552934,-0.317313,0.057281,0.243701,-0.228364,1.584484,0.777376,-0.619210,1.268771,0.114821
0.846438,1.618279,1.362449,0.691909,0.059102,0.160295,-0.066965,0.521303,0.809515,1.009222,2.225721,0.033672
0.846390,1.341148,1.382377,0.913557,-0.088043,-0.000097,0.109616,-0.277131,0.019928,0.221648,2.131720,0.019767
0.849869,0.500628,0.117255,-0.312157,-0.205065,-0.078424,0.258364,-0.840520,-1.265122,-1.225714,0.601514,0.114954
0.854860,-0.735876,-0.990599,-0.424694,-0.197048,-0.001315,0.275190,-1.236504,-1.107854,-0.112537,1.305054,0.114559
0.859464,-1.179481,-0.764707,0.492105,-0.211765,0.126620,0.151682,-0.443605,0.225892,0.916799,1.489335,0.083884
0.863228,-0.165902,-0.042047,0.072210,-0.304180,0.273031,0.019627,1.013579,0.722660,-0.419895,0.185757,0.167457
0.865347,0.830387,0.269825,-0.857150,-0.321594,0.374856,-0.020957,0.996289,0.311872,-0.929360,1.223542,0.244379
0.865457,0.306141,0.345275,-0.077044,-0.183825,0.225623,0.017806,-0.524246,0.075450,0.780106,0.467839,0.085014
0.864939,-0.848862,0.162757,0.923651,0.017713,-0.189264,0.071515,-1.155003,-0.182518,1.000695,1.264985,0.041249
0.865411,-0.999854,-0.489385,-0.014696,0.194742,-0.510513,0.111904,-0.150992,-0.652142,-0.938347,1.113293,0.311070
0.868518,-0.385448,-1.033424,-0.959706,0.243084,-0.417357,0.153185,0.614406,-0.544039,-0.945010,1.462043,0.256742
0.875815,-0.131834,-0.949696,-0.028642,0.003015,-0.043182,0.135011,0.253614,0.083728,0.931064,0.959230,0.020102
0.884781,-0.091104,-0.674424,0.293070,-0.386346,0.258207,-0.039986,0.040730,0.275272,0.321712,0.740971,0.217533
0.889157,0.390959,-0.537924,-1.584391,-0.444932,0.394421,-0.267817,0.482063,0.136500,-1.877461,1.718286,0.425258
0.887621,0.774957,-0.179608,-2.466268,-0.098994,0.467815,-0.318910,0.383998,0.358316,-0.881877,2.591389,0.330354
0.885711,0.344608,0.393819,-0.561890,0.122975,0.460987,-0.192109,-0.430349,0.573427,1.904378,0.767834,0.264538
0.884926,-0.190582,0.636876,1.022636,0.012483,0.346390,-0.071869,-0.535190,0.243057,1.584526,1.219720,0.125307
0.879010,-0.120693,0.456240,0.536972,-0.059337,0.218271,-0.019398,0.069889,-0.180636,-0.485664,0.714885,0.051539
0.865953,-0.147867,0.214411,0.097748,0.019041,0.119227,-0.008291,-0.027174,-0.241829,-0.439224,0.278193,0.014646
0.852511,-0.484007,0.172776,0.518989,0.019363,0.048528,-0.058870,-0.336140,-0.041635,0.421241,0.730386,0.006196
0.842336,-0.203505,0.500484,0.809529,0.007686,0.037750,-0.123543,0.280502,0.327708,0.290540,0.973260,0.016747
0.832173,0.456275,1.036557,1.354916,0.108104,-0.011393,-0.102302,0.659780,0.536073,0.545387,1.765909,0.022282
0.821998,0.568538,1.147644,1.893046,0.099594,-0.186375,-0.027218,0.112263,0.111087,0.538130,2.285595,0.045395
0.816109,0.532162,0.599098,0.811635,-0.091970,-0.276651,0.023921,-0.036376,-0.548546,-1.081411,1.140555,0.085566
0.814939,0.523754,-0.084798,-0.778969,-0.190869,-0.150033,0.075150,-0.008408,-0.683896,-1.590604,0.942498,0.064588
0.816457,-0.246837,-0.545892,-0.600059,-0.105738,-0.074737,0.128835,-0.770591,-0.461094,0.178910,0.847937,0.033365
0.821834,-1.091253,-0.904873,0.038714,0.011206,-0.170458,0.136012,-0.844416,-0.358981,0.638773,1.418142,0.047681
0.831657,-0.584226,-1.039238,-0.707288,0.106255,-0.142681,0.131915,0.507027,-0.134365,-0.746002,1.386215,0.049050
0.841791,0.590465,-0.573127,-1.117261,0.152137,0.112001,0.140384,1.174691,0.466111,-0.409973,1.387586,0.055398
0.848409,1.077612,0.317073,0.306497,0.046819,0.315388,0.079165,0.487147,0.890200,1.423758,1.164355,0.107929
0.852157,0.996889,0.875741,1.575270,-0.178837,0.310208,-0.036928,-0.080723,0.558668,1.268773,2.059657,0.129575
0.855049,0.546166,0.668637,0.818207,-0.312281,0.200499,-0.060206,-0.450723,-0.207104,-0.757063,1.189469,0.141344
0.858032,-0.444939,0.015784,-0.699650,-0.210318,0.089882,0.022746,-0.991105,-0.652853,-1.517857,0.829295,0.052830
0.861709,-1.187622,-0.538713,-1.015531,0.012902,0.020474,0.078648,-0.742683,-0.554497,-0.315881,1.652864,0.006771
0.865794,-0.977168,-0.753183,-0.317569,0.117639,0.037895,0.064607,0.210454,-0.214470,0.697962,1.273967,0.019449
0.869252,-0.417464,-0.518545,0.302259,0.020357,0.150761,0.027696,0.559704,0.234638,0.619828,0.731113,0.023910
0.872222,-0.033993,0.224828,0.913869,-0.172738,0.249547,-0.025392,0.383471,0.743373,0.611610,0.941732,0.092757
0.875301,0.380239,0.926457,1.243289,-0.310489,0.174642,-0.083032,0.414232,0.701629,0.329420,1.596456,0.133798
0.877536,0.742942,0.687307,-0.127654,-0.233470,-0.016765,-0.088993,0.362703,-0.239150,-1.370943,1.020122,0.062709
0.877462,0.597037,-0.255372,-2.064829,0.060937,-0.066030,-0.045966,-0.145905,-0.942679,-1.937175,2.164529,0.010186
0.875184,-0.150269,-0.631562,-1.261580,0.235675,0.032760,-0.043435,-0.747306,-0.376190,0.803249,1.418815,0.058503
0.872446,-0.879153,-0.292348,1.082997,0.059871,0.037721,-0.118712,-0.728884,0.339214,2.344577,1.425223,0.019100
0.870816,-0.831647,-0.348003,0.491582,-0.135920,-0.000268,-0.175403,0.047506,-0.055655,-0.591415,1.026838,0.049241
0.869885,-0.207128,-0.758968,-2.021678,-0.032292,0.143364,-0.121738,0.624519,-0.410965,-2.513260,2.169359,0.036416
0.868653,0.223016,-0.282262,-1.578536,0.101910,0.317424,-0.011722,0.430144,0.476706,0.443142,1.619007,0.111281
0.868660,0.433147,0.855908,1.438822,-0.038484,0.244531,0.059811,0.210131,1.138170,3.017358,1.729278,0.064854
0.872152,0.736106,1.004864,2.367331,-0.262413,0.027174,0.108412,0.302959,0.148956,0.928509,2.675044,0.081352
0.877445,0.816584,-0.043076,0.004267,-0.256742,-0.066422,0.182153,0.080478,-1.047940,-2.363064,0.817731,0.103508
0.880821,0.256121,-0.839704,-2.156534,0.016789,0.043013,0.218483,-0.560463,-0.796628,-2.160801,2.328377,0.049867
0.881892,-0.719934,-0.631190,-0.977700,0.328492,0.229824,0.110648,-0.976055,0.208514,1.178834,1.368431,0.172969
0.882436,-1.175976,0.146944,1.910318,0.328963,0.226506,-0.111960,-0.456042,0.778134,2.888018,2.248072,0.172057
0.882551,-0.208512,0.882535,2.210002,-0.046669,-0.071999,-0.276662,0.967464,0.735591,0.299684,2.388819,0.083904
0.881945,1.359389,1.044963,-0.044212,-0.384198,-0.331205,-0.251307,1.567901,0.162428,-2.254214,1.715180,0.320460
0.881792,1.469431,0.436100,-0.924101,-0.376510,-0.265178,-0.076285,0.110042,-0.608863,-0.879889,1.789797,0.217899
0.882780,0.139789,-0.515238,-0.437371,-0.202280,-0.091807,0.090118,-1.329642,-0.951338,0.486730,0.690148,0.057467
0.883896,-0.688664,-1.253198,-1.348928,-0.015882,0.004428,0.129082,-0.828453,-0.737960,-0.911557,1.965800,0.016934
0.883788,-0.672103,-1.346091,-1.926533,0.232648,0.200672,0.050693,0.016561,-0.092893,-0.577605,2.444425,0.096964
0.882099,-0.576170,-0.501912,0.407976,0.341325,0.468401,-0.057647,0.095933,0.844179,2.334509,0.866217,0.339225
0.880153,-0.021825,0.744192,2.636541,0.074657,0.513559,-0.109228,0.554345,1.246104,2.228565,2.739644,0.281247
0.879939,0.919429,1.271242,1.712540,-0.268424,0.346828,-0.054977,0.941254,0.527050,-0.924001,2.322542,0.195364
0.881416,0.984058,0.885075,0.052502,-0.289898,0.195521,0.071094,0.064629,-0.386167,-1.660038,1.324570,0.127324
0.882676,0.278212,0.360452,-0.020344,-0.130924,0.106953,0.167310,-0.705846,-0.524623,-0.072846,0.455787,0.056573
0.883001,0.114209,0.090199,0.004302,-0.073932,0.049183,0.174795,-0.164003,-0.270253,0.024646,0.145596,0.038438
0.882932,0.314845,-0.091866,-0.692716,-0.040573,0.001068,0.130033,0.200636,-0.182065,-0.697018,0.766435,0.018556
0.882267,-0.158456,-0.278489,-0.748710,0.098195,-0.106435,0.103342,-0.473301,-0.186623,-0.055994,0.814390,0.031650
0.881240,-0.882243,-0.463348,-0.057896,0.215072,-0.222631,0.109832,-0.723787,-0.184859,0.690814,0.998196,0.107884
0.881719,-0.795017,-0.577981,0.359120,0.155138,-0.181776,0.092711,0.087226,-0.114633,0.417016,1.046461,0.065706
0.884609,-0.115310,-0.468676,0.556144,-0.059088,0.006785,0.030004,0.679707,0.109305,0.197024,0.736376,0.004438
0.888385,0.182726,-0.247524,0.438095,-0.276643,0.187164,-0.007300,0.298036,0.221152,-0.118049,0.535336,0.111615
0.891347,-0.145628,-0.148772,-0.597868,-0.315548,0.284745,0.018012,-0.328354,0.098752,-1.035963,0.633077,0.180975
0.892997,-0.311611,0.039052,-1.382842,-0.125259,0.254747,0.047913,-0.165983,0.187824,-0.784974,1.418054,0.082882
0.893344,0.398653,0.520930,-0.582640,0.122077,0.047344,0.053036,0.710264,0.481878,0.800202,0.877361,0.019957
0.892771,1.159318,0.803960,0.392132,0.236587,-0.219719,0.056909,0.760665,0.283030,0.974772,1.464287,0.107488
0.892001,0.562308,0.402325,0.280883,0.198513,-0.330299,0.030213,-0.597010,-0.401635,-0.111249,0.746291,0.149418
0.891350,-0.772002,-0.254804,0.299832,0.056290,-0.250300,-0.077515,-1.334310,-0.657129,0.018949,0.866494,0.071827
0.890511,-1.061396,-0.370629,0.933448,-0.155027,-0.119451,-0.225192,-0.289394,-0.115825,0.633616,1.461250,0.089013
0.889331,-0.344605,0.062585,0.977964,-0.353657,-0.045446,-0.304337,0.716791,0.433214,0.044516,1.038789,0.219760
0.888652,0.312005,0.236254,-0.030188,-0.418295,-0.028474,-0.236951,0.656610,0.173669,-1.008152,0.392523,0.231927
0.889683,0.767341,-0.231966,-1.578903,-0.245798,0.036244,-0.032858,0.455336,-0.468220,-1.548715,1.770750,0.062810
0.892053,0.668695,-0.641427,-2.300236,0.132164,0.241020,0.190941,-0.098646,-0.409461,-0.721333,2.479852,0.112016
0.893933,-0.474025,-0.276250,-0.452654,0.424055,0.449178,0.285643,-1.142720,0.365177,1.847582,0.711273,0.463175
0.894664,-1.244683,0.540796,2.696778,0.326595,0.411533,0.210055,-0.770658,0.817046,3.149432,3.018991,0.320147
0.895090,-0.182640,1.000877,3.259104,-0.062103,0.155740,0.046945,1.062043,0.460081,0.562326,3.414216,0.030316
0.895310,1.307902,0.774346,0.616388,-0.359437,-0.022229,-0.088218,1.490542,-0.226531,-2.642716,1.640169,0.137472
0.894947,1.325668,0.105841,-1.777538,-0.340279,0.036390,-0.104326,0.017766,-0.668505,-2.393926,2.219964,0.127998
0.894902,0.293760,-0.471732,-1.616373,-0.105539,0.186055,0.004503,-1.031908,-0.577573,0.161165,1.709236,0.045775
0.896076,-0.673149,-0.509517,0.037302,0.044262,0.232438,0.127057,-0.966909,-0.037785,1.653675,0.845061,0.072130
0.897640,-1.276476,-0.267521,0.586707,-0.041021,0.210227,0.138179,-0.603327,0.241996,0.549405,1.430099,0.064972
0.898532,-1.264500,-0.484513,-0.958276,-0.141318,0.267239,-0.000249,0.011976,-0.216992,-1.544983,1.658917,0.091388
0.898825,-0.522853,-0.941027,-2.095289,-0.062685,0.347640,-0.219498,0.741647,-0.456514,-1.137013,2.355662,0.172962
0.898396,0.272978,-0.558775,-0.598513,0.026567,0.279112,-0.343716,0.795831,0.382252,1.496776,0.863113,0.196750
0.896341,0.370977,0.381716,1.316195,-0.004855,0.118918,-0.247335,0.097999,0.940491,1.914708,1.419754,0.075340
0.892617,-0.130567,0.385627,1.058299,-0.031581,0.057991,-0.066731,-0.501544,0.003911,-0.257896,1.133910,0.008813
0.888226,-0.491738,-0.385661,-0.088945,-0.041296,0.088747,-0.025907,-0.361171,-0.771288,-1.147244,0.631230,0.010253
0.883259,-0.127542,-0.342744,-0.582416,-0.091134,0.102752,-0.086581,0.364196,0.042917,-0.493471,0.687713,0.026360
0.877220,0.707196,0.569690,-0.521581,-0.018968,0.096848,-0.058512,0.834738,0.912434,0.060835,1.047244,0.013163
0.871596,0.971401,1.144051,0.896027,0.180458,0.009328,0.050774,0.264205,0.574361,1.417608,1.747952,0.035230
0.868966,0.270110,1.101684,3.102291,0.170505,-0.266380,0.098569,-0.701291,-0.042367,2.206264,3.303162,0.109746
0.869306,-0.294662,0.685306,2.566567,-0.060849,-0.521699,0.085483,-0.564772,-0.416378,-0.535724,2.672777,0.283180
0.870520,-0.088371,-0.162163,-0.656059,-0.110261,-0.432289,0.098621,0.206291,-0.847469,-3.222626,0.681557,0.208757
0.872179,-0.194894,-0.953069,-1.700856,0.056959,-0.143787,0.121850,-0.106523,-0.790906,-1.044797,1.959397,0.038766
0.874875,-1.067671,-0.967153,0.274105,0.112480,-0.018440,0.112675,-0.872777,-0.014084,1.974961,1.466438,0.025687
0.877430,-1.471581,-0.505782,1.150952,0.043400,-0.003845,0.089344,-0.403910,0.461371,0.876847,1.935473,0.009881
0.878821,-0.731720,-0.091050,0.319938,0.017465,0.112475,0.035216,0.739861,0.414732,-0.831014,0.803781,0.014196
0.880444,0.494732,0.554563,0.663110,-0.059334,0.214955,-0.058607,1.226452,0.645613,0.343172,0.995999,0.053161
0.883525,1.319250,1.210639,1.690347,-0.253640,0.130586,-0.088545,0.824518,0.656076,1.027237,2.462385,0.089226
0.887448,1.074620,0.729981,0.738176,-0.349422,-0.026020,0.000663,-0.244630,-0.480658,-0.952171,1.494183,0.122773
0.891222,-0.162322,-0.757496,-1.483936,-0.204857,-0.055373,0.112717,-1.236942,-1.487477,-2.222112,1.673982,0.057738
0.893660,-1.427612,-1.469158,-2.194522,0.063639,0.048194,0.172847,-1.265290,-0.711662,-0.710586,3.002071,0.036249
0.893745,-1.770175,-0.666562,-0.859449,0.291663,0.095484,0.178116,-0.342563,0.802596,1.335073,2.077613,0.125910
0.892375,-0.729857,0.496154,0.813086,0.361054,-0.059419,0.132053,1.040318,1.162716,1.672535,1.199987,0.151329
0.891309,1.085228,0.977006,1.125770,0.267003,-0.272991,0.101395,1.815085,0.480852,0.312684,1.843805,0.156096
0.890741,1.792147,0.785625,-0.076994,0.180753,-0.298458,0.126036,0.706919,-0.191381,-1.202764,1.958297,0.137634
0.889678,0.670373,0.272632,-1.043012,0.156303,-0.193903,0.066988,-1.121774,-0.512993,-0.966018,1.269489,0.066516
0.887414,-0.428400,-0.233639,-0.445611,-0.004643,-0.187908,-0.149616,-1.098773,-0.506271,0.597401,0.660820,0.057716
0.884273,-0.295500,-0.540386,0.270256,-0.299652,-0.241691,-0.315738,0.132900,-0.306747,0.715867,0.672589,0.247896
0.881805,-0.215527,-0.724218,-0.561456,-0.426270,-0.137297,-0.279055,0.079973,-0.183832,-0.831712,0.941369,0.278428
0.881322,-0.747083,-0.705822,-1.623222,-0.312177,0.151962,-0.193172,-0.531556,0.018396,-1.061766,1.921241,0.157862
0.882306,-0.412521,-0.140682,-0.987182,-0.186191,0.434702,-0.192265,0.334562,0.565140,0.636040,1.079117,0.260599
0.883542,0.927932,0.698031,0.610765,-0.151693,0.488885,-0.167289,1.340453,0.838713,1.597947,1.311998,0.290005
0.884641,1.331217,0.827704,1.180649,-0.115355,0.267833,-0.023714,0.403285,0.129673,0.569884,1.962438,0.085604
0.885411,0.301780,0.054438,0.312669,0.011537,0.015925,0.140453,-1.029437,-0.773266,-0.867980,0.437946,0.020114
0.885668,-0.579633,-0.539271,-0.476229,0.197986,-0.021734,0.200542,-0.881413,-0.593709,-0.788898,0.923895,0.079888
0.886177,-0.664044,-0.327995,0.091681,0.272867,0.054244,0.150759,-0.084411,0.211276,0.567910,0.746285,0.100127
0.887794,-0.621450,-0.022271,0.933797,0.132600,0.056328,0.056068,0.042594,0.305724,0.842116,1.121906,0.023899
0.890015,-0.415014,-0.127617,0.408525,-0.056821,0.066077,-0.027707,0.206436,-0.105346,-0.525272,0.596167,0.008362
0.891814,0.324344,-0.076259,-0.362433,-0.109511,0.177340,-0.075567,0.739358,0.051358,-0.770958,0.492313,0.049153
0.892877,0.879984,0.454476,0.525040,-0.110053,0.226076,-0.088604,0.555640,0.530735,0.887473,1.120976,0.071073
0.893316,0.575969,0.813175,1.642778,-0.190868,0.089817,-0.078892,-0.304015,0.358699,1.117738,1.921383,0.050722
0.893320,0.062516,0.476500,0.527808,-0.242797,-0.066967,-0.054273,-0.513453,-0.336675,-1.114970,0.713822,0.066381
0.893205,-0.037631,-0.194445,-1.434458,-0.110635,-0.070576,-0.020042,-0.100147,-0.670945,-1.962266,1.448066,0.017623
0.893182,-0.211983,-0.600950,-1.133599,0.099023,0.013200,0.015773,-0.174352,-0.406505,0.300859,1.300432,0.010229
0.893484,-0.706846,-0.604376,0.752868,0.148209,0.068988,0.033985,-0.494863,-0.003426,1.886467,1.196542,0.027880
0.894434,-0.696454,-0.366805,1.056198,0.010763,0.129702,0.004912,0.010392,0.237571,0.303330,1.317250,0.016963
0.895731,0.207978,0.005363,-0.349242,-0.113594,0.236325,-0.051218,0.904432,0.372168,-1.405440,0.406514,0.071376
0.896557,0.921234,0.362258,-0.780162,-0.093950,0.307924,-0.049859,0.713256,0.356895,-0.430920,1.260379,0.106130
0.896835,0.516435,0.440555,0.454034,-0.025536,0.268832,0.018010,-0.404799,0.078297,1.234196,0.816664,0.073247
0.897092,-0.204036,0.212884,1.303885,-0.049422,0.137319,0.051162,-0.720471,-0.227671,0.849851,1.336812,0.023917
0.897249,-0.200068,-0.058258,0.388881,-0.096214,-0.021313,0.033842,0.003968,-0.271142,-0.915004,0.441191,0.010857
0.897009,0.087684,-0.220260,-1.262522,0.031873,-0.093374,0.064199,0.287752,-0.162002,-1.651403,1.284587,0.013856
0.896823,-0.007893,-0.226657,-1.477189,0.273403,-0.003875,0.131181,-0.095577,-0.006397,-0.214667,1.494498,0.091973
0.897089,-0.153275,0.009167,0.374167,0.259649,0.116401,0.099620,-0.145382,0.235824,1.851356,0.404448,0.090891
0.897483,-0.009585,0.301293,1.894137,-0.132042,0.101773,-0.049132,0.143690,0.292126,1.519970,1.917974,0.030207
0.897801,0.288151,0.272270,0.693992,-0.481274,0.040078,-0.158246,0.297736,-0.029023,-1.200145,0.799241,0.258273
0.898083,0.603228,-0.101756,-1.759092,-0.401098,0.078215,-0.107033,0.315077,-0.374026,-2.453084,1.862429,0.178453
0.898236,0.581938,-0.517587,-2.341297,-0.078116,0.145373,0.046499,-0.021290,-0.415831,-0.582205,2.467432,0.029398
0.898847,-0.054539,-0.644149,-0.948481,0.077874,0.152865,0.163718,-0.636477,-0.126562,1.392816,1.147832,0.056236
0.900436,-0.690976,-0.440033,-0.242333,0.002273,0.173916,0.170339,-0.636437,0.204116,0.706148,0.854285,0.059267
0.901460,-0.623129,-0.426814,-1.400870,-0.029149,0.267676,0.064874,0.067847,0.013219,-1.158537,1.591508,0.076709
0.900690,-0.217420,-0.708341,-1.831959,0.159856,0.354771,-0.127740,0.405709,-0.281527,-0.431089,1.976131,0.167734
0.899592,-0.025626,-0.293516,0.537636,0.319972,0.291181,-0.332403,0.191794,0.414825,2.369595,0.613075,0.297660
0.897702,0.279816,0.904101,2.284693,0.149917,0.081355,-0.407630,0.305442,1.197617,1.747057,2.472957,0.195256
0.891516,0.888016,1.299831,0.248926,-0.093749,0.006418,-0.270168,0.608200,0.395730,-2.035767,1.593768,0.081821
0.882166,0.985481,0.571490,-1.436563,-0.011937,0.208698,-0.027589,0.097465,-0.728341,-1.685489,1.833436,0.044459
0.874756,0.158350,0.281707,0.903892,0.188523,0.333534,0.131124,-0.827131,-0.289783,2.340455,0.959924,0.163979
0.869347,-0.668157,0.725039,3.095370,0.160042,0.120273,0.149246,-0.826507,0.443332,2.191478,3.248604,0.062353
0.863511,-0.692402,0.713014,1.784638,0.037346,-0.120102,0.099441,-0.024245,-0.012025,-1.310732,2.042729,0.025708
0.859564,-0.192958,0.209637,0.152629,-0.023344,-0.130978,0.053940,0.499444,-0.503377,-1.632009,0.323228,0.020610
0.859764,0.386510,0.032735,0.008601,-0.114049,-0.088222,0.051945,0.579468,-0.176902,-0.144028,0.387989,0.023489
0.861371,0.806933,0.091594,-0.691923,-0.148241,-0.059915,0.093569,0.420423,0.058859,-0.700524,1.066906,0.034320
0.861839,0.590214,0.006599,-1.348405,0.012701,0.046085,0.117556,-0.216719,-0.084995,-0.656482,1.471935,0.016105
0.861809,-0.364040,-0.117097,0.022351,0.156690,0.014270,0.074723,-0.954254,-0.123696,1.370756,0.383062,0.030339
0.861647,-1.055053,-0.383567,0.978453,0.115970,-0.305509,0.024576,-0.691013,-0.266470,0.956102,1.489171,0.107389
0.861280,-0.610371,-0.878855,-0.914273,0.122887,-0.486525,0.059728,0.444682,-0.495288,-1.892726,1.407421,0.255375
0.862877,0.326451,-0.946535,-2.242962,0.264774,-0.197707,0.128976,0.936822,-0.067680,-1.328689,2.456293,0.125828
0.867904,0.685039,-0.213393,-0.186003,0.210993,0.197415,0.077841,0.358588,0.733142,2.056959,0.741223,0.089550
0.873299,0.505398,0.546800,1.840349,-0.127034,0.310074,-0.084285,-0.179641,0.760193,2.026352,1.985271,0.119387
0.876606,0.394501,0.622024,1.101805,-0.362975,0.233007,-0.152783,-0.110897,0.075224,-0.738544,1.325337,0.209386
0.880627,0.522703,0.199857,-0.208101,-0.301989,0.099007,-0.039641,0.128202,-0.422167,-1.309906,0.597049,0.102571
0.887100,0.579138,-0.341882,-0.869013,-0.147537,-0.053127,0.111920,0.056435,-0.541739,-0.660912,1.098848,0.037116
0.892560,0.080071,-0.733361,-1.771355,-0.014023,-0.028248,0.161980,-0.499067,-0.391479,-0.902342,1.918835,0.027232
0.894560,-0.926536,-0.707499,-1.570151,0.128612,0.194937,0.086410,-1.006607,0.025862,0.201204,1.955607,0.062008
0.894768,-1.393898,-0.430546,0.217798,0.190352,0.254871,-0.097197,-0.467362,0.276953,1.787949,1.475045,0.110640
0.894533,-0.470280,-0.278169,0.069050,0.140951,0.059254,-0.286065,0.923618,0.152377,-0.148748,0.550735,0.105211
0.892798,0.952734,-0.059030,-2.284809,0.131671,0.000281,-0.296239,1.423014,0.219139,-2.353859,2.476194,0.105095
0.888336,1.208274,0.456364,-1.849826,0.166012,0.173792,-0.111662,0.255540,0.515394,0.434983,2.256114,0.070232
0.881340,0.318125,0.789025,1.243280,0.109432,0.217013,0.047740,-0.890149,0.332661,3.093106,1.506489,0.061349
0.872799,-0.203288,0.727651,1.660941,0.046178,0.050948,0.058821,-0.521413,-0.061374,0.417661,1.824699,0.008188
0.863953,0.147886,0.890487,0.478576,0.086498,-0.116517,0.048837,0.351174,0.162836,-1.182365,1.021701,0.023443
0.857220,0.494701,1.229425,1.951596,0.049690,-0.329928,0.111890,0.346815,0.338938,1.473020,2.359013,0.123841
0.855468,0.309456,0.713184,2.778651,-0.131284,-0.568490,0.173559,-0.185245,-0.516241,0.827055,2.885359,0.370539
0.858803,-0.219090,-0.589339,-0.469924,-0.142019,-0.458587,0.183172,-0.528546,-1.302523,-3.248575,0.784952,0.264023
0.864139,-0.959503,-1.179405,-2.451476,0.123098,-0.005684,0.153653,-0.740413,-0.590066,-1.981552,2.884680,0.038795
0.868414,-1.535451,-0.514690,0.451900,0.279720,0.225479,0.068106,-0.575948,0.664715,2.903376,1.681288,0.133722
0.870627,-1.038867,0.299418,2.849076,0.107191,0.063341,-0.036639,0.496584,0.814108,2.397176,3.047315,0.016844
0.871257,0.381813,0.417912,0.958088,-0.099786,-0.087498,-0.062627,1.420680,0.118494,-1.890988,1.112818,0.021535
0.870627,1.023145,0.148322,-1.301847,-0.085985,-0.060041,-0.040864,0.641332,-0.269590,-2.259935,1.662417,0.012668
0.867965,0.383222,0.059249,-0.417342,-0.032532,-0.026882,-0.082663,-0.639923,-0.089073,0.884505,0.569688,0.008614
0.863359,-0.101970,0.244884,1.395229,-0.164012,-0.015022,-0.144027,-0.485192,0.185635,1.812571,1.420222,0.047869
0.860094,-0.028786,0.224912,0.737567,-0.330063,0.033142,-0.109679,0.073184,-0.019972,-0.657662,0.771634,0.122069
0.861725,-0.259400,-0.452900,-1.859804,-0.244856,0.091721,-0.007141,-0.230614,-0.677812,-2.597371,1.931652,0.068418
0.867072,-0.641707,-1.196375,-2.889875,0.048542,0.203921,0.076487,-0.382307,-0.743475,-1.030071,3.192879,0.049790
0.871829,-0.579377,-0.896666,-0.811772,0.217244,0.370782,0.109658,0.062330,0.299709,2.078103,1.341142,0.196699
0.874481,-0.214907,0.238917,1.730281,0.085455,0.403253,0.058882,0.364470,1.135583,2.542053,1.759869,0.173383
0.876597,0.308873,0.864986,1.721972,-0.175611,0.256159,-0.070344,0.523780,0.626069,-0.008309,1.951612,0.101405
0.878509,0.828717,0.581109,-0.030778,-0.301436,0.157030,-0.163482,0.519844,-0.283877,-1.752750,1.012624,0.142248
0.879223,0.771108,0.197442,-0.659936,-0.227016,0.183972,-0.141468,-0.057609,-0.383667,-0.629158,1.033976,0.105395
0.879146,0.052482,0.059417,0.156143,-0.102866,0.158066,-0.067223,-0.718626,-0.138025,0.816079,0.175115,0.040085
0.879350,-0.628176,-0.262296,0.214110,-0.053965,0.046896,-0.006352,-0.680658,-0.321713,0.057967,0.713616,0.005152
0.880245,-0.708738,-0.670794,-0.815611,-0.007353,0.041814,0.055520,-0.080562,-0.408498,-1.029721,1.271808,0.004885
0.882294,-0.276850,-0.474990,-0.683908,0.090285,0.185291,0.093704,0.431888,0.195804,0.131703,0.877492,0.051265
0.885246,0.176809,0.232557,0.934202,0.058338,0.301256,0.032014,0.453659,0.707547,1.618110,0.978814,0.095183
0.887566,0.430107,0.617423,1.516593,-0.177182,0.310507,-0.098369,0.253298,0.384866,0.582391,1.693003,0.137485
0.888590,0.748673,0.589231,0.410887,-0.302986,0.267406,-0.156848,0.318566,-0.028192,-1.105706,1.037561,0.187908
0.888772,0.869029,0.599234,-0.096382,-0.115292,0.140941,-0.079563,0.120356,0.010003,-0.507269,1.059992,0.039487
0.888092,0.013774,0.309306,0.533008,0.096481,-0.088701,0.049904,-0.855255,-0.289928,0.629390,0.616407,0.019667
0.887237,-1.116247,-0.611923,0.142185,0.091508,-0.234397,0.124053,-1.130021,-0.921229,-0.390823,1.280888,0.078705
0.888118,-0.935356,-1.216980,-1.288277,0.056372,-0.133833,0.130189,0.180891,-0.605057,-1.430462,2.003893,0.038038
0.890970,-0.062701,-0.705834,-1.025553,0.087769,0.087397,0.104300,0.872655,0.511146,0.262724,1.246552,0.026220
0.893887,-0.128369,0.181609,1.108094,-0.032464,0.236654,0.023144,-0.065668,0.887443,2.133647,1.130191,0.057595
0.895700,-0.393302,0.582055,2.038292,-0.307076,0.285885,-0.136756,-0.264933,0.400446,0.930198,2.155947,0.194728
0.896654,0.395975,0.632142,0.573132,-0.419882,0.235203,-0.265017,0.789277,0.050087,-1.465160,0.940681,0.301855
0.897066,1.133380,0.478833,-1.203295,-0.245311,0.091718,-0.209026,0.737405,-0.153309,-1.776427,1.720974,0.112282
0.897192,0.524936,-0.082037,-1.456901,-0.001726,-0.006314,-0.003353,-0.608444,-0.560870,-0.253606,1.550757,0.000054
0.897416,-0.695038,-0.726313,-0.591182,0.077827,0.019511,0.140699,-1.219974,-0.644276,0.865719,1.166235,0.026234
0.897867,-1.208836,-0.703818,0.238496,0.019815,0.053288,0.104609,-0.513798,0.022495,0.829678,1.418987,0.014175
0.898241,-0.628651,0.085292,0.988846,0.009163,0.027800,-0.001648,0.580185,0.789110,0.750350,1.174859,0.000860
0.898183,0.488788,0.903745,1.896742,0.053229,-0.031677,-0.026084,1.117439,0.818453,0.907896,2.157151,0.004517
0.897810,1.143560,1.094735,2.108177,-0.000113,-0.170921,0.019747,0.654772,0.190990,0.211435,2.636396,0.029604
0.897370,0.733962,0.642578,1.251833,-0.155222,-0.377350,0.022782,-0.409598,-0.452157,-0.856344,1.587039,0.167006
0.896597,-0.380159,-0.144470,0.154098,-0.312885,-0.483555,-0.051096,-1.114121,-0.787048,-1.097735,0.434901,0.334333
0.895451,-1.152739,-0.921739,-1.148034,-0.380870,-0.372837,-0.124705,-0.772580,-0.777269,-1.302132,1.869864,0.299621
0.894408,-0.931221,-1.267105,-2.520667,-0.205418,-0.083883,-0.130756,0.221518,-0.345366,-1.372633,2.970941,0.066330
0.893188,-0.328740,-0.877702,-2.207756,0.152829,0.227924,-0.097039,0.602481,0.389403,0.312911,2.398461,0.084723
0.891187,-0.148313,0.001621,-0.158813,0.306927,0.355506,-0.077456,0.180427,0.879323,2.048943,0.217304,0.226588
0.889122,-0.002198,0.689699,0.950894,0.151499,0.254599,-0.060835,0.146115,0.688078,1.109707,1.174687,0.091473
0.888077,0.518724,0.878746,0.609168,0.003095,0.103237,-0.019809,0.520922,0.189047,-0.341726,1.188425,0.011060
0.888020,0.802006,0.807408,0.796296,-0.043735,0.011053,0.023918,0.283282,-0.071338,0.187128,1.388960,0.002607
0.888639,0.655555,0.482557,1.044194,-0.130384,-0.060857,0.058730,-0.146451,-0.324851,0.247898,1.323992,0.024153
0.889835,0.526029,-0.196938,-0.464156,-0.139091,-0.059688,0.114458,-0.129526,-0.679495,-1.508350,0.728651,0.036010
0.891123,0.113333,-0.664288,-2.136484,0.076991,0.097873,0.173433,-0.412696,-0.467350,-1.672328,2.240243,0.045586
0.892150,-0.627219,-0.369518,-1.354690,0.279205,0.258014,0.160654,-0.740552,0.294770,0.781794,1.537899,0.170336
0.893155,-0.518973,0.257823,0.558887,0.199794,0.207252,0.071585,0.108246,0.627341,1.913577,0.805084,0.087995
0.894066,0.556291,0.546627,0.814866,-0.031812,0.033038,-0.013640,1.075264,0.288804,0.255979,1.127948,0.002290
0.894412,1.041508,0.451797,0.001734,-0.162253,-0.032878,-0.071628,0.485217,-0.094830,-0.813132,1.135281,0.032538
0.894337,0.430250,0.165031,0.166967,-0.211128,0.012343,-0.147715,-0.611258,-0.286766,0.165233,0.490131,0.066547
0.894561,-0.369571,-0.298344,0.558150,-0.300204,0.037507,-0.218059,-0.799821,-0.463375,0.391183,0.732887,0.139079
0.895338,-0.910878,-0.854951,-0.578576,-0.300140,0.072126,-0.195213,-0.541307,-0.556607,-1.136726,1.376732,0.133394
0.895977,-1.034850,-1.148027,-1.975056,-0.043251,0.213928,-0.094689,-0.123972,-0.293076,-1.396480,2.507933,0.056602
0.895502,-0.444869,-0.806228,-1.441294,0.240349,0.392911,-0.062566,0.589981,0.341799,0.533762,1.710333,0.216061
0.893896,0.432807,0.182621,0.139954,0.225573,0.464468,-0.159120,0.877676,0.988849,1.581248,0.490163,0.291933
0.892284,1.043748,1.423232,1.103564,0.055531,0.387556,-0.219646,0.610941,1.240611,0.963610,2.081551,0.201528
0.891378,1.560697,2.098995,1.655694,0.003454,0.173601,-0.087968,0.516949,0.675763,0.552130,3.095622,0.037888
0.890761,1.675059,1.351325,1.353206,-0.035337,-0.106468,0.116748,0.114362,-0.747670,-0.302488,2.542257,0.026214
0.890300,0.669401,-0.342539,-0.542558,-0.144006,-0.243235,0.187607,-1.005658,-1.693864,-1.895764,0.927254,0.115097
0.890635,-0.656150,-1.218990,-2.090479,-0.102370,-0.135379,0.145620,-1.325551,-0.876451,-1.547921,2.507304,0.050012
0.891604,-0.938845,-0.737527,-1.542289,0.105385,0.016636,0.128371,-0.282695,0.481463,0.548190,1.950393,0.027862
0.892317,-0.436077,-0.081211,-0.105238,0.187892,0.049350,0.129144,0.502768,0.656316,1.437051,0.455888,0.054417
0.893260,0.153596,0.176104,0.957646,0.033893,0.044711,0.056329,0.589673,0.257315,1.062884,0.985743,0.006321
0.895531,0.802503,0.382148,1.287765,-0.221006,0.049839,-0.082555,0.648907,0.206044,0.330119,1.564732,0.058143
0.898080,0.973406,0.399312,0.346972,-0.397651,0.025693,-0.175387,0.170903,0.017164,-0.940793,1.107862,0.189547
0.899116,0.296645,0.026402,-0.734430,-0.336962,0.037414,-0.108769,-0.676761,-0.372910,-1.081402,0.792517,0.126774
0.899374,-0.327238,-0.279868,0.028219,-0.104161,0.109098,0.121140,-0.623883,-0.306270,0.762649,0.431517,0.037427
0.900117,-0.505885,-0.233995,1.013735,0.039640,0.099044,0.348906,-0.178647,0.045873,0.985516,1.156863,0.133116
0.900137,-0.625795,-0.126517,-0.693527,0.120845,-0.040447,0.381877,-0.119910,0.107478,-1.707262,0.942659,0.162070
0.898897,0.056113,-0.008771,-2.557269,0.383913,-0.141654,0.273325,0.681908,0.117746,-1.863742,2.557900,0.242162
0.898392,1.680098,0.472620,-0.207604,0.661818,-0.092663,0.276380,1.623985,0.481391,2.349665,1.757612,0.522975
0.897753,1.706533,1.026358,3.472996,0.545988,-0.069319,0.379988,0.026435,0.553738,3.680600,4.003419,0.447299
0.892594,-0.794439,0.628858,2.529902,0.134268,-0.317750,0.201535,-2.500972,-0.397500,-0.943094,2.725252,0.159609
0.882527,-2.192378,-0.704819,-1.395606,-0.109641,-0.686200,-0.366695,-1.397939,-1.333677,-3.925508,2.692769,0.617357
0.870911,-0.456382,-1.530020,-2.666905,-0.096560,-0.703438,-0.824573,1.735996,-0.825201,-1.271299,3.108316,1.184069
0.858355,1.170946,-1.199371,-1.655617,-0.087195,-0.237555,-0.754645,1.627328,0.330649,1.011288,2.355987,0.633524
0.845735,0.696347,-0.488719,-1.772065,-0.119521,0.353584,-0.370154,-0.474599,0.710652,-0.116448,1.965696,0.276321
0.837594,0.193209,0.191412,-1.992753,-0.013198,0.729068,-0.066170,-0.503138,0.680131,-0.220688,2.011227,0.536093
0.834555,0.191505,0.944005,0.213764,0.195172,0.763185,0.066858,-0.001704,0.752593,2.206517,0.986668,0.625013
0.831381,-0.514227,1.398928,3.566240,0.272880,0.412983,0.089733,-0.705732,0.454923,3.352476,3.865165,0.253070
0.826025,-0.574720,1.241204,4.655334,0.175560,-0.159098,0.034143,-0.060493,-0.157724,1.089094,4.852116,0.057299
0.820634,0.990622,0.670780,2.228407,0.080861,-0.525449,-0.026484,1.565342,-0.570424,-2.426927,2.529244,0.283337
0.815208,1.661585,0.032550,-1.006580,0.081423,-0.417893,-0.027635,0.670963,-0.638230,-3.234987,1.942969,0.182028
0.809620,0.472862,-0.181274,-1.463722,0.089328,-0.057060,-0.010567,-1.188723,-0.213824,-0.457142,1.548851,0.011347
0.806993,-0.141948,0.191640,0.430977,0.001969,0.157807,-0.018553,-0.614810,0.372914,1.894699,0.492561,0.025251
0.807980,0.092933,0.388142,1.597760,-0.184043,0.070822,-0.035566,0.234881,0.196502,1.166783,1.646854,0.040153
0.809035,-0.409916,-0.227133,0.744135,-0.307666,-0.200616,-0.043998,-0.502849,-0.615275,-0.853625,0.879407,0.136841
0.810984,-0.380721,-1.103494,-1.571095,-0.110332,-0.359191,0.028219,0.029195,-0.876361,-2.315230,1.957291,0.141988
0.819427,1.083399,-1.309741,-3.402010,0.355019,-0.142671,0.245888,1.464120,-0.206247,-1.830915,3.803005,0.206854
0.833623,1.231907,-0.638839,-2.052477,0.580589,0.286347,0.420338,0.148508,0.670902,1.349533,2.477574,0.595762
0.846224,-0.669436,0.329610,1.577448,0.255929,0.462561,0.277779,-1.901343,0.968449,3.629925,1.745030,0.356624
0.854288,-1.406618,0.839309,3.010090,-0.265275,0.251415,-0.077866,-0.737182,0.509699,1.432642,3.426902,0.139643
0.859609,-0.087753,0.668641,0.897962,-0.474401,-0.032282,-0.278520,1.318865,-0.170668,-2.112128,1.122995,0.303672
0.862242,0.773895,0.211828,-1.333308,-0.313791,-0.099585,-0.209947,0.861648,-0.456813,-2.231270,1.556115,0.152460
0.862858,0.162538,-0.114188,-0.926083,-0.092126,0.018993,-0.061439,-0.611357,-0.326016,0.407225,0.947147,0.012623
0.864661,-0.606595,-0.263588,0.691556,-0.039858,0.083531,0.023311,-0.769133,-0.149400,1.617639,0.956915,0.009109
0.868040,-0.606018,-0.351774,0.509804,-0.049271,-0.012282,0.069160,0.000577,-0.088186,-0.181752,0.866547,0.007362
0.870708,-0.214484,-0.226945,-0.881011,0.086395,-0.064545,0.123240,0.391534,0.124829,-1.390815,0.934713,0.026818
0.872646,-0.016237,0.298935,-0.189436,0.237640,0.070760,0.155220,0.198247,0.525880,0.691575,0.354276,0.085573
0.874596,0.141822,0.710258,1.840529,0.098693,0.175941,0.092111,0.158059,0.411323,2.029965,1.977910,0.049180
0.875504,0.489489,0.335357,1.304233,-0.236652,0.091995,-0.071884,0.347667,-0.374901,-0.536296,1.432860,0.069635
0.875200,0.575347,-0.345310,-1.107233,-0.354099,0.021754,-0.203335,0.085858,-0.680667,-2.411466,1.294692,0.167204
0.875118,0.161558,-0.423856,-1.482403,-0.168931,0.080128,-0.164760,-0.413789,-0.078546,-0.375170,1.550250,0.062104
0.875760,-0.311106,-0.103649,-0.027911,0.016963,0.095012,-0.013552,-0.472664,0.320207,1.454492,0.329103,0.009499
0.876913,-0.454362,0.023747,0.445306,0.058686,0.046003,0.089131,-0.143256,0.127396,0.473217,0.636637,0.013505
0.878630,-0.027860,0.156107,-0.060962,0.067229,0.094685,0.104302,0.426502,0.132360,-0.506268,0.169888,0.024364
0.879949,0.747000,0.503979,0.039484,0.080318,0.178692,0.086351,0.774860,0.347872,0.100446,0.901977,0.045838
0.879393,0.805893,0.610894,0.685937,0.056572,0.122332,0.057698,0.058893,0.106915,0.646453,1.221951,0.021495
0.877628,-0.177770,0.225620,0.716480,0.028789,-0.005698,0.026971,-0.983663,-0.385274,0.030543,0.771913,0.001589
0.876388,-1.034506,-0.163319,-0.082684,0.013125,-0.052428,-0.024349,-0.856736,-0.388939,-0.799164,1.050577,0.003514
0.874775,-1.066006,-0.111430,-0.466825,-0.040603,-0.058211,-0.156337,-0.031500,0.051889,-0.384141,1.169064,0.029478
0.870943,-0.599396,0.117894,0.249170,-0.124531,-0.095861,-0.306193,0.466610,0.229324,0.715995,0.659743,0.118451
0.866888,0.142141,0.022683,0.663583,-0.153352,-0.084152,-0.291331,0.741537,-0.095211,0.414413,0.679015,0.115472
0.866056,0.552498,-0.423332,-0.282087,-0.075658,0.049561,-0.125541,0.410357,-0.446015,-0.945670,0.751024,0.023941
0.867344,-0.175066,-0.800350,-1.230207,0.056515,0.239065,-0.045195,-0.727564,-0.377018,-0.948120,1.478045,0.062389
0.866976,-1.140372,-0.716737,-0.859554,0.132800,0.380049,-0.146974,-0.965306,0.083613,0.370653,1.597809,0.183674
0.864374,-0.730527,-0.217191,0.000455,0.122868,0.389922,-0.281387,0.409845,0.499546,0.860009,0.762130,0.246314
0.861683,0.529420,0.241406,0.182036,0.126626,0.258048,-0.279818,1.259947,0.458597,0.181581,0.609672,0.160921
0.859665,0.975577,0.414389,0.062280,0.198605,0.114095,-0.117259,0.446157,0.172983,-0.119756,1.061766,0.066211
0.857382,0.580730,0.472073,0.416183,0.220381,0.040521,0.072538,-0.394847,0.057684,0.353903,0.856334,0.055471
0.854816,0.307551,0.384831,0.598606,0.101905,-0.055513,0.129425,-0.273179,-0.087242,0.182423,0.775249,0.030217
0.853325,0.241810,0.005876,-0.281142,-0.018828,-0.148370,0.061838,-0.065741,-0.378955,-0.879748,0.370874,0.026192
0.853191,0.113309,-0.252747,-1.074085,0.014713,-0.057747,0.010198,-0.128501,-0.258623,-0.792943,1.109224,0.003655
0.852805,0.097869,0.018708,-0.304455,0.098095,0.116639,0.039256,-0.015440,0.271455,0.769630,0.320345,0.024768
0.851066,0.116499,0.309494,0.730856,0.046417,0.085293,0.087456,0.018630,0.290786,1.035311,0.802190,0.017078
0.848061,-0.194558,-0.016580,0.048792,-0.061216,-0.070498,0.066057,-0.311057,-0.326074,-0.682064,0.201267,0.013081
0.843528,-0.526458,-0.514477,-1.238707,-0.024554,-0.054767,-0.037808,-0.331900,-0.497897,-1.287499,1.440916,0.005032
0.838199,-0.313952,-0.397371,-0.907396,0.092102,0.052406,-0.123197,0.212506,0.117106,0.331311,1.039152,0.026407
0.834924,0.119232,0.015674,0.283547,0.084686,-0.015564,-0.098913,0.433184,0.413045,1.190943,0.307995,0.017198
0.834652,0.132653,-0.113836,0.136290,0.001006,-0.159250,-0.024725,0.013421,-0.129510,-0.147257,0.221654,0.025973
0.834669,-0.087570,-0.540155,-0.960852,0.015569,-0.122389,-0.010322,-0.220223,-0.426319,-1.097142,1.105745,0.015328
0.833512,0.002905,-0.378298,-1.024204,0.091962,0.010397,-0.044909,0.090475,0.161857,-0.063352,1.091839,0.010582
0.832897,0.385644,0.291880,0.002507,0.110505,0.007185,-0.044953,0.382739,0.670178,1.026711,0.483654,0.014284
0.833472,0.554958,0.631239,0.652426,0.080913,-0.093861,0.004582,0.169314,0.339359,0.649919,1.064002,0.015378
0.833453,0.141970,0.364977,0.480105,0.018222,-0.139000,0.033682,-0.412988,-0.266262,-0.172321,0.619568,0.020788
0.832113,-0.381651,0.011659,0.141119,-0.100652,-0.141975,0.003110,-0.523621,-0.353318,-0.338986,0.407072,0.030297
0.830950,-0.124966,0.089404,0.014642,-0.203694,-0.145470,-0.004494,0.256685,0.077745,-0.126477,0.154350,0.062673
0.830447,0.491644,0.338465,-0.124424,-0.206096,-0.121294,0.082019,0.616610,0.249061,-0.139066,0.609716,0.063915
0.829374,0.184138,0.001125,-0.528010,-0.138485,-0.125467,0.162472,-0.307506,-0.337340,-0.403586,0.559198,0.061317
0.829737,-0.672750,-0.841908,-0.887082,-0.031499,-0.189096,0.154098,-0.856888,-0.843033,-0.359072,1.395821,0.060496
0.836608,-0.807246,-1.113162,-0.515322,0.124398,-0.157927,0.171266,-0.134496,-0.271254,0.371760,1.468446,0.069748
0.849004,-0.558569,-0.378346,0.563749,0.234297,-0.012124,0.261761,0.248677,0.734816,1.079071,0.879180,0.123561
0.858983,-0.537592,0.535585,1.315586,0.178930,0.010494,0.263471,0.020977,0.913931,0.751837,1.518757,0.101543
0.862985,-0.097671,0.852667,1.101193,0.037645,-0.114881,0.132689,0.439921,0.317082,-0.214393,1.396140,0.032221
0.864709,0.623826,0.650612,0.426442,-0.027360,-0.150086,0.044290,0.721497,-0.202055,-0.674751,0.997150,0.025236
0.865957,0.464274,0.264237,-0.192666,-0.022912,-0.061482,0.057128,-0.159552,-0.386375,-0.619108,0.567884,0.007569
0.864296,-0.419879,-0.131639,-0.499348,-0.041173,0.025656,0.034455,-0.884153,-0.395876,-0.306682,0.665564,0.003541
0.860274,-0.996374,-0.315724,0.090695,-0.093306,0.096856,-0.070979,-0.576495,-0.184085,0.590043,1.049127,0.023125
0.859134,-0.950477,-0.264236,0.982377,-0.162373,0.102240,-0.127790,0.045897,0.051488,0.891682,1.392225,0.053148
0.863497,-0.302882,-0.390362,0.251434,-0.202912,0.016440,-0.042508,0.647595,-0.126126,-0.730943,0.554382,0.043250
0.869767,0.548852,-0.678513,-1.447313,-0.116707,0.070524,0.103731,0.851734,-0.288151,-1.698747,1.690069,0.029354
0.874276,0.656109,-0.402698,-1.055389,0.033763,0.360490,0.166608,0.107257,0.275815,0.391924,1.306327,0.158851
0.877561,-0.062818,0.410031,1.087607,0.011257,0.531323,0.098144,-0.718927,0.812729,2.142996,1.164028,0.292063
0.880335,-0.605798,0.701185,1.531617,-0.189368,0.337642,-0.031077,-0.542980,0.291154,0.444010,1.790112,0.150828
0.881467,-0.513398,0.213596,-0.047354,-0.273759,0.035740,-0.115315,0.092400,-0.487589,-1.578971,0.558071,0.089519
0.881138,-0.199384,-0.156625,-0.826805,-0.123290,-0.085333,-0.107360,0.314014,-0.370221,-0.779451,0.864807,0.034008
0.880620,-0.003197,-0.019071,-0.008443,0.037175,-0.070984,-0.056924,0.196187,0.137554,0.818362,0.021100,0.009661
0.879950,0.102223,0.134551,0.528973,0.028818,-0.051254,-0.039202,0.105420,0.153622,0.537416,0.555307,0.004994
0.879166,0.179144,0.048862,-0.082965,-0.037355,-0.014530,-0.050323,0.076921,-0.085689,-0.611938,0.203380,0.004139
0.879149,0.084707,-0.042141,-0.416012,-0.008927,0.058225,-0.033109,-0.094437,-0.091003,-0.333047,0.426635,0.004566
0.879998,-0.242225,-0.080031,0.266149,0.045371,0.076092,0.021943,-0.326932,-0.037890,0.682161,0.368664,0.008330
0.881235,-0.395311,-0.207842,0.481458,0.009259,-0.006076,0.078202,-0.153086,-0.127811,0.215309,0.656712,0.006238
0.882856,-0.067217,-0.214023,-0.112939,-0.028408,-0.066599,0.107568,0.328094,-0.006181,-0.594397,0.251156,0.016813
0.884424,0.396959,0.227982,0.269252,0.027984,-0.027721,0.096520,0.464176,0.442005,0.382191,0.531083,0.010868
0.885125,0.712050,0.783241,1.345223,0.046339,-0.013383,0.065950,0.315091,0.555259,1.075971,1.711755,0.006676
0.885257,0.823934,0.803535,1.087824,-0.062507,-0.091569,0.065229,0.111884,0.020294,-0.257399,1.583634,0.016547
0.885480,0.203382,0.301511,0.328455,-0.168584,-0.132195,0.058234,-0.620552,-0.502024,-0.759369,0.490057,0.049287
0.885359,-1.106107,-0.260478,0.737634,-0.237228,-0.105408,-0.070928,-1.309489,-0.561989,0.409179,1.354779,0.072419
0.884626,-1.549893,-0.743210,0.613737,-0.326102,-0.120102,-0.276130,-0.443786,-0.482732,-0.123897,1.825158,0.197015
0.884285,-0.458498,-1.167138,-1.515768,-0.250729,-0.083989,-0.326326,1.091395,-0.423928,-2.129505,1.967228,0.176408
0.884908,0.572252,-1.205505,-3.051379,0.106387,0.163966,-0.180291,1.030750,-0.038367,-1.535611,3.330410,0.070708
0.885483,0.537608,-0.456177,-1.491450,0.381216,0.438030,-0.081686,-0.034644,0.749328,1.559929,1.649710,0.343869
0.884966,0.428212,0.801069,1.374854,0.262017,0.426894,-0.135707,-0.109396,1.257246,2.866304,1.647817,0.269308
0.883767,0.798400,1.565866,2.393623,-0.016348,0.164492,-0.164227,0.370188,0.764797,1.018769,2.969648,0.054295
0.882971,0.887173,1.266052,1.384516,-0.156021,-0.075105,-0.068049,0.088773,-0.299814,-1.009107,2.075295,0.034614
0.882805,0.417085,0.504692,0.287419,-0.182036,-0.145694,0.043238,-0.470088,-0.761360,-1.097097,0.715041,0.056233
0.882839,0.019948,0.017741,-0.162420,-0.165162,-0.099105,0.095078,-0.397137,-0.486951,-0.449839,0.164599,0.046140
0.883378,-0.044493,-0.300542,-0.453083,-0.099827,-0.035470,0.130588,-0.064441,-0.318283,-0.290663,0.545517,0.028277
0.885135,-0.281058,-0.625848,-0.511389,-0.019693,-0.000466,0.175757,-0.236565,-0.325306,-0.058306,0.855686,0.031279
0.887597,-0.844631,-0.666996,-0.411758,0.076560,0.018928,0.182788,-0.563573,-0.041148,0.099631,1.152315,0.039631
0.889390,-0.925064,-0.365662,-0.636056,0.201508,0.066290,0.091075,-0.080433,0.301334,-0.224298,1.180686,0.053294
0.890016,-0.278215,0.090455,-0.143775,0.202488,0.108669,-0.099572,0.646849,0.456117,0.492281,0.325971,0.062725
0.889980,0.047814,0.710514,1.843837,-0.048266,-0.009822,-0.290453,0.326029,0.620059,1.987612,1.976576,0.086789
0.889757,-0.110494,1.188214,2.801102,-0.341155,-0.280795,-0.326656,-0.158308,0.477700,0.957265,3.044706,0.301937
0.889393,0.130586,0.827517,0.813771,-0.388054,-0.408049,-0.161653,0.241080,-0.360697,-1.987331,1.167930,0.343222
0.888956,0.180681,-0.378516,-1.689988,-0.228765,-0.274384,0.031344,0.050095,-1.206033,-2.503759,1.741258,0.128602
0.888918,-0.862033,-1.441073,-2.184828,-0.051088,-0.099852,0.051452,-1.042714,-1.062557,-0.494840,2.755588,0.015228
0.889426,-1.729111,-1.475486,-1.089660,0.080386,0.033654,-0.074255,-0.867078,-0.034413,1.095168,2.520762,0.013108
0.889672,-1.193592,-0.654987,0.351286,0.093049,0.214927,-0.194189,0.535519,0.820499,1.440946,1.406084,0.092561
0.889267,-0.001424,0.243638,0.889652,-0.064552,0.341867,-0.248024,1.192168,0.898625,0.538366,0.922411,0.182556
0.889230,1.061497,0.872263,0.194292,-0.201594,0.295947,-0.209334,1.062921,0.628625,-0.695360,1.387576,0.172045
0.890224,1.645516,1.178709,0.106743,-0.152010,0.195053,-0.043505,0.584019,0.306446,-0.087549,2.026937,0.063045
0.891435,1.028419,0.907493,1.249392,-0.098856,0.138269,0.147777,-0.617097,-0.271216,1.142649,1.855308,0.050729
0.892228,-0.318586,0.209611,1.160410,-0.187442,0.055766,0.199643,-1.347005,-0.697882,-0.088982,1.221468,0.078102
0.892694,-0.596219,-0.257711,-0.850341,-0.180503,-0.084792,0.144671,-0.277633,-0.467322,-2.010751,1.070034,0.060701
0.892429,0.235438,-0.373922,-2.036678,0.084165,-0.186380,0.146145,0.831657,-0.116211,-1.186337,2.084060,0.063180
0.891572,0.236526,-0.445867,-1.004595,0.330948,-0.154198,0.198801,0.001088,-0.071945,1.032083,1.124257,0.172825
0.891982,-0.843079,-0.392075,0.693346,0.266884,-0.032524,0.149650,-1.079605,0.053792,1.697941,1.159842,0.094680
0.894488,-1.045543,-0.219780,1.305818,-0.019662,0.056139,-0.004282,-0.202464,0.172295,0.612472,1.687194,0.003557
0.897174,-0.014566,-0.286980,0.314578,-0.249328,0.111281,-0.081595,1.030977,-0.067200,-0.991240,0.426062,0.081206
0.898606,0.426213,-0.395188,-1.103742,-0.265461,0.203426,-0.003962,0.440779,-0.108208,-1.418320,1.247428,0.111867
0.899775,0.019933,0.043717,-0.856400,-0.125682,0.240524,0.100938,-0.406280,0.438905,0.247342,0.857747,0.083836
0.901334,0.164178,0.749415,0.709534,-0.002994,0.071912,0.125217,0.144245,0.705698,1.565934,1.044996,0.020860
0.901826,0.583579,0.736158,0.670025,0.052430,-0.196900,0.100385,0.419401,-0.013257,-0.039509,1.153875,0.051596
0.900081,0.150923,-0.135834,-1.239559,0.163149,-0.264061,0.060669,-0.432656,-0.871992,-1.909584,1.256079,0.100027
0.897447,-0.682769,-0.751849,-1.578255,0.303443,-0.065504,-0.031529,-0.833692,-0.616015,-0.338696,1.876790,0.097363
0.895623,-1.115362,-0.343184,0.560204,0.220717,0.075679,-0.211912,-0.432593,0.408665,2.138459,1.294464,0.099350
0.893700,-0.831452,0.466041,1.689362,-0.110758,-0.054559,-0.433413,0.283910,0.809225,1.129158,1.939704,0.203091
0.890533,0.502630,0.855219,0.321724,-0.362458,-0.204962,-0.520811,1.334082,0.389178,-1.367638,1.042853,0.444629
0.888352,1.870871,0.684150,-0.943384,-0.346078,-0.130643,-0.310743,1.368241,-0.171069,-1.265108,2.204131,0.233399
0.889719,1.563050,-0.048214,-0.889315,-0.188603,0.034328,0.070544,-0.307821,-0.732364,0.054069,1.798981,0.041726
0.893115,0.180054,-0.927628,-0.710586,-0.019777,0.151341,0.306979,-1.382996,-0.879414,0.178729,1.182305,0.117531
0.895681,-0.635429,-1.029059,-0.366591,0.094099,0.243518,0.321960,-0.815483,-0.101431,0.343995,1.263773,0.171814
0.897301,-0.856893,-0.371792,0.335636,0.095223,0.259462,0.277412,-0.221464,0.657267,0.702227,0.992545,0.153345
0.898792,-0.705214,0.146586,0.344011,0.060918,0.188655,0.210945,0.151679,0.518378,0.008375,0.798222,0.083800
0.899638,-0.021659,0.379981,0.214775,0.069377,0.156856,0.068939,0.683555,0.233395,-0.129236,0.437016,0.034170
0.899389,0.352776,0.575913,0.972438,0.010127,0.155629,-0.059790,0.374435,0.195932,0.757663,1.183960,0.027898
0.898069,-0.108532,0.479969,0.937541,-0.104931,0.084173,-0.108151,-0.461308,-0.095944,-0.034897,1.058835,0.029792
0.894893,-0.347818,0.254798,-0.456472,-0.040606,-0.012831,-0.176663,-0.239286,-0.225171,-1.394013,0.627906,0.033023
0.889483,0.275218,0.460661,-0.540029,0.155829,-0.094977,-0.254284,0.623036,0.205863,-0.083557,0.761305,0.097964
0.884055,0.909176,0.607623,0.806454,0.168067,-0.201174,-0.158761,0.633958,0.146962,1.346483,1.358740,0.093923
0.881937,0.662649,-0.097868,0.774282,0.014115,-0.238419,0.072583,-0.246527,-0.705491,-0.032172,1.023814,0.062311
0.884001,-0.367992,-0.931095,-0.198383,-0.057421,-0.094992,0.153180,-1.030641,-0.833227,-0.972665,1.020643,0.035785
0.888182,-1.185087,-0.729867,0.296068,-0.093209,0.112027,0.004004,-0.817095,0.201228,0.494451,1.422952,0.021254
0.892233,-0.803704,0.091306,1.414611,-0.240962,0.216184,-0.136335,0.381383,0.821173,1.118543,1.629540,0.123385
0.895566,0.369522,0.357479,0.844341,-0.366916,0.211749,-0.083667,1.173226,0.266173,-0.570270,0.988559,0.186465
0.898420,0.883765,-0.046633,-1.205415,-0.270384,0.162627,0.085183,0.514243,-0.404112,-2.049756,1.495406,0.106811
0.900505,0.279120,-0.324336,-2.236545,0.000478,0.141199,0.194957,-0.604645,-0.277703,-1.031130,2.277111,0.057946
0.901346,-0.417363,0.011600,-0.490476,0.179869,0.177759,0.170834,-0.696483,0.335936,1.746069,0.644122,0.093135
0.901267,-0.213318,0.644521,2.126966,0.059880,0.144552,0.057934,0.204045,0.632921,2.617442,2.232688,0.027837
0.900997,0.694226,0.878938,1.956889,-0.217566,-0.047847,-0.063866,0.907544,0.234417,-0.170077,2.254750,0.053703
0.900672,1.176556,0.423486,-0.702161,-0.299412,-0.179479,-0.135310,0.482330,-0.455452,-2.659050,1.434104,0.140169
0.900013,0.568413,-0.272098,-2.002376,-0.120392,-0.033912,-0.132167,-0.608143,-0.695584,-1.300215,2.099200,0.033112
0.899128,-0.353039,-0.594842,-0.809118,0.036362,0.186628,-0.070094,-0.921452,-0.322744,1.193258,1.064493,0.041065
0.898660,-0.553164,-0.516935,0.383356,-0.003361,0.175767,0.011349,-0.200125,0.077907,1.192474,0.848631,0.031034
0.899139,-0.172634,-0.449219,-0.112383,-0.096103,0.023925,0.067138,0.380530,0.067716,-0.495739,0.494196,0.014316
0.900331,0.145661,-0.460884,-1.417601,-0.039752,0.030077,0.068822,0.318295,-0.011665,-1.305218,1.497740,0.007221
0.901453,0.180488,-0.137206,-1.354988,0.129178,0.204652,0.044112,0.034827,0.323678,0.062613,1.373825,0.060515
0.901914,0.028717,0.548335,0.879317,0.152223,0.272017,0.036937,-0.151771,0.685541,2.234305,1.036675,0.098529
0.901402,-0.084790,0.810795,2.431966,-0.082891,0.115707,0.010038,-0.113507,0.262460,1.552649,2.564963,0.020360
0.899908,-0.236339,0.192110,0.621601,-0.310035,-0.044736,-0.088186,-0.151549,-0.618685,-1.810365,0.692207,0.105900
0.898470,-0.584086,-0.564196,-1.930103,-0.254697,-0.021384,-0.170071,-0.347747,-0.756306,-2.551704,2.093985,0.094252
0.898614,-0.496552,-0.652369,-1.708904,-0.034279,0.071112,-0.098438,0.087534,-0.088173,0.221199,1.895390,0.015922
0.900224,0.161560,-0.340758,-0.167995,0.092573,0.086499,0.076830,0.658112,0.311611,1.540909,0.412844,0.021955
0.901644,-0.003628,-0.265913,0.105555,0.093611,0.088057,0.136030,-0.165188,0.074845,0.273550,0.286120,0.035021
0.901992,-1.064895,-0.446667,-0.352090,0.059395,0.169266,-0.035932,-1.061267,-0.180754,-0.457645,1.207261,0.033470
0.901628,-0.915463,-0.341386,-0.250232,0.017429,0.286864,-0.293564,0.149432,0.105281,0.101858,1.008580,0.168775
0.900959,0.618243,0.380467,0.494118,-0.032946,0.329718,-0.395044,1.533706,0.721853,0.744350,0.878141,0.265859
0.900032,1.222270,1.144177,1.169000,-0.080282,0.242002,-0.274871,0.604027,0.763710,0.674882,2.041971,0.140564
0.898720,0.560403,1.126996,0.806915,-0.113146,0.109156,-0.075677,-0.661867,-0.017181,-0.362085,1.495086,0.030444
0.897220,0.360741,0.507003,-0.284047,-0.123526,0.062104,0.063102,-0.199662,-0.619993,-1.090962,0.684009,0.023097
0.896217,0.512924,-0.037272,-0.711661,-0.111826,0.055624,0.124168,0.152183,-0.544275,-0.427614,0.878033,0.031017
0.895751,-0.168386,-0.407398,-0.556766,-0.040087,-0.036213,0.142194,-0.681310,-0.370126,0.154895,0.710152,0.023137
0.895162,-0.938788,-0.614588,-0.625747,0.149483,-0.133766,0.152358,-0.770402,-0.207190,-0.068981,1.284757,0.063451
0.894992,-0.729325,-0.411478,-0.158849,0.343930,-0.095284,0.172342,0.209463,0.203110,0.466898,0.852327,0.157069
0.896570,-0.245395,0.037381,1.090289,0.301437,-0.004238,0.151679,0.483930,0.448859,1.249138,1.118189,0.113889
0.899301,-0.152689,0.272668,1.431213,0.034803,0.022164,0.035356,0.092706,0.235287,0.340924,1.464934,0.002953
0.901282,0.069296,0.269224,0.583277,-0.177749,0.045526,-0.100219,0.221985,-0.003444,-0.847936,0.646139,0.043711
0.902190,0.628508,0.276485,0.162088,-0.229208,0.097166,-0.118337,0.559212,0.007261,-0.421189,0.705506,0.075981
0.902896,0.886793,0.302962,0.137525,-0.223852,0.093609,-0.016956,0.258285,0.026477,-0.024563,0.947154,0.059160
0.903534,0.382851,0.180622,-0.370622,-0.167362,0.044659,0.081338,-0.503942,-0.122340,-0.508147,0.562637,0.036620
0.903952,-0.488333,-0.108671,-0.418128,-0.040576,0.041719,0.097333,-0.871184,-0.289293,-0.047506,0.652004,0.012861
0.904521,-0.929730,-0.401211,0.361908,0.033200,0.079189,0.041816,-0.441397,-0.292540,0.780036,1.075335,0.009122
0.905285,-0.909668,-0.554678,0.470298,0.016029,0.086109,-0.060118,0.020062,-0.153467,0.108390,1.164622,0.011286
0.905421,-0.964147,-0.501897,-0.059751,0.018475,0.041011,-0.193044,-0.054479,0.052781,-0.530049,1.088600,0.039289
0.904346,-0.689662,-0.178436,0.000902,0.011520,-0.017989,-0.319373,0.274485,0.323461,0.060653,0.712372,0.102455
0.902777,0.534222,0.463908,0.283648,-0.113963,-0.034370,-0.375142,1.223884,0.642344,0.282746,0.762273,0.154900
0.901758,1.674537,1.234296,0.539843,-0.271795,-0.014213,-0.298370,1.140315,0.770388,0.256195,2.149184,0.163099
0.901087,1.413933,1.403219,1.083214,-0.310596,-0.019573,-0.093727,-0.260604,0.168923,0.543371,2.267506,0.105638
0.900170,0.282535,0.425688,0.702537,-0.218224,-0.018918,0.105988,-1.131398,-0.977531,-0.380677,0.868674,0.059213
0.899457,-0.437120,-0.712847,-0.658457,-0.052932,0.051650,0.146329,-0.719655,-1.138535,-1.360994,1.064326,0.026882
0.899195,-0.378532,-0.568469,-0.604240,0.107453,0.081880,0.077284,0.058588,0.144378,0.054217,0.911893,0.024223
0.898527,0.012687,0.284505,0.688075,0.192241,-0.032334,0.096392,0.391219,0.852974,1.292315,0.744682,0.047294
0.897735,0.088371,0.278076,0.527193,0.209370,-0.149182,0.204038,0.075684,-0.006429,-0.160882,0.602551,0.107723
0.898782,-0.310503,-0.402880,-0.551656,0.156183,-0.133841,0.196738,-0.398874,-0.680956,-1.078849,0.750366,0.081012
0.901976,-0.621714,-0.671189,-0.151523,-0.018769,-0.050535,0.051192,-0.311211,-0.268309,0.400133,0.927352,0.005527
0.904855,-0.519324,-0.496117,0.878289,-0.211833,0.036577,-0.034604,0.102390,0.175072,1.029812,1.134558,0.047409
0.905773,-0.341746,-0.178182,0.638954,-0.201949,0.074027,0.024589,0.177578,0.317935,-0.239335,0.746191,0.046868
0.906121,-0.219710,0.183242,-0.307367,0.026607,-0.045864,0.130682,0.122036,0.361424,-0.946321,0.419910,0.019889
0.907033,-0.098180,0.066190,-1.084542,0.300933,-0.244139,0.148756,0.121530,-0.117052,-0.777175,1.090987,0.172293
0.906330,-0.295371,-0.561926,-1.428044,0.491474,-0.289810,-0.020810,-0.197191,-0.628116,-0.343502,1.562791,0.325970
0.902433,-0.514186,-0.699775,-0.615693,0.520299,-0.179326,-0.298029,-0.218815,-0.137849,0.812351,1.064495,0.391690
0.897471,0.057390,-0.040752,0.460677,0.452114,-0.101273,-0.422251,0.571576,0.659023,1.076370,0.466023,0.392959
0.891470,0.485156,0.535442,0.115480,0.572220,-0.196588,-0.322371,0.427766,0.576194,-0.345197,0.731717,0.470006
0.881218,-0.738958,0.569004,-0.087629,0.964032,-0.579771,-0.219925,-1.224114,0.033562,-0.203109,0.936751,1.313859
0.868164,-1.846074,0.594833,1.628413,1.288763,-1.212800,-0.206891,-1.107116,0.025829,1.716042,2.532498,3.174598
0.855525,0.118696,1.340927,3.109036,1.316524,-1.743398,-0.063341,1.964770,0.746094,1.480623,3.387961,4.776684
0.840464,3.431316,2.557412,2.738095,1.199400,-1.883997,0.389616,3.312620,1.216485,-0.370941,5.080497,5.139806
0.821808,3.500599,2.651149,2.038480,1.094909,-1.780177,0.962597,0.069283,0.093737,-0.699615,4.841300,5.294449
0.805756,0.379756,0.902658,1.503162,1.008327,-1.678794,1.241884,-3.120843,-1.748491,-0.535318,1.794018,5.377349
0.796065,-1.498223,-0.842350,0.449356,0.941383,-1.565661,1.071065,-1.877979,-1.745008,-1.053806,1.776555,4.484677
0.790313,-0.692655,-0.886561,-0.316981,0.892755,-1.379993,0.735605,0.805568,-0.044211,-0.766337,1.168862,3.242507
0.785157,0.147301,-0.184885,-0.392729,0.837353,-1.176953,0.547438,0.839956,0.701676,-0.075748,0.458384,2.386067
0.777277,-0.339302,-0.225446,-0.692121,0.738733,-0.964396,0.483854,-0.486603,-0.040561,-0.299392,0.803108,1.709901
0.766232,-0.981334,-0.796887,-1.013246,0.546556,-0.745193,0.386501,-0.642032,-0.571441,-0.321125,1.620097,1.003419
0.757605,-1.033429,-1.103608,-0.877950,0.346276,-0.601549,0.242112,-0.052095,-0.306721,0.135296,1.748348,0.540386
0.755065,-0.836967,-0.998026,-1.000648,0.322225,-0.542807,0.128291,0.196462,0.105582,-0.122698,1.642518,0.414927
0.754707,-0.590975,-0.625218,-0.975218,0.345331,-0.530543,0.086118,0.245992,0.372808,0.025430,1.300461,0.408146
0.753560,-0.403331,-0.437262,-0.103863,0.077450,-0.525155,0.095282,0.187644,0.187956,0.871355,0.603872,0.290865
0.754706,-0.674378,-1.091157,-0.487257,-0.340284,-0.349248,0.068098,-0.271047,-0.653895,-0.383394,1.372162,0.242405
0.759644,-1.126679,-2.004954,-2.874090,-0.414933,0.021251,-0.047964,-0.452301,-0.913797,-2.386833,3.680983,0.174922
0.764324,-0.624945,-1.588646,-3.454173,-0.150209,0.184661,-0.132009,0.501734,0.416308,-0.580083,3.853007,0.074089
0.765471,0.630360,-0.034486,-0.903113,0.005207,-0.047810,-0.052364,1.255305,1.554160,2.551060,1.101888,0.005055
0.764968,0.770462,0.596312,0.770874,-0.090128,-0.247996,0.071157,0.140102,0.630798,1.673987,1.242355,0.074688
0.766607,-0.423476,-0.288538,-0.163642,-0.213460,-0.104974,0.035655,-1.193938,-0.884850,-0.934516,0.537926,0.057856
0.771273,-0.942315,-1.114710,-1.110482,-0.220480,0.128422,-0.107001,-0.518839,-0.826172,-0.946840,1.834041,0.076553
0.776719,-0.220833,-0.725845,-0.509392,-0.178927,0.161097,-0.154412,0.721482,0.388865,0.601090,0.913837,0.081810
0.781774,0.351017,0.452991,1.008424,-0.243742,0.031219,-0.066392,0.571850,1.178836,1.517816,1.159885,0.064793
0.787811,0.403474,1.198867,2.011238,-0.419392,-0.067645,0.038655,0.052457,0.745876,1.002814,2.375953,0.181960
0.795114,0.423914,0.656496,0.845323,-0.455435,-0.017680,0.061096,0.020440,-0.542371,-1.165915,1.151200,0.211466
0.802085,0.242087,-0.393567,-1.510149,-0.233245,0.105592,0.005207,-0.181827,-1.050063,-2.355472,1.579257,0.065580
0.808077,0.127940,-0.320468,-1.503897,-0.048519,0.164559,-0.006686,-0.114147,0.073099,0.006252,1.542976,0.029478
0.813209,0.438848,0.602423,1.004337,-0.150801,0.186407,0.111177,0.310908,0.922891,2.508234,1.250677,0.069849
0.817347,0.145496,0.598411,1.844752,-0.330003,0.221438,0.213049,-0.293352,-0.004012,0.840415,1.944833,0.203327
0.820604,-0.794657,-0.374470,-0.537294,-0.261131,0.170540,0.144184,-0.940153,-0.972881,-2.382046,1.029754,0.118062
0.822027,-0.704063,-0.853322,-2.750583,0.056039,0.021395,0.058479,0.090594,-0.478852,-2.213289,2.964721,0.007018
0.820295,-0.232564,-0.558408,-1.900167,0.348505,-0.104375,0.124872,0.471499,0.294914,0.850416,1.994126,0.147943
0.817585,-1.241081,-0.234293,0.623752,0.378791,-0.208897,0.178715,-1.008517,0.324115,2.523919,1.408631,0.219060
0.817760,-2.001401,-0.215350,1.542943,0.191205,-0.279126,0.076774,-0.760320,0.018943,0.919191,2.536268,0.120365
0.821323,-0.589820,-0.422884,0.239130,0.021951,-0.146998,-0.020951,1.411581,-0.207534,-1.303813,0.764135,0.022529
0.826597,0.750123,-0.468772,-0.874142,-0.049012,0.148923,-0.021383,1.339943,-0.045888,-1.113272,1.243606,0.025037
0.832030,0.498436,0.034523,-0.549465,-0.120779,0.348140,-0.033957,-0.251687,0.503295,0.324677,0.742659,0.136942
0.835722,0.497778,0.663302,-0.018516,-0.195399,0.376360,-0.052390,-0.000658,0.628779,0.530949,0.829515,0.182572
0.837894,0.979112,0.674191,0.009616,-0.179353,0.278249,0.008384,0.481334,0.010889,0.028132,1.188817,0.109660
0.841207,0.423010,0.106662,-0.089915,-0.048104,0.053271,0.084153,-0.556102,-0.567529,-0.099531,0.445420,0.012234
0.845364,-0.471770,-0.448781,-0.202428,0.133164,-0.150463,0.100594,-0.894780,-0.555443,-0.112513,0.681871,0.050491
0.848311,-0.567137,-0.603240,0.034560,0.217033,-0.147810,0.095445,-0.095367,-0.154459,0.236988,0.828696,0.078061
0.851902,-0.521289,-0.402002,0.701762,0.102108,0.006078,0.082476,0.045848,0.201238,0.667202,0.962194,0.017265
0.857794,-0.557874,-0.132938,0.821511,-0.092008,0.166021,0.023791,-0.036585,0.269064,0.119749,1.001886,0.036594
0.862724,-0.201653,0.114226,0.350071,-0.203062,0.239744,-0.075873,0.356221,0.247164,-0.471440,0.419835,0.104468
0.864283,0.244514,0.375483,0.091819,-0.224815,0.179807,-0.149727,0.446167,0.261257,-0.258252,0.457390,0.105291
0.864350,0.621175,0.419310,-0.419158,-0.162533,0.104686,-0.118697,0.376661,0.043827,-0.510977,0.858704,0.051465
0.864749,0.897489,0.158504,-1.031669,-0.038709,0.135911,0.004059,0.276314,-0.260806,-0.612511,1.376572,0.019987
0.865768,0.265528,-0.104807,-0.257021,0.004005,0.111837,0.093948,-0.631961,-0.263311,0.774648,0.384122,0.021350
0.867517,-1.014953,-0.337267,0.710226,-0.023504,-0.086720,0.083722,-1.280481,-0.232460,0.967247,1.283861,0.015082
0.869342,-1.041592,-0.607614,-0.603566,0.093902,-0.205883,0.057208,-0.026639,-0.270347,-1.313792,1.348481,0.054478
0.870403,0.421229,-0.438427,-2.121020,0.298217,-0.047912,0.097186,1.462821,0.169187,-1.517454,2.206440,0.100674
0.870992,1.148713,0.321013,-0.460252,0.246912,0.166357,0.131143,0.727484,0.759440,1.660768,1.278445,0.105839
0.871444,0.276508,0.772770,2.073122,-0.099566,0.188758,0.041910,-0.872205,0.451757,2.533374,2.229678,0.047299
0.871616,-0.543171,0.346878,1.650584,-0.395483,0.107074,-0.107245,-0.819679,-0.425892,-0.422538,1.771944,0.179373
0.872022,-0.572606,-0.287344,-0.112058,-0.407665,0.073969,-0.142852,-0.029435,-0.634222,-1.762642,0.650385,0.192069
0.873440,-0.631429,-0.508124,-0.533028,-0.186155,0.056057,-0.042995,-0.058823,-0.220780,-0.420970,0.970057,0.039645
0.875648,-0.565566,-0.563610,-0.897582,0.115135,0.048598,0.072242,0.065863,-0.055486,-0.364554,1.201322,0.020837
0.877729,-0.117756,-0.643257,-1.597206,0.280277,0.131005,0.097822,0.447810,-0.079647,-0.699624,1.725895,0.105287
0.879024,-0.243686,-0.462907,-0.491976,0.157397,0.222681,-0.014409,-0.125930,0.180350,1.105230,0.718127,0.074568
0.879361,-0.688544,-0.001291,1.300813,-0.089732,0.188309,-0.178991,-0.444858,0.461616,1.792789,1.471805,0.075550
0.878867,-0.036249,0.440394,1.022903,-0.193848,0.091063,-0.205802,0.652295,0.441685,-0.277910,1.114267,0.088224
0.877998,1.195024,0.793034,0.093253,-0.174951,0.055371,-0.066039,1.231273,0.352640,-0.929650,1.437248,0.038035
0.877523,1.508501,0.963820,0.361685,-0.154901,0.107510,0.078780,0.313477,0.170786,0.268432,1.826291,0.041759
0.877657,0.921935,0.621321,0.206001,-0.098416,0.196146,0.133657,-0.586566,-0.342499,-0.155684,1.130681,0.066023
0.877532,-0.051419,-0.060627,-0.654707,-0.004785,0.163824,0.115346,-0.973354,-0.681948,-0.860708,0.659516,0.040166
0.876637,-1.196931,-0.439144,-0.352216,0.070513,-0.078189,0.069597,-1.145512,-0.378517,0.302491,1.322705,0.015929
0.876032,-1.720348,-0.504133,0.293661,0.189326,-0.293588,0.077333,-0.523417,-0.064989,0.645877,1.816586,0.128019
0.876819,-1.109198,-0.625072,-0.247305,0.340278,-0.198427,0.150253,0.611150,-0.120939,-0.540966,1.296995,0.177738
0.878684,-0.185155,-0.436143,-0.274896,0.318026,0.109866,0.164143,0.924043,0.188929,-0.027591,0.547787,0.140154
0.880931,0.209831,0.407660,1.501821,0.014952,0.287756,0.046513,0.394986,0.843803,1.776717,1.570249,0.085191
0.883220,0.292842,1.033485,2.744829,-0.398675,0.176087,-0.123077,0.083011,0.625825,1.243008,2.947530,0.205096
0.884825,0.460091,0.655261,1.302369,-0.599576,-0.027102,-0.227075,0.167249,-0.378224,-1.442460,1.528796,0.411789
0.885027,0.491229,0.032852,-1.106182,-0.442422,-0.068176,-0.198673,0.031138,-0.622409,-2.408551,1.210795,0.239856
0.884156,0.040710,-0.063821,-1.588076,-0.177351,-0.064706,-0.075370,-0.450519,-0.096673,-0.481894,1.589879,0.041321
0.883005,-0.592940,-0.278205,-0.899014,-0.005871,-0.251707,0.040247,-0.633650,-0.214384,0.689062,1.112296,0.065011
0.882018,-0.700171,-0.957374,-1.581334,0.248620,-0.419470,0.134480,-0.107231,-0.679169,-0.682320,1.976720,0.255852
0.881700,-0.267085,-1.141549,-2.323978,0.513741,-0.244596,0.217027,0.433086,-0.184175,-0.742644,2.602949,0.370858
0.882705,-0.085945,-0.635353,-0.833850,0.360446,0.105918,0.143492,0.181140,0.506196,1.490128,1.051839,0.161730
0.884677,-0.357694,-0.555657,0.386443,-0.070570,0.312862,-0.177151,-0.271749,0.079696,1.220293,0.765531,0.134245
0.885620,-0.285371,-0.886911,-0.850623,-0.208433,0.364257,-0.505737,0.072323,-0.331254,-1.237066,1.261589,0.431897
0.884098,0.454104,-0.351808,-1.582400,-0.075537,0.335171,-0.525875,0.739475,0.535103,-0.731777,1.683440,0.394590
0.881330,1.075540,0.844691,-0.285222,-0.008690,0.254036,-0.253641,0.621436,1.196499,1.297178,1.397011,0.128944
0.878284,0.914307,1.184669,0.678888,0.051280,0.196256,0.030447,-0.161233,0.339978,0.964110,1.643255,0.042073
0.873028,0.244251,0.654386,1.116447,0.127789,0.135046,0.141261,-0.670056,-0.530283,0.437559,1.316941,0.054522
0.864737,-0.254245,0.404093,1.964001,-0.001742,-0.010693,0.118839,-0.498496,-0.250293,0.847554,2.021196,0.014240
0.856167,-0.187545,0.397313,1.438637,-0.191986,-0.094963,0.073890,0.066700,-0.006780,-0.525364,1.504230,0.051336
0.849526,0.200749,0.127703,-0.341661,-0.101954,0.014815,0.048236,0.388294,-0.269610,-1.780298,0.416342,0.012941
0.844741,0.279133,0.111369,-0.051971,0.094782,0.102279,0.031023,0.078384,-0.016334,0.289690,0.304991,0.020407
0.841600,0.016262,0.532410,1.834628,0.047816,-0.005322,0.018129,-0.262871,0.421041,1.886599,1.910389,0.002643
0.839661,0.062924,0.567323,1.656450,-0.121308,-0.106668,0.021376,0.046662,0.034913,-0.178178,1.752039,0.026551
0.838340,0.490241,0.174135,-0.118578,-0.153521,-0.046657,0.052699,0.427317,-0.393188,-1.775028,0.533592,0.028523
0.838561,0.669388,0.117352,-0.547878,-0.102225,0.038841,0.105966,0.179147,-0.056783,-0.429300,0.872939,0.023187
0.840877,0.386805,0.247947,0.106037,-0.075873,0.034261,0.141073,-0.282583,0.130595,0.653915,0.471529,0.026832
0.842564,-0.102587,-0.042231,0.140927,-0.016008,-0.057037,0.117608,-0.489392,-0.290178,0.034890,0.179354,0.017341
0.840888,-0.524600,-0.546392,-0.554913,0.130718,-0.200238,0.069478,-0.422013,-0.504161,-0.695840,0.938977,0.062010
0.838271,-0.522706,-0.820641,-1.374201,0.308814,-0.234688,0.079579,0.001894,-0.274249,-0.819288,1.683776,0.156777
0.839350,-0.129540,-0.772868,-1.308121,0.378945,-0.028380,0.129949,0.393166,0.047773,0.066080,1.524889,0.161291
0.844235,0.000135,-0.316388,0.378827,0.189711,0.210686,0.084098,0.129675,0.456480,1.686948,0.493570,0.087451
0.849823,-0.208543,0.348772,1.976916,-0.183961,0.220900,-0.082899,-0.208678,0.665160,1.598089,2.018249,0.089511
0.854894,0.032671,0.545239,1.100971,-0.378791,0.143079,-0.184231,0.241214,0.196467,-0.875945,1.229020,0.197895
0.859499,0.736157,0.142211,-1.074122,-0.219779,0.190028,-0.101255,0.703486,-0.403028,-2.175093,1.309920,0.094666
0.863670,1.043135,-0.142021,-1.519534,-0.011826,0.178488,0.041528,0.306978,-0.284232,-0.445412,1.848590,0.033722
0.868531,0.890055,-0.151064,-0.735933,0.014513,-0.035303,0.124941,-0.153080,-0.009043,0.783601,1.164738,0.017067
0.874204,0.546448,-0.605742,-1.321783,0.070255,-0.113693,0.151429,-0.343607,-0.454678,-0.585850,1.553267,0.040793
0.878287,-0.311205,-1.308403,-2.195360,0.211120,0.161085,0.065322,-0.857653,-0.702661,-0.873577,2.574563,0.074787
0.879674,-1.092117,-1.128149,-0.767967,0.111245,0.412358,-0.159975,-0.780912,0.180254,1.427393,1.747917,0.208007
0.880184,-0.715041,-0.399206,0.884172,-0.207390,0.313960,-0.366801,0.377076,0.728943,1.652139,1.205159,0.276124
0.880186,0.070066,-0.367762,-0.547837,-0.291348,0.107671,-0.434285,0.785107,0.031444,-1.432009,0.663539,0.285080
0.876616,0.324822,-0.415742,-2.954759,-0.067172,0.120655,-0.377454,0.254756,-0.047980,-2.406922,3.001492,0.161541
0.868705,0.560063,0.472123,-2.334153,0.104159,0.243669,-0.212150,0.235241,0.887865,0.620606,2.446393,0.115231
0.861043,0.515713,1.187989,0.747236,0.113670,0.132145,-0.061827,-0.044350,0.715866,3.081389,1.495205,0.034206
0.853273,-0.242462,1.016232,2.912914,0.128696,-0.272284,-0.107485,-0.758175,-0.171757,2.165678,3.094606,0.102254
0.834445,-0.302699,1.189335,2.859775,0.127947,-0.629113,-0.213968,-0.060237,0.173103,-0.053139,3.111986,0.457936
0.802364,0.661403,1.641563,1.562446,-0.017086,-0.651740,-0.098794,0.964102,0.452228,-1.297329,2.360809,0.434817
0.777282,0.755325,0.834990,-0.153914,-0.188494,-0.440321,0.146935,0.093922,-0.806573,-1.716360,1.136404,0.251002
0.776497,-0.185100,-0.725311,-1.717332,-0.165529,-0.243665,0.248499,-0.940425,-1.560301,-1.563418,1.873384,0.148524
0.790259,-0.643437,-1.276700,-1.902282,0.035984,-0.150269,0.231601,-0.458337,-0.551389,-0.184950,2.379633,0.077515
0.801898,-0.661243,-0.917446,-0.530264,0.223197,-0.104452,0.249606,-0.017806,0.359254,1.372018,1.249051,0.123030
0.811288,-0.623332,-0.642284,0.518551,0.277660,-0.027161,0.257659,0.037911,0.275162,1.048815,1.034392,0.144221
0.822453,0.018928,-0.297888,0.413931,0.205987,0.100642,0.184443,0.642260,0.344396,-0.104620,0.510328,0.086579
0.831086,0.503536,0.414668,0.668338,0.045047,0.198005,0.090787,0.484608,0.712556,0.254407,0.933902,0.049477
0.834748,-0.226639,0.801817,1.423391,-0.155518,0.189426,0.015606,-0.730175,0.387149,0.755053,1.649339,0.060312
0.836258,-0.786962,0.337838,0.766191,-0.266316,0.124365,-0.048321,-0.560323,-0.463979,-0.657200,1.149127,0.088726
0.836719,-0.184527,-0.341950,-0.910442,-0.185301,0.079711,-0.057060,0.602435,-0.679788,-1.676633,0.989891,0.043946
0.838050,0.012771,-0.487217,-1.207043,-0.034159,0.058647,0.016177,0.197298,-0.145267,-0.296601,1.301728,0.004868
0.844058,-0.691196,-0.346480,-0.482460,0.012756,0.092235,0.111054,-0.703967,0.140737,0.724583,0.911355,0.021003
0.852901,-0.953801,-0.423046,-0.654021,-0.001961,0.234956,0.122926,-0.262605,-0.076566,-0.171561,1.231441,0.070319
0.859298,-0.631667,-0.402798,-0.943653,-0.006773,0.390722,-0.003807,0.322134,0.020248,-0.289632,1.204878,0.152724
0.862867,-0.233535,0.186166,0.083766,-0.090221,0.375535,-0.158801,0.398132,0.588964,1.027419,0.310182,0.174384
0.865454,0.358000,0.827515,1.158421,-0.251265,0.188693,-0.166111,0.591535,0.641349,1.074655,1.467952,0.126332
0.866710,0.753615,0.678718,0.557436,-0.295927,0.047296,-0.051224,0.395615,-0.148797,-0.600985,1.157294,0.092434
0.867069,0.552577,0.005095,-1.022878,-0.145033,0.088182,0.030521,-0.201038,-0.673623,-1.580314,1.162603,0.029742
0.867956,0.252678,-0.248530,-1.647400,0.041443,0.144764,0.064066,-0.299899,-0.253625,-0.624522,1.685093,0.026779
0.868828,-0.017578,-0.017031,-0.693800,0.114504,0.001210,0.105783,-0.270256,0.231499,0.953600,0.694232,0.024303
0.868904,-0.564847,-0.045870,0.416834,0.106540,-0.214164,0.122581,-0.547269,-0.028839,1.110634,0.703496,0.072243
0.869302,-0.813642,-0.506860,0.065407,0.117947,-0.198455,0.099788,-0.248795,-0.460990,-0.351427,0.960832,0.063254
0.871442,-0.183848,-0.744366,-1.105359,0.132813,0.047935,0.080217,0.629794,-0.237506,-1.170766,1.345251,0.026372
0.875301,0.501187,-0.315154,-0.907385,0.021530,0.247005,0.028003,0.685035,0.429212,0.197974,1.083447,0.062259
0.879133,0.409310,0.420010,0.804688,-0.219965,0.245473,-0.090707,-0.091877,0.735164,1.712073,0.995724,0.116869
0.880971,0.219525,0.760425,1.456123,-0.357391,0.131095,-0.155394,-0.189785,0.340415,0.651435,1.657327,0.169062
0.881082,0.503711,0.425377,-0.094875,-0.227633,0.041488,-0.077733,0.284186,-0.335048,-1.550998,0.666087,0.059580
0.881241,0.432172,-0.183804,-1.400900,-0.002760,0.019851,0.023295,-0.071539,-0.609181,-1.306025,1.477524,0.000944
0.881875,-0.321635,-0.489201,-0.515054,0.073347,0.035254,0.039940,-0.753807,-0.305397,0.885846,0.779774,0.008218
0.882373,-0.708298,-0.405277,0.778071,0.016599,0.071200,0.030754,-0.386663,0.083924,1.293125,1.127533,0.006291
0.882895,-0.308012,-0.227987,0.406166,-0.024200,0.133510,0.032237,0.400286,0.177290,-0.371905,0.558409,0.019450
0.883740,0.172707,-0.047698,-0.554138,-0.025642,0.192863,-0.014379,0.480719,0.180289,-0.960304,0.582385,0.038060
0.884538,0.482720,0.253014,-0.361710,-0.057362,0.214374,-0.087951,0.310013,0.300712,0.192428,0.654117,0.056982
0.885083,0.888212,0.583515,0.531189,-0.123372,0.206606,-0.077495,0.405492,0.330501,0.892899,1.188096,0.063912
0.885626,1.067359,0.633293,0.833889,-0.148546,0.173938,0.025307,0.179147,0.049778,0.302700,1.495221,0.052961
0.886313,0.422339,0.230996,0.297086,-0.089618,0.117232,0.103294,-0.645020,-0.402297,-0.536803,0.565676,0.032444
0.887195,-0.699449,-0.366875,-0.430528,-0.004096,0.080636,0.102642,-1.121788,-0.597871,-0.727614,0.899545,0.017054
0.888268,-1.103885,-0.630035,-0.602268,0.034719,0.070904,0.103121,-0.404436,-0.263160,-0.171740,1.406497,0.016867
0.889078,-0.420218,-0.424125,-0.269085,0.062854,0.034263,0.168469,0.683667,0.205910,0.333183,0.654883,0.033506
0.888930,0.218398,-0.194857,-0.334964,0.156370,-0.009112,0.243362,0.638616,0.229268,-0.065879,0.444823,0.083760
0.887838,0.114025,-0.076889,-0.779721,0.256913,-0.013018,0.252093,-0.104373,0.117968,-0.444757,0.791757,0.129725
0.886650,0.252808,0.348618,-0.204502,0.241460,-0.027620,0.216968,0.138783,0.425507,0.575219,0.476726,0.106141
0.885781,0.943168,0.892489,1.306204,0.146654,-0.044637,0.192410,0.690360,0.543871,1.510706,1.841812,0.060521
0.884578,0.546838,0.764326,1.655333,0.083344,0.028809,0.125595,-0.396330,-0.128163,0.349129,1.903511,0.023550
0.882736,-1.161930,0.163597,0.743044,-0.016593,0.101179,-0.069189,-1.708768,-0.600729,-0.912289,1.388870,0.015300
0.881348,-1.811851,0.064499,0.761973,-0.251157,-0.002604,-0.307571,-0.649921,-0.099098,0.018929,1.966613,0.157687
0.881295,-0.676839,0.362955,1.493146,-0.465254,-0.184085,-0.404699,1.135012,0.298456,0.731173,1.679087,0.414130
0.882042,0.217370,0.103824,0.581715,-0.457159,-0.196247,-0.323381,0.894209,-0.259131,-0.911431,0.629620,0.352083
0.883335,0.027118,-0.733203,-1.631620,-0.265381,0.006645,-0.159183,-0.190252,-0.837027,-2.213335,1.788996,0.095810
0.885846,-0.349421,-1.142989,-2.406105,-0.018915,0.234049,0.012527,-0.376539,-0.409786,-0.774485,2.686608,0.055294
0.889055,-0.551325,-0.489769,-0.694735,0.188842,0.236451,0.126995,-0.201904,0.653220,1.711370,1.013158,0.107698
0.891116,-0.249456,0.681678,1.625760,0.248817,-0.018341,0.141937,0.301869,1.171447,2.320495,1.780452,0.082392
0.891392,0.769355,1.154338,1.682597,0.187533,-0.238388,0.094293,1.018811,0.472660,0.056837,2.180719,0.100889
0.891059,1.056715,0.414828,-0.699859,0.162743,-0.206978,-0.008180,0.287360,-0.739510,-2.382456,1.333616,0.069392
0.890898,-0.229211,-0.688158,-2.035020,0.149998,-0.075648,-0.204210,-1.285926,-1.102986,-1.335161,2.160418,0.069924
0.889915,-1.185431,-1.063141,-0.759252,0.055281,-0.001114,-0.381991,-0.956220,-0.374983,1.275768,1.764080,0.148974
0.887426,-0.441019,-0.653266,0.136075,0.015085,0.101210,-0.344179,0.744412,0.409875,0.895327,0.799857,0.128930
0.884501,0.663810,-0.116300,-0.646722,0.087653,0.254037,-0.130690,1.104829,0.536966,-0.782797,0.934034,0.089298
0.880724,0.722687,0.134253,-0.686371,0.059216,0.327245,0.013568,0.058877,0.250553,-0.039649,1.005687,0.110780
0.874026,0.136998,0.243652,0.465323,-0.073890,0.280931,0.001960,-0.585689,0.109399,1.151694,0.542826,0.084386
0.866051,0.138766,0.627964,1.216903,-0.063692,0.134431,-0.021671,0.001768,0.384312,0.751580,1.376389,0.022598
0.859953,1.044387,1.117371,1.419752,0.059093,-0.104071,0.033179,0.905621,0.489407,0.202849,2.086854,0.015424
0.854011,1.585398,0.817723,0.721293,0.098706,-0.261071,0.085763,0.541011,-0.299648,-0.698459,1.924168,0.085256
0.846706,0.935300,-0.178580,-0.928884,0.098911,-0.164941,0.077659,-0.650098,-0.996303,-1.650177,1.330226,0.043020
0.841862,0.164892,-0.481632,-1.092378,0.114947,-0.006996,0.067668,-0.770408,-0.303052,-0.163494,1.205176,0.017841
0.840878,-0.120036,0.075393,0.532097,0.051865,-0.042482,0.076630,-0.284928,0.557025,1.624475,0.550654,0.010367
0.840296,-0.658860,0.143425,0.814116,-0.056872,-0.151852,0.052925,-0.538824,0.068032,0.282019,1.057096,0.029095
0.841131,-1.002774,-0.524411,-0.341536,-0.068906,-0.132395,0.044150,-0.343914,-0.667836,-1.155652,1.182036,0.024226
0.847911,-0.278064,-0.926475,-0.574410,0.034178,-0.061719,0.143842,0.724710,-0.402064,-0.232874,1.124999,0.025668
0.858022,0.359468,-0.661542,-0.206140,0.160648,-0.075485,0.253008,0.637532,0.264933,0.368270,0.780608,0.095519
0.864345,0.251602,-0.003027,-0.053493,0.187947,-0.100701,0.216546,-0.107866,0.658515,0.152647,0.257244,0.092357
0.866427,0.866002,0.660070,0.379526,0.064820,-0.011635,0.119987,0.614400,0.663097,0.433019,1.153123,0.018734
0.868860,1.785068,0.854667,0.530432,-0.095641,0.096085,0.084369,0.919066,0.194597,0.150906,2.048971,0.025498
0.872118,0.674831,0.549051,0.221977,-0.198644,0.017330,-0.018930,-1.110237,-0.305616,-0.308455,0.897846,0.040118
0.872732,-1.431467,0.182022,0.559971,-0.319878,-0.193961,-0.270948,-2.106298,-0.367029,0.337994,1.547836,0.213356
0.869891,-1.426358,-0.238181,0.578051,-0.458343,-0.272938,-0.430307,0.005109,-0.420203,0.018080,1.557360,0.469738
0.867234,-0.000663,-0.909765,-1.229891,-0.385151,-0.131398,-0.284398,1.425695,-0.671584,-1.807942,1.529805,0.246489
0.868640,-0.030127,-1.218502,-2.470454,-0.014039,0.076033,0.010672,-0.029464,-0.308737,-1.240563,2.754777,0.006092
0.873818,-1.146423,-0.472038,-0.323717,0.311558,0.151092,0.164721,-1.116296,0.746464,2.146737,1.281366,0.147030
0.878881,-0.871458,0.707053,2.732885,0.264445,0.026397,0.126102,0.274965,1.179091,3.056602,2.954323,0.086530
0.880983,0.816595,1.176948,2.421310,0.062099,-0.131283,0.055579,1.688053,0.469895,-0.311575,2.813321,0.024181
0.880705,1.433820,0.688310,-0.496323,0.092346,-0.130844,0.014663,0.617225,-0.488638,-2.917633,1.666117,0.025863
0.879774,-0.205622,-0.350817,-1.787324,0.255860,-0.043365,-0.115387,-1.639442,-1.039127,-1.291001,1.832998,0.080659
0.878429,-2.045551,-1.194704,-0.254864,0.200178,0.000843,-0.342101,-1.839929,-0.843887,1.532460,2.382552,0.157105
0.875966,-1.635214,-1.005964,1.377660,-0.050367,0.084554,-0.447475,0.410337,0.188740,1.632524,2.363014,0.209920
0.872911,0.162247,-0.108733,0.986322,-0.165253,0.282522,-0.324983,1.797461,0.897231,-0.391338,1.005474,0.212741
0.871152,0.839110,0.391285,-0.222659,-0.040595,0.427363,-0.150329,0.676863,0.500018,-1.208981,0.952253,0.206886
0.871055,0.508220,0.675382,0.281190,0.063907,0.321145,-0.061882,-0.330890,0.284097,0.503849,0.890784,0.111048
0.870097,0.835127,1.374918,2.201931,-0.062382,0.044635,0.017927,0.326907,0.699536,1.920741,2.726965,0.006205
0.866943,1.261422,1.487797,2.312802,-0.238653,-0.120340,0.130128,0.426295,0.112879,0.110871,3.025521,0.088370
0.864917,0.428106,0.211986,-0.065782,-0.179773,-0.073530,0.181562,-0.833316,-1.275811,-2.378584,0.482224,0.070690
0.867307,-0.624666,-0.967534,-1.447301,0.038684,0.011994,0.172786,-1.052772,-1.179520,-1.381519,1.849597,0.031495
0.871990,-0.518897,-0.763933,-0.303811,0.132978,0.021400,0.193687,0.105769,0.203601,1.143490,0.972188,0.055656
0.875487,-0.173339,-0.117707,0.689830,0.044213,0.038915,0.183319,0.345558,0.646226,0.993641,0.720949,0.037075
0.878137,-0.309396,0.094382,0.290288,-0.106887,0.130570,0.042141,-0.136057,0.212089,-0.399542,0.434627,0.030249
0.881199,0.065841,0.339831,0.290032,-0.262187,0.230475,-0.089735,0.375237,0.245449,-0.000256,0.451596,0.129913
0.884191,0.778193,0.508834,0.714190,-0.347438,0.234160,-0.033387,0.712352,0.169003,0.424158,1.172418,0.176659
0.887113,0.601733,-0.107940,-0.362802,-0.225531,0.122274,0.127963,-0.176460,-0.616774,-1.076992,0.710886,0.082190
0.890188,0.070278,-0.869152,-2.135772,0.046663,0.013887,0.262128,-0.531455,-0.761212,-1.772970,2.306921,0.071081
0.891890,-0.368666,-0.720026,-1.876095,0.215488,0.004619,0.369908,-0.438944,0.149126,0.259677,2.043058,0.183288
0.891109,-1.582653,-0.135619,0.170848,0.223616,-0.019610,0.385967,-1.213987,0.584407,2.046943,1.597614,0.199359
0.889490,-2.051406,0.234305,1.575612,0.252970,-0.200150,0.276123,-0.468753,0.369924,1.404764,2.597252,0.180298
0.888480,0.293220,0.803558,1.531347,0.361963,-0.421574,0.246527,2.344626,0.569253,-0.044265,1.754054,0.369517
0.885747,2.419615,1.254018,0.281318,0.435848,-0.460319,0.300250,2.126395,0.450460,-1.250029,2.739751,0.492007
0.878398,0.920412,0.439667,-1.591698,0.382936,-0.339266,0.025922,-1.499203,-0.814351,-1.873016,1.890494,0.262413
0.867745,-1.246273,-1.068520,-2.147045,0.199437,-0.258837,-0.598787,-2.166685,-1.508187,-0.555347,2.702727,0.465318
0.856264,-0.646185,-1.576496,-0.961754,0.027007,-0.200559,-0.943484,0.600088,-0.507976,1.185291,1.956493,0.931115
0.844742,0.694152,-1.141534,-0.542043,0.009800,0.054251,-0.729432,1.340337,0.434962,0.419711,1.441790,0.535110
0.835961,0.608677,-0.824445,-1.354516,0.003890,0.470966,-0.395634,-0.085475,0.317089,-0.812473,1.698503,0.378350
0.832024,0.307698,-0.418953,-1.112362,-0.135479,0.721661,-0.251527,-0.300979,0.405492,0.242154,1.227823,0.602415
0.827976,0.495098,0.625935,0.509359,-0.183195,0.629568,-0.151217,0.187400,1.044888,1.621721,0.946765,0.452783
0.818690,0.430970,1.720288,2.310196,-0.032588,0.291031,0.004525,-0.064128,1.094353,1.800837,2.912410,0.085781
0.807447,0.273588,1.935448,3.424296,-0.000393,-0.133726,0.118013,-0.157382,0.215160,1.114100,3.942919,0.031810
0.799783,0.479338,1.095586,2.204938,-0.167652,-0.428227,0.135533,0.205750,-0.839862,-1.219358,2.508351,0.229855
0.796291,0.619980,-0.105849,-1.144339,-0.189019,-0.381404,0.090264,0.140642,-1.201435,-3.349277,1.305791,0.189345
0.794893,0.355188,-0.701832,-2.880454,0.018365,-0.097093,0.026482,-0.264792,-0.595983,-1.736115,2.985924,0.010466
0.793978,-0.055313,-0.451566,-1.358021,0.159385,0.060150,-0.015712,-0.410501,0.250266,1.522433,1.432198,0.029268
0.793007,-0.485703,0.033158,0.788613,0.097880,-0.075528,-0.029811,-0.430390,0.484724,2.146634,0.926778,0.016174
0.792530,-0.888595,0.129037,1.355069,-0.032756,-0.315857,-0.052291,-0.402892,0.095879,0.566456,1.625566,0.103573
0.792981,-0.770676,-0.302528,0.249742,-0.081407,-0.370306,-0.096628,0.117919,-0.431565,-1.105327,0.864775,0.153091
0.793999,0.009973,-0.771739,-1.383920,-0.013339,-0.153486,-0.124004,0.780649,-0.469211,-1.633662,1.584587,0.039113
0.795074,0.589674,-0.471062,-1.323838,0.056708,0.077581,-0.101684,0.579701,0.300677,0.060082,1.523864,0.019574
0.795769,0.423221,0.469534,0.650833,0.016551,0.031207,-0.041386,-0.166453,0.940596,1.974671,0.907283,0.002961
0.796027,0.100549,0.758354,1.404188,-0.041155,-0.162446,0.017430,-0.322672,0.288820,0.753355,1.599048,0.028386
0.796318,0.102238,-0.013074,-0.184158,0.009290,-0.161670,0.037106,0.001689,-0.771428,-1.588346,0.211040,0.027600
0.796830,0.192111,-0.517408,-1.121151,0.076086,0.008852,0.022133,0.089873,-0.504334,-0.936993,1.249639,0.006357
0.797701,0.184705,0.019179,0.018888,0.030685,0.059679,0.009863,-0.007406,0.536587,1.140039,0.186656,0.004600
0.799179,0.187829,0.611833,1.029890,-0.065612,-0.042907,0.004004,0.003124,0.592654,1.011002,1.212556,0.006162
0.799976,0.364563,0.562232,0.600606,-0.111663,-0.112209,0.001138,0.176734,-0.049601,-0.429284,0.899855,0.025061
0.798463,0.623216,0.372516,-0.152880,-0.117812,-0.114797,0.045898,0.258653,-0.189716,-0.753486,0.741983,0.029165
0.796522,0.287942,0.062415,-0.486165,-0.095549,-0.140195,0.132096,-0.335274,-0.310101,-0.333285,0.568474,0.046234
0.797695,-0.885328,-0.791852,-0.708882,-0.000502,-0.168325,0.163883,-1.173270,-0.854267,-0.222717,1.383239,0.055191
0.802136,-1.563399,-1.386824,-0.701128,0.138077,-0.122117,0.122421,-0.678071,-0.594972,0.007754,2.204332,0.048965
0.807752,-0.604402,-0.706233,-0.075403,0.173631,-0.004193,0.085940,0.958997,0.680591,0.625725,0.932605,0.037551
0.813630,0.847053,0.509319,0.795518,0.014063,0.128028,0.053399,1.451455,1.215552,0.870921,1.268761,0.019440
0.818667,1.131538,0.941621,1.140263,-0.213536,0.198239,-0.027261,0.284485,0.432302,0.344745,1.862049,0.085639
0.820459,0.524130,0.536664,0.601546,-0.271716,0.163897,-0.099098,-0.607408,-0.404957,-0.538717,0.961550,0.110512
0.818422,-0.026728,-0.060241,-0.385868,-0.117032,0.095062,-0.080115,-0.550858,-0.596905,-0.987414,0.391456,0.029152
0.815318,-0.662457,-0.428624,-0.608050,0.032158,0.063095,-0.021691,-0.635729,-0.368383,-0.222182,0.996139,0.005486
0.813895,-1.335519,-0.432186,0.310725,0.018513,0.031581,-0.019229,-0.673062,-0.003562,0.918775,1.437688,0.001710
0.813818,-1.094082,-0.270385,0.751856,-0.047817,0.011806,-0.066438,0.241437,0.161801,0.441131,1.354773,0.006840
0.813794,0.017483,-0.097684,-0.079495,-0.044484,0.089702,-0.091834,1.111565,0.172701,-0.831351,0.127151,0.018459
0.815292,0.797431,0.245392,-0.312826,-0.062259,0.199177,-0.052839,0.779948,0.343076,-0.233331,0.891052,0.046340
0.820875,0.863921,0.511856,0.752583,-0.183519,0.175569,0.025727,0.066490,0.266464,1.065409,1.254885,0.065166
0.829328,0.590178,0.164028,0.763028,-0.264432,0.051367,0.070330,-0.273743,-0.347828,0.010445,0.978482,0.077509
0.836197,0.105127,-0.447790,-1.096396,-0.154882,0.027484,0.048160,-0.485051,-0.611818,-1.859424,1.188971,0.027063
0.839184,-0.226377,-0.471757,-2.080081,0.023502,0.173251,0.006160,-0.331504,-0.023967,-0.983685,2.144887,0.030606
0.839932,0.025503,0.066821,-0.587398,0.032923,0.332451,-0.015738,0.251880,0.538578,1.492683,0.591736,0.111855
0.840331,0.431837,0.477287,1.104432,-0.113272,0.328556,-0.026163,0.406334,0.410466,1.691830,1.278302,0.121464
0.839840,0.379348,0.432301,0.669913,-0.159364,0.175436,-0.023586,-0.052489,-0.044986,-0.434519,0.882934,0.056731
0.837708,0.089928,0.111275,-0.792417,-0.008511,0.028236,0.009936,-0.289420,-0.321026,-1.462330,0.805229,0.000968
0.835347,0.021030,-0.139505,-1.065108,0.137413,-0.046344,0.057196,-0.068898,-0.250780,-0.272691,1.074411,0.024301
0.834106,0.002606,-0.159777,-0.263371,0.134950,-0.128124,0.079708,-0.018424,-0.020272,0.801737,0.308058,0.040981
0.833756,-0.233268,-0.213771,0.060844,0.099730,-0.223872,0.083893,-0.235874,-0.053994,0.324215,0.322202,0.067103
0.836033,-0.277899,-0.515891,-0.359077,0.116606,-0.170026,0.109874,-0.044631,-0.302120,-0.419921,0.687246,0.054578
0.844156,0.126297,-0.658145,-0.461221,0.071830,0.080618,0.134959,0.404196,-0.142254,-0.102144,0.813530,0.029873
0.855792,0.268340,-0.244504,0.146571,-0.088237,0.291050,0.073785,0.142043,0.413641,0.607792,0.391499,0.097940
0.864069,-0.089605,0.343277,0.541480,-0.231659,0.289071,-0.068527,-0.357945,0.587781,0.394909,0.647355,0.141924
0.867134,0.052803,0.587011,0.177848,-0.263155,0.207907,-0.149186,0.142408,0.243734,-0.363632,0.615630,0.134732
0.868687,0.754384,0.482645,-0.233390,-0.217644,0.180623,-0.085618,0.701581,-0.104366,-0.411238,0.925480,0.087324
0.870673,0.626404,0.136549,-0.318168,-0.125026,0.143765,0.017421,-0.127980,-0.346096,-0.084778,0.715722,0.036603
0.872439,-0.369094,-0.314700,-0.447903,-0.004545,0.059067,0.049481,-0.995498,-0.451249,-0.129735,0.660215,0.005958
0.873704,-0.743356,-0.512714,-0.331320,0.059396,-0.001241,0.055639,-0.374262,-0.198014,0.116583,0.961887,0.006625
0.874508,-0.377434,-0.388449,0.242899,0.026561,0.000745,0.089138,0.365922,0.124265,0.574219,0.593590,0.008652
0.875269,-0.248060,-0.217468,0.344137,-0.011260,0.053430,0.086220,0.129374,0.170981,0.101238,0.476714,0.010415
0.876872,-0.073733,0.081456,-0.062045,-0.010383,0.136873,0.016324,0.174327,0.298924,-0.406182,0.126179,0.019108
0.878959,0.674424,0.688302,0.465261,-0.085954,0.183323,-0.038845,0.748157,0.606846,0.527306,1.070082,0.042504
0.880255,1.077210,1.077699,1.637802,-0.261307,0.133680,-0.038786,0.402786,0.389397,1.172541,2.237010,0.087656
0.880670,0.410784,0.595729,1.186634,-0.314643,0.053151,-0.028034,-0.666426,-0.481970,-0.451168,1.389869,0.102611
0.880828,-0.495495,-0.349260,-0.775196,-0.132143,0.036124,-0.015482,-0.906279,-0.944989,-1.961830,0.984087,0.019006
0.880838,-0.798379,-0.723893,-1.217794,0.030880,0.037491,0.021365,-0.302884,-0.374633,-0.442598,1.626177,0.002816
0.881095,-0.709265,-0.404958,0.401502,-0.033629,0.000627,0.046753,0.089114,0.318935,1.619296,0.910083,0.003317
0.882456,-0.493313,-0.113909,0.854879,-0.130059,0.045405,0.016490,0.215952,0.291049,0.453377,0.993555,0.019249
0.884726,0.166391,0.142418,-0.527766,-0.086916,0.223936,-0.032060,0.659704,0.256327,-1.382645,0.571407,0.058730
0.886635,1.136912,0.908312,0.041277,-0.108337,0.253465,-0.042607,0.970521,0.765894,0.569043,1.455783,0.077797
0.887760,1.305336,1.523824,2.907175,-0.287160,-0.072345,-0.030997,0.168424,0.615512,2.865898,3.532366,0.088655
0.888534,0.328194,0.713060,2.410760,-0.267571,-0.400670,-0.033262,-0.977142,-0.810764,-0.496415,2.535336,0.233237
0.888249,-0.611282,-1.046428,-2.514275,0.125301,-0.287214,-0.058160,-0.939476,-1.759488,-4.925035,2.791103,0.101575
0.886212,-1.110553,-2.029933,-4.457540,0.414443,0.087605,-0.139573,-0.499271,-0.983505,-1.943265,5.022312,0.198918
0.884060,-1.741314,-1.786295,-0.904888,0.212954,0.282111,-0.278953,-0.630761,0.243638,3.552652,2.653648,0.202751
0.882483,-1.527940,-1.038673,0.731797,-0.064371,0.341123,-0.335288,0.213374,0.747622,1.636685,1.987201,0.232927
0.878682,0.357647,-0.035118,-1.897560,0.062406,0.486903,-0.191729,1.885587,1.003555,-2.629357,1.931289,0.277729
0.871368,1.656831,1.039508,-1.722209,0.278456,0.514191,0.017229,1.299184,1.074626,0.175351,2.606083,0.342227
0.862927,0.625785,1.372165,2.412289,0.134822,0.215717,0.083784,-1.031046,0.332657,4.134498,2.844922,0.071731
0.854993,-0.656231,0.841398,3.562939,-0.126404,-0.124508,0.025227,-1.282016,-0.530767,1.150650,3.719291,0.032117
0.847657,-0.339478,0.393468,0.693892,-0.117479,-0.217689,-0.015364,0.316753,-0.447930,-2.869047,0.866919,0.061426
0.841007,0.377104,0.291594,-1.098551,0.043499,-0.149203,-0.012232,0.716582,-0.101874,-1.792443,1.197518,0.024303
0.834363,0.269349,0.003964,-0.606147,0.093608,-0.046926,-0.026016,-0.107755,-0.287630,0.492404,0.663309,0.011641
0.828059,-0.289982,-0.261858,0.315921,0.029150,0.039666,-0.075384,-0.559331,-0.265822,0.922068,0.502459,0.008106
0.824519,-0.567384,-0.044465,0.887286,-0.031527,0.021680,-0.124001,-0.277402,0.217393,0.571365,1.054124,0.016840
0.823927,-0.103373,0.205208,0.357528,-0.023022,-0.067269,-0.115518,0.464011,0.249673,-0.529758,0.424997,0.018400
0.823319,0.680023,0.112486,-0.799881,0.009518,-0.083672,-0.042120,0.783396,-0.092722,-1.157409,1.055885,0.008866
0.821725,0.887165,0.193456,-0.485702,-0.044832,-0.042745,0.033994,0.207142,0.080970,0.314179,1.029754,0.004993
0.821312,0.756514,0.642831,0.911236,-0.175811,-0.042782,0.087081,-0.130651,0.449375,1.396938,1.347552,0.040323
0.822877,0.613473,0.700064,1.105350,-0.243294,-0.084014,0.139975,-0.143041,0.057233,0.194114,1.445073,0.085843
0.825146,-0.238423,-0.095352,0.056708,-0.176234,-0.156431,0.163652,-0.851896,-0.795416,-1.048642,0.262970,0.082311
0.829385,-1.162388,-1.097138,-1.116290,-0.006192,-0.204235,0.150580,-0.923965,-1.001786,-1.172998,1.949605,0.064425
0.838209,-0.652746,-1.457348,-1.955423,0.177071,-0.057764,0.174529,0.509642,-0.360210,-0.839133,2.524603,0.065151
0.848947,0.184922,-1.015915,-1.463509,0.206769,0.240593,0.206582,0.837668,0.441433,0.491914,1.791128,0.143315
0.856664,-0.237899,-0.169419,0.615296,0.011390,0.331209,0.129514,-0.422821,0.846496,2.078805,0.681093,0.126603
0.861854,-0.487532,0.445974,1.989986,-0.205982,0.099044,0.015525,-0.249633,0.615393,1.374690,2.096813,0.052479
0.866610,0.605364,0.453037,0.962131,-0.216762,-0.095736,0.040981,1.092896,0.007063,-1.027855,1.223685,0.057831
0.869705,1.309780,0.242864,-0.569534,-0.100417,-0.022341,0.158880,0.704416,-0.210173,-1.531665,1.448750,0.035826
0.871221,0.541798,0.288397,-0.243275,-0.096194,0.085759,0.180785,-0.767982,0.045533,0.326259,0.660228,0.049291
0.873417,-0.359445,0.318815,0.671431,-0.218171,0.019194,0.074594,-0.901243,0.030418,0.914706,0.825629,0.053531
0.876271,-0.300594,0.074233,-0.269368,-0.246544,-0.070619,-0.032921,0.058851,-0.244582,-0.940799,0.410398,0.066855
0.878838,0.201846,-0.042291,-1.840383,-0.101953,-0.021820,-0.063643,0.502440,-0.116524,-1.571015,1.851902,0.014921
0.881069,0.101368,0.161373,-1.262221,0.009332,0.072384,-0.093796,-0.100478,0.203664,0.578162,1.276526,0.014124
0.881743,-0.756281,0.222333,0.482685,-0.053050,0.116509,-0.203304,-0.857649,0.060960,1.744906,0.924326,0.057721
0.880176,-1.152555,-0.076419,0.607689,-0.127600,0.156403,-0.277924,-0.396274,-0.298752,0.125004,1.305185,0.117985
0.878731,-0.240104,-0.316287,-0.375925,-0.067365,0.170191,-0.169634,0.912451,-0.239868,-0.983614,0.546815,0.062279
0.879267,0.897899,-0.219313,-0.492435,0.019689,0.091059,0.030183,1.138003,0.096974,-0.116510,1.047288,0.009590
0.880502,0.978252,-0.062383,-0.230122,0.039336,0.032130,0.135022,0.080353,0.156930,0.262313,1.006889,0.020811
0.881017,0.305177,-0.095098,-0.510942,0.049984,0.105490,0.117881,-0.673075,-0.032715,-0.280820,0.602693,0.027522
0.881130,-0.305033,-0.132218,-0.430765,0.050679,0.165357,0.045465,-0.610210,-0.037120,0.080177,0.544137,0.031978
0.881142,-0.580410,0.012630,0.239992,0.003862,0.078548,-0.027815,-0.275377,0.144848,0.670757,0.628197,0.006958
0.880792,-0.452722,0.127145,0.298135,-0.020288,-0.034900,-0.046615,0.127688,0.114515,0.058143,0.556783,0.003803
0.880523,-0.022714,-0.057260,-0.211698,0.016421,-0.067541,0.011953,0.430008,-0.184405,-0.509833,0.220478,0.004974
0.881227,0.332056,-0.382060,-0.356525,0.087219,-0.065372,0.133957,0.354770,-0.324800,-0.144827,0.619145,0.029825
0.882789,0.394920,-0.426251,-0.368024,0.251552,-0.045322,0.303052,0.062864,-0.044191,-0.011499,0.687818,0.157173
0.884192,0.269055,-0.033118,-0.220091,0.485416,-0.036364,0.449012,-0.125865,0.393133,0.147933,0.349181,0.438563
0.884646,0.081289,0.504205,0.944527,0.542652,-0.144451,0.469681,-0.187766,0.537323,1.164618,1.073761,0.535938
0.883763,0.003280,0.675862,1.796857,0.365950,-0.281770,0.370857,-0.078009,0.171657,0.852330,1.919764,0.350849
0.881712,0.153919,0.320493,0.114380,0.267510,-0.218320,0.232362,0.150639,-0.355369,-1.682477,0.373483,0.173217
0.879265,0.029423,0.023854,-1.822953,0.342301,-0.075059,0.051673,-0.124496,-0.296639,-1.937333,1.823346,0.125474
0.876103,-0.794397,0.292505,-0.072773,0.242623,-0.165648,-0.179833,-0.823820,0.268651,1.750180,0.849660,0.118645
0.871079,-1.327443,0.525965,2.954151,-0.124901,-0.335286,-0.324371,-0.533046,0.233460,3.026924,3.281121,0.233234
0.865733,-0.656742,-0.022427,1.989848,-0.361622,-0.182825,-0.281266,0.670701,-0.548392,-0.964303,2.095545,0.243306
0.863131,0.024650,-0.816793,-1.375677,-0.318995,0.218281,-0.219328,0.681392,-0.794366,-3.365525,1.600077,0.197509
0.862610,-0.462860,-0.848806,-1.788978,-0.311996,0.495656,-0.320222,-0.487510,-0.032013,-0.413301,2.033508,0.445559
0.861922,-0.887229,-0.125043,0.445766,-0.446083,0.553633,-0.425714,-0.424369,0.723763,2.234744,1.000759,0.686732
0.863099,0.033783,0.535663,1.416010,-0.492793,0.494637,-0.292767,0.921012,0.660706,0.970244,1.514318,0.573223
0.868644,1.057468,0.540456,0.608659,-0.389243,0.374249,-0.036452,1.023685,0.004793,-0.807351,1.334465,0.292901
0.875146,0.666152,0.066764,-0.147817,-0.247603,0.300001,0.059175,-0.391316,-0.473692,-0.756476,0.685613,0.154810
0.878096,-0.222648,-0.164316,-0.172589,-0.123912,0.384166,-0.007096,-0.888800,-0.231080,-0.024772,0.326127,0.162988
0.878579,-0.247058,0.161345,0.486243,-0.106708,0.479697,-0.046334,-0.024410,0.325661,0.658832,0.568772,0.243643
0.879396,-0.089203,0.445890,1.111279,-0.197583,0.312352,-0.022510,0.157855,0.284545,0.625036,1.200715,0.137110
0.880174,-0.499083,0.123428,0.352950,-0.114138,-0.057687,0.002942,-0.409880,-0.322462,-0.758329,0.623612,0.016364
0.880276,-0.624890,-0.394673,-1.006545,0.253121,-0.262753,0.055591,-0.125807,-0.518101,-1.359495,1.248754,0.136200
0.881020,-0.253674,-0.416871,-0.404384,0.481864,-0.169907,0.140404,0.371216,-0.022198,0.602161,0.633765,0.280775
0.883218,-0.283205,-0.089558,1.688845,0.225826,-0.000783,0.153437,-0.029531,0.327313,2.093229,1.714766,0.074541
0.886529,-0.448502,0.006266,2.003483,-0.238746,0.092391,0.047723,-0.165297,0.095824,0.314638,2.053080,0.067813
0.890593,-0.034358,-0.108558,0.092798,-0.444968,0.152609,-0.091894,0.414144,-0.114824,-1.910685,0.146890,0.229731
0.894294,0.337317,-0.091884,-1.418270,-0.320549,0.198664,-0.192260,0.371675,0.016674,-1.511068,1.460724,0.179183
0.896042,0.163682,-0.034019,-1.601089,-0.110998,0.234392,-0.248382,-0.173635,0.057865,-0.182819,1.609793,0.128954
0.895871,0.078481,-0.012586,-1.234361,-0.009899,0.299284,-0.238845,-0.085201,0.021433,0.366728,1.236917,0.146716
0.895154,0.319485,0.277564,0.061740,-0.042037,0.308874,-0.133977,0.241004,0.290150,1.296101,0.427696,0.115120
0.894569,0.443465,0.642345,1.710434,-0.110473,0.164119,0.012651,0.123980,0.364781,1.648694,1.880120,0.039299
0.893949,0.409036,0.388625,0.999722,-0.062679,0.041831,0.093124,-0.034429,-0.253720,-0.710712,1.147948,0.014351
0.893098,0.265480,-0.217211,-1.294235,0.079173,0.115104,0.072734,-0.143556,-0.605836,-2.293957,1.338919,0.024808
0.891959,-0.141247,-0.200909,-0.983165,0.092007,0.156539,0.028709,-0.406727,0.016302,0.311070,1.013375,0.033794
0.890857,-0.324084,0.214712,0.934564,0.011881,-0.045228,0.054454,-0.182837,0.415621,1.917729,1.012196,0.005152
0.890298,0.119693,0.002792,0.010037,0.132499,-0.233404,0.138296,0.443777,-0.211920,-0.924527,0.120146,0.091159
0.890245,0.262764,-0.613480,-1.932858,0.352362,-0.141119,0.173452,0.143071,-0.616272,-1.942895,2.044833,0.174159
0.890659,-0.415861,-0.588214,-0.562238,0.285486,0.062986,0.111136,-0.678625,0.025266,1.370620,0.913809,0.097821
0.892039,-0.741295,0.016376,1.934172,-0.005000,0.137301,0.008374,-0.325434,0.604590,2.496410,2.071427,0.018947
0.894084,-0.137173,0.343201,1.714904,-0.182109,0.122686,-0.090200,0.604122,0.326825,-0.219268,1.754280,0.056352
0.895512,0.445899,0.313423,0.301620,-0.238542,0.126201,-0.160881,0.583072,-0.029778,-1.413284,0.622924,0.098712
0.896069,0.545023,0.364568,0.105107,-0.303765,0.104307,-0.142429,0.099124,0.051145,-0.196513,0.664084,0.123439
0.896615,0.460375,0.275777,0.022039,-0.302931,0.018817,-0.042075,-0.084648,-0.088791,-0.083068,0.537107,0.093892
0.897373,0.087359,-0.287083,-0.971269,-0.165512,-0.028533,0.034182,-0.373016,-0.562860,-0.993308,1.016569,0.029377
0.897995,-0.619817,-0.702815,-1.396568,0.005842,0.024387,0.055146,-0.707176,-0.415732,-0.425299,1.681822,0.003670
0.898480,-1.007063,-0.382411,-0.390684,0.068464,0.083581,0.060573,-0.387246,0.320404,1.005884,1.145883,0.015342
0.898789,-0.599587,0.054076,0.389252,-0.019792,0.109195,0.013045,0.407476,0.436487,0.779936,0.716900,0.012485
0.898670,0.098104,0.033996,-0.275701,-0.130595,0.172518,-0.100920,0.697691,-0.020080,-0.664953,0.294603,0.057002
0.898171,0.388177,0.074774,-0.739958,-0.119113,0.212763,-0.147448,0.290073,0.040778,-0.464257,0.838934,0.081197
0.897378,0.338097,0.402133,0.496222,-0.073111,0.117074,-0.050818,-0.050080,0.327359,1.236180,0.722673,0.021634
0.896147,0.147718,0.356627,1.488650,-0.121171,0.012581,0.046805,-0.190379,-0.045506,0.992428,1.537882,0.017031
0.894698,-0.270034,-0.159238,0.055463,-0.143391,0.057010,0.022356,-0.417752,-0.515865,-1.433187,0.318357,0.024311
0.893733,-0.502396,-0.462099,-1.918455,-0.042402,0.130886,-0.020018,-0.232362,-0.302861,-1.973918,2.036273,0.019330
0.893783,-0.235710,-0.337432,-1.539925,0.035958,0.089697,0.036313,0.266686,0.124667,0.378530,1.593985,0.010657
0.894830,-0.010203,-0.132412,0.011504,0.034012,0.016635,0.104576,0.225507,0.205020,1.551429,0.133302,0.012370
0.896152,0.154183,0.010922,0.009717,0.075098,0.016645,0.087391,0.164386,0.143334,-0.001787,0.154874,0.013554
0.896764,0.656775,0.269695,-0.511769,0.109628,0.043245,0.048617,0.502592,0.258773,-0.521486,0.875212,0.016252
0.896621,0.771221,0.706309,0.998031,-0.074875,-0.005102,0.018863,0.114446,0.436614,1.509800,1.445586,0.005988
0.896560,-0.087221,0.825751,3.074980,-0.462659,-0.155804,-0.102268,-0.858442,0.119442,2.076949,3.185118,0.248787
0.896824,-1.025176,0.065994,2.055490,-0.702065,-0.282788,-0.298701,-0.937955,-0.759757,-1.019490,2.297908,0.662087
