pressure,accel_x,accel_y,accel_z,gyro_x,gyro_y,gyro_z,accel_jx,accel_jy,accel_jz,accel_power,gyro_energy
0.555177,0.092789,0.031394,-0.269439,0.001885,0.150237,0.042917,0.000000,0.000000,0.000000,0.286693,0.024417
0.577972,-0.056499,0.032256,0.031138,0.007892,0.186512,0.059767,-0.149288,0.000862,0.300577,0.072126,0.038421
0.592978,0.739060,0.035289,-0.507553,0.102955,0.240848,0.138882,0.795559,0.003033,-0.538691,0.897254,0.087896
0.615378,0.408892,0.075903,-0.445347,0.096890,0.108826,0.115005,-0.330168,0.040614,0.062206,0.609334,0.034457
0.649371,-1.488985,0.116170,1.249513,-0.097824,-0.226544,0.012939,-1.897877,0.040267,1.694860,1.947268,0.061059
0.679416,-1.402937,0.078851,2.213866,-0.190077,-0.438278,0.128307,0.086048,-0.037319,0.964353,2.622147,0.244680
0.703078,1.149941,-0.019964,0.519382,-0.028855,-0.387533,0.386400,2.552878,-0.098815,-1.694484,1.261951,0.300319
0.725798,1.537910,-0.080744,-1.300681,0.117979,-0.243693,0.374826,0.387969,-0.060780,-1.820063,2.015802,0.213800
0.739327,-0.611471,0.019283,-0.864862,0.109034,-0.028316,0.150898,-2.149381,0.100027,0.435819,1.059365,0.035460
0.738340,-0.483688,0.268943,0.276802,0.044889,0.286642,0.093128,0.127783,0.249660,1.141664,0.618792,0.092851
0.732713,1.355972,0.350828,0.791460,-0.120091,0.476031,0.108000,1.839660,0.081885,0.514658,1.608773,0.252691
0.730125,0.609004,0.036232,0.674588,-0.294039,0.469150,-0.050156,-0.746968,-0.314596,-0.116872,0.909543,0.309076
0.728929,-0.862025,-0.274793,-1.053199,-0.129087,0.483326,-0.174793,-1.471029,-0.311025,-1.727787,1.388462,0.280820
0.727479,-0.096922,-0.085635,-2.924792,0.214923,0.448218,-0.088067,0.765103,0.189158,-1.871593,2.927650,0.254847
0.727459,0.093647,0.352465,-1.296622,0.193226,0.134229,0.018531,0.190569,0.438100,1.628170,1.346934,0.055697
0.731988,-1.030544,0.511502,1.947830,-0.096836,-0.234941,0.059039,-1.124191,0.159037,3.244452,2.262233,0.068060
0.742149,-0.157998,0.401592,1.819449,-0.176572,-0.301666,0.116109,0.872546,-0.109910,-0.128381,1.869929,0.135661
0.752377,1.451875,0.245989,-0.475179,-0.071061,-0.102668,0.142802,1.609873,-0.155603,-2.294628,1.547335,0.035983
0.755716,0.705830,0.076548,-1.010594,0.012676,0.164542,0.114951,-0.746045,-0.169441,-0.535415,1.235053,0.040448
0.754797,-0.465440,-0.017036,-0.509717,0.114227,0.361363,0.122913,-1.171270,-0.093584,0.500877,0.690461,0.158739
0.756937,-0.289440,-0.041204,-0.619317,0.165839,0.369180,0.133988,0.176000,-0.024168,-0.109600,0.684855,0.181749
0.759912,-0.519284,-0.296864,-0.398625,0.050602,0.261109,0.023417,-0.229844,-0.255660,0.220692,0.718809,0.071287
0.756534,-1.337969,-0.665600,0.187260,-0.046126,0.269117,-0.175934,-0.818685,-0.368736,0.585885,1.506071,0.105504
0.748896,-1.072457,-0.428988,0.241769,0.020257,0.399447,-0.270082,0.265512,0.236612,0.054509,1.180105,0.232913
0.742048,0.250879,0.513664,0.632002,0.059230,0.398772,-0.161138,1.323336,0.942652,0.390233,0.852184,0.188493
0.732798,1.436423,1.218634,1.853048,-0.078087,0.107739,-0.016476,1.185544,0.704970,1.221046,2.642379,0.017977
0.721920,1.386548,1.021784,2.387916,-0.262628,-0.349543,0.001766,-0.049875,-0.196850,0.534868,2.944266,0.191157
0.721753,0.044233,0.315005,1.242333,-0.261959,-0.639927,0.071171,-1.342315,-0.706779,-1.145583,1.282410,0.483194
0.736318,-0.142975,-0.281093,-1.275583,0.044176,-0.502199,0.375662,-0.187208,-0.596098,-2.517916,1.313989,0.395277
0.754421,2.115850,-0.512568,-3.744996,0.424849,-0.115714,0.626199,2.258825,-0.231475,-2.469413,4.331806,0.586012
0.766317,2.787953,-0.345804,-3.194337,0.442508,0.060610,0.450133,0.672103,0.166764,0.550659,4.253945,0.402107
0.762861,-0.852430,-0.342890,0.494191,0.126468,-0.008934,0.007979,-3.640383,0.002914,3.688528,1.043281,0.016138
0.733190,-3.909260,-1.268296,2.303063,-0.031603,0.057036,-0.286904,-3.056830,-0.925406,1.808872,4.711156,0.086566
0.688022,-2.195104,-2.102323,0.254567,0.078067,0.258488,-0.324438,1.714156,-0.834027,-2.048496,3.050090,0.178171
0.655542,0.907964,-0.844160,-1.569803,0.166865,0.268420,-0.188039,3.103068,1.258163,-1.824370,2.000322,0.135252
0.639416,1.801763,1.616465,-1.491036,0.226949,0.164197,0.046306,0.893799,2.460625,0.078767,2.842973,0.080611
0.617936,1.347444,2.342261,-1.109187,0.321445,0.159303,0.172068,-0.454319,0.725796,0.381849,2.920974,0.158312
0.588049,0.595313,1.269973,0.231386,0.238121,0.070168,0.048815,-0.752131,-1.072288,1.340573,1.421537,0.064008
0.569869,0.058064,0.652183,2.274231,0.000207,-0.193470,-0.108526,-0.537249,-0.617790,2.042845,2.366610,0.049209
0.561559,0.449189,0.913817,2.342998,-0.142612,-0.368993,-0.143424,0.391125,0.261634,0.068767,2.554696,0.177064
0.534701,0.630814,1.126323,1.126394,-0.298475,-0.361869,-0.203905,0.181625,0.212506,-1.216604,1.713270,0.261614
0.494963,0.097174,0.978528,0.508480,-0.535844,-0.224812,-0.225117,-0.533640,-0.147795,-0.617914,1.107028,0.388347
0.490554,0.667800,0.183495,-0.891686,-0.512703,0.059700,-0.005645,0.570626,-0.795033,-1.400166,1.129040,0.266460
0.534127,1.381783,-1.023559,-2.415047,-0.230175,0.251463,0.200785,0.713983,-1.207054,-1.523361,2.964701,0.156529
0.588320,-0.232295,-1.262836,-1.174535,-0.089789,0.086714,0.159708,-1.614078,-0.239277,1.240512,1.740186,0.041088
0.635252,-1.938339,-0.355686,0.865315,-0.077065,-0.169496,0.183988,-1.706044,0.907150,2.039850,2.152311,0.068519
0.680829,-1.326675,0.119814,0.636316,0.010982,-0.204246,0.373366,0.611664,0.475500,-0.228999,1.476252,0.181239
0.714575,-0.471214,-0.211129,-0.168418,0.064908,-0.096587,0.366598,0.855461,-0.330943,-0.804734,0.543123,0.147936
0.727950,-0.237468,-0.205308,-0.101470,0.034769,0.097147,0.187612,0.233746,0.005821,0.066948,0.329907,0.045845
0.731445,0.184139,0.215389,0.093867,-0.023322,0.337986,0.108758,0.421607,0.420697,0.195337,0.298514,0.126607
0.730950,-0.617144,0.133608,0.496766,-0.136370,0.433263,-0.018430,-0.801283,-0.081781,0.402899,0.803427,0.206653
0.726195,-2.051265,-0.338105,-0.012289,-0.109486,0.431086,-0.258703,-1.434121,-0.471713,-0.509055,2.078979,0.264750
0.722993,-1.115364,-0.292614,-2.198752,0.165633,0.450781,-0.253667,0.935901,0.045491,-2.186463,2.482775,0.294985
0.725660,0.994815,0.306174,-2.490964,0.243146,0.256038,0.022179,2.110179,0.598788,-0.292212,2.699685,0.125167
0.733547,1.161325,0.639231,0.526041,-0.064188,-0.163221,0.168352,0.166510,0.333057,3.017005,1.426188,0.059104
0.744575,0.105288,0.389969,1.965901,-0.236504,-0.327810,0.123164,-1.056037,-0.249262,1.439860,2.006970,0.178563
0.754017,-0.144630,0.026524,-0.322076,-0.057806,-0.094230,0.134898,-0.249918,-0.363445,-2.287977,0.354054,0.030418
0.758980,0.376616,-0.168204,-2.181530,0.088926,0.200980,0.185502,0.521246,-0.194728,-1.859454,2.220181,0.082712
0.761612,0.541933,-0.309160,-1.444552,0.081135,0.382817,0.118162,0.165317,-0.140956,0.736978,1.573532,0.167094
0.763093,-0.035136,-0.232874,-0.467875,0.120283,0.434685,0.020591,-0.577069,0.076286,0.976677,0.523805,0.203843
0.762981,-0.514577,0.232361,-0.140591,0.160391,0.281821,0.015662,-0.479441,0.465235,0.327284,0.581848,0.105394
0.762655,-0.469267,0.597305,0.784324,0.067861,0.044347,0.013181,0.045310,0.364944,0.924915,1.091856,0.006746
0.762715,-0.431169,0.422796,1.406399,-0.033896,-0.019719,-0.043338,0.038098,-0.174509,0.622075,1.530562,0.003416
0.762650,-0.316126,0.059526,0.517751,-0.057058,0.055332,-0.055003,0.115043,-0.363270,-0.888648,0.609545,0.009343
0.763829,0.094586,-0.112877,-0.027424,-0.126814,0.059290,-0.022796,0.410712,-0.172403,-0.545175,0.149799,0.020117
0.766531,0.298955,-0.204596,0.486639,-0.215354,0.041338,-0.047015,0.204369,-0.091719,0.514063,0.606672,0.050297
0.768243,0.340818,-0.208711,-0.284743,-0.124038,0.173341,-0.084173,0.041863,-0.004115,-0.771382,0.490709,0.052518
0.767839,0.550933,0.094543,-1.572674,0.046793,0.312789,-0.036678,0.210115,0.303254,-1.287931,1.669062,0.101372
0.763398,0.376396,0.578004,0.113824,-0.016689,0.111590,0.031048,-0.174537,0.483461,1.686498,0.699084,0.013695
0.749523,-0.454913,0.796913,3.009858,-0.252848,-0.429764,0.017572,-0.831309,0.218909,2.896034,3.146627,0.248938
0.728500,-1.039133,0.495554,2.244743,-0.296642,-0.842915,-0.023793,-0.584220,-0.301359,-0.765115,2.522745,0.799068
0.714461,-0.607308,-0.113793,-1.154842,-0.089670,-0.795884,0.014176,0.431825,-0.609347,-3.399585,1.309745,0.641673
0.715576,0.349324,-0.538863,-2.542624,0.099121,-0.511146,0.111271,0.956632,-0.425070,-1.387782,2.622468,0.283476
0.725612,0.753619,-0.530029,-1.687080,0.142370,-0.299495,0.157453,0.404295,0.008834,0.855544,1.922267,0.134758
0.736869,0.564696,-0.250105,-1.047884,0.133069,-0.082225,0.135942,-0.188923,0.279924,0.639196,1.216345,0.042949
0.746158,0.825777,0.104464,-0.498802,0.123178,0.241442,0.154962,0.261081,0.354569,0.549082,0.970373,0.097480
0.751707,1.681297,0.429229,0.658788,0.081899,0.449589,0.268070,0.855520,0.324765,1.157590,1.856071,0.280699
0.754794,1.891902,0.489787,0.930410,0.055262,0.431829,0.369199,0.210605,0.060558,0.271622,2.164451,0.325838
0.757553,0.734646,0.092591,-0.501486,0.140714,0.446633,0.305867,-1.157256,-0.397196,-1.431896,0.894296,0.312836
0.759994,-1.064272,-0.522439,-1.875006,0.269639,0.610958,0.055372,-1.798918,-0.615030,-1.373520,2.218392,0.449041
0.765063,-2.243523,-0.836613,-1.561115,0.231225,0.664505,-0.219766,-1.179251,-0.314174,0.313891,2.858391,0.543329
0.774624,-2.111126,-0.589884,-0.054373,-0.003179,0.486711,-0.361184,0.132397,0.246729,1.506742,2.192663,0.367352
0.779734,-1.056391,0.010850,1.093642,-0.216872,0.325834,-0.418238,1.054735,0.600734,1.148015,1.520570,0.328124
0.772888,0.001546,0.536517,1.141552,-0.274546,0.325420,-0.449695,1.057937,0.525667,0.047910,1.261346,0.383499
0.762755,0.640312,0.702847,0.882836,-0.248578,0.306186,-0.310610,0.638766,0.166330,-0.258716,1.297456,0.252019
0.759200,0.801737,0.526840,0.873581,-0.203321,0.151753,-0.008364,0.161425,-0.176007,-0.009255,1.297492,0.064438
0.759490,0.141756,0.175808,0.194349,-0.128066,-0.029450,0.102291,-0.659981,-0.351032,-0.679232,0.297951,0.027732
0.761946,-1.150913,-0.132982,-0.991770,-0.043329,-0.172441,-0.050289,-1.292669,-0.308790,-1.186119,1.525088,0.034142
0.770269,-1.463300,-0.116946,-1.011850,0.058537,-0.291111,0.015153,-0.312387,0.016036,-0.020080,1.782909,0.088402
0.778695,0.174979,0.198972,-0.424564,0.220024,-0.314961,0.477076,1.638279,0.315918,0.587286,0.500462,0.375213
0.777862,1.731330,0.271310,-0.823370,0.322761,-0.190669,0.795605,1.556351,0.072338,-0.398806,1.936247,0.773517
0.771725,0.844780,-0.101223,-0.751842,0.204155,0.012170,0.604858,-0.886550,-0.372533,0.071528,1.135414,0.407681
0.767633,-1.331437,-0.322037,0.960369,-0.003826,0.221368,0.225092,-2.176217,-0.220814,1.712211,1.672944,0.099685
0.764469,-2.265616,-0.162020,1.602886,-0.050160,0.401442,-0.005738,-0.934179,0.160017,0.642517,2.780020,0.163705
0.764877,-1.651063,-0.192647,-0.230501,0.037307,0.493258,-0.094597,0.614553,-0.030627,-1.833387,1.678169,0.253644
0.776053,-0.434891,-0.459388,-1.468495,0.085166,0.411405,-0.030430,1.216172,-0.266741,-1.237994,1.598951,0.177433
0.792427,0.618061,-0.251902,-0.367033,0.110066,0.101737,0.211852,1.052952,0.207486,1.101462,0.761687,0.067346
0.801143,0.779072,0.446893,0.356880,0.264666,-0.298107,0.408503,0.161011,0.698795,0.723913,0.966452,0.325791
0.799815,-0.054218,0.631016,-1.008183,0.559432,-0.512336,0.302273,-0.833290,0.184123,-1.365063,1.190611,0.666821
0.792534,-1.443407,-0.216909,-1.844803,0.793990,-0.538828,-0.069374,-1.389189,-0.847925,-0.836620,2.352397,0.925568
0.782831,-2.697544,-1.043637,-0.224549,0.806007,-0.619150,-0.439538,-1.254137,-0.826728,1.620254,2.901094,1.226188
0.773420,-2.455019,-0.529869,1.592275,0.641574,-0.721335,-0.593878,0.242525,0.513768,1.816824,2.973755,1.284632
0.756526,-0.517989,0.839514,1.701648,0.374802,-0.635074,-0.538292,1.937030,1.369383,0.109373,1.966902,0.833554
0.720658,1.078667,1.492728,1.489306,0.053220,-0.420342,-0.402634,1.596656,0.653214,-0.212342,2.368500,0.341634
0.675240,1.309638,1.060151,1.558148,-0.138545,-0.218278,-0.276123,0.230971,-0.432577,0.068842,2.294972,0.143084
0.637309,1.076737,0.313377,0.643091,-0.150417,-0.036975,-0.202443,-0.232901,-0.746774,-0.915057,1.292723,0.064976
0.605314,0.527212,-0.059729,-0.331225,-0.286721,0.045391,-0.168986,-0.549525,-0.373106,-0.974316,0.625484,0.112826
0.581472,-0.023347,0.304667,0.354391,-0.572270,0.045608,-0.079020,-0.550559,0.364396,0.685616,0.467932,0.335817
0.586277,0.761772,0.917358,1.248631,-0.584482,0.166994,0.073703,0.785119,0.612691,0.894240,1.726535,0.374938
0.623939,1.475400,0.687250,1.320814,-0.380082,0.228170,0.153782,0.713628,-0.230108,0.072183,2.096108,0.220173
0.674233,-0.304617,-0.107583,2.014530,-0.383813,-0.145526,0.187291,-1.780017,-0.794833,0.693716,2.040269,0.203568
0.722074,-1.655993,-0.222042,1.713762,-0.324827,-0.596276,0.350309,-1.351376,-0.114459,-0.300768,2.393448,0.583774
0.759520,0.645780,0.024409,-1.954276,0.188656,-0.531686,0.526968,2.301773,0.246451,-3.668038,2.058354,0.595976
0.776990,2.336502,-0.274239,-4.605343,0.645559,-0.196013,0.406799,1.690722,-0.298648,-2.651067,5.171425,0.620653
0.776424,-0.168292,-0.476109,-2.058505,0.615635,-0.046613,0.033988,-2.504794,-0.201870,2.546838,2.119539,0.382334
0.767815,-2.536963,-0.397936,1.030304,0.543838,0.078532,-0.306233,-2.368671,0.078173,3.088809,2.766959,0.395706
0.748265,-1.904224,-1.070130,0.296707,0.605014,0.344436,-0.544505,0.632739,-0.672194,-0.733597,2.204378,0.781164
0.712409,-0.974806,-1.118759,-0.468775,0.307167,0.509611,-0.658217,0.929418,-0.048629,-0.765482,1.556155,0.787305
0.675386,-0.086145,1.609732,2.354309,-0.368716,0.445724,-0.490755,0.888661,2.728491,2.823084,2.853319,0.575462
0.658874,1.823043,3.930718,5.491474,-0.820602,0.290306,-0.130042,1.909188,2.320986,3.137165,6.995021,0.774576
0.665357,2.253985,1.543099,3.858524,-0.735007,0.179433,0.105756,0.430942,-2.387619,-1.632950,4.727559,0.583616
0.685617,0.548550,-2.182367,-1.992029,-0.344314,0.110031,0.162395,-1.705435,-3.725466,-5.850553,3.005297,0.157031
0.716742,-0.497254,-1.995800,-5.543103,-0.077660,-0.082563,0.127823,-1.045804,0.186567,-3.551074,5.912400,0.029186
0.753257,-1.187115,-0.390576,-3.293587,-0.048714,-0.392083,-0.085592,-0.689861,1.605224,2.249516,3.522713,0.163428
0.775420,-2.731871,-1.330569,-0.032273,0.115303,-0.445643,-0.398876,-1.544756,-0.939993,3.261314,3.038844,0.370995
0.772124,-2.587205,-2.379050,0.489947,0.474770,-0.140624,-0.475604,0.144666,-1.048481,0.522220,3.548740,0.471381
0.762078,-0.203531,-0.935207,1.290965,0.484291,0.103756,-0.254214,2.383674,1.443843,0.801018,1.607056,0.309928
0.757110,1.078721,0.807778,2.897782,0.089094,0.117518,0.050090,1.282252,1.742985,1.606817,3.195823,0.024257
0.728827,0.949429,1.339957,1.395705,-0.109549,0.151833,0.365964,-0.129292,0.532179,-1.502077,2.155201,0.168984
0.662451,1.454109,1.899227,-2.003460,0.005154,0.268988,0.637197,0.504680,0.559270,-3.399165,3.120152,0.478401
0.591595,1.553140,2.337707,-2.550351,0.053073,0.323072,0.629260,0.099031,0.438480,-0.546891,3.792283,0.503160
0.522537,-0.169862,1.479963,-0.373959,-0.023003,0.241311,0.281375,-1.723002,-0.857744,2.176392,1.535900,0.137932
0.419377,-1.753488,0.214754,1.631809,-0.041212,-0.006473,-0.086568,-1.583626,-1.265209,2.005768,2.404920,0.009234
0.304053,-1.047213,-0.001912,2.388374,0.009595,-0.312865,-0.173077,0.706275,-0.216666,0.756565,2.607871,0.127932
0.243498,0.766845,0.516748,1.953950,0.001609,-0.438275,-0.079086,1.814058,0.518660,-0.434424,2.161712,0.198342
0.242808,0.992745,0.839747,1.282375,-0.169010,-0.372381,-0.106559,0.225900,0.322999,-0.671575,1.826254,0.178587
0.261308,-0.473166,0.624570,1.023334,-0.363763,-0.296875,-0.303469,-1.465911,-0.215177,-0.259041,1.288870,0.312552
0.266841,-1.119910,-0.185869,-0.245972,-0.267012,-0.202468,-0.455001,-0.646744,-0.810439,-1.269306,1.161571,0.319315
0.229882,-0.197618,-1.076745,-2.400857,0.042786,-0.016244,-0.453672,0.922292,-0.890876,-2.154885,2.638664,0.207913
0.168446,0.501173,-1.019063,-2.254660,0.082894,0.135393,-0.366293,0.698791,0.057682,0.146197,2.524511,0.159373
0.159120,0.590301,-0.006780,0.202016,-0.212395,0.187901,-0.224003,0.089128,1.012283,2.456676,0.623948,0.130596
0.220349,1.050289,0.662806,1.241255,-0.410952,0.241427,-0.046929,0.459988,0.669586,1.039239,1.755885,0.229371
0.292079,1.212704,0.342851,0.686905,-0.392063,0.205840,0.094065,0.162415,-0.319955,-0.554350,1.435283,0.204932
0.352333,0.484835,-0.213762,0.867270,-0.370074,-0.073498,0.204775,-0.727869,-0.556613,0.180365,1.016325,0.184290
0.419588,0.065409,-0.390536,0.357808,-0.271751,-0.347347,0.310603,-0.419426,-0.176774,-0.509462,0.533688,0.290973
0.475212,0.229039,-0.447449,-2.503649,0.082616,-0.239403,0.349968,0.163630,-0.056913,-2.861457,2.553611,0.186617
0.497262,0.342972,-0.610470,-4.555630,0.443183,0.164089,0.319283,0.113933,-0.163021,-2.051981,4.609129,0.325278
0.507477,0.587080,-0.640523,-2.622806,0.403235,0.460372,0.235227,0.244108,-0.030053,1.932824,2.762977,0.429873
0.524127,0.355257,-0.300534,1.329785,0.015879,0.480137,0.044500,-0.231823,0.339989,3.952591,1.408849,0.232764
0.536805,-0.423314,0.308797,3.030575,-0.265135,0.416457,-0.097832,-0.778571,0.609331,1.700790,3.075538,0.253304
0.536666,0.263438,0.763824,1.524649,-0.241234,0.412378,0.021655,0.686752,0.455027,-1.505926,1.725509,0.228718
0.521079,1.271351,0.695778,-0.036835,-0.185311,0.263690,0.135721,1.007913,-0.068046,-1.561484,1.449758,0.122293
0.495251,-0.641473,0.262687,0.063236,-0.234026,-0.141781,-0.043272,-1.912824,-0.433091,0.100071,0.696054,0.076742
0.487562,-2.412314,-0.077909,-0.478484,-0.125418,-0.442768,-0.138168,-1.770841,-0.340596,-0.541720,2.460544,0.230864
0.518328,0.148091,-0.212487,-2.341968,0.176913,-0.400543,0.190437,2.560405,-0.134578,-1.863484,2.356246,0.227999
0.563064,2.698690,-0.307881,-2.534290,0.317039,-0.332923,0.547982,2.550599,-0.095394,-0.192322,3.714881,0.511636
0.588836,0.743897,-0.292211,-0.515586,0.203062,-0.467931,0.531705,-1.954793,0.015670,2.018704,0.951104,0.542904
0.597718,-1.538236,-0.011467,0.630897,0.115831,-0.553374,0.332863,-2.282133,0.280744,1.146483,1.662628,0.430437
0.604997,-0.152652,0.299042,-0.093217,0.180389,-0.374247,0.255089,1.385584,0.310509,-0.724114,0.348451,0.237671
0.611190,2.003559,0.332106,-0.730187,0.272607,-0.037117,0.311189,2.156211,0.033064,-0.636970,2.158174,0.172531
0.611098,1.816357,0.212278,-0.196815,0.266482,0.250592,0.357876,-0.187202,-0.119828,0.533372,1.839280,0.261884
0.601974,0.290199,0.160510,0.930495,0.120286,0.333830,0.263241,-1.526158,-0.051768,1.127310,0.987826,0.195207
0.585307,-0.882200,0.105520,1.679077,-0.077218,0.248990,0.036380,-1.172399,-0.054990,0.748582,1.899661,0.069282
0.575339,-1.490098,-0.069333,1.207968,-0.174035,0.236702,-0.149344,-0.607898,-0.174853,-0.471109,1.919475,0.108620
0.586311,-1.618656,-0.346744,-0.292795,-0.156727,0.394404,-0.186015,-0.128558,-0.277411,-1.500763,1.681073,0.214719
0.608849,-1.214312,-0.614252,-1.483735,-0.116748,0.542003,-0.170540,0.404344,-0.267508,-1.190940,2.013288,0.336481
0.624852,-0.806016,-0.658661,-1.396615,-0.098708,0.551854,-0.228550,0.408296,-0.044409,0.087120,1.741847,0.366521
0.634400,-0.817105,-0.385275,-0.327477,-0.112109,0.492278,-0.330025,-0.011089,0.273386,1.069138,0.960905,0.363823
0.644220,-0.531109,0.053095,0.456735,-0.118923,0.423844,-0.340565,0.285996,0.438370,0.784212,0.702497,0.309771
0.651297,0.442233,0.499993,0.163664,-0.055206,0.316834,-0.209981,0.973342,0.446898,-0.293071,0.687276,0.147524
0.653677,1.078368,0.795637,0.024673,0.009753,0.168492,-0.034620,0.636135,0.295644,-0.138991,1.340345,0.029683
0.655282,0.953187,0.713254,0.981773,-0.029279,0.054625,0.087534,-0.125181,-0.082383,0.957100,1.543106,0.011503
0.657095,0.765868,0.362830,1.165593,-0.095615,0.005123,0.129875,-0.187319,-0.350424,0.183820,1.441113,0.026036
0.658233,0.187736,0.214977,-0.009600,-0.108939,-0.118404,0.075898,-0.578132,-0.147853,-1.175193,0.285573,0.031648
0.658786,-1.215854,0.385176,0.204624,-0.132054,-0.442962,-0.020606,-1.403590,0.170199,0.214224,1.291717,0.214078
0.658576,-1.678164,0.408644,1.602682,-0.127216,-0.770682,-0.020417,-0.462310,0.023468,1.398058,2.356229,0.610552
0.661608,-0.077088,-0.067427,0.574677,0.024449,-0.732686,0.083836,1.601076,-0.476071,-1.028005,0.583732,0.544455
0.673255,1.289620,-0.703076,-2.109006,0.215460,-0.300464,0.155908,1.366708,-0.635649,-2.683683,2.570086,0.161009
0.688563,0.942391,-0.805676,-2.419469,0.246665,0.172611,0.171343,-0.347229,-0.102600,-0.310463,2.718648,0.119997
0.697208,0.732716,-0.263709,-0.495461,0.126980,0.406747,0.172151,-0.209675,0.541967,1.924008,0.922983,0.211203
0.697946,0.952921,0.220807,0.935749,-0.028312,0.421319,0.089013,0.220205,0.484516,1.431210,1.353677,0.186235
0.696204,-0.213631,0.143489,1.095266,-0.110039,0.397516,-0.066199,-1.166552,-0.077318,0.159517,1.125093,0.174510
0.695039,-1.513284,-0.109911,0.105002,-0.024015,0.435264,-0.131127,-1.299653,-0.253400,-0.990264,1.520899,0.207226
0.695863,-0.885244,-0.061048,-1.115290,0.115115,0.395130,-0.109210,0.628040,0.048863,-1.220292,1.425221,0.181306
0.700187,-0.013906,0.113649,-0.642854,0.069725,0.145649,-0.113881,0.871338,0.174697,0.472436,0.652971,0.039044
0.708236,-0.114299,0.153312,1.026771,-0.124526,-0.131176,-0.072170,-0.100393,0.039663,1.669625,1.044427,0.037922
0.719071,0.328817,0.174678,1.551843,-0.250973,-0.235426,0.067431,0.443116,0.021366,0.525072,1.595885,0.122960
0.730215,1.092001,0.211949,0.730811,-0.227305,-0.218424,0.179558,0.763184,0.037271,-0.821032,1.330967,0.131618
0.738420,0.853632,0.118468,-0.477463,-0.058403,-0.083567,0.234773,-0.238369,-0.093481,-1.208274,0.985238,0.065513
0.743262,0.386076,-0.091486,-1.584357,0.142396,0.228321,0.248949,-0.467556,-0.209954,-1.106894,1.633282,0.134383
0.745972,0.539511,-0.325962,-1.867316,0.167913,0.518070,0.121789,0.153435,-0.234476,-0.282959,1.970835,0.311424
0.745397,0.902224,-0.414366,-1.625771,0.075828,0.528150,-0.088041,0.362713,-0.088404,0.241545,1.904951,0.292444
0.742046,0.817815,-0.081185,-1.457558,0.067145,0.271168,-0.167981,-0.084409,0.333181,0.168213,1.673286,0.106258
0.742422,-0.115778,0.476284,0.003542,0.028087,-0.064861,-0.099502,-0.933593,0.557469,1.461100,0.490167,0.014896
0.750287,-0.593870,0.623158,2.482353,-0.148105,-0.244847,0.059519,-0.478092,0.146874,2.478811,2.627372,0.085428
0.759547,0.811027,0.275954,2.432171,-0.207028,-0.175851,0.302479,1.404897,-0.347204,-0.050182,2.578637,0.165278
0.764617,1.715640,-0.067948,-0.375466,-0.032310,-0.095550,0.410861,0.904613,-0.343902,-2.807637,1.757559,0.178980
0.765760,-0.451341,-0.293108,-1.921589,0.136399,-0.162205,0.147676,-2.166981,-0.225160,-1.546123,1.995526,0.066723
0.756354,-3.156879,-0.793189,-1.154957,0.157869,-0.130309,-0.287645,-2.705538,-0.500081,0.766632,3.453833,0.124643
0.727185,-3.292262,-1.562608,-0.374531,0.097647,0.093180,-0.541090,-0.135383,-0.769419,0.780426,3.663469,0.310996
0.688690,-1.807221,-1.654205,-0.357895,0.031418,0.209275,-0.556539,1.485041,-0.091597,0.016636,2.475991,0.354519
0.659615,-0.165564,-0.269322,-0.738202,0.034927,0.144762,-0.413037,1.641657,1.384883,-0.380307,0.803049,0.192775
0.638916,1.421908,1.562187,-1.310620,0.129073,0.133421,-0.167934,1.587472,1.831509,-0.572418,2.485956,0.062663
0.618521,1.842820,1.950129,-0.881679,0.202411,0.161601,0.018907,0.420912,0.387942,0.428941,2.824243,0.067443
0.604677,0.691935,1.109898,1.439500,0.102649,0.008650,0.021785,-1.150885,-0.840231,2.321179,1.944944,0.011086
0.604636,-0.189794,0.856071,4.027578,-0.207133,-0.273672,-0.053357,-0.881729,-0.253827,2.588078,4.121925,0.120647
0.615970,0.136571,1.061636,3.863230,-0.501970,-0.354187,-0.046097,0.326365,0.205565,-0.164348,4.008774,0.379547
0.634798,0.669470,0.234911,0.427925,-0.485207,-0.104266,0.041621,0.532899,-0.826725,-3.435305,0.828549,0.248030
0.656177,0.845577,-0.911493,-2.345634,-0.255846,0.143386,0.096047,0.176107,-1.146404,-2.773559,2.654773,0.095242
0.673382,0.538180,-0.695816,-1.338489,-0.150472,0.048253,0.069442,-0.307397,0.215677,1.007145,1.601671,0.029792
0.683648,-0.537787,0.189277,0.861021,-0.196790,-0.309638,0.039180,-1.075967,0.885093,2.199510,1.032665,0.136137
0.687338,-1.640185,0.279720,1.359824,-0.231383,-0.736861,0.037215,-1.102398,0.090443,0.498803,2.148854,0.597887
0.687982,-1.451703,-0.140101,0.811784,-0.165106,-1.032743,0.007936,0.188482,-0.419821,-0.548040,1.669150,1.093881
0.693183,0.041223,-0.429148,-1.178511,0.071906,-0.776971,0.004153,1.492926,-0.289047,-1.990295,1.254893,0.608872
0.702946,1.015452,-0.685730,-4.085990,0.288197,0.013056,0.064918,0.974229,-0.256582,-2.907479,4.265757,0.087442
0.707692,-0.181202,-0.703099,-3.012104,0.144723,0.577266,0.040147,-1.196654,-0.017369,1.073886,3.098379,0.355793
0.706873,-1.683011,-0.154777,1.728759,-0.120017,0.636037,-0.070483,-1.501809,0.548322,4.740863,2.417662,0.423915
0.709371,-0.530047,0.511658,2.687951,-0.080951,0.610235,-0.072506,1.152964,0.666435,0.959192,2.787082,0.384197
0.716062,1.186174,0.678719,-0.225152,-0.029317,0.407910,-0.002425,1.716221,0.167061,-2.913103,1.385049,0.167256
0.724725,0.564784,0.392413,-0.620857,-0.222970,-0.198006,0.067004,-0.621390,-0.286306,-0.395705,0.926516,0.093412
0.736567,0.608678,0.135318,-0.033853,-0.162919,-0.628956,0.286688,0.043894,-0.257095,0.587004,0.624456,0.504318
0.741353,2.530221,0.021841,-2.712008,0.305944,-0.493987,0.514306,1.921543,-0.113477,-2.678155,3.709108,0.602136
0.726186,1.295592,-0.494750,-4.477484,0.540766,-0.203056,0.329566,-1.234629,-0.516591,-1.765476,4.687345,0.442273
0.699141,-2.932290,-1.502864,-1.613803,0.288252,0.027689,-0.170313,-4.227882,-1.008114,2.863681,3.668962,0.112862
0.670603,-3.677056,-1.978495,1.431016,-0.013195,0.272096,-0.484963,-0.744766,-0.475631,3.044819,4.413954,0.309399
0.637415,-0.973142,-1.383966,1.024709,-0.084663,0.336026,-0.482121,2.703914,0.594529,-0.406307,1.977978,0.352522
0.606337,0.168441,-0.375028,-0.709529,0.001402,0.185799,-0.338324,1.141583,1.008938,-1.734238,0.820030,0.148986
0.586686,0.118693,0.740204,-1.439504,0.154739,0.107760,-0.119342,-0.049748,1.115232,-0.729975,1.623010,0.049799
0.566469,1.218675,1.948627,-0.935753,0.299163,0.105054,0.110280,1.099982,1.208423,0.503751,2.481522,0.112697
0.538742,1.811671,2.378588,0.630473,0.323156,-0.059905,0.171942,0.592996,0.429961,1.566226,3.055704,0.137582
0.515302,0.661636,1.585077,2.688566,0.155909,-0.407515,0.014638,-1.150035,-0.793511,2.058093,3.190395,0.190590
0.494764,-0.400226,0.602239,3.768853,-0.097697,-0.736180,-0.185841,-1.061862,-0.982838,1.080287,3.837594,0.586043
0.461338,-0.279692,0.216840,2.378784,-0.188814,-0.795146,-0.267762,0.120534,-0.385399,-1.390069,2.404966,0.739604
0.412603,0.206073,0.139763,-0.629970,-0.121058,-0.521468,-0.270096,0.485765,-0.077077,-3.008754,0.677394,0.359536
0.365622,0.415823,0.149027,-1.949673,-0.193902,-0.160753,-0.271462,0.209750,0.009264,-1.319703,1.999085,0.137131
0.344626,0.623041,0.125497,-0.930678,-0.372208,0.105627,-0.203225,0.207218,-0.023530,1.018995,1.126983,0.190996
0.362563,0.955519,-0.259776,-0.657999,-0.318748,0.299197,-0.041208,0.332478,-0.385273,0.272679,1.188891,0.192817
0.416781,0.721811,-0.665459,-1.265908,-0.149385,0.286254,0.074403,-0.233708,-0.405683,-0.607909,1.601989,0.109793
0.497710,0.049830,-0.434110,-0.300258,-0.175576,-0.016772,0.147084,-0.671981,0.231349,0.965650,0.530179,0.052742
0.580354,0.271595,0.009565,0.600031,-0.212042,-0.268641,0.300185,0.221765,0.443675,0.900289,0.658705,0.207241
0.632835,0.921222,-0.064876,-0.538636,-0.077891,-0.213728,0.395187,0.649627,-0.074441,-1.138667,1.069106,0.207919
0.655559,0.502305,-0.312435,-1.032664,-0.007233,-0.028615,0.310125,-0.418917,-0.247559,-0.494028,1.190093,0.097049
0.671788,-0.075778,-0.195008,-0.004759,-0.024484,0.146050,0.257767,-0.578083,0.117427,1.027905,0.209268,0.088374
0.682690,-0.313396,-0.022827,-0.087434,0.076473,0.327900,0.213096,-0.237618,0.172181,-0.082675,0.326164,0.158776
0.678488,-1.784183,-0.264458,-0.981827,0.189370,0.481924,-0.125873,-1.470787,-0.241631,-0.894393,2.053590,0.283956
0.671039,-3.092423,-0.713868,-1.157080,0.180800,0.618694,-0.495165,-1.308240,-0.449410,-0.175253,3.378094,0.660659
0.676217,-1.602727,-0.724920,-1.161810,0.162662,0.690153,-0.383075,1.489696,-0.011052,-0.004730,2.108090,0.649517
0.688286,0.474049,-0.110432,-0.222389,0.109161,0.484721,0.004819,2.076776,0.614488,0.939421,0.535140,0.246894
0.694994,0.632226,0.544294,2.213261,-0.074475,0.052849,0.221794,0.158177,0.654726,2.435650,2.365267,0.057532
0.700098,0.607545,0.735988,3.290820,-0.235045,-0.242730,0.309638,-0.024681,0.191694,1.077559,3.426410,0.210040
0.714000,1.094015,0.547135,1.876488,-0.255464,-0.248701,0.376777,0.486470,-0.188853,-1.414332,2.239963,0.269075
0.731641,0.893181,0.180599,0.318391,-0.220700,-0.061875,0.355292,-0.200834,-0.366536,-1.558097,0.965278,0.178769
0.738457,0.659901,-0.184774,-0.794302,-0.126926,0.226176,0.265006,-0.233280,-0.365373,-1.112693,1.049060,0.137494
0.733964,0.321631,-0.356904,-2.167657,0.073258,0.459287,0.087472,-0.338270,-0.172130,-1.373355,2.220262,0.223963
0.730149,-1.209935,-0.361597,-2.542388,0.217328,0.458405,-0.187764,-1.531566,-0.004693,-0.374731,2.838738,0.292622
0.732021,-1.877352,-0.260358,-0.977489,0.142279,0.241333,-0.281587,-0.667417,0.101239,1.564899,2.132539,0.157776
0.736449,-0.090029,-0.038730,1.048691,-0.007376,-0.025663,-0.051911,1.787323,0.221628,2.026180,1.053261,0.003408
0.742109,1.361873,0.118978,1.471934,0.004905,-0.167048,0.179437,1.451902,0.157708,0.423243,2.008841,0.060127
0.748282,0.964786,0.078058,-0.002404,0.120803,-0.080900,0.220093,-0.397087,-0.040920,-1.474338,0.967942,0.069579
0.751614,0.545909,-0.030736,-1.208680,0.104580,0.128283,0.202212,-0.418877,-0.108794,-1.206276,1.326600,0.068283
0.750760,0.217835,-0.174562,-0.474206,-0.035236,0.278181,0.096383,-0.328074,-0.143826,0.734474,0.550268,0.087916
0.747031,-0.577414,-0.263715,0.414454,-0.063355,0.396911,-0.121485,-0.795249,-0.089153,0.888660,0.758106,0.176311
0.739026,-0.150391,0.048512,-0.059626,0.035998,0.514773,-0.167585,0.427023,0.312227,-0.474080,0.168897,0.294372
0.725480,1.042641,0.603772,0.375303,-0.000860,0.380099,-0.006794,1.193032,0.555260,0.434929,1.261940,0.144522
0.711390,-0.002792,0.707334,2.548099,-0.211879,-0.108308,0.016917,-1.045433,0.103562,2.172796,2.644454,0.056910
0.703054,-2.006714,0.336386,2.798046,-0.274089,-0.568336,-0.068424,-2.003922,-0.370948,0.249947,3.459641,0.402812
0.703322,-1.250952,0.068430,-0.044418,-0.065645,-0.684873,0.046999,0.755762,-0.267956,-2.842464,1.253609,0.475569
0.714257,0.913483,-0.081066,-1.950094,0.129399,-0.582787,0.225256,2.164435,-0.149496,-1.905676,2.154969,0.407125
0.733264,1.204523,-0.359994,-1.082437,0.128639,-0.412185,0.209664,0.291040,-0.278928,0.867657,1.658958,0.230403
0.751251,0.322788,-0.515635,-0.055404,0.045944,-0.137609,0.176708,-0.881735,-0.155641,1.027033,0.610853,0.052273
0.764070,-0.154782,-0.414587,-0.198684,-0.022144,0.199676,0.257843,-0.477570,0.101048,-0.143280,0.485093,0.106844
0.773530,-0.484333,-0.337790,-0.622031,-0.039949,0.443460,0.247298,-0.329551,0.076797,-0.423347,0.857673,0.259409
0.776266,-0.797457,-0.197883,-1.061193,0.061311,0.479554,0.078895,-0.313124,0.139907,-0.439162,1.342098,0.239955
0.770074,-1.207728,0.224377,-0.874890,0.186737,0.293417,-0.087799,-0.410271,0.422260,0.186303,1.508106,0.128673
0.763615,-1.647985,0.486870,0.827627,0.114958,0.029281,-0.151359,-0.440257,0.262493,1.702517,1.907318,0.036982
0.762687,-0.734624,0.258206,2.265835,-0.073990,-0.080987,-0.053404,0.913361,-0.228664,1.438208,2.395903,0.014885
0.761448,1.395180,0.077672,1.082303,-0.045782,0.032328,0.176990,2.129804,-0.180534,-1.183532,1.767467,0.034467
0.756159,2.164945,0.264546,-1.244865,0.219133,0.239258,0.332961,0.769765,0.186874,-2.327168,2.511306,0.216127
0.748812,1.148937,0.298290,-1.574264,0.391780,0.419885,0.325706,-1.016008,0.033744,-0.329399,1.971634,0.435879
0.739681,0.504766,-0.051604,-0.045124,0.333761,0.556230,0.313582,-0.644171,-0.349894,1.529140,0.509400,0.519122
0.733517,0.646619,-0.334178,0.739613,0.194608,0.635252,0.329370,0.141853,-0.282574,0.784737,1.037699,0.549902
0.739117,0.292906,-0.346446,0.100499,0.066526,0.590946,0.195151,-0.353713,-0.012268,-0.639114,0.464671,0.391727
0.753354,-0.647276,-0.297829,-0.283718,-0.062658,0.418502,-0.097820,-0.940182,0.048617,-0.384217,0.766919,0.188639
0.766048,-1.136211,-0.210543,0.191569,-0.158254,0.252766,-0.309620,-0.488935,0.087286,0.475287,1.171325,0.184800
0.775656,-0.542514,0.051300,0.416539,-0.181934,0.177710,-0.277013,0.593697,0.261843,0.224970,0.685899,0.141417
0.779091,0.421339,0.373640,0.338914,-0.181825,0.063017,-0.116108,0.963853,0.322340,-0.077625,0.657264,0.050513
0.767143,0.126205,0.449276,0.925848,-0.236624,-0.216336,-0.071296,-0.295134,0.075636,0.586934,1.036808,0.107875
0.747193,-1.294943,0.226921,1.424046,-0.295655,-0.515750,-0.146183,-1.421148,-0.222355,0.498198,1.938112,0.374779
0.739817,-1.308694,0.039913,0.221104,-0.186671,-0.584850,-0.075288,-0.013751,-0.187008,-1.202942,1.327840,0.382564
0.746452,0.629793,0.066883,-1.668984,0.068765,-0.412053,0.162050,1.938487,0.026970,-1.890088,1.785111,0.200777
0.752970,1.668544,0.067503,-1.616278,0.201505,-0.197278,0.260117,1.038751,0.000620,0.052706,2.323994,0.147184
0.757437,0.871204,-0.038104,0.126981,0.134567,-0.033505,0.177133,-0.797340,-0.105607,1.743259,0.881234,0.050607
0.764959,0.464800,-0.058118,0.800080,0.073744,0.163433,0.128423,-0.406404,-0.020014,0.673099,0.927116,0.048641
0.771596,0.747133,-0.110327,-0.188852,0.098361,0.416806,0.061015,0.282333,-0.052209,-0.988932,0.778489,0.187125
0.773778,0.137198,-0.303568,-0.931064,0.102735,0.547795,-0.131696,-0.609935,-0.193241,-0.742212,0.988867,0.327978
0.775530,-0.780105,-0.191302,-0.386161,0.046766,0.336902,-0.227514,-0.917303,0.112266,0.544903,0.891224,0.167453
0.778260,-0.762442,0.374348,1.006333,-0.044042,-0.146162,-0.088175,0.017663,0.565650,1.392494,1.316875,0.031078
0.779941,-0.367554,0.690595,2.108235,-0.133020,-0.480314,0.081386,0.394888,0.316247,1.101902,2.248705,0.255020
0.783504,0.167483,0.377446,1.575359,-0.141209,-0.368322,0.173182,0.535037,-0.313149,-0.532876,1.628580,0.185593
0.792957,1.302280,-0.021105,-0.161067,-0.055291,-0.002504,0.277651,1.134797,-0.398551,-1.736426,1.312372,0.080153
0.804998,2.013730,-0.111002,-1.113634,0.025680,0.316075,0.336151,0.711450,-0.089897,-0.952567,2.303825,0.213560
0.811602,1.445879,-0.147030,-1.048013,0.061732,0.580029,0.261346,-0.567851,-0.036028,0.065621,1.791791,0.408546
0.806895,0.918218,-0.206945,-0.997637,0.102433,0.752905,0.189853,-0.527661,-0.059915,0.050376,1.371579,0.613403
0.790584,0.646724,0.014025,-0.505598,0.135642,0.544579,0.164282,-0.271494,0.220970,0.492039,0.821023,0.341954
0.769690,-1.250246,0.387889,0.646458,0.114746,-0.045553,0.026064,-1.896970,0.373864,1.152056,1.459959,0.015921
0.756462,-3.505392,0.369171,0.993285,0.052829,-0.521205,-0.120611,-2.255146,-0.018718,0.346827,3.662059,0.288993
0.759409,-2.536116,0.013342,0.566338,-0.048675,-0.658675,-0.014478,0.969276,-0.355829,-0.426947,2.598615,0.436432
0.774232,0.131068,0.004110,0.936120,-0.155762,-0.802437,0.220610,2.667184,-0.009232,0.369782,0.945260,0.716836
0.788318,0.458280,0.431895,1.168480,-0.098038,-1.038939,0.321126,0.327212,0.427785,0.232360,1.327366,1.192128
0.796687,-0.218057,0.541370,-0.346142,0.143935,-0.968165,0.319661,-0.676337,0.109475,-1.514622,0.678561,1.060244
0.802649,0.722962,0.159180,-1.190039,0.247830,-0.574014,0.304944,0.941019,-0.382190,-0.843897,1.401501,0.483903
0.802487,1.540503,0.119964,0.922763,0.077929,-0.290425,0.275285,0.817541,-0.039216,2.112802,1.799731,0.166201
0.789988,1.099035,0.511705,2.493398,-0.022055,-0.155933,0.232527,-0.441468,0.391741,1.570635,2.772500,0.078870
0.768740,0.413707,0.365631,0.635952,0.074900,0.024895,0.007320,-0.685328,-0.146074,-1.857446,0.842184,0.006283
0.737424,-1.554296,-0.382589,-0.726008,0.018298,0.086660,-0.547562,-1.968003,-0.748220,-1.361960,1.757640,0.307669
0.688680,-4.361952,-1.181172,0.411060,-0.144796,0.057441,-1.070211,-2.807656,-0.798583,1.137068,4.537705,1.169617
0.638046,-3.741151,-2.155446,-0.819571,0.059599,0.348513,-1.099488,0.620801,-0.974274,-1.230631,4.394753,1.333887
0.611677,0.353084,-2.447040,-4.159421,0.403000,0.736676,-0.759352,4.094235,-0.291594,-3.339850,4.838745,1.281716
0.605890,2.575576,-0.622392,-2.615381,0.242976,0.570632,-0.423549,2.222492,1.824648,1.544040,3.723061,0.564052
0.602756,1.654452,1.733930,2.025100,-0.142057,0.091297,-0.180022,-0.921124,2.356322,4.640481,3.137635,0.060923
0.603481,1.051920,1.927258,1.771504,-0.080009,-0.017558,-0.002352,-0.602532,0.193328,-0.253596,2.821185,0.006715
0.609902,1.417500,0.754397,-0.947159,0.152549,0.094262,0.055383,0.365580,-1.172861,-2.718663,1.864278,0.035224
0.609797,0.810948,0.346589,0.555470,-0.060007,-0.009978,-0.011364,-0.606552,-0.407808,1.502629,1.042261,0.003830
0.607363,-0.292877,0.628453,3.161577,-0.465360,-0.097656,-0.101686,-1.103825,0.281864,2.606107,3.236711,0.236437
0.625394,-0.084683,0.784746,1.986500,-0.471878,0.119759,-0.088170,0.208194,0.156293,-1.175077,2.137564,0.244785
0.659851,0.843498,0.653309,0.049761,-0.194558,0.308843,0.040454,0.928181,-0.131437,-1.936739,1.068072,0.134873
0.680606,0.642972,0.271153,0.685613,-0.107559,0.098251,0.137516,-0.200526,-0.382156,0.635852,0.978265,0.040133
0.685620,-0.480857,0.019660,1.766119,-0.192587,-0.378042,0.152060,-1.123829,-0.251493,1.080506,1.830515,0.203128
0.701277,-1.029474,0.095360,1.081699,-0.127285,-0.786624,0.231984,-0.548617,0.075700,-0.684420,1.496323,0.688795
0.732200,-0.839509,-0.049637,-0.596243,0.093316,-0.860293,0.398506,0.189965,-0.144997,-1.677942,1.030895,0.907619
0.761797,-0.560025,-0.603858,-1.959500,0.206839,-0.465169,0.439526,0.279484,-0.554221,-1.363257,2.125538,0.452348
0.785727,-0.380980,-1.009679,-2.008390,0.079047,0.126638,0.247443,0.179045,-0.405821,-0.048890,2.279962,0.083514
0.805583,-0.374771,-0.952927,-0.513388,-0.146021,0.450473,-0.031807,0.006209,0.056752,1.495002,1.145465,0.225260
0.815031,-0.301463,-0.549469,0.708382,-0.221023,0.528870,-0.242944,0.073308,0.403458,1.221770,0.945834,0.387576
0.811655,0.160386,0.014242,0.348421,-0.120086,0.668809,-0.373358,0.461849,0.563711,-0.359961,0.383828,0.601122
0.798011,0.528811,0.513188,0.002221,-0.036344,0.752233,-0.389268,0.368425,0.498946,-0.346200,0.736891,0.718705
0.773714,0.310382,0.770300,0.862035,-0.082174,0.478835,-0.247911,-0.218429,0.257112,0.859814,1.196998,0.297495
0.745160,-0.718378,0.674889,1.837661,-0.237080,-0.051359,-0.154259,-1.028760,-0.095411,0.975626,2.085315,0.082641
0.728738,-2.285269,0.258614,1.842259,-0.374221,-0.491165,-0.239444,-1.566891,-0.416275,0.004598,2.946736,0.438618
0.732562,-1.885676,-0.051801,0.239457,-0.236024,-0.613944,-0.122019,0.399593,-0.310415,-1.602802,1.901525,0.447523
0.746906,1.576993,0.125465,-2.257628,0.189029,-0.444369,0.390998,3.462669,0.177266,-2.497085,2.756725,0.386075
0.757883,3.421725,0.405105,-2.496060,0.456835,-0.222853,0.743631,1.844732,0.279640,-0.238432,4.254718,0.811349
0.762812,1.037388,0.180123,0.109010,0.317090,-0.086633,0.594374,-2.384337,-0.224982,2.605070,1.058537,0.461332
0.765876,-0.812579,-0.337204,1.508668,0.099410,0.103715,0.327893,-1.849967,-0.517327,1.399658,1.746445,0.128153
0.765936,-0.211026,-0.549352,0.179884,0.111032,0.441171,0.147438,0.601553,-0.212148,-1.328784,0.615368,0.228698
0.761568,-0.663455,-0.467433,-1.297287,0.247134,0.774067,-0.109426,-0.452429,0.081919,-1.477171,1.530235,0.672229
0.759632,-1.505073,-0.326638,-1.671953,0.304478,0.863551,-0.290753,-0.841618,0.140795,-0.374666,2.273184,0.922964
0.764455,-0.351416,0.010255,-0.550041,0.199552,0.567092,-0.156370,1.153657,0.336893,1.121912,0.652797,0.385866
0.770994,0.392516,0.458468,2.162687,-0.015960,0.065848,0.106036,0.743932,0.448213,2.712728,2.245323,0.015834
0.777886,-0.435014,0.509081,3.299888,-0.157724,-0.197811,0.230515,-0.827530,0.050613,1.137201,3.367144,0.117143
0.790265,-0.293849,0.112512,0.918481,-0.129340,-0.083053,0.239222,0.141165,-0.396569,-2.381407,0.970883,0.080854
0.806605,0.830124,-0.197123,-1.315737,-0.054114,0.114713,0.233126,1.123973,-0.309635,-2.234218,1.568160,0.070435
0.818810,0.846080,-0.200841,-0.858583,-0.033523,0.212946,0.193364,0.015956,-0.003718,0.457154,1.222028,0.083859
0.823648,-0.201684,-0.189773,-0.156326,-0.019946,0.292026,0.076989,-1.047764,0.011068,0.702257,0.318006,0.091604
0.824261,-0.843153,-0.228002,-0.645813,0.012837,0.333634,-0.035877,-0.641469,-0.038229,-0.489487,1.086263,0.112764
0.823299,-0.369259,0.024916,-0.528237,0.006070,0.231490,-0.033859,0.473894,0.252918,0.117576,0.644986,0.054771
0.818162,0.316315,0.525892,0.884611,-0.074219,0.050800,0.011955,0.685574,0.500976,1.412848,1.076640,0.008232
0.805230,-0.091884,0.654689,1.781708,-0.170972,-0.076344,-0.036934,-0.408199,0.128797,0.897097,1.900406,0.036424
0.788849,-0.879939,0.228961,0.827122,-0.180528,-0.134977,-0.126450,-0.788055,-0.425728,-0.954586,1.229165,0.066799
0.776775,-0.524106,-0.149734,-0.877444,-0.079319,-0.142171,-0.129462,0.355833,-0.378695,-1.704566,1.032964,0.043265
0.768676,0.332915,-0.118109,-1.380113,0.024536,-0.102541,-0.071034,0.857021,0.031625,-0.502669,1.424603,0.016163
0.762149,0.342734,0.026617,-0.496654,0.030677,-0.071679,-0.034254,0.009819,0.144726,0.883459,0.604020,0.007252
0.760782,0.006459,0.046412,0.381854,-0.031103,-0.085508,-0.020464,-0.336275,0.019795,0.878508,0.384718,0.008698
0.764057,0.143058,0.031224,0.481743,-0.064720,-0.095274,-0.001087,0.136599,-0.015188,0.099889,0.503505,0.013267
0.764671,0.278958,0.017793,0.072908,-0.012704,-0.050986,0.017198,0.135900,-0.013431,-0.408835,0.288877,0.003057
0.762976,0.043444,-0.032255,-0.502827,0.088970,0.005010,-0.000624,-0.235514,-0.050048,-0.575735,0.505730,0.007941
0.767187,-0.285675,-0.037570,-0.616470,0.106586,-0.062241,-0.060265,-0.329119,-0.005315,-0.113643,0.680483,0.018866
0.778811,-0.629719,0.052363,0.441575,-0.030937,-0.282443,-0.065832,-0.344044,0.089933,1.058045,0.770893,0.085065
0.791946,-0.496742,0.132012,1.633256,-0.160019,-0.401139,0.082988,0.132977,0.079649,1.191681,1.712222,0.193406
0.802494,0.634613,0.145098,0.993530,-0.083742,-0.215949,0.283604,1.131355,0.013086,-0.639726,1.187808,0.134078
0.809812,1.324036,0.133846,-0.801295,0.100998,0.045670,0.319883,0.689423,-0.011252,-1.794825,1.553403,0.114611
0.813924,0.188572,0.060127,-1.188727,0.163092,0.150638,0.190882,-1.135464,-0.073719,-0.387432,1.205092,0.085727
0.811558,-0.808268,-0.087299,-0.176510,0.123326,0.304960,0.123411,-0.996840,-0.147426,1.012217,0.831910,0.123440
0.796748,0.224752,-0.138848,0.095596,0.151626,0.640470,0.214140,1.033020,-0.051549,0.272106,0.280946,0.479048
0.773388,1.072483,-0.041478,-0.359802,0.199350,0.814325,0.262001,0.847731,0.097370,-0.455398,1.131988,0.771510
0.757585,-0.371229,-0.053443,0.023178,0.107128,0.635583,0.078243,-1.443712,-0.011965,0.382980,0.375772,0.421564
0.756765,-1.791634,-0.300047,0.436686,-0.008414,0.444273,-0.185758,-1.420405,-0.246604,0.413508,1.868335,0.231955
0.761489,-0.781598,-0.428691,-0.746947,0.081092,0.449162,-0.258658,1.010036,-0.128644,-1.183633,1.163014,0.275226
0.764009,0.766908,-0.075280,-1.654388,0.219826,0.344573,-0.153984,1.548506,0.353411,-0.907441,1.825052,0.190765
0.766598,0.611949,0.551620,0.197295,0.073719,-0.079570,-0.031958,-0.154959,0.626900,1.851683,0.847167,0.012787
0.770882,0.151692,0.893039,2.466302,-0.252018,-0.536702,0.100165,-0.460257,0.341419,2.269007,2.627389,0.361595
0.775995,0.723465,0.675002,1.632765,-0.378681,-0.700694,0.223067,0.571773,-0.218037,-0.833537,1.909175,0.684130
0.784330,0.759686,0.074342,-0.891189,-0.247140,-0.553797,0.223064,0.036221,-0.600660,-2.523954,1.173400,0.417527
0.797164,-0.310771,-0.533640,-1.897335,-0.063615,-0.191224,0.164260,-1.070457,-0.607982,-1.006146,1.995302,0.067595
0.809893,-0.716565,-0.794473,-1.412098,0.042935,0.229441,0.172576,-0.405794,-0.260833,0.485237,1.771630,0.084269
0.817946,-0.349811,-0.634877,-0.754847,0.034165,0.457491,0.116385,0.366754,0.159596,0.657251,1.046533,0.224011
0.822054,-0.811331,-0.388867,-0.137930,-0.041117,0.481642,-0.113801,-0.461520,0.246010,0.616917,0.910220,0.246620
0.824823,-1.691409,-0.239176,0.212206,-0.035063,0.538856,-0.293142,-0.880078,0.149691,0.350136,1.721366,0.377527
0.825373,-1.218356,0.148243,0.328406,0.042730,0.579271,-0.233958,0.473053,0.387419,0.116200,1.270519,0.392117
0.821116,0.084240,0.751212,1.294127,-0.041882,0.300702,-0.110727,1.302596,0.602969,0.965721,1.498726,0.104436
0.813427,-0.160503,0.858387,2.858448,-0.299928,-0.268868,-0.139697,-0.244743,0.107175,1.564321,2.988865,0.181762
0.804273,-1.875684,0.373821,2.565289,-0.367099,-0.788003,-0.240419,-1.715181,-0.484566,-0.293159,3.199788,0.813512
0.791687,-1.988317,0.065709,-0.024924,-0.085669,-1.023286,-0.199456,-0.112633,-0.308112,-2.590213,1.989559,1.094236
0.779177,0.314078,0.114537,-1.668400,0.207344,-0.923303,0.006341,2.302395,0.048828,-1.643476,1.701565,0.895520
0.778318,1.827642,-0.003282,-0.692216,0.224780,-0.595559,0.191686,1.513564,-0.117819,0.976184,1.954341,0.441960
0.791221,1.038921,-0.305014,0.390254,0.098193,-0.268688,0.242347,-0.788721,-0.301732,1.082470,1.150951,0.140567
0.805747,0.612398,-0.343279,-0.264915,0.069621,0.009212,0.277681,-0.426523,-0.038265,-0.655169,0.750368,0.082039
0.812967,1.790953,-0.091000,-1.144539,0.172422,0.388525,0.391950,1.178555,0.252279,-0.879624,2.127384,0.334306
0.814347,1.910213,0.063758,-0.889388,0.237658,0.783194,0.391657,0.119260,0.154758,0.255151,2.108077,0.823269
0.814164,-0.053158,-0.086263,-0.371555,0.135800,0.920434,0.116690,-1.963371,-0.150021,0.517833,0.385124,0.879257
0.816422,-1.293132,-0.370567,-0.651836,0.006941,0.820241,-0.195251,-1.239974,-0.284304,-0.280281,1.494791,0.710966
0.823427,-0.779633,-0.550953,-1.184940,0.010589,0.669213,-0.310701,0.513499,-0.180386,-0.533104,1.521663,0.544493
0.831801,-0.756594,-0.541245,-0.771227,0.011797,0.487764,-0.380100,0.023039,0.009708,0.413713,1.208376,0.382529
0.834935,-1.103229,-0.215789,0.185275,-0.084052,0.332416,-0.483412,-0.346635,0.325456,0.956502,1.139301,0.351252
0.829734,0.272723,0.435514,0.437514,-0.148260,0.240171,-0.443274,1.375952,0.651303,0.252239,0.674884,0.276155
0.819018,1.414053,0.861599,0.946316,-0.234759,-0.085497,-0.313371,1.141330,0.426085,0.508802,1.907200,0.160623
0.809397,-0.170906,0.720716,2.687486,-0.413964,-0.728054,-0.202439,-1.584959,-0.140883,1.741170,2.787691,0.742410
0.806029,-1.124891,0.649995,2.696709,-0.342720,-1.117765,0.135516,-0.953985,-0.070721,0.009223,2.993345,1.385220
0.808855,0.732957,0.778656,-0.899197,0.123369,-0.919024,0.646094,1.857848,0.128661,-3.595906,1.397171,1.277262
0.815874,0.946083,0.121938,-3.617173,0.440260,-0.544350,0.730785,0.213126,-0.656718,-2.717976,3.740840,1.024193
0.826172,-1.642770,-1.067399,-1.810733,0.249353,-0.281648,0.316752,-2.588853,-1.189337,1.806440,2.667731,0.241834
0.836992,-1.914119,-1.222665,0.855183,-0.043953,0.068302,-0.002793,-0.271349,-0.155266,2.665916,2.426953,0.006605
0.844515,0.474906,-0.391370,0.378238,-0.061271,0.466218,-0.053828,2.389025,0.831295,-0.476945,0.722337,0.224011
0.848162,1.014476,0.102679,-1.043725,0.003950,0.550997,-0.103339,0.539570,0.494049,-1.421963,1.459132,0.314292
0.846826,-0.085186,0.191502,-0.300437,-0.045533,0.340540,-0.138434,-1.099662,0.088823,0.743288,0.366322,0.137205
0.836742,-0.251038,0.403756,1.131782,-0.060350,0.156424,-0.089006,-0.165852,0.212254,1.432219,1.227587,0.036033
0.821043,-0.802015,0.449328,1.197935,-0.004909,-0.026820,-0.139766,-0.550977,0.045572,0.066153,1.510024,0.020278
0.809910,-2.168518,0.208307,1.038508,-0.044878,-0.341550,-0.214253,-1.366503,-0.241021,-0.159427,2.413371,0.164575
0.805781,-0.879025,0.179605,1.127510,-0.086638,-0.513817,0.032323,1.289493,-0.028702,0.089002,1.440910,0.272559
0.803099,2.507133,0.335732,0.127527,0.031368,-0.361749,0.411420,3.386158,0.156127,-0.999983,2.532725,0.301113
0.802242,2.499308,0.169142,-0.764224,0.112903,-0.157100,0.415328,-0.007825,-0.166590,-0.891751,2.619005,0.209925
0.807309,-0.209511,-0.161683,0.074752,0.040921,-0.006128,0.214347,-2.708819,-0.330825,0.838976,0.274998,0.047657
0.814487,0.074947,-0.149994,0.439795,0.053440,0.260895,0.232535,0.284458,0.011689,0.365043,0.470675,0.124995
0.816645,1.402953,-0.140917,-1.015224,0.200825,0.550868,0.178150,1.328006,0.009077,-1.455019,1.737474,0.375524
0.813853,-0.988003,-0.619147,-1.972314,0.299335,0.667146,-0.232616,-2.390956,-0.478230,-0.957090,2.291182,0.588795
0.810980,-2.825981,-0.799221,-1.502896,0.337515,0.625626,-0.478519,-1.837978,-0.180074,0.469418,3.299033,0.734305
0.810931,0.022892,0.082471,-0.338626,0.287258,0.406994,-0.209362,2.848873,0.881692,1.164270,0.349275,0.291994
0.813560,2.258214,1.049991,1.829791,0.028959,0.013224,0.133416,2.235322,0.967520,2.168417,3.090331,0.018813
0.816745,0.554961,0.984892,3.592071,-0.260531,-0.271695,0.231659,-1.703253,-0.065099,1.762280,3.765763,0.195360
0.818944,-0.486950,0.384257,2.337755,-0.296062,-0.231718,0.279955,-1.041911,-0.600635,-1.254316,2.418651,0.219721
0.821303,1.100214,0.035934,-0.623838,-0.126703,-0.016605,0.350553,1.587164,-0.348323,-2.961593,1.265281,0.139217
0.823980,1.319628,-0.249449,-2.037081,0.071948,0.188707,0.251340,0.219414,-0.285383,-1.413243,2.439947,0.103959
0.824240,-1.437591,-0.722491,-1.849701,0.248035,0.370676,-0.032689,-2.757219,-0.473042,0.187380,2.451541,0.199991
0.822353,-3.359203,-0.926428,-1.451882,0.315911,0.459959,-0.246026,-1.921612,-0.203937,0.397819,3.774980,0.371891
0.822473,-1.501540,-0.405593,-0.618277,0.190427,0.310093,-0.197946,1.857663,0.520835,0.833605,1.673737,0.171603
0.825223,1.639518,0.453820,0.656825,0.002466,-0.001583,0.029079,3.141058,0.859413,1.275102,1.823565,0.000854
0.827490,2.363936,0.842757,1.269352,-0.090523,-0.214236,0.239986,0.724418,0.388937,0.612527,2.812417,0.111685
0.828902,1.137041,0.615102,1.389824,-0.177261,-0.264511,0.331017,-1.226895,-0.227655,0.120472,1.898110,0.210960
0.831007,0.426181,0.265847,1.541529,-0.300932,-0.231448,0.305998,-0.710860,-0.349255,0.151705,1.621301,0.237763
0.833098,0.598286,0.032328,0.162359,-0.220043,-0.050254,0.226106,0.172105,-0.233519,-1.379170,0.620767,0.102068
0.834165,0.474777,-0.206793,-2.731316,0.095616,0.260463,0.115863,-0.123509,-0.239121,-2.893675,2.779975,0.090408
0.835004,-0.621781,-0.467160,-3.205597,0.251552,0.448241,-0.069198,-1.096558,-0.260367,-0.474281,3.298591,0.268987
0.836166,-1.994549,-0.617339,-0.413846,0.127667,0.458156,-0.274984,-1.372768,-0.150179,2.791751,2.128521,0.301822
0.837447,-1.963168,-0.473582,0.836499,0.091823,0.475393,-0.328861,0.031381,0.143757,1.250345,2.185873,0.342580
0.838949,-0.286066,0.049378,-0.645819,0.227791,0.443360,-0.210524,1.677102,0.522960,-1.482318,0.708064,0.292777
0.840104,0.904923,0.618596,-0.154022,0.171537,0.187613,-0.086834,1.190989,0.569218,0.491797,1.106919,0.072164
0.839660,0.530926,0.765121,2.651523,-0.114379,-0.117590,-0.020853,-0.373997,0.146525,2.805545,2.810314,0.027345
0.837611,0.152889,0.581668,2.750163,-0.246100,-0.244168,0.068296,-0.378037,-0.183453,0.098640,2.815157,0.124848
0.834869,0.295516,0.466211,0.333348,-0.161815,-0.387652,0.146878,0.142627,-0.115457,-2.416815,0.644828,0.198031
0.831780,-0.429413,0.355376,-0.069999,-0.143370,-0.749139,0.090094,-0.724929,-0.110835,-0.403347,0.561772,0.589881
0.829125,-1.297912,0.014077,0.497931,-0.153835,-0.976666,-0.015593,-0.868499,-0.341299,0.567930,1.390219,0.977785
0.829081,-0.140928,-0.350139,-1.375435,0.042879,-0.638418,0.033061,1.156984,-0.364216,-1.873366,1.426282,0.410509
0.833116,1.910941,-0.513186,-3.239014,0.293520,0.062795,0.159316,2.051869,-0.163047,-1.863579,3.795559,0.115479
0.839327,1.958403,-0.588145,-2.075313,0.322455,0.606606,0.137931,0.047462,-0.074959,1.163701,2.913448,0.490973
0.843533,0.145376,-0.490304,-0.075317,0.223121,0.796880,0.007821,-1.813027,0.097841,1.999996,0.516919,0.684862
0.843973,-1.269327,-0.003149,1.059033,0.128711,0.657534,-0.081374,-1.414703,0.487155,1.134350,1.653104,0.455539
0.842993,-1.300438,0.544836,2.281263,-0.049550,0.213774,-0.131531,-0.031111,0.547985,1.222230,2.681818,0.065455
0.842885,-0.660637,0.660493,2.732849,-0.246793,-0.314506,-0.106915,0.639801,0.115657,0.451586,2.888106,0.171252
0.843410,-0.485729,0.384811,1.424019,-0.243837,-0.564149,0.058206,0.174908,-0.275682,-1.308830,1.553011,0.381109
0.844472,-0.714458,-0.033017,-0.017134,-0.083979,-0.402058,0.228621,-0.228729,-0.417828,-1.441153,0.715426,0.220971
0.847110,-0.083990,-0.422488,-0.730812,0.022019,-0.030406,0.272141,0.630468,-0.389471,-0.713678,0.848314,0.075470
0.850665,1.046274,-0.553633,-1.175196,0.018065,0.246204,0.214512,1.130264,-0.131145,-0.444384,1.668018,0.106958
0.852390,0.580498,-0.451474,-0.759903,-0.034998,0.349108,0.021386,-0.465776,0.102159,0.415293,1.057478,0.123559
0.851856,-0.921982,-0.370878,0.024939,-0.051112,0.465987,-0.253757,-1.502480,0.080596,0.784842,0.994094,0.284149
0.852048,-0.519828,-0.145679,-0.386748,0.007559,0.611850,-0.300148,0.402154,0.225199,-0.411687,0.664092,0.464506
0.852116,1.138413,0.458537,-0.346654,-0.012554,0.459678,-0.088261,1.658241,0.604216,0.040094,1.275308,0.219251
0.845772,0.542448,0.931555,2.083598,-0.233650,-0.110135,-0.030209,-0.595965,0.473018,2.430252,2.345938,0.067635
0.833377,-1.552898,0.733261,3.403817,-0.398445,-0.702133,-0.198886,-2.095346,-0.198294,1.320219,3.812497,0.691305
0.825035,-1.172855,0.253568,0.382341,-0.218453,-0.897289,-0.189306,0.380043,-0.479693,-3.021476,1.259393,0.888686
0.825376,1.223147,0.073249,-2.985875,0.105077,-0.719922,0.067660,2.396002,-0.180319,-3.368216,3.227523,0.533907
0.828709,1.682069,0.077339,-2.271815,0.207498,-0.478779,0.220991,0.458922,0.004090,0.714060,2.827805,0.321122
0.831836,0.059547,-0.047767,0.108027,0.110161,-0.346009,0.187937,-1.622522,-0.125106,2.379842,0.132278,0.167178
0.836740,-0.292395,-0.184895,0.567919,0.040127,-0.217145,0.200509,-0.351942,-0.137128,0.459892,0.664991,0.088966
0.841707,1.340715,-0.074105,0.012918,0.044277,0.045558,0.316102,1.633110,0.110790,-0.555001,1.342824,0.103956
0.843236,2.123462,0.111055,-0.013544,0.044152,0.374056,0.345214,0.782747,0.185160,-0.026462,2.126407,0.261040
0.843346,0.338624,-0.068939,-0.176012,0.013421,0.592203,0.166002,-1.784838,-0.179994,-0.162468,0.387813,0.378441
0.845777,-1.922925,-0.516787,-0.704491,-0.017888,0.646633,-0.106181,-2.261549,-0.447848,-0.528479,2.112112,0.429729
0.849782,-2.048372,-0.699211,-0.852175,-0.012901,0.640281,-0.292903,-0.125447,-0.182424,-0.147684,2.326140,0.495918
0.852990,-0.813696,-0.539454,-0.746057,0.036758,0.675209,-0.348848,1.234676,0.159757,0.106118,1.228704,0.578953
0.855325,0.054366,-0.175181,-0.552899,0.062233,0.660445,-0.271390,0.868062,0.364273,0.193158,0.582530,0.513713
0.856790,0.810289,0.535077,0.723959,-0.069325,0.322417,-0.088312,0.755923,0.710258,1.276858,1.211195,0.116558
0.855699,0.824057,1.176791,3.117575,-0.357861,-0.388944,0.003617,0.013768,0.641714,2.393616,3.432664,0.279355
0.852131,-1.021524,0.910688,4.083348,-0.530901,-1.004531,-0.062286,-1.845581,-0.266103,0.965773,4.306576,1.294818
0.849322,-1.731000,0.151915,1.677258,-0.334947,-1.040099,0.056975,-0.709476,-0.758773,-2.406090,2.415085,1.197242
0.849266,1.393693,0.001558,-2.134331,0.117733,-0.657429,0.518534,3.124693,-0.150357,-3.811589,2.549069,0.714951
0.851375,4.111616,0.119750,-4.063448,0.513723,-0.360713,0.839968,2.717923,0.118192,-1.929117,5.781984,1.099571
0.854232,2.119507,-0.279677,-3.440335,0.659175,-0.272138,0.632498,-1.992109,-0.399427,0.623113,4.050486,0.908624
0.853128,-1.437797,-0.549442,-1.328431,0.527654,-0.201127,0.182759,-3.557304,-0.269765,2.111904,2.033193,0.352272
0.843288,-2.587939,-0.312161,1.198757,0.298776,-0.134059,-0.157146,-1.150142,0.237281,2.527188,2.869127,0.131934
0.828710,-2.388704,-0.561456,2.321173,0.310547,-0.166422,-0.434527,0.199235,-0.249295,1.122416,3.377719,0.312949
0.814382,-2.015576,-1.084261,0.861355,0.603306,-0.219808,-0.663784,0.373128,-0.522805,-1.459818,2.445424,0.852903
0.795821,-0.569039,-0.316169,-0.824735,0.745002,-0.219460,-0.668547,1.446537,0.768092,-1.686090,1.050693,1.050146
0.773561,1.059443,1.358240,0.338079,0.482026,-0.286239,-0.500128,1.628482,1.674409,1.162814,1.755430,0.564410
0.760221,1.068514,1.959215,2.807366,0.119238,-0.479281,-0.418595,0.009071,0.600975,2.469287,3.586300,0.419150
0.757764,0.236183,1.245871,2.927450,-0.044175,-0.638334,-0.458601,-0.832331,-0.713344,0.120084,3.190288,0.619737
0.753408,0.223188,0.591240,0.974953,-0.081043,-0.639601,-0.424709,-0.012995,-0.654631,-1.952497,1.161857,0.596035
0.744999,0.949524,0.598340,-0.418562,-0.122014,-0.528379,-0.240074,0.726336,0.007100,-1.393515,1.197832,0.351707
0.741693,1.411651,0.745638,-0.722188,-0.203444,-0.368163,-0.045941,0.462127,0.147298,-0.303626,1.752224,0.179044
0.741913,0.926065,0.375932,-0.779412,-0.309684,-0.197927,0.000056,-0.485586,-0.369706,-0.057224,1.267440,0.135079
0.737465,-0.260856,-0.568361,-1.094726,-0.294213,-0.089250,-0.092757,-1.186921,-0.944293,-0.315314,1.260756,0.103131
0.731849,-0.908629,-1.294740,-1.752478,-0.081221,-0.067236,-0.173108,-0.647773,-0.726379,-0.657752,2.360749,0.041084
0.733661,-0.321078,-1.048594,-1.915098,0.101238,-0.036584,-0.126618,0.587551,0.246146,-0.162620,2.206862,0.027620
0.741064,0.609939,-0.208894,-0.825461,0.053913,0.072410,-0.006166,0.931017,0.839700,1.089637,1.047401,0.008188
0.746993,0.637736,0.263019,0.557100,-0.088933,0.155092,0.046620,0.027797,0.471913,1.382561,0.886705,0.034136
0.750800,-0.172393,0.003196,0.889701,-0.113499,0.107481,0.003988,-0.810129,-0.259823,0.332601,0.906255,0.024450
0.754199,-0.556151,-0.542028,0.237018,-0.017712,0.022265,-0.033555,-0.383758,-0.545224,-0.652683,0.811958,0.001935
0.753473,-0.146041,-0.414495,-0.263612,-0.010508,-0.000916,-0.034840,0.410110,0.127533,-0.500630,0.512470,0.001325
0.745313,0.085900,0.813199,0.672231,-0.285891,0.025301,-0.037642,0.231941,1.227694,0.935843,1.058568,0.083791
0.734601,0.311507,1.812963,2.918757,-0.720054,0.160715,0.022525,0.225607,0.999764,2.246526,3.450074,0.544814
0.730852,1.236212,1.078569,3.920312,-0.957489,0.390078,0.186271,0.924705,-0.734394,1.001555,4.249750,1.103643
0.743400,1.447620,-0.473161,1.531676,-0.824574,0.441262,0.308653,0.211408,-1.551730,-2.388636,2.159981,0.969901
0.775807,0.223558,-1.040086,-2.371396,-0.422629,0.273595,0.318275,-1.224062,-0.566925,-3.903072,2.599091,0.354768
0.814484,-0.610135,-0.783262,-3.872096,0.015552,0.198362,0.318819,-0.833693,0.256824,-1.500700,3.997361,0.141235
0.837092,-1.186292,-0.655505,-2.278277,0.237196,0.162257,0.250816,-0.576157,0.127757,1.593819,2.650947,0.145498
0.840870,-2.822796,-0.502083,-0.574943,0.252528,-0.146450,-0.027419,-1.636504,0.153422,1.703334,2.924179,0.085970
0.839758,-3.299960,-0.101067,-0.531016,0.378898,-0.523505,-0.331223,-0.477164,0.401016,0.043927,3.343939,0.527330
0.836109,-1.324534,-0.116505,-0.670661,0.740150,-0.647049,-0.422970,1.975426,-0.015438,-0.139645,1.489211,1.145398
0.824518,-0.041111,-0.605726,0.265768,1.059890,-0.689501,-0.434789,1.283423,-0.489221,0.936429,0.662742,1.787820
0.807311,-0.422293,0.234507,1.927935,0.969940,-0.750247,-0.517557,-0.381182,0.840233,1.662167,1.987526,1.771519
0.781084,-0.211226,3.111268,4.245440,0.265426,-0.632512,-0.540539,0.211067,2.876761,2.317505,5.267672,0.762705
0.739624,0.584749,4.214978,5.713745,-0.750375,-0.380413,-0.402479,0.795975,1.103710,1.468305,7.124244,0.869766
0.703711,1.511199,0.443929,2.790902,-1.221499,-0.095782,-0.132285,0.926450,-3.771049,-2.922843,3.204673,1.518733
0.705435,3.039830,-3.777219,-3.212779,-0.753463,0.287834,0.236775,1.528631,-4.221148,-6.003681,5.816348,0.706617
0.742133,2.539843,-3.140931,-5.107287,-0.095902,0.499166,0.472996,-0.499987,0.636288,-1.894508,6.511577,0.482089
0.783444,-1.528674,-0.409589,-1.198591,-0.054954,0.193247,0.256282,-4.068517,2.731342,3.908696,1.985253,0.106045
0.809209,-4.203068,-0.326861,1.729775,-0.334627,-0.232049,-0.203599,-2.674394,0.082728,2.928366,4.556834,0.207275
0.818296,-2.654214,-1.731580,0.984817,-0.238273,-0.212033,-0.354555,1.548854,-1.404719,-0.744958,3.318597,0.227441
0.822560,-1.551707,-1.941991,1.321022,0.152634,-0.003642,-0.259015,1.102507,-0.210411,0.336205,2.815000,0.090399
0.831210,-2.547768,-1.442979,3.271875,0.414682,-0.081485,-0.416568,-0.996061,0.499012,1.950853,4.390726,0.352130
0.831034,-1.234162,-0.990808,2.524261,0.649599,-0.274045,-0.719840,1.313606,0.452171,-0.747614,2.979388,1.015249
0.815246,2.220760,0.215146,0.495695,0.932149,-0.289590,-0.702540,3.454922,1.205954,-2.028566,2.285558,1.446327
0.806276,3.177245,2.335144,1.012291,0.874341,-0.245140,-0.477220,0.956485,2.119998,0.516596,4.070936,1.052305
0.786592,1.860253,4.161557,1.570693,0.509124,-0.260350,-0.411887,-1.316992,1.826413,0.558402,4.821429,0.496640
0.686356,1.402631,4.775301,-0.371032,0.377503,-0.303626,-0.427648,-0.457622,0.613744,-1.941725,4.990845,0.417580
0.513224,1.443719,4.382078,-1.573736,0.430217,-0.432243,-0.297536,0.041088,-0.393223,-1.202704,4.874790,0.460448
0.372894,0.527843,3.664094,-0.464729,0.161422,-0.672938,-0.074134,-0.915876,-0.717984,1.109007,3.730975,0.484398
0.319430,-0.559733,2.812518,-0.669032,-0.226204,-0.886932,0.093945,-1.087576,-0.851576,-0.204303,2.944684,0.846642
0.311204,-0.791453,1.391997,-3.779937,-0.067857,-0.922822,0.177846,-0.231720,-1.420521,-3.110905,4.105116,0.887834
0.296328,-0.632125,-0.234237,-5.362727,0.411756,-0.773938,0.212302,0.159328,-1.626234,-1.582790,5.404932,0.813595
0.254321,-0.957183,-0.912498,-1.695630,0.268230,-0.624877,0.187473,-0.325058,-0.678261,3.667097,2.150352,0.497565
0.211173,-1.566949,-1.690945,2.387961,-0.422931,-0.614922,0.060934,-0.609766,-0.778447,4.083591,3.319184,0.560713
0.224850,-1.374993,-4.658080,-0.081297,-0.459405,-0.567950,-0.108150,0.191956,-2.967135,-2.469258,4.857461,0.545317
0.297105,-0.431602,-7.320349,-5.069210,0.372435,-0.316305,-0.201991,0.943391,-2.662269,-4.987913,8.914633,0.279557
0.360021,-0.286207,-5.162498,-3.519227,0.829453,-0.084996,-0.264080,0.145395,2.157851,1.549983,6.254459,0.764955
0.381495,-0.867069,0.208102,2.101252,0.346089,-0.114757,-0.345561,-0.580862,5.370600,5.620479,2.282625,0.252359
0.392393,-0.057974,3.346963,2.995360,-0.261068,-0.251822,-0.254545,0.809095,3.138861,0.894108,4.491960,0.196364
0.411655,1.641569,2.664752,-0.108365,-0.405823,-0.270742,0.037637,1.699543,-0.682211,-3.103725,3.131676,0.239410
0.425701,1.163665,0.138833,-1.100160,-0.318319,-0.227556,0.135301,-0.477904,-2.525919,-0.991795,1.607403,0.171415
0.424426,-0.940419,-1.822437,0.031617,-0.216235,-0.246430,-0.100381,-2.104084,-1.961270,1.131777,2.051015,0.117562
0.414776,-1.141526,-1.441345,0.382728,-0.134993,-0.264756,-0.264487,-0.201107,0.381092,0.351111,1.878041,0.158272
0.411154,0.355419,0.266315,0.096162,-0.162746,-0.176958,-0.168604,1.496945,1.707660,-0.286566,0.454416,0.086228
0.416121,0.662861,0.497161,-0.059837,-0.226996,-0.030980,-0.082492,0.307442,0.230846,-0.155999,0.830743,0.059292
0.414068,-0.054495,-0.524192,-0.289743,-0.146965,0.057297,-0.102394,-0.717356,-1.021353,-0.229906,0.601413,0.035366
0.399520,-0.016318,-0.287565,-0.038378,-0.051788,0.042858,-0.065314,0.038177,0.236627,0.251365,0.290573,0.008785
0.390745,0.392889,0.896695,0.779892,-0.211337,-0.031510,0.011371,0.409207,1.184260,0.818270,1.251661,0.045786
0.400383,0.566538,0.630390,0.541827,-0.475562,-0.016196,0.037168,0.173649,-0.266305,-0.238065,1.005949,0.227803
0.423509,1.002703,-0.871029,-0.912778,-0.471032,0.185515,0.095101,0.436165,-1.501419,-1.454605,1.611604,0.265331
0.461554,0.853719,-1.365729,-1.229234,-0.270863,0.333721,0.177895,-0.148984,-0.494700,-0.316456,2.026097,0.216383
0.524902,-0.371027,-0.649528,-0.174206,-0.188008,0.155110,0.185142,-1.224746,0.716201,1.055028,0.768046,0.093684
0.603781,-0.347229,-0.230506,-0.401745,-0.136550,-0.119748,0.267115,0.023798,0.419022,-0.227539,0.578878,0.104336
0.664769,0.944700,-0.345499,-1.746017,0.040749,-0.144733,0.487079,1.291929,-0.114993,-1.344272,2.015044,0.259854
0.691468,0.154756,-0.221958,-1.291657,0.115778,-0.038887,0.502255,-0.789944,0.123541,0.454360,1.319694,0.267177
0.703390,-1.469505,0.138016,0.448769,0.009681,0.034262,0.259196,-1.624261,0.359974,1.740426,1.542688,0.068450
0.717722,-0.219912,0.197962,0.829771,-0.029753,0.198203,0.158212,1.249593,0.059946,0.381002,0.880948,0.065201
0.725334,1.074207,-0.144694,0.334975,-0.056085,0.412852,0.170699,1.294119,-0.342656,-0.494796,1.134489,0.202730
0.719319,-0.927186,-0.485045,0.144301,-0.214946,0.495562,-0.029244,-2.001393,-0.340351,-0.190674,1.056298,0.292639
0.711123,-2.561931,-0.419143,-0.274220,-0.222157,0.500225,-0.239329,-1.634745,0.065902,-0.418521,2.610434,0.356857
0.711251,-1.606407,-0.041064,-0.078903,0.013895,0.437212,-0.160736,0.955524,0.378079,0.195317,1.608868,0.217183
0.719970,-1.069103,0.195458,1.389006,0.087475,0.176084,0.008517,0.537304,0.236522,1.467909,1.763667,0.038730
0.732559,-0.928748,0.087394,1.598282,-0.060058,-0.103356,0.086035,0.140355,-0.108064,0.209276,1.850599,0.021691
0.742370,1.067041,-0.130559,-0.346305,-0.073899,-0.119760,0.164633,1.995789,-0.217953,-1.944587,1.129402,0.046908
0.747761,2.790753,-0.179278,-1.349304,0.033606,0.010752,0.227030,1.723712,-0.048719,-1.002999,3.105006,0.052788
0.753798,1.744885,-0.130721,-0.426023,0.017775,0.094785,0.175841,-1.045868,0.048557,0.923281,1.800891,0.040220
0.761246,0.024198,-0.220462,-0.170570,-0.040905,0.201355,0.071734,-1.720687,-0.089741,0.255453,0.279791,0.047363
0.763963,-0.202146,-0.302037,-0.976826,0.013895,0.340289,0.018025,-0.226344,-0.081575,-0.806256,1.042247,0.116315
0.758897,-0.114408,-0.044119,-0.438666,0.065153,0.340145,0.005784,0.087738,0.257918,0.538160,0.455482,0.119977
0.750017,-0.656840,0.326497,1.317631,-0.002134,0.187189,-0.032577,-0.542432,0.370616,1.756297,1.508042,0.036106
0.742639,-0.619024,0.313801,1.577087,-0.077607,0.070573,-0.083981,0.037816,-0.012696,0.259456,1.723040,0.018056
0.737169,0.129651,0.053531,0.335431,-0.081588,0.031074,-0.073787,0.748675,-0.260270,-1.241656,0.363578,0.013067
0.730901,-0.058741,0.005863,0.008702,-0.096451,-0.095530,-0.041046,-0.188392,-0.047668,-0.326729,0.059671,0.020114
0.726689,-0.698746,0.113569,0.422055,-0.123102,-0.301335,-0.044902,-0.640005,0.107706,0.413353,0.824181,0.107973
0.731570,0.162855,0.091376,-0.039543,-0.074954,-0.367886,0.029935,0.861601,-0.022193,-0.461598,0.190879,0.141854
0.745366,1.154722,-0.036469,-0.496173,-0.026520,-0.292115,0.210113,0.991867,-0.127845,-0.456630,1.257339,0.130182
0.761150,0.342667,-0.213920,-0.269571,-0.049285,-0.228749,0.286002,-0.812055,-0.177451,0.226602,0.485645,0.136552
0.775129,-0.190804,-0.404963,-0.729559,-0.005819,-0.096703,0.226561,-0.533471,-0.191043,-0.459988,0.855954,0.060715
0.787051,0.368081,-0.408595,-1.233082,0.105686,0.121548,0.183051,0.558885,-0.003632,-0.503523,1.350157,0.059451
0.791957,-0.763050,-0.476384,-0.504051,0.124393,0.133580,0.059778,-1.131131,-0.067789,0.729031,1.031142,0.036891
0.778064,-2.713365,-1.227062,-0.653637,0.193878,-0.017976,-0.242981,-1.950315,-0.750678,-0.149586,3.048815,0.096952
0.743228,-2.008222,-2.066185,-2.030268,0.443767,0.086912,-0.476812,0.705143,-0.839123,-1.376631,3.524779,0.431833
0.707702,0.136427,-1.470132,-1.250220,0.498256,0.344940,-0.457879,2.144649,0.596053,0.780048,1.934671,0.576896
0.687603,1.171940,0.363994,0.722074,0.198760,0.310506,-0.297108,1.035513,1.834126,1.972294,1.423842,0.224193
0.671637,1.751031,1.519044,-0.135135,0.064480,0.120910,-0.079351,0.579091,1.155050,-0.857209,2.322039,0.025073
0.649504,1.890423,1.447560,-1.737662,0.321655,0.103935,0.125558,0.139392,-0.071484,-1.602527,2.947643,0.130029
0.628260,0.702513,1.344846,0.191483,0.464889,0.040417,0.148968,-1.187910,-0.102714,1.929145,1.529314,0.239947
0.606171,-0.222693,1.405739,3.274961,0.208101,-0.258746,0.011718,-0.925206,0.060893,3.083478,3.570863,0.110393
0.577121,0.323639,0.766902,3.045622,-0.098282,-0.453607,-0.074216,0.546332,-0.638837,-0.229339,3.157324,0.220927
0.553703,0.605480,-0.029919,1.046366,-0.258913,-0.362799,-0.093493,0.281841,-0.796821,-1.999256,1.209290,0.207400
0.547053,0.043980,0.114209,0.655873,-0.515941,-0.250155,-0.137148,-0.561500,0.144128,-0.390493,0.667194,0.347582
0.553867,0.606900,0.254401,0.073329,-0.779405,-0.144883,-0.087730,0.562920,0.140192,-0.582544,0.662136,0.636160
0.579139,1.806561,-0.734187,-2.245906,-0.631183,0.120624,0.098026,1.199661,-0.988588,-2.319235,2.974355,0.422551
0.627848,0.740414,-1.449476,-2.237386,-0.272418,0.248303,0.182813,-1.066147,-0.715289,0.008520,2.766783,0.169287
0.681014,-1.349097,-0.675516,0.650488,-0.196385,-0.045017,0.165270,-2.089511,0.773960,2.887874,1.643021,0.067908
0.719135,-0.913767,0.140968,0.582958,-0.177605,-0.328032,0.334955,0.435330,0.816484,-0.067530,1.093015,0.251343
0.746243,0.195852,-0.111919,-2.061607,0.091990,-0.228014,0.565472,1.109619,-0.252887,-2.644565,2.073911,0.380211
0.768978,-0.911668,-0.367314,-1.411176,0.248263,-0.032713,0.473697,-1.107520,-0.255395,0.650431,1.719731,0.287094
0.782740,-1.422840,-0.011639,0.984410,0.110616,0.071170,0.204675,-0.511172,0.355675,2.395586,1.730223,0.059193
0.785899,-0.011578,0.091347,0.725067,0.006826,0.240797,0.095974,1.411262,0.102986,-0.259343,0.730890,0.067241
0.783468,-0.267220,-0.353250,-0.215344,-0.007673,0.401108,0.028685,-0.255642,-0.444597,-0.940411,0.492509,0.161769
0.779437,-1.802945,-0.577828,-0.318433,-0.035407,0.404064,-0.138120,-1.535725,-0.224578,-0.103089,1.919869,0.183599
0.776840,-0.957502,-0.253026,-1.282023,0.067260,0.367720,-0.195580,0.845443,0.324802,-0.963590,1.620005,0.177993
0.777932,0.900054,0.134260,-1.307147,0.211352,0.314010,-0.048146,1.857556,0.387286,-0.025124,1.592720,0.145590
0.781816,0.820788,0.240293,1.182612,0.076159,0.095709,0.096375,-0.079266,0.106033,2.489759,1.459454,0.024249
0.786899,-0.021777,0.215983,2.400271,-0.202483,-0.169185,0.096960,-0.842565,-0.024310,1.217659,2.410067,0.079024
0.792636,-0.055423,0.188068,0.519780,-0.219787,-0.180407,0.051573,-0.033646,-0.027915,-1.880491,0.555529,0.083513
0.797476,0.127337,0.008341,-0.996812,-0.016502,0.059974,0.086296,0.182760,-0.179727,-1.516592,1.004947,0.011316
0.799995,0.055902,-0.347652,-0.594973,0.068735,0.256993,0.140878,-0.071435,-0.355993,0.401839,0.691361,0.090617
0.801086,-0.165547,-0.489599,-0.291126,0.014386,0.268163,0.101780,-0.221449,-0.141947,0.303847,0.593184,0.082478
0.801381,-0.562034,-0.163653,-0.442981,0.042072,0.227350,0.020463,-0.396487,0.325946,-0.151855,0.734096,0.053877
0.800002,-0.939686,0.207364,0.413497,0.099932,0.218656,-0.051078,-0.377652,0.371017,0.856478,1.047373,0.060406
0.798137,-0.788901,0.213589,1.698907,-0.020890,0.174271,-0.157903,0.150785,0.006225,1.285410,1.885277,0.055740
0.798345,-0.078607,0.100219,1.701337,-0.187090,0.121929,-0.189788,0.710294,-0.113370,0.002430,1.706098,0.085889
0.799061,0.175735,0.087853,0.943806,-0.154912,0.118236,-0.026939,0.254342,-0.012366,-0.757531,0.964039,0.038703
0.796227,-0.447448,0.060713,0.586536,-0.052159,0.026311,0.114610,-0.623183,-0.027140,-0.357270,0.740216,0.016548
0.790723,-0.620149,0.113133,0.026881,-0.055973,-0.214753,0.051880,-0.172701,0.052420,-0.559655,0.630957,0.051943
0.787657,0.058905,0.238234,-0.734928,-0.043708,-0.402832,-0.008216,0.679054,0.125101,-0.761809,0.774819,0.164252
0.789261,0.260847,0.036161,-0.485047,0.044917,-0.442552,0.079057,0.201942,-0.202073,0.249881,0.551923,0.204120
0.794421,0.061500,-0.379473,0.237656,0.077868,-0.403358,0.162676,-0.199347,-0.415634,0.722703,0.451954,0.195225
0.802381,0.425739,-0.387753,0.225448,0.062835,-0.211778,0.193513,0.364239,-0.008280,-0.012208,0.618412,0.086245
0.811397,0.544742,-0.056166,0.208973,0.075096,0.140159,0.248850,0.119003,0.331587,-0.016475,0.586147,0.087210
0.817536,-0.361154,0.057169,0.806062,0.028564,0.372149,0.239472,-0.905896,0.113335,0.597089,0.885119,0.196658
0.818962,-1.138576,-0.040459,0.850273,-0.111079,0.361055,0.067967,-0.777422,-0.097628,0.044211,1.421603,0.147319
0.818280,-0.678084,-0.027141,-0.367708,-0.171054,0.355641,-0.128441,0.460492,0.013318,-1.217981,0.771844,0.172237
0.818977,0.332153,0.094875,-1.395664,-0.042801,0.490428,-0.173198,1.010237,0.122016,-1.027956,1.437778,0.272349
0.820925,0.391234,0.238316,-0.234463,0.103956,0.533975,-0.097872,0.059081,0.143441,1.161201,0.514618,0.305515
0.819443,-0.495831,0.441992,2.263140,0.045847,0.265906,-0.053264,-0.887065,0.203676,2.497603,2.358603,0.075645
0.810851,-0.797524,0.568043,2.669965,-0.147488,-0.206332,-0.082114,-0.301693,0.126051,0.406825,2.843841,0.071068
0.799373,-0.414313,0.321621,0.420323,-0.226724,-0.624977,-0.099207,0.383211,-0.246422,-2.249642,0.672136,0.451842
0.793013,-0.454033,-0.224160,-1.286609,-0.147397,-0.852761,-0.059641,-0.039720,-0.545781,-1.706932,1.382663,0.752484
0.793257,-0.194508,-0.567726,-1.309959,-0.027873,-0.834043,0.002301,0.259525,-0.343566,-0.023350,1.440881,0.696410
0.796336,1.103836,-0.430376,-1.146485,0.100373,-0.545273,0.076015,1.298344,0.137350,0.163474,1.648668,0.313176
0.800835,1.853011,0.006728,-0.587639,0.204702,-0.133068,0.161287,0.749175,0.437104,0.558846,1.943969,0.085623
0.805619,1.588156,0.465891,0.936571,0.187393,0.180766,0.223190,-0.264855,0.459163,1.524210,1.901699,0.117606
0.807120,1.754829,0.640550,1.668546,0.073296,0.370992,0.279407,0.166673,0.174659,0.731975,2.504750,0.221076
0.805914,1.647644,0.315611,0.455607,0.000290,0.511324,0.382116,-0.107185,-0.324939,-1.212939,1.738367,0.407465
0.807585,-0.325405,-0.256975,-1.301545,0.027099,0.553948,0.438682,-1.973049,-0.572586,-1.757152,1.365996,0.500035
0.813572,-2.673224,-0.683329,-2.010990,0.104274,0.478697,0.283702,-2.347819,-0.426354,-0.709445,3.414256,0.320511
0.819838,-3.094109,-0.839836,-1.273277,0.141830,0.422459,-0.028734,-0.420885,-0.156507,0.737713,3.449648,0.199413
0.824234,-1.837105,-0.564676,0.340732,0.080417,0.446418,-0.264405,1.257004,0.275160,1.614009,1.951900,0.275666
0.827654,-0.247494,0.157277,1.546975,-0.033251,0.422297,-0.311890,1.589611,0.721953,1.206243,1.574522,0.276716
0.830134,1.042821,0.735921,1.686598,-0.110863,0.279316,-0.219006,1.290315,0.578644,0.139623,2.115105,0.138272
0.830799,1.643063,0.675299,1.190546,-0.145393,0.132587,-0.057009,0.600242,-0.060622,-0.496052,2.138477,0.041968
0.829806,1.178324,0.224431,0.096070,-0.142144,0.095030,0.079985,-0.464739,-0.450868,-1.094476,1.203348,0.035633
0.828064,0.000268,-0.150651,-1.469989,-0.035876,0.151924,0.102698,-1.178056,-0.375082,-1.566059,1.477689,0.034915
0.825795,-0.864695,-0.218071,-1.773967,0.148327,0.225564,0.031922,-0.864963,-0.067420,-0.303978,1.985500,0.073899
0.822585,-0.973375,-0.010803,0.172049,0.208148,0.221200,-0.041173,-0.108680,0.207268,1.946016,0.988522,0.093950
0.819758,-0.608688,0.156761,2.003806,0.028624,0.086156,-0.076228,0.364687,0.167564,1.831757,2.100075,0.014053
0.820660,0.411202,0.137118,1.207972,-0.218706,-0.087909,-0.070826,1.019890,-0.019643,-0.795834,1.283388,0.060577
0.825614,1.726456,0.151136,-0.739310,-0.287310,-0.167075,0.032375,1.315254,0.014018,-1.947282,1.884163,0.111509
0.830289,1.412694,0.144881,-0.927662,-0.151830,-0.189600,0.278279,-0.313762,-0.006255,-0.188352,1.696246,0.136440
0.832821,-0.564922,-0.128232,0.110005,-0.005155,-0.252470,0.518617,-1.977616,-0.273113,1.037667,0.589645,0.332731
0.835427,-1.408196,-0.390239,0.149941,0.004444,-0.230503,0.538087,-0.843274,-0.262007,0.039936,1.468940,0.342689
0.836367,-1.002586,-0.329870,-0.295197,-0.051611,0.042149,0.361876,0.405610,0.060369,-0.445138,1.095963,0.135394
0.832945,-1.729415,-0.200275,-0.022857,-0.046607,0.359100,0.124657,-0.726829,0.129595,0.272340,1.741123,0.146664
0.831852,-2.177575,-0.180949,-0.103220,-0.009106,0.388275,-0.144776,-0.448160,0.019326,-0.080363,2.187517,0.171800
0.839539,0.125928,-0.130346,-0.596299,-0.027173,0.225284,-0.288116,2.303503,0.050603,-0.493079,0.623234,0.134502
0.849273,2.487420,-0.002362,-0.149816,-0.069033,0.116760,-0.071213,2.361492,0.127984,0.446483,2.491929,0.023470
0.853883,1.685626,0.164258,-0.388798,0.027532,-0.055069,0.331889,-0.801794,0.166620,-0.238982,1.737665,0.113941
0.854435,-0.567322,0.071219,-2.563367,0.399447,-0.361077,0.490405,-2.252948,-0.093039,-2.174569,2.626362,0.530432
0.849117,-1.700123,-0.602929,-2.818100,0.898987,-0.472697,0.294103,-1.132801,-0.674148,-0.254733,3.345987,1.118117
0.838756,-1.958425,-1.071467,0.498766,1.133394,-0.320828,-0.058734,-0.258302,-0.468538,3.316866,2.287408,1.390962
0.831364,-2.089591,-0.353468,2.437323,0.962458,-0.341572,-0.407776,-0.131166,0.717999,1.938557,3.229841,1.209278
0.817718,-1.389186,0.760250,1.055445,0.705636,-0.618306,-0.698132,0.700405,1.113718,-1.381878,1.903098,1.367613
0.776494,0.609865,1.413881,0.940476,0.615409,-0.652603,-0.868746,1.999051,0.653631,-0.114969,1.804298,1.559339
0.708743,2.234626,2.302797,3.699082,0.407541,-0.312542,-0.830387,1.624761,0.888916,2.758606,4.896901,0.953315
0.633381,1.943762,2.716615,5.170224,-0.289717,-0.100345,-0.586800,-0.290864,0.413818,1.471142,6.155439,0.438339
0.582604,1.139620,0.610398,2.709591,-1.125471,-0.219010,-0.289010,-0.804142,-2.106217,-2.460633,3.002200,1.398177
0.602950,1.318098,-2.447523,-1.783721,-1.284691,-0.266272,-0.070322,0.178478,-3.057921,-4.493312,3.302940,1.726277
0.689364,1.200326,-2.833541,-4.704505,-0.659304,-0.037881,0.091761,-0.117772,-0.386018,-2.920784,5.621575,0.444537
0.765298,-0.558638,-1.155554,-3.723955,-0.045028,0.156815,0.230774,-1.758964,1.677987,0.980550,3.938937,0.079875
0.792524,-2.900003,-0.524495,-0.385489,0.017759,0.063922,0.192316,-2.341365,0.631059,3.338466,2.972156,0.041387
0.804773,-3.507318,-1.222259,0.908487,-0.095919,-0.151682,-0.119763,-0.607315,-0.697764,1.293976,3.823682,0.046551
0.813159,-1.781869,-1.842012,-0.941818,0.117235,-0.155789,-0.371051,1.725449,-0.619753,-1.850305,2.730400,0.175693
0.798963,-0.367977,-1.851836,-2.219818,0.440012,0.101396,-0.242322,1.413892,-0.009824,-1.278000,2.914154,0.262612
0.775349,-0.866765,-0.943137,-1.265673,0.399788,0.324887,-0.034798,-0.498788,0.908699,0.954145,1.800755,0.266593
0.757325,-0.681313,0.738328,-0.674963,0.125724,0.337975,-0.087970,0.185452,1.681465,0.590710,1.210327,0.137772
0.729623,1.317529,1.938111,-1.083484,0.060750,0.277841,-0.130240,1.998842,1.199783,-0.408521,2.581878,0.097849
0.695068,2.087124,1.972268,-0.060103,0.207207,0.242260,0.075422,0.769595,0.034157,1.023381,2.872201,0.107313
0.676067,0.671968,1.621937,2.481941,0.251342,0.124373,0.225425,-1.415156,-0.350331,2.542044,3.040107,0.129458
0.663587,-0.267734,1.404991,3.937233,0.083310,-0.168118,0.099408,-0.939702,-0.216946,1.455292,4.188972,0.045086
0.638407,0.313042,0.843536,3.125587,-0.133135,-0.500705,-0.078555,0.580776,-0.561455,-0.811646,3.252513,0.274601
0.613161,0.855765,0.024878,1.321767,-0.217103,-0.571247,-0.100780,0.542723,-0.818658,-1.803820,1.574808,0.383613
0.603967,0.317074,-0.089075,0.161042,-0.249099,-0.320293,-0.060827,-0.538691,-0.113953,-1.160725,0.366613,0.168338
0.604068,-0.426087,0.469132,-0.418583,-0.437949,-0.054652,-0.108175,-0.743161,0.558207,-0.579625,0.759504,0.206488
0.607086,-0.087937,0.496734,-1.108705,-0.620867,0.099478,-0.166432,0.338150,0.027602,-0.690122,1.218074,0.423071
0.620643,0.535479,-0.160289,-0.612549,-0.474401,0.281700,-0.052608,0.623416,-0.657023,0.496156,0.829245,0.307179
0.650856,-0.152431,-0.391786,1.694068,-0.223441,0.286829,0.166587,-0.687910,-0.231497,2.306617,1.745451,0.159948
0.690335,-1.127129,-0.048332,2.371714,-0.252029,-0.174793,0.261497,-0.974698,0.343454,0.677646,2.626363,0.162452
0.726518,-0.749701,-0.035476,-0.433781,-0.305611,-0.672740,0.252106,0.377428,0.012856,-2.805495,0.866877,0.609535
0.756010,-0.041281,-0.388457,-2.447490,-0.049930,-0.583043,0.302583,0.708420,-0.352981,-2.013709,2.478469,0.433989
0.780286,-0.071280,-0.437444,-0.771888,0.201813,-0.088315,0.360942,-0.029999,-0.048987,1.675602,0.890084,0.178807
0.795677,-0.100748,-0.200825,1.071696,0.123626,0.263318,0.300981,-0.029468,0.236619,1.843584,1.094995,0.175209
0.801188,0.156674,0.017024,0.442950,-0.043231,0.430113,0.173717,0.257422,0.217849,-0.628746,0.470150,0.217044
0.801871,0.321104,0.301613,-0.151425,-0.037491,0.605235,0.104672,0.164430,0.284589,-0.594375,0.465841,0.378671
0.797381,-0.103482,0.525352,1.029364,-0.001990,0.654560,0.122092,-0.424586,0.223739,1.180789,1.160299,0.443359
0.785480,-1.766994,0.365429,1.887410,-0.114068,0.334117,0.102498,-1.663512,-0.159923,0.858046,2.611154,0.135152
0.774295,-2.853083,0.062532,0.761620,-0.239077,-0.248997,-0.042719,-1.086089,-0.302897,-1.125790,2.953652,0.120982
0.773962,-0.730598,0.001734,-0.916090,-0.130286,-0.675937,-0.096268,2.122485,-0.060798,-1.677710,1.171750,0.483133
0.783873,1.723067,-0.003385,-1.149772,0.175195,-0.687854,0.158843,2.453665,-0.005119,-0.233682,2.071460,0.529068
0.797691,0.313812,-0.173062,-0.218884,0.375051,-0.469763,0.452088,-1.409255,-0.169677,0.930888,0.419927,0.565724
0.810133,-1.830290,-0.268028,0.300166,0.321327,-0.326731,0.411807,-2.144102,-0.094966,0.519050,1.874006,0.379589
0.816480,-0.086900,-0.102515,0.133386,0.160169,-0.252382,0.180471,1.743390,0.165513,-0.166780,0.189348,0.121921
0.816032,3.110745,0.149630,-0.009541,0.070226,-0.048117,0.125795,3.197645,0.252145,-0.142927,3.114356,0.023071
0.812911,3.434798,0.311638,-0.168912,0.106423,0.297419,0.273919,0.324053,0.162008,-0.159371,3.453040,0.174816
0.806343,1.212847,0.358072,-0.480391,0.208803,0.568625,0.389452,-2.221951,0.046434,-0.311479,1.352771,0.518606
0.790431,-1.104978,0.220106,-0.281554,0.229437,0.603043,0.335039,-2.317825,-0.137966,0.198837,1.161334,0.528553
0.769781,-2.507276,-0.182997,0.368624,0.083796,0.484550,0.134484,-1.402298,-0.403103,0.650178,2.540828,0.259896
0.760625,-2.853303,-0.681299,0.114843,-0.108970,0.422356,-0.127622,-0.346027,-0.498302,-0.253781,2.935761,0.206546
0.769084,-1.881302,-0.870837,-1.075694,-0.160228,0.500051,-0.336992,0.972001,-0.189538,-1.190537,2.335545,0.389288
0.782519,-0.244867,-0.532493,-1.141876,-0.057977,0.604920,-0.403567,1.636435,0.338344,-0.066182,1.283507,0.532156
0.788745,0.408990,0.058801,0.378272,0.032769,0.568072,-0.348230,0.653857,0.591294,1.520148,0.560196,0.445044
0.790290,-0.111976,0.441007,1.209339,0.021673,0.348515,-0.262543,-0.520966,0.382206,0.831067,1.292102,0.190861
0.794001,-0.220061,0.501976,0.552278,0.004099,0.087140,-0.191115,-0.108085,0.060969,-0.657061,0.778086,0.044135
0.799153,0.712576,0.432853,0.266753,0.051625,-0.042490,-0.111775,0.932637,-0.069123,-0.285525,0.875376,0.016964
0.801498,1.599767,0.351137,0.948274,0.070224,-0.018002,-0.006496,0.887191,-0.081716,0.681521,1.892558,0.005298
0.799782,1.312634,0.306832,1.257605,-0.023661,0.007385,0.093830,-0.287133,-0.044305,0.309331,1.843563,0.009418
0.795558,0.016727,0.328747,0.944522,-0.154501,-0.157344,0.143407,-1.295907,0.021915,-0.313083,1.000238,0.069193
0.792323,-0.931599,0.225941,0.464159,-0.209847,-0.525038,0.132836,-0.948326,-0.102806,-0.480363,1.065068,0.337346
0.793512,-0.891380,-0.205391,-0.871302,-0.170134,-0.852064,0.077081,0.040219,-0.431332,-1.335461,1.263294,0.760900
0.798565,-0.658198,-0.690104,-2.861958,-0.047857,-0.855700,0.007252,0.233182,-0.484713,-1.990656,3.016666,0.734565
0.804181,-0.419311,-0.696943,-3.234185,0.162474,-0.475627,0.007125,0.238887,-0.006839,-0.372227,3.334892,0.252670
0.808441,0.350079,-0.186825,-0.971630,0.365574,0.086507,0.120240,0.769390,0.510118,2.262555,1.049535,0.155585
0.810394,0.912749,0.309639,2.040481,0.330187,0.500265,0.199809,0.562670,0.496464,3.012111,2.256668,0.399212
0.809054,0.376342,0.396901,3.157674,0.001249,0.573188,0.097602,-0.536407,0.087262,1.117193,3.204695,0.338072
0.805510,-0.444867,0.198054,1.149443,-0.252958,0.475619,-0.040373,-0.821209,-0.198847,-2.008231,1.248339,0.291831
0.803292,-0.690276,-0.027068,-1.897561,-0.092081,0.493153,-0.027467,-0.245409,-0.225122,-3.047004,2.019394,0.252433
0.805225,-0.699593,-0.194737,-1.997725,0.223561,0.551333,0.000381,-0.009317,-0.167669,-0.100164,2.125619,0.353948
0.810359,-0.462664,-0.195256,0.690750,0.242692,0.377029,-0.089992,0.236929,-0.000519,2.688475,0.854001,0.209149
0.815109,0.380436,0.101021,1.962380,0.031158,0.043531,-0.110821,0.843100,0.296277,1.271630,2.001467,0.015147
0.818165,1.105006,0.477877,1.158885,-0.117863,-0.157590,0.046311,0.724570,0.376856,-0.803495,1.671053,0.040871
0.821605,1.003844,0.533066,1.218852,-0.208375,-0.193333,0.184758,-0.101162,0.055189,0.059967,1.666572,0.114933
0.826405,0.589450,0.250828,1.833704,-0.273016,-0.179480,0.191296,-0.414394,-0.282238,0.614852,1.942379,0.143345
0.831008,0.281969,-0.035270,0.461354,-0.150622,-0.090185,0.171910,-0.307481,-0.286098,-1.372350,0.541847,0.060373
0.834466,0.058377,-0.154621,-1.940382,0.141945,0.117119,0.178283,-0.223592,-0.119351,-2.401736,1.947408,0.065650
0.836904,0.044196,-0.221105,-2.420422,0.307555,0.334502,0.129833,-0.014181,-0.066484,-0.480040,2.430902,0.223338
0.837597,-0.298161,-0.296127,-0.884846,0.200265,0.399330,-0.031210,-0.342357,-0.075022,1.535576,0.979563,0.200545
0.835739,-1.263515,-0.203053,0.474695,0.015558,0.274247,-0.217011,-0.965354,0.093074,1.359541,1.364931,0.122547
0.832452,-1.242340,0.130646,0.678366,-0.052493,0.077335,-0.238224,0.021175,0.333699,0.203671,1.421498,0.065487
0.830220,0.492487,0.398018,0.581202,-0.070694,-0.088636,-0.041014,1.734827,0.267372,-0.097164,0.859510,0.014536
0.830649,1.700494,0.337356,0.841800,-0.121624,-0.196520,0.192100,1.208007,-0.060662,0.260598,1.927204,0.090315
0.833515,1.145662,0.112454,0.691136,-0.090938,-0.158443,0.300304,-0.554832,-0.224902,-0.150664,1.342705,0.123556
0.837272,0.391365,-0.035741,-0.420547,0.047765,0.073893,0.297638,-0.754297,-0.148195,-1.111683,0.575590,0.096330
0.839876,0.056166,-0.132704,-1.018421,0.080571,0.321015,0.188978,-0.335199,-0.096963,-0.597874,1.028565,0.145255
0.840334,-0.411353,-0.250069,-0.194304,-0.037856,0.430285,-0.022944,-0.467519,-0.117365,0.824117,0.519134,0.187105
0.839607,-0.162385,-0.254272,0.011301,-0.063330,0.456654,-0.165610,0.248968,-0.004203,0.205605,0.301912,0.239970
0.838618,0.676945,0.012678,-0.848480,0.016291,0.325762,-0.128518,0.839330,0.266950,-0.859781,1.085511,0.122903
0.837697,0.011479,0.434738,0.352391,-0.076526,-0.113776,-0.044702,-0.665466,0.422060,1.200871,0.559740,0.020799
0.839099,-1.247360,0.619434,2.866391,-0.274489,-0.569140,0.048148,-1.258839,0.184696,2.514000,3.186817,0.401583
0.843678,-0.174509,0.250886,1.577101,-0.189394,-0.589402,0.231293,1.072851,-0.368548,-1.289290,1.606439,0.436761
0.846001,1.450774,-0.384509,-2.578952,0.147198,-0.301457,0.327037,1.625283,-0.635395,-4.156053,2.983888,0.219497
0.842367,0.151890,-0.638922,-3.525394,0.331588,-0.132870,0.135293,-1.298884,-0.254413,-0.946442,3.586042,0.145909
0.836494,-2.169522,-0.650566,-1.261978,0.294102,-0.110538,-0.159640,-2.321412,-0.011644,2.263416,2.592807,0.124200
0.827774,-2.291294,-1.074522,-0.095177,0.231811,-0.030879,-0.329126,-0.121772,-0.423956,1.166801,2.532525,0.163014
0.811549,-1.339299,-1.413537,-0.143665,0.146991,0.085242,-0.404995,0.951995,-0.339015,-0.048488,1.952549,0.192894
0.793887,-0.946259,-0.658522,-0.014160,0.050284,0.125454,-0.422011,0.393040,0.755015,0.129505,1.152934,0.196360
0.778187,-0.334366,0.614774,-0.509126,0.122125,0.116384,-0.361948,0.611893,1.273296,-0.494966,0.865423,0.159466
0.748755,0.625199,1.154238,-0.944801,0.310198,0.077937,-0.297688,0.959565,0.539464,-0.435675,1.617340,0.190915
0.700738,1.061728,1.219258,0.555544,0.315205,-0.091966,-0.255768,0.436529,0.065020,1.500345,1.709528,0.173229
0.659166,1.146267,1.644618,2.954356,0.076145,-0.403054,-0.192726,0.084539,0.425360,2.398812,3.570282,0.205394
0.638355,1.160052,1.806368,3.672710,-0.167830,-0.609496,-0.168805,0.013785,0.161750,0.718354,4.254114,0.428147
0.618753,0.826622,0.700731,1.953183,-0.262194,-0.484937,-0.219269,-0.333430,-1.105637,-1.719527,2.233663,0.351988
0.590086,0.476344,-0.761931,-0.760692,-0.287102,-0.143862,-0.220157,-0.350278,-1.462662,-2.713875,1.177325,0.151593
0.582375,0.480966,-0.892040,-2.183556,-0.312498,0.161334,-0.120295,0.004622,-0.130109,-1.422864,2.407277,0.138155
0.623593,0.456676,-0.009403,-1.375512,-0.287286,0.351961,-0.015465,-0.024290,0.882637,0.808044,1.449370,0.206649
0.690841,0.323853,0.387053,0.481052,-0.265257,0.392657,0.069993,-0.132823,0.396456,1.856564,0.697210,0.229440
0.738372,0.393902,0.198234,1.545157,-0.324487,0.223915,0.157347,0.070049,-0.188819,1.064105,1.606850,0.180188
0.753570,0.513292,0.158064,0.932256,-0.285802,-0.035069,0.178246,0.119390,-0.040170,-0.612901,1.075897,0.114684
0.752265,0.348796,0.228535,-0.009425,-0.082152,-0.270745,0.116536,-0.164496,0.070471,-0.941681,0.417104,0.093632
0.746570,-0.433805,0.146720,0.660632,-0.021607,-0.607449,0.064841,-0.782601,-0.081815,0.670057,0.803833,0.373666
0.743847,-1.510001,-0.006005,1.320958,-0.109982,-0.941547,0.057638,-1.076196,-0.152725,0.660326,2.006257,0.901929
0.749352,-0.952574,-0.264460,-0.805021,0.052566,-0.775430,0.090678,0.557427,-0.258455,-2.125979,1.274910,0.612277
0.759268,1.479924,-0.635154,-3.181238,0.354336,-0.078371,0.152447,2.432498,-0.370694,-2.376217,3.565652,0.154936
0.768414,2.203730,-0.802664,-1.902553,0.324653,0.513113,0.136797,0.723806,-0.167510,1.278685,3.020001,0.387398
0.776165,0.418107,-0.503472,0.551965,0.138535,0.740662,0.056915,-1.785623,0.299192,2.454518,0.856133,0.571011
0.779558,-0.092406,0.182362,0.844107,0.171618,0.833826,0.086374,-0.510513,0.685834,0.292142,0.868511,0.732179
0.778233,0.001064,0.750282,1.662337,0.129495,0.618701,0.125715,0.093470,0.567920,0.818230,1.823812,0.415364
0.781609,-2.355657,0.629041,3.834691,-0.155868,-0.046032,0.043375,-2.356721,-0.121241,2.172354,4.544191,0.028295
0.794281,-2.699656,0.133313,2.370711,-0.149770,-0.500551,0.167524,-0.343999,-0.495728,-1.463980,3.595300,0.301047
0.805328,1.714546,-0.000084,-2.054399,0.253810,-0.345042,0.533902,4.414202,-0.133397,-4.425110,2.675859,0.468525
0.805006,2.694690,-0.270777,-2.461882,0.484694,-0.164750,0.498590,0.980144,-0.270693,-0.407483,3.659991,0.510663
0.796893,-2.506588,-1.405723,0.506764,0.463184,-0.260888,-0.013133,-5.201278,-1.134946,2.968646,2.918193,0.282774
0.785928,-4.348332,-2.212958,0.925381,0.434027,-0.172679,-0.302359,-1.841744,-0.807235,0.418617,4.966035,0.309618
0.771828,-0.688529,-1.409993,0.029399,0.156326,0.184487,-0.283289,3.659803,0.802965,-0.895982,1.569400,0.138726
0.753482,0.494444,-0.032742,0.761929,-0.378185,0.371870,-0.412006,1.182973,1.377251,0.732530,0.908891,0.451060
0.727526,-1.017027,0.692354,0.067621,-0.546601,0.268383,-0.551047,-1.511471,0.725096,-0.694308,1.232181,0.674455
0.696641,0.191983,1.209895,-2.835478,-0.191564,0.063450,-0.378424,1.209010,0.517541,-2.903099,3.088792,0.183927
0.673766,2.198107,1.696497,-3.405077,0.184118,-0.173004,-0.178527,2.006124,0.486602,-0.569599,4.393669,0.095702
0.652485,1.285841,1.496425,-0.672794,0.336736,-0.442259,-0.264581,-0.912266,-0.200072,2.732283,2.084545,0.378987
0.608330,-0.157517,0.966281,2.183757,0.296715,-0.683339,-0.444617,-1.443358,-0.530144,2.856551,2.393179,0.752676
0.554419,0.336930,0.972476,3.877325,0.028718,-0.803938,-0.470465,0.494447,0.006195,1.693568,4.011593,0.868478
0.530930,1.121293,1.099099,4.000262,-0.247998,-0.743661,-0.374342,0.784363,0.126623,0.122937,4.297373,0.754667
0.532635,0.763417,0.567663,1.606714,-0.201538,-0.544783,-0.276923,-0.357876,-0.531436,-2.393548,1.867238,0.414092
0.525851,0.191070,-0.224563,-1.506384,0.009327,-0.317981,-0.204834,-0.572347,-0.792226,-3.113098,1.534969,0.143156
0.512437,0.280473,-0.660651,-2.323817,0.073587,-0.125349,-0.131665,0.089403,-0.436088,-0.817433,2.432129,0.038463
0.501572,0.378986,-0.886668,-1.243903,0.075852,0.002901,-0.105503,0.098513,-0.226017,1.079914,1.573882,0.016893
0.469848,-0.252943,-0.784694,-0.011293,0.041362,0.013214,-0.183298,-0.631929,0.101974,1.232610,0.824532,0.035484
0.413652,-0.619433,0.159829,1.198781,-0.242157,-0.019781,-0.225754,-0.366490,0.944523,1.210074,1.358793,0.109996
0.386237,0.490748,1.314105,1.669640,-0.578026,0.112271,-0.069315,1.110181,1.154276,0.470859,2.180689,0.351523
0.430897,1.618825,1.361656,1.055266,-0.584322,0.307037,0.150737,1.128077,0.047551,-0.614374,2.363956,0.458426
0.518191,0.763346,0.474373,1.399509,-0.436449,0.152919,0.265280,-0.855479,-0.887283,0.344243,1.663235,0.284245
0.591365,-0.729200,-0.104701,2.439958,-0.397537,-0.293986,0.360260,-1.492546,-0.579074,1.040449,2.548743,0.374251
0.638318,-0.790894,-0.157618,0.775684,-0.266211,-0.459279,0.420834,-0.061694,-0.052917,-1.664274,1.118947,0.458907
0.676835,0.098772,-0.247037,-2.805300,0.052455,-0.146928,0.309853,0.889666,-0.089419,-3.580984,2.817888,0.120348
0.707755,1.382466,-0.326931,-3.847345,0.281359,0.272286,0.193349,1.283694,-0.079894,-1.042045,4.101239,0.190686
0.722512,2.269026,-0.143206,-1.726099,0.244705,0.455517,0.182711,0.886560,0.183725,2.121246,2.854541,0.300760
0.723328,0.477912,-0.035585,0.683765,0.046668,0.416029,0.003359,-1.791114,0.107621,2.409864,0.834985,0.175269
0.717915,-2.357547,-0.277923,1.237125,-0.040569,0.438230,-0.309657,-2.835459,-0.242338,0.553360,2.676891,0.289579
0.716625,-1.775682,-0.447097,-0.227793,0.143178,0.618743,-0.339211,0.581865,-0.169174,-1.464918,1.845219,0.518407
0.727313,0.315428,-0.152222,-1.092397,0.325104,0.614034,-0.105232,2.091110,0.294875,-0.864604,1.147169,0.493804
0.743705,-0.092507,0.333901,0.938923,0.178785,0.257979,0.099755,-0.407935,0.486123,2.031320,1.000812,0.108468
0.756063,-0.435527,0.620324,3.298635,-0.132545,-0.104367,0.279025,-0.343020,0.286423,2.359712,3.384594,0.106316
0.767293,1.079547,0.611248,2.744366,-0.293721,-0.233289,0.424633,1.515074,-0.009076,-0.554269,3.011742,0.321009
0.781779,1.299702,0.264871,0.553597,-0.263695,-0.177232,0.416328,0.220155,-0.346377,-2.190769,1.437307,0.274275
0.792733,0.473269,-0.247996,-1.246652,-0.093942,0.079659,0.341373,-0.826433,-0.512867,-1.800249,1.356328,0.131706
0.793278,0.672188,-0.470886,-2.476412,0.127783,0.442622,0.237831,0.198919,-0.222890,-1.229760,2.608867,0.268806
0.787576,-0.190314,-0.354851,-2.259332,0.204583,0.598810,-0.025596,-0.862502,0.116035,0.217080,2.294933,0.401083
0.784389,-2.274662,-0.274875,-0.370763,0.109817,0.464987,-0.304906,-2.084348,0.079976,1.888569,2.321015,0.321240
0.787188,-2.057926,-0.228996,0.885474,0.038536,0.238987,-0.306701,0.216736,0.045879,1.256237,2.252013,0.152665
0.793491,-0.055464,-0.016711,0.320697,0.036880,0.026783,-0.086067,2.002462,0.212285,-0.564777,0.325887,0.009485
0.799854,0.683779,0.150491,-0.386400,-0.002362,-0.144554,0.111975,0.739243,0.167202,-0.707097,0.799691,0.033440
0.804723,0.657785,0.094595,-0.147162,-0.039407,-0.158054,0.199982,-0.025994,-0.055896,0.239238,0.680651,0.066527
0.807943,1.047823,0.011549,0.032484,0.019192,0.042409,0.182988,0.390038,-0.083046,0.179646,1.048390,0.035651
0.809941,0.839271,-0.044103,-0.432179,0.081666,0.300256,0.068254,-0.208552,-0.055652,-0.464663,0.945039,0.101482
0.810270,0.153326,-0.094216,-0.560001,0.035524,0.413008,-0.053597,-0.685945,-0.050113,-0.127822,0.588206,0.174710
0.806453,0.770485,0.119005,-0.012953,-0.042695,0.357896,-0.052989,0.617159,0.213221,0.547048,0.779729,0.132720
0.797377,2.051908,0.477058,0.257042,-0.078010,0.203679,0.022043,1.281423,0.358053,0.269995,2.122259,0.048057
0.787104,1.223609,0.382028,0.320940,-0.141068,-0.098353,-0.017239,-0.828299,-0.095030,0.063898,1.321426,0.029871
0.781313,-1.129542,0.006546,0.833228,-0.218520,-0.565073,-0.131604,-2.353151,-0.375482,0.512288,1.403630,0.384378
0.782048,-1.318683,0.069845,0.801544,-0.168732,-0.934892,-0.064234,-0.189141,0.063299,-0.031684,1.544758,0.906620
0.789255,0.802332,0.249974,-0.462514,-0.009165,-0.910260,0.181562,2.121015,0.180129,-1.264058,0.959241,0.861622
0.802206,2.041050,-0.129916,-1.449344,0.091629,-0.530194,0.325935,1.238718,-0.379890,-0.986830,2.506663,0.395735
0.816065,1.849020,-0.540181,-1.227726,0.086353,-0.045120,0.282715,-0.192030,-0.410265,0.221618,2.284290,0.089420
0.824078,1.554740,-0.376627,-0.714832,0.061165,0.374174,0.208374,-0.294280,0.163554,0.512894,1.752156,0.187167
0.825316,0.710837,-0.106188,-0.342179,0.085247,0.605317,0.152543,-0.843903,0.270439,0.372653,0.796022,0.396945
0.823864,-1.103604,0.007040,0.295036,0.137037,0.524384,0.021927,-1.814441,0.113228,0.637215,1.142382,0.294239
0.821988,-2.383957,0.257472,1.017100,0.112447,0.212645,-0.133398,-1.280353,0.250432,0.722064,2.604618,0.075657
0.820027,-1.708955,0.399721,1.301975,-0.009395,-0.020952,-0.110993,0.675002,0.142249,0.284875,2.185279,0.012847
0.819323,0.137981,0.145490,1.119454,-0.079513,-0.009938,0.076536,1.846936,-0.254231,-0.182521,1.137270,0.012279
0.820619,0.960130,-0.041362,0.786205,-0.019311,0.127077,0.177153,0.822149,-0.186852,-0.333249,1.241644,0.047905
0.821940,0.606117,0.112449,0.328584,0.063429,0.280785,0.166993,-0.354013,0.153811,-0.457621,0.698563,0.110750
0.820387,1.242521,0.211164,-0.455671,0.100948,0.440265,0.258548,0.636404,0.098715,-0.784255,1.340181,0.270871
0.816365,2.288430,0.028582,-0.994079,0.125882,0.536325,0.385673,1.045909,-0.182582,-0.538408,2.495180,0.452234
0.815014,0.643710,-0.258105,-0.358528,0.118058,0.529237,0.277959,-1.644720,-0.286687,0.635551,0.780720,0.371291
0.819938,-2.371305,-0.437283,0.833439,0.038659,0.467782,0.002778,-3.015015,-0.179178,1.191967,2.551259,0.220322
0.827439,-2.472659,-0.341156,1.124534,-0.078482,0.313632,-0.149926,-0.101354,0.096127,0.291095,2.737701,0.127002
0.832113,-0.431084,0.004326,0.630041,-0.189117,0.042571,-0.152423,2.041575,0.345482,-0.494493,0.763416,0.060810
0.831788,0.225302,0.306013,0.354063,-0.262887,-0.168564,-0.139413,0.656386,0.301687,-0.275978,0.519390,0.116959
0.821932,-0.192624,0.364183,0.348172,-0.267978,-0.240959,-0.131715,-0.417926,0.058170,-0.005891,0.539404,0.147222
0.799256,-0.473578,0.244034,0.283095,-0.232077,-0.374748,-0.166339,-0.280954,-0.120149,-0.065077,0.603301,0.221964
0.774870,-1.200059,0.079440,0.055296,-0.202162,-0.621476,-0.278478,-0.726481,-0.164594,-0.227799,1.203956,0.504652
0.765040,-1.115840,-0.045923,-0.538973,-0.129322,-0.721670,-0.258828,0.084219,-0.125363,-0.594269,1.240040,0.604524
0.770548,1.099962,-0.123206,-1.284225,0.032973,-0.544383,0.055896,2.215802,-0.077283,-0.745252,1.695385,0.300564
0.783268,2.833888,-0.150717,-1.478132,0.175927,-0.243741,0.370962,1.733926,-0.027511,-0.193907,3.199767,0.227973
0.800413,2.118602,-0.052866,-0.842167,0.175603,0.040822,0.364200,-0.715286,0.097851,0.635965,2.280464,0.165144
0.817503,1.180921,0.140088,0.197837,0.098672,0.298666,0.242786,-0.937681,0.192954,1.040004,1.205545,0.157883
0.826220,1.576216,0.228049,0.684222,0.087012,0.535037,0.331066,0.395295,0.087961,0.486385,1.733385,0.403440
0.825624,1.706193,0.110959,-0.014233,0.144231,0.724651,0.454621,0.129977,-0.117090,-0.698455,1.709856,0.752602
0.820074,0.323806,-0.185598,-1.123370,0.202504,0.818527,0.263130,-1.382387,-0.296557,-1.109137,1.183747,0.780232
0.813068,-1.545205,-0.553952,-1.570719,0.244958,0.776179,-0.124052,-1.869011,-0.368354,-0.447349,2.271933,0.677847
0.810855,-2.156222,-0.596376,-1.140780,0.210237,0.592330,-0.308483,-0.611017,-0.042424,0.429939,2.511242,0.490216
0.817193,-1.199822,-0.033147,0.470046,0.018638,0.265343,-0.234356,0.956400,0.563229,1.610826,1.289036,0.125677
0.825519,0.002066,0.601985,2.754824,-0.206512,-0.166371,-0.128534,1.201888,0.635132,2.284778,2.819831,0.086848
0.829018,0.587345,0.628347,3.308402,-0.261480,-0.550241,-0.047627,0.585279,0.026362,0.553578,3.418379,0.373405
0.829731,0.996839,0.297251,1.382996,-0.176522,-0.703715,0.071945,0.409494,-0.331096,-1.925406,1.730527,0.531551
0.831326,1.450124,0.132357,-0.591333,-0.097532,-0.543132,0.179228,0.453285,-0.164894,-1.974329,1.571640,0.336628
0.834004,1.210509,-0.098225,-1.226489,-0.039401,-0.116464,0.213120,-0.239615,-0.230582,-0.635156,1.726052,0.060536
0.837814,0.013049,-0.569452,-1.312676,0.045633,0.392206,0.206788,-1.197460,-0.471227,-0.086187,1.430931,0.198669
0.842484,-0.565053,-0.616143,-1.305714,0.166693,0.734538,0.211105,-0.578102,-0.046691,0.006962,1.550421,0.611898
0.844727,0.597916,0.014015,-1.175734,0.258282,0.733684,0.218153,1.162969,0.630158,0.129980,1.319110,0.652593
0.840546,1.051370,0.475729,-0.418580,0.179670,0.363623,0.145069,0.453454,0.461714,0.757154,1.227561,0.185548
0.830411,-1.290113,0.341630,1.402461,-0.065432,-0.190353,-0.024875,-2.341483,-0.134099,1.821041,1.935975,0.041134
0.820726,-3.129284,0.131414,2.162800,-0.224936,-0.602192,-0.129369,-1.839171,-0.210216,0.760339,3.806231,0.429968
0.818942,-1.342272,0.023543,-0.050230,-0.128061,-0.698987,-0.042876,1.787012,-0.107871,-2.213030,1.343418,0.506821
0.826108,0.953091,-0.177321,-2.117303,0.071556,-0.600357,0.126025,2.295363,-0.200864,-2.067073,2.328690,0.381431
0.835350,0.351225,-0.252061,-0.719173,0.119611,-0.514081,0.191528,-0.601866,-0.074740,1.398130,0.839109,0.315269
0.840500,-1.087362,-0.075196,1.601714,0.005121,-0.510764,0.122388,-1.438587,0.176865,2.320887,1.937395,0.275885
0.843147,-0.562825,0.125597,1.494212,-0.058206,-0.506971,0.081530,0.524537,0.200793,-0.107502,1.601629,0.267055
0.844536,1.069109,0.344303,0.348373,0.016647,-0.401741,0.212226,1.631934,0.218706,-1.145839,1.175969,0.206713
0.838651,1.844814,0.457480,0.279689,0.142863,-0.162810,0.375859,0.775705,0.113177,-0.068684,1.921159,0.188187
0.824543,1.226064,0.097475,0.120509,0.305560,0.140164,0.290970,-0.618750,-0.360005,-0.159180,1.235822,0.197676
0.808665,-0.611741,-0.383451,-1.045288,0.408335,0.250718,-0.098945,-1.837805,-0.480926,-1.165797,1.270389,0.239387
0.784029,-3.081821,-0.513106,-1.190566,0.235696,0.011276,-0.617204,-2.470080,-0.129655,-0.145278,3.343403,0.436621
0.738132,-4.440601,-1.009167,0.094276,-0.028311,-0.167106,-1.050542,-1.358780,-0.496061,1.284842,4.554804,1.132364
0.687720,-3.103432,-2.065362,-0.277924,0.001084,0.148195,-1.181355,1.337169,-1.056195,-0.372200,3.738215,1.417563
0.663543,-0.061240,-1.941427,-2.473794,0.149143,0.550284,-0.889452,3.042192,0.123935,-2.195870,3.145242,1.116181
0.664613,2.038533,-0.087281,-2.619935,0.068265,0.464358,-0.369691,2.099773,1.854146,-0.146141,3.320737,0.356960
0.668757,2.081447,1.220744,-0.458481,-0.062628,0.129671,-0.016296,0.042914,1.308025,2.161454,2.456185,0.021002
0.670035,1.188702,0.768607,0.351787,0.002792,0.007403,0.015350,-0.892745,-0.452137,0.810268,1.458603,0.000298
0.673175,0.721434,0.209117,-0.254163,0.112049,0.029782,-0.072284,-0.467268,-0.559490,-0.605950,0.792966,0.018667
0.675065,0.661070,0.628885,0.712936,0.042118,-0.005010,-0.114418,-0.060364,0.419768,0.967099,1.157924,0.014891
0.671862,0.482560,0.968827,2.352226,-0.207627,-0.033178,-0.175203,-0.178510,0.339942,1.639290,2.589297,0.074906
0.669650,0.805887,0.410928,1.189406,-0.414031,0.069269,-0.219573,0.323327,-0.557899,-1.162820,1.494323,0.224432
0.680309,1.804214,-0.320184,-1.552355,-0.361919,0.236493,-0.085861,0.998327,-0.731112,-2.741761,2.401564,0.194286
0.705951,1.609632,-0.392910,-1.512185,-0.172766,0.223375,0.116884,-0.194582,-0.072726,0.040170,2.243211,0.093406
0.731430,-0.195267,-0.051649,0.935264,-0.108085,-0.103928,0.175311,-1.804899,0.341261,2.447449,0.956826,0.053217
0.745798,-1.016252,0.081969,1.616215,-0.127730,-0.549029,0.207055,-0.820985,0.133618,0.680951,1.910926,0.360620
0.759727,0.089730,-0.169551,-0.370276,-0.034200,-0.767709,0.358359,1.105982,-0.251520,-1.986491,0.417017,0.718968
0.783260,0.958474,-0.671366,-2.145971,0.131144,-0.576497,0.455767,0.868744,-0.501815,-1.775695,2.444299,0.557271
0.807773,0.184576,-0.978269,-1.538055,0.124514,-0.129989,0.341183,-0.773898,-0.306903,0.607916,1.832128,0.148807
0.823929,-1.182796,-0.627928,0.403901,-0.119751,0.214263,0.100861,-1.367372,0.350341,1.941956,1.398727,0.070422
0.833401,-1.229687,-0.029969,0.801538,-0.318146,0.365289,-0.121802,-0.046891,0.597959,0.397637,1.468159,0.249489
0.838319,0.131563,0.125340,-0.597216,-0.242343,0.529152,-0.236676,1.361250,0.155309,-1.398754,0.624248,0.394747
0.835820,0.726914,0.136816,-0.862962,-0.086094,0.670459,-0.225026,0.595351,0.011476,-0.265746,1.136585,0.507564
0.821489,-0.022140,0.441829,0.636889,-0.090090,0.542388,-0.133259,-0.749054,0.305013,1.499851,0.775455,0.320059
0.796590,-0.639874,0.563290,1.450570,-0.176842,0.192964,-0.043023,-0.617734,0.121461,0.813681,1.682524,0.070359
0.774552,-1.607249,0.194062,0.958160,-0.236876,-0.165999,-0.097288,-0.967375,-0.369228,-0.492410,1.881218,0.093131
0.769009,-2.966400,-0.104102,0.190676,-0.255306,-0.478441,-0.296285,-1.359151,-0.298164,-0.767484,2.974344,0.381872
0.776428,-1.320758,0.032818,-0.936566,-0.108332,-0.629340,-0.258996,1.645642,0.136920,-1.127242,1.619455,0.474884
0.785747,2.817181,0.242372,-1.875077,0.206974,-0.455937,0.237544,4.137939,0.209554,-0.938511,3.392811,0.307144
0.795467,3.294415,0.162591,-1.185424,0.363748,-0.133424,0.669585,0.477234,-0.079781,0.689653,3.504973,0.598459
0.806919,0.182468,-0.059380,0.196813,0.206558,0.054759,0.553462,-3.111947,-0.221971,1.382237,0.274874,0.351985
0.814728,-0.015152,-0.134814,0.004051,0.041241,0.203996,0.301701,-0.197620,-0.075434,-0.192762,0.135723,0.134339
0.813014,1.985051,-0.166843,-1.594221,0.112869,0.501532,0.328571,2.000203,-0.032029,-1.598272,2.551432,0.372233
0.801677,0.580099,-0.333468,-2.692378,0.311117,0.827487,0.240372,-1.404952,-0.166625,-1.098157,2.774277,0.839307
0.787318,-2.241575,-0.322016,-1.981141,0.460297,0.977037,-0.174740,-2.821674,0.011452,0.711237,3.008866,1.197009
0.780432,-1.867114,0.101058,0.882407,0.408534,0.816301,-0.384891,0.374461,0.423074,2.863548,2.067600,0.981388
0.785483,-0.135656,0.485145,3.965377,0.079801,0.299503,-0.146465,1.731458,0.384087,3.082970,3.997247,0.117522
0.797317,0.407344,0.442933,3.608415,-0.233299,-0.253011,0.128178,0.543000,-0.042212,-0.356962,3.658248,0.134873
0.810576,0.870484,0.187022,0.032316,-0.174584,-0.362938,0.192059,0.463140,-0.255911,-3.576099,0.890934,0.199090
0.823144,1.477361,-0.046730,-1.911871,0.048480,-0.073233,0.186327,0.606877,-0.233752,-1.944187,2.416615,0.042431
0.831525,1.166710,-0.220582,-0.545678,0.035823,0.183478,0.182334,-0.310651,-0.173852,1.366193,1.306764,0.068193
0.834062,0.330404,-0.211185,0.666649,-0.110482,0.246227,0.118751,-0.836306,0.009397,1.212327,0.773425,0.086936
0.834515,0.008899,0.017569,0.120724,-0.110743,0.231748,0.045346,-0.321505,0.228754,-0.545925,0.122320,0.068027
0.834050,0.245870,0.231643,-0.288796,-0.023515,0.197920,0.074271,0.236971,0.214074,-0.409520,0.444425,0.045241
0.827207,-0.386357,0.252316,0.135344,-0.004519,0.085195,0.102980,-0.632227,0.020673,0.424140,0.480888,0.017883
0.812721,-2.382129,0.160420,0.515789,-0.054416,-0.184699,-0.083183,-1.995772,-0.091896,0.380445,2.442603,0.043994
0.799682,-2.582292,0.073316,0.584627,-0.136218,-0.514658,-0.327846,-0.200163,-0.087104,0.068838,2.648659,0.390911
0.796861,0.742412,-0.007864,-0.005457,-0.171274,-0.621469,-0.232394,3.324704,-0.081180,-0.590084,0.742474,0.469565
0.803447,3.160736,-0.091979,-1.444089,-0.050283,-0.421502,0.123555,2.418324,-0.084115,-1.438632,3.476220,0.195458
0.813196,1.796170,-0.109698,-2.123637,0.149941,-0.126144,0.290944,-1.364566,-0.017719,-0.679548,2.783540,0.123043
0.820689,0.453712,0.010078,-0.682602,0.213787,0.137525,0.234748,-1.342458,0.119776,1.441035,0.819696,0.119725
0.823008,1.131115,0.161517,1.059575,0.111885,0.382547,0.236644,0.677403,0.151439,1.742177,1.558271,0.214861
0.819554,0.816825,0.099267,0.469429,0.054410,0.564983,0.268041,-0.314290,-0.062250,-0.590146,0.947323,0.394012
0.810896,-0.939728,-0.176344,-1.632642,0.201463,0.670362,0.135085,-1.756553,-0.275611,-2.102071,1.892011,0.508221
0.799807,-1.572874,-0.343751,-1.982334,0.413569,0.708842,-0.091002,-0.633146,-0.167407,-0.349692,2.553771,0.681778
0.792636,-1.019386,-0.216099,0.279155,0.383719,0.559385,-0.204050,0.553488,0.127652,2.261489,1.078784,0.501788
0.793778,-0.392816,0.084579,2.409343,0.079513,0.207185,-0.135387,0.626570,0.300678,2.130188,2.442620,0.067578
0.801002,0.632788,0.340384,2.199822,-0.171415,-0.055912,0.036992,1.025604,0.255805,-0.209521,2.314195,0.033878
0.810199,1.576065,0.341448,0.755177,-0.173601,-0.031796,0.174758,0.943277,0.001064,-1.444645,1.780691,0.061689
0.818853,1.080774,0.060783,-0.048440,-0.090119,0.110802,0.185340,-0.495291,-0.280665,-0.803617,1.083565,0.054749
0.824678,-0.208793,-0.237700,-0.326771,-0.074444,0.187493,0.094025,-1.289567,-0.298483,-0.278331,0.454835,0.049536
0.827680,-0.621965,-0.359060,-0.778821,-0.093995,0.241236,-0.025828,-0.413172,-0.121360,-0.452050,1.059399,0.067697
0.830293,-0.318313,-0.347501,-0.926839,-0.122028,0.318984,-0.140704,0.303652,0.011559,-0.148018,1.039765,0.136439
0.832654,-0.239883,-0.161982,-0.405579,-0.132854,0.340634,-0.215973,0.078430,0.185519,0.521260,0.498273,0.180326
0.833654,-0.220420,0.269067,0.304411,-0.074838,0.228916,-0.199069,0.019463,0.431049,0.709990,0.462221,0.097632
0.833432,-0.207599,0.693903,1.132553,-0.065242,-0.046138,-0.128339,0.012821,0.424836,0.828142,1.344349,0.022856
0.828876,-0.582602,0.791481,1.736620,-0.219387,-0.455937,-0.105853,-0.375003,0.097578,0.604067,1.995424,0.267214
0.815280,-0.721423,0.592379,0.781821,-0.304675,-0.834083,-0.122706,-0.138821,-0.199102,-0.954799,1.217624,0.803578
0.796488,-0.292624,0.270034,-1.271666,-0.120544,-1.010380,-0.112182,0.428799,-0.322345,-2.053487,1.332547,1.047983
0.783800,-0.215600,-0.107489,-2.027969,0.084922,-0.986870,-0.090443,0.077024,-0.377523,-0.756303,2.042228,0.989304
0.784318,-0.227380,-0.383865,-1.313227,0.098935,-0.800966,-0.050055,-0.011780,-0.276376,0.714742,1.386946,0.653840
0.795384,0.799197,-0.333038,-0.736957,0.071880,-0.469079,0.063453,1.026577,0.050827,0.576270,1.136985,0.229228
0.807558,2.048669,-0.020906,-0.233254,0.086975,-0.113749,0.192313,1.249472,0.312132,0.503703,2.062011,0.057488
0.813337,2.189508,0.219173,0.521414,0.066658,0.191022,0.274910,0.140839,0.240079,0.754668,2.261383,0.116508
0.814383,1.596420,0.200885,0.580993,0.053312,0.505471,0.384957,-0.593088,-0.018288,0.059579,1.710691,0.406535
0.816342,0.566069,-0.011131,-0.020089,0.078937,0.747036,0.479063,-1.030351,-0.212016,-0.601082,0.566535,0.793795
0.820966,-1.341176,-0.314927,-0.351137,0.061958,0.754158,0.334216,-1.907245,-0.303796,-0.331048,1.421699,0.684293
0.827852,-3.020262,-0.587803,-0.612829,0.028304,0.623119,-0.031139,-1.679086,-0.272876,-0.261692,3.137364,0.390048
0.835887,-2.727924,-0.647479,-0.983142,0.053540,0.546086,-0.317145,0.292338,-0.059676,-0.370313,2.971088,0.401657
0.841797,-1.160044,-0.414761,-0.561237,0.078153,0.527314,-0.411594,1.567880,0.232718,0.421905,1.353778,0.453578
0.844191,0.114642,0.036022,0.510762,0.061975,0.516724,-0.404971,1.274686,0.450783,1.071999,0.524708,0.434846
0.844932,1.030109,0.461152,0.968570,0.035560,0.476630,-0.292826,0.915467,0.425130,0.457808,1.487250,0.314188
0.843623,0.933467,0.526848,1.362155,-0.085407,0.240995,-0.125867,-0.096642,0.065696,0.393585,1.733319,0.081215
0.838834,-0.816061,0.403752,2.697100,-0.328305,-0.316174,-0.056124,-1.749528,-0.123096,1.334945,2.846633,0.210900
0.833660,-1.683084,0.580981,2.644760,-0.430722,-0.952284,-0.003890,-0.867023,0.177229,-0.052340,3.188270,1.092381
0.832058,-0.029796,0.630764,-0.672042,-0.227313,-1.216782,0.162948,1.653288,0.049783,-3.316802,0.922167,1.558782
0.834367,1.224024,-0.139818,-3.545549,0.032086,-0.971732,0.274183,1.253820,-0.770582,-2.873507,3.753492,1.020469
0.840309,0.607663,-0.968525,-2.696329,0.120321,-0.466769,0.211712,-0.616361,-0.828707,0.849220,2.928734,0.277172
0.848359,0.396952,-0.834255,-1.107130,0.132087,0.050654,0.139133,-0.210711,0.134270,1.589199,1.441974,0.039371
0.853461,0.708023,-0.224156,-1.110693,0.124483,0.419519,0.105129,0.311071,0.610099,-0.003563,1.336107,0.202544
0.853986,-0.017898,0.135063,-0.274453,0.008129,0.469120,0.027014,-0.725921,0.359219,0.836240,0.306410,0.220869
0.853392,-0.632640,0.360923,1.466870,-0.124334,0.268830,-0.009231,-0.614742,0.225860,1.741323,1.637744,0.087814
0.848868,-0.405793,0.437558,1.122592,-0.087954,0.102563,0.017717,0.226847,0.076635,-0.344278,1.271353,0.018569
0.833474,-0.978616,0.177349,-0.285787,0.028730,-0.015167,-0.079996,-0.572823,-0.260209,-1.408379,1.034802,0.007455
0.813424,-1.597052,-0.022640,0.135053,0.023154,-0.237702,-0.230515,-0.618436,-0.199989,0.420840,1.602912,0.110176
0.804025,-0.069620,0.160323,1.169455,-0.065171,-0.437210,-0.123185,1.527432,0.182963,1.034402,1.182445,0.210574
0.807876,1.793181,0.290126,0.792852,-0.100680,-0.433238,0.144199,1.862801,0.129803,-0.376603,1.981990,0.218625
0.815098,1.602351,0.027203,-0.106878,-0.092452,-0.263461,0.235003,-0.190830,-0.262923,-0.899730,1.606142,0.133185
0.820456,1.018923,-0.222369,-0.791934,-0.047133,0.037824,0.221190,-0.583428,-0.249572,-0.685056,1.309508,0.052577
0.824694,1.043452,-0.190490,-1.772093,0.096291,0.401613,0.243669,0.024529,0.031879,-0.980159,2.065283,0.229940
0.826591,0.130620,-0.299134,-2.561068,0.283392,0.634096,0.099665,-0.912832,-0.108644,-0.788975,2.581785,0.492322
0.825928,-1.006028,-0.590787,-2.231238,0.399664,0.715651,-0.201234,-1.136648,-0.291653,0.329830,2.517845,0.712383
0.826928,-0.749263,-0.338652,-0.634342,0.417778,0.706221,-0.307062,0.256765,0.252135,1.596896,1.038494,0.767574
0.831190,-0.139795,0.517457,1.916722,0.296827,0.462247,-0.161595,0.609468,0.856109,2.551064,1.990258,0.327892
0.834740,0.087887,1.042184,4.045414,-0.003475,0.010089,0.023577,0.227682,0.524727,2.128692,4.178426,0.000670
0.835958,0.595464,0.816437,3.754646,-0.333874,-0.292423,0.192516,0.507577,-0.225747,-0.290768,3.888253,0.234045
0.837943,0.992563,0.265874,0.924456,-0.435490,-0.275263,0.340925,0.397099,-0.550563,-2.830190,1.382204,0.381651
0.841246,0.835976,-0.255981,-2.340378,-0.211416,-0.070493,0.399261,-0.156587,-0.521855,-3.264834,2.498350,0.209075
0.842681,0.168321,-0.600039,-3.621553,0.146803,0.186479,0.318394,-0.667655,-0.344058,-1.281175,3.674782,0.157700
0.841591,-1.310092,-0.719729,-2.192972,0.321851,0.392028,0.068842,-1.478413,-0.119690,1.428581,2.653955,0.262013
0.840810,-2.217076,-0.660373,-0.152259,0.257135,0.486762,-0.221049,-0.906984,0.059356,2.040713,2.318340,0.351918
0.842355,-0.765814,-0.202041,0.462586,0.180775,0.470084,-0.267180,1.451262,0.458332,0.614845,0.917212,0.325044
0.845726,1.186285,0.683875,0.960890,0.133934,0.283355,-0.042181,1.952099,0.885916,0.498304,1.672802,0.100008
0.848975,1.281261,1.208657,2.476047,-0.060458,-0.061993,0.190279,0.094976,0.524782,1.515157,3.038633,0.043704
0.850531,0.652903,0.809220,2.748644,-0.329061,-0.325715,0.296813,-0.628358,-0.399437,0.272597,2.938735,0.302469
0.850838,0.470724,0.028309,0.428888,-0.387069,-0.290638,0.305434,-0.182179,-0.780911,-2.319756,0.637438,0.327583
0.851266,-0.018561,-0.441443,-2.156618,-0.173294,-0.016455,0.214742,-0.489285,-0.469752,-2.585506,2.201413,0.076416
0.851784,-0.892926,-0.558010,-2.563259,0.095858,0.259440,0.058596,-0.874365,-0.116567,-0.406641,2.771099,0.079931
0.851669,-1.448084,-0.568784,-1.082926,0.192840,0.378342,-0.088832,-0.555158,-0.010774,1.480333,1.895571,0.188221
0.851554,-1.336104,-0.526610,0.091795,0.129426,0.405850,-0.208393,0.111980,0.042174,1.174721,1.439069,0.224893
0.852482,-0.431652,-0.204078,-0.257176,0.135670,0.447798,-0.265137,0.904452,0.322532,-0.348971,0.542320,0.289227
0.853724,0.622589,0.383275,-0.428925,0.252913,0.410681,-0.202739,1.054241,0.587353,-0.171749,0.847640,0.273727
0.853644,0.869693,0.664326,1.191820,0.209292,0.193452,-0.084639,0.247104,0.281051,1.620745,1.618064,0.088391
0.852197,0.592118,0.444504,2.634221,-0.042240,-0.079313,-0.018389,-0.277575,-0.219822,1.442401,2.736295,0.008413
0.850444,0.381231,0.310001,2.073253,-0.188561,-0.306077,0.024954,-0.210887,-0.134503,-0.560968,2.130684,0.129861
0.848312,-0.243889,0.374801,1.567358,-0.189432,-0.604766,0.071536,-0.625120,0.064800,-0.505895,1.629898,0.406744
0.845553,-1.209759,0.062271,1.840501,-0.277957,-0.962507,0.013673,-0.965870,-0.312530,0.273143,2.203370,1.003867
0.844246,-0.896973,-0.534895,-0.295821,-0.296220,-1.000569,-0.098396,0.312786,-0.597166,-2.136322,1.085442,1.098566
0.846801,0.942321,-0.764104,-4.092670,0.011669,-0.476645,-0.018844,1.839294,-0.229209,-3.796849,4.268697,0.227682
0.851852,1.710711,-0.641452,-3.976248,0.312010,0.242865,0.180898,0.768390,0.122652,0.116422,4.375905,0.189058
0.855764,0.345253,-0.485339,-0.239131,0.255878,0.665323,0.169901,-1.365458,0.156113,3.737117,0.641823,0.536995
0.857435,-0.400120,-0.156222,1.177564,0.131582,0.789390,0.017898,-0.745373,0.329117,1.416695,1.253459,0.640771
0.858135,0.344054,0.287834,0.124924,0.167997,0.742154,0.021336,0.744174,0.444056,-1.052640,0.465647,0.579471
0.858344,-0.404636,0.427479,0.999947,0.069648,0.346816,0.067317,-0.748690,0.139645,0.875023,1.160329,0.129664
0.857855,-2.337450,0.353390,2.783802,-0.250126,-0.360945,-0.041056,-1.932814,-0.074089,1.783855,3.652138,0.194530
0.857155,-1.473019,0.332092,1.484255,-0.401257,-0.809848,-0.091864,0.864431,-0.021298,-1.299547,2.117329,0.825300
0.856966,1.474936,0.131513,-1.648946,-0.210983,-0.617234,0.092760,2.947955,-0.200579,-3.133201,2.216248,0.434096
0.857777,2.053988,-0.258148,-2.509327,0.035129,-0.094074,0.272833,0.579052,-0.389661,-0.860381,3.253034,0.084522
0.859614,0.096305,-0.477804,-0.915025,0.067047,0.280424,0.177012,-1.957683,-0.219656,1.594302,1.036746,0.114466
0.861410,-1.114300,-0.527085,0.108216,-0.043853,0.440011,-0.105258,-1.210605,-0.049281,1.023241,1.237414,0.206612
0.861925,-0.616218,-0.362816,-0.364365,-0.044892,0.554041,-0.250111,0.498082,0.164269,-0.472581,0.802572,0.371532
0.861037,-0.298977,0.199977,0.009251,0.062679,0.523022,-0.168597,0.317241,0.562793,0.373616,0.359811,0.305906
0.858198,-1.373568,0.651133,2.243096,-0.015014,0.064966,-0.137434,-1.074591,0.451156,2.233845,2.709639,0.023334
0.851966,-2.052436,0.493331,3.195980,-0.265443,-0.626162,-0.229884,-0.678868,-0.157802,0.952884,3.830164,0.515385
0.844233,-0.706884,0.174083,0.626677,-0.271447,-0.925199,-0.154241,1.345552,-0.319248,-2.569303,0.960580,0.953467
0.840839,0.525631,0.043915,-2.017968,0.017753,-0.692001,0.066157,1.232515,-0.130168,-2.644645,2.085764,0.483557
0.844387,0.041337,-0.109188,-1.054775,0.164455,-0.388575,0.100400,-0.484294,-0.153103,0.963193,1.061217,0.188116
0.851153,0.107676,-0.179189,1.007374,0.045481,-0.221331,0.020068,0.066339,-0.070001,2.062149,1.028837,0.051459
0.856441,1.342424,-0.007729,0.411058,-0.017364,-0.008757,0.089306,1.234748,0.171460,-0.596316,1.403970,0.008354
0.858234,1.212880,0.068905,-1.186787,0.088112,0.237200,0.195919,-0.129544,0.076634,-1.597845,1.698320,0.102412
0.857056,-0.148067,-0.084275,-0.910469,0.173120,0.352013,0.175544,-1.360947,-0.153180,0.276318,0.926272,0.184699
0.855480,-0.636989,-0.233238,-0.135911,0.152936,0.383450,0.090601,-0.488922,-0.148963,0.774558,0.691829,0.178632
0.855664,-0.775335,-0.377364,-0.539846,0.061217,0.445251,-0.071845,-0.138346,-0.144126,-0.403935,1.017340,0.207158
0.857689,-0.952905,-0.444464,-0.776824,-0.047415,0.542837,-0.282323,-0.177570,-0.067100,-0.236978,1.307299,0.376626
0.861201,0.464490,-0.072836,-0.344196,-0.029181,0.654047,-0.260782,1.417395,0.371628,0.432628,0.582689,0.496636
0.865408,1.936871,0.571498,0.128009,0.067215,0.581936,-0.019045,1.472381,0.644334,0.472205,2.023479,0.343530
0.868045,0.424162,0.828429,1.623983,-0.116510,0.037560,0.048751,-1.512709,0.256931,1.495974,1.871772,0.017362
0.867944,-0.913146,0.563918,2.746146,-0.506473,-0.711022,0.031980,-1.337308,-0.264511,1.122163,2.948416,0.763090
0.867359,1.640388,0.180063,-0.610571,-0.425440,-0.994646,0.355818,2.553534,-0.383855,-3.356717,1.759572,1.296926
0.868434,3.465273,-0.045581,-5.876581,0.241000,-0.773265,0.701741,1.824885,-0.225644,-5.266010,6.822346,1.148460
0.868254,0.628216,-0.211569,-5.165392,0.699842,-0.552249,0.455893,-2.837057,-0.165988,0.711189,5.207753,1.002596
0.862853,-2.569254,-0.723471,1.017353,0.539478,-0.533332,-0.146077,-3.197470,-0.511902,6.182745,2.856481,0.596818
0.854787,-3.079403,-1.328389,4.180343,0.312412,-0.705801,-0.562775,-0.510149,-0.604918,3.162990,5.359348,0.912472
0.847540,-2.240972,-0.624687,2.090346,0.456389,-0.996974,-0.763064,0.838431,0.703702,-2.089997,3.127577,1.784515
0.837760,0.152384,1.478170,0.482419,0.544685,-0.994002,-0.767426,2.393356,2.102857,-1.607927,1.562349,1.873664
0.823966,2.726436,2.376588,1.332418,0.134121,-0.513463,-0.507420,2.574052,0.898418,0.849999,3.854473,0.539108
0.811330,1.992426,0.706952,0.467483,-0.327416,-0.062847,-0.240776,-0.734010,-1.669636,-0.864935,2.165198,0.169124
0.800998,-0.050209,-1.082629,-2.661111,-0.231211,0.027021,-0.171961,-2.042635,-1.789581,-3.128594,2.873346,0.083759
0.790529,0.213552,-0.853044,-3.178017,0.136625,0.011467,-0.128051,0.263761,0.229585,-0.516906,3.297435,0.035195
0.782939,0.478720,0.075781,-0.177021,0.196689,0.022650,-0.062104,0.265168,0.928825,3.000996,0.515996,0.043056
0.780090,-0.955441,-0.045798,1.898224,0.046028,-0.033269,-0.117490,-1.434161,-0.121579,2.075245,2.125610,0.017029
0.776015,-0.991896,-0.546672,1.435947,-0.011570,-0.080983,-0.202407,-0.036455,-0.500874,-0.462277,1.828839,0.047661
0.766630,0.711029,0.039728,0.772109,-0.075216,-0.062429,-0.160631,1.702925,0.586400,-0.663838,1.050377,0.035357
0.755106,1.102394,1.365999,1.395296,-0.266413,-0.042188,-0.044374,0.391365,1.326271,0.623187,2.242337,0.074725
0.744547,0.523974,1.559500,2.904402,-0.526978,0.024044,0.089372,-0.578420,0.193501,1.509106,3.337984,0.286271
0.738532,0.974583,0.070293,2.937128,-0.785428,0.129812,0.217278,0.450609,-1.489207,0.032726,3.095396,0.680958
0.748686,1.534447,-1.381105,-0.833796,-0.782998,0.160078,0.254966,0.559864,-1.451398,-3.770924,2.226476,0.703718
0.782736,0.979085,-1.489385,-5.040124,-0.335894,0.187738,0.231863,-0.555362,-0.108280,-4.206328,5.346001,0.201831
0.824714,-0.282777,-0.842890,-4.118163,0.093611,0.210622,0.214007,-1.261862,0.646495,0.921961,4.213038,0.098924
0.848776,-1.602352,-0.409290,-0.675288,0.101330,-0.022997,0.073852,-1.319575,0.433600,3.442875,1.786355,0.016251
0.850178,-1.846522,-0.559023,-0.861597,0.161811,-0.374329,-0.209647,-0.244170,-0.149733,-0.186309,2.112936,0.210257
0.845064,-0.888769,-1.054263,-2.544772,0.609947,-0.480526,-0.402227,0.957753,-0.495240,-1.683175,2.894347,0.764727
0.845466,-0.592585,-1.160352,-1.133665,0.918238,-0.584160,-0.474113,0.296184,-0.106089,1.411107,1.727070,1.409187
0.839573,-0.811856,-0.172356,1.042235,0.846059,-0.923668,-0.593741,-0.219271,0.987996,2.175900,1.332318,1.921507
0.797680,0.236129,2.083532,1.864395,0.644005,-1.058561,-0.681754,1.047985,2.255888,0.822160,2.805857,2.000082
0.717733,1.583906,3.804400,3.229850,0.042231,-0.802923,-0.580611,1.347777,1.720868,1.365455,5.235852,0.983578
0.654950,2.138015,1.727760,3.019520,-0.978350,-0.475463,-0.336654,0.554109,-2.076640,-0.210330,4.083352,1.296570
0.662485,2.856751,-3.007843,-1.811100,-1.336212,-0.070200,0.014463,0.718736,-4.735603,-4.830620,4.526392,1.790600
0.718672,2.509164,-4.394031,-6.117505,-0.597174,0.358889,0.404200,-0.347587,-1.386188,-4.306405,7.938972,0.648796
0.763791,-0.976122,-1.463651,-4.118414,0.105042,0.294892,0.492705,-3.485286,2.930380,1.999091,4.478440,0.340753
0.781726,-4.869275,-0.202440,0.181781,0.063705,-0.213332,0.072205,-3.893153,1.261211,4.300195,4.876870,0.054782
0.794292,-4.687714,-2.715748,0.473144,-0.025694,-0.420508,-0.490902,0.181561,-2.513308,0.291363,5.438181,0.418472
0.805985,-1.269292,-4.650584,-1.170883,0.340120,-0.133879,-0.722914,3.418422,-1.934836,-1.644027,4.960847,0.656210
0.802314,0.630435,-4.095159,0.091097,0.630703,0.154418,-0.694531,1.899727,0.555425,1.261980,4.144403,0.904005
0.785712,-0.501736,-3.609160,2.295712,0.475891,0.234846,-0.785883,-1.132171,0.485999,2.204615,4.306747,0.899237
0.773157,-1.738122,-3.792853,1.876529,0.349487,0.346688,-1.073458,-1.236386,-0.183693,-0.419183,4.574731,1.394646
0.757195,-0.984821,-2.268024,1.201805,0.535236,0.596722,-1.337627,0.753301,1.524829,-0.674724,2.749207,2.431801
0.709701,0.905044,1.226125,2.640187,0.574133,0.814408,-1.414522,1.889865,3.494149,1.438382,3.048454,2.993762
0.633095,2.397350,3.891311,3.699134,0.214895,0.880121,-1.261642,1.492306,2.665186,1.058947,5.879896,2.412533
0.560133,2.542222,4.133528,2.770744,-0.161551,0.818417,-0.946186,0.144872,0.242217,-0.928390,5.588020,1.591173
0.507247,1.569993,3.468754,1.224189,-0.264451,0.643145,-0.662401,-0.972229,-0.664774,-1.546555,3.999471,0.922345
0.475111,1.021847,3.774916,-0.403828,-0.184493,0.391156,-0.512347,-0.548146,0.306162,-1.628017,3.931570,0.449540
0.463330,1.656460,5.005924,-2.107096,-0.050453,0.203990,-0.357690,0.634613,1.231008,-1.703268,5.678291,0.172100
0.455563,2.423738,6.249849,-2.797207,0.092601,0.143816,-0.053867,0.767278,1.243925,-0.690111,7.263572,0.032160
0.437967,2.343379,6.819801,-2.127610,0.195339,0.045083,0.364434,-0.080359,0.569952,0.669597,7.518500,0.173002
0.421320,1.569824,5.901318,-1.395188,0.166820,-0.229365,0.780178,-0.773555,-0.918483,0.732422,6.263901,0.689115
0.402777,0.454334,3.356312,-1.736650,-0.052982,-0.517008,1.053033,-1.115490,-2.545006,-0.341462,3.806206,1.378983
0.361355,-0.904468,0.544114,-2.890529,-0.328532,-0.604280,1.024960,-1.358802,-2.812198,-1.153879,3.077220,1.523631
0.314108,-1.656376,-1.152159,-3.902171,-0.399939,-0.534564,0.715094,-0.751908,-1.696273,-1.011642,4.392948,0.957069
0.300318,-0.552508,-1.576324,-4.199651,-0.190710,-0.398022,0.462951,1.103868,-0.424165,-0.297480,4.519638,0.409115
0.315698,0.900933,-1.512852,-3.393542,0.161213,-0.232928,0.552432,1.453441,0.063472,0.806109,3.823157,0.385426
0.331728,-0.687139,-2.062145,-1.227677,0.483981,-0.275859,0.707418,-1.588072,-0.549293,2.165865,2.496356,0.810776
0.346045,-3.891190,-3.237493,1.124240,0.583239,-0.611424,0.457082,-3.204051,-1.175348,2.351917,5.185233,0.922931
0.363979,-3.387905,-3.555957,1.729457,0.338301,-0.735733,-0.025087,0.503285,-0.318464,0.605217,5.207087,0.656380
0.379466,0.313713,-2.376198,0.436323,-0.047304,-0.340043,-0.166838,3.701618,1.179759,-1.293134,2.436208,0.145702
0.399593,1.369383,-0.904532,-1.431921,-0.166435,0.070182,0.013474,1.055670,1.471666,-1.868244,2.178023,0.032808
0.436750,-0.900718,-0.211564,-2.193059,0.104445,0.133270,0.018506,-2.270101,0.692968,-0.761138,2.380244,0.029012
0.476041,-1.898128,-0.494628,0.095038,0.387069,0.166174,-0.213960,-0.997410,-0.283064,2.288097,1.963817,0.223215
0.495097,-0.576511,-1.749676,4.081822,0.261600,0.241276,-0.341900,1.321617,-1.255048,3.986784,4.478281,0.243544
0.495440,0.191449,-2.978660,4.453228,-0.057728,0.010706,-0.306730,0.767960,-1.228984,0.371406,5.360999,0.097530
0.485470,-0.153257,-2.202416,0.604727,-0.016792,-0.403444,-0.290435,-0.344706,0.776244,-3.848501,2.289065,0.247402
0.464971,0.141687,0.472681,-1.353267,0.251477,-0.506627,-0.266270,0.294944,2.675097,-1.957994,1.440428,0.390811
0.435025,0.758722,1.765226,0.496287,0.139352,-0.255776,-0.134596,0.617035,1.292545,1.849554,1.984435,0.102956
0.398248,0.002641,-0.063690,1.676025,-0.241044,-0.019610,-0.030522,-0.756081,-1.828916,1.179738,1.677237,0.059418
0.360123,-1.343682,-1.986365,0.725866,-0.288162,-0.045159,-0.085156,-1.346323,-1.922675,-0.950159,2.505595,0.092328
0.333068,-1.011001,-1.117606,-0.037557,-0.039794,-0.274186,-0.145992,0.332681,0.868759,-0.763423,1.507507,0.098075
0.319372,0.574469,0.569189,-0.243226,0.068478,-0.411662,-0.048443,1.585470,1.686795,-0.205669,0.844482,0.176502
0.308392,0.756129,0.202509,-0.410011,0.012958,-0.258730,0.073273,0.181660,-0.366680,-0.166785,0.883657,0.072478
0.300119,-0.652084,-1.165878,-0.186768,-0.027075,-0.033785,0.010794,-1.408213,-1.368387,0.223243,1.348839,0.001991
0.296961,-0.912236,-1.085041,-0.047172,-0.031306,-0.002091,-0.157326,-0.260152,0.080837,0.139596,1.418349,0.025736
0.285172,0.484930,0.364367,0.057070,-0.028469,-0.029700,-0.197752,1.397166,1.449408,0.104242,0.609243,0.040798
0.268149,1.043064,1.373645,1.045263,-0.142663,0.025868,-0.102536,0.558134,1.009278,0.988193,2.016794,0.031536
0.283561,0.621814,0.848428,1.245060,-0.467155,0.039414,-0.016769,-0.421250,-0.525217,0.199797,1.629925,0.220068
0.349855,1.042754,-0.634563,-0.909693,-0.673951,0.074035,0.081850,0.420940,-1.482991,-2.154753,1.522349,0.466391
0.444976,0.975337,-1.422777,-2.110185,-0.455260,0.267343,0.230101,-0.067417,-0.788214,-1.200492,2.725520,0.331680
0.547577,-0.890796,-0.850375,-0.257662,-0.172292,0.289233,0.260460,-1.866133,0.572402,1.852523,1.258191,0.181180
0.641728,-1.418649,-0.138581,0.647107,-0.195751,-0.080475,0.176058,-0.527853,0.711794,0.904769,1.565413,0.075791
0.703164,0.619108,-0.231981,-1.240175,-0.228711,-0.360102,0.268124,2.037757,-0.093400,-1.887282,1.405398,0.253873
0.729355,1.284835,-0.439692,-2.128610,-0.031632,-0.226660,0.487167,0.665727,-0.207711,-0.888435,2.524898,0.289707
0.744396,-0.252478,-0.141038,-0.781431,0.127446,0.007359,0.446199,-1.537313,0.298654,1.347179,0.833229,0.215390
0.757184,-0.346982,0.165027,0.357852,0.123262,0.201790,0.221367,-0.094504,0.306065,1.139283,0.525060,0.104916
0.758568,0.743339,0.024012,0.765636,0.090706,0.497971,0.200358,1.090321,-0.141015,0.407784,1.067393,0.296346
0.750716,-0.283130,-0.267314,0.698256,0.009975,0.725738,0.273617,-1.026469,-0.291326,-0.067380,0.799488,0.601661
0.744807,-2.329922,-0.296952,-0.193474,-0.090322,0.660739,0.129712,-2.046792,-0.029638,-0.891730,2.356724,0.461559
0.746247,-2.160426,-0.129986,-0.340656,-0.032541,0.407742,-0.087485,0.169496,0.166966,-0.147182,2.190978,0.174966
0.755876,-0.437116,-0.080027,1.055338,0.093753,0.113688,-0.127665,1.723310,0.049959,1.395994,1.145082,0.038013
0.769660,0.566940,-0.131185,1.343558,0.076981,-0.121079,-0.043535,1.004056,-0.051158,0.288220,1.464165,0.022481
0.778782,0.993715,-0.054180,-0.273950,0.013371,-0.135707,0.055553,0.426775,0.077005,-1.617508,1.032208,0.021681
0.780342,1.365171,0.017377,-0.816921,0.026965,0.051663,0.121222,0.371456,0.071557,-0.542971,1.591023,0.018091
0.779669,0.870003,-0.164399,0.212444,-0.004855,0.207236,0.090032,-0.495168,-0.181776,1.029365,0.910530,0.051076
0.780221,-0.208381,-0.402383,-0.069690,-0.099735,0.229134,0.000258,-1.078384,-0.237984,-0.282134,0.458466,0.062450
0.780781,-0.513506,-0.386729,-1.645937,-0.066605,0.217424,-0.045146,-0.305125,0.015654,-1.576247,1.767019,0.053748
0.779274,-0.318640,-0.106889,-1.351350,0.098793,0.230215,-0.068695,0.194866,0.279840,0.294587,1.392517,0.067478
0.774537,-0.419703,0.301728,1.085770,0.154590,0.200863,-0.124768,-0.101063,0.408617,2.437120,1.202534,0.079811
0.770090,-0.090472,0.566931,2.475882,-0.000211,0.091966,-0.148590,0.329231,0.265203,1.390112,2.541572,0.030537
0.772848,0.908848,0.414816,1.307488,-0.168193,-0.004653,-0.072133,0.999320,-0.152115,-1.168394,1.645479,0.033514
0.781149,1.239146,0.059980,-0.558715,-0.139620,-0.001938,0.056186,0.330298,-0.354836,-1.866203,1.360604,0.022654
0.783953,0.419439,-0.023889,-0.842908,0.014925,0.042412,0.131795,-0.819707,-0.083869,-0.284193,0.941803,0.019391
0.778174,-0.516792,0.191721,0.653257,0.056233,0.016418,0.105489,-0.936231,0.215610,1.496165,0.854737,0.014560
0.773552,-0.911503,0.349750,2.078900,-0.086896,-0.126203,0.045267,-0.394711,0.158029,1.425643,2.296734,0.025527
0.777398,-0.821218,0.163949,1.424779,-0.239140,-0.351971,0.055506,0.090285,-0.185801,-0.654121,1.652656,0.184152
0.788643,-0.060261,-0.356172,-1.183158,-0.182302,-0.488269,0.147346,0.760957,-0.520121,-2.607937,1.237074,0.293351
0.803183,0.954746,-0.810478,-3.022687,0.100751,-0.322857,0.266594,1.015007,-0.454306,-1.839529,3.271857,0.185460
0.810195,0.397997,-0.857235,-1.904789,0.305096,0.009263,0.307197,-0.556749,-0.046757,1.117898,2.126376,0.187539
0.795581,-1.792626,-0.838003,0.167651,0.154205,0.104955,0.099731,-2.190623,0.019232,2.072440,1.985916,0.044741
0.763593,-2.320569,-1.151653,-0.136438,-0.094340,-0.022679,-0.312384,-0.527943,-0.313650,-0.304089,2.594217,0.106998
0.735632,-0.173662,-1.230599,-1.548422,-0.037541,0.025211,-0.567778,2.146907,-0.078946,-1.411984,1.985483,0.324417
0.719863,1.304589,-0.358470,-1.055422,0.159245,0.234457,-0.467797,1.478251,0.872129,0.493000,1.715916,0.299163
0.707329,1.004905,0.834415,-0.037804,0.182111,0.255968,-0.192779,-0.299684,1.192885,1.017618,1.306718,0.135848
0.694579,0.944013,1.185530,-0.375606,0.201633,0.122806,0.064706,-0.060892,0.351115,-0.337802,1.561321,0.059924
0.682349,0.899473,0.923982,0.192978,0.359194,0.036481,0.221652,-0.044540,-0.261548,0.568584,1.303854,0.179481
0.665499,-0.025769,0.960283,2.495420,0.364600,-0.114839,0.200331,-0.925242,0.036301,2.302442,2.673935,0.186254
0.645425,-0.444292,0.963172,3.181300,0.100541,-0.367793,0.044890,-0.418523,0.002889,0.685880,3.353471,0.147395
0.630736,0.142155,0.464522,1.437345,-0.192425,-0.456220,-0.101283,0.586447,-0.498650,-1.743955,1.517218,0.255422
0.619649,0.722910,0.307422,0.066926,-0.441849,-0.298954,-0.167136,0.580755,-0.157100,-1.370419,0.788407,0.312538
0.611343,1.096157,0.559220,-0.566230,-0.650848,-0.063416,-0.104210,0.373247,0.251798,-0.633156,1.354586,0.438484
0.625717,0.751486,-0.020100,-1.280279,-0.595039,0.173534,0.080448,-0.344671,-0.579320,-0.714049,1.484672,0.390657
0.675722,-0.608111,-0.916185,-0.440350,-0.296418,0.300357,0.220011,-1.359597,-0.896085,0.839929,1.184526,0.226483
0.736354,-1.134752,-0.590210,1.451605,-0.142098,0.135761,0.252541,-0.526641,0.325975,1.891955,1.934727,0.102400
0.775229,-0.275149,0.121307,0.905440,-0.171330,-0.180313,0.315885,0.859603,0.711517,-0.546165,0.954067,0.161650
0.792073,-0.051165,-0.131123,-1.477953,-0.081552,-0.291731,0.373731,0.223984,-0.252430,-2.383393,1.484640,0.231433
0.801448,-0.324206,-0.420210,-1.814890,0.126298,-0.109777,0.296203,-0.273041,-0.289087,-0.336937,1.890902,0.115738
0.804934,0.301302,0.004076,0.152318,0.216072,0.187635,0.213856,0.625508,0.424286,1.967208,0.337639,0.127628
0.800840,0.565834,0.172932,1.369569,0.093847,0.401432,0.174409,0.264532,0.168856,1.217251,1.491909,0.200373
0.795036,-0.037547,-0.150377,-0.092254,-0.122996,0.442716,-0.043310,-0.603381,-0.323309,-1.461823,0.180371,0.213001
0.791861,0.236328,-0.104075,-2.592714,-0.142679,0.393623,-0.333490,0.273875,0.046302,-2.500460,2.605542,0.286512
0.792158,0.777539,0.288859,-2.306613,0.118731,0.321316,-0.301182,0.541211,0.392934,0.286101,2.451218,0.208052
0.797796,0.037483,0.410384,0.852514,0.266353,0.145168,-0.007847,-0.740056,0.121525,3.159127,0.946890,0.092079
0.807194,-0.371495,0.316780,2.332350,0.055558,-0.101796,0.163096,-0.408978,-0.093604,1.479836,2.382900,0.040049
0.814461,0.712539,0.227404,0.602574,-0.178416,-0.200429,0.170783,1.084034,-0.089376,-1.729776,0.960479,0.101171
0.817317,1.149837,-0.045431,-1.087376,-0.143616,-0.054739,0.187331,0.437298,-0.272835,-1.689950,1.583217,0.058715
0.817947,-0.151695,-0.394547,-1.221561,0.022801,0.210522,0.174261,-1.301532,-0.349116,-0.134185,1.292629,0.075206
0.817109,-1.313005,-0.251172,-0.741368,0.142510,0.390811,0.043443,-1.161310,0.143375,0.480193,1.528626,0.174930
0.814313,-1.123991,0.349388,0.686866,0.158605,0.313780,-0.083454,0.189014,0.600560,1.428234,1.362796,0.130578
0.811909,-0.411498,0.590306,2.524766,0.022363,-0.000018,-0.069210,0.712493,0.240918,1.837900,2.625307,0.005290
0.813808,0.155389,0.203602,1.910151,-0.161475,-0.272642,0.032467,0.566887,-0.386704,-0.614615,1.927246,0.101462
0.820246,0.708757,-0.198403,-0.821587,-0.153160,-0.233095,0.137564,0.553368,-0.402005,-2.731738,1.103044,0.096715
0.826819,0.966045,-0.311776,-1.635927,0.023760,0.062162,0.236808,0.257288,-0.113373,-0.814340,1.925280,0.060507
0.829628,0.389548,-0.370458,-0.226676,0.062886,0.296202,0.241503,-0.576497,-0.058682,1.409251,0.583411,0.150014
0.829046,-0.388594,-0.338379,-0.109840,-0.102322,0.320738,0.054860,-0.778142,0.032079,0.116836,0.526850,0.116352
0.827722,-0.082642,-0.000262,-1.256360,-0.166330,0.333500,-0.153622,0.305952,0.338117,-1.146520,1.259075,0.162488
0.827216,0.780458,0.479872,-0.397259,-0.017734,0.452692,-0.129155,0.863100,0.480134,0.859101,0.998602,0.221926
0.826314,0.281245,0.734332,2.277323,0.019141,0.411190,0.026917,-0.499213,0.254460,2.674582,2.409262,0.170168
0.821940,-1.248626,0.605579,2.893409,-0.221843,-0.004613,0.018896,-1.529871,-0.128753,0.616086,3.208989,0.049593
0.814388,-1.283706,0.250690,0.026377,-0.394246,-0.525841,-0.129039,-0.035080,-0.354889,-2.867032,1.308221,0.448590
0.809740,0.408446,-0.023785,-3.016305,-0.193673,-0.737718,-0.160540,1.692152,-0.274475,-3.042682,3.043927,0.607510
0.812228,1.093791,-0.139008,-2.800561,0.159915,-0.590957,-0.041090,0.685345,-0.115223,0.215744,3.009791,0.376491
0.818497,-0.126925,-0.261181,-0.257257,0.263107,-0.350379,0.069427,-1.220716,-0.122173,2.543304,0.387952,0.196811
0.824412,-0.507919,-0.299795,0.818358,0.086787,-0.188407,0.120013,-0.380994,-0.038614,1.075615,1.008746,0.057432
0.829675,1.499190,0.008234,-0.840652,-0.019102,-0.004156,0.167720,2.007109,0.308029,-1.659010,1.718818,0.028512
0.831743,3.116050,0.413174,-1.903149,0.141599,0.307079,0.245305,1.616860,0.404940,-1.062497,3.674569,0.174522
0.827319,2.000873,0.408680,0.013869,0.305991,0.560307,0.363054,-1.115177,-0.004494,1.917018,2.042230,0.539383
0.822347,-0.078881,0.028288,1.561924,0.204641,0.537512,0.480705,-2.079754,-0.380392,1.548055,1.564170,0.561874
0.825683,-1.593909,-0.430994,-0.254696,0.011644,0.389349,0.444890,-1.515028,-0.459282,-1.816620,1.670680,0.349655
0.834336,-3.121646,-0.813261,-1.995385,-0.011996,0.370749,0.152298,-1.527737,-0.382267,-1.740689,3.793103,0.160793
0.840176,-3.345390,-0.768444,-0.496104,0.040912,0.401306,-0.215792,-0.223744,0.044817,1.499281,3.468178,0.209286
0.843310,-1.075455,-0.147761,1.397192,-0.017844,0.324353,-0.378096,2.269935,0.620683,1.893296,1.769345,0.248480
0.845514,0.789729,0.438478,1.202470,-0.130179,0.253072,-0.355250,1.865184,0.586239,-0.194722,1.503951,0.207195
0.843394,0.648293,0.550888,0.611535,-0.170934,0.285167,-0.350272,-0.141436,0.112410,-0.590935,1.047729,0.233229
0.836387,0.992688,0.478792,0.588786,-0.167401,0.293274,-0.320890,0.344395,-0.072096,-0.022749,1.249536,0.217003
0.828801,1.576584,0.330741,0.201321,-0.164513,0.196817,-0.132920,0.583896,-0.148051,-0.387465,1.623434,0.083469
0.824038,-0.171641,-0.015655,-0.320895,-0.133160,0.039292,0.030538,-1.748225,-0.346396,-0.522216,0.364252,0.020208
0.824742,-1.921236,-0.197364,-0.506060,-0.084571,-0.161954,-0.016994,-1.749595,-0.181709,-0.185165,1.996546,0.033670
0.830456,-0.427405,0.074264,-0.878217,-0.023429,-0.346787,-0.004013,1.493831,0.271628,-0.372157,0.979518,0.120826
0.834743,1.591090,0.359818,-0.889430,0.108746,-0.413757,0.328678,2.018495,0.285554,-0.011213,1.857989,0.291050
0.835025,1.223525,0.197116,0.366065,0.214057,-0.358800,0.670210,-0.367565,-0.162702,1.255495,1.292235,0.623739
0.835409,0.200406,-0.249608,1.300096,0.099547,-0.173369,0.635050,-1.023119,-0.446724,0.934031,1.338924,0.443255
0.834383,-0.642796,-0.484088,0.255213,-0.106598,0.140318,0.344723,-0.843202,-0.234480,-1.044883,0.844193,0.149886
0.829673,-2.181988,-0.319058,-1.188992,-0.104220,0.362610,0.082929,-1.539192,0.165030,-1.444205,2.505309,0.149225
0.831185,-2.466586,-0.200607,-1.315547,0.067382,0.342534,-0.080611,-0.284598,0.118451,-0.126555,2.802669,0.128368
0.844279,-0.236897,-0.388222,-0.866457,0.164610,0.237501,-0.096500,2.229689,-0.187615,0.449090,0.978562,0.092815
0.855205,1.402102,-0.257576,-0.555889,0.151124,0.065657,0.085913,1.638999,0.130646,0.310568,1.530114,0.034530
0.854214,0.450244,0.229637,-0.533060,0.184791,-0.278725,0.290126,-0.951858,0.487213,0.022829,0.734579,0.196008
0.848533,-1.428562,-0.133025,-1.362644,0.437194,-0.549387,0.238926,-1.878806,-0.362662,-0.829584,1.978708,0.550050
0.842279,-2.617869,-1.294535,-2.251026,0.885532,-0.606182,-0.135751,-1.189307,-1.161510,-0.888382,3.687299,1.170052
0.831724,-2.130719,-1.279844,-1.517864,1.215157,-0.728267,-0.618988,0.487150,0.014691,0.733162,2.912366,2.390126
0.814943,0.172260,0.875004,0.831603,1.147878,-0.802720,-0.891996,2.302979,2.154848,2.349467,1.219372,2.757640
0.783866,2.049982,3.660117,3.834151,0.649659,-0.461866,-0.833360,1.877722,2.785113,3.002548,5.683273,1.329866
0.732638,2.140645,4.298499,5.912705,-0.219327,-0.078814,-0.584707,0.090663,0.638382,2.078554,7.617056,0.396198
0.687133,1.956280,1.438207,4.470285,-1.112792,-0.121014,-0.289950,-0.184365,-2.860292,-1.442420,5.087133,1.337021
0.686334,1.959678,-2.237879,-0.470184,-1.360801,-0.193341,0.003363,0.003398,-3.676086,-4.940469,3.011563,1.889171
0.729205,0.919495,-2.879933,-4.565610,-0.808189,0.062038,0.218569,-1.040183,-0.642054,-4.095426,5.475790,0.704791
0.777644,-1.206387,-1.084109,-4.122636,-0.193411,0.254515,0.247211,-2.125882,1.795824,0.442974,4.430213,0.163299
0.805759,-3.183158,-0.284903,-0.925720,-0.126513,0.074543,0.026389,-1.976771,0.799206,3.196916,3.327254,0.022259
0.815524,-3.214762,-1.350441,-0.288651,-0.231752,-0.177664,-0.329560,-0.031604,-1.065538,0.637069,3.498815,0.193883
0.816222,-0.952350,-2.452946,-2.963719,0.089411,-0.077372,-0.477320,2.262412,-1.102505,-2.675068,3.963275,0.241815
0.812336,0.635218,-1.921388,-3.493977,0.517877,0.334719,-0.260414,1.587568,0.531558,-0.530258,4.037711,0.448049
0.804822,0.079124,0.069951,-0.790803,0.396183,0.567190,0.022844,-0.556094,1.991339,2.703174,0.797824,0.479187
0.794972,0.226968,1.593302,-0.195362,0.004215,0.407795,0.152346,0.147844,1.523351,0.595441,1.621201,0.189524
0.786346,1.685440,1.504803,-1.766585,-0.002095,0.224062,0.250023,1.458472,-0.088499,-1.571223,2.868094,0.112720
0.777722,1.535868,0.969990,-0.586902,0.202525,0.226728,0.296486,-0.149572,-0.534813,1.179683,1.908985,0.180326
0.764098,0.152460,1.150507,2.493370,0.157772,0.163643,0.138270,-1.383408,0.180517,3.080272,2.750237,0.070790
0.750653,0.200533,1.461144,3.365886,-0.024869,-0.079704,-0.080871,0.048073,0.310637,0.872516,3.674826,0.013511
0.739302,0.792708,1.165377,2.390354,-0.143042,-0.320879,-0.163118,0.592175,-0.295767,-0.975532,2.774938,0.150032
0.711992,0.155605,0.664495,1.528423,-0.299184,-0.410404,-0.199438,-0.637103,-0.500882,-0.861931,1.673871,0.297718
0.670908,-0.050528,0.354957,0.302086,-0.492216,-0.252369,-0.263318,-0.206133,-0.309538,-1.226337,0.468832,0.375303
0.657750,1.277783,-0.150372,-1.631752,-0.540597,0.079820,-0.226254,1.328311,-0.505329,-1.933838,2.077969,0.349807
0.686732,1.657000,-0.773960,-2.358289,-0.425424,0.136070,-0.039225,0.379217,-0.623588,-0.726537,2.984324,0.201039
0.721236,0.252637,-0.705162,-0.716926,-0.279964,-0.331888,0.181455,-1.404363,0.068798,1.641363,1.036852,0.221455
0.744264,-0.146493,-0.145474,0.725356,-0.147365,-0.779660,0.331413,-0.399130,0.559688,1.442282,0.754165,0.739421
0.773374,1.041469,-0.140903,-0.565350,-0.006168,-0.604737,0.389654,1.187962,0.004571,-1.290706,1.193370,0.517575
0.804943,1.263253,-0.575342,-2.363098,0.072818,-0.029467,0.365947,0.221784,-0.434439,-1.797748,2.740631,0.140088
0.818992,-0.010478,-0.591274,-1.617579,0.015171,0.397212,0.240746,-1.273731,-0.015932,0.745519,1.722288,0.215966
0.819468,-0.768348,-0.178765,0.355637,-0.089899,0.578792,0.068153,-0.757870,0.412509,1.973216,0.865328,0.347727
0.817262,0.074201,0.248845,1.049132,-0.131937,0.644497,0.042213,0.842549,0.427610,0.693495,1.080790,0.434566
0.807215,0.910214,0.501608,0.765650,-0.178038,0.507579,0.141571,0.836013,0.252763,-0.283482,1.290860,0.309376
0.789010,-0.707497,0.412038,0.681702,-0.270027,0.068051,0.063668,-1.617711,-0.089570,-0.083948,1.065385,0.081599
0.775264,-3.222484,0.112482,0.389706,-0.218019,-0.451796,-0.116345,-2.514987,-0.299556,-0.291996,3.247911,0.265188
0.772722,-2.106585,-0.056272,-0.990053,0.069449,-0.676245,0.042068,1.115899,-0.168754,-1.379759,2.328320,0.463900
0.781331,1.766541,-0.169240,-2.558936,0.314203,-0.521927,0.452868,3.873126,-0.112968,-1.568883,3.114075,0.576221
0.800866,2.714591,-0.315266,-2.212049,0.281079,-0.285945,0.577179,0.948050,-0.146026,0.346887,3.515901,0.493906
0.822663,0.301474,-0.210790,-0.095591,0.135403,-0.219122,0.355591,-2.413117,0.104476,2.116458,0.380075,0.192793
0.833085,-0.703442,0.127558,0.973078,0.109374,-0.188003,0.197387,-1.004916,0.338348,1.068669,1.207469,0.086269
0.831114,0.840626,0.323555,-0.011067,0.181242,0.040333,0.248001,1.544068,0.195997,-0.984145,0.900812,0.095980
0.826078,1.818013,0.317849,-0.668458,0.234482,0.358431,0.290905,0.977387,-0.005706,-0.657391,1.962915,0.268080
0.821077,0.731120,0.284588,0.404776,0.205054,0.480221,0.198927,-1.086893,-0.033261,1.073234,0.882820,0.312231
0.811720,-0.784409,0.200976,1.541168,0.075867,0.397808,0.075253,-1.515529,-0.083612,1.136392,1.740944,0.169670
0.797195,-0.909530,-0.046026,1.324764,-0.074645,0.348050,-0.015813,-0.125121,-0.247002,-0.216404,1.607595,0.126961
0.784907,-0.167432,-0.412346,0.384272,-0.138348,0.433884,-0.146109,0.742098,-0.366320,-0.940492,0.587986,0.228743
0.783471,-0.282653,-0.707358,-0.457197,-0.120412,0.540891,-0.301809,-0.115221,-0.295012,-0.841469,0.888413,0.398151
0.792431,-1.031020,-0.726201,-1.061528,-0.085037,0.552856,-0.354993,-0.748367,-0.018843,-0.604331,1.648397,0.438901
0.802813,-0.868543,-0.386837,-1.199866,-0.064332,0.460837,-0.293964,0.162477,0.339364,-0.138338,1.530911,0.302924
0.808506,-0.015853,0.122235,-0.566297,-0.065441,0.298222,-0.227378,0.852690,0.509072,0.633569,0.579556,0.144920
0.811101,0.362434,0.444479,0.369779,-0.044921,0.119844,-0.178335,0.378287,0.322244,0.936076,0.682390,0.048184
0.813255,0.585377,0.496527,0.611910,0.029544,0.021185,-0.076702,0.222943,0.052048,0.242131,0.981651,0.007205
0.814333,1.190996,0.475044,0.254345,0.062105,0.026017,0.065906,0.605619,-0.021483,-0.357565,1.307222,0.008878
0.812913,1.188870,0.390654,0.296647,-0.018242,-0.003787,0.137270,-0.002126,-0.084390,0.042302,1.286088,0.019190
0.808489,0.004484,0.247723,0.673947,-0.095971,-0.196943,0.113116,-1.184386,-0.142931,0.377300,0.718047,0.060792
0.801920,-0.902933,0.328659,0.801349,-0.094345,-0.490878,0.090605,-0.907417,0.080936,0.127402,1.251185,0.258071
0.796983,-0.672243,0.513102,0.842692,-0.102792,-0.710418,0.075969,0.230690,0.184443,0.041343,1.193865,0.521031
0.797889,-0.520082,0.212842,0.327050,-0.092501,-0.687398,0.006564,0.152161,-0.300260,-0.515642,0.650191,0.481116
0.804121,-0.445556,-0.424002,-1.466528,0.083648,-0.337649,-0.009460,0.074526,-0.636844,-1.793578,1.590284,0.121093
0.812079,1.009075,-0.598955,-2.922824,0.292203,0.171487,0.129367,1.454631,-0.174953,-1.456296,3.149584,0.131526
0.819829,2.350297,-0.302843,-2.003721,0.247363,0.500215,0.219616,1.341222,0.296112,0.919103,3.103306,0.359635
0.825724,1.028802,-0.139289,-0.085928,0.051763,0.563079,0.089130,-1.321495,0.163554,1.917793,1.041738,0.327682
0.827280,-0.917625,-0.073646,0.253871,0.024673,0.556721,-0.064300,-1.946427,0.065643,0.339799,0.954940,0.314682
0.825219,-0.613705,0.179771,-0.489432,0.123289,0.524903,-0.080953,0.303920,0.253417,-0.743303,0.805292,0.297277
0.823588,0.054268,0.298102,-0.458899,0.111187,0.358650,-0.103263,0.667973,0.118331,0.030533,0.549907,0.151656
0.824714,-0.700640,0.095465,0.143136,0.008579,0.117082,-0.156520,-0.754908,-0.202637,0.602035,0.721455,0.038280
0.827617,-0.723091,0.036992,0.577013,-0.083489,-0.082938,-0.067691,-0.022451,-0.058473,0.433877,0.925836,0.018431
0.830456,0.866676,0.211321,1.049795,-0.163753,-0.220071,0.120847,1.589767,0.174329,0.472782,1.377626,0.089850
0.832808,1.877751,0.157926,0.741303,-0.128125,-0.199182,0.228589,1.011075,-0.053395,-0.308492,2.024949,0.108342
0.835754,1.300466,-0.089461,-0.957381,0.059713,0.050734,0.252592,-0.577285,-0.247387,-1.698684,1.617341,0.069942
0.839019,0.240523,-0.229284,-1.841877,0.142615,0.354971,0.208510,-1.059943,-0.139823,-0.884496,1.871612,0.189820
0.839613,-0.019784,-0.353153,-0.905642,0.058665,0.519752,0.035915,-0.260307,-0.123869,0.936235,0.972263,0.274874
0.836350,0.390681,-0.293103,-0.583510,0.076341,0.479102,-0.171761,0.410465,0.060050,0.322132,0.760937,0.264869
0.833056,-0.084541,0.294882,-0.632498,0.100002,0.170325,-0.211362,-0.475222,0.587985,-0.048988,0.702963,0.083685
0.833429,-0.877935,0.845279,1.757260,-0.170063,-0.257902,-0.001356,-0.793394,0.550397,2.389758,2.138511,0.095437
0.836890,0.460789,0.607812,4.126993,-0.420497,-0.426620,0.338056,1.338724,-0.237467,2.369733,4.196884,0.473104
0.842073,1.982937,-0.071772,2.023716,-0.220203,-0.304428,0.477342,1.522148,-0.679584,-2.103277,2.834187,0.369021
0.846185,-0.229530,-0.607953,-1.906809,0.140659,-0.203708,0.176538,-2.212467,-0.536181,-3.930525,2.014500,0.092448
0.842125,-3.607460,-1.060811,-2.527075,0.232112,-0.152092,-0.309868,-3.377930,-0.452858,-0.620266,4.530474,0.173026
0.828525,-3.493905,-1.376660,-0.667882,0.143044,0.004782,-0.568505,0.113555,-0.315849,1.859193,3.814267,0.343682
0.812270,-1.519810,-1.160863,0.206059,0.103133,0.149332,-0.604789,1.974095,0.215797,0.873941,1.923509,0.398706
0.790271,-0.669509,-0.311905,-0.563633,0.160380,0.140554,-0.568055,0.850301,0.848958,-0.769692,0.929091,0.368164
0.754985,0.394834,0.931803,-1.655838,0.266182,0.092173,-0.372944,1.064343,1.243708,-1.092205,1.940606,0.218436
0.719374,2.273435,1.906295,-1.416656,0.302438,0.080939,-0.065020,1.878601,0.974492,0.239182,3.287762,0.102247
0.697868,2.422716,1.724254,0.696740,0.191334,-0.009252,0.058633,0.149281,-0.182041,2.113396,3.054186,0.040132
0.678488,0.587378,0.722400,2.881767,0.011361,-0.229829,-0.057842,-1.835338,-1.001854,2.185027,3.028441,0.056296
0.649439,-0.515583,0.360893,3.221690,-0.120322,-0.445687,-0.193019,-1.102961,-0.361507,0.339923,3.282584,0.250371
0.619711,-0.129687,0.746675,1.939974,-0.155517,-0.505873,-0.240901,0.385896,0.385782,-1.281716,2.082749,0.338126
0.594867,0.358933,0.527134,0.212693,-0.118103,-0.376512,-0.227641,0.488620,-0.219541,-1.727281,0.672266,0.207530
0.571704,0.547060,-0.392573,-1.036987,-0.089858,-0.114551,-0.169038,0.188127,-0.919707,-1.249680,1.236418,0.049770
0.559000,0.751319,-0.692107,-1.237321,-0.120974,0.180856,-0.081353,0.204259,-0.299534,-0.200334,1.604511,0.053962
0.574991,0.783859,-0.132709,-0.434224,-0.188166,0.376846,0.033881,0.032540,0.559398,0.803097,0.905868,0.178567
0.622241,0.528049,0.267823,0.882639,-0.261208,0.333150,0.153798,-0.255810,0.400532,1.316863,1.062834,0.202872
0.675315,0.022557,0.223159,1.893802,-0.324781,0.003576,0.186406,-0.505492,-0.044664,1.011163,1.907038,0.140243
0.705838,-0.928857,0.199100,1.829808,-0.382614,-0.462819,0.098528,-0.951414,-0.024059,-0.063994,2.061702,0.370303
0.715211,-1.945041,0.104436,0.872530,-0.389347,-0.778402,-0.012080,-1.016184,-0.094664,-0.957278,2.134338,0.757647
0.721819,-1.582910,-0.258886,-0.804457,-0.170321,-0.703929,-0.011496,0.362131,-0.363322,-1.676987,1.794374,0.524657
0.731124,0.590695,-0.522476,-3.246504,0.245491,-0.251379,0.125746,2.173605,-0.263590,-2.442047,3.340912,0.139269
0.739975,2.089935,-0.585885,-4.082433,0.405439,0.246341,0.199376,1.499240,-0.063409,-0.835929,4.623565,0.264815
0.747921,0.947854,-0.634560,-1.071802,0.140246,0.493762,0.052211,-1.142081,-0.048675,3.010631,1.565201,0.266196
0.752623,-0.151428,-0.361394,2.089174,-0.058822,0.608408,-0.073108,-1.099282,0.273166,3.160976,2.125602,0.378965
0.752911,1.137244,0.316099,1.322743,0.002756,0.680833,0.020429,1.288672,0.677493,-0.766431,1.772820,0.463959
0.755013,1.279952,0.745655,0.491346,-0.111363,0.387565,0.078427,0.142708,0.429556,-0.831397,1.560673,0.168759
0.764416,-1.484415,0.639955,2.890227,-0.372820,-0.252625,0.052039,-2.764367,-0.105700,2.398881,3.311562,0.205522
0.778727,-1.847629,0.303001,2.770785,-0.205376,-0.573446,0.267025,-0.363214,-0.336954,-0.119442,3.344068,0.442322
0.793089,1.246879,-0.219540,-2.537348,0.312725,-0.369868,0.543797,3.094508,-0.522541,-5.308133,2.835673,0.530314
0.802597,1.147354,-0.943095,-5.298180,0.562198,-0.177969,0.367833,-0.099525,-0.723555,-2.760832,5.502414,0.483041
0.799050,-2.389925,-1.450057,-1.903912,0.480434,-0.175453,-0.099383,-3.537279,-0.506962,3.394268,3.382202,0.271478
0.780272,-2.700645,-1.417026,1.360983,0.358359,-0.066465,-0.343464,-0.310720,0.033031,3.264895,3.339719,0.250806
0.756687,-0.259716,-0.992193,1.393990,0.160283,0.087744,-0.352448,2.440929,0.424833,0.033007,1.730638,0.157609
0.731513,-0.010658,-0.315464,1.122717,-0.108464,0.040139,-0.315679,0.249058,0.676729,-0.271273,1.166244,0.113029
0.696744,-0.527191,0.583478,0.763809,-0.142995,-0.071106,-0.183610,-0.516533,0.898942,-0.358908,1.096258,0.059216
0.657844,0.795972,1.325068,-1.029980,0.126349,-0.067250,0.016672,1.323163,0.741590,-1.793789,1.857481,0.020765
0.617456,1.453324,1.531661,-2.321118,0.427054,-0.085655,0.090549,0.657352,0.206593,-1.291138,3.137790,0.197911
0.549100,0.200178,1.435439,-1.437480,0.563417,-0.250966,0.002752,-1.253146,-0.096222,0.883638,2.041300,0.380430
0.448215,-0.529399,1.263878,0.685139,0.458000,-0.526170,-0.162067,-0.729577,-0.171561,2.122619,1.532014,0.512885
0.366709,-0.377339,0.866411,3.127900,0.099196,-0.865275,-0.365561,0.152060,-0.397467,2.442761,3.267539,0.892176
0.341915,-0.578002,0.412554,4.357385,-0.243309,-1.068656,-0.486207,-0.200663,-0.453857,1.229485,4.414872,1.437622
0.351373,-0.113508,0.091097,2.039260,-0.210643,-0.816332,-0.398637,0.464494,-0.321457,-2.318125,2.044447,0.869680
0.364822,1.305236,-0.309110,-2.144230,0.082875,-0.215152,-0.247404,1.418744,-0.400207,-4.183490,2.529212,0.114367
0.377381,1.378830,-0.383189,-3.115621,0.183449,0.181663,-0.228835,0.073594,-0.074079,-0.971391,3.428571,0.119020
0.388905,0.025908,0.273510,-0.328813,0.014986,0.148003,-0.244776,-1.352922,0.656699,2.786808,0.428482,0.082045
0.398485,-0.199480,0.456555,1.694147,-0.099424,0.004136,-0.155305,-0.225388,0.183045,2.022960,1.765890,0.034022
0.409409,0.594702,-0.495690,1.214096,-0.085948,-0.032566,-0.070545,0.794182,-0.952245,-0.480051,1.439933,0.013424
0.418983,0.316093,-0.811464,0.528965,-0.143406,-0.078661,-0.086183,-0.278609,-0.315774,-0.685131,1.018917,0.034180
0.422393,-0.465840,0.188420,0.221039,-0.189168,-0.142993,-0.102161,-0.781933,0.999884,-0.307926,0.548969,0.066668
0.420811,-0.110897,0.491434,-0.844874,-0.030537,-0.083425,-0.088313,0.354943,0.303014,-1.065913,0.983676,0.015691
0.401331,0.501208,-0.248459,-1.202182,0.060094,0.033415,-0.119763,0.612105,-0.739893,-0.357308,1.325965,0.019071
0.349153,0.352433,0.044984,0.748231,-0.209717,0.085370,-0.100684,-0.148775,0.293443,1.950413,0.828301,0.061407
0.308330,0.626072,1.242910,2.340704,-0.507589,0.166119,0.074839,0.273639,1.197926,1.592473,2.723176,0.290843
0.349214,1.290287,1.239801,1.382749,-0.510979,0.218776,0.217089,0.664215,-0.003109,-0.957955,2.261403,0.356090
0.454101,0.374330,0.244676,0.563892,-0.455309,-0.042635,0.202999,-0.915957,-0.995125,-0.818857,0.719697,0.250333
0.544046,-1.272756,-0.143550,1.143526,-0.454076,-0.478404,0.230511,-1.647086,-0.388226,0.579634,1.717022,0.488191
0.602297,-0.803144,-0.145439,0.011122,-0.265934,-0.556069,0.328927,0.469612,-0.001889,-1.132404,0.816282,0.488127
0.654927,1.307402,-0.442743,-2.919096,0.074976,-0.159087,0.324890,2.110546,-0.297304,-2.930218,3.229000,0.136484
0.692270,2.532192,-0.457076,-3.530266,0.249444,0.298841,0.280545,1.224790,-0.014333,-0.611170,4.368489,0.230234
0.703422,1.975961,-0.035126,-0.907506,0.116277,0.451772,0.215181,-0.556231,0.421950,2.622760,2.174678,0.263921
0.707385,-0.102862,-0.009339,1.426380,-0.124012,0.373085,-0.024203,-2.078823,0.025787,2.333886,1.430115,0.155157
0.710809,-2.594339,-0.398148,1.031603,-0.092071,0.405361,-0.253427,-2.491477,-0.388809,-0.394777,2.820163,0.237020
0.708302,-3.768831,-0.373427,-0.368907,0.205962,0.536773,-0.223458,-1.174492,0.024721,-1.400510,3.805211,0.380479
0.711562,-3.028488,0.112821,0.324894,0.286204,0.395924,-0.075351,0.740343,0.486248,0.693801,3.047954,0.244346
0.727279,-0.903030,0.422769,2.513511,0.035831,0.017536,0.113003,2.125458,0.309948,2.188617,2.704059,0.014361
0.742803,1.121795,0.440409,3.016082,-0.168665,-0.219915,0.358011,2.024825,0.017640,0.502571,3.247943,0.204982
0.753717,1.212109,0.372583,1.661937,-0.218575,-0.246573,0.446228,0.090314,-0.067826,-1.354145,2.090469,0.307693
0.766155,0.494629,0.124753,0.180284,-0.203231,-0.116609,0.390524,-0.717480,-0.247830,-1.481653,0.541039,0.207409
0.776303,1.257901,-0.226657,-1.376292,-0.079110,0.190683,0.382627,0.763272,-0.351410,-1.556576,1.878262,0.189022
0.778166,1.471240,-0.363086,-2.456948,0.054620,0.471025,0.181392,0.213339,-0.136429,-1.080656,2.886689,0.257751
0.775874,-0.799780,-0.393231,-2.131635,0.085519,0.553114,-0.302186,-2.271020,-0.030145,0.325313,2.310443,0.404565
0.774167,-1.914811,-0.442777,-1.707131,0.137961,0.551165,-0.513850,-1.115031,-0.049546,0.424504,2.603238,0.586858
0.774704,0.051239,-0.123532,-1.227773,0.170374,0.436032,-0.232272,1.966050,0.319245,0.479358,1.235035,0.273101
0.780662,1.284918,0.527269,1.184119,-0.001814,0.093917,0.091356,1.233679,0.650801,2.411892,1.825148,0.017170
0.791012,0.330023,0.757119,3.401271,-0.208404,-0.230791,0.209843,-0.954895,0.229850,2.217152,3.500113,0.140731
0.799314,0.019382,0.383028,1.748839,-0.166619,-0.250546,0.251891,-0.310641,-0.374091,-1.652432,1.790398,0.153984
0.803548,0.967130,-0.019702,-1.571721,0.043138,-0.041839,0.273921,0.947748,-0.402730,-3.320560,1.845545,0.078644
0.806630,0.958749,-0.237928,-1.933545,0.142195,0.167728,0.220221,-0.008381,-0.218226,-0.361824,2.171268,0.096849
0.809606,-0.757525,-0.467771,0.205706,0.042831,0.262135,0.038990,-1.716274,-0.229843,2.139251,0.913766,0.072069
0.811661,-1.965510,-0.539596,0.904818,-0.047058,0.292938,-0.172810,-1.207985,-0.071825,0.699112,2.230042,0.117890
0.812021,-0.483734,-0.094199,-0.478838,0.026745,0.323366,-0.155799,1.481776,0.445397,-1.383656,0.687137,0.129554
0.809650,1.519991,0.599748,-0.495342,0.050177,0.200553,0.062352,2.003725,0.693947,-0.016504,1.707464,0.046627
0.803381,0.427104,0.809245,1.593049,-0.133079,-0.180693,0.110339,-1.092887,0.209497,2.088391,1.837145,0.062535
0.792396,-1.864687,0.461500,2.051123,-0.259682,-0.561961,-0.047161,-2.291791,-0.347745,0.458074,2.810186,0.385459
0.780547,-1.456115,0.193312,0.134383,-0.154460,-0.710223,-0.053897,0.408572,-0.268188,-1.916740,1.475025,0.531179
0.777585,0.137051,0.130517,-0.993180,-0.003462,-0.678305,0.155471,1.593166,-0.062795,-1.127563,1.011051,0.484281
0.786257,0.388765,-0.148329,-1.115734,0.078156,-0.464968,0.318342,0.251714,-0.278846,-0.122554,1.190799,0.323645
0.796200,0.798815,-0.549638,-1.597852,0.121720,-0.045759,0.313426,0.410050,-0.401309,-0.482118,1.869047,0.115146
0.800943,1.543468,-0.664913,-1.280442,0.093341,0.369050,0.186540,0.744653,-0.115275,0.317410,2.112803,0.179708
0.805830,0.374297,-0.513817,-0.339040,0.053319,0.607170,0.004051,-1.169171,0.151096,0.941402,0.720454,0.371515
0.812695,-1.503634,-0.195707,-0.466401,0.128526,0.678914,-0.137490,-1.877931,0.318110,-0.127361,1.586426,0.496347
0.815760,-1.397847,0.320738,-0.079629,0.191893,0.561031,-0.170502,0.105787,0.516445,0.386772,1.436381,0.380650
0.814238,-0.267688,0.722265,2.152505,0.060812,0.331235,-0.087403,1.130159,0.401527,2.232134,2.286176,0.121054
0.813004,0.009283,0.625038,3.391151,-0.133476,0.213483,0.072926,0.276971,-0.097227,1.238646,3.448284,0.068709
0.813835,-0.222528,0.231933,2.031621,-0.172765,0.207795,0.178243,-0.231811,-0.393105,-1.359530,2.056890,0.104797
0.815115,-0.194548,-0.067042,-0.032469,-0.058780,0.202698,0.135597,0.027980,-0.298975,-2.064090,0.208321,0.062928
0.815755,0.111765,-0.311464,-1.711946,0.097643,0.317102,0.036716,0.306313,-0.244422,-1.679477,1.743634,0.111436
0.816467,0.454600,-0.512467,-2.777232,0.205802,0.556244,-0.030979,0.342835,-0.201003,-1.065286,2.860472,0.352722
0.818694,0.350604,-0.301102,-1.889906,0.171854,0.564716,-0.092806,-0.103996,0.211365,0.887326,1.945593,0.357051
0.821720,-0.522514,0.306241,1.034745,-0.029174,0.177429,-0.111032,-0.873118,0.607343,2.924651,1.198959,0.044660
0.823571,-1.300057,0.663915,3.219942,-0.232262,-0.257997,-0.017228,-0.777543,0.357674,2.185197,3.535387,0.120805
0.825191,-0.495533,0.451145,2.301533,-0.223434,-0.362804,0.115986,0.804524,-0.212770,-0.918409,2.397111,0.195002
0.828222,1.496793,-0.003084,-0.342571,-0.041051,-0.148785,0.190380,1.992326,-0.454229,-2.644104,1.535498,0.060067
0.831342,2.319845,-0.321036,-1.588375,0.083877,0.157978,0.212137,0.823052,-0.317952,-1.245804,2.829784,0.076995
0.834289,1.125720,-0.326156,-0.889853,0.062631,0.415289,0.191656,-1.194125,-0.005120,0.698522,1.471551,0.213120
0.838716,-0.223776,-0.059404,0.089300,-0.024333,0.577053,0.152215,-1.349496,0.266752,0.979153,0.248151,0.356752
0.841698,0.017402,0.228247,0.717040,-0.105247,0.600224,0.188346,0.241178,0.287651,0.627740,0.752692,0.406820
0.837440,0.992528,0.398356,1.233447,-0.147651,0.435700,0.253952,0.975126,0.170109,0.516407,1.632541,0.276127
0.825220,0.074386,0.420332,1.243430,-0.165994,0.068606,0.131601,-0.918142,0.021976,0.009983,1.314660,0.049580
0.809348,-2.707998,0.180063,0.462702,-0.168172,-0.391681,-0.138498,-2.782384,-0.240269,-0.780728,2.753138,0.200878
0.797571,-3.059110,-0.139679,-0.764432,-0.050217,-0.706572,-0.207103,-0.351112,-0.319742,-1.227134,3.156267,0.544657
0.799685,0.322436,-0.166774,-1.860322,0.183949,-0.746689,0.013977,3.381546,-0.027095,-1.095890,1.895409,0.591577
0.815782,2.051731,-0.060825,-1.801282,0.267732,-0.645779,0.229904,1.729295,0.105949,0.059040,2.730919,0.541567
0.831709,-0.162059,-0.096099,-0.355849,0.124063,-0.583612,0.275427,-2.213790,-0.035274,1.445433,0.402650,0.431855
0.837988,-1.186048,-0.002947,0.588599,0.033946,-0.565909,0.252998,-1.023989,0.093152,0.944448,1.324072,0.385413
0.840404,1.048488,0.327615,0.112064,0.073461,-0.500899,0.254739,2.234536,0.330562,-0.476535,1.104182,0.321188
0.842114,2.474011,0.485869,0.047561,0.082682,-0.340914,0.309995,1.425523,0.158254,-0.064503,2.521718,0.219156
0.834785,1.599568,0.310443,0.562356,0.167196,-0.114634,0.371779,-0.874443,-0.175426,0.514795,1.723728,0.179315
0.817404,0.030136,0.044700,-0.021374,0.361915,0.054035,0.224255,-1.569432,-0.265743,-0.583730,0.057992,0.184193
0.799922,-2.359173,-0.195888,-0.251330,0.272743,-0.000452,-0.258221,-2.389309,-0.240588,-0.229956,2.380596,0.141067
0.780095,-4.508437,-0.675151,0.889882,-0.085424,-0.201779,-0.806846,-2.149264,-0.479263,1.141212,4.644752,0.699012
0.746744,-3.297893,-1.597808,-0.222670,-0.096468,-0.152108,-1.041969,1.210544,-0.922657,-1.112552,3.671331,1.118142
0.709297,0.154886,-2.115563,-3.463131,0.203801,0.273311,-0.921873,3.452779,-0.517755,-3.240461,4.061142,0.966084
0.689806,1.563143,-1.017143,-2.911926,0.155987,0.592000,-0.659203,1.408257,1.098420,0.551205,3.457934,0.809345
0.689028,0.902044,0.849690,0.915200,-0.144197,0.469363,-0.406263,-0.661099,1.866833,3.827126,1.540535,0.406144
0.689551,0.752532,1.379127,1.774178,-0.140828,0.208761,-0.231754,-0.149512,0.529437,0.858978,2.369811,0.117124
0.682358,0.843389,0.688122,0.189196,0.044745,0.097017,-0.171617,0.090857,-0.691005,-1.584982,1.104813,0.040867
0.670665,0.528821,0.496668,0.272903,0.080716,0.029885,-0.184144,-0.314568,-0.191454,0.083707,0.775117,0.041317
0.655184,0.689611,1.005407,1.269325,0.014824,-0.067804,-0.234563,0.160790,0.508739,0.996422,1.759998,0.059837
0.630018,0.714198,1.352152,1.919692,-0.146329,-0.097784,-0.315009,0.024587,0.346745,0.650367,2.454305,0.130205
0.600603,0.222210,1.146311,2.483565,-0.374755,0.008359,-0.296637,-0.491988,-0.205841,0.563873,2.744358,0.228505
0.590114,0.987541,0.283568,1.384144,-0.417175,0.179789,-0.081564,0.765331,-0.862743,-1.099421,1.723805,0.213012
0.609462,2.176937,-0.577840,-0.897864,-0.305129,0.168297,0.165415,1.189396,-0.861408,-2.282008,2.424688,0.148790
0.644715,1.049194,-0.388863,-1.169188,-0.272711,-0.185415,0.276884,-1.127743,0.188977,-0.271324,1.618340,0.185415
0.683748,-0.700780,0.237497,-0.329359,-0.189359,-0.613743,0.312429,-1.749974,0.626360,0.839829,0.809923,0.510149
0.721552,-0.438906,-0.022146,-1.124591,0.045763,-0.720339,0.335021,0.261874,-0.259643,-0.795232,1.207408,0.633222
0.750877,-0.058137,-0.695597,-1.950366,0.120518,-0.472139,0.317060,0.380769,-0.673451,-0.825775,2.071512,0.337967
0.775437,-0.710750,-0.786398,-0.970191,-0.071754,-0.103371,0.264937,-0.652613,-0.090801,0.980175,1.436961,0.086026
0.802143,-0.445541,-0.645760,-0.172796,-0.211439,0.224991,0.173303,0.265209,0.140638,0.797395,0.803350,0.125361
0.819406,0.259958,-0.690221,-1.005474,-0.156025,0.489532,0.009007,0.705499,-0.044461,-0.832678,1.246981,0.264067
0.820446,-0.382753,-0.486519,-1.596552,-0.084998,0.667716,-0.168710,-0.642711,0.203702,-0.591078,1.712361,0.481532
0.818880,-0.990594,0.177808,-0.150003,-0.102534,0.683251,-0.225129,-0.607841,0.664327,1.446549,1.017543,0.528028
0.813592,-0.168015,0.833313,2.028175,-0.151362,0.520574,-0.114509,0.822579,0.655505,2.178178,2.199121,0.307020
0.787742,0.309315,0.938009,2.653325,-0.217064,0.222115,-0.022651,0.477330,0.104696,0.625150,2.831196,0.096965
0.752438,-0.970845,0.483211,1.797524,-0.308810,-0.204456,-0.155162,-1.280160,-0.454798,-0.855801,2.099315,0.161241
0.737489,-1.860520,0.059458,0.507992,-0.279043,-0.606154,-0.261409,-0.889675,-0.423753,-1.289532,1.929540,0.513622
0.745824,0.138009,0.058321,-1.178546,-0.001561,-0.672547,0.054156,1.998529,-0.001137,-1.686538,1.188031,0.455255
0.759937,2.909658,0.110333,-2.376352,0.281662,-0.397026,0.483312,2.771649,0.052012,-1.197806,3.758368,0.470554
0.773165,2.797902,-0.099844,-1.615118,0.250096,-0.100865,0.458717,-0.111756,-0.210177,0.761234,3.232156,0.283143
0.785483,1.364667,-0.193265,0.018997,0.051862,0.096447,0.197129,-1.433235,-0.093421,1.634115,1.378415,0.050852
0.790159,1.670362,0.007738,0.114839,0.040468,0.322097,0.150670,0.305695,0.201003,0.095842,1.674323,0.128086
0.782461,1.645152,-0.036344,-1.233759,0.204787,0.605914,0.111480,-0.025210,-0.044082,-1.348598,2.056698,0.421497
0.768771,-0.669038,-0.440051,-1.905445,0.318246,0.829165,-0.149753,-2.314190,-0.403707,-0.671686,2.066876,0.811221
0.758038,-2.245197,-0.457430,-1.026900,0.309618,0.800049,-0.311836,-1.576159,-0.017379,0.878545,2.510911,0.833183
0.752311,-1.259874,0.137376,0.486808,0.202103,0.416099,-0.146235,0.985323,0.594806,1.513708,1.357622,0.235369
0.752679,0.087778,0.591034,1.761585,0.024410,-0.082715,0.120089,1.347652,0.453658,1.274777,1.860163,0.021859
0.763768,0.615427,0.488210,2.263700,-0.117029,-0.318447,0.241706,0.527649,-0.102824,0.502115,2.396130,0.173526
0.783577,1.051703,0.200478,1.406641,-0.117327,-0.215138,0.245953,0.436276,-0.287732,-0.857059,1.767741,0.120543
0.801633,1.359618,-0.005213,-0.293796,-0.021695,0.057223,0.267440,0.307915,-0.205691,-1.700437,1.391008,0.075269
0.812109,1.273462,-0.189467,-1.321127,0.038479,0.332158,0.280412,-0.086156,-0.184254,-1.027331,1.844717,0.190440
0.816584,1.165357,-0.266675,-1.240166,0.034046,0.467046,0.175123,-0.108105,-0.077208,0.080961,1.722552,0.249959
0.816457,0.757093,-0.107122,-0.684882,0.041249,0.385165,0.021516,-0.408264,0.159553,0.555284,1.026513,0.150516
0.812093,-0.712277,0.127295,0.081895,0.059774,0.135683,-0.072982,-1.469370,0.234417,0.766777,0.728182,0.027309
0.804947,-2.033136,0.251415,0.729314,0.006331,-0.162259,-0.133598,-1.320859,0.124120,0.647419,2.174569,0.044216
0.798257,-0.912056,0.310760,0.676550,-0.109782,-0.364090,-0.097646,1.121080,0.059345,-0.052764,1.177344,0.154148
0.797710,1.454066,0.261545,0.168750,-0.178929,-0.372670,0.106979,2.366122,-0.049215,-0.507800,1.487007,0.182343
0.806370,1.896634,-0.007699,-0.498889,-0.107495,-0.212388,0.290406,0.442568,-0.269244,-0.667639,1.961165,0.140999
0.818563,1.110530,-0.247533,-1.495634,0.089472,0.041898,0.290290,-0.786104,-0.239834,-0.996745,1.879221,0.094029
0.825230,0.958294,-0.235698,-1.649144,0.219017,0.308545,0.191981,-0.152236,0.011835,-0.153510,1.921863,0.180025
0.823979,0.053176,-0.284981,-0.107314,0.141301,0.492578,0.040537,-0.905118,-0.049283,1.541830,0.309125,0.264242
0.819151,-1.629808,-0.534426,0.600188,0.064042,0.575652,-0.161924,-1.682984,-0.249445,0.707502,1.817171,0.361696
0.814672,-1.548278,-0.466934,-0.788485,0.163915,0.551428,-0.253629,0.081530,0.067492,-1.388673,1.799139,0.395269
0.811283,-0.168269,0.161565,-0.505385,0.170968,0.293194,-0.111481,1.380009,0.628499,0.283100,0.556625,0.127621
0.809727,0.538203,0.779989,2.784699,-0.111579,-0.182998,0.144668,0.706472,0.618424,3.290084,2.941529,0.066867
0.812132,0.870252,0.812073,4.238813,-0.364704,-0.514686,0.294432,0.332049,0.032084,1.454114,4.402765,0.484601
0.818543,0.916924,0.336093,1.488863,-0.295754,-0.409574,0.254650,0.046672,-0.475980,-2.749950,1.780568,0.320068
0.825460,0.358874,-0.203111,-1.793301,-0.063643,-0.021130,0.157148,-0.558050,-0.539204,-3.282164,1.840101,0.029192
0.829776,0.113794,-0.511589,-2.551255,0.058441,0.288666,0.110043,-0.245080,-0.308478,-0.757954,2.604530,0.098853
0.831652,-0.022439,-0.580472,-1.220881,-0.001638,0.366372,0.000364,-0.136233,-0.068883,1.330374,1.352036,0.134231
0.833127,-0.788102,-0.496265,0.333281,-0.118085,0.373978,-0.211064,-0.765663,0.084207,1.554162,0.989171,0.198352
0.835443,-0.841098,-0.288463,0.193037,-0.089847,0.469460,-0.290933,-0.052996,0.207802,-0.140244,0.909901,0.313107
0.836956,0.226875,0.110130,-0.840339,0.055646,0.459357,-0.146338,1.067973,0.398593,-1.033376,0.877366,0.235520
0.834388,0.437406,0.716459,0.459957,0.028662,0.082628,-0.045126,0.210531,0.606329,1.300296,0.957182,0.009685
0.825905,-0.445392,1.141351,2.987442,-0.172807,-0.475086,-0.156327,-0.882798,0.424892,2.527485,3.228911,0.280007
0.810810,-0.695771,0.924137,1.907294,-0.179033,-0.817170,-0.269960,-0.250379,-0.217214,-1.080148,2.230672,0.772698
0.791953,-0.025892,0.373419,-1.547858,0.040829,-0.877644,-0.166086,0.669879,-0.550718,-3.455152,1.592475,0.799511
0.780720,0.783108,0.066032,-1.773070,0.136803,-0.785650,0.077599,0.809000,-0.307387,-0.225212,1.939432,0.641983
0.787272,1.401064,-0.114656,0.344128,0.073738,-0.526047,0.267040,0.617956,-0.180688,2.117198,1.447256,0.353473
0.805448,1.574517,-0.303915,0.344133,0.064384,-0.106338,0.332680,0.173453,-0.189259,0.000005,1.640090,0.126129
0.820683,1.416814,-0.153056,-0.617417,0.077547,0.290832,0.340351,-0.157703,0.150859,-0.961550,1.553059,0.206436
0.827500,1.540629,0.226867,0.001057,0.039355,0.535343,0.383724,0.123815,0.379923,0.618474,1.557244,0.435385
0.829113,1.579237,0.265061,0.350780,0.055376,0.644284,0.422398,0.038608,0.038194,0.349723,1.639297,0.596588
0.829720,0.267492,-0.096443,-0.634570,0.120426,0.652770,0.276511,-1.311745,-0.361504,-0.985350,0.695365,0.517069
0.832132,-1.999780,-0.514628,-0.938517,0.095229,0.593048,-0.058932,-2.267272,-0.418185,-0.303947,2.268210,0.364247
0.835557,-2.884098,-0.702291,-0.411660,-0.008618,0.483811,-0.316912,-0.884318,-0.187663,0.526857,2.996781,0.334581
0.838309,-1.571097,-0.427073,-0.351420,-0.083284,0.306490,-0.371164,1.313001,0.275218,0.060240,1.665603,0.238635
0.841766,0.043540,0.163367,-0.041203,-0.116620,0.117471,-0.365965,1.614637,0.590440,0.310217,0.174018,0.161330
0.841470,0.629260,0.549924,1.044354,-0.150861,0.012605,-0.329898,0.585720,0.386557,1.085557,1.337557,0.131751
0.826135,0.767964,0.594946,1.637026,-0.216063,-0.086139,-0.181594,0.138704,0.045022,0.592672,1.903571,0.087080
0.799471,0.648764,0.531199,1.278310,-0.295545,-0.308583,-0.078039,-0.119200,-0.063747,-0.358716,1.528772,0.188660
0.782001,-0.134529,0.320758,0.374063,-0.265235,-0.533616,-0.156270,-0.783293,-0.210441,-0.904247,0.510790,0.379516
0.780676,-0.591687,-0.049134,-1.162034,-0.040938,-0.555707,-0.140369,-0.457158,-0.369892,-1.536097,1.304926,0.330190
0.783518,0.476669,-0.152594,-2.309854,0.196034,-0.443776,0.164822,1.068356,-0.103460,-1.147820,2.363456,0.262533
0.786637,1.801801,0.120138,-1.324075,0.197933,-0.371259,0.408358,1.325132,0.272732,0.985779,2.239217,0.343767
0.796947,1.610114,0.210962,0.673185,0.047032,-0.252931,0.330177,-0.191687,0.090824,1.997260,1.757882,0.175203
0.811045,0.913918,-0.048304,0.755104,0.019993,0.043739,0.201403,-0.696196,-0.259266,0.081919,1.186491,0.042876
0.817701,1.084150,-0.182574,-0.835860,0.135650,0.349743,0.163830,0.170232,-0.134270,-1.590964,1.381078,0.167561
0.816380,1.046889,-0.190887,-1.561291,0.227815,0.478205,0.006813,-0.037261,-0.008313,-0.725431,1.889456,0.280626
0.814858,0.205250,-0.410682,-1.388769,0.302739,0.510777,-0.212301,-0.841639,-0.219795,0.172522,1.462692,0.397616
0.815799,-0.197702,-0.429936,-1.381119,0.384892,0.470636,-0.216856,-0.402952,-0.019254,0.007650,1.459939,0.416667
0.817751,0.004801,0.186361,-0.237091,0.289007,0.214812,-0.033454,0.202503,0.616297,1.144028,0.301605,0.130788
0.820859,-0.037095,0.767330,2.314850,-0.029512,-0.171506,0.148643,-0.041896,0.580969,2.551941,2.438996,0.052380
0.824465,-0.175452,0.611155,3.106778,-0.255982,-0.375478,0.271411,-0.138357,-0.156175,0.791928,3.171177,0.280174
0.826807,0.125300,0.102422,0.742814,-0.159378,-0.254388,0.327518,0.300752,-0.508733,-2.363964,0.760239,0.197383
0.828501,0.725900,-0.211876,-1.896409,0.085450,0.060444,0.295708,0.600600,-0.314298,-2.639223,2.041614,0.098398
0.830179,0.724305,-0.410413,-2.276492,0.192542,0.346932,0.148619,-0.001595,-0.198537,-0.380083,2.423937,0.179522
0.830312,-0.512438,-0.559507,-1.162187,0.139938,0.473033,-0.088852,-1.236743,-0.149094,1.114305,1.387919,0.251238
0.829183,-1.667101,-0.411050,-0.530415,0.107786,0.435062,-0.242581,-1.154663,0.148457,0.631772,1.797089,0.259742
0.829058,-0.944203,0.019758,-0.576622,0.146658,0.267189,-0.159054,0.722898,0.430808,-0.046207,1.106527,0.118197
0.830046,0.893551,0.408388,0.149817,0.099308,0.024693,0.082939,1.837754,0.388630,0.726439,0.993810,0.017351
0.831022,1.652608,0.619708,1.747591,-0.121902,-0.188475,0.293464,0.759057,0.211320,1.597774,2.483793,0.136504
0.832166,0.820084,0.598987,2.449018,-0.347326,-0.263759,0.342974,-0.832524,-0.020721,0.701427,2.651228,0.307835
0.833528,-0.276064,0.195534,1.251024,-0.332384,-0.128829,0.223676,-1.096148,-0.403453,-1.197994,1.295958,0.177107
0.834294,-0.629982,-0.357419,-0.937851,-0.089935,0.151337,0.045387,-0.353918,-0.552953,-2.188875,1.184985,0.033051
0.834303,-0.809627,-0.587301,-1.993593,0.081489,0.354392,-0.131244,-0.179645,-0.229882,-1.055742,2.230433,0.149459
0.834113,-1.419932,-0.594971,-0.901378,0.010944,0.399006,-0.325888,-0.610305,-0.007670,1.092215,1.784007,0.265529
0.834093,-1.558675,-0.636572,-0.040865,-0.079774,0.425462,-0.432476,-0.138743,-0.041601,0.860513,1.684150,0.374417
0.834564,-0.577456,-0.326301,-1.229094,0.029977,0.408718,-0.329877,0.981219,0.310271,-1.188229,1.396639,0.276768
0.835821,0.427252,0.465430,-1.276200,0.141212,0.166065,-0.150874,1.004708,0.791731,-0.047106,1.424028,0.070281
0.836711,0.548367,0.917010,1.816329,-0.005533,-0.202410,-0.060493,0.121115,0.451580,3.092529,2.107288,0.044660
0.834327,0.364557,0.651704,3.665532,-0.238840,-0.452638,0.003671,-0.183810,-0.265306,1.849203,3.740821,0.261939
0.827698,0.343992,0.384847,1.732952,-0.288855,-0.639760,0.071673,-0.020565,-0.266857,-1.932580,1.808193,0.497867
0.820716,-0.009096,0.339814,-0.147143,-0.220895,-0.848764,0.022262,-0.353088,-0.045033,-1.880095,0.370415,0.769691
0.818137,-0.605979,-0.128958,-0.528736,-0.108242,-0.788848,-0.075704,-0.596883,-0.468772,-0.381593,0.814495,0.639729
0.820513,-0.383190,-0.887099,-2.088031,0.128936,-0.257701,-0.014874,0.222789,-0.758141,-1.559295,2.300794,0.083256
0.825960,0.291040,-1.055245,-3.329733,0.304709,0.360249,0.089372,0.674230,-0.168146,-1.241702,3.505049,0.230614
0.833139,-0.113940,-0.638754,-1.189318,0.190270,0.644825,0.003761,-0.404980,0.416491,2.140415,1.354794,0.452016
0.839795,-0.557676,-0.234032,1.198734,0.061046,0.715782,-0.093622,-0.443736,0.404722,2.388052,1.342660,0.524836
0.843116,0.539816,0.096767,0.648080,0.153356,0.708468,0.010565,1.097492,0.330799,-0.550654,0.848983,0.525557
0.843218,0.706152,0.356284,0.424576,0.131657,0.355145,0.068528,0.166336,0.259517,-0.223504,0.897694,0.148158
0.842065,-1.484429,0.414156,2.448125,-0.153585,-0.344127,-0.068574,-2.190581,0.057872,2.023549,2.892814,0.146714
0.839960,-2.171359,0.463706,2.976235,-0.293707,-0.812564,-0.078041,-0.686930,0.049550,0.528110,3.713192,0.752614
0.837475,-0.121621,0.371936,0.415038,-0.137257,-0.712928,0.145830,2.049738,-0.091770,-2.561197,0.570425,0.548372
0.837638,0.823137,-0.208406,-1.995000,0.016758,-0.333733,0.266096,0.944758,-0.580342,-2.410038,2.168182,0.182466
0.841264,0.101991,-0.687247,-2.133050,0.046728,0.014802,0.152837,-0.721146,-0.478841,-0.138050,2.243349,0.025762
0.844544,0.096165,-0.541335,-1.111907,0.049319,0.322418,-0.012136,-0.005826,0.145912,1.021143,1.240415,0.106533
0.845251,0.225546,-0.375786,-0.502120,0.051083,0.586090,-0.126129,0.129381,0.165549,0.609787,0.666491,0.362019
0.844777,-0.188071,-0.299427,-0.428280,0.051782,0.655281,-0.157310,-0.413617,0.076359,0.073840,0.555384,0.456821
0.842463,-0.000287,0.270540,0.261657,0.019252,0.404549,-0.097554,0.187784,0.569967,0.689937,0.376373,0.173547
0.836790,-0.040738,0.769620,1.761984,-0.091945,-0.055213,-0.048028,-0.040451,0.499080,1.500327,1.923165,0.013809
0.830603,-1.206750,0.431530,2.097437,-0.146834,-0.409617,-0.032165,-1.166012,-0.338090,0.335453,2.457988,0.190381
0.827049,-1.366627,-0.017038,0.381966,-0.006342,-0.465322,0.055241,-0.159877,-0.448568,-1.715471,1.419105,0.219616
0.826026,0.185061,0.043666,-1.016496,0.158355,-0.330708,0.172438,1.551688,0.060704,-1.398462,1.034127,0.164179
0.828340,0.866392,0.026543,-0.360213,0.129989,-0.194338,0.179565,0.681331,-0.017123,0.656283,0.938666,0.086908
0.834354,0.052445,-0.219377,0.723202,-0.003548,-0.091219,0.118078,-0.813947,-0.245920,1.083415,0.757560,0.022276
0.839813,-0.060249,-0.157447,0.568846,-0.057009,0.038891,0.128518,-0.112694,0.061930,-0.154356,0.593300,0.021279
0.841287,0.804699,0.064122,-0.192432,-0.015415,0.200931,0.210862,0.864948,0.221569,-0.761278,0.829869,0.085074
0.841009,0.786915,-0.013931,-0.713284,0.058718,0.346416,0.232078,-0.017784,-0.078053,-0.520852,1.062169,0.177312
0.842228,-0.158767,-0.226942,-1.000187,0.123424,0.467002,0.105640,-0.945682,-0.213011,-0.286903,1.037826,0.244484
0.845361,-0.501374,-0.368665,-0.968472,0.119488,0.587272,-0.110779,-0.342607,-0.141723,0.031715,1.151185,0.371438
0.849156,-0.430710,-0.544397,-0.744254,0.048550,0.685954,-0.297383,0.070664,-0.175732,0.224218,1.017739,0.561327
0.852121,-0.677172,-0.518688,-0.822885,0.044895,0.710627,-0.338425,-0.246462,0.025709,-0.078631,1.185217,0.621538
0.853737,0.042238,0.066959,-0.637950,0.128198,0.606508,-0.167188,0.719410,0.585647,0.184935,0.642843,0.412239
0.854394,1.530335,0.778499,1.182868,0.025183,0.260124,0.042848,1.488097,0.711540,1.820818,2.084985,0.070135
0.853550,0.582044,0.904206,4.010566,-0.381067,-0.369046,0.037744,-0.948291,0.125707,2.827698,4.152229,0.282832
0.850957,-1.976483,0.630668,4.565641,-0.645357,-0.953722,0.025597,-2.558527,-0.273538,0.555075,5.014908,1.326727
0.849550,-1.178955,0.420912,1.083410,-0.327428,-1.042537,0.361498,0.797528,-0.209756,-3.482231,1.655560,1.324773
0.851609,1.614865,0.011597,-3.236860,0.304808,-0.723239,0.689513,2.793820,-0.409315,-4.320270,3.617345,1.091411
0.852629,0.347285,-0.673782,-3.987190,0.664482,-0.505136,0.427794,-1.267580,-0.685379,-0.750330,4.058605,0.879706
0.846609,-3.510261,-0.995115,-1.212971,0.620310,-0.564724,-0.171163,-3.857546,-0.321333,2.774219,3.844930,0.732994
0.835854,-3.985916,-0.799872,1.808811,0.472183,-0.714796,-0.512824,-0.475655,0.195243,3.021782,4.449620,0.996879
0.826550,-1.843376,-0.423073,2.675205,0.444886,-0.869610,-0.629418,2.142540,0.376799,0.866394,3.276240,1.350312
0.817749,-0.926560,0.426581,1.258986,0.444643,-0.986899,-0.771061,0.916816,0.849654,-1.416219,1.620349,1.766212
0.803058,-0.401569,1.825368,-0.046715,0.238914,-0.910578,-0.767511,0.524991,1.398787,-1.305701,1.869601,1.475305
0.781078,1.222889,2.391450,0.520509,-0.117769,-0.603615,-0.464856,1.624458,0.566082,0.567224,2.735950,0.594312
0.760200,2.030047,1.089248,0.465248,-0.247165,-0.244864,-0.151848,0.807158,-1.302202,-0.055261,2.350321,0.144107
0.749252,0.868687,-0.593450,-1.931902,-0.037061,-0.033810,-0.098502,-1.161360,-1.682698,-2.397150,2.199783,0.012219
0.741916,-0.483929,-0.737110,-3.069924,0.160995,-0.049674,-0.161154,-1.352616,-0.143660,-1.138022,3.194049,0.054358
0.724119,-0.675689,-0.001490,-0.781866,0.122798,-0.225960,-0.145395,-0.191760,0.735620,2.288058,1.033379,0.087277
0.699494,-0.289876,0.112922,1.619502,-0.003388,-0.402468,-0.124236,0.385813,0.114412,2.401368,1.649111,0.177427
0.685161,0.011375,-0.074308,1.651079,-0.085789,-0.429909,-0.149191,0.301251,-0.187230,0.031577,1.652789,0.214439
0.685098,0.257607,0.013005,0.371902,-0.105467,-0.263042,-0.090133,0.246232,0.087313,-1.279177,0.452594,0.088438
0.691090,0.246473,-0.216122,-0.984927,-0.000071,-0.036986,0.039090,-0.011134,-0.229127,-1.356829,1.038046,0.002896
0.697464,-0.325936,-0.685811,-1.451032,0.171379,0.017322,0.052048,-0.572409,-0.469689,-0.466105,1.637701,0.032380
0.697979,-0.865247,-0.380991,-0.182721,0.170570,-0.115581,-0.032988,-0.539311,0.304820,1.268311,0.962909,0.043541
0.688664,-0.540182,0.474380,1.504208,-0.052402,-0.163608,-0.041527,0.325065,0.855371,1.686929,1.667176,0.031238
0.680081,0.156294,0.619573,1.437324,-0.239097,-0.002215,0.003937,0.696476,0.145193,-0.066884,1.572959,0.057188
0.684085,0.118159,-0.081746,-0.020222,-0.203329,0.100920,-0.005435,-0.038135,-0.701319,-1.457546,0.145096,0.051557
0.694489,-0.431412,-0.702144,-0.908108,-0.036575,-0.046497,-0.010659,-0.549571,-0.620398,-0.887886,1.226288,0.003613
0.701634,-0.518570,-0.800823,-0.846844,0.122071,-0.180770,0.029256,-0.087158,-0.098679,0.061264,1.275687,0.048435
0.708770,-0.219846,-0.499627,-0.786736,0.230363,-0.041689,0.004438,0.298724,0.301196,0.060108,0.957556,0.054825
0.716865,-0.094973,0.126287,-0.574258,0.228618,0.143947,-0.083835,0.124873,0.625914,0.212478,0.595601,0.080015
0.718630,0.032800,0.721995,0.680411,0.076171,0.086625,-0.091846,0.127773,0.595708,1.254669,0.992629,0.021742
0.716963,0.291557,0.689646,2.007218,-0.091365,-0.032351,-0.047989,0.258757,-0.032349,1.326807,2.142321,0.011697
0.716797,0.155506,0.252820,1.510700,-0.123223,0.038253,-0.105238,-0.136051,-0.436826,-0.496518,1.539583,0.027722
0.704063,-0.319265,0.263307,-0.010906,-0.092028,0.097989,-0.184144,-0.474771,0.010487,-1.521606,0.413980,0.051980
0.674346,-0.143335,0.574032,-0.200597,-0.110245,-0.077985,-0.074335,0.175930,0.310725,-0.189691,0.624737,0.023761
0.658337,0.678053,0.294955,0.732842,-0.118263,-0.254562,0.142410,0.821388,-0.279077,0.933439,1.041063,0.099069
0.672639,0.671785,-0.278936,0.906702,-0.079980,-0.162674,0.184705,-0.006268,-0.573891,0.173860,1.162415,0.066976
0.689341,-0.316466,-0.104192,0.278905,-0.113796,0.082423,0.050263,-0.988251,0.174744,-0.627797,0.434505,0.022269
0.693349,-0.500381,0.549620,0.392542,-0.300183,0.247399,-0.001858,-0.183915,0.653812,0.113637,0.840567,0.151320
0.708345,0.364687,0.641710,1.675193,-0.553178,0.245270,0.100114,0.865068,0.092090,1.282651,1.830590,0.376186
0.742853,0.610612,0.236100,2.106851,-0.667235,0.171103,0.200364,0.245925,-0.405610,0.431658,2.206221,0.514625
0.776396,0.268003,-0.073455,-0.245214,-0.494680,0.228015,0.244749,-0.342609,-0.309555,-2.352065,0.370609,0.356601
0.801469,0.467411,-0.453831,-3.221742,-0.177529,0.349686,0.266400,0.199408,-0.380376,-2.976528,3.286953,0.224766
0.823440,0.181173,-0.913146,-3.169916,0.012478,0.160768,0.172663,-0.286238,-0.459315,0.051826,3.303790,0.055815
0.835134,-1.509106,-0.699846,-1.197393,0.122425,-0.319679,-0.072476,-1.690279,0.213300,1.972523,2.049618,0.122435
0.831171,-2.373159,-0.117026,-0.942072,0.423776,-0.558689,-0.259675,-0.864053,0.582820,0.255321,2.555989,0.559151
0.822605,-0.957516,-0.641868,-2.203491,0.863492,-0.379905,-0.276269,1.415643,-0.524842,-1.261419,2.486806,0.966271
0.815384,0.361528,-1.847913,-2.356240,1.041809,-0.155009,-0.312844,1.319044,-1.206045,-0.152749,3.016182,1.207265
0.802104,0.046860,-1.406191,-0.724229,0.760592,-0.072958,-0.452689,-0.314668,0.441722,1.632011,1.582427,0.788750
0.783366,-0.075206,0.750073,1.661450,0.266966,-0.033090,-0.492686,-0.122066,2.156264,2.385679,1.824467,0.315105
0.768526,0.860866,2.018142,3.231231,-0.064303,-0.064755,-0.342534,0.936072,1.268069,1.569781,3.905745,0.125658
0.756450,1.527226,1.457823,2.641140,-0.131405,-0.197431,-0.156895,0.666360,-0.560319,-0.590091,3.381314,0.080862
0.741228,1.430462,0.826226,0.809049,-0.142473,-0.281406,-0.051461,-0.096764,-0.631597,-1.832091,1.839411,0.102136
0.725349,0.842744,0.862206,-0.214602,-0.195224,-0.260634,-0.017982,-0.587718,0.035980,-1.023651,1.224610,0.106366
0.709287,-0.091448,0.166614,-0.626421,-0.105685,-0.226397,-0.019769,-0.934192,-0.695592,-0.411819,0.654619,0.062816
0.688426,-0.605129,-0.998484,-0.896397,0.019812,-0.217077,-0.027299,-0.513681,-1.165098,-0.269976,1.471964,0.048260
0.663872,-0.443603,-0.118660,0.526450,-0.268562,-0.211037,-0.040183,0.161526,0.879824,1.422847,0.698580,0.118277
0.635869,-0.253962,2.151913,3.121278,-0.855239,-0.151265,-0.030165,0.189641,2.270573,2.594828,3.799685,0.755225
0.605238,0.348879,1.887771,3.660876,-1.117471,-0.002249,0.081549,0.602841,-0.264142,0.539598,4.133692,1.255397
0.595432,1.725445,-0.933808,1.206310,-0.901858,0.120086,0.268359,1.376566,-2.821579,-2.454566,2.303116,0.899785
0.635029,2.287051,-2.409450,-2.727600,-0.434870,0.065470,0.374879,0.561606,-1.475642,-3.933910,4.298355,0.333933
0.710255,0.526818,-1.523971,-5.606997,0.105711,-0.165303,0.268891,-1.760233,0.885479,-2.879397,5.834247,0.110802
0.773549,-2.604898,-0.424373,-4.670240,0.442396,-0.411888,-0.065151,-3.131716,1.099598,0.936757,5.364394,0.369611
0.797929,-3.987403,-0.672226,-2.308147,0.620506,-0.388893,-0.423811,-1.382505,-0.247853,2.362093,4.656051,0.715881
0.793628,-1.722221,-2.266214,-3.409235,1.081056,0.003988,-0.526370,2.265182,-1.593988,-1.101088,4.441245,1.445763
0.780273,1.088649,-2.936275,-4.321394,1.506059,0.386432,-0.423687,2.810870,-0.670061,-0.912159,5.336789,2.597054
0.767550,0.755087,-0.284777,0.647612,1.069547,0.424961,-0.322785,-0.333562,2.651498,4.969006,1.034725,1.428713
0.759282,-0.091134,3.380779,5.776125,0.082586,0.351383,-0.116724,-0.846221,3.665556,5.128513,6.693399,0.143915
0.757975,1.778445,3.747661,4.228735,-0.453550,0.408964,0.252106,1.869579,0.366882,-1.547390,5.923684,0.436517
0.761667,3.012151,1.447314,0.779425,-0.487880,0.402877,0.431763,1.233706,-2.300347,-3.449310,3.431512,0.586756
0.765172,0.906710,0.112638,0.869067,-0.527779,0.214761,0.280154,-2.105441,-1.334676,0.089642,1.260987,0.403159
0.766357,-1.024458,0.202827,1.423787,-0.537374,0.059512,0.144633,-1.931168,0.090189,0.554720,1.765736,0.313231
0.767073,-0.523839,-0.026054,-0.293544,-0.323778,0.044582,0.197351,0.500619,-0.228881,-1.717331,0.601044,0.145767
0.770086,-0.018514,-0.660074,-1.774054,-0.082946,0.051334,0.220771,0.505325,-0.634020,-1.480510,1.892963,0.058255
0.776332,-0.749182,-0.769666,-1.266299,-0.007155,0.027175,0.092190,-0.730668,-0.109592,0.507755,1.660474,0.009289
0.782245,-1.220568,-0.393631,-0.120436,-0.014512,0.013854,-0.056309,-0.471386,0.376035,1.145863,1.288114,0.003573
0.783415,-0.642487,-0.094904,0.244069,0.010662,0.015356,-0.083038,0.578081,0.298727,0.364505,0.693805,0.007245
0.781144,0.327665,0.010808,-0.086278,0.056286,0.027645,-0.024140,0.970152,0.105712,-0.330347,0.339006,0.004515
0.777658,0.650784,0.144586,-0.001308,0.002070,0.070726,-0.039926,0.323119,0.133778,0.084970,0.666653,0.006601
0.771316,0.065146,0.335025,0.924382,-0.225765,0.151862,-0.133327,-0.585638,0.190439,0.925690,0.985377,0.091808
0.765035,-0.112436,0.319170,1.388649,-0.452666,0.261750,-0.128475,-0.177582,-0.015855,0.464267,1.429286,0.289925
0.765392,0.690958,0.024455,0.455551,-0.423062,0.342414,-0.031649,0.803394,-0.294715,-0.933098,0.827978,0.297230
0.770500,0.645663,-0.260178,-0.660711,-0.205632,0.267319,0.034999,-0.045295,-0.284633,-1.116262,0.959746,0.114969
0.777947,-0.398614,-0.262969,-0.351263,-0.124956,-0.010287,0.217294,-1.044277,-0.002791,0.309448,0.592817,0.062937
0.795132,0.524966,0.086775,1.072906,-0.229009,-0.312163,0.633684,0.923580,0.349744,1.424169,1.197600,0.551446
0.820099,3.055234,0.419147,1.220631,-0.134799,-0.382541,0.959213,2.530268,0.332372,0.147725,3.316637,1.084598
0.834515,2.756185,0.062993,-1.452433,0.374006,-0.176342,0.895156,-0.299049,-0.356154,-2.673064,3.116101,0.972281
0.834295,-0.407282,-0.664115,-3.978344,0.851773,0.095142,0.595818,-3.163467,-0.727108,-2.525911,4.053905,1.089568
0.834394,-2.145829,-0.666028,-2.037080,0.766754,0.188626,0.249738,-1.738547,-0.001913,1.941264,3.032799,0.685861
0.833822,-2.268079,-0.406181,2.415010,0.397095,0.053057,-0.147609,-0.122250,0.259847,4.452090,3.337879,0.182288
0.820501,-3.012255,-1.177138,3.401922,0.408019,-0.127938,-0.492312,-0.744176,-0.770957,0.986912,4.693869,0.425219
0.806627,-3.147985,-1.965904,1.154773,0.663262,-0.123072,-0.685324,-0.135730,-0.788766,-2.247149,3.886912,0.924732
0.800568,-1.893562,-1.177223,1.416037,0.488122,0.074580,-0.872710,1.254423,0.788681,0.261264,2.641324,1.005448
0.770282,-1.264489,-0.216442,4.700119,-0.013175,0.242950,-1.083306,0.629073,0.960781,3.284082,4.872053,1.232750
0.707556,-1.012182,-0.745856,5.817977,-0.127014,0.238550,-1.091483,0.252307,-0.529414,1.117858,5.952283,1.264374
0.666135,0.426669,-1.176042,3.467014,0.195534,0.164412,-0.912910,1.438851,-0.430186,-2.350963,3.685825,0.898670
0.653300,1.639950,0.137997,1.341968,0.392772,0.161314,-0.825522,1.213281,1.314039,-2.125046,2.123525,0.861779
0.587355,1.441179,2.118048,1.147106,0.263090,0.196009,-0.819758,-0.198771,1.980051,-0.194862,2.806951,0.779639
0.441840,1.539571,3.560707,1.194760,0.059495,0.185611,-0.606458,0.098392,1.442659,0.047654,4.059109,0.405782
0.301215,2.539470,4.353429,0.036032,0.031058,0.156336,-0.167099,0.999899,0.792722,-1.158728,5.040094,0.053328
0.226095,2.478953,4.195022,-1.803377,0.218083,0.110733,0.173259,-0.060517,-0.158407,-1.839409,5.195728,0.089841
0.199104,0.835576,3.500154,-2.619660,0.428267,-0.030815,0.276375,-1.643377,-0.694868,-0.816283,4.451054,0.260745
0.196762,-0.050404,3.576213,-2.048977,0.483524,-0.243348,0.396996,-0.885980,0.076059,0.570683,4.121911,0.450620
0.190894,0.932950,3.977629,-1.686364,0.438825,-0.465700,0.664388,0.983354,0.401416,0.362613,4.419927,0.850855
0.135844,1.092991,2.826187,-1.386357,0.229575,-0.764049,0.755081,0.160041,-1.151442,0.300007,3.332259,1.206623
0.046903,-1.599704,0.235534,0.886447,-0.414245,-1.069665,0.429362,-2.692695,-2.590653,2.272804,1.843995,1.500134
0.002964,-4.182963,-1.939588,3.219634,-1.156005,-1.108350,0.008193,-2.583259,-2.175122,2.333187,5.623631,2.564854
0.027590,-3.212400,-3.086511,0.687950,-0.980189,-0.844617,-0.073780,0.970563,-1.146923,-2.531684,4.507698,1.679592
0.076046,-0.368928,-3.645539,-5.539624,0.271542,-0.488194,0.140196,2.843472,-0.559028,-6.227574,6.641799,0.331723
0.134104,0.741047,-3.453270,-7.789626,1.229503,-0.156582,0.268923,1.109975,0.192269,-2.250002,8.552923,1.608515
0.212865,-0.454303,-2.532145,-2.725717,0.809703,-0.036494,0.092645,-1.195350,0.921125,5.063909,3.748024,0.665534
0.285593,-2.130292,-1.803291,3.839246,-0.275450,-0.329171,-0.225214,-1.675989,0.728854,6.564963,4.746558,0.234948
0.326718,-2.250956,-1.655693,4.983436,-0.782104,-0.707972,-0.375193,-0.120664,0.147598,1.144190,5.713384,1.253681
0.353375,-0.386344,-1.260671,1.083714,-0.626079,-0.659648,-0.305746,1.864612,0.395022,-3.899722,1.706748,0.920591
0.375695,1.502425,-0.012047,-2.521831,-0.376002,-0.308320,-0.179283,1.888769,1.248624,-3.605545,2.935483,0.268581
0.377812,1.959103,1.063173,-3.153524,-0.162049,-0.070425,-0.039458,0.456678,1.075220,-0.631693,3.861753,0.032776
0.361949,1.491278,0.194689,-2.131120,0.091871,0.037125,0.072762,-0.467825,-0.868484,1.022404,2.608349,0.015113
0.350608,0.103623,-2.225500,-0.904339,0.215941,0.146159,-0.024102,-1.387655,-2.420189,1.226781,2.404458,0.068574
0.355417,-1.792910,-3.208452,0.092098,0.082344,0.243114,-0.259453,-1.896533,-0.982952,0.996437,3.676571,0.133201
0.375844,-1.772500,-1.415927,0.503300,-0.171463,0.347439,-0.277590,0.020410,1.792525,0.411202,2.323772,0.227170
0.411672,0.429908,0.706919,0.436921,-0.351169,0.464851,-0.026087,2.202408,2.122846,-0.066379,0.935658,0.340087
0.466613,1.761496,1.052903,0.526880,-0.400968,0.488201,0.192250,1.331588,0.345984,0.089959,2.118744,0.436076
0.536645,1.102556,0.600291,0.935773,-0.413827,0.399373,0.220532,-0.658940,-0.452612,0.408893,1.565775,0.379386
0.596141,0.084915,0.606640,1.045020,-0.449130,0.322512,0.152983,-1.017641,0.006349,0.109247,1.211317,0.329136
0.626137,-0.212462,0.666179,0.321047,-0.389137,0.347532,0.123478,-0.297377,0.059539,-0.723973,0.769419,0.287453
0.645495,0.336006,0.207059,-0.571067,-0.221980,0.400729,0.178195,0.548468,-0.459120,-0.892114,0.694184,0.241612
0.672981,0.839102,-0.427609,-0.276371,-0.213679,0.246641,0.217265,0.503096,-0.634668,0.294696,0.981490,0.153695
0.693921,-0.082313,-0.518777,0.985464,-0.387998,-0.201088,0.154173,-0.921415,-0.091168,1.261835,1.116711,0.214748
0.697542,-1.285998,0.003824,1.272634,-0.369221,-0.644810,0.113059,-1.203685,0.522601,0.287170,1.809255,0.564886
0.696933,-0.685965,0.329635,-0.078485,-0.106139,-0.826184,0.195822,0.600033,0.325811,-1.351119,0.765093,0.732192
0.699831,0.359871,-0.007791,-1.662202,0.069990,-0.811808,0.271863,1.045836,-0.337426,-1.583717,1.700730,0.737840
0.704746,0.189894,-0.507522,-2.517153,0.161421,-0.585803,0.282622,-0.169977,-0.499731,-0.854951,2.574820,0.449097
0.715987,0.362780,-0.717768,-2.592524,0.284928,-0.071143,0.320075,0.172886,-0.210246,-0.075371,2.714402,0.188693
0.733496,0.989059,-0.665822,-1.670430,0.183454,0.425662,0.272419,0.626279,0.051946,0.922094,2.052290,0.289056
0.747390,0.081907,-0.343398,-0.446750,-0.124310,0.615582,0.023289,-0.907152,0.322424,1.223680,0.569400,0.394937
0.752772,-0.833262,0.186988,-0.273510,-0.146097,0.696192,-0.138959,-0.915169,0.530386,0.173240,0.896715,0.525337
0.752447,0.411051,0.567284,-0.478856,0.077090,0.749415,-0.011170,1.244313,0.380296,-0.205346,0.848574,0.567690
0.749052,1.249214,0.609713,0.465134,0.019268,0.445752,0.102627,0.838163,0.042429,0.943990,1.465822,0.209598
0.745414,-0.198995,0.529916,1.463474,-0.237623,-0.207122,0.031783,-1.448209,-0.079797,0.998340,1.569129,0.100374
0.745193,-1.049631,0.441232,0.505633,-0.219254,-0.678420,0.050104,-0.850636,-0.088684,-0.957841,1.245823,0.510836
0.750857,0.389826,0.102019,-1.505197,0.029348,-0.619300,0.247472,1.439457,-0.339213,-2.010830,1.558201,0.445636
0.762961,1.876345,-0.459131,-2.051586,0.180931,-0.158717,0.381045,1.486519,-0.561150,-0.546389,2.817885,0.203122
0.776799,1.495849,-0.655547,-0.757602,0.174102,0.340477,0.335448,-0.380496,-0.196416,1.293984,1.800352,0.258761
0.784557,-0.112725,-0.255835,0.601032,0.087686,0.573823,0.187886,-1.608574,0.399712,1.358634,0.662871,0.372263
0.784642,-1.068367,0.205891,0.970135,-0.006009,0.535239,0.047779,-0.955642,0.461726,0.369103,1.457725,0.288800
0.780227,-0.767399,0.359229,0.962103,-0.048665,0.393812,-0.008059,0.300968,0.153338,-0.008032,1.282025,0.157521
0.772975,-0.737777,0.346555,1.138516,-0.087093,0.202151,-0.025631,0.029622,-0.012674,0.176413,1.400226,0.049107
0.767564,-1.239992,0.287833,1.231504,-0.170329,-0.008925,-0.036569,-0.502215,-0.058722,0.092988,1.771166,0.030429
0.770542,-0.491814,0.222237,1.236492,-0.251275,-0.153050,0.064811,0.748178,-0.065596,0.004988,1.349141,0.090764
0.779630,0.868581,0.145724,1.105149,-0.291638,-0.235733,0.238875,1.360395,-0.076513,-0.131343,1.413161,0.197684
0.787662,0.768412,-0.047582,-0.255907,-0.203934,-0.214066,0.293372,-0.100169,-0.193306,-1.361056,0.811301,0.173480
0.793365,0.221222,-0.251709,-2.632047,0.087231,0.047825,0.236247,-0.547190,-0.204127,-2.376140,2.653294,0.065709
0.797089,0.453264,-0.322437,-3.260187,0.329202,0.422201,0.144274,0.232042,-0.070728,-0.628140,3.307300,0.307443
0.797100,0.155826,-0.414114,-1.631007,0.250385,0.598630,-0.035469,-0.297438,-0.091677,1.629180,1.689957,0.422309
0.796093,-0.611960,-0.418893,-0.752771,0.090870,0.526380,-0.185827,-0.767786,-0.004779,0.878236,1.056707,0.319865
0.798469,-0.070242,0.039227,-0.905458,0.125617,0.347847,-0.056624,0.541718,0.458120,-0.152687,0.909025,0.139983
0.802471,1.358885,0.694347,0.597591,0.121792,0.138997,0.264257,1.429127,0.655120,1.503049,1.638841,0.103985
0.805665,1.575775,0.879618,3.064170,-0.132556,-0.052205,0.436031,0.216890,0.185271,2.466579,3.556112,0.210419
0.810788,0.181675,0.481743,3.223140,-0.374617,-0.147263,0.356611,-1.394100,-0.397875,0.158970,3.264003,0.289196
0.818722,-0.959686,-0.102275,0.538718,-0.293913,-0.065565,0.199552,-1.141361,-0.584018,-2.684422,1.105294,0.130505
0.824881,-0.619920,-0.473348,-2.623238,0.020037,0.179845,0.079057,0.339766,-0.371073,-3.161956,2.736738,0.038996
0.826639,-0.112852,-0.527780,-3.642969,0.205350,0.407786,-0.050087,0.507068,-0.054432,-1.019731,3.682731,0.210967
0.826466,-0.508886,-0.485260,-2.052097,0.110385,0.495187,-0.195487,-0.396034,0.042520,1.590872,2.169227,0.295610
0.826653,-0.622986,-0.390532,-0.335462,0.005262,0.530502,-0.253095,-0.114100,0.094728,1.716635,0.808184,0.345517
0.827311,0.188213,0.037357,-0.198808,0.101786,0.522838,-0.171395,0.811199,0.427889,0.136654,0.276305,0.313096
0.828744,0.744573,0.624125,0.070429,0.169087,0.342347,-0.037860,0.556360,0.586768,0.269237,0.974105,0.147225
0.829989,0.528996,0.745164,1.508624,0.008886,0.030530,0.038308,-0.215577,0.121039,1.438195,1.763818,0.002479
0.827216,0.335890,0.520972,2.251533,-0.166788,-0.327316,0.057852,-0.193106,-0.224192,0.742909,2.335302,0.138301
0.819852,0.107971,0.585967,1.628639,-0.155358,-0.792178,0.105277,-0.227919,0.064995,-0.622894,1.734209,0.662765
0.814430,-0.902390,0.560766,0.503863,0.033394,-1.091524,0.200648,-1.010361,-0.025201,-1.124776,1.175859,1.232799
0.815032,-1.301120,-0.271163,-1.812176,0.362793,-0.666490,0.247171,-0.398730,-0.831929,-2.316039,2.247315,0.636921
0.816376,0.327183,-1.157863,-3.990050,0.531326,0.203569,0.126347,1.628303,-0.886700,-2.177874,4.167517,0.339711
0.814416,0.893519,-1.031308,-1.474891,0.151129,0.537456,-0.185694,0.566336,0.126555,2.515159,2.009297,0.346181
0.812580,-1.652196,-0.402087,3.655375,-0.369603,0.366526,-0.513528,-2.545715,0.629221,5.130266,4.031525,0.534659
0.809036,-2.545393,-0.071019,3.186957,-0.316990,0.516197,-0.588484,-0.893197,0.331068,-0.468418,4.079309,0.713255
0.795046,0.404079,0.309442,-0.983007,-0.034815,0.673281,-0.390623,2.949472,0.380461,-4.169964,1.106949,0.607106
0.775650,1.690277,0.933202,0.499352,-0.169645,0.040376,-0.089958,1.286198,0.623760,1.482359,1.994306,0.038502
0.770636,-0.091274,1.053727,4.374820,-0.252693,-0.696057,0.333518,-1.781551,0.120525,3.875468,4.500858,0.659583
0.783540,-0.048300,0.326198,1.199708,0.216255,-0.546642,0.825175,0.042974,-0.727529,-3.175112,1.244201,1.026497
0.791422,0.949861,-0.646535,-4.074473,0.585609,-0.071291,0.887199,0.998161,-0.972733,-5.274181,4.233388,1.135142
0.776556,-1.700437,-1.299112,-2.369263,0.384298,-0.050013,0.272194,-2.650298,-0.652577,1.705210,3.192583,0.224276
0.745550,-5.027042,-1.459528,1.855695,0.158129,-0.139906,-0.436231,-3.326605,-0.160416,4.224958,5.553825,0.234876
0.710457,-3.724338,-0.999681,1.995415,0.196548,-0.024288,-0.646235,1.302704,0.459847,0.139720,4.341859,0.456841
0.678279,-0.213938,-0.029196,0.701155,0.151022,0.015861,-0.494137,3.510400,0.970485,-1.294260,0.733649,0.267231
0.657895,1.133694,0.941164,0.389343,0.015575,-0.020179,-0.320127,1.347632,0.970360,-0.311812,1.524021,0.103131
0.650278,1.201178,1.361255,-0.466496,0.048057,0.084351,-0.180926,0.067484,0.420091,-0.855839,1.874423,0.042159
0.644154,1.463073,1.017916,-0.719773,0.090694,0.161834,-0.090026,0.261895,-0.343339,-0.253277,1.922189,0.042520
0.636133,0.997205,0.510265,1.373382,-0.113091,0.035294,-0.096222,-0.465868,-0.507651,2.093155,1.772277,0.023294
0.634969,0.163624,0.777921,3.436742,-0.441507,-0.086751,-0.114806,-0.833581,0.267656,2.063360,3.527482,0.215635
0.648782,0.335343,1.305524,2.698630,-0.618358,-0.020037,-0.060386,0.171719,0.527603,-0.738112,3.016530,0.386415
0.679801,0.955950,0.688848,0.143887,-0.542422,0.080800,0.004248,0.620607,-0.616676,-2.554743,1.187036,0.300768
0.715290,0.827235,-0.550807,-1.390623,-0.330851,0.027222,0.016721,-0.128715,-1.239655,-1.534510,1.709251,0.110483
0.732164,0.098087,-0.789599,-1.086356,-0.151638,-0.114452,0.020250,-0.729148,-0.238792,0.304267,1.346572,0.036503
0.727373,-0.597794,-0.249546,-0.319109,-0.060708,-0.282101,0.062094,-0.695881,0.540053,0.767247,0.722123,0.087122
0.720889,-1.040162,-0.004545,0.344997,-0.050440,-0.589899,0.121247,-0.442368,0.245001,0.664106,1.095893,0.365226
0.726229,-0.799132,-0.035343,0.824054,-0.050076,-0.843611,0.177165,0.241030,-0.030798,0.479057,1.148445,0.745575
0.741727,0.596157,-0.169037,-0.077544,0.075148,-0.554597,0.238932,1.395289,-0.133694,-0.901598,0.624492,0.370314
0.759683,1.783990,-0.473331,-1.392911,0.215321,0.125324,0.232646,1.187833,-0.304294,-1.315367,2.312329,0.116193
0.771024,0.784119,-0.541996,-0.325643,0.119548,0.522378,0.081857,-0.999871,-0.068665,1.067268,1.007296,0.293871
0.773136,-0.795146,-0.154414,1.410902,-0.021815,0.584399,-0.050571,-1.579265,0.387582,1.736545,1.626882,0.344556
0.771463,-0.583224,0.298404,0.768926,0.067854,0.588932,-0.019572,0.211922,0.452818,-0.641976,1.010169,0.351828
0.769306,-0.846165,0.506733,0.632744,0.087816,0.296969,0.001688,-0.262941,0.208329,-0.136182,1.171810,0.095905
0.768048,-2.361065,0.430799,2.663733,-0.121751,-0.283618,0.011981,-1.514900,-0.075934,2.030989,3.585483,0.095406
0.772771,-0.633770,0.196410,1.741056,-0.067856,-0.506901,0.284787,1.727295,-0.234389,-0.922677,1.863201,0.342657
0.781523,3.091501,-0.071400,-2.564406,0.338550,-0.283398,0.554944,3.725271,-0.267810,-4.305462,4.017294,0.502893
0.778553,1.568986,-0.611845,-3.276333,0.502767,-0.139009,0.246972,-1.522515,-0.540445,-0.711927,3.683806,0.333093
0.754220,-3.465558,-1.435049,0.209580,0.272091,-0.100322,-0.403539,-5.034544,-0.823204,3.485913,3.756778,0.246942
0.720047,-3.928482,-1.639211,1.809324,0.033530,0.047805,-0.695013,-0.462924,-0.204162,1.599744,4.625326,0.486453
0.692476,-0.279027,-0.601729,0.668394,-0.067421,0.113605,-0.547964,3.649455,1.037482,-1.140930,0.941639,0.317716
0.676950,1.919083,0.765968,-0.322283,-0.050449,0.029538,-0.298520,2.198110,1.367697,-0.990677,2.091280,0.092532
0.671539,2.045388,1.207533,-1.007471,0.105790,0.015228,-0.092425,0.126305,0.441565,-0.685188,2.580067,0.019966
0.668464,1.537979,0.857206,-0.938157,0.198789,-0.008216,0.001910,-0.507409,-0.350327,0.069314,1.995074,0.039588
0.656516,0.487842,0.591340,0.932164,0.066887,-0.206856,-0.082722,-1.050137,-0.265866,1.870321,1.206898,0.054106
0.633065,-0.213394,0.539230,2.222321,-0.074217,-0.364863,-0.249467,-0.701236,-0.052110,1.290157,2.296740,0.200867
0.605203,0.111034,0.624853,1.203174,-0.124831,-0.294642,-0.315639,0.324428,0.085623,-1.019147,1.360293,0.202025
0.583871,0.846636,1.154660,0.496614,-0.285321,-0.131875,-0.172183,0.735602,0.529807,-0.706560,1.515473,0.128446
0.581906,1.690359,1.481572,1.016755,-0.476836,0.032778,0.091101,0.843723,0.326912,0.520141,2.467014,0.236746
0.602374,1.666489,0.461586,0.232186,-0.410194,0.172921,0.203261,-0.023870,-1.019986,-0.784569,1.744751,0.239476
0.636483,-0.215102,-0.999648,-1.403472,-0.166447,0.119946,0.147009,-1.881591,-1.461234,-1.635658,1.736462,0.063703
0.680785,-1.252116,-1.037058,-1.310193,-0.001574,-0.122827,0.273496,-1.037014,-0.037410,0.093279,2.088035,0.089889
0.731062,0.691693,-0.048891,-0.226803,0.038054,-0.281808,0.583399,1.943809,0.988167,1.083390,0.729568,0.421218
0.769102,1.665029,0.349311,0.391448,-0.050966,-0.248888,0.623857,0.973336,0.398202,0.618251,1.745729,0.453740
0.785959,-0.129324,0.078545,0.897742,-0.199441,-0.079675,0.424147,-1.794353,-0.270766,0.506294,0.910404,0.226025
0.793439,0.100535,-0.087982,0.413191,-0.149532,0.220646,0.411828,0.229859,-0.166527,-0.484551,0.434252,0.240647
0.797641,1.859308,-0.162508,-1.521234,0.122724,0.506388,0.387815,1.758773,-0.074526,-1.934425,2.407818,0.421890
0.794383,-0.495071,-0.476501,-2.505964,0.330085,0.605122,-0.039503,-2.354379,-0.313993,-0.984730,2.598462,0.476689
0.788479,-3.705529,-0.737967,-1.823532,0.393519,0.602208,-0.445470,-3.210458,-0.261466,0.682432,4.195332,0.715955
0.788912,-1.619555,-0.386290,-1.053615,0.390522,0.519562,-0.330463,2.085974,0.351677,0.769917,1.970351,0.531658
0.794794,1.539997,0.392725,0.288509,0.234805,0.231787,0.012222,3.159552,0.779015,1.342124,1.615259,0.109008
0.800781,1.010033,0.813844,2.366314,-0.052754,-0.095131,0.230455,-0.529964,0.421119,2.077805,2.698509,0.064942
0.805928,0.575404,0.716614,2.804339,-0.259569,-0.192541,0.390914,-0.434629,-0.097230,0.438025,2.951092,0.257262
0.811960,2.122511,0.506708,1.340138,-0.305981,-0.104344,0.485815,1.547107,-0.209906,-1.464201,2.560815,0.340528
0.818459,1.990288,0.168890,-0.091118,-0.186317,0.071296,0.425130,-0.132223,-0.337818,-1.431256,1.999518,0.220533
0.822555,-0.407244,-0.335548,-1.211913,0.071438,0.310971,0.261304,-2.397532,-0.504438,-1.120795,1.321807,0.170086
0.823412,-2.448372,-0.599307,-1.680924,0.196190,0.449854,0.012887,-2.041128,-0.263759,-0.469011,3.029719,0.241025
0.824012,-3.126826,-0.580764,-0.546825,0.042688,0.414764,-0.255551,-0.678454,0.018543,1.134099,3.226972,0.239158
0.826323,-2.197672,-0.545488,0.461859,-0.035710,0.392931,-0.339120,0.929154,0.035276,1.008684,2.310981,0.270672
0.828575,-0.156096,-0.251769,-0.362165,0.173683,0.412271,-0.232934,2.041576,0.293719,-0.824024,0.467886,0.254391
0.829012,0.932460,0.433209,-0.630620,0.281659,0.267732,-0.124862,1.088556,0.684978,-0.268455,1.206165,0.166603
0.828316,0.715439,0.907735,1.639693,0.029016,-0.030322,-0.034793,-0.217021,0.474526,2.270313,2.006098,0.002972
0.826889,0.865248,0.807753,3.739655,-0.245648,-0.275463,0.094567,0.149809,-0.099982,2.099962,3.922517,0.145166
0.823263,1.189349,0.519850,2.931406,-0.278633,-0.454052,0.165897,0.324101,-0.287903,-0.808249,3.205922,0.311321
0.817551,0.260672,0.268154,0.667366,-0.223596,-0.645643,0.090486,-0.928677,-0.251696,-2.264040,0.765006,0.475038
0.813946,-1.268758,-0.167752,-0.971819,-0.117539,-0.673587,-0.011238,-1.529430,-0.435906,-1.639185,1.606960,0.467661
0.816249,-1.358949,-0.639394,-2.176736,0.140618,-0.312627,0.046348,-0.090191,-0.471642,-1.204917,2.644569,0.119657
0.822467,0.224030,-0.643749,-2.517591,0.317547,0.224433,0.206750,1.582979,-0.004355,-0.340855,2.608231,0.193952
0.827680,1.076538,-0.256682,-0.735663,0.190475,0.519610,0.218891,0.852508,0.387067,1.781928,1.328917,0.354189
0.830428,-0.016928,-0.033894,1.273830,0.045639,0.601665,0.065739,-1.093466,0.222788,2.009493,1.274393,0.368405
0.832224,-0.726087,-0.006795,0.781796,0.116068,0.694296,-0.029441,-0.709159,0.027099,-0.492034,1.066983,0.496385
0.832914,-0.230715,0.246117,0.038825,0.111435,0.539751,-0.055537,0.495372,0.252912,-0.742971,0.339574,0.306833
0.831202,-1.083494,0.646586,2.065706,-0.134820,-0.106658,-0.130042,-0.852779,0.400469,2.026881,2.420573,0.046463
0.828534,-2.571072,0.627997,3.570687,-0.277991,-0.699963,-0.110751,-1.487578,-0.018589,1.504981,4.444614,0.579493
0.827924,-1.200842,0.066379,0.887047,-0.100871,-0.617729,0.123192,1.370230,-0.561618,-2.683640,1.494416,0.406940
0.829900,1.585116,-0.462971,-2.337519,0.137717,-0.102922,0.324974,2.785958,-0.529350,-3.224566,2.861980,0.135167
0.833624,1.883385,-0.504274,-1.917215,0.179328,0.300605,0.272513,0.298269,-0.041303,0.420304,2.734437,0.196785
0.838543,0.485573,-0.275758,-0.259393,0.087485,0.522715,0.122224,-1.397812,0.228516,1.657822,0.615718,0.295823
0.839942,0.127445,-0.067543,-0.203266,0.022807,0.616850,0.087209,-0.358128,0.208215,0.056127,0.249242,0.388629
0.830425,0.119604,0.240434,-0.019440,-0.014520,0.412751,0.073052,-0.007841,0.307977,0.183826,0.269243,0.175911
0.812193,-1.363917,0.559416,1.421174,-0.110175,-0.074809,-0.096780,-1.483521,0.318982,1.440614,2.047670,0.027101
0.797860,-2.704714,0.464539,1.920758,-0.208004,-0.475583,-0.245255,-1.340797,-0.094877,0.499584,3.349714,0.329595
0.794718,-1.110157,0.099117,0.434935,-0.166902,-0.543360,-0.060120,1.594557,-0.365422,-1.485823,1.196429,0.326711
0.799597,1.630594,0.008689,-1.218354,0.005716,-0.415940,0.310437,2.740751,-0.090428,-1.653289,2.035509,0.269410
0.808598,1.714847,0.103578,-1.748481,0.198795,-0.291080,0.459882,0.084253,0.094889,-0.530127,2.451248,0.335738
0.819626,0.121552,0.000273,-1.351940,0.304935,-0.171535,0.363429,-1.593295,-0.103305,0.396541,1.357393,0.254490
0.828964,-0.116340,-0.155786,0.067802,0.209307,-0.003107,0.253075,-0.237892,-0.156059,1.419742,0.205916,0.107866
0.833705,0.742511,-0.076194,1.748693,0.009077,0.190605,0.222685,0.858851,0.079592,1.680891,1.901330,0.086001
0.833363,1.421614,0.157437,1.324163,0.023292,0.348219,0.258890,0.679103,0.233631,-0.424530,1.949149,0.188823
0.828802,0.892671,0.144954,-0.966410,0.216963,0.449852,0.164114,-0.528943,-0.012483,-2.290573,1.323564,0.276373
0.822403,-2.111564,-0.451387,-1.695163,0.220129,0.593512,-0.337292,-3.004235,-0.596341,-0.728753,2.745183,0.514479
0.813834,-4.827986,-1.097621,-0.735506,0.111214,0.864199,-0.937484,-2.716422,-0.646234,0.959657,5.005516,1.638085
0.799603,-2.746545,-0.754806,-1.057973,0.224967,1.027325,-0.961932,2.081441,0.342815,-0.322467,3.038511,2.031320
0.784537,1.294753,0.352826,-1.283238,0.320574,0.719952,-0.474729,4.041298,1.107632,-0.225265,1.856764,0.846466
0.780636,1.838321,1.004950,1.495225,0.054180,0.070101,-0.076924,0.543568,0.652124,2.778463,2.573917,0.013767
0.787999,0.984914,0.964426,3.813694,-0.235325,-0.397715,0.126770,-0.853407,-0.040524,2.318469,4.055174,0.229626
0.795355,1.801259,0.720604,1.684768,-0.171595,-0.489200,0.302693,0.816345,-0.243822,-2.128926,2.569484,0.360385
0.800709,1.692215,0.252646,-1.606838,0.025701,-0.380139,0.359988,-0.109044,-0.467958,-3.291606,2.347200,0.274758
0.810467,0.281088,-0.386975,-2.119733,0.089786,-0.140857,0.290212,-1.411127,-0.639621,-0.512895,2.173023,0.112125
0.822383,0.339829,-0.700835,-1.115835,0.048011,0.177522,0.206313,0.058741,-0.313860,1.003898,1.360787,0.076384
0.829499,0.423744,-0.539516,-0.246932,-0.047891,0.340312,0.067004,0.083915,0.161319,0.868903,0.729117,0.122595
0.832418,-1.014747,-0.101165,0.718833,-0.144747,0.256870,-0.051021,-1.438491,0.438351,0.965765,1.247665,0.089537
0.832509,-1.169498,0.389869,1.397597,-0.184657,0.101166,0.012543,-0.154751,0.491034,0.678764,1.863599,0.044490
0.825978,-0.172121,0.525155,1.325296,-0.230362,-0.069706,0.034981,0.997377,0.135286,-0.072301,1.435905,0.059149
0.813756,-1.397226,0.208563,0.869046,-0.287794,-0.356190,-0.197117,-1.225105,-0.316592,-0.456250,1.658608,0.248552
0.803338,-2.872276,-0.005207,0.194516,-0.230021,-0.650210,-0.305361,-1.475050,-0.213770,-0.674530,2.878860,0.568928
0.799257,-0.748379,0.114026,-0.538504,-0.066726,-0.699183,0.046414,2.123897,0.119233,-0.733020,0.929010,0.495463
0.802303,2.124913,0.153169,-1.001931,0.096137,-0.537932,0.483863,2.873292,0.039143,-0.463427,2.354269,0.532737
0.811751,1.588835,0.026024,-1.359039,0.268582,-0.418449,0.539881,-0.536078,-0.127145,-0.357108,2.090947,0.538707
0.821790,-0.370321,-0.009246,-1.379543,0.388814,-0.337983,0.328585,-1.959156,-0.035270,-0.020504,1.428412,0.373377
0.825444,-0.331810,-0.029338,-0.366957,0.291841,-0.099519,0.214647,0.038511,-0.020092,1.012586,0.495597,0.141149
0.823418,1.156645,-0.112032,0.851816,0.083027,0.223153,0.267681,1.488455,-0.082694,1.218773,1.440822,0.128344
0.819980,1.551770,-0.106907,0.809351,0.014389,0.403336,0.202495,0.395125,0.005125,-0.042465,1.753416,0.203891
0.814470,-0.223497,-0.206421,-0.137085,0.031989,0.543181,-0.201948,-1.775267,-0.099514,-0.946436,0.333696,0.336852
0.805877,-2.136858,-0.633739,-1.168978,0.009811,0.852231,-0.648648,-1.913361,-0.427318,-1.031893,2.516803,1.147138
0.799000,-1.573413,-0.810170,-2.077738,0.065488,1.069554,-0.678467,0.563445,-0.176431,-0.908760,2.729285,1.608552
0.798352,0.152771,-0.074866,-1.475258,0.169744,0.752025,-0.392123,1.726184,0.735304,0.602480,1.485035,0.748115
0.802373,0.424388,1.029501,1.236124,0.065290,0.037637,-0.158502,0.271617,1.104367,2.711382,1.663725,0.030802
0.807256,0.305895,1.359397,2.942547,-0.178833,-0.500539,0.012950,-0.118493,0.329896,1.706423,3.255782,0.282688
0.811075,1.026127,0.766040,1.342228,-0.238536,-0.625368,0.175783,0.720232,-0.593357,-1.600319,1.855082,0.478884
0.814975,0.994192,0.052166,-0.952933,-0.116337,-0.488023,0.211916,-0.031935,-0.713874,-2.295161,1.378122,0.296609
0.822134,0.194634,-0.363610,-1.322032,-0.034625,-0.158450,0.190587,-0.799558,-0.415776,-0.369099,1.384869,0.062629
0.831740,0.273495,-0.662040,-1.060974,0.008971,0.315851,0.234811,0.078861,-0.298430,0.261058,1.280142,0.154979
0.838191,0.561810,-0.717777,-1.536437,0.117539,0.644406,0.234950,0.288315,-0.055737,-0.475463,1.786469,0.484276
0.839952,0.014896,-0.230162,-1.441338,0.186811,0.570987,0.146137,-0.546914,0.487615,0.095099,1.459675,0.382281
0.839174,-0.861812,0.349989,0.250273,0.068808,0.199675,0.035099,-0.876708,0.580151,1.691611,0.963249,0.045837
0.833034,-1.894648,0.378226,1.874773,-0.120421,-0.197917,-0.132794,-1.032836,0.028237,1.624500,2.692122,0.071307
0.820106,-2.308928,0.162117,1.460042,-0.160018,-0.464414,-0.242093,-0.414280,-0.216109,-0.414731,2.736632,0.299895
0.810045,-0.912837,0.205931,-0.077163,-0.086440,-0.585371,-0.063304,1.396091,0.043814,-1.537205,0.938953,0.354138
0.812017,0.571534,0.195746,-0.593972,-0.083431,-0.642724,0.230577,1.484371,-0.010185,-0.516809,0.847213,0.473221
0.822705,0.135213,-0.103591,-0.276380,-0.125170,-0.703218,0.277741,-0.436321,-0.299337,0.317592,0.324653,0.587323
0.834566,-0.521331,-0.239211,-0.489841,-0.062957,-0.692659,0.147059,-0.656544,-0.135620,-0.213461,0.754289,0.505366
0.843257,0.196602,-0.021309,-0.874980,0.035419,-0.539213,0.140280,0.717933,0.217902,-0.385139,0.897049,0.311684
0.846463,1.119865,0.233461,-0.224768,-0.020680,-0.368441,0.294380,0.923263,0.254770,0.650212,1.165814,0.222836
0.846291,1.715389,0.407970,1.109610,-0.118909,-0.274716,0.454989,0.595524,0.174509,1.334378,2.083323,0.296623
0.844422,2.222748,0.478015,0.974430,0.059226,-0.097176,0.484266,0.507359,0.070045,-0.135180,2.473585,0.247464
0.833090,1.112795,0.188421,-1.371427,0.374436,0.173996,0.233051,-1.109953,-0.289594,-2.345857,1.776127,0.224790
0.807722,-2.422511,-0.499311,-2.554544,0.340428,0.188059,-0.334541,-3.535306,-0.687732,-1.183117,3.555779,0.263175
0.779349,-5.316368,-1.318789,-0.605417,0.089782,-0.041629,-0.917158,-2.893857,-0.819478,1.949127,5.510853,0.850973
0.756559,-4.336773,-2.018355,0.128808,0.157519,0.037743,-1.127259,0.979595,-0.699566,0.734225,4.785180,1.296950
0.735925,-1.150741,-1.967464,-2.262439,0.324783,0.440591,-0.960611,3.186032,0.050891,-2.391247,3.211503,1.222378
0.720518,0.605954,-0.621701,-2.571308,0.092533,0.516329,-0.675664,1.756695,1.345763,-0.308869,2.713912,0.731680
0.716275,0.946091,0.901237,0.054233,-0.192671,0.181644,-0.400572,0.340137,1.522938,2.625541,1.307768,0.230575
0.710987,1.429485,1.072511,0.519275,-0.101690,-0.051562,-0.211491,0.483394,0.171274,0.465042,1.861009,0.057728
0.692202,1.369840,0.591320,-0.521956,0.024970,-0.123216,-0.221139,-0.059645,-0.481191,-1.041231,1.580683,0.064708
0.670686,0.558422,0.751145,0.617625,-0.041290,-0.284965,-0.341758,-0.811418,0.159825,1.139581,1.121390,0.199708
0.651059,0.423628,0.997067,1.893382,-0.041242,-0.445283,-0.400248,-0.134794,0.245922,1.275757,2.181398,0.360176
0.609161,0.726763,0.789779,1.370750,-0.033304,-0.431562,-0.416489,0.303135,-0.207288,-0.522632,1.740945,0.360818
0.541100,0.716072,0.726128,1.215503,-0.267223,-0.278341,-0.380100,-0.010691,-0.063651,-0.155247,1.586653,0.293358
0.500487,1.210751,0.592049,1.229079,-0.525094,-0.062064,-0.172741,0.494679,-0.134079,0.013576,1.824027,0.309415
0.533369,1.749019,-0.154728,-0.391215,-0.512565,0.077240,0.105999,0.538268,-0.746777,-1.620294,1.798904,0.279925
0.609392,0.987843,-0.644621,-1.621674,-0.338723,-0.011250,0.285815,-0.761176,-0.489893,-1.230459,2.005292,0.196550
0.673248,-0.220141,-0.299869,-0.466586,-0.184063,-0.203760,0.411045,-1.207984,0.344752,1.155088,0.596729,0.244355
0.718863,-0.998620,-0.135830,0.773276,-0.053858,-0.215174,0.486411,-0.778479,0.164039,1.239862,1.270294,0.285796
0.758983,-1.339198,-0.515610,0.029692,0.065759,0.025988,0.426301,-0.340578,-0.379780,-0.743584,1.435335,0.186732
0.780953,-0.298757,-0.509818,-1.020883,0.111325,0.347257,0.281785,1.040441,0.005792,-1.050575,1.179564,0.212383
0.776936,0.959201,-0.164511,-0.655016,0.020155,0.569283,0.063832,1.257958,0.345307,0.365867,1.173105,0.328564
0.764604,-0.251311,-0.296460,-0.238134,-0.089792,0.637979,-0.253024,-1.210512,-0.131949,0.416882,0.455800,0.479101
0.760182,-1.830017,-0.439873,-1.081005,-0.032254,0.536727,-0.404596,-1.578706,-0.143413,-0.842871,2.170489,0.452814
0.766673,-0.498148,0.123905,-1.229609,0.064073,0.242207,-0.157136,1.331869,0.563778,-0.148604,1.332457,0.087461
0.781141,1.257718,0.654423,0.826107,-0.037347,-0.112075,0.218192,1.755866,0.530518,2.055716,1.640907,0.061563
0.795617,0.674507,0.446474,2.413483,-0.178385,-0.269230,0.348181,-0.583211,-0.207949,1.587376,2.545427,0.225536
0.804110,-0.131534,0.042755,1.069278,-0.097653,-0.152144,0.282025,-0.806041,-0.403719,-1.344205,1.078186,0.112222
0.809701,0.475126,-0.134977,-1.230921,0.085301,0.093580,0.233606,0.606660,-0.177732,-2.300199,1.326322,0.070605
0.816103,0.871477,-0.296198,-1.724655,0.139069,0.316763,0.172664,0.396351,-0.161221,-0.493734,1.954902,0.149492
0.820251,0.166478,-0.323840,-0.637188,0.085253,0.445875,0.013488,-0.704999,-0.027642,1.087467,0.733891,0.206255
0.817512,-0.382165,0.080860,0.659263,0.020581,0.428258,-0.099176,-0.548643,0.404700,1.296451,0.766300,0.193664
0.808821,-0.209005,0.609374,1.811910,-0.103449,0.191554,-0.072287,0.173160,0.528514,1.152647,1.923028,0.052620
0.800768,-0.458693,0.692352,2.383060,-0.298603,-0.238112,-0.086770,-0.249688,0.082978,0.571150,2.523633,0.153390
0.797443,-1.124562,0.383187,1.305568,-0.346340,-0.621216,-0.170408,-0.665869,-0.309165,-1.077492,1.765214,0.534900
0.796404,-0.465384,0.183619,-0.904600,-0.093946,-0.732632,-0.064860,0.659178,-0.199568,-2.210168,1.033731,0.549782
0.798074,1.245579,0.125575,-2.193007,0.195736,-0.596155,0.219974,1.710963,-0.058044,-1.288407,2.525176,0.442102
0.807979,1.945730,-0.113760,-2.073902,0.182885,-0.303433,0.358110,0.700151,-0.239335,0.119105,2.846028,0.253761
0.823080,1.627665,-0.388891,-1.377628,-0.014558,0.097325,0.257932,-0.318065,-0.275131,0.696274,2.167577,0.076213
0.832727,1.089732,-0.386318,-0.438134,-0.048509,0.454324,0.088473,-0.537933,0.002573,0.939494,1.236414,0.216591
0.835584,0.046684,-0.258021,-0.214253,0.099283,0.620649,-0.039320,-1.043048,0.128297,0.223881,0.338613,0.396608
0.837416,-0.524403,-0.108388,-1.247015,0.192510,0.607937,-0.079493,-0.571087,0.149633,-1.032762,1.357127,0.412967
0.837606,0.232621,0.259931,-1.408019,0.144085,0.420011,-0.061934,0.757024,0.368319,-0.161004,1.450584,0.201006
0.834327,0.148846,0.636304,0.658785,0.008801,0.055514,-0.101343,-0.083775,0.376373,2.066804,0.927920,0.013430
0.832212,-1.380046,0.595370,2.685565,-0.181421,-0.281585,-0.130581,-1.528892,-0.040934,2.026780,3.077540,0.129255
0.834162,-0.947842,0.316756,2.471844,-0.334201,-0.355785,0.041577,0.432204,-0.278614,-0.213721,2.666224,0.240002
0.837730,1.757443,0.151448,0.489910,-0.284054,-0.203112,0.285805,2.705285,-0.165308,-1.981934,1.830725,0.203626
0.842351,2.439367,0.014566,-1.671623,-0.032102,0.009220,0.311683,0.681924,-0.136882,-2.161533,2.957203,0.098262
0.848397,0.461830,-0.179099,-2.472784,0.190388,0.250179,0.194743,-1.977537,-0.193665,-0.801161,2.521909,0.136762
0.852307,-0.685819,-0.360539,-1.459386,0.229724,0.559282,0.139545,-1.147649,-0.181440,1.013398,1.652315,0.385042
0.852274,-0.905029,-0.524271,-0.199166,0.192483,0.823345,0.023853,-0.219210,-0.163732,1.260220,1.064709,0.715516
0.852468,-2.045454,-0.484468,-0.136437,0.187969,0.779116,-0.217304,-1.140425,0.039803,0.062729,2.106468,0.689575
0.855268,-2.008621,-0.066465,-0.489750,0.167306,0.347688,-0.229996,0.036833,0.418003,-0.353313,2.068534,0.201776
0.857139,0.832468,0.381010,-0.304315,0.134222,-0.149847,0.137143,2.841089,0.447475,0.185435,0.964769,0.059278
0.856000,2.594766,0.453397,-0.187531,0.160593,-0.329474,0.430634,1.762298,0.072387,0.116784,2.640747,0.319789
0.854385,1.059162,0.263677,-0.461653,0.199159,-0.115607,0.366565,-1.535604,-0.189720,-0.274122,1.185105,0.187399
0.853980,-0.108881,0.026937,-0.160131,0.148823,0.285791,0.231832,-1.168043,-0.236740,0.301522,0.195506,0.157571
0.854549,-0.252008,-0.272839,1.343151,-0.045088,0.447427,0.086262,-0.143127,-0.299776,1.503282,1.393558,0.209665
0.855541,-2.907741,-0.570127,2.653803,-0.304134,0.074778,-0.330890,-2.655733,-0.297288,1.310652,3.977772,0.207577
0.853266,-5.463760,-0.719034,1.125831,-0.294047,-0.386592,-0.725640,-2.556019,-0.148907,-1.527972,5.624694,0.762470
0.843923,-2.890527,-0.774575,-2.594049,0.128284,-0.295357,-0.601708,2.573233,-0.055541,-3.719880,3.960329,0.465745
0.829570,0.865171,-0.663945,-3.416567,0.445667,0.065503,-0.236001,3.755698,0.110630,-0.822518,3.586401,0.258606
0.811988,0.514720,-0.047353,-0.033601,0.243453,0.055696,-0.102164,-0.350451,0.616592,3.382966,0.517985,0.072809
0.789935,-0.534249,0.799785,1.815888,-0.021074,-0.180761,-0.070207,-1.048969,0.847138,1.849489,2.054879,0.038048
0.767406,0.687351,1.036499,-0.149515,0.139789,-0.294164,0.004702,1.221600,0.236714,-1.965403,1.252652,0.106096
0.748128,0.894228,0.779015,-0.859433,0.407023,-0.472673,-0.074570,0.206877,-0.257484,-0.709918,1.464627,0.394648
0.726957,-0.575406,0.881777,1.550602,0.365374,-0.778079,-0.296629,-1.469634,0.102762,2.410035,1.874297,0.826894
0.700891,-0.662219,1.198734,3.231962,0.118790,-0.866592,-0.452553,-0.086813,0.316957,1.681360,3.510139,0.969897
0.674789,0.413794,1.140449,3.147186,-0.198492,-0.659263,-0.512464,1.076013,-0.058285,-0.084776,3.372926,0.736646
0.655081,1.218412,0.954628,2.679964,-0.545117,-0.317354,-0.436082,0.804618,-0.185821,-0.467222,3.094842,0.588034
0.651129,2.311827,0.635422,0.735762,-0.637845,0.106892,-0.146037,1.093415,-0.319206,-1.944202,2.507918,0.439599
0.669567,2.563151,-0.285465,-2.042861,-0.403794,0.338584,0.153576,0.251324,-0.920887,-2.778623,3.290063,0.301274
0.703537,0.660714,-1.041684,-2.132133,-0.261788,0.032170,0.227441,-1.902437,-0.756219,-0.089272,2.463258,0.121297
0.741815,-0.628210,-0.635006,-0.511876,-0.307717,-0.473957,0.195058,-1.288924,0.406678,1.620257,1.029513,0.357373
0.777661,0.567217,0.016083,-1.132560,-0.161088,-0.515614,0.249612,1.195427,0.651089,-0.620684,1.266762,0.354113
0.803657,1.654408,-0.267159,-2.787620,0.122382,-0.064487,0.325698,1.087191,-0.283242,-1.655060,3.252578,0.125215
0.816508,1.029435,-0.811708,-2.154692,0.123353,0.427709,0.242627,-0.624973,-0.544549,0.632928,2.522163,0.257019
0.822699,-0.147136,-0.603728,-0.312127,-0.082255,0.693971,0.010220,-1.176571,0.207980,1.842565,0.695385,0.488466
0.825954,-0.691354,0.150185,0.658898,-0.146213,0.710670,-0.086547,-0.544218,0.753913,0.971025,0.966785,0.533920
0.820014,0.158551,0.794143,1.392007,-0.142886,0.511771,0.073507,0.849905,0.643958,0.733109,1.610430,0.287729
0.801678,0.876396,0.921256,2.064836,-0.282092,0.143859,0.115074,0.717845,0.127113,0.672829,2.424939,0.113513
0.780616,-1.012986,0.476015,1.216884,-0.365754,-0.289109,-0.150097,-1.889382,-0.445241,-0.847952,1.653341,0.239889
0.770047,-2.555120,-0.059946,-1.035331,-0.118654,-0.565465,-0.228542,-1.542134,-0.535961,-2.252215,2.757561,0.386061
0.774196,0.272729,-0.247768,-2.680997,0.257269,-0.511812,0.162940,2.827849,-0.187822,-1.645666,2.706199,0.354688
0.789273,3.395045,-0.256647,-2.664237,0.357992,-0.262645,0.541247,3.122316,-0.008879,0.016760,4.323235,0.490089
0.808750,1.854340,-0.194677,-1.498059,0.182492,-0.125304,0.517720,-1.540705,0.061970,1.166178,2.391789,0.317038
0.824445,-0.719216,0.134953,0.022435,0.025329,-0.170715,0.328557,-2.573556,0.329630,1.520494,0.732112,0.137735
0.831745,0.184734,0.472992,0.970920,0.016393,-0.153420,0.289516,0.903950,0.338039,0.948485,1.095689,0.107626
0.832640,2.157467,0.375565,0.568299,0.110312,0.085682,0.362458,1.972733,-0.097427,-0.402621,2.262449,0.150886
0.827507,1.541655,0.083023,-0.396046,0.226293,0.336696,0.322395,-0.615812,-0.292542,-0.964345,1.593877,0.268511
0.814160,-0.806043,0.026642,-0.166748,0.239992,0.355814,0.121290,-2.347698,-0.056381,0.229298,0.823541,0.198911
0.798169,-1.907768,0.053500,1.048206,0.109458,0.236206,-0.054379,-1.101725,0.026858,1.214954,2.177424,0.070731
0.789304,-1.207654,-0.158336,1.221838,-0.051792,0.191025,-0.163226,0.700114,-0.211836,0.173632,1.725221,0.065816
0.787809,-0.986897,-0.558279,0.047387,-0.138301,0.286374,-0.386360,0.220757,-0.399943,-1.174451,1.134851,0.250411
0.787508,-2.043362,-0.871094,-1.096097,-0.094954,0.499830,-0.672861,-1.056465,-0.312815,-1.143484,2.477007,0.711588
0.788178,-1.954609,-0.826517,-2.037030,0.097990,0.688576,-0.726344,0.088753,0.044577,-0.940933,2.941618,1.011315
0.791510,0.250729,-0.274843,-2.471993,0.281700,0.605214,-0.506477,2.205338,0.551674,-0.434963,2.499831,0.702158
0.790684,1.996139,0.562521,-0.530579,0.204301,0.217107,-0.257533,1.745410,0.837364,1.941414,2.140681,0.155198
0.779243,1.642317,1.106251,3.021328,-0.110835,-0.224911,-0.107372,-0.353822,0.543730,3.551907,3.612398,0.074398
0.764127,0.685974,1.059321,4.166474,-0.337493,-0.506492,0.012801,-0.956343,-0.046930,1.145146,4.353416,0.370600
0.756027,0.566378,0.712832,2.150454,-0.278123,-0.594388,0.133477,-0.119596,-0.346489,-2.016020,2.335244,0.448466
0.756967,0.675147,0.279825,0.085855,-0.084138,-0.532112,0.171950,0.108769,-0.433007,-2.064599,0.735865,0.319789
0.766157,0.153223,-0.312806,-0.991321,0.045128,-0.354176,0.133989,-0.521924,-0.592631,-1.077176,1.050734,0.145430
0.783348,-0.472158,-0.748857,-1.706498,0.102081,-0.089297,0.174230,-0.625381,-0.436051,-0.715177,1.922461,0.048751
0.803720,-0.449733,-0.605853,-1.153611,0.107187,0.192290,0.301870,0.022425,0.143004,0.552887,1.378454,0.139590
0.821333,-0.239131,-0.277072,0.124068,0.034704,0.437875,0.302785,0.210602,0.328781,1.277679,0.386452,0.284618
0.833855,-0.567625,-0.374239,-0.335862,-0.033491,0.671763,0.098917,-0.328494,-0.097167,-0.459930,0.758325,0.462172
0.840466,-1.145187,-0.605365,-1.696739,0.033617,0.834827,-0.131689,-0.577562,-0.231126,-1.360877,2.134676,0.715408
0.842266,-1.143374,-0.300993,-1.168182,0.198627,0.762091,-0.227575,0.001813,0.304372,0.528557,1.662092,0.672026
0.842205,-0.295962,0.468778,0.732950,0.241216,0.460052,-0.185192,0.847412,0.769771,1.901132,0.919001,0.304129
0.841177,0.616479,0.998736,2.372468,0.008409,0.121509,-0.083613,0.912441,0.529958,1.639518,2.646908,0.021826
0.838678,0.718656,0.894236,3.467918,-0.298066,-0.148047,0.017365,0.102177,-0.104500,1.095450,3.652750,0.111063
0.835283,0.442544,0.549218,2.804858,-0.328003,-0.389694,0.100308,-0.276112,-0.345018,-0.663060,2.892182,0.269509
0.831772,0.274125,0.411604,0.265713,-0.154473,-0.654963,0.101567,-0.168419,-0.137614,-2.539145,0.561396,0.463154
0.829673,-0.596164,0.157640,-1.153388,-0.109128,-0.840435,-0.008699,-0.870289,-0.253964,-1.419101,1.307886,0.718316
0.831121,-1.623738,-0.471186,-0.735026,-0.100490,-0.674500,-0.034087,-1.027574,-0.628826,0.418362,1.843585,0.466210
0.835661,-0.582493,-0.797942,-0.990216,0.133632,-0.116752,0.175897,1.041245,-0.326756,-0.255190,1.398763,0.062428
0.841233,1.663152,-0.480948,-1.751900,0.381832,0.445280,0.369284,2.245645,0.316994,-0.761684,2.463035,0.480441
0.847212,1.752984,-0.243178,-1.138412,0.355900,0.733319,0.285598,0.089832,0.237770,0.613488,2.104298,0.745988
0.852204,-0.255434,-0.269693,0.206318,0.217764,0.824145,0.095347,-2.008418,-0.026515,1.344730,0.424909,0.735727
0.853109,-1.586944,0.084516,1.350783,0.129158,0.668725,-0.000834,-1.331510,0.354209,1.144465,2.085701,0.463876
0.849571,-1.761135,0.622065,2.636650,-0.068746,0.110198,-0.124353,-0.174191,0.537549,1.285867,3.231174,0.032333
0.845168,-2.066426,0.586982,3.369078,-0.371103,-0.547432,-0.307382,-0.305291,-0.035083,0.732428,3.995667,0.531883
0.843475,-2.122913,0.170472,2.325499,-0.435149,-0.730977,-0.287350,-0.056487,-0.416510,-1.043579,3.153374,0.806252
0.845458,-0.587827,-0.060441,-0.084470,-0.146749,-0.370643,0.010301,1.535086,-0.230913,-2.409969,0.596933,0.159018
0.849495,1.608354,-0.200041,-1.940399,0.123207,0.086948,0.289189,2.196181,-0.139600,-1.855929,2.528234,0.106370
0.853105,2.150373,-0.434221,-1.899383,0.118069,0.381685,0.330531,0.542019,-0.234180,0.041016,2.901777,0.268874
0.855613,1.109329,-0.505088,-1.082453,0.098398,0.598413,0.190978,-1.041044,-0.070867,0.816930,1.630162,0.404253
0.857786,-0.162737,-0.203325,-0.712771,0.220929,0.649673,-0.027149,-1.272066,0.301763,0.369682,0.758859,0.471622
0.859085,-1.559464,0.288505,0.611947,0.165195,0.303079,-0.184537,-1.396727,0.491830,1.324718,1.699895,0.153200
0.858689,-1.912471,0.683887,2.950653,-0.110382,-0.188081,-0.078736,-0.353007,0.395382,2.338706,3.582122,0.053758
0.857589,0.026285,0.747332,3.236994,-0.189669,-0.265105,0.200485,1.938756,0.063445,0.286341,3.322247,0.146449
