pressure,accel_x,accel_y,accel_z,gyro_x,gyro_y,gyro_z
0.394160,0.163053,-0.672079,-0.122173,-0.113598,0.043762,-0.385267
0.355617,-0.305876,0.303979,-0.174527,-0.096427,0.051455,-0.205851
0.303591,-0.597976,0.922412,0.218504,-0.005486,0.052556,-0.030202
0.297887,-0.059918,0.031913,-0.006980,0.116689,0.079836,0.007110
0.332801,0.387711,-0.459898,-0.364781,0.039385,-0.032310,0.083418
0.389372,-0.281891,1.014521,0.686800,-0.208811,-0.284249,0.224009
0.452007,-0.847262,1.990415,1.546308,-0.314806,-0.372005,0.213745
0.496468,-0.115838,0.474372,0.382377,-0.186356,-0.190231,0.026884
0.514514,0.699828,-1.345599,-0.928988,-0.042299,0.015240,-0.150046
0.510226,0.433141,-1.224640,-0.722216,-0.028140,0.113686,-0.230228
0.465713,-0.023659,-0.226944,-0.280854,-0.021634,0.225308,-0.261471
0.370839,0.121064,-0.116047,-0.353082,0.129957,0.358993,-0.256890
0.269560,0.229604,-0.256819,-0.087320,0.240671,0.338998,-0.131249
0.217963,0.003894,1.024926,0.388967,-0.007851,0.144569,0.137432
0.221899,-0.095135,2.562632,0.345360,-0.393570,-0.035565,0.332832
0.248975,-0.325954,1.360084,0.342432,-0.353430,-0.132212,0.239238
0.276446,-0.983820,-1.667513,1.000141,0.052048,-0.233253,0.000326
0.316157,-1.101407,-2.416643,1.490608,0.205162,-0.341789,-0.095981
0.389170,-0.243966,-0.349695,1.055588,-0.086944,-0.416065,-0.042492
0.473446,0.344077,1.434317,0.222153,-0.437997,-0.458182,-0.012303
0.521727,0.139883,1.442903,-0.389359,-0.534514,-0.403420,-0.046282
0.530990,0.100842,0.447412,-0.706682,-0.385353,-0.211638,-0.077457
0.526117,0.467505,-0.796681,-0.791815,-0.076750,0.024873,-0.092832
0.503262,0.637477,-1.821147,-0.980305,0.310653,0.244517,-0.093711
0.462713,0.495817,-1.847666,-1.240738,0.558667,0.368409,-0.004318
0.445585,0.049606,-0.417366,-0.563829,0.469043,0.215280,0.199360
0.478900,-0.695873,1.518545,1.116503,0.150841,-0.166995,0.374317
0.536882,-1.077208,2.492332,2.083638,-0.206391,-0.462741,0.371962
0.581989,-0.483923,1.766209,1.440488,-0.493130,-0.522781,0.135873
0.598517,0.672297,-0.876440,0.119127,-0.448107,-0.387313,-0.264131
0.587680,1.472447,-2.954449,-1.057573,-0.116865,-0.052027,-0.427679
0.559798,1.589165,0.029898,-2.099775,-0.194946,0.368535,0.000368
0.514547,1.266535,5.304080,-2.510905,-0.781900,0.511745,0.537051
0.432378,0.316742,3.868367,-0.991626,-0.890286,0.167059,0.412996
0.321470,-1.130409,-3.169914,1.820864,-0.207210,-0.326556,-0.174116
0.236512,-1.357852,-5.370679,2.432732,0.327777,-0.422584,-0.483500
0.205414,0.197420,-1.455314,-0.262999,0.224279,-0.071530,-0.386609
0.195444,0.933339,1.247086,-2.449518,-0.019060,0.300644,-0.170072
0.179402,-0.402299,0.784706,-1.508522,-0.006823,0.451345,0.008238
0.163803,-1.244552,-0.553430,0.426355,0.216383,0.513567,0.005674
0.148918,-0.257415,-1.931410,0.934418,0.495090,0.614007,-0.178489
0.123753,0.423571,-1.816368,0.437667,0.621826,0.675512,-0.247573
0.089018,-0.331954,0.331035,0.336749,0.505500,0.578864,-0.108869
0.053242,-0.897616,1.511403,0.842789,0.309412,0.349104,-0.043879
0.025312,-0.339301,0.510788,1.006633,0.195779,0.134973,-0.144417
0.021097,0.225847,-0.323714,0.428661,0.181241,0.027917,-0.211214
0.055925,0.140331,-0.353206,-0.058640,0.240270,0.001798,-0.199677
0.115769,0.062565,-0.561311,0.046939,0.289129,-0.005491,-0.174959
0.159727,0.083972,-0.105393,0.281649,0.207856,-0.071416,-0.039876
0.181591,-0.195285,1.238315,0.264096,0.030858,-0.219999,0.212690
0.230514,-0.224254,1.361293,-0.024700,-0.090183,-0.338769,0.338924
0.328919,0.316144,0.016086,-0.391845,-0.132489,-0.333393,0.225485
0.428955,0.608513,-0.638472,-0.508851,-0.162387,-0.236639,-0.000023
0.486366,0.406003,-0.352033,-0.419224,-0.155078,-0.092910,-0.232268
0.507244,0.157954,-0.270796,-0.293868,-0.089605,0.042888,-0.361022
0.507609,-0.182891,-0.136617,-0.053527,-0.025675,0.102740,-0.272033
0.493933,-0.458121,0.233841,0.081096,0.011971,0.105032,-0.082190
0.481614,-0.267093,0.306653,0.022138,0.002212,0.033757,0.037694
0.487920,-0.084714,0.489260,0.294330,-0.107840,-0.177181,0.145506
0.512866,-0.301038,0.982564,0.709968,-0.248804,-0.367656,0.258819
0.542696,-0.350808,0.840577,0.470423,-0.263986,-0.309937,0.198534
0.563973,-0.049761,-0.018425,-0.105253,-0.132909,-0.106007,-0.043813
0.571165,0.099449,-0.514407,-0.248039,0.015271,0.033046,-0.217819
0.566614,0.025804,-0.302968,-0.202281,0.093420,0.142742,-0.218692
0.551563,0.072579,-0.264723,-0.482264,0.165992,0.313442,-0.205620
0.514224,0.322104,-0.753202,-0.848026,0.237903,0.430882,-0.221837
0.445849,0.446394,-0.152938,-0.612031,0.072894,0.314602,-0.082515
0.377406,0.109028,2.193691,0.290915,-0.364857,0.013468,0.184187
0.358976,-0.363375,3.049263,0.811760,-0.598930,-0.188809,0.256983
0.389246,-0.344756,0.371717,0.289346,-0.336567,-0.146886,0.080901
0.419290,-0.106535,-2.282511,-0.173889,0.057500,-0.044346,-0.060301
0.429945,-0.369780,-1.983377,0.464975,0.234463,-0.049910,-0.095034
0.444961,-0.759881,-0.912176,1.079451,0.283172,-0.078950,-0.162784
0.476160,-0.421097,-0.633113,0.368529,0.239560,-0.094846,-0.166462
0.512735,0.151581,0.635380,-0.410820,-0.022922,-0.242304,0.068296
0.547869,-0.027643,2.513319,0.213328,-0.300797,-0.453851,0.343532
0.574803,-0.276123,1.651203,0.603044,-0.234991,-0.387232,0.332543
0.581702,0.652388,-1.326202,-1.051700,0.018224,0.052759,0.120690
0.572923,1.944947,-1.695336,-2.832180,0.064123,0.548439,-0.013612
0.566045,1.542093,0.336571,-2.088594,0.013706,0.744709,-0.127045
0.560976,-0.691027,-0.125427,0.449689,0.150207,0.514803,-0.340646
0.544117,-2.257394,-2.541232,2.225192,0.325498,0.051257,-0.436722
0.523199,-1.278823,-2.289856,1.924558,0.348398,-0.236951,-0.276963
0.519980,0.672986,0.195966,0.140592,0.255242,-0.195847,-0.066284
0.526871,1.183379,1.977914,-1.420336,-0.059001,-0.107989,0.080130
0.517262,0.727335,2.890822,-1.564754,-0.589735,-0.188744,0.178864
0.499246,0.575525,2.165531,-0.672666,-0.831458,-0.298969,0.107122
0.504006,0.025096,-1.081047,0.213214,-0.492666,-0.292924,-0.119272
0.529114,-1.152068,-3.486023,0.657502,-0.010006,-0.226649,-0.232022
0.547919,-1.477023,-2.249271,0.795761,0.212269,-0.165181,-0.177373
0.551616,-0.709018,-0.011519,0.665715,0.286432,-0.091476,-0.125803
0.540326,-0.059128,0.518861,0.086578,0.357775,0.012886,-0.085925
0.512226,0.268851,0.359278,-0.814063,0.353795,0.129555,0.003322
0.486822,0.491980,0.899386,-1.292521,0.204820,0.175302,0.095092
0.494235,0.170673,1.861914,-0.720485,-0.048332,0.066579,0.160502
0.532927,-0.294165,2.107050,0.317861,-0.261423,-0.115710,0.191510
0.575336,-0.006278,0.802496,0.610343,-0.271453,-0.198640,0.155321
0.606041,0.377844,-1.186571,0.180358,-0.060963,-0.144698,0.091834
0.626303,-0.055552,-1.977779,0.081121,0.211797,-0.039167,0.080452
0.638411,-0.627672,-1.020204,0.364905,0.331975,0.040114,0.140246
0.641641,-0.584399,0.445621,0.093110,0.222779,0.083517,0.217146
0.632030,-0.063310,0.732297,-0.804607,0.058144,0.162730,0.159560
0.608401,0.821434,-0.432730,-1.295393,-0.009839,0.272490,-0.113841
0.581135,1.539866,-1.103105,-0.803728,-0.122333,0.251089,-0.371777
0.562062,1.183825,-0.071171,-0.004667,-0.359296,0.091826,-0.372288
0.552669,0.251919,0.578504,0.209843,-0.444134,0.021395,-0.262108
0.550490,-0.231483,-0.566942,0.112022,-0.240546,0.059871,-0.229829
0.550628,-0.811907,-1.134242,0.512776,-0.035487,0.005053,-0.164920
0.544948,-1.637728,0.056394,0.936785,0.008065,-0.111075,-0.017258
0.540096,-1.214206,0.607004,0.533667,0.034618,-0.159301,0.088971
0.558298,0.146109,0.161423,0.241515,0.028330,-0.277735,0.195906
0.600088,0.254233,0.917409,0.848161,-0.143948,-0.512570,0.361989
0.634885,-0.508970,1.783328,0.872001,-0.317335,-0.571918,0.385584
0.645781,-0.119057,0.196889,-0.258447,-0.250826,-0.351938,0.138849
0.647914,0.751882,-1.756055,-0.779969,-0.069978,-0.105683,-0.178228
0.652059,0.363739,-0.843229,-0.291140,-0.047538,0.027502,-0.321902
0.652348,-0.534733,0.911574,0.071856,-0.139737,0.075671,-0.274541
0.652975,-0.553883,0.539119,0.426805,-0.132610,-0.013072,-0.192267
0.662368,-0.250577,0.008116,0.833181,-0.086797,-0.215986,-0.148044
0.668069,-0.275021,0.834890,0.320935,-0.151812,-0.324347,-0.083812
0.659293,0.183481,0.301125,-0.765522,-0.158139,-0.216973,-0.068283
0.649672,1.095315,-0.773096,-1.228002,-0.041748,0.017170,-0.133057
0.638284,1.080863,1.735606,-1.061561,-0.203157,0.218387,-0.018584
0.592667,0.449953,4.148788,-0.577111,-0.669407,0.259943,0.210992
0.502788,0.341895,0.619743,0.120254,-0.763185,0.139235,0.042562
0.397119,-0.325354,-3.141344,0.427294,-0.346586,-0.030000,-0.357254
0.299363,-1.655925,-0.571404,0.021161,-0.157887,-0.149305,-0.250083
0.225520,-0.898485,2.058576,-0.596428,-0.420836,-0.111284,0.237835
0.195808,1.354050,-0.872251,-0.610572,-0.517611,0.153798,0.420511
0.203156,1.063522,-3.873051,0.444003,-0.157663,0.439238,0.335539
0.213801,-1.064501,-3.136403,1.550605,0.338735,0.482291,0.303333
0.217199,-1.072784,-1.797400,1.198131,0.662843,0.390881,0.186833
0.227790,0.444272,-0.853682,0.026375,0.687087,0.373975,-0.051118
0.243094,0.685964,0.718594,-0.421615,0.490939,0.375912,-0.151684
0.248309,-0.039252,1.273415,-0.297217,0.387279,0.326427,-0.121755
0.250790,-0.484899,0.205185,-0.086969,0.457991,0.257822,-0.132901
0.262687,-0.560201,-0.305871,0.460485,0.399882,0.119250,-0.137771
0.275477,-0.180001,0.387135,0.987261,0.140982,-0.090200,-0.066415
0.305456,0.229371,1.093637,0.984207,-0.032524,-0.246833,0.027862
0.399423,-0.015729,1.313155,0.676449,-0.039756,-0.327187,0.111002
0.534327,-0.087787,0.773529,0.096455,-0.015400,-0.324164,0.102534
0.617905,0.592912,-0.336969,-0.594542,0.031670,-0.144960,-0.094653
0.627856,0.530306,-0.399006,-0.457961,0.066532,0.081812,-0.299929
0.623338,-0.636368,0.733986,0.349916,-0.002317,0.109760,-0.241582
0.629449,-0.790132,0.576133,0.312166,-0.024995,0.057102,-0.053200
0.630283,0.329277,-0.937286,-0.263200,0.109628,0.095789,-0.024221
0.630333,0.312721,-0.575010,0.490093,0.113540,-0.036347,-0.039890
0.639797,-1.002157,1.515717,1.709860,-0.143004,-0.442849,0.127423
0.648009,-1.138808,1.452583,0.888039,-0.261314,-0.627387,0.309250
0.647569,0.105616,-0.803321,-0.927632,-0.023648,-0.338688,0.277933
0.647682,0.528419,-1.394096,-0.975386,0.243039,-0.004332,0.173928
0.651169,-0.137383,0.098989,-0.145939,0.283510,0.115980,0.176235
0.642083,-0.160465,0.530425,-0.670888,0.215702,0.261114,0.153860
0.612252,0.739104,-0.682525,-1.502832,0.192460,0.492303,-0.054107
0.583663,1.131418,-0.888422,-0.799795,0.157084,0.534075,-0.304881
0.576534,0.462516,1.002796,0.478872,-0.112773,0.279759,-0.361380
0.577339,-0.272807,2.604635,0.746529,-0.620343,-0.067907,-0.282032
0.571865,-0.375450,1.757846,0.356998,-0.881259,-0.254491,-0.290724
0.573236,-0.370823,-0.129346,0.213399,-0.571221,-0.203134,-0.364855
0.588300,-0.701531,-0.766967,0.420113,-0.109283,-0.084203,-0.338740
0.602218,-0.844200,-0.615850,0.723858,0.054680,-0.076175,-0.251104
0.609304,-0.394036,-0.764156,0.656781,0.085211,-0.098081,-0.207739
0.614898,0.051965,-0.430835,0.064420,0.188852,-0.024656,-0.140772
0.615520,-0.099230,0.678821,-0.320823,0.219547,0.027726,0.031698
0.613128,-0.390712,1.318533,-0.168828,0.117047,-0.068660,0.241180
0.623005,-0.140577,1.171136,-0.104401,0.005026,-0.206099,0.344175
0.643980,0.486571,0.641634,-0.268299,-0.103198,-0.232034,0.224022
0.656993,0.886649,-0.633454,-0.299225,-0.174326,-0.126724,-0.088659
0.661796,0.705146,-1.908291,-0.242311,-0.067051,0.045827,-0.352037
0.671352,0.046729,-1.413181,-0.163661,0.159598,0.195444,-0.343333
0.676314,-0.466454,0.082937,-0.125426,0.336437,0.293485,-0.125651
0.664031,-0.319293,0.848225,-0.454201,0.428815,0.380687,0.101050
0.646765,0.199744,1.795987,-0.825973,0.242740,0.375401,0.285828
0.623074,0.488122,2.719946,-0.288294,-0.367526,0.123098,0.402014
0.567241,0.377656,0.641400,0.862987,-0.806646,-0.251174,0.267854
0.496944,0.092493,-2.958254,0.925705,-0.501928,-0.408254,-0.107835
0.467486,-0.128100,-2.770720,-0.419584,-0.027109,-0.264403,-0.307063
0.480012,-0.316465,0.073796,-1.126782,-0.059051,-0.038517,-0.094422
0.487594,-0.607760,-0.037999,-0.025182,-0.180828,0.106017,0.176969
0.476889,-0.728204,-2.448440,1.194981,0.090218,0.181100,0.168921
0.463623,-0.276225,-2.550205,0.797102,0.411405,0.254991,0.056199
0.449002,0.417295,-0.476637,-0.440508,0.448371,0.361449,0.075193
0.432692,0.566576,0.806837,-0.848828,0.358798,0.443127,0.107510
0.423442,0.082451,0.825601,-0.264060,0.272400,0.406646,0.013627
0.418453,-0.360406,0.412462,0.354891,0.158080,0.260373,-0.073249
0.404240,-0.353881,-0.235976,0.545065,0.067792,0.103816,-0.044962
0.378675,-0.122425,-0.677354,0.534527,0.065342,0.011428,-0.029105
0.365779,0.069828,-0.454146,0.482129,0.105344,-0.033994,-0.074850
0.403349,0.165902,0.105888,0.322775,0.090531,-0.135181,-0.003942
0.494304,0.173402,0.570499,-0.004623,-0.044899,-0.319432,0.180454
0.587786,0.351726,0.470939,-0.443925,-0.222381,-0.411546,0.148480
0.638347,0.814504,-0.521633,-0.743096,-0.244609,-0.270039,-0.188083
0.651721,0.888063,-1.292142,-0.779315,-0.066327,-0.009054,-0.425122
0.652645,0.332432,-0.942086,-0.777260,0.145060,0.196805,-0.324514
0.651043,0.072073,-0.625674,-0.572057,0.239700,0.243728,-0.146660
0.650300,0.009356,-0.125072,0.439167,0.121585,0.009177,-0.038708
0.653458,-0.867257,1.864360,1.756655,-0.210087,-0.438211,0.126080
0.659173,-1.237093,2.369336,1.641540,-0.433953,-0.661929,0.178781
0.663965,0.746354,-0.617104,-0.471837,-0.279831,-0.349945,-0.088025
0.659088,2.847719,-1.355918,-2.507141,-0.143146,0.191218,-0.269985
0.631955,1.756861,2.535802,-1.902025,-0.467066,0.377136,-0.006932
0.583126,-1.062921,3.651952,0.609119,-0.854951,0.055490,0.269745
0.526726,-1.814265,-0.221852,1.465996,-0.778296,-0.343881,0.137807
0.475531,-0.239100,-2.184430,-0.193572,-0.463289,-0.379356,-0.139573
0.441895,0.950989,-0.728959,-1.386151,-0.306884,-0.106479,-0.246450
0.432388,0.344126,-0.011738,-0.771340,-0.295412,0.146038,-0.184943
0.432336,-1.080334,-0.452349,0.173952,-0.274151,0.234909,-0.005729
0.425427,-1.698496,-1.490638,0.862207,-0.075966,0.216727,0.133574
0.420351,-0.830117,-3.380646,1.236761,0.336654,0.182509,0.032849
0.428917,0.576110,-3.130784,0.507593,0.598450,0.203234,-0.162649
0.440046,0.845780,0.405016,-0.689876,0.443582,0.257814,-0.174482
0.439735,-0.230995,2.451116,-0.739296,0.231964,0.257887,-0.055506
0.432682,-1.068162,0.814930,0.109826,0.309109,0.198129,-0.006528
0.424941,-0.585534,-0.760489,0.577335,0.441331,0.144002,-0.056433
0.409892,0.503789,-0.467420,0.464192,0.369700,0.109129,-0.149418
0.395929,0.946501,-0.100127,0.263490,0.208436,0.055156,-0.243871
0.419100,0.475254,0.122497,0.292654,0.063680,-0.052476,-0.289318
0.492450,-0.116491,0.912065,0.475218,-0.105847,-0.212673,-0.272728
0.574929,-0.188112,1.142213,0.424800,-0.237323,-0.360810,-0.197287
0.623480,0.017244,0.096290,0.046037,-0.193451,-0.386505,-0.016992
0.639337,0.186368,-1.021958,-0.376525,0.054149,-0.217226,0.237911
0.644210,0.335485,-1.176977,-0.651515,0.372740,0.071774,0.391615
0.646217,0.269312,-0.537933,-0.579032,0.503937,0.272645,0.331598
0.640318,0.020284,0.116107,-0.082369,0.322966,0.277932,0.124742
0.627662,0.049511,0.225012,0.431828,0.039407,0.171695,-0.095243
0.625767,0.242521,0.059933,0.757760,-0.112290,-0.008201,-0.234178
0.646307,0.264451,0.098939,0.999681,-0.166719,-0.272541,-0.293859
0.670368,0.369657,0.835856,0.640172,-0.272226,-0.413069,-0.266449
0.672372,0.491248,2.654391,-0.496676,-0.505366,-0.233960,-0.044373
0.656806,0.145465,3.597030,-1.001538,-0.730675,0.026279,0.246253
0.642681,-0.545415,1.143504,-0.057665,-0.629035,0.015297,0.223260
0.627670,-1.118910,-2.045509,0.760530,-0.234204,-0.207168,-0.039639
0.595515,-1.055296,-1.699790,0.070824,-0.051022,-0.332112,-0.059618
0.543892,-0.052791,0.102397,-1.035241,-0.232469,-0.212915,0.152981
0.482634,0.754627,-0.528245,-0.948122,-0.344497,0.051222,0.241371
0.420715,0.119836,-2.240369,0.086248,-0.130949,0.255512,0.244546
0.369528,-0.666906,-2.669490,0.713058,0.215292,0.310462,0.294197
0.341433,0.015308,-2.068544,0.426831,0.445103,0.315757,0.232193
0.336576,0.883269,-0.666926,-0.106208,0.462704,0.342558,0.054510
0.340154,0.388549,1.033442,-0.237711,0.337104,0.324921,-0.003530
0.337347,-0.316697,1.429752,-0.028311,0.199645,0.236372,0.066110
0.330958,-0.012062,0.507078,0.268605,0.076609,0.136348,0.081521
0.332891,0.302141,-0.158775,0.605030,-0.040831,0.028863,0.037500
0.341548,-0.169824,-0.088254,0.768996,-0.099327,-0.110005,0.049436
0.352528,-0.393267,0.048056,0.398268,-0.099349,-0.201969,0.099021
0.371800,0.188806,-0.148843,-0.220818,-0.091391,-0.165352,0.085386
0.395045,0.490299,-0.500519,-0.270307,-0.053099,-0.085347,0.025620
0.414395,0.083937,-0.696076,0.176259,0.043350,-0.071428,0.004317
0.443107,-0.085934,-0.593841,0.231763,0.130996,-0.069017,0.003065
0.486658,0.067555,-0.096275,-0.017686,0.128835,-0.041092,-0.019287
0.525043,-0.155627,0.489224,0.122597,0.066712,-0.067101,-0.014881
0.548268,-0.247797,0.294469,0.244475,0.049932,-0.087636,-0.009938
0.555708,0.363674,-0.550680,-0.141895,0.073333,0.017811,-0.127977
0.538457,0.688106,-0.665539,-0.366938,0.018504,0.107674,-0.307286
0.511384,0.134909,0.113580,-0.078155,-0.098085,0.030567,-0.343448
0.512195,-0.334716,0.518291,0.304498,-0.142145,-0.082749,-0.240694
0.543639,-0.286842,0.352683,0.743220,-0.136947,-0.163192,-0.143769
0.572432,-0.429151,0.517962,1.059677,-0.181090,-0.307193,-0.044659
0.582029,-0.853236,0.927759,0.694181,-0.203070,-0.407731,0.092767
0.583062,-0.720429,0.598930,0.028072,-0.113551,-0.290348,0.130514
0.586890,0.124310,-0.316701,-0.128634,-0.005710,-0.081506,-0.037513
0.593144,0.695731,-0.626782,-0.070962,0.008604,0.022809,-0.272168
0.596260,0.628038,-0.519129,-0.412191,-0.019117,0.043424,-0.367702
0.599162,0.586131,-0.846990,-0.642269,0.011463,0.027280,-0.280817
0.613567,0.316919,-0.527467,0.023759,0.062245,-0.074000,-0.080919
0.638630,-0.600259,0.800333,0.818995,0.038238,-0.212663,0.116948
0.652280,-0.677569,0.912750,0.331720,-0.058242,-0.239958,0.139167
0.635485,0.724073,0.196789,-0.786600,-0.263569,-0.169703,-0.049052
0.595594,1.399372,1.322688,-0.877703,-0.631163,-0.142999,-0.231827
0.556276,0.321249,2.456190,-0.366881,-0.892665,-0.124362,-0.254701
0.529819,-0.920192,0.609512,-0.255105,-0.706771,-0.014984,-0.164788
0.511536,-1.306163,-1.824217,0.083299,-0.245557,0.069252,-0.013061
0.498529,-0.772538,-2.147453,0.589113,0.091352,0.050621,0.118747
0.492902,0.345713,-1.631122,0.109746,0.256534,0.089269,0.112622
0.486354,0.607984,-1.124963,-0.561361,0.372423,0.209316,0.049571
0.469488,-0.333917,-0.055853,-0.007977,0.412630,0.209286,0.080087
0.458178,-0.596519,0.954355,0.671408,0.322018,0.070868,0.129932
0.479546,0.222372,1.170804,0.295881,0.133072,-0.061871,0.091258
0.530401,0.377374,0.863907,0.064243,-0.079532,-0.204424,0.018529
0.580953,-0.108753,0.239842,0.523095,-0.223876,-0.370321,-0.070393
0.615557,0.249583,-0.563439,0.259703,-0.232880,-0.379607,-0.218432
0.638430,0.942879,-1.061234,-0.725951,-0.118854,-0.167359,-0.325083
0.650130,0.642343,-1.007187,-0.923386,0.069200,0.098112,-0.260368
0.647632,-0.035144,-0.695753,-0.505917,0.302236,0.317842,-0.091307
0.636291,-0.170916,-0.301320,-0.324488,0.491528,0.450986,0.053056
0.625243,-0.335480,0.518745,0.174856,0.455590,0.346870,0.164133
0.621833,-0.727583,1.614640,0.910893,0.155543,0.019292,0.240633
0.631335,-0.536765,1.863553,0.746775,-0.176120,-0.240479,0.206914
0.649602,0.081000,0.924065,0.108833,-0.349598,-0.313815,0.047608
0.663059,0.224535,-0.105702,0.107134,-0.418377,-0.358525,-0.135070
0.665936,0.003177,-0.589809,0.298205,-0.404172,-0.388350,-0.221061
0.666334,-0.045486,-0.767865,0.025111,-0.212770,-0.271475,-0.158159
0.670358,-0.020200,-0.593109,-0.368114,0.063255,-0.063686,-0.015955
0.675076,0.022192,-0.168683,-0.518908,0.191874,0.091024,0.033415
0.678837,0.276441,-0.107620,-0.379697,0.161197,0.186569,-0.109381
0.682892,0.483485,-0.451371,-0.059375,0.140600,0.234376,-0.338470
0.685424,0.295445,-0.244751,0.110529,0.150841,0.186913,-0.441119
0.686975,-0.129646,1.510575,0.081414,-0.010918,0.039454,-0.286874
0.688746,-0.531967,3.603564,0.148052,-0.434542,-0.184609,0.021605
0.678200,-0.658051,2.651977,0.223261,-0.746676,-0.406790,0.178118
0.645604,-0.196746,-1.115854,-0.134944,-0.527814,-0.414668,0.061760
0.611953,0.432053,-2.534398,-0.898171,-0.057528,-0.114675,-0.018562
0.599525,0.326882,-0.550324,-1.241192,0.112891,0.231308,0.182210
0.595594,-0.178854,-0.114668,-0.561224,0.091614,0.352017,0.400349
0.584310,0.023671,-1.929601,0.358722,0.231884,0.328474,0.339605
0.573149,0.491660,-1.713318,0.447802,0.363542,0.332905,0.160616
0.564393,0.044293,0.389346,0.052124,0.267878,0.327957,0.103605
0.552098,-0.640214,0.953339,-0.012352,0.137441,0.244565,0.104708
0.548100,-0.354440,0.274822,0.228570,0.094017,0.130209,0.059568
0.564616,0.167420,-0.023366,0.539240,0.045802,0.012087,0.027886
0.589622,0.038636,-0.513353,0.697602,0.045983,-0.105410,0.036289
0.610521,0.041509,-1.087360,0.315345,0.157684,-0.139598,0.010298
0.632016,0.565844,-0.673613,-0.324403,0.249999,-0.040073,-0.077543
0.654231,0.704847,0.074298,-0.513072,0.240436,0.104349,-0.208185
0.666033,0.237870,0.309587,-0.294899,0.152220,0.166961,-0.371319
0.666934,-0.175593,0.619789,0.000268,-0.007868,0.099737,-0.477618
0.668808,-0.337094,0.983707,0.316680,-0.142045,-0.035478,-0.395643
0.675643,-0.287183,0.763085,0.294726,-0.159487,-0.124346,-0.164164
0.677980,0.034146,0.565648,-0.232514,-0.200657,-0.126273,0.044158
0.665446,0.222627,0.797140,-0.542615,-0.343922,-0.085539,0.158701
0.641802,-0.160807,0.347843,-0.171503,-0.365248,-0.036444,0.195628
0.625947,-0.686887,-1.005725,0.377830,-0.151325,-0.006933,0.132871
0.628046,-0.633122,-1.751002,0.607571,0.080704,-0.028677,-0.004531
0.635907,-0.068328,-1.177717,0.430594,0.164496,-0.058677,-0.100646
0.642078,0.313966,-0.092575,-0.041439,0.153225,-0.038911,-0.091626
0.657528,0.115359,0.769555,-0.246923,0.095234,-0.054022,-0.005040
0.681143,-0.300943,1.090033,0.243451,-0.013554,-0.212298,0.097006
0.695266,-0.205624,0.614071,0.670203,-0.108405,-0.379752,0.100944
0.699424,0.459006,-0.363684,0.108953,-0.098965,-0.308399,-0.059018
0.706068,0.758858,-0.959271,-0.757450,0.001309,-0.038963,-0.228784
0.711666,0.142217,-0.669690,-0.634378,0.085887,0.125583,-0.205682
0.708462,-0.517583,0.037509,0.119569,0.096618,0.089060,-0.050759
0.703409,-0.256470,0.333120,0.154951,0.078129,0.054131,0.035603
0.702310,0.350681,0.066586,-0.282545,0.058690,0.050478,0.039953
0.701922,0.112788,-0.111847,0.218656,0.001945,-0.160839,0.098412
0.704929,-0.708464,0.173078,1.172924,-0.074791,-0.523792,0.246096
0.713814,-0.684474,0.224466,0.591870,-0.072239,-0.611447,0.355382
0.717520,0.313534,-0.445274,-1.169188,0.058684,-0.326506,0.315596
0.713239,0.706030,-0.548755,-1.634968,0.212484,-0.031764,0.235708
0.713622,0.114599,0.545555,-0.715715,0.242612,0.130652,0.277065
0.707502,0.294790,0.398115,-0.777146,0.234940,0.370728,0.291512
0.670964,1.628797,-1.379346,-1.928149,0.345346,0.680295,0.097273
0.626787,1.878248,-0.210890,-1.828669,0.279749,0.745231,-0.007697
0.606604,0.314634,4.021321,-0.165514,-0.283115,0.444199,0.229792
0.582463,-0.743717,3.974733,1.104764,-0.787033,0.025667,0.340336
0.535286,-0.154557,-1.187470,1.154613,-0.542289,-0.222564,-0.083119
0.509311,0.371021,-2.747002,0.398767,-0.035238,-0.242803,-0.540889
0.512880,-0.182064,1.324604,-0.854553,-0.103648,-0.117019,-0.458372
0.491541,-0.746439,3.171615,-1.581936,-0.504671,0.091909,-0.074267
0.441917,-0.643305,-0.326030,-0.549020,-0.515194,0.286452,0.122874
0.408051,-0.309843,-4.046849,1.157626,-0.103252,0.342494,0.052977
0.382440,0.021902,-4.078678,1.149763,0.284149,0.312601,-0.132592
0.343827,0.255553,-1.429053,-0.213382,0.397978,0.346323,-0.283730
0.322080,0.052009,1.058844,-0.433911,0.297948,0.383237,-0.290441
0.328621,-0.489261,1.701453,0.556935,0.160752,0.269073,-0.178030
0.326499,-0.818546,0.983717,0.769770,0.102488,0.078995,-0.076887
0.316307,-0.635542,-0.001565,0.180290,0.134639,0.002727,-0.071004
0.336866,-0.125170,-0.814115,0.100104,0.228366,0.049730,-0.149844
0.380323,0.199423,-0.966605,0.328490,0.335783,0.093062,-0.231218
0.410609,0.104116,-0.287877,0.066494,0.404833,0.103765,-0.215724
0.430847,-0.032710,0.406529,-0.430248,0.414515,0.167255,-0.086392
0.455072,-0.012479,0.608763,-0.538775,0.359076,0.262758,0.074881
0.475416,-0.172586,0.794031,-0.047670,0.247763,0.219263,0.193358
0.503737,-0.531228,1.235038,0.722227,0.108895,-0.016434,0.254543
0.566184,-0.548362,1.358656,0.973112,-0.061949,-0.280094,0.235946
0.639759,0.040916,0.582561,0.330819,-0.253550,-0.410550,0.086182
0.676707,0.812893,-0.681163,-0.569952,-0.331273,-0.340757,-0.168513
0.680356,1.148417,-1.426852,-1.041263,-0.173460,-0.052249,-0.371163
0.683712,0.798505,-1.291671,-0.995254,0.100761,0.314317,-0.379722
0.686311,0.003598,-0.634710,-0.488170,0.256275,0.489853,-0.244106
0.672312,-0.679177,0.139949,0.278812,0.234733,0.390752,-0.128126
0.654343,-0.855551,0.711724,0.854774,0.110582,0.139027,-0.059342
0.656072,-0.660191,0.797646,1.038123,-0.082064,-0.202536,0.064577
0.676526,-0.309621,0.339567,0.758570,-0.256049,-0.539148,0.216733
0.696345,0.172515,-0.239146,-0.071843,-0.271847,-0.618227,0.246297
0.704854,0.549574,-0.431374,-0.870917,-0.172848,-0.386953,0.129457
0.706094,0.627637,-0.459090,-0.889531,-0.102949,-0.118118,-0.043754
0.705581,0.508678,-0.557261,-0.445338,-0.067114,0.008008,-0.219790
0.704344,0.095983,-0.174352,-0.131488,-0.048959,0.020840,-0.321732
0.704228,-0.503086,0.610100,0.211597,-0.088466,-0.066792,-0.253173
0.707060,-0.644869,0.796082,0.582759,-0.145529,-0.234746,-0.072442
0.708777,-0.235767,0.303082,0.492526,-0.196413,-0.387192,0.035497
0.703675,0.265284,0.035548,-0.009759,-0.325025,-0.443711,-0.001965
0.691062,0.804961,0.582041,-0.524837,-0.520839,-0.348552,-0.055411
0.671739,1.131238,1.429126,-0.977292,-0.630878,-0.107993,0.000871
0.647179,0.515595,1.085932,-1.012261,-0.557105,0.105030,0.092650
0.623474,-0.753859,-0.698866,-0.249098,-0.336103,0.122141,0.108536
0.603662,-1.304656,-2.110762,0.536922,-0.064015,0.038143,0.091987
0.584730,-0.703660,-2.178324,0.498350,0.190553,0.049808,0.080911
0.571541,0.069696,-1.447426,0.192249,0.370068,0.136322,0.021486
0.572638,0.263786,-0.090436,0.261520,0.371206,0.131627,-0.057813
0.583054,0.035874,1.296532,0.359297,0.180536,0.002348,-0.070929
0.596762,-0.239521,1.386614,0.244341,-0.009138,-0.132043,-0.025003
0.618860,-0.272697,0.338383,0.148473,-0.027082,-0.173846,0.025406
0.646377,0.096499,-0.578001,0.032046,0.080754,-0.106239,0.025726
0.665271,0.602409,-0.881266,-0.320334,0.192288,0.055618,-0.075955
0.670859,0.680123,-0.494490,-0.678802,0.231334,0.238418,-0.232714
0.668355,0.177112,0.388455,-0.503155,0.161091,0.301213,-0.333637
0.664921,-0.312142,0.936126,0.181244,0.005577,0.188711,-0.356674
0.666426,-0.285514,1.066100,0.594659,-0.199159,0.009680,-0.309418
0.665680,-0.101551,1.304037,0.292608,-0.414462,-0.108213,-0.159926
0.650268,-0.208882,0.954635,-0.229541,-0.489028,-0.117821,0.017117
0.629376,-0.451380,-0.359790,-0.302842,-0.317857,-0.046894,0.082985
0.622472,-0.568641,-1.159535,0.059326,-0.069231,0.000956,0.059898
0.628875,-0.413990,-0.946610,0.239629,0.089929,-0.029290,0.024207
0.637542,-0.108150,-0.714429,0.082261,0.212320,-0.062748,-0.045053
0.647273,-0.189840,0.008407,0.194506,0.253502,-0.106377,-0.061926
0.659086,-0.436842,1.427161,0.422636,0.072605,-0.265065,0.112344
0.669225,0.181037,1.241229,-0.130138,-0.147615,-0.404276,0.285134
0.675517,1.469298,-0.697315,-1.072032,-0.130782,-0.231515,0.171177
0.678817,2.273643,-0.965328,-1.486680,-0.017902,0.239940,-0.066688
0.680736,1.998534,0.505588,-1.537482,-0.009315,0.676622,-0.132862
0.682769,0.136424,0.000704,-0.806630,0.079530,0.751222,-0.127330
0.683687,-2.470418,-2.120961,1.277504,0.344222,0.382359,-0.211652
0.680331,-2.572244,-2.104321,2.561873,0.503854,-0.091185,-0.263467
0.674578,0.405412,-0.078678,1.101397,0.436756,-0.192379,-0.221962
0.673306,2.175520,1.507047,-0.844091,0.258834,0.023526,-0.196693
0.673841,0.880081,2.773771,-0.775757,-0.123796,0.071577,-0.155760
0.660407,-0.373127,3.527418,0.271974,-0.680417,-0.166185,-0.045392
0.629413,-0.479258,1.848406,0.801310,-0.849400,-0.381374,-0.007955
0.601156,-1.293775,-0.719193,0.671662,-0.385549,-0.417652,-0.057518
0.590797,-1.933824,-0.673258,-0.185808,0.070130,-0.331914,0.016232
0.590828,-0.406726,0.348773,-1.017500,0.068385,-0.153524,0.167480
0.590741,1.450606,-0.923213,-0.595561,0.019487,0.041443,0.112504
0.589456,1.153347,-2.198312,0.260843,0.219963,0.125299,-0.111354
0.589509,-0.182795,-0.614594,0.142059,0.348280,0.111325,-0.215206
0.595048,-0.713351,1.371079,-0.205560,0.238526,0.092545,-0.152001
0.603971,-0.532563,1.200119,-0.019413,0.149481,0.091613,-0.043955
0.599524,-0.114128,0.202557,-0.110609,0.194138,0.121072,0.087996
0.573405,0.294055,-0.075259,-0.377218,0.202798,0.173077,0.194421
0.551946,0.316182,0.261339,0.057025,0.082774,0.137220,0.159877
0.567231,0.102474,0.890680,0.488036,-0.086151,-0.051600,0.049674
0.610216,0.002426,1.219164,0.118622,-0.206717,-0.264185,0.046244
0.646368,-0.079984,0.482630,-0.266556,-0.214045,-0.327453,0.145897
0.664404,-0.237943,-0.707073,-0.127586,-0.099115,-0.239136,0.231965
0.675421,-0.321635,-0.923582,-0.009330,0.031359,-0.118890,0.294428
0.681136,0.097040,-0.457635,-0.389630,0.075312,0.016991,0.290478
0.675066,1.121011,-0.460745,-1.086173,0.045720,0.221982,0.101241
0.660587,1.576147,-0.079841,-1.247128,-0.093867,0.369657,-0.142816
0.645104,0.797282,1.297661,-0.503910,-0.382752,0.311167,-0.182772
0.628150,0.003163,1.358936,0.224848,-0.580145,0.172742,-0.135298
0.607828,-0.461537,-0.794765,0.495876,-0.437099,0.083821,-0.243688
0.589778,-1.265106,-2.384903,0.791042,-0.125791,-0.031165,-0.358035
0.585748,-1.354281,-1.821722,0.929744,0.057298,-0.172970,-0.272716
0.605646,-0.413436,-0.164682,0.906792,0.063475,-0.323078,-0.066768
0.642521,-0.376547,1.285413,1.246962,-0.036916,-0.583131,0.181401
0.669998,-0.760373,1.225097,1.000503,-0.149713,-0.783507,0.371950
0.672702,0.573400,-0.070085,-0.657075,-0.172115,-0.550199,0.295659
0.665569,2.059142,-0.299945,-1.920426,-0.102022,0.034621,0.066523
0.663234,1.290006,0.313894,-1.387051,0.033659,0.515026,0.007443
0.657918,-0.488460,-0.442795,-0.225972,0.233980,0.640507,0.044672
0.646300,-1.432624,-1.278589,0.728877,0.375658,0.414659,-0.017358
0.642415,-1.194256,-0.255353,1.627628,0.323741,0.000175,-0.072605
0.652608,0.473156,0.268620,1.529998,0.195526,-0.259037,-0.139445
0.670297,2.422507,-1.053690,-0.125758,0.169148,-0.159396,-0.402200
0.689254,2.229991,-0.712479,-1.534359,0.137586,0.086909,-0.614941
0.698955,-0.019761,2.675008,-1.122076,-0.113418,0.168988,-0.348901
0.690316,-1.901902,4.887771,0.045742,-0.486852,0.046193,0.246996
0.671734,-2.155296,2.963478,0.389493,-0.640362,-0.120749,0.630191
0.647964,-1.030913,-0.708275,-0.010604,-0.452544,-0.167191,0.590344
0.605449,0.554666,-2.740060,-0.313419,-0.154066,-0.043014,0.358925
0.551849,1.109304,-2.807225,-0.063270,0.055562,0.123368,0.177602
0.523371,0.252631,-2.193491,0.573424,0.225421,0.163982,0.044505
0.527391,-0.608007,-1.061176,0.837103,0.370944,0.080452,-0.095891
0.534938,-0.622342,0.864913,0.375466,0.321447,-0.028645,-0.142210
0.538113,-0.365747,2.414995,-0.104614,0.043591,-0.135187,-0.019774
0.556771,-0.210897,2.047974,-0.051057,-0.187546,-0.220824,0.113812
0.592179,0.011864,0.114712,0.197503,-0.136097,-0.220316,0.088555
0.623793,0.161286,-1.393561,0.270954,0.086192,-0.139028,-0.020808
0.644332,0.082355,-1.218039,0.117201,0.221609,-0.048124,-0.068841
0.661863,0.166215,-0.230271,-0.262808,0.228262,0.064004,-0.105886
0.676233,0.595687,0.173263,-0.624709,0.228277,0.229052,-0.236971
0.680727,0.682775,0.192484,-0.552558,0.198423,0.323938,-0.364354
0.679771,-0.101789,0.681928,0.029641,0.028852,0.196172,-0.335063
0.683684,-1.134051,1.336386,0.759140,-0.171328,-0.086540,-0.185551
0.691287,-1.489535,1.368318,1.124200,-0.193823,-0.313110,-0.020953
0.694676,-1.051022,0.786066,0.828884,-0.090215,-0.377248,0.126936
0.695158,-0.229456,0.031457,0.076079,-0.049392,-0.310085,0.189884
0.698745,0.624687,-0.659797,-0.601076,-0.048047,-0.166268,0.068176
0.702505,1.074107,-0.925722,-0.828874,0.002467,0.000973,-0.182668
0.700438,0.689968,-0.377803,-0.629760,-0.004949,0.106364,-0.358034
0.696618,-0.220614,0.416823,-0.177809,-0.105646,0.079703,-0.329109
0.699178,-0.902850,0.678064,0.487759,-0.113413,-0.063347,-0.155977
0.707020,-1.106986,0.815860,1.031172,-0.016208,-0.233924,0.024231
0.712783,-0.675708,0.862221,0.586941,0.009837,-0.299271,0.112212
0.712566,0.515835,0.076556,-0.803210,-0.029483,-0.163315,0.067619
0.704878,1.371174,-0.233578,-1.494077,-0.124467,0.067421,-0.044488
0.685965,0.748874,1.247379,-0.618901,-0.379135,0.164410,-0.098063
0.654124,-0.428025,1.927186,0.420479,-0.590536,0.099493,-0.093067
0.617311,-0.847244,-0.060001,0.380034,-0.460350,0.030389,-0.107857
0.589160,-0.767556,-1.908058,0.028911,-0.167631,0.007049,-0.082886
0.574853,-0.506171,-1.850821,0.252026,0.019294,-0.014848,0.033487
0.567436,0.180326,-1.565309,0.473469,0.168760,-0.008949,0.065931
0.561589,0.690381,-1.348342,0.162198,0.269095,0.044245,-0.104301
0.564802,0.306376,-0.261234,-0.091077,0.176328,0.080397,-0.282684
0.587983,-0.332500,0.644475,0.168581,0.031792,0.037125,-0.292755
0.626773,-0.454342,0.394024,0.630939,0.031694,-0.103404,-0.219644
0.662143,-0.439591,0.059548,0.899191,0.067236,-0.290196,-0.116385
0.681170,-0.556273,0.264076,0.551986,0.044521,-0.365068,0.094127
0.687437,-0.206403,0.170189,-0.505404,0.107520,-0.203570,0.328588
0.689978,0.586470,-0.397614,-1.229416,0.277608,0.091153,0.395882
0.689080,0.933182,-0.697771,-0.719067,0.321927,0.289675,0.275445
0.677834,0.712210,-0.600533,0.201167,0.152465,0.304301,0.049919
0.659626,0.415847,-0.295739,0.571429,-0.041594,0.206544,-0.187886
0.651026,0.009385,0.251801,0.779367,-0.155991,0.037963,-0.314597
0.655679,-0.355445,0.493890,0.956510,-0.273840,-0.189278,-0.373113
0.656119,-0.177725,0.045440,0.426222,-0.386787,-0.350902,-0.527271
0.644729,0.036113,-0.231542,-0.421313,-0.374152,-0.321399,-0.644442
0.635967,-0.384904,-0.083657,-0.450331,-0.202746,-0.170534,-0.468971
0.638499,-0.611044,-0.413619,-0.008900,0.057383,-0.028168,-0.151259
0.641761,-0.074321,-0.794037,-0.153787,0.284781,0.089874,0.024625
0.635679,0.058685,-0.129913,-0.382050,0.363010,0.159161,0.110460
0.626464,-0.586868,0.930414,0.137638,0.276009,0.097246,0.202979
0.628743,-0.680962,1.433523,0.493643,0.067092,-0.073369,0.205289
0.647525,-0.003319,1.196703,-0.100127,-0.155103,-0.210498,0.121476
0.673559,0.323040,-0.217144,-0.499220,-0.147539,-0.199253,0.094788
0.693116,0.170865,-1.844743,-0.049335,0.134768,-0.052313,0.170202
0.696183,0.146247,-1.502253,0.017849,0.343220,0.113672,0.300888
0.687847,0.382827,-0.038488,-0.747553,0.283240,0.246546,0.409611
0.682728,0.908006,0.681359,-1.258076,0.080048,0.425530,0.441230
0.664612,1.515812,2.387551,-1.323262,-0.335719,0.671824,0.501899
0.599666,1.471515,5.078958,-1.385934,-1.010506,0.858731,0.691798
0.510482,0.419426,3.976143,-0.722121,-1.483594,0.852331,0.846372
0.451411,-1.221486,-1.239100,0.957246,-1.387516,0.616797,0.826647
0.422323,-2.651053,-4.747363,2.177700,-0.974234,0.261808,0.781687
0.394100,-2.998055,-4.897996,2.141512,-0.550408,-0.006379,0.796996
0.356984,-2.203266,-4.920531,1.839762,-0.080690,-0.113121,0.728497
0.299520,-1.233972,-5.404405,1.773417,0.487964,-0.153074,0.552220
0.228756,-0.703216,-4.677510,1.260896,0.988253,-0.160750,0.452635
0.188515,-0.449270,-2.631169,0.233090,1.163437,-0.113781,0.539075
0.187779,-0.265187,-0.564413,-0.440275,1.003640,-0.073504,0.709630
0.183453,0.099531,-0.062441,-0.314319,0.873662,-0.076475,0.763049
0.157461,0.672331,-1.004947,0.111642,1.015750,-0.066398,0.636705
0.130743,0.870989,-0.829645,0.071826,1.163020,-0.031826,0.507768
0.114927,0.537653,0.983411,-0.404638,1.048821,-0.033404,0.491890
0.106475,0.399708,1.324204,-0.539887,0.894899,-0.099216,0.401937
0.105853,0.725829,-0.230228,-0.429023,0.965181,-0.174692,0.096781
0.114945,0.936097,0.064396,-0.944465,1.054645,-0.184290,-0.203753
0.128195,0.874406,2.715113,-1.691713,0.845482,-0.140857,-0.287139
0.136268,0.959087,3.926124,-1.661335,0.445020,-0.114270,-0.266418
0.135470,0.974388,2.880517,-1.190370,0.161944,-0.116164,-0.238710
0.130518,0.498981,2.127841,-0.957127,0.012804,-0.122688,-0.099991
0.130465,0.325047,1.777510,-0.865089,-0.146105,-0.106559,0.086807
0.142061,1.163154,0.371042,-0.867827,-0.257809,-0.005507,0.072303
0.161080,1.809683,-1.095362,-0.890236,-0.211852,0.186893,-0.133834
0.175756,1.080022,-1.099436,-0.509756,-0.095930,0.345141,-0.275507
0.187212,-0.106089,-0.306892,0.152720,-0.033067,0.346775,-0.261449
0.209734,-0.515860,0.156109,0.553638,-0.015133,0.218506,-0.212273
0.242501,-0.362058,0.212157,0.636980,-0.012001,0.107465,-0.221738
0.269072,-0.296203,0.046934,0.576589,-0.001814,0.104750,-0.276781
0.287315,-0.488443,-0.256259,0.548895,0.079671,0.103344,-0.314944
0.308780,-0.753085,-0.559141,0.806800,0.205116,-0.027646,-0.292932
0.337496,-0.650538,-0.736685,0.950616,0.227141,-0.172365,-0.232643
0.372590,-0.113930,-0.459857,0.352924,0.119041,-0.175271,-0.161234
0.417667,0.139044,0.557128,-0.294101,-0.003806,-0.177478,-0.033136
0.477812,-0.259691,1.713790,-0.044422,-0.104637,-0.328551,0.168311
0.548940,-0.597324,1.907160,0.372676,-0.199443,-0.433914,0.307087
0.609083,-0.181118,0.799990,0.020130,-0.233740,-0.309121,0.224813
0.638362,0.613373,-0.800889,-0.494024,-0.186058,-0.106011,-0.032621
0.646452,0.781938,-1.503746,-0.454102,-0.118206,0.001408,-0.228833
0.653119,0.121749,-0.814750,-0.227620,-0.042378,0.040976,-0.209316
0.658826,-0.401942,0.135006,-0.066947,0.063068,0.042649,-0.075962
0.659516,-0.330730,0.584548,0.323044,0.113157,-0.021884,0.007782
0.661940,-0.265237,0.912221,0.610067,0.023642,-0.103841,0.030443
0.669135,-0.253739,0.688379,0.200337,-0.090809,-0.125519,0.013940
0.675090,0.231595,-0.497645,-0.496949,-0.074489,-0.073524,-0.070678
0.675056,0.900723,-1.338236,-0.990276,0.035154,0.080515,-0.181421
0.667081,1.009846,-1.138603,-1.350570,0.144284,0.333318,-0.251121
0.651005,0.541588,-0.575022,-1.066689,0.217154,0.488764,-0.287223
0.630822,0.075768,0.601341,0.067690,0.145926,0.371885,-0.257660
0.611894,-0.335467,2.102787,0.837467,-0.101412,0.114672,-0.104399
0.599670,-1.184930,1.881600,0.727194,-0.265097,-0.092423,0.082836
0.600251,-1.772804,0.082457,0.494062,-0.164118,-0.251741,0.167100
0.613412,-0.754709,-0.669557,0.220113,-0.029031,-0.362366,0.147802
0.632087,0.777098,0.037736,-0.130036,-0.103540,-0.380752,0.080433
0.652317,0.743050,0.598136,-0.091014,-0.286575,-0.370274,-0.015926
0.671268,0.028430,0.548256,-0.111277,-0.385799,-0.359445,-0.126409
0.681793,0.237732,0.227943,-0.568895,-0.364446,-0.276989,-0.215429
0.681325,0.513580,-0.237648,-0.725053,-0.225982,-0.112633,-0.214265
0.673534,0.317359,-0.823801,-0.746393,0.064620,0.125918,-0.092237
0.661135,0.335150,-1.149060,-1.019399,0.399592,0.358924,0.082993
0.653066,-0.238346,0.103593,-0.194603,0.464877,0.276351,0.297440
0.661812,-1.553001,2.676782,1.601901,0.124028,-0.203273,0.560910
0.679799,-0.962875,2.546373,1.566188,-0.262304,-0.556493,0.580917
0.687799,1.819565,-1.842123,-0.537534,-0.244031,-0.367118,0.051146
0.688409,2.958774,-4.328169,-1.714344,0.071244,0.072217,-0.603478
0.693907,1.306163,-0.219877,-1.189313,0.171275,0.326063,-0.639131
0.693969,-0.251058,4.906980,-0.703578,-0.065387,0.362909,-0.145751
0.674622,-1.039704,4.571740,-0.506365,-0.225096,0.275331,0.219240
0.644208,-2.037739,1.452802,0.055878,-0.113115,0.073008,0.313768
0.607997,-1.466014,0.021279,0.116226,-0.017723,-0.089641,0.337282
0.555561,1.098421,-0.725615,-0.753046,-0.080083,-0.002657,0.254712
0.496855,1.828333,-1.777466,-0.893142,-0.087586,0.234858,0.123236
0.461564,-0.268342,-1.855475,0.430158,0.061761,0.361104,0.151349
0.449154,-1.381602,-1.700748,1.491517,0.252702,0.355670,0.205673
0.429932,-0.404309,-2.149306,1.137945,0.381766,0.347521,0.064682
0.396539,0.119917,-1.511552,0.328117,0.392612,0.333936,-0.105919
0.369600,-0.209880,0.291826,-0.002182,0.287368,0.263557,-0.126540
0.359726,0.085728,1.108690,-0.151794,0.136769,0.189734,-0.115712
0.358887,0.589023,0.733431,-0.340640,0.002565,0.174947,-0.149527
0.357556,0.137773,0.142930,-0.112003,-0.025723,0.195850,-0.154432
0.346633,-0.524696,-0.706442,0.423228,0.119664,0.205562,-0.138217
0.324112,-0.275920,-1.165775,0.592810,0.278028,0.176416,-0.149075
0.313840,0.149504,-0.226051,0.539944,0.239549,0.099116,-0.159557
0.341003,-0.000956,0.777380,0.460228,0.102072,0.017796,-0.143459
0.393257,0.178148,0.170071,-0.190046,0.068447,-0.030668,-0.083588
0.454621,0.558998,-0.320838,-0.603465,0.084176,-0.117776,0.065138
0.536362,-0.442362,1.419104,0.737010,0.005392,-0.282443,0.258162
0.623849,-1.710600,2.902180,2.206493,-0.119433,-0.371923,0.303989
0.670827,-0.705821,0.981859,1.238428,-0.152254,-0.250394,0.079360
0.675516,1.072747,-1.779629,-0.625145,-0.075703,-0.029864,-0.239240
0.673324,0.821207,-1.596052,-0.886167,0.007068,0.105221,-0.342318
0.670617,-0.151358,-0.102771,-0.507094,0.022854,0.123979,-0.194568
0.662903,-0.036999,0.137833,-0.332452,0.000055,0.046176,-0.013977
0.666018,-0.097925,0.394348,0.678650,-0.035046,-0.138463,0.094533
0.681359,-0.674222,1.159272,1.534526,-0.104847,-0.317154,0.127247
0.689604,-0.269579,0.492977,0.574048,-0.170038,-0.311968,0.014846
0.689013,0.639992,-1.087022,-0.697516,-0.140170,-0.134259,-0.184223
0.690018,0.655778,-1.362226,-0.786659,-0.001030,0.090791,-0.268451
0.688694,0.340681,-0.817371,-0.760634,0.182738,0.312034,-0.236585
0.678450,0.450769,-0.553852,-0.835740,0.266848,0.440206,-0.214106
0.660303,0.409908,0.507414,-0.089997,0.062421,0.340992,-0.138370
0.632771,-0.107019,2.305542,0.625933,-0.338977,0.094826,0.035762
0.602319,-0.790486,2.486260,0.421102,-0.493340,-0.063307,0.142347
0.588096,-1.390986,0.766978,0.418065,-0.210821,-0.091184,0.131578
0.591757,-1.269980,-0.748051,0.878497,0.153873,-0.102108,0.115177
0.598149,-0.118549,-1.348525,0.467065,0.268202,-0.100724,0.051290
0.611814,0.719834,-1.114060,-0.284069,0.178075,-0.085617,-0.072931
0.644420,0.124637,0.473341,0.255259,0.019492,-0.180515,-0.019649
0.680033,-0.668777,1.877743,0.966352,-0.131905,-0.357981,0.237875
0.697216,-0.027901,0.664900,-0.103343,-0.173029,-0.333518,0.325646
0.698995,1.512518,-1.462292,-1.700993,-0.071820,0.029243,0.098016
0.696257,1.911038,-1.345862,-1.588573,0.087965,0.488072,-0.140270
0.691568,0.120087,-0.164940,-0.145104,0.236122,0.685141,-0.194795
0.685145,-2.100287,0.049771,1.212013,0.282839,0.462422,-0.159122
0.675554,-1.847103,0.255916,1.729781,0.159225,0.026215,-0.098367
0.661237,0.602652,0.534392,0.661352,0.025303,-0.190793,-0.044426
0.649097,1.956930,0.026913,-1.164417,0.004150,-0.084960,-0.059881
0.648388,1.195634,0.038668,-1.213549,-0.127425,-0.040466,-0.098955
0.656698,0.331331,0.532913,0.213484,-0.426112,-0.237542,-0.116476
0.664899,-0.103562,-0.468300,0.425870,-0.505226,-0.368699,-0.163496
0.671933,-1.096458,-1.544513,-0.096413,-0.238564,-0.285101,-0.173284
0.681405,-1.705336,-0.516623,0.426564,0.037462,-0.191529,-0.049700
0.685477,-0.586983,0.492520,0.477502,0.174832,-0.127452,0.065917
0.671330,0.947308,-0.117185,-0.957156,0.276173,0.040386,0.025938
0.649662,1.127433,-0.145023,-1.605726,0.286709,0.216879,-0.058237
0.650412,0.393685,1.165955,-0.706323,0.128572,0.187980,-0.026054
0.678441,-0.133003,1.688549,-0.051377,-0.060071,-0.030424,0.114658
0.705221,-0.194884,0.553938,-0.057372,-0.113483,-0.203857,0.235897
0.713674,0.083116,-1.120737,-0.067722,-0.011270,-0.153492,0.225342
0.715201,0.251699,-1.949986,-0.132769,0.164533,0.030730,0.125296
0.717923,-0.196743,-1.019265,-0.057819,0.282375,0.124141,0.099331
0.714291,-0.609770,0.748312,0.092178,0.248274,0.127019,0.166670
0.702835,0.129805,1.062954,-0.595197,0.099047,0.216547,0.128997
0.692626,1.339962,-0.060470,-1.508049,-0.073474,0.339886,-0.105757
0.685430,1.316287,-0.376595,-0.911491,-0.231984,0.276849,-0.343266
0.675894,0.220584,0.373322,0.437576,-0.340240,0.077929,-0.392330
0.667486,-0.508882,0.733255,0.494648,-0.338530,-0.006385,-0.290047
0.668889,-0.758894,0.566408,-0.121969,-0.236057,0.040306,-0.146131
0.676813,-1.067475,0.000637,0.293176,-0.085057,0.030570,-0.028481
0.679752,-0.937138,-1.221486,0.990610,0.086556,-0.056516,-0.005323
0.677495,-0.088188,-1.705532,0.549867,0.198888,-0.087187,-0.059377
0.680861,0.381267,-0.138682,-0.062639,0.135927,-0.107945,-0.033242
0.692770,-0.236629,1.805851,0.483656,-0.087479,-0.304632,0.159117
0.705197,-0.815747,1.877311,0.996332,-0.310495,-0.584410,0.354863
0.713657,-0.114351,0.178241,0.082393,-0.369774,-0.608880,0.311714
0.719504,1.156000,-1.744492,-1.018059,-0.236926,-0.332170,0.014567
0.720843,1.404092,-2.291732,-0.909346,-0.066530,-0.062916,-0.298275
0.716141,0.466344,-0.931411,-0.385490,-0.012495,0.030877,-0.409330
0.712522,-0.493874,0.830351,-0.142354,-0.032895,0.013471,-0.304213
0.716032,-0.707401,1.283656,0.316046,-0.057177,-0.115008,-0.106137
0.719895,-0.272036,0.594324,0.587911,-0.113430,-0.316846,-0.004957
0.716935,0.583488,-0.336608,-0.309956,-0.133082,-0.321542,-0.150812
0.712070,1.575609,-0.623676,-1.671822,-0.084355,-0.012087,-0.370250
0.706880,1.970195,0.569150,-1.904993,-0.222279,0.276697,-0.269090
0.689579,1.074792,2.022103,-0.910959,-0.577800,0.244931,0.129463
0.652733,-0.776857,1.469026,0.122922,-0.659795,0.029830,0.390930
0.602260,-1.903739,-0.507247,0.386731,-0.293187,-0.119464,0.386704
0.550630,-0.822273,-1.866348,-0.045693,0.045525,-0.114951,0.284485
0.513855,1.112318,-2.232867,-0.478481,0.095968,0.060526,0.114563
0.496323,1.046053,-1.754119,-0.233522,0.086496,0.309057,-0.014844
0.479499,-0.542804,-0.984824,0.384548,0.157784,0.436284,0.086351
0.449683,-0.717753,-1.288432,0.473091,0.283334,0.436640,0.224759
0.416586,0.376175,-1.916465,0.039022,0.455864,0.456644,0.130660
0.389423,0.352082,-0.765704,-0.114974,0.553398,0.468218,-0.010047
0.368216,-0.504241,1.177295,0.133216,0.425492,0.361407,0.018432
0.358986,-0.357017,1.415016,0.152433,0.193584,0.237234,0.055395
0.364498,0.319052,0.074164,-0.132590,0.143950,0.246327,-0.042569
0.369901,0.032492,-1.272435,0.018307,0.326312,0.295598,-0.169961
0.366240,-0.695147,-1.717878,0.771605,0.444260,0.191344,-0.234550
0.379708,-0.620469,-0.777989,1.140393,0.251205,-0.067419,-0.227988
0.443618,-0.271670,1.078549,0.644105,-0.095946,-0.327992,-0.105069
0.540823,-0.487915,2.144107,0.139838,-0.313256,-0.484070,0.097615
0.618620,-0.346016,1.296706,-0.069891,-0.354829,-0.474119,0.145868
0.659508,0.673281,-0.543675,-0.649974,-0.261825,-0.256953,-0.083149
0.683567,0.895628,-1.347912,-1.023839,-0.056391,0.021779,-0.309487
0.697212,-0.291488,-0.520588,-0.249326,0.113528,0.119103,-0.239337
0.695393,-0.817331,0.348519,0.429800,0.128358,0.077667,-0.043727
0.689744,-0.061343,0.328020,0.144086,0.064566,0.067517,-0.000298
0.693207,-0.065458,0.490313,0.602169,-0.013473,-0.052514,0.009465
0.700677,-1.065835,1.089719,1.843609,-0.104256,-0.383112,0.167757
0.704184,-1.018494,0.804640,1.286133,-0.113913,-0.561847,0.317438
0.704912,0.101758,-0.385088,-0.683533,0.012520,-0.339139,0.293052
0.704559,0.401037,-0.883608,-1.042346,0.156279,-0.030612,0.218257
0.703422,-0.207478,-0.194360,-0.066528,0.200800,0.083096,0.208406
0.702331,-0.131949,0.332873,-0.285679,0.151155,0.182511,0.139566
0.693481,0.844626,-0.239501,-1.226994,0.074269,0.409407,-0.099695
0.668037,1.190794,-0.640582,-0.681211,0.012386,0.515944,-0.358010
0.639742,0.196888,0.641976,0.952175,-0.126160,0.283155,-0.411809
0.631558,-0.801359,2.091927,1.597158,-0.432336,-0.109241,-0.309359
0.641186,-0.530978,1.002420,0.908932,-0.667401,-0.324507,-0.291788
0.650818,0.121837,-1.516616,0.141844,-0.516261,-0.269050,-0.380288
0.657439,-0.363892,-1.895125,0.042756,-0.159075,-0.142712,-0.347379
0.666436,-1.319235,-0.282964,0.252967,0.024439,-0.123679,-0.147301
0.672989,-0.904414,0.189045,0.070039,0.076468,-0.113437,-0.006320
0.671621,0.432824,-0.522358,-0.482064,0.170337,0.019076,-0.008921
0.670956,0.603949,-0.056983,-0.545395,0.185801,0.097684,0.029579
0.681169,-0.348005,1.322281,0.120324,0.040700,-0.086233,0.199779
0.695262,-0.502028,1.551849,0.509980,-0.106126,-0.343926,0.304564
0.701645,0.451385,0.367763,0.011322,-0.158937,-0.349472,0.136831
0.706246,0.984045,-0.935430,-0.533593,-0.133332,-0.129206,-0.176742
0.717446,0.535610,-1.380719,-0.385933,-0.002950,0.075796,-0.290635
0.723628,0.131556,-1.018235,-0.237431,0.217145,0.221057,-0.121227
0.716411,0.201741,-0.302491,-0.710046,0.400283,0.380260,0.086647
0.709766,0.017251,1.000096,-0.962319,0.348295,0.429805,0.223227
0.702044,-0.363559,2.486798,-0.168497,-0.075698,0.191382,0.368276
0.664692,-0.053959,1.859428,0.974974,-0.590330,-0.186348,0.381559
0.601917,0.615382,-1.077004,1.092217,-0.632942,-0.356824,0.085749
0.558596,0.533541,-2.363491,-0.147097,-0.242832,-0.252231,-0.213129
0.549059,-0.104476,-0.575888,-1.266997,-0.049620,-0.093549,-0.115597
0.547601,-0.250542,0.161085,-0.739926,-0.138185,0.003875,0.166497
0.543525,0.195842,-1.989410,0.481103,-0.015113,0.107750,0.204769
0.542107,0.473710,-3.213070,0.461845,0.324489,0.235623,0.067210
0.538519,0.258010,-1.341708,-0.370295,0.430470,0.307384,0.024809
0.531746,-0.040013,0.884022,-0.465397,0.242598,0.284674,0.044214
0.527889,-0.117588,1.174184,-0.054942,0.068406,0.224176,0.003191
0.520677,-0.190189,0.516396,0.080201,0.054773,0.188646,-0.051620
0.506862,-0.329222,0.210454,0.333961,0.106024,0.143802,-0.068875
0.503449,-0.177546,-0.066668,0.721315,0.099923,0.036251,-0.089630
0.516116,0.249139,-0.589994,0.410315,0.053066,-0.046383,-0.128943
0.528448,0.281293,-0.394772,-0.142102,0.055671,-0.022633,-0.118591
0.546293,-0.357854,0.852944,0.377569,0.053478,-0.060899,0.005472
0.594260,-0.922402,1.660908,1.399072,-0.079295,-0.318827,0.171558
0.655306,-0.582367,0.988451,1.154542,-0.265447,-0.572625,0.190212
0.686241,0.480841,-0.308581,-0.368582,-0.296859,-0.496128,-0.020261
0.689400,1.091708,-0.994588,-1.412543,-0.130159,-0.143089,-0.282022
0.695877,0.363500,-0.571219,-0.921302,0.061091,0.151601,-0.340840
0.703398,-0.615947,0.224776,-0.098204,0.111606,0.236148,-0.198142
0.696060,-0.194753,0.020286,-0.436939,0.075217,0.241485,-0.081972
0.688083,0.353208,-0.357164,-0.383948,0.065447,0.160676,-0.039059
0.697401,-0.825399,0.784733,1.800815,-0.020319,-0.222673,0.076669
0.712766,-1.483919,1.362880,3.071905,-0.224229,-0.699754,0.143561
0.719582,0.430042,-0.485531,0.671957,-0.259083,-0.670086,-0.067802
0.721761,1.857932,-0.676353,-1.927342,-0.111915,-0.124116,-0.246710
0.719214,0.710488,3.429761,-1.614547,-0.322640,0.330165,0.081274
0.701557,-0.219334,6.389941,-0.673762,-0.946628,0.424011,0.596730
0.667791,0.057945,3.794493,-0.485644,-1.147763,0.285530,0.603251
0.619456,-0.877977,-0.270543,0.416822,-0.568637,-0.048886,0.186375
0.556590,-2.192275,-1.145701,1.155441,0.026606,-0.421957,-0.068135
0.501131,-0.861493,-0.675978,0.072166,0.097504,-0.463066,-0.091632
0.477592,1.419382,-1.535668,-1.037384,0.029238,-0.154884,-0.107535
0.470359,0.931157,-2.142559,-0.399131,0.126757,0.106808,-0.022187
0.452573,-1.012344,-1.549928,0.513397,0.221327,0.141854,0.176120
0.431341,-0.944103,-1.966643,0.408332,0.320130,0.135154,0.174373
0.422382,0.467776,-3.014601,0.025066,0.522196,0.209644,-0.036592
0.420517,0.698376,-1.488642,-0.210134,0.584675,0.292517,-0.089999
0.418891,-0.047149,1.602814,-0.496915,0.362388,0.324195,0.073928
0.419986,-0.304810,2.111555,-0.429466,0.155781,0.322265,0.177981
0.421581,0.062642,0.221194,0.081680,0.175850,0.310434,0.136488
0.418553,0.443211,-0.640529,0.298365,0.232818,0.287781,0.070417
0.413384,0.329382,-0.003016,0.197167,0.167977,0.226915,0.024122
0.408212,-0.335726,0.266067,0.430827,0.107747,0.126415,-0.016852
0.400920,-0.771498,-0.169723,0.676916,0.168971,0.055616,-0.042333
0.397819,-0.354720,-0.567343,0.306076,0.264106,0.063724,-0.076001
0.405693,0.285641,-0.741748,-0.070386,0.287194,0.095323,-0.149285
0.414463,0.345289,-0.509469,0.170931,0.250420,0.076481,-0.205547
0.421506,0.045502,0.301990,0.381363,0.172067,0.007616,-0.180623
0.449969,-0.149914,1.126485,0.151411,0.006004,-0.086847,-0.135311
0.504995,-0.263901,1.354670,0.058880,-0.233849,-0.199277,-0.148574
0.556501,-0.167307,0.840940,0.167855,-0.377207,-0.282395,-0.182320
0.594503,0.332872,-0.290448,0.030381,-0.272893,-0.279244,-0.186145
0.638027,0.542185,-1.004694,-0.101638,-0.039951,-0.234135,-0.143202
0.679126,-0.196285,-0.215855,0.029596,0.087736,-0.216990,0.012416
0.691490,-0.906376,0.911823,-0.009275,0.141998,-0.162614,0.256922
0.684723,-0.434948,0.516101,-0.354659,0.303736,0.024097,0.383404
0.682928,0.395443,-0.546444,-0.654468,0.484509,0.262610,0.283646
0.679648,0.294070,-0.247843,-0.672997,0.428718,0.370349,0.097299
0.668234,-0.252121,0.918610,-0.122132,0.141437,0.264802,-0.033285
0.670012,-0.190014,0.899656,0.916248,-0.101311,0.010605,-0.136902
0.689937,0.263246,-0.054896,1.227080,-0.121442,-0.207121,-0.264173
0.701160,0.516866,0.603848,-0.160954,-0.094925,-0.168576,-0.260337
0.698781,0.742298,3.152563,-2.064299,-0.373246,0.141677,0.083181
0.699395,1.026902,4.426113,-2.457378,-0.986369,0.462126,0.582803
0.688465,0.856646,2.963828,-1.360863,-1.520090,0.586633,0.792447
0.651770,-0.026250,0.997623,-0.345771,-1.621727,0.570722,0.668511
0.617411,-1.286091,0.009412,0.198409,-1.359311,0.482496,0.571610
0.580987,-2.100608,-0.851892,0.737979,-1.003025,0.300974,0.624206
0.484953,-1.496552,-1.838448,0.849192,-0.726762,0.134292,0.605199
0.339343,-0.058120,-2.050968,0.487338,-0.565176,0.095013,0.443399
0.227168,0.081850,-1.242521,0.792736,-0.482676,0.024426,0.380549
0.170932,-1.017701,-0.477396,1.611801,-0.412264,-0.195491,0.534332
0.130204,-0.763411,-1.116089,1.331266,-0.269749,-0.334105,0.616424
0.089824,0.710988,-2.540600,0.174272,-0.049522,-0.268770,0.416220
0.052694,0.419894,-2.363394,-0.012042,0.098522,-0.289741,0.233762
0.017526,-1.180271,-0.694833,0.607312,0.074493,-0.528367,0.320563
-0.002682,-0.754876,-0.435132,0.293053,0.031344,-0.651325,0.380500
-0.001765,1.152996,-1.750623,-0.657221,0.134622,-0.494632,0.181069
0.002157,1.437709,-1.837039,-0.744575,0.291666,-0.344781,-0.007524
-0.000159,0.647141,-0.267715,-0.627481,0.302574,-0.304792,0.013323
-0.000985,0.864671,1.000813,-1.357465,0.100084,-0.157392,0.087269
0.000493,1.043138,0.957819,-1.395882,-0.138897,-0.002523,0.107131
0.000237,0.127170,-0.383690,0.088974,-0.074228,-0.126096,0.088853
-0.000221,-0.101454,-1.725042,0.583807,0.298182,-0.299338,0.007443
-0.000056,0.971529,-0.934639,-0.909765,0.455477,-0.159053,-0.089640
-0.000110,1.314876,0.832932,-1.551793,0.190258,0.051845,-0.123101
0.000408,0.367993,0.118725,-0.218237,0.065984,-0.016070,-0.176492
-0.000135,-0.367046,-2.045637,0.641079,0.412302,-0.166504,-0.307243
-0.000309,-0.550816,-1.666234,-0.033621,0.729580,-0.142099,-0.356096
0.012260,-0.752401,0.520058,-0.631756,0.640274,-0.067082,-0.245771
0.045194,-0.525111,0.793817,-0.322927,0.472071,-0.052418,-0.183702
0.087548,0.325392,-0.537950,0.050932,0.531691,0.025832,-0.313775
0.124381,0.586543,-0.566621,-0.133080,0.653065,0.207085,-0.439284
0.148140,-0.234709,0.748839,-0.357730,0.638933,0.315236,-0.342154
0.157864,-0.687703,1.228341,-0.056316,0.549040,0.253452,-0.152850
0.164603,0.110967,0.315682,0.115126,0.509963,0.203297,-0.120324
0.176955,0.829802,-0.558774,-0.484464,0.547878,0.321946,-0.214979
0.179520,0.398132,-0.292189,-0.880880,0.582145,0.429291,-0.254594
0.163927,-0.178616,0.703006,-0.302097,0.506641,0.327587,-0.211619
0.157255,-0.009801,1.231729,0.260818,0.329902,0.158543,-0.158896
0.176374,0.180991,0.774183,0.166969,0.188752,0.098175,-0.120720
0.203262,-0.173462,0.165237,0.187532,0.170018,0.063365,-0.084235
0.235767,-0.502660,0.250593,0.588355,0.209650,-0.041570,-0.021490
0.292766,-0.303373,0.408523,0.605555,0.216321,-0.131247,0.053253
0.358320,0.187636,-0.081536,-0.058442,0.195786,-0.096174,0.047579
0.400922,0.394549,-0.372157,-0.636648,0.196093,0.025606,-0.041920
0.436066,0.033911,0.281325,-0.363420,0.206293,0.087772,-0.078118
0.483913,-0.318398,0.736427,0.164334,0.187351,0.079173,-0.052931
0.502114,0.060638,-0.125128,-0.133368,0.154820,0.160631,-0.127033
0.454275,0.570702,-1.051583,-0.549732,0.116954,0.279654,-0.291506
0.389399,0.175445,-0.299150,0.077856,0.006189,0.170525,-0.342402
0.370980,-0.438382,1.016030,0.528006,-0.147733,-0.072613,-0.242613
0.400684,-0.013582,0.618116,-0.378629,-0.147195,-0.098114,-0.156940
0.455314,0.664647,-0.625903,-0.866397,0.028363,-0.001009,-0.128385
0.512864,0.148945,-0.253829,0.166117,0.102167,-0.122330,-0.029912
0.545727,-0.755835,0.990345,0.617119,-0.032183,-0.340684,0.140181
0.553932,-0.396766,0.569085,-0.379920,-0.140750,-0.322961,0.148130
0.561543,0.545705,-0.805737,-0.650190,-0.130605,-0.142726,-0.138915
0.567638,0.274078,-0.445023,0.294739,-0.163216,-0.049015,-0.453638
0.565991,-0.710226,0.908334,0.468815,-0.181729,-0.006210,-0.469603
0.574562,-0.649579,0.492217,-0.065360,0.014726,0.064799,-0.262042
0.591713,0.052048,-0.665060,0.212459,0.219537,-0.001564,-0.049611
0.593848,0.055016,-0.001986,0.392783,0.098424,-0.228325,0.141877
0.591387,0.086389,0.854660,-0.729233,-0.151286,-0.281492,0.230212
0.599285,1.018088,-0.180771,-1.628316,-0.204205,-0.042129,0.075909
0.581375,1.498521,-0.825887,-1.131045,-0.248639,0.146270,-0.140546
0.514816,0.615001,0.462769,-0.439546,-0.497558,0.095999,-0.140973
0.445492,-0.377175,0.979364,-0.200777,-0.650762,0.037366,0.000335
0.406144,-0.758507,-0.729376,0.356602,-0.408477,0.098076,0.070022
0.370080,-1.087235,-2.317436,1.105192,0.043623,0.109384,0.046574
0.329751,-1.048693,-1.958427,1.017133,0.350368,0.004427,-0.004321
0.320299,-0.167541,-0.385060,0.207411,0.373279,-0.082332,-0.042932
0.351324,0.472799,1.055799,-0.161076,0.195093,-0.119969,-0.027625
0.401518,0.116149,1.674896,0.127073,-0.033838,-0.193548,0.028096
0.463731,-0.172247,1.321508,0.182169,-0.210670,-0.251987,0.031437
0.531276,0.309897,0.145217,-0.218180,-0.259659,-0.168539,-0.063978
0.576331,0.758582,-1.236376,-0.525820,-0.101648,0.027325,-0.174527
0.583973,0.605020,-1.737172,-0.690911,0.222736,0.225310,-0.175371
0.569609,0.142572,-0.854260,-0.749109,0.484104,0.361628,-0.036286
0.551597,-0.400617,0.667666,-0.180862,0.459833,0.329834,0.150685
0.544077,-0.849383,1.798291,0.859416,0.175945,0.075765,0.255699
0.560360,-0.820748,2.046994,1.225643,-0.150664,-0.215946,0.223514
0.590806,-0.312822,1.370006,0.617108,-0.387888,-0.369427,0.105130
0.609253,0.159153,0.228430,-0.021653,-0.531686,-0.437050,-0.018952
0.614685,0.261708,-0.642761,-0.192969,-0.519861,-0.431838,-0.091505
0.625350,0.124067,-0.983581,-0.182361,-0.291178,-0.267204,-0.073317
0.640405,-0.023356,-0.949310,-0.084879,0.010412,-0.043301,0.005165
0.648164,-0.082867,-0.584181,0.036868,0.166828,0.070133,0.019183
0.649984,-0.008550,-0.029353,-0.150651,0.138885,0.116845,-0.104219
0.650108,0.232440,0.295907,-0.545902,0.028974,0.178703,-0.268317
0.649180,0.507085,0.285427,-0.607639,-0.070866,0.184575,-0.337613
0.650583,0.490255,0.538012,-0.286707,-0.163040,0.079512,-0.288851
0.647905,0.047719,1.469189,-0.053125,-0.344995,-0.064109,-0.143580
0.625854,-0.496767,2.077799,-0.043301,-0.595843,-0.148447,0.083200
0.591653,-0.774030,0.850623,0.120117,-0.647199,-0.132875,0.281778
0.571650,-0.796071,-1.735611,0.612562,-0.331561,-0.056293,0.298165
0.570895,-0.698082,-3.169425,1.005034,0.114050,-0.012270,0.151883
0.573899,-0.431407,-2.020914,0.818863,0.336645,-0.052010,0.025281
0.577476,-0.010984,0.232678,0.187220,0.271491,-0.120901,0.020069
0.588671,0.258412,1.341655,-0.307490,0.117967,-0.134408,0.072962
0.605683,0.180115,0.986687,-0.327037,0.057234,-0.090565,0.097244
0.623117,0.118964,0.118293,-0.139939,0.093641,-0.034142,0.057953
0.638624,0.528194,-0.830538,-0.218672,0.132621,0.044059,-0.085425
0.647988,1.081587,-1.469331,-0.543453,0.116753,0.146462,-0.331895
0.651294,1.036887,-1.042167,-0.660288,0.048639,0.186710,-0.526482
0.656594,0.454646,0.197846,-0.421352,-0.064816,0.110843,-0.508510
0.661543,0.067468,1.084763,-0.148620,-0.237731,-0.007373,-0.352122
0.650492,-0.046562,1.303112,-0.087985,-0.419377,-0.076943,-0.211250
0.623388,-0.416203,1.257087,-0.133718,-0.447186,-0.074715,-0.047504
0.601265,-0.823252,0.822839,-0.097538,-0.259051,-0.015146,0.180596
0.594346,-0.544475,-0.292471,0.006439,-0.013875,0.065311,0.278610
0.593575,0.064522,-1.619427,0.167200,0.169731,0.107082,0.107443
0.595463,0.009432,-1.957575,0.504882,0.297737,0.060469,-0.132104
0.606296,-0.485745,-0.605177,0.718386,0.299815,-0.045016,-0.187167
0.623464,-0.430149,1.172151,0.302698,0.155570,-0.106147,-0.075377
0.636977,0.089834,1.518488,-0.291964,0.033508,-0.116384,0.071832
0.646281,0.280004,0.803343,-0.213692,-0.015486,-0.198432,0.202495
0.658750,0.212058,0.293159,0.181158,-0.100254,-0.330327,0.227247
0.676108,0.496254,-0.377575,-0.055528,-0.147957,-0.294360,0.042649
0.692117,0.866656,-1.282755,-0.698787,-0.039180,-0.056300,-0.203370
0.699822,0.524255,-1.083598,-0.677475,0.077086,0.118357,-0.240797
0.698046,-0.193224,-0.059471,-0.027770,0.067808,0.095067,-0.103400
0.692454,-0.140040,0.005470,0.050837,0.070844,0.065319,-0.024449
0.690144,0.411547,-0.571534,-0.297495,0.141113,0.086417,-0.007900
0.694301,0.055722,-0.161079,0.364020,0.094048,-0.113496,0.102644
0.702356,-0.924560,0.770917,1.271899,-0.091672,-0.527157,0.294075
0.707404,-0.805643,0.604432,0.355607,-0.165776,-0.673122,0.411970
0.707204,0.260770,-0.346235,-1.234741,-0.020171,-0.388484,0.387910
0.707165,0.487034,-0.384197,-1.152357,0.156845,-0.063340,0.312172
0.704911,0.001239,0.405981,-0.580994,0.208663,0.136320,0.288458
0.688688,0.364118,0.207888,-1.164414,0.206341,0.381174,0.249610
0.660538,1.086501,-0.617499,-1.367128,0.202932,0.545886,0.102949
0.636094,0.752814,0.508495,-0.407692,0.022591,0.397971,0.004154
0.620312,0.182971,2.882390,-0.072861,-0.439203,0.153428,0.103084
0.605834,0.506180,2.485732,-0.456511,-0.866415,0.081191,0.172069
0.586023,0.599727,-0.719742,0.047709,-0.866055,0.028785,-0.026070
0.561037,-0.240269,-2.304811,0.901820,-0.532007,-0.158618,-0.303135
0.539543,-0.430348,-1.089779,0.616233,-0.267104,-0.312584,-0.432020
0.524621,0.663113,0.030662,-0.329459,-0.236854,-0.293051,-0.506132
0.505465,1.241552,0.051727,-0.779466,-0.319889,-0.192068,-0.599241
0.481419,0.377550,0.015253,-0.566512,-0.357693,-0.111841,-0.593111
0.464836,-0.640108,-0.001929,-0.021608,-0.302306,-0.046373,-0.447340
0.452142,-0.895572,-0.063756,0.343207,-0.259851,0.016508,-0.236418
0.433186,-0.728938,-0.233636,0.234501,-0.266117,0.053526,-0.039398
0.413575,-0.412975,-1.158915,0.118686,-0.103928,0.077181,0.066318
0.395611,-0.229758,-1.786423,0.258909,0.273782,0.127727,0.115185
0.373562,-0.467114,-0.327913,0.074700,0.472936,0.182708,0.211636
0.354200,-0.491027,1.621516,-0.487201,0.280380,0.195310,0.279016
0.343154,0.110075,1.430739,-0.563597,0.032504,0.186681,0.187529
0.333246,0.400333,0.164213,-0.077220,0.000252,0.190291,0.032773
0.325490,0.020344,-0.018926,0.043574,0.035913,0.201355,-0.044643
0.321853,-0.077605,0.223902,-0.315495,0.027830,0.223353,-0.077745
0.308351,0.246352,-0.368044,-0.296925,0.090975,0.241759,-0.133918
0.285952,0.141948,-1.009261,0.287701,0.228007,0.197278,-0.201472
0.285951,-0.385981,-0.665632,0.800415,0.283760,0.081824,-0.237577
0.324349,-0.513970,0.012771,0.795242,0.244117,-0.015220,-0.208471
0.373094,-0.038512,0.125263,0.212764,0.244386,-0.000122,-0.128424
0.398001,0.312673,0.164068,-0.509904,0.292077,0.106976,-0.028488
0.408341,0.092280,0.653430,-0.616681,0.251134,0.163024,0.107718
0.444118,-0.043399,0.800969,-0.217569,0.114177,0.069953,0.248012
0.515103,0.290907,0.285005,-0.037532,0.005718,-0.103577,0.279912
0.588129,0.339045,0.143107,0.018535,-0.083623,-0.243906,0.192863
0.637537,0.059327,0.415168,0.197583,-0.218501,-0.287389,0.066911
0.665595,0.380717,-0.030715,0.005127,-0.256626,-0.163547,-0.093090
0.677460,0.903171,-0.861057,-0.589128,-0.065064,0.133362,-0.254863
0.672119,0.374184,-0.783483,-0.706415,0.156591,0.408535,-0.290909
0.648706,-0.835465,-0.064324,0.075849,0.155757,0.426789,-0.207291
0.610864,-1.180356,0.090370,0.890410,0.035618,0.228785,-0.149941
0.577550,-0.382598,-0.260578,0.754784,0.022731,0.043498,-0.123089
0.574999,0.074780,0.052326,0.394526,0.038872,-0.124480,-0.003657
0.605728,-0.621670,1.152063,0.907904,-0.103834,-0.412252,0.190707
0.646436,-1.030698,1.493305,1.141658,-0.284486,-0.627835,0.286436
0.676456,0.019163,0.198503,-0.097554,-0.262102,-0.467021,0.167916
0.690050,1.178803,-1.291738,-1.176934,-0.100700,-0.103809,-0.101454
0.691756,0.895098,-1.222409,-0.664556,-0.027371,0.078535,-0.322332
0.692439,-0.109937,-0.168702,0.169647,-0.035287,0.077194,-0.330749
0.698764,-0.446583,0.177407,0.355914,0.006675,0.027571,-0.164524
0.704959,-0.360284,0.163960,0.686120,0.015316,-0.152645,0.010134
0.705245,-0.548056,0.953430,1.088845,-0.127945,-0.400429,0.087654
0.704070,-0.338581,1.320997,0.501114,-0.254527,-0.378710,0.046245
0.701453,0.571352,0.235741,-0.556601,-0.198831,-0.057743,-0.068169
0.687456,0.821161,-0.196020,-0.739652,-0.136489,0.178831,-0.128615
0.662766,-0.031452,0.969686,-0.289151,-0.234311,0.152957,-0.067310
0.638750,-0.708819,1.082816,-0.012367,-0.302161,0.055085,0.025258
0.615418,-0.729045,-0.859533,0.242950,-0.132608,0.019332,0.054243
0.591160,-0.595813,-2.101112,0.544047,0.118587,-0.012062,0.033757
0.582959,-0.363700,-1.014967,0.484337,0.183713,-0.082873,0.017874
0.603287,-0.038858,0.585790,0.113631,0.088472,-0.148118,0.045945
0.635094,0.133100,0.859017,-0.237388,0.023778,-0.151583,0.111204
0.656382,0.187796,0.270684,-0.394962,0.023957,-0.082760,0.131797
0.667691,0.250877,-0.262834,-0.264525,0.054650,0.031593,0.029404
0.676906,0.393550,-0.683638,-0.121881,0.133038,0.156471,-0.165936
0.681084,0.567440,-0.483854,-0.264791,0.160854,0.234996,-0.332847
0.678360,0.386574,0.644550,-0.219236,0.028519,0.202646,-0.365376
0.676559,-0.143899,1.318370,0.275342,-0.141558,0.073360,-0.253316
0.677223,-0.420103,1.140663,0.336584,-0.265753,-0.064097,-0.048742
0.668194,-0.420993,1.570552,-0.298539,-0.447770,-0.148017,0.179297
0.644364,-0.496225,1.625688,-0.421053,-0.567273,-0.157153,0.294313
0.620975,-0.376674,-0.764031,0.275107,-0.366777,-0.087234,0.185298
0.612409,-0.041520,-3.226454,0.631030,0.005548,0.000221,-0.023072
0.613154,-0.033213,-2.677425,0.430602,0.224957,0.019275,-0.131380
0.614969,-0.137844,-0.944710,0.308749,0.294980,-0.010315,-0.164985
0.624865,0.015676,-0.095762,0.178133,0.301961,-0.047155,-0.178115
0.649435,-0.231651,1.087361,0.201062,0.154471,-0.180113,-0.036955
0.676222,-0.681403,2.048778,0.619547,-0.090143,-0.396803,0.222181
0.685020,0.256894,0.392128,0.204982,-0.154458,-0.386904,0.246970
0.671745,2.018411,-1.773534,-1.274100,-0.014585,0.007151,-0.043210
0.653376,1.997792,-0.674282,-1.608591,0.047616,0.461722,-0.263117
0.647610,0.052265,1.242305,-0.374021,0.003740,0.644413,-0.236174
0.652173,-1.827873,0.011066,0.496129,0.108219,0.539808,-0.193609
0.653566,-2.560577,-1.842925,0.856796,0.310516,0.222347,-0.198390
0.650833,-1.466680,-1.161109,1.209869,0.334309,-0.125025,-0.117933
0.652919,1.024946,0.101865,0.321069,0.207150,-0.196356,-0.035598
0.656104,2.221512,0.922440,-1.443727,0.018673,-0.016765,-0.043772
0.643933,1.032516,2.339423,-1.417209,-0.345401,0.040795,-0.013528
0.611451,-0.507541,2.181210,0.510067,-0.675064,-0.153352,0.055014
0.576276,-1.210232,-0.649278,1.400664,-0.532263,-0.369712,0.007475
0.557878,-1.228803,-2.013926,0.093613,-0.135622,-0.385599,-0.069192
0.552854,-0.461375,-0.419751,-1.250382,-0.047209,-0.166516,0.018117
0.544140,0.069259,0.027540,-0.658301,-0.137754,0.098025,0.179794
0.526794,-0.598697,-1.958314,0.828779,0.040871,0.164450,0.209537
0.507374,-0.882778,-2.913239,1.000043,0.358103,0.095395,0.117236
0.490142,0.178476,-1.351927,-0.049168,0.448566,0.130993,0.035425
0.478927,0.727981,0.504944,-0.502317,0.343317,0.234951,-0.008617
0.478857,0.016538,0.843164,-0.016044,0.250883,0.225418,-0.052695
0.487859,-0.495929,0.322897,0.329688,0.221581,0.138787,-0.051285
0.495348,-0.389234,0.218364,0.224421,0.231960,0.097956,0.062498
0.493336,-0.145349,0.435360,-0.005894,0.256296,0.120646,0.206030
0.487998,0.321339,0.506089,-0.312103,0.197468,0.161607,0.231387
0.496054,0.590992,0.717172,-0.399205,-0.017718,0.102077,0.153244
0.527875,0.187777,0.746539,0.062242,-0.248066,-0.127172,0.085403
0.579263,-0.090837,-0.125428,0.471655,-0.273307,-0.339402,0.047365
0.633982,0.170859,-1.013940,0.148412,-0.122471,-0.327109,0.029557
0.670711,0.149751,-0.811779,-0.393120,0.013314,-0.176129,0.077788
0.681518,-0.244101,-0.214717,-0.386589,0.091460,-0.062782,0.178300
0.679352,-0.133505,-0.084394,-0.167440,0.134222,0.007293,0.225428
0.675669,0.623968,-0.336730,-0.402535,0.097195,0.103161,0.141146
0.668289,1.129970,-0.594374,-0.733390,0.020462,0.218987,-0.034931
0.654216,0.629154,0.036232,-0.388538,-0.071922,0.253536,-0.157900
0.632628,-0.156477,1.476855,0.273949,-0.303239,0.147827,-0.168233
0.604866,0.074830,1.494185,0.293184,-0.555079,0.043787,-0.208796
0.582853,0.404432,-0.224978,-0.017536,-0.468240,0.056760,-0.329833
0.575561,-0.845879,-0.830046,0.337152,-0.121966,0.023894,-0.331199
0.573592,-2.075510,0.033236,0.959564,0.057645,-0.156253,-0.151918
0.574769,-1.168335,0.142699,0.962487,0.015402,-0.326989,0.022372
0.597760,0.146173,-0.025991,0.727064,-0.061653,-0.458923,0.141786
0.640023,0.195939,0.665376,0.454804,-0.160425,-0.605189,0.256558
0.663580,0.579345,0.586709,-0.550265,-0.228189,-0.551776,0.258976
0.650581,1.818457,-0.670573,-1.721385,-0.142052,-0.172926,0.119109
0.626089,2.073087,-0.905634,-1.745031,-0.011691,0.257263,0.021380
0.608181,0.945651,-0.156504,-1.022930,0.022229,0.496265,0.020895
0.586485,-0.517720,-0.669000,-0.308533,0.084261,0.525871,-0.016244
0.559179,-1.683945,-2.020599,0.867010,0.266084,0.332449,-0.110262
0.546152,-1.819168,-1.594056,1.977570,0.364458,-0.004259,-0.168987
0.563449,-0.766940,0.635889,1.500483,0.199605,-0.252990,-0.195517
0.608526,0.254859,1.922475,0.056789,-0.071812,-0.296262,-0.246396
0.659505,0.685225,1.193499,-0.654475,-0.193435,-0.193284,-0.280379
0.684053,1.009504,0.387364,-0.876594,-0.203824,-0.042524,-0.203586
0.669048,0.721646,0.888355,-1.116662,-0.315913,0.044187,-0.019037
0.636643,-0.643377,1.273197,-0.566306,-0.469512,-0.000078,0.154873
0.613649,-1.434420,-0.143915,0.480913,-0.388275,-0.101660,0.190645
0.600371,-0.405843,-2.118241,0.556012,-0.073865,-0.129532,0.067154
0.588733,0.629446,-1.920711,-0.022491,0.166321,-0.085314,-0.067407
0.588275,0.014235,0.315799,0.143967,0.159625,-0.119033,-0.033625
0.606432,-0.725464,1.580118,0.603375,0.007865,-0.279895,0.112982
0.625618,-0.157437,0.733201,0.169373,-0.124104,-0.383412,0.153113
0.630770,0.528996,-0.438546,-0.538004,-0.132607,-0.276078,0.050880
0.635451,0.600692,-1.001318,-0.597967,0.003876,-0.027950,-0.068692
0.651373,0.832166,-1.302331,-0.602294,0.177391,0.229757,-0.190651
0.662203,0.820122,-0.728805,-0.765743,0.214974,0.394110,-0.324715
0.655890,-0.123276,0.722395,-0.264914,0.093133,0.370225,-0.350736
0.649866,-0.888513,1.312239,0.640934,-0.030316,0.177136,-0.218189
0.659889,-0.776499,0.726376,0.960269,-0.077228,-0.076087,-0.051604
0.675217,-0.585586,0.388118,0.700326,-0.135473,-0.320882,0.054036
0.681212,-0.355491,0.222689,0.197839,-0.216238,-0.455703,0.090224
0.679480,0.361842,-0.577337,-0.395184,-0.207525,-0.360302,0.023027
0.676248,0.883475,-1.148840,-0.573089,-0.118067,-0.116708,-0.154482
0.671826,0.550951,-0.623615,-0.239353,-0.068831,0.064044,-0.328697
0.667684,-0.283201,0.284015,0.064211,-0.051404,0.109919,-0.346320
0.669494,-1.022673,0.803382,0.387506,0.001139,0.026366,-0.158629
0.677455,-1.059534,0.778536,0.854862,0.001487,-0.209474,0.108620
0.682872,-0.104487,0.035862,0.585619,-0.105683,-0.440707,0.241473
0.677451,1.210699,-1.024733,-0.692647,-0.154142,-0.354942,0.161673
0.657931,2.119007,-1.296800,-1.613903,-0.077484,0.053881,-0.004066
0.624997,2.216394,-0.495663,-1.302053,-0.087594,0.393025,-0.128933
0.587884,1.092754,0.408301,-0.467554,-0.275263,0.383680,-0.198599
0.561234,-0.720939,0.526744,0.123564,-0.428623,0.159604,-0.191016
0.548918,-1.683777,-0.116062,0.461137,-0.376709,-0.015497,-0.077262
0.542565,-1.348976,-0.842241,0.620497,-0.173221,-0.056910,0.041428
0.536872,-0.600199,-0.940829,0.406491,0.056397,-0.007498,0.040948
0.532031,-0.276103,-0.393632,-0.097190,0.238819,0.078791,-0.017121
0.525632,-0.640337,-0.050361,-0.275165,0.352105,0.110878,-0.025819
0.516258,-0.713798,-0.568604,-0.064498,0.378022,0.057152,-0.058058
0.511289,0.452020,-1.155837,-0.236280,0.306554,0.051633,-0.189903
0.523514,1.207211,-0.436781,-0.541481,0.182387,0.111180,-0.292325
0.560099,0.007602,1.079909,0.172086,0.059927,-0.011394,-0.242812
0.611136,-1.097902,1.364535,1.153220,-0.019728,-0.325138,-0.096409
0.651143,-0.383418,0.190753,0.614149,0.021833,-0.426809,0.091044
0.664090,0.458620,-0.697913,-0.643849,0.193516,-0.176145,0.290990
0.660583,0.304617,-0.657197,-0.790282,0.335582,0.087085,0.363290
0.656302,0.234668,-0.340326,-0.482757,0.310510,0.178369,0.230450
0.649842,0.462747,-0.022353,-0.660589,0.175796,0.225412,0.039006
0.637871,0.368329,0.112734,-0.332878,0.069238,0.238780,-0.090061
0.631801,0.333930,0.001290,0.510290,0.012320,0.138679,-0.193412
0.641902,0.566480,0.180425,0.446407,-0.106070,-0.007383,-0.293169
0.658755,0.396783,0.385044,-0.152690,-0.304520,-0.128271,-0.402798
0.665946,-0.084610,-0.263165,-0.035021,-0.395657,-0.215684,-0.563433
0.663329,-0.282778,-0.954487,0.283946,-0.270835,-0.204653,-0.660854
0.661984,-0.493985,-0.528135,0.134960,-0.068018,-0.093680,-0.499286
0.662819,-0.781266,-0.086160,0.042925,0.107448,-0.001082,-0.133109
0.658264,-0.372830,-0.674385,0.008572,0.299119,0.060859,0.179703
0.648093,0.403837,-0.834005,-0.381819,0.451116,0.152740,0.295435
0.639735,0.304819,0.650335,-0.484868,0.378456,0.165037,0.240320
0.640492,-0.407255,2.340480,0.105037,0.053414,-0.018248,0.092984
0.651981,-0.452134,2.255726,0.385231,-0.263170,-0.231417,-0.039152
0.666969,0.025827,0.553340,-0.044630,-0.280479,-0.255099,-0.031440
0.677510,-0.098908,-0.813209,-0.136557,-0.041491,-0.152246,0.153185
0.681253,-0.563145,-0.821764,0.249774,0.173840,-0.066369,0.372482
0.676598,0.001252,-0.503875,-0.126791,0.277963,0.079600,0.427302
0.666542,1.481522,-0.029996,-1.408378,0.277976,0.395880,0.343704
0.649139,2.145525,2.113890,-2.221104,-0.077292,0.759835,0.368187
0.594729,1.322740,4.561709,-1.650602,-0.837056,0.947597,0.565612
0.490310,0.104916,3.349385,-0.015635,-1.373962,0.889481,0.681070
0.391592,-0.762143,-1.021310,1.605809,-1.185855,0.699029,0.570286
0.344137,-1.589083,-3.966733,2.265578,-0.637592,0.498569,0.437245
0.310129,-2.345447,-4.478006,2.209069,-0.242060,0.289697,0.454794
0.254482,-2.416035,-5.040737,2.210611,0.055660,0.058359,0.507753
0.204542,-1.748286,-5.745766,2.015066,0.445673,-0.107075,0.479722
0.178587,-1.034548,-4.672045,1.038169,0.835368,-0.132791,0.473519
0.158585,-0.804286,-1.937959,-0.180846,1.055702,-0.078656,0.618462
0.132993,-0.731220,0.303590,-0.724754,1.058840,-0.049567,0.844084
0.102531,-0.043101,0.590462,-0.606352,0.959983,-0.071091,0.930082
0.075930,1.081337,-0.258562,-0.420708,0.950097,-0.097905,0.771233
0.069093,1.542971,-0.261648,-0.476649,1.022113,-0.100862,0.517320
0.077076,1.258416,0.965298,-0.779134,0.983415,-0.085763,0.350203
0.079423,1.110922,1.897177,-1.160368,0.821040,-0.052701,0.260636
0.081488,1.083474,1.641563,-1.239916,0.722647,-0.020367,0.163071
0.102996,0.791892,0.992831,-0.975185,0.722535,-0.035236,0.038118
0.138758,0.693369,1.098459,-0.930544,0.638473,-0.079663,-0.077857
0.168085,0.897820,1.952625,-1.243483,0.391660,-0.070693,-0.097496
0.182631,0.707416,2.288358,-1.203846,0.159546,-0.000694,0.017056
0.188638,0.201610,1.597916,-0.645493,0.084258,0.052871,0.139592
0.196703,0.222501,1.077349,-0.428682,0.040967,0.083557,0.172998
0.210053,0.631587,1.050825,-0.668263,-0.066774,0.149125,0.214018
0.220861,0.397588,0.256920,-0.273484,-0.062877,0.196156,0.312322
0.223984,-0.468129,-1.077103,0.790570,0.145443,0.119255,0.332265
0.226557,-0.690856,-1.319047,1.118017,0.320225,-0.011469,0.206672
0.236447,0.122411,-0.598834,0.429247,0.281907,-0.037339,0.040723
0.248681,0.778317,-0.134497,-0.164673,0.169976,0.035567,-0.075107
0.254058,0.552479,0.191593,-0.345541,0.134099,0.101739,-0.116753
0.256030,0.166497,0.716955,-0.520546,0.132188,0.146777,-0.077726
0.258480,0.169042,0.661528,-0.509978,0.125374,0.184486,-0.039041
0.254650,0.098959,-0.332750,-0.010341,0.171103,0.152264,-0.118846
0.257951,-0.270377,-1.313397,0.644407,0.281701,0.028467,-0.270864
0.291139,-0.377129,-1.300139,0.808338,0.368674,-0.071016,-0.328015
0.330745,-0.059000,-0.210833,0.284836,0.350794,-0.067423,-0.219527
0.356856,0.024167,1.248299,-0.225027,0.248401,-0.067066,0.010231
0.416589,-0.296688,1.990930,-0.034867,0.128924,-0.166820,0.252441
0.524006,-0.232698,1.301953,0.249240,0.010078,-0.259108,0.318322
0.606922,0.484281,-0.346566,-0.199007,-0.095386,-0.207081,0.100357
0.635063,0.825674,-1.329098,-0.616091,-0.140359,-0.071836,-0.216376
0.652159,0.122928,-0.678710,-0.141873,-0.125896,0.003881,-0.332919
0.670274,-0.537935,0.246087,0.146552,-0.075404,0.020406,-0.209651
0.671033,-0.179237,0.061505,-0.336751,0.016348,0.030550,-0.035650
0.665276,0.168159,0.022507,0.047563,0.066227,-0.045653,0.087935
0.667106,-0.337430,0.998465,1.300140,-0.035626,-0.244270,0.162085
0.671399,-0.511592,1.112665,0.936651,-0.195787,-0.376932,0.133544
0.677676,0.322721,-0.298091,-0.932774,-0.236987,-0.287206,-0.007372
0.686126,1.012997,-1.335304,-1.747818,-0.135280,-0.044372,-0.161429
0.685655,0.899135,-1.340861,-1.330845,0.037966,0.221830,-0.271084
0.671020,0.468429,-0.760866,-0.963150,0.154531,0.402997,-0.296754
0.649333,-0.059126,0.800580,-0.391465,0.056406,0.389336,-0.147189
0.627895,-0.704344,2.233498,0.648699,-0.173816,0.179576,0.105178
0.613805,-1.160017,1.202961,1.326063,-0.245136,-0.090310,0.215702
0.616604,-1.154310,-1.187831,1.290741,-0.132837,-0.290570,0.149012
0.638000,-0.724318,-1.653272,0.898439,-0.107144,-0.390667,0.084037
0.665704,-0.083943,-0.326392,0.286519,-0.265430,-0.426828,0.031637
0.685344,0.399762,0.276615,-0.365426,-0.421565,-0.410628,-0.109307
0.693836,0.365679,-0.127532,-0.547037,-0.389354,-0.294991,-0.240610
0.694069,0.035250,-0.369324,-0.424114,-0.149254,-0.053259,-0.208798
0.685952,0.049948,-0.441375,-0.762028,0.170582,0.232810,-0.063450
0.674527,0.176324,-0.342066,-0.968913,0.379013,0.363365,0.098721
0.672754,-0.371500,0.632221,0.151937,0.334250,0.172939,0.290324
0.684547,-0.916290,1.614439,1.516508,0.057832,-0.207782,0.426438
0.698283,-0.067749,0.386165,1.204139,-0.202585,-0.398162,0.245013
0.700880,1.574399,-2.513903,-0.393132,-0.172299,-0.210950,-0.271854
0.693354,2.172830,-3.061893,-1.702377,0.029826,0.132023,-0.630677
0.689633,1.424964,0.289939,-1.930288,-0.029601,0.320333,-0.418538
0.685747,0.317475,3.298791,-1.085496,-0.380008,0.297752,0.055371
0.647028,-0.608705,2.414753,-0.177503,-0.542430,0.196681,0.251727
0.561834,-1.005849,0.055517,-0.301356,-0.361184,0.108213,0.191275
0.471819,-0.431763,-0.787353,-0.822346,-0.200821,0.059479,0.171325
0.412488,0.458238,-1.171475,-0.504454,-0.188036,0.105666,0.193164
0.376980,0.364732,-2.238875,0.365618,-0.056324,0.266576,0.166132
0.352095,-0.545561,-2.828670,0.898481,0.260188,0.422037,0.142862
0.332740,-0.989781,-2.250744,0.982898,0.536806,0.441676,0.108054
0.313322,-0.680253,-0.977591,0.706110,0.633411,0.366845,0.003371
0.299010,-0.295647,0.549058,0.220975,0.549116,0.299844,-0.072087
0.292912,-0.116976,1.549853,0.049399,0.320048,0.233935,-0.032833
0.276159,0.038084,1.214699,0.158602,0.087331,0.165274,0.018004
0.240785,0.208554,0.042915,0.011399,0.027810,0.167704,-0.012510
0.211737,0.284286,-0.712585,-0.103551,0.100530,0.206577,-0.071079
0.210056,0.230597,-0.698904,0.214915,0.117659,0.154240,-0.108227
0.228798,0.081448,-0.531241,0.304146,0.100487,0.057010,-0.149784
0.246290,-0.112175,-0.598159,-0.096833,0.213623,0.061579,-0.198706
0.243856,-0.219131,-0.593236,-0.150818,0.365757,0.126863,-0.226045
0.226529,-0.069021,-0.367926,0.188583,0.336133,0.131251,-0.236502
0.223769,0.238833,-0.254299,0.121327,0.206142,0.098146,-0.231504
0.253990,0.242403,0.062109,-0.132267,0.165546,0.059742,-0.153450
0.305987,-0.239089,1.086442,0.164927,0.120195,-0.047096,0.022153
0.362369,-0.569609,1.554234,0.631775,-0.037424,-0.184834,0.158703
0.418031,-0.167362,0.226086,0.421050,-0.142384,-0.199663,0.082837
0.468959,0.390584,-1.067177,-0.272740,-0.107607,-0.094888,-0.125563
0.503224,0.276005,-0.460638,-0.498490,-0.093886,-0.043090,-0.202146
0.515256,-0.119580,0.326924,-0.140114,-0.128158,-0.068406,-0.106521
0.515883,-0.038238,-0.256760,-0.044873,-0.063211,-0.035791,-0.031177
0.520766,0.213963,-0.477550,-0.207346,0.035613,-0.000877,-0.011808
0.540441,0.138274,0.506847,0.146391,-0.027095,-0.137535,0.052331
0.576728,0.100544,0.641616,0.504812,-0.175667,-0.313221,0.086601
0.615966,0.335397,-0.672878,0.006829,-0.181817,-0.260348,-0.025880
0.638199,0.313817,-1.397225,-0.500779,-0.043815,-0.058606,-0.172195
0.640212,-0.127846,-0.657091,-0.245341,0.061483,0.056658,-0.195150
0.634349,-0.304435,0.178591,-0.115715,0.062802,0.107108,-0.145358
0.624629,0.133094,-0.019273,-0.445041,0.045490,0.190388,-0.148373
0.601423,0.478302,-0.517060,-0.246038,0.055757,0.205308,-0.183751
0.563856,0.184604,0.155286,0.371213,-0.022848,0.058504,-0.136428
0.533913,-0.108237,1.496400,0.220563,-0.256902,-0.113565,-0.009684
0.534925,-0.018389,1.229389,-0.343815,-0.436535,-0.154417,0.055905
0.560483,-0.336287,-0.873879,-0.016829,-0.316188,-0.116565,-0.007068
0.582958,-0.960753,-2.233428,0.704114,0.012442,-0.107744,-0.109483
0.594499,-0.697691,-1.065972,0.575709,0.201843,-0.135619,-0.115709
0.613462,-0.092043,1.547225,0.209688,0.059858,-0.219476,0.047088
0.641051,-0.370766,2.676628,0.390821,-0.212098,-0.354440,0.256909
0.651412,-0.151741,0.728021,-0.096766,-0.264585,-0.324595,0.243905
0.643528,1.699204,-1.724182,-1.784070,-0.057713,0.072620,-0.017758
0.646476,2.397691,-1.574257,-2.399230,0.162126,0.592343,-0.238853
0.652653,-0.075464,-0.367821,-0.470472,0.278923,0.727718,-0.283672
0.623134,-2.442964,-0.413212,1.748107,0.343595,0.393592,-0.261373
0.571150,-1.480963,-0.313449,1.628809,0.325856,0.022902,-0.183305
0.548469,0.675103,0.761677,-0.065080,0.167260,-0.102184,-0.021058
0.557765,0.988616,1.293621,-0.964106,-0.068793,-0.133931,0.091282
0.566459,0.245079,1.342302,-0.506709,-0.274295,-0.208741,0.059153
0.573607,-0.035697,1.500674,0.218577,-0.376006,-0.254422,-0.033771
0.595094,-0.333032,0.580176,0.500610,-0.324567,-0.253528,-0.100170
0.624568,-0.826843,-1.223595,0.464280,-0.151222,-0.252876,-0.127708
0.646643,-0.731170,-1.694382,0.295519,0.011073,-0.218345,-0.120966
0.657542,-0.209721,-0.645882,0.010865,0.079997,-0.132110,-0.093311
0.660183,0.071978,0.082956,-0.292256,0.108415,-0.046922,-0.062314
0.656215,0.220184,0.091478,-0.522619,0.134541,0.024387,-0.034409
0.649972,0.358656,0.307591,-0.587049,0.107333,0.087836,-0.004764
0.652483,0.222373,0.729099,-0.208594,0.025610,0.080885,0.039617
0.668894,-0.081918,0.701795,0.501548,-0.033246,-0.034780,0.088993
0.687452,-0.201533,0.264070,0.713422,-0.032767,-0.154280,0.112418
0.695940,-0.139667,-0.182480,0.108689,0.017441,-0.145495,0.116940
0.698177,-0.166945,-0.387173,-0.401526,0.088390,-0.048547,0.139838
0.700584,-0.431415,-0.023719,-0.121732,0.099851,-0.007379,0.188064
0.699366,-0.521938,0.563485,0.248279,0.026004,-0.016822,0.207302
0.692390,0.149890,0.224694,-0.164773,-0.034466,0.052252,0.096454
0.684386,1.045853,-0.665188,-0.810624,-0.077670,0.173102,-0.136894
0.673667,1.046081,-0.333471,-0.636639,-0.212654,0.196343,-0.294804
0.655485,0.327839,0.838270,0.063724,-0.331050,0.140229,-0.279063
0.638431,-0.362472,1.041813,0.364258,-0.243929,0.107214,-0.224114
0.632844,-0.988119,0.485636,0.329633,-0.099783,0.048963,-0.174563
0.632585,-1.197733,0.050907,0.465008,-0.080551,-0.062266,-0.055611
0.633280,-0.693807,-0.211998,0.842013,-0.040394,-0.135919,0.075613
0.646817,-0.433922,0.286114,1.243136,0.062866,-0.212151,0.165561
0.674707,-0.657366,1.242813,1.037552,0.021666,-0.364707,0.261400
0.696305,-0.190749,0.905765,-0.105521,-0.136593,-0.433256,0.289976
0.699776,0.783863,-0.451770,-1.104593,-0.200874,-0.295781,0.126211
0.696034,0.937395,-0.991654,-1.028768,-0.153346,-0.100446,-0.155661
0.696576,0.242795,-0.352104,-0.558616,-0.089354,0.003064,-0.302570
0.700803,-0.567398,0.891039,-0.032480,-0.093778,-0.048240,-0.138869
0.704185,-0.893801,1.324267,0.882410,-0.163170,-0.271288,0.110721
0.705721,-0.100614,-0.156035,0.826474,-0.142735,-0.410082,0.071861
0.706680,1.239275,-0.575810,-1.250430,-0.118280,-0.155916,-0.049721
0.704542,1.471901,2.625944,-2.771285,-0.405240,0.249128,0.182664
0.695482,0.415811,4.864473,-1.491520,-0.753118,0.303729,0.460751
0.682163,-0.503382,2.169400,0.280564,-0.602129,0.048888,0.269806
0.665955,-0.484921,-1.379065,0.084995,-0.152004,-0.088587,-0.131252
0.642783,-0.066546,-2.083060,-0.587699,0.059839,0.008601,-0.298764
0.617210,-0.142408,-1.717721,0.022413,0.099816,0.135129,-0.286058
0.593447,-0.633188,-1.455726,0.870796,0.199217,0.182182,-0.222543
0.556275,-0.517981,-0.939410,0.707714,0.282528,0.226430,-0.126087
0.498594,0.245650,-0.801954,0.020917,0.334048,0.323476,-0.094298
0.447269,0.511778,-0.486677,-0.418767,0.376193,0.397651,-0.107125
0.425409,0.100046,0.955879,-0.493312,0.252080,0.361427,-0.023291
0.417987,-0.229096,1.662123,-0.162598,0.005048,0.245853,0.087226
0.404391,-0.384632,0.073060,0.468017,-0.035277,0.134472,0.050381
0.397172,-0.392770,-1.632601,0.778327,0.173268,0.053848,-0.089915
0.418266,0.030409,-1.058798,0.490798,0.301637,-0.022825,-0.150996
0.461995,0.333206,0.913541,0.258528,0.182183,-0.139170,-0.058094
0.515200,-0.020491,2.058582,0.350356,-0.060207,-0.284329,0.087299
0.578247,-0.127736,1.469578,0.065175,-0.268932,-0.334796,0.114442
0.635650,0.483474,-0.163826,-0.538655,-0.319365,-0.214211,-0.005357
0.659861,0.622784,-1.325485,-0.441712,-0.168459,-0.055740,-0.105338
0.658349,-0.062639,-1.164265,0.149363,0.030963,-0.000379,-0.079044
0.659752,-0.326389,-0.380255,0.151167,0.103280,-0.007327,-0.016534
0.667936,0.046405,0.156660,-0.054179,0.057365,-0.053497,0.016401
0.673203,-0.007753,0.482319,0.407371,-0.027836,-0.215218,0.081431
0.676172,-0.538595,0.652881,0.845831,-0.117176,-0.423797,0.195243
0.679158,-0.662411,0.409433,0.401763,-0.153118,-0.479971,0.290883
0.681253,-0.222478,-0.184172,-0.378561,-0.075912,-0.344236,0.317496
0.683898,0.203124,-0.674809,-0.629509,0.064709,-0.163563,0.257655
0.688584,0.218903,-0.586655,-0.340189,0.144110,-0.037910,0.156536
0.691373,0.091950,-0.161397,-0.289384,0.127372,0.103033,0.090254
0.683283,0.449529,-0.491105,-0.895872,0.112336,0.336074,0.001856
0.662013,1.149804,-1.395111,-1.222848,0.147000,0.523453,-0.204598
0.639052,1.188239,-0.669356,-0.539875,0.084441,0.469430,-0.382151
0.623802,0.396424,1.813219,0.248946,-0.203353,0.243271,-0.334541
0.614026,-0.226611,2.505762,0.452223,-0.515734,0.067738,-0.209619
0.609958,-0.475738,0.164909,0.524314,-0.533711,-0.007907,-0.235544
0.615516,-1.071242,-1.819346,0.581870,-0.289402,-0.080138,-0.280704
0.625364,-1.455070,-1.783802,0.494475,-0.045289,-0.162145,-0.160903
0.631350,-0.414488,-1.517870,0.427136,0.130062,-0.166181,-0.034938
0.632853,1.063471,-1.240460,0.085978,0.269651,-0.067901,-0.056757
0.630670,0.982559,0.107560,-0.549412,0.275111,0.017431,-0.054073
0.627139,-0.195747,1.542390,-0.468702,0.100949,-0.037967,0.119974
0.632747,-0.452126,1.598065,0.365506,-0.101153,-0.197652,0.283355
0.654246,0.456687,0.378211,0.503118,-0.174941,-0.280610,0.184773
0.681354,0.970244,-0.936122,-0.233150,-0.111208,-0.178986,-0.115797
0.699095,0.316404,-1.045033,-0.460498,0.011192,0.026798,-0.284587
0.704096,-0.447967,-0.305439,-0.043429,0.152598,0.206385,-0.175440
0.700295,-0.189107,-0.278465,-0.161003,0.304536,0.318194,-0.029013
0.690144,0.537257,-0.232412,-0.795246,0.301489,0.351745,-0.005821
0.674233,0.413936,1.371936,-0.627459,-0.042108,0.238786,0.065587
0.649009,-0.564767,2.346858,0.645106,-0.446359,-0.064732,0.202635
0.608535,-1.061359,0.356383,1.470830,-0.430657,-0.402394,0.145216
0.561478,-0.414472,-1.816568,0.594622,-0.145555,-0.480900,-0.067077
0.532911,0.333441,-1.218244,-0.859963,-0.096719,-0.242759,-0.094471
0.530710,0.149894,0.021209,-0.998696,-0.220964,0.025713,0.085799
0.530959,-0.378793,-0.598270,0.033726,-0.138190,0.119791,0.199442
0.514759,-0.325107,-1.713344,0.711253,0.106112,0.162917,0.158151
0.492163,0.019934,-1.498728,0.461086,0.262635,0.278079,0.055026
0.477282,-0.067087,-0.401342,-0.025365,0.301786,0.341577,-0.061098
0.467321,-0.485119,0.544819,0.017464,0.241000,0.237031,-0.143289
0.454682,-0.507817,0.767934,0.400804,0.079483,0.090987,-0.137435
0.446102,0.046720,0.093019,0.391705,-0.036805,0.041615,-0.079578
0.462607,0.322774,-0.469201,0.209915,-0.018192,-0.024889,-0.004702
0.513041,-0.252560,0.225338,0.624013,-0.010477,-0.225440,0.116144
0.575264,-0.790965,1.109765,1.134128,-0.089826,-0.384242,0.200360
0.621739,-0.287717,0.484843,0.673005,-0.126040,-0.311685,0.077143
0.648591,0.661360,-0.752392,-0.395089,-0.072007,-0.107737,-0.194187
0.661984,0.820655,-0.734218,-0.926623,-0.016204,0.070553,-0.334770
0.662604,0.277818,-0.097591,-0.785031,0.041336,0.204310,-0.248424
0.658902,-0.035835,-0.268625,-0.333566,0.138040,0.228953,-0.094827
0.665616,-0.218970,-0.153574,0.667450,0.154685,0.023337,0.027293
0.681824,-0.739519,1.064078,1.817741,0.003560,-0.294124,0.103986
0.696631,-0.666172,1.113231,1.430118,-0.106352,-0.370602,0.050297
0.705633,0.686048,0.000314,-0.685923,-0.040553,-0.076598,-0.063595
0.701929,1.696530,1.709846,-2.107908,-0.155502,0.293442,0.057261
0.680146,0.810185,5.144524,-1.265461,-0.685094,0.419047,0.402136
0.646347,-0.946317,3.844469,0.621439,-1.083230,0.275275,0.537281
0.588777,-1.599383,-1.697822,1.679915,-0.790749,0.006908,0.261343
0.488917,-0.562906,-4.295238,1.228352,-0.155533,-0.191281,-0.168824
0.382401,0.889922,-2.453637,-0.005401,0.167921,-0.158269,-0.477577
0.317516,0.871026,-0.445054,-0.562291,0.126932,0.004408,-0.556566
0.277675,-0.424902,-0.032106,-0.118814,0.022828,0.053605,-0.432201
0.239167,-0.812116,-0.482894,0.106621,-0.028874,0.020081,-0.308525
0.221312,-0.113730,-1.190435,-0.286925,-0.052502,0.075674,-0.297950
0.219327,-0.183899,-1.255689,-0.307963,-0.048470,0.159425,-0.222298
0.195944,-0.558642,-0.990065,0.152566,0.015568,0.201598,-0.066202
0.148963,0.431430,-1.763510,0.288544,0.185592,0.326036,-0.141581
0.108309,1.333391,-2.437935,0.345163,0.408264,0.475081,-0.461786
0.093759,0.186273,-0.976861,0.837212,0.501455,0.391686,-0.625554
0.105764,-1.306356,1.252542,1.017866,0.382469,0.130638,-0.488675
0.128021,-1.159404,1.934965,0.425413,0.177553,-0.024446,-0.294188
0.140844,-0.520803,1.453190,-0.056194,0.028873,-0.063644,-0.194569
0.144460,-0.471466,0.784644,-0.085321,-0.025753,-0.113485,-0.146722
0.157539,-0.237936,-0.026495,-0.292822,0.001986,-0.107686,-0.093260
0.187409,0.220908,-0.413308,-0.593122,0.052599,0.001613,-0.002712
0.215719,0.224510,-0.045417,-0.561588,0.047790,0.113559,0.087666
0.229291,0.083030,0.149202,-0.536618,0.018537,0.195361,0.111965
0.241954,-0.051642,-0.177750,-0.619207,0.054247,0.237835,0.138149
0.261314,-0.529610,-0.290857,-0.423686,0.109966,0.151882,0.224964
0.274771,-0.539133,0.003080,-0.236628,0.062662,-0.003514,0.206446
0.284991,0.604990,0.493438,-0.383256,-0.087626,-0.032561,0.005382
0.306126,1.357125,1.229672,-0.314749,-0.245143,0.038757,-0.102112
0.330568,0.377325,1.612534,0.181580,-0.337317,0.017263,0.060305
0.345190,-0.825242,0.701748,0.454018,-0.311392,-0.080841,0.228616
0.351990,-0.513159,-0.900073,0.294441,-0.170827,-0.089913,0.149361
0.353423,0.418981,-1.554593,0.163633,-0.016701,-0.010660,-0.039987
0.354732,0.479138,-0.999281,0.203257,0.083423,0.035527,-0.116191
0.368815,-0.109885,-0.182555,0.239556,0.146356,0.012089,-0.079910
0.395773,-0.525881,0.426399,0.262077,0.152293,-0.042616,-0.033256
0.428808,-0.412391,0.455930,0.198652,0.103281,-0.066045,-0.039490
0.468639,0.243472,-0.411371,-0.081672,0.101992,-0.004385,-0.127381
0.504188,0.755978,-0.984014,-0.347962,0.132887,0.071852,-0.245998
0.525767,0.464166,-0.074775,-0.305961,0.035133,0.020611,-0.284287
0.556991,-0.013264,0.945080,-0.071671,-0.146864,-0.142787,-0.223004
0.611418,-0.020942,0.560784,0.136948,-0.184769,-0.269338,-0.123634
0.655598,-0.094974,-0.047501,0.189654,-0.069723,-0.286166,0.026270
0.667144,-0.419641,0.141757,-0.101052,0.049097,-0.189071,0.243910
0.668165,-0.274103,-0.078099,-0.536700,0.187062,0.020372,0.396145
0.673709,0.170265,-0.753594,-0.494873,0.332527,0.216116,0.359146
0.670161,0.038675,-0.230549,-0.001594,0.267408,0.205092,0.214035
0.655583,-0.218211,0.657144,0.286703,-0.003644,0.027987,0.061699
0.651574,0.424913,-0.196797,0.312807,-0.141103,-0.099431,-0.144030
0.668004,1.270690,-1.432034,0.264647,-0.043427,-0.139423,-0.382996
0.690110,1.009758,-0.616267,-0.315642,0.038178,-0.157808,-0.462756
0.702736,0.325174,1.577592,-1.445762,-0.063041,-0.057915,-0.277622
0.701857,0.563260,3.447817,-2.045889,-0.350997,0.213135,0.042813
0.690545,0.817286,4.065299,-1.397274,-0.733736,0.416560,0.293363
0.678041,-0.474588,2.543926,0.055178,-0.939440,0.311295,0.368926
0.663702,-2.004444,-0.596035,1.353489,-0.748327,0.007656,0.266472
0.632524,-1.326688,-3.283736,1.641879,-0.275043,-0.195601,0.006849
0.589917,0.710060,-4.135892,0.820752,0.207294,-0.207350,-0.320063
0.561605,1.233585,-2.777919,-0.211055,0.490086,-0.173545,-0.499387
0.546991,0.047052,0.025115,-0.664495,0.457348,-0.179996,-0.391145
0.527172,-0.842665,1.997451,-0.718744,0.180848,-0.164543,-0.114855
0.506721,-0.776642,1.756260,-0.688599,-0.078221,-0.092785,0.113123
0.497434,-0.336556,0.292494,-0.372729,-0.128877,-0.002488,0.192820
0.492478,0.093943,-0.941448,0.142889,-0.014166,0.084934,0.152296
0.484385,0.009336,-1.210553,0.304773,0.120324,0.155144,0.101052
0.474090,-0.565880,-0.463934,0.128065,0.198089,0.181206,0.134468
0.461626,-0.490196,0.410676,0.050772,0.218350,0.183565,0.210268
0.449549,0.349109,0.622396,-0.032216,0.181693,0.209782,0.227678
0.437849,0.497466,0.507271,-0.239444,0.095639,0.232606,0.199374
0.415057,-0.174441,0.367937,-0.157978,0.022565,0.185165,0.182749
0.381934,-0.274314,-0.055569,0.202343,0.012247,0.084796,0.142360
0.370030,0.179995,-0.383479,0.362980,0.015387,-0.012696,0.060483
0.405771,0.097987,-0.087856,0.359486,-0.017757,-0.113082,0.032102
0.472236,-0.188629,0.123450,0.310020,-0.029348,-0.198395,0.083496
0.532826,0.097348,-0.318148,0.040827,0.023890,-0.200867,0.099873
0.573290,0.356181,-0.499097,-0.139868,0.068300,-0.148517,0.047069
0.599445,0.180722,-0.092939,-0.045247,0.065121,-0.091327,-0.006262
0.616737,0.283828,-0.135629,-0.226158,0.080120,0.031573,-0.098927
0.626484,0.514152,-0.410332,-0.460525,0.088788,0.164027,-0.271629
0.626645,0.013977,0.264890,0.021212,-0.023490,0.101983,-0.362152
0.618918,-0.604419,1.116793,0.496895,-0.186085,-0.091859,-0.250321
0.617937,-0.303405,0.744770,0.069309,-0.199270,-0.154362,-0.098596
0.634140,0.254811,-0.051292,-0.334015,-0.083490,-0.109725,-0.072936
0.655217,-0.045642,0.075658,0.057813,-0.029259,-0.139174,-0.073484
0.666190,-0.805456,0.673776,0.417755,-0.067941,-0.193163,0.035755
0.669697,-0.660256,0.495442,0.143777,-0.094245,-0.156927,0.113767
0.671518,0.711032,-0.672767,-0.421987,-0.085895,-0.059034,-0.082863
0.670500,1.685098,-1.651156,-0.774481,-0.066132,0.052523,-0.440109
0.669022,0.830926,-1.261424,-0.352358,0.005319,0.126253,-0.548753
0.671401,-0.792139,0.160992,0.705370,0.115616,0.069092,-0.298660
0.674660,-1.451953,1.475896,1.132486,0.123635,-0.102681,0.005466
0.674955,-1.109121,1.919240,0.446518,-0.024305,-0.244180,0.138247
0.674869,-0.386098,1.172746,-0.214016,-0.183356,-0.289197,0.138139
0.677877,0.315401,-0.052838,-0.138452,-0.258801,-0.302254,0.072339
0.682810,0.513010,-0.501098,0.034845,-0.306171,-0.305525,-0.053123
0.685872,0.381966,-0.449020,-0.215319,-0.305177,-0.219632,-0.205574
0.685185,0.469018,-0.872048,-0.515768,-0.167958,-0.032769,-0.294826
0.682085,0.472389,-1.174567,-0.455439,0.039616,0.142300,-0.251542
0.678440,0.130031,-0.572597,-0.255284,0.189949,0.251401,-0.111796
0.675233,-0.129516,0.280487,-0.154185,0.260187,0.301878,0.051676
0.674614,-0.284753,0.742145,0.098124,0.224930,0.199856,0.218233
0.680427,-0.374403,0.831924,0.386362,0.054898,-0.073425,0.329912
0.692826,0.045437,0.483536,0.152557,-0.142032,-0.292093,0.271763
0.703585,0.621457,-0.123928,-0.250099,-0.245464,-0.319485,0.049456
0.704465,0.519300,-0.484643,-0.111534,-0.266624,-0.268903,-0.176554
0.698692,0.071989,-0.422476,0.057848,-0.231228,-0.185473,-0.261454
0.693654,-0.053557,-0.136137,-0.247249,-0.150402,-0.035536,-0.185912
0.688606,-0.124527,-0.079082,-0.218596,-0.084832,0.055497,-0.052541
0.681995,-0.371228,-0.453523,0.428917,-0.028978,0.000402,0.017374
0.679811,-0.417678,-0.507155,0.589426,0.074520,-0.054990,0.031662
0.685526,-0.222482,0.262552,0.006585,0.122051,-0.035150,0.076001
0.694150,-0.067685,0.719857,-0.216455,0.012035,-0.048596,0.113208
0.701376,0.151263,0.004608,0.082448,-0.069768,-0.063324,0.018111
0.705760,0.437665,-0.637960,-0.008397,0.006558,0.043493,-0.195454
0.704055,0.429826,-0.253363,-0.388802,0.022447,0.159967,-0.373933
0.697782,0.155774,0.204117,-0.200411,-0.088370,0.146024,-0.421566
0.694129,-0.179778,0.488936,0.385785,-0.087813,0.077578,-0.346713
0.688905,-0.547575,1.326524,0.490246,-0.051976,-0.026039,-0.191762
0.670032,-0.517842,1.616909,-0.014216,-0.257580,-0.202215,-0.028622
0.644121,0.023344,0.137926,-0.425490,-0.493798,-0.263554,0.076451
0.629829,0.137634,-1.496622,-0.224108,-0.388692,-0.093118,0.121562
0.628773,-0.470595,-1.495379,0.359243,-0.072635,0.069036,0.118736
0.631161,-0.814310,-0.441999,0.739420,0.128041,0.037388,0.076977
0.635423,-0.512700,0.511367,0.614158,0.151484,-0.075276,0.056508
0.644732,-0.162808,0.841116,0.179080,0.078945,-0.151954,0.086307
0.659677,0.054378,0.316686,-0.142327,0.004583,-0.177789,0.096834
0.676973,0.462499,-0.616956,-0.254945,0.026824,-0.117670,0.045613
0.688869,0.942280,-1.060156,-0.386077,0.122933,0.026439,-0.051028
0.691693,0.959956,-0.741625,-0.454624,0.165550,0.152397,-0.197831
0.691700,0.547242,-0.175401,-0.234129,0.127019,0.188728,-0.347259
0.693558,0.296096,0.227292,0.040890,0.084789,0.170102,-0.391911
0.692174,0.167609,0.724244,0.059853,0.033033,0.121717,-0.332988
0.683045,-0.284250,1.475505,-0.119313,-0.102992,0.026579,-0.241518
0.671988,-0.675474,1.701503,-0.295334,-0.263898,-0.048107,-0.105419
0.667955,-0.600903,0.688371,-0.193005,-0.278867,-0.008810,0.064241
0.671035,-0.628062,-0.864632,0.263579,-0.112617,0.068656,0.151537
0.674534,-0.866063,-1.568302,0.605287,0.085173,0.049231,0.123036
0.676389,-0.563898,-0.921793,0.502123,0.181617,-0.023377,0.078137
0.680280,0.027664,0.389472,0.291966,0.164558,-0.056954,0.067799
0.687278,-0.046875,1.277925,0.319661,0.061440,-0.127589,0.082544
0.694973,-0.389218,1.099978,0.469407,-0.087753,-0.296870,0.128605
0.702537,0.032359,0.109113,0.344338,-0.185257,-0.404020,0.126136
0.709810,0.768923,-0.698636,-0.248462,-0.155949,-0.299004,-0.041625
0.714737,0.571009,-0.529210,-0.673783,-0.050610,-0.092114,-0.254554
0.715368,-0.380576,0.173584,-0.273515,0.037069,0.028197,-0.262670
0.711760,-0.660637,0.289577,0.184265,0.080189,0.046794,-0.094369
0.707078,0.010458,-0.189578,-0.133966,0.086992,0.043913,0.011890
0.707623,0.296055,-0.182186,-0.264911,0.055333,0.008242,0.010580
0.715647,-0.376319,0.436241,0.572461,-0.009963,-0.121623,0.036347
0.722862,-0.887699,0.555820,1.201256,-0.075627,-0.310487,0.112133
0.720767,-0.446184,-0.023369,0.664207,-0.096228,-0.465997,0.149128
0.714647,0.284857,-0.193632,-0.406516,-0.079311,-0.523813,0.139551
0.713747,0.393444,0.243341,-1.100775,-0.080937,-0.418687,0.168978
0.714250,-0.040833,0.209427,-0.886106,-0.075264,-0.191318,0.268879
0.710366,-0.058951,-0.360960,-0.172700,0.014202,-0.048383,0.362558
0.706694,0.767474,-0.496307,-0.459236,0.110653,-0.003353,0.389120
0.697625,1.465115,-0.392638,-1.625821,0.122802,0.217115,0.362270
0.664317,1.192994,-0.294447,-1.428654,0.174961,0.596957,0.264532
0.612310,0.553843,1.182911,0.214020,0.213156,0.733512,0.118386
0.571286,0.223745,3.381450,0.936991,-0.128917,0.520489,0.095966
0.550970,-0.020899,2.681341,0.425264,-0.660286,0.250665,0.179650
0.539604,-0.283928,-0.479534,0.104720,-0.619981,0.050472,0.029477
0.533001,-0.256527,-1.243345,-0.055757,-0.042770,-0.136473,-0.385393
0.531390,0.067747,0.638666,-0.530216,0.249194,-0.210824,-0.618522
0.529292,0.300648,1.113532,-0.801472,0.104315,-0.075441,-0.490741
0.523474,0.038123,0.037625,-0.607859,-0.001293,0.135268,-0.264813
0.511645,-0.520768,-0.451557,-0.196563,-0.001760,0.264193,-0.093537
0.484594,-0.485725,-1.087394,0.245706,-0.016968,0.332819,0.028217
0.435577,0.239499,-2.100585,0.307404,0.088198,0.430098,0.035561
0.376381,0.375730,-1.505735,-0.034802,0.269281,0.542435,-0.047312
0.331696,-0.517538,0.314335,0.049105,0.287522,0.546806,-0.078795
0.315281,-1.094217,1.056058,0.703452,0.176997,0.373339,-0.042921
0.323153,-0.634364,0.652404,0.969866,0.090594,0.128109,-0.020871
0.344663,-0.004067,0.098341,0.559586,0.023937,-0.025416,-0.039139
0.368039,0.251581,-0.654000,0.173157,-0.001004,-0.048021,-0.107062
0.390688,0.312218,-1.215114,0.201116,0.086223,-0.019020,-0.204898
0.421513,0.124317,-0.762229,0.313003,0.224272,-0.001211,-0.226201
0.453914,-0.139171,0.189749,-0.006378,0.318230,0.052774,-0.115302
0.468202,-0.100851,0.680081,-0.554573,0.345947,0.192168,0.038635
0.473901,-0.132737,0.857593,-0.379104,0.269355,0.270975,0.158038
0.501009,-0.509957,1.053722,0.529958,0.096132,0.109623,0.251864
0.553271,-0.630235,1.003237,0.937032,-0.045673,-0.177820,0.296248
0.609794,-0.234113,0.640127,0.429688,-0.118230,-0.356998,0.239016
0.651913,0.378992,0.094639,-0.283438,-0.217379,-0.382462,0.089778
0.671653,0.987506,-0.608810,-0.755697,-0.289048,-0.263190,-0.108526
0.674345,1.003884,-0.974470,-0.780232,-0.185228,-0.001309,-0.275228
0.669854,0.212748,-0.643382,-0.384208,0.012938,0.263967,-0.304869
0.658163,-0.351520,-0.251961,-0.159333,0.127425,0.425086,-0.228000
0.635541,-0.267202,-0.141416,-0.149911,0.159008,0.489876,-0.159104
0.603869,-0.290601,0.099735,0.201135,0.146329,0.374691,-0.083968
0.572600,-0.350941,0.240268,0.521265,0.063012,0.089246,0.017528
0.565522,-0.060217,-0.048584,0.317721,-0.035538,-0.106077,0.054911
0.601326,-0.013804,-0.146422,0.286455,-0.080882,-0.182491,0.039612
0.656114,-0.248171,0.121000,0.565620,-0.125795,-0.391414,0.052974
0.687560,-0.054093,0.119791,0.132175,-0.195764,-0.632343,0.036291
0.694018,0.300414,-0.145211,-0.819119,-0.208854,-0.575219,-0.031948
0.701153,0.463209,-0.450495,-1.063451,-0.124508,-0.294227,-0.048131
0.709467,0.832947,-0.844384,-0.745788,-0.001362,-0.054329,-0.065725
0.703936,0.963081,-0.717790,-0.644707,0.063919,0.124496,-0.200622
0.693156,0.159191,0.141489,-0.410169,0.031940,0.238348,-0.307802
0.696155,-0.774672,0.698888,0.346775,-0.012391,0.163018,-0.228921
0.707174,-0.967275,0.747685,0.865623,-0.022639,-0.081316,-0.093591
0.709721,-0.587619,0.820651,0.376055,-0.103169,-0.299210,-0.046880
0.704594,0.159185,0.438414,-0.561675,-0.253156,-0.344764,-0.056577
0.689501,0.795866,-0.185123,-0.780848,-0.322332,-0.258778,-0.088298
0.650067,0.643018,0.279182,-0.381021,-0.337194,-0.182397,-0.127766
0.600302,0.090490,1.093516,-0.380242,-0.412566,-0.127238,-0.121777
0.573507,-0.324052,0.351386,-0.537385,-0.424720,-0.006858,-0.070262
0.564609,-0.851967,-1.156787,0.016528,-0.233684,0.109192,-0.006725
0.548415,-1.044962,-1.279425,0.613358,0.013628,0.092323,0.072633
0.534548,-0.240915,-0.155259,0.389160,0.125236,0.009302,0.129740
0.543745,0.501382,0.604588,0.109040,0.103859,-0.033104,0.117806
0.568001,0.156415,0.583350,0.334505,0.008903,-0.088911,0.103332
0.594151,-0.284362,0.313176,0.348970,-0.117872,-0.192736,0.144359
0.624691,0.114286,-0.188992,-0.042538,-0.168685,-0.233165,0.167629
0.657194,0.775720,-1.070598,-0.329111,-0.054655,-0.122514,0.108059
0.677599,1.009911,-1.648964,-0.436391,0.147552,0.092426,-0.014227
0.678534,0.665162,-1.029035,-0.308448,0.260229,0.272524,-0.161542
0.668844,0.057616,0.288993,0.075387,0.186089,0.288056,-0.265169
0.663794,-0.060692,0.672039,0.216123,0.013111,0.174482,-0.285637
0.659855,0.227717,0.073534,0.183017,-0.106025,0.059443,-0.329029
0.632206,-0.028518,0.401872,0.437192,-0.213934,-0.091974,-0.444634
0.580025,-0.652530,1.784706,0.329047,-0.431900,-0.308897,-0.435541
0.541124,-0.770381,1.957289,-0.415537,-0.578336,-0.349367,-0.193617
0.535094,-0.626265,0.387117,-0.452118,-0.391037,-0.095387,0.058300
0.539213,-0.622197,-1.119006,0.408441,-0.023081,0.155722,0.134989
0.535823,-0.448386,-1.418769,0.596224,0.214939,0.197893,0.121820
0.531860,-0.169072,-0.572583,0.018762,0.298768,0.167441,0.106785
0.530532,-0.045000,0.566306,-0.081607,0.306362,0.149515,0.062983
0.532017,0.011168,0.717358,0.260179,0.249204,0.098538,-0.001178
0.552920,-0.237179,0.223622,0.482941,0.185137,0.007823,-0.017240
0.601777,-0.703182,0.436064,0.647541,0.105614,-0.167602,0.069849
0.651015,-0.240586,0.545806,0.293525,-0.062048,-0.388321,0.201920
0.671074,1.459063,-0.664477,-0.915162,-0.176582,-0.363433,0.182854
0.671511,2.799779,-1.504514,-1.710143,-0.080246,0.040102,-0.028643
0.676611,2.278075,-0.537114,-1.180950,0.054885,0.515194,-0.167511
0.684204,0.090633,0.217862,-0.294069,0.088896,0.736905,-0.105784
0.677659,-2.168310,-0.726957,0.418433,0.188637,0.643984,-0.054199
0.659879,-2.670672,-1.272696,1.384423,0.362984,0.302837,-0.087486
0.648579,-1.150018,0.179526,1.692608,0.353221,-0.075439,-0.048111
0.648398,0.584037,1.749066,0.452646,0.130706,-0.215347,0.019548
0.650501,0.910747,1.562907,-0.621620,-0.107678,-0.150512,-0.040673
0.652881,0.177620,0.556421,-0.100541,-0.281598,-0.156336,-0.127973
0.661234,-0.473158,0.197913,0.496121,-0.339372,-0.272998,-0.098930
0.674271,-0.593796,0.301807,0.061358,-0.231531,-0.318796,-0.039160
0.684024,-0.254099,-0.097307,-0.164377,-0.104043,-0.263569,-0.056602
0.688380,0.373963,-1.219475,0.261986,-0.053034,-0.196441,-0.133013
0.691655,0.802796,-1.916379,0.227789,0.091406,-0.092301,-0.199995
0.694711,0.445756,-0.859003,-0.271666,0.344658,0.075445,-0.158830
0.695036,-0.412559,1.207066,-0.313739,0.403780,0.172098,0.010688
0.695265,-0.678455,2.040680,-0.018222,0.166535,0.096377,0.145302
0.701320,-0.087969,1.002682,0.130970,-0.091421,-0.048516,0.113351
0.712278,0.416954,-0.439442,0.296683,-0.165441,-0.142642,-0.009962
0.721303,0.406160,-1.056352,0.311616,-0.117643,-0.180870,-0.106556
0.725936,0.307777,-0.902084,-0.221665,-0.019562,-0.141409,-0.129864
0.728223,-0.067082,-0.216491,-0.599906,0.122096,-0.010868,-0.035923
0.727809,-0.960771,0.954607,-0.147430,0.192352,0.068706,0.185145
0.724408,-0.997272,1.542395,0.120843,0.078926,0.001838,0.389507
0.719857,0.693730,0.416212,-0.498039,-0.088230,-0.025384,0.349835
0.711062,1.812945,-0.668469,-0.676620,-0.169735,0.127377,0.065658
0.693955,0.505037,0.486760,0.203521,-0.289255,0.229111,-0.155350
0.676183,-0.916230,1.570079,0.652548,-0.478308,0.095883,-0.151314
0.667635,-0.517385,-0.267319,0.206259,-0.463667,-0.028128,-0.149369
0.660575,-0.353552,-2.456536,0.205115,-0.185282,0.048639,-0.279003
0.641583,-1.261769,-1.988406,0.795463,0.048131,0.103862,-0.320251
0.621430,-0.924909,-0.649928,0.892407,0.122367,-0.005159,-0.183219
0.626885,0.257632,-0.141602,0.653204,0.185396,-0.120170,-0.058689
0.659070,-0.227547,0.712351,0.752325,0.193662,-0.230795,0.010030
0.687903,-0.935553,1.638355,0.502560,0.005494,-0.442150,0.118837
0.695819,0.390158,0.934074,-0.542340,-0.253684,-0.583369,0.162776
0.695128,1.633888,-0.472865,-1.088810,-0.348620,-0.458565,0.024821
0.691446,1.070509,-0.544481,-0.535673,-0.258672,-0.167540,-0.128270
0.668391,0.347195,0.145252,-0.216079,-0.133731,0.149162,-0.102982
0.623259,-0.140039,0.011387,-0.565627,-0.055180,0.418435,0.045488
0.580709,-0.995467,-0.616698,-0.335022,0.042094,0.481329,0.154985
0.561590,-0.866625,-0.648340,0.607947,0.194963,0.286672,0.143626
0.568496,0.288907,-0.161736,1.030831,0.283985,0.032775,0.045723
0.597119,0.466764,0.171985,0.743830,0.221037,-0.134681,-0.055798
0.637602,0.079307,0.090367,0.405673,0.118416,-0.219949,-0.167737
0.675752,0.584202,-0.070598,-0.036640,0.103240,-0.176410,-0.333990
0.702077,0.886934,0.405665,-0.580381,0.118203,-0.004106,-0.442984
0.709228,0.052221,1.535144,-0.599089,0.049641,0.124423,-0.353807
0.692731,-0.870529,2.176221,-0.214120,-0.079639,0.102404,-0.137364
0.663964,-1.220857,1.632716,-0.184742,-0.173513,0.002219,0.050982
0.638088,-0.811692,0.587828,-0.468630,-0.224408,-0.073273,0.164031
0.609428,0.492234,-0.317126,-0.597042,-0.272013,-0.021351,0.223710
0.567661,1.379942,-1.336831,-0.451047,-0.247338,0.201057,0.281594
0.521886,0.652725,-2.264173,0.060347,-0.035659,0.431595,0.367311
0.482304,-0.505550,-1.858525,0.717942,0.272701,0.461480,0.394259
0.448377,-0.678132,0.054431,0.834734,0.393100,0.307667,0.280848
0.432381,-0.360024,1.591945,0.430801,0.207638,0.114627,0.124676
0.455359,-0.308810,1.334288,0.280649,-0.069412,-0.064392,0.072467
0.508325,-0.163202,-0.007259,0.422239,-0.172589,-0.204305,0.106913
0.555769,0.332404,-1.047235,0.267981,-0.071790,-0.223350,0.111978
0.583585,0.541227,-1.061958,-0.080023,0.065043,-0.127550,0.067488
0.608394,0.279195,-0.400572,-0.187155,0.111195,-0.027060,0.023564
0.637896,0.353146,-0.295862,-0.206377,0.127839,0.073861,-0.049821
0.655932,0.788702,-0.863204,-0.309297,0.193238,0.214468,-0.182243
0.650198,0.542016,-0.575181,-0.231415,0.194120,0.257390,-0.263306
0.631978,-0.223773,0.537824,0.011778,0.032539,0.108428,-0.209929
0.625160,-0.188796,0.489544,0.073417,-0.117089,-0.033540,-0.120056
0.641241,0.409599,-0.543724,0.058978,-0.067836,-0.026343,-0.085429
0.666343,0.168292,-0.358209,0.210070,0.052153,-0.056952,-0.067607
0.681223,-0.505373,0.701439,0.131191,0.021360,-0.240396,-0.043401
0.688213,-0.190169,0.431906,-0.386266,-0.107192,-0.351945,-0.052535
0.698409,0.500514,-0.706957,-0.577118,-0.123119,-0.222821,-0.107831
0.705031,0.170874,-0.622733,-0.110828,-0.020484,-0.023263,-0.193466
0.697598,-0.507335,0.363073,0.134595,0.029006,0.047568,-0.257132
0.687631,-0.359408,0.554322,-0.114696,0.006307,0.031836,-0.202851
0.691695,0.067440,0.091428,-0.074305,0.036506,0.016997,-0.045595
0.704317,0.065237,0.099410,0.146397,0.081863,-0.038761,0.053595
0.712020,0.014356,0.406054,-0.183531,-0.004265,-0.145109,0.036461
0.713974,0.253324,0.152290,-0.590391,-0.157427,-0.192153,-0.003355
0.708684,0.706097,-0.447856,-0.457272,-0.184530,-0.103401,-0.052473
0.688090,1.023241,-0.304102,-0.272900,-0.107048,0.081282,-0.152009
0.658828,0.572327,0.680461,-0.180874,-0.105759,0.250305,-0.213690
0.637178,-0.376053,1.151945,0.161374,-0.190059,0.302048,-0.160395
0.622121,-0.741967,0.490680,0.304627,-0.229720,0.232017,-0.083982
0.605953,-0.636485,-0.326781,0.020275,-0.221455,0.099605,-0.053167
0.597304,-0.730399,-0.930766,-0.031720,-0.185823,-0.032076,-0.006455
0.603371,-0.496287,-1.839813,0.195971,0.001413,-0.071636,0.062687
0.610438,0.313846,-2.261521,0.228453,0.302255,-0.002128,0.068549
0.607049,0.739299,-1.127060,0.127444,0.397280,0.038707,-0.011958
0.606030,0.608823,0.359166,-0.114951,0.197904,-0.007362,-0.122861
0.622735,0.569696,0.567773,-0.470994,0.007137,-0.020251,-0.205825
0.649830,0.302310,0.122002,-0.167044,0.009763,0.013785,-0.222028
0.672600,-0.596144,0.279705,0.768315,0.077205,-0.057141,-0.158063
0.690241,-1.202995,0.788281,0.845122,0.072258,-0.244169,-0.018669
0.705299,-0.659815,0.642069,-0.240208,0.026081,-0.338934,0.161251
0.712412,0.366827,-0.239999,-0.878108,0.060686,-0.196919,0.285757
0.708849,0.604982,-0.538035,-0.440977,0.174348,0.051272,0.284471
0.698919,-0.026241,0.445864,-0.070800,0.151772,0.155327,0.205751
0.686372,-0.176991,0.913440,-0.277559,-0.075969,0.085420,0.098979
0.674968,0.705158,-0.347776,-0.309658,-0.213528,0.043657,-0.072534
0.670562,1.038939,-1.081045,0.122627,-0.114262,0.084901,-0.276813
0.674037,-0.120501,0.176399,0.474226,-0.056821,0.026266,-0.385374
0.678989,-1.051737,1.056048,0.458687,-0.172340,-0.159670,-0.393598
0.680557,-0.499572,0.235573,0.186526,-0.233966,-0.248913,-0.416179
0.681018,0.107150,-0.407122,-0.203637,-0.176396,-0.165948,-0.448369
0.684640,-0.311640,-0.426836,-0.285287,-0.122571,-0.068231,-0.371537
0.690067,-0.568867,-1.149888,0.217515,-0.001690,-0.010015,-0.156498
0.691278,0.138362,-1.633387,0.542213,0.236961,0.090175,0.078166
0.688262,0.648336,-0.211714,0.090975,0.366025,0.201831,0.179121
0.690863,0.032651,1.813707,-0.206800,0.239636,0.184200,0.123689
0.704824,-0.753244,2.195261,0.163809,0.004161,-0.008488,0.048806
0.722471,-0.555086,0.861436,0.155427,-0.144701,-0.224478,0.075249
0.734558,0.086853,-0.773677,-0.278247,-0.100161,-0.262210,0.195581
0.738999,0.242525,-1.439507,-0.151700,0.094027,-0.119358,0.326947
0.735297,0.291982,-0.883783,-0.087358,0.225561,0.071589,0.374183
0.724022,0.588369,0.354462,-0.693143,0.189885,0.263337,0.326362
0.704414,0.559150,2.391070,-0.837270,0.019216,0.419386,0.321769
0.663690,0.271695,5.065418,-0.594530,-0.460173,0.484669,0.475277
0.588818,0.227261,5.557884,-0.976673,-1.273609,0.520915,0.672173
0.491983,-0.098294,1.625257,-0.667201,-1.728349,0.515883,0.691873
0.405876,-0.945578,-3.461945,1.175486,-1.255725,0.297325,0.507517
0.357860,-1.289682,-5.144082,2.183922,-0.399281,-0.061226,0.318217
0.349234,-0.919670,-4.467868,1.341989,0.098264,-0.256904,0.289090
0.352417,-0.855358,-4.609674,0.712620,0.354234,-0.260039,0.396364
0.342784,-1.084299,-4.727823,0.887785,0.652905,-0.246993,0.542213
0.326259,-0.775668,-3.031880,0.638108,0.826296,-0.226951,0.691668
0.315796,-0.283496,-1.032479,0.173928,0.830953,-0.157178,0.845604
0.307648,-0.224169,-0.515085,0.169375,0.890184,-0.100676,0.946164
0.297250,0.042300,-0.636026,-0.016150,0.992231,-0.069352,0.902712
0.288209,0.750735,-0.063319,-0.647837,0.989868,-0.008922,0.749112
0.281437,0.783484,1.150063,-0.954057,0.920827,0.054885,0.664290
0.274332,0.062826,2.175257,-0.856052,0.829512,0.069027,0.732708
0.262561,0.083160,2.179266,-0.967486,0.680376,0.081505,0.801564
0.238433,1.035061,1.038086,-1.184179,0.566404,0.173094,0.696392
0.203734,1.413804,-0.191995,-0.973344,0.616921,0.310451,0.472095
0.178516,0.840171,-0.296731,-0.492323,0.742160,0.381776,0.329275
0.176939,0.456858,0.568588,-0.380138,0.764610,0.379449,0.330735
0.185876,0.683490,1.068696,-0.765276,0.689630,0.410398,0.319413
0.186108,0.796070,0.608023,-1.067332,0.630875,0.482547,0.176594
0.177325,0.427893,0.205780,-0.874424,0.602307,0.481527,0.042910
0.170363,0.069399,0.634178,-0.507820,0.549266,0.404859,0.090281
0.172109,0.146713,1.003152,-0.268315,0.460254,0.349664,0.200737
0.177913,0.375713,0.524297,0.081885,0.343970,0.284310,0.161821
0.175891,0.350495,-0.036250,0.473938,0.210037,0.138496,0.023215
0.171991,0.226655,0.055722,0.376945,0.106936,0.008914,-0.045065
0.188269,0.216528,0.241764,-0.009334,0.084653,-0.007542,-0.044662
0.219943,0.077537,-0.058845,0.061321,0.129542,-0.003457,-0.057506
0.241970,-0.233560,-0.387580,0.424429,0.180709,-0.076711,-0.086546
0.260176,-0.262267,-0.227795,0.435242,0.180657,-0.169158,-0.125334
0.291777,0.101791,0.093303,0.252606,0.102222,-0.214239,-0.186531
0.318497,0.419660,0.240654,0.098660,-0.044819,-0.233477,-0.230892
0.326123,0.528446,0.401125,-0.391051,-0.205792,-0.231280,-0.223641
0.346498,0.686223,0.370682,-0.959394,-0.280582,-0.187597,-0.202539
0.405019,0.825862,-0.212263,-0.747176,-0.203010,-0.144957,-0.175332
0.477766,0.463114,-0.597454,0.053672,-0.041562,-0.142554,-0.070236
0.532693,-0.315773,-0.081894,0.400826,0.087643,-0.121453,0.117986
0.565601,-0.585387,0.299128,0.095401,0.196376,-0.009170,0.266285
0.583461,-0.071171,-0.267903,-0.158852,0.327850,0.152108,0.278909
0.587262,0.239944,-0.556380,-0.058219,0.349453,0.227992,0.182663
0.578097,-0.064667,0.164515,0.027287,0.138127,0.155611,0.035199
0.566392,-0.146414,0.611206,-0.051482,-0.131788,0.027985,-0.123890
0.565513,0.210805,0.279749,0.004192,-0.235371,-0.071355,-0.221473
0.576575,0.241914,0.313293,0.244284,-0.242594,-0.193771,-0.196364
0.593111,-0.124742,0.784374,0.379148,-0.291153,-0.351770,-0.090409
0.614649,-0.276370,0.586808,0.273729,-0.309877,-0.424109,0.011926
0.638216,-0.131735,-0.230375,-0.047591,-0.212652,-0.341438,0.068328
0.653934,0.066401,-0.848802,-0.421655,-0.061323,-0.160459,0.025886
0.660721,0.232048,-1.061332,-0.387662,0.042403,0.025251,-0.164219
0.664041,0.151444,-0.691617,0.144823,0.037488,0.118641,-0.391126
0.663484,-0.155922,0.208821,0.388446,-0.016160,0.104500,-0.441912
0.662015,-0.164674,0.695495,-0.032341,0.023041,0.070718,-0.284371
0.666652,0.144727,0.591395,-0.304582,0.069139,0.009520,-0.089805
0.670665,0.200633,0.779808,-0.098496,-0.115776,-0.148401,0.016271
0.662145,0.079354,0.848444,-0.146619,-0.399857,-0.276898,0.034145
0.646865,0.152913,-0.023248,-0.432145,-0.424610,-0.222336,-0.002241
0.638431,0.036761,-0.738385,-0.203783,-0.236020,-0.095670,-0.053595
0.638481,-0.447503,-0.557916,0.366170,-0.118961,-0.054931,-0.091813
0.642307,-0.554795,-0.671683,0.615062,-0.052689,-0.055405,-0.121623
0.646707,-0.049129,-1.095321,0.409198,0.106151,0.002311,-0.123687
0.646453,0.331790,-0.522494,-0.153821,0.264914,0.123554,-0.056660
0.639694,0.260042,0.499212,-0.610016,0.282781,0.222301,0.047613
0.634591,0.024673,0.828556,-0.241278,0.177776,0.167345,0.128064
0.639860,-0.282634,1.074057,0.585444,0.012499,-0.048572,0.200087
0.655500,-0.523086,1.377613,0.746939,-0.170985,-0.238818,0.256103
0.674284,-0.250961,0.508145,0.204480,-0.294801,-0.256852,0.179969
0.686602,0.530041,-1.314245,-0.312870,-0.271380,-0.134530,-0.059377
0.689795,1.034509,-2.301197,-0.550363,-0.088679,0.049887,-0.277777
0.690062,0.604407,-1.697262,-0.462208,0.144047,0.225920,-0.297158
0.687331,-0.221184,-0.327907,-0.282644,0.259713,0.314842,-0.168336
0.675429,-0.352090,0.570408,-0.378329,0.217117,0.298231,-0.060507
0.663567,-0.106622,0.742399,0.076635,0.145719,0.179938,-0.005807
0.669416,-0.568914,1.163753,1.512949,0.092942,-0.075576,0.113803
0.688480,-0.862704,1.572510,1.821326,-0.066043,-0.395439,0.261052
0.700014,0.441269,0.087195,0.047517,-0.288584,-0.552283,0.153943
0.699109,1.901440,-2.163415,-1.243123,-0.318547,-0.415150,-0.229238
0.695369,1.552335,-1.136488,-0.917802,-0.209555,-0.103396,-0.410374
0.687983,0.409454,2.523815,-0.776310,-0.312850,0.140556,-0.132834
0.666976,-0.239239,3.379202,-0.908349,-0.561493,0.155442,0.186751
0.631018,-0.882550,0.607381,-0.102196,-0.540323,0.001150,0.181230
0.587316,-0.995387,-1.343720,0.597680,-0.275692,-0.101066,0.030458
0.545784,0.291300,-1.226479,0.069055,-0.117463,-0.037638,-0.055837
0.519376,1.108494,-1.134888,-0.403263,-0.093343,0.081957,-0.101726
0.512608,-0.028446,-1.210949,0.143769,-0.049916,0.142701,-0.078165
0.512087,-1.064611,-1.077407,0.819728,0.038816,0.179651,0.015877
0.505457,-0.554961,-1.342855,0.926253,0.189332,0.235594,0.025034
0.499740,-0.037578,-1.117164,0.629518,0.339543,0.259986,-0.058297
0.504107,-0.261565,0.220514,0.165083,0.313459,0.224108,-0.074766
0.508002,-0.284567,0.869534,-0.128571,0.159837,0.174061,-0.025886
0.499612,-0.101524,0.245768,-0.015642,0.105347,0.142900,-0.013719
0.491411,-0.138010,-0.161862,0.210538,0.151066,0.120424,-0.031337
0.494543,0.017206,-0.199473,0.247092,0.147215,0.086930,-0.065799
0.495934,0.307270,-0.281925,0.192959,0.071678,0.023033,-0.143274
0.502717,0.186859,0.161873,0.230319,-0.025885,-0.080277,-0.213688
0.552045,0.010934,0.676517,0.395833,-0.112289,-0.210465,-0.213449
0.632963,0.167033,0.311625,0.482141,-0.143616,-0.319868,-0.149333
0.681613,0.162784,-0.182946,0.186475,-0.094692,-0.318548,-0.021973
0.680414,-0.099969,-0.145835,-0.341045,0.035349,-0.157031,0.161184
0.672085,-0.093072,-0.274943,-0.599200,0.224960,0.084320,0.302104
0.676806,0.113098,-0.536574,-0.464623,0.350337,0.259114,0.297921
0.673779,0.092287,-0.180487,-0.182294,0.265473,0.280047,0.171241
0.654435,-0.023549,0.374192,0.127573,0.049044,0.168337,0.031073
0.642555,0.154530,0.253997,0.458375,-0.070048,0.012082,-0.073512
0.658754,0.612996,-0.403607,0.640855,-0.052034,-0.123425,-0.193790
0.688588,0.894169,-0.689917,0.322233,-0.037196,-0.204022,-0.314319
0.701790,0.683550,0.431313,-0.574775,-0.125187,-0.181246,-0.267473
0.690826,0.295653,2.538008,-1.341901,-0.349934,-0.057032,-0.015971
0.673138,0.025439,2.770306,-1.088194,-0.580190,0.053800,0.171803
0.663101,-0.398266,0.027468,-0.107786,-0.532365,0.035338,0.122227
0.650779,-0.836208,-1.976887,0.322434,-0.242533,-0.068497,0.017576
0.617032,-0.649327,-0.852139,-0.070991,-0.086783,-0.086728,-0.016772
0.570941,-0.284524,0.432490,-0.185291,-0.127060,0.030461,-0.078715
0.540554,-0.617202,-0.223259,0.325029,-0.097808,0.139004,-0.107177
0.527872,-0.917352,-1.115235,0.561202,0.047344,0.175273,0.018530
0.515921,-0.382527,-1.194018,0.385451,0.175586,0.230011,0.113667
0.497767,-0.036937,-0.820252,0.407590,0.256633,0.305203,0.024802
0.463166,-0.447059,-0.018138,0.253675,0.291649,0.347463,-0.066885
0.402104,-0.625445,0.724608,-0.391982,0.258034,0.388884,-0.050249
0.333946,-0.450880,0.800537,-0.363912,0.177018,0.375081,-0.046730
0.286906,-0.428271,0.351231,0.626494,0.113985,0.194769,-0.087068
0.276187,-0.051771,-0.304921,0.939661,0.114734,-0.062901,-0.081206
0.329747,0.509612,-0.402293,0.390440,0.106431,-0.279148,0.002801
0.459035,0.224765,0.503609,0.455695,-0.016050,-0.468281,0.123126
0.595968,-0.293951,1.044565,0.695812,-0.156804,-0.527671,0.186658
0.660644,-0.006124,0.241345,-0.017406,-0.134976,-0.335844,0.127498
0.669420,0.407885,-0.695252,-0.612408,-0.001366,-0.073672,-0.014238
0.679015,0.391766,-0.722558,-0.312886,0.034299,0.039593,-0.180923
0.688673,0.351208,-0.159443,-0.210100,-0.077717,0.052768,-0.331152
0.682079,0.165706,0.322210,-0.334312,-0.158972,0.045767,-0.383491
0.681813,-0.253426,0.168635,0.404611,-0.082723,-0.050375,-0.293177
0.700551,-0.318598,-0.316703,1.248000,0.006985,-0.255227,-0.106690
0.712962,0.044645,-0.371758,0.559051,-0.029029,-0.384663,0.081716
0.706646,0.465491,-0.137130,-0.973974,-0.084704,-0.257945,0.147997
0.698069,0.965999,0.303890,-1.435465,-0.173368,-0.020178,0.059884
0.686532,1.349288,1.004621,-0.884385,-0.477128,0.024457,-0.050304
0.651056,1.026914,0.625166,-0.594575,-0.759839,-0.098843,-0.122554
0.598892,0.084829,-1.084931,-0.635479,-0.589981,-0.117080,-0.233973
0.562819,-0.670832,-1.756583,-0.410702,-0.178938,0.005936,-0.303210
0.552032,-0.721872,-0.952030,0.066479,-0.023581,0.101248,-0.167629
0.550156,-0.279841,-0.763155,0.431978,-0.035913,0.143435,0.039717
0.546561,-0.046084,-1.005547,0.410896,0.105376,0.212057,0.083450
0.540970,-0.415781,-0.266816,0.131623,0.320326,0.284736,0.039057
0.537461,-0.794872,0.545269,0.057407,0.419904,0.290720,0.078778
0.538802,-0.529676,0.488587,0.234749,0.405465,0.224777,0.127624
0.536735,-0.027933,0.325908,0.313734,0.279311,0.112256,0.057270
0.529450,0.248026,0.220060,0.192468,0.064261,-0.010526,-0.070235
0.541347,0.602954,-0.272662,0.040972,-0.076876,-0.078251,-0.153300
0.588534,0.835830,-0.506033,0.148502,-0.061066,-0.104136,-0.203882
0.646087,0.165760,0.165886,0.471498,-0.016495,-0.215861,-0.212327
0.682469,-0.902473,0.962699,0.231284,-0.036769,-0.396360,-0.070264
0.696887,-0.910590,0.735323,-0.784379,-0.014581,-0.384693,0.208863
0.703027,0.122051,-0.400946,-1.245485,0.160142,-0.075817,0.400500
0.704174,0.698231,-1.003240,-0.429564,0.351539,0.239827,0.368346
0.696171,0.377159,-0.258789,0.224683,0.294509,0.284485,0.215652
0.681802,0.311671,0.412406,-0.195331,0.004063,0.161741,0.043544
0.673727,0.856663,-0.212253,-0.283729,-0.180399,0.076352,-0.151511
0.678602,0.907519,-0.447846,0.476630,-0.144696,-0.017560,-0.320454
0.686550,0.208088,0.851328,0.313694,-0.183078,-0.187019,-0.377656
0.687903,-0.415120,1.346674,-0.808980,-0.366586,-0.254538,-0.325209
0.686053,-0.952431,-0.009519,-0.675235,-0.360877,-0.131359,-0.189853
0.684161,-1.348936,-0.716584,0.438928,-0.114746,-0.035984,0.001713
0.680505,-0.658588,-0.061074,0.414530,0.040302,-0.069626,0.127885
0.680376,0.507880,0.156957,-0.040245,0.023965,-0.105755,0.121077
0.689056,0.443240,0.014278,0.503369,-0.001425,-0.194172,0.129185
0.697318,-0.133915,0.304649,0.510684,-0.048489,-0.406276,0.227855
0.695106,0.338720,0.099057,-0.872941,-0.153447,-0.484011,0.241813
0.689853,0.959580,-0.826903,-1.470744,-0.177289,-0.257813,0.096004
0.693151,0.595100,-1.203988,-0.548053,-0.053177,0.042681,-0.069760
0.700235,0.056923,-0.584239,-0.022537,0.089077,0.229976,-0.214457
0.700664,0.033812,0.326619,-0.385257,0.122850,0.340476,-0.373059
0.699997,0.118256,0.683455,-0.207543,0.063848,0.340587,-0.444693
0.709753,0.022542,0.283399,0.780849,-0.000951,0.147725,-0.378036
0.724094,-0.216503,-0.049534,1.195771,-0.027824,-0.128801,-0.295555
0.729265,-0.594395,0.285933,0.344138,-0.003553,-0.254454,-0.212059
0.725602,-0.984493,0.718797,-0.563068,0.077900,-0.157541,0.002877
0.721076,-0.972909,0.653532,-0.422809,0.143774,-0.010034,0.287634
0.717000,-0.156530,0.124102,-0.067276,0.106931,0.049504,0.385554
0.710419,1.033662,-0.578039,-0.323200,0.005216,0.081101,0.202777
0.697834,1.413140,-0.796907,-0.434359,-0.090841,0.116207,-0.087976
0.678835,0.608254,-0.087131,-0.065924,-0.165516,0.085601,-0.262331
0.662850,-0.537966,0.888102,0.088051,-0.187273,0.008720,-0.224530
0.658211,-1.223066,1.122904,0.052022,-0.176503,-0.072126,-0.037194
0.657213,-1.064833,0.395977,0.162332,-0.202341,-0.162393,0.128380
0.653980,-0.237301,-0.574669,0.317061,-0.181659,-0.184499,0.127905
0.661476,0.129864,-0.674916,0.729745,-0.039073,-0.159179,0.036796
0.683672,-0.450537,0.220955,1.089554,0.047423,-0.294449,0.076637
0.698166,-0.782523,0.974556,0.424101,-0.031696,-0.505271,0.236499
0.693380,-0.217019,0.796416,-0.637628,-0.108497,-0.431541,0.261306
0.689309,0.496048,-0.220292,-0.821736,-0.058261,-0.093008,0.086752
0.699985,0.822305,-1.253250,-0.664693,0.077707,0.205128,-0.114957
0.709625,0.551749,-0.906376,-0.629167,0.184431,0.399599,-0.254002
0.703733,-0.135162,0.376384,0.060348,0.122743,0.501240,-0.331805
0.695271,-0.184298,0.179851,1.017306,-0.027422,0.403919,-0.351845
0.702254,0.380996,-1.144093,1.081912,-0.008560,0.164380,-0.362677
0.719761,0.044610,-0.763169,0.540811,0.141592,-0.017306,-0.316365
0.730715,-0.998444,0.862676,0.184104,0.179051,-0.077396,-0.065735
0.729516,-0.976575,1.036966,0.067097,0.105804,-0.073288,0.268613
0.722662,0.060893,-0.046579,0.007883,0.030571,-0.057524,0.353877
0.715952,0.770902,-0.684113,-0.211325,-0.053846,-0.028283,0.155692
0.707427,0.838339,-0.639476,-0.407313,-0.129031,0.040659,-0.076667
0.691574,0.438806,-0.057986,0.036950,-0.182074,0.071920,-0.220672
0.670970,-0.150220,0.751854,0.609257,-0.259204,-0.016060,-0.295747
0.657691,-0.326144,0.817073,0.220914,-0.290649,-0.087023,-0.294106
0.657831,-0.448975,0.298610,-0.309004,-0.200452,-0.035875,-0.214741
0.660025,-1.060989,0.101261,0.196783,-0.117787,-0.038642,-0.099343
0.648267,-0.880595,-0.361445,0.530735,-0.119002,-0.145512,-0.006453
0.629172,0.513497,-1.225942,-0.157009,-0.049298,-0.117317,0.020744
0.630145,0.732480,-0.660873,-0.098567,0.129029,0.014865,0.039755
0.657129,-0.704327,1.221301,1.121181,0.181012,-0.083436,0.141027
0.681926,-0.908132,1.568058,1.168895,-0.015097,-0.376910,0.220769
0.687897,0.592898,-0.005443,-0.269477,-0.218775,-0.462390,0.077579
0.689440,1.052623,-0.766311,-0.913263,-0.159555,-0.228831,-0.211438
0.694941,-0.035883,0.087365,-0.440896,0.040402,0.030554,-0.328838
0.694442,-0.635557,0.673028,-0.337452,0.083823,0.102212,-0.183212
0.687905,-0.311881,0.264352,-0.365898,0.025721,0.096158,-0.007586
0.686772,-0.373445,-0.012414,0.610244,0.084568,0.118834,0.062379
0.691832,-1.082705,0.391075,1.815937,0.132269,-0.014928,0.145356
0.697465,-1.295703,0.920038,1.465690,-0.012139,-0.376027,0.290641
0.703086,-0.434006,0.937460,-0.260170,-0.161047,-0.576864,0.364138
0.704494,0.494977,0.137294,-1.166078,-0.122668,-0.358124,0.299847
0.698175,0.336730,-0.798083,-0.466492,0.030480,-0.024912,0.207386
0.690953,-0.338529,-0.588902,-0.099342,0.190595,0.146739,0.227126
0.676021,-0.067778,0.085993,-0.990751,0.252188,0.300611,0.335304
0.633576,1.015000,-0.589541,-1.191275,0.193089,0.519286,0.303811
0.581600,1.333183,-1.039772,0.059084,0.197768,0.590852,0.037959
0.562185,0.495255,1.226718,0.827778,0.186816,0.407840,-0.142916
0.569185,-0.158459,2.716133,0.596648,-0.179929,0.138121,0.010871
0.564798,0.182407,-0.644409,0.600921,-0.562723,-0.032329,0.146591
0.546653,0.642912,-3.948997,0.409397,-0.300251,-0.068850,-0.106866
0.535002,0.376678,-1.673416,-0.669495,0.215605,-0.034932,-0.423679
0.533973,-0.036060,1.398544,-1.225303,0.195265,0.029655,-0.382041
0.534705,-0.071491,0.102149,-0.492939,-0.095546,0.148720,-0.173002
0.518286,-0.367348,-1.770116,0.240415,-0.092118,0.294872,-0.071538
0.468918,-1.015291,-1.053616,0.361786,0.036712,0.377267,0.010217
0.403838,-1.121053,-0.265162,0.428125,0.100907,0.401323,0.090885
0.349433,-0.746924,0.067941,0.475159,0.231988,0.412325,0.057450
0.300829,-0.580720,1.393309,0.289949,0.287831,0.347688,0.014849
0.255498,-0.310857,1.918354,0.097311,0.101025,0.200585,0.071777
0.243205,0.199230,0.372465,0.114955,-0.072604,0.098379,0.103409
0.277348,0.151449,-0.805591,0.350255,-0.052650,0.046141,0.063300
0.332216,-0.234495,-0.451729,0.552045,0.002419,-0.059251,0.075200
0.391096,-0.013597,-0.132834,0.375765,0.027344,-0.158774,0.137201
0.457422,0.282203,-0.076362,0.060081,0.081876,-0.150097,0.146818
0.518193,0.054214,0.309028,-0.032764,0.100470,-0.091841,0.098497
0.552029,0.279664,0.084548,-0.248478,0.055253,-0.018674,-0.014257
0.561474,0.962118,-0.764573,-0.591782,0.030645,0.098798,-0.213249
0.561951,0.661595,-0.662081,-0.344386,-0.011533,0.143216,-0.360227
0.562798,-0.133143,0.009241,0.242420,-0.124399,0.027983,-0.326729
0.570960,0.107548,-0.246443,0.252592,-0.159974,-0.084831,-0.230701
0.584808,0.526321,-0.568418,-0.014134,-0.046308,-0.099381,-0.186316
0.592521,-0.109534,0.190404,0.093268,0.025038,-0.145435,-0.109566
0.595885,-0.750418,0.905748,0.200384,-0.057528,-0.250882,0.025991
0.609937,-0.496743,0.671139,0.034713,-0.160324,-0.298386,0.092424
0.632076,-0.006116,0.077511,-0.057425,-0.180896,-0.275590,0.033206
0.644517,0.369417,-0.532004,-0.131408,-0.164740,-0.220825,-0.085415
0.644475,0.609255,-0.924340,-0.394351,-0.141865,-0.110079,-0.194077
0.642545,0.255541,-0.570841,-0.454944,-0.079648,0.025331,-0.226906
0.640016,-0.427807,0.059849,-0.035447,0.019448,0.108543,-0.135458
0.630743,-0.425963,0.109039,0.315008,0.107188,0.157366,0.007085
0.618695,0.149504,0.021708,0.123273,0.144788,0.202956,0.080127
0.617345,0.114541,0.474416,-0.011457,0.106366,0.158630,0.119915
0.631249,-0.586669,0.876177,0.502324,-0.002706,-0.043711,0.215979
0.649659,-0.744157,0.608660,0.891998,-0.113174,-0.282569,0.269345
0.662804,-0.174546,0.216576,0.392508,-0.170273,-0.379480,0.160661
0.672064,0.169908,0.086072,-0.241755,-0.196151,-0.325826,-0.008576
0.679564,0.198068,-0.304793,-0.261556,-0.198686,-0.222952,-0.127427
0.682211,0.273404,-0.816543,-0.127622,-0.155173,-0.108047,-0.240970
0.678079,0.042417,-0.606274,-0.149543,-0.103178,0.000387,-0.328413
0.668744,-0.307860,-0.039589,-0.098095,-0.064669,0.058503,-0.282704
0.658310,0.015085,0.057319,-0.219891,0.017782,0.106471,-0.154791
0.652577,0.432832,0.187358,-0.513279,0.110070,0.173009,-0.065563
0.654241,-0.168640,0.767054,-0.049643,0.090034,0.117194,0.024719
0.661701,-1.185605,1.064723,1.156115,-0.014355,-0.116305,0.161878
0.673428,-1.241210,0.738041,1.519555,-0.090475,-0.308301,0.215537
0.687330,-0.198400,-0.008803,0.472782,-0.140437,-0.300868,0.076694
0.697927,0.788017,-0.949246,-0.540128,-0.157251,-0.173043,-0.160134
0.700241,0.597581,-1.146966,-0.439690,-0.075847,-0.021617,-0.312242
0.694562,-0.235516,-0.254777,0.062992,0.032413,0.080785,-0.285511
0.683987,-0.261506,0.312333,0.032936,0.053858,0.078132,-0.143462
0.672454,0.149750,0.102179,-0.109778,0.034355,0.033132,-0.013961
0.669585,-0.181940,0.294605,0.305728,0.019096,-0.030556,0.059778
0.683920,-0.396093,0.552814,0.564890,-0.043368,-0.192456,0.073481
0.703625,0.307228,-0.223651,-0.092892,-0.115969,-0.342339,-0.010583
0.708104,0.593271,-0.969317,-0.739266,-0.104891,-0.281024,-0.145648
0.703290,0.105876,-0.544884,-0.564446,-0.036227,-0.090714,-0.215588
0.707797,0.222727,-0.161503,-0.426262,0.047063,0.089506,-0.218593
0.710602,0.725837,-0.309291,-0.811500,0.188352,0.328805,-0.192861
0.693362,0.384217,1.144934,-0.916306,0.291691,0.572870,-0.043763
0.671479,-0.348234,4.263592,-0.381315,0.045072,0.576148,0.289415
0.655929,-0.632024,4.740290,0.466857,-0.584722,0.325760,0.600708
0.621467,-0.624021,0.710123,1.163054,-1.040733,0.028387,0.594937
0.566102,-0.288714,-3.248695,0.928009,-0.848281,-0.211353,0.261159
0.532315,0.335599,-3.259530,-0.108443,-0.287639,-0.332798,-0.110481
0.533624,0.452946,-1.222237,-0.610944,0.092785,-0.241880,-0.265076
0.538894,-0.047157,-0.119571,-0.374844,0.158541,-0.008603,-0.169693
0.533052,-0.357035,-0.449205,-0.239004,0.068234,0.174309,0.064711
0.520976,-0.312126,-1.476657,-0.025534,0.041610,0.287314,0.249393
0.498228,-0.356881,-1.704507,0.490872,0.242619,0.432273,0.228776
0.470772,-0.595874,-0.216989,0.501201,0.492660,0.542035,0.076985
0.457910,-0.844066,1.334786,-0.111386,0.488235,0.495132,-0.001724
0.449893,-0.906370,1.247465,-0.283291,0.338445,0.385337,0.009569
0.423786,-0.668232,0.448770,0.416246,0.281374,0.303043,-0.020184
0.407391,-0.216218,0.119100,1.184535,0.226383,0.121300,-0.089462
0.451016,0.189795,-0.013335,1.266531,0.103767,-0.181581,-0.091046
0.538272,0.232708,0.131183,0.787563,0.039485,-0.400708,-0.026325
0.606776,-0.119828,0.975809,0.177083,-0.014544,-0.447487,-0.007990
0.641047,-0.342132,1.543405,-0.352228,-0.122630,-0.356959,-0.109903
0.665567,-0.063986,0.736990,-0.605244,-0.079660,-0.102200,-0.262218
0.680564,0.229619,-0.451994,-0.506863,0.127877,0.191307,-0.296952
0.674397,0.100621,-0.549127,-0.289610,0.180870,0.252835,-0.175564
0.659798,-0.014948,-0.054676,-0.113446,0.058356,0.121659,-0.060087
0.654724,0.215741,-0.110134,0.112829,0.022976,0.036736,-0.028263
0.661998,0.332286,-0.423363,0.391281,0.033530,-0.074643,0.020948
0.678722,0.068978,-0.288206,0.411599,-0.075446,-0.362468,0.105125
0.697648,-0.085734,-0.018198,-0.123625,-0.178998,-0.591537,0.153555
0.707395,0.171674,-0.168256,-0.811066,-0.134665,-0.487680,0.179832
0.708583,0.305648,-0.436329,-0.795736,-0.015580,-0.189361,0.185678
0.711593,-0.098390,-0.151719,-0.230184,0.077523,0.018580,0.151885
0.711741,-0.282322,0.401141,-0.232828,0.082413,0.100738,0.147385
0.694173,0.440844,0.307348,-0.756534,0.007453,0.196251,0.125157
0.665350,0.972987,0.240438,-0.568481,-0.024463,0.326776,-0.074688
0.646949,0.155593,1.781398,0.228976,-0.067943,0.325714,-0.296206
0.641250,-0.838292,3.516375,0.386353,-0.374077,0.101779,-0.243762
0.635196,-0.584540,2.393762,-0.015571,-0.790182,-0.140809,-0.084550
0.628754,-0.097880,-0.588625,0.000048,-0.796291,-0.153360,-0.142610
0.629951,-0.637227,-2.107609,0.448170,-0.347957,-0.008631,-0.261449
0.634916,-1.176033,-2.261480,0.763610,0.107548,0.062514,-0.177013
0.635188,-0.624410,-2.264867,0.639172,0.372559,0.044142,-0.046195
0.633756,-0.044104,-0.823516,0.131398,0.492858,0.027632,-0.050670
0.638385,-0.369906,1.904158,-0.224286,0.373335,-0.046255,-0.051321
0.647788,-0.476975,2.747109,-0.154580,0.030169,-0.205761,0.022663
0.656747,0.368983,0.956893,-0.102986,-0.217199,-0.274963,0.005428
0.666039,0.829674,-0.703244,-0.083928,-0.190416,-0.175028,-0.136867
0.676351,0.238262,-0.906801,0.227178,-0.064444,-0.084018,-0.231919
0.682504,0.041142,-0.876394,0.181955,0.021936,-0.066500,-0.208308
0.681226,0.759262,-1.086291,-0.643754,0.158759,0.071502,-0.144090
0.675553,0.757811,-0.515809,-1.005353,0.368928,0.351333,-0.062001
0.669926,-0.552977,1.027939,-0.118164,0.451002,0.459968,0.085022
0.667824,-1.544979,2.152204,0.831475,0.261214,0.222771,0.258629
0.672917,-1.256527,1.810571,0.923513,-0.039929,-0.135217,0.331614
0.686917,-0.421428,0.559238,0.607621,-0.196758,-0.349427,0.240363
0.704554,0.421561,-0.604647,0.137780,-0.193596,-0.393004,0.033599
0.716186,1.148255,-1.269442,-0.516442,-0.170280,-0.314183,-0.202776
0.718936,1.219848,-1.127885,-0.878218,-0.143688,-0.126136,-0.366369
0.716134,0.649241,-0.118441,-0.765009,-0.082530,0.096943,-0.364358
0.706609,0.186432,0.784399,-0.535251,-0.070816,0.249832,-0.227024
0.690613,-0.246338,0.527746,-0.187737,-0.119667,0.299012,-0.089851
0.677847,-1.028896,-0.390742,0.363384,-0.079940,0.249312,-0.022800
0.671193,-1.285040,-0.658891,0.691205,0.047639,0.117948,-0.018748
0.660978,-0.346126,-0.186723,0.488276,0.077077,-0.018589,-0.094909
0.650304,0.661710,-0.013403,0.100297,0.009964,-0.071598,-0.230474
0.658031,0.598793,-0.332888,0.099679,0.016658,-0.062645,-0.307759
0.685486,-0.128640,-0.169069,0.524387,0.074177,-0.123948,-0.248681
0.710378,-0.607011,0.670472,0.579948,0.046698,-0.303742,-0.084513
0.719238,-0.483061,1.034089,-0.263854,-0.004023,-0.411911,0.138084
0.719541,-0.071518,0.431428,-1.028274,0.050550,-0.245565,0.362749
0.719795,0.100062,-0.220829,-0.607171,0.136820,0.057750,0.470953
0.718353,0.210108,-0.347505,0.144215,0.108819,0.196588,0.368354
0.712057,0.695053,-0.345789,0.016882,-0.009535,0.160598,0.092805
0.704966,0.887643,-0.356062,-0.107830,-0.095617,0.114425,-0.213636
0.705427,0.156533,-0.093679,0.634941,-0.122718,0.017229,-0.410210
0.714537,-0.376801,0.323846,0.793633,-0.147497,-0.181836,-0.449910
0.721871,0.164190,0.582831,-0.450660,-0.183201,-0.259015,-0.376245
0.718532,0.373670,0.659600,-1.221113,-0.199274,-0.077156,-0.230317
0.708778,-0.784574,0.414920,-0.366334,-0.187184,0.112944,-0.038841
0.702194,-1.652853,-0.383733,0.680676,-0.137621,0.079459,0.114627
0.701868,-0.819610,-1.179038,0.739027,-0.031513,-0.059900,0.138749
0.705527,0.291676,-0.924108,0.290648,0.083598,-0.130942,0.061588
0.710947,0.064155,0.384007,-0.027620,0.111804,-0.156751,0.014384
0.716423,-0.611392,1.394867,-0.169747,0.034806,-0.195709,0.078357
0.720878,-0.166947,0.829456,-0.313331,-0.058649,-0.192599,0.173201
0.725462,0.935680,-0.865617,-0.443530,-0.060751,-0.072310,0.134445
0.730559,1.111515,-1.693082,-0.226510,0.044710,0.105044,-0.064843
0.731981,0.382615,-0.813708,0.242371,0.143570,0.177878,-0.264062
0.729724,0.110169,0.277173,0.232593,0.127901,0.122291,-0.337018
0.732969,0.409764,0.545899,-0.225275,0.019085,0.069725,-0.316835
0.738279,0.271231,0.880411,-0.163067,-0.142938,0.022699,-0.275054
0.723992,-0.324604,1.679291,0.419643,-0.361362,-0.118155,-0.217281
0.690009,-0.661599,1.691512,0.419487,-0.539669,-0.258321,-0.103516
0.666967,-0.722444,0.071826,-0.152761,-0.509030,-0.245283,0.061704
0.668571,-0.787011,-2.095163,0.007884,-0.240284,-0.172849,0.152034
0.678609,-0.623828,-2.871832,1.029086,0.122517,-0.197627,0.047112
0.685187,-0.058508,-1.600575,1.302232,0.350281,-0.279171,-0.137107
0.688905,0.536909,0.339971,0.010260,0.263309,-0.309695,-0.164864
0.689340,0.911852,1.388920,-1.521737,-0.025134,-0.233195,-0.038509
0.682532,1.154821,1.982180,-1.816548,-0.231487,-0.021308,0.070709
0.661032,1.066493,3.045721,-1.199179,-0.416241,0.228954,0.200991
0.621963,0.474183,3.304736,-0.744280,-0.840531,0.337712,0.472892
0.576764,-0.273066,1.441904,-0.466915,-1.304324,0.302716,0.706450
0.538286,-0.870945,-0.908970,0.130119,-1.382210,0.242243,0.673294
0.509177,-0.909246,-1.903522,0.667157,-1.136557,0.170278,0.499269
0.489194,0.059937,-2.130433,0.539335,-0.879904,0.120597,0.379146
0.474001,0.876942,-2.153545,0.201050,-0.646363,0.184970,0.277026
0.454614,0.055558,-1.464735,0.338278,-0.408136,0.254851,0.172813
0.432991,-1.016687,-0.588928,0.587104,-0.272938,0.167076,0.139975
0.416218,-0.455623,-0.455149,0.380366,-0.234679,0.048575,0.134888
0.396601,0.466631,-0.547882,0.026597,-0.191802,0.069805,0.092548
0.368417,0.237892,-0.249036,-0.036149,-0.153719,0.134738,0.069311
0.343214,-0.186146,-0.076959,0.072174,-0.137068,0.132990,0.091707
0.321428,-0.133383,-0.313817,0.199117,-0.082984,0.113003,0.121540
0.290653,-0.130520,-0.465748,0.311355,0.008321,0.097222,0.160936
0.263858,0.068895,-0.322562,0.212840,0.076911,0.078740,0.173351
0.262949,0.522693,-0.129249,-0.021347,0.100101,0.101441,0.090610
0.273106,0.297027,-0.103619,0.042107,0.085736,0.130830,-0.002891
0.269443,-0.266290,-0.258435,0.298925,0.069703,0.088980,0.018755
0.259697,-0.063021,-0.302300,0.250678,0.085883,0.044486,0.082178
