pressure,accel_x,accel_y,accel_z,gyro_x,gyro_y,gyro_z,accel_jx,accel_jy,accel_jz,accel_power,gyro_energy
0.684689,-0.429966,-0.456390,-3.912204,-0.260238,0.838115,0.103570,0.000000,0.000000,0.000000,3.962134,0.780887
0.690892,-2.137148,0.418557,-3.199663,0.617610,0.891570,-0.480178,-1.707182,0.874947,0.712541,3.870457,1.406910
0.697696,0.532914,3.383193,1.075174,0.669378,0.672348,-0.300466,2.670062,2.964636,4.274837,3.589706,0.990399
0.702729,2.072447,3.695779,6.077944,0.029650,0.009964,0.254527,1.539533,0.312586,5.002770,7.409131,0.065762
0.698251,-0.460006,0.940382,5.212605,-0.242056,-0.702832,0.259051,-2.532453,-2.755397,-0.865339,5.316688,0.619671
0.680861,-1.959901,-0.888430,-0.235687,0.024765,-0.779964,-0.086537,-1.499895,-1.828812,-5.448292,2.164733,0.616446
0.660124,-0.189272,-0.512712,-2.820435,0.140893,-0.293891,-0.199635,1.770629,0.375718,-2.584748,2.872899,0.146077
0.650710,1.291033,0.015345,-1.526248,-0.001914,0.132708,-0.138916,1.480305,0.528057,1.294187,1.999108,0.036913
0.654488,0.824840,-0.112750,-0.206624,-0.015925,0.185675,-0.117338,-0.466193,-0.128095,1.319624,0.857769,0.048497
0.659382,0.222032,0.026737,0.633384,0.046514,-0.024372,-0.056058,-0.602808,0.139487,0.840008,0.671706,0.005900
0.656073,0.381688,0.623129,1.707962,-0.071795,-0.251178,0.087373,0.159656,0.596392,1.074578,1.857716,0.075879
0.647669,0.328100,0.692744,1.629277,-0.254497,-0.293511,0.148891,-0.053588,0.069615,-0.078685,1.800580,0.173086
0.642928,-0.463881,-0.341155,-0.328841,-0.224151,-0.137402,0.021059,-0.791981,-1.033899,-1.958118,0.663105,0.069566
0.644668,-0.951985,-1.369114,-2.400204,0.043008,0.052437,-0.148882,-0.488104,-1.027959,-2.071363,2.922623,0.026765
0.646854,-0.170934,-0.876992,-2.215118,0.268078,0.143755,-0.145429,0.781051,0.492122,0.185086,2.388531,0.113681
0.643805,0.869579,0.490160,0.145193,0.188759,0.132020,0.000316,1.040513,1.367152,2.360311,1.008715,0.053059
0.638913,0.754315,0.845645,1.753774,-0.061528,0.028622,0.103517,-0.115264,0.355485,1.608581,2.088021,0.015321
0.638379,0.141995,0.223085,0.902384,-0.141015,-0.146042,0.143312,-0.612320,-0.622560,-0.851390,0.940333,0.061752
0.640688,0.219310,-0.017203,-0.555708,-0.045341,-0.251888,0.192767,0.077315,-0.240288,-1.458092,0.597666,0.102662
0.641375,0.474113,0.154185,-0.681375,-0.037552,-0.161136,0.212642,0.254803,0.171388,-0.125667,0.844291,0.072592
0.641417,0.161128,0.069354,-0.095360,-0.144511,-0.004549,0.167153,-0.312985,-0.084831,0.586015,0.199664,0.048844
0.642772,-0.246208,-0.046724,0.169526,-0.188572,-0.024334,0.121684,-0.407336,-0.116078,0.264886,0.302557,0.050959
0.644964,-0.327309,-0.000446,0.329444,-0.149856,-0.222096,0.119937,-0.081101,0.046278,0.159918,0.464397,0.086168
0.647134,-0.427134,-0.190383,0.462478,-0.117857,-0.375700,0.137065,-0.099825,-0.189937,0.133034,0.657704,0.173828
0.646751,-0.576833,-0.456624,-0.057260,-0.075387,-0.308099,0.137169,-0.149699,-0.266241,-0.519738,0.737916,0.119424
0.647140,-0.278209,-0.259405,-0.882398,0.009077,-0.043546,0.117907,0.298624,0.197219,-0.825138,0.960894,0.015881
0.661105,0.270551,0.157839,-0.558263,0.041350,0.167501,0.105362,0.548760,0.417244,0.324135,0.640132,0.040868
0.686393,0.180294,0.252146,0.818252,-0.064582,0.086378,0.076535,-0.090257,0.094307,1.376515,0.874997,0.017490
0.700383,-0.319323,0.055106,1.094383,-0.194841,-0.125911,0.014826,-0.499617,-0.197040,0.276131,1.141349,0.054036
0.698676,-0.010583,-0.149199,-0.421191,-0.147416,-0.084545,0.013576,0.308740,-0.204305,-1.515574,0.446961,0.029064
0.699684,0.548689,-0.089275,-1.413545,0.004087,0.180635,0.023063,0.559272,0.059924,-0.992354,1.518927,0.033178
0.704767,-0.396501,0.337287,-0.069423,-0.102471,0.246178,-0.227530,-0.945190,0.426562,1.344122,0.525162,0.122874
0.701821,-1.591450,0.547965,1.793587,-0.516624,-0.011760,-0.645880,-1.194949,0.210678,1.863010,2.459661,0.684200
0.697305,-0.217716,-0.049105,1.038154,-0.724927,-0.272282,-0.717960,1.373734,-0.597070,-0.755433,1.061873,1.115123
0.701018,2.268165,-0.870266,-1.984123,-0.404658,-0.308597,-0.354285,2.485881,-0.821161,-3.022277,3.136667,0.384498
0.705333,2.497584,-1.024092,-3.639329,0.073952,-0.164161,0.045755,0.229419,-0.153826,-1.655206,4.531159,0.034511
0.707822,1.410439,-0.637974,-2.389566,0.288937,0.126757,0.350101,-1.087145,0.386118,1.249763,2.847170,0.222123
0.718748,0.884258,-0.227679,-0.332790,0.276161,0.500749,0.588375,-0.526181,0.410295,2.056776,0.971853,0.673200
0.736452,-0.325308,0.131106,0.905878,0.164170,0.712148,0.546060,-1.209566,0.358785,1.238668,0.971406,0.832288
0.750016,-1.759606,0.487364,1.586347,-0.039266,0.616271,0.245222,-1.434298,0.356258,0.680469,2.418726,0.441466
0.756989,-1.317152,0.619168,1.429744,-0.213812,0.328977,0.032529,0.442454,0.131804,-0.156603,2.040203,0.155000
0.753019,-1.062562,0.140690,-0.235515,-0.144826,-0.037591,-0.159548,0.254590,-0.478478,-1.665259,1.097406,0.047843
0.727977,-2.524660,-0.709174,-2.188793,0.212341,-0.368856,-0.561651,-1.462098,-0.849864,-1.953278,3.415794,0.496595
0.687705,-1.823575,-0.761282,-2.174627,0.629480,-0.453032,-0.775942,0.701085,-0.052108,0.014166,2.938363,1.203569
0.653826,1.692670,0.510571,0.061423,0.774170,-0.343922,-0.424311,3.516245,1.271853,2.236050,1.769064,0.897661
0.637406,3.019035,1.925139,2.820398,0.502343,-0.366229,0.070320,1.326365,1.414568,2.758975,4.558001,0.391417
0.630882,1.313468,2.023151,4.536026,-0.044553,-0.533404,0.268602,-1.705567,0.098012,1.715628,5.137496,0.358652
0.625348,-0.177443,0.635022,3.603493,-0.527095,-0.566177,0.288547,-1.490911,-1.388129,-0.932533,3.663318,0.681645
0.626200,-0.887783,-1.036800,-0.544438,-0.573313,-0.367913,0.224969,-0.710340,-1.671822,-4.147931,1.469532,0.514659
0.644577,-1.017478,-1.514781,-4.067766,-0.207075,-0.006265,0.050946,-0.129695,-0.477981,-3.523328,4.458312,0.045515
0.675322,-0.221888,-0.770231,-2.555114,0.024746,0.348545,-0.054979,0.795590,0.744550,1.512652,2.677891,0.125119
0.702156,0.040375,-0.151425,1.130953,-0.163258,0.406791,-0.009269,0.262263,0.618806,3.686067,1.141759,0.192218
0.722678,-0.441965,-0.110889,1.316290,-0.383537,0.212854,0.028921,-0.482340,0.040536,0.185337,1.392928,0.193244
0.742047,-0.166307,0.039410,-0.625537,-0.385489,0.172058,-0.001450,0.275658,0.150299,-1.941827,0.648466,0.178208
0.751484,-0.521831,-0.007965,-0.893601,-0.326376,0.305646,-0.113278,-0.355524,-0.047375,-0.268064,1.034840,0.212773
0.741862,-2.438938,-0.995323,-1.363812,-0.058415,0.327695,-0.391731,-1.917107,-0.987358,-0.470211,2.966323,0.264250
0.724300,-2.479916,-1.745486,-2.970313,0.539149,0.369077,-0.699597,-0.040978,-0.750163,-1.606501,4.244934,0.916335
0.714230,0.186846,-0.709643,-1.318042,0.795489,0.618555,-0.742805,2.666762,1.035843,1.652271,1.508555,1.567172
0.711932,1.731304,1.147216,3.308364,0.238118,0.722469,-0.494185,1.544458,1.856859,4.626406,3.906250,0.822880
0.712349,1.542954,1.954507,4.644132,-0.441477,0.396433,-0.133096,-0.188350,0.807291,1.335768,5.269608,0.369776
0.715003,1.629684,1.544583,1.996380,-0.560885,-0.035106,0.184897,0.086730,-0.409924,-2.647752,3.004520,0.350011
0.717561,1.033115,0.590569,-0.157166,-0.383216,-0.193664,0.297608,-0.596569,-0.954014,-2.153546,1.200333,0.272931
0.716508,-0.566451,-0.408224,-1.045035,-0.244343,-0.098416,0.183853,-1.599566,-0.998793,-0.887869,1.256826,0.103191
0.714746,-0.778912,-0.671072,-1.558975,-0.081315,0.035189,0.070386,-0.212461,-0.262848,-0.513940,1.867470,0.012805
0.716482,0.142908,0.087259,-0.408002,0.018529,0.004347,0.085829,0.921820,0.758331,1.150973,0.441024,0.007729
0.718649,0.115253,0.800146,1.802618,-0.112612,-0.220779,0.128779,-0.027655,0.712887,2.210620,1.975588,0.078009
0.716438,-0.135236,0.512996,2.216392,-0.301791,-0.391566,0.143795,-0.250489,-0.287150,0.413774,2.279001,0.265079
0.712958,0.183376,-0.214320,0.585925,-0.313112,-0.311601,0.123943,0.318612,-0.727316,-1.630467,0.650283,0.210496
0.714980,-0.092191,-0.477325,-1.021275,-0.182264,-0.136202,0.039654,-0.275567,-0.263005,-1.607200,1.131080,0.053344
0.721873,-0.193322,-0.516326,-1.523852,-0.042884,-0.014673,0.036654,-0.101131,-0.039001,-0.502577,1.620522,0.003398
0.728385,1.200568,-0.779394,-1.099659,0.052268,0.183600,0.265610,1.393890,-0.263068,0.424193,1.805012,0.106990
0.735359,1.577662,-0.667611,-0.361502,0.098404,0.448901,0.478934,0.377094,0.111783,0.738157,1.750830,0.440573
0.745415,-0.814150,0.178574,0.340406,0.069260,0.468584,0.366195,-2.391812,0.846185,0.701908,0.900336,0.358467
0.752455,-2.559388,0.807305,1.126816,-0.058852,0.151496,0.081266,-1.745238,0.628731,0.786410,2.910657,0.033019
0.749090,-1.396105,0.673889,1.244354,-0.152454,-0.201052,-0.099779,1.163283,-0.133416,0.117538,1.987876,0.073620
0.739779,0.114543,0.452090,0.018190,-0.045611,-0.330513,-0.220065,1.510648,-0.221799,-1.226164,0.466729,0.159748
0.734799,0.289027,0.378515,-0.546659,0.054630,-0.242352,-0.358197,0.174484,-0.073575,-0.564849,0.725015,0.190024
0.736464,0.193249,0.053411,1.023747,-0.166353,-0.061672,-0.411914,-0.095778,-0.325104,1.570406,1.043195,0.201150
0.741223,0.226141,-0.381317,2.012586,-0.464120,0.131092,-0.326926,0.032892,-0.434728,0.988839,2.060836,0.339473
0.748385,0.303234,-0.645191,0.537860,-0.418176,0.342733,-0.148973,0.077093,-0.263874,-1.474726,0.893037,0.314530
0.755795,0.716633,-0.786139,-0.908005,-0.201493,0.503202,0.068446,0.413399,-0.140948,-1.445865,1.398589,0.298497
0.755472,0.846899,-0.580579,-0.814549,-0.119272,0.377992,0.224360,0.130266,0.205560,0.093456,1.310649,0.207441
0.745275,0.215688,0.089411,-0.695167,0.020515,-0.092085,0.246320,-0.631211,0.669990,0.119382,0.733330,0.069574
0.734480,-0.259103,0.568640,-0.911485,0.317797,-0.539339,0.183789,-0.474791,0.479229,-0.216318,1.105120,0.425660
0.729890,-0.070425,0.328928,-0.869157,0.406287,-0.570051,0.086968,0.188678,-0.239712,0.042328,0.931980,0.497591
0.730281,0.286333,-0.192000,-1.129608,0.211308,-0.230257,-0.025938,0.356758,-0.520928,-0.260451,1.181044,0.098342
0.735995,0.629821,-0.384561,-1.091153,0.102924,0.173595,-0.077150,0.343488,-0.192561,0.038455,1.317261,0.046681
0.748000,0.705963,-0.308189,0.638610,0.078654,0.486588,-0.017477,0.076142,0.076372,1.729763,1.000593,0.243260
0.760551,0.012050,-0.217220,2.180661,-0.162625,0.672382,0.077083,-0.693913,0.090969,1.542051,2.191486,0.484486
0.766386,-0.733671,0.004571,0.973593,-0.434632,0.575624,0.124548,-0.745721,0.221791,-1.207068,1.219089,0.535760
0.763726,-0.392722,0.424778,-1.088106,-0.325413,0.086120,0.143479,0.340949,0.420207,-2.061699,1.232332,0.133896
0.755292,0.297143,0.675528,-1.266069,0.053066,-0.512054,0.164638,0.689865,0.250750,-0.177963,1.465457,0.292121
0.746543,-0.001805,0.398893,-0.689974,0.308344,-0.725665,0.123149,-0.298948,-0.276635,0.576095,0.796984,0.636831
0.742084,-0.569908,-0.212365,-0.886918,0.370722,-0.434594,-0.026068,-0.568103,-0.611258,-0.196944,1.075415,0.326986
0.740995,-0.101793,-0.601451,-0.906661,0.374752,0.005442,-0.139184,0.468115,-0.389086,-0.019743,1.092767,0.159841
0.739656,0.437535,-0.615023,-0.086114,0.314575,0.252468,-0.084577,0.539328,-0.013572,0.820547,0.759675,0.169851
0.736328,-0.560698,-0.652391,0.858790,0.115347,0.300076,-0.055769,-0.998233,-0.037368,0.944904,1.215531,0.106461
0.730455,-1.878949,-0.774027,1.075676,-0.191601,0.332471,-0.306822,-1.318251,-0.121636,0.216886,2.299271,0.241388
0.723681,-0.906789,-0.425806,-0.128275,-0.438369,0.462489,-0.637847,0.972160,0.348221,-1.203951,1.009966,0.812912
0.720808,1.767237,0.529090,-1.578779,-0.411673,0.586635,-0.590660,2.674026,0.954896,-1.450504,2.428087,0.862495
0.723303,2.635037,1.275410,-0.333365,-0.169181,0.491922,-0.141030,0.867800,0.746320,1.245414,2.946392,0.290499
0.725482,0.660053,1.008431,2.641187,-0.097404,0.193781,0.237938,-1.974984,-0.266979,2.974552,2.903183,0.103653
0.722320,-1.180240,0.026985,2.365163,-0.297231,-0.023522,0.255909,-1.840293,-0.981446,-0.276024,2.643424,0.154389
0.717038,-0.892540,-0.624501,-1.050863,-0.372217,-0.014103,0.123908,0.287700,-0.651486,-3.416026,1.513586,0.154098
0.717281,-0.109776,-0.476933,-1.950597,-0.182376,0.094848,0.070283,0.782764,0.147568,-0.899734,2.011056,0.047197
0.725339,-0.350027,-0.019155,0.616194,-0.099823,0.174651,0.020642,-0.240251,0.457778,2.566791,0.708929,0.040894
0.734813,-0.620605,0.138837,2.027402,-0.280444,0.143627,-0.068429,-0.270578,0.157992,1.411208,2.124802,0.103960
0.738045,-0.001572,-0.048002,0.548621,-0.405581,-0.074484,-0.079710,0.619033,-0.186839,-1.478781,0.550719,0.176397
0.732881,0.595420,-0.167907,-1.419487,-0.221553,-0.369472,-0.030927,0.596992,-0.119905,-1.968108,1.548438,0.186552
0.721055,0.274991,-0.049598,-1.928232,0.151607,-0.550369,-0.019278,-0.320429,0.118309,-0.508745,1.948373,0.326262
0.708360,-0.152450,-0.097896,-0.934979,0.415365,-0.650377,0.016702,-0.427441,-0.048298,0.993253,0.952371,0.595797
0.705081,0.591622,-0.437087,0.047700,0.448381,-0.675904,0.144125,0.744072,-0.339191,0.982679,0.737114,0.678664
0.716103,1.960330,-0.496901,-0.234047,0.423456,-0.307536,0.304574,1.368708,-0.059814,-0.281747,2.035825,0.366659
0.736888,1.683555,-0.144279,0.386321,0.352848,0.535847,0.382606,-0.276775,0.352622,0.620368,1.733326,0.558021
0.762548,-0.894349,0.154019,3.891968,-0.135654,1.183093,0.227350,-2.577904,0.298298,3.505647,3.996373,1.469799
0.785918,-2.747034,0.393415,5.432780,-0.944239,1.007323,-0.084626,-1.852685,0.239396,1.540812,6.100497,1.913448
0.792870,-1.755593,0.401434,0.278036,-1.129757,0.375703,-0.216019,0.991441,0.008019,-5.154744,1.822240,1.464168
0.779457,-0.985282,-0.613554,-5.609838,-0.289487,0.046116,-0.262739,0.770311,-1.014988,-5.887874,5.728657,0.154961
0.761354,-2.560829,-1.964830,-4.720225,0.645497,0.154563,-0.621731,-1.575547,-1.351276,0.889613,5.718297,0.827106
0.752491,-2.976058,-1.639496,-0.127875,0.819711,0.451404,-0.950021,-0.415229,0.325334,4.592350,3.400179,1.778232
0.751883,-0.644033,0.277374,2.640126,0.472617,0.762666,-0.696209,2.332025,1.916870,2.768001,2.731663,1.289733
0.754767,1.172995,1.752297,3.798836,0.086311,0.825131,-0.257479,1.817028,1.474923,1.158710,4.344838,0.754586
0.757090,1.323874,1.876383,3.497307,-0.224353,0.471473,-0.105179,0.150879,0.124086,-0.301529,4.183851,0.283684
0.753982,0.749682,0.897590,0.808408,-0.341467,0.003053,0.060886,-0.574192,-0.978793,-2.688899,1.421694,0.120316
0.747646,-0.683330,-0.523264,-1.660215,-0.178163,-0.186841,0.296247,-1.433012,-1.420854,-2.468623,1.870042,0.154414
0.745044,-1.396333,-0.938184,-1.437893,0.037459,-0.103026,0.210642,-0.713003,-0.414920,0.222322,2.213023,0.056388
0.743947,-0.124862,-0.009947,-0.018305,0.072148,-0.010636,-0.005321,1.271471,0.928237,1.419588,0.126588,0.005347
0.737323,0.344529,0.508260,0.865633,-0.014295,-0.092135,0.061896,0.469391,0.518207,0.883938,1.061296,0.012524
0.727602,-0.870007,0.049666,1.196598,-0.093457,-0.297573,0.167168,-1.214536,-0.458594,0.330965,1.480279,0.125229
0.721886,-0.555223,-0.015957,0.822036,-0.163158,-0.428124,0.045953,0.314784,-0.065623,-0.374562,0.992104,0.212022
0.720817,0.955122,0.205809,-0.232950,-0.233993,-0.365040,0.013517,1.510345,0.221766,-1.054986,1.004431,0.188190
0.721564,0.343083,-0.417769,-0.919088,-0.248041,-0.172702,0.212883,-0.612039,-0.623578,-0.686138,1.066283,0.136669
0.724417,-1.267230,-1.059590,-0.590783,-0.187457,-0.017485,0.272368,-1.610313,-0.641821,0.328305,1.754317,0.109630
0.732253,-0.826790,-0.713568,-0.002492,-0.134383,-0.008987,0.095322,0.440440,0.346022,0.588291,1.092139,0.027226
0.745612,0.700052,-0.384146,-0.156841,-0.117828,-0.030748,0.074849,1.526842,0.329422,-0.154349,0.813781,0.020431
0.758639,0.915315,-0.564735,-0.814014,-0.032136,0.125083,0.326446,0.215263,-0.180589,-0.657173,1.348831,0.123245
0.764000,-0.213956,-0.258489,-0.668800,0.139926,0.377312,0.483261,-1.129271,0.306246,0.145214,0.748256,0.395485
0.762173,-1.505825,0.423341,0.646377,0.211810,0.446028,0.336963,-1.291869,0.681830,1.315177,1.692492,0.357349
0.757439,-2.194921,0.465458,1.416457,0.095324,0.300791,0.017006,-0.689096,0.042117,0.770080,2.653428,0.099851
0.747634,-1.933838,0.175736,0.299515,-0.010662,0.110554,-0.399319,0.261083,-0.289722,-1.116942,1.964770,0.171792
0.729733,-0.270881,0.476578,-0.945870,0.067314,-0.083755,-0.780354,1.662957,0.300842,-1.245385,1.093240,0.620498
0.710064,2.592057,1.204686,0.055573,0.199169,-0.301114,-0.702352,2.862938,0.728108,1.001443,2.858866,0.623636
0.696844,4.096085,1.358372,2.140639,0.142805,-0.466035,-0.079704,1.504028,0.153686,2.085066,4.817201,0.243935
0.689524,2.077239,0.410981,2.163100,-0.131863,-0.506137,0.418155,-2.018846,-0.947391,0.022461,3.027016,0.448416
0.686576,-0.791592,-0.757500,-0.245177,-0.374306,-0.397265,0.318274,-2.868831,-1.168481,-2.408277,1.122736,0.399223
0.695682,-0.894681,-0.886363,-2.028488,-0.339132,-0.103273,0.020159,-0.103089,-0.128863,-1.783311,2.387647,0.126082
0.722092,0.380667,-0.291517,-0.786630,-0.199831,0.315966,-0.040345,1.275348,0.594846,1.241858,0.921236,0.141395
0.752495,0.295201,-0.134981,1.428864,-0.352541,0.583276,0.012645,-0.085466,0.156536,2.215494,1.465270,0.464656
0.767492,-0.339466,-0.386367,0.479911,-0.640788,0.499438,0.051411,-0.634667,-0.251386,-0.948953,0.703442,0.662691
0.766324,-0.051119,-0.353302,-2.898238,-0.483710,0.290227,0.158563,0.288347,0.033065,-3.378149,2.920140,0.343349
0.762043,0.547026,-0.013351,-3.595136,0.034696,0.194001,0.247970,0.598145,0.339951,-0.696898,3.636539,0.100329
0.759597,0.688887,0.271225,-0.992998,0.264053,-0.032769,0.205821,0.141861,0.284576,2.602138,1.238618,0.113160
0.756626,0.463845,0.196388,0.477258,0.188025,-0.517091,0.152377,-0.225042,-0.074837,1.470256,0.693899,0.325955
0.755193,0.103447,-0.147448,-0.092381,0.247515,-0.729342,0.142223,-0.360398,-0.343836,-0.569639,0.202426,0.613431
0.756236,-0.083456,-0.059370,0.000742,0.317367,-0.339102,0.081806,-0.186903,0.088078,0.093123,0.102422,0.222404
0.754398,-0.351913,0.266560,0.211062,0.181503,0.173954,0.000450,-0.268457,0.325930,0.210320,0.489330,0.063204
0.749156,-1.431234,-0.665242,-1.710773,0.255760,0.420183,-0.121117,-1.079321,-0.931802,-1.921835,2.327600,0.256636
0.746695,-2.124809,-2.344941,-3.727086,0.669909,0.599795,-0.413480,-0.693575,-1.679699,-2.016313,4.889247,0.979498
0.746458,-0.265439,-1.900338,-2.189455,0.795333,0.736621,-0.633048,1.859370,0.444603,1.537631,2.911264,1.575915
0.742966,2.443124,0.709732,1.469637,0.492049,0.570388,-0.379761,2.708563,2.610070,3.659092,2.938096,0.711673
0.738641,2.166122,2.259944,3.306783,0.293675,0.198827,0.132660,-0.277002,1.550212,1.837146,4.553487,0.143376
0.736869,-0.151420,1.981463,3.962993,0.130244,-0.188231,0.413487,-2.317542,-0.278481,0.656210,4.433333,0.223366
0.731967,-0.861705,1.561644,5.415821,-0.333560,-0.611824,0.436588,-0.710285,-0.419819,1.452828,5.701963,0.676200
0.721596,-0.600220,0.777582,4.669019,-0.577360,-0.742088,0.314476,0.261485,-0.784062,-0.746802,4.771230,0.982934
0.713692,-1.249408,-0.763489,0.094660,-0.162149,-0.228048,-0.009232,-0.649188,-1.541071,-4.574359,1.467275,0.078383
0.711632,-0.895381,-1.119043,-2.651744,0.299348,0.367513,-0.307899,0.354027,-0.355554,-2.746404,3.014251,0.319477
0.709694,0.981120,0.227297,-0.205288,0.275618,0.339194,-0.230088,1.876501,1.346340,2.446456,1.027815,0.243958
0.705477,1.084767,1.010564,2.297610,0.073410,-0.011272,0.017763,0.103647,0.783267,2.502898,2.734405,0.005832
0.701760,-0.556291,0.482719,1.136995,0.010787,-0.127998,0.009491,-1.641058,-0.527845,-1.160615,1.354708,0.016590
0.697557,-0.601491,0.126543,-0.514028,0.005706,-0.126694,-0.147822,-0.045200,-0.356176,-1.651023,0.801267,0.037935
0.689057,0.535048,0.452700,-0.006872,-0.045898,-0.229588,-0.120955,1.136539,0.326157,0.507156,0.700900,0.069447
0.678664,0.612499,0.668153,1.364520,-0.182882,-0.290356,0.045087,0.077451,0.215453,1.371392,1.638139,0.119785
0.673668,0.167664,0.252953,1.897878,-0.409435,-0.247345,0.135234,-0.444835,-0.415200,0.533358,1.921988,0.247105
0.676199,-0.260973,-0.548231,0.838511,-0.559349,-0.260636,0.110023,-0.428637,-0.801184,-1.059367,1.035261,0.392907
0.684298,-0.819808,-0.949604,-1.121857,-0.464643,-0.313763,0.036471,-0.558835,-0.401373,-1.960368,1.682972,0.315670
0.699213,-0.124228,-0.678845,-1.975926,-0.237573,-0.223786,0.037285,0.695580,0.270759,-0.854069,2.092976,0.107911
0.719129,1.489190,-0.440494,-1.419482,-0.071100,0.011374,0.202587,1.613418,0.238351,0.556444,2.103961,0.046226
0.733636,1.239908,-0.462061,-0.813871,0.034524,0.237915,0.365121,-0.249282,-0.021567,0.605611,1.553467,0.191109
0.736953,-0.490495,-0.217102,-0.314361,0.116961,0.395682,0.312810,-1.730403,0.244959,0.499510,0.621725,0.268094
0.735291,-1.413832,0.057609,0.137873,0.151069,0.475019,0.140324,-0.923337,0.274711,0.452234,1.421706,0.268156
0.731936,-2.485233,-0.162114,-0.111008,0.180505,0.375535,-0.093271,-1.071401,-0.219723,-0.248881,2.492988,0.182308
0.719523,-3.473441,-0.189428,-0.421714,0.228230,0.080052,-0.553726,-0.988208,-0.027314,-0.310706,3.504072,0.365110
0.696032,-0.454472,0.724979,0.279172,0.203604,-0.183696,-0.939421,3.018969,0.914407,0.700886,0.900042,0.957711
0.674642,4.804523,1.639525,1.416043,0.083038,-0.259978,-0.584531,5.258995,0.914546,1.136871,5.270357,0.416160
0.668309,4.559492,1.133968,1.925998,-0.077872,-0.309867,0.252697,-0.245031,-0.505557,0.509955,5.077826,0.165937
0.676597,-0.878985,-0.346933,1.562313,-0.263552,-0.381068,0.545308,-5.438477,-1.480901,-0.363685,1.825869,0.512033
0.695020,-3.186836,-1.076465,0.776487,-0.409103,-0.174290,0.162766,-2.307851,-0.729532,-0.785826,3.452192,0.224235
0.721619,-0.991145,-0.683030,0.316845,-0.450038,0.308549,-0.126263,2.195691,0.393435,-0.459642,1.244704,0.313679
0.747005,0.193513,-0.191672,0.223786,-0.475285,0.531884,-0.105055,1.184658,0.491358,-0.093059,0.352513,0.519833
0.756469,-0.439096,-0.060289,-0.363664,-0.497122,0.305980,-0.102457,-0.632609,0.131383,-0.587450,0.573316,0.351251
0.748799,-0.496244,-0.303114,-1.814028,-0.301400,0.096181,-0.116926,-0.057148,-0.242825,-1.450364,1.904950,0.113764
0.736936,-0.590501,-0.888163,-2.943723,0.182632,0.130233,-0.072825,-0.094257,-0.585049,-1.129695,3.130979,0.055619
0.728942,-0.596726,-0.771328,-2.040277,0.674913,0.116884,-0.122074,-0.006225,0.116835,0.903446,2.261362,0.484071
0.722264,1.038697,0.634854,0.636666,0.836923,-0.038817,-0.116994,1.635423,1.406182,2.676943,1.373781,0.715634
0.713914,1.973591,1.576365,2.818861,0.557896,-0.160294,0.205356,0.934894,0.941511,2.182195,3.784966,0.379113
0.707017,0.038399,0.708657,2.933670,0.034362,-0.250618,0.510258,-1.935192,-0.867708,0.114809,3.018292,0.324353
0.710532,-1.285072,-0.565473,0.972376,-0.339788,-0.247605,0.400033,-1.323471,-1.274130,-1.961294,1.707830,0.336791
0.731535,-0.084638,-0.765520,-1.364981,-0.369579,0.096857,0.159559,1.200434,-0.200047,-2.337357,1.567277,0.171429
0.761206,0.054360,-0.232320,-1.044599,-0.326279,0.551904,0.086955,0.138998,0.533200,0.320382,1.071501,0.418617
0.776461,-1.680585,0.145290,1.041043,-0.509254,0.542862,-0.005409,-1.734945,0.377610,2.085642,1.982232,0.554068
0.765587,-1.944184,-0.305185,-0.620110,-0.619362,0.164230,-0.157784,-0.263599,-0.450475,-1.661153,2.063377,0.435477
0.742982,-0.272902,-1.192284,-5.426423,-0.105411,-0.024428,-0.205788,1.671282,-0.887099,-4.806313,5.562561,0.054057
0.727493,1.652416,-0.702534,-5.334492,0.809274,-0.006117,-0.209047,1.925318,0.489750,0.091931,5.628573,0.698662
0.717883,3.281481,1.352398,0.901165,1.175578,-0.108072,-0.108209,1.629065,2.054932,6.235657,3.661857,1.405372
0.706303,3.079479,2.414529,5.704832,0.619980,-0.304843,0.258702,-0.202002,1.062131,4.803667,6.917966,0.544231
0.703126,0.542617,1.445683,5.362832,-0.186711,-0.343751,0.538091,-2.536862,-0.968846,-0.342000,5.580717,0.442568
0.723014,-0.862087,0.230110,2.444025,-0.588316,-0.078510,0.371521,-1.404704,-1.215573,-2.918807,2.601808,0.490307
0.755855,0.015765,-0.270577,-0.311796,-0.631674,0.372991,0.102335,0.877852,-0.500687,-2.755821,0.413131,0.548607
0.777442,-0.148692,-0.384982,-1.241413,-0.546054,0.598741,0.044946,-0.164457,-0.114405,-0.929617,1.308215,0.658686
0.780304,-1.341739,-0.102233,-0.646847,-0.389563,0.388343,-0.004381,-1.193047,0.282749,0.594566,1.493026,0.302589
0.774682,-1.078846,-0.294148,-1.987613,-0.186132,0.110349,-0.143379,0.262893,-0.191915,-1.340766,2.280578,0.067380
0.769148,-0.649142,-1.839560,-6.472180,0.264743,0.185869,-0.299194,0.429704,-1.545412,-4.484567,6.759769,0.194153
0.762795,-0.413879,-2.434151,-7.876339,1.132657,0.506908,-0.489614,0.235263,-0.594591,-1.404159,8.254278,1.779589
0.750381,1.772139,0.087038,-0.697606,1.690910,0.565133,-0.449037,2.186018,2.521189,7.178733,1.906491,3.380186
0.729928,2.852393,2.574300,7.702379,1.041071,0.060364,0.076468,1.080254,2.487262,8.399985,8.607544,1.093320
0.706290,-0.660368,1.383549,6.021386,-0.200809,-0.554628,0.537549,-3.512761,-1.190751,-1.680993,6.213484,0.636895
0.687849,-3.526140,-1.157973,-1.987016,-0.680226,-0.560416,0.351174,-2.865772,-2.541522,-8.008402,4.209845,0.900097
0.679160,-1.505434,-1.277120,-4.688642,-0.282592,-0.113952,-0.039054,2.020706,-0.119147,-2.701626,5.087311,0.094369
0.677267,0.332896,0.432959,-1.414192,0.253796,0.013562,-0.046539,1.838330,1.710079,3.274450,1.515986,0.066762
0.676743,-1.069712,1.720113,2.244264,0.549838,-0.278645,0.110313,-1.402608,1.287154,3.658456,3.023209,0.392134
0.673191,-1.657563,1.630945,4.009600,0.431921,-0.501865,0.092167,-0.587851,-0.089168,1.765336,4.635126,0.446919
0.659833,-0.188332,0.119799,1.805607,-0.002802,-0.493861,-0.044796,1.469231,-1.511146,-2.203993,1.819351,0.245913
0.634762,0.594075,-1.157065,-2.881506,-0.145237,-0.364632,-0.187799,0.782407,-1.276864,-4.687113,3.161456,0.189319
0.612416,0.690631,-0.338561,-3.177924,0.131860,-0.154628,-0.226341,0.096556,0.818504,-0.296418,3.269678,0.092527
0.608230,1.128620,1.049033,0.666198,0.178016,0.027531,-0.090547,0.437989,1.387594,3.844122,1.678712,0.040646
0.615251,0.917775,0.644517,1.483319,-0.128792,0.073026,0.018475,-0.210845,-0.404516,0.817121,1.859556,0.022262
0.615160,0.062223,-0.347532,-0.394758,-0.230719,0.039709,-0.055384,-0.855552,-0.992049,-1.878077,0.529607,0.057875
0.604964,-0.123514,-0.056610,-0.040585,-0.076391,-0.026070,-0.120783,-0.185737,0.290922,0.354173,0.141801,0.021104
0.596513,0.170308,0.471156,1.027339,-0.070435,-0.107919,-0.049079,0.293822,0.527766,1.067924,1.142987,0.019016
0.595929,0.145700,0.050116,-0.093060,-0.196444,-0.074938,0.009413,-0.024608,-0.421040,-1.120399,0.180001,0.044295
0.596426,0.007620,-0.437579,-1.222060,-0.184747,0.107882,-0.025012,-0.138080,-0.487695,-1.129000,1.298062,0.046396
0.591137,-0.087587,-0.301220,-0.546387,-0.071363,0.233558,-0.063840,-0.095207,0.136359,0.675673,0.630035,0.063718
0.583823,-0.255217,-0.064405,0.305901,-0.029870,0.157796,-0.053746,-0.167630,0.236815,0.852288,0.403558,0.028680
0.581820,-0.205372,-0.002081,0.281688,-0.063506,-0.009384,-0.009945,0.049845,0.062324,-0.024213,0.348612,0.004220
0.585684,0.071048,0.080838,-0.057040,-0.102138,-0.086448,0.024140,0.276420,0.082919,-0.338728,0.121804,0.018488
0.592313,0.169148,0.136696,-0.367378,-0.120422,-0.022804,0.006041,0.098100,0.055858,-0.310338,0.426923,0.015058
0.599736,0.159662,0.076586,-0.450191,-0.105842,0.063214,-0.032122,-0.009486,-0.060110,-0.082813,0.483766,0.016230
0.604513,0.281801,0.073045,-0.203575,-0.067784,0.035756,-0.029921,0.122139,-0.003541,0.246616,0.355233,0.006768
0.604651,0.348718,0.261224,0.048362,-0.054448,-0.090914,0.012295,0.066917,0.188179,0.251937,0.438385,0.011381
0.604070,0.345843,0.435430,0.284382,-0.096636,-0.221154,0.087823,-0.002875,0.174206,0.236020,0.624564,0.065960
0.606240,0.560923,0.255673,0.481352,-0.161138,-0.248076,0.178796,0.215080,-0.179757,0.196970,0.782114,0.119475
0.612762,0.567764,-0.142062,0.282172,-0.191614,-0.072373,0.182197,0.006841,-0.397735,-0.199180,0.649737,0.075150
0.629421,-0.224091,-0.266919,0.215463,-0.208551,0.132285,0.067319,-0.791855,-0.124857,-0.066709,0.409740,0.065525
0.656438,-0.612678,-0.279417,0.458488,-0.266259,0.026131,0.022955,-0.388587,-0.012498,0.243025,0.814653,0.072104
0.679763,0.715150,-0.658993,-0.547004,-0.257417,-0.207253,0.178849,1.327828,-0.379576,-1.005492,1.115762,0.141204
0.690046,1.834375,-0.840658,-2.308828,-0.023984,-0.055461,0.345699,1.119225,-0.181665,-1.761824,3.066321,0.123159
0.694060,0.404796,-0.185964,-1.655927,0.282854,0.349832,0.307482,-1.429579,0.654694,0.652901,1.714799,0.296934
0.695172,-2.150100,0.360422,1.008580,0.357839,0.456659,0.098193,-2.554896,0.546386,2.664507,2.402097,0.346228
0.686298,-3.344095,0.011239,1.830550,0.231347,0.205008,-0.244186,-1.193995,-0.349183,0.821970,3.812350,0.155177
0.667001,-2.405431,-0.098596,0.503814,0.159148,-0.128811,-0.703583,0.938664,-0.109835,-1.326736,2.459603,0.536949
0.644320,0.726734,0.847927,0.163443,0.145791,-0.414663,-0.882183,3.132165,0.946523,-0.340371,1.128643,0.971447
0.622287,4.106557,1.626379,1.600256,-0.018210,-0.583494,-0.365358,3.379823,0.778452,1.436813,4.697844,0.474283
0.609993,4.235422,1.123796,2.287898,-0.321556,-0.601007,0.376553,0.128865,-0.502583,0.687642,4.943298,0.606400
0.624356,1.559279,0.036190,0.558419,-0.465221,-0.439599,0.491816,-2.676143,-1.087606,-1.729479,1.656651,0.651561
0.666079,0.024857,-0.500075,-1.209017,-0.355568,0.029405,0.097147,-1.534422,-0.536265,-1.767436,1.308593,0.136731
0.710452,0.156044,-0.408092,-0.017971,-0.335038,0.624614,-0.081871,0.131187,0.091983,1.191046,0.437278,0.509096
0.735851,-0.557345,-0.218494,1.947057,-0.579079,0.758628,-0.019738,-0.713389,0.189598,1.965028,2.037009,0.911239
0.741726,-1.425035,-0.112248,0.546195,-0.696683,0.348332,-0.077450,-0.867690,0.106246,-1.400862,1.530246,0.612701
0.733852,-0.297522,-0.158248,-3.013239,-0.337261,0.015242,-0.120871,1.127513,-0.046000,-3.559434,3.032024,0.128587
0.716695,0.626038,-0.644891,-4.495416,0.306766,0.014455,-0.041236,0.923560,-0.486643,-1.482177,4.584384,0.096015
0.697907,-0.956003,-1.074937,-2.842204,0.822318,-0.006569,-0.138403,-1.582041,-0.430046,1.653212,3.185523,0.695405
0.680034,-1.442247,-0.158498,0.400918,0.931915,-0.147636,-0.291929,-0.486244,0.916439,3.243122,1.505302,0.975484
0.661281,1.413031,1.680856,3.349821,0.576901,-0.213504,-0.010087,2.855278,1.839354,2.948903,4.005401,0.378500
0.653188,2.653688,1.969866,3.856318,0.004110,-0.262530,0.465809,1.240657,0.289010,0.506497,5.078742,0.285917
0.671154,-0.097875,0.151623,1.532529,-0.360000,-0.310248,0.494458,-2.751563,-1.818243,-2.323789,1.543118,0.470343
0.706192,-2.007168,-1.211059,-0.853915,-0.309842,-0.075565,0.225357,-1.909293,-1.362682,-2.386444,2.494906,0.152498
0.733913,-1.340841,-0.758293,-0.760427,-0.089884,0.346183,0.139767,0.666327,0.452766,0.093488,1.717880,0.147457
0.744999,-1.441393,0.017858,1.029434,-0.115508,0.428572,0.095380,-0.100552,0.776151,1.789861,1.771346,0.206113
0.745317,-2.187364,0.050507,1.761817,-0.389946,0.175860,-0.127102,-0.745971,0.032649,0.732383,2.809112,0.199140
0.739875,-1.523149,-0.380976,-0.188430,-0.453281,0.141131,-0.305353,0.664215,-0.431483,-1.950247,1.581339,0.318622
0.731804,-0.909586,-1.079612,-3.100864,-0.110936,0.439596,-0.381146,0.613563,-0.698636,-2.912434,3.407091,0.350824
0.724337,-0.993784,-1.224709,-3.165415,0.263518,0.683924,-0.529426,-0.084198,-0.145097,-0.064551,3.536576,0.817486
0.718236,0.283953,0.193397,0.343671,0.349661,0.691186,-0.566201,1.277737,1.418106,3.509086,0.485944,0.920584
0.714483,1.901030,1.848250,3.563247,0.192861,0.532256,-0.255269,1.617077,1.654853,3.219576,4.441472,0.385654
0.715062,0.973106,1.562630,3.517323,-0.094891,0.275538,0.088447,-0.927924,-0.285620,-0.045924,3.969926,0.092748
0.717870,-0.933108,0.060021,1.456773,-0.341360,0.084225,0.082521,-1.906214,-1.502609,-2.060550,1.731035,0.130430
0.719002,-0.595262,-0.351334,-0.122926,-0.320674,0.082333,-0.067255,0.337846,-0.411355,-1.579699,0.702056,0.114134
0.718812,0.858162,0.436800,-0.326356,-0.158418,0.090577,-0.003604,1.453424,0.788134,-0.203430,1.016732,0.033313
0.718371,0.697724,0.799741,0.320464,-0.192728,-0.054043,0.145630,-0.160438,0.362941,0.646820,1.108649,0.061273
0.716587,-0.556249,0.222537,0.812033,-0.368413,-0.213128,0.099146,-1.253973,-0.577204,0.491569,1.009125,0.190982
0.716174,-0.999464,-0.457035,0.285421,-0.380483,-0.275274,-0.049568,-0.443215,-0.679572,-0.526612,1.135462,0.223000
0.720219,-0.506673,-0.692988,-1.392590,-0.171973,-0.336201,-0.080839,0.492791,-0.235953,-1.678011,1.635927,0.149141
0.720371,0.099841,-0.637958,-2.712996,0.141478,-0.485623,0.005954,0.606514,0.055030,-1.320406,2.788782,0.255881
0.706914,0.546905,-0.483592,-1.717849,0.431898,-0.671439,0.161641,0.447064,0.154366,0.995147,1.866540,0.663494
0.691309,1.065105,-0.387485,0.383084,0.540868,-0.623921,0.382417,0.518200,0.096107,2.100933,1.196389,0.828058
0.696021,1.659258,-0.440176,0.610551,0.440730,-0.066324,0.557233,0.594153,-0.052691,0.227467,1.821995,0.509150
0.722210,1.451930,-0.291371,-0.111132,0.235065,0.735139,0.537740,-0.207328,0.148805,-0.721683,1.485041,0.884849
0.749595,-0.136380,0.271523,1.109658,-0.062849,1.128050,0.324852,-1.588310,0.562894,1.220790,1.150506,1.381976
0.765504,-1.855339,0.706283,2.895467,-0.411751,0.895771,0.035450,-1.718959,0.434760,1.785809,3.510676,0.973201
0.773302,-2.362504,0.638990,2.072278,-0.582219,0.317041,-0.228629,-0.507165,-0.067293,-0.823189,3.206878,0.491765
0.775138,-1.842235,0.342410,-0.639489,-0.429218,-0.307935,-0.394440,0.520269,-0.296580,-2.711767,1.979904,0.434635
0.766848,-0.448865,-0.087283,-2.389544,-0.094241,-0.632972,-0.377130,1.393370,-0.429693,-1.750055,2.432903,0.551762
0.752631,1.507606,-0.532923,-2.243642,0.169601,-0.380313,-0.176562,1.956471,-0.445640,0.145902,2.755143,0.204577
0.747859,2.098800,-0.450294,-0.886967,0.183696,0.174286,0.015268,0.591194,0.082629,1.356675,2.322593,0.064353
0.759997,0.519579,0.035880,0.891001,-0.064673,0.465459,0.016876,-1.579221,0.486174,1.777968,1.032053,0.221119
0.777971,-0.849924,0.146172,1.774022,-0.368929,0.360367,-0.082839,-1.369503,0.110292,0.883021,1.972534,0.272835
0.786253,-0.384490,-0.079755,-0.008581,-0.398758,0.135605,-0.097557,0.465434,-0.225927,-1.782603,0.392768,0.186914
0.781981,0.237290,-0.254696,-3.613772,0.022067,0.009115,-0.058852,0.621780,-0.174941,-3.605191,3.630499,0.004034
0.773818,-0.355526,-0.703966,-4.787940,0.628827,-0.007373,-0.114745,-0.592816,-0.449270,-1.174168,4.852457,0.408644
0.766592,-0.780202,-1.395157,-2.606985,0.972426,0.042432,-0.231374,-0.424676,-0.691191,2.180955,3.058030,1.000947
0.755485,0.279143,-1.445823,-1.756656,1.113149,0.190401,-0.218640,1.059345,-0.050666,0.850329,2.292197,1.323157
0.741482,1.779948,-0.363392,-1.837754,1.266435,0.326227,0.004877,1.500805,1.082431,-0.081098,2.584107,1.710305
0.736195,1.912038,1.510540,3.311706,0.861912,0.086327,0.300744,0.132090,1.873932,5.149460,4.111571,0.840792
0.738507,0.314699,2.925759,9.217298,-0.377078,-0.451986,0.438931,-1.597339,1.415219,5.905592,9.675623,0.539140
0.731952,-1.370260,2.153258,5.110425,-1.082599,-0.544873,0.328433,-1.684959,-0.772501,-4.106873,5.712318,1.576775
0.716439,-1.331319,-0.264550,-2.891892,-0.290951,-0.047885,0.128077,0.038941,-2.417808,-8.002317,3.194595,0.103349
0.708980,-0.451036,-1.067269,-1.104197,0.646450,0.165395,0.045816,0.880283,-0.802719,1.787695,1.600546,0.447352
0.710346,-0.765945,0.692303,5.421829,0.435623,-0.222021,0.072466,-0.314909,1.759572,6.526026,5.519256,0.244312
0.706368,-1.361506,1.835835,4.391580,-0.167302,-0.447024,0.057608,-0.595561,1.143532,-1.030249,4.950754,0.231139
0.695123,-0.441405,0.630513,-1.025438,-0.242265,-0.156411,-0.048767,0.920101,-1.205322,-5.417018,1.282150,0.085535
0.684819,0.470644,-0.693244,-2.527779,-0.057872,0.116719,-0.199730,0.912049,-1.323757,-1.502341,2.663036,0.056865
0.676862,-0.386346,-0.457868,-1.067736,0.033389,0.052649,-0.359445,-0.856990,0.235376,1.460043,1.224323,0.133087
0.664662,-1.051821,0.416445,0.236244,0.046219,-0.153596,-0.423833,-0.665475,0.874313,1.303980,1.155667,0.205362
0.640063,0.338401,0.949140,1.637193,-0.105068,-0.397131,-0.238221,1.390222,0.532695,1.400949,1.922442,0.225502
0.604785,1.547117,0.725923,2.196170,-0.367441,-0.631146,0.086644,1.208716,-0.223217,0.558977,2.782750,0.540865
0.580253,0.402193,-0.395823,0.297522,-0.417844,-0.567310,0.193082,-1.144924,-1.121746,-1.898648,0.637930,0.533715
0.589897,-0.894156,-1.252413,-1.807104,-0.244353,-0.141989,0.037604,-1.296349,-0.856590,-2.104626,2.373537,0.081283
0.628543,-0.014938,-0.846426,-0.898786,-0.191039,0.143929,-0.003536,0.879218,0.405987,0.908318,1.234697,0.057224
0.667590,1.222254,-0.333720,1.030699,-0.295944,0.007837,0.233829,1.237192,0.512706,1.929485,1.633283,0.142320
0.689873,0.794460,-0.656501,-0.133239,-0.229262,-0.078296,0.462802,-0.427794,-0.322781,-1.163938,1.039189,0.272877
0.700908,-0.090625,-0.740360,-2.740737,0.059751,0.242975,0.450052,-0.885085,-0.083859,-2.607498,2.840420,0.265154
0.709041,-0.341388,-0.022134,-2.021391,0.224890,0.556632,0.265142,-0.250763,0.718226,0.719346,2.050136,0.430715
0.712499,-1.080452,0.588582,1.104854,0.121359,0.404053,-0.038046,-0.739064,0.610716,3.126245,1.653635,0.179434
0.704329,-2.290825,0.784745,1.946738,-0.006416,-0.068759,-0.439820,-1.210373,0.196163,0.841884,3.107007,0.198211
0.681562,-1.663787,0.802180,0.368876,-0.000954,-0.470174,-0.622522,0.627038,0.017435,-1.577862,1.883547,0.608598
0.654718,0.794581,0.252506,-0.400796,0.022854,-0.591642,-0.305565,2.458368,-0.549674,-0.769672,0.925071,0.443933
0.645634,1.646297,-0.687484,-0.106526,-0.012576,-0.400158,0.151805,0.851716,-0.939990,0.294270,1.787254,0.183329
0.664218,0.134642,-0.891874,-0.244900,-0.071648,0.018352,0.235593,-1.511655,-0.204390,-0.138374,0.934636,0.060974
0.695323,-0.583019,-0.300103,-0.137292,-0.195728,0.425773,0.061666,-0.717661,0.591771,0.107608,0.669942,0.223395
0.718524,0.198478,0.028931,0.866110,-0.421813,0.561138,-0.010639,0.781497,0.329034,1.003402,0.889032,0.492915
0.727676,0.103817,-0.045532,0.875359,-0.582897,0.433726,-0.032933,-0.094661,-0.074463,0.009249,0.882669,0.528972
0.725054,-0.990215,0.119452,-1.025874,-0.471916,0.253891,-0.188684,-1.094032,0.164984,-1.901233,1.430808,0.322767
0.712045,-1.033603,0.370337,-2.272157,-0.154444,0.053070,-0.339468,-0.043388,0.250885,-1.246283,2.523526,0.141908
0.693687,0.199023,0.104939,-1.129812,0.104016,-0.197183,-0.258918,1.232626,-0.265398,1.142345,1.151997,0.116739
0.683359,1.059753,-0.421186,0.281206,0.169449,-0.287687,-0.037105,0.860730,-0.526125,1.411018,1.174543,0.112854
0.692103,0.963939,-0.459675,0.120723,0.118710,-0.120095,0.101678,-0.095814,-0.038489,-0.160483,1.074734,0.038853
0.714179,0.782482,-0.116007,-0.432209,0.068081,0.066946,0.188503,-0.181457,0.343668,-0.552932,0.901410,0.044650
0.733940,0.587078,-0.143613,-0.254491,0.039392,0.150510,0.316140,-0.195404,-0.027606,0.177718,0.655783,0.124149
0.744880,-0.034899,-0.389575,0.216992,-0.029889,0.230028,0.360941,-0.621977,-0.245962,0.471483,0.447294,0.184085
0.750013,-0.265659,-0.035315,0.265971,-0.089947,0.294213,0.283847,-0.230760,0.354260,0.048979,0.377574,0.175221
0.750374,-0.434112,0.379081,-0.753505,0.067495,0.329840,0.164990,-0.168453,0.414396,-1.019476,0.948644,0.140572
0.745432,-2.532822,-0.367632,-2.200200,0.396660,0.469175,-0.185120,-2.098710,-0.746713,-1.446695,3.375088,0.411734
0.737620,-4.491977,-1.258052,-1.990082,0.517771,0.678909,-0.790383,-1.959155,-0.890420,0.210118,5.071585,1.353710
0.729731,-1.623353,-0.270777,0.037081,0.347760,0.701724,-0.987337,2.868624,0.987275,2.027163,1.646199,1.588188
0.723399,3.358029,1.584843,1.880233,0.181131,0.442268,-0.418952,4.981382,1.855620,1.843152,4.162134,0.403930
0.720000,3.073919,1.593234,2.566012,0.066057,0.104916,0.150653,-0.284110,0.008391,0.685779,4.309500,0.038067
0.718715,-1.169156,0.045565,1.844127,-0.108764,-0.076531,0.057791,-4.243075,-1.547669,-0.721885,2.183989,0.021026
0.716675,-1.946932,-0.517817,-0.159611,-0.166112,-0.104851,-0.227636,-0.777776,-0.563382,-2.003738,2.020929,0.090405
0.712853,0.624623,0.243251,-1.213401,-0.013349,-0.157210,-0.154913,2.571555,0.761068,-1.053790,1.386242,0.048891
0.707101,0.891007,0.596841,0.203346,0.049210,-0.292464,-0.032829,0.266384,0.353590,1.416747,1.091541,0.089035
0.697251,-0.838645,0.274424,1.917348,-0.152980,-0.388240,-0.158744,-1.729652,-0.322417,1.714002,2.110653,0.199333
0.685359,-0.447677,0.320435,2.011754,-0.423624,-0.372133,-0.133940,0.390968,0.046011,0.094406,2.085725,0.335880
0.681268,0.884147,0.396094,1.306235,-0.577938,-0.309258,0.218004,1.331824,0.075659,-0.705519,1.626301,0.477179
0.690164,-0.181197,-0.360082,0.250873,-0.583055,-0.253494,0.365668,-1.065344,-0.756176,-1.055362,0.474793,0.537925
0.706625,-1.431452,-1.102539,-1.262646,-0.442883,-0.153466,0.159686,-1.250255,-0.742457,-1.513519,2.204296,0.245197
0.726111,0.115795,-0.916762,-1.976126,-0.242358,0.042121,0.159656,1.547247,0.185777,-0.713480,2.181498,0.086002
0.746417,1.262244,-0.533751,-1.267634,-0.111522,0.228379,0.436254,1.146449,0.383011,0.708492,1.866828,0.254912
0.760316,-0.508437,-0.325932,-0.441672,-0.044372,0.270046,0.470589,-1.770681,0.207819,0.825962,0.748207,0.296348
0.763937,-1.509613,0.268338,-0.444940,0.062468,0.264908,0.277070,-1.001176,0.594270,-0.003268,1.596530,0.150846
0.762674,-0.850150,0.488174,-1.232933,0.224481,0.348538,0.145355,0.659463,0.219836,-0.787993,1.575180,0.192999
0.758434,-2.403122,-0.716665,-2.621333,0.420664,0.402787,-0.196003,-1.552972,-1.204839,-1.388400,3.627670,0.377613
0.747842,-3.699771,-1.770756,-3.383669,0.695303,0.368401,-0.775336,-1.296649,-1.054091,-0.762336,5.317245,1.220311
0.735225,0.518858,-0.677824,-1.540107,0.905661,0.370188,-0.834927,4.218629,1.092932,1.843562,1.760849,1.654364
0.728308,5.257339,1.275892,2.369739,0.640604,0.262302,-0.184460,4.738481,1.953716,3.909846,5.906198,0.513201
0.725650,3.506389,1.769702,4.293618,-0.145605,-0.130196,0.321391,-1.750950,0.493810,1.923879,5.819086,0.141444
0.723402,-0.482367,1.023569,1.393191,-0.814143,-0.411887,0.241848,-3.988756,-0.746133,-2.900427,1.794813,0.890970
0.723379,-0.725579,0.223210,-3.569529,-0.808753,-0.204771,0.038403,-0.243212,-0.800359,-4.962720,3.649360,0.697487
0.725392,0.224059,-0.534167,-5.423605,-0.250234,0.182732,0.036463,0.949638,-0.757377,-1.854076,5.454450,0.097338
0.726508,-0.663076,-0.895386,-3.047794,0.447551,0.339631,0.101174,-0.887135,-0.361219,2.375811,3.245063,0.325887
0.729483,-1.453521,0.073296,0.671793,0.956832,0.205044,0.156811,-0.790445,0.968682,3.719587,1.602935,0.982160
0.735483,-1.087106,1.905079,3.791761,0.996916,-0.196709,0.239497,0.366415,1.831783,3.119968,4.380477,1.089895
0.734414,-1.039686,2.569754,5.541645,0.518179,-0.681634,0.240472,0.047420,0.664675,1.749884,6.196322,0.790961
0.718897,-1.317810,1.044956,3.825883,-0.053219,-0.845648,0.054933,-0.278124,-1.524798,-1.715762,4.179227,0.720970
0.698314,-0.522217,-0.992981,-1.092378,-0.240407,-0.556062,-0.155649,0.795593,-2.037937,-4.918261,1.565890,0.391227
0.686437,0.906594,-1.361904,-3.963434,-0.132741,-0.104818,-0.187679,1.428811,-0.368923,-2.871056,4.287832,0.063830
0.685512,1.100099,-0.442013,-2.096791,-0.108078,0.192257,-0.125071,0.193505,0.919891,1.866643,2.408760,0.064286
0.689787,0.219600,0.147206,0.597011,-0.178813,0.204833,-0.100596,-0.880499,0.589219,2.693802,0.652929,0.084050
0.694292,-0.047099,0.371067,1.378613,-0.188351,-0.029535,-0.036549,-0.266699,0.223861,0.781602,1.428455,0.037684
0.694751,0.004017,0.703030,1.791444,-0.260996,-0.282074,0.046599,0.051116,0.331963,0.412831,1.924458,0.149856
0.688259,-0.436853,0.648446,1.875980,-0.477789,-0.303875,-0.021487,-0.440870,-0.054584,0.084536,2.032394,0.321084
0.680006,-0.046637,0.193029,0.400666,-0.588548,-0.176234,-0.113883,0.390216,-0.455417,-1.475314,0.447178,0.390417
0.680013,1.197543,0.005974,-0.899923,-0.459759,-0.218566,0.022023,1.244180,-0.187055,-1.300589,1.498001,0.259634
0.688341,0.950035,-0.105811,-0.503685,-0.288794,-0.423006,0.211629,-0.247508,-0.111785,0.396238,1.080491,0.307123
0.695960,-0.315974,-0.506720,-0.293316,-0.192771,-0.406502,0.172893,-1.266009,-0.400909,0.210369,0.665311,0.232297
0.701622,-0.071858,-0.619056,-1.107212,-0.099985,-0.087772,0.054611,0.244116,-0.112336,-0.813896,1.270556,0.020683
0.711885,0.790178,-0.202234,-0.963378,-0.033278,0.148382,0.076711,0.862036,0.416822,0.143834,1.262290,0.029009
0.727077,0.336716,0.057403,0.305243,-0.063287,0.116253,0.135428,-0.453462,0.259637,1.268621,0.458090,0.035861
0.741333,-0.276364,-0.084187,0.791126,-0.128956,0.024391,0.127770,-0.613080,-0.141590,0.485883,0.842226,0.033550
0.750131,0.025309,-0.259846,0.300220,-0.146113,-0.017650,0.163490,0.301673,-0.175659,-0.490906,0.397860,0.048390
0.752309,0.294535,-0.400673,-0.556487,-0.066129,-0.027016,0.288864,0.269226,-0.140827,-0.856707,0.746303,0.088545
0.753263,0.194521,-0.435760,-1.594350,0.113162,0.087250,0.364017,-0.100014,-0.035087,-1.037863,1.664235,0.152927
0.759742,-0.117038,-0.077584,-1.111525,0.191361,0.189315,0.279903,-0.311559,0.358176,0.482825,1.120359,0.150805
0.764580,-0.691671,0.358153,1.181719,0.022829,-0.072819,0.119645,-0.574633,0.435737,2.293244,1.415324,0.020139
0.754690,-0.400325,0.344566,1.373453,-0.082482,-0.520176,0.046464,0.291346,-0.013587,0.191734,1.471516,0.279545
0.736066,0.865314,0.190219,-1.410572,0.114509,-0.589156,0.066492,1.265639,-0.154347,-2.784025,1.665733,0.364638
0.726849,0.561961,0.189794,-2.478957,0.285152,-0.269534,0.022700,-0.303353,-0.000425,-1.068385,2.548931,0.154476
0.731420,-1.201094,0.001365,-1.085136,0.260932,0.063665,-0.102582,-1.763055,-0.188429,1.393821,1.618687,0.082662
0.741443,-0.921737,-0.221511,-0.673983,0.318317,0.337528,-0.115307,0.279357,-0.222876,0.411153,1.163151,0.228547
0.748083,0.514549,-0.282102,-0.613027,0.341579,0.539716,-0.048108,1.436286,-0.060591,0.060956,0.848613,0.410284
0.743775,-0.876668,-0.905940,0.228163,0.018835,0.546731,-0.271179,-1.391217,-0.623838,0.841190,1.281145,0.372808
0.730007,-2.805564,-1.729417,-0.661667,-0.268132,0.507802,-0.782862,-1.928896,-0.823477,-0.889830,3.361529,0.942631
0.719941,-0.425832,-0.894970,-2.436395,-0.091127,0.592502,-0.953559,2.379732,0.834447,-1.774728,2.630271,1.268638
0.719443,3.389753,1.299649,-1.115238,0.147398,0.572576,-0.474299,3.815585,2.194619,1.321157,3.797798,0.574529
0.720029,2.931699,2.194166,2.213702,-0.014422,0.279744,0.102677,-0.458054,0.894517,3.328940,4.278984,0.089007
0.717153,-0.236998,1.044370,3.172954,-0.322471,-0.048742,0.230345,-3.168697,-1.149796,0.959252,3.348808,0.159422
0.715334,-1.279839,-0.393017,0.755215,-0.328416,-0.180036,0.076987,-1.042841,-1.437387,-2.417739,1.537140,0.146197
0.714406,-0.330097,-0.970466,-2.311289,-0.012182,-0.135239,0.017497,0.949742,-0.577449,-3.066504,2.528404,0.018744
0.710368,-0.047232,-0.782615,-2.667840,0.284326,-0.045957,0.067028,0.282865,0.187851,-0.356551,2.780663,0.087446
0.705908,-0.284320,-0.124214,-0.142226,0.284909,-0.036415,0.097865,-0.237088,0.658401,2.525614,0.341314,0.092077
0.704198,0.095562,0.419794,1.730658,0.090150,-0.101794,0.111854,0.379882,0.544008,1.872884,1.783406,0.031000
0.701878,0.348138,0.289363,1.049135,-0.012979,-0.108493,0.118078,0.252576,-0.130431,-0.681523,1.142635,0.025882
0.698669,-0.166012,-0.215600,-0.296333,0.065063,-0.024039,0.081370,-0.514150,-0.504963,-1.345468,0.402314,0.011432
0.698095,-0.558640,-0.401681,-0.689520,0.202990,0.040436,0.031277,-0.392628,-0.186081,-0.393187,0.974097,0.043818
0.696141,-0.361612,-0.121601,-0.271155,0.242505,0.040258,0.005143,0.197028,0.280080,0.418365,0.468055,0.060456
0.689000,-0.050210,0.228598,0.511875,0.102310,0.037917,-0.031935,0.311402,0.350199,0.783030,0.562845,0.012925
0.683725,0.249320,0.320986,0.843888,-0.108113,0.062973,-0.082323,0.299530,0.092388,0.332013,0.936664,0.022431
0.683604,0.545146,0.296861,0.349334,-0.204475,0.076682,-0.079862,0.295826,-0.024125,-0.494554,0.712281,0.054068
0.681655,0.571977,0.347425,0.042408,-0.193876,0.045287,-0.017245,0.026831,0.050564,-0.306926,0.670567,0.039936
0.676411,0.242580,0.232031,0.309250,-0.178685,-0.035888,0.016866,-0.329397,-0.115394,0.266842,0.456420,0.033501
0.670699,-0.500779,-0.099170,0.059366,-0.129635,-0.156705,-0.067438,-0.743359,-0.331201,-0.249884,0.513944,0.045910
0.661618,-1.098426,-0.133328,-0.892129,-0.006701,-0.256662,-0.230631,-0.597647,-0.034158,-0.951495,1.421341,0.119111
0.650396,-0.157868,0.236752,-1.163477,0.096285,-0.266832,-0.252465,0.940558,0.370080,-0.271348,1.197770,0.144209
0.642353,1.538222,0.403651,-0.029131,0.062649,-0.236437,-0.010575,1.696090,0.166899,1.134346,1.590569,0.059939
0.634413,1.156375,0.089572,1.314694,-0.113519,-0.208431,0.235511,-0.381847,-0.314079,1.343825,1.753182,0.111795
0.629760,-0.710456,-0.263900,1.427733,-0.310119,-0.079016,0.206545,-1.866831,-0.353472,0.113039,1.616420,0.145078
0.645006,-1.043021,-0.242495,0.721542,-0.400988,0.070675,0.034530,-0.332565,0.021405,-0.706191,1.291247,0.166979
0.676527,-0.331841,-0.080393,0.064519,-0.365022,-0.078711,-0.039199,0.711180,0.162102,-0.657023,0.347483,0.140973
0.697881,0.113954,-0.372642,-1.062610,-0.197172,-0.395007,0.030043,0.445795,-0.292249,-1.127129,1.131807,0.195810
0.704454,1.538307,-1.006842,-2.261584,0.070408,-0.298454,0.248162,1.424353,-0.634200,-1.198974,2.914598,0.155616
0.714561,2.636195,-0.952001,-1.709689,0.235497,0.221805,0.508045,1.097888,0.054841,0.551895,3.283118,0.362766
0.730827,0.467091,0.076035,0.087462,0.160295,0.518722,0.514593,-2.169104,1.028036,1.797151,0.481253,0.559573
0.742000,-2.322360,0.855188,1.125538,-0.014438,0.323587,0.229212,-2.789451,0.779153,1.038076,2.718738,0.157455
0.745310,-1.747342,0.671874,1.317586,-0.117244,0.002048,-0.026302,0.575018,-0.183314,0.192048,2.289247,0.014442
0.742086,0.007877,0.370385,0.696904,-0.087245,-0.118033,-0.106768,1.755219,-0.301489,-0.620682,0.789254,0.032943
0.733912,-0.279900,0.456008,-0.777753,0.026518,-0.034066,-0.171759,-0.287777,0.085623,-1.474657,0.944027,0.031365
0.729227,-1.186071,0.365065,-0.764883,-0.025794,0.132658,-0.283167,-0.906171,-0.090943,0.012870,1.457766,0.098447
0.733939,-0.623936,0.009443,1.075604,-0.311359,0.291787,-0.305279,0.562135,-0.355622,1.840487,1.243507,0.275279
0.742529,0.671529,-0.147368,0.921052,-0.424713,0.404108,-0.181376,1.295465,-0.156811,-0.154552,1.149350,0.376582
0.748943,1.012029,-0.180664,-1.263205,-0.199494,0.356574,-0.051111,0.340500,-0.033296,-2.184257,1.628659,0.169555
0.751277,0.314195,-0.306435,-1.355345,0.010994,-0.044066,-0.011647,-0.697834,-0.125771,-0.092140,1.424634,0.002198
0.744199,0.176621,-0.355031,-0.192288,0.131176,-0.664645,0.056979,-0.137574,-0.048596,1.163057,0.440700,0.462207
0.725825,1.039218,-0.313605,-1.277567,0.369514,-0.887829,0.229918,0.862597,0.041426,-1.085279,1.676454,0.977643
0.710545,1.304866,-0.332361,-2.592009,0.531991,-0.337794,0.333832,0.265648,-0.018756,-1.314442,2.920899,0.508563
0.716820,0.457267,-0.200398,-0.714288,0.319681,0.490629,0.234189,-0.847599,0.131963,1.877721,0.871470,0.397757
0.742810,-0.337546,0.272050,2.532575,-0.138609,0.859370,0.050989,-0.794813,0.472448,3.246863,2.569413,0.760329
0.768474,-0.680348,0.590422,3.427756,-0.552215,0.739294,-0.066231,-0.342802,0.318372,0.895181,3.544148,0.855884
0.780008,-0.886950,0.258539,1.442529,-0.732180,0.535672,-0.133641,-0.206602,-0.331883,-1.985227,1.713013,0.840892
0.779055,-0.586839,-0.158121,-1.171016,-0.583887,0.300621,-0.185540,0.300111,-0.416660,-2.613545,1.319341,0.465722
0.772158,0.453846,0.005758,-2.492147,-0.196902,-0.037903,-0.137752,1.040685,0.163879,-1.321131,2.533142,0.059183
0.763612,0.773587,0.086375,-2.641610,0.229401,-0.171722,-0.031155,0.319741,0.080617,-0.149463,2.753906,0.083084
0.753721,-0.909751,-0.552803,-2.288083,0.559459,0.104695,-0.149262,-1.683338,-0.639178,0.353527,2.523601,0.346235
0.740048,-2.267079,-0.879321,-1.100438,0.679126,0.429757,-0.491151,-1.357328,-0.326518,1.187645,2.669048,0.887133
0.726004,-0.423286,0.109517,0.963859,0.520681,0.436228,-0.578217,1.843793,0.988838,2.064297,1.058390,0.795738
0.718516,2.326827,1.473325,2.760012,0.193256,0.219477,-0.245199,2.750113,1.363808,1.796153,3.899035,0.145641
0.712397,2.138345,1.694290,3.117761,-0.113217,-0.002523,0.043196,-0.188482,0.220965,0.357749,4.142894,0.014690
0.698066,0.230180,0.762105,1.632571,-0.271493,-0.134899,0.013304,-1.908165,-0.932185,-1.485190,1.816336,0.092083
0.683019,-0.155847,-0.100126,-0.825446,-0.228167,-0.110418,-0.052376,-0.386027,-0.862231,-2.458017,0.845976,0.066996
0.678410,0.611147,-0.198912,-1.942725,-0.076005,-0.002256,0.048230,0.766994,-0.098786,-1.117279,2.046276,0.008108
0.677331,0.390963,-0.042729,-0.462630,-0.032419,-0.021190,0.136721,-0.220184,0.156183,1.480095,0.607210,0.020193
0.674724,-0.750110,-0.176719,1.522657,-0.168879,-0.130771,0.069318,-1.141073,-0.133990,1.985287,1.706569,0.050426
0.683867,-1.126100,-0.362905,1.494611,-0.327475,-0.104671,-0.044449,-0.375990,-0.186186,-0.028046,1.906217,0.120172
0.707695,-0.209652,-0.375464,0.219053,-0.368563,-0.054349,-0.059889,0.916448,-0.012559,-1.275558,0.482609,0.142379
0.726374,0.870336,-0.469621,-0.583082,-0.285678,-0.227173,0.051422,1.079988,-0.094157,-0.802135,1.148048,0.135864
0.730773,1.362696,-0.679097,-1.431570,-0.104961,-0.357101,0.238372,0.492360,-0.209476,-0.848488,2.089858,0.195359
0.734258,1.612195,-0.634207,-2.352722,0.109486,-0.038101,0.404155,0.249499,0.044890,-0.921152,2.921762,0.176780
0.745480,1.210268,-0.201729,-1.175411,0.186189,0.517068,0.432724,-0.401927,0.432478,1.177311,1.699127,0.489276
0.759735,-0.457792,0.318205,1.681387,-0.033068,0.871957,0.256521,-1.668060,0.519934,2.856798,1.771409,0.827206
0.773871,-1.673646,0.586595,2.419779,-0.459041,0.985088,-0.063408,-1.215854,0.268390,0.738392,3.000086,1.185138
0.786689,-1.218686,0.522525,0.645759,-0.754216,0.828854,-0.347422,0.454960,-0.064070,-1.774020,1.474867,1.376543
0.792032,-1.191403,0.260186,-0.571315,-0.641225,0.247840,-0.436688,0.027283,-0.262339,-1.217074,1.346677,0.663291
0.786326,-1.471566,-0.051877,-1.563648,-0.133452,-0.383561,-0.273244,-0.280163,-0.312063,-0.992333,2.147834,0.239591
0.774557,0.753689,-0.441252,-4.003536,0.536197,-0.398362,0.048392,2.225255,-0.389375,-2.439888,4.097688,0.448541
0.761784,2.482431,-1.084894,-5.706918,1.117904,0.139560,0.180939,1.728742,-0.643642,-1.703382,6.317307,1.301925
0.749772,-0.612490,-1.679249,-4.742694,1.461882,0.599812,-0.130367,-3.094921,-0.594355,0.964224,5.068350,2.513869
0.741849,-3.267045,-1.129804,-1.238464,1.392961,0.601590,-0.478937,-2.654555,0.549445,3.504230,3.672034,2.531632
0.736686,0.172467,0.720658,4.573788,0.760249,0.074623,-0.236345,3.439512,1.850462,5.812252,4.633425,0.639406
0.725763,4.202768,1.700281,7.496887,-0.028771,-0.644688,0.396520,4.030301,0.979623,2.923099,8.761137,0.573678
0.710177,2.733222,0.351534,2.112947,-0.206955,-0.850914,0.594950,-1.469546,-1.348747,-5.383940,3.472553,1.120851
0.701273,-0.528007,-0.834346,-3.904032,0.183840,-0.546731,0.219437,-3.261229,-1.185880,-6.016979,4.026958,0.380865
0.699188,-0.403797,0.649416,-1.306974,0.374429,-0.543068,0.003637,0.124210,1.483762,2.597058,1.514257,0.435133
0.696215,1.062324,2.330643,2.934296,0.278125,-0.877554,0.229420,1.466121,1.681227,4.241270,3.894935,0.900088
0.694851,-0.061955,1.539441,0.720900,0.496115,-0.763702,0.340274,-1.124279,-0.791202,-2.213396,1.701004,0.945157
0.698038,-1.961604,1.214912,-1.469603,0.886848,-0.279324,0.211790,-1.899649,-0.324529,-2.190503,2.735623,0.909376
0.697712,-1.233227,3.029682,2.014877,0.578405,-0.286796,0.336782,0.728377,1.814770,3.484480,3.841816,0.530226
0.689378,0.126684,1.863705,5.107433,-0.284685,-0.744365,0.529805,1.359911,-1.165977,3.092556,5.438319,0.915818
0.679332,-0.611498,-3.294305,3.299835,-0.436858,-0.737561,0.204761,-0.738182,-5.158010,-1.807598,4.702689,0.776768
0.672274,-1.227247,-4.484956,1.100853,0.254249,-0.154633,-0.248697,-0.615749,-1.190651,-2.198982,4.778372,0.150404
0.668024,0.186456,0.187215,1.991389,0.511026,0.146974,-0.122008,1.413703,4.672171,0.890536,2.008842,0.297635
0.666986,1.369284,2.489493,2.912651,0.070122,-0.088544,0.255567,1.182828,2.302278,0.921262,4.068913,0.078072
0.666510,0.652934,0.173058,1.865248,-0.168395,-0.252655,0.241538,-0.716350,-2.316435,-1.047403,1.983790,0.150532
0.660661,-0.476717,-0.711142,1.435133,-0.172198,-0.179214,0.009004,-1.129651,-0.884200,-0.430115,1.671104,0.061851
0.652014,-0.565274,0.724653,1.989480,-0.424398,-0.235660,-0.020636,-0.088557,1.435795,0.554347,2.191503,0.236075
0.650285,-0.204152,0.483655,0.481462,-0.562319,-0.346788,0.014099,0.361122,-0.240998,-1.508018,0.712324,0.436663
0.655048,-0.287658,-0.976387,-2.398696,-0.236751,-0.227225,-0.169498,-0.083506,-1.460042,-2.880158,2.605729,0.136412
0.656176,-0.195595,-0.794431,-2.467429,0.070391,-0.111661,-0.355355,0.092063,0.181956,-0.068733,2.599535,0.143700
0.649448,0.986086,0.487497,0.396328,-0.001537,-0.278855,-0.170216,1.181681,1.281928,2.863757,1.169228,0.106736
0.639548,2.389122,0.931425,1.964168,-0.192082,-0.428734,0.204618,1.403036,0.443928,1.567840,3.230079,0.262577
0.638054,2.154823,0.463838,0.699245,-0.254976,-0.234021,0.276957,-0.234299,-0.467587,-1.264923,2.312434,0.196484
0.657552,0.419103,-0.108918,-0.429969,-0.254677,0.044841,0.073578,-1.735720,-0.572756,-1.129214,0.610233,0.072285
0.691346,-0.172322,-0.537580,0.097053,-0.278057,0.081574,0.057898,-0.591425,-0.428662,0.527022,0.572806,0.087322
0.715656,1.223128,-0.743374,-0.061954,-0.240402,0.077068,0.303079,1.395450,-0.205794,-0.159007,1.432650,0.155589
0.723307,1.526837,-0.415199,-1.433310,-0.066679,0.231322,0.411905,0.303709,0.328175,-1.371356,2.134947,0.227622
0.727321,-0.495564,0.328008,-1.085425,0.070065,0.255963,0.238871,-2.022401,0.743207,0.347885,1.237465,0.127486
0.732657,-1.428541,0.686892,0.879560,0.003864,0.030755,0.073017,-0.932977,0.358884,1.964985,1.812781,0.006292
0.734549,-0.131234,0.415350,1.015589,-0.078797,-0.050230,0.022675,1.297307,-0.271542,0.136029,1.105061,0.009246
0.734477,0.086915,0.293285,-0.151171,-0.013678,0.091927,-0.156039,0.218149,-0.122065,-1.166760,0.341208,0.032986
0.736243,-1.258586,0.534999,0.813125,-0.046274,-0.001622,-0.449897,-1.345501,0.241714,0.964296,1.591048,0.204551
0.736745,-1.062475,0.334660,2.550427,-0.303037,-0.385380,-0.502200,0.196111,-0.200339,1.737302,2.783079,0.492554
0.730703,0.748903,-0.385806,1.085328,-0.392180,-0.521110,-0.278448,1.811378,-0.720466,-1.465099,1.373914,0.502894
0.720816,1.738102,-0.762217,-2.114129,-0.075372,-0.171571,-0.074723,0.989199,-0.376411,-3.199457,2.841041,0.040701
0.719057,1.783953,-0.603563,-2.395626,0.262085,0.315963,0.074016,0.045851,0.158654,-0.281497,3.047261,0.174000
0.731980,1.557738,-0.335941,0.247449,0.234133,0.578713,0.261073,-0.226215,0.267622,2.643075,1.612648,0.457886
0.749004,0.428325,0.009251,2.245534,-0.037246,0.576476,0.326105,-1.129413,0.345192,1.998085,2.286038,0.440056
0.756943,-0.855634,0.363938,2.106998,-0.239807,0.479765,0.189958,-1.283959,0.354687,-0.138536,2.303042,0.323766
0.757358,-0.828045,0.447299,0.849497,-0.258220,0.415498,0.020675,0.027589,0.083361,-1.257501,1.267825,0.239744
0.756808,-0.761723,0.498559,0.075337,-0.236105,0.286924,-0.177171,0.066322,0.051260,-0.774160,0.913487,0.169461
0.753540,-1.608722,0.646117,0.325492,-0.346371,0.006147,-0.451550,-0.846999,0.147558,0.250155,1.763916,0.323908
0.746064,-1.064826,0.295125,-0.058384,-0.427697,-0.193022,-0.533910,0.543896,-0.350992,-0.383876,1.106509,0.505242
0.741304,1.191185,-0.431219,-1.677086,-0.212219,-0.097262,-0.266447,2.256011,-0.726344,-1.618702,2.101782,0.125491
0.744350,2.081235,-0.520133,-1.804231,0.088598,0.072648,0.056661,0.890050,-0.088914,-0.127145,2.803092,0.016338
0.751105,1.322920,-0.134260,0.192058,0.107389,0.078325,0.221588,-0.758315,0.385873,1.996289,1.343514,0.066768
0.757219,0.980318,-0.253891,0.786404,0.000546,0.093518,0.326197,-0.342602,-0.119631,0.594346,1.282153,0.115150
0.763240,0.618323,-0.471995,-0.859547,0.074135,0.297046,0.391059,-0.361995,-0.218104,-1.645951,1.159277,0.246659
0.766740,-0.583564,-0.023249,-1.592874,0.203110,0.516249,0.321748,-1.201887,0.448746,-0.733327,1.696566,0.411288
0.761994,-1.839853,0.189207,-0.845875,0.195996,0.556287,0.034470,-1.256289,0.212456,0.746999,2.033805,0.349058
0.749875,-2.792341,-0.544809,-0.805785,0.166634,0.465712,-0.523324,-0.952488,-0.734016,0.040090,2.956903,0.518523
0.736038,-2.191425,-0.757229,-1.155517,0.217850,0.362264,-1.014933,0.600916,-0.212420,-0.349732,2.590552,1.208783
0.722299,1.379805,0.649846,-0.088851,0.247691,0.261151,-0.846657,3.571230,1.407075,1.066666,1.527762,0.846379
0.709160,4.488013,2.080611,1.688459,0.152054,0.103211,-0.164056,3.108208,1.430765,1.777310,5.227054,0.060687
0.698395,2.965003,1.749662,2.270171,-0.063706,-0.098811,0.217332,-1.523010,-0.330949,0.581712,4.123862,0.061055
0.689145,-0.187865,0.360879,1.278866,-0.265357,-0.201471,0.114347,-3.152868,-1.388783,-0.991305,1.342023,0.124080
0.680264,-0.428647,-0.404252,-0.447693,-0.259144,-0.166859,0.048454,-0.240782,-0.765131,-1.726559,0.739991,0.097345
0.673895,0.482474,-0.266426,-1.503716,-0.090023,-0.168465,0.156816,0.911121,0.137826,-1.056023,1.601539,0.061076
0.673011,-0.011240,-0.043356,-0.796523,-0.053153,-0.219546,0.163726,-0.493714,0.223070,0.707193,0.797781,0.077832
0.680595,-0.394686,-0.146852,0.634209,-0.215064,-0.111169,0.065951,-0.383446,-0.103496,1.430732,0.761291,0.062961
0.697374,-0.067877,-0.290231,0.754654,-0.313381,0.047673,0.011439,0.326809,-0.143379,0.120445,0.811384,0.100611
0.717060,-0.212026,-0.326080,-0.257167,-0.234310,-0.085461,-0.007241,-0.144149,-0.035849,-1.011821,0.466281,0.062257
0.731066,0.287352,-0.524952,-0.759158,-0.132921,-0.314880,0.074276,0.499378,-0.198872,-0.501991,0.966678,0.122334
0.737312,1.812392,-0.746498,-0.622986,-0.083360,-0.134827,0.314623,1.525040,-0.221546,0.136172,2.056729,0.124115
0.739685,1.477394,-0.394486,-0.631478,-0.028873,0.286463,0.443551,-0.334998,0.352012,-0.008492,1.654411,0.279632
0.742729,-0.657527,0.289311,-0.488640,0.001333,0.378515,0.267859,-2.134921,0.683797,0.142838,0.868799,0.215024
0.747900,-1.045106,0.428610,0.196767,-0.050177,0.155215,0.046950,-0.387579,0.139299,0.685407,1.146591,0.028814
0.751036,-0.299981,0.279592,0.590296,-0.109397,-0.054183,-0.079843,0.745125,-0.149018,0.393529,0.718756,0.021278
0.745540,-1.205177,0.622793,0.098344,-0.092406,-0.264781,-0.308770,-0.905196,0.343201,-0.491952,1.360145,0.173987
0.732357,-1.774067,0.824580,-0.469570,-0.051967,-0.423049,-0.510698,-0.568890,0.201787,-0.567914,2.011900,0.442483
0.723201,-0.079400,0.178165,-0.530719,-0.041001,-0.230831,-0.353851,1.694667,-0.646415,-0.061149,0.565429,0.180175
0.727606,0.994997,-0.325868,-0.578825,0.002228,0.143081,-0.051276,1.074397,-0.504033,-0.048106,1.196348,0.023106
0.741060,0.492264,-0.158273,-0.482145,0.066181,0.268395,0.037780,-0.502733,0.167595,0.096680,0.706992,0.077843
0.752977,0.978624,-0.369461,0.450762,-0.032845,0.342732,0.097020,0.486360,-0.211188,0.932907,1.139031,0.127957
0.759887,1.674477,-0.849931,1.161600,-0.324669,0.694876,0.296314,0.695853,-0.480470,0.710838,2.208069,0.676065
0.764514,0.392481,-0.338746,0.040187,-0.488647,0.949518,0.356353,-1.281996,0.511185,-1.121413,0.520005,1.267348
0.768980,-1.055412,0.659318,-1.442874,-0.318842,0.722254,0.190757,-1.447893,0.998064,-1.483061,1.905382,0.659699
0.772293,-1.203177,0.905958,-0.670509,-0.100662,0.252117,0.027332,-0.147765,0.246640,0.772365,1.648629,0.074443
0.771679,-1.484302,0.781338,1.097289,-0.117195,-0.197307,-0.161061,-0.281125,-0.124620,1.767798,2.004416,0.078605
0.767088,-1.581030,0.756035,0.876046,-0.186811,-0.561923,-0.429501,-0.096728,-0.025303,-0.221243,1.959260,0.535127
0.760689,-0.432641,0.366082,-0.601776,-0.089875,-0.647831,-0.480899,1.148389,-0.389953,-1.477822,0.826637,0.659026
0.750560,0.316040,-0.174514,-1.062754,0.064055,-0.375383,-0.222450,0.748681,-0.540596,-0.460978,1.122400,0.194499
0.734111,-0.224834,-0.262908,-1.091445,0.177566,0.007033,-0.012746,-0.540874,-0.088394,-0.028691,1.144956,0.031742
0.715909,-0.498277,-0.232312,-1.689843,0.335188,0.259673,-0.023386,-0.273443,0.030596,-0.598398,1.777025,0.180328
0.702050,-0.214147,-0.437501,-1.498433,0.482494,0.357664,-0.114894,0.284130,-0.205189,0.191410,1.575617,0.373925
0.692891,-0.285357,-0.530205,0.180385,0.394320,0.452639,-0.266529,-0.071210,-0.092704,1.678818,0.628558,0.431408
0.687874,-0.046491,-0.198606,1.330755,0.086790,0.668798,-0.434806,0.238866,0.331599,1.150370,1.346297,0.643880
0.689142,1.231991,0.639495,0.782980,-0.116351,0.790222,-0.353428,1.278482,0.838101,-0.547775,1.593679,0.762900
0.696661,1.923950,1.588668,0.617618,-0.117991,0.548492,-0.012721,0.691959,0.949173,-0.165362,2.570389,0.314927
0.705467,0.606855,1.594544,2.081573,-0.216380,0.185181,0.186530,-1.317095,0.005876,1.463955,2.691429,0.115906
0.710414,-0.880844,0.532411,2.610858,-0.487629,0.067334,0.097822,-1.487699,-1.062133,0.529285,2.806408,0.251885
0.712639,-0.564661,-0.233618,0.539737,-0.589043,0.070030,0.019250,0.316183,-0.766029,-2.071121,0.815313,0.352246
0.717759,0.341454,-0.088532,-1.640548,-0.392893,-0.010812,0.074675,0.906115,0.145086,-2.180285,1.678042,0.160058
0.726760,0.536312,0.149036,-1.712560,-0.163205,-0.040089,0.086439,0.194858,0.237568,-0.072012,1.800751,0.035715
0.736277,0.409154,0.053090,-0.522441,-0.070368,-0.020602,0.023852,-0.127158,-0.095946,1.190119,0.665710,0.005945
0.746208,-0.355698,-0.048233,0.432025,-0.052220,-0.240581,-0.029107,-0.764852,-0.101323,0.954466,0.561688,0.061453
0.751889,-1.399462,-0.088850,0.357316,-0.000997,-0.673627,-0.106742,-1.043764,-0.040617,-0.074709,1.447088,0.465168
0.737226,-0.525071,-0.231242,-0.428829,0.138102,-0.920261,-0.150305,0.874391,-0.142392,-0.786145,0.716287,0.888544
0.701266,1.873288,-0.425723,-0.679509,0.290283,-0.776075,0.023478,2.398359,-0.194481,-0.250680,2.037690,0.687108
0.677199,2.747182,-0.541428,-0.780034,0.374573,-0.322707,0.347072,0.873894,-0.115705,-0.100525,2.906649,0.364904
0.693191,1.611312,-0.469224,-1.519874,0.415026,0.336148,0.507439,-1.135870,0.072204,-0.739840,2.264181,0.542736
0.732518,-0.018083,-0.049525,-0.276459,0.240079,0.956149,0.351873,-1.629395,0.419699,1.243415,0.281441,1.095673
0.761052,-1.503995,0.593233,3.951686,-0.375636,1.084156,0.040833,-1.485912,0.642758,4.228145,4.269631,1.318164
0.770889,-1.989220,0.797604,5.371030,-0.992500,0.587603,-0.169773,-0.485225,0.204371,1.419344,5.782831,1.359156
0.773560,-1.123992,0.382460,0.641876,-0.891064,-0.054730,-0.225757,0.865228,-0.415144,-4.729154,1.349681,0.847957
0.773926,-0.291008,0.225314,-4.312563,-0.201939,-0.357988,-0.265031,0.832984,-0.157146,-4.954439,4.328239,0.239176
0.769451,0.109504,0.308673,-4.669851,0.416721,-0.299248,-0.324015,0.400512,0.083359,-0.357288,4.681322,0.368191
0.760495,0.556465,-0.699932,-3.233429,0.775780,0.002199,-0.346910,0.446961,-1.008605,1.436422,3.354791,0.722186
0.750988,0.218161,-2.173046,-2.083622,0.884061,0.446179,-0.382657,-0.338304,-1.473114,1.149807,3.018477,1.127066
0.744546,-0.649941,-1.737463,0.499236,0.544741,0.738787,-0.432620,-0.868102,0.435583,2.582858,1.921051,1.029709
0.742199,-0.215668,0.292137,3.422534,-0.080928,0.634959,-0.373168,0.434273,2.029600,2.923298,3.441743,0.548977
0.740939,1.189253,1.518469,3.383325,-0.429970,0.322452,-0.184911,1.404921,1.226332,-0.039209,3.894478,0.323042
0.735579,1.596229,1.486234,1.048476,-0.351290,0.133666,0.038564,0.406976,-0.032235,-2.334849,2.419946,0.142758
0.726019,0.492058,0.915993,-0.491263,-0.176263,0.091273,0.176548,-1.104171,-0.570241,-1.539739,1.150002,0.070569
0.718589,-1.176884,-0.084762,-0.694057,-0.074937,0.049473,0.084690,-1.668942,-1.000755,-0.202794,1.368925,0.015236
0.714167,-1.878146,-0.678250,-0.641749,0.007792,-0.017561,-0.150560,-0.701262,-0.593488,0.052308,2.097450,0.023037
0.704371,-0.567917,0.084016,-0.284984,0.027008,-0.125739,-0.160687,1.310229,0.762266,0.356765,0.640940,0.042360
0.687237,1.420741,0.971600,0.679446,-0.076052,-0.296289,0.141230,1.988658,0.887584,0.964430,1.850448,0.113517
0.673806,1.306478,0.329164,1.286479,-0.191318,-0.339095,0.347056,-0.114263,-0.642436,0.607033,1.862864,0.272036
0.674157,-0.866424,-0.933028,0.497072,-0.206343,-0.134993,0.205767,-2.172902,-1.262192,-0.789407,1.366862,0.103141
0.689140,-1.460812,-1.048780,-0.920429,-0.165287,0.027024,0.035501,-0.594388,-0.115752,-1.417501,2.020173,0.029310
0.713533,0.725565,-0.461905,-1.275935,-0.145257,-0.017858,0.165162,2.186377,0.586875,-0.355506,1.538769,0.048697
0.736960,1.714215,-0.486956,-0.433000,-0.158087,0.031740,0.364776,0.988650,-0.025051,0.842935,1.833889,0.159060
0.749342,-0.158647,-0.691437,0.184483,-0.205531,0.291186,0.297215,-1.872862,-0.204481,0.617483,0.732999,0.215369
0.751524,-0.931278,-0.149064,-0.319130,-0.232786,0.463065,0.129043,-0.772631,0.542373,-0.503613,0.995662,0.285271
0.750707,-0.173150,0.409855,-1.460672,-0.092094,0.373956,0.003114,0.758128,0.558919,-1.141542,1.526933,0.148334
0.745462,-1.948365,0.122548,-2.129156,0.225070,0.048810,-0.403352,-1.775215,-0.287307,-0.668484,2.888676,0.215732
0.728315,-3.375166,0.028319,-1.520413,0.455345,-0.408022,-0.907517,-1.426801,-0.094229,0.608743,3.701919,1.197408
0.702486,0.890368,0.951897,0.370682,0.352145,-0.667884,-0.655203,4.265534,0.923578,1.891095,1.355090,0.999366
0.683180,4.722520,1.249620,2.295635,0.003548,-0.523012,0.224260,3.832152,0.297723,1.924953,5.397563,0.323847
0.681872,1.216632,-0.181707,2.115021,-0.248685,-0.233466,0.569755,-3.505888,-1.431327,-0.180614,2.446738,0.440971
0.698333,-2.817108,-1.298826,-0.029686,-0.269547,0.012534,0.181283,-4.033740,-1.117119,-2.144707,3.102246,0.105676
0.724657,-1.129836,-0.648860,-0.575652,-0.369733,0.376684,-0.119307,1.687272,0.649966,-0.545966,1.424403,0.292827
0.748953,0.884142,0.046147,1.454630,-0.737251,0.744751,-0.096589,2.013978,0.695007,2.030282,1.702876,1.107523
0.760790,0.004279,-0.327157,1.797134,-0.942860,0.645994,-0.034739,-0.879863,-0.373304,0.342504,1.826675,1.307500
0.759698,-0.101877,-0.522521,-1.528431,-0.567966,0.067047,0.090005,-0.106156,-0.195364,-3.325565,1.618490,0.335182
0.754501,0.629577,-0.086706,-4.623667,0.152218,-0.401397,0.262120,0.731454,0.435815,-3.095236,4.667138,0.252997
0.752122,-0.211969,0.217122,-3.909132,0.713259,-0.436951,0.224889,-0.841546,0.303828,0.714535,3.920891,0.750240
0.750630,-1.126409,0.354567,-0.597053,0.849842,-0.312470,0.020608,-0.914440,0.137445,3.312079,1.323249,0.820294
0.745703,-0.535856,0.201966,0.849256,0.705658,-0.173022,-0.072645,0.590553,-0.152601,1.446309,1.024289,0.533167
0.739369,0.273191,-0.669271,-1.392773,0.727337,0.176134,-0.040015,0.809047,-0.871237,-2.242029,1.569195,0.561643
0.735460,0.396461,-1.119658,-1.983217,0.847845,0.542939,-0.033506,0.123270,-0.450387,-0.590444,2.311702,1.014747
0.731920,0.058139,0.030580,2.816960,0.296788,0.422115,-0.073314,-0.338322,1.150238,4.800177,2.817726,0.271639
0.725238,-0.033162,1.246167,5.346415,-0.772897,-0.049833,-0.079111,-0.091301,1.215587,2.529455,5.489826,0.606112
0.716491,1.295938,0.794514,-0.556776,-0.896643,-0.272117,0.048494,1.329100,-0.451653,-5.903191,1.618860,0.880368
0.711196,2.791911,-0.045205,-5.862785,0.260853,-0.202497,0.289459,1.495973,-0.839719,-5.306009,6.493771,0.192836
0.715252,1.152070,0.541141,-1.666986,1.132837,-0.244917,0.386766,-1.639841,0.586346,4.195799,2.097365,1.492892
0.723519,-2.500899,1.627815,5.219994,0.824376,-0.485517,0.212763,-3.652969,1.086674,6.886980,6.012704,0.960591
0.719415,-3.342348,1.103025,5.231984,0.212076,-0.693547,0.034133,-0.841449,-0.524790,0.011990,6.305681,0.527149
0.699534,-1.316093,-0.902698,0.349649,0.105929,-0.670430,0.010715,2.026255,-2.005723,-4.882335,1.633774,0.460812
0.681665,-0.308353,-1.940898,-2.550568,0.258024,-0.378035,-0.047400,1.007740,-1.038200,-2.900217,3.219870,0.211734
0.676840,-0.451846,-0.876953,-1.689611,0.248608,0.002048,-0.174455,-0.143493,1.063945,0.860957,1.956527,0.092245
0.677384,0.301717,0.445680,0.278158,0.094690,0.184886,-0.171347,0.753563,1.322633,1.967769,0.605835,0.072509
0.676815,1.045356,0.580036,1.359074,-0.057640,0.072623,-0.029839,0.743639,0.134356,1.080916,1.810053,0.009487
0.676830,0.623556,0.415501,1.768032,-0.214165,-0.121551,0.104654,-0.421800,-0.164535,0.408958,1.920260,0.071594
0.677159,0.075635,0.449417,1.605983,-0.363457,-0.133114,0.168917,-0.547921,0.033916,-0.162049,1.669394,0.178353
0.676916,-0.141217,0.152779,0.543660,-0.392504,-0.031642,0.135313,-0.216852,-0.296638,-1.062323,0.582108,0.173370
0.679197,-0.311746,0.057843,-0.173159,-0.346832,-0.046753,0.024095,-0.170529,-0.094936,-0.716819,0.361269,0.123059
0.686092,-0.042985,0.575150,0.496522,-0.403110,-0.093624,-0.056932,0.268761,0.517307,0.669681,0.761038,0.174504
0.697463,0.227348,0.541516,0.938106,-0.503193,-0.057450,-0.074076,0.270333,-0.033634,0.441584,1.106783,0.261991
0.710559,-0.409952,-0.350118,-0.308013,-0.402080,-0.212262,-0.100270,-0.637300,-0.891634,-1.246119,0.620899,0.216778
0.711949,-1.110447,-0.768962,-1.989787,-0.054352,-0.636764,-0.142976,-0.700495,-0.418844,-1.681774,2.404921,0.428865
0.688223,-0.639713,-0.445656,-2.263931,0.312086,-0.873766,-0.116055,0.470734,0.323306,-0.274144,2.394415,0.874333
0.654740,0.658936,-0.397965,-1.227186,0.494450,-0.722266,0.055514,1.298649,0.047691,1.036745,1.448640,0.769231
0.644509,1.806619,-0.718674,-0.744010,0.569517,-0.389157,0.367036,1.147683,-0.320709,0.483176,2.081806,0.610508
0.664068,1.959410,-0.650948,-1.329814,0.648882,0.247731,0.659736,0.152791,0.067726,-0.585804,2.455896,0.917670
0.695242,0.714321,-0.109924,-0.295421,0.456083,1.233987,0.656715,-1.245089,0.541024,1.034393,0.780776,2.162010
0.729281,-0.882064,0.400710,3.265549,-0.278814,1.768930,0.264965,-1.596385,0.510634,3.560970,3.406232,3.277057
0.761518,-1.485000,0.751464,4.868745,-1.087358,1.206207,-0.248689,-0.602936,0.350754,1.603196,5.145348,2.699129
0.776263,-1.577617,1.081921,1.759838,-1.234863,0.087290,-0.590214,-0.092617,0.330457,-3.108907,2.599319,1.880859
0.768035,-1.667270,1.020395,-2.209664,-0.736303,-0.763368,-0.726346,-0.089653,-0.061526,-3.969502,2.950188,1.652451
0.750880,-0.425157,0.076766,-3.788996,-0.113615,-1.063579,-0.645919,1.242113,-0.943629,-1.579332,3.813547,1.561320
0.733852,1.900821,-1.115262,-4.130282,0.413765,-0.727266,-0.277527,2.325978,-1.192028,-0.341286,4.681470,0.777139
0.715372,2.358257,-1.329149,-3.244929,0.777981,0.022083,0.137321,0.457436,-0.213887,0.885353,4.225823,0.624599
0.700725,0.627919,-0.700289,-0.302275,0.749552,0.509339,0.157439,-1.730338,0.628860,2.942654,0.987956,0.846041
0.697221,-0.186626,-0.397382,1.726786,0.397476,0.496423,-0.182136,-0.814545,0.302907,2.029061,1.781722,0.437596
0.697297,0.904641,-0.307351,0.589587,0.191147,0.407846,-0.352639,1.091267,0.090031,-1.137199,1.122699,0.327230
0.689778,2.109827,0.594207,-0.619418,0.265494,0.393235,-0.093446,1.205186,0.901558,-1.209005,2.277747,0.233853
0.679108,2.180821,1.764406,0.422800,0.265454,0.208732,0.275811,0.070994,1.170199,1.042218,2.836877,0.190107
0.672817,1.075882,1.864968,1.533312,0.032534,-0.133906,0.389197,-1.104939,0.100562,1.110512,2.643232,0.170464
0.663993,-0.248138,1.120811,1.217150,-0.210141,-0.396986,0.289925,-1.324020,-0.744157,-0.316162,1.673094,0.285814
0.649209,-0.824866,0.220492,0.348408,-0.290503,-0.453246,0.185699,-0.576728,-0.900319,-0.868742,0.922176,0.324308
0.646913,-0.965589,-0.859318,-0.671169,-0.226774,-0.284871,0.112907,-0.140723,-1.079810,-1.019577,1.456454,0.145326
0.672778,-0.555548,-1.421910,-1.149232,-0.127271,0.036102,0.088500,0.410041,-0.562592,-0.478063,1.910810,0.025334
0.713505,0.755850,-0.817799,0.067811,-0.152108,0.338801,0.182969,1.311398,0.604111,1.217043,1.115662,0.171401
0.744635,1.106813,-0.126162,1.419308,-0.298895,0.454657,0.278299,0.350963,0.691637,1.351497,1.804269,0.373502
0.756708,-0.303352,-0.131846,0.261844,-0.299949,0.376537,0.231000,-1.410165,-0.005684,-1.157464,0.421863,0.285111
0.755514,-1.225601,-0.265119,-1.969505,-0.048452,0.337152,0.110441,-0.922249,-0.133273,-2.231349,2.334810,0.128216
0.751108,-1.907177,-0.553007,-1.971408,0.166692,0.489024,-0.175821,-0.681576,-0.287888,-0.001903,2.798141,0.297844
0.744282,-3.897431,-0.948828,-0.562264,0.162011,0.559773,-0.798418,-1.990254,-0.395821,1.409144,4.050479,0.977065
0.725619,-3.574564,-0.209460,-0.162092,0.132003,0.286953,-1.248397,0.322867,0.739368,0.400172,3.584363,1.658262
0.698788,1.242659,1.429881,0.438069,0.159556,-0.080336,-0.842280,4.817223,1.639341,0.600161,1.944393,0.741348
0.681806,4.215522,1.779603,2.303769,0.044240,-0.228798,-0.004056,2.972863,0.349722,1.865700,5.122984,0.054322
0.675436,1.451318,0.395403,2.535542,-0.176007,-0.216415,0.315081,-2.764204,-1.384200,0.231773,2.948159,0.177090
0.665438,-1.398176,-0.855946,-0.147104,-0.166147,-0.138292,0.118141,-2.849494,-1.251349,-2.682646,1.645958,0.060687
0.652394,-0.554439,-0.718275,-2.011246,0.077859,-0.012262,0.033367,0.843737,0.137671,-1.864142,2.206452,0.007326
0.644944,0.736704,0.348589,-0.285690,0.134937,-0.000403,0.189085,1.291143,1.066864,1.725556,0.863635,0.053961
0.641923,0.636022,0.989458,2.511855,-0.142434,-0.145058,0.314678,-0.100682,0.640869,2.797545,2.773620,0.140352
0.643380,0.222273,0.438357,2.370085,-0.352491,-0.202798,0.286354,-0.413749,-0.551101,-0.141770,2.420509,0.247376
0.654015,-0.540210,-0.427583,-0.532647,-0.188895,-0.093509,0.150519,-0.762483,-0.865940,-2.902732,0.870843,0.067081
0.670342,-0.816425,-0.634376,-1.929010,0.077666,0.037735,0.066470,-0.276215,-0.206793,-1.396363,2.188621,0.011874
0.686931,0.557337,-0.576320,0.021466,0.062299,0.196017,0.181486,1.373762,0.058056,1.950476,0.802016,0.075241
0.704898,1.072128,-0.483838,1.802291,-0.164336,0.349703,0.340689,0.514791,0.092482,1.780825,2.152164,0.265368
0.720802,-0.890911,0.050339,0.845604,-0.288178,0.273570,0.279059,-1.963039,0.534177,-0.956687,1.229350,0.235761
0.727843,-1.919812,0.547633,-0.830082,-0.196515,0.041886,0.081725,-1.028901,0.497294,-1.675686,2.162086,0.047052
0.729135,-0.590217,0.468212,-1.461058,0.014927,-0.056032,-0.051057,1.329595,-0.079421,-0.630976,1.643858,0.005969
0.727847,0.034138,0.372471,-1.263895,0.169394,-0.153265,-0.205969,0.624355,-0.095741,0.197163,1.318078,0.094608
0.717660,-0.408652,0.374283,0.007371,0.107215,-0.431873,-0.417348,-0.442790,0.001812,1.271266,0.554201,0.372189
0.700518,0.312882,-0.124160,1.340929,-0.102723,-0.507796,-0.441318,0.721534,-0.498443,1.333558,1.382534,0.463170
0.691334,1.443317,-0.752328,0.414207,-0.227345,-0.081334,-0.237721,1.130435,-0.628168,-0.926722,1.679503,0.114812
0.695649,1.258030,-0.762660,-1.614385,-0.244245,0.455370,-0.095843,-0.185287,-0.010332,-2.028592,2.184154,0.276203
0.704633,0.421141,-0.453887,-1.573377,-0.304404,0.641046,-0.119736,-0.836889,0.308773,0.041008,1.690825,0.517938
0.711006,-0.021201,-0.321385,-0.241399,-0.348309,0.451836,-0.089887,-0.442342,0.132502,1.331978,0.402506,0.333555
0.712543,0.049519,-0.219281,-0.297916,-0.161137,0.019152,0.112323,0.070720,0.102104,-0.056517,0.373216,0.038948
0.706756,0.409365,-0.059904,-1.116247,0.214004,-0.442960,0.290224,0.359846,0.159377,-0.818331,1.190452,0.326241
0.694823,0.445641,-0.018781,-0.862966,0.442422,-0.534913,0.244283,0.036276,0.041123,0.253281,0.971421,0.541543
0.687292,0.070420,-0.033431,-0.032550,0.344872,-0.139403,0.088394,-0.375221,-0.014650,0.830416,0.084476,0.146183
0.697335,0.127241,0.029278,0.559382,0.102034,0.311584,0.044570,0.056821,0.062709,0.591932,0.574418,0.109482
0.724599,0.575689,0.077049,1.473767,-0.134959,0.541623,0.079657,0.448448,0.047771,0.914385,1.584091,0.317915
0.752391,0.302685,0.081744,2.378745,-0.424618,0.755780,0.013890,-0.273004,0.004695,0.904978,2.399318,0.751697
0.767138,-0.704501,0.129360,1.768231,-0.640215,0.887377,-0.140854,-1.007186,0.047616,-0.610514,1.907799,1.217153
0.770641,-1.143314,0.172173,-0.092634,-0.498568,0.544069,-0.191790,-0.438813,0.042813,-1.860865,1.159910,0.581365
0.768399,-0.616288,0.181764,-1.325111,-0.092157,-0.086457,-0.078974,0.527026,0.009591,-1.232477,1.472674,0.022205
0.759467,-0.412074,0.071281,-1.601730,0.242969,-0.382978,-0.026037,0.204214,-0.110483,-0.276619,1.655423,0.206384
0.742371,-1.280029,-0.470525,-1.947944,0.441394,-0.209999,-0.239234,-0.867955,-0.541806,-0.346214,2.377889,0.296161
0.722592,-1.805675,-1.072627,-1.922603,0.552618,0.147872,-0.529563,-0.525646,-0.602102,0.025341,2.847348,0.607690
0.709259,-0.749171,-0.630644,-0.197789,0.461320,0.455950,-0.553387,1.056504,0.441983,1.724814,0.999044,0.726944
0.703301,0.514637,0.692986,2.504457,0.142259,0.490927,-0.362593,1.263808,1.323630,2.702246,2.649035,0.392721
0.696105,0.445829,1.392386,3.811638,-0.204916,0.190295,-0.256243,-0.068808,0.699400,1.307181,4.082412,0.143863
0.685298,0.167338,1.062252,2.776062,-0.418178,-0.095737,-0.214719,-0.278491,-0.330134,-1.035576,2.977063,0.230143
0.679086,0.814585,0.525308,0.675515,-0.470563,-0.062493,-0.028162,0.647247,-0.536944,-2.100547,1.181447,0.226128
0.681543,0.961364,0.071633,-0.756913,-0.367070,0.081868,0.204324,0.146779,-0.453675,-1.432428,1.225671,0.183191
0.688693,-0.250328,-0.366648,-0.727244,-0.191751,0.034326,0.236066,-1.211692,-0.438281,0.029669,0.852044,0.093674
0.696405,-1.111949,-0.490577,0.170296,-0.116055,-0.136331,0.103614,-0.861621,-0.123929,0.897540,1.227231,0.042791
0.701085,-0.781106,-0.240515,0.427713,-0.149163,-0.270175,-0.006063,0.330843,0.250062,0.257417,0.922449,0.095281
0.700205,-0.464054,-0.021772,-0.396772,-0.094284,-0.412131,-0.048836,0.317052,0.218743,-0.824485,0.610940,0.181126
0.694594,-0.234708,-0.084851,-1.056712,0.102197,-0.589553,-0.022971,0.229346,-0.063079,-0.659940,1.085784,0.358545
0.684686,0.880265,-0.314283,-1.327427,0.312324,-0.618896,0.133752,1.114973,-0.229432,-0.270715,1.623485,0.498468
0.674217,1.923157,-0.477605,-2.145248,0.496397,-0.256348,0.357532,1.042892,-0.163322,-0.817821,2.920399,0.439953
0.677121,1.137941,-0.421989,-1.736250,0.503261,0.493562,0.423189,-0.785216,0.055616,0.408998,2.118383,0.675964
0.701730,-0.870139,-0.116168,2.064085,0.008383,1.154912,0.242142,-2.008080,0.305821,3.800335,2.243008,1.392525
0.733683,-2.033842,0.297053,5.337002,-0.752657,1.120692,-0.008507,-1.163703,0.413221,3.272917,5.719121,1.822515
0.752568,-1.599416,0.508100,3.030667,-0.970235,0.424575,-0.122683,0.434426,0.211047,-2.306335,3.464281,1.136671
0.754802,-0.273885,0.416545,-1.819347,-0.440555,-0.275340,-0.041162,1.325531,-0.091555,-4.850014,1.886411,0.271595
0.749528,0.998347,0.212081,-3.757513,0.232264,-0.598791,0.156681,1.272232,-0.204464,-1.938166,3.893659,0.437046
0.745654,1.468377,-0.032714,-3.459236,0.649443,-0.654116,0.281701,0.470030,-0.244795,0.298277,3.758127,0.928999
0.747031,0.901662,-0.103882,-2.200111,0.734210,-0.480885,0.218453,-0.566715,-0.071168,1.259125,2.379974,0.818036
0.750635,-0.187906,0.156082,0.713138,0.388630,-0.095943,0.068916,-1.089568,0.259964,2.913249,0.753814,0.164988
0.751200,-0.936889,-0.175353,0.902609,0.112718,0.272343,-0.090772,-0.748983,-0.331435,0.189471,1.312712,0.095116
0.749934,-0.662891,-1.335275,-3.488828,0.598008,0.465631,-0.300384,0.273998,-1.159922,-4.391437,3.793983,0.664656
0.750311,0.383414,-1.101312,-2.183436,1.004640,0.344716,-0.420203,1.046305,0.233963,1.305392,2.475336,1.304701
0.747802,1.218087,1.108927,6.677041,0.190329,-0.208693,-0.236599,0.834673,2.210239,8.860477,6.877233,0.135757
0.737870,1.818572,2.035261,6.330289,-0.616937,-0.716527,0.141421,0.600485,0.926334,-0.346752,6.893624,0.914022
0.728984,2.253060,0.424213,-4.655910,-0.008382,-0.624359,0.386091,0.434488,-1.611048,-10.986199,5.189772,0.538961
0.729376,1.091523,-0.726761,-5.905826,0.645220,-0.352621,0.334771,-1.161537,-1.150974,-1.249916,6.049660,0.652722
0.729931,-1.200610,0.390965,2.586545,0.215523,-0.451797,0.177952,-2.292133,1.117726,8.492371,2.878286,0.282238
0.721448,-1.611014,2.169399,2.367530,0.075625,-0.605121,0.236655,-0.410404,1.778434,-0.219015,3.592611,0.427896
0.713690,-0.542339,2.182327,-3.238909,0.663404,-0.518008,0.386460,1.068675,0.012928,-5.606439,3.942996,0.857788
0.715602,-0.879900,-0.072609,-1.510775,0.601220,-0.384183,0.189358,-0.337561,-2.254936,1.728134,1.749839,0.544919
0.717811,-1.345702,-1.811009,0.788104,-0.012144,-0.209398,-0.176276,-0.465802,-1.738400,2.298879,2.389932,0.075068
0.712873,0.495939,-0.646341,-2.495593,0.014810,0.031614,-0.102952,1.841641,1.164668,-3.283697,2.625204,0.011818
0.708403,2.121830,1.108014,-2.890872,0.397137,0.079179,0.270396,1.625891,1.754355,-0.395279,3.753265,0.237101
0.709001,0.589933,0.711270,1.155836,0.382057,-0.080791,0.299965,-1.531897,-0.396744,4.046708,1.479825,0.242474
0.708672,-1.543742,-0.167730,2.207392,0.236476,-0.201816,0.033718,-2.133675,-0.879000,1.051556,2.698861,0.097787
0.704655,-0.907348,0.407463,0.727345,0.200245,-0.257806,-0.023252,0.636394,0.575193,-1.480047,1.232208,0.107103
0.700486,0.613678,1.058349,0.980949,0.007615,-0.290833,0.082877,1.521026,0.650886,0.253604,1.568108,0.091510
0.697260,0.011195,0.621924,1.523404,-0.295139,-0.256711,-0.022587,-0.602483,-0.436425,0.542455,1.645501,0.153518
0.692302,-1.005653,0.218836,0.728622,-0.444752,-0.234777,-0.250599,-1.016848,-0.403088,-0.794782,1.260998,0.315724
0.684515,-0.045203,0.424730,0.187134,-0.476249,-0.311866,-0.238260,0.960450,0.205894,-0.541488,0.466324,0.380841
0.679124,0.962134,0.232704,0.237064,-0.478713,-0.416117,-0.008638,1.007337,-0.192026,0.049930,1.017867,0.402394
0.684319,0.209219,-0.599349,-0.385947,-0.367237,-0.433883,0.115204,-0.752915,-0.832053,-0.623011,0.742931,0.336389
0.699601,-0.286355,-1.031112,-1.640122,-0.131528,-0.240504,0.081804,-0.495574,-0.431763,-1.254175,1.958364,0.081834
0.716059,0.480793,-0.727490,-2.175694,0.053521,0.173153,0.143150,0.767148,0.303622,-0.535572,2.343939,0.053338
0.730133,0.306445,-0.382044,-1.194812,0.040958,0.496726,0.342066,-0.174348,0.345446,0.980882,1.291295,0.365423
0.743060,-1.196285,-0.211224,0.295164,-0.106214,0.451662,0.413943,-1.502730,0.170820,1.489976,1.250134,0.386629
0.749699,-1.595577,0.142381,0.448434,-0.179760,0.241836,0.272418,-0.399292,0.353605,0.153270,1.663500,0.165010
0.744958,-0.855935,0.449951,-0.768000,-0.058085,0.187893,0.078480,0.739642,0.307570,-1.216434,1.234870,0.044837
0.734912,-1.551711,0.243378,-1.382294,0.161285,0.153372,-0.208504,-0.695776,-0.206573,-0.614294,2.092314,0.093010
0.724653,-2.744370,0.125662,-0.450582,0.291293,-0.165970,-0.637238,-1.192659,-0.117716,0.931712,2.783951,0.518470
0.705719,-0.622425,0.829439,0.882221,0.249202,-0.605924,-0.751310,2.121945,0.703777,1.332803,1.361505,0.993712
0.675809,3.062016,1.320714,1.513041,0.064227,-0.728477,-0.233659,3.684441,0.491275,0.630820,3.661901,0.589400
0.658251,2.689024,0.327438,1.061905,-0.170961,-0.460942,0.313905,-0.372992,-0.993276,-0.451136,2.909589,0.340232
0.675830,-0.285000,-1.014881,-0.428302,-0.295805,-0.041482,0.299493,-2.974024,-1.342319,-1.490207,1.137827,0.178917
0.715628,-0.403930,-0.909095,-1.271565,-0.255563,0.372090,0.097048,-0.118930,0.105786,-0.843263,1.614463,0.213182
0.745839,0.549042,0.000426,0.086057,-0.252255,0.639137,0.115630,0.952972,0.909521,1.357622,0.555746,0.485499
0.756780,-1.197661,0.131931,1.523662,-0.411365,0.595407,0.063810,-1.746703,0.131505,1.437605,1.942510,0.527802
0.761072,-2.550568,-0.140232,0.574383,-0.505844,0.302568,-0.159579,-1.352907,-0.272163,-0.949279,2.618201,0.372891
0.763718,-1.071016,0.064719,-1.285690,-0.314008,-0.003213,-0.214587,1.479552,0.204951,-1.860073,1.674593,0.144659
0.755053,-0.129874,-0.165096,-2.584315,0.126511,-0.133561,-0.221233,0.941142,-0.229815,-1.298625,2.592838,0.082788
0.731429,-0.625591,-1.290895,-3.838577,0.671518,0.050342,-0.504919,-0.495717,-1.125799,-1.254262,4.097859,0.708414
0.706975,0.343629,-1.291862,-3.260100,0.998509,0.493850,-0.701885,0.969220,-0.000967,0.578477,3.523527,1.733551
0.697917,2.217309,0.793629,0.901515,0.742744,0.800488,-0.396451,1.873680,2.085491,4.161615,2.521713,1.349623
0.703335,2.423790,2.551622,5.028805,0.103926,0.638246,0.037242,0.206481,1.757993,4.127290,6.137949,0.419546
0.710469,1.559766,2.254442,5.134171,-0.342130,0.154128,0.177209,-0.864024,-0.297180,0.105366,5.820231,0.172211
0.711811,1.014919,1.135779,2.523679,-0.462716,-0.242241,0.189621,-0.544847,-1.118663,-2.610492,2.947713,0.308743
0.708172,0.358800,0.210528,-0.275977,-0.432428,-0.291258,0.224331,-0.656119,-0.925251,-2.799656,0.499222,0.322150
0.702548,-0.424546,-0.612059,-2.386770,-0.227854,-0.075986,0.168054,-0.783346,-0.822587,-2.110793,2.500305,0.085933
0.698700,-0.365269,-0.626201,-2.236362,0.050668,0.074335,0.093609,0.059277,-0.014142,0.150408,2.350928,0.016856
0.700162,0.280250,0.372092,0.611442,0.059968,-0.009991,0.142457,0.645519,0.998293,2.847804,0.768670,0.023990
0.705110,0.127073,0.785985,2.801703,-0.188481,-0.156145,0.175836,-0.153177,0.413893,2.190261,2.912638,0.090825
0.708178,-0.740996,-0.082341,1.701698,-0.326308,-0.208946,0.082549,-0.868069,-0.868326,-1.100005,1.857857,0.156950
0.712189,-0.426603,-0.878307,-0.714259,-0.218359,-0.174697,0.054678,0.314393,-0.795966,-2.415957,1.209785,0.081189
0.726723,1.411951,-0.804405,-1.567522,-0.021625,0.093546,0.229038,1.838554,0.073902,-0.853263,2.257830,0.061677
0.749362,2.044245,-0.374544,-0.605666,0.020491,0.708421,0.392126,0.632294,0.429861,0.961856,2.164729,0.656043
0.766287,-0.030950,0.120857,0.975509,-0.326297,1.197659,0.268893,-2.075195,0.495401,1.581175,0.983454,1.613160
0.774202,-1.927312,0.541372,1.542247,-0.871902,0.978430,-0.059579,-1.896362,0.420515,0.566738,2.527082,1.721088
0.779432,-1.268459,0.566624,-0.104680,-0.959791,0.302800,-0.273901,0.658853,0.025252,-1.646927,1.393201,1.087908
0.780818,-0.277762,0.466337,-2.377923,-0.434413,-0.194708,-0.317215,0.990697,-0.100287,-2.273243,2.439086,0.327251
0.775502,-0.624228,0.461352,-2.549669,0.028678,-0.484603,-0.389873,-0.346466,-0.004985,-0.171746,2.665205,0.387663
0.767209,-0.302365,0.000215,-1.551489,0.092430,-0.720732,-0.445150,0.321863,-0.461137,0.998180,1.580678,0.726156
0.754774,1.124872,-0.789408,-2.205425,0.248524,-0.587677,-0.234508,1.427237,-0.789623,-0.653936,2.598538,0.462122
0.734688,1.568470,-0.986962,-3.508696,0.684168,0.034294,0.106516,0.443598,-0.197554,-1.303271,3.968015,0.480608
0.716726,0.896855,-0.729155,-2.541868,0.841056,0.601917,0.090387,-0.671615,0.257807,0.966828,2.792330,1.077849
0.711677,0.439029,-0.632362,-0.089979,0.478671,0.727205,-0.358397,-0.457826,0.096793,2.451889,0.775064,0.886401
0.713449,0.699003,-0.189489,1.165483,0.063562,0.641284,-0.674898,0.259974,0.442873,1.255462,1.372174,0.870773
0.713494,1.603375,0.982330,1.367748,-0.078980,0.534897,-0.456217,0.904372,1.171819,0.202265,2.325192,0.500487
0.713904,1.953461,1.770642,1.894915,-0.093959,0.266242,-0.015112,0.350086,0.788312,0.527167,3.246827,0.079941
0.715381,0.613405,1.180021,1.972759,-0.110817,-0.108836,0.187054,-1.340056,-0.590621,0.077844,2.379179,0.059115
0.713790,-0.870559,-0.007069,0.528264,-0.072014,-0.276267,0.150113,-1.483964,-1.187090,-1.444495,1.018325,0.104043
0.710334,-0.752402,-0.480453,-1.044935,0.034263,-0.197391,0.082845,0.118157,-0.473384,-1.573199,1.374348,0.047000
0.708360,-0.072437,-0.186639,-0.954663,0.106924,-0.111066,0.034889,0.679965,0.293814,0.090272,0.975429,0.024986
0.705699,0.076258,0.158977,0.155049,0.071274,-0.100969,-0.002817,0.148695,0.345616,1.109712,0.234796,0.015283
0.700202,0.103285,0.191680,0.740011,-0.026182,-0.096741,-0.011532,0.027027,0.032703,0.584962,0.771379,0.010177
0.693997,-0.094238,-0.049183,0.608825,-0.083536,-0.106209,-0.026272,-0.197523,-0.240863,-0.131186,0.618035,0.018949
0.687944,-0.430831,-0.200637,0.139334,-0.060946,-0.150990,-0.044901,-0.336593,-0.151454,-0.469491,0.495262,0.028528
0.681331,0.130106,0.085931,-0.290298,-0.008812,-0.165195,0.032296,0.560937,0.286568,-0.429632,0.329522,0.028410
0.677442,1.074034,0.425603,0.074246,-0.021769,-0.113960,0.189588,0.943928,0.339672,0.364544,1.157670,0.049404
0.680352,0.741311,0.245408,0.895762,-0.128319,-0.067642,0.242398,-0.332723,-0.180195,0.821516,1.188342,0.079798
0.689223,-0.414246,-0.171430,0.649016,-0.211934,-0.083074,0.130115,-1.155557,-0.416838,-0.246746,0.788803,0.068747
0.703592,-0.450399,-0.363136,-0.364950,-0.180977,-0.068403,0.054068,-0.036153,-0.191706,-1.013966,0.684044,0.040355
0.725366,0.842017,-0.506034,-0.319672,-0.161081,0.142771,0.190694,1.292416,-0.142898,0.045278,1.033079,0.082695
0.748843,1.416593,-0.559216,0.558066,-0.282140,0.481515,0.382362,0.574576,-0.053182,0.877738,1.622004,0.457660
0.762751,0.002679,-0.076352,0.669676,-0.399226,0.590899,0.346795,-1.413914,0.482864,0.111610,0.674020,0.628810
0.766429,-1.541471,0.587839,0.238445,-0.331791,0.346872,0.142999,-1.544150,0.664191,-0.431231,1.666896,0.250854
0.769450,-1.248956,0.647829,0.353713,-0.218132,0.101389,0.002194,0.292515,0.059990,0.115268,1.450754,0.057866
0.775077,-0.295310,0.305915,0.354956,-0.263314,0.103159,-0.160917,0.953646,-0.341914,0.001243,0.553882,0.105870
0.776974,0.110821,0.162206,-0.811974,-0.331570,0.159495,-0.441741,0.406131,-0.143709,-1.166930,0.835400,0.330512
0.772879,0.692167,0.056021,-1.780362,-0.226582,0.055889,-0.548712,0.581346,-0.106185,-0.968388,1.911000,0.355548
0.769722,0.993337,-0.297344,-0.917064,-0.080848,-0.163079,-0.353507,0.301170,-0.353365,0.863298,1.384246,0.158098
0.768285,0.402241,-0.561369,-0.061336,-0.007698,-0.283531,-0.152111,-0.591096,-0.264025,0.855728,0.693322,0.103587
0.756338,0.601280,-0.438849,-1.071914,0.146175,-0.106504,-0.064372,0.199039,0.122520,-1.010578,1.305039,0.036854
0.729835,1.378126,-0.434497,-1.943932,0.381484,0.229498,-0.030503,0.776846,0.004352,-0.872018,2.422166,0.199130
0.703893,0.060086,-1.121612,-1.760312,0.555887,0.385087,-0.168989,-1.318040,-0.687115,0.183620,2.088138,0.485860
0.690900,-1.962608,-1.612375,-1.736206,0.703460,0.365985,-0.381075,-2.022694,-0.490763,0.024106,3.076686,0.774019
0.686418,-0.998866,-0.365523,0.695770,0.640279,0.232680,-0.248425,0.963742,1.246852,2.431976,1.270998,0.525812
0.682575,1.678295,1.848823,5.720231,0.055150,-0.247183,0.302797,2.677161,2.214346,5.024461,6.241463,0.155827
0.679977,2.511807,2.304458,5.063917,-0.531189,-0.778231,0.839063,0.833512,0.455635,-0.656314,6.104339,1.591832
0.683219,1.233823,0.532876,-2.291842,-0.327071,-0.604609,0.868600,-1.277984,-1.771582,-7.355759,2.656843,1.226993
0.690536,-0.439959,-0.775621,-4.653217,0.285544,-0.005089,0.366875,-1.673782,-1.308497,-2.361375,4.737888,0.216159
0.693051,-0.768924,0.031552,0.521362,0.480652,0.031170,-0.009069,-0.328965,0.807173,5.174579,0.929547,0.232080
0.687558,0.491688,1.404106,3.458314,0.358752,-0.425948,0.191743,1.260612,1.372554,2.936952,3.764732,0.346900
0.680883,0.900083,1.521894,2.363979,0.284867,-0.585835,0.392232,0.408395,0.117788,-1.094335,2.952068,0.578198
0.676740,-0.358607,0.701504,1.979166,0.148860,-0.362646,0.059072,-1.258690,-0.820390,-0.384813,2.130212,0.157161
0.672527,-0.622583,-0.079296,0.787040,-0.009701,-0.140716,-0.319882,-0.263976,-0.780800,-1.192126,1.006643,0.122220
0.669456,0.408053,-0.624891,-2.314851,0.076844,-0.023682,-0.304033,1.030636,-0.545595,-3.101891,2.432186,0.098902
0.668091,0.371996,-0.767099,-2.769710,0.257086,0.036282,-0.216065,-0.036057,-0.142208,-0.454859,2.897950,0.114094
0.660745,-0.234991,-0.283714,0.185294,0.193359,0.037688,-0.238853,-0.606987,0.483385,2.955004,0.412369,0.095859
0.647240,0.275737,0.395693,2.032798,-0.037686,-0.022319,-0.130029,0.510728,0.679407,1.847504,2.089228,0.018826
0.643106,0.938226,0.821240,1.401318,-0.184807,-0.140475,0.086736,0.662489,0.425547,-0.631480,1.875739,0.061410
0.653481,0.667056,0.919216,0.579191,-0.236403,-0.245807,0.150052,-0.271170,0.097976,-0.822127,1.274905,0.138823
0.663642,0.227868,0.439069,0.233765,-0.243508,-0.202338,0.065536,-0.439188,-0.480147,-0.345426,0.547130,0.104532
0.671889,0.164715,-0.460026,-0.339867,-0.181007,0.028466,0.008932,-0.063153,-0.899095,-0.573632,0.595201,0.033654
0.694891,0.162517,-0.882971,-0.603818,-0.130319,0.286676,0.040423,-0.002198,-0.422945,-0.263951,1.081964,0.100800
0.728315,0.178542,-0.626130,-0.136177,-0.180626,0.332755,0.157883,0.016025,0.256841,0.467641,0.665177,0.168279
0.747472,0.307034,-0.318807,0.110914,-0.218264,0.179295,0.315590,0.128492,0.307323,0.247091,0.456300,0.179383
0.749720,0.163230,-0.038651,-0.169852,-0.149228,0.158622,0.354871,-0.143804,0.280156,-0.280766,0.238721,0.173363
0.752532,-0.405812,0.355860,-0.074786,-0.086086,0.386009,0.213715,-0.569042,0.394511,0.095066,0.544897,0.202088
0.759825,-0.767275,0.432379,0.477568,-0.116718,0.490322,0.064587,-0.361463,0.076519,0.552354,1.001865,0.258210
0.763751,-0.951170,0.209753,0.559468,-0.172401,0.205319,-0.030920,-0.183895,-0.222626,0.081900,1.123265,0.072834
0.762677,-1.762932,0.362051,-0.040431,-0.165271,-0.227660,-0.248588,-0.811762,0.152298,-0.599899,1.800179,0.140940
0.758508,-2.102166,0.656436,-0.567241,-0.073002,-0.469604,-0.522153,-0.339234,0.294385,-0.526810,2.274153,0.498501
0.751210,-0.233376,0.253015,-0.424306,0.045867,-0.427200,-0.502606,1.868790,-0.403421,0.142935,0.546367,0.437216
0.742620,1.751700,-0.447968,0.280816,0.083128,-0.155255,-0.216810,1.985076,-0.700983,0.705122,1.829750,0.078021
0.737492,0.950294,-0.487778,0.839890,0.012535,0.170440,-0.064670,-0.801406,-0.039810,0.559074,1.358823,0.033389
0.740267,-0.422960,-0.196419,0.532227,-0.079675,0.344293,-0.067156,-1.373254,0.291359,-0.307663,0.707631,0.129396
0.751996,0.531389,-0.300831,-0.317734,-0.157264,0.466354,0.079860,0.954349,-0.104412,-0.849961,0.688352,0.248596
0.767515,1.353626,-0.431770,-0.670579,-0.275892,0.766839,0.284129,0.822237,-0.130939,-0.352845,1.571116,0.744888
0.777714,-0.362942,-0.136022,-0.338514,-0.400872,0.986328,0.231904,-1.716568,0.295748,0.332065,0.514607,1.187321
0.779135,-2.211354,0.272401,0.322030,-0.418912,0.623710,0.008516,-1.848412,0.408423,0.660544,2.251220,0.564574
0.777071,-2.340607,0.701779,1.048242,-0.359007,-0.181937,-0.166653,-0.129253,0.429378,0.726212,2.658899,0.189760
0.774436,-1.711462,1.093685,0.682783,-0.295938,-0.749149,-0.311289,0.629145,0.391906,-0.365459,2.142765,0.745704
0.766700,-0.451092,0.572840,-1.248120,-0.157122,-0.735446,-0.381842,1.260370,-0.520845,-1.930903,1.445487,0.711371
0.753371,1.086716,-0.819960,-2.533035,0.088506,-0.363413,-0.261646,1.537808,-1.392800,-1.284915,2.875683,0.208361
0.740876,1.407921,-1.242968,-1.875853,0.328148,0.039392,-0.061332,0.321205,-0.423008,0.657182,2.654437,0.112994
0.729765,0.844664,-0.314977,-0.938129,0.473643,0.320078,0.033971,-0.563257,0.927991,0.937724,1.301059,0.327942
0.714991,-0.134294,-0.181100,-0.476370,0.470809,0.443689,-0.091265,-0.978958,0.133877,0.461759,0.527030,0.426850
0.698694,-1.924225,-1.343274,-0.099348,0.359660,0.472680,-0.438220,-1.789931,-1.162174,0.377022,2.348808,0.544818
0.687524,-2.197428,-1.436681,-0.234021,0.330578,0.542164,-0.650924,-0.273203,-0.093407,-0.134673,2.635813,0.826926
0.682808,0.298518,0.476008,0.477880,0.338674,0.593392,-0.400514,2.495946,1.912689,0.711901,0.737608,0.627226
0.682856,1.817061,2.285620,3.453403,0.083685,0.377321,0.005235,1.518543,1.809612,2.975523,4.522362,0.149402
0.684585,0.998348,2.192549,4.770265,-0.295012,-0.026139,0.171246,-0.818713,-0.093071,1.316862,5.344099,0.117041
0.681744,0.551242,0.757930,1.023532,-0.290175,-0.210124,0.191707,-0.447106,-1.434619,-3.746733,1.387784,0.165105
0.672766,0.102119,-0.491892,-2.954329,0.068576,-0.109847,0.130834,-0.449123,-1.249822,-3.977861,2.996739,0.033887
0.663470,-1.263962,-0.625763,-1.894022,0.248269,-0.043356,-0.079983,-1.366081,-0.133871,1.060307,2.361461,0.069915
0.656015,-1.038571,0.220028,1.447411,0.037740,-0.164007,-0.162420,0.225391,0.845791,3.341433,1.795004,0.054703
0.649187,0.450516,0.791349,2.498847,-0.317115,-0.377773,0.064408,1.489087,0.571321,1.051436,2.659593,0.247423
0.649403,0.014522,-0.014322,1.128299,-0.497091,-0.503696,0.218683,-0.435994,-0.805671,-1.370548,1.128483,0.548631
0.664741,-1.045710,-1.283042,-1.166527,-0.348347,-0.297028,0.092836,-1.060232,-1.268720,-2.294826,2.024967,0.218190
0.692020,-0.106738,-1.261341,-2.862990,-0.076496,0.248219,0.036835,0.938972,0.021701,-1.696463,3.130349,0.068821
0.721179,0.824583,-0.310976,-2.000799,-0.078027,0.703072,0.200811,0.931321,0.950365,0.862191,2.186284,0.540724
0.744697,-0.230710,-0.018195,0.765357,-0.354736,0.741237,0.278410,-1.055293,0.292781,2.766156,0.799581,0.752782
0.759150,-1.333901,-0.190164,1.793722,-0.498374,0.526303,0.147270,-1.103191,-0.171969,1.028365,2.243411,0.547060
0.764509,-0.844983,0.136001,-0.291974,-0.291289,0.263831,0.030622,0.488918,0.326165,-2.085696,0.904291,0.155394
0.759060,-0.331590,0.211052,-2.779695,0.138198,-0.056457,-0.030249,0.513393,0.075051,-2.487721,2.807347,0.023201
0.738573,-1.256062,-0.681606,-3.120020,0.593467,-0.310065,-0.217674,-0.924472,-0.892658,-0.340325,3.431735,0.495725
0.710083,-1.263953,-0.941539,-1.506128,0.857906,-0.312590,-0.344033,-0.007891,-0.259933,1.613892,2.180022,0.952074
0.692044,1.672927,0.585376,0.787202,0.721677,-0.242131,-0.002146,2.936880,1.526915,2.293330,1.939339,0.579450
0.691195,3.366451,1.758804,2.571709,0.242532,-0.314703,0.525840,1.693524,1.173428,1.784507,4.586946,0.434367
0.699289,0.159211,0.636236,2.648443,-0.222659,-0.308367,0.526711,-3.207240,-1.122568,0.076734,2.728442,0.422092
0.713496,-3.071577,-0.836098,1.180747,-0.416479,-0.048147,0.060627,-3.230788,-1.472334,-1.467696,3.395263,0.179449
0.736230,-1.547487,-0.472301,-0.022611,-0.443116,0.188516,-0.218704,1.524090,0.363797,-1.203358,1.618115,0.279722
0.759626,0.852461,0.335281,-0.071957,-0.525851,0.211798,-0.221987,2.399948,0.807582,-0.049346,0.918848,0.370656
0.771045,-0.377177,0.092125,0.377610,-0.682758,0.104566,-0.337459,-1.229638,-0.243156,0.449567,0.541608,0.590971
0.767891,-2.363237,-0.141386,0.217168,-0.688799,-0.148115,-0.516683,-1.986060,-0.233511,-0.160442,2.377402,0.763343
0.755843,-0.675429,-0.164706,-2.019688,-0.252022,-0.383060,-0.368839,1.687808,-0.023320,-2.236856,2.135994,0.346292
0.739859,2.220984,-1.176586,-5.182275,0.569228,-0.154632,-0.014693,2.896413,-1.011880,-3.162587,5.759609,0.348147
0.722039,0.814042,-2.049510,-4.268609,1.121642,0.421001,-0.011439,-1.406942,-0.872924,0.913666,4.804600,1.435453
0.705346,-2.936392,-0.786641,1.502628,0.849914,0.635990,-0.359902,-3.750434,1.262869,5.771237,3.391031,1.256367
0.696189,-2.459183,1.307349,5.323039,0.113269,0.306253,-0.462844,0.477209,2.093990,3.820411,6.007619,0.320845
0.696443,1.292259,1.800481,3.446091,-0.344457,-0.051643,-0.156225,3.751442,0.493132,-1.876948,4.097220,0.145724
0.696098,2.233936,0.964979,0.158279,-0.378281,-0.102618,0.120716,0.941677,-0.835502,-3.287812,2.438587,0.168199
0.686972,0.276222,0.162034,-1.000325,-0.252820,0.013935,0.106883,-1.957714,-0.802945,-1.158604,1.050335,0.075536
0.675322,-0.593392,-0.307706,-1.091304,-0.059889,0.082201,-0.047131,-0.869614,-0.469740,-0.090979,1.279743,0.012565
0.666799,0.037434,-0.224029,-0.571395,0.109430,0.019002,-0.104766,0.630826,0.083677,0.519909,0.614884,0.023312
0.657017,0.559464,0.540626,1.226594,0.035469,-0.154589,0.031111,0.522030,0.764655,1.797989,1.452518,0.026124
0.649447,0.950258,1.010847,2.525793,-0.222613,-0.295957,0.200872,0.390794,0.470221,1.299199,2.881741,0.177497
0.657007,1.171319,0.455107,1.366896,-0.350026,-0.242083,0.166516,0.221061,-0.555740,-1.158897,1.856749,0.208850
0.679591,0.726798,-0.342553,-0.408383,-0.301069,-0.016533,0.020129,-0.444521,-0.797660,-1.775279,0.901307,0.091321
0.706511,0.431539,-0.568213,-0.218184,-0.288287,0.266946,0.052422,-0.295259,-0.225660,0.190199,0.746121,0.157118
0.734200,0.713410,-0.418938,0.909271,-0.367407,0.589990,0.202382,0.281871,0.149275,1.127455,1.229324,0.524035
0.759076,0.232106,-0.133134,0.669444,-0.437461,0.840821,0.179463,-0.481304,0.285804,-0.239827,0.720939,0.930559
0.771308,-1.157255,0.242056,-0.993204,-0.388480,0.747381,0.031277,-1.389361,0.375190,-1.662648,1.544113,0.710473
0.767078,-1.957718,0.390084,-2.464987,-0.096955,0.255181,-0.080194,-0.800463,0.148028,-1.471783,3.171906,0.080949
0.748519,-1.572463,0.245749,-2.306594,0.358289,-0.318236,-0.312419,0.385255,-0.144335,0.158393,2.802393,0.327251
0.718919,0.192656,0.196061,-0.740500,0.612082,-0.566028,-0.604227,1.765119,-0.049688,1.566094,0.789871,1.060122
0.691212,2.786806,0.458597,0.792757,0.466160,-0.356503,-0.463291,2.594150,0.262536,1.533257,2.933439,0.559038
0.681784,3.592536,0.903855,1.956503,0.107110,-0.002048,0.060412,0.805730,0.445258,1.163746,4.189412,0.015126
0.690832,1.832783,1.112093,2.743471,-0.221199,0.123397,0.299964,-1.759753,0.208238,0.786968,3.481735,0.154134
0.706649,0.187532,0.692503,1.955674,-0.395264,0.042995,0.111904,-1.645251,-0.419590,-0.787797,2.083120,0.170605
0.721693,-0.155054,-0.051582,-0.115841,-0.374864,-0.090771,-0.079684,-0.342586,-0.744085,-2.071515,0.200304,0.155112
0.731603,-0.050861,-0.526552,-1.195072,-0.238083,-0.255441,-0.057137,0.104193,-0.474970,-1.079231,1.306920,0.125198
0.734752,0.236767,-0.648483,-0.830314,-0.086441,-0.308819,0.178344,0.287628,-0.121931,0.364758,1.079819,0.134648
0.738969,-0.189129,-0.443692,-0.410414,0.079566,-0.141179,0.480783,-0.425896,0.204791,0.419900,0.633302,0.257415
0.750472,-1.616182,0.087221,-0.275308,0.220273,0.071192,0.527632,-1.427053,0.530913,0.135106,1.641781,0.331984
0.760803,-1.898072,0.394238,-0.108836,0.227178,0.255160,0.305966,-0.281890,0.307017,0.166472,1.941635,0.210332
0.761424,-1.111638,0.010668,-0.311442,0.184222,0.484925,0.053363,0.786434,-0.383570,-0.202606,1.154491,0.271938
0.756015,-1.962397,-0.430781,-1.007615,0.271144,0.558327,-0.350908,-0.850759,-0.441449,-0.696173,2.247635,0.508385
0.746641,-3.004592,0.045617,-0.964218,0.347334,0.317816,-0.930869,-1.042195,0.476398,0.043397,3.155847,1.088165
0.729431,-0.605631,1.199147,0.826128,0.156613,0.051096,-1.093756,2.398961,1.153530,1.790346,1.577095,1.223441
0.708325,3.014394,1.666846,2.755470,-0.127138,-0.031020,-0.576412,3.620025,0.467699,1.929342,4.411073,0.349377
0.692081,3.005373,0.850786,2.223237,-0.152923,-0.060625,-0.010358,-0.009021,-0.816060,-0.532233,3.833913,0.027168
0.682098,0.462122,-0.193895,-0.259909,0.017525,-0.011126,0.116776,-2.543251,-1.044681,-2.483146,0.564539,0.014068
0.677593,-0.258067,-0.402343,-1.708098,0.104100,0.251555,0.067164,-0.720189,-0.208448,-1.448189,1.773718,0.078628
0.681047,0.547951,-0.072060,-0.937397,0.071094,0.431326,0.124532,0.806018,0.330283,0.770701,1.088189,0.206605
0.689624,-0.101836,0.136212,0.710722,0.000289,0.150143,0.150568,-0.649787,0.208272,1.648119,0.730787,0.045214
0.692477,-1.208160,0.251218,1.590038,-0.125345,-0.304764,0.050535,-1.106324,0.115006,0.879316,2.012705,0.111146
0.683732,-0.171976,0.415933,0.961030,-0.249166,-0.379335,0.045224,1.036184,0.164715,-0.629008,1.061204,0.208024
0.673350,1.263676,0.303379,-0.426298,-0.213929,-0.156389,0.247596,1.435652,-0.112554,-1.387328,1.367716,0.131527
0.676122,0.369621,-0.299264,-0.962633,-0.049675,-0.048866,0.397264,-0.894055,-0.602643,-0.536335,1.073704,0.162674
0.692432,-1.120600,-0.824350,-0.161126,0.018754,0.007215,0.299050,-1.490221,-0.525086,0.801507,1.400450,0.089835
0.713169,-1.049255,-0.566106,1.312121,-0.151949,0.211686,0.104028,0.071345,0.258244,1.473247,1.772872,0.078721
0.734822,-0.833088,0.140675,2.508064,-0.535059,0.367601,-0.087297,0.216167,0.706781,1.195943,2.646547,0.429039
0.753960,-1.162910,0.324939,1.798023,-0.913167,0.383650,-0.328439,-0.329822,0.184264,-0.710041,2.165833,1.088933
0.763444,-0.666625,-0.087602,-1.167775,-0.928453,0.430567,-0.467462,0.496285,-0.412541,-2.965798,1.347502,1.265934
0.762765,0.185890,-0.343196,-3.478972,-0.509216,0.319185,-0.350774,0.852515,-0.255594,-2.311197,3.500798,0.484222
0.754301,0.779641,-0.395070,-3.161507,-0.017515,-0.157998,-0.130025,0.593751,-0.051874,0.317465,3.280099,0.042177
0.739060,2.302066,-0.745270,-2.014812,0.285577,-0.557987,0.124423,1.522425,-0.350200,1.146695,3.148714,0.408385
0.728875,3.176825,-0.892611,-1.188042,0.415867,-0.537929,0.444046,0.874759,-0.147341,0.826770,3.507195,0.659490
