timestamp,pressure_value,linear_accel_x,linear_accel_y,linear_accel_z,gyro_x,gyro_y,gyro_z,orientation_r,orientation_i,orientation_j,orientation_k
0.022469520568847656,0.000000,0.058594,-0.183594,-0.406250,0.130859,0.111328,-0.078125,0.379028,-0.401001,0.248291,-0.796143
0.042470693588256836,0.000000,-0.289063,-0.468750,-0.539062,0.164062,0.140625,-0.115234,0.378540,-0.399536,0.247192,-0.797485
0.06240677833557129,0.000000,-0.316406,-0.414062,-0.453125,0.080078,0.064453,-0.146484,0.377747,-0.398499,0.246033,-0.798706
0.08210444450378418,0.000000,-0.515625,0.050781,0.816406,0.017578,-0.003906,-0.097656,0.376770,-0.398499,0.245300,-0.799438
0.10227584838867188,0.000000,0.003906,0.457031,0.847656,0.056641,0.009766,0.019531,0.376648,-0.398376,0.244751,-0.799683
0.12262368202209473,0.000000,0.960937,0.718750,0.152344,-0.007813,-0.076172,0.068359,0.377258,-0.398438,0.244629,-0.799438
0.14185881614685059,0.000000,1.113281,0.796875,0.343750,-0.027344,-0.068359,0.083984,0.377930,-0.398987,0.244873,-0.798767
0.16263294219970703,0.000000,0.500000,-0.031250,-0.453125,0.066406,0.128906,0.132812,0.378845,-0.398376,0.245178,-0.798523
0.1822357177734375,0.000000,0.792969,-0.261719,-0.960937,-0.019531,0.169922,0.095703,0.379456,-0.396667,0.246155,-0.798828
0.2023169994354248,0.000000,0.019531,-0.371094,0.289063,0.230469,0.041016,0.130859,0.380249,-0.395325,0.246460,-0.798950
0.22226548194885254,0.000000,-0.417969,-0.398438,-0.417969,0.724609,0.585937,0.187500,0.382935,-0.390747,0.244141,-0.800659
0.2423844337463379,0.000000,0.519531,-1.597656,-3.300781,0.880859,0.880859,0.046875,0.385193,-0.381287,0.240906,-0.805115
0.26267528533935547,0.000000,-0.949219,-1.062500,-1.332031,0.751953,0.914062,0.025391,0.386414,-0.370544,0.237793,-0.810486
0.28287577629089355,0.000000,-0.304688,-0.195312,0.546875,0.585937,0.968750,0.091797,0.387024,-0.360352,0.236023,-0.815247
0.3023710250854492,0.000000,-0.339844,0.558594,1.300781,0.316406,0.742187,0.333984,0.388367,-0.350708,0.236511,-0.818665
0.32280731201171875,0.000488,0.718750,2.054688,2.941406,-0.140625,0.289063,0.298828,0.390198,-0.345398,0.238892,-0.819397
0.3426520824432373,0.111572,-0.625000,1.492188,2.929688,-0.353516,0.029297,0.189453,0.390869,-0.344788,0.242554,-0.818237
0.3628551959991455,0.146240,-0.953125,0.476562,2.035156,-0.238281,0.169922,0.216797,0.391174,-0.344727,0.246094,-0.817078
0.3827643394470215,0.149414,0.074219,-0.128906,-0.460937,-0.039063,0.273438,0.236328,0.392090,-0.342834,0.248779,-0.816589
0.40290355682373047,0.186768,0.058594,-0.480469,-1.304688,0.015625,0.511719,0.125000,0.392700,-0.339233,0.251099,-0.817139
0.42290353775024414,0.200562,-0.324219,-0.800781,-0.636719,-0.111328,0.679687,0.117188,0.391846,-0.334167,0.254395,-0.818604
0.4429457187652588,0.207153,0.605469,-0.058594,0.433594,-0.265625,0.722656,0.033203,0.390076,-0.328979,0.258606,-0.820190
0.46301984786987305,0.200073,-0.218750,-0.195312,0.101563,-0.375000,0.638672,0.058594,0.387512,-0.324585,0.263977,-0.821472
0.4826679229736328,0.236206,0.289063,0.464844,0.746094,-0.367188,0.357422,-0.039063,0.385193,-0.321594,0.268982,-0.822083
0.50299072265625,0.249756,-0.945312,-0.171875,0.570312,-0.632812,0.062500,-0.078125,0.382385,-0.322083,0.273438,-0.821777
0.5226390361785889,0.246094,-1.382813,0.414062,1.460938,-0.421875,-0.023437,0.083984,0.380615,-0.324158,0.278137,-0.820190
0.5429894924163818,0.334229,0.839844,0.605469,0.812500,-0.386719,0.013672,0.130859,0.380249,-0.325256,0.281860,-0.818665
0.5629980564117432,0.370728,0.281250,0.046875,-0.167969,-0.285156,-0.250000,0.027344,0.380127,-0.327209,0.284424,-0.817017
0.5831074714660645,0.398315,-0.753906,0.054687,-0.230469,-0.300781,-0.441406,0.060547,0.380554,-0.330994,0.285583,-0.814880
0.6033029556274414,0.409180,0.050781,1.015625,-0.203125,-0.324219,-0.511719,-0.140625,0.380554,-0.336121,0.286316,-0.812561
0.6231670379638672,0.400879,-0.433594,0.281250,0.019531,-0.355469,-0.529297,-0.275391,0.379089,-0.342407,0.286255,-0.810608
0.6429953575134277,0.387695,0.046875,-0.042969,0.058594,-0.298828,-0.716797,-0.173828,0.377747,-0.349243,0.285828,-0.808472
0.6631340980529785,0.334717,0.484375,0.554687,0.000000,-0.314453,-0.751953,-0.105469,0.377869,-0.356934,0.284912,-0.805359
0.6832611560821533,0.306274,0.488281,0.777344,0.054687,-0.232422,-0.767578,-0.259766,0.377563,-0.364380,0.283752,-0.802612
0.7029376029968262,0.277710,-0.386719,-0.203125,0.378906,-0.218750,-0.824219,-0.322266,0.376587,-0.372498,0.281189,-0.800232
0.7226483821868896,0.222900,-0.058594,0.375000,0.347656,-0.332031,-0.962891,-0.234375,0.375793,-0.381592,0.279053,-0.797058
0.7431442737579346,0.189697,0.144531,0.734375,0.726562,-0.175781,-0.945312,-0.244141,0.375610,-0.390747,0.276550,-0.793579
0.7633986473083496,0.172974,-0.140625,-0.070312,-0.582031,-0.146484,-1.017578,-0.314453,0.375488,-0.399902,0.272888,-0.790283
0.7833185195922852,0.167725,-0.527344,-0.539062,-0.328125,-0.271484,-0.824219,-0.212891,0.375000,-0.408691,0.269958,-0.787048
0.8031275272369385,0.154541,0.375000,0.191406,-0.062500,-0.248047,-0.646484,-0.121094,0.374634,-0.415894,0.268738,-0.783875
0.8233489990234375,0.143066,0.472656,-0.195312,-0.566406,-0.203125,-0.464844,-0.109375,0.374207,-0.421326,0.267883,-0.781494
0.8437793254852295,0.134521,-0.019531,-0.636719,-0.488281,-0.027344,-0.453125,0.000000,0.374512,-0.425354,0.266907,-0.779480
0.8634023666381836,0.160767,0.507812,0.019531,-0.234375,-0.039063,-0.496094,0.076172,0.376038,-0.429016,0.265442,-0.777222
0.883681058883667,0.169556,0.191406,0.097656,0.839844,-0.158203,-0.339844,0.146484,0.377563,-0.432434,0.264954,-0.774780
0.9033796787261963,0.195190,0.476562,0.199219,0.355469,-0.158203,-0.035156,0.150391,0.378418,-0.434326,0.266174,-0.772888
0.9237983226776123,0.281738,0.398438,-0.117188,-0.363281,-0.066406,0.117188,0.103516,0.378845,-0.433960,0.267883,-0.772278
0.9436306953430176,0.336792,0.152344,-0.550781,-0.808594,0.029297,0.179687,0.087891,0.379211,-0.432373,0.268860,-0.772644
0.963679313659668,0.360596,0.031250,-0.121094,-0.632812,-0.015625,0.195312,0.031250,0.379089,-0.430786,0.269653,-0.773315
0.9833216667175293,0.396973,-0.941406,-0.078125,0.570312,-0.052734,0.099609,0.035156,0.379089,-0.429321,0.270691,-0.773743
1.0037529468536377,0.468140,0.394531,-0.296875,0.296875,-0.136719,-0.146484,-0.107422,0.378601,-0.429749,0.271118,-0.773560
1.0238399505615234,0.498291,-2.296875,0.007813,1.222656,-0.214844,-0.082031,-0.236328,0.376709,-0.432190,0.271118,-0.773132
1.0432100296020508,0.517700,-1.378906,-0.070312,0.765625,0.257813,0.525391,0.330078,0.376160,-0.430725,0.272034,-0.773926
1.0639498233795166,0.584473,3.273438,-0.718750,-1.886719,0.279297,0.359375,0.265625,0.378906,-0.424988,0.272644,-0.775513
1.0836491584777832,0.614624,1.757813,-0.070312,-2.632813,-0.007813,0.212891,0.019531,0.379578,-0.421997,0.273499,-0.776550
1.103640079498291,0.640137,-0.074219,0.246094,0.046875,-0.125000,0.513672,0.019531,0.378723,-0.419434,0.275269,-0.777771
1.1255488395690918,0.658203,1.347656,-0.437500,-0.128906,-0.363281,0.312500,-0.263672,0.375366,-0.417297,0.278381,-0.779419
1.1440374851226807,0.662109,-1.742188,-0.039063,0.707031,0.019531,0.302734,-0.023437,0.372498,-0.416077,0.280212,-0.780762
1.1638340950012207,0.671143,0.183594,0.199219,-1.207031,-0.205078,-0.003906,0.050781,0.372070,-0.415100,0.281189,-0.781128
1.1840367317199707,0.706909,-0.988281,-0.066406,3.808594,0.675781,0.671875,1.033203,0.375671,-0.410645,0.283875,-0.780823
1.2040455341339111,0.732422,7.171875,-0.949219,-6.687500,0.439453,0.917969,0.611328,0.383423,-0.398865,0.285034,-0.782715
1.2240123748779297,0.755127,-0.847656,-0.183594,-3.035156,-0.441406,0.658203,0.072266,0.383484,-0.392151,0.289307,-0.784546
1.2431995868682861,0.770630,-3.984375,0.730469,5.796875,-0.667969,0.316406,-0.220703,0.378723,-0.390503,0.296021,-0.785095
1.263833999633789,0.764526,-1.992188,0.824219,0.250000,-0.566406,-0.408203,-0.615234,0.373169,-0.394348,0.299316,-0.784607
1.284008502960205,0.732178,-3.472656,-0.140625,-1.140625,-0.419922,-0.785156,-0.828125,0.367249,-0.403931,0.297424,-0.783264
1.3033952713012695,0.706543,-3.230469,-0.531250,-1.890625,0.285156,-0.007813,-0.201172,0.363647,-0.409302,0.294556,-0.783264
1.3239986896514893,0.698853,1.625000,-1.566406,-2.878906,0.857422,0.326172,0.115234,0.365845,-0.404968,0.290344,-0.786011
1.3439908027648926,0.687988,-0.257813,-0.097656,0.796875,0.611328,0.341797,0.250000,0.368835,-0.399353,0.286499,-0.788940
1.364349365234375,0.680542,0.820312,1.570313,2.312500,-0.111328,0.269531,0.617187,0.372742,-0.394165,0.287292,-0.789429
1.3842864036560059,0.680542,3.230469,3.496094,2.968750,-0.744141,-0.007813,0.609375,0.375671,-0.393494,0.293823,-0.785950
1.4039218425750732,0.696167,0.726562,3.398438,4.378906,0.048828,0.839844,0.492187,0.376953,-0.390076,0.299438,-0.784912
1.4241394996643066,0.719604,3.011719,-2.667969,-6.144531,0.355469,0.957031,0.380859,0.378967,-0.380188,0.302734,-0.787537
1.449538230895996,0.749756,-1.414063,-0.441406,-2.617188,-0.056641,0.859375,0.082031,0.378418,-0.371887,0.305786,-0.790588
1.4646291732788086,0.751465,-2.589844,-0.593750,2.386719,-0.113281,0.150391,-0.121094,0.376282,-0.367798,0.308411,-0.792480
1.4844448566436768,0.743896,-1.816406,0.218750,1.640625,-0.175781,-0.662109,-0.171875,0.375427,-0.370789,0.308044,-0.791626
1.5044012069702148,0.713501,-1.750000,0.378906,1.375000,-0.181641,-1.523438,-0.464844,0.375610,-0.381470,0.304077,-0.787964
1.5246903896331787,0.710937,-3.628906,0.718750,0.402344,0.208984,-0.900391,-0.042969,0.377319,-0.393127,0.297058,-0.784119
1.5446348190307617,0.730835,0.820312,0.648437,-2.714844,0.580078,0.447266,0.720703,0.382385,-0.391479,0.294983,-0.783264
1.563847541809082,0.763794,7.792969,-1.199219,-2.492188,0.261719,0.910156,0.546875,0.387024,-0.382996,0.296692,-0.784546
1.5846304893493652,0.808960,-0.324219,-0.777344,0.425781,-0.390625,1.107422,0.095703,0.386475,-0.373779,0.302002,-0.787231
1.604400396347046,0.814209,-2.574219,-1.214844,3.839844,-0.714844,0.673828,-0.507812,0.379272,-0.369873,0.309937,-0.789490
1.624418020248413,0.809082,-5.539062,-1.273438,3.265625,0.328125,0.771484,-0.791016,0.371094,-0.367798,0.312012,-0.793518
1.64463210105896,0.778809,-2.503906,-3.160156,-5.476562,0.654297,0.933594,-0.697266,0.364380,-0.360474,0.307556,-0.801697
1.6645889282226562,0.747314,0.503906,0.246094,0.460937,0.017578,0.447266,-0.308594,0.359070,-0.355347,0.305481,-0.807129
1.6846261024475098,0.723877,0.152344,3.433594,4.617187,-0.333984,0.121094,0.378906,0.358093,-0.353699,0.308228,-0.807251
1.7045869827270508,0.682007,3.027344,5.343750,3.140625,-0.058594,0.044922,0.169922,0.359619,-0.352783,0.311401,-0.805786
1.724668264389038,0.664307,0.367188,3.007813,0.558594,0.000000,-0.302734,-0.119141,0.360046,-0.353577,0.311218,-0.805298
1.7448108196258545,0.634277,0.507812,1.199219,2.519531,-0.314453,-0.707031,-0.175781,0.359741,-0.358765,0.310425,-0.803406
1.7648921012878418,0.581909,1.242188,1.636719,2.925781,-0.015625,-0.927734,-0.369141,0.359558,-0.367065,0.307861,-0.800781
1.7851216793060303,0.561157,-0.921875,-0.050781,-1.621094,0.199219,-0.826172,-0.345703,0.359802,-0.374817,0.302246,-0.799194
1.8048052787780762,0.550537,-0.613281,-1.246094,-2.648438,0.003906,-0.896484,-0.382813,0.359802,-0.382507,0.297058,-0.797485
1.824833869934082,0.531860,-0.914062,-0.433594,0.777344,-0.082031,-0.714844,-0.208984,0.359680,-0.390015,0.292969,-0.795410
1.8449769020080566,0.483643,1.023438,0.382813,-0.339844,-0.220703,-0.414062,-0.007813,0.359863,-0.395203,0.291870,-0.793152
1.864931583404541,0.476074,1.640625,0.660156,-0.429687,-0.152344,-0.109375,0.029297,0.359924,-0.398254,0.292664,-0.791321
1.8841140270233154,0.488525,1.042969,0.371094,0.054687,-0.125000,0.167969,0.144531,0.360107,-0.397949,0.294128,-0.790833
1.9048914909362793,0.556885,0.410156,-0.265625,0.675781,-0.128906,0.277344,0.115234,0.360046,-0.395874,0.296448,-0.791077
1.9250335693359375,0.588013,-0.695312,-0.511719,0.703125,-0.156250,-0.183594,-0.015625,0.359436,-0.396362,0.297852,-0.790588
1.945030689239502,0.624390,-3.492188,-0.113281,1.687500,0.486328,0.423828,0.718750,0.362488,-0.394226,0.298279,-0.790100
1.9650533199310303,0.697754,2.355469,-0.335938,-1.402344,0.314453,0.580078,0.367188,0.367371,-0.386536,0.298950,-0.791321
1.9850878715515137,0.727661,-2.367188,-0.328125,-0.246094,0.035156,0.513672,0.144531,0.368103,-0.381226,0.300232,-0.793091
2.0049374103546143,0.742432,-0.558594,-0.019531,1.214844,-0.154297,0.500000,0.000000,0.367065,-0.376953,0.302856,-0.794617
2.024996042251587,0.753784,0.203125,-0.089844,0.683594,-0.017578,0.339844,-0.011719,0.365051,-0.374146,0.305176,-0.796021
2.045356512069702,0.762695,-1.292969,-0.082031,0.285156,-0.169922,-0.257813,-0.046875,0.364624,-0.374084,0.305786,-0.796021
2.0652525424957275,0.776611,-2.250000,0.539062,2.898438,-0.058594,-0.044922,0.251953,0.365234,-0.376160,0.306641,-0.794373
2.084639310836792,0.787354,2.148438,-0.281250,-0.500000,0.097656,0.328125,0.154297,0.366882,-0.373596,0.307617,-0.794495
2.105654716491699,0.799683,1.589844,-0.464844,-3.597656,-0.388672,0.199219,-0.195312,0.365540,-0.371948,0.309631,-0.795105
2.125445604324341,0.795654,-3.128906,-0.140625,3.375000,-0.429687,-0.285156,-0.628906,0.360107,-0.375854,0.311462,-0.795044
2.144890069961548,0.785889,-2.488281,0.066406,-1.066406,0.025391,-0.087891,-0.345703,0.356018,-0.379822,0.310486,-0.795349
2.1650445461273193,0.771484,1.949219,-0.371094,-2.937500,0.330078,0.056641,0.250000,0.356567,-0.379150,0.308411,-0.796204
2.185488224029541,0.769775,3.320313,0.554687,-2.015625,0.152344,0.398438,0.441406,0.359558,-0.375305,0.308716,-0.796570
2.205242872238159,0.772095,1.328125,0.410156,0.722656,0.115234,0.244141,0.416016,0.362671,-0.370911,0.310364,-0.796631
2.2254600524902344,0.782593,-0.070312,0.082031,0.300781,0.201172,0.261719,0.343750,0.365601,-0.366821,0.311401,-0.796753
2.245457649230957,0.786499,0.058594,-0.562500,-1.007813,0.257813,0.169922,0.318359,0.368408,-0.363159,0.311584,-0.797058
2.265929937362671,0.788208,-0.597656,-0.257813,-0.183594,0.052734,0.003906,-0.031250,0.370117,-0.361206,0.311218,-0.797302
2.285393476486206,0.779419,-2.972656,-0.273438,1.671875,-0.144531,-0.140625,-0.460937,0.368103,-0.362610,0.310547,-0.797852
2.305694580078125,0.773315,-2.472656,-0.394531,1.140625,-0.298828,-0.181641,-0.623047,0.363220,-0.367188,0.309448,-0.798401
2.3256397247314453,0.765137,-0.984375,-0.304688,0.164062,-0.375000,0.087891,-0.447266,0.357910,-0.369934,0.309998,-0.799377
2.345428705215454,0.739746,2.808594,0.656250,-2.011719,-0.408203,0.017578,-0.144531,0.353394,-0.372559,0.312622,-0.799072
2.3656342029571533,0.742554,3.031250,-0.203125,-0.101563,-0.177734,0.166016,0.246094,0.352722,-0.372192,0.315735,-0.798340
2.3857579231262207,0.747314,1.597656,-0.585937,-0.378906,0.017578,-0.125000,-0.009766,0.353333,-0.371826,0.316833,-0.797791
2.4051413536071777,0.752441,-2.785156,-1.066406,-1.367188,0.138672,0.033203,0.080078,0.353882,-0.372681,0.315735,-0.797607
2.426124334335327,0.763794,-1.882813,-0.617187,-0.675781,0.199219,0.335938,0.150391,0.354919,-0.370178,0.315247,-0.798523
2.4461777210235596,0.768433,0.761719,0.058594,-0.371094,-0.027344,0.662109,0.355469,0.355713,-0.364929,0.316895,-0.799927
2.465096950531006,0.772095,2.191406,0.945312,0.761719,-0.046875,0.507812,0.296875,0.356262,-0.359375,0.320740,-0.800659
2.4857757091522217,0.783447,0.191406,1.054688,0.269531,-0.226562,0.167969,0.273438,0.357117,-0.356140,0.323975,-0.800415
2.505685329437256,0.783936,0.507812,0.894531,1.449219,-0.082031,-0.136719,0.072266,0.357910,-0.355774,0.325928,-0.799438
2.5261924266815186,0.779907,-2.296875,-0.300781,-0.441406,-0.181641,-0.478516,-0.197266,0.357971,-0.359009,0.325684,-0.798035
2.545914649963379,0.785767,-2.839844,-0.367188,0.554687,-0.156250,-0.625000,-0.353516,0.356934,-0.365295,0.323914,-0.796387
2.56597900390625,0.797363,-2.214844,-0.332031,-0.332031,0.234375,0.152344,0.208984,0.357056,-0.367798,0.322205,-0.795898
2.585941791534424,0.812622,2.105469,-0.652344,-2.429688,0.189453,0.207031,0.242187,0.359070,-0.364746,0.321960,-0.796509
2.60575532913208,0.822998,0.476562,0.296875,0.289063,0.146484,-0.087891,0.195312,0.361511,-0.362427,0.321655,-0.796570
2.6260786056518555,0.820923,-0.589844,0.832031,1.207031,0.171875,-0.007813,0.083984,0.363525,-0.361938,0.320740,-0.796265
2.6460494995117188,0.812256,0.191406,0.558594,0.339844,0.089844,-0.101563,-0.263672,0.363403,-0.362122,0.319397,-0.796753
2.6654577255249023,0.799194,-0.894531,0.121094,0.101563,-0.244141,-0.314453,-0.703125,0.359802,-0.366211,0.317566,-0.797241
2.6861350536346436,0.751343,-1.726563,-0.437500,-0.019531,-0.171875,0.162109,-0.642578,0.353394,-0.370361,0.316162,-0.798767
2.7063887119293213,0.740356,1.062500,-1.046875,-2.539063,-0.046875,0.560547,-0.158203,0.348938,-0.368713,0.316467,-0.801331
2.725879430770874,0.742554,3.304688,-0.609375,-2.101563,0.111328,0.867187,0.300781,0.347290,-0.362366,0.319092,-0.803894
2.746328592300415,0.764160,2.664063,-0.027344,-0.203125,0.005859,0.457031,0.425781,0.348328,-0.355286,0.322266,-0.805359
2.7668559551239014,0.778564,-0.660156,0.945312,2.761719,0.171875,0.291016,0.660156,0.351868,-0.350281,0.324951,-0.804932
2.786036252975464,0.789062,1.382813,0.250000,-0.535156,0.207031,0.220703,0.503906,0.357056,-0.344910,0.326355,-0.804382
2.8067212104797363,0.801270,0.175781,0.113281,-0.894531,0.072266,0.148437,0.113281,0.359558,-0.341675,0.327026,-0.804382
2.8262951374053955,0.802856,-1.738281,-0.261719,0.144531,-0.048828,0.308594,-0.056641,0.359009,-0.339600,0.327759,-0.805237
2.846649169921875,0.802246,-0.492187,-0.230469,1.156250,-0.251953,0.283203,-0.207031,0.356262,-0.338440,0.329834,-0.806091
2.8663806915283203,0.813721,-1.097656,-0.406250,0.519531,-0.240234,0.197266,0.052734,0.353760,-0.337585,0.332214,-0.806519
2.8866500854492188,0.822632,0.941406,-0.007813,-0.261719,-0.099609,0.082031,0.410156,0.354736,-0.336731,0.334717,-0.805420
2.906114101409912,0.830566,1.878906,0.183594,0.300781,0.355469,0.333984,0.431641,0.358154,-0.332703,0.336121,-0.804993
2.9261398315429688,0.831787,-0.363281,-0.144531,-3.457031,0.490234,0.308594,-0.019531,0.360107,-0.327759,0.334900,-0.806702
2.9463083744049072,0.823730,-2.667969,-1.027344,-0.890625,1.652344,0.445312,-0.775391,0.358704,-0.323364,0.326904,-0.812317
2.9666502475738525,0.811890,-5.496094,-5.214844,-4.992187,1.460938,0.804687,-0.525391,0.356689,-0.313599,0.312988,-0.822510
2.9919965267181396,0.751465,0.464844,-4.414062,-6.937500,0.402344,0.763672,-0.033203,0.354553,-0.304749,0.307617,-0.828735
3.0063161849975586,0.696167,1.597656,2.968750,3.281250,-0.123047,0.324219,0.136719,0.353943,-0.299316,0.308350,-0.830750
3.0266528129577637,0.653564,-0.589844,2.148438,2.574219,-0.896484,-0.021484,-0.042969,0.352600,-0.299377,0.313599,-0.829285
3.046945333480835,0.623657,-1.242188,1.882813,4.980469,-1.187500,-0.494141,-0.187500,0.348938,-0.305969,0.321350,-0.825439
3.066772222518921,0.598267,-2.714844,2.277344,4.656250,-0.429687,-0.554687,-0.255859,0.346252,-0.314270,0.325806,-0.821716
3.086751937866211,0.594849,1.070313,0.371094,-3.003906,0.117188,-0.714844,-0.310547,0.345581,-0.320679,0.323242,-0.820496
3.1067187786102295,0.583496,0.980469,0.746094,-1.117188,-0.207031,-1.119141,-0.427734,0.345398,-0.329590,0.319763,-0.818420
3.126906394958496,0.566772,0.718750,1.457031,3.894531,-0.148437,-1.136719,-0.500000,0.344666,-0.341125,0.315308,-0.815735
3.1466968059539795,0.552124,-0.367188,0.339844,-0.839844,-0.570312,-0.787109,-0.302734,0.342957,-0.351624,0.313782,-0.812561
3.1672542095184326,0.541260,1.570313,0.691406,0.359375,-0.492187,-0.132812,0.056641,0.341370,-0.358093,0.316711,-0.809265
3.1860318183898926,0.569580,2.273438,0.253906,-0.894531,-0.185547,0.179687,0.123047,0.341370,-0.357117,0.319397,-0.808655
3.207221269607544,0.652954,1.605469,-3.128906,-2.757813,-0.134766,-0.109375,0.033203,0.341003,-0.357727,0.321045,-0.807861
3.2270824909210205,0.696045,-3.289063,-0.117188,1.757813,0.306641,0.541016,0.662109,0.343567,-0.354797,0.322388,-0.807556
3.246471405029297,0.729004,5.093750,-0.515625,-3.324219,0.269531,0.523437,0.216797,0.346436,-0.348206,0.323181,-0.808899
3.267064094543457,0.768066,-2.785156,-0.257813,-1.722656,-0.046875,0.593750,0.091797,0.346252,-0.342712,0.324646,-0.810730
3.2868781089782715,0.772339,0.171875,0.011719,1.285156,-0.205078,0.177734,-0.193359,0.343994,-0.339966,0.327148,-0.811829
3.306926965713501,0.773926,-1.289063,0.210937,2.050781,-0.240234,-0.464844,-0.236328,0.341614,-0.342834,0.327698,-0.811401
3.3269777297973633,0.800171,-1.343750,0.562500,1.632813,-0.218750,-0.580078,0.294922,0.342041,-0.348938,0.327881,-0.808533
3.3470571041107178,0.813965,1.382813,-0.019531,1.984375,0.671875,-0.027344,1.023438,0.349792,-0.348145,0.327393,-0.805786
3.3674685955047607,0.819946,6.707031,0.042969,-5.117187,0.060547,-0.150391,0.250000,0.357056,-0.345032,0.325928,-0.804504
3.3871192932128906,0.820435,-3.773438,-0.230469,3.324219,-0.025391,0.183594,0.060547,0.358154,-0.344360,0.326416,-0.804077
3.407076120376587,0.812988,0.656250,0.121094,-0.312500,-0.083984,0.054687,-0.353516,0.356445,-0.343689,0.327087,-0.804871
3.427372932434082,0.803711,-2.300781,-0.109375,0.230469,-0.382813,-0.005859,-0.751953,0.350830,-0.346985,0.327148,-0.805908
3.447145700454712,0.794312,-4.492187,-0.308594,1.800781,-0.333984,0.580078,-0.439453,0.343689,-0.348145,0.328918,-0.807800
3.4674267768859863,0.800049,3.250000,-0.843750,-2.304688,-0.097656,0.988281,-0.126953,0.338013,-0.342712,0.332520,-0.811035
3.487421751022339,0.796753,2.078125,-0.421875,-1.714844,-0.005859,0.785156,0.097656,0.335144,-0.335571,0.335388,-0.814026
3.506924867630005,0.790894,1.753906,0.542969,-0.007813,0.117188,0.156250,0.070312,0.334412,-0.330933,0.336670,-0.815674
3.5274202823638916,0.778320,-0.558594,1.070313,0.414062,-0.101563,-0.228516,-0.013672,0.334839,-0.331299,0.336853,-0.815247
3.547431707382202,0.770142,-0.980469,0.656250,1.070313,-0.025391,-0.576172,-0.039063,0.335571,-0.334961,0.335999,-0.813843
3.5667788982391357,0.778076,-0.875000,0.011719,-0.277344,0.154297,-0.078125,0.242187,0.337769,-0.337830,0.334717,-0.812256
3.5873465538024902,0.804321,1.621094,-0.597656,-1.515625,0.294922,0.476562,0.316406,0.340271,-0.333923,0.334412,-0.812927
3.6074864864349365,0.810669,2.304688,-1.152344,-3.449219,0.070312,0.496094,0.111328,0.341187,-0.328369,0.334900,-0.814636
3.6272618770599365,0.814819,-0.789062,-0.046875,2.457031,-0.037109,0.326172,-0.062500,0.339722,-0.325073,0.336609,-0.815857
3.6475892066955566,0.810181,-0.742187,0.527344,0.488281,-0.236328,-0.101563,-0.220703,0.337524,-0.325073,0.337769,-0.816284
3.667707920074463,0.804932,-1.859375,0.800781,2.574219,-0.160156,-0.320313,-0.171875,0.335876,-0.328674,0.338013,-0.815430
3.6877474784851074,0.802002,-0.390625,0.589844,0.636719,-0.054687,-0.218750,-0.103516,0.335510,-0.331543,0.337402,-0.814636
3.7079062461853027,0.799927,-0.515625,-0.371094,-0.222656,-0.072266,-0.068359,-0.130859,0.334900,-0.333313,0.336975,-0.814392
3.7277133464813232,0.801758,-0.628906,-0.140625,0.136719,-0.119141,0.195312,-0.058594,0.333618,-0.333435,0.337769,-0.814514
3.7476704120635986,0.803467,0.980469,-0.285156,0.078125,-0.162109,0.384766,-0.054687,0.331604,-0.331726,0.339661,-0.815247
3.767099618911743,0.802490,0.656250,-0.507812,-0.496094,-0.029297,0.572266,0.064453,0.329346,-0.328125,0.342590,-0.816406
3.7932283878326416,0.800659,1.507813,0.199219,-2.000000,0.035156,0.324219,0.185547,0.328918,-0.323608,0.344543,-0.817566
3.807451009750366,0.800659,0.363281,0.742187,0.843750,-0.027344,-0.126953,0.132812,0.329895,-0.322693,0.345154,-0.817261
3.8274450302124023,0.801636,-1.453125,0.597656,1.531250,0.390625,0.210937,0.585937,0.333069,-0.321289,0.344910,-0.816650
3.847881317138672,0.807861,1.160156,-0.093750,-1.171875,0.279297,0.373047,0.482422,0.337952,-0.315369,0.344788,-0.816956
3.8678743839263916,0.813965,-1.855469,-0.332031,1.085938,-0.017578,0.298828,-0.021484,0.338806,-0.311829,0.345459,-0.817688
3.887986898422241,0.818970,-2.605469,-0.253906,0.937500,-0.384766,0.210937,-0.341797,0.335938,-0.310364,0.347290,-0.818665
3.908223867416382,0.822510,-0.953125,-0.285156,1.636719,-0.326172,-0.041016,-0.378906,0.330994,-0.313049,0.349548,-0.818665
3.9276559352874756,0.826172,-2.570313,0.007813,1.585938,0.050781,0.156250,0.160156,0.329590,-0.313110,0.350525,-0.818787
3.948054790496826,0.832520,2.902344,0.398438,-0.964844,0.021484,0.150391,0.607422,0.332458,-0.311096,0.351746,-0.817871
3.9679081439971924,0.843140,2.847656,0.453125,1.699219,0.285156,0.234375,0.296875,0.336792,-0.306763,0.352478,-0.817444
3.988229513168335,0.842407,-0.343750,-0.488281,-2.937500,0.566406,0.214844,-0.583984,0.336060,-0.303772,0.349792,-0.820007
4.0078020095825195,0.836182,-4.855469,-2.230469,-1.828125,2.142578,0.464844,-1.134766,0.331421,-0.300171,0.336670,-0.828674
4.027542591094971,0.826416,-0.054687,-6.101562,-10.234375,1.613281,1.076172,-0.533203,0.327698,-0.289246,0.319214,-0.840881
4.0486555099487305,0.775879,3.707031,1.492188,1.171875,-0.439453,0.427734,-0.189453,0.323975,-0.281799,0.316528,-0.845825
4.068181753158569,0.722046,-0.636719,5.359375,11.550781,-1.091797,-0.023437,0.175781,0.320679,-0.283508,0.324280,-0.843567
4.087661981582642,0.669800,-2.121094,5.152344,7.300781,-0.914062,-0.166016,0.500000,0.321350,-0.286194,0.333618,-0.838745
4.1081860065460205,0.637085,-0.199219,2.691406,0.632812,-0.785156,-0.443359,0.076172,0.322388,-0.290405,0.340576,-0.834106
4.128599166870117,0.636353,-2.480469,0.316406,1.960938,-0.437500,-0.941406,-0.281250,0.322083,-0.298584,0.343567,-0.830139
4.147975444793701,0.630371,-0.542969,0.308594,1.328125,-0.326172,-1.082031,-0.501953,0.321228,-0.309509,0.341553,-0.827209
4.173277378082275,0.604370,-0.339844,-0.257813,-0.562500,-0.132812,-1.115234,-0.636719,0.319397,-0.321533,0.338440,-0.824646
4.188002347946167,0.588379,0.710937,0.164062,-3.410156,0.048828,-1.142578,-0.738281,0.317505,-0.333130,0.332581,-0.823181
4.2083659172058105,0.573486,0.253906,-0.695312,-2.039063,-0.394531,-0.945312,-0.423828,0.315308,-0.344421,0.328613,-0.820923
4.228482007980347,0.614746,1.507813,0.046875,2.160156,-0.220703,0.048828,0.126953,0.314514,-0.350342,0.329895,-0.818237
4.248366355895996,0.647827,3.199219,1.007813,0.417969,-0.060547,0.492187,-0.011719,0.313782,-0.347229,0.331787,-0.819092
4.2682719230651855,0.690308,-1.894531,-1.484375,0.707031,-0.253906,0.572266,0.017578,0.311462,-0.343628,0.334778,-0.820251
4.289597749710083,0.774292,-0.988281,-0.042969,2.140625,-0.197266,0.843750,0.558594,0.309937,-0.337708,0.340210,-0.821045
4.3086583614349365,0.799316,1.378906,-0.761719,2.140625,0.333984,0.349609,0.804687,0.314209,-0.329346,0.343933,-0.821289
4.328742504119873,0.810913,4.710937,0.386719,-3.363281,0.099609,-0.525391,0.259766,0.319885,-0.327271,0.343506,-0.820068
4.3480823040008545,0.815430,-4.031250,0.742187,1.847656,0.148437,-0.656250,-0.011719,0.323364,-0.331665,0.341125,-0.817993
4.368590354919434,0.812744,-0.707031,-0.062500,-0.925781,0.089844,-0.041016,0.027344,0.324951,-0.333984,0.338867,-0.817322
4.388743877410889,0.812134,1.707031,-0.269531,-1.500000,-0.085937,-0.056641,-0.203125,0.324402,-0.335022,0.338013,-0.817505
4.407849311828613,0.825317,-1.039063,-0.363281,0.031250,-0.361328,0.134766,-0.177734,0.322327,-0.335632,0.339172,-0.817566
4.4287965297698975,0.850220,-0.984375,-0.890625,2.277344,-0.527344,0.832031,0.039063,0.317993,-0.333801,0.344482,-0.817749
4.448687553405762,0.853760,1.996094,-1.726563,-0.433594,0.111328,0.833984,0.058594,0.314819,-0.327515,0.348755,-0.819763
4.468758583068848,0.850220,0.019531,-1.968750,-4.980469,0.781250,0.726562,-0.179687,0.313171,-0.320007,0.347717,-0.823792
4.488645076751709,0.838257,-0.238281,-1.742188,-4.085937,0.427734,0.523437,-0.080078,0.311890,-0.312500,0.343506,-0.828918
4.508710145950317,0.827637,-0.152344,1.734375,2.625000,0.035156,0.162109,0.142578,0.311401,-0.309448,0.343018,-0.830444
4.528782367706299,0.811646,-0.082031,3.246094,1.656250,0.113281,-0.060547,0.119141,0.313049,-0.307922,0.343018,-0.830383
4.5492212772369385,0.765259,0.761719,2.324219,-0.503906,-0.140625,-0.470703,-0.583984,0.311829,-0.311035,0.341553,-0.830261
4.569130182266235,0.730835,-3.898438,0.250000,3.000000,-0.062500,-0.871094,-0.785156,0.307861,-0.319397,0.338257,-0.829956
4.589056491851807,0.697998,0.367188,1.597656,0.523437,-0.189453,-1.001953,-0.552734,0.305176,-0.329834,0.333557,-0.828735
4.608232736587524,0.676514,2.835938,2.171875,1.062500,-0.390625,-0.888672,-0.363281,0.303528,-0.340576,0.331787,-0.825684
4.6289613246917725,0.666382,1.937500,1.218750,1.832031,-0.162109,-0.345703,-0.042969,0.302856,-0.347046,0.331604,-0.823303
4.64920449256897,0.673340,2.570313,-0.378906,-1.531250,0.060547,0.210937,0.306641,0.303894,-0.346985,0.332336,-0.822693
4.668621778488159,0.691284,1.660156,-0.671875,-1.031250,0.101563,0.316406,0.390625,0.306030,-0.343811,0.333801,-0.822632
4.689067125320435,0.726196,-1.210938,-0.464844,0.437500,0.134766,0.378906,0.406250,0.308960,-0.338806,0.335144,-0.823059
4.709495782852173,0.740723,1.234375,-0.832031,-0.757812,-0.226562,-0.003906,-0.056641,0.309448,-0.336914,0.336670,-0.823059
4.729169130325317,0.752808,-1.753906,0.179687,1.800781,-0.302734,0.039063,-0.103516,0.307861,-0.337830,0.338623,-0.822449
4.749382019042969,0.768066,0.917969,-0.066406,0.039063,-0.419922,-0.136719,-0.373047,0.304810,-0.340088,0.340820,-0.821777
4.769687652587891,0.766235,-1.425781,-0.078125,-0.136719,-0.125000,0.048828,-0.234375,0.300659,-0.343384,0.342163,-0.821350
4.789470434188843,0.767456,-1.417969,-0.300781,-0.523437,-0.021484,0.234375,-0.033203,0.298828,-0.342712,0.342712,-0.822083
4.809069395065308,0.788574,0.191406,0.082031,0.656250,-0.105469,0.345703,0.281250,0.298523,-0.340515,0.344360,-0.822388
4.829383373260498,0.799316,2.183594,-0.363281,1.257813,0.136719,0.433594,0.359375,0.300354,-0.335938,0.346375,-0.822754
4.84921932220459,0.807617,1.703125,0.074219,-2.140625,-0.140625,0.347656,0.029297,0.300476,-0.331787,0.348083,-0.823669
4.8689045906066895,0.813721,-1.867188,-0.062500,0.667969,-0.160156,0.267578,-0.117188,0.298279,-0.330200,0.350403,-0.824158
4.889292001724243,0.816406,-0.121094,0.027344,-1.398438,-0.113281,0.082031,-0.113281,0.296204,-0.329407,0.351501,-0.824768
4.909371614456177,0.818848,-0.351563,0.027344,-0.089844,0.078125,0.222656,0.261719,0.296387,-0.328247,0.352051,-0.824890
4.928994655609131,0.822998,2.308594,0.226562,-1.015625,0.169922,0.517578,0.281250,0.298218,-0.323425,0.352722,-0.825867
4.949713706970215,0.832520,2.171875,-0.347656,-2.289063,-0.150391,0.552734,-0.001953,0.297546,-0.318359,0.354675,-0.827209
4.969508409500122,0.833374,-1.503906,-0.031250,1.656250,-0.255859,0.224609,-0.244141,0.294434,-0.316040,0.357178,-0.828186
4.9893858432769775,0.831177,-1.328125,0.214844,0.359375,-0.039063,-0.158203,-0.216797,0.291870,-0.316650,0.357788,-0.828552
5.009664058685303,0.820801,0.449219,0.175781,-1.652344,0.009766,-0.558594,-0.068359,0.292114,-0.320190,0.356079,-0.827881
5.029793977737427,0.818848,-0.261719,0.582031,0.277344,0.208984,-0.636719,0.203125,0.294800,-0.325623,0.353394,-0.825928
5.0497260093688965,0.821899,2.960938,0.265625,-1.140625,0.255859,-0.033203,0.402344,0.299744,-0.326050,0.351440,-0.824829
5.069788217544556,0.835693,1.097656,-0.652344,-0.742187,0.048828,0.335938,0.117188,0.301575,-0.323425,0.351746,-0.825073
5.0897064208984375,0.841675,-1.441406,-0.769531,0.109375,-0.064453,0.572266,0.041016,0.300598,-0.319214,0.353333,-0.826355
5.109860420227051,0.843384,0.648437,-0.300781,-0.687500,-0.144531,0.738281,0.083984,0.298462,-0.313965,0.356201,-0.827942
5.130072116851807,0.849609,0.875000,-0.023437,-0.437500,-0.039063,0.667969,0.273438,0.297058,-0.307190,0.359375,-0.829590
5.149867057800293,0.853149,1.281250,0.183594,0.398438,-0.062500,0.179687,0.289063,0.297668,-0.303467,0.361755,-0.829712
5.169960975646973,0.854614,-0.929687,0.820312,1.652344,0.021484,-0.134766,0.205078,0.299744,-0.302429,0.362793,-0.828857
5.189068794250488,0.855225,-0.164062,0.414062,0.046875,0.021484,0.019531,0.027344,0.301086,-0.302856,0.362427,-0.828430
5.209904670715332,0.854248,0.035156,-0.121094,-0.183594,-0.183594,0.039063,-0.275391,0.299866,-0.302795,0.362671,-0.828796
5.23007869720459,0.851562,-2.011719,0.261719,1.394531,-0.240234,-0.011719,-0.457031,0.295776,-0.304932,0.363525,-0.829102
5.249872446060181,0.849854,-1.269531,-0.343750,0.398438,-0.191406,0.150391,-0.337891,0.291016,-0.307312,0.364502,-0.829407
5.269978046417236,0.849731,-1.453125,-0.343750,0.398438,-0.193359,0.226562,-0.119141,0.287781,-0.307373,0.365723,-0.830017
5.2903151512146,0.848999,1.210938,-0.375000,-0.039063,0.123047,0.275391,0.044922,0.286438,-0.305786,0.366333,-0.830811
5.309962034225464,0.846436,0.804687,-0.183594,-1.816406,0.226562,0.218750,0.248047,0.287231,-0.302551,0.365906,-0.831909
5.330087423324585,0.843628,1.312500,0.644531,-0.320313,0.070312,0.103516,0.472656,0.290100,-0.299561,0.366211,-0.831848
5.3497161865234375,0.846313,1.691406,1.378906,1.140625,0.072266,0.236328,0.515625,0.294128,-0.296021,0.367554,-0.831116
5.370108366012573,0.850098,-0.238281,-0.519531,-0.574219,0.060547,0.199219,0.115234,0.296143,-0.292908,0.368469,-0.831116
5.390217542648315,0.854004,-2.582031,-0.628906,-0.562500,-0.064453,0.267578,-0.060547,0.295715,-0.290710,0.369080,-0.831787
5.4105918407440186,0.853271,-0.335938,-0.054687,0.351563,-0.390625,0.056641,-0.494141,0.292053,-0.290955,0.370667,-0.832214
5.4302287101745605,0.851685,-2.429688,-0.113281,2.136719,-0.310547,0.058594,-0.460937,0.286377,-0.293701,0.372681,-0.832397
5.449706077575684,0.851318,0.980469,-0.058594,-1.332031,-0.187500,-0.021484,-0.107422,0.283142,-0.295471,0.374146,-0.832214
5.470453977584839,0.853394,2.164063,0.070312,-0.597656,-0.093750,-0.125000,-0.082031,0.282471,-0.296875,0.374634,-0.831726
5.490297794342041,0.852661,0.113281,0.000000,-0.687500,-0.101563,-0.019531,-0.164062,0.281250,-0.298401,0.374878,-0.831421
5.509962558746338,0.849731,-1.031250,-0.757812,0.445312,-0.011719,0.125000,-0.238281,0.279053,-0.299072,0.375061,-0.831848
5.53043532371521,0.839478,0.019531,-0.566406,-1.613281,0.136719,0.207031,-0.041016,0.277405,-0.297974,0.374390,-0.833130
5.55031681060791,0.837036,1.390625,0.292969,-1.371094,0.064453,0.160156,0.277344,0.278015,-0.295471,0.374634,-0.833679
5.570660591125488,0.836548,2.664063,1.750000,0.214844,-0.017578,0.185547,0.386719,0.280396,-0.292786,0.375610,-0.833374
5.590194463729858,0.837769,1.277344,1.035156,0.125000,0.011719,0.222656,0.291016,0.282410,-0.289856,0.377258,-0.833008
5.61000657081604,0.838257,-0.566406,-0.441406,-0.238281,0.046875,0.146484,0.210937,0.283875,-0.287292,0.378174,-0.833008
5.630458831787109,0.839355,-0.933594,-0.121094,-0.167969,0.158203,0.378906,0.400391,0.285522,-0.284241,0.378723,-0.833191
5.650670051574707,0.846436,0.199219,-0.386719,-0.535156,0.224609,0.431641,0.158203,0.287170,-0.278748,0.379150,-0.834290
5.670468330383301,0.848999,1.605469,-0.441406,-1.703125,0.119141,0.458984,0.050781,0.286987,-0.273987,0.379150,-0.835937
5.690460920333862,0.848755,-0.238281,-0.304688,0.734375,-0.154297,0.167969,-0.248047,0.284668,-0.271545,0.379944,-0.837158
5.710272550582886,0.848877,-1.988281,0.117188,1.566406,-0.105469,-0.064453,-0.019531,0.282654,-0.272583,0.380554,-0.837219
5.730715751647949,0.860107,-0.753906,0.355469,0.519531,-0.142578,-0.183594,0.744141,0.285522,-0.273132,0.381775,-0.835571
5.750476360321045,0.868042,2.179688,0.761719,0.574219,0.337891,-0.041016,1.373047,0.295898,-0.268921,0.383667,-0.832397
5.775405645370483,0.877197,2.359375,0.761719,-2.621094,0.330078,-0.167969,0.845703,0.306641,-0.264221,0.383118,-0.830261
5.790654420852661,0.875854,-1.925781,-0.035156,-0.417969,0.285156,-0.628906,0.195312,0.313293,-0.264465,0.380981,-0.828674
5.810695171356201,0.869995,-3.296875,0.140625,0.777344,0.310547,-1.066406,-0.462891,0.316589,-0.271240,0.374451,-0.828247
5.830708742141724,0.861206,-4.878906,0.398438,-1.851563,0.373047,-0.923828,-0.919922,0.315186,-0.280640,0.367615,-0.828735
5.850905179977417,0.814575,-3.519531,-2.000000,-3.261719,0.683594,-0.013672,-0.980469,0.309875,-0.287659,0.358948,-0.832092
5.8709869384765625,0.791870,0.101563,-3.355469,-3.605469,0.267578,0.580078,-0.271484,0.305359,-0.285461,0.352722,-0.837158
5.891114711761475,0.777588,4.519531,-1.855469,-2.687500,-0.322266,0.966797,-0.298828,0.300293,-0.280090,0.354492,-0.840088
5.91046667098999,0.750244,0.546875,-0.218750,1.683594,-0.498047,0.791016,-0.281250,0.293213,-0.274841,0.359985,-0.841919
5.930952548980713,0.733154,-0.664062,1.851563,1.132813,-0.167969,0.363281,-0.203125,0.288086,-0.271851,0.364319,-0.842834
5.950979948043823,0.720947,0.171875,1.769531,0.781250,0.091797,-0.095703,-0.287109,0.285583,-0.271545,0.364075,-0.843872
5.971310615539551,0.703125,-0.035156,1.339844,1.347656,0.041016,-0.718750,-0.503906,0.283875,-0.276245,0.361084,-0.844238
5.990987300872803,0.696167,-0.058594,2.562500,3.394531,-0.455078,-1.207031,-0.630859,0.282043,-0.287415,0.358643,-0.842163
6.01147198677063,0.692505,0.003906,2.058594,2.218750,-0.406250,-0.820312,-0.576172,0.279175,-0.299683,0.357849,-0.839172
6.030600309371948,0.681396,2.328125,-0.417969,-1.566406,-0.179687,-0.505859,-0.423828,0.276245,-0.308228,0.357056,-0.837341
6.0511391162872314,0.665771,1.562500,-0.792969,-1.929688,-0.041016,-0.117188,0.021484,0.275269,-0.312012,0.356323,-0.836609
6.070993900299072,0.677612,1.261719,-0.453125,-0.015625,-0.099609,-0.376953,-0.107422,0.275879,-0.313843,0.356018,-0.835876
6.091273307800293,0.701660,-4.660156,-0.027344,2.144531,-0.029297,-0.259766,0.146484,0.276428,-0.317810,0.355530,-0.834412
6.111051321029663,0.772461,-0.800781,-0.746094,1.226563,0.482422,0.417969,0.626953,0.281311,-0.313354,0.355408,-0.834473
6.131191730499268,0.796997,8.378906,-1.050781,-5.300781,0.277344,0.613281,0.130859,0.283569,-0.306641,0.355103,-0.836304
6.15118670463562,0.809082,-0.820312,-0.761719,-0.445312,-0.283203,0.443359,-0.357422,0.281067,-0.301575,0.356445,-0.838440
6.171236276626587,0.809204,-2.097656,-0.234375,3.039063,-0.623047,-0.250000,-0.898437,0.273193,-0.304932,0.358643,-0.838867
6.191359519958496,0.802612,-4.421875,0.777344,2.765625,-0.269531,-0.466797,-0.605469,0.266968,-0.312012,0.359314,-0.838013
6.211318492889404,0.794312,2.632813,0.742187,-1.585938,-0.076172,-0.214844,-0.166016,0.264099,-0.317444,0.358521,-0.837219
6.231323957443237,0.804687,1.945313,0.464844,0.308594,-0.201172,0.021484,0.214844,0.264465,-0.318542,0.359497,-0.836304
6.251017332077026,0.816406,-0.597656,0.289063,2.976563,0.363281,0.681641,0.992187,0.268433,-0.312744,0.361877,-0.836182
6.271303653717041,0.824097,5.632812,-0.753906,-3.261719,0.261719,0.587891,0.691406,0.274658,-0.303345,0.363403,-0.836975
6.290977239608765,0.830322,0.089844,-0.039063,-1.058594,0.107422,0.498047,0.224609,0.276855,-0.296936,0.364563,-0.838013
6.3116631507873535,0.833496,-0.902344,-0.109375,0.031250,-0.042969,0.613281,0.039063,0.275940,-0.291870,0.365967,-0.839478
6.33174729347229,0.828613,0.285156,-0.070312,0.679687,-0.339844,0.326172,-0.384766,0.272278,-0.288757,0.368652,-0.840576
6.351112604141235,0.827026,-2.250000,-0.406250,1.339844,-0.257813,0.226562,-0.335938,0.267090,-0.288574,0.370911,-0.841309
6.371673345565796,0.837646,-0.632812,-0.238281,-0.621094,-0.134766,-0.136719,0.085937,0.265686,-0.288574,0.372009,-0.841248
6.3912811279296875,0.844238,-0.097656,0.726562,2.457031,0.150391,0.238281,0.783203,0.268921,-0.287170,0.373840,-0.839905
6.41166090965271,0.847778,5.214844,0.031250,-1.746094,0.103516,0.191406,0.355469,0.273926,-0.282166,0.374695,-0.839600
6.431742906570435,0.851318,-1.671875,-0.105469,-1.144531,0.042969,0.220703,0.019531,0.274597,-0.279968,0.375244,-0.839844
6.451925992965698,0.848999,-2.742188,-0.031250,0.566406,0.091797,0.390625,-0.031250,0.273682,-0.276978,0.375549,-0.841064
6.472152471542358,0.844971,-0.558594,-0.343750,-0.500000,-0.027344,0.251953,-0.269531,0.271118,-0.274963,0.375793,-0.842407
6.491804122924805,0.842529,-1.546875,-0.503906,0.136719,0.027344,0.152344,0.033203,0.269043,-0.273438,0.375793,-0.843567
6.511883735656738,0.846313,0.945312,0.023437,-0.722656,0.117188,0.103516,0.394531,0.270691,-0.272095,0.375977,-0.843445
6.531575918197632,0.846069,0.867187,0.406250,1.062500,0.148437,0.097656,0.148437,0.273499,-0.269470,0.375732,-0.843445
6.55141282081604,0.846436,-2.289063,0.023437,0.386719,-0.224609,0.169922,-0.103516,0.272888,-0.268616,0.376343,-0.843689
6.571768045425415,0.843262,-0.050781,0.597656,2.601563,-0.357422,0.041016,-0.408203,0.269287,-0.269531,0.378540,-0.843567
6.59211802482605,0.838867,-1.500000,-0.113281,0.687500,-0.089844,0.089844,-0.486328,0.264526,-0.271545,0.379517,-0.843933
6.61181116104126,0.833496,-0.996094,-0.296875,-1.535156,-0.052734,0.052734,-0.304688,0.260437,-0.272949,0.379272,-0.844910
6.632094621658325,0.835327,0.406250,-0.582031,-0.148437,0.099609,0.066406,-0.060547,0.258606,-0.273071,0.378601,-0.845703
6.651922702789307,0.834717,0.535156,-0.101563,-0.460937,0.173828,0.125000,0.091797,0.258972,-0.271912,0.377808,-0.846313
6.67225980758667,0.832275,1.011719,0.390625,0.089844,0.041016,0.068359,0.179687,0.260132,-0.270142,0.377136,-0.846802
6.691904783248901,0.830933,0.964844,0.917969,0.097656,-0.050781,0.074219,0.240234,0.261536,-0.268921,0.378052,-0.846375
6.7119221687316895,0.835327,1.082031,0.429687,-0.093750,0.007813,0.148437,0.410156,0.263611,-0.267151,0.379517,-0.845642
6.732252597808838,0.843872,0.636719,-0.277344,-0.585937,0.142578,0.349609,0.820312,0.268250,-0.262146,0.381287,-0.844971
6.752312660217285,0.852783,3.109375,-0.289063,-0.886719,0.166016,0.142578,0.287109,0.272766,-0.257446,0.382141,-0.844543
6.772215127944946,0.853271,-1.562500,-0.511719,-0.074219,0.019531,0.076172,-0.447266,0.271973,-0.256470,0.381287,-0.845520
6.792048215866089,0.852539,-4.082031,-1.218750,1.242188,-0.134766,-0.396484,-1.324219,0.264038,-0.262268,0.379333,-0.847107
6.81174898147583,0.852783,-6.062500,-1.058594,0.738281,-0.185547,-0.289063,-0.849609,0.255920,-0.269409,0.376221,-0.848755
6.831829786300659,0.840942,4.582031,1.003906,-1.691406,-0.728516,-0.542969,-0.509766,0.250000,-0.277039,0.377136,-0.847656
6.852425575256348,0.835693,1.125000,3.890625,2.894531,-0.259766,-0.246094,0.263672,0.249939,-0.281555,0.381042,-0.844421
6.871668100357056,0.840454,1.121094,-3.324219,-1.671875,-0.048828,-0.283203,0.126953,0.251709,-0.284363,0.382690,-0.842224
6.892459869384766,0.849976,-2.074219,-1.722656,-1.777344,0.294922,0.361328,0.119141,0.253235,-0.283142,0.381653,-0.842651
6.912393093109131,0.852539,0.746094,-2.191406,-4.980469,0.089844,0.710937,0.099609,0.252441,-0.277222,0.381287,-0.844971
6.932695150375366,0.851685,0.019531,-1.832031,-1.066406,0.031250,0.750000,0.289063,0.251221,-0.270325,0.383362,-0.846619
6.9527552127838135,0.848755,1.738281,1.816406,-0.339844,-0.195312,0.128906,0.416016,0.252258,-0.265259,0.386292,-0.846619
6.972015142440796,0.847900,0.578125,3.226563,2.601563,-0.177734,-0.125000,0.402344,0.255493,-0.264832,0.388916,-0.844604
6.992761850357056,0.845093,-0.210937,1.808594,2.144531,-0.212891,-0.314453,0.238281,0.258362,-0.265747,0.390747,-0.842590
7.012472867965698,0.831177,0.425781,-0.609375,1.062500,0.007813,-0.373047,-0.066406,0.260315,-0.268372,0.391113,-0.841003
7.032513618469238,0.826050,-3.269531,-1.085938,-1.699219,0.001953,-0.298828,-0.230469,0.259949,-0.272339,0.390625,-0.840027
7.0524513721466064,0.830933,-2.074219,-1.238281,-1.402344,0.316406,0.134766,-0.109375,0.259033,-0.273499,0.388794,-0.840759
7.072664022445679,0.852051,0.375000,-1.261719,-3.746094,0.240234,0.593750,0.292969,0.258911,-0.269409,0.387939,-0.842529
7.092726707458496,0.858887,3.152344,-1.007813,-1.234375,0.162109,0.386719,0.417969,0.260681,-0.262695,0.388672,-0.843750
7.112672805786133,0.863159,-0.859375,1.128906,1.851563,-0.033203,-0.173828,0.386719,0.263794,-0.260315,0.389465,-0.843140
7.132096529006958,0.864746,-1.519531,1.601563,3.445313,0.095703,-0.298828,0.292969,0.268066,-0.261047,0.389648,-0.841553
7.152918338775635,0.858154,0.582031,1.007813,0.425781,0.273438,-0.003906,-0.222656,0.269653,-0.261475,0.387634,-0.841797
7.172675609588623,0.849976,-1.195313,-1.000000,-2.812500,0.076172,-0.179687,-1.089844,0.265076,-0.264221,0.382751,-0.844604
7.192422389984131,0.836426,-5.031250,-1.070313,1.476563,0.212891,0.113281,-1.123047,0.255798,-0.268860,0.379150,-0.847656
7.212664604187012,0.801758,0.730469,-0.636719,-1.214844,-0.148437,0.396484,-0.410156,0.248291,-0.269043,0.377258,-0.850708
7.2330193519592285,0.800171,3.945313,0.160156,0.679687,-0.462891,0.455078,0.119141,0.244446,-0.266846,0.380310,-0.851135
7.252711057662964,0.808350,2.437500,2.058594,2.312500,-0.166016,0.457031,0.492187,0.244751,-0.262695,0.384583,-0.850403
7.2729480266571045,0.831543,1.035156,-0.652344,0.417969,-0.099609,0.328125,0.900391,0.248474,-0.257385,0.389282,-0.848816
7.292736291885376,0.838745,0.945312,0.246094,0.769531,0.470703,0.519531,1.292969,0.257202,-0.247803,0.391602,-0.847961
7.312737941741943,0.837036,4.675781,-0.335938,-4.070312,0.437500,0.193359,0.574219,0.265320,-0.239685,0.391174,-0.848022
7.333128452301025,0.820190,-6.238281,-1.187500,-0.441406,0.277344,-0.193359,-0.226562,0.267029,-0.238708,0.388428,-0.849060
7.353218078613281,0.815063,-3.273438,-0.718750,1.003906,0.199219,-0.152344,-0.714844,0.264221,-0.241577,0.384583,-0.850830
7.373150587081909,0.810181,-2.226563,-0.613281,-0.175781,-0.480469,-0.298828,-0.556641,0.259155,-0.246094,0.383179,-0.851746
7.392808437347412,0.804932,0.906250,1.625000,2.375000,-0.384766,-0.287109,0.083984,0.256592,-0.252441,0.387024,-0.848877
7.413047790527344,0.832642,4.687500,-2.757813,-3.175781,-0.437500,-0.244141,0.037109,0.257446,-0.254456,0.390137,-0.846619
7.433201551437378,0.843506,-3.019531,-0.871094,1.414063,-0.246094,0.029297,-0.140625,0.256348,-0.256653,0.392944,-0.844971
7.452821254730225,0.850342,-1.425781,-1.398438,-1.703125,-0.007813,-0.027344,-0.144531,0.254761,-0.257507,0.393738,-0.844849
7.473304033279419,0.850342,-0.492187,-1.351563,-2.023438,0.246094,0.023437,-0.242187,0.253540,-0.258057,0.392761,-0.845459
7.493229150772095,0.844849,-1.128906,-2.281250,-4.828125,0.601562,0.251953,-0.150391,0.252380,-0.256348,0.388550,-0.848328
7.513355731964111,0.838013,1.222656,-0.121094,-2.882813,0.527344,0.080078,-0.281250,0.251404,-0.254333,0.383728,-0.851379
7.533491849899292,0.817261,-1.160156,1.347656,1.511719,0.443359,-0.181641,-0.285156,0.250122,-0.254639,0.378784,-0.853882
7.554566860198975,0.794922,-0.785156,2.121094,3.550781,-0.214844,-0.894531,-0.126953,0.250671,-0.259277,0.376099,-0.853516
7.573787689208984,0.777344,-0.601562,3.898438,6.238281,-0.292969,-1.291016,0.091797,0.254150,-0.269775,0.375610,-0.849426
7.593293190002441,0.754639,1.339844,1.667969,0.097656,-0.417969,-0.833984,0.207031,0.258606,-0.279541,0.375916,-0.844788
7.6136040687561035,0.747314,1.660156,-0.359375,-2.132813,-0.382813,-0.062500,0.013672,0.260254,-0.284180,0.378601,-0.841553
7.633303165435791,0.750366,0.585937,-2.152344,-2.917969,0.373047,0.718750,0.291016,0.259827,-0.280579,0.379639,-0.842407
7.653063058853149,0.766602,2.601563,-1.425781,-3.707031,0.189453,0.603516,0.494141,0.261597,-0.271973,0.379883,-0.844543
7.673667669296265,0.813843,-0.128906,0.558594,2.976563,0.005859,0.224609,0.582031,0.264893,-0.266357,0.382080,-0.844299
7.693602561950684,0.826904,-0.042969,0.929687,3.375000,-0.181641,0.005859,0.150391,0.267578,-0.264099,0.384216,-0.843262
7.713016033172607,0.834839,-0.769531,0.148437,1.199219,-0.054687,0.201172,0.056641,0.267517,-0.263367,0.385803,-0.842773
7.733615398406982,0.841431,0.558594,-0.328125,-1.582031,-0.201172,0.087891,-0.451172,0.265015,-0.262756,0.386658,-0.843323
7.753723621368408,0.842163,-3.320313,-0.367188,0.574219,-0.248047,-0.009766,-0.464844,0.259888,-0.265320,0.387878,-0.843567
7.774058103561401,0.840698,-0.746094,-0.050781,0.464844,-0.013672,-0.001953,-0.154297,0.256470,-0.267029,0.388245,-0.843933
7.793722152709961,0.846436,0.347656,-0.050781,-1.082031,-0.154297,-0.207031,0.082031,0.256409,-0.268799,0.388306,-0.843323
7.813826084136963,0.849365,1.167969,-0.042969,1.890625,0.201172,0.396484,0.585937,0.259277,-0.266418,0.389893,-0.842529
7.834134817123413,0.850708,4.457031,-0.289063,-3.125000,0.074219,0.408203,0.087891,0.260864,-0.261597,0.390320,-0.843262
7.854014158248901,0.853149,-3.378906,-0.097656,-0.421875,-0.132812,0.437500,-0.048828,0.259338,-0.257874,0.391785,-0.844238
7.873731851577759,0.852417,0.105469,0.140625,1.332031,-0.162109,0.212891,-0.310547,0.256165,-0.256104,0.393433,-0.844971
7.893818140029907,0.852539,-1.945313,-0.195312,-0.460937,-0.003906,0.271484,-0.056641,0.253052,-0.255371,0.394592,-0.845642
7.913832902908325,0.858521,2.144531,-0.148437,-1.140625,-0.042969,0.097656,0.228516,0.253113,-0.253784,0.395203,-0.845764
7.9338531494140625,0.860107,0.445312,0.730469,0.726562,0.021484,0.322266,0.265625,0.254700,-0.250610,0.396606,-0.845581
7.953980445861816,0.860596,2.359375,-0.171875,0.097656,-0.203125,0.259766,-0.164062,0.253601,-0.248779,0.398071,-0.845825
7.97326397895813,0.859253,-1.476563,-0.125000,1.636719,-0.277344,0.150391,-0.386719,0.249573,-0.248901,0.400269,-0.845886
7.994140625,0.858521,-1.585938,-0.074219,0.183594,-0.132812,0.175781,-0.240234,0.245605,-0.249390,0.401733,-0.846252
8.01390814781189,0.859375,1.105469,-0.019531,-1.671875,0.125000,-0.009766,0.201172,0.245117,-0.248413,0.401978,-0.846558
8.033346891403198,0.862671,2.070313,0.441406,-1.363281,0.175781,0.070312,0.751953,0.249207,-0.246582,0.402161,-0.845764
8.053608417510986,0.867432,3.558594,0.410156,0.000000,0.025391,0.011719,0.238281,0.254272,-0.243591,0.402344,-0.845032
8.073966264724731,0.868652,-3.742188,-0.269531,0.695312,-0.166016,-0.005859,-0.068359,0.254211,-0.243896,0.403381,-0.844482
8.094251155853271,0.867065,-2.402344,-0.035156,1.675781,0.101563,0.003906,-0.140625,0.253296,-0.244324,0.403442,-0.844604
8.114407777786255,0.861816,0.492187,-0.226562,-1.730469,0.140625,-0.099609,-0.275391,0.252197,-0.244995,0.401794,-0.845520
8.134176254272461,0.861816,-1.835938,-0.355469,-0.140625,-0.052734,0.064453,-0.216797,0.249939,-0.246643,0.400635,-0.846252
8.154052734375,0.863159,0.023437,-0.417969,1.507813,-0.031250,0.457031,0.031250,0.248291,-0.245056,0.401306,-0.846924
8.174098014831543,0.863403,2.175781,0.042969,-0.566406,0.023437,0.726562,0.003906,0.246033,-0.239685,0.402893,-0.848389
8.194239377975464,0.860840,1.144531,-0.601562,-1.320313,-0.060547,0.609375,-0.080078,0.242798,-0.234192,0.404724,-0.849915
8.21492886543274,0.857910,-0.355469,0.585937,1.406250,-0.300781,0.201172,-0.222656,0.239136,-0.231750,0.406982,-0.850586
8.233612060546875,0.854126,-1.839844,0.937500,3.300781,-0.416016,-0.220703,-0.117188,0.237122,-0.233459,0.409241,-0.849609
8.25451135635376,0.844727,-0.148437,1.199219,1.976563,-0.324219,-0.691406,-0.121094,0.236755,-0.239075,0.411255,-0.847168
8.274411678314209,0.841309,-1.367188,0.511719,2.023438,-0.117188,-0.375000,-0.019531,0.238281,-0.244568,0.411804,-0.844849
8.293824195861816,0.841187,0.140625,-1.343750,-2.664063,0.177734,0.052734,0.082031,0.239380,-0.245789,0.411194,-0.844543
8.314411640167236,0.852661,1.425781,-0.652344,-3.546875,0.191406,0.273438,0.226562,0.240356,-0.243164,0.409973,-0.845581
8.334412813186646,0.864746,0.968750,-1.058594,-1.984375,-0.052734,0.351563,0.396484,0.241760,-0.238831,0.410706,-0.846069
8.354463338851929,0.873291,0.863281,-0.292969,0.476562,-0.275391,-0.351563,0.259766,0.244263,-0.238098,0.413025,-0.844421
8.374351501464844,0.879639,-1.804688,1.660156,3.378906,0.005859,-0.611328,0.240234,0.247986,-0.241577,0.414246,-0.841736
8.394565105438232,0.877197,0.335938,0.734375,-1.277344,0.708984,-0.404297,0.091797,0.252197,-0.244080,0.411011,-0.841370
8.414817333221436,0.871582,1.500000,-0.132812,-4.410156,1.103516,-0.843750,-0.509766,0.255188,-0.247986,0.401245,-0.843994
8.434576272964478,0.831177,-2.511719,-0.433594,-4.757812,2.085938,-0.464844,-0.912109,0.255310,-0.253967,0.385742,-0.849426
8.454245328903198,0.775391,0.199219,-5.214844,-8.117188,3.220703,-0.005859,-0.919922,0.254822,-0.251709,0.359070,-0.861877
8.479129076004028,0.706665,1.648438,-3.093750,-6.914062,2.736328,0.318359,0.242187,0.258301,-0.243896,0.330444,-0.874390
8.495744228363037,0.698730,0.109375,8.085938,13.007813,0.830078,-0.441406,0.933594,0.268555,-0.237610,0.316711,-0.878113
8.515625476837158,0.677856,2.203125,5.445312,7.085937,0.044922,-0.628906,1.291016,0.281128,-0.238220,0.314697,-0.874756
8.536387205123901,0.663818,0.804687,3.980469,5.046875,-0.167969,-0.654297,1.343750,0.294617,-0.239746,0.316589,-0.869202
8.555495738983154,0.646606,-0.878906,3.570313,5.421875,-0.408203,-0.988281,1.253906,0.307617,-0.243408,0.319824,-0.862488
8.575668334960938,0.581177,-1.378906,1.089844,2.398438,-0.585937,-1.595703,1.248047,0.321350,-0.252197,0.323059,-0.853638
8.600874185562134,0.563599,-2.511719,-0.640625,-1.894531,-0.437500,-1.707031,1.017578,0.335205,-0.264587,0.325073,-0.843811
8.615360021591187,0.538208,-2.324219,-1.210938,-2.890625,-0.328125,-1.541016,0.724609,0.346802,-0.276672,0.324829,-0.835266
8.635918378829956,0.489502,-3.046875,-1.242188,-0.781250,-0.771484,-1.515625,0.408203,0.354980,-0.289307,0.325500,-0.827271
8.657037496566772,0.458740,-3.078125,-3.851563,-3.609375,-0.984375,-1.443359,0.009766,0.358887,-0.304321,0.328125,-0.819092
8.675747632980347,0.436035,-1.855469,-4.019531,-4.480469,-0.857422,-0.951172,-0.259766,0.358948,-0.318054,0.330933,-0.812683
8.6959547996521,0.442139,-3.007813,-2.804688,-3.312500,-0.669922,-0.767578,-0.488281,0.356018,-0.328857,0.332886,-0.808899
8.716211080551147,0.455933,-1.562500,-0.812500,-2.886719,-0.453125,-0.513672,-0.253906,0.353210,-0.337585,0.333679,-0.806152
8.741000413894653,0.441040,-1.742188,-0.332031,-2.050781,-0.193359,-0.347656,-0.083984,0.352234,-0.342529,0.334229,-0.804260
8.755886316299438,0.382813,-1.687500,-0.937500,-0.824219,-0.042969,-0.412109,-0.175781,0.352051,-0.346313,0.333435,-0.803101
8.776576042175293,0.335571,-1.175781,-2.070313,-0.488281,0.253906,-0.767578,-0.433594,0.351868,-0.351624,0.329590,-0.802429
8.796193361282349,0.291992,-1.250000,-1.031250,-0.003906,0.330078,-1.251953,-0.617187,0.351990,-0.360535,0.321411,-0.801758
8.816044807434082,0.242554,1.058594,0.699219,0.203125,0.099609,-1.109375,-0.589844,0.351746,-0.371643,0.312988,-0.800110
8.836197853088379,0.246338,2.062500,0.019531,-0.660156,0.005859,-0.603516,-0.339844,0.350769,-0.379944,0.308044,-0.798584
8.856728076934814,0.274780,1.292969,-0.265625,0.027344,-0.003906,-0.359375,-0.128906,0.350403,-0.384094,0.305481,-0.797729
8.875680208206177,0.288574,-0.011719,0.070312,1.027344,-0.169922,-0.257813,0.013672,0.350525,-0.387024,0.304749,-0.796509
8.896263837814331,0.363770,0.066406,-0.394531,-0.085937,-0.216797,0.039063,0.091797,0.350647,-0.388489,0.306213,-0.795227
8.916110515594482,0.425537,1.078125,-1.710938,-1.699219,0.041016,0.548828,0.140625,0.350159,-0.386169,0.308655,-0.795654
8.936394453048706,0.470093,-3.324219,0.285156,2.421875,-0.203125,0.128906,-0.109375,0.348938,-0.383362,0.310669,-0.796692
8.956387042999268,0.566284,-0.246094,-0.273438,0.437500,0.111328,0.257813,0.263672,0.348328,-0.382690,0.312012,-0.796814
8.976183891296387,0.599731,0.246094,-0.265625,-1.566406,0.384766,0.601562,0.476562,0.351501,-0.376526,0.312866,-0.797974
8.996543169021606,0.629150,-1.136719,-0.042969,0.808594,0.199219,0.470703,0.199219,0.353394,-0.370056,0.313721,-0.799866
9.01634168624878,0.670044,-0.570312,-0.109375,1.726563,-0.085937,0.425781,0.056641,0.353210,-0.366028,0.315369,-0.801147
9.036739110946655,0.678589,-1.582031,-0.066406,0.960937,-0.142578,0.195312,-0.123047,0.351379,-0.364014,0.317444,-0.802063
9.056540489196777,0.687866,0.074219,0.441406,1.312500,-0.060547,-0.015625,0.007813,0.350159,-0.363953,0.318237,-0.802307
9.07674241065979,0.717285,2.320313,-0.148437,-0.890625,-0.001953,0.183594,0.271484,0.350830,-0.363464,0.319641,-0.801697
9.096959114074707,0.728882,0.199219,-0.019531,-0.722656,-0.058594,0.242187,0.150391,0.352112,-0.360474,0.321167,-0.801819
9.117063760757446,0.735718,-1.417969,0.226562,2.269531,-0.308594,0.136719,-0.074219,0.351135,-0.359375,0.323547,-0.801758
9.136461019515991,0.735107,-2.527344,-0.546875,-0.808594,-0.333984,-0.154297,-0.419922,0.347961,-0.361450,0.325317,-0.801514
9.156779527664185,0.722168,-0.164062,-0.207031,-1.640625,-0.083984,-0.144531,-0.376953,0.343750,-0.365601,0.325195,-0.801514
9.176663160324097,0.717529,4.617187,0.773437,-1.312500,0.292969,0.023437,0.392578,0.344604,-0.365662,0.323975,-0.801636
9.196979761123657,0.718140,3.003906,1.363281,0.625000,0.207031,0.425781,0.564453,0.349060,-0.361145,0.324768,-0.801453
9.216917753219604,0.735718,0.394531,-0.421875,-0.914062,0.083984,0.699219,0.294922,0.350891,-0.355225,0.327209,-0.802307
9.236887454986572,0.746338,-0.792969,-0.253906,1.566406,-0.162109,0.699219,0.142578,0.350708,-0.348328,0.330566,-0.804016
9.261611700057983,0.749878,-2.761719,-0.039063,1.066406,-0.312500,0.503906,-0.177734,0.347534,-0.344482,0.334473,-0.805420
9.277202129364014,0.745850,-0.203125,0.054687,-0.746094,-0.140625,-0.222656,-0.191406,0.344788,-0.344299,0.336304,-0.805908
9.296889066696167,0.738647,-3.054688,0.312500,2.257813,-0.171875,-1.009766,-0.255859,0.344849,-0.350647,0.334229,-0.804016
9.316853284835815,0.743774,2.980469,0.687500,-3.382813,0.380859,-0.843750,0.314453,0.347412,-0.359741,0.330139,-0.800598
9.336834192276001,0.778931,6.996094,-1.503906,-3.445313,0.437500,0.033203,0.556641,0.355103,-0.357910,0.327271,-0.799194
9.357118844985962,0.800903,-4.394531,-0.746094,1.957031,0.054687,0.316406,0.123047,0.357727,-0.354858,0.327148,-0.799377
9.376888275146484,0.811768,-3.535156,-1.570313,1.312500,-0.439453,0.294922,-0.339844,0.355042,-0.353577,0.329590,-0.800171
9.396833181381226,0.812500,-0.417969,-3.371094,-7.390625,0.367188,0.746094,-0.462891,0.349487,-0.351990,0.330750,-0.802856
9.416806936264038,0.801147,1.121094,-3.878906,-8.007813,1.097656,1.191406,-0.351563,0.345764,-0.342041,0.325867,-0.810730
9.436905145645142,0.794556,0.933594,0.640625,2.449219,0.160156,0.755859,-0.013672,0.343201,-0.332214,0.323242,-0.816895
9.456810712814331,0.781372,2.269531,3.718750,-0.339844,-0.041016,0.566406,0.513672,0.343140,-0.326355,0.326416,-0.818054
9.47697401046753,0.750610,-3.859375,0.210937,1.796875,0.185547,0.341797,0.041016,0.345032,-0.320679,0.328308,-0.818726
9.497183322906494,0.733887,-2.257813,1.917969,6.269531,-0.117188,-0.248047,-0.156250,0.343933,-0.320435,0.328064,-0.819397
9.51758623123169,0.718628,-0.015625,2.824219,4.691406,-0.464844,-0.822266,-0.250000,0.343262,-0.326660,0.327576,-0.817444
9.53725790977478,0.694458,-0.140625,-0.179687,-2.765625,-0.326172,-1.128906,-0.433594,0.342407,-0.337402,0.326782,-0.813721
9.557549715042114,0.679321,0.007813,-1.859375,-4.144531,0.085937,-0.998047,-0.662109,0.341003,-0.348267,0.322083,-0.811584
9.577598094940186,0.668579,1.140625,-0.703125,-0.480469,-0.230469,-0.589844,-0.486328,0.338501,-0.356812,0.317627,-0.810669
9.597305297851562,0.673218,2.097656,1.359375,2.140625,-0.542969,-0.193359,0.072266,0.336365,-0.362366,0.319275,-0.808472
9.6171395778656,0.679932,-0.824219,-1.429688,1.304688,-0.214844,0.074219,0.236328,0.337280,-0.362610,0.322388,-0.806763
9.637429475784302,0.694214,0.183594,-0.785156,-0.984375,0.054687,0.146484,0.375000,0.338745,-0.361511,0.324402,-0.805786
9.657670974731445,0.722778,3.562500,-0.660156,-3.304688,0.425781,0.427734,0.619141,0.343140,-0.356018,0.325500,-0.805969
9.677396774291992,0.742676,-3.207031,-0.324219,0.039063,0.140625,0.398438,0.087891,0.345215,-0.351257,0.325806,-0.807068
9.697416305541992,0.759155,-0.320313,-0.011719,1.472656,-0.130859,0.478516,0.035156,0.344177,-0.347229,0.328125,-0.808289
9.717361211776733,0.765869,-0.648437,-0.109375,-0.687500,-0.132812,0.380859,-0.072266,0.342041,-0.344177,0.330566,-0.809448
9.737206935882568,0.773926,0.113281,0.050781,-0.472656,-0.017578,0.232422,0.064453,0.340698,-0.341797,0.332153,-0.810425
9.757744789123535,0.782959,0.113281,0.328125,0.750000,0.023437,0.109375,0.333984,0.341736,-0.340088,0.333435,-0.810181
9.777393817901611,0.794067,-1.808594,0.191406,0.652344,-0.023437,0.146484,0.185547,0.343933,-0.337402,0.335022,-0.809753
9.797580003738403,0.810059,-1.449219,0.214844,1.703125,-0.246094,0.033203,-0.056641,0.343506,-0.336975,0.336731,-0.809387
9.8178129196167,0.808350,-1.671875,-0.085937,0.140625,-0.238281,-0.083984,-0.386719,0.340942,-0.338806,0.338135,-0.809143
9.838235855102539,0.803833,2.402344,0.257813,-1.714844,0.017578,0.054687,-0.199219,0.337891,-0.340637,0.337891,-0.809692
9.857920408248901,0.798828,1.125000,0.589844,0.781250,0.099609,0.146484,0.177734,0.337952,-0.339172,0.337646,-0.810425
9.87779951095581,0.799927,1.808594,0.058594,-0.289063,0.207031,0.406250,0.425781,0.340027,-0.335632,0.338501,-0.810669
9.89779281616211,0.799805,-1.593750,-0.359375,0.285156,0.025391,0.283203,0.128906,0.341431,-0.331238,0.339600,-0.811401
9.918057680130005,0.796509,-0.542969,-0.093750,-0.261719,0.025391,0.082031,-0.070312,0.340881,-0.329773,0.340088,-0.812012
9.93770170211792,0.791138,0.023437,-0.453125,-1.234375,0.177734,-0.041016,-0.083984,0.340454,-0.329773,0.339111,-0.812622
9.95793342590332,0.785645,0.898437,-0.605469,-2.085938,0.451172,0.105469,-0.003906,0.341064,-0.328613,0.336487,-0.813904
9.977792024612427,0.782715,-0.796875,-0.500000,-0.078125,0.246094,0.052734,-0.328125,0.340881,-0.327087,0.333191,-0.815979
9.998008966445923,0.781860,-0.121094,1.742188,2.839844,-0.308594,-0.144531,-0.353516,0.338074,-0.328613,0.332336,-0.816895
10.017863988876343,0.779175,-0.773437,0.976562,2.167969,-0.568359,-0.337891,-0.353516,0.334290,-0.333557,0.334351,-0.815613
10.038072347640991,0.776611,2.320313,0.003906,-0.566406,-0.283203,-0.117188,0.035156,0.332336,-0.337036,0.336426,-0.814087
10.057968616485596,0.773682,-0.636719,-0.117188,0.207031,-0.177734,-0.082031,0.052734,0.332153,-0.338623,0.338257,-0.812744
10.078123331069946,0.772949,0.718750,-0.023437,-1.046875,-0.005859,0.054687,0.175781,0.332947,-0.338501,0.339294,-0.812073
10.098149061203003,0.774048,1.386719,0.136719,-0.750000,0.070312,0.232422,0.285156,0.334412,-0.336365,0.340393,-0.811890
10.118129014968872,0.779541,-0.113281,0.230469,0.722656,-0.005859,0.191406,0.265625,0.336060,-0.333618,0.341797,-0.811768
10.13795518875122,0.784058,-0.597656,-0.367188,0.207031,0.087891,0.164062,0.330078,0.337708,-0.331299,0.342957,-0.811523
10.158125162124634,0.788086,-2.058594,-0.101563,0.023437,0.195312,0.056641,0.287109,0.340820,-0.328369,0.343262,-0.811279
10.17808222770691,0.787231,-2.496094,-0.492187,0.566406,0.115234,-0.054687,-0.048828,0.342529,-0.327209,0.342346,-0.811401
10.198459148406982,0.783569,-2.121094,-0.945312,-0.597656,0.171875,-0.082031,-0.433594,0.341187,-0.328186,0.340271,-0.812439
10.218095064163208,0.778442,-1.675781,-1.542969,-1.320313,0.351563,-0.005859,-0.601562,0.337891,-0.329712,0.336060,-0.815002
10.238082647323608,0.772217,1.554688,1.843750,1.156250,0.162109,0.115234,-0.435547,0.334290,-0.329834,0.332153,-0.817993
10.25869345664978,0.750000,0.847656,1.902344,2.648438,-0.224609,-0.054687,-0.251953,0.331116,-0.330872,0.331543,-0.819153
10.278502702713013,0.741211,1.285156,2.011719,2.097656,-0.470703,-0.128906,0.046875,0.329529,-0.333130,0.333496,-0.818054
10.298693180084229,0.732178,1.253906,2.394531,3.921875,-0.691406,-0.109375,0.232422,0.329285,-0.335876,0.338989,-0.814758
10.318403959274292,0.741333,0.621094,-1.601563,-2.179688,-0.308594,0.316406,0.214844,0.328918,-0.335388,0.343933,-0.813049
10.338399410247803,0.748535,-0.820312,-0.660156,-2.792969,0.017578,0.226562,0.128906,0.329041,-0.332886,0.346619,-0.812866
10.358541011810303,0.748779,-1.484375,-0.320313,-1.667969,0.210937,0.019531,-0.039063,0.329468,-0.331299,0.346069,-0.813599
10.378978967666626,0.737305,-2.246094,-0.613281,0.531250,0.041016,-0.132812,-0.296875,0.328857,-0.331787,0.344116,-0.814453
10.398391962051392,0.735474,0.878906,-2.605469,-4.089844,0.433594,0.185547,-0.359375,0.326355,-0.332764,0.341858,-0.816040
10.418792724609375,0.735474,3.371094,-1.054688,-3.089844,0.927734,0.904297,0.009766,0.325623,-0.326111,0.336853,-0.821045
10.438549518585205,0.731812,1.113281,1.167969,0.730469,0.455078,0.923828,0.062500,0.325073,-0.315308,0.334290,-0.826538
10.459306716918945,0.736084,-0.378906,2.882813,3.785156,-0.263672,0.236328,0.111328,0.323975,-0.310120,0.335754,-0.828369
10.478395462036133,0.740845,2.109375,3.406250,2.539063,-0.533203,-0.134766,0.466797,0.325012,-0.310120,0.339966,-0.826233
10.498773097991943,0.743896,-1.328125,1.062500,3.621094,-0.873047,-0.478516,0.351563,0.327698,-0.313232,0.346436,-0.821289
10.518837690353394,0.744385,-1.812500,-1.171875,0.406250,-0.644531,-0.386719,0.138672,0.328491,-0.319275,0.352234,-0.816162
10.539026021957397,0.745728,0.324219,-2.625000,-4.632812,-0.160156,-0.089844,0.095703,0.329041,-0.321716,0.354736,-0.813904
10.558205842971802,0.748901,-0.785156,-0.328125,-1.601563,0.134766,-0.107422,0.039063,0.329895,-0.322083,0.354736,-0.813354
10.578723907470703,0.748657,-0.417969,0.046875,1.273438,0.060547,-0.263672,0.007813,0.331177,-0.323181,0.353210,-0.813110
10.598760604858398,0.750732,-1.566406,-0.074219,0.324219,0.021484,-0.251953,-0.125000,0.331970,-0.325623,0.351501,-0.812500
10.619133234024048,0.757935,-0.402344,-0.464844,-0.480469,0.107422,0.041016,0.087891,0.332031,-0.326660,0.350464,-0.812561
10.638684272766113,0.797974,0.316406,0.031250,0.140625,0.130859,0.253906,0.361328,0.334167,-0.323364,0.351013,-0.812744
10.658926963806152,0.813843,-0.148437,0.535156,0.718750,0.060547,0.078125,0.308594,0.336548,-0.320190,0.352051,-0.812561
10.679045677185059,0.821533,-0.777344,0.707031,1.109375,-0.058594,-0.199219,0.099609,0.338440,-0.319946,0.352478,-0.811707
10.699010372161865,0.821899,0.804687,0.324219,-0.351563,0.257813,-0.021484,0.199219,0.340271,-0.320251,0.351990,-0.811035
10.719034194946289,0.813965,-3.378906,-0.503906,-0.183594,0.154297,-0.068359,-0.281250,0.340698,-0.320007,0.350159,-0.811768
10.739033222198486,0.800537,-3.042969,-1.042969,0.105469,-0.054687,-0.132812,-0.750000,0.337219,-0.322144,0.347412,-0.813538
10.758822202682495,0.772461,0.691406,-0.882812,-1.027344,-0.087891,0.451172,-0.574219,0.330627,-0.323975,0.346313,-0.815979
10.779245138168335,0.761963,3.734375,-0.316406,-1.328125,-0.035156,0.656250,-0.058594,0.325928,-0.320190,0.347534,-0.818787
10.799363851547241,0.758545,1.261719,1.187500,1.324219,-0.003906,0.609375,0.304688,0.324646,-0.314392,0.350586,-0.820251
10.818621397018433,0.761108,-0.746094,0.875000,3.238281,-0.216797,0.222656,0.390625,0.325745,-0.310120,0.353882,-0.820068
10.839032888412476,0.783569,1.578125,-0.429687,-1.250000,0.142578,0.177734,0.833984,0.329590,-0.306641,0.356812,-0.818542
10.859233140945435,0.795044,3.023438,-0.222656,-2.339844,0.378906,0.238281,0.972656,0.337830,-0.300293,0.358154,-0.816956
10.879092931747437,0.802734,-4.175781,-0.375000,1.453125,0.066406,0.232422,0.253906,0.342651,-0.295349,0.358826,-0.816467
10.899297714233398,0.819092,-1.730469,0.054687,1.718750,-0.214844,0.224609,-0.113281,0.341980,-0.293762,0.360168,-0.816711
10.919187068939209,0.819824,-0.714844,-0.234375,0.640625,-0.314453,0.162109,-0.320313,0.338623,-0.293701,0.362549,-0.817078
10.939636945724487,0.821167,0.343750,-0.136719,-1.855469,-0.185547,0.162109,-0.162109,0.335449,-0.294128,0.364075,-0.817566
10.959190130233765,0.837646,1.906250,0.675781,1.101563,-0.082031,0.005859,0.312500,0.335693,-0.293091,0.365417,-0.817200
10.979350090026855,0.844482,4.652344,-0.179687,-1.703125,0.257813,0.242187,0.851562,0.340210,-0.289856,0.367493,-0.815552
11.004547357559204,0.845215,-2.148438,-0.617187,-3.621094,0.541016,0.191406,0.425781,0.346069,-0.284058,0.366638,-0.815552
11.019276857376099,0.841797,-5.082031,-2.281250,-2.488281,1.144531,0.085937,-0.357422,0.348206,-0.280212,0.360413,-0.818726
11.039467573165894,0.833008,0.316406,-0.636719,0.386719,1.085938,0.314453,-0.447266,0.346985,-0.275635,0.350037,-0.825256
11.059189081192017,0.818237,-0.042969,2.050781,3.828125,0.021484,0.214844,-0.246094,0.344910,-0.272461,0.345642,-0.829041
11.07918405532837,0.795288,-0.695312,1.468750,2.449219,-0.529297,0.287109,-0.140625,0.341553,-0.272339,0.348633,-0.829224
11.099719524383545,0.716187,0.257813,0.976562,-1.527344,-0.197266,0.390625,-0.035156,0.338562,-0.271118,0.352844,-0.829102
11.1193528175354,0.679932,-0.425781,1.023438,1.730469,-0.031250,0.375000,0.005859,0.336975,-0.268066,0.354980,-0.829834
11.139421701431274,0.637817,-0.820312,1.437500,3.093750,0.060547,-0.060547,-0.117188,0.335876,-0.266724,0.355530,-0.830444
11.15970754623413,0.569458,-1.949219,0.761719,2.320313,0.189453,-0.693359,-0.464844,0.335327,-0.270569,0.352051,-0.830933
11.1799476146698,0.544556,0.597656,1.597656,1.800781,-0.361328,-0.994141,-0.453125,0.334229,-0.279419,0.348999,-0.829712
11.199822902679443,0.517212,0.585937,-0.539062,-2.664063,-0.171875,-1.103516,-0.595703,0.332642,-0.291260,0.346252,-0.827393
11.219990253448486,0.472168,1.417969,-0.832031,-2.218750,0.025391,-0.988281,-0.585937,0.331177,-0.302124,0.341675,-0.825989
11.239874839782715,0.426147,0.417969,-0.496094,-1.523438,-0.060547,-1.000000,-0.525391,0.330078,-0.312073,0.336182,-0.825012
11.260389566421509,0.394775,2.128906,2.164063,1.988281,-0.556641,-0.695312,-0.232422,0.328674,-0.321777,0.334534,-0.822510
11.279773235321045,0.334717,1.960938,-0.691406,-1.273438,-0.380859,-0.123047,0.093750,0.328003,-0.327454,0.337524,-0.819275
11.299752950668335,0.391235,0.343750,-2.730469,-0.214844,-0.226562,0.273438,0.130859,0.327759,-0.326355,0.340271,-0.818726
11.319995641708374,0.471436,-2.335938,0.011719,0.144531,-0.031250,0.078125,0.134766,0.327576,-0.325317,0.342407,-0.818298
11.339273452758789,0.559692,3.957031,-0.324219,-2.843750,0.294922,0.583984,0.677734,0.330261,-0.321106,0.343628,-0.818359
11.360188722610474,0.667847,-1.839844,-0.246094,-0.507812,0.259766,0.566406,0.291016,0.333313,-0.313538,0.344421,-0.819702
11.379987001419067,0.700317,-0.527344,0.019531,2.746094,-0.105469,0.443359,0.093750,0.333313,-0.308411,0.346375,-0.820862
11.399824142456055,0.715576,-2.191406,0.113281,1.382813,-0.238281,0.109375,-0.255859,0.330994,-0.307068,0.348694,-0.821350
11.41996145248413,0.721802,-1.128906,0.613281,1.523438,-0.097656,-0.218750,-0.197266,0.328857,-0.308777,0.348877,-0.821472
11.440178155899048,0.742554,-1.964844,0.242187,3.453125,-0.363281,-0.439453,-0.138672,0.327942,-0.313110,0.348938,-0.820190
11.46013617515564,0.764526,8.855469,-0.070312,-3.769531,0.419922,0.136719,1.115234,0.332458,-0.313110,0.349915,-0.817871
11.480001211166382,0.784790,2.125000,0.851562,-3.359375,0.402344,-0.126953,0.703125,0.342529,-0.307129,0.348999,-0.816406
11.499813079833984,0.788696,-1.332031,0.007813,1.527344,-0.095703,-0.197266,0.046875,0.346191,-0.307068,0.348328,-0.815186
11.520418167114258,0.787842,-0.847656,-0.109375,0.019531,-0.136719,0.048828,-0.158203,0.345764,-0.308289,0.348694,-0.814758
11.5402090549469,0.778687,-1.882813,-0.414062,-1.257813,-0.185547,0.035156,-0.531250,0.342651,-0.309204,0.349060,-0.815552
11.56004023551941,0.777100,-1.953125,-1.113281,-0.437500,-0.351563,0.457031,-0.660156,0.335876,-0.310425,0.349854,-0.817566
11.580185413360596,0.780640,1.570313,-0.492187,-2.117188,-0.150391,0.851562,-0.380859,0.328491,-0.307373,0.353027,-0.820374
11.600031852722168,0.781982,1.593750,0.089844,1.699219,-0.255859,0.994141,-0.160156,0.322388,-0.301331,0.357056,-0.823242
11.620247602462769,0.776367,-0.257813,1.140625,1.429688,-0.283203,0.402344,-0.109375,0.317749,-0.296326,0.361084,-0.825134
11.640702724456787,0.766968,-0.886719,2.023438,3.246094,-0.423828,-0.373047,-0.021484,0.316345,-0.297974,0.363525,-0.824036
11.660164833068848,0.753784,-0.820312,0.468750,-2.660156,-0.025391,-0.906250,-0.097656,0.317261,-0.304565,0.363159,-0.821411
11.680233001708984,0.754639,3.117188,-0.679687,-2.296875,0.265625,-0.328125,0.353516,0.321106,-0.309204,0.360474,-0.819397
11.700413227081299,0.766846,0.875000,-1.050781,-2.421875,0.375000,0.158203,0.328125,0.325623,-0.307007,0.358582,-0.819275
11.720704078674316,0.783569,1.417969,-0.691406,-2.046875,0.400391,0.496094,0.289063,0.328369,-0.301636,0.357361,-0.820679
11.740413427352905,0.805664,-0.285156,0.214844,2.148438,0.044922,0.570312,0.152344,0.328918,-0.295593,0.358093,-0.822327
11.760571956634521,0.808960,-0.207031,0.296875,1.476563,-0.142578,0.578125,-0.011719,0.327454,-0.290527,0.360596,-0.823608
11.780831098556519,0.808350,-1.097656,0.199219,1.054688,-0.201172,0.259766,-0.175781,0.324524,-0.287903,0.363342,-0.824463
11.800870418548584,0.802490,-2.500000,0.167969,0.585937,-0.083984,-0.044922,-0.220703,0.321594,-0.288696,0.364624,-0.824829
11.820694923400879,0.801147,-0.753906,0.175781,0.800781,-0.113281,-0.277344,-0.183594,0.320313,-0.291382,0.364197,-0.824524
11.840810775756836,0.801270,-0.347656,0.023437,-0.085937,-0.072266,-0.208984,-0.164062,0.319641,-0.294434,0.363708,-0.823914
11.860822916030884,0.801636,1.894531,-0.207031,-1.160156,0.035156,0.121094,0.041016,0.319214,-0.294983,0.363525,-0.823975
11.880983591079712,0.802490,1.246094,-0.207031,-0.445312,0.011719,0.291016,0.080078,0.319153,-0.292786,0.364136,-0.824524
11.900627613067627,0.804199,0.402344,-0.046875,0.425781,-0.078125,0.333984,0.072266,0.318481,-0.290039,0.365662,-0.825073
11.92572546005249,0.806274,0.343750,0.125000,0.035156,-0.097656,0.365234,0.062500,0.317505,-0.287109,0.367737,-0.825562
11.940515518188477,0.806152,-0.820312,0.390625,-0.078125,-0.042969,-0.019531,0.027344,0.317078,-0.285522,0.368896,-0.825745
11.960957765579224,0.807129,-1.574219,0.253906,1.476563,-0.121094,-0.369141,-0.025391,0.317383,-0.287659,0.369019,-0.824829
11.980762481689453,0.810913,6.218750,0.132812,-2.652344,0.324219,-0.052734,0.738281,0.321289,-0.288757,0.368103,-0.823364
12.000723600387573,0.820801,0.093750,-0.597656,-0.921875,0.332031,0.390625,0.673828,0.328247,-0.282410,0.368225,-0.822754
12.021196126937866,0.827271,-4.722656,-0.449219,0.449219,0.078125,0.357422,0.044922,0.330017,-0.277893,0.368469,-0.823486
12.041008234024048,0.830811,-0.523437,-0.328125,1.910156,-0.382813,0.310547,-0.417969,0.326965,-0.275574,0.370544,-0.824524
12.061080694198608,0.832642,0.937500,0.230469,-1.089844,-0.332031,-0.035156,-0.474609,0.321228,-0.277954,0.372864,-0.824951
12.080803871154785,0.836182,2.183594,0.621094,-1.136719,-0.056641,-0.164062,-0.033203,0.318848,-0.280457,0.373474,-0.824768
12.100827932357788,0.844482,0.996094,0.292969,1.492188,-0.093750,-0.203125,0.429687,0.320679,-0.281921,0.373901,-0.823303
12.120911598205566,0.852783,5.902344,-0.394531,-2.808594,0.582031,0.330078,0.933594,0.327454,-0.277771,0.374146,-0.822021
12.141115427017212,0.852417,-7.984375,-3.324219,0.269531,0.617187,0.007813,-0.150391,0.331848,-0.272522,0.370667,-0.823547
12.161143064498901,0.848145,-3.429688,-5.488281,-6.050781,1.488281,0.160156,-0.738281,0.330322,-0.271057,0.360779,-0.828979
12.18076777458191,0.837402,2.441406,-0.863281,-1.359375,0.804687,0.685547,-0.429687,0.327087,-0.264893,0.350342,-0.836731
12.201070785522461,0.800537,-0.058594,3.496094,7.894531,-0.634766,0.281250,-0.435547,0.321838,-0.262512,0.351440,-0.839050
12.221206426620483,0.762939,0.578125,2.371094,-1.480469,-0.513672,0.257813,-0.228516,0.316467,-0.263306,0.356628,-0.838623
12.24110722541809,0.714355,-0.378906,1.109375,1.484375,-0.392578,0.082031,-0.158203,0.313293,-0.263733,0.360229,-0.838196
12.26112174987793,0.662842,-1.890625,0.839844,3.968750,-0.406250,-0.306641,-0.316406,0.310425,-0.266907,0.362793,-0.837097
12.281129360198975,0.644287,1.097656,1.500000,0.750000,0.060547,-0.496094,-0.197266,0.309387,-0.271790,0.362305,-0.836121
12.301630020141602,0.627930,0.375000,1.101563,2.882813,-0.126953,-0.669922,-0.345703,0.309265,-0.277588,0.359558,-0.835449
12.321272134780884,0.597778,-0.519531,-0.101563,-0.824219,0.003906,-0.908203,-0.519531,0.308167,-0.286377,0.356689,-0.834167
12.341249465942383,0.598999,2.437500,-0.171875,-2.402344,0.126953,-0.617187,-0.240234,0.307922,-0.293823,0.352417,-0.833435
12.36144208908081,0.596802,1.554688,0.441406,-0.960937,-0.289063,-0.443359,-0.007813,0.308655,-0.298767,0.350403,-0.832275
12.38150668144226,0.606567,0.363281,-1.656250,-2.140625,-0.267578,-0.072266,0.062500,0.308777,-0.302673,0.353333,-0.829590
12.401316165924072,0.626831,-0.644531,-2.453125,-0.265625,-0.123047,0.099609,-0.095703,0.308350,-0.301636,0.354248,-0.829712
12.421637058258057,0.665527,-1.785156,0.203125,1.132813,-0.144531,0.324219,-0.027344,0.306335,-0.300903,0.355957,-0.830017
12.441819667816162,0.744263,2.781250,-0.046875,1.589844,-0.236328,0.533203,0.289063,0.304932,-0.297668,0.358948,-0.830444
12.46163272857666,0.770142,0.867187,1.101563,-0.746094,0.037109,0.019531,0.597656,0.307556,-0.293335,0.362427,-0.829468
12.481257200241089,0.784058,-1.574219,0.964844,-0.171875,0.093750,-0.716797,0.292969,0.313354,-0.293945,0.361877,-0.827271
12.501478672027588,0.791870,-2.066406,-0.375000,0.042969,0.003906,-0.462891,-0.009766,0.316711,-0.299072,0.359741,-0.825134
12.521705150604248,0.799072,-0.527344,-0.152344,-1.902344,0.095703,-0.166016,-0.105469,0.317139,-0.301025,0.358765,-0.824646
12.541494607925415,0.804199,-1.011719,-0.707031,0.656250,-0.001953,0.097656,-0.160156,0.316406,-0.301392,0.357727,-0.825256
12.561753988265991,0.817871,-0.867187,-0.316406,1.820313,-0.207031,0.265625,-0.080078,0.314209,-0.301208,0.358765,-0.825745
12.581883668899536,0.838379,1.761719,-1.515625,-0.324219,-0.130859,0.583984,0.107422,0.312256,-0.297913,0.361877,-0.826294
12.601831674575806,0.840210,-1.437500,-2.375000,-3.742188,0.326172,0.669922,-0.177734,0.310120,-0.292786,0.362549,-0.828613
12.62169075012207,0.837769,-1.175781,-2.652344,-3.906250,0.925781,0.648437,-0.400391,0.307068,-0.286316,0.358582,-0.833740
12.641513586044312,0.824219,-0.441406,0.855469,2.820313,0.296875,0.369141,-0.253906,0.304138,-0.281006,0.353333,-0.838867
12.661715984344482,0.810669,0.378906,3.843750,3.960938,-0.136719,0.179687,0.101563,0.302551,-0.279358,0.353943,-0.839722
12.682186603546143,0.789429,-2.609375,0.753906,2.781250,-0.095703,0.021484,0.058594,0.303040,-0.277954,0.355530,-0.839355
12.70229196548462,0.750854,-1.652344,1.039063,3.316406,-0.228516,-0.388672,-0.226562,0.302246,-0.280457,0.356079,-0.838562
12.722111701965332,0.729004,-0.421875,1.007813,0.843750,-0.117188,-0.681641,-0.351563,0.301270,-0.286682,0.355042,-0.837280
12.741888523101807,0.711060,1.523438,1.277344,0.593750,-0.292969,-0.714844,-0.296875,0.300537,-0.294250,0.353516,-0.835510
12.76145601272583,0.694336,1.023438,-0.746094,-2.285156,-0.212891,-0.453125,-0.384766,0.298950,-0.301270,0.353027,-0.833801
12.78197693824768,0.665771,1.273438,-0.363281,-0.625000,-0.175781,-0.257813,-0.263672,0.296753,-0.305908,0.352417,-0.833191
12.802292585372925,0.668335,1.785156,-0.433594,-0.636719,-0.046875,0.078125,0.085937,0.295959,-0.307434,0.352722,-0.832764
12.82201623916626,0.684326,0.953125,-0.187500,0.273438,-0.058594,0.191406,0.269531,0.296936,-0.305603,0.354126,-0.832520
12.842208862304688,0.734009,0.578125,-0.003906,0.457031,-0.039063,0.281250,0.498047,0.299377,-0.302185,0.356384,-0.831909
12.86221432685852,0.752808,-0.492187,-0.246094,-0.394531,-0.070312,0.162109,0.226562,0.301453,-0.299316,0.358459,-0.831299
12.882254362106323,0.768555,0.160156,-0.468750,-0.433594,-0.082031,0.242187,0.072266,0.301575,-0.297485,0.360046,-0.831238
12.902137994766235,0.789429,-2.574219,0.007813,1.132813,-0.392578,0.021484,-0.458984,0.298828,-0.297791,0.361755,-0.831360
12.922237634658813,0.792969,1.652344,-0.167969,-1.351563,-0.244141,0.009766,-0.277344,0.294373,-0.300293,0.363281,-0.831360
12.942252159118652,0.799316,0.210937,0.144531,-0.253906,-0.076172,-0.029297,-0.056641,0.292664,-0.301208,0.364075,-0.831299
12.962007761001587,0.813843,-0.218750,0.007813,0.453125,-0.066406,0.033203,0.097656,0.292419,-0.301636,0.364563,-0.830994
12.982472658157349,0.819092,2.210938,-0.558594,-1.171875,0.052734,0.394531,0.250000,0.293335,-0.299072,0.365662,-0.831116
13.002330780029297,0.824829,-0.875000,0.023437,1.531250,-0.132812,0.343750,-0.017578,0.292725,-0.295898,0.367188,-0.831848
13.021737813949585,0.828491,-1.164063,-0.222656,0.664062,-0.308594,0.298828,-0.236328,0.289795,-0.294189,0.369568,-0.832397
13.04225754737854,0.831055,-0.375000,0.167969,-0.644531,-0.140625,-0.039063,-0.087891,0.286804,-0.294617,0.371399,-0.832458
13.062646389007568,0.835815,1.843750,0.222656,0.175781,-0.015625,-0.013672,0.316406,0.287476,-0.295044,0.372498,-0.831604
13.082762002944946,0.838745,-1.257813,-0.382813,-0.851562,0.236328,0.353516,0.300781,0.290344,-0.291565,0.372925,-0.831604
13.102508068084717,0.842285,-2.007813,0.500000,2.687500,-0.119141,0.263672,-0.009766,0.290344,-0.288330,0.373962,-0.832275
13.122702836990356,0.840088,-0.144531,0.140625,0.750000,-0.210937,0.162109,-0.117188,0.288513,-0.287170,0.375916,-0.832458
13.142701625823975,0.837280,-0.847656,-0.128906,-1.187500,-0.019531,0.041016,-0.130859,0.286499,-0.287292,0.376831,-0.832703
13.162412166595459,0.821289,-0.773437,0.238281,-0.964844,0.171875,-0.255859,-0.205078,0.285889,-0.288513,0.375244,-0.833191
13.18283987045288,0.813599,0.097656,0.093750,0.429687,0.199219,-0.230469,-0.048828,0.286255,-0.290649,0.372192,-0.833740
13.202719449996948,0.814941,-0.222656,-0.039063,1.570313,0.113281,-0.158203,0.103516,0.287659,-0.291626,0.370483,-0.833618
13.2228524684906,0.824097,2.628906,0.222656,-0.269531,0.302734,0.275391,0.509766,0.290894,-0.289307,0.369873,-0.833557
13.242490768432617,0.828491,-0.410156,-0.476562,0.136719,0.187500,0.447266,0.289063,0.293762,-0.284241,0.369751,-0.834412
13.262473821640015,0.831299,0.187500,-0.085937,0.089844,0.064453,0.595703,0.193359,0.294128,-0.278259,0.371277,-0.835571
13.28283405303955,0.835083,-0.613281,-0.046875,0.515625,-0.039063,0.480469,0.015625,0.293030,-0.273071,0.373108,-0.836853
13.302706956863403,0.837646,-0.750000,0.191406,0.890625,-0.078125,0.388672,0.056641,0.291443,-0.269409,0.375000,-0.837769
13.322847366333008,0.842041,0.445312,0.367188,0.402344,-0.125000,0.148437,0.158203,0.290955,-0.267212,0.377136,-0.837708
13.342942237854004,0.846191,0.062500,0.191406,-0.312500,-0.064453,-0.005859,0.164062,0.292053,-0.266357,0.378540,-0.836914
13.362961769104004,0.850464,-0.191406,0.007813,-0.808594,-0.041016,0.078125,0.025391,0.292664,-0.265686,0.379211,-0.836670
13.382908344268799,0.850342,-0.718750,0.015625,0.656250,-0.216797,0.152344,-0.251953,0.291016,-0.265137,0.380249,-0.836914
13.40289831161499,0.849854,-1.449219,-0.113281,0.601562,-0.451172,-0.140625,-0.544922,0.286377,-0.267944,0.382141,-0.836731
13.423304557800293,0.847534,0.687500,-0.480469,-1.718750,-0.238281,0.048828,-0.367188,0.281738,-0.271484,0.383240,-0.836670
13.442931652069092,0.847656,1.390625,-0.480469,-1.203125,-0.042969,0.039063,-0.181641,0.279114,-0.272156,0.383972,-0.837036
13.463045120239258,0.847290,0.777344,-0.488281,-1.296875,0.195312,0.175781,0.021484,0.278198,-0.271362,0.383545,-0.837769
13.4831383228302,0.841431,0.625000,0.398438,-0.625000,0.394531,0.250000,0.126953,0.278809,-0.268188,0.381836,-0.839355
13.50304627418518,0.839722,1.601563,1.601563,2.195313,0.128906,0.156250,0.320313,0.280701,-0.264771,0.380432,-0.840454
13.523240804672241,0.839966,0.906250,1.816406,2.578125,-0.064453,0.060547,0.474609,0.283569,-0.262756,0.381897,-0.839478
13.54319953918457,0.844727,1.527344,-0.656250,-1.152344,0.013672,0.099609,0.441406,0.287354,-0.259827,0.383362,-0.838440
13.563000917434692,0.845337,-1.781250,-1.003906,-1.214844,0.144531,0.205078,0.167969,0.289795,-0.257141,0.383850,-0.838196
13.583326816558838,0.845459,-2.285156,0.070312,1.839844,-0.119141,0.226562,-0.203125,0.289124,-0.255066,0.384216,-0.838867
13.602871179580688,0.844971,-3.652344,-0.367188,3.066406,-0.544922,0.001953,-0.652344,0.283936,-0.256714,0.386292,-0.839233
13.623597145080566,0.847046,-1.179688,-0.027344,1.199219,-0.455078,0.003906,-0.568359,0.277283,-0.260864,0.389099,-0.838867
13.643370389938354,0.848999,1.554688,-0.203125,-1.242188,-0.248047,0.044922,-0.226562,0.273132,-0.263000,0.390930,-0.838684
13.663205862045288,0.849731,1.203125,-0.128906,-2.308594,0.121094,0.101563,-0.023437,0.271545,-0.263062,0.390991,-0.839172
13.683315753936768,0.845337,0.980469,0.621094,-0.230469,0.173828,0.005859,0.136719,0.272339,-0.262024,0.389771,-0.839783
13.7035231590271,0.841553,1.156250,1.128906,1.636719,-0.031250,-0.056641,0.214844,0.274109,-0.261475,0.389648,-0.839417
13.723526954650879,0.838013,0.851562,-0.050781,-0.613281,-0.021484,-0.029297,0.306641,0.276306,-0.260864,0.390564,-0.838501
13.743523836135864,0.837158,0.332031,-0.617187,-1.464844,0.134766,0.070312,0.353516,0.279297,-0.259399,0.390930,-0.837830
13.763550281524658,0.839722,1.230469,-0.464844,-0.500000,0.197266,0.333984,0.500000,0.282654,-0.255249,0.391235,-0.837769
13.783770084381104,0.841919,-1.296875,-0.542969,-0.890625,0.169922,0.498047,0.328125,0.285278,-0.249390,0.391968,-0.838318
13.80334186553955,0.845215,-1.402344,0.101563,1.289063,0.005859,0.449219,0.023437,0.285156,-0.244263,0.392700,-0.839539
13.823415756225586,0.844971,-1.035156,0.035156,1.445313,-0.132812,0.199219,-0.216797,0.282715,-0.241638,0.394348,-0.840332
13.843470811843872,0.844849,-0.933594,0.339844,-0.929687,-0.001953,0.031250,-0.019531,0.280762,-0.241882,0.394653,-0.840759
13.863086223602295,0.846924,2.261719,0.578125,1.910156,-0.093750,-0.062500,0.322266,0.282043,-0.241699,0.394958,-0.840271
13.883699417114258,0.856934,4.238281,0.484375,-0.992187,0.113281,0.052734,0.988281,0.287292,-0.239136,0.396790,-0.838318
13.903942346572876,0.861938,0.027344,-0.109375,-0.601562,0.152344,-0.117188,0.888672,0.296265,-0.234497,0.398010,-0.835937
13.923833131790161,0.864624,-2.269531,0.003906,-0.742187,0.332031,-0.527344,0.644531,0.304321,-0.233765,0.396729,-0.833862
13.949095249176025,0.859741,-4.167969,-0.113281,-0.058594,0.431641,-0.826172,0.093750,0.311157,-0.236877,0.392029,-0.832703
13.963855504989624,0.849976,-4.632812,-0.894531,0.597656,0.287109,-1.011719,-0.560547,0.313721,-0.244934,0.384888,-0.832764
13.983824491500854,0.836548,-0.886719,-1.484375,-1.832031,0.361328,-0.984375,-0.865234,0.312500,-0.254211,0.377808,-0.833679
14.00377345085144,0.748047,-2.656250,-2.429688,-2.375000,0.734375,-0.222656,-1.181641,0.307373,-0.262451,0.368835,-0.837036
14.023918867111206,0.694946,3.089844,-0.042969,3.285156,0.125000,0.527344,-0.513672,0.300720,-0.262268,0.362488,-0.842224
14.043806076049805,0.682617,-1.445313,0.816406,2.410156,-0.601562,0.787109,-0.384766,0.293884,-0.258850,0.365417,-0.844421
14.063810586929321,0.695557,0.238281,1.761719,0.328125,-0.416016,0.492187,-0.183594,0.287720,-0.256042,0.371582,-0.844727
14.083946228027344,0.694946,0.148437,0.687500,-1.710938,0.152344,0.371094,-0.136719,0.284607,-0.253174,0.373169,-0.845947
14.104021787643433,0.692139,-1.554688,1.812500,4.011719,0.052734,-0.210937,-0.345703,0.282593,-0.252808,0.371948,-0.847290
14.123466730117798,0.684326,-0.535156,1.597656,3.003906,-0.132812,-0.783203,-0.601562,0.280334,-0.259094,0.369324,-0.847229
14.144505500793457,0.662720,1.535156,1.730469,1.527344,-0.455078,-0.861328,-0.634766,0.277405,-0.269531,0.368225,-0.845459
14.163970947265625,0.639038,2.757813,-0.015625,-1.980469,-0.414062,-0.421875,-0.423828,0.273926,-0.278320,0.368591,-0.843567
14.184031963348389,0.628662,2.273438,-0.945312,-2.570313,-0.193359,0.050781,-0.072266,0.271667,-0.281799,0.370300,-0.842407
14.204014539718628,0.647339,-0.312500,0.214844,1.691406,-0.171875,0.197266,0.070312,0.270874,-0.280518,0.371643,-0.842468
14.224204778671265,0.647583,-2.687500,0.398438,2.800781,-0.357422,-0.355469,-0.138672,0.270508,-0.281494,0.373657,-0.841370
14.244319200515747,0.653931,-4.554687,0.144531,1.234375,-0.193359,-0.720703,-0.417969,0.269104,-0.288025,0.374084,-0.839478
14.264218091964722,0.688965,6.132812,-1.539063,-5.402344,0.177734,-0.083984,0.105469,0.268921,-0.292969,0.372864,-0.838379
14.284187078475952,0.724243,2.496094,-1.457031,-4.292969,0.517578,0.644531,0.373047,0.271423,-0.288086,0.371277,-0.839905
14.304155349731445,0.758667,-0.261719,-0.398438,1.949219,-0.095703,0.720703,-0.013672,0.271423,-0.279907,0.371582,-0.842529
14.324772596359253,0.796265,-3.824219,0.382813,3.890625,-0.451172,0.152344,-0.501953,0.266479,-0.278137,0.374329,-0.843506
14.344269514083862,0.798950,0.644531,0.675781,-0.421875,-0.320313,-0.117188,-0.314453,0.261841,-0.280273,0.376587,-0.843262
14.364152193069458,0.795776,1.867188,0.261719,-1.343750,-0.052734,-0.052734,0.039063,0.260254,-0.282593,0.377502,-0.842529
14.38455843925476,0.805664,-2.437500,0.121094,1.476563,-0.183594,-0.207031,-0.009766,0.260681,-0.283875,0.378113,-0.841736
14.404700994491577,0.813232,1.429688,-0.312500,0.222656,0.101563,0.300781,0.609375,0.262634,-0.283081,0.379456,-0.840759
14.424522638320923,0.816528,-3.300781,-0.222656,0.941406,0.042969,0.367188,0.347656,0.266418,-0.277222,0.380920,-0.840881
14.443962812423706,0.821045,-1.550781,0.140625,-0.101563,-0.056641,0.318359,-0.039063,0.266357,-0.273560,0.382507,-0.841370
14.464372158050537,0.820923,0.277344,-0.390625,0.433594,-0.279297,0.386719,-0.226562,0.263611,-0.271179,0.384399,-0.842163
14.484721183776855,0.823120,-1.804688,-0.527344,-0.230469,-0.156250,0.357422,-0.228516,0.259155,-0.270203,0.386597,-0.842834
14.504422187805176,0.826660,1.843750,0.628906,0.031250,0.017578,0.343750,0.212891,0.257507,-0.267151,0.388184,-0.843567
14.524707078933716,0.834229,1.031250,0.636719,0.972656,0.033203,0.154297,0.435547,0.259338,-0.263977,0.389343,-0.843506
14.544776439666748,0.835083,-0.781250,0.195312,-0.109375,-0.029297,0.021484,0.136719,0.262024,-0.261902,0.390137,-0.842957
14.564721822738647,0.836182,-1.917969,-0.179687,0.855469,-0.076172,0.164062,-0.009766,0.261841,-0.261169,0.391113,-0.842773
14.584737777709961,0.831543,-2.691406,-0.210937,0.933594,-0.177734,0.087891,-0.291016,0.259888,-0.260498,0.391968,-0.843201
14.604952096939087,0.830566,-0.515625,-0.250000,-0.148437,-0.195312,0.015625,-0.363281,0.256348,-0.262268,0.392578,-0.843445
14.624895334243774,0.828247,0.824219,-0.250000,-1.125000,-0.007813,0.105469,-0.207031,0.253418,-0.263123,0.392944,-0.843872
14.645121812820435,0.818481,-0.585937,-0.574219,-1.019531,0.005859,0.136719,-0.277344,0.250916,-0.263245,0.392334,-0.844910
14.664889574050903,0.813354,0.730469,-0.941406,-1.847656,0.273438,0.275391,-0.257813,0.248108,-0.262573,0.391235,-0.846436
14.684715032577515,0.809204,1.894531,0.890625,0.457031,0.244141,0.294922,-0.050781,0.246460,-0.259399,0.388489,-0.849182
14.704428672790527,0.811035,1.117188,2.964844,3.292969,-0.097656,-0.074219,0.173828,0.246521,-0.258362,0.388916,-0.849243
14.724926710128784,0.810059,2.187500,1.886719,0.105469,-0.244141,-0.132812,0.447266,0.249329,-0.258240,0.390930,-0.847534
14.744916677474976,0.811035,-1.402344,-2.726563,-2.492188,0.144531,0.062500,0.238281,0.252441,-0.257446,0.392456,-0.846130
14.764902591705322,0.812012,-0.253906,0.261719,-0.476562,0.099609,0.113281,0.224609,0.254089,-0.255798,0.392578,-0.846069
14.785189867019653,0.818726,0.492187,-0.082031,-0.234375,0.037109,0.087891,0.298828,0.256165,-0.253357,0.392700,-0.846130
14.805062770843506,0.822388,1.152344,0.085937,0.863281,0.056641,0.244141,0.414062,0.258911,-0.250061,0.393738,-0.845825
14.825091123580933,0.828003,-2.738281,-0.210937,0.664062,-0.035156,0.177734,-0.009766,0.259888,-0.247375,0.394714,-0.845825
14.84495997428894,0.834351,-0.539062,0.179687,1.351563,-0.183594,0.132812,-0.119141,0.258484,-0.246277,0.395813,-0.846069
14.865257024765015,0.833862,-1.332031,-0.148437,0.550781,-0.230469,-0.064453,-0.324219,0.255981,-0.247375,0.397217,-0.845886
14.885240316390991,0.831421,-0.328125,-0.449219,-0.835937,-0.103516,-0.238281,-0.376953,0.253296,-0.250122,0.397400,-0.845764
14.905269861221313,0.820801,0.191406,-1.125000,-1.968750,0.154297,-0.324219,-0.373047,0.251282,-0.254089,0.395569,-0.846069
14.925454378128052,0.815796,1.164063,-2.726563,-5.183594,0.833984,0.185547,-0.335938,0.249817,-0.255188,0.390381,-0.848572
14.945266008377075,0.807129,0.878906,-0.519531,-0.949219,0.574219,0.369141,-0.208984,0.248108,-0.251770,0.384033,-0.852966
14.964718103408813,0.793945,0.972656,2.136719,3.917969,-0.150391,0.091797,-0.033203,0.246582,-0.249695,0.383118,-0.854431
14.985536336898804,0.779785,0.000000,1.324219,1.773438,-0.361328,0.003906,0.119141,0.246582,-0.249329,0.385559,-0.853455
15.005365133285522,0.774170,-2.859375,-0.636719,0.585937,-0.224609,-0.023437,-0.248047,0.245056,-0.250732,0.387634,-0.852539
15.025192499160767,0.770996,0.972656,1.210938,0.500000,-0.072266,-0.210937,-0.074219,0.243713,-0.252686,0.388184,-0.852112
15.04522967338562,0.765137,1.207031,1.378906,1.460938,-0.226562,-0.390625,0.001953,0.244202,-0.255676,0.388916,-0.850769
15.065490007400513,0.762451,0.210937,-0.902344,-2.292969,0.062500,-0.376953,-0.001953,0.245728,-0.259094,0.388855,-0.849304
15.085468769073486,0.759277,-0.960937,-1.011719,-1.457031,0.265625,-0.492187,-0.197266,0.246948,-0.262634,0.385925,-0.849182
15.105477094650269,0.750977,-0.863281,-0.093750,-0.125000,0.093750,-0.408203,-0.224609,0.247437,-0.267273,0.382263,-0.849243
15.125767946243286,0.741943,0.566406,1.277344,0.632812,-0.193359,-0.242187,-0.134766,0.246887,-0.270691,0.381592,-0.848633
15.145301818847656,0.723145,1.253906,1.921875,1.339844,-0.488281,-0.296875,0.046875,0.246399,-0.273804,0.383789,-0.846802
15.165711641311646,0.722900,4.605469,-2.082031,-2.476563,-0.017578,0.353516,0.541016,0.248352,-0.273499,0.387451,-0.844666
15.185663938522339,0.738403,-0.695312,-0.734375,1.906250,-0.265625,0.041016,0.355469,0.250977,-0.269897,0.390869,-0.843445
15.206062316894531,0.750610,-2.441406,-0.824219,-2.734375,-0.039063,-0.099609,-0.023437,0.252014,-0.270142,0.392578,-0.842285
15.225712537765503,0.763184,-3.062500,-1.269531,-2.175781,0.289063,-0.169922,-0.384766,0.251221,-0.271667,0.390625,-0.842896
15.245776653289795,0.761597,-1.617188,-1.238281,1.546875,0.037109,-0.119141,-0.566406,0.248230,-0.274475,0.387024,-0.844543
15.265816450119019,0.765259,0.035156,-2.062500,-0.941406,0.556641,0.427734,-0.375000,0.244263,-0.275208,0.383606,-0.846985
15.285068273544312,0.771729,1.855469,3.332031,2.871094,0.025391,0.820312,0.033203,0.241211,-0.268677,0.382202,-0.850586
15.30588674545288,0.774902,2.644531,4.136719,2.800781,-0.539062,0.376953,0.351563,0.239563,-0.263550,0.386475,-0.850769
15.331154108047485,0.776978,2.460938,4.199219,2.941406,-0.775391,-0.189453,0.734375,0.242493,-0.262573,0.393616,-0.846924
15.345442771911621,0.779785,-0.867187,-4.011719,-3.238281,-0.173828,-0.042969,0.388672,0.246704,-0.261719,0.397644,-0.844116
15.365870475769043,0.776611,-3.816406,-1.144531,-2.425781,-0.156250,-0.431641,0.035156,0.249084,-0.263916,0.399597,-0.841797
15.385937690734863,0.777832,-2.386719,-1.253906,-1.554688,-0.011719,-0.384766,-0.271484,0.249634,-0.268372,0.398560,-0.840698
15.406166076660156,0.784424,1.320313,-1.085938,-3.292969,0.265625,0.263672,0.005859,0.248718,-0.269775,0.396545,-0.841492
15.42613673210144,0.815063,4.585937,-0.648437,-1.523438,0.183594,0.566406,0.259766,0.249084,-0.264099,0.395996,-0.843445
15.445732116699219,0.827271,-0.031250,1.265625,0.652344,0.175781,0.330078,0.330078,0.250122,-0.258301,0.396667,-0.844604
15.46585464477539,0.834473,-0.933594,1.113281,2.312500,0.013672,-0.150391,0.214844,0.252686,-0.256165,0.396484,-0.844604
15.4859037399292,0.834351,1.656250,0.484375,-1.113281,0.261719,-0.175781,0.253906,0.255981,-0.256104,0.395447,-0.844116
15.506187677383423,0.826172,-3.195313,-0.609375,-0.445312,0.140625,-0.253906,-0.294922,0.257324,-0.257385,0.392761,-0.844543
15.526156187057495,0.816284,-0.402344,-1.039063,0.601562,0.044922,-0.099609,-0.748047,0.253784,-0.261047,0.389038,-0.846191
15.545796871185303,0.806396,3.070313,-1.148438,-2.437500,0.187500,0.564453,-0.435547,0.248169,-0.260925,0.387756,-0.848511
15.566049098968506,0.794922,1.859375,0.542969,0.425781,-0.007813,0.537109,-0.238281,0.243408,-0.256714,0.387146,-0.851440
15.586153030395508,0.789185,1.277344,2.285156,2.695313,-0.369141,0.382813,0.029297,0.239990,-0.253784,0.389893,-0.852051
15.605974912643433,0.788940,0.824219,0.062500,1.828125,-0.119141,0.441406,0.429687,0.239929,-0.249756,0.393372,-0.851624
15.625840187072754,0.807495,-0.453125,0.230469,1.363281,-0.251953,0.082031,0.646484,0.242554,-0.246887,0.397522,-0.849792
15.646580457687378,0.818359,3.503906,-1.246094,-4.222656,0.341797,0.283203,1.046875,0.249695,-0.241089,0.399292,-0.848572
15.66620135307312,0.822388,-4.085937,-0.218750,-0.906250,0.400391,-0.050781,0.248047,0.255859,-0.237122,0.398010,-0.848450
15.68612813949585,0.819946,-3.234375,-0.566406,0.078125,0.347656,-0.501953,-0.316406,0.257507,-0.238403,0.394348,-0.849304
15.706466674804688,0.816650,1.253906,-1.058594,-1.421875,0.390625,-0.046875,-0.541016,0.255798,-0.242004,0.388794,-0.851379
15.726207971572876,0.811523,2.484375,3.292969,2.523438,-0.271484,-0.126953,-0.230469,0.252563,-0.243958,0.387329,-0.852417
15.746474027633667,0.816650,2.707031,4.582031,3.957031,-0.662109,-0.062500,0.294922,0.252136,-0.246582,0.391785,-0.849792
15.766400575637817,0.828613,-4.113281,-0.910156,1.300781,-0.474609,-0.085937,0.083984,0.252808,-0.246338,0.396545,-0.847412
15.786653757095337,0.841431,-0.824219,-1.253906,-3.195313,-0.259766,0.169922,-0.058594,0.251709,-0.247681,0.399780,-0.845886
15.806265592575073,0.848633,-0.949219,-1.812500,-2.023438,-0.115234,-0.003906,-0.224609,0.249695,-0.247559,0.401367,-0.845764
15.826483011245728,0.846436,-0.863281,-1.136719,-3.066406,0.185547,0.005859,-0.173828,0.248047,-0.248535,0.400269,-0.846497
15.846380233764648,0.840576,0.796875,-1.492188,-5.992187,0.742187,0.115234,-0.140625,0.247437,-0.248047,0.396851,-0.848389
15.866703748703003,0.829834,1.003906,1.640625,1.082031,0.705078,0.080078,0.060547,0.248718,-0.244812,0.390564,-0.851868
15.886541843414307,0.798706,0.023437,2.535156,2.558594,0.613281,-0.158203,0.058594,0.251038,-0.243164,0.385010,-0.854126
15.90684700012207,0.777710,-1.785156,2.218750,4.812500,-0.027344,-0.505859,-0.126953,0.252808,-0.245117,0.380737,-0.854980
15.926493406295776,0.762939,-0.562500,1.394531,0.753906,-0.378906,-1.080078,-0.154297,0.254089,-0.253479,0.380859,-0.852173
15.946792602539062,0.734619,1.734375,-0.175781,-1.718750,-0.445312,-0.705078,-0.013672,0.255859,-0.262634,0.381470,-0.848572
15.966756105422974,0.731201,1.429688,-3.210938,-4.613281,0.199219,0.052734,0.033203,0.256714,-0.266235,0.382446,-0.846741
15.98697280883789,0.742065,2.722656,-2.160156,-3.859375,0.304688,0.402344,0.351563,0.257996,-0.262268,0.381714,-0.847900
16.006653308868408,0.777832,0.621094,0.222656,2.179688,0.136719,0.498047,0.554687,0.260742,-0.255859,0.382141,-0.848816
16.02691078186035,0.788696,-1.292969,0.304688,1.617188,-0.027344,0.236328,0.355469,0.263611,-0.250793,0.383789,-0.848694
16.0469491481781,0.799194,-2.750000,0.062500,1.597656,-0.185547,0.146484,0.058594,0.263855,-0.249451,0.385742,-0.848145
16.06690239906311,0.807129,1.050781,-0.105469,-0.488281,-0.130859,0.031250,-0.187500,0.262817,-0.248718,0.387390,-0.847961
16.08693504333496,0.809448,-2.636719,-0.328125,0.824219,-0.427734,-0.281250,-0.687500,0.258667,-0.252747,0.388367,-0.847595
16.106915712356567,0.814087,3.292969,-0.433594,-3.457031,-0.156250,-0.093750,-0.357422,0.254578,-0.256470,0.389099,-0.847351
16.126840353012085,0.824341,1.585938,0.070312,-0.253906,0.013672,0.117188,0.037109,0.252502,-0.257202,0.389832,-0.847412
16.147040605545044,0.844482,-0.500000,0.429687,1.398438,-0.158203,0.097656,0.201172,0.252747,-0.256470,0.391113,-0.846985
16.167102575302124,0.847778,-0.613281,-0.003906,-2.000000,-0.007813,0.324219,0.263672,0.254089,-0.253235,0.393494,-0.846436
16.187316179275513,0.849976,-1.316406,0.085937,0.281250,-0.105469,0.302734,0.001953,0.254028,-0.249817,0.395020,-0.846802
16.207026481628418,0.848999,-0.800781,0.054687,0.601562,-0.111328,0.224609,-0.132812,0.252014,-0.248230,0.396667,-0.847046
16.22724938392639,0.847290,-0.382813,-0.320313,-1.121094,-0.048828,0.181641,-0.167969,0.249573,-0.247253,0.397583,-0.847656
16.246953010559082,0.848511,1.964844,0.410156,0.265625,0.007813,0.044922,0.144531,0.249023,-0.246460,0.397827,-0.847900
16.26711678504944,0.852173,3.144531,0.062500,-1.011719,0.154297,0.248047,0.349609,0.251160,-0.243530,0.398499,-0.847839
16.28766107559204,0.853149,-2.824219,-0.019531,1.031250,-0.070312,0.195312,-0.054687,0.251587,-0.241150,0.398743,-0.848267
16.307286500930786,0.853027,-2.085938,-0.195312,2.210938,-0.363281,0.005859,-0.496094,0.248291,-0.241577,0.400330,-0.848389
16.327348470687866,0.853516,3.855469,-0.027344,-3.105469,-0.103516,0.121094,-0.220703,0.243652,-0.244202,0.401733,-0.848328
16.34707546234131,0.856934,3.015625,0.058594,-1.195313,0.035156,0.378906,0.343750,0.243103,-0.241760,0.402832,-0.848633
16.367228269577026,0.861084,2.949219,0.714844,-0.117188,0.181641,0.222656,0.640625,0.246643,-0.236206,0.404114,-0.848572
16.387065172195435,0.863403,-0.675781,0.683594,0.777344,0.041016,-0.054687,0.312500,0.251099,-0.232849,0.404480,-0.848022
16.407352924346924,0.862793,-0.550781,0.003906,0.250000,-0.054687,-0.107422,0.015625,0.252625,-0.233276,0.404663,-0.847351
16.427298307418823,0.857788,-0.851562,0.035156,-1.855469,0.134766,-0.318359,-0.152344,0.252930,-0.234985,0.403687,-0.847290
16.44756269454956,0.853638,-1.105469,-0.601562,-0.101563,0.083984,-0.169922,-0.208984,0.252441,-0.237915,0.401794,-0.847473
16.467761754989624,0.852051,-1.406250,-0.578125,0.925781,0.037109,-0.001953,-0.220703,0.251465,-0.238953,0.400574,-0.848022
16.487546920776367,0.852417,0.203125,-0.378906,0.566406,-0.226562,0.175781,-0.294922,0.248352,-0.239746,0.401367,-0.848389
16.507249355316162,0.853394,2.011719,-0.140625,-1.726563,-0.066406,0.460937,-0.123047,0.245056,-0.238220,0.402893,-0.849060
16.527775049209595,0.854492,1.570313,0.058594,0.027344,-0.160156,0.681641,-0.082031,0.241638,-0.233643,0.405273,-0.850159
16.54771661758423,0.853760,-0.222656,1.113281,1.730469,-0.253906,0.410156,-0.091797,0.237915,-0.229797,0.408264,-0.850830
16.56763458251953,0.852539,-0.062500,1.183594,3.109375,-0.408203,-0.085937,-0.007813,0.236206,-0.229309,0.411011,-0.850098
16.587608575820923,0.845093,-1.718750,0.242187,2.015625,-0.500000,-0.507812,-0.134766,0.235596,-0.233521,0.414490,-0.847412
16.607945919036865,0.840576,0.625000,0.082031,-2.710938,-0.183594,-0.494141,-0.027344,0.236511,-0.239014,0.415466,-0.845154
16.627944231033325,0.841064,0.027344,-1.394531,-3.468750,-0.085937,-0.144531,-0.251953,0.235901,-0.243042,0.416077,-0.843872
16.647156715393066,0.846436,2.300781,-1.019531,-2.464844,0.056641,0.224609,-0.009766,0.234436,-0.243469,0.416016,-0.844177
16.667717218399048,0.860962,2.945313,-0.093750,-0.417969,-0.001953,0.443359,0.414062,0.234802,-0.239563,0.416992,-0.844727
16.68797755241394,0.866943,-1.664063,1.093750,-0.011719,0.125000,-0.322266,0.322266,0.237671,-0.237488,0.416992,-0.844482
16.707873344421387,0.870483,0.121094,1.410156,1.812500,-0.068359,-0.791016,0.294922,0.242798,-0.241150,0.416382,-0.842346
16.727909326553345,0.866821,-1.105469,-1.195313,-4.156250,0.316406,-0.554687,-0.019531,0.247498,-0.245667,0.414246,-0.840698
16.74778389930725,0.860229,-3.160156,-2.546875,-7.300781,1.015625,-0.496094,-0.603516,0.248596,-0.249756,0.406860,-0.842773
16.768006801605225,0.850464,-1.066406,-5.347656,-7.574219,2.560547,0.738281,-0.867187,0.245850,-0.248840,0.391724,-0.851013
16.787843942642212,0.804077,2.183594,-0.160156,-5.554687,4.119141,1.564453,-0.759766,0.242615,-0.232544,0.362549,-0.869263
16.808079957962036,0.776611,1.511719,5.214844,5.304687,3.468750,1.224609,-0.460937,0.240845,-0.212585,0.330811,-0.887329
16.8276629447937,0.754028,2.042969,8.058594,9.679688,2.033203,0.648437,0.089844,0.241760,-0.197571,0.306702,-0.899170
16.850309371948242,0.674683,0.968750,9.585938,17.875000,-0.107422,-0.552734,0.535156,0.246094,-0.193848,0.299255,-0.901245
16.86790895462036,0.595215,1.398438,6.363281,7.796875,-0.931641,-1.201172,1.078125,0.255127,-0.201233,0.303955,-0.895569
16.888012170791626,0.483154,-1.406250,4.031250,5.523437,-1.164063,-1.462891,1.166016,0.267212,-0.212402,0.312317,-0.886536
16.908738613128662,0.240723,-0.960937,3.285156,3.128906,-1.132813,-1.718750,1.339844,0.280640,-0.225830,0.320984,-0.875916
16.927793979644775,0.189453,-0.199219,2.476563,0.691406,-0.906250,-1.716797,1.466797,0.296265,-0.239075,0.328247,-0.864502
16.953332662582397,0.149902,-2.871094,0.105469,-2.539063,-0.708984,-1.708984,1.181641,0.311462,-0.252014,0.333191,-0.853516
16.967466354370117,0.090576,-1.363281,-0.507812,-3.035156,-0.552734,-1.589844,1.044922,0.324707,-0.264160,0.336121,-0.843689
16.988271713256836,0.048828,-2.460938,-1.898438,-3.132813,-0.535156,-1.343750,0.683594,0.335693,-0.275452,0.337952,-0.835022
17.009149312973022,0.035278,-2.253906,-2.464844,-2.761719,-0.537109,-1.085938,0.347656,0.342468,-0.285706,0.339905,-0.828003
17.02931022644043,0.056641,-0.027344,-2.449219,-4.843750,-0.224609,-0.744141,0.238281,0.346680,-0.293701,0.340759,-0.823059
17.0505154132843,0.082397,-0.792969,-2.699219,-3.730469,0.101563,-0.464844,0.152344,0.350342,-0.298035,0.339722,-0.820374
17.068319082260132,0.118896,-2.402344,-2.785156,-0.742187,0.041016,-0.376953,-0.119141,0.352173,-0.301025,0.337463,-0.819458
17.08835244178772,0.136597,-2.335938,-2.105469,1.441406,-0.189453,-0.619141,-0.287109,0.351807,-0.305908,0.335815,-0.818481
17.108357429504395,0.141235,-0.363281,0.242187,-0.558594,-0.207031,-0.777344,-0.250000,0.351196,-0.313477,0.333923,-0.816650
17.12857460975647,0.161621,-0.308594,0.878906,-0.593750,-0.289063,-0.816406,-0.078125,0.351807,-0.321289,0.332581,-0.813843
17.15388822555542,0.208130,-1.414063,0.527344,-0.300781,-0.511719,-0.761719,-0.144531,0.352356,-0.329468,0.332581,-0.810364
17.168555974960327,0.213867,-1.570313,-0.230469,0.375000,-0.568359,-0.781250,-0.347656,0.351074,-0.338562,0.333679,-0.806702
17.188899278640747,0.204956,0.625000,-2.398438,-2.703125,-0.205078,-0.623047,-0.447266,0.348755,-0.347107,0.332886,-0.804382
17.208409309387207,0.205200,1.511719,-1.390625,-2.281250,0.126953,-0.335938,-0.367188,0.346924,-0.352356,0.330017,-0.804138
17.22840905189514,0.205444,0.324219,-0.308594,-0.554687,0.074219,-0.150391,-0.357422,0.345276,-0.354980,0.326843,-0.804932
17.248906135559082,0.203491,-0.078125,0.195312,0.667969,-0.001953,-0.091797,-0.265625,0.343140,-0.356873,0.325073,-0.805725
17.268826961517334,0.213623,0.812500,0.074219,0.562500,-0.042969,-0.021484,-0.058594,0.341919,-0.357910,0.324524,-0.806030
17.28851628303528,0.227173,-0.347656,-0.300781,0.070312,-0.027344,0.003906,-0.083984,0.341431,-0.358276,0.324463,-0.806091
17.30853533744812,0.241821,-0.554687,-0.464844,0.273438,-0.050781,-0.042969,-0.199219,0.340088,-0.358887,0.324341,-0.806458
17.328867435455322,0.247437,-0.667969,-0.394531,0.480469,-0.066406,-0.072266,-0.179687,0.338379,-0.360352,0.323853,-0.806702
17.3488028049469,0.252563,0.886719,0.027344,-0.472656,-0.019531,0.015625,-0.025391,0.337524,-0.360901,0.323792,-0.806824
17.36873149871826,0.253784,0.695312,0.101563,-0.242187,0.005859,0.056641,0.048828,0.337463,-0.360535,0.323914,-0.806946
17.38877773284912,0.256714,0.410156,0.339844,0.449219,-0.076172,0.089844,0.041016,0.337524,-0.359924,0.324646,-0.806946
17.40880513191223,0.264526,-0.500000,-0.265625,0.226562,-0.033203,0.027344,-0.009766,0.337219,-0.359619,0.325439,-0.806885
17.429011583328247,0.266602,-0.269531,-0.101563,-0.308594,0.007813,0.007813,-0.021484,0.336975,-0.359619,0.325439,-0.806946
17.44886302947998,0.269287,0.152344,0.089844,0.066406,0.001953,0.007813,0.011719,0.336914,-0.359436,0.325378,-0.807068
17.468879461288452,0.274170,-0.039063,0.210937,0.609375,-0.054687,-0.025391,0.013672,0.336975,-0.359619,0.325623,-0.806885
17.48848867416382,0.278076,0.425781,0.179687,0.003906,-0.060547,0.007813,0.080078,0.337158,-0.359680,0.326172,-0.806580
17.509047269821167,0.294189,0.214844,-0.187500,-0.324219,-0.041016,0.009766,0.085937,0.337646,-0.359558,0.326965,-0.806091
17.529029607772827,0.299927,0.343750,-0.179687,-0.363281,-0.015625,0.105469,0.083984,0.338074,-0.358887,0.327637,-0.805908
17.548866033554077,0.314575,0.105469,-0.019531,0.210937,-0.148437,0.212891,0.042969,0.337830,-0.357544,0.329041,-0.806091
17.568869590759277,0.346313,-0.246094,0.394531,1.453125,-0.205078,0.234375,0.078125,0.336609,-0.356384,0.331726,-0.806030
17.589112520217896,0.385864,0.101563,-0.308594,0.234375,-0.156250,0.208984,0.171875,0.336182,-0.354675,0.334473,-0.805786
17.609365463256836,0.433472,-2.320313,-0.316406,0.679687,-0.154297,-0.128906,0.054687,0.336365,-0.354248,0.336365,-0.805115
17.629304885864258,0.540161,0.875000,-0.085937,-2.039063,0.335938,-0.111328,0.564453,0.339600,-0.354492,0.335876,-0.803894
17.649057626724243,0.584717,4.292969,-0.582031,-3.082031,0.552734,0.259766,0.656250,0.346619,-0.349548,0.334656,-0.803528
17.668943405151367,0.626587,-2.738281,-0.445312,2.054688,0.044922,0.458984,0.046875,0.349060,-0.344177,0.334839,-0.804687
17.68919014930725,0.699585,-0.906250,0.230469,3.289063,-0.466797,0.285156,-0.248047,0.346191,-0.341736,0.337891,-0.805725
17.709211587905884,0.710449,-1.210938,0.335938,0.441406,-0.353516,-0.039063,-0.322266,0.341675,-0.343506,0.340942,-0.805603
17.72953486442566,0.720459,1.437500,0.152344,-2.242188,0.011719,-0.203125,0.048828,0.340271,-0.345215,0.341492,-0.805237
17.74890112876892,0.737671,3.093750,-0.480469,0.464844,-0.031250,-0.169922,0.533203,0.342712,-0.346741,0.341919,-0.803345
17.769158601760864,0.775635,4.207031,-0.804687,-5.039062,0.458984,0.789062,0.824219,0.348816,-0.340210,0.343506,-0.802856
17.789303064346313,0.790527,-4.730469,0.390625,2.285156,-0.132812,0.511719,0.162109,0.350891,-0.332581,0.345825,-0.804199
17.80946111679077,0.799683,-1.656250,0.199219,1.648438,-0.375000,0.281250,-0.097656,0.348755,-0.330139,0.349548,-0.804504
17.829769611358643,0.795410,-3.312500,-0.042969,-0.730469,-0.371094,-0.404297,-0.496094,0.345093,-0.332886,0.351807,-0.803955
17.849379539489746,0.779907,-2.367188,-0.394531,-1.886719,-0.066406,-0.716797,-0.687500,0.341125,-0.341309,0.349609,-0.803040
17.869558572769165,0.762329,3.000000,-0.664062,-2.492188,0.343750,-0.121094,-0.054687,0.339844,-0.345581,0.345825,-0.803406
17.88975715637207,0.741089,1.164063,1.304688,0.710937,0.275391,0.244141,0.296875,0.342163,-0.343201,0.343750,-0.804321
17.909217834472656,0.739502,1.289063,0.957031,0.890625,0.046875,0.402344,0.421875,0.344666,-0.338562,0.344604,-0.804871
17.9295494556427,0.744751,1.136719,-1.054688,-1.140625,0.083984,0.683594,0.341797,0.346069,-0.332703,0.347351,-0.805542
17.949512004852295,0.767212,1.261719,-0.199219,0.117188,0.058594,0.792969,0.345703,0.346436,-0.325378,0.350769,-0.806885
17.969743490219116,0.773804,-1.945313,0.199219,1.113281,-0.050781,0.621094,0.152344,0.345703,-0.318604,0.354309,-0.808350
17.98995852470398,0.773926,-3.968750,0.371094,1.464844,-0.148437,-0.240234,-0.167969,0.344299,-0.317810,0.355957,-0.808533
18.00972819328308,0.763916,-3.035156,0.453125,1.648438,-0.177734,-1.011719,-0.320313,0.343994,-0.324524,0.354492,-0.806641
18.029665231704712,0.770264,0.035156,0.378906,-0.898437,0.177734,-0.478516,0.228516,0.346008,-0.332397,0.351318,-0.804016
18.049865007400513,0.786255,-1.554688,-0.816406,-1.363281,0.523437,0.417969,0.816406,0.352661,-0.327087,0.350647,-0.803528
18.069190979003906,0.802979,-1.539063,-1.207031,1.281250,0.128906,0.865234,0.330078,0.355957,-0.319458,0.351563,-0.804749
18.089853286743164,0.822510,-6.609375,-1.929688,2.875000,-0.414062,0.470703,-0.511719,0.352112,-0.314819,0.355103,-0.806702
18.109925985336304,0.821899,-3.132813,-3.062500,-3.269531,0.568359,0.785156,-0.710937,0.344604,-0.313110,0.355469,-0.810486
18.129724979400635,0.821411,1.382813,-0.054687,-0.480469,0.994141,1.175781,-0.441406,0.339050,-0.303406,0.349487,-0.819031
18.149640798568726,0.796875,-1.152344,2.578125,3.968750,0.191406,0.884766,-0.359375,0.334045,-0.293884,0.346680,-0.825745
18.17053985595703,0.765869,1.070313,5.167969,4.707031,-0.511719,0.310547,0.111328,0.329956,-0.290466,0.350159,-0.827148
18.19000506401062,0.731812,2.320313,3.683594,-0.160156,-0.062500,0.156250,0.167969,0.330200,-0.288757,0.354187,-0.825928
18.20993947982788,0.691284,-0.683594,1.761719,5.394531,-0.041016,-0.322266,-0.154297,0.330139,-0.289246,0.353943,-0.825867
18.230022430419922,0.673096,-0.449219,2.000000,4.261719,-0.248047,-1.009766,-0.298828,0.330383,-0.296448,0.352051,-0.824036
18.249998331069946,0.659668,-0.875000,1.179688,2.203125,-0.462891,-1.281250,-0.494141,0.329895,-0.308777,0.350342,-0.820435
18.26980948448181,0.637573,1.390625,-0.046875,-3.171875,-0.058594,-0.984375,-0.390625,0.329529,-0.320679,0.347351,-0.817261
18.29057765007019,0.627808,1.488281,-0.867187,-1.062500,-0.009766,-0.542969,-0.292969,0.329346,-0.328064,0.343750,-0.815918
18.310247898101807,0.605713,1.839844,-0.238281,-0.421875,-0.087891,-0.210937,-0.070312,0.328979,-0.331787,0.342163,-0.815247
18.32966136932373,0.579102,0.917969,-0.039063,-0.949219,0.029297,0.183594,0.089844,0.328857,-0.332275,0.342651,-0.814880
18.350390195846558,0.587769,1.347656,-0.531250,-0.437500,-0.027344,0.300781,0.228516,0.329346,-0.329346,0.343872,-0.815308
18.370244026184082,0.608276,-2.695313,-0.691406,1.457031,-0.181641,0.115234,0.056641,0.329590,-0.327454,0.346252,-0.815002
18.390308618545532,0.632080,-0.167969,-0.062500,-0.664062,-0.015625,-0.103516,0.125000,0.329529,-0.328064,0.347595,-0.814209
18.41033124923706,0.675049,2.484375,-0.644531,-3.570313,0.296875,0.207031,0.292969,0.332214,-0.326233,0.346985,-0.814148
18.43046498298645,0.704346,0.953125,-0.781250,-2.613281,0.273438,0.554687,0.166016,0.333862,-0.320801,0.346375,-0.815857
18.45030450820923,0.723633,-3.035156,0.144531,3.109375,-0.330078,0.517578,-0.177734,0.331970,-0.315979,0.348877,-0.817444
18.470289707183838,0.746338,0.449219,0.933594,0.367188,-0.181641,-0.019531,-0.046875,0.328857,-0.315308,0.351379,-0.817932
18.49030900001526,0.763428,1.566406,0.121094,1.746094,-0.251953,-0.015625,0.375000,0.329285,-0.316162,0.353699,-0.816406
18.51023769378662,0.779053,4.296875,0.046875,-2.460938,0.062500,0.158203,0.353516,0.332581,-0.313904,0.356140,-0.814880
18.53066921234131,0.796875,-2.429688,0.324219,2.167969,-0.119141,0.162109,0.058594,0.333679,-0.311401,0.357544,-0.814758
18.550415754318237,0.797485,-2.160156,-0.191406,1.117188,-0.251953,-0.019531,-0.244141,0.332092,-0.311584,0.359253,-0.814575
18.5708327293396,0.793823,-3.035156,-0.457031,-0.328125,-0.199219,-0.265625,-0.523437,0.328491,-0.315186,0.359375,-0.814575
18.59024715423584,0.786133,1.761719,-0.281250,-2.273438,0.087891,0.058594,-0.119141,0.326050,-0.317566,0.358276,-0.815125
18.610440731048584,0.778442,2.417969,0.746094,-0.312500,0.154297,0.363281,0.267578,0.326355,-0.314819,0.358459,-0.816040
18.630610466003418,0.777344,1.089844,0.636719,1.035156,0.035156,0.394531,0.386719,0.328003,-0.310059,0.359924,-0.816528
18.650742292404175,0.778564,-0.425781,0.046875,1.402344,-0.074219,0.277344,0.320313,0.329712,-0.306152,0.362305,-0.816284
18.67074966430664,0.780762,-0.242187,-0.250000,-0.300781,0.080078,0.113281,0.316406,0.331665,-0.303223,0.363831,-0.815918
18.690818309783936,0.775757,-2.394531,-0.257813,-0.332031,0.238281,-0.115234,0.123047,0.334290,-0.301758,0.363037,-0.815735
18.710729360580444,0.766113,-3.542969,-1.468750,0.222656,0.107422,-0.164062,-0.439453,0.333984,-0.302917,0.360596,-0.816528
18.730802059173584,0.758667,-2.664063,-1.515625,-0.699219,0.138672,-0.062500,-0.820312,0.329407,-0.306519,0.357056,-0.818542
18.750936269760132,0.757202,2.828125,0.089844,-1.441406,-0.154297,0.132812,-0.599609,0.323425,-0.308105,0.354736,-0.821350
18.771047353744507,0.747070,3.429688,3.859375,3.906250,-0.634766,0.042969,-0.060547,0.318909,-0.309937,0.357056,-0.821411
18.790966987609863,0.740967,2.472656,-0.847656,1.074219,-0.412109,0.193359,0.384766,0.318787,-0.310303,0.362915,-0.818787
18.810996532440186,0.745850,-3.042969,-2.601563,-0.097656,-0.291016,-0.107422,0.048828,0.318909,-0.310059,0.366943,-0.817017
18.831044673919678,0.754028,-2.476563,-0.679687,-4.265625,0.201172,0.011719,0.015625,0.319031,-0.310974,0.366821,-0.816711
18.850972890853882,0.772827,-0.718750,-1.437500,-0.871094,0.300781,0.382813,0.021484,0.319580,-0.308167,0.365356,-0.818176
18.870736598968506,0.782593,1.343750,-0.007813,-0.101563,0.136719,0.738281,0.148437,0.318726,-0.302307,0.365234,-0.820740
18.89072585105896,0.792603,1.175781,1.816406,1.761719,-0.197266,0.417969,0.306641,0.318298,-0.296509,0.368103,-0.821716
18.91111707687378,0.806274,1.015625,3.160156,3.011719,-0.212891,-0.208984,0.365234,0.320190,-0.295166,0.371521,-0.819946
18.93095374107361,0.817993,0.304688,0.027344,1.351563,-0.324219,-0.519531,0.365234,0.323730,-0.297729,0.374023,-0.816528
18.95110297203064,0.815430,-1.234375,-0.707031,-2.625000,-0.019531,-0.552734,0.125000,0.327515,-0.301270,0.374329,-0.813538
18.97103214263916,0.812378,-2.984375,-0.753906,-2.488281,0.146484,-0.447266,-0.183594,0.329285,-0.305542,0.372070,-0.812256
18.991562128067017,0.811890,-2.187500,-1.285156,-1.382813,0.238281,-0.277344,-0.382813,0.328735,-0.308899,0.368652,-0.812805
19.011079788208008,0.812500,2.773438,-0.871094,-0.042969,0.283203,0.203125,-0.158203,0.327332,-0.309570,0.365234,-0.814636
19.031213521957397,0.814331,2.476563,-0.410156,-1.656250,0.361328,0.630859,-0.029297,0.326355,-0.304626,0.363953,-0.817444
19.05109167098999,0.813110,-1.828125,0.644531,2.628906,-0.189453,0.396484,-0.406250,0.323059,-0.300903,0.364136,-0.820068
19.071279287338257,0.812012,-0.128906,0.339844,2.191406,-0.351563,0.337891,-0.388672,0.317505,-0.300049,0.366150,-0.821594
19.09117603302002,0.804687,1.167969,0.171875,-2.183594,-0.185547,0.451172,-0.246094,0.312378,-0.299438,0.369202,-0.822449
19.111271142959595,0.798340,2.246094,0.523437,0.300781,-0.066406,0.302734,0.263672,0.310608,-0.296326,0.371399,-0.823242
19.131498336791992,0.809937,-1.453125,-0.050781,2.812500,-0.191406,0.003906,0.451172,0.312195,-0.294861,0.374023,-0.822021
19.1514253616333,0.821655,0.007813,-0.019531,-1.609375,0.246094,0.156250,1.041016,0.318726,-0.290161,0.376770,-0.819946
19.171183347702026,0.827637,-3.046875,-0.074219,-0.308594,0.130859,0.181641,0.601562,0.325867,-0.284546,0.378235,-0.818420
19.191256761550903,0.833984,-3.214844,-0.417969,-0.828125,0.037109,0.308594,0.021484,0.327271,-0.281494,0.379089,-0.818542
19.211490154266357,0.834839,-0.617187,-0.187500,0.390625,-0.160156,0.500000,-0.142578,0.325012,-0.278442,0.380554,-0.819763
19.231812477111816,0.834717,-0.195312,0.402344,1.070313,-0.341797,0.173828,-0.289063,0.320862,-0.277344,0.383179,-0.820557
19.25149178504944,0.844604,1.859375,0.546875,-0.230469,-0.208984,-0.148437,0.105469,0.319214,-0.278442,0.385254,-0.819885
19.271552562713623,0.853516,5.882812,-0.292969,0.031250,-0.130859,0.183594,0.900391,0.322876,-0.277405,0.388184,-0.817383
19.293784141540527,0.860596,2.062500,-0.269531,-3.898438,0.177734,0.236328,0.484375,0.328613,-0.271484,0.390747,-0.815857
19.311448574066162,0.864990,-2.375000,-1.160156,-0.558594,0.162109,0.244141,-0.023437,0.329651,-0.268677,0.390686,-0.816406
19.33164405822754,0.860352,-3.417969,-2.003906,-1.355469,0.195312,-0.035156,-0.537109,0.327393,-0.268799,0.388245,-0.818481
19.351840257644653,0.853882,-0.246094,-3.789063,-8.285156,1.333984,0.042969,-0.527344,0.324829,-0.268799,0.380432,-0.823120
19.37195587158203,0.825317,1.929688,-0.207031,-1.378906,0.679687,0.234375,-0.400391,0.323486,-0.265320,0.371216,-0.828918
19.391383409500122,0.796509,0.441406,2.000000,1.507813,0.185547,0.082031,-0.269531,0.320984,-0.264038,0.367310,-0.832031
19.41174864768982,0.769775,0.042969,0.941406,1.839844,0.066406,0.076172,-0.072266,0.319824,-0.263550,0.366272,-0.833130
19.43168330192566,0.743652,-1.359375,0.863281,3.523438,-0.097656,-0.230469,-0.144531,0.318970,-0.264404,0.366028,-0.833252
19.451754093170166,0.693359,-0.902344,1.601563,2.527344,0.019531,-0.673828,-0.273438,0.318848,-0.269165,0.364502,-0.832458
19.471792936325073,0.673828,1.410156,1.644531,1.933594,0.130859,-0.951172,-0.347656,0.319397,-0.276978,0.360168,-0.831604
19.49185848236084,0.655396,2.089844,1.601563,2.945313,-0.300781,-1.097656,-0.253906,0.320435,-0.286743,0.356995,-0.829285
19.51192855834961,0.619873,0.000000,-0.843750,-1.875000,-0.072266,-0.984375,-0.486328,0.320557,-0.297607,0.354126,-0.826599
19.532749891281128,0.591187,0.742187,-0.792969,-2.515625,-0.017578,-0.656250,-0.582031,0.318909,-0.306274,0.350098,-0.825745
19.551751375198364,0.559326,0.832031,0.519531,0.902344,-0.201172,-0.492187,-0.509766,0.315857,-0.313110,0.347412,-0.825500
19.57215666770935,0.538696,2.351563,1.308594,2.015625,-0.539062,-0.160156,-0.001953,0.313599,-0.318481,0.348511,-0.823853
19.59205436706543,0.572876,2.023438,-1.601563,-1.945313,-0.179687,0.503906,0.279297,0.313721,-0.316895,0.352173,-0.822876
19.612058639526367,0.622070,0.824219,-0.722656,0.261719,0.011719,0.679687,0.724609,0.315247,-0.310303,0.356506,-0.822937
19.631749153137207,0.701904,-0.511719,-1.203125,-3.242188,0.250000,0.691406,0.396484,0.318176,-0.302551,0.359070,-0.823608
19.652084589004517,0.724854,-0.187500,-0.253906,-0.562500,0.166016,0.828125,0.199219,0.318481,-0.293945,0.360596,-0.825928
19.672351360321045,0.742065,-2.339844,0.289063,3.789063,-0.248047,0.220703,-0.146484,0.316528,-0.289368,0.363037,-0.827209
19.692062616348267,0.747925,-1.535156,0.691406,0.753906,-0.148437,-0.398438,-0.103516,0.315308,-0.291382,0.363770,-0.826660
19.712334632873535,0.775757,1.648438,0.328125,2.027344,-0.429687,-0.925781,-0.021484,0.315674,-0.299072,0.363770,-0.823730
19.732117176055908,0.798828,9.800781,0.453125,-4.718750,0.388672,-0.302734,1.218750,0.323242,-0.302063,0.364075,-0.819580
19.75229573249817,0.811157,-3.152344,0.421875,-0.347656,0.095703,-0.250000,0.470703,0.332947,-0.299927,0.363098,-0.816956
19.772554397583008,0.820190,-3.250000,-0.796875,1.070313,-0.109375,-0.019531,0.017578,0.335083,-0.300232,0.363586,-0.815735
19.79232358932495,0.815796,-0.832031,-0.410156,-2.757813,0.148437,0.302734,-0.136719,0.334045,-0.298950,0.363831,-0.816467
19.812169075012207,0.811035,-2.062500,-0.566406,0.035156,0.050781,0.283203,-0.419922,0.331238,-0.297180,0.362671,-0.818787
19.832385540008545,0.810547,-0.058594,-0.843750,1.222656,-0.185547,0.572266,-0.300781,0.326050,-0.295776,0.363525,-0.821045
19.852555751800537,0.813721,2.011719,-0.710937,-0.820312,-0.169922,0.968750,-0.255859,0.320374,-0.290894,0.366760,-0.823547
19.872520446777344,0.814087,-0.429687,0.375000,-0.101563,-0.240234,0.890625,-0.199219,0.314392,-0.284241,0.371277,-0.826111
19.892345428466797,0.812012,-1.554688,1.035156,0.742187,-0.107422,0.296875,-0.257813,0.309692,-0.280334,0.373962,-0.828064
19.91252565383911,0.807861,1.148438,1.734375,2.480469,-0.210937,-0.207031,-0.031250,0.308105,-0.281067,0.374817,-0.828003
19.932749032974243,0.802246,-1.917969,0.867187,1.843750,-0.181641,-0.804687,-0.089844,0.308777,-0.286499,0.374573,-0.825989
19.952757358551025,0.813477,1.230469,-1.039063,-1.601563,0.007813,-0.498047,0.175781,0.311829,-0.292236,0.372864,-0.823608
19.972488164901733,0.822632,3.453125,-0.773437,-3.148438,0.363281,0.117188,0.560547,0.315979,-0.292053,0.371765,-0.822632
19.99267053604126,0.832275,-0.945312,-0.679687,-1.496094,0.281250,0.451172,0.269531,0.319275,-0.287048,0.370911,-0.823486
20.01281714439392,0.838623,-0.445312,0.078125,1.375000,0.003906,0.466797,0.056641,0.319336,-0.282227,0.371521,-0.824829
20.032602548599243,0.838623,-1.402344,0.429687,1.070313,-0.166016,0.291016,-0.136719,0.317322,-0.279053,0.373596,-0.825745
20.05292010307312,0.834473,-0.804687,-0.058594,0.050781,-0.152344,-0.060547,-0.267578,0.314758,-0.279419,0.374756,-0.826111
20.07284665107727,0.833130,-2.300781,-0.359375,-0.261719,-0.123047,-0.119141,-0.363281,0.311768,-0.282349,0.374573,-0.826294
20.093088626861572,0.828613,-0.015625,0.171875,-0.085937,-0.087891,-0.021484,-0.201172,0.309387,-0.284607,0.374207,-0.826599
20.112739324569702,0.828613,0.562500,0.101563,0.664062,-0.207031,0.033203,-0.125000,0.307495,-0.285767,0.374939,-0.826538
20.132742643356323,0.829102,2.664063,-0.687500,-1.363281,-0.119141,0.542969,0.105469,0.305908,-0.283997,0.377014,-0.826782
20.152973651885986,0.827148,0.710937,-0.136719,-1.027344,-0.099609,0.623047,0.125000,0.304382,-0.278992,0.380005,-0.827698
20.172741413116455,0.827271,0.875000,0.027344,-0.738281,0.064453,0.414062,0.152344,0.303345,-0.273926,0.382324,-0.828735
20.19792914390564,0.823975,0.054687,0.484375,1.578125,0.017578,0.140625,0.203125,0.304016,-0.270752,0.383057,-0.829163
20.212928771972656,0.822266,-1.621094,-0.042969,0.582031,-0.015625,-0.240234,0.085937,0.305359,-0.270752,0.383484,-0.828491
20.233062505722046,0.822876,-0.082031,0.035156,-1.296875,0.232422,-0.070312,0.318359,0.307678,-0.271667,0.382446,-0.827759
20.252858877182007,0.825317,2.824219,-0.441406,-1.000000,0.220703,0.251953,0.312500,0.310913,-0.268555,0.381897,-0.827881
20.272688388824463,0.830322,-1.335938,-0.019531,0.769531,0.056641,0.312500,-0.007813,0.311279,-0.265198,0.382019,-0.828735
20.2929470539093,0.837402,-2.214844,-0.519531,2.121094,-0.306641,0.212891,-0.359375,0.308533,-0.263794,0.383301,-0.829651
20.31316375732422,0.839233,-1.621094,-0.148437,0.410156,-0.201172,0.027344,-0.308594,0.303955,-0.265747,0.385254,-0.829834
20.33330464363098,0.842773,2.261719,0.347656,-2.300781,0.062500,-0.113281,0.103516,0.302979,-0.266663,0.385254,-0.829895
20.352999448776245,0.853027,5.261719,0.019531,0.734375,-0.017578,0.001953,0.787109,0.306580,-0.266235,0.386108,-0.828247
20.37316060066223,0.854736,-0.683594,-0.855469,-4.406250,0.402344,0.386719,0.611328,0.312927,-0.260803,0.386780,-0.827332
20.393221139907837,0.855713,-4.781250,-1.359375,-1.660156,0.521484,0.230469,-0.101563,0.315002,-0.255554,0.384521,-0.829224
20.413610696792603,0.848755,-5.394531,-3.699219,-1.218750,1.369141,0.154297,-0.941406,0.311951,-0.253723,0.376465,-0.834595
20.433252811431885,0.839722,2.640625,-0.273438,-1.660156,1.412109,0.677734,-0.710937,0.307068,-0.248840,0.362793,-0.843872
20.45390248298645,0.825439,-0.195312,3.152344,6.910156,-0.039063,0.501953,-0.613281,0.301208,-0.243286,0.357422,-0.849915
20.473998069763184,0.767700,-2.816406,2.792969,4.007812,-0.683594,0.146484,-0.474609,0.293823,-0.244202,0.360229,-0.851013
20.493526935577393,0.738037,1.605469,2.679688,1.246094,-0.699219,-0.144531,0.181641,0.291016,-0.246887,0.365906,-0.848816
20.513521909713745,0.715942,-2.117188,0.878906,2.343750,-0.544922,-0.322266,0.054687,0.291687,-0.250061,0.370728,-0.845520
20.532953023910522,0.700073,-0.171875,1.554688,2.359375,-0.435547,-0.642578,-0.048828,0.292114,-0.255493,0.373657,-0.842468
20.553513288497925,0.686890,0.175781,0.886719,0.292969,-0.212891,-0.894531,-0.210937,0.293274,-0.263428,0.373474,-0.839722
20.573813915252686,0.679077,-0.179687,-0.351563,-1.535156,-0.300781,-1.050781,-0.507812,0.293152,-0.274048,0.372070,-0.836975
20.59368062019348,0.667236,0.843750,-0.492187,-3.503906,0.095703,-0.966797,-0.621094,0.291809,-0.284851,0.368225,-0.835510
20.618424654006958,0.633301,0.726562,0.359375,0.226562,-0.169922,-0.800781,-0.515625,0.290161,-0.294617,0.363831,-0.834656
20.633456468582153,0.634888,3.136719,0.382813,1.562500,-0.228516,0.035156,0.085937,0.289001,-0.300049,0.364380,-0.832886
20.65328335762024,0.656250,-2.675781,-0.421875,0.542969,0.056641,0.306641,0.111328,0.289246,-0.297180,0.365479,-0.833313
20.673424005508423,0.715576,-1.582031,-0.421875,0.996094,-0.072266,0.205078,-0.035156,0.288574,-0.295532,0.366211,-0.833862
20.69384217262268,0.749390,1.890625,-0.503906,2.144531,-0.253906,0.537109,0.417969,0.287964,-0.292297,0.369080,-0.833923
20.71360206604004,0.783081,1.664063,0.683594,0.007813,-0.019531,0.103516,0.603516,0.290771,-0.288025,0.372559,-0.832886
20.733914136886597,0.809692,-1.476563,-0.031250,-0.339844,0.058594,-0.474609,0.255859,0.295715,-0.288330,0.372437,-0.831116
20.7539484500885,0.811157,0.339844,-0.074219,-0.796875,0.068359,-0.330078,0.052734,0.298828,-0.290894,0.370667,-0.829895
20.773930549621582,0.810059,1.210938,-0.812500,-1.726563,0.246094,-0.019531,-0.007813,0.299866,-0.291870,0.369385,-0.829712
20.79349374771118,0.810303,-1.203125,-0.613281,-1.179688,0.117188,0.244141,-0.082031,0.299438,-0.290710,0.367920,-0.830933
20.813950061798096,0.830933,-2.218750,-0.421875,3.140625,-0.257813,0.197266,-0.152344,0.297791,-0.289001,0.368652,-0.831787
20.833683252334595,0.841675,1.558594,-1.539063,-0.972656,-0.273438,0.550781,0.035156,0.294922,-0.287292,0.371765,-0.832031
20.854013919830322,0.848022,-0.945312,-1.875000,-4.324219,0.125000,0.587891,-0.033203,0.292664,-0.282715,0.374146,-0.833313
20.87374496459961,0.848511,0.140625,-1.886719,-3.996094,0.660156,0.623047,-0.154297,0.290894,-0.276672,0.372620,-0.836670
20.893765687942505,0.841675,0.226562,0.695312,0.332031,0.890625,0.587891,-0.216797,0.289063,-0.269714,0.366577,-0.842224
20.913761138916016,0.830933,0.679687,3.550781,3.234375,0.126953,0.242187,0.111328,0.288330,-0.265076,0.363586,-0.845215
20.934022188186646,0.798096,1.347656,3.062500,1.308594,-0.066406,0.037109,0.365234,0.290100,-0.262939,0.364563,-0.844849
20.95420551300049,0.773560,-1.863281,0.632812,3.019531,-0.203125,-0.263672,-0.195312,0.291260,-0.263672,0.365662,-0.843750
20.97414207458496,0.749756,-0.003906,1.675781,0.734375,-0.167969,-0.611328,-0.474609,0.289001,-0.269409,0.365295,-0.842896
20.994163274765015,0.702271,1.527344,2.011719,1.433594,-0.185547,-0.873047,-0.392578,0.287659,-0.277710,0.362732,-0.841736
21.013931274414062,0.681519,1.046875,1.414063,1.312500,-0.367188,-1.082031,-0.353516,0.287354,-0.288391,0.361511,-0.838806
21.0345242023468,0.669189,1.289063,-0.339844,-1.742188,-0.097656,-0.546875,-0.275391,0.286926,-0.297607,0.360474,-0.836182
21.054177045822144,0.673828,2.578125,-0.394531,0.449219,0.017578,-0.042969,0.121094,0.287231,-0.300293,0.359070,-0.835693
21.074325799942017,0.690308,-0.210937,-0.578125,-1.167969,0.115234,0.205078,0.257813,0.288696,-0.298340,0.359802,-0.835571
21.09432816505432,0.706177,-0.378906,-0.539062,-0.085937,0.064453,0.197266,0.142578,0.290161,-0.295471,0.360168,-0.835937
21.114054441452026,0.728394,-1.304688,-0.539062,0.281250,-0.017578,0.292969,0.023437,0.289795,-0.293274,0.360657,-0.836609
21.134447813034058,0.762939,-2.867188,-0.101563,2.480469,-0.396484,0.199219,-0.333984,0.287415,-0.292114,0.362671,-0.836975
21.154157161712646,0.771729,-1.175781,-0.070312,0.449219,-0.531250,0.066406,-0.572266,0.280884,-0.294800,0.365906,-0.836853
21.174354076385498,0.779907,2.777344,0.023437,-2.566406,-0.117188,0.304688,-0.076172,0.276367,-0.295654,0.368408,-0.836975
21.194470167160034,0.797974,1.121094,-0.007813,-1.503906,-0.035156,0.164062,0.078125,0.275452,-0.293579,0.369568,-0.837463
21.214102268218994,0.806274,1.683594,-0.566406,-0.949219,0.076172,0.349609,0.412109,0.276733,-0.290405,0.371155,-0.837463
21.234386682510376,0.811401,-1.679688,0.015625,0.480469,-0.046875,0.394531,0.146484,0.277771,-0.286133,0.372742,-0.837891
21.254406213760376,0.821655,-2.000000,0.566406,1.984375,-0.251953,0.179687,-0.097656,0.276428,-0.284607,0.374634,-0.838013
21.27446150779724,0.822021,0.812500,-0.222656,-0.636719,-0.119141,0.357422,-0.091797,0.273865,-0.283203,0.376892,-0.838257
21.29434561729431,0.823364,0.613281,0.238281,-0.957031,0.105469,0.183594,0.064453,0.272583,-0.280823,0.377502,-0.839233
21.31475257873535,0.829956,2.269531,-0.183594,0.042969,0.152344,0.158203,0.425781,0.274292,-0.278564,0.377380,-0.839478
21.33411145210266,0.831543,0.785156,-0.191406,-1.687500,0.250000,0.382813,0.216797,0.277283,-0.273926,0.377258,-0.840088
21.35482168197632,0.834229,-2.769531,0.007813,2.929688,-0.240234,0.318359,-0.142578,0.276062,-0.270752,0.378479,-0.840942
21.3740816116333,0.832886,-1.582031,-0.007813,0.441406,-0.427734,0.162109,-0.369141,0.272156,-0.270264,0.381409,-0.841064
21.394840955734253,0.830444,1.351563,-0.023437,-2.660156,-0.070312,-0.080078,-0.238281,0.268250,-0.272217,0.383057,-0.840942
21.41489577293396,0.827515,0.691406,0.335938,-1.925781,0.173828,-0.412109,-0.015625,0.268372,-0.274658,0.381348,-0.840881
21.434799671173096,0.821777,0.414062,0.359375,0.597656,0.330078,-0.541016,0.222656,0.271606,-0.277954,0.378601,-0.840027
21.454849243164062,0.820557,-0.027344,-0.734375,0.234375,0.468750,-0.050781,0.521484,0.278076,-0.277161,0.375427,-0.839600
21.474754095077515,0.825195,-3.054688,-0.367188,1.765625,0.031250,0.109375,0.027344,0.280762,-0.275085,0.374146,-0.839966
21.495080709457397,0.831543,1.859375,-0.359375,0.457031,-0.085937,0.373047,0.091797,0.280334,-0.272644,0.375366,-0.840332
21.51488947868347,0.841553,0.003906,-0.269531,-0.125000,-0.125000,0.558594,0.146484,0.279114,-0.268921,0.377808,-0.840820
21.5350022315979,0.846680,1.648438,0.054687,-0.570312,-0.015625,0.705078,0.380859,0.278809,-0.262573,0.380615,-0.841675
21.554771900177002,0.849854,-0.734375,0.683594,0.050781,0.115234,0.242187,0.375000,0.280334,-0.256653,0.382385,-0.842224
21.574929237365723,0.851440,-0.593750,0.652344,1.257813,0.033203,0.033203,0.292969,0.282898,-0.254395,0.382935,-0.841797
21.59511423110962,0.850952,-0.554687,0.160156,0.492187,-0.027344,0.107422,0.072266,0.284180,-0.253235,0.383667,-0.841370
21.615233182907104,0.849609,-3.589844,-0.136719,1.734375,-0.240234,-0.007813,-0.367188,0.282532,-0.253296,0.384460,-0.841553
21.634850025177002,0.848633,-2.656250,-0.511719,0.707031,-0.425781,-0.275391,-0.695312,0.277832,-0.257507,0.385559,-0.841309
21.655020236968994,0.849976,-0.054687,-0.804687,-1.175781,-0.296875,-0.126953,-0.546875,0.272278,-0.262756,0.386353,-0.841187
21.675108432769775,0.851074,0.871094,-0.632812,-0.753906,-0.222656,0.021484,-0.296875,0.268250,-0.265747,0.387207,-0.841125
21.694925785064697,0.850708,2.433594,0.085937,-2.207031,0.158203,0.267578,0.044922,0.266602,-0.264893,0.387451,-0.841797
21.715129852294922,0.844238,1.253906,0.953125,-0.070312,0.271484,0.162109,0.228516,0.267395,-0.261902,0.386414,-0.842957
21.73521089553833,0.841187,2.351563,2.101563,1.667969,0.017578,0.025391,0.498047,0.270569,-0.259277,0.386230,-0.842834
21.755277633666992,0.841309,0.921875,-0.757812,-0.992187,0.144531,0.144531,0.646484,0.275452,-0.256165,0.387329,-0.841736
21.775559663772583,0.844482,-2.515625,-1.101563,-0.410156,0.056641,0.195312,0.259766,0.278931,-0.252808,0.388184,-0.841187
21.79494833946228,0.845215,-0.156250,-0.027344,-0.394531,0.054687,0.371094,0.117188,0.279724,-0.249207,0.388794,-0.841736
21.81552791595459,0.844604,-3.128906,-0.089844,3.031250,-0.369141,0.111328,-0.404297,0.277222,-0.247986,0.390503,-0.842102
21.83556890487671,0.844116,-2.562500,-0.296875,0.687500,-0.511719,-0.085937,-0.697266,0.271423,-0.251099,0.393005,-0.841919
21.85541534423828,0.845093,0.796875,-0.074219,-0.492187,-0.460937,-0.208984,-0.564453,0.265076,-0.256653,0.395020,-0.841309
21.875540256500244,0.845947,2.296875,0.132812,-1.707031,-0.193359,-0.087891,-0.185547,0.262024,-0.260132,0.396057,-0.840698
21.895835399627686,0.843262,1.250000,-0.203125,-1.609375,0.003906,0.093750,-0.003906,0.260986,-0.260742,0.396484,-0.840637
21.915623664855957,0.839966,0.933594,0.792969,0.710937,0.027344,0.197266,0.119141,0.260925,-0.258789,0.396790,-0.841125
21.935701847076416,0.836670,1.195313,0.492187,0.941406,-0.072266,0.064453,0.222656,0.261719,-0.257446,0.397644,-0.840881
21.955040216445923,0.835571,1.375000,0.242187,-0.789062,0.044922,0.103516,0.482422,0.264160,-0.255554,0.398926,-0.840088
21.97538685798645,0.840942,3.980469,-0.019531,-1.824219,0.302734,0.515625,1.017578,0.269958,-0.249451,0.400085,-0.839539
21.995576858520508,0.842896,-2.550781,-0.937500,-1.542969,0.267578,0.634766,0.482422,0.274780,-0.240967,0.401184,-0.839905
22.015578508377075,0.844849,-2.554688,-0.410156,1.964844,-0.031250,0.708984,-0.050781,0.274353,-0.233704,0.401978,-0.841736
22.03560471534729,0.843994,-6.839844,-0.386719,4.503906,-0.568359,-0.005859,-0.820312,0.267700,-0.233582,0.405029,-0.842468
22.05588960647583,0.844971,0.710937,0.578125,-3.179688,-0.089844,-0.152344,-0.283203,0.262451,-0.238098,0.405701,-0.842529
22.075467824935913,0.847778,1.738281,1.468750,4.304687,-0.125000,-0.382813,0.439453,0.264038,-0.239563,0.405579,-0.841675
22.09548568725586,0.863647,6.597656,1.007813,0.078125,0.050781,-0.371094,1.572266,0.274048,-0.239075,0.407532,-0.837646
22.115535497665405,0.869141,1.644531,-0.277344,-4.152344,0.621094,-0.273438,1.589844,0.289978,-0.234497,0.407043,-0.833801
22.135793447494507,0.869141,-2.113281,0.296875,-1.796875,0.781250,-0.619141,0.888672,0.303467,-0.230774,0.402832,-0.832092
22.15597414970398,0.856323,-6.398437,-0.625000,-0.027344,0.779297,-1.093750,-0.095703,0.312256,-0.233643,0.394348,-0.832092
22.175849437713623,0.844238,-1.878906,-2.328125,-1.054688,0.587891,-0.937500,-0.605469,0.314453,-0.242310,0.384338,-0.833496
22.195791244506836,0.822021,-4.574219,-4.136719,-4.484375,1.169922,-0.474609,-1.267578,0.311584,-0.250488,0.372742,-0.837402
22.21507167816162,0.770874,1.566406,-4.953125,-9.398438,1.705078,0.429687,-1.201172,0.304688,-0.249756,0.356079,-0.847351
22.24121356010437,0.734009,2.671875,2.398438,5.929687,0.449219,1.255859,-0.468750,0.297119,-0.241638,0.347595,-0.855896
22.255914449691772,0.735718,-2.429688,2.343750,5.652344,-0.937500,1.296875,-0.371094,0.288513,-0.232971,0.353210,-0.858887
22.27600884437561,0.735840,0.730469,1.589844,1.625000,-1.085938,1.277344,-0.072266,0.279297,-0.225403,0.365723,-0.858765
22.296153783798218,0.726074,-0.625000,1.582031,1.351563,-0.789062,0.587891,-0.109375,0.273071,-0.220154,0.376343,-0.857544
22.316452026367188,0.723999,1.046875,1.996094,1.113281,-0.306641,0.011719,-0.023437,0.269958,-0.219421,0.381653,-0.856323
22.335901975631714,0.723755,0.640625,2.289063,2.695313,-0.210937,-0.558594,0.000000,0.270691,-0.222351,0.382813,-0.854797
22.356405019760132,0.711792,-0.664062,1.753906,3.500000,-0.548828,-1.000000,-0.222656,0.271790,-0.230591,0.383606,-0.851929
22.37663173675537,0.705444,0.105469,0.566406,0.015625,-0.292969,-1.199219,-0.468750,0.272156,-0.242798,0.383667,-0.848389
22.396064519882202,0.689331,-0.199219,-1.296875,-2.925781,0.152344,-1.203125,-0.718750,0.271729,-0.255432,0.378967,-0.846924
22.41652750968933,0.621948,0.410156,-0.769531,-0.703125,-0.105469,-0.826172,-0.789062,0.269043,-0.267212,0.373718,-0.846497
22.441235303878784,0.611084,2.246094,0.734375,0.722656,-0.539062,-0.210937,-0.427734,0.264832,-0.274841,0.373596,-0.845398
22.455801725387573,0.615234,2.742188,0.023437,-2.171875,0.292969,0.484375,0.166016,0.262451,-0.274536,0.375305,-0.845520
22.47603178024292,0.617920,-4.718750,0.488281,3.406250,-0.208984,-0.001953,-0.054687,0.262207,-0.271667,0.376465,-0.846008
22.49630618095398,0.641846,-2.121094,-0.117188,0.535156,-0.146484,-0.279297,-0.179687,0.261108,-0.274414,0.376892,-0.845276
22.51597833633423,0.670410,2.574219,-0.804687,-2.148438,0.191406,0.093750,0.292969,0.261963,-0.275513,0.376465,-0.844849
22.53640127182007,0.708374,5.625000,-1.281250,-4.363281,0.375000,0.511719,0.419922,0.265198,-0.269714,0.375732,-0.846008
22.556474447250366,0.782837,-0.257813,-0.339844,2.171875,0.060547,0.496094,0.138672,0.266174,-0.264038,0.375610,-0.847534
22.576618432998657,0.804443,-0.968750,0.160156,0.507812,-0.099609,0.222656,-0.109375,0.264832,-0.260498,0.377075,-0.848450
22.59660053253174,0.810181,-2.042969,0.199219,0.140625,-0.142578,-0.156250,-0.376953,0.262268,-0.261780,0.377380,-0.848694
22.616466283798218,0.801392,1.097656,0.417969,-1.261719,0.017578,-0.287109,-0.166016,0.260864,-0.264893,0.376221,-0.848694
22.636500358581543,0.790894,0.378906,0.640625,1.535156,0.072266,-0.042969,0.060547,0.261108,-0.266846,0.374817,-0.848572
22.656808137893677,0.792358,-4.847656,0.113281,3.160156,-0.251953,-0.101563,-0.220703,0.260864,-0.267578,0.375366,-0.848206
22.676369667053223,0.809082,2.875000,-0.324219,0.281250,-0.011719,0.318359,0.607422,0.260986,-0.267456,0.377258,-0.847351
22.697071075439453,0.815186,4.808594,-0.070312,-2.363281,-0.048828,0.425781,0.431641,0.264832,-0.261536,0.379517,-0.846985
22.716771602630615,0.819458,-1.511719,-0.167969,-0.527344,-0.109375,0.371094,-0.021484,0.264771,-0.257446,0.381897,-0.847229
22.736701250076294,0.818115,0.472656,-0.269531,-0.027344,-0.218750,0.511719,-0.140625,0.261902,-0.254395,0.384094,-0.848022
22.756843328475952,0.816528,-0.734375,-0.597656,-0.394531,-0.253906,0.423828,-0.330078,0.257507,-0.252075,0.386719,-0.848877
22.776960849761963,0.815796,-0.277344,0.070312,-0.714844,-0.162109,0.207031,-0.033203,0.253540,-0.250549,0.388855,-0.849548
22.796425819396973,0.818604,0.886719,0.308594,1.101563,-0.103516,-0.126953,0.279297,0.254517,-0.250488,0.389771,-0.848877
22.81676721572876,0.826538,2.078125,-0.121094,-2.402344,0.189453,0.191406,0.460937,0.258057,-0.248047,0.390808,-0.848022
22.83703327178955,0.827637,-3.152344,-0.320313,-0.250000,0.070312,0.232422,0.011719,0.259399,-0.245056,0.390686,-0.848511
22.856863260269165,0.825562,-0.726562,0.062500,1.398438,-0.138672,0.244141,-0.138672,0.257874,-0.243225,0.391479,-0.849182
22.87682318687439,0.821655,-0.578125,-0.464844,-1.269531,-0.115234,0.156250,-0.263672,0.254883,-0.242798,0.392639,-0.849670
22.896899461746216,0.826172,2.570313,-0.113281,-0.960937,0.019531,0.244141,0.117188,0.253235,-0.241516,0.393494,-0.850098
22.916902542114258,0.830444,2.066406,0.156250,-0.753906,0.169922,0.171875,0.470703,0.255188,-0.238403,0.393921,-0.850220
22.93702459335327,0.836060,0.757812,0.605469,-0.250000,0.072266,0.105469,0.193359,0.258240,-0.235474,0.393799,-0.850220
22.95732045173645,0.837158,-0.636719,0.582031,2.714844,-0.277344,0.216797,-0.015625,0.257874,-0.234009,0.395325,-0.849976
22.97712540626526,0.835083,-2.730469,-0.187500,0.722656,-0.335938,-0.072266,-0.355469,0.255127,-0.234985,0.397827,-0.849365
22.997299671173096,0.831665,-2.593750,-0.335938,-0.945312,-0.224609,-0.189453,-0.466797,0.251099,-0.239258,0.398804,-0.848938
23.01731276512146,0.830078,-1.062500,-1.062500,-1.511719,-0.255859,-0.277344,-0.664062,0.246704,-0.244202,0.398621,-0.848877
23.037086486816406,0.829468,1.578125,-0.593750,-1.121094,-0.218750,0.017578,-0.410156,0.242310,-0.247986,0.399109,-0.848816
23.056589126586914,0.827637,1.769531,-0.679687,-3.003906,0.160156,0.341797,-0.255859,0.238647,-0.247803,0.398804,-0.850037
23.07713556289673,0.820679,1.968750,0.859375,-0.324219,0.044922,0.244141,-0.046875,0.236328,-0.245239,0.397888,-0.851868
23.097253561019897,0.820679,3.664063,1.839844,1.414063,-0.197266,0.113281,0.513672,0.237244,-0.243469,0.399719,-0.851257
23.116971731185913,0.823975,-0.019531,-1.070313,1.578125,-0.195312,0.128906,0.634766,0.241333,-0.240295,0.402283,-0.849792
23.13711953163147,0.836182,0.945312,-0.968750,-3.265625,0.224609,0.279297,0.792969,0.246948,-0.235718,0.404480,-0.848450
23.15710186958313,0.838745,-3.769531,-1.046875,-0.738281,0.281250,0.158203,0.353516,0.251526,-0.231567,0.404297,-0.848328
23.177258014678955,0.837769,-4.121094,-0.457031,2.011719,0.166016,0.039063,-0.208984,0.252502,-0.229431,0.402466,-0.849487
23.197222471237183,0.828857,-3.765625,0.218750,2.906250,-0.285156,-0.283203,-0.847656,0.248230,-0.232788,0.401245,-0.850403
23.217422485351562,0.828369,3.820313,0.363281,-2.031250,-0.123047,0.035156,-0.505859,0.242432,-0.237366,0.401001,-0.850891
23.237513303756714,0.822876,1.640625,1.175781,-0.484375,-0.214844,0.347656,-0.113281,0.238220,-0.237732,0.402100,-0.851501
23.257591009140015,0.830444,-1.925781,0.050781,4.203125,-0.373047,0.191406,0.058594,0.236694,-0.235413,0.404724,-0.851318
23.27748703956604,0.835327,-0.449219,-0.355469,1.218750,-0.583984,0.136719,-0.001953,0.234985,-0.235413,0.409424,-0.849548
23.297373294830322,0.836304,0.203125,0.265625,-1.660156,-0.332031,-0.076172,0.023437,0.233826,-0.236145,0.413391,-0.847717
23.317001819610596,0.834106,0.417969,0.832031,-0.191406,-0.232422,-0.398438,0.082031,0.234497,-0.238647,0.415344,-0.845886
23.337761402130127,0.823608,0.386719,0.281250,-1.636719,-0.099609,-0.658203,0.158203,0.237183,-0.243103,0.416016,-0.843567
23.357492923736572,0.816528,-0.226562,-1.058594,-3.343750,0.234375,-0.449219,0.076172,0.241089,-0.247681,0.414368,-0.841919
23.37761664390564,0.813477,-2.152344,-1.457031,-1.207031,0.312500,-0.087891,-0.185547,0.241638,-0.249756,0.412231,-0.842224
23.397522687911987,0.826294,0.558594,-0.644531,-1.722656,0.097656,0.316406,-0.009766,0.240906,-0.248718,0.409912,-0.843872
23.417704582214355,0.836304,2.753906,0.695312,0.390625,-0.003906,0.734375,0.410156,0.240601,-0.243591,0.411133,-0.844849
23.437761306762695,0.841797,-1.296875,0.425781,-0.488281,0.164062,0.369141,0.322266,0.241699,-0.236816,0.412354,-0.845825
23.45777678489685,0.842896,-0.437500,1.000000,2.519531,0.029297,-0.123047,0.224609,0.243896,-0.234802,0.412415,-0.845764
23.47801160812378,0.839600,0.375000,0.226562,-0.867187,0.250000,-0.138672,0.029297,0.246033,-0.234924,0.411255,-0.845642
23.497573137283325,0.832886,-2.976563,-0.863281,-0.843750,0.421875,-0.304688,-0.472656,0.246094,-0.236755,0.406860,-0.847290
23.517791271209717,0.817017,-0.878906,-0.945312,0.808594,0.082031,-0.048828,-0.755859,0.242004,-0.240479,0.402893,-0.849304
23.538037061691284,0.810303,0.246094,-0.441406,-0.308594,-0.099609,0.291016,-0.611328,0.235474,-0.242371,0.400879,-0.851562
23.55815100669861,0.809692,2.996094,1.250000,2.234375,-0.169922,0.507812,-0.058594,0.230530,-0.240662,0.402649,-0.852539
23.577905416488647,0.823608,0.812500,0.691406,1.652344,-0.091797,0.490234,0.285156,0.229309,-0.235962,0.405029,-0.853027
23.597832441329956,0.832520,1.277344,0.226562,1.921875,-0.244141,0.437500,0.634766,0.230652,-0.230835,0.408630,-0.852356
23.617828130722046,0.839722,2.304688,0.042969,-1.679688,0.056641,0.476562,1.113281,0.236084,-0.223755,0.412598,-0.850891
23.638383388519287,0.840698,1.113281,-0.027344,-2.683594,0.398438,0.140625,0.777344,0.244080,-0.215942,0.413391,-0.850220
23.658201932907104,0.821289,-2.753906,-0.371094,-0.496094,0.501953,-0.167969,0.207031,0.248840,-0.212769,0.410645,-0.851013
23.677896976470947,0.809326,-2.800781,-1.746094,-1.046875,0.814453,-0.427734,-0.375000,0.250977,-0.214539,0.404297,-0.852966
23.698137998580933,0.800781,-0.886719,-0.414062,1.363281,0.177734,-0.121094,-0.630859,0.248352,-0.217651,0.397217,-0.856262
23.718406677246094,0.793579,2.675781,4.542969,3.554688,-0.710937,-0.207031,-0.222656,0.244568,-0.221252,0.398010,-0.856018
23.737943172454834,0.799438,1.074219,-5.285156,-2.546875,-0.474609,-0.095703,0.179687,0.243530,-0.225647,0.405273,-0.851807
23.758167266845703,0.814209,-2.996094,-0.300781,1.007813,-0.693359,-0.263672,-0.091797,0.242859,-0.228027,0.410583,-0.848816
23.778228759765625,0.838867,-0.917969,-1.703125,-4.703125,-0.357422,0.185547,-0.214844,0.240479,-0.230164,0.414062,-0.847168
23.79835534095764,0.841675,-0.351563,-1.632813,-1.269531,-0.269531,0.146484,-0.175781,0.237061,-0.230225,0.417297,-0.846558
23.8180570602417,0.839111,1.898438,-0.570312,-5.953125,0.294922,0.234375,-0.027344,0.235229,-0.229309,0.417358,-0.847290
23.83820605278015,0.825684,1.011719,0.226562,-2.582031,0.693359,0.156250,0.109375,0.235901,-0.226074,0.413757,-0.849731
23.85831308364868,0.814697,-0.238281,0.691406,1.398438,0.716797,-0.162109,0.033203,0.238281,-0.223938,0.407837,-0.852478
23.878517866134644,0.798096,-2.128906,1.527344,3.488281,0.648437,-0.527344,-0.212891,0.240356,-0.225769,0.401062,-0.854675
23.898019313812256,0.773926,-0.250000,2.859375,5.218750,0.105469,-0.812500,-0.246094,0.241882,-0.231201,0.395447,-0.855347
23.918894290924072,0.708252,0.101563,0.890625,-0.074219,0.109375,-1.076172,-0.232422,0.243774,-0.240417,0.391724,-0.854004
23.938389778137207,0.696411,1.242188,0.183594,0.125000,-0.140625,-0.798828,-0.025391,0.246338,-0.249268,0.389099,-0.851929
23.958553075790405,0.684326,2.472656,-0.527344,-0.378906,0.171875,0.033203,0.224609,0.248596,-0.252625,0.389343,-0.850159
23.97833824157715,0.713745,1.640625,0.039063,-1.269531,0.265625,0.433594,0.525391,0.251221,-0.248291,0.389282,-0.850708
23.998536825180054,0.733398,-0.320313,-0.273438,-0.027344,0.246094,0.552734,0.458984,0.254517,-0.240845,0.389771,-0.851624
24.018555879592896,0.749268,-0.785156,0.078125,2.230469,-0.052734,0.335938,0.238281,0.256104,-0.235168,0.390930,-0.852234
24.038703441619873,0.773315,-1.121094,0.023437,1.703125,-0.183594,0.164062,-0.009766,0.255859,-0.232605,0.392944,-0.852051
24.05855917930603,0.779785,-5.074219,-0.152344,1.550781,-0.384766,-0.248047,-0.642578,0.252747,-0.234558,0.394531,-0.851746
24.078613996505737,0.785278,1.656250,-0.320313,-1.398438,-0.345703,-0.134766,-0.570312,0.246704,-0.240234,0.396118,-0.851196
24.098949670791626,0.794556,0.621094,-0.082031,-1.855469,-0.099609,0.056641,-0.238281,0.242432,-0.242737,0.396912,-0.851318
24.11878490447998,0.801758,1.289063,0.386719,-0.386719,-0.152344,-0.091797,-0.058594,0.241211,-0.244019,0.397400,-0.851074
24.13843059539795,0.807861,3.027344,-0.488281,-2.492188,0.060547,0.464844,0.378906,0.242126,-0.241699,0.398865,-0.850830
24.158524751663208,0.814209,-1.121094,0.062500,0.894531,-0.101563,0.578125,0.136719,0.242249,-0.236023,0.400574,-0.851562
24.178770542144775,0.818115,-2.652344,0.156250,1.980469,-0.289063,0.324219,-0.224609,0.239319,-0.233032,0.403442,-0.851868
24.19918203353882,0.817871,-0.992187,-0.089844,-0.046875,-0.228516,0.144531,-0.300781,0.235229,-0.232910,0.405762,-0.851929
24.218971490859985,0.819458,2.035156,0.492187,-0.605469,-0.001953,-0.003906,0.066406,0.233765,-0.232971,0.406433,-0.851990
24.23882818222046,0.828857,3.851563,0.003906,-0.921875,0.115234,0.300781,0.511719,0.235840,-0.230530,0.407288,-0.851685
24.259023189544678,0.832886,-0.144531,-0.109375,-0.843750,0.041016,0.265625,0.136719,0.238159,-0.225769,0.407898,-0.851990
24.278979778289795,0.834961,-3.492188,0.242187,2.027344,-0.123047,0.228516,-0.115234,0.237000,-0.223877,0.408936,-0.852356
24.299225091934204,0.835327,-1.296875,-0.507812,-0.777344,-0.224609,0.044922,-0.353516,0.233826,-0.224365,0.410583,-0.852295
24.318846702575684,0.837646,2.082031,-0.050781,-2.523438,0.013672,0.066406,-0.019531,0.231506,-0.224976,0.411011,-0.852539
24.338839054107666,0.843994,1.664063,0.265625,-0.238281,0.064453,0.021484,0.425781,0.233093,-0.223877,0.411072,-0.852417
24.35945773124695,0.854492,2.421875,0.617187,0.976562,0.095703,-0.150391,0.455078,0.237732,-0.221985,0.411438,-0.851440
24.378923416137695,0.855225,-1.101563,0.242187,0.558594,0.023437,-0.191406,0.195312,0.241211,-0.221985,0.411377,-0.850464
24.39923667907715,0.853027,-1.230469,0.195312,-0.218750,0.093750,-0.400391,-0.050781,0.243652,-0.223511,0.410095,-0.849976
24.41862154006958,0.846680,-2.886719,-0.250000,-0.179687,0.109375,-0.455078,-0.248047,0.244263,-0.228210,0.407654,-0.849731
24.439215183258057,0.834473,-0.875000,-0.386719,-0.308594,0.136719,-0.044922,-0.248047,0.243469,-0.230408,0.405518,-0.850403
24.459234952926636,0.832520,-0.835937,-0.902344,1.339844,-0.146484,0.269531,-0.412109,0.240356,-0.230774,0.404968,-0.851440
24.479058504104614,0.833130,1.988281,0.074219,-0.179687,-0.207031,0.541016,-0.173828,0.235352,-0.229431,0.407043,-0.852234
24.499146938323975,0.836914,2.398438,-0.140625,-1.210938,-0.132812,0.822266,-0.082031,0.231201,-0.224060,0.410034,-0.853333
24.519686937332153,0.836182,-0.320313,0.640625,0.894531,-0.203125,0.636719,-0.085937,0.226868,-0.218384,0.413208,-0.854431
24.53920888900757,0.833984,-0.015625,1.582031,2.410156,-0.197266,0.078125,0.048828,0.224792,-0.215698,0.415344,-0.854675
24.564977884292603,0.822876,-3.230469,0.777344,4.234375,-0.488281,-0.601562,-0.201172,0.224304,-0.218994,0.418274,-0.852539
24.57920813560486,0.820435,-1.816406,0.242187,-0.074219,-0.310547,-0.750000,-0.191406,0.224609,-0.227173,0.419678,-0.849609
24.599832773208618,0.821533,2.968750,-1.347656,-5.031250,-0.048828,-0.181641,-0.097656,0.224487,-0.232666,0.420166,-0.847900
24.619540214538574,0.844116,4.113281,-0.937500,-3.953125,0.283203,0.416016,0.373047,0.225403,-0.230957,0.419495,-0.848450
24.63903570175171,0.855591,0.238281,0.351563,0.628906,0.201172,0.162109,0.457031,0.228455,-0.225586,0.418701,-0.849487
24.6591215133667,0.862915,-1.492188,1.707031,4.812500,-0.205078,-0.531250,0.324219,0.232605,-0.225830,0.419067,-0.848145
24.67972493171692,0.864380,-1.050781,-0.613281,-4.542969,0.197266,-0.621094,0.214844,0.237488,-0.229858,0.418762,-0.845825
24.69927215576172,0.855835,-2.875000,-1.441406,-8.144531,1.181641,-0.619141,-0.218750,0.241577,-0.233093,0.411987,-0.847107
24.71957492828369,0.841675,0.312500,-3.437500,-6.101562,2.062500,-0.240234,-0.466797,0.244385,-0.235046,0.396729,-0.853027
24.739057540893555,0.819946,0.777344,-9.359375,-13.996094,4.488281,0.769531,-0.867187,0.244812,-0.227173,0.367432,-0.868042
24.760069847106934,0.686279,1.835938,4.308594,-1.605469,4.943359,1.093750,-0.703125,0.245117,-0.209106,0.325684,-0.888916
24.784693241119385,0.606201,5.542969,10.273438,14.593750,3.314453,0.843750,0.134766,0.247498,-0.189087,0.287048,-0.905884
24.799011707305908,0.527832,-2.667969,11.687500,24.058594,0.152344,-0.753906,0.316406,0.252869,-0.184265,0.272583,-0.909851
24.81970715522766,0.359375,-0.082031,9.019531,14.652344,-0.865234,-1.230469,0.894531,0.260010,-0.193542,0.275452,-0.905029
24.83956527709961,0.302368,-0.011719,4.433594,3.992188,-0.742187,-1.039063,1.240234,0.271484,-0.202942,0.281860,-0.897583
24.85976529121399,0.263306,-1.476563,5.519531,5.003906,-0.927734,-1.203125,1.324219,0.284424,-0.211304,0.288818,-0.889404
24.88054323196411,0.160767,-1.070313,5.738281,4.664062,-1.367188,-1.625000,1.576172,0.298767,-0.222900,0.297913,-0.878784
24.899839639663696,0.139282,-1.578125,4.171875,3.023438,-1.689453,-2.031250,1.585938,0.314941,-0.238892,0.309631,-0.864807
24.92501926422119,0.168335,-4.582031,-1.578125,-4.871094,-1.443359,-2.042969,1.027344,0.328857,-0.257568,0.319885,-0.850403
24.94005799293518,0.171143,-1.679688,-2.386719,-5.156250,-1.126953,-1.734375,0.785156,0.338989,-0.275085,0.326477,-0.838318
24.960463762283325,0.186401,-2.769531,-3.828125,-3.726563,-1.066406,-1.363281,0.382813,0.346130,-0.289673,0.332153,-0.828247
24.979840755462646,0.194702,-4.191406,-4.632812,-4.343750,-0.849609,-0.886719,-0.050781,0.348206,-0.302063,0.336548,-0.821106
24.999425411224365,0.217041,-0.093750,-3.343750,-5.597656,-0.384766,-0.242187,-0.123047,0.347412,-0.309143,0.339294,-0.817688
25.020167112350464,0.283447,-1.074219,-1.816406,-2.515625,-0.308594,-0.001953,-0.103516,0.345764,-0.311279,0.341248,-0.816772
25.040140390396118,0.333496,-1.585938,-1.128906,-0.164062,-0.462891,-0.066406,0.025391,0.344299,-0.313049,0.344055,-0.815491
25.060150623321533,0.372314,-1.519531,-1.257813,0.226562,-0.554687,-0.169922,-0.013672,0.343384,-0.315735,0.347900,-0.813232
25.085792779922485,0.426025,-1.855469,-1.441406,-1.906250,-0.408203,-0.189453,-0.250000,0.341248,-0.319458,0.350830,-0.811401
25.1000497341156,0.447510,0.312500,-0.089844,-2.312500,-0.156250,-0.138672,-0.279297,0.338684,-0.322754,0.351624,-0.810852
25.120322704315186,0.451416,1.917969,0.789062,-1.828125,0.029297,-0.103516,-0.107422,0.337280,-0.324524,0.351013,-0.810974
25.140584468841553,0.456299,1.621094,0.000000,-0.734375,0.212891,-0.107422,-0.085937,0.337402,-0.325317,0.349365,-0.811340
25.160298109054565,0.452759,-2.218750,-0.445312,1.019531,0.173828,-0.371094,-0.371094,0.337097,-0.326843,0.346313,-0.812195
25.180041313171387,0.453003,0.277344,0.695312,0.175781,0.126953,-0.443359,-0.345703,0.335876,-0.331360,0.341919,-0.812683
25.2003390789032,0.424561,1.078125,0.488281,1.003906,-0.095703,-0.320313,-0.250000,0.334961,-0.335388,0.339722,-0.812378
25.220465421676636,0.410889,0.656250,0.273438,0.929687,-0.322266,0.017578,-0.064453,0.333496,-0.338013,0.340393,-0.811584
25.24039077758789,0.430542,0.949219,-1.050781,-1.699219,-0.050781,0.455078,0.083984,0.332153,-0.336487,0.342651,-0.811829
25.25983238220215,0.493042,-1.324219,-0.757812,0.898437,-0.123047,0.435547,0.029297,0.330750,-0.332642,0.345398,-0.812805
25.280550479888916,0.621460,-0.605469,-0.542969,1.195313,-0.285156,0.611328,0.191406,0.329224,-0.328857,0.348633,-0.813599
25.30055046081543,0.665527,1.152344,-0.550781,0.386719,0.005859,0.388672,0.466797,0.329468,-0.323853,0.352722,-0.813721
25.320257425308228,0.681274,-1.949219,0.804687,0.437500,0.166016,-0.228516,0.341797,0.333252,-0.320862,0.353638,-0.812988
25.340413331985474,0.692383,-0.683594,0.500000,0.062500,0.164062,-0.511719,0.177734,0.336914,-0.322876,0.352051,-0.811340
25.36056423187256,0.693115,-1.621094,0.144531,0.386719,0.119141,-0.714844,-0.117188,0.339783,-0.327332,0.349121,-0.809631
25.38047170639038,0.690796,-1.125000,-0.519531,0.023437,0.117188,-0.257813,-0.169922,0.340332,-0.331665,0.346497,-0.808777
25.40051007270813,0.695312,-1.253906,-0.812500,0.324219,0.044922,-0.003906,-0.291016,0.339478,-0.333252,0.344238,-0.809448
25.420837879180908,0.711548,2.476563,-0.476562,0.000000,-0.003906,0.587891,0.064453,0.337280,-0.331299,0.344666,-0.810974
25.440638780593872,0.729736,2.800781,-0.230469,0.714844,0.017578,1.154297,0.521484,0.336548,-0.323242,0.348633,-0.812866
25.46083903312683,0.755615,1.656250,0.492187,-1.226563,0.017578,0.861328,0.603516,0.337891,-0.312744,0.353271,-0.814392
25.480548620224,0.766602,-1.781250,0.507812,1.011719,-0.076172,0.375000,0.205078,0.338928,-0.306824,0.356628,-0.814758
25.500789880752563,0.774048,-0.496094,-0.160156,-0.175781,-0.101563,0.419922,0.021484,0.338135,-0.303528,0.359009,-0.815247
25.520893335342407,0.776123,-3.406250,-0.335938,1.531250,-0.263672,0.066406,-0.333984,0.335083,-0.303101,0.361206,-0.815735
25.540953636169434,0.780640,-0.417969,-0.066406,-1.289063,-0.074219,-0.001953,-0.201172,0.332092,-0.304565,0.361877,-0.816101
25.561145305633545,0.788330,0.062500,0.363281,1.753906,-0.078125,-0.351563,0.085937,0.332153,-0.305847,0.361755,-0.815613
25.58039665222168,0.797974,3.382813,-0.082031,-1.515625,0.175781,-0.064453,0.476562,0.335510,-0.306885,0.362061,-0.813721
25.600562572479248,0.803589,-0.691406,-0.425781,-1.898438,0.095703,0.134766,0.101563,0.338379,-0.304016,0.361877,-0.813721
25.620782375335693,0.800415,-3.136719,0.148437,2.351563,-0.130859,0.136719,-0.156250,0.337402,-0.303345,0.362366,-0.814148
25.640806436538696,0.793945,0.332031,-0.503906,-1.195313,-0.095703,0.164062,-0.193359,0.334961,-0.303345,0.363342,-0.814758
25.660977125167847,0.787109,2.695313,0.039063,-1.242188,-0.035156,0.410156,0.126953,0.333557,-0.301208,0.364258,-0.815674
25.68079113960266,0.787354,1.046875,0.195312,-1.433594,0.183594,0.386719,0.316406,0.334229,-0.296875,0.365356,-0.816528
25.701122999191284,0.786255,0.742187,0.578125,1.371094,-0.015625,0.132812,0.162109,0.335693,-0.293091,0.366333,-0.816833
25.72107744216919,0.780273,-0.191406,0.054687,0.464844,-0.144531,0.062500,0.044922,0.335754,-0.292603,0.367798,-0.816345
25.741291522979736,0.773682,-0.261719,-0.121094,-1.011719,-0.013672,-0.062500,0.009766,0.335754,-0.292542,0.368652,-0.815979
25.761305570602417,0.766968,-1.117188,0.019531,-0.820312,0.126953,-0.271484,-0.009766,0.336487,-0.293945,0.367615,-0.815613
25.78121852874756,0.762817,2.320313,0.039063,-0.921875,0.250000,0.005859,0.224609,0.338379,-0.294312,0.365845,-0.815491
25.801125526428223,0.767578,-0.464844,-0.589844,-0.851562,0.242187,0.236328,0.107422,0.340149,-0.291565,0.364868,-0.816162
25.820940494537354,0.785889,1.656250,-0.343750,-0.707031,0.201172,0.375000,0.111328,0.341003,-0.287598,0.364380,-0.817444
25.840899229049683,0.799927,-3.660156,-0.496094,2.195313,-0.197266,0.158203,-0.429687,0.338440,-0.286255,0.364868,-0.818787
25.861396074295044,0.805176,0.199219,0.996094,1.007813,-0.193359,-0.337891,-0.488281,0.334045,-0.289368,0.364868,-0.819458
25.881263971328735,0.800537,0.296875,0.546875,1.699219,-0.193359,-0.423828,-0.150391,0.332642,-0.294556,0.363953,-0.818604
25.901315927505493,0.801392,-1.289063,-0.121094,1.218750,-0.244141,-0.335938,0.015625,0.332642,-0.298950,0.364563,-0.816711
25.92148208618164,0.805054,7.476562,-0.640625,-4.304687,0.335938,0.242187,0.716797,0.336670,-0.297058,0.365356,-0.815430
25.941316604614258,0.799927,-2.472656,-1.199219,0.671875,0.349609,0.402344,0.410156,0.341431,-0.291260,0.364746,-0.815796
25.96163034439087,0.789429,-5.191406,-2.050781,1.789063,-0.041016,0.142578,-0.232422,0.341492,-0.288269,0.364868,-0.816772
25.98160409927368,0.758423,-1.117188,-2.917969,-3.328125,0.339844,0.355469,-0.351563,0.338318,-0.287231,0.363831,-0.818970
26.001349449157715,0.736450,0.777344,-1.371094,-3.144531,0.458984,0.630859,-0.169922,0.335449,-0.282593,0.361328,-0.822815
26.02120018005371,0.712036,0.148437,2.820313,2.007813,0.037109,0.501953,-0.027344,0.333374,-0.277222,0.361084,-0.825623
26.042036294937134,0.683838,-0.890625,1.632813,1.679688,0.019531,0.269531,-0.134766,0.331543,-0.274109,0.362000,-0.826965
26.061406135559082,0.673706,-1.343750,1.269531,2.828125,0.009766,-0.091797,-0.355469,0.329102,-0.274292,0.361633,-0.828064
26.08179998397827,0.660034,0.015625,1.785156,2.031250,-0.023437,-0.519531,-0.400391,0.327087,-0.278076,0.359314,-0.828613
26.101009130477905,0.634155,0.414062,1.746094,0.636719,-0.353516,-0.826172,-0.492187,0.325134,-0.286194,0.357666,-0.827332
26.12148952484131,0.601196,2.761719,1.898438,0.777344,-0.636719,-0.767578,-0.162109,0.323853,-0.295593,0.357910,-0.824402
26.141552209854126,0.622070,2.906250,-4.574219,-3.933594,-0.111328,0.003906,0.156250,0.324341,-0.299866,0.359863,-0.821838
26.161573886871338,0.658203,0.992187,-1.636719,-0.929687,0.021484,-0.039063,0.121094,0.325439,-0.299255,0.361328,-0.820984
26.181734800338745,0.733398,0.847656,-0.535156,-0.636719,0.123047,0.083984,0.134766,0.326477,-0.298706,0.361145,-0.820862
26.201788902282715,0.754517,-0.968750,0.308594,2.257813,-0.017578,-0.128906,0.185547,0.328064,-0.297791,0.360962,-0.820618
26.221715927124023,0.769653,0.035156,1.195313,0.933594,0.066406,-0.513672,0.203125,0.331177,-0.299133,0.360779,-0.818970
26.24178194999695,0.779175,-0.578125,0.628906,0.535156,-0.052734,-0.560547,0.042969,0.334412,-0.303223,0.359192,-0.816833
26.261781692504883,0.778320,2.261719,-0.441406,-2.285156,0.031250,0.007813,0.000000,0.335144,-0.305603,0.358582,-0.815918
26.28180432319641,0.775879,-1.644531,-0.222656,-0.796875,0.064453,0.037109,-0.142578,0.334778,-0.305115,0.358154,-0.816406
26.301864862442017,0.789062,0.203125,-0.679687,0.574219,-0.056641,0.199219,-0.048828,0.333618,-0.304077,0.358337,-0.817200
26.32190752029419,0.804932,-2.324219,-0.320313,2.398438,-0.451172,0.250000,-0.029297,0.331787,-0.303894,0.360535,-0.817078
26.34203863143921,0.816284,0.339844,-1.960938,-5.644531,-0.101563,0.609375,0.109375,0.329590,-0.300964,0.365356,-0.816895
26.362079858779907,0.819702,-1.816406,-2.703125,-3.250000,0.316406,0.685547,-0.189453,0.327209,-0.295349,0.366516,-0.819336
26.382133960723877,0.813843,-0.515625,-2.144531,-3.035156,0.451172,0.636719,-0.289063,0.323975,-0.289307,0.364380,-0.823792
26.402005910873413,0.803833,-0.683594,0.652344,0.921875,0.103516,0.546875,-0.195312,0.320251,-0.284851,0.363586,-0.827087
26.42202091217041,0.792236,1.906250,3.410156,1.511719,-0.021484,0.355469,0.328125,0.319336,-0.280518,0.364868,-0.828369
26.442140340805054,0.747803,-3.269531,1.097656,3.589844,-0.212891,0.041016,0.095703,0.320801,-0.278015,0.367371,-0.827576
26.462048292160034,0.716675,-4.609375,0.230469,2.824219,-0.185547,-0.250000,-0.419922,0.318848,-0.280273,0.368225,-0.827148
26.48220467567444,0.693970,-0.371094,1.917969,1.675781,-0.017578,-0.750000,-0.437500,0.316772,-0.286316,0.366455,-0.826660
26.502042293548584,0.643066,1.066406,0.734375,1.636719,-0.054687,-0.980469,-0.599609,0.315979,-0.295349,0.361694,-0.825867
26.521977424621582,0.578369,-0.125000,1.332031,1.242188,-0.462891,-1.287109,-0.878906,0.313049,-0.308228,0.358398,-0.823792
26.54745388031006,0.439819,3.226563,-0.511719,-2.957031,-0.027344,-0.464844,-0.464844,0.309509,-0.319458,0.355591,-0.822021
26.56251811981201,0.472900,5.457031,-1.394531,-0.878906,-0.152344,0.267578,0.146484,0.308228,-0.320374,0.355835,-0.822021
26.58221173286438,0.540039,-5.875000,-0.281250,1.910156,-0.318359,-0.064453,0.007813,0.308167,-0.318848,0.359009,-0.821289
26.602333307266235,0.601685,-1.667969,-0.136719,1.941406,-0.345703,-0.382813,0.060547,0.306885,-0.322815,0.360962,-0.819336
26.622275590896606,0.668335,9.058594,-0.457031,-5.535156,0.367188,0.251953,0.810547,0.312073,-0.320984,0.362000,-0.817627
26.642632007598877,0.692749,-2.761719,-0.152344,-0.976562,0.080078,0.195312,0.083984,0.315613,-0.317017,0.362305,-0.817688
26.662222862243652,0.711792,2.066406,-0.312500,-1.246094,0.183594,0.607422,0.029297,0.314636,-0.313416,0.362610,-0.819336
26.681922435760498,0.720459,-1.792969,-0.464844,2.980469,-0.250000,0.408203,-0.203125,0.312134,-0.309143,0.364258,-0.821167
26.70272421836853,0.746704,-0.515625,-0.066406,-0.066406,-0.160156,0.402344,-0.085937,0.308472,-0.307373,0.366943,-0.822021
26.722383499145508,0.762817,0.621094,0.406250,0.445312,-0.236328,-0.011719,0.105469,0.307251,-0.306091,0.369141,-0.821960
26.74262833595276,0.777222,2.781250,0.019531,-2.679688,0.068359,0.117188,0.509766,0.309631,-0.304810,0.371277,-0.820618
26.76263976097107,0.780396,-1.515625,0.054687,-0.949219,0.185547,0.167969,0.216797,0.312439,-0.301819,0.371521,-0.820557
26.782822608947754,0.773560,-2.964844,-0.113281,0.562500,0.125000,0.085937,-0.150391,0.312561,-0.300415,0.370728,-0.821350
26.802776098251343,0.763672,-1.031250,-0.328125,-0.390625,0.156250,0.128906,-0.201172,0.311096,-0.299805,0.369202,-0.822815
26.822633504867554,0.752563,-0.128906,-0.226562,0.589844,-0.039063,0.187500,-0.218750,0.308899,-0.299133,0.368713,-0.824097
26.842600345611572,0.749756,1.917969,0.000000,-1.378906,0.072266,0.417969,0.011719,0.306885,-0.297119,0.369324,-0.825317
26.862494707107544,0.751221,1.441406,0.300781,-0.230469,0.160156,0.376953,0.228516,0.306580,-0.292908,0.369995,-0.826599
26.883618116378784,0.758057,0.109375,0.683594,0.902344,0.009766,-0.003906,0.160156,0.307800,-0.290527,0.370239,-0.826904
26.90354633331299,0.759155,-0.457031,0.156250,0.566406,-0.048828,-0.269531,0.134766,0.309387,-0.291138,0.370667,-0.825928
26.922806978225708,0.759888,1.152344,0.222656,-1.503906,0.166016,-0.253906,0.222656,0.312561,-0.292480,0.369385,-0.824829
26.942333698272705,0.756958,-1.382813,-0.234375,0.718750,0.015625,-0.113281,0.001953,0.314270,-0.293457,0.368408,-0.824280
26.96309757232666,0.752197,-0.156250,-0.320313,-0.828125,0.119141,0.277344,-0.039063,0.313904,-0.292847,0.368042,-0.824768
26.982922792434692,0.755249,-3.136719,-0.449219,1.753906,-0.054687,0.169922,-0.333984,0.311951,-0.291016,0.367737,-0.826294
27.002870559692383,0.760986,0.625000,-0.335938,0.886719,-0.181641,0.351563,-0.232422,0.307556,-0.291077,0.369141,-0.827332
27.02278780937195,0.780151,3.894531,0.093750,-1.925781,0.017578,0.482422,0.207031,0.305908,-0.287170,0.370972,-0.828430
27.04288911819458,0.786499,0.382813,0.332031,0.695312,0.052734,0.353516,0.361328,0.306702,-0.283020,0.372742,-0.828796
27.062825918197632,0.789917,0.675781,0.468750,0.183594,0.070312,0.296875,0.531250,0.309509,-0.278015,0.374695,-0.828552
27.083137273788452,0.800537,0.371094,-0.019531,-0.625000,0.162109,0.257813,0.501953,0.313171,-0.273315,0.376343,-0.828003
27.103736639022827,0.804199,-1.957031,-0.488281,-0.691406,0.148437,0.302734,0.277344,0.315552,-0.269226,0.376831,-0.828247
27.123034715652466,0.806152,-0.371094,-0.144531,0.960937,0.048828,0.310547,0.117188,0.316284,-0.265930,0.377136,-0.828857
27.143288612365723,0.801147,-0.753906,0.125000,-0.203125,0.064453,0.205078,0.013672,0.315735,-0.263428,0.378052,-0.829468
27.162788152694702,0.801514,0.136719,0.468750,1.062500,0.013672,-0.099609,0.083984,0.315857,-0.262817,0.378174,-0.829529
27.183231592178345,0.799683,0.710937,0.546875,1.031250,-0.050781,-0.332031,0.263672,0.318054,-0.264099,0.377991,-0.828369
27.203429222106934,0.799561,0.175781,0.054687,-0.472656,0.230469,-0.134766,0.472656,0.322571,-0.264221,0.377319,-0.826904
27.22340989112854,0.800781,-3.101563,-0.671875,1.359375,-0.093750,-0.033203,-0.007813,0.325073,-0.264526,0.376953,-0.825989
27.243322134017944,0.801636,-1.273438,-0.441406,-1.085938,-0.109375,0.164062,-0.382813,0.323242,-0.264160,0.377319,-0.826660
27.26358127593994,0.803711,-5.816406,-0.312500,3.292969,-0.406250,0.128906,-0.748047,0.316345,-0.267334,0.378479,-0.827759
27.28359055519104,0.799316,2.285156,-0.281250,0.136719,-0.177734,0.384766,-0.347656,0.310242,-0.267944,0.379578,-0.829346
27.303212881088257,0.804687,2.082031,0.261719,-0.937500,0.017578,0.335938,0.105469,0.307678,-0.265747,0.381287,-0.830261
27.32314944267273,0.807983,-0.210937,0.816406,2.003906,-0.074219,0.058594,0.253906,0.308289,-0.263245,0.382568,-0.830261
27.343456029891968,0.808105,0.343750,0.722656,2.058594,-0.121094,-0.210937,0.412109,0.311096,-0.263000,0.384094,-0.828552
27.363312244415283,0.804443,-0.359375,-0.527344,-1.441406,0.044922,-0.255859,0.259766,0.314758,-0.264038,0.384583,-0.826599
27.383599042892456,0.796509,-0.781250,-0.527344,-1.941406,0.089844,0.000000,0.013672,0.316528,-0.264587,0.384216,-0.825928
27.403374671936035,0.783691,-0.191406,-0.570312,-0.851562,0.107422,0.187500,-0.070312,0.315979,-0.263306,0.383789,-0.826782
27.42357563972473,0.784302,-0.652344,-0.242187,0.089844,0.058594,0.175781,-0.138672,0.314636,-0.262024,0.383301,-0.827942
27.443578720092773,0.786377,0.468750,-0.671875,-1.382813,0.041016,0.347656,-0.177734,0.312439,-0.260498,0.383667,-0.829102
27.463531017303467,0.786499,1.156250,-0.210937,0.746094,-0.166016,0.759766,-0.103516,0.308899,-0.256470,0.385254,-0.830872
27.483519792556763,0.786621,-0.582031,0.070312,-0.093750,-0.117188,0.628906,-0.082031,0.304810,-0.251404,0.388367,-0.832520
27.503601551055908,0.788574,-0.550781,0.882812,1.406250,-0.082031,-0.068359,0.062500,0.303162,-0.249268,0.390259,-0.832886
27.52310299873352,0.794556,3.804688,0.714844,0.164062,-0.109375,-0.156250,0.619141,0.306091,-0.249817,0.391602,-0.830994
27.543556928634644,0.804810,0.210937,-0.027344,-1.359375,0.074219,-0.105469,0.613281,0.312012,-0.248474,0.392944,-0.828552
27.563820123672485,0.808228,-1.417969,-0.316406,-0.515625,0.017578,-0.146484,0.259766,0.316223,-0.247803,0.393311,-0.826965
27.583858966827393,0.809448,-1.328125,-0.472656,-0.753906,0.054687,0.107422,0.060547,0.317566,-0.247559,0.393188,-0.826599
27.60379147529602,0.812378,-5.050781,-0.140625,0.808594,0.013672,-0.009766,-0.476562,0.316040,-0.247009,0.392761,-0.827515
27.623730182647705,0.813232,-2.082031,-0.292969,1.460938,-0.306641,-0.185547,-0.908203,0.309875,-0.251831,0.392212,-0.828674
27.644168376922607,0.804199,-1.058594,-0.679687,-1.750000,-0.285156,0.056641,-0.953125,0.301514,-0.257446,0.391418,-0.830383
27.664045095443726,0.813843,2.066406,-0.250000,0.980469,-0.443359,0.380859,-0.466797,0.293701,-0.259399,0.393311,-0.831726
27.684022903442383,0.823608,1.371094,0.863281,-0.292969,-0.197266,0.492187,0.048828,0.289551,-0.257019,0.397034,-0.832153
27.703816652297974,0.827026,0.468750,1.070313,1.058594,-0.134766,0.093750,0.224609,0.289063,-0.254456,0.399353,-0.831970
27.724013566970825,0.820801,1.511719,0.863281,0.152344,0.072266,-0.199219,0.457031,0.292053,-0.253784,0.400574,-0.830566
27.744272470474243,0.817383,0.636719,0.281250,-1.871094,0.246094,-0.119141,0.431641,0.297119,-0.253235,0.399719,-0.829346
27.76386332511902,0.813721,-1.109375,-0.460937,-0.414062,0.185547,0.197266,0.146484,0.299805,-0.250916,0.398682,-0.829590
27.783621072769165,0.811523,-1.183594,-0.140625,0.359375,0.156250,0.246094,-0.013672,0.299927,-0.248108,0.397888,-0.830750
27.804099082946777,0.816650,-1.101563,-0.300781,1.570313,-0.115234,0.208984,-0.126953,0.298340,-0.246399,0.398193,-0.831726
27.824212789535522,0.821289,1.527344,0.136719,0.035156,0.021484,0.359375,0.062500,0.296936,-0.244385,0.399414,-0.832214
27.843929290771484,0.822754,0.136719,0.585937,-0.179687,0.130859,0.298828,0.162109,0.296631,-0.240784,0.400085,-0.833008
27.864038705825806,0.828979,-1.042969,0.464844,2.601563,-0.076172,0.035156,0.228516,0.297729,-0.238586,0.400452,-0.833130
27.88929057121277,0.830078,2.437500,-0.562500,-1.226563,0.107422,0.306641,0.357422,0.299866,-0.235718,0.401794,-0.832520
27.904053211212158,0.831421,-2.878906,-0.218750,-0.324219,0.001953,0.218750,-0.011719,0.300232,-0.232910,0.402466,-0.832886
27.924127340316772,0.829346,-0.343750,0.164062,0.593750,-0.103516,0.074219,-0.128906,0.298645,-0.232056,0.403259,-0.833252
27.944154739379883,0.831543,0.359375,0.640625,0.160156,-0.091797,-0.312500,0.050781,0.298279,-0.233582,0.403625,-0.832764
27.964346647262573,0.838135,6.820312,0.757812,2.019531,0.029297,-0.189453,1.207031,0.304077,-0.233643,0.405273,-0.829834
27.984792947769165,0.841187,3.492188,1.339844,-2.015625,0.291016,-0.394531,0.998047,0.315613,-0.230835,0.405579,-0.826233
28.004722833633423,0.840942,-4.691406,-1.097656,-1.902344,0.265625,-0.345703,0.242187,0.322937,-0.230469,0.403625,-0.824463
28.024298429489136,0.836182,-3.000000,-1.273438,-5.238281,0.839844,-0.312500,-0.250000,0.325317,-0.231018,0.398132,-0.825989
28.044069528579712,0.825806,-4.386719,-2.312500,-1.769531,1.078125,-0.353516,-0.722656,0.324829,-0.233337,0.387756,-0.830444
28.06457495689392,0.787720,1.019531,-3.929688,-3.566406,1.146484,0.138672,-0.498047,0.322754,-0.232422,0.375427,-0.837158
28.084240436553955,0.757935,0.312500,1.574219,2.683594,0.181641,0.376953,-0.173828,0.320557,-0.229309,0.370300,-0.841187
28.10442352294922,0.729736,0.914062,0.593750,1.390625,-0.363281,0.613281,0.111328,0.318176,-0.225403,0.372925,-0.841919
28.12464714050293,0.688721,-3.132813,-0.843750,1.828125,-0.488281,0.460937,-0.341797,0.314453,-0.222534,0.378540,-0.841614
28.14475393295288,0.665405,-3.023438,-0.062500,0.695312,-0.398438,0.306641,-0.386719,0.308594,-0.222168,0.382507,-0.842102
28.164628744125366,0.637573,-0.464844,1.640625,0.886719,-0.097656,-0.123047,-0.376953,0.304443,-0.223572,0.384338,-0.842407
28.18439221382141,0.617432,0.007813,1.738281,1.355469,0.160156,-0.693359,-0.392578,0.302856,-0.228210,0.381775,-0.842834
28.204569816589355,0.609375,0.417969,2.265625,3.378906,-0.277344,-1.064453,-0.494141,0.302673,-0.237427,0.378418,-0.841919
28.224599838256836,0.599121,-1.203125,0.781250,0.851562,-0.167969,-1.117188,-0.798828,0.300659,-0.250183,0.375549,-0.840210
28.244631052017212,0.545288,3.019531,0.265625,-0.933594,-0.203125,-0.718750,-0.638672,0.297485,-0.261230,0.372070,-0.839539
28.264601230621338,0.580200,7.179687,-0.875000,-1.429688,0.091797,0.271484,0.355469,0.296509,-0.264771,0.372314,-0.838684
28.28498864173889,0.612671,0.722656,-0.789062,-0.082031,0.113281,0.236328,0.402344,0.299072,-0.260010,0.373474,-0.838745
28.30485987663269,0.662476,-0.953125,0.089844,-0.343750,0.171875,0.296875,0.167969,0.301392,-0.256470,0.373840,-0.838806
28.324990272521973,0.684204,-0.929687,-0.199219,0.835937,0.148437,0.480469,-0.027344,0.301025,-0.252014,0.373596,-0.840393
28.344862699508667,0.700073,-3.312500,-0.277344,2.710938,-0.253906,0.228516,-0.496094,0.296936,-0.250183,0.374878,-0.841858
28.36493182182312,0.716309,0.726562,0.191406,-0.296875,-0.109375,0.242187,-0.156250,0.292419,-0.250183,0.376404,-0.842773
28.38512420654297,0.752563,2.359375,0.406250,0.367188,-0.232422,0.099609,0.212891,0.291748,-0.249084,0.378235,-0.842468
28.40493607521057,0.766968,1.371094,0.167969,-1.371094,-0.039063,0.185547,0.560547,0.294495,-0.246765,0.381042,-0.840942
28.424997568130493,0.778687,-2.183594,-0.082031,-0.574219,-0.050781,0.279297,0.199219,0.296814,-0.243225,0.383057,-0.840271
28.44480562210083,0.795288,0.171875,0.160156,0.812500,-0.138672,0.265625,0.017578,0.296509,-0.240601,0.385193,-0.840149
28.465641498565674,0.795898,-0.027344,-0.472656,-0.863281,-0.089844,0.371094,-0.070312,0.294800,-0.238098,0.387024,-0.840576
28.485134601593018,0.796997,-1.675781,-0.015625,0.445312,-0.113281,0.066406,-0.314453,0.292236,-0.236816,0.388062,-0.841370
28.505151748657227,0.792603,-0.679687,0.367188,0.007813,-0.046875,-0.341797,-0.402344,0.289246,-0.239990,0.387634,-0.841675
28.525153875350952,0.791870,-0.320313,0.515625,0.523437,-0.150391,-0.791016,-0.187500,0.288818,-0.245850,0.385681,-0.841064
28.545504331588745,0.794800,4.761719,0.531250,-3.476563,0.072266,-0.810547,0.041016,0.290588,-0.254456,0.383728,-0.838806
28.565281867980957,0.813843,2.679688,-0.511719,0.761719,0.076172,-0.050781,0.658203,0.296387,-0.255066,0.382507,-0.837158
28.58522629737854,0.827148,-1.687500,-0.687500,-1.324219,0.025391,0.300781,0.332031,0.299988,-0.252197,0.383606,-0.836182
28.6055428981781,0.836182,1.203125,-0.113281,-0.839844,0.023437,0.533203,0.152344,0.300659,-0.247437,0.385315,-0.836609
28.62496018409729,0.839355,-1.214844,-0.105469,-0.011719,-0.101563,0.554687,-0.089844,0.298523,-0.242798,0.387634,-0.837646
28.64505171775818,0.837280,-0.503906,0.023437,0.378906,-0.136719,0.316406,-0.181641,0.295105,-0.240173,0.389587,-0.838745
28.665482759475708,0.837524,0.761719,0.531250,-0.382813,-0.013672,-0.031250,0.013672,0.293640,-0.239441,0.390320,-0.839111
28.685603618621826,0.838013,-0.832031,0.222656,1.242188,-0.076172,-0.287109,0.017578,0.294312,-0.241211,0.390320,-0.838379
28.70541262626648,0.838745,0.785156,-0.273438,-1.246094,0.181641,0.017578,0.248047,0.296265,-0.241516,0.389832,-0.837830
28.72545099258423,0.838745,-1.597656,-0.210937,-0.089844,0.142578,0.181641,0.013672,0.297363,-0.239990,0.389099,-0.838196
28.74535346031189,0.837646,-0.894531,-0.097656,1.312500,-0.062500,0.234375,-0.083984,0.296326,-0.238220,0.389221,-0.838989
28.765555143356323,0.838623,0.753906,-0.625000,-0.449219,0.009766,0.408203,0.085937,0.294739,-0.235657,0.390625,-0.839661
28.78532123565674,0.841187,3.960938,0.406250,-0.656250,0.076172,0.587891,0.562500,0.295532,-0.230530,0.392456,-0.839905
28.805553674697876,0.844238,-0.605469,0.378906,1.035156,0.037109,0.480469,0.474609,0.298523,-0.223267,0.394775,-0.839783
28.82552409172058,0.850098,-2.472656,0.078125,1.523438,-0.195312,0.396484,-0.013672,0.298706,-0.218689,0.396851,-0.839905
28.845573663711548,0.851440,-5.078125,-0.042969,2.531250,-0.431641,-0.125000,-0.691406,0.294312,-0.219910,0.399292,-0.839966
28.865569829940796,0.853271,3.777344,-0.210937,-3.199219,-0.072266,-0.195312,-0.238281,0.290039,-0.224609,0.400146,-0.839844
28.885315418243408,0.854736,0.167969,-1.062500,-1.781250,0.179687,-0.152344,-0.074219,0.289490,-0.226685,0.398865,-0.840088
28.905481338500977,0.852661,1.898438,-3.007813,-5.593750,1.121094,0.087891,-0.019531,0.291138,-0.224854,0.394043,-0.842285
28.925919771194458,0.846558,-2.160156,-3.546875,-4.792969,1.255859,0.285156,-0.128906,0.292603,-0.220276,0.383118,-0.847961
28.94564414024353,0.835815,-2.160156,2.250000,4.347656,-0.093750,0.310547,-0.066406,0.291748,-0.215271,0.379517,-0.851196
28.965819597244263,0.809570,1.128906,0.617187,-1.199219,-0.162109,0.361328,0.037109,0.289856,-0.213440,0.381653,-0.851318
28.98623251914978,0.790649,-1.531250,1.300781,2.667969,-0.416016,0.052734,-0.115234,0.288330,-0.212280,0.384583,-0.850830
29.00579309463501,0.768799,-3.148438,1.277344,3.707031,-0.378906,-0.210937,-0.433594,0.285339,-0.215576,0.387451,-0.849670
29.025813817977905,0.721191,0.382813,2.214844,1.339844,-0.154297,-0.492187,-0.435547,0.282227,-0.220825,0.387695,-0.849243
29.04574418067932,0.700562,0.617187,1.640625,2.257813,-0.205078,-0.904297,-0.382813,0.281128,-0.228882,0.386108,-0.848267
29.0658700466156,0.680908,0.511719,0.496094,0.605469,-0.199219,-1.039063,-0.435547,0.281006,-0.239685,0.384338,-0.846069
29.08606243133545,0.638062,0.953125,-1.308594,-3.023438,0.082031,-0.734375,-0.453125,0.280518,-0.249268,0.380981,-0.845032
29.10586905479431,0.627930,1.480469,-0.109375,-0.910156,0.066406,-0.425781,-0.308594,0.279602,-0.255310,0.377808,-0.844910
29.12589383125305,0.617065,1.066406,0.957031,1.296875,-0.224609,-0.302734,-0.126953,0.278931,-0.259216,0.376892,-0.844360
29.146287202835083,0.611084,-0.128906,0.222656,1.082031,-0.220703,-0.134766,-0.126953,0.278259,-0.262512,0.378113,-0.843018
29.16667866706848,0.622192,-0.390625,-1.914063,-0.656250,-0.244141,-0.056641,-0.146484,0.276794,-0.264038,0.378906,-0.842651
29.186044931411743,0.640015,0.441406,-0.550781,-1.382813,-0.175781,0.140625,-0.033203,0.275452,-0.264832,0.380859,-0.841980
29.20616102218628,0.666016,2.289063,-0.304688,-1.183594,-0.017578,0.373047,0.261719,0.275024,-0.262695,0.382690,-0.841980
29.22611403465271,0.707520,4.445312,-0.414062,-2.531250,0.212891,0.644531,0.523437,0.277039,-0.255676,0.384399,-0.842712
29.24647879600525,0.730713,-3.066406,-0.230469,-0.519531,0.033203,0.611328,0.203125,0.277710,-0.249084,0.385437,-0.843994
29.266175270080566,0.745361,-3.703125,0.199219,1.816406,-0.205078,0.066406,-0.132812,0.276550,-0.246033,0.387329,-0.844360
29.286335945129395,0.752441,-0.035156,0.253906,-1.859375,0.023437,-0.183594,-0.101563,0.274841,-0.248169,0.387878,-0.844055
29.306065559387207,0.765381,-0.953125,0.023437,0.179687,-0.093750,-0.375000,-0.089844,0.275208,-0.250854,0.386780,-0.843628
29.326224088668823,0.782227,1.039063,0.000000,1.851563,0.013672,0.101563,0.597656,0.277283,-0.252319,0.387512,-0.842224
29.34641695022583,0.801025,-3.992188,0.355469,0.523437,0.101563,-0.042969,0.408203,0.282471,-0.248779,0.388367,-0.841125
29.36642813682556,0.806763,-1.550781,0.277344,0.785156,0.056641,-0.265625,0.085937,0.285278,-0.248779,0.387939,-0.840393
29.386348485946655,0.808350,0.265625,0.238281,-0.210937,0.052734,-0.224609,-0.019531,0.286804,-0.250610,0.386963,-0.839783
29.406566619873047,0.806641,-0.601562,-0.296875,0.523437,-0.072266,0.078125,-0.117188,0.286255,-0.251648,0.386658,-0.839783
29.426321268081665,0.812988,-0.046875,-0.535156,-1.484375,0.058594,0.439453,-0.117188,0.284241,-0.249695,0.387146,-0.840820
29.446374893188477,0.817505,-1.250000,-0.878906,1.160156,-0.230469,0.550781,-0.349609,0.280212,-0.246765,0.388611,-0.842346
29.466623783111572,0.820435,2.425781,-0.304688,-3.421875,0.025391,0.830078,-0.085937,0.275452,-0.241943,0.390198,-0.844604
29.486544609069824,0.821045,-0.636719,-0.226562,2.246094,-0.212891,0.505859,-0.332031,0.270569,-0.237305,0.392578,-0.846375
29.506547689437866,0.817139,-0.308594,1.128906,1.464844,-0.167969,-0.095703,-0.228516,0.266846,-0.237061,0.394165,-0.846863
29.52663254737854,0.813110,0.050781,0.691406,2.011719,-0.314453,-0.517578,-0.115234,0.266113,-0.241272,0.394958,-0.845581
29.54689073562622,0.807983,-0.609375,-0.144531,-1.925781,0.046875,-0.742187,-0.082031,0.267456,-0.247620,0.394165,-0.843689
29.566812992095947,0.810913,0.937500,0.078125,-2.214844,0.050781,-0.373047,0.080078,0.270081,-0.252075,0.392029,-0.842529
29.58686089515686,0.817627,2.863281,-0.417969,-1.167969,0.181641,0.279297,0.525391,0.273438,-0.250916,0.391541,-0.841980
29.60687518119812,0.836426,-1.976563,-0.542969,-0.332031,0.091797,0.478516,0.246094,0.275757,-0.245544,0.392090,-0.842590
29.626864671707153,0.839966,-0.781250,-0.074219,0.992187,-0.050781,0.599609,0.046875,0.274902,-0.240479,0.393799,-0.843506
29.64705729484558,0.837891,-0.648437,-0.105469,0.449219,-0.119141,0.550781,-0.115234,0.271973,-0.235901,0.396118,-0.844666
29.666861295700073,0.831787,-1.039063,0.054687,-0.203125,-0.109375,0.337891,-0.259766,0.268250,-0.233093,0.398010,-0.845764
29.686878442764282,0.828125,0.285156,0.246094,-0.117188,-0.056641,0.162109,-0.201172,0.265015,-0.232239,0.398865,-0.846619
29.706951141357422,0.825928,-0.265625,0.316406,0.539062,-0.029297,0.001953,-0.072266,0.263306,-0.232483,0.399170,-0.846924
29.726805448532104,0.824707,0.367188,0.554687,0.632812,-0.167969,-0.142578,-0.033203,0.263123,-0.233521,0.399414,-0.846619
29.747180938720703,0.831421,0.898437,-0.148437,-1.023438,-0.117188,-0.121094,0.085937,0.263428,-0.234985,0.400574,-0.845520
29.767044067382812,0.836792,1.535156,-0.105469,-0.824219,0.013672,-0.095703,0.369141,0.265686,-0.235291,0.401123,-0.844482
29.78713631629944,0.840332,-1.011719,0.058594,-0.324219,0.072266,-0.277344,0.242187,0.269104,-0.235535,0.400818,-0.843506
29.807000875473022,0.842041,-0.996094,0.593750,0.718750,0.076172,-0.515625,0.066406,0.272217,-0.238159,0.399536,-0.842346
29.827075481414795,0.840576,-0.597656,-0.257813,-0.003906,-0.039063,-0.332031,-0.138672,0.273804,-0.242310,0.397766,-0.841492
29.847066640853882,0.838501,0.320313,-0.609375,-1.796875,0.117188,-0.101563,-0.222656,0.273254,-0.244385,0.396423,-0.841736
29.86717176437378,0.831543,-2.078125,-0.472656,-0.003906,-0.166016,0.126953,-0.523437,0.270020,-0.245972,0.395203,-0.842834
29.8871853351593,0.831909,3.085938,0.179687,-0.515625,-0.173828,0.359375,-0.248047,0.265015,-0.246155,0.396362,-0.843811
29.90693974494934,0.837646,1.460938,-0.304688,0.210937,-0.130859,0.617187,0.158203,0.262634,-0.242310,0.398926,-0.844482
29.92735743522644,0.844971,0.996094,0.300781,0.183594,-0.083984,0.480469,0.359375,0.262207,-0.236572,0.402588,-0.844543
29.947161197662354,0.845947,0.445312,0.699219,0.136719,-0.066406,0.244141,0.464844,0.264099,-0.232117,0.404968,-0.843994
29.967588186264038,0.847778,-1.703125,-0.070312,0.839844,-0.179687,-0.037109,0.210937,0.266663,-0.230164,0.407104,-0.842712
29.986802577972412,0.849121,0.164062,-0.085937,-0.238281,-0.208984,0.183594,0.074219,0.266968,-0.229492,0.409424,-0.841675
30.00726866722107,0.850220,-3.988281,-0.445312,0.871094,-0.351563,0.074219,-0.472656,0.264221,-0.229797,0.411560,-0.841431
30.02729296684265,0.850952,-3.167969,-0.324219,2.921875,-0.761719,-0.001953,-0.619141,0.257751,-0.233704,0.415100,-0.840637
30.04828453063965,0.852417,1.910156,-0.390625,-2.695313,-0.457031,0.183594,-0.263672,0.252380,-0.236389,0.419434,-0.839355
30.067583560943604,0.852905,1.878906,-0.484375,-3.273438,-0.044922,0.218750,0.023437,0.249695,-0.235718,0.421997,-0.839050
30.0875461101532,0.847168,1.257813,-1.250000,-5.492187,0.806641,0.228516,0.103516,0.250305,-0.232422,0.419495,-0.841064
30.107659578323364,0.838135,0.562500,-2.054688,-4.070312,1.349609,0.164062,-0.037109,0.252563,-0.227600,0.410583,-0.846069
30.127503156661987,0.814331,1.695313,3.335938,4.371094,0.658203,0.294922,0.128906,0.253845,-0.222839,0.402100,-0.851013
30.147525310516357,0.802368,1.503906,3.570313,4.996094,-0.017578,0.148437,0.525391,0.256592,-0.218872,0.400085,-0.852173
30.167819499969482,0.795776,0.375000,3.457031,6.332031,-0.759766,-0.144531,0.595703,0.260864,-0.217529,0.405457,-0.848694
30.18793225288391,0.795044,-1.058594,1.285156,3.316406,-1.287109,-0.214844,0.490234,0.263855,-0.219482,0.414551,-0.842834
30.207650423049927,0.792969,-0.667969,-2.367188,-4.757812,-0.228516,0.228516,0.041016,0.264343,-0.219421,0.420105,-0.839966
30.22756862640381,0.786499,-2.257813,-1.339844,-7.500000,0.564453,0.019531,-0.126953,0.264343,-0.218140,0.419312,-0.840637
30.247594356536865,0.769897,-3.355469,-3.941406,-4.070312,1.365234,-0.046875,-0.488281,0.263672,-0.218079,0.410828,-0.845093
30.267890453338623,0.760254,1.285156,-5.054687,-8.320313,2.351563,0.228516,-0.503906,0.263062,-0.213623,0.393616,-0.854553
30.293311834335327,0.714355,0.742187,0.398438,-3.464844,2.826172,0.205078,-0.468750,0.263550,-0.206970,0.370850,-0.866150
30.32717227935791,0.634399,0.082031,0.429687,-0.964844,2.582031,0.105469,-0.740234,0.263855,-0.193237,0.318237,-0.889832
30.34765362739563,0.576904,-0.609375,2.007813,1.363281,1.917969,0.232422,-0.664062,0.261169,-0.187927,0.297668,-0.898804
30.37184429168701,0.426514,0.851562,2.746094,3.378906,1.468750,0.304688,-0.552734,0.257996,-0.182861,0.282043,-0.905762
30.38682460784912,0.317627,0.515625,1.890625,2.640625,1.011719,0.433594,-0.443359,0.254639,-0.177612,0.270630,-0.911255
30.406811952590942,0.222534,0.437500,1.679688,3.089844,0.677734,0.447266,-0.398438,0.251160,-0.172668,0.263428,-0.915283
30.426968336105347,0.170288,-0.113281,1.347656,2.214844,0.515625,0.476562,-0.291016,0.247681,-0.167847,0.258850,-0.918396
30.447370290756226,0.007202,0.371094,0.746094,1.675781,0.656250,0.507812,-0.083984,0.245667,-0.162354,0.254333,-0.921204
30.46682095527649,0.000000,0.968750,0.109375,-0.441406,0.554687,0.490234,-0.021484,0.244934,-0.156372,0.249939,-0.923645
30.486969232559204,0.000000,-0.300781,0.082031,0.746094,0.730469,0.449219,-0.015625,0.244446,-0.150452,0.245422,-0.925964
30.50681495666504,0.000000,-0.531250,-0.507812,-0.671875,0.763672,0.580078,0.080078,0.244690,-0.143799,0.239563,-0.928467
30.52692437171936,0.000000,0.023437,-0.937500,-0.882812,0.767578,0.585937,0.175781,0.245422,-0.136292,0.234009,-0.930847
30.547243118286133,0.000000,0.539062,0.667969,0.058594,0.613281,0.480469,0.238281,0.247192,-0.128967,0.229370,-0.932556
30.57187819480896,0.000000,-0.035156,0.519531,1.320313,0.476562,0.218750,0.023437,0.248291,-0.124023,0.225281,-0.933960
30.587288856506348,0.000000,-1.988281,0.156250,1.066406,0.460937,0.087891,-0.064453,0.248230,-0.121948,0.221252,-0.935181
30.60703706741333,0.000000,-1.632813,0.117188,0.789062,0.218750,0.089844,-0.164062,0.247559,-0.120239,0.218201,-0.936279
30.627156972885132,0.000000,-1.351563,0.015625,1.480469,0.042969,-0.107422,-0.318359,0.245239,-0.120789,0.216797,-0.937134
30.647137880325317,0.000000,-1.074219,-0.050781,0.972656,0.042969,-0.134766,-0.164062,0.243286,-0.122620,0.215576,-0.937683
30.667662858963013,0.000000,0.714844,0.468750,-0.175781,-0.037109,-0.041016,-0.185547,0.241943,-0.123657,0.215088,-0.938049
30.68720316886902,0.000000,0.761719,0.269531,0.167969,-0.039063,-0.185547,-0.205078,0.240173,-0.125305,0.215088,-0.938293
30.707056522369385,0.000000,0.042969,0.238281,0.062500,0.080078,-0.140625,-0.138672,0.238953,-0.127319,0.214233,-0.938477
30.72734808921814,0.000000,0.414062,-0.113281,-0.589844,0.070312,-0.101563,-0.095703,0.238220,-0.128418,0.213135,-0.938782
30.747445106506348,0.000000,0.039063,0.023437,0.136719,0.148437,-0.183594,-0.099609,0.237732,-0.129822,0.211853,-0.939026
30.766958713531494,0.000000,-0.257813,0.152344,0.015625,0.359375,-0.175781,-0.126953,0.237427,-0.131165,0.208984,-0.939575
30.78789496421814,0.000000,-0.406250,-1.035156,-0.917969,0.480469,-0.195312,-0.169922,0.236938,-0.132324,0.204102,-0.940613
30.807296991348267,0.000000,-0.269531,-0.585937,-0.843750,0.250000,-0.113281,-0.126953,0.236328,-0.133118,0.200073,-0.941467
30.82683300971985,0.000000,0.535156,0.148437,0.703125,0.056641,-0.195312,-0.134766,0.235596,-0.134460,0.198181,-0.941895
30.84766983985901,0.000000,-0.261719,0.347656,0.847656,0.048828,-0.185547,-0.220703,0.234436,-0.136597,0.197083,-0.942078
30.86756944656372,0.000000,-0.929687,-0.195312,0.429687,-0.083984,-0.029297,-0.205078,0.232483,-0.138062,0.196533,-0.942444
30.8876690864563,0.000000,0.265625,0.523437,0.734375,-0.169922,-0.089844,-0.062500,0.231140,-0.139160,0.197632,-0.942444
30.907627820968628,0.000000,1.082031,0.929687,0.781250,-0.103516,-0.089844,-0.066406,0.230652,-0.140503,0.198608,-0.942139
30.927817583084106,0.000000,0.410156,0.484375,0.066406,-0.083984,-0.187500,-0.082031,0.229919,-0.142212,0.199097,-0.941956
30.947932720184326,0.000000,-0.003906,0.109375,0.074219,-0.083984,-0.138672,0.035156,0.229980,-0.144104,0.199463,-0.941589
30.967880725860596,0.000000,0.960937,0.164062,-0.101563,-0.039063,-0.095703,0.037109,0.230469,-0.145325,0.199890,-0.941162
30.9878830909729,0.000000,0.101563,-0.085937,-0.085937,0.005859,-0.085937,0.093750,0.231201,-0.145935,0.199768,-0.940918
31.00783085823059,0.000000,0.132812,-0.085937,-0.503906,-0.093750,-0.103516,0.097656,0.232300,-0.146729,0.200134,-0.940430
31.027203798294067,0.000000,0.000000,0.074219,0.535156,-0.105469,-0.111328,0.001953,0.232788,-0.147949,0.200928,-0.939941
31.047905683517456,0.000000,-0.464844,-0.324219,-0.183594,-0.089844,-0.050781,-0.005859,0.232788,-0.148987,0.201721,-0.939636
31.068175077438354,0.000000,0.015625,-0.386719,-0.167969,0.003906,0.042969,0.011719,0.232727,-0.149109,0.202148,-0.939514
31.0875723361969,0.000000,0.167969,-0.378906,-0.628906,0.154297,0.085937,0.003906,0.232788,-0.148315,0.201477,-0.939758
31.1079318523407,0.000000,0.253906,-0.730469,-0.796875,0.222656,0.101563,-0.029297,0.232788,-0.147034,0.199829,-0.940369
31.128173112869263,0.000000,-0.074219,-0.386719,-0.582031,0.148437,0.074219,-0.056641,0.232483,-0.145813,0.198242,-0.940979
31.147616624832153,0.000000,-0.214844,-0.074219,0.390625,0.052734,0.000000,-0.011719,0.232178,-0.145386,0.197327,-0.941284
31.16783380508423,0.000000,-0.328125,0.371094,0.687500,-0.056641,0.003906,0.056641,0.232422,-0.145264,0.197388,-0.941223
31.188134908676147,0.000000,0.207031,0.554687,0.988281,-0.097656,-0.083984,0.003906,0.232727,-0.145874,0.198120,-0.940918
31.207822799682617,0.000000,-0.527344,0.339844,0.503906,-0.109375,-0.007813,0.044922,0.232849,-0.146484,0.198975,-0.940613
31.22823476791382,0.000000,0.308594,0.203125,-0.023437,-0.089844,-0.064453,-0.001953,0.233032,-0.147095,0.199890,-0.940247
31.248493194580078,0.000000,0.039063,0.035156,0.292969,-0.072266,-0.005859,0.001953,0.232910,-0.147583,0.200562,-0.940063
