timestamp,pressure_value,linear_accel_x,linear_accel_y,linear_accel_z,gyro_x,gyro_y,gyro_z,orientation_r,orientation_i,orientation_j,orientation_k
0.007107257843017578,0.272461,1.398438,-0.175781,-0.878906,0.072266,0.343750,0.175781,0.546570,-0.502441,0.122498,-0.658630
0.027442216873168945,0.299805,-0.371094,-0.003906,-0.023437,0.085937,0.425781,0.191406,0.547852,-0.498779,0.125305,-0.659851
0.04756522178649902,0.300903,0.628906,0.011719,-0.421875,0.064453,0.488281,0.222656,0.549133,-0.494751,0.128601,-0.661133
0.06723833084106445,0.313965,0.023437,-0.082031,0.386719,0.058594,0.572266,0.269531,0.550659,-0.490295,0.132568,-0.662415
0.08670711517333984,0.321167,0.386719,0.285156,0.140625,0.056641,0.578125,0.341797,0.552307,-0.486267,0.136414,-0.663208
0.10743141174316406,0.345459,-1.437500,0.148437,0.187500,0.023437,0.236328,0.173828,0.553467,-0.484009,0.138733,-0.663452
0.12738800048828125,0.352417,0.257813,0.019531,-0.671875,0.060547,0.474609,0.314453,0.555115,-0.480469,0.142212,-0.663940
0.14701247215270996,0.359863,-2.414063,0.332031,0.261719,0.070312,0.214844,0.126953,0.556030,-0.478455,0.143860,-0.664246
0.16745901107788086,0.365601,0.695312,0.226562,0.375000,-0.031250,0.054687,0.062500,0.556152,-0.478271,0.144470,-0.664124
0.18777108192443848,0.369873,0.152344,0.074219,0.031250,-0.005859,-0.025391,-0.023437,0.556091,-0.478394,0.144348,-0.664124
0.20733165740966797,0.369141,0.382813,-0.003906,-0.535156,0.003906,-0.005859,-0.007813,0.556091,-0.478394,0.144287,-0.664124
0.2276153564453125,0.349731,0.695312,-0.003906,-0.671875,0.074219,0.107422,0.035156,0.556519,-0.477234,0.144531,-0.664551
0.24767422676086426,0.344482,-0.093750,0.097656,0.046875,0.083984,0.119141,0.041016,0.556824,-0.476257,0.144653,-0.664978
0.26731324195861816,0.344360,-0.582031,0.203125,0.714844,-0.039063,-0.130859,-0.162109,0.555725,-0.477356,0.143738,-0.665283
0.287686824798584,0.361450,0.519531,-0.074219,-0.480469,-0.130859,-0.230469,-0.261719,0.553955,-0.479431,0.142334,-0.665588
0.3078312873840332,0.368896,0.136719,0.074219,-0.160156,-0.093750,-0.121094,-0.158203,0.552734,-0.480896,0.141296,-0.665771
0.32765913009643555,0.379517,0.648437,-0.019531,-0.488281,-0.007813,-0.099609,-0.103516,0.552185,-0.481506,0.140381,-0.666016
0.3482241630554199,0.390381,-1.375000,0.164062,0.027344,-0.062500,-0.132812,-0.162109,0.551086,-0.482849,0.139099,-0.666199
0.36783456802368164,0.397461,2.195313,-0.082031,-0.074219,-0.037109,-0.115234,-0.177734,0.549927,-0.483948,0.137939,-0.666565
0.3881368637084961,0.401245,-0.289063,-0.003906,0.261719,0.003906,0.087891,-0.015625,0.549683,-0.483398,0.138367,-0.667114
0.4075493812561035,0.407227,0.101563,-0.003906,0.093750,-0.001953,0.085937,0.021484,0.549683,-0.482727,0.138916,-0.667419
0.42844414710998535,0.417480,-0.609375,0.070312,0.468750,0.013672,0.125000,0.019531,0.549683,-0.481995,0.139526,-0.667908
0.4480621814727783,0.418335,-0.464844,-0.042969,0.285156,-0.035156,-0.021484,-0.029297,0.549377,-0.482300,0.139526,-0.667908
0.4679131507873535,0.426758,0.140625,-0.113281,0.187500,-0.054687,-0.099609,-0.015625,0.549194,-0.483276,0.139282,-0.667419
0.48822903633117676,0.468994,0.523437,-0.171875,0.042969,-0.082031,-0.023437,0.048828,0.549194,-0.483704,0.139954,-0.666931
0.5083105564117432,0.482300,0.839844,-0.042969,-0.273438,-0.058594,0.214844,0.156250,0.549561,-0.482422,0.142273,-0.667053
0.5279717445373535,0.491089,-0.875000,0.089844,-0.335938,0.015625,0.246094,0.164062,0.550354,-0.480530,0.144592,-0.667297
0.5483036041259766,0.508301,0.902344,-0.156250,0.140625,-0.021484,0.261719,0.205078,0.551208,-0.478577,0.147095,-0.667419
0.5693192481994629,0.507446,-1.203125,0.320313,-0.449219,0.025391,0.175781,0.136719,0.551880,-0.477112,0.149048,-0.667542
0.5876233577728271,0.515503,-0.500000,0.144531,0.171875,-0.025391,0.019531,0.101563,0.552185,-0.476990,0.150024,-0.667114
0.608346700668335,0.517090,0.398438,0.035156,0.054687,-0.054687,0.019531,0.039063,0.552246,-0.476990,0.150818,-0.666931
0.6283655166625977,0.515747,0.574219,-0.070312,-0.488281,-0.046875,0.142578,0.097656,0.552490,-0.476135,0.152161,-0.666992
0.6482293605804443,0.515625,-0.281250,0.281250,-0.234375,0.019531,0.117188,0.058594,0.552795,-0.475220,0.152954,-0.667236
0.6682956218719482,0.518066,-0.207031,0.082031,0.183594,0.019531,0.005859,0.000000,0.552856,-0.475037,0.153015,-0.667297
0.6884548664093018,0.519531,0.214844,0.003906,0.078125,-0.009766,-0.019531,-0.013672,0.552734,-0.475159,0.152832,-0.667297
0.7089388370513916,0.519531,0.132812,0.042969,0.000000,-0.013672,-0.017578,-0.001953,0.552734,-0.475342,0.152832,-0.667236
0.728299617767334,0.520752,0.132812,0.003906,-0.113281,-0.009766,0.005859,0.001953,0.552673,-0.475403,0.152893,-0.667236
0.7490649223327637,0.527466,-0.644531,0.113281,-0.027344,0.003906,-0.033203,-0.044922,0.552368,-0.475708,0.152466,-0.667358
0.7685575485229492,0.526855,-0.328125,0.179687,0.171875,-0.003906,-0.060547,-0.125000,0.551514,-0.476501,0.151489,-0.667664
0.7882468700408936,0.526245,-1.417969,0.273438,0.316406,-0.072266,-0.259766,-0.300781,0.549744,-0.478821,0.149292,-0.668030
0.8089041709899902,0.529541,1.316406,-0.011719,-0.464844,-0.056641,-0.156250,-0.261719,0.547974,-0.480835,0.147095,-0.668457
0.8288364410400391,0.532837,-0.371094,0.156250,0.761719,-0.015625,-0.361328,-0.292969,0.546509,-0.483704,0.143982,-0.668274
0.8481552600860596,0.536011,0.898437,-0.250000,-0.070312,-0.101563,-0.431641,-0.289063,0.544983,-0.486877,0.141235,-0.667786
0.8687059879302979,0.537598,1.425781,-0.210937,-0.386719,0.019531,0.099609,-0.013672,0.544678,-0.486877,0.140991,-0.668091
0.8889830112457275,0.540894,-1.023438,-0.105469,0.304688,0.003906,-0.052734,-0.041016,0.544556,-0.487122,0.140625,-0.668152
0.9083430767059326,0.540771,-0.792969,-0.027344,0.113281,0.025391,0.007813,0.011719,0.544678,-0.487061,0.140442,-0.668091
0.9290728569030762,0.527466,-0.664062,-0.074219,-0.179687,0.031250,-0.128906,-0.048828,0.544739,-0.487915,0.139160,-0.667725
0.9488954544067383,0.509766,-1.523438,-0.250000,-0.300781,0.082031,-0.486328,-0.148437,0.544800,-0.490662,0.135376,-0.666382
0.9683423042297363,0.503296,0.152344,-0.703125,-0.683594,0.162109,-0.375000,-0.164062,0.545105,-0.491821,0.131714,-0.666016
0.9882946014404297,0.500854,-0.191406,-1.953125,-2.320313,0.591797,0.677734,-0.125000,0.546082,-0.484741,0.130737,-0.670654
1.0091264247894287,0.489136,-0.082031,-0.054687,1.316406,0.666016,1.164063,-0.277344,0.545837,-0.474060,0.131348,-0.678284
1.0290672779083252,0.483765,-0.273438,1.132813,2.722656,0.175781,1.037109,-0.250000,0.543518,-0.466431,0.134766,-0.684692
1.0485448837280273,0.489990,-0.371094,1.332031,2.839844,-0.367188,0.792969,-0.207031,0.539551,-0.462891,0.140320,-0.689148
1.0689654350280762,0.504761,0.757812,1.402344,1.144531,-0.382813,0.714844,-0.140625,0.535767,-0.460510,0.146179,-0.692444
1.0892717838287354,0.515381,-0.355469,1.300781,1.023438,-0.521484,0.375000,0.009766,0.532898,-0.460632,0.151611,-0.693481
1.1088151931762695,0.515381,-0.582031,0.152344,-0.062500,-0.478516,0.052734,-0.037109,0.530396,-0.462585,0.155090,-0.693298
1.1293041706085205,0.513184,0.496094,-0.351563,-0.531250,-0.255859,0.074219,-0.011719,0.528992,-0.463623,0.157227,-0.693176
1.1493983268737793,0.516235,0.542969,1.089844,-0.699219,-0.222656,-0.044922,0.062500,0.528564,-0.464966,0.158813,-0.692261
1.1687726974487305,0.520630,1.250000,0.660156,-1.328125,-0.093750,-0.117188,0.218750,0.529907,-0.465881,0.159790,-0.690430
1.1894328594207764,0.518311,0.667969,-0.011719,-1.066406,0.109375,-0.093750,0.312500,0.532593,-0.465515,0.159973,-0.688477
1.2093088626861572,0.519043,-0.277344,-0.585937,-0.269531,0.191406,-0.167969,0.224609,0.535278,-0.465332,0.158813,-0.686829
1.228747844696045,0.521362,0.062500,0.011719,0.183594,0.212891,-0.199219,0.093750,0.537354,-0.465332,0.156799,-0.685669
1.2492804527282715,0.521851,0.691406,0.746094,0.679687,0.103516,-0.111328,0.189453,0.539307,-0.465393,0.156250,-0.684265
1.269531488418579,0.521362,-0.406250,0.042969,0.273438,-0.033203,-0.167969,0.199219,0.540833,-0.466248,0.156494,-0.682373
1.2897138595581055,0.520142,-0.128906,-0.335938,-0.253906,0.000000,-0.111328,0.150391,0.541992,-0.466797,0.156555,-0.681030
1.3090157508850098,0.518921,-0.472656,-0.480469,-0.246094,0.023437,-0.050781,0.068359,0.542664,-0.466919,0.156433,-0.680420
1.3299925327301025,0.518555,0.300781,-0.066406,-0.253906,0.039063,0.019531,0.021484,0.543030,-0.466492,0.156433,-0.680420
1.3494436740875244,0.516235,0.316406,0.085937,-0.355469,0.066406,0.080078,0.082031,0.543762,-0.465576,0.156677,-0.680481
1.3691420555114746,0.512573,-0.128906,0.085937,-0.179687,0.097656,0.037109,0.056641,0.544617,-0.464722,0.156433,-0.680420
1.3894035816192627,0.500000,0.109375,0.078125,-0.109375,0.115234,-0.029297,0.050781,0.545532,-0.464172,0.155762,-0.680176
1.4096522331237793,0.495850,0.109375,0.117188,0.457031,0.082031,-0.039063,0.080078,0.546509,-0.463867,0.155334,-0.679749
1.4293591976165771,0.495728,-0.074219,0.085937,0.265625,-0.011719,-0.017578,0.068359,0.546997,-0.463928,0.155640,-0.679199
1.4498670101165771,0.492065,-0.257813,0.093750,0.359375,-0.048828,-0.050781,0.074219,0.547363,-0.464417,0.156006,-0.678467
1.4698691368103027,0.487915,-0.144531,-0.042969,-0.132812,-0.056641,-0.074219,0.041016,0.547546,-0.465149,0.156128,-0.677856
1.4891643524169922,0.488281,-0.144531,-0.121094,-0.125000,-0.029297,-0.041016,0.009766,0.547607,-0.465515,0.156189,-0.677551
1.5101408958435059,0.494141,0.246094,-0.082031,-0.046875,-0.013672,0.015625,0.033203,0.547668,-0.465393,0.156494,-0.677429
1.5296695232391357,0.499023,-0.433594,-0.074219,-0.046875,-0.003906,0.089844,0.033203,0.547791,-0.464844,0.157104,-0.677612
1.5494239330291748,0.512573,-0.394531,0.003906,0.449219,-0.023437,-0.013672,-0.013672,0.547607,-0.465027,0.157166,-0.677612
1.569753646850586,0.535400,0.179687,-0.066406,-0.156250,-0.042969,0.009766,-0.019531,0.547241,-0.465210,0.157471,-0.677734
1.5903043746948242,0.547485,0.386719,-0.210937,0.144531,-0.080078,0.146484,0.007813,0.546631,-0.464661,0.158936,-0.678284
1.609809160232544,0.560181,-0.203125,0.148437,-0.316406,-0.150391,0.292969,-0.027344,0.545349,-0.463684,0.161316,-0.679382
1.6293189525604248,0.570312,0.433594,0.082031,0.136719,-0.074219,0.210937,-0.013672,0.544434,-0.462708,0.163147,-0.680359
1.650416374206543,0.578491,-0.011719,-0.140625,-0.437500,-0.103516,0.222656,-0.015625,0.543457,-0.461792,0.165039,-0.681274
1.6705124378204346,0.580566,-0.066406,0.128906,-0.605469,-0.042969,0.197266,-0.023437,0.542786,-0.460693,0.166382,-0.682251
1.6895062923431396,0.581055,-0.363281,0.281250,0.187500,-0.003906,0.078125,0.000000,0.542664,-0.460144,0.166748,-0.682617
1.7101902961730957,0.578247,0.480469,0.164062,0.417969,0.029297,-0.001953,0.007813,0.542786,-0.460022,0.166626,-0.682617
1.730372667312622,0.575195,-0.058594,0.050781,-0.386719,0.027344,-0.017578,0.017578,0.543091,-0.459961,0.166443,-0.682495
1.7501041889190674,0.572266,-0.101563,0.113281,-0.386719,0.076172,-0.046875,-0.011719,0.543396,-0.459961,0.165588,-0.682434
1.770442008972168,0.560913,0.113281,0.250000,-0.238281,0.074219,-0.080078,-0.066406,0.543457,-0.460144,0.164368,-0.682556
1.7901403903961182,0.548828,0.050781,0.011719,0.757812,0.050781,-0.117188,-0.083984,0.543457,-0.460632,0.162964,-0.682556
1.8096089363098145,0.539307,0.570312,0.074219,0.144531,0.037109,-0.076172,-0.025391,0.543640,-0.461182,0.161682,-0.682373
1.8304553031921387,0.512085,-1.125000,0.324219,-0.195312,0.119141,-0.335938,-0.097656,0.544189,-0.462708,0.158875,-0.681580
1.850391149520874,0.497192,0.277344,-0.371094,-0.406250,0.035156,-0.191406,-0.005859,0.544678,-0.463745,0.157288,-0.680786
1.8697500228881836,0.494385,0.203125,-0.113281,-0.531250,0.078125,0.000000,0.033203,0.545288,-0.463440,0.156860,-0.680603
1.8897590637207031,0.493042,-0.136719,-0.113281,0.375000,0.058594,0.019531,0.056641,0.545959,-0.462952,0.156799,-0.680481
1.9108757972717285,0.502563,0.035156,-0.152344,-0.445312,0.066406,0.017578,0.064453,0.546814,-0.462158,0.156799,-0.680298
1.9303319454193115,0.511719,-1.078125,-0.066406,0.601562,0.111328,0.191406,0.189453,0.548279,-0.460327,0.157532,-0.680176
1.9498291015625,0.516479,1.269531,0.019531,0.035156,0.082031,0.199219,0.199219,0.549622,-0.458374,0.158936,-0.680115
1.9705519676208496,0.536255,-0.945312,-0.050781,0.250000,0.046875,0.138672,0.179687,0.550781,-0.456665,0.160400,-0.679993
1.9907424449920654,0.546631,-0.308594,-0.082031,0.078125,0.001953,0.117188,0.132812,0.551514,-0.455566,0.161560,-0.679871
2.0098347663879395,0.552246,1.578125,-0.113281,-0.289063,0.046875,0.138672,0.152344,0.552551,-0.453857,0.162903,-0.679810
2.030691146850586,0.554321,-1.593750,0.058594,0.261719,0.060547,0.210937,0.193359,0.553650,-0.451904,0.164551,-0.679810
2.050903797149658,0.561279,-0.582031,-0.050781,0.531250,-0.044922,0.029297,0.037109,0.553772,-0.451599,0.165527,-0.679687
2.0704405307769775,0.565308,0.707031,-0.035156,-0.351563,-0.037109,0.158203,0.087891,0.553772,-0.450745,0.167236,-0.679810
2.091129779815674,0.583862,0.867187,-0.324219,-0.593750,-0.066406,0.294922,0.085937,0.553589,-0.448914,0.169800,-0.680603
2.110812187194824,0.596924,-0.410156,0.113281,0.222656,-0.121094,0.496094,0.097656,0.553040,-0.446167,0.173340,-0.681946
2.1359000205993652,0.609985,-0.761719,0.242187,0.214844,-0.099609,0.269531,0.007813,0.552185,-0.445007,0.175415,-0.682861
2.150909900665283,0.606201,-1.054688,0.234375,-0.160156,-0.025391,-0.097656,-0.101563,0.551453,-0.445801,0.174866,-0.683044
2.1709797382354736,0.596069,-2.964844,-1.988281,-4.136719,0.031250,-0.294922,-0.322266,0.549988,-0.447632,0.171265,-0.683960
2.1907596588134766,0.594116,0.933594,-5.554687,-10.296875,1.300781,0.126953,-0.800781,0.550110,-0.440857,0.160522,-0.690857
2.2103490829467773,0.590698,3.523438,-1.343750,-3.089844,2.029297,1.085938,-0.626953,0.552307,-0.424255,0.149658,-0.701843
2.2310984134674072,0.580933,-1.816406,1.125000,2.054688,1.351563,0.962891,-0.746094,0.551392,-0.411011,0.142578,-0.711853
2.2510364055633545,0.580078,-0.359375,2.503906,9.832031,0.289063,0.714844,-0.642578,0.546753,-0.406067,0.142029,-0.718323
2.2708680629730225,0.575317,-3.585938,1.816406,6.214844,-1.167969,-0.097656,-0.640625,0.537720,-0.413269,0.147156,-0.719971
2.2907896041870117,0.566650,1.023438,1.957031,0.429687,-1.625000,-0.300781,-0.562500,0.527588,-0.424438,0.155029,-0.719360
2.3114898204803467,0.566406,1.140625,1.574219,-2.570313,-1.416016,0.099609,-0.025391,0.521118,-0.431335,0.165283,-0.717651
2.3363606929779053,0.557495,-0.039063,-0.109375,-2.261719,-0.980469,0.169922,0.216797,0.518127,-0.434875,0.173828,-0.715698
2.3510518074035645,0.544434,-0.582031,-1.210938,-1.003906,-0.238281,0.089844,0.119141,0.517639,-0.435425,0.176758,-0.714966
2.3708088397979736,0.523682,-0.132812,-0.230469,1.164063,0.146484,-0.046875,0.027344,0.518616,-0.435120,0.175537,-0.714722
2.3905246257781982,0.502563,0.402344,1.808594,0.781250,0.363281,-0.500000,0.070312,0.521545,-0.436707,0.170898,-0.712769
2.411425828933716,0.463013,0.218750,0.472656,-0.429687,0.392578,-0.851562,0.187500,0.525940,-0.440186,0.164551,-0.708923
2.431558609008789,0.453369,0.378906,-0.531250,-0.156250,0.462891,-0.853516,0.167969,0.530579,-0.443420,0.157471,-0.705017
2.4510979652404785,0.446899,0.253906,-0.253906,-0.613281,0.494141,-0.650391,0.123047,0.534607,-0.445374,0.151306,-0.702087
2.471345901489258,0.427124,0.222656,0.539062,1.156250,0.259766,-0.505859,0.240234,0.538147,-0.447327,0.147766,-0.698853
2.491682291030884,0.418945,-0.652344,-0.203125,0.636719,-0.015625,-0.611328,0.263672,0.540833,-0.451111,0.145691,-0.694824
2.511996030807495,0.411865,0.007813,-0.621094,0.523437,-0.169922,-0.554687,0.189453,0.542175,-0.455566,0.144775,-0.691040
2.531290292739868,0.404541,-0.714844,-1.210938,-1.222656,-0.185547,-0.408203,0.070312,0.542542,-0.459167,0.144104,-0.688538
2.551650285720825,0.408936,0.656250,-0.492187,-0.488281,0.119141,-0.121094,0.013672,0.543274,-0.459534,0.142822,-0.687988
2.571406126022339,0.411621,-0.722656,0.265625,0.378906,0.056641,0.019531,0.027344,0.543762,-0.459106,0.142395,-0.687927
2.5907180309295654,0.409668,0.648437,0.695312,0.625000,0.000000,-0.125000,0.050781,0.544312,-0.459900,0.142151,-0.687012
2.611574649810791,0.408203,0.312500,0.527344,0.761719,-0.132812,-0.162109,0.156250,0.544983,-0.461426,0.142700,-0.685364
2.6315436363220215,0.410522,-0.308594,-0.308594,-0.156250,-0.121094,-0.179687,0.064453,0.545105,-0.463135,0.142883,-0.684021
2.650960922241211,0.410034,0.367188,0.128906,0.132812,-0.087891,-0.103516,0.035156,0.545166,-0.464355,0.143127,-0.683167
2.6716246604919434,0.413818,0.066406,0.105469,0.156250,-0.119141,-0.105469,0.107422,0.545410,-0.465576,0.143860,-0.682007
2.691488742828369,0.415161,-0.125000,-0.097656,0.105469,-0.136719,-0.058594,0.078125,0.545410,-0.466614,0.144775,-0.681030
2.711463689804077,0.417358,-0.117188,-0.312500,-0.492187,-0.117188,-0.042969,0.066406,0.545410,-0.467407,0.145569,-0.680359
2.7317326068878174,0.418945,-0.152344,-0.496094,-0.714844,-0.005859,-0.019531,0.021484,0.545532,-0.467529,0.145630,-0.680176
2.7520124912261963,0.420532,-0.191406,-0.238281,-0.339844,0.029297,0.078125,-0.042969,0.545288,-0.466980,0.145691,-0.680725
2.7720654010772705,0.422729,0.273438,0.222656,0.226562,-0.011719,0.083984,-0.017578,0.545044,-0.466492,0.146118,-0.681152
2.7912349700927734,0.425903,-0.101563,0.308594,0.734375,-0.083984,0.041016,0.023437,0.544678,-0.466675,0.146973,-0.681091
2.8116037845611572,0.441772,-0.136719,0.101563,0.414062,-0.171875,-0.009766,0.031250,0.544128,-0.467590,0.148193,-0.680725
2.832076072692871,0.448486,-0.023437,-0.382813,-0.339844,-0.138672,0.037109,-0.025391,0.543335,-0.468018,0.149292,-0.680786
2.851787567138672,0.458618,0.613281,-0.230469,-0.574219,-0.048828,0.210937,0.031250,0.542969,-0.466980,0.150818,-0.681458
2.8720555305480957,0.468018,-0.519531,-0.066406,-0.093750,-0.001953,0.123047,0.017578,0.542908,-0.466187,0.151550,-0.681885
2.892315149307251,0.479980,-0.484375,-0.027344,0.257813,0.007813,-0.044922,-0.023437,0.542847,-0.466431,0.151184,-0.681824
2.911355972290039,0.492310,0.343750,-0.105469,0.191406,-0.011719,-0.095703,0.007813,0.543030,-0.467041,0.150818,-0.681335
2.9324402809143066,0.536865,1.226563,-0.289063,-0.562500,0.068359,0.095703,0.167969,0.544373,-0.465576,0.151855,-0.681030
2.9521894454956055,0.549072,-1.085938,-0.042969,0.710937,0.076172,0.232422,0.257813,0.546082,-0.463135,0.153931,-0.680908
2.971536159515381,0.563599,1.238281,-0.144531,-0.585937,0.035156,0.187500,0.234375,0.547607,-0.460937,0.156067,-0.680664
2.9924168586730957,0.580200,-1.269531,-0.011719,0.035156,0.072266,0.279297,0.236328,0.549072,-0.458374,0.158203,-0.680725
3.012157440185547,0.584839,-0.117188,0.003906,0.289063,0.001953,0.175781,0.169922,0.549927,-0.456726,0.159912,-0.680725
3.031500816345215,0.590210,-1.273438,0.125000,0.656250,0.017578,0.187500,0.101563,0.550415,-0.455322,0.161438,-0.680908
3.0527210235595703,0.600342,0.359375,0.093750,-0.234375,-0.027344,0.111328,0.041016,0.550354,-0.454712,0.162415,-0.681152
3.0726099014282227,0.604004,-0.437500,0.101563,0.148437,-0.023437,0.080078,-0.005859,0.550049,-0.454285,0.163025,-0.681519
3.092634439468384,0.610840,0.335938,-0.089844,-0.042969,-0.041016,0.089844,-0.007813,0.549683,-0.453918,0.163757,-0.681946
3.1118593215942383,0.613159,-0.804687,0.066406,0.187500,-0.060547,0.150391,-0.037109,0.548828,-0.453430,0.164795,-0.682678
3.133091926574707,0.615845,-0.054687,0.171875,-0.156250,-0.113281,0.027344,-0.158203,0.547363,-0.453918,0.164978,-0.683472
3.15360951423645,0.620239,0.617187,0.210937,-0.148437,-0.046875,-0.001953,-0.119141,0.546387,-0.454407,0.164612,-0.684021
3.172534704208374,0.622925,0.375000,0.164062,0.042969,0.005859,-0.009766,-0.072266,0.545898,-0.454590,0.164185,-0.684387
3.1923999786376953,0.623535,-1.375000,0.187500,0.656250,0.025391,-0.027344,-0.113281,0.545105,-0.455200,0.163330,-0.684814
3.214162588119507,0.621338,1.699219,-0.011719,-0.480469,-0.003906,-0.115234,-0.160156,0.544250,-0.456177,0.162109,-0.685120
3.232123613357544,0.618164,0.003906,0.019531,0.281250,0.027344,-0.001953,-0.050781,0.543945,-0.456238,0.161560,-0.685486
3.252969741821289,0.613281,-0.777344,-0.027344,0.324219,-0.007813,-0.078125,-0.111328,0.543396,-0.456726,0.160889,-0.685730
3.272477865219116,0.611206,0.531250,-0.257813,-0.296875,0.009766,0.125000,0.005859,0.543274,-0.455994,0.161438,-0.686218
3.2923779487609863,0.610718,-1.367188,-0.027344,0.265625,0.019531,0.121094,0.001953,0.543152,-0.455139,0.161926,-0.686768
3.3126001358032227,0.616943,-0.457031,0.011719,0.539062,-0.037109,-0.044922,-0.064453,0.542664,-0.455627,0.161682,-0.686829
3.3329601287841797,0.622559,0.226562,-0.105469,0.125000,-0.060547,-0.031250,-0.021484,0.542419,-0.456055,0.161926,-0.686707
3.3523168563842773,0.628662,0.847656,-0.089844,-0.847656,0.003906,0.281250,0.208984,0.543335,-0.454163,0.163940,-0.686768
3.3728044033050537,0.635986,-0.820312,0.011719,0.003906,0.042969,0.181641,0.205078,0.544739,-0.452209,0.165588,-0.686523
3.392838954925537,0.638184,-0.292969,0.058594,0.253906,0.041016,0.140625,0.156250,0.545776,-0.450867,0.166687,-0.686340
3.412564516067505,0.638306,-0.222656,-0.089844,0.554687,-0.027344,0.117188,0.111328,0.546326,-0.449890,0.168091,-0.686218
3.432374954223633,0.635742,-0.796875,0.156250,-0.074219,0.007813,0.181641,0.138672,0.546936,-0.448547,0.169617,-0.686218
3.4529786109924316,0.637939,0.031250,-0.066406,0.195312,-0.046875,0.097656,0.046875,0.546997,-0.447815,0.170837,-0.686340
3.4733126163482666,0.640869,0.125000,0.058594,-0.351563,-0.027344,0.156250,0.046875,0.546814,-0.447021,0.172058,-0.686707
3.492365598678589,0.647461,0.015625,0.058594,-0.160156,-0.054687,0.078125,-0.015625,0.546326,-0.446777,0.172852,-0.687073
3.513000011444092,0.647949,-0.136719,0.140625,0.031250,-0.060547,0.062500,-0.068359,0.545532,-0.446777,0.173340,-0.687561
3.532782554626465,0.649902,-0.031250,0.179687,0.117188,-0.068359,0.048828,-0.097656,0.544434,-0.447083,0.173584,-0.688171
3.5529351234436035,0.653442,0.261719,0.097656,-0.210937,-0.062500,0.011719,-0.128906,0.543274,-0.447571,0.173584,-0.688782
3.5733344554901123,0.666260,0.445312,0.125000,0.125000,-0.019531,0.005859,-0.083984,0.542603,-0.447815,0.173462,-0.689148
3.593446731567383,0.668213,-0.414062,0.203125,-0.058594,-0.011719,-0.005859,-0.064453,0.542114,-0.448120,0.173096,-0.689453
3.6124486923217773,0.665771,1.066406,-0.035156,-0.410156,0.003906,-0.013672,-0.080078,0.541687,-0.448242,0.172607,-0.689819
3.6332108974456787,0.663086,-0.750000,0.179687,-0.218750,0.066406,-0.017578,-0.103516,0.541321,-0.448303,0.171631,-0.690369
3.6531167030334473,0.662720,1.035156,-0.355469,0.015625,-0.031250,-0.056641,-0.082031,0.540771,-0.448853,0.171143,-0.690491
3.6731181144714355,0.662720,-0.710937,-0.203125,-0.218750,0.003906,0.089844,0.023437,0.540710,-0.448364,0.171631,-0.690735
3.6928980350494385,0.657959,-0.683594,-0.250000,-0.726562,0.044922,0.019531,-0.039063,0.540649,-0.447998,0.171265,-0.691162
3.7131118774414062,0.637207,-0.925781,-0.312500,-0.589844,0.126953,-0.025391,-0.128906,0.540405,-0.447571,0.169739,-0.691956
3.733419895172119,0.632202,0.359375,-1.460938,-1.507813,0.189453,0.107422,-0.166016,0.539978,-0.445923,0.168152,-0.693787
3.752938747406006,0.624634,0.843750,-0.679687,-1.984375,0.509766,0.419922,-0.210937,0.539978,-0.440857,0.166260,-0.697449
3.77337646484375,0.622925,0.375000,0.636719,0.664062,0.462891,0.550781,-0.142578,0.540100,-0.434998,0.165283,-0.701233
3.7933642864227295,0.626099,-0.207031,1.027344,1.453125,0.162109,0.373047,-0.132812,0.539307,-0.431641,0.165588,-0.703857
3.8127150535583496,0.628662,0.000000,1.378906,2.218750,-0.082031,0.185547,-0.037109,0.538452,-0.430847,0.166870,-0.704651
3.8335163593292236,0.634277,0.109375,1.265625,2.800781,-0.291016,-0.070312,0.066406,0.537659,-0.432983,0.169006,-0.703491
3.853722333908081,0.635620,-0.597656,0.960937,1.945313,-0.615234,-0.314453,0.107422,0.536377,-0.438049,0.171997,-0.700562
3.873319625854492,0.637085,-0.246094,-0.089844,0.183594,-0.644531,-0.402344,0.070312,0.534668,-0.443726,0.174561,-0.697693
3.8937435150146484,0.645996,2.000000,-0.343750,-2.734375,-0.210937,-0.035156,-0.121094,0.533142,-0.445557,0.175598,-0.697388
3.9135372638702393,0.648315,0.597656,-0.265625,-1.636719,0.027344,0.150391,0.033203,0.533264,-0.444458,0.176270,-0.697876
3.933032512664795,0.647583,0.160156,-0.042969,0.140625,0.123047,0.152344,0.080078,0.533997,-0.442810,0.176575,-0.698303
3.9543509483337402,0.651123,-0.863281,0.117188,1.210938,-0.015625,-0.001953,0.017578,0.534119,-0.442810,0.176697,-0.698181
3.9736580848693848,0.656494,-0.113281,-0.105469,-0.144531,-0.068359,-0.115234,-0.033203,0.533875,-0.443909,0.176453,-0.697693
3.9941580295562744,0.663818,0.875000,-0.179687,-0.328125,-0.048828,-0.105469,0.015625,0.533997,-0.444824,0.176270,-0.697083
4.012933015823364,0.666992,1.320313,-0.320313,0.054687,-0.013672,0.033203,0.171875,0.535095,-0.444336,0.177246,-0.696289
4.033972978591919,0.678955,-0.406250,0.011719,-0.097656,-0.001953,0.050781,0.216797,0.536560,-0.443604,0.178528,-0.695312
4.053785562515259,0.684448,0.738281,-0.082031,-0.359375,-0.046875,-0.027344,0.175781,0.537781,-0.443420,0.179565,-0.694214
4.073432922363281,0.679077,0.402344,0.164062,-0.480469,0.048828,0.099609,0.273438,0.539612,-0.442139,0.181030,-0.693237
4.0940845012664795,0.684082,-1.718750,0.144531,0.277344,0.009766,0.001953,0.150391,0.540771,-0.441711,0.181702,-0.692383
4.114158630371094,0.687622,0.070312,0.144531,-0.214844,0.009766,-0.076172,0.054687,0.541321,-0.442200,0.181458,-0.691772
4.133661270141602,0.687866,0.070312,-0.003906,0.023437,-0.019531,-0.050781,0.023437,0.541504,-0.442566,0.181396,-0.691345
4.154069185256958,0.682983,-0.121094,-0.042969,-0.472656,0.009766,-0.031250,0.013672,0.541687,-0.442749,0.181213,-0.691162
4.1741509437561035,0.678223,-0.195312,-0.085937,-0.015625,0.029297,-0.041016,-0.015625,0.541809,-0.442810,0.180786,-0.691101
4.1937642097473145,0.667603,0.226562,-0.132812,-0.414062,0.070312,0.074219,-0.015625,0.541931,-0.442017,0.180481,-0.691650
4.214406251907349,0.645508,-0.503906,-0.617187,-0.835937,0.179687,0.117188,-0.031250,0.542236,-0.440308,0.179565,-0.692688
4.234041213989258,0.639160,-3.214844,-2.218750,-1.355469,0.402344,0.097656,-0.332031,0.541321,-0.438049,0.176086,-0.695740
4.253762245178223,0.634888,0.531250,-1.246094,-1.335938,0.482422,0.353516,-0.666016,0.538574,-0.434021,0.171997,-0.701416
4.274382591247559,0.629272,2.804688,1.476563,-0.519531,0.396484,0.572266,-0.300781,0.537048,-0.428650,0.170837,-0.706177
4.294106721878052,0.628418,-0.082031,0.566406,1.847656,0.173828,0.433594,-0.171875,0.535706,-0.425049,0.171265,-0.709229
4.319202661514282,0.629761,-0.410156,1.062500,2.652344,-0.152344,0.275391,-0.156250,0.533630,-0.424072,0.172974,-0.710999
4.333627939224243,0.635132,0.308594,0.972656,0.769531,-0.296875,0.099609,-0.072266,0.531738,-0.424927,0.175476,-0.711243
4.354275941848755,0.646973,0.945312,0.765625,1.312500,-0.451172,0.066406,0.113281,0.530396,-0.426880,0.179382,-0.710144
4.374001979827881,0.654419,0.753906,1.199219,1.230469,-0.687500,-0.189453,0.164062,0.529114,-0.431335,0.183960,-0.707214
4.393872976303101,0.658447,-1.550781,-1.828125,-0.996094,-0.716797,-0.304688,0.242187,0.528198,-0.436279,0.187500,-0.703918
4.414509296417236,0.657349,0.738281,-0.808594,-1.023438,-0.357422,-0.056641,-0.060547,0.526978,-0.438293,0.188660,-0.703247
4.434439420700073,0.652344,0.394531,-0.234375,-2.988281,0.044922,-0.007813,0.027344,0.527466,-0.437927,0.188416,-0.703186
4.453702449798584,0.643433,0.132812,0.019531,-0.687500,0.216797,0.066406,0.093750,0.528931,-0.436279,0.187439,-0.703369
4.4743406772613525,0.628418,-0.074219,0.003906,1.195313,0.222656,0.007813,0.138672,0.530823,-0.434814,0.186523,-0.703125
4.494608163833618,0.625244,-0.976562,-0.035156,1.035156,0.083984,-0.042969,0.087891,0.532104,-0.434204,0.186218,-0.702576
4.514491319656372,0.626099,-0.617187,-0.218750,0.070312,0.044922,0.019531,0.146484,0.533142,-0.433777,0.186584,-0.701965
4.534969806671143,0.631226,-0.140625,-0.140625,-0.351563,0.003906,0.023437,0.087891,0.533630,-0.433716,0.186951,-0.701599
4.554478883743286,0.636841,0.871094,-0.289063,-0.437500,-0.003906,0.072266,0.013672,0.533630,-0.432983,0.187744,-0.701782
4.574594974517822,0.640381,0.917969,-0.464844,-0.183594,-0.068359,0.406250,0.107422,0.533203,-0.430603,0.190674,-0.702820
4.594456672668457,0.643433,-0.421875,-0.058594,1.117188,-0.117188,0.316406,-0.011719,0.531799,-0.429016,0.193726,-0.704041
4.614696025848389,0.661255,0.472656,0.152344,-1.601563,-0.255859,0.271484,-0.078125,0.529907,-0.428223,0.196533,-0.705139
4.634764909744263,0.668091,0.472656,-0.070312,0.496094,-0.039063,0.291016,0.039063,0.529236,-0.426575,0.198730,-0.706055
4.654332637786865,0.670654,0.015625,0.058594,-0.460937,-0.054687,0.246094,0.068359,0.528992,-0.425049,0.200745,-0.706543
4.674490690231323,0.667725,-1.316406,0.410156,0.726562,0.009766,0.011719,0.078125,0.529480,-0.424927,0.200989,-0.706238
4.6949145793914795,0.667358,0.996094,0.066406,0.207031,-0.035156,-0.220703,0.007813,0.529968,-0.426392,0.200134,-0.705200
4.7143731117248535,0.666138,0.699219,0.191406,-0.828125,0.070312,-0.162109,0.152344,0.531616,-0.427002,0.199280,-0.703796
4.734929084777832,0.660522,0.113281,0.265625,0.089844,0.164062,-0.263672,0.195312,0.534119,-0.427673,0.197510,-0.702026
4.7552406787872314,0.656372,-0.492187,-0.011719,0.679687,0.136719,-0.429687,0.097656,0.536133,-0.429810,0.194824,-0.699951
4.774346351623535,0.651367,1.164063,-0.019531,-0.535156,0.167969,-0.384766,0.060547,0.537842,-0.431458,0.192322,-0.698303
4.7950849533081055,0.638184,0.015625,-0.261719,-0.039063,0.119141,-0.136719,0.072266,0.539001,-0.431763,0.191040,-0.697510
4.815185785293579,0.631348,-0.421875,-0.011719,-0.859375,0.134766,-0.074219,-0.031250,0.539612,-0.431641,0.189697,-0.697571
4.834991693496704,0.615601,-1.058594,0.042969,-0.222656,0.183594,-0.103516,-0.015625,0.540344,-0.431519,0.187683,-0.697571
4.855005979537964,0.602051,-0.300781,-0.449219,-0.308594,0.238281,-0.289063,-0.160156,0.540833,-0.432312,0.184143,-0.697632
4.875268936157227,0.599365,0.703125,-0.671875,-0.023437,0.169922,-0.083984,-0.125000,0.540833,-0.432129,0.181824,-0.698364
4.895335912704468,0.593384,-0.769531,-1.023438,-0.484375,0.162109,0.167969,-0.253906,0.539490,-0.430298,0.180298,-0.700928
4.914435148239136,0.592773,0.832031,0.093750,-0.074219,0.386719,0.490234,-0.464844,0.537048,-0.425903,0.178467,-0.705872
4.9354541301727295,0.594360,0.664062,1.265625,1.035156,0.238281,0.560547,-0.324219,0.534851,-0.421387,0.178284,-0.710327
4.955476522445679,0.597412,0.449219,1.171875,1.769531,0.021484,0.394531,-0.144531,0.533081,-0.418823,0.179687,-0.712891
4.975515365600586,0.603149,-0.417969,1.082031,2.476563,-0.292969,0.216797,-0.103516,0.530823,-0.418884,0.182312,-0.713806
4.995316028594971,0.620850,0.625000,0.714844,1.113281,-0.437500,0.074219,-0.009766,0.528748,-0.420715,0.185791,-0.713379
5.015643119812012,0.630249,0.058594,0.429687,0.386719,-0.554687,-0.041016,0.085937,0.527161,-0.423645,0.189819,-0.711792
5.035145044326782,0.637939,-0.667969,-1.324219,-0.968750,-0.447266,-0.023437,0.054687,0.525696,-0.425903,0.192810,-0.710693
5.055546522140503,0.645996,1.191406,-0.457031,-1.035156,-0.191406,0.185547,0.027344,0.524780,-0.425415,0.195068,-0.711060
5.075257778167725,0.645996,0.480469,-0.187500,-0.992187,0.023437,0.345703,0.087891,0.524841,-0.422729,0.197083,-0.712036
5.095133304595947,0.644775,-0.503906,0.011719,0.585937,0.080078,0.328125,0.121094,0.525330,-0.419922,0.198669,-0.712952
5.1152215003967285,0.657715,-1.683594,0.011719,0.921875,-0.009766,0.035156,0.013672,0.525269,-0.419617,0.199036,-0.713013
5.135685682296753,0.663574,-0.875000,0.011719,0.871094,-0.115234,-0.177734,-0.083984,0.524658,-0.421570,0.198608,-0.712463
5.15582799911499,0.670288,1.976563,-0.464844,-0.125000,-0.156250,-0.220703,-0.005859,0.524475,-0.423645,0.198792,-0.711304
5.175079584121704,0.678101,0.902344,-0.011719,-0.988281,-0.105469,0.113281,0.285156,0.525696,-0.423401,0.200745,-0.710022
5.196004390716553,0.675903,-0.351563,-0.101563,-0.386719,-0.021484,0.031250,0.236328,0.527405,-0.422485,0.202393,-0.708801
5.2157018184661865,0.675049,1.839844,0.027344,-0.828125,0.074219,0.292969,0.425781,0.529785,-0.419800,0.204895,-0.707886
5.235358476638794,0.676880,-1.652344,0.234375,0.472656,-0.007813,0.039063,0.169922,0.530945,-0.419128,0.205994,-0.707092
5.2558653354644775,0.675537,0.410156,0.207031,0.019531,-0.029297,-0.082031,0.046875,0.531311,-0.419800,0.206055,-0.706421
5.276068925857544,0.675415,-0.242187,0.136719,-0.164062,-0.027344,-0.070312,-0.023437,0.531250,-0.420288,0.205933,-0.706177
5.295385837554932,0.675415,0.800781,-0.054687,-0.324219,0.007813,0.087891,0.029297,0.531250,-0.419678,0.206421,-0.706421
5.316055774688721,0.669312,0.011719,-0.023437,-0.417969,0.039063,0.160156,0.007813,0.531189,-0.418335,0.206970,-0.707153
5.335872173309326,0.664917,0.156250,0.003906,-0.250000,0.076172,0.232422,-0.003906,0.530945,-0.416321,0.207642,-0.708252
5.355526685714722,0.649658,-0.480469,0.066406,-0.171875,0.085937,0.289063,-0.072266,0.530090,-0.414124,0.208191,-0.710083
5.376370906829834,0.637695,-0.953125,-0.179687,0.195312,0.019531,0.250000,-0.244141,0.527832,-0.413147,0.208313,-0.712280
5.396178245544434,0.638306,1.421875,-0.070312,-0.777344,-0.212891,-0.001953,-0.423828,0.524414,-0.414368,0.208252,-0.714050
5.415800333023071,0.642700,2.347656,-0.195312,-1.289063,-0.015625,0.371094,-0.089844,0.522583,-0.412598,0.209778,-0.716003
5.436398029327393,0.649414,-1.039063,-0.070312,0.839844,-0.097656,0.345703,-0.099609,0.520996,-0.410767,0.211853,-0.717651
5.4563963413238525,0.653931,0.441406,0.167969,-0.546875,-0.003906,0.205078,0.019531,0.520386,-0.409485,0.213196,-0.718384
5.476319074630737,0.664429,-0.425781,-0.093750,0.273438,-0.136719,0.080078,-0.001953,0.519714,-0.409485,0.214600,-0.718445
5.495968580245972,0.671509,0.464844,0.042969,-0.554687,-0.115234,0.035156,0.025391,0.519348,-0.409851,0.215698,-0.718140
5.516026973724365,0.678101,0.242187,-0.023437,-0.281250,-0.060547,-0.033203,0.097656,0.519897,-0.410156,0.216370,-0.717407
5.536459445953369,0.678955,0.734375,0.019531,-0.593750,0.023437,0.027344,0.193359,0.521240,-0.409546,0.216980,-0.716614
5.555473566055298,0.679810,0.218750,-0.007813,0.164062,0.041016,0.042969,0.136719,0.522461,-0.408569,0.217529,-0.716125
5.576259136199951,0.678223,-0.828125,0.152344,0.082031,0.015625,0.097656,0.117188,0.523132,-0.407837,0.218079,-0.715881
5.596084833145142,0.676270,-0.769531,0.066406,0.433594,-0.015625,-0.105469,-0.048828,0.523071,-0.408569,0.217346,-0.715698
5.616058349609375,0.671021,1.117188,-0.562500,-3.710938,0.091797,-0.175781,-0.113281,0.523254,-0.409302,0.215271,-0.715820
5.636449337005615,0.637451,0.957031,-2.164063,-5.398437,0.621094,0.007813,-0.013672,0.525208,-0.406250,0.210693,-0.717468
5.656343221664429,0.620972,-3.847656,-6.382812,-10.117188,1.623047,0.537109,-0.669922,0.526062,-0.394653,0.199524,-0.726440
5.675757884979248,0.611816,5.484375,-1.156250,-7.230469,2.652344,1.593750,-0.683594,0.528198,-0.371033,0.186218,-0.740723
5.701412916183472,0.595459,-3.093750,2.484375,6.054687,2.582031,1.740234,-0.142578,0.532715,-0.345398,0.175720,-0.752380
5.716371297836304,0.578979,-3.910156,2.726563,9.683594,1.552734,1.015625,-0.263672,0.534058,-0.330261,0.168762,-0.759766
5.735772609710693,0.567871,-4.070312,1.773438,8.617188,0.177734,0.035156,-0.482422,0.530945,-0.329285,0.165649,-0.763000
5.756658554077148,0.504395,-2.035156,0.785156,3.515625,-0.402344,-0.482422,-0.757812,0.524780,-0.335754,0.163757,-0.764832
5.77634072303772,0.469482,1.828125,1.000000,1.992188,-0.501953,-0.265625,-0.636719,0.518799,-0.341980,0.163879,-0.766174
5.796444654464722,0.455688,-0.339844,1.882813,3.050781,-0.779297,-0.677734,-0.347656,0.514404,-0.352234,0.164917,-0.764282
5.816100120544434,0.410156,-1.156250,1.984375,1.609375,-1.144531,-1.591797,-0.251953,0.511047,-0.370178,0.164490,-0.758057
5.836772203445435,0.379639,-0.449219,1.250000,-1.992188,-1.021484,-1.923828,-0.136719,0.509216,-0.389465,0.161926,-0.750183
5.857423782348633,0.370850,0.617187,0.761719,-2.425781,-0.410156,-1.365234,-0.111328,0.508972,-0.402466,0.157654,-0.744385
5.8760459423065186,0.351196,1.488281,0.671875,-0.480469,-0.123047,-1.109375,0.068359,0.510681,-0.411133,0.153259,-0.739380
5.896374464035034,0.290039,1.042969,0.121094,0.089844,0.060547,-0.822266,0.316406,0.514404,-0.416809,0.149902,-0.734314
5.916595935821533,0.273682,0.039063,0.234375,1.554688,-0.068359,-0.822266,0.474609,0.518494,-0.422729,0.148071,-0.728394
5.936495542526245,0.248169,-2.566406,-1.777344,-0.007813,-0.373047,-0.914062,0.181641,0.519592,-0.430786,0.146729,-0.723145
5.961892127990723,0.230469,0.433594,-1.035156,-1.351563,-0.304688,-0.755859,-0.166016,0.518494,-0.437866,0.144226,-0.720215
5.9771599769592285,0.223022,1.757813,-0.550781,-2.250000,0.152344,-0.402344,-0.078125,0.519043,-0.440430,0.141052,-0.718811
5.996391534805298,0.224121,1.675781,0.566406,1.390625,0.033203,-0.134766,0.167969,0.520447,-0.441284,0.140198,-0.717468
6.016828775405884,0.236450,-0.164062,0.851562,2.058594,-0.113281,-0.357422,-0.017578,0.520325,-0.444458,0.139465,-0.715698
6.037184953689575,0.273804,-0.144531,0.476562,2.464844,-0.402344,-0.517578,0.005859,0.519226,-0.450317,0.139465,-0.712830
6.057322263717651,0.296631,-1.261719,-0.320313,0.914062,-0.574219,-0.722656,-0.083984,0.517090,-0.458252,0.139526,-0.709351
6.07704496383667,0.329712,0.328125,-0.187500,-0.378906,-0.578125,-0.441406,-0.074219,0.514648,-0.464478,0.140930,-0.706787
6.097038745880127,0.375366,0.273438,-0.171875,-1.089844,-0.517578,-0.210937,0.076172,0.513000,-0.468689,0.143738,-0.704651
6.11697793006897,0.403564,1.050781,0.003906,-0.988281,-0.441406,-0.138672,0.121094,0.511963,-0.471619,0.146851,-0.702759
6.13655161857605,0.411011,1.316406,0.304688,-0.437500,-0.500000,0.113281,0.257813,0.511230,-0.473022,0.151917,-0.701294
6.157750606536865,0.421509,-0.281250,-0.476562,-0.671875,-0.437500,0.232422,0.212891,0.510254,-0.473206,0.156982,-0.700745
6.177335262298584,0.431274,-0.152344,-0.078125,-1.046875,-0.189453,0.236328,-0.029297,0.508850,-0.472656,0.159485,-0.701599
6.197030305862427,0.443726,0.707031,0.781250,0.222656,-0.083984,0.060547,0.023437,0.508484,-0.472656,0.160645,-0.701599
6.217150926589966,0.464722,0.261719,0.468750,0.015625,-0.185547,-0.027344,0.146484,0.508606,-0.473511,0.162354,-0.700500
6.237628936767578,0.471069,-0.035156,-0.121094,-0.027344,-0.173828,-0.064453,0.136719,0.508850,-0.474609,0.163757,-0.699280
6.256875038146973,0.472900,0.230469,-0.105469,-0.617187,-0.085937,-0.103516,0.046875,0.508972,-0.475708,0.164062,-0.698364
6.277348518371582,0.479248,0.347656,-0.175781,-0.839844,0.003906,-0.078125,0.046875,0.509399,-0.476074,0.163940,-0.697815
6.299022197723389,0.481201,0.054687,-0.214844,-0.312500,0.029297,0.025391,0.074219,0.509949,-0.475586,0.164124,-0.697693
6.318159580230713,0.482788,-0.503906,-0.367188,-0.171875,0.013672,0.126953,0.019531,0.509949,-0.474670,0.164734,-0.698181
6.338718414306641,0.487915,-0.187500,0.171875,0.585937,-0.027344,0.148437,0.001953,0.509583,-0.473755,0.165710,-0.698853
6.357504844665527,0.492554,-0.035156,0.140625,0.117188,-0.060547,0.146484,-0.037109,0.508789,-0.473145,0.166687,-0.699646
6.379309892654419,0.496460,0.484375,0.023437,-0.175781,-0.070312,0.226562,-0.042969,0.507812,-0.471741,0.168274,-0.700867
6.39698338508606,0.494751,0.992187,-0.207031,-0.558594,-0.015625,0.501953,0.052734,0.507141,-0.468628,0.170898,-0.702820
6.4182538986206055,0.509888,0.304688,-0.160156,0.062500,-0.042969,0.349609,-0.019531,0.506348,-0.466187,0.172974,-0.704529
6.437700510025024,0.508911,-0.421875,-0.035156,0.269531,-0.042969,0.365234,0.031250,0.505676,-0.463989,0.175049,-0.705933
6.457050323486328,0.509399,-0.988281,-0.035156,0.230469,-0.070312,0.101563,-0.035156,0.504883,-0.463745,0.175842,-0.706482
6.477478504180908,0.548584,-1.257813,-0.035156,0.109375,-0.083984,-0.218750,-0.121094,0.504089,-0.465637,0.174988,-0.705994
6.497697353363037,0.569946,1.523438,-0.375000,-0.519531,-0.074219,-0.144531,-0.015625,0.503906,-0.466919,0.174744,-0.705383
6.517477750778198,0.585937,1.179688,-0.320313,-0.382813,-0.001953,0.185547,0.160156,0.504639,-0.465454,0.176392,-0.705383
6.53759765625,0.607178,0.015625,0.078125,-0.488281,0.033203,0.300781,0.224609,0.505798,-0.462891,0.178711,-0.705688
6.55780029296875,0.620117,0.804687,-0.089844,0.246094,0.019531,0.384766,0.265625,0.506958,-0.459961,0.181274,-0.706055
6.5770227909088135,0.629517,0.214844,0.082031,-0.238281,-0.056641,0.343750,0.191406,0.507507,-0.457458,0.184021,-0.706665
6.598018169403076,0.633057,-1.125000,0.097656,0.207031,-0.050781,0.232422,0.056641,0.507324,-0.455688,0.186035,-0.707397
6.6178297996521,0.637085,0.355469,0.179687,-0.347656,-0.050781,0.210937,0.044922,0.506897,-0.454468,0.187561,-0.708008
6.637832164764404,0.641113,-0.554687,0.179687,0.144531,-0.046875,0.144531,-0.021484,0.506226,-0.453552,0.188782,-0.708801
6.657770156860352,0.651978,-0.226562,0.226562,0.019531,-0.041016,0.275391,-0.021484,0.505249,-0.452087,0.190430,-0.710022
6.6831841468811035,0.657837,-1.421875,0.304688,0.671875,-0.187500,0.105469,-0.150391,0.503540,-0.452148,0.191223,-0.710937
6.697345972061157,0.656738,1.671875,0.179687,-0.589844,-0.013672,0.091797,-0.068359,0.502625,-0.452026,0.191223,-0.711670
6.717729330062866,0.655396,-0.546875,0.097656,0.351563,0.070312,0.113281,-0.044922,0.502136,-0.451355,0.191040,-0.712463
6.737924814224243,0.655884,-0.296875,0.156250,0.503906,0.013672,0.013672,-0.132812,0.501343,-0.451355,0.190491,-0.713196
6.758363485336304,0.657593,0.261719,0.082031,0.312500,-0.039063,0.035156,-0.101563,0.500427,-0.451477,0.190247,-0.713806
6.777625560760498,0.655518,0.722656,0.066406,-0.460937,0.015625,0.105469,-0.060547,0.499817,-0.450928,0.190125,-0.714661
6.79846715927124,0.647217,0.492187,-0.210937,0.058594,0.041016,0.074219,-0.095703,0.499207,-0.450195,0.189880,-0.715576
6.8183629512786865,0.642578,0.277344,-0.218750,0.035156,0.048828,0.146484,0.011719,0.499146,-0.448975,0.190308,-0.716309
6.837489128112793,0.636108,-0.433594,-0.144531,0.441406,0.011719,0.142578,0.011719,0.498962,-0.447876,0.190979,-0.716919
6.8582444190979,0.630249,-0.273438,-0.097656,0.019531,-0.015625,0.111328,0.001953,0.498718,-0.447144,0.191589,-0.717407
6.878360748291016,0.638428,-0.496094,-0.027344,0.011719,-0.013672,0.039063,-0.023437,0.498352,-0.447021,0.191772,-0.717651
6.8983800411224365,0.647461,-0.554687,-0.105469,-0.050781,-0.019531,-0.111328,-0.054687,0.498108,-0.448059,0.191101,-0.717407
6.918334007263184,0.676025,0.578125,-0.410156,0.433594,-0.060547,-0.193359,-0.031250,0.497986,-0.449524,0.190613,-0.716614
6.938628673553467,0.688110,0.468750,-0.273438,-0.011719,-0.078125,-0.064453,0.103516,0.498474,-0.450012,0.191589,-0.715759
6.958163022994995,0.692505,0.500000,-0.316406,-0.421875,-0.087891,0.072266,0.230469,0.499512,-0.449402,0.193665,-0.714844
6.9776530265808105,0.693359,0.343750,0.019531,-0.402344,0.001953,0.246094,0.330078,0.501160,-0.447266,0.196472,-0.714294
6.99851655960083,0.688599,-0.964844,0.160156,0.226562,0.019531,0.230469,0.326172,0.502930,-0.445129,0.198975,-0.713623
7.018681287765503,0.681885,1.308594,0.191406,0.218750,-0.039063,0.181641,0.369141,0.505005,-0.443787,0.201111,-0.712463
7.037985324859619,0.673706,-0.375000,0.406250,-0.085937,0.052734,-0.080078,0.310547,0.507507,-0.443604,0.201538,-0.710632
7.058448553085327,0.668335,0.406250,0.335938,-0.460937,0.142578,-0.208984,0.283203,0.510315,-0.444092,0.200745,-0.708557
7.079000234603882,0.665161,-0.214844,0.105469,-0.234375,0.091797,-0.287109,0.132812,0.512634,-0.444946,0.199341,-0.706726
7.098135471343994,0.661011,1.335938,0.257813,-0.699219,0.210937,-0.226562,0.279297,0.515869,-0.445129,0.197693,-0.704773
7.118473291397095,0.650635,-0.167969,0.058594,-0.707031,0.248047,-0.357422,0.164062,0.518921,-0.445679,0.194824,-0.702942
7.1387245655059814,0.647095,-1.074219,-0.085937,-0.500000,0.281250,-0.203125,0.062500,0.520996,-0.445557,0.191772,-0.702271
7.15866494178772,0.639526,-0.261719,-0.546875,-1.160156,0.333984,-0.048828,-0.115234,0.521851,-0.444397,0.188538,-0.703308
7.178850412368774,0.640869,-1.417969,-0.578125,0.023437,0.296875,0.021484,-0.341797,0.520508,-0.443298,0.184937,-0.705994
7.198770523071289,0.642090,1.812500,-0.757812,-1.890625,0.410156,0.234375,-0.777344,0.516541,-0.440796,0.180359,-0.711548
7.21826434135437,0.640381,1.261719,0.414062,-0.054687,0.449219,0.646484,-0.572266,0.513062,-0.435242,0.177795,-0.718140
7.238949298858643,0.643433,-0.468750,0.417969,1.246094,0.251953,0.615234,-0.535156,0.509277,-0.430481,0.176880,-0.723877
7.259263753890991,0.651001,0.800781,1.238281,2.394531,-0.041016,0.527344,-0.326172,0.505615,-0.427612,0.178406,-0.727783
7.2791430950164795,0.658691,-0.156250,0.917969,1.734375,-0.425781,0.226562,-0.222656,0.501892,-0.428223,0.181641,-0.729248
7.2986345291137695,0.668091,0.449219,0.972656,2.121094,-0.597656,0.080078,-0.076172,0.498474,-0.430908,0.185913,-0.728882
7.3191237449646,0.684448,-0.257813,0.550781,0.613281,-0.746094,-0.164062,-0.005859,0.495544,-0.435547,0.190491,-0.726929
7.339171886444092,0.689941,0.257813,-0.304688,-0.742187,-0.623047,-0.195312,0.021484,0.493408,-0.439819,0.193848,-0.724915
7.358644962310791,0.695435,-0.171875,-0.960937,-1.917969,-0.312500,-0.126953,0.001953,0.492310,-0.442139,0.195251,-0.723877
7.3793628215789795,0.707031,0.898437,-0.113281,-1.214844,-0.089844,-0.003906,0.013672,0.492004,-0.442566,0.195862,-0.723694
7.398997068405151,0.709351,0.218750,0.003906,-0.531250,0.015625,0.027344,0.062500,0.492493,-0.442139,0.196045,-0.723572
7.418786525726318,0.705444,0.187500,0.042969,-0.472656,0.119141,-0.041016,0.085937,0.493591,-0.441589,0.195435,-0.723267
7.4392101764678955,0.695679,0.234375,-0.082031,0.632812,0.162109,-0.099609,0.068359,0.494934,-0.441223,0.194397,-0.722900
7.459066152572632,0.689209,-0.019531,-0.203125,-0.160156,0.097656,0.029297,0.126953,0.496216,-0.440369,0.194214,-0.722595
7.478451251983643,0.683960,-0.070312,-0.089844,0.285156,0.093750,0.046875,0.136719,0.497314,-0.439453,0.194336,-0.722351
7.499515056610107,0.684570,-0.976562,-0.386719,0.246094,0.011719,-0.033203,0.046875,0.498108,-0.438965,0.194519,-0.722046
7.519524097442627,0.689087,-2.398438,-0.187500,1.535156,0.097656,0.087891,0.234375,0.499695,-0.438049,0.195007,-0.721375
7.538930416107178,0.695312,0.671875,-0.320313,0.210937,-0.074219,-0.080078,0.140625,0.500549,-0.438660,0.195679,-0.720276
7.559433937072754,0.699951,0.480469,-0.179687,-0.632812,-0.035156,0.068359,0.183594,0.501526,-0.437866,0.197327,-0.719604
7.579450607299805,0.703125,-0.121094,-0.089844,-0.375000,-0.046875,0.179687,0.193359,0.502319,-0.436340,0.199402,-0.719421
7.599530458450317,0.705322,0.605469,-0.101563,-0.152344,-0.109375,0.175781,0.113281,0.502380,-0.435242,0.201416,-0.719421
7.618861436843872,0.707764,-1.125000,0.328125,-0.503906,-0.013672,0.214844,0.076172,0.502197,-0.433716,0.203247,-0.719971
7.639502763748169,0.715942,0.898437,0.074219,0.171875,-0.101563,0.330078,0.031250,0.501282,-0.431885,0.205627,-0.721069
7.659636497497559,0.722900,-0.257813,-0.035156,-0.058594,-0.117188,0.333984,-0.019531,0.499878,-0.430237,0.207947,-0.722351
7.6793084144592285,0.728760,0.269531,0.003906,-0.175781,-0.103516,0.138672,-0.187500,0.497803,-0.429993,0.208801,-0.723633
7.699462175369263,0.735229,0.148437,0.152344,-0.671875,-0.013672,0.093750,-0.148437,0.496338,-0.429871,0.208923,-0.724731
7.719546794891357,0.735962,0.476562,0.144531,-0.023437,-0.009766,0.054687,-0.119141,0.495178,-0.429749,0.208801,-0.725586
7.739273548126221,0.734741,0.117188,0.210937,0.015625,-0.021484,-0.011719,-0.164062,0.494019,-0.430054,0.208313,-0.726379
7.759804010391235,0.734497,0.699219,-0.035156,-0.167969,-0.029297,-0.119141,-0.169922,0.492981,-0.431030,0.207397,-0.726746
7.779859781265259,0.733887,0.031250,0.148437,-0.242187,0.046875,-0.050781,-0.050781,0.492737,-0.431396,0.206482,-0.726929
7.798861026763916,0.733643,0.515625,-0.089844,0.246094,0.029297,-0.025391,-0.048828,0.492676,-0.431458,0.205750,-0.727173
7.820331811904907,0.725342,-0.097656,-0.250000,0.621094,0.064453,-0.021484,-0.056641,0.492554,-0.431335,0.205078,-0.727539
7.839681625366211,0.717407,0.093750,-0.218750,-0.765625,0.021484,0.103516,0.003906,0.492371,-0.430725,0.205078,-0.728027
7.859865665435791,0.710205,-1.066406,-0.156250,0.148437,0.062500,-0.058594,-0.091797,0.492126,-0.430664,0.204285,-0.728394
7.879782199859619,0.702637,0.375000,-0.363281,-1.019531,0.123047,-0.013672,-0.029297,0.492310,-0.430420,0.203064,-0.728760
7.899869680404663,0.677246,1.058594,-0.625000,0.214844,0.232422,-0.031250,-0.074219,0.492737,-0.429443,0.201294,-0.729553
7.919965744018555,0.670532,-0.710937,-0.917969,-0.175781,0.193359,0.316406,-0.007813,0.492798,-0.426453,0.200989,-0.731323
7.940043687820435,0.672363,-0.281250,0.164062,0.273438,0.228516,0.281250,-0.134766,0.492126,-0.423645,0.200439,-0.733582
7.959768772125244,0.682983,0.125000,0.347656,0.511719,0.041016,0.318359,-0.121094,0.490784,-0.421326,0.201172,-0.735596
7.979827404022217,0.688843,0.175781,1.503906,1.390625,-0.136719,0.240234,-0.068359,0.489258,-0.420471,0.202942,-0.736633
7.999562501907349,0.692505,0.605469,1.199219,1.851563,-0.306641,0.007813,0.042969,0.488159,-0.421814,0.205566,-0.735901
8.02012848854065,0.703491,-0.902344,-0.402344,1.042969,-0.478516,-0.142578,0.076172,0.486816,-0.424683,0.208313,-0.734314
8.040405035018921,0.708862,-0.039063,-0.570312,-0.335938,-0.345703,-0.025391,-0.085937,0.485046,-0.426514,0.210083,-0.733948
8.059805154800415,0.711548,0.199219,-0.289063,-1.316406,-0.152344,0.089844,0.005859,0.484253,-0.426514,0.211609,-0.734070
8.080477952957153,0.709106,-0.121094,-0.125000,-0.671875,-0.017578,0.123047,0.029297,0.484009,-0.425720,0.212463,-0.734436
8.100661039352417,0.707764,-0.742187,-0.058594,-0.070312,0.021484,0.019531,-0.015625,0.483887,-0.425537,0.212341,-0.734619
8.119676351547241,0.707764,-0.605469,-0.019531,0.406250,-0.023437,-0.148437,-0.064453,0.483582,-0.426758,0.211670,-0.734314
8.1403968334198,0.711914,0.531250,-0.132812,0.085937,-0.068359,-0.121094,-0.025391,0.483337,-0.427979,0.211487,-0.733826
8.160404682159424,0.713257,0.605469,-0.117188,-0.558594,-0.060547,-0.009766,0.064453,0.483521,-0.428284,0.212097,-0.733337
8.180432081222534,0.711548,0.636719,-0.257813,-0.222656,-0.035156,0.117188,0.123047,0.484070,-0.427307,0.213440,-0.733154
8.200460195541382,0.712036,1.472656,-0.117188,-0.273438,-0.007813,0.328125,0.304688,0.485352,-0.424805,0.216003,-0.733032
8.220270872116089,0.709595,-0.125000,0.019531,0.332031,-0.017578,0.150391,0.185547,0.486267,-0.423218,0.217896,-0.732788
8.240456342697144,0.707764,-0.785156,0.191406,-0.097656,-0.054687,0.169922,0.134766,0.486572,-0.422058,0.219604,-0.732727
8.259976863861084,0.708496,0.234375,0.082031,0.015625,-0.058594,0.148437,0.048828,0.486328,-0.421021,0.221008,-0.733032
8.280728816986084,0.709595,0.386719,-0.015625,0.160156,-0.093750,0.255859,0.070312,0.485901,-0.419495,0.223083,-0.733582
8.300889492034912,0.712524,-0.125000,-0.007813,-0.312500,-0.078125,0.218750,0.031250,0.485352,-0.418091,0.224854,-0.734253
8.319991111755371,0.714600,-0.093750,0.035156,-0.207031,-0.039063,0.275391,0.023437,0.484741,-0.416321,0.226501,-0.735107
8.340692043304443,0.720215,0.000000,0.191406,0.437500,-0.056641,0.171875,-0.001953,0.484131,-0.415222,0.227661,-0.735779
8.360796689987183,0.721802,0.367188,0.160156,-0.031250,-0.035156,0.138672,0.031250,0.483826,-0.414246,0.228821,-0.736206
8.380134582519531,0.722046,-2.085938,-0.023437,-0.031250,-0.095703,0.140625,-0.074219,0.482422,-0.413940,0.229736,-0.737000
8.400581121444702,0.729126,1.292969,0.082031,-1.058594,-0.072266,-0.042969,-0.238281,0.480713,-0.414673,0.229370,-0.737793
8.420718669891357,0.731445,0.097656,0.035156,0.207031,0.025391,0.015625,-0.044922,0.480225,-0.414795,0.228882,-0.738220
8.440328598022461,0.733032,-0.261719,0.027344,0.292969,0.000000,-0.054687,-0.083984,0.479675,-0.415283,0.228394,-0.738403
8.461155652999878,0.732910,-1.394531,0.250000,-0.054687,0.003906,-0.072266,-0.093750,0.479065,-0.416016,0.227600,-0.738647
8.481112241744995,0.730591,1.140625,-0.109375,-0.121094,-0.015625,-0.119141,-0.216797,0.477844,-0.417175,0.226440,-0.739197
8.50091290473938,0.728760,-0.492187,0.035156,0.191406,0.019531,-0.091797,-0.119141,0.477173,-0.417786,0.225586,-0.739502
8.520079374313354,0.726685,1.144531,-0.203125,0.078125,-0.019531,0.019531,0.001953,0.476990,-0.417786,0.225586,-0.739624
8.540954351425171,0.716553,-0.531250,0.027344,-0.359375,0.050781,0.044922,0.009766,0.477112,-0.417175,0.225525,-0.739868
8.561097145080566,0.708984,0.164062,-0.054687,-0.109375,0.070312,0.052734,-0.009766,0.477234,-0.416565,0.225159,-0.740295
8.58046293258667,0.705444,0.250000,-0.347656,-2.207031,0.187500,0.021484,0.003906,0.478088,-0.415161,0.223938,-0.740906
8.6016104221344,0.686401,1.914063,-0.554687,-4.347656,0.648437,0.306641,0.162109,0.481262,-0.409546,0.221191,-0.742798
8.620676755905151,0.670654,-2.054688,-3.421875,-2.832031,0.958984,0.359375,0.072266,0.484741,-0.401367,0.215942,-0.746521
8.640708923339844,0.656982,5.281250,-2.347656,-8.042969,2.011719,1.144531,-0.115234,0.489624,-0.383789,0.207092,-0.755005
8.665892124176025,0.622803,3.968750,0.703125,-4.402344,2.564453,1.861328,0.621094,0.499573,-0.356079,0.198730,-0.764282
8.681187152862549,0.604492,-0.964844,-0.589844,-3.234375,2.785156,2.085938,0.533203,0.509094,-0.325073,0.190063,-0.773926
8.701129913330078,0.580322,-1.578125,1.695313,3.621094,2.464844,2.273438,0.617187,0.517090,-0.294067,0.184021,-0.782471
8.721474885940552,0.547363,-3.250000,1.269531,4.343750,1.988281,1.763672,0.429687,0.522949,-0.268921,0.178772,-0.788818
8.745611190795898,0.545166,-1.976563,1.742188,8.035156,1.261719,1.099609,0.345703,0.526794,-0.253296,0.175598,-0.792175
8.760519742965698,0.534912,-3.835938,1.304688,8.625000,0.107422,0.205078,0.142578,0.527832,-0.250610,0.176147,-0.792175
8.780652284622192,0.518433,-1.714844,1.183594,1.890625,-0.738281,-0.476562,0.019531,0.527039,-0.257507,0.179443,-0.789795
8.801142454147339,0.500244,-0.882812,0.757812,-1.046875,-0.925781,-0.554687,0.017578,0.525635,-0.266541,0.183716,-0.786682
8.821587800979614,0.492432,-0.468750,1.503906,-1.230469,-0.876953,-0.593750,-0.011719,0.524231,-0.276062,0.187561,-0.783447
8.841210126876831,0.476562,-1.085938,-0.242187,-0.859375,-0.904297,-0.761719,-0.029297,0.522583,-0.286743,0.190552,-0.779968
8.86168098449707,0.414429,-1.953125,0.234375,1.687500,-1.007813,-0.843750,-0.427734,0.517944,-0.299927,0.192871,-0.777527
8.881899118423462,0.399536,-1.230469,0.972656,2.113281,-1.427734,-1.367188,-0.703125,0.510742,-0.318970,0.194702,-0.774292
8.900957107543945,0.401611,-1.437500,1.136719,0.808594,-1.566406,-1.828125,-0.882812,0.502319,-0.342346,0.194641,-0.769775
8.929466485977173,0.389893,0.300781,0.527344,-2.066406,-1.439453,-1.902344,-0.941406,0.493713,-0.365784,0.192932,-0.765015
8.941069602966309,0.380371,0.925781,0.214844,-3.148438,-1.039063,-1.539063,-0.832031,0.486511,-0.384094,0.190186,-0.761292
8.96104907989502,0.376465,0.867187,0.929687,-1.343750,-0.560547,-1.072266,-0.593750,0.481628,-0.396606,0.186951,-0.758789
8.982151746749878,0.375122,-0.148437,1.328125,0.183594,-0.494141,-1.039063,-0.412109,0.478577,-0.407288,0.183777,-0.755859
9.001698017120361,0.375244,1.089844,-0.613281,-0.773437,-0.025391,-0.878906,-0.285156,0.477783,-0.414612,0.178955,-0.753540
9.02118444442749,0.373413,0.820312,-0.246094,1.984375,0.142578,-0.527344,-0.072266,0.478699,-0.418335,0.174988,-0.751831
9.041405439376831,0.367188,-0.734375,-0.519531,1.917969,0.015625,-0.591797,0.015625,0.479675,-0.422729,0.172119,-0.749390
9.061676502227783,0.368408,-0.945312,0.078125,2.101563,-0.224609,-0.816406,-0.064453,0.479675,-0.430054,0.169678,-0.745789
9.081668376922607,0.367920,-0.093750,-0.152344,-0.898437,-0.449219,-0.974609,-0.042969,0.479065,-0.439209,0.168030,-0.741211
9.111111402511597,0.368652,0.914062,0.292969,-0.625000,-0.445312,-0.697266,0.111328,0.478577,-0.447754,0.166321,-0.736755
9.130868911743164,0.374023,1.417969,0.664062,-1.656250,-0.361328,-0.539062,0.335938,0.478638,-0.454834,0.166626,-0.732300
9.15145993232727,0.373657,1.464844,0.082031,-1.648438,-0.169922,-0.367188,0.470703,0.480286,-0.459839,0.168213,-0.727722
9.171355962753296,0.372925,-0.312500,-1.527344,-1.894531,0.138672,-0.160156,0.207031,0.483398,-0.462524,0.169678,-0.723633
9.191232442855835,0.376221,-0.925781,-1.878906,-0.484375,0.074219,-0.089844,-0.033203,0.485657,-0.462830,0.169067,-0.722046
9.211523056030273,0.379639,0.859375,1.148438,-0.085937,-0.082031,-0.158203,0.103516,0.486084,-0.463196,0.168030,-0.721741
9.231493473052979,0.381592,1.343750,0.679687,-1.257813,-0.011719,-0.066406,0.324219,0.486816,-0.464294,0.168274,-0.720459
9.25137209892273,0.383911,-0.160156,-0.445312,0.015625,-0.025391,-0.050781,0.160156,0.488953,-0.464478,0.169495,-0.718689
9.271724700927734,0.388794,-1.699219,-1.363281,0.175781,0.056641,-0.023437,-0.085937,0.490051,-0.464600,0.170044,-0.717651
9.291789531707764,0.391968,0.515625,0.664062,0.246094,-0.009766,-0.041016,0.027344,0.489868,-0.464722,0.169312,-0.717896
9.31123399734497,0.396118,0.214844,0.289063,0.183594,-0.072266,-0.080078,0.126953,0.490051,-0.464966,0.169312,-0.717590
9.331810235977173,0.399292,-0.160156,-0.261719,0.246094,-0.097656,-0.080078,0.070312,0.490723,-0.465698,0.169983,-0.716553
9.35184383392334,0.402954,-0.003906,-0.367188,-0.398438,-0.021484,0.003906,-0.031250,0.490845,-0.466553,0.170593,-0.715759
9.371397495269775,0.406860,0.300781,0.207031,-0.015625,0.011719,0.037109,0.007813,0.490540,-0.466675,0.170715,-0.715820
9.39141583442688,0.410645,0.078125,0.398438,0.253906,-0.058594,-0.033203,0.076172,0.490540,-0.466431,0.170959,-0.715942
9.411902904510498,0.413696,0.277344,0.343750,0.269531,-0.111328,-0.072266,0.169922,0.490845,-0.466736,0.171631,-0.715332
9.43168592453003,0.414307,-0.750000,-0.312500,0.261719,-0.158203,-0.179687,0.097656,0.491577,-0.467590,0.172791,-0.714050
9.451798439025879,0.416382,-0.144531,-0.335938,-0.312500,-0.082031,-0.175781,0.025391,0.491821,-0.469299,0.173462,-0.712585
9.47193193435669,0.421753,0.421875,0.253906,-0.289063,-0.101563,-0.125000,0.101563,0.491943,-0.470947,0.173462,-0.711426
9.49179744720459,0.424683,0.355469,0.394531,0.050781,-0.146484,-0.066406,0.125000,0.492310,-0.472168,0.174072,-0.710205
9.51151156425476,0.427734,-1.054688,-0.742187,-0.082031,-0.107422,-0.011719,0.005859,0.492554,-0.473206,0.175415,-0.709045
9.53199028968811,0.435425,-0.105469,0.195312,0.289063,-0.132812,-0.029297,-0.054687,0.492065,-0.473938,0.176331,-0.708679
9.552166223526001,0.439331,0.238281,0.050781,-0.078125,-0.103516,-0.048828,-0.050781,0.491028,-0.474792,0.176941,-0.708618
9.572357416152954,0.446411,-0.121094,0.050781,-0.437500,-0.044922,-0.048828,-0.019531,0.490234,-0.475769,0.177185,-0.708435
9.592116117477417,0.437378,-0.195312,0.125000,-0.753906,0.082031,0.021484,0.007813,0.489990,-0.476257,0.177185,-0.708313
9.611924409866333,0.428345,0.539062,-0.152344,0.339844,0.044922,0.126953,0.042969,0.490234,-0.475769,0.176941,-0.708557
9.631726503372192,0.419067,-0.097656,0.156250,-0.679687,0.175781,0.009766,0.013672,0.490540,-0.474609,0.177307,-0.708984
9.652277946472168,0.421997,-0.558594,-0.003906,0.695312,0.019531,0.035156,0.009766,0.491211,-0.473694,0.176758,-0.709290
9.672608852386475,0.432251,-0.472656,-0.042969,-0.164062,0.039063,0.007813,-0.001953,0.491394,-0.473328,0.176636,-0.709412
9.692395448684692,0.437988,1.066406,-0.082031,-0.488281,0.162109,0.076172,0.164062,0.491638,-0.472961,0.176453,-0.709534
9.712339878082275,0.443481,0.578125,-0.035156,0.437500,0.121094,0.091797,0.232422,0.493286,-0.471436,0.176514,-0.709412
9.732806921005249,0.481445,0.003906,-0.097656,0.261719,0.042969,0.097656,0.212891,0.495422,-0.469543,0.177307,-0.708984
9.752417087554932,0.503174,0.527344,-0.355469,-0.089844,0.033203,0.037109,0.130859,0.497070,-0.468506,0.178101,-0.708374
9.771700382232666,0.518677,0.425781,-0.074219,-0.695312,0.050781,0.310547,0.191406,0.498169,-0.467224,0.179016,-0.708130
9.792216062545776,0.558350,-0.675781,0.125000,0.199219,0.009766,0.140625,0.095703,0.499207,-0.464417,0.181213,-0.708679
9.812382221221924,0.576416,-1.042969,0.171875,0.000000,-0.099609,0.250000,0.066406,0.499573,-0.463196,0.182373,-0.708984
9.832009315490723,0.586792,-0.460937,0.226562,-0.941406,0.031250,0.292969,0.050781,0.499207,-0.461731,0.184265,-0.709656
9.852457046508789,0.601562,0.062500,0.187500,0.261719,0.003906,0.257813,0.013672,0.499023,-0.459473,0.186035,-0.710815
9.8724365234375,0.601562,0.007813,0.304688,0.476562,-0.078125,0.173828,-0.056641,0.498596,-0.457581,0.187439,-0.711975
9.892730951309204,0.610962,-1.179688,0.187500,0.527344,-0.158203,-0.064453,-0.201172,0.497498,-0.456909,0.188354,-0.712891
9.912790298461914,0.621582,1.347656,-0.011719,-0.566406,-0.052734,-0.029297,-0.097656,0.495667,-0.458313,0.188171,-0.713318
9.932947158813477,0.620972,-0.734375,0.171875,0.246094,-0.035156,-0.136719,-0.126953,0.494690,-0.459106,0.187805,-0.713623
9.952348232269287,0.615479,0.773437,-0.058594,-0.082031,0.013672,-0.060547,-0.060547,0.493958,-0.460144,0.187073,-0.713623
9.972383975982666,0.603882,-0.558594,0.117188,-0.382813,0.029297,-0.277344,-0.160156,0.493591,-0.460876,0.186279,-0.713623
9.992523670196533,0.597534,0.742187,-0.234375,0.023437,-0.037109,-0.156250,-0.095703,0.493042,-0.462769,0.184387,-0.713318
10.012852907180786,0.598267,0.417969,-0.164062,-0.343750,0.003906,0.009766,-0.021484,0.492432,-0.464233,0.183350,-0.713013
10.03237795829773,0.595703,-0.117188,-0.089844,-0.234375,0.021484,0.035156,-0.019531,0.492249,-0.464294,0.183228,-0.713135
10.052833080291748,0.595459,-0.386719,-0.011719,0.140625,-0.001953,-0.003906,-0.039063,0.492126,-0.463989,0.183167,-0.713440
10.072718381881714,0.599365,-0.628906,-0.058594,0.347656,-0.048828,-0.158203,-0.068359,0.491760,-0.464172,0.182983,-0.713623
10.092764854431152,0.611206,0.656250,-0.289063,-0.175781,-0.031250,-0.054687,0.050781,0.491394,-0.465454,0.182373,-0.713196
10.112657308578491,0.647705,0.941406,-0.312500,-0.328125,-0.001953,0.087891,0.173828,0.491638,-0.465881,0.182617,-0.712646
10.132905006408691,0.660889,0.558594,-0.140625,-0.183594,0.001953,0.041016,0.138672,0.492676,-0.464905,0.183899,-0.712280
10.152501583099365,0.670898,0.804687,-0.089844,0.164062,-0.091797,0.115234,0.103516,0.493469,-0.464355,0.184814,-0.711792
10.173082828521729,0.688232,-0.484375,0.113281,-0.257813,-0.009766,0.093750,0.039063,0.493652,-0.463989,0.186035,-0.711609
10.19337797164917,0.692017,0.734375,-0.265625,-0.390625,0.046875,0.253906,0.039063,0.493591,-0.463074,0.187134,-0.711975
10.212524890899658,0.684570,-0.160156,-0.539062,-1.308594,0.117188,0.246094,-0.105469,0.493469,-0.460999,0.188354,-0.713074
10.232677698135376,0.669189,-4.105469,-4.730469,-6.613281,1.058594,0.507812,-0.921875,0.492554,-0.458557,0.187500,-0.715515
10.253182172775269,0.654297,2.234375,-1.648438,-0.910156,1.093750,0.978516,-0.873047,0.489929,-0.451660,0.179504,-0.723694
10.273329496383667,0.649780,-0.394531,1.488281,3.292969,0.390625,0.525391,-0.828125,0.486511,-0.441467,0.172241,-0.734009
10.303553581237793,0.639282,-0.042969,1.632813,4.351562,-0.279297,0.076172,-0.705078,0.474731,-0.438721,0.167786,-0.744324
10.323400497436523,0.638062,0.835937,2.332031,3.679688,-0.875000,-0.160156,-0.451172,0.467834,-0.444580,0.171387,-0.744385
10.343819379806519,0.641479,2.882813,2.441406,-1.988281,-1.134766,-0.148437,-0.107422,0.462402,-0.450867,0.178589,-0.742310
10.36401629447937,0.638916,2.179688,1.921875,-2.148438,-0.939453,0.117188,0.414062,0.460876,-0.453613,0.187866,-0.739319
10.383463859558105,0.631958,-0.441406,-0.582031,-2.597656,-0.535156,0.255859,0.562500,0.462036,-0.453003,0.195129,-0.737000
10.404052495956421,0.612061,-1.058594,-2.328125,-2.031250,0.250000,0.281250,0.316406,0.464600,-0.449951,0.196716,-0.736877
10.423745393753052,0.598389,-1.949219,0.421875,0.878906,0.099609,-0.164062,0.060547,0.466064,-0.450256,0.195312,-0.736084
10.443593740463257,0.585571,1.968750,1.210938,-0.101563,0.232422,-0.490234,0.085937,0.468750,-0.452515,0.192017,-0.733948
10.46384072303772,0.553589,0.925781,1.343750,-0.324219,0.261719,-0.523437,0.412109,0.473816,-0.454468,0.189453,-0.730103
10.484224557876587,0.539185,0.082031,0.582031,0.214844,0.230469,-0.697266,0.490234,0.479431,-0.457275,0.186768,-0.725342
10.50344443321228,0.527344,-0.355469,-1.164063,-0.175781,0.138672,-0.558594,0.246094,0.482971,-0.460144,0.184326,-0.721802
10.524201393127441,0.527100,0.777344,-0.472656,-1.195313,0.087891,-0.333984,0.121094,0.484924,-0.461914,0.182617,-0.719788
10.543859243392944,0.525757,0.441406,-0.433594,-1.277344,0.166016,-0.080078,0.136719,0.486755,-0.461548,0.181702,-0.719055
10.564081192016602,0.524902,-0.117188,-0.175781,-0.343750,0.117188,0.042969,0.087891,0.487854,-0.460571,0.181458,-0.718994
10.583164691925049,0.521484,-0.023437,0.445312,0.191406,0.070312,0.021484,0.105469,0.488892,-0.459900,0.181519,-0.718689
10.603953123092651,0.518921,-0.046875,0.078125,0.765625,0.003906,-0.087891,0.142578,0.490051,-0.460144,0.181763,-0.717651
10.624157905578613,0.517700,-0.421875,-0.601562,0.468750,0.005859,-0.060547,0.126953,0.491028,-0.460449,0.182007,-0.716797
10.643722534179688,0.519897,-0.699219,-0.402344,0.359375,-0.003906,-0.068359,0.025391,0.491394,-0.460876,0.181946,-0.716248
10.664184808731079,0.521729,0.226562,0.253906,-0.199219,-0.050781,-0.056641,0.076172,0.491760,-0.461365,0.182312,-0.715576
10.684362173080444,0.524414,-0.109375,-0.226562,-0.535156,-0.062500,-0.019531,0.066406,0.492004,-0.461609,0.183044,-0.715088
10.704144954681396,0.528442,0.250000,0.050781,-0.191406,-0.039063,0.074219,0.052734,0.492004,-0.461243,0.183899,-0.715088
10.724632740020752,0.536865,-0.390625,-0.144531,-0.046875,-0.003906,0.083984,0.005859,0.491821,-0.460693,0.184509,-0.715393
10.744499683380127,0.546387,0.152344,-0.066406,-0.007813,-0.042969,0.091797,-0.027344,0.491333,-0.460205,0.185242,-0.715881
10.76378059387207,0.552368,0.097656,-0.105469,-0.015625,-0.013672,0.195312,0.035156,0.491089,-0.459045,0.186279,-0.716492
10.784396886825562,0.561523,-0.542969,-0.019531,0.246094,-0.027344,0.091797,-0.005859,0.490723,-0.458496,0.187012,-0.716919
10.804597854614258,0.564697,-0.238281,-0.058594,0.101563,-0.041016,0.017578,-0.011719,0.490356,-0.458618,0.187378,-0.716980
10.824206829071045,0.571167,-0.714844,-0.058594,-0.007813,-0.041016,-0.105469,-0.042969,0.490051,-0.459717,0.186890,-0.716614
10.844533205032349,0.612427,-0.015625,-0.250000,0.332031,-0.052734,-0.251953,-0.058594,0.489929,-0.461853,0.185852,-0.715637
10.864527463912964,0.634277,1.363281,-0.503906,-0.410156,-0.037109,-0.218750,0.105469,0.490967,-0.462891,0.185730,-0.714233
10.884618043899536,0.643311,1.882813,-0.257813,-0.972656,0.078125,0.248047,0.341797,0.493042,-0.460876,0.187500,-0.713684
10.904275894165039,0.653564,-0.074219,0.296875,0.132812,-0.013672,0.109375,0.181641,0.494080,-0.459839,0.188782,-0.713318
10.924501657485962,0.659424,-1.187500,0.339844,0.175781,-0.019531,-0.095703,-0.005859,0.494263,-0.460266,0.188843,-0.712891
10.944433450698853,0.660156,1.226563,0.074219,-0.359375,-0.013672,0.029297,0.035156,0.494324,-0.460327,0.189026,-0.712769
10.964530229568481,0.659424,1.347656,0.042969,-0.058594,0.005859,0.048828,-0.001953,0.494263,-0.459717,0.189453,-0.713074
10.98486328125,0.654663,0.125000,0.195312,-0.820312,0.037109,0.335938,0.095703,0.494446,-0.457275,0.190979,-0.714111
11.004569292068481,0.645264,-1.164063,0.187500,0.144531,0.068359,0.207031,-0.029297,0.494202,-0.455505,0.191467,-0.715271
11.024810314178467,0.638550,-0.214844,-0.011719,0.105469,0.039063,0.027344,-0.091797,0.493652,-0.455322,0.190613,-0.715942
11.044966697692871,0.634644,1.710938,-0.179687,-0.421875,-0.029297,-0.121094,-0.156250,0.492920,-0.456116,0.189575,-0.716248
11.065032482147217,0.622192,-1.292969,0.117188,0.382813,0.048828,-0.041016,-0.070312,0.492493,-0.456543,0.188721,-0.716492
11.084957599639893,0.618286,-1.089844,-0.019531,0.722656,-0.089844,-0.314453,-0.230469,0.490967,-0.459351,0.186951,-0.716248
11.105033874511719,0.602661,-0.269531,-0.410156,-0.265625,-0.160156,-0.265625,-0.298828,0.488708,-0.462219,0.185486,-0.716309
11.125413179397583,0.605103,0.351563,-0.187500,-0.019531,-0.132812,-0.078125,-0.224609,0.486694,-0.463623,0.185120,-0.716919
11.145153760910034,0.616577,0.773437,0.156250,0.207031,-0.056641,0.128906,-0.101563,0.485413,-0.463257,0.185669,-0.717834
11.164397239685059,0.631714,-1.734375,-0.074219,2.031250,-0.197266,-0.013672,-0.097656,0.483948,-0.463928,0.186707,-0.718140
11.184906244277954,0.662842,0.992187,-0.210937,-0.554687,-0.189453,0.099609,-0.035156,0.482666,-0.464294,0.188171,-0.718384
11.204980373382568,0.671143,0.863281,-0.312500,-0.648437,-0.062500,0.212891,0.074219,0.482544,-0.462891,0.189941,-0.718872
11.224416494369507,0.677734,0.820312,-0.027344,-1.031250,0.000000,0.453125,0.251953,0.483459,-0.459473,0.192749,-0.719666
11.245402336120605,0.687866,-0.031250,-0.011719,0.722656,0.033203,0.380859,0.250000,0.484741,-0.455994,0.195435,-0.720337
11.265146732330322,0.692871,-0.863281,0.355469,-0.015625,0.046875,0.193359,0.201172,0.485901,-0.454102,0.197083,-0.720337
11.284749269485474,0.693481,0.394531,0.066406,-0.488281,-0.003906,0.072266,0.156250,0.486816,-0.453186,0.198059,-0.719971
11.305113792419434,0.696777,-1.007813,0.371094,-0.039063,0.027344,0.066406,0.099609,0.487488,-0.452393,0.198608,-0.719910
11.325247287750244,0.696899,0.800781,0.179687,-0.039063,0.015625,0.009766,0.021484,0.487671,-0.452148,0.198669,-0.719910
11.344812870025635,0.695068,0.355469,0.144531,-0.128906,0.027344,0.091797,0.039063,0.487915,-0.451172,0.199219,-0.720215
11.365067481994629,0.687500,0.281250,0.074219,-0.582031,0.062500,0.263672,0.111328,0.488464,-0.448914,0.200439,-0.720947
11.384995222091675,0.682373,-1.421875,0.218750,0.191406,0.109375,0.208984,0.062500,0.488892,-0.446899,0.200928,-0.721741
11.405164241790771,0.673096,-0.785156,0.128906,0.449219,0.056641,-0.015625,-0.089844,0.488525,-0.446716,0.200256,-0.722290
11.425774097442627,0.667236,0.117188,0.042969,0.375000,0.000000,-0.009766,-0.105469,0.487793,-0.447083,0.199524,-0.722778
11.445447444915771,0.657349,0.132812,0.027344,-0.238281,0.003906,-0.042969,-0.117188,0.487061,-0.447632,0.198730,-0.723145
11.46584439277649,0.645752,-0.042969,-0.250000,-0.261719,-0.013672,-0.074219,-0.146484,0.486084,-0.448181,0.197937,-0.723633
11.484835863113403,0.632812,-1.585938,0.035156,0.328125,-0.042969,-0.123047,-0.261719,0.484253,-0.449585,0.196655,-0.724365
11.505956888198853,0.629272,0.796875,-0.320313,0.031250,-0.056641,-0.015625,-0.195312,0.482544,-0.450500,0.195984,-0.725098
11.525389432907104,0.634033,-1.203125,0.019531,0.871094,-0.072266,0.144531,-0.123047,0.480957,-0.450378,0.196533,-0.726135
11.545053482055664,0.641113,0.324219,-0.019531,0.429687,-0.150391,0.103516,-0.134766,0.479187,-0.450745,0.197327,-0.726807
11.565611839294434,0.669922,-0.144531,-0.203125,0.136719,-0.136719,0.060547,-0.080078,0.477966,-0.451050,0.198242,-0.727234
11.585911750793457,0.683716,0.550781,-0.156250,-0.476562,-0.115234,0.093750,0.005859,0.477295,-0.450928,0.199402,-0.727356
11.605355978012085,0.693604,0.589844,-0.058594,-0.789062,-0.119141,0.250000,0.134766,0.477417,-0.449646,0.201477,-0.727539
11.626319646835327,0.702759,0.300781,0.113281,-0.308594,-0.011719,0.320313,0.220703,0.478271,-0.447205,0.203796,-0.727844
11.645508289337158,0.706421,-1.820313,0.273438,0.144531,0.033203,-0.042969,0.076172,0.479004,-0.446655,0.204346,-0.727539
11.665708780288696,0.710083,2.085938,-0.210937,-0.261719,0.031250,0.251953,0.197266,0.479919,-0.445007,0.205688,-0.727539
11.685538291931152,0.709106,0.082031,0.218750,0.695312,-0.007813,0.019531,0.099609,0.480591,-0.444336,0.206543,-0.727295
11.705888032913208,0.708374,-0.648437,0.187500,0.050781,-0.052734,-0.078125,0.027344,0.480774,-0.444885,0.206726,-0.726746
11.725182056427002,0.708496,0.304688,0.152344,-0.207031,-0.025391,-0.078125,-0.001953,0.480835,-0.445557,0.206543,-0.726379
11.74581003189087,0.703369,0.703125,-0.003906,-0.675781,0.041016,0.085937,0.029297,0.481018,-0.444702,0.206787,-0.726685
11.765984058380127,0.696167,-0.003906,-0.070312,-0.507812,0.064453,0.244141,0.064453,0.481323,-0.442566,0.207642,-0.727600
11.785945892333984,0.681763,-0.054687,-0.316406,-1.121094,0.164062,0.144531,0.056641,0.482117,-0.440552,0.207336,-0.728333
11.805549383163452,0.656982,-0.203125,-0.554687,-1.718750,0.355469,0.093750,0.005859,0.483215,-0.438049,0.205017,-0.729736
11.826049327850342,0.627930,-2.363281,-2.535156,-2.375000,0.689453,0.324219,-0.419922,0.482666,-0.433350,0.200317,-0.734253
11.846045017242432,0.623291,0.941406,1.871094,1.648438,0.517578,0.519531,-0.273438,0.481873,-0.427856,0.197632,-0.738708
11.865339756011963,0.613892,0.472656,1.195313,1.593750,0.265625,0.304688,-0.058594,0.481873,-0.424438,0.197021,-0.740845
11.886247873306274,0.608276,0.035156,1.089844,2.847656,0.009766,0.150391,0.091797,0.482178,-0.423279,0.198059,-0.741028
11.906073331832886,0.607056,-0.722656,1.441406,2.820313,-0.316406,-0.152344,0.169922,0.482361,-0.425476,0.200562,-0.738953
11.92560863494873,0.611328,-0.898437,0.691406,2.285156,-0.656250,-0.322266,0.337891,0.482544,-0.430420,0.205139,-0.734741
11.946352481842041,0.636597,-4.199219,-3.582031,-2.929688,-0.486328,-0.363281,-0.083984,0.480530,-0.435669,0.207581,-0.732300
11.966408252716064,0.647949,2.335938,-0.156250,-3.199219,-0.236328,0.015625,-0.113281,0.478333,-0.437317,0.208984,-0.732300
11.985867738723755,0.658569,0.582031,-0.308594,-2.210938,-0.025391,0.134766,-0.037109,0.477600,-0.436523,0.209717,-0.733032
12.006551504135132,0.677856,0.265625,-0.300781,0.027344,-0.003906,0.298828,0.044922,0.477234,-0.434448,0.211121,-0.734131
12.026631832122803,0.685181,-1.480469,0.195312,0.832031,-0.099609,0.226562,-0.087891,0.475647,-0.433533,0.212585,-0.735291
12.046509504318237,0.687378,-0.164062,0.156250,-0.234375,-0.138672,0.023437,-0.171875,0.473755,-0.434204,0.213074,-0.735962
12.066040277481079,0.687622,0.175781,0.304688,0.187500,0.015625,0.041016,-0.066406,0.473022,-0.434326,0.212952,-0.736389
12.086497068405151,0.687378,-0.031250,0.210937,0.242187,0.033203,-0.105469,-0.074219,0.472778,-0.435059,0.212036,-0.736389
12.106369018554688,0.686646,0.050781,0.171875,0.554687,-0.011719,-0.191406,-0.089844,0.472534,-0.436462,0.210876,-0.736023
12.126044988632202,0.680420,-0.640625,0.425781,0.042969,0.052734,-0.292969,-0.080078,0.472961,-0.438354,0.208801,-0.735291
12.14662218093872,0.660889,0.449219,-0.089844,-0.226562,0.146484,-0.250000,0.052734,0.474426,-0.439331,0.206665,-0.734314
12.16649842262268,0.647095,-1.160156,-0.281250,0.378906,0.085937,-0.058594,0.054687,0.475464,-0.439209,0.205688,-0.733948
12.186039924621582,0.642578,0.578125,-0.203125,0.058594,0.076172,0.070312,0.099609,0.476196,-0.438416,0.205688,-0.733948
12.206756830215454,0.640259,-1.406250,-0.320313,0.441406,-0.015625,0.013672,-0.003906,0.476257,-0.438171,0.205933,-0.734070
12.226551532745361,0.648926,0.953125,-0.203125,-0.347656,0.056641,0.101563,0.103516,0.476929,-0.436890,0.206543,-0.734192
12.24618148803711,0.659424,-0.261719,-0.113281,0.250000,0.031250,0.156250,0.142578,0.478027,-0.434998,0.207764,-0.734253
12.26709246635437,0.673950,-0.804687,-0.019531,0.664062,-0.007813,0.074219,0.189453,0.479004,-0.434143,0.208923,-0.733765
12.286751985549927,0.682617,-0.339844,-0.011719,-0.324219,-0.041016,0.001953,0.064453,0.479309,-0.434082,0.209839,-0.733398
12.306398630142212,0.691650,0.007813,-0.109375,0.042969,-0.041016,0.214844,0.144531,0.479614,-0.432617,0.211670,-0.733459
12.326922178268433,0.701416,-0.605469,0.058594,0.148437,-0.072266,0.236328,0.111328,0.479492,-0.431152,0.213867,-0.733826
12.347676753997803,0.708008,0.277344,-0.035156,0.347656,-0.150391,0.232422,0.042969,0.478699,-0.429993,0.216187,-0.734314
12.36677885055542,0.715332,-0.160156,0.167969,-0.585937,-0.136719,0.310547,-0.013672,0.477417,-0.428406,0.218567,-0.735352
12.386141538619995,0.718750,-0.988281,0.136719,0.937500,-0.007813,0.220703,-0.021484,0.476257,-0.427185,0.219910,-0.736389
12.407155513763428,0.714844,-0.113281,0.203125,-0.902344,-0.033203,0.101563,-0.169922,0.474487,-0.427185,0.220215,-0.737488
12.428742408752441,0.712769,-0.230469,-0.085937,-0.585937,0.031250,-0.033203,-0.255859,0.472839,-0.427856,0.218933,-0.738525
12.44687557220459,0.703857,0.390625,-0.273438,-0.542969,0.136719,0.035156,-0.216797,0.471680,-0.427307,0.217102,-0.740112
12.467143774032593,0.691528,0.113281,0.250000,1.011719,0.330078,0.246094,-0.238281,0.470703,-0.424866,0.214966,-0.742798
12.487037181854248,0.688721,-0.121094,1.335938,1.289063,0.107422,0.125000,-0.181641,0.469604,-0.423706,0.213928,-0.744446
12.506694316864014,0.686279,0.941406,0.953125,0.875000,0.003906,-0.003906,-0.021484,0.469360,-0.423889,0.213867,-0.744507
12.527213335037231,0.674072,-0.175781,0.433594,1.320313,-0.160156,-0.128906,0.029297,0.469177,-0.425415,0.214539,-0.743530
12.547213554382324,0.674927,0.312500,-0.656250,-0.281250,-0.234375,-0.136719,0.050781,0.468750,-0.427307,0.215759,-0.742371
12.566692352294922,0.676514,-0.460937,-0.531250,0.195312,-0.046875,0.001953,-0.072266,0.467957,-0.427917,0.216492,-0.742310
12.587502002716064,0.677979,-0.070312,-0.066406,-0.449219,-0.093750,0.109375,-0.066406,0.466797,-0.427795,0.217468,-0.742798
12.607426881790161,0.681274,0.445312,-0.210937,-0.121094,-0.072266,0.160156,0.003906,0.466125,-0.427063,0.218628,-0.743347
12.626689434051514,0.682373,-1.316406,-0.019531,0.539062,-0.052734,0.033203,-0.027344,0.465576,-0.427246,0.219055,-0.743469
12.646650552749634,0.688354,0.144531,-0.242187,0.417969,-0.128906,-0.162109,-0.095703,0.464722,-0.429077,0.218933,-0.742981
12.66772747039795,0.705566,1.484375,-0.378906,-0.632812,-0.103516,-0.095703,0.068359,0.464905,-0.430176,0.219421,-0.742065
12.687723636627197,0.715088,-0.597656,-0.257813,-0.671875,-0.001953,-0.072266,0.123047,0.466003,-0.429871,0.220276,-0.741333
12.706866264343262,0.716797,-1.660156,0.113281,-0.113281,0.011719,0.191406,0.287109,0.467529,-0.428040,0.222046,-0.740845
12.727723121643066,0.721191,0.324219,0.050781,0.273438,-0.023437,0.027344,0.121094,0.468384,-0.427307,0.223083,-0.740479
12.747480392456055,0.722046,-0.335938,0.402344,-0.464844,0.021484,0.082031,0.091797,0.468811,-0.426453,0.223816,-0.740417
12.76734471321106,0.722778,-0.027344,0.441406,0.140625,0.015625,0.009766,0.001953,0.468872,-0.426147,0.223938,-0.740540
12.787389755249023,0.722290,0.652344,0.167969,-0.640625,0.029297,0.212891,0.089844,0.469116,-0.424438,0.224854,-0.741089
12.807502508163452,0.719360,-2.210938,0.273438,0.261719,0.083984,0.082031,-0.054687,0.468872,-0.423401,0.224670,-0.741882
12.826866626739502,0.716675,0.800781,-0.125000,0.484375,0.025391,0.027344,-0.103516,0.468079,-0.423157,0.224365,-0.742615
12.847708225250244,0.706787,-0.242187,0.058594,-0.367188,0.021484,0.044922,-0.125000,0.467102,-0.423035,0.224060,-0.743408
12.868351697921753,0.703491,-0.957031,-0.257813,0.285156,0.005859,0.080078,-0.142578,0.465698,-0.423279,0.223694,-0.744263
12.887407064437866,0.703857,-0.726562,-0.074219,0.843750,-0.113281,-0.091797,-0.292969,0.463318,-0.424927,0.223145,-0.744995
12.907999992370605,0.707642,2.101563,-0.234375,-1.031250,-0.037109,0.169922,-0.091797,0.461853,-0.424500,0.223694,-0.745972
12.927826642990112,0.701904,-1.078125,-0.164062,0.179687,-0.029297,0.123047,-0.095703,0.460815,-0.423645,0.224060,-0.746948
12.947509527206421,0.693237,0.566406,-0.562500,-1.406250,0.050781,0.119141,-0.128906,0.459839,-0.422607,0.223755,-0.748230
12.968400239944458,0.682373,0.945312,-1.093750,-1.898438,0.265625,0.414062,-0.064453,0.459473,-0.418579,0.223267,-0.750854
12.98980188369751,0.670166,0.230469,-0.218750,-0.046875,0.433594,0.535156,-0.056641,0.459595,-0.412964,0.222412,-0.754150
13.00828766822815,0.670044,-0.050781,1.441406,1.859375,0.148437,0.277344,-0.015625,0.459534,-0.410156,0.222473,-0.755676
13.028704166412354,0.670898,0.117188,0.921875,1.945313,-0.054687,0.027344,0.085937,0.459839,-0.410095,0.223389,-0.755310
13.048069953918457,0.674561,-0.296875,1.039063,1.617188,-0.312500,-0.132812,0.113281,0.459717,-0.412170,0.225647,-0.753601
13.06769061088562,0.678345,-0.531250,-0.945312,0.031250,-0.419922,-0.128906,0.068359,0.458801,-0.414673,0.228027,-0.752014
13.08749008178711,0.682983,0.253906,-0.656250,0.375000,-0.285156,-0.029297,-0.019531,0.457581,-0.416077,0.229492,-0.751587
13.108049154281616,0.695190,-0.296875,-0.148437,-0.824219,-0.132812,-0.093750,-0.048828,0.456787,-0.417419,0.229919,-0.751160
13.128400325775146,0.703247,0.417969,-0.257813,-0.234375,-0.068359,-0.111328,-0.042969,0.456482,-0.418579,0.229858,-0.750732
13.14741039276123,0.710693,0.109375,-0.285156,0.324219,-0.083984,-0.089844,0.031250,0.456543,-0.419434,0.230286,-0.750061
13.16862940788269,0.720581,-0.593750,-0.035156,-0.933594,-0.117188,0.031250,0.152344,0.457092,-0.419617,0.231567,-0.749268
13.188429355621338,0.725586,1.265625,-0.132812,-0.433594,-0.003906,0.027344,0.167969,0.458313,-0.418945,0.232544,-0.748596
13.2076096534729,0.724609,-0.484375,0.191406,0.007813,0.029297,0.140625,0.228516,0.459656,-0.417419,0.233887,-0.748169
13.22834300994873,0.722046,-0.460937,0.199219,0.125000,-0.009766,0.062500,0.113281,0.460388,-0.416687,0.234741,-0.747864
13.248477935791016,0.719849,-0.109375,0.273438,0.394531,0.009766,-0.007813,0.023437,0.460632,-0.416687,0.234802,-0.747742
13.268553256988525,0.720825,1.460938,0.089844,-0.375000,-0.029297,0.033203,0.017578,0.460571,-0.416382,0.235168,-0.747742
13.287864923477173,0.722046,-1.050781,0.234375,-0.425781,0.048828,0.111328,0.015625,0.460510,-0.415527,0.235291,-0.748291
13.308725357055664,0.715820,-0.960937,0.144531,-0.050781,0.060547,-0.019531,-0.158203,0.459717,-0.415649,0.234314,-0.749023
13.328370809555054,0.715942,-0.625000,0.011719,0.207031,0.052734,0.076172,-0.078125,0.458984,-0.415344,0.233765,-0.749817
13.347981214523315,0.716431,0.082031,-0.070312,0.398438,-0.021484,0.015625,-0.173828,0.457642,-0.415588,0.233398,-0.750610
13.36832070350647,0.712036,-0.554687,-0.042969,0.015625,-0.054687,0.085937,-0.208984,0.455505,-0.415894,0.233459,-0.751709
13.388582229614258,0.713623,0.308594,-0.394531,0.070312,-0.167969,0.183594,-0.261719,0.452576,-0.416016,0.234314,-0.753113
13.408045291900635,0.716187,0.078125,-0.050781,-0.671875,-0.070312,0.263672,-0.119141,0.450745,-0.414856,0.235352,-0.754517
13.428964614868164,0.705811,-0.449219,-0.093750,0.000000,0.027344,0.164062,-0.068359,0.449890,-0.413696,0.235535,-0.755615
13.456462383270264,0.692993,0.699219,-0.417969,-0.781250,0.087891,0.056641,-0.080078,0.449463,-0.412903,0.234985,-0.756470
13.468397378921509,0.672852,0.722656,-0.433594,-0.812500,0.130859,0.230469,-0.023437,0.449280,-0.410828,0.234924,-0.757751
13.488500118255615,0.671143,-0.332031,0.792969,1.273438,0.035156,0.195312,-0.001953,0.448914,-0.409241,0.235474,-0.758606
13.508793592453003,0.674316,0.164062,0.226562,0.359375,-0.095703,0.021484,-0.029297,0.448303,-0.409363,0.236206,-0.758667
13.528256177902222,0.676514,0.132812,0.074219,0.558594,-0.095703,0.048828,-0.017578,0.447754,-0.409485,0.237061,-0.758728
13.548973321914673,0.683105,0.132812,0.089844,0.152344,-0.083984,0.044922,0.007813,0.447266,-0.409546,0.237976,-0.758667
13.568998098373413,0.686157,-0.011719,-0.171875,-0.097656,-0.121094,0.029297,0.001953,0.446777,-0.409851,0.238953,-0.758484
13.588966846466064,0.691040,-0.515625,-0.050781,-0.054687,-0.105469,-0.027344,-0.009766,0.446289,-0.410583,0.239624,-0.758179
13.608567237854004,0.695923,-0.257813,-0.078125,0.125000,-0.111328,-0.080078,-0.042969,0.445740,-0.411804,0.239929,-0.757751
13.629125833511353,0.705078,0.265625,-0.109375,-0.242187,-0.093750,-0.087891,-0.009766,0.445496,-0.412903,0.240173,-0.757202
13.649055242538452,0.706665,0.679687,-0.292969,-0.382813,-0.056641,-0.099609,0.017578,0.445618,-0.413757,0.240356,-0.756592
13.668545007705688,0.711548,0.777344,-0.203125,-0.417969,-0.035156,0.101563,0.148437,0.446350,-0.413086,0.241455,-0.756226
13.68912410736084,0.715698,0.210937,-0.140625,0.070312,-0.039063,0.164062,0.183594,0.447144,-0.411560,0.243286,-0.755981
13.70958161354065,0.716919,-0.238281,-0.085937,-0.281250,-0.058594,0.218750,0.171875,0.447754,-0.409729,0.245300,-0.755981
13.728545427322388,0.716797,0.375000,-0.031250,-0.066406,-0.031250,0.185547,0.103516,0.447998,-0.408020,0.246948,-0.756226
13.74936032295227,0.724731,-0.007813,0.359375,-0.542969,-0.003906,0.326172,0.111328,0.447937,-0.405579,0.248657,-0.756958
13.769074201583862,0.727905,-0.281250,0.281250,0.980469,-0.027344,0.199219,0.005859,0.447510,-0.404053,0.249756,-0.757690
13.78863525390625,0.732056,0.136719,0.097656,0.558594,-0.091797,0.136719,-0.011719,0.446655,-0.403564,0.250793,-0.758118
13.809204578399658,0.739380,0.503906,-0.046875,-0.199219,-0.080078,0.005859,-0.166016,0.445190,-0.404175,0.250916,-0.758606
13.828984022140503,0.743164,-0.167969,0.175781,-0.152344,-0.046875,0.025391,-0.128906,0.443909,-0.404602,0.250854,-0.759155
13.849531412124634,0.744141,1.011719,0.207031,-0.496094,0.007813,0.011719,-0.097656,0.443115,-0.404663,0.250610,-0.759644
13.869111061096191,0.745361,-0.421875,0.265625,0.230469,0.035156,-0.035156,-0.107422,0.442444,-0.405212,0.249817,-0.760010
13.889464855194092,0.740845,1.062500,-0.093750,0.285156,0.023437,-0.195312,-0.201172,0.441528,-0.406982,0.248230,-0.760132
13.909371376037598,0.738892,0.394531,-0.062500,-0.066406,0.023437,-0.050781,-0.085937,0.440979,-0.407715,0.247559,-0.760315
13.928960800170898,0.734375,-1.128906,0.234375,0.523437,-0.033203,-0.162109,-0.167969,0.440002,-0.408997,0.246765,-0.760376
13.949657917022705,0.729614,1.000000,-0.339844,0.492187,-0.097656,0.044922,-0.056641,0.439087,-0.409546,0.247131,-0.760498
13.969779253005981,0.729614,-0.277344,-0.253906,-0.488281,-0.085937,-0.042969,-0.078125,0.438354,-0.410278,0.247375,-0.760437
13.988924264907837,0.731445,-0.714844,-0.109375,-0.710937,-0.015625,-0.052734,-0.087891,0.437744,-0.411072,0.246948,-0.760559
14.009727239608765,0.739624,0.292969,-0.140625,0.570312,-0.042969,-0.103516,-0.085937,0.437256,-0.412292,0.246521,-0.760315
14.029396295547485,0.746704,0.738281,-0.199219,0.593750,-0.105469,-0.181641,0.044922,0.437439,-0.413818,0.246826,-0.759216
14.04936933517456,0.750000,2.617188,-0.214844,-1.160156,-0.117188,0.021484,0.189453,0.438538,-0.413391,0.248657,-0.758301
14.06953477859497,0.749023,-1.839844,-0.039063,-0.449219,0.046875,0.179687,0.294922,0.440491,-0.411194,0.250427,-0.757751
14.089638471603394,0.745850,-0.429687,0.015625,0.394531,0.019531,0.029297,0.216797,0.442200,-0.410278,0.251343,-0.756897
14.108785390853882,0.736450,2.351563,-0.078125,0.062500,0.042969,0.195312,0.369141,0.444519,-0.408203,0.253052,-0.756104
14.129451274871826,0.718628,-1.394531,0.160156,0.707031,0.119141,0.009766,0.283203,0.447083,-0.407043,0.253540,-0.755066
14.149524927139282,0.714722,0.445312,0.214844,-0.175781,0.048828,-0.220703,0.203125,0.449524,-0.407837,0.252991,-0.753418
14.16965913772583,0.706909,0.988281,0.292969,-0.671875,0.181641,-0.298828,0.322266,0.453125,-0.408752,0.251526,-0.751221
14.189378499984741,0.699829,0.320313,0.406250,-0.320313,0.216797,-0.429687,0.222656,0.456970,-0.410400,0.248779,-0.748901
14.209784030914307,0.682617,-0.046875,0.238281,-0.281250,0.271484,-0.541016,0.189453,0.460876,-0.412476,0.245117,-0.746582
14.230156660079956,0.673828,0.359375,0.121094,-2.351563,0.476562,-0.421875,0.195312,0.465332,-0.412903,0.240295,-0.745117
14.249242544174194,0.665039,1.449219,-0.101563,-2.843750,0.910156,-0.162109,0.267578,0.471191,-0.409607,0.233948,-0.745300
14.270310163497925,0.641602,-4.679687,-3.765625,-1.933594,0.783203,0.023437,-0.017578,0.474060,-0.405396,0.227539,-0.747742
14.290086507797241,0.642578,2.050781,-0.558594,-0.687500,1.017578,0.433594,-0.728516,0.472290,-0.398926,0.219604,-0.754700
14.30992841720581,0.642456,2.074219,1.402344,1.578125,0.785156,0.712891,-0.376953,0.470581,-0.391235,0.215454,-0.760986
14.329760551452637,0.648804,-1.539063,0.585937,3.675781,0.058594,0.427734,-0.457031,0.466370,-0.388550,0.215088,-0.765015
14.350214004516602,0.651855,0.582031,0.105469,2.042969,-0.556641,0.208984,-0.662109,0.458862,-0.390808,0.217773,-0.767639
14.369438409805298,0.653076,-0.292969,0.925781,1.664063,-0.966797,0.113281,-0.587891,0.450378,-0.395569,0.223145,-0.768677
14.39031457901001,0.651001,0.355469,1.746094,0.218750,-1.126953,-0.121094,-0.462891,0.442810,-0.402344,0.229248,-0.767761
14.410088062286377,0.649902,1.050781,1.160156,-2.851563,-0.710937,-0.152344,-0.136719,0.439209,-0.406738,0.233459,-0.766235
14.430272817611694,0.647217,0.691406,0.753906,-0.937500,-0.042969,0.021484,0.164062,0.440186,-0.406555,0.234497,-0.765503
14.44961953163147,0.640747,-1.421875,0.355469,2.386719,0.416016,-0.033203,0.324219,0.444153,-0.404724,0.232544,-0.764771
14.469894170761108,0.626587,-2.378906,0.230469,4.777344,0.173828,-0.533203,0.128906,0.447083,-0.407471,0.229370,-0.762573
14.490409851074219,0.620239,-0.542969,0.421875,0.894531,0.013672,-0.775391,-0.005859,0.449097,-0.412903,0.225952,-0.759460
14.509740114212036,0.616089,0.343750,0.125000,-1.019531,0.072266,-0.525391,0.195312,0.451965,-0.416504,0.223633,-0.756470
14.530048608779907,0.586426,-0.031250,-1.023438,-1.226563,0.105469,-0.482422,0.152344,0.454712,-0.419312,0.221130,-0.754028
14.5505530834198,0.579956,-0.175781,-0.933594,-0.535156,0.240234,-0.333984,0.033203,0.456665,-0.420959,0.218140,-0.752808
14.569957971572876,0.575806,0.019531,0.292969,0.742187,0.021484,-0.291016,0.009766,0.457520,-0.422913,0.216553,-0.751648
14.590646743774414,0.556030,0.121094,-1.085938,-1.117188,-0.015625,-0.150391,-0.021484,0.457642,-0.424011,0.215881,-0.751160
14.610443353652954,0.548584,-0.109375,-0.257813,-0.144531,0.103516,0.111328,-0.041016,0.457520,-0.422974,0.215454,-0.751892
14.63033390045166,0.547241,-0.253906,0.546875,0.843750,0.015625,0.042969,0.003906,0.457458,-0.422546,0.215515,-0.752197
14.650541305541992,0.547729,-0.421875,0.246094,0.714844,-0.082031,-0.076172,-0.023437,0.457092,-0.423584,0.215637,-0.751709
14.670839071273804,0.545532,0.593750,0.332031,-0.066406,-0.121094,-0.160156,-0.039063,0.456665,-0.425232,0.215820,-0.751038
14.689870119094849,0.544556,0.664062,0.277344,-0.007813,-0.162109,-0.044922,0.062500,0.456543,-0.426208,0.216980,-0.750244
14.710799217224121,0.545410,-0.085937,-0.394531,-0.097656,-0.140625,0.005859,0.093750,0.456543,-0.426575,0.218445,-0.749573
14.730788946151733,0.549072,-0.652344,-0.343750,0.253906,-0.128906,0.031250,0.000000,0.455994,-0.426819,0.219543,-0.749451
14.750852823257446,0.553223,0.113281,-0.066406,-0.082031,-0.082031,0.070312,-0.021484,0.455261,-0.426758,0.220337,-0.749695
14.770040512084961,0.555298,-0.148437,0.050781,-0.312500,-0.052734,0.044922,-0.011719,0.454773,-0.426697,0.220886,-0.749878
14.790687561035156,0.540161,0.042969,-0.105469,-0.351563,-0.013672,0.011719,-0.021484,0.454529,-0.426636,0.221008,-0.750000
14.81079912185669,0.545288,-0.023437,-0.105469,-0.011719,0.003906,0.080078,0.015625,0.454407,-0.426147,0.221436,-0.750244
14.830437660217285,0.552002,-0.652344,0.019531,0.347656,-0.058594,-0.062500,-0.031250,0.454041,-0.426941,0.221497,-0.750000
14.850785255432129,0.567871,0.472656,-0.136719,-0.625000,-0.060547,-0.238281,-0.031250,0.454224,-0.428772,0.220825,-0.749084
14.870870590209961,0.577515,1.406250,-0.171875,-1.359375,0.142578,-0.064453,0.144531,0.455688,-0.428467,0.220276,-0.748474
14.89075779914856,0.581055,-0.363281,-0.242187,0.339844,0.095703,0.050781,0.173828,0.457275,-0.427063,0.220764,-0.748169
14.910985946655273,0.595093,-1.585938,-0.042969,0.332031,0.046875,0.138672,0.207031,0.458557,-0.425781,0.221680,-0.747864
14.930965662002563,0.602905,1.539063,-0.058594,-0.210937,0.013672,0.083984,0.173828,0.459656,-0.424683,0.222717,-0.747498
14.95063042640686,0.616211,0.109375,-0.156250,-0.152344,-0.001953,0.259766,0.246094,0.460876,-0.422424,0.224731,-0.747437
14.971232175827026,0.654541,-0.726562,-0.140625,-0.281250,0.001953,0.208984,0.158203,0.461548,-0.420471,0.226501,-0.747559
14.99105715751648,0.664551,-0.585937,0.179687,-0.265625,-0.046875,0.410156,0.210937,0.461914,-0.417542,0.229248,-0.748169
15.010742902755737,0.676758,-0.664062,0.195312,0.523437,-0.066406,0.205078,0.039063,0.461548,-0.415833,0.231140,-0.748779
15.030802488327026,0.686890,0.519531,0.050781,-0.328125,-0.048828,0.291016,0.033203,0.460815,-0.413940,0.233093,-0.749634
15.051454544067383,0.689575,0.136719,0.097656,-0.277344,-0.037109,0.312500,0.019531,0.459961,-0.411865,0.235046,-0.750732
15.07115888595581,0.686890,0.042969,-0.019531,-0.820312,-0.054687,0.189453,-0.015625,0.459290,-0.410522,0.236084,-0.751526
15.091246128082275,0.676392,-0.339844,-0.218750,-0.652344,0.050781,0.158203,-0.039063,0.458801,-0.409363,0.236023,-0.752502
15.11121654510498,0.655762,-1.113281,-0.050781,-0.628906,0.107422,0.001953,-0.193359,0.457947,-0.408875,0.234558,-0.753723
15.131415367126465,0.650757,1.070313,-0.480469,-1.496094,0.318359,0.218750,-0.136719,0.457520,-0.406311,0.232605,-0.755981
15.150537014007568,0.642944,-1.000000,0.843750,1.152344,0.382813,0.322266,-0.214844,0.456726,-0.402893,0.230347,-0.758972
15.17133903503418,0.637085,0.171875,1.113281,1.660156,0.181641,0.048828,-0.210937,0.455750,-0.402039,0.228516,-0.760559
15.19140887260437,0.632690,0.617187,0.921875,1.820313,-0.066406,-0.048828,-0.066406,0.455078,-0.402893,0.228394,-0.760559
15.211139917373657,0.625732,0.019531,0.867187,1.140625,-0.205078,-0.183594,0.023437,0.454712,-0.405090,0.229309,-0.759338
15.231443166732788,0.611206,-1.183594,-1.324219,-0.882812,-0.318359,-0.132812,-0.054687,0.453308,-0.407471,0.230591,-0.758484
15.251447916030884,0.608398,0.507812,-0.136719,-0.859375,-0.134766,0.007813,-0.216797,0.451233,-0.408569,0.230957,-0.759033
15.270921230316162,0.603516,0.546875,-0.210937,-0.628906,-0.072266,0.093750,-0.107422,0.449951,-0.408386,0.231445,-0.759766
15.292094469070435,0.603027,-0.140625,-0.105469,0.089844,-0.013672,0.113281,-0.048828,0.449219,-0.407715,0.231812,-0.760376
15.311596155166626,0.603760,-0.402344,-0.027344,0.656250,-0.009766,0.115234,0.001953,0.448853,-0.407104,0.232300,-0.760803
15.33132028579712,0.609131,-1.453125,0.093750,0.949219,-0.097656,-0.076172,-0.087891,0.447998,-0.408264,0.232422,-0.760681
15.350857019424438,0.619263,-0.265625,-0.058594,0.070312,-0.148437,-0.253906,-0.128906,0.447083,-0.410950,0.231934,-0.759888
15.372069120407104,0.655273,1.203125,-0.355469,-0.335938,-0.031250,-0.156250,-0.005859,0.447205,-0.412231,0.231628,-0.759216
15.391626596450806,0.672852,0.585937,-0.296875,0.277344,-0.037109,0.064453,0.164062,0.448120,-0.411499,0.232910,-0.758728
15.411425352096558,0.685303,-1.292969,-0.011719,-0.070312,0.009766,0.078125,0.162109,0.449097,-0.410461,0.234314,-0.758240
15.431643962860107,0.699707,2.402344,0.195312,-0.699219,0.033203,0.289063,0.306641,0.450378,-0.408569,0.236206,-0.757935
15.452019453048706,0.701172,1.125000,0.097656,-0.351563,-0.064453,0.009766,0.138672,0.451233,-0.408020,0.237427,-0.757324
15.47098684310913,0.704102,-1.183594,0.457031,-0.507812,-0.001953,0.083984,0.187500,0.452271,-0.407288,0.238281,-0.756836
15.4918532371521,0.704590,-0.085937,0.265625,0.421875,-0.013672,-0.142578,-0.042969,0.452393,-0.408081,0.237732,-0.756531
15.511569023132324,0.700806,0.765625,0.074219,-0.238281,0.007813,0.029297,0.007813,0.452454,-0.407715,0.237976,-0.756592
15.531389951705933,0.695190,-0.507812,0.152344,-0.835937,0.062500,0.248047,0.113281,0.452820,-0.405579,0.238770,-0.757263
15.5517258644104,0.677734,-1.761719,0.250000,0.136719,0.123047,0.117188,-0.033203,0.452759,-0.404419,0.238098,-0.758118
15.571866035461426,0.670288,0.503906,-0.035156,0.558594,0.044922,-0.029297,-0.171875,0.451843,-0.404785,0.236816,-0.758911
15.591415882110596,0.663940,-0.363281,-0.089844,0.175781,0.007813,-0.025391,-0.175781,0.450562,-0.405457,0.235779,-0.759583
15.611987113952637,0.659302,-0.570312,-0.218750,0.039063,-0.060547,-0.154297,-0.277344,0.448669,-0.407471,0.234436,-0.760071
15.632189989089966,0.660156,0.683594,-0.320313,-0.023437,-0.056641,-0.095703,-0.275391,0.446533,-0.409058,0.233459,-0.760803
15.652262210845947,0.664307,-0.371094,-0.164062,0.367188,-0.146484,0.117188,-0.224609,0.444153,-0.409180,0.234009,-0.761902
15.671721696853638,0.669678,0.906250,0.101563,0.519531,-0.107422,0.267578,-0.099609,0.442322,-0.408142,0.235413,-0.763123
15.692177534103394,0.682983,-0.472656,0.042969,0.488281,-0.177734,0.101563,-0.056641,0.441040,-0.408020,0.236938,-0.763428
15.712311744689941,0.694580,0.371094,-0.210937,-0.054687,-0.199219,-0.007813,-0.027344,0.440063,-0.408936,0.238220,-0.763123
15.73185920715332,0.699951,1.039063,-0.226562,-0.925781,-0.128906,0.060547,0.074219,0.440002,-0.408875,0.239685,-0.762756
15.752608299255371,0.720947,0.609375,-0.019531,-0.351563,-0.029297,0.117188,0.167969,0.440857,-0.407837,0.241028,-0.762390
15.77238655090332,0.722778,0.925781,0.152344,-0.406250,0.007813,0.111328,0.222656,0.442200,-0.406311,0.242371,-0.761963
15.79163122177124,0.724976,-1.925781,0.234375,0.468750,0.027344,0.029297,0.099609,0.443054,-0.405518,0.243042,-0.761719
15.812381744384766,0.725464,0.535156,0.082031,0.054687,-0.009766,0.000000,0.064453,0.443481,-0.405579,0.243225,-0.761353
15.832676887512207,0.723145,0.113281,0.050781,0.015625,-0.009766,-0.013672,0.048828,0.443848,-0.405762,0.243225,-0.761047
15.852007389068604,0.720337,0.671875,-0.035156,-0.207031,0.025391,-0.150391,-0.054687,0.443970,-0.406616,0.242310,-0.760803
15.872541427612305,0.704224,0.824219,-0.195312,-1.332031,0.111328,0.011719,0.003906,0.444397,-0.406067,0.241516,-0.761108
15.892396926879883,0.697510,0.808594,-0.257813,-1.234375,0.265625,0.179687,0.064453,0.445312,-0.403564,0.240479,-0.762207
15.912542819976807,0.693726,-2.937500,-0.847656,-0.210937,0.273438,0.080078,-0.302734,0.444092,-0.402161,0.237549,-0.764587
15.932676792144775,0.694336,2.703125,0.722656,0.496094,0.380859,0.189453,-0.408203,0.442200,-0.400085,0.234009,-0.767883
15.95270323753357,0.692139,-0.250000,1.187500,1.281250,0.220703,0.267578,-0.130859,0.441345,-0.397644,0.232788,-0.769958
15.97244906425476,0.689819,-0.292969,0.796875,2.011719,-0.007813,-0.015625,-0.097656,0.440552,-0.397888,0.232483,-0.770386
15.991995811462402,0.687134,-0.324219,0.812500,1.589844,-0.177734,-0.166016,-0.062500,0.439819,-0.400024,0.232971,-0.769592
16.01252794265747,0.684326,0.769531,0.937500,1.429688,-0.357422,-0.238281,0.082031,0.439514,-0.403381,0.234985,-0.767395
16.03303289413452,0.688599,-1.699219,-2.816406,-1.917969,-0.285156,-0.195312,0.027344,0.438843,-0.406189,0.236816,-0.765747
16.052233934402466,0.690430,0.363281,0.109375,-0.550781,-0.208984,0.021484,-0.064453,0.437317,-0.406982,0.238342,-0.765686
16.073490858078003,0.690063,0.847656,-0.296875,-0.773437,-0.136719,0.226562,0.021484,0.436401,-0.406067,0.240173,-0.766174
16.092565298080444,0.692139,-0.945312,-0.066406,-0.589844,-0.046875,0.099609,-0.021484,0.435791,-0.405518,0.240906,-0.766541
16.112582683563232,0.695435,-0.695312,-0.140625,0.726562,-0.033203,-0.060547,-0.095703,0.435120,-0.406311,0.240662,-0.766602
16.133374214172363,0.708984,0.746094,-0.289063,0.406250,-0.115234,-0.080078,-0.011719,0.434753,-0.407349,0.241211,-0.766052
16.152817964553833,0.715942,1.007813,-0.265625,-0.398438,-0.078125,0.042969,0.167969,0.435608,-0.406982,0.242615,-0.765381
16.172518730163574,0.725952,-0.132812,-0.050781,-0.445312,0.007813,0.113281,0.263672,0.437317,-0.405518,0.244080,-0.764709
16.1929988861084,0.727783,-0.945312,0.187500,0.085937,0.046875,0.097656,0.207031,0.438660,-0.404236,0.245117,-0.764221
16.212810039520264,0.728760,-0.125000,0.167969,0.582031,-0.056641,0.001953,0.099609,0.439209,-0.404236,0.245789,-0.763733
16.23335838317871,0.729492,-0.785156,0.320313,-0.292969,-0.013672,-0.078125,-0.023437,0.439270,-0.404785,0.245605,-0.763489
16.25254726409912,0.729248,0.757812,0.050781,-0.183594,0.037109,0.037109,0.019531,0.439453,-0.404297,0.245605,-0.763611
16.273173093795776,0.725708,0.394531,0.042969,0.152344,0.037109,0.150391,0.072266,0.439758,-0.402832,0.246216,-0.764038
16.29302453994751,0.723389,-0.347656,0.121094,-0.062500,0.039063,0.154297,0.054687,0.439880,-0.401428,0.246826,-0.764526
16.31298828125,0.716675,-0.070312,0.152344,-0.109375,0.035156,0.087891,-0.037109,0.439514,-0.400635,0.246887,-0.765137
16.332900762557983,0.701294,0.000000,0.179687,-0.046875,0.054687,0.046875,-0.111328,0.438782,-0.400146,0.246338,-0.765930
16.353329181671143,0.689697,-0.285156,0.156250,0.289063,0.070312,0.029297,-0.113281,0.437988,-0.400146,0.245422,-0.766724
16.372650623321533,0.679443,0.343750,-0.082031,0.250000,0.000000,-0.033203,-0.138672,0.437012,-0.400757,0.244629,-0.767212
16.393553495407104,0.664917,-0.011719,-0.281250,-0.101563,0.027344,0.064453,-0.052734,0.436523,-0.400330,0.244385,-0.767761
16.41350221633911,0.659424,-0.968750,-0.250000,0.007813,0.062500,0.056641,-0.056641,0.436157,-0.399719,0.244080,-0.768372
16.433019876480103,0.656494,0.187500,-0.257813,-0.238281,0.046875,0.113281,-0.033203,0.435669,-0.399048,0.243958,-0.769043
16.453563690185547,0.660278,-1.949219,-0.378906,0.765625,-0.056641,-0.017578,-0.179687,0.433960,-0.399780,0.243835,-0.769714
16.473262786865234,0.669922,1.890625,0.003906,-1.320313,-0.244141,0.070312,-0.330078,0.430542,-0.400818,0.244690,-0.770752
16.492737293243408,0.678223,1.136719,0.195312,-0.753906,-0.064453,0.298828,-0.083984,0.428772,-0.399292,0.245972,-0.772156
16.513582706451416,0.694458,0.089844,0.117188,1.187500,-0.054687,0.255859,-0.029297,0.427795,-0.397644,0.247314,-0.773132
16.53320860862732,0.700928,0.226562,0.402344,0.304688,-0.068359,0.177734,0.021484,0.427185,-0.396667,0.248718,-0.773499
16.55338478088379,0.705933,-0.195312,-0.011719,0.703125,-0.101563,0.005859,-0.001953,0.426697,-0.396973,0.249634,-0.773376
16.572998762130737,0.711914,-0.277344,-0.109375,-0.156250,-0.187500,-0.044922,0.007813,0.426147,-0.398132,0.250671,-0.772705
16.59366011619568,0.728760,-0.332031,-0.210937,-0.316406,-0.142578,-0.173828,-0.019531,0.425964,-0.399902,0.251038,-0.771729
16.613497257232666,0.734009,2.171875,-0.308594,-1.109375,-0.023437,0.007813,0.216797,0.427307,-0.399597,0.252075,-0.770874
16.632857084274292,0.735596,0.832031,-0.027344,0.527344,0.048828,-0.017578,0.187500,0.429138,-0.398682,0.252808,-0.770081
16.653361082077026,0.738403,-2.507813,0.343750,0.144531,-0.013672,0.103516,0.275391,0.430725,-0.398010,0.253784,-0.769165
16.67390203475952,0.739014,0.972656,0.082031,0.582031,-0.074219,-0.154297,0.058594,0.431396,-0.399170,0.253845,-0.768188
16.693485975265503,0.737793,-0.636719,0.199219,-0.781250,-0.003906,-0.125000,0.015625,0.431885,-0.399902,0.253662,-0.767578
16.713650465011597,0.736328,0.636719,-0.023437,-0.253906,0.029297,0.007813,0.042969,0.432312,-0.399658,0.253662,-0.767456
16.733826637268066,0.734375,-0.109375,-0.070312,-0.191406,0.052734,0.117188,0.082031,0.432800,-0.398376,0.253967,-0.767761
16.753477334976196,0.728882,-0.597656,-0.117188,-0.406250,0.111328,0.105469,0.031250,0.433167,-0.397156,0.253662,-0.768311
16.77408456802368,0.712158,-1.179688,-0.171875,-0.117188,0.126953,-0.025391,-0.080078,0.433167,-0.396851,0.252441,-0.768921
16.793753385543823,0.701050,-1.042969,-1.160156,-1.144531,0.179687,0.064453,-0.154297,0.432373,-0.395874,0.250610,-0.770386
16.813398838043213,0.694214,0.628906,-0.800781,-1.406250,0.367188,0.298828,-0.349609,0.430420,-0.392944,0.247925,-0.773865
16.833860635757446,0.686646,0.242187,0.628906,0.507812,0.335938,0.425781,-0.314453,0.428284,-0.389221,0.245850,-0.777588
16.854029655456543,0.687500,-0.140625,0.707031,0.921875,0.152344,0.294922,-0.265625,0.426147,-0.386841,0.244934,-0.780273
16.874413013458252,0.687256,-0.199219,0.890625,1.824219,0.015625,0.234375,-0.111328,0.424622,-0.385376,0.245361,-0.781677
16.89360284805298,0.687378,-0.351563,1.183594,1.703125,-0.253906,0.042969,-0.074219,0.423035,-0.386108,0.247253,-0.781555
16.913909196853638,0.692627,0.695312,1.199219,1.246094,-0.470703,-0.136719,0.041016,0.421753,-0.389099,0.250549,-0.779724
16.93439269065857,0.698242,-0.355469,-0.792969,-0.187500,-0.412109,-0.103516,-0.015625,0.420288,-0.391602,0.253235,-0.778381
16.953710079193115,0.702026,-0.085937,0.265625,-1.234375,-0.257813,0.025391,-0.048828,0.418884,-0.392395,0.254761,-0.778259
16.97437310218811,0.697754,-0.285156,0.035156,-0.730469,-0.078125,-0.052734,-0.048828,0.418457,-0.393188,0.254822,-0.778076
16.99424719810486,0.692505,0.855469,-0.242187,-0.652344,0.048828,-0.074219,0.021484,0.419067,-0.393372,0.254028,-0.777893
17.01370644569397,0.684204,0.417969,-0.210937,-0.417969,0.164062,0.066406,0.123047,0.420471,-0.391907,0.253540,-0.778076
17.034438848495483,0.675049,-1.011719,-0.210937,0.871094,0.095703,0.074219,0.132812,0.421631,-0.390747,0.253540,-0.777954
17.054277181625366,0.680664,0.734375,-0.164062,-0.402344,0.025391,-0.011719,0.095703,0.422485,-0.390320,0.253906,-0.777588
17.073746919631958,0.683838,-0.628906,-0.156250,-0.132812,-0.001953,0.082031,0.070312,0.422852,-0.389465,0.254639,-0.777588
17.094393491744995,0.693359,0.191406,0.003906,0.089844,-0.066406,0.134766,0.023437,0.422424,-0.388672,0.255798,-0.777832
17.114603519439697,0.698120,0.214844,-0.140625,-0.132812,-0.123047,0.152344,-0.001953,0.421509,-0.388000,0.257324,-0.778198
17.134485244750977,0.706543,-0.390625,0.066406,0.105469,-0.113281,0.162109,-0.031250,0.420410,-0.387329,0.258911,-0.778564
17.154175281524658,0.712036,0.007813,-0.070312,0.234375,-0.169922,0.113281,-0.025391,0.419312,-0.387085,0.260559,-0.778748
17.17448329925537,0.724854,-0.058594,0.175781,-0.253906,-0.115234,0.107422,-0.011719,0.418579,-0.386719,0.261902,-0.778870
17.194626808166504,0.729736,-0.144531,0.226562,-0.984375,-0.128906,0.171875,0.082031,0.418335,-0.385925,0.263489,-0.778870
17.21413230895996,0.730835,-0.566406,0.191406,0.097656,0.007813,-0.037109,0.035156,0.418701,-0.386047,0.263550,-0.778564
17.23476481437683,0.731689,0.078125,0.082031,0.375000,-0.007813,-0.146484,0.037109,0.419312,-0.387085,0.263184,-0.777893
17.255000352859497,0.730103,-0.015625,0.042969,-0.148437,0.011719,-0.193359,0.042969,0.420288,-0.388367,0.262451,-0.776978
17.274230480194092,0.727295,-0.183594,0.199219,0.242187,0.089844,-0.246094,0.132812,0.422119,-0.389771,0.261230,-0.775696
17.29499077796936,0.717163,-1.171875,0.121094,0.144531,0.035156,-0.396484,0.050781,0.423889,-0.392212,0.259399,-0.774109
17.314460515975952,0.712646,0.214844,-0.078125,0.628906,0.017578,-0.345703,0.048828,0.425171,-0.394775,0.257690,-0.772644
17.334502696990967,0.708618,0.566406,0.375000,-0.054687,0.140625,-0.349609,0.029297,0.426636,-0.396912,0.255554,-0.771484
17.354725122451782,0.691162,-0.476562,0.210937,0.765625,0.175781,-0.445312,0.048828,0.428650,-0.399414,0.252747,-0.769958
17.37495231628418,0.682373,0.593750,-0.269531,-0.718750,0.181641,-0.347656,0.007813,0.430176,-0.401489,0.249939,-0.768921
17.3943190574646,0.677856,0.242187,-0.769531,-2.476563,0.291016,-0.152344,-0.009766,0.431885,-0.401245,0.246948,-0.769104
17.41529083251953,0.654907,-1.839844,-3.492188,-3.089844,0.738281,0.230469,0.078125,0.434326,-0.396362,0.242493,-0.771667
17.434910774230957,0.656494,-1.980469,-2.988281,-1.292969,1.140625,0.716797,-0.564453,0.433044,-0.387573,0.235229,-0.779053
17.455275774002075,0.660400,2.335938,2.433594,3.621094,0.806641,0.888672,-0.519531,0.429810,-0.378906,0.230835,-0.786377
17.474411249160767,0.661743,-1.855469,2.128906,6.234375,-0.240234,0.345703,-0.416016,0.424805,-0.378235,0.232483,-0.788940
17.495292901992798,0.665527,1.199219,0.417969,0.644531,-0.835937,-0.148437,-0.570312,0.417664,-0.383789,0.236511,-0.788879
17.51518702507019,0.671753,1.765625,2.183594,-0.027344,-0.857422,-0.050781,-0.322266,0.411865,-0.388733,0.242187,-0.787781
17.534805059432983,0.672607,1.304688,1.894531,-1.902344,-0.890625,-0.089844,0.083984,0.409424,-0.392517,0.248474,-0.785217
17.55500030517578,0.672363,0.855469,-0.718750,-4.546875,-0.037109,0.078125,0.279297,0.411133,-0.391418,0.250244,-0.784302
17.57514500617981,0.670654,-2.621094,0.667969,4.339844,0.552734,0.162109,0.291016,0.414795,-0.387939,0.247986,-0.784790
17.59438681602478,0.666626,-1.273438,1.449219,2.242188,0.185547,-0.445312,0.042969,0.417358,-0.390137,0.244812,-0.783386
17.615370988845825,0.656006,1.812500,1.218750,-0.339844,0.207031,-0.693359,0.191406,0.421204,-0.394165,0.241272,-0.780396
17.635228633880615,0.646240,0.914062,0.222656,-0.050781,0.154297,-0.626953,0.361328,0.425903,-0.397522,0.238770,-0.776917
17.654858827590942,0.633789,-0.312500,-1.078125,-0.945312,0.121094,-0.527344,0.148437,0.428833,-0.400635,0.236267,-0.774414
17.6749427318573,0.602539,0.246094,-0.789062,-1.589844,0.154297,-0.253906,-0.005859,0.430176,-0.402100,0.234009,-0.773621
17.695384740829468,0.593140,0.585937,-0.230469,-0.730469,0.212891,-0.046875,0.027344,0.431335,-0.401672,0.232239,-0.773743
17.715530395507812,0.578979,-0.218750,-0.015625,0.242187,0.183594,-0.021484,0.052734,0.432434,-0.401001,0.231079,-0.773804
17.734925508499146,0.565674,-0.449219,0.644531,1.253906,-0.023437,-0.121094,0.046875,0.432983,-0.401794,0.230896,-0.773132
17.755404949188232,0.539185,-0.199219,0.046875,0.679687,-0.154297,-0.244141,0.074219,0.433350,-0.404053,0.231262,-0.771667
17.77578616142273,0.535034,-1.261719,-1.753906,-1.957031,-0.027344,-0.140625,-0.123047,0.432800,-0.405396,0.230347,-0.771545
17.794761419296265,0.536011,1.343750,-0.757812,-1.996094,0.259766,0.152344,-0.115234,0.432617,-0.403564,0.228577,-0.773132
17.815678358078003,0.532959,0.175781,0.398438,0.515625,0.242187,0.228516,-0.029297,0.432861,-0.400879,0.227600,-0.774719
17.835288763046265,0.530518,0.238281,0.734375,1.519531,0.109375,0.175781,0.044922,0.433228,-0.399048,0.227722,-0.775391
17.854971647262573,0.530640,-0.558594,1.101563,2.308594,-0.142578,-0.056641,0.111328,0.433655,-0.399780,0.228943,-0.774414
17.875506162643433,0.533691,0.007813,0.929687,1.535156,-0.326172,-0.259766,0.164062,0.434082,-0.402710,0.230957,-0.772095
17.895565032958984,0.534668,-0.464844,-1.195313,-1.671875,-0.308594,-0.207031,0.009766,0.433472,-0.405273,0.232483,-0.770569
17.914978742599487,0.540405,1.351563,-0.414062,-1.406250,-0.138672,0.187500,-0.013672,0.432495,-0.404663,0.234131,-0.770996
17.935699224472046,0.554077,0.132812,-0.183594,-1.042969,0.003906,0.339844,0.035156,0.431885,-0.401978,0.235779,-0.772156
17.955665349960327,0.568481,0.171875,-0.019531,0.386719,-0.011719,0.300781,0.056641,0.431519,-0.399719,0.237366,-0.773132
17.975099802017212,0.579834,-1.285156,0.023437,0.738281,-0.093750,0.050781,-0.025391,0.430786,-0.399841,0.238220,-0.773193
17.995927333831787,0.617432,-1.175781,-0.082031,-0.054687,-0.156250,-0.271484,-0.119141,0.429871,-0.402710,0.237732,-0.772339
18.01572299003601,0.637939,1.042969,-0.390625,-0.597656,-0.105469,-0.294922,-0.076172,0.429626,-0.405518,0.237061,-0.771240
18.035747528076172,0.661987,1.480469,-0.480469,-0.507812,-0.031250,-0.033203,0.185547,0.430847,-0.405457,0.237976,-0.770264
18.055413484573364,0.676147,-0.531250,0.050781,0.214844,-0.031250,0.134766,0.310547,0.432617,-0.403992,0.240051,-0.769409
18.07576823234558,0.708252,-0.300781,0.347656,-0.207031,-0.068359,0.076172,0.230469,0.433960,-0.403259,0.241638,-0.768555
18.096128940582275,0.712891,0.839844,0.171875,-0.132812,-0.039063,0.031250,0.208984,0.435303,-0.402649,0.242798,-0.767761
18.11540174484253,0.716553,-0.906250,0.140625,-0.515625,0.023437,-0.013672,0.095703,0.436157,-0.402222,0.243225,-0.767334
18.13591480255127,0.717651,0.050781,0.113281,0.144531,-0.021484,-0.025391,0.003906,0.436218,-0.402527,0.243286,-0.767151
18.15607452392578,0.715088,0.632812,-0.042969,-0.199219,-0.007813,0.025391,0.013672,0.436157,-0.402344,0.243469,-0.767212
18.175462007522583,0.708740,0.218750,-0.089844,-0.714844,0.044922,0.119141,0.023437,0.436279,-0.401367,0.243713,-0.767578
18.195995807647705,0.688843,-0.339844,-0.097656,-0.429687,0.103516,0.054687,0.007813,0.436646,-0.400269,0.243225,-0.768066
18.21598982810974,0.681396,-1.375000,0.109375,-0.039063,0.187500,0.089844,-0.009766,0.436951,-0.399109,0.241943,-0.768921
18.235499382019043,0.672241,-0.800781,-0.542969,-0.218750,0.169922,-0.103516,-0.255859,0.436096,-0.399414,0.239136,-0.770142
18.256206512451172,0.640503,1.406250,-0.757812,-1.843750,0.433594,0.052734,-0.234375,0.435791,-0.397766,0.235413,-0.772278
18.276180028915405,0.622925,1.343750,0.468750,0.460937,0.357422,0.228516,-0.023437,0.436401,-0.394714,0.233521,-0.774109
18.295589923858643,0.604126,-0.476562,0.843750,2.015625,0.074219,0.115234,0.072266,0.437012,-0.393372,0.233643,-0.774414
18.316234588623047,0.580933,-0.402344,1.210938,1.933594,-0.132812,-0.140625,0.115234,0.437683,-0.394653,0.234680,-0.773071
18.33629035949707,0.568115,-0.027344,0.960937,2.625000,-0.433594,-0.347656,0.234375,0.438232,-0.398438,0.237061,-0.770081
18.35643458366394,0.566772,1.996094,-0.152344,-2.214844,-0.279297,-0.300781,-0.181641,0.436829,-0.402222,0.237854,-0.768677
18.375943422317505,0.570068,0.921875,-0.570312,-1.933594,-0.117188,0.056641,-0.019531,0.435974,-0.402588,0.238770,-0.768677
18.39634871482849,0.582031,0.761719,-0.343750,-1.574219,0.082031,0.277344,0.054687,0.435974,-0.400330,0.239624,-0.769592
18.41644048690796,0.590088,-1.050781,-0.042969,0.585937,0.052734,0.162109,0.015625,0.435791,-0.398682,0.240112,-0.770386
18.43595838546753,0.604492,-0.667969,-0.121094,-0.441406,-0.113281,0.148437,-0.082031,0.434387,-0.398254,0.241089,-0.771118
18.456526041030884,0.627808,0.449219,-0.457031,0.824219,-0.080078,0.257813,-0.123047,0.432007,-0.397156,0.242798,-0.772461
18.47640562057495,0.643677,0.082031,-0.035156,-2.824219,-0.113281,0.287109,-0.263672,0.429016,-0.395508,0.244568,-0.774414
18.496284008026123,0.654785,1.269531,0.078125,0.976562,-0.062500,0.488281,-0.029297,0.427124,-0.392517,0.246704,-0.776306
18.516414403915405,0.664429,0.972656,0.402344,-0.746094,-0.193359,0.201172,-0.154297,0.424988,-0.391846,0.248230,-0.777344
18.536719799041748,0.663940,0.128906,0.171875,0.402344,-0.029297,0.146484,-0.017578,0.424194,-0.391113,0.249023,-0.777893
18.55580186843872,0.664551,0.183594,0.093750,0.332031,-0.037109,0.080078,0.029297,0.423828,-0.390625,0.249878,-0.778015
18.576669931411743,0.669312,-0.820312,-0.050781,0.113281,-0.068359,-0.029297,-0.021484,0.423523,-0.391235,0.250122,-0.777832
18.59656023979187,0.676392,-0.125000,-0.050781,-0.062500,-0.048828,-0.195312,-0.078125,0.423096,-0.392944,0.249451,-0.777344
18.616607189178467,0.684082,-0.046875,-0.164062,0.234375,-0.048828,-0.250000,-0.078125,0.422913,-0.395264,0.248596,-0.776611
18.636035680770874,0.693848,1.753906,-0.464844,-0.324219,-0.062500,-0.132812,0.058594,0.423401,-0.396118,0.248840,-0.775818
18.656774044036865,0.701416,0.917969,-0.097656,-0.792969,0.027344,0.199219,0.244141,0.424683,-0.394165,0.250366,-0.775574
18.676625967025757,0.705933,-0.230469,0.042969,0.082031,-0.025391,0.105469,0.212891,0.425964,-0.392822,0.251831,-0.775085
18.696224689483643,0.708130,0.335938,0.097656,0.003906,-0.001953,0.005859,0.126953,0.427002,-0.392212,0.252747,-0.774597
18.717016220092773,0.710327,-0.214844,0.144531,-0.195312,0.011719,0.027344,0.156250,0.428101,-0.391541,0.253418,-0.774109
18.737274885177612,0.711792,-0.941406,0.289063,-0.070312,0.007813,-0.041016,-0.007813,0.428284,-0.391663,0.253296,-0.773987
18.756327390670776,0.712036,0.683594,0.019531,-0.117188,0.025391,0.074219,0.041016,0.428406,-0.390991,0.253540,-0.774170
18.776927709579468,0.703491,0.246094,0.058594,-0.324219,0.029297,0.128906,0.074219,0.428772,-0.389587,0.254089,-0.774475
18.797014474868774,0.691528,-0.542969,0.164062,-0.656250,0.113281,0.117188,0.042969,0.429077,-0.388184,0.253906,-0.775085
18.816788911819458,0.674438,-1.210938,0.187500,0.441406,0.076172,0.013672,-0.136719,0.428406,-0.387878,0.252808,-0.775940
18.83711051940918,0.632568,-0.550781,-0.066406,0.355469,0.054687,-0.017578,-0.183594,0.427246,-0.388367,0.251587,-0.776794
18.85727620124817,0.626953,1.417969,-0.121094,-0.371094,0.017578,-0.052734,-0.132812,0.426331,-0.389099,0.250549,-0.777222
18.876585245132446,0.627686,-0.996094,-0.058594,-0.140625,0.037109,-0.109375,-0.150391,0.425598,-0.390015,0.249390,-0.777527
18.897610425949097,0.633057,0.000000,-0.179687,0.097656,-0.003906,-0.103516,-0.164062,0.424438,-0.391174,0.248291,-0.777954
18.917191982269287,0.639526,-0.187500,-0.082031,0.378906,-0.115234,-0.042969,-0.277344,0.421997,-0.392517,0.248047,-0.778687
18.936996459960938,0.647705,1.339844,-0.003906,0.187500,-0.050781,0.246094,-0.123047,0.419861,-0.391724,0.249084,-0.779846
18.95665168762207,0.654297,-1.183594,0.042969,0.656250,-0.166016,0.177734,-0.142578,0.417847,-0.391113,0.250610,-0.780762
18.97740077972412,0.675537,0.003906,0.093750,0.019531,-0.107422,0.052734,-0.064453,0.416565,-0.391174,0.251892,-0.781006
18.997408628463745,0.682861,0.367188,0.035156,-0.308594,-0.154297,0.105469,0.025391,0.415771,-0.390991,0.253723,-0.780945
19.01671314239502,0.697144,-0.117188,-0.105469,-0.453125,-0.085937,0.015625,0.062500,0.415771,-0.391052,0.254944,-0.780518
19.03736639022827,0.709229,1.332031,-0.089844,-0.761719,-0.031250,0.093750,0.169922,0.416626,-0.390259,0.256042,-0.780090
19.05748701095581,0.708984,-0.468750,0.003906,-0.039063,0.013672,0.068359,0.156250,0.417786,-0.388672,0.257263,-0.779846
19.076725482940674,0.710449,-1.578125,0.328125,0.136719,0.023437,0.175781,0.193359,0.418823,-0.386902,0.258606,-0.779785
19.097440004348755,0.711304,-0.265625,0.250000,0.289063,-0.027344,0.023437,0.074219,0.419128,-0.386780,0.258972,-0.779541
19.117577075958252,0.710205,0.269531,0.105469,-0.046875,-0.031250,-0.042969,-0.015625,0.419006,-0.387085,0.259094,-0.779419
19.137086391448975,0.707153,0.589844,-0.050781,-0.667969,0.027344,0.064453,0.037109,0.419189,-0.386292,0.259338,-0.779602
19.157610416412354,0.699219,0.164062,0.019531,0.027344,0.068359,0.216797,0.062500,0.419373,-0.384277,0.259949,-0.780334
19.177648544311523,0.690186,-0.195312,0.097656,0.050781,0.064453,0.187500,0.052734,0.419495,-0.382446,0.260376,-0.781006
19.196955919265747,0.678223,-0.925781,0.203125,-0.082031,0.074219,0.015625,-0.025391,0.419373,-0.382263,0.259766,-0.781372
19.217775106430054,0.667969,-0.687500,-0.042969,0.339844,0.025391,-0.105469,-0.150391,0.418640,-0.383240,0.258362,-0.781738
19.23772621154785,0.661743,-0.679687,-0.066406,0.339844,0.066406,-0.031250,-0.148437,0.417725,-0.383789,0.257141,-0.782349
19.257676362991333,0.654663,-0.527344,-0.386719,0.273438,-0.011719,-0.060547,-0.246094,0.415771,-0.385010,0.256104,-0.783142
19.27733874320984,0.654297,-0.527344,-0.164062,0.132812,-0.128906,-0.013672,-0.322266,0.413025,-0.386230,0.255737,-0.784119
19.298096418380737,0.656372,1.492188,-0.019531,-0.289063,-0.046875,0.119141,-0.125000,0.411316,-0.386047,0.256042,-0.784973
19.31775999069214,0.656250,-0.714844,0.058594,0.687500,-0.113281,0.060547,-0.164062,0.409424,-0.386536,0.256531,-0.785583
19.337689876556396,0.660522,0.648437,0.058594,-0.457031,-0.054687,-0.021484,-0.101563,0.408264,-0.387329,0.256653,-0.785767
19.357971906661987,0.662109,-0.437500,0.093750,0.441406,-0.042969,-0.037109,-0.062500,0.407654,-0.388000,0.256653,-0.785767
19.37866187095642,0.669922,-0.292969,-0.128906,0.726562,-0.128906,-0.066406,-0.062500,0.406921,-0.389038,0.257141,-0.785461
19.397395372390747,0.672974,0.863281,-0.113281,-0.187500,-0.085937,0.089844,0.046875,0.406677,-0.388550,0.258362,-0.785400
19.418131113052368,0.681274,-0.214844,0.210937,0.042969,-0.060547,0.148437,0.115234,0.406860,-0.387573,0.259827,-0.785339
19.437873125076294,0.687500,0.152344,-0.003906,0.128906,-0.068359,-0.003906,0.087891,0.407288,-0.387146,0.260986,-0.784912
19.457968711853027,0.693848,-1.316406,0.164062,0.503906,0.023437,0.095703,0.152344,0.408081,-0.386353,0.261780,-0.784668
19.47816252708435,0.698853,1.457031,-0.093750,-0.179687,-0.066406,-0.005859,0.097656,0.408630,-0.386230,0.262573,-0.784180
19.498090267181396,0.697998,-0.859375,0.218750,-0.218750,0.001953,0.054687,0.109375,0.409241,-0.385559,0.263306,-0.783936
19.518215656280518,0.697876,-0.246094,0.074219,0.128906,-0.015625,-0.048828,0.039063,0.409546,-0.385803,0.263489,-0.783569
19.537854433059692,0.698120,-0.429687,0.035156,-0.292969,0.033203,0.005859,0.048828,0.409912,-0.385620,0.263428,-0.783508
19.558217763900757,0.685425,-0.054687,-0.125000,-0.378906,0.064453,-0.042969,-0.017578,0.410156,-0.385620,0.262695,-0.783630
19.57834529876709,0.670288,0.597656,-0.226562,-1.015625,0.152344,0.031250,-0.017578,0.410522,-0.384766,0.261597,-0.784241
19.597752332687378,0.658691,0.335938,-0.339844,-1.335938,0.306641,0.105469,-0.001953,0.411011,-0.382751,0.259460,-0.785645
19.61870527267456,0.640259,0.191406,-0.957031,-0.992187,0.453125,0.218750,-0.423828,0.409058,-0.380005,0.255371,-0.789368
19.638009786605835,0.630127,1.378906,0.527344,0.007813,0.498047,0.500000,-0.419922,0.406311,-0.375305,0.251953,-0.794067
19.65783929824829,0.625122,0.359375,1.164063,0.933594,0.349609,0.476562,-0.269531,0.404297,-0.370789,0.250183,-0.797791
19.67820644378662,0.625977,0.613281,1.378906,2.128906,0.076172,0.302734,-0.078125,0.403015,-0.368408,0.250488,-0.799438
19.69852375984192,0.628296,-0.496094,0.941406,1.660156,-0.279297,0.021484,-0.005859,0.401855,-0.369202,0.252625,-0.799011
19.71811532974243,0.634644,0.070312,0.308594,1.378906,-0.429687,-0.148437,0.035156,0.400818,-0.372070,0.255676,-0.797241
19.73881196975708,0.650635,-0.421875,0.453125,0.597656,-0.564453,-0.281250,0.033203,0.399719,-0.376343,0.259277,-0.794617
19.758476972579956,0.659424,0.550781,0.210937,0.042969,-0.591797,-0.328125,0.115234,0.398987,-0.380493,0.262451,-0.791931
19.778422594070435,0.667114,0.687500,0.074219,-1.343750,-0.285156,-0.025391,-0.062500,0.397705,-0.381958,0.264099,-0.791321
19.79878544807434,0.663574,0.113281,-0.066406,-1.175781,-0.099609,0.009766,-0.035156,0.397034,-0.382385,0.264832,-0.791260
19.818822622299194,0.651978,0.488281,-0.074219,-0.953125,0.050781,-0.021484,-0.019531,0.396973,-0.382263,0.264465,-0.791443
19.838892698287964,0.637207,-0.199219,0.371094,-0.316406,0.125000,-0.007813,-0.027344,0.397156,-0.381958,0.263489,-0.791809
19.858229875564575,0.616821,0.121094,-0.171875,1.031250,0.093750,-0.171875,-0.019531,0.397644,-0.382935,0.262207,-0.791504
19.879125833511353,0.589355,-0.007813,-0.058594,-0.187500,0.000000,-0.195312,0.003906,0.398254,-0.384216,0.261414,-0.790833
19.899234533309937,0.588135,0.832031,-0.171875,-0.148437,0.052734,-0.064453,0.099609,0.399353,-0.384399,0.260986,-0.790344
19.918764352798462,0.590454,-0.183594,-0.363281,-0.195312,0.041016,-0.027344,0.125000,0.400574,-0.383911,0.261108,-0.789917
19.939800024032593,0.608887,-0.652344,-0.050781,0.523437,0.042969,0.078125,0.185547,0.401917,-0.382751,0.261658,-0.789612
19.960485696792603,0.619385,0.835937,-0.074219,0.066406,-0.021484,0.021484,0.152344,0.403015,-0.382080,0.262573,-0.789062
19.978795289993286,0.627930,-0.273438,-0.050781,0.019531,-0.027344,0.123047,0.203125,0.404114,-0.380981,0.263977,-0.788574
19.999079704284668,0.662964,0.261719,-0.109375,-0.289063,-0.033203,0.093750,0.173828,0.405029,-0.379761,0.265442,-0.788208
20.019457578659058,0.680054,-0.687500,-0.093750,0.125000,-0.021484,0.216797,0.173828,0.405579,-0.377808,0.267334,-0.788208
20.03848958015442,0.690918,0.117188,0.265625,-0.570312,-0.072266,0.230469,0.115234,0.405518,-0.376099,0.269165,-0.788452
20.059155464172363,0.700928,-0.156250,0.082031,-0.195312,-0.041016,0.207031,0.041016,0.405151,-0.374451,0.270386,-0.789001
20.079402208328247,0.704102,-0.066406,0.082031,-0.402344,0.029297,0.177734,0.007813,0.404724,-0.373047,0.271118,-0.789673
20.09853219985962,0.706055,-1.175781,0.160156,-0.363281,-0.085937,0.062500,-0.083984,0.403625,-0.372986,0.271545,-0.790100
20.118616104125977,0.709595,0.914062,0.187500,0.171875,0.007813,0.039063,-0.113281,0.402405,-0.373230,0.271301,-0.790710
20.13903307914734,0.710205,-0.449219,0.371094,0.218750,0.000000,-0.017578,-0.158203,0.401123,-0.373840,0.270813,-0.791199
20.159358024597168,0.709229,0.164062,0.097656,0.117188,-0.037109,-0.066406,-0.187500,0.399658,-0.375122,0.270142,-0.791565
20.178805112838745,0.704590,0.507812,-0.027344,0.125000,0.000000,-0.123047,-0.162109,0.398621,-0.376526,0.269226,-0.791748
20.199254035949707,0.693604,-0.519531,0.027344,-0.093750,-0.003906,-0.097656,-0.111328,0.397949,-0.377808,0.268311,-0.791809
20.21915626525879,0.685547,-0.289063,0.019531,-0.273438,0.025391,-0.187500,-0.175781,0.397095,-0.379395,0.266907,-0.791931
20.238690853118896,0.680176,0.597656,-0.074219,-0.195312,0.029297,-0.041016,-0.148437,0.396057,-0.380249,0.266052,-0.792297
20.25925326347351,0.676880,1.132813,-0.226562,-0.347656,-0.019531,0.033203,-0.041016,0.395508,-0.380249,0.266052,-0.792603
20.279179573059082,0.677246,-1.203125,0.003906,0.304688,0.011719,0.046875,-0.015625,0.395264,-0.379944,0.266174,-0.792847
20.298683881759644,0.680176,-0.691406,0.003906,0.585937,-0.044922,-0.105469,-0.082031,0.394714,-0.381287,0.265808,-0.792542
20.31970191001892,0.706055,-0.531250,-0.179687,0.968750,-0.166016,-0.257813,-0.064453,0.394348,-0.383850,0.265991,-0.791443
20.33934187889099,0.718750,0.925781,-0.308594,-0.148437,-0.125000,-0.171875,0.105469,0.395020,-0.385254,0.266968,-0.790100
20.358627319335938,0.727051,1.394531,-0.117188,-0.753906,-0.119141,0.105469,0.291016,0.396484,-0.384338,0.269165,-0.789062
20.379157304763794,0.725464,-1.402344,0.281250,-0.789062,0.003906,0.062500,0.222656,0.398010,-0.383362,0.270447,-0.788330
20.399430513381958,0.721802,-0.230469,0.183594,0.472656,-0.042969,-0.001953,0.117188,0.398865,-0.382813,0.271423,-0.787842
20.419384479522705,0.719482,-2.527344,0.425781,0.304688,0.082031,0.181641,0.210937,0.399963,-0.381165,0.272400,-0.787720
20.43912959098816,0.717529,0.843750,0.082031,0.425781,-0.042969,-0.029297,0.009766,0.400024,-0.381226,0.272644,-0.787598
20.4594144821167,0.713501,0.214844,-0.078125,-0.660156,0.033203,0.123047,0.039063,0.400024,-0.380005,0.273071,-0.788025
20.479928016662598,0.707031,-1.183594,-0.164062,-0.960937,0.150391,0.197266,-0.017578,0.399780,-0.377991,0.272583,-0.789307
20.498939752578735,0.692261,-2.011719,-0.210937,0.609375,0.259766,0.052734,-0.240234,0.398560,-0.377136,0.270264,-0.791138
20.52000880241394,0.673828,1.250000,-1.644531,-1.859375,0.218750,0.142578,-0.378906,0.396118,-0.375732,0.267578,-0.793945
20.539859771728516,0.669800,1.257813,-0.640625,-1.148438,0.466797,0.578125,-0.302734,0.393799,-0.370728,0.265076,-0.798279
20.559595346450806,0.666748,0.613281,1.257813,1.164063,0.246094,0.386719,-0.316406,0.391235,-0.367371,0.263489,-0.801575
20.579455852508545,0.667358,0.230469,0.667969,1.714844,0.052734,0.185547,-0.167969,0.389465,-0.366089,0.263245,-0.803101
20.60773515701294,0.669800,0.523437,1.296875,1.355469,-0.205078,-0.001953,-0.101563,0.387939,-0.367126,0.264465,-0.802979
20.619144439697266,0.676392,0.507812,1.351563,1.433594,-0.423828,-0.197266,0.050781,0.387268,-0.370300,0.267395,-0.800903
20.640148639678955,0.693115,-1.347656,-1.859375,-0.210937,-0.490234,-0.259766,0.062500,0.386475,-0.373901,0.270203,-0.798645
20.659772396087646,0.694946,0.269531,0.011719,-1.429688,-0.355469,-0.105469,-0.083984,0.384766,-0.376099,0.272034,-0.797791
20.67940354347229,0.693726,1.117188,-0.289063,-1.644531,-0.146484,0.085937,-0.042969,0.383606,-0.376160,0.273315,-0.797913
20.700075387954712,0.667603,-0.062500,0.089844,-1.734375,0.087891,0.101563,-0.003906,0.383606,-0.374939,0.273132,-0.798523
20.72011947631836,0.658203,0.269531,0.035156,-0.003906,0.138672,0.113281,0.070312,0.384399,-0.373291,0.272583,-0.799133
20.739758014678955,0.651489,0.031250,-0.156250,0.699219,0.126953,0.103516,0.167969,0.385864,-0.371643,0.272461,-0.799194
20.759621620178223,0.649902,-1.636719,-0.265625,0.394531,0.031250,-0.050781,0.078125,0.386841,-0.371521,0.272400,-0.798828
20.780152797698975,0.672852,1.203125,-0.027344,0.058594,-0.009766,-0.056641,0.123047,0.387695,-0.372009,0.272583,-0.798157
20.800239324569702,0.684082,1.625000,-0.250000,-0.625000,-0.050781,-0.089844,0.015625,0.388000,-0.372375,0.273010,-0.797668
20.81960391998291,0.693726,-0.343750,-0.050781,0.019531,-0.015625,0.169922,0.097656,0.388123,-0.371033,0.274109,-0.797852
20.84004521369934,0.705444,-0.011719,-0.187500,0.441406,-0.087891,0.197266,0.035156,0.387512,-0.369873,0.275696,-0.798157
20.860342264175415,0.716919,-0.105469,0.050781,-0.328125,-0.111328,0.195312,0.000000,0.386536,-0.368835,0.277344,-0.798523
20.879822969436646,0.722046,-0.003906,0.257813,-0.132812,-0.138672,0.222656,0.021484,0.385620,-0.367493,0.279297,-0.798889
20.900237321853638,0.733154,-0.085937,0.082031,0.210937,-0.074219,0.195312,0.029297,0.384949,-0.366150,0.280884,-0.799255
20.920746564865112,0.733765,0.164062,-0.019531,0.179687,-0.126953,0.160156,0.042969,0.384338,-0.365295,0.282593,-0.799377
20.940152406692505,0.734131,-0.468750,0.074219,-0.042969,-0.119141,0.101563,0.009766,0.383728,-0.364746,0.283997,-0.799438
20.960411071777344,0.734863,-0.039063,0.082031,0.042969,-0.068359,0.082031,0.021484,0.383423,-0.364319,0.284912,-0.799438
20.980154991149902,0.734375,0.160156,0.050781,-0.410156,-0.064453,0.011719,0.033203,0.383423,-0.364380,0.285522,-0.799194
21.000118255615234,0.733398,0.359375,-0.054687,-0.101563,-0.027344,0.033203,0.052734,0.383667,-0.364136,0.285950,-0.799011
21.020658493041992,0.732056,0.058594,-0.007813,-0.066406,-0.001953,0.013672,0.072266,0.384155,-0.363831,0.286255,-0.798828
21.040560483932495,0.729736,0.351563,0.144531,0.117188,0.013672,0.041016,0.105469,0.385010,-0.363281,0.286621,-0.798523
21.060452222824097,0.726196,-0.261719,0.160156,0.480469,0.000000,-0.078125,0.099609,0.386047,-0.363525,0.286682,-0.797913
21.080439805984497,0.725464,-1.074219,0.082031,0.296875,-0.042969,-0.162109,0.005859,0.386475,-0.364868,0.286438,-0.797119
21.100790977478027,0.723267,0.320313,0.042969,-0.148437,-0.046875,-0.156250,-0.021484,0.386536,-0.366394,0.286133,-0.796509
21.120622634887695,0.722778,0.785156,-0.031250,-1.128906,0.013672,-0.232422,-0.046875,0.386841,-0.368103,0.285095,-0.795959
21.140110969543457,0.721924,0.968750,0.066406,-0.179687,0.228516,-0.126953,0.136719,0.388611,-0.368469,0.283508,-0.795532
21.16072988510132,0.716309,-1.152344,0.050781,0.402344,0.062500,-0.248047,-0.025391,0.389709,-0.369690,0.281982,-0.794983
21.181123733520508,0.712280,0.707031,-0.109375,0.042969,0.083984,-0.109375,0.015625,0.390625,-0.370117,0.280579,-0.794800
21.20044708251953,0.703369,0.714844,-0.292969,-1.804688,0.388672,-0.029297,0.093750,0.392639,-0.368774,0.277893,-0.795349
21.22082209587097,0.673584,0.886719,-0.546875,-1.308594,0.597656,-0.031250,0.146484,0.395935,-0.366150,0.273743,-0.796387
21.241121292114258,0.668457,-1.113281,-3.132813,-2.867188,0.712891,0.248047,-0.027344,0.397339,-0.360840,0.268188,-0.799988
21.260435581207275,0.667603,-2.191406,-4.453125,-5.949219,1.474609,0.976562,-0.652344,0.395447,-0.349121,0.258301,-0.809326
21.28109645843506,0.653198,0.980469,0.621094,-2.523438,1.787109,1.259766,-0.341797,0.395325,-0.332764,0.247314,-0.819641
21.30158495903015,0.639282,-0.003906,0.078125,-0.984375,2.011719,1.234375,-0.275391,0.396484,-0.315308,0.234863,-0.829590
21.321054220199585,0.626709,-0.132812,0.152344,-0.515625,2.121094,1.273438,-0.294922,0.397705,-0.296814,0.221313,-0.839478
21.34044885635376,0.609009,0.500000,0.742187,-0.890625,2.275391,1.322266,-0.185547,0.399658,-0.277161,0.207336,-0.848755
21.361011743545532,0.562378,-0.601562,1.832031,1.746094,2.152344,1.429688,-0.044922,0.402161,-0.256714,0.194641,-0.857056
21.38137149810791,0.503296,-0.265625,1.949219,2.546875,1.990234,1.339844,0.080078,0.405151,-0.236816,0.183167,-0.863831
21.400532484054565,0.425293,-0.851562,1.589844,2.816406,1.775391,1.234375,0.216797,0.408875,-0.218811,0.173218,-0.868896
21.420973300933838,0.300781,-1.218750,1.332031,5.058594,1.486328,0.679687,0.341797,0.413696,-0.206543,0.163940,-0.871399
21.448720693588257,0.262817,-2.382813,1.628906,7.226562,0.806641,-0.279297,0.341797,0.418762,-0.205200,0.156555,-0.870667
21.479545831680298,0.263550,-1.503906,1.804688,4.890625,-0.064453,-1.439453,0.410156,0.429687,-0.225769,0.146240,-0.861938
21.499729871749878,0.277100,-0.902344,1.070313,1.476563,-0.031250,-1.287109,0.500000,0.435730,-0.236145,0.142151,-0.856812
21.52022075653076,0.270630,-0.378906,1.140625,0.003906,0.072266,-1.082031,0.679687,0.443237,-0.244080,0.138367,-0.851379
21.539643049240112,0.248535,0.617187,1.660156,-1.441406,0.248047,-0.847656,0.863281,0.452209,-0.248779,0.134521,-0.845886
21.559783220291138,0.211670,0.171875,0.972656,-2.683594,0.607422,-0.373047,0.921875,0.461975,-0.248413,0.130249,-0.841370
21.579697132110596,0.130249,0.222656,0.703125,-3.210938,0.451172,-0.257813,1.000000,0.471497,-0.247253,0.127808,-0.836792
21.599627017974854,0.065552,-1.527344,0.074219,0.488281,0.107422,-0.238281,0.693359,0.477966,-0.247742,0.127319,-0.833069
21.627359867095947,0.028442,-2.082031,-0.445312,-0.398438,-0.033203,-0.263672,0.484375,0.482422,-0.249695,0.127502,-0.829834
21.639840364456177,0.000000,-0.250000,1.230469,1.078125,-0.281250,-0.632812,0.562500,0.487183,-0.255493,0.128113,-0.825195
21.660129070281982,0.000000,-0.296875,1.300781,1.132813,-0.412109,-0.898437,0.666016,0.492615,-0.263794,0.128845,-0.819214
21.67980432510376,0.000000,-0.031250,-0.398438,-0.621094,-0.416016,-0.759766,0.619141,0.497437,-0.271240,0.130249,-0.813599
21.700225114822388,0.000000,-0.511719,-0.984375,-0.503906,-0.515625,-0.574219,0.443359,0.500427,-0.278320,0.132568,-0.809021
21.720561265945435,0.000000,-1.226563,-0.453125,0.933594,-0.634766,-0.945312,0.251953,0.502075,-0.288696,0.133789,-0.804199
21.740245819091797,0.000000,-1.726563,0.046875,0.320313,-0.664062,-1.248047,0.322266,0.504395,-0.301453,0.133911,-0.797974
21.76012945175171,0.000000,1.449219,0.515625,-0.113281,-0.640625,-1.160156,0.503906,0.507629,-0.312988,0.134521,-0.791382
21.780125379562378,0.000000,-0.628906,-1.550781,-2.003906,-0.345703,-0.744141,0.140625,0.508667,-0.320618,0.134277,-0.787659
21.802778720855713,0.000000,-1.718750,-2.093750,-1.527344,-0.509766,-0.542969,-0.031250,0.507690,-0.327576,0.135254,-0.785278
21.82034730911255,0.000000,-0.226562,-0.558594,1.210938,-0.652344,-0.757812,0.042969,0.506897,-0.336548,0.136719,-0.781738
21.840225219726562,0.000000,0.859375,-0.386719,-0.808594,-0.603516,-0.712891,0.144531,0.506836,-0.344910,0.138367,-0.777832
21.860199689865112,0.000000,0.582031,-0.753906,-0.691406,-0.660156,-0.515625,0.083984,0.505859,-0.352295,0.140869,-0.774658
21.880382776260376,0.000000,-0.867187,-1.195313,-0.039063,-0.705078,-0.673828,-0.148437,0.503235,-0.361267,0.142578,-0.771973
21.90095019340515,0.000000,-1.695313,-0.683594,0.203125,-0.943359,-0.917969,-0.197266,0.499512,-0.373535,0.144531,-0.768127
21.92008399963379,0.000000,-0.542969,0.230469,1.812500,-1.316406,-1.376953,-0.230469,0.494751,-0.390442,0.146851,-0.762390
21.940512895584106,0.000000,-0.851562,-1.265625,1.429688,-1.152344,-1.283203,-0.349609,0.489441,-0.406555,0.148071,-0.757080
21.963021516799927,0.000000,-0.097656,-2.214844,1.250000,-1.386719,-1.269531,-0.269531,0.483398,-0.423706,0.150879,-0.751038
21.980451822280884,0.000000,0.128906,-0.242187,4.343750,-1.869141,-1.687500,-0.511719,0.474243,-0.445801,0.154419,-0.743286
22.000905990600586,0.000000,-1.929688,0.457031,-0.390625,-1.773438,-1.648438,-0.525391,0.465271,-0.466858,0.157410,-0.735413
22.02075958251953,0.000000,1.519531,1.281250,-2.539063,-1.263672,-1.343750,-0.023437,0.461304,-0.482483,0.160095,-0.727173
22.040888786315918,0.000000,3.300781,1.023438,-4.492187,-0.365234,-0.742187,0.341797,0.462830,-0.488770,0.161072,-0.721741
22.06063151359558,0.000000,2.925781,-1.054688,-5.554687,0.189453,0.126953,0.240234,0.465088,-0.487671,0.161499,-0.720947
22.080557107925415,0.000000,-1.250000,-0.234375,1.210938,-0.177734,-0.246094,0.019531,0.464966,-0.490112,0.161743,-0.719299
22.100991010665894,0.000000,-1.347656,0.855469,0.835937,-0.357422,-0.537109,0.001953,0.464355,-0.495117,0.161865,-0.716248
22.121495485305786,0.000000,0.414062,0.808594,-1.132813,-0.119141,-0.228516,0.244141,0.465881,-0.497009,0.162842,-0.713745
22.140624046325684,0.024170,1.875000,0.695312,-2.320313,0.091797,-0.044922,0.445312,0.469482,-0.496338,0.164001,-0.711548
22.16083288192749,0.056152,0.132812,-0.453125,-1.093750,0.296875,0.046875,0.318359,0.472961,-0.494080,0.163879,-0.710876
22.180683135986328,0.066895,-0.781250,-1.671875,-1.093750,0.248047,0.388672,0.044922,0.474121,-0.490234,0.164062,-0.712708
22.201188325881958,0.109741,-0.695312,-0.765625,0.328125,0.105469,0.281250,0.042969,0.474670,-0.487549,0.164917,-0.713989
22.220970392227173,0.153320,-0.128906,0.613281,0.207031,0.103516,0.175781,0.267578,0.476807,-0.485291,0.166199,-0.713806
22.24104070663452,0.202637,0.578125,0.589844,-0.207031,0.138672,0.080078,0.406250,0.479980,-0.483521,0.167664,-0.712524
22.260871648788452,0.225708,-0.210937,-0.070312,0.917969,-0.017578,-0.033203,0.248047,0.481812,-0.483337,0.168823,-0.711182
22.28141212463379,0.252197,-1.593750,-0.687500,1.195313,-0.128906,-0.064453,0.103516,0.482239,-0.484192,0.169739,-0.710083
22.301069974899292,0.275879,-0.660156,-0.097656,0.988281,0.039063,-0.162109,0.093750,0.483337,-0.484863,0.169250,-0.708984
22.321011304855347,0.281860,-0.132812,-0.742187,-0.652344,0.146484,-0.082031,0.070312,0.484680,-0.484741,0.168213,-0.708374
22.340914726257324,0.272095,-0.054687,-0.167969,-0.007813,0.035156,-0.078125,0.064453,0.485535,-0.484924,0.167847,-0.707764
22.360990047454834,0.265259,-0.164062,0.253906,0.066406,0.023437,-0.027344,0.082031,0.486267,-0.485046,0.167969,-0.707214
22.38114309310913,0.274414,0.226562,0.191406,-0.007813,-0.074219,-0.083984,0.097656,0.486755,-0.485718,0.168457,-0.706238
22.40136170387268,0.287354,-0.070312,-0.058594,0.207031,-0.001953,-0.056641,0.050781,0.487183,-0.485962,0.168457,-0.705750
22.421223402023315,0.292969,-0.253906,-0.664062,-0.476562,0.044922,0.039063,0.009766,0.487427,-0.485596,0.168518,-0.705872
22.44147229194641,0.301514,0.050781,0.023437,-0.101563,-0.035156,0.019531,-0.003906,0.487244,-0.485535,0.168884,-0.705933
22.46120548248291,0.297485,-0.167969,0.140625,0.281250,-0.085937,0.033203,0.009766,0.486877,-0.485779,0.169678,-0.705811
22.481724739074707,0.315430,0.175781,0.570312,0.597656,-0.169922,0.001953,0.025391,0.486267,-0.486450,0.171021,-0.705444
22.501304626464844,0.341064,-0.007813,0.468750,0.542969,-0.125000,0.101563,-0.017578,0.485352,-0.486511,0.172363,-0.705688
22.52196764945984,0.337280,-0.390625,-0.433594,-0.089844,-0.093750,0.191406,-0.064453,0.484131,-0.485657,0.173767,-0.706787
22.541605472564697,0.332642,-0.144531,-0.195312,-0.136719,-0.082031,0.359375,-0.019531,0.482971,-0.483643,0.175903,-0.708435
22.561524152755737,0.352661,-0.191406,-0.042969,-0.007813,-0.103516,0.353516,-0.044922,0.481628,-0.481750,0.178101,-0.710083
22.581600427627563,0.373047,-0.320313,0.042969,0.503906,-0.119141,0.216797,-0.041016,0.480408,-0.480957,0.179687,-0.711060
22.601617336273193,0.385010,-0.152344,-0.066406,0.160156,-0.121094,-0.060547,-0.072266,0.479492,-0.481995,0.179932,-0.710937
22.62171506881714,0.424683,-0.742187,-0.027344,0.136719,-0.050781,-0.162109,-0.089844,0.479004,-0.483459,0.179138,-0.710449
22.64142107963562,0.454590,0.382813,-0.257813,-0.910156,0.048828,0.046875,0.115234,0.479858,-0.482422,0.179810,-0.710388
22.661428213119507,0.498657,2.429688,-0.554687,-0.699219,0.085937,0.585937,0.335938,0.481628,-0.477661,0.183289,-0.711548
22.68162751197815,0.547241,1.113281,-0.417969,-0.300781,0.039063,0.519531,0.361328,0.483582,-0.472778,0.187256,-0.712402
22.701496601104736,0.566650,0.449219,-0.082031,-0.171875,0.103516,0.550781,0.396484,0.485840,-0.467529,0.191406,-0.713257
22.722363471984863,0.588501,0.257813,0.027344,0.042969,0.037109,0.464844,0.326172,0.487427,-0.463501,0.194763,-0.713867
22.74171233177185,0.612183,-2.105469,0.289063,0.070312,-0.050781,-0.078125,-0.025391,0.487427,-0.463684,0.195129,-0.713684
22.761861324310303,0.619019,-2.214844,0.527344,0.921875,-0.048828,0.011719,-0.029297,0.487061,-0.464050,0.195251,-0.713684
22.781925201416016,0.623047,0.117188,0.289063,0.042969,-0.048828,0.054687,-0.011719,0.486816,-0.463684,0.195679,-0.713928
22.802016258239746,0.625122,1.312500,-0.046875,-0.648437,0.087891,0.265625,0.087891,0.487305,-0.461365,0.196716,-0.714844
22.8216290473938,0.621460,0.851562,-0.085937,-1.214844,0.132812,0.263672,0.093750,0.488037,-0.458740,0.197449,-0.715820
22.84186863899231,0.619019,-0.113281,0.058594,-0.113281,0.035156,0.068359,-0.085937,0.487671,-0.458008,0.197266,-0.716553
22.86206364631653,0.621460,-0.265625,0.050781,0.414062,-0.003906,-0.011719,-0.140625,0.486694,-0.458496,0.196472,-0.717163
22.88218665122986,0.610107,-0.816406,0.152344,0.109375,-0.019531,-0.085937,-0.156250,0.485840,-0.459167,0.195496,-0.717590
22.902225255966187,0.608643,1.105469,-0.171875,-0.160156,0.009766,-0.074219,-0.167969,0.484924,-0.459717,0.194397,-0.718140
22.921951293945312,0.603394,-0.910156,0.082031,-0.113281,0.019531,-0.005859,-0.111328,0.484314,-0.459656,0.193848,-0.718689
22.941800832748413,0.597046,1.523438,-0.156250,0.031250,0.023437,0.173828,0.027344,0.484253,-0.458496,0.194458,-0.719360
22.96212911605835,0.599609,-1.253906,0.035156,0.820312,-0.039063,0.107422,-0.009766,0.483887,-0.457825,0.195190,-0.719788
22.981712579727173,0.601074,0.253906,-0.156250,0.125000,-0.003906,0.087891,-0.009766,0.483704,-0.457336,0.195557,-0.720154
23.002123832702637,0.611572,-0.855469,-0.042969,-0.113281,-0.042969,-0.101563,-0.074219,0.483215,-0.458374,0.195129,-0.719971
23.02183222770691,0.623291,0.085937,-0.117188,0.554687,-0.103516,-0.060547,0.013672,0.483154,-0.459106,0.195557,-0.719421
23.04208540916443,0.645752,1.281250,-0.300781,-0.273438,-0.050781,0.222656,0.189453,0.483887,-0.457520,0.197693,-0.719360
23.062416315078735,0.663696,1.136719,-0.394531,-0.589844,-0.003906,0.351563,0.246094,0.484863,-0.454590,0.200684,-0.719727
23.08197546005249,0.668823,0.250000,-0.253906,-0.464844,-0.011719,0.291016,0.169922,0.485474,-0.452393,0.203125,-0.720032
23.102152109146118,0.673096,-1.007813,0.082031,0.890625,-0.138672,0.238281,0.173828,0.485718,-0.451111,0.205566,-0.719971
23.12236213684082,0.676514,0.417969,-0.054687,-0.605469,-0.031250,0.023437,0.029297,0.485840,-0.450806,0.206299,-0.719849
23.14248275756836,0.680664,-1.449219,0.335938,0.351563,-0.050781,0.025391,0.037109,0.485901,-0.450867,0.206909,-0.719604
23.162087202072144,0.682617,0.703125,0.160156,0.128906,-0.023437,0.121094,0.044922,0.485962,-0.450195,0.207458,-0.719788
23.182494401931763,0.687622,-0.929687,0.429687,-0.566406,-0.033203,0.011719,-0.015625,0.485962,-0.450073,0.207458,-0.719910
23.202274084091187,0.692993,1.062500,0.238281,0.542969,0.035156,0.109375,0.013672,0.486145,-0.448975,0.208008,-0.720276
23.222902536392212,0.698730,0.425781,0.273438,-0.007813,0.033203,0.271484,0.089844,0.486206,-0.447021,0.209167,-0.721130
23.242438077926636,0.703979,1.109375,0.121094,-0.222656,0.011719,-0.027344,-0.232422,0.484924,-0.447388,0.208130,-0.722107
23.262492895126343,0.715088,-0.523437,0.257813,0.039063,0.007813,-0.156250,-0.222656,0.483704,-0.448853,0.206116,-0.722534
23.282657384872437,0.717529,1.109375,-0.031250,-0.519531,-0.027344,-0.253906,-0.265625,0.482544,-0.450745,0.203979,-0.722778
23.302796840667725,0.718750,-0.671875,-0.019531,0.453125,-0.007813,-0.203125,-0.187500,0.481506,-0.452637,0.202148,-0.722778
23.3228440284729,0.717651,0.507812,0.187500,0.515625,-0.097656,-0.283203,-0.207031,0.480347,-0.455261,0.200439,-0.722412
23.34290623664856,0.713257,0.875000,-0.093750,-0.222656,-0.076172,-0.195312,-0.115234,0.479736,-0.456970,0.199463,-0.721985
23.362451553344727,0.708740,0.117188,-0.441406,0.148437,0.007813,-0.031250,-0.025391,0.479675,-0.457336,0.198914,-0.721924
23.383196115493774,0.701050,0.070312,-0.371094,-0.734375,0.201172,-0.269531,-0.101563,0.480469,-0.458252,0.195618,-0.721680
23.402731895446777,0.662231,-1.316406,-0.324219,-1.777344,0.644531,-0.222656,-0.107422,0.483215,-0.456055,0.190125,-0.722778
23.42282748222351,0.650269,4.257812,-2.347656,-4.160156,1.248047,1.273438,0.162109,0.487122,-0.441711,0.187622,-0.729675
23.443129062652588,0.644409,0.062500,-4.414062,-3.117188,1.058594,1.623047,-0.144531,0.487915,-0.425354,0.187195,-0.738892
23.46289348602295,0.637329,-1.964844,0.183594,2.730469,0.271484,0.955078,-0.101563,0.486572,-0.416748,0.189209,-0.744141
23.482651472091675,0.639282,-0.796875,2.203125,4.515625,-0.371094,0.566406,-0.181641,0.482788,-0.414307,0.193665,-0.746826
23.503175020217896,0.643921,-0.335938,1.117188,2.363281,-0.802734,0.474609,-0.207031,0.477295,-0.415039,0.200806,-0.748047
23.522998571395874,0.650513,0.574219,1.761719,1.089844,-0.970703,0.279297,-0.080078,0.472351,-0.417480,0.208801,-0.747681
23.542917490005493,0.652222,0.937500,2.015625,0.273438,-0.611328,0.162109,0.083984,0.469971,-0.418945,0.214294,-0.746765
23.563213109970093,0.652222,1.003906,0.820312,-1.187500,-0.007813,0.093750,-0.035156,0.469604,-0.418518,0.214722,-0.747070
23.583102226257324,0.651367,-0.750000,-0.019531,0.574219,0.103516,-0.238281,-0.025391,0.470520,-0.420044,0.212524,-0.746338
23.602954387664795,0.647461,-0.398438,1.343750,2.566406,0.054687,-0.736328,0.021484,0.472534,-0.424927,0.208801,-0.743347
23.623081922531128,0.644409,-0.437500,0.644531,0.894531,0.224609,-0.777344,0.085937,0.475708,-0.429504,0.203979,-0.739990
23.643248319625854,0.635498,0.375000,-0.058594,-1.019531,0.230469,-0.693359,0.134766,0.479187,-0.433289,0.199402,-0.736816
23.662830591201782,0.628418,-0.140625,-0.343750,-0.535156,0.236328,-0.599609,0.013672,0.481506,-0.436523,0.195007,-0.734558
23.683128833770752,0.622681,-0.394531,-0.636719,-0.320313,0.062500,-0.367188,-0.015625,0.482666,-0.438843,0.192566,-0.733032
23.703174114227295,0.614258,0.484375,0.085937,0.230469,0.027344,-0.136719,0.164062,0.484314,-0.439514,0.192322,-0.731628
23.723447799682617,0.606201,1.261719,0.550781,-0.757812,0.023437,-0.021484,0.205078,0.485901,-0.439270,0.192688,-0.730652
23.743231058120728,0.599487,-1.328125,-1.238281,0.195312,0.103516,-0.013672,-0.111328,0.485840,-0.439087,0.191528,-0.731079
23.763373613357544,0.593994,-1.382813,-1.027344,0.070312,0.109375,-0.021484,-0.066406,0.485962,-0.438965,0.190369,-0.731384
23.783464431762695,0.587769,0.707031,0.566406,-0.050781,-0.031250,-0.105469,0.095703,0.486816,-0.439636,0.190369,-0.730408
23.803507566452026,0.587769,0.179687,0.308594,0.109375,-0.050781,-0.087891,0.169922,0.488037,-0.440247,0.190979,-0.729065
23.82353901863098,0.589478,0.082031,-0.320313,-0.566406,0.013672,-0.033203,0.089844,0.488892,-0.440308,0.191040,-0.728455
23.843477249145508,0.591187,-0.761719,-0.656250,-0.066406,0.039063,-0.064453,-0.001953,0.489319,-0.440613,0.190552,-0.728088
23.86357879638672,0.592285,-0.148437,-0.089844,0.046875,-0.009766,-0.066406,0.078125,0.490051,-0.441040,0.190613,-0.727356
23.883568048477173,0.594116,0.347656,0.453125,0.402344,-0.083984,-0.064453,0.142578,0.490906,-0.441650,0.191467,-0.726135
23.903434991836548,0.596191,0.171875,0.285156,0.500000,-0.128906,-0.113281,0.148437,0.491760,-0.442871,0.192322,-0.724609
23.923896312713623,0.595215,-0.355469,0.085937,0.640625,-0.097656,-0.205078,0.058594,0.492249,-0.444580,0.192322,-0.723206
23.94359588623047,0.593018,-0.707031,-0.289063,-0.132812,-0.035156,-0.115234,0.017578,0.492554,-0.445679,0.192139,-0.722351
23.96396803855896,0.590942,0.507812,0.261719,0.148437,-0.126953,-0.091797,0.070312,0.492798,-0.446777,0.192749,-0.721375
23.98347783088684,0.593262,-0.179687,-0.226562,-0.140625,-0.025391,0.007813,0.031250,0.492981,-0.446960,0.193176,-0.721069
24.00421977043152,0.596069,0.050781,-0.410156,-0.441406,-0.017578,0.007813,0.041016,0.493164,-0.446960,0.193542,-0.720764
24.024048328399658,0.597656,-0.019531,0.132812,0.140625,-0.070312,-0.095703,0.000000,0.493164,-0.447937,0.193665,-0.720154
24.043890237808228,0.608765,-0.179687,-0.089844,0.386719,-0.105469,-0.039063,-0.007813,0.492798,-0.448730,0.194031,-0.719788
24.063935041427612,0.614868,-0.066406,-0.273438,-0.898437,0.019531,0.050781,-0.005859,0.492737,-0.448364,0.194214,-0.720032
24.08379101753235,0.623901,0.316406,-0.195312,-1.015625,-0.007813,0.128906,-0.007813,0.492493,-0.447449,0.194824,-0.720581
24.104262113571167,0.646606,-0.089844,-0.203125,0.128906,-0.173828,0.230469,-0.103516,0.490906,-0.446777,0.196228,-0.721741
24.123940467834473,0.656494,-0.578125,-0.042969,-0.835937,-0.123047,0.207031,-0.136719,0.489075,-0.446472,0.197144,-0.722900
24.143836498260498,0.662842,-0.316406,0.148437,0.320313,-0.125000,0.041016,-0.173828,0.487488,-0.446777,0.197388,-0.723694
24.164169311523438,0.666748,1.007813,0.257813,-0.437500,-0.007813,-0.021484,-0.109375,0.486694,-0.447266,0.197021,-0.724060
24.183997631072998,0.665405,0.035156,0.324219,0.019531,0.005859,-0.095703,-0.060547,0.486450,-0.448242,0.196045,-0.723877
24.204092979431152,0.659546,-0.144531,0.203125,0.304688,0.025391,-0.255859,-0.093750,0.486511,-0.449951,0.194458,-0.723267
24.224318981170654,0.630737,-0.441406,0.347656,0.472656,0.037109,-0.203125,-0.037109,0.486816,-0.451355,0.192932,-0.722534
24.244311571121216,0.613770,0.406250,-0.121094,0.066406,0.031250,-0.234375,-0.050781,0.487244,-0.452759,0.191467,-0.721741
24.264249801635742,0.604248,-0.687500,0.062500,0.152344,-0.001953,0.003906,0.076172,0.487976,-0.452759,0.191284,-0.721313
24.284117460250854,0.598633,-0.230469,-0.281250,-0.765625,0.072266,0.037109,0.101563,0.489075,-0.451843,0.191406,-0.721130
24.304591417312622,0.607056,-0.050781,-0.386719,-0.093750,0.093750,0.148437,0.164062,0.490417,-0.450012,0.192322,-0.721130
24.324570178985596,0.615479,0.332031,-0.265625,-0.386719,0.080078,0.113281,0.197266,0.491943,-0.448425,0.193237,-0.720825
24.344411611557007,0.628540,-0.394531,-0.144531,0.128906,0.005859,0.013672,0.125000,0.493042,-0.447876,0.193787,-0.720215
24.36454486846924,0.657227,0.164062,-0.203125,-0.062500,0.021484,0.255859,0.248047,0.494263,-0.446472,0.195190,-0.719910
24.384472131729126,0.671143,-0.179687,-0.035156,-0.578125,-0.052734,-0.070312,0.044922,0.494751,-0.446411,0.195862,-0.719421
24.40509295463562,0.683838,-0.625000,-0.140625,0.695312,-0.066406,0.271484,0.107422,0.494629,-0.444763,0.197998,-0.719910
24.424304485321045,0.701904,0.910156,-0.125000,-0.585937,-0.050781,0.371094,0.009766,0.493713,-0.442505,0.200317,-0.721313
24.444743394851685,0.711182,-0.507812,-0.042969,0.578125,-0.177734,0.238281,-0.115234,0.491760,-0.442139,0.201843,-0.722473
24.46456480026245,0.708984,-1.351563,0.003906,0.320313,-0.015625,-0.214844,-0.296875,0.490356,-0.443604,0.199585,-0.723145
24.48451519012451,0.692383,-0.093750,-0.179687,-2.890625,0.832031,0.171875,-0.279297,0.491699,-0.438232,0.192810,-0.727356
24.504555225372314,0.691772,1.492188,-2.296875,-6.019531,1.705078,1.078125,-0.464844,0.493713,-0.423706,0.183716,-0.736877
24.524580478668213,0.686523,0.664062,0.480469,-0.464844,1.433594,0.935547,-0.347656,0.495422,-0.410400,0.176392,-0.744995
24.544432401657104,0.673828,-0.078125,1.210938,2.328125,0.847656,0.621094,-0.210937,0.496094,-0.402039,0.172180,-0.750061
24.5649676322937,0.668457,0.343750,0.789062,3.742188,0.138672,0.222656,-0.333984,0.493896,-0.400269,0.171021,-0.752747
24.584550142288208,0.666992,-1.664063,-0.023437,4.554687,-0.541016,-0.087891,-0.455078,0.488647,-0.403931,0.172913,-0.753784
24.604796648025513,0.665649,0.265625,0.687500,1.445313,-0.886719,0.056641,-0.302734,0.482666,-0.408447,0.178589,-0.753845
24.62468981742859,0.651733,1.500000,1.539063,0.480469,-1.158203,0.126953,-0.146484,0.476746,-0.413391,0.187195,-0.752869
24.644465446472168,0.638062,-0.070312,2.347656,0.230469,-1.185547,-0.085937,0.070312,0.472717,-0.419495,0.195679,-0.749878
24.664435625076294,0.618896,0.191406,2.480469,0.242187,-0.714844,-0.371094,0.212891,0.471985,-0.424866,0.200073,-0.746094
24.68455219268799,0.583374,-0.890625,-0.261719,-2.046875,0.167969,-0.185547,0.171875,0.474304,-0.425476,0.199036,-0.744568
24.704472064971924,0.562744,-0.011719,-1.171875,-1.320313,0.191406,-0.333984,0.119141,0.476624,-0.427185,0.196106,-0.742920
24.72526454925537,0.547241,-1.574219,0.152344,5.429687,-0.048828,-0.957031,-0.156250,0.477356,-0.434387,0.191650,-0.739380
24.744893550872803,0.513916,-2.753906,0.679687,2.597656,-0.144531,-1.027344,0.048828,0.479004,-0.442749,0.187805,-0.734314
24.765027284622192,0.484375,0.542969,0.437500,-0.042969,0.001953,-0.974609,0.029297,0.481140,-0.449341,0.183289,-0.730042
24.784931898117065,0.460327,0.878906,-1.792969,-3.488281,0.339844,-0.333984,0.060547,0.483826,-0.450500,0.179260,-0.728577
24.80525541305542,0.447266,1.691406,-0.406250,-2.156250,0.238281,-0.228516,0.103516,0.486084,-0.450745,0.176819,-0.727539
24.824600219726562,0.446777,0.343750,0.152344,-0.371094,0.158203,-0.156250,0.087891,0.487732,-0.450928,0.175293,-0.726624
24.844948768615723,0.443970,0.027344,-0.355469,-0.148437,0.052734,-0.042969,0.109375,0.488953,-0.450867,0.175171,-0.725952
24.865113496780396,0.436157,-0.078125,0.191406,0.425781,-0.050781,-0.039063,0.154297,0.490051,-0.451050,0.175964,-0.724915
24.885215759277344,0.438232,0.015625,0.207031,-0.113281,0.000000,-0.019531,0.216797,0.491577,-0.450867,0.176697,-0.723755
24.9051411151886,0.439819,-0.644531,-0.507812,0.156250,0.009766,-0.062500,0.068359,0.492371,-0.451111,0.176758,-0.723083
24.925379991531372,0.440552,-0.722656,-0.500000,0.203125,-0.009766,-0.001953,0.042969,0.492737,-0.451111,0.177002,-0.722778
24.945149898529053,0.444336,0.511719,0.273438,-0.179687,-0.039063,0.007813,0.148437,0.493652,-0.450989,0.177979,-0.721985
24.965659618377686,0.447144,0.382813,0.445312,-0.019531,-0.062500,0.039063,0.175781,0.494568,-0.450745,0.179199,-0.721191
24.985074996948242,0.447510,-0.511719,-0.605469,0.058594,0.013672,0.017578,0.033203,0.494934,-0.450500,0.179382,-0.721069
25.00545835494995,0.449951,-0.886719,-0.718750,-0.097656,0.052734,-0.007813,-0.023437,0.495117,-0.450378,0.178955,-0.721130
25.02541160583496,0.450806,0.261719,0.230469,-0.066406,-0.037109,-0.041016,0.062500,0.495483,-0.450684,0.179138,-0.720581
25.045644521713257,0.451416,0.261719,0.429687,0.394531,-0.095703,-0.060547,0.107422,0.496033,-0.451416,0.179993,-0.719604
25.065436601638794,0.454712,0.238281,0.300781,0.304688,-0.173828,-0.078125,0.126953,0.496338,-0.452576,0.181274,-0.718323
25.085461616516113,0.456543,-0.183594,0.054687,0.562500,-0.167969,-0.113281,0.064453,0.496338,-0.454102,0.182312,-0.717102
25.105480670928955,0.457764,-0.261719,-0.105469,0.019531,-0.208984,-0.066406,0.103516,0.496277,-0.455505,0.183777,-0.715881
25.12538194656372,0.466064,0.246094,0.261719,0.441406,-0.187500,-0.054687,-0.019531,0.495544,-0.456726,0.184937,-0.715332
25.14548420906067,0.477417,-0.058594,-0.488281,-0.683594,-0.095703,0.117188,-0.019531,0.494751,-0.456543,0.185974,-0.715698
25.16551685333252,0.487183,0.367188,-0.175781,-0.566406,-0.048828,0.097656,-0.025391,0.494263,-0.455994,0.186829,-0.716187
25.18577289581299,0.492310,-0.312500,-0.050781,-0.222656,-0.023437,0.134766,0.013672,0.494019,-0.455322,0.187500,-0.716614
25.20547580718994,0.498413,0.460937,-0.011719,-0.269531,-0.019531,0.019531,-0.001953,0.493896,-0.455200,0.187744,-0.716675
25.226030588150024,0.506592,-0.335938,-0.042969,0.191406,-0.033203,-0.066406,-0.031250,0.493713,-0.455872,0.187500,-0.716431
25.245691299438477,0.515503,-0.582031,-0.050781,0.089844,-0.027344,-0.205078,-0.037109,0.493835,-0.457397,0.186646,-0.715576
25.26578140258789,0.550903,-0.222656,-0.160156,0.066406,0.021484,-0.017578,0.158203,0.495056,-0.457214,0.186890,-0.714783
25.285578727722168,0.575317,1.902344,-0.343750,-0.542969,0.070312,0.208984,0.263672,0.497009,-0.454895,0.188477,-0.714539
25.30577254295349,0.593262,0.046875,-0.019531,-0.039063,-0.003906,0.089844,0.166016,0.498291,-0.453552,0.189819,-0.714111
25.32563614845276,0.620117,-0.910156,-0.042969,0.605469,0.070312,0.220703,0.232422,0.499634,-0.451660,0.191406,-0.713989
25.346431732177734,0.629150,1.015625,0.050781,-0.992187,-0.015625,0.232422,0.123047,0.500305,-0.449646,0.193054,-0.714294
25.365617513656616,0.636475,-0.738281,0.019531,0.519531,0.001953,0.218750,0.066406,0.500488,-0.448120,0.194214,-0.714844
25.38578748703003,0.652832,-1.136719,0.218750,0.351563,-0.042969,0.050781,-0.015625,0.500122,-0.447815,0.194763,-0.715088
25.40596628189087,0.660889,0.367188,0.035156,0.457031,-0.003906,0.097656,-0.013672,0.499817,-0.447266,0.195251,-0.715576
25.42624068260193,0.661621,0.035156,-0.003906,-0.546875,-0.066406,0.169922,-0.101563,0.498596,-0.446533,0.196045,-0.716675
25.446287870407104,0.667725,-0.347656,-0.234375,-0.203125,-0.054687,0.183594,-0.164062,0.496887,-0.445923,0.196533,-0.718079
25.465955018997192,0.667969,0.074219,0.257813,0.210937,-0.015625,0.111328,-0.093750,0.496094,-0.445251,0.196777,-0.718994
25.486274480819702,0.668335,1.031250,0.210937,-0.140625,0.029297,0.080078,-0.001953,0.495911,-0.444885,0.196655,-0.719360
25.50618028640747,0.667725,-0.613281,0.242187,0.687500,-0.074219,-0.193359,-0.171875,0.495117,-0.446472,0.195557,-0.719238
25.525943279266357,0.665039,-1.230469,0.156250,0.546875,0.035156,0.021484,-0.037109,0.494873,-0.446777,0.194824,-0.719421
25.546119928359985,0.656982,-1.429688,0.265625,0.242187,-0.007813,-0.117188,-0.126953,0.494263,-0.447754,0.193787,-0.719482
25.566404819488525,0.649292,0.839844,-0.210937,0.097656,0.021484,0.062500,-0.027344,0.494080,-0.447449,0.193665,-0.719849
25.586434602737427,0.639771,0.148437,-0.171875,-0.132812,-0.023437,0.029297,-0.013672,0.493896,-0.447327,0.193909,-0.719971
25.606427907943726,0.637817,-0.347656,-0.210937,0.441406,-0.007813,0.017578,-0.037109,0.493652,-0.447388,0.193787,-0.720154
25.62617325782776,0.637939,-0.882812,-0.058594,0.097656,-0.033203,-0.085937,-0.056641,0.493347,-0.448120,0.193481,-0.719971
25.646495819091797,0.652710,0.296875,-0.250000,0.335938,-0.066406,0.015625,0.087891,0.493774,-0.448059,0.194275,-0.719482
25.666206121444702,0.664429,1.000000,-0.347656,-0.156250,0.001953,0.015625,0.132812,0.494751,-0.447449,0.195190,-0.718933
25.686370611190796,0.675171,-0.164062,-0.148437,-0.425781,-0.037109,0.193359,0.183594,0.495667,-0.445862,0.197144,-0.718811
25.70634889602661,0.684937,0.191406,-0.097656,-0.476562,-0.013672,0.337891,0.261719,0.496643,-0.443359,0.199646,-0.718933
25.726460695266724,0.690186,0.558594,0.121094,0.035156,-0.095703,0.121094,0.031250,0.496521,-0.442627,0.201111,-0.719055
25.74645757675171,0.694580,-1.871094,0.289063,0.570312,-0.085937,0.109375,0.000000,0.496033,-0.442261,0.202148,-0.719360
25.766505241394043,0.699341,0.476562,0.066406,-0.273438,-0.019531,0.105469,-0.013672,0.495605,-0.441650,0.202942,-0.719849
25.786591291427612,0.699829,0.097656,0.027344,0.109375,-0.062500,0.142578,-0.037109,0.494873,-0.440979,0.203735,-0.720520
25.807112455368042,0.699585,0.144531,0.027344,-0.355469,-0.089844,0.117188,-0.107422,0.493774,-0.440613,0.204224,-0.721375
25.826441526412964,0.702393,-0.277344,0.257813,0.410156,-0.070312,0.033203,-0.101563,0.492737,-0.440796,0.204346,-0.721863
25.846677541732788,0.707275,0.261719,0.335938,0.410156,-0.011719,-0.037109,-0.080078,0.492187,-0.441406,0.203918,-0.722046
25.86663556098938,0.708740,0.054687,0.136719,0.226562,0.007813,-0.066406,-0.066406,0.491760,-0.442200,0.203186,-0.722046
25.88649296760559,0.710205,-0.277344,0.203125,-0.148437,0.005859,-0.048828,-0.074219,0.491455,-0.442566,0.202637,-0.722168
25.906569242477417,0.706177,0.781250,0.003906,-0.074219,0.041016,0.103516,-0.013672,0.491394,-0.441833,0.202698,-0.722656
25.92652654647827,0.700684,0.527344,-0.074219,-0.164062,0.027344,-0.009766,-0.103516,0.490723,-0.442017,0.202087,-0.723145
25.946768760681152,0.692749,-1.066406,-0.050781,0.523437,-0.029297,-0.019531,-0.074219,0.490173,-0.442627,0.201660,-0.723328
25.966770887374878,0.684204,0.832031,-0.281250,-0.156250,0.007813,-0.068359,-0.048828,0.490112,-0.443054,0.200989,-0.723267
25.987162351608276,0.677856,-0.554687,-0.402344,-0.417969,0.085937,-0.083984,-0.091797,0.490051,-0.443298,0.199646,-0.723511
26.006645441055298,0.673828,0.152344,-0.417969,-0.578125,0.121094,0.125000,-0.021484,0.490295,-0.441711,0.199280,-0.724426
26.026992082595825,0.652222,1.585938,-0.546875,-0.226562,0.171875,0.380859,0.056641,0.490662,-0.438354,0.200012,-0.726013
26.046745777130127,0.641479,-0.558594,-0.335938,-0.281250,0.128906,0.242187,-0.074219,0.490356,-0.435974,0.200073,-0.727600
26.067306756973267,0.639771,-0.691406,-0.160156,0.484375,-0.039063,0.125000,-0.005859,0.489868,-0.435303,0.200806,-0.728149
26.086994409561157,0.639648,0.007813,0.921875,0.945312,-0.156250,0.021484,-0.037109,0.488953,-0.435852,0.202026,-0.728088
26.107112884521484,0.638306,0.277344,0.019531,0.078125,-0.191406,0.146484,-0.017578,0.487793,-0.435730,0.203796,-0.728455
26.126868963241577,0.638306,0.359375,0.179687,0.093750,-0.119141,0.097656,-0.054687,0.486816,-0.435791,0.204834,-0.728821
26.147093772888184,0.640625,-0.359375,-0.226562,0.062500,-0.097656,0.007813,-0.035156,0.486145,-0.436218,0.205444,-0.728821
26.16706085205078,0.645752,0.054687,-0.113281,-0.226562,-0.074219,0.021484,-0.037109,0.485596,-0.436523,0.205933,-0.728882
26.187182903289795,0.648315,-0.136719,-0.066406,-0.105469,-0.097656,0.009766,-0.029297,0.484924,-0.437012,0.206482,-0.728821
26.207127809524536,0.651001,-0.109375,0.019531,0.402344,-0.138672,-0.041016,-0.048828,0.484192,-0.437988,0.207031,-0.728577
26.22731876373291,0.661987,-0.078125,-0.011719,0.273438,-0.109375,-0.029297,-0.035156,0.483521,-0.438904,0.207520,-0.728394
26.247420072555542,0.667969,-0.199219,-0.003906,-0.125000,-0.105469,-0.113281,-0.044922,0.483093,-0.440247,0.207520,-0.727844
26.267569303512573,0.676025,-0.175781,-0.074219,0.042969,-0.087891,-0.162109,0.039063,0.483398,-0.441528,0.207520,-0.726807
26.2872052192688,0.711792,0.878906,-0.324219,-0.363281,-0.035156,-0.025391,0.187500,0.484741,-0.441467,0.208313,-0.725708
26.30743908882141,0.721069,0.597656,-0.425781,-0.507812,-0.062500,-0.054687,0.210937,0.486267,-0.441650,0.209229,-0.724365
26.327481508255005,0.723755,-0.445312,0.019531,0.226562,-0.054687,-0.207031,0.113281,0.487366,-0.442749,0.209412,-0.722900
26.34749984741211,0.723511,-0.136719,0.113281,-0.054687,-0.042969,-0.083984,0.099609,0.488281,-0.443359,0.209473,-0.721924
26.367550373077393,0.722900,0.320313,0.089844,-0.386719,0.025391,0.007813,0.062500,0.488892,-0.443115,0.209412,-0.721619
26.387645721435547,0.723511,0.214844,0.242187,-0.316406,0.037109,0.033203,-0.009766,0.489075,-0.442444,0.209412,-0.721924
26.407716274261475,0.721558,1.179688,0.011719,-0.093750,0.074219,0.273438,0.070312,0.489441,-0.440186,0.210205,-0.722839
26.42748260498047,0.705933,0.531250,-0.109375,-0.937500,0.185547,0.189453,0.027344,0.490112,-0.437805,0.209900,-0.723938
26.447984218597412,0.694092,-0.750000,-0.203125,-0.976562,0.302734,0.152344,-0.074219,0.490479,-0.435303,0.208252,-0.725647
26.46751618385315,0.679199,-0.328125,-0.164062,-1.101563,0.339844,0.367188,-0.261719,0.489502,-0.431396,0.206299,-0.729187
26.487512826919556,0.667114,-0.242187,-1.519531,-1.570313,0.458984,0.507812,-0.328125,0.488098,-0.426331,0.204102,-0.733704
26.507477045059204,0.666260,0.484375,0.699219,0.742187,0.179687,0.369141,-0.197266,0.486755,-0.423035,0.203674,-0.736633
26.528554916381836,0.661743,0.386719,1.281250,1.414063,0.050781,0.279297,-0.072266,0.485779,-0.421082,0.204285,-0.738220
26.547650575637817,0.660034,0.410156,0.652344,1.078125,-0.220703,0.111328,-0.083984,0.484192,-0.421326,0.206116,-0.738647
26.567834854125977,0.663696,-0.203125,0.898437,1.062500,-0.345703,0.062500,0.027344,0.482849,-0.422546,0.209106,-0.737976
26.587774991989136,0.669189,1.218750,0.828125,0.421875,-0.515625,-0.054687,0.152344,0.481812,-0.424927,0.213013,-0.736145
26.60793948173523,0.682251,-0.105469,0.890625,1.832031,-0.162109,-0.048828,-0.111328,0.480286,-0.426819,0.214600,-0.735596
26.62779664993286,0.686646,-1.882813,-2.378906,-2.074219,-0.140625,0.054687,-0.015625,0.479492,-0.427551,0.215576,-0.735413
26.647799491882324,0.683594,0.492187,-0.027344,-1.746094,0.050781,-0.103516,-0.015625,0.479919,-0.427795,0.214966,-0.735168
26.667861938476562,0.668945,0.292969,-0.148437,-0.789062,0.134766,0.017578,0.064453,0.481018,-0.427002,0.214233,-0.735107
26.687748670578003,0.659790,0.261719,-0.003906,-0.773437,0.080078,0.000000,0.103516,0.482117,-0.426270,0.213989,-0.734863
26.70789384841919,0.651733,-0.027344,-0.003906,1.011719,-0.035156,-0.001953,0.011719,0.482422,-0.426086,0.214233,-0.734741
26.728012323379517,0.648926,-0.058594,-0.226562,-0.902344,0.058594,0.130859,0.128906,0.483032,-0.425049,0.214783,-0.734802
26.748202800750732,0.655396,0.617187,-0.109375,-0.070312,-0.023437,0.029297,0.013672,0.483093,-0.424622,0.215271,-0.734802
26.76816153526306,0.661987,-0.640625,-0.148437,0.085937,-0.037109,0.089844,0.011719,0.482849,-0.424133,0.216125,-0.735046
26.788177490234375,0.667847,0.140625,-0.101563,-0.070312,-0.087891,0.117188,0.011719,0.482300,-0.423767,0.217346,-0.735229
26.80799651145935,0.686401,-0.042969,-0.019531,-0.070312,-0.126953,0.171875,0.015625,0.481567,-0.423096,0.218994,-0.735596
26.828377962112427,0.698364,0.480469,-0.042969,-0.296875,-0.113281,0.234375,0.019531,0.480835,-0.421936,0.220947,-0.736145
26.848161458969116,0.702759,0.082031,-0.179687,0.054687,-0.109375,0.216797,0.033203,0.480286,-0.420837,0.222656,-0.736633
26.868118047714233,0.708984,0.066406,0.027344,-0.445312,0.011719,0.064453,0.023437,0.480225,-0.420288,0.223389,-0.736816
26.888389587402344,0.709229,-0.070312,-0.046875,0.550781,-0.015625,0.021484,0.042969,0.480347,-0.420227,0.223877,-0.736572
26.908459424972534,0.709961,0.011719,0.035156,-0.023437,-0.001953,-0.058594,0.068359,0.481018,-0.420654,0.223816,-0.735962
26.928499698638916,0.709839,0.394531,0.160156,-0.320313,0.039063,-0.216797,0.062500,0.482300,-0.421570,0.222961,-0.734802
26.948126077651978,0.708862,-0.414062,0.273438,0.222656,0.103516,-0.117188,0.224609,0.484253,-0.421997,0.222351,-0.733459
26.96825623512268,0.707642,-0.984375,0.128906,0.453125,0.015625,-0.253906,0.054687,0.485413,-0.423340,0.221497,-0.732178
26.98822569847107,0.706909,0.195312,0.058594,0.355469,0.009766,-0.164062,0.050781,0.486206,-0.424561,0.220764,-0.731201
27.00876474380493,0.700562,-0.238281,0.019531,-0.167969,-0.011719,-0.263672,-0.007813,0.486877,-0.426392,0.219299,-0.730103
27.028403282165527,0.698486,0.535156,0.625000,-0.957031,0.080078,-0.267578,0.027344,0.488037,-0.427917,0.217346,-0.729004
27.048975467681885,0.687988,-0.292969,-0.031250,0.468750,0.082031,-0.210937,-0.029297,0.488708,-0.429199,0.215454,-0.728333
27.06856393814087,0.672729,-0.132812,0.113281,-0.671875,0.076172,-0.189453,0.007813,0.489502,-0.430176,0.213989,-0.727722
27.088829278945923,0.661865,0.617187,-0.394531,0.324219,0.160156,-0.181641,-0.005859,0.490417,-0.430603,0.212219,-0.727356
27.108495950698853,0.650635,-0.242187,-0.300781,-0.824219,0.191406,0.054687,-0.007813,0.491211,-0.429199,0.210999,-0.728027
27.128575325012207,0.634399,1.289063,-0.660156,-1.554688,0.310547,0.312500,0.042969,0.491943,-0.425537,0.210510,-0.729797
27.148565769195557,0.629761,-0.242187,-0.347656,-0.574219,0.109375,0.306641,-0.273438,0.490112,-0.422852,0.209656,-0.732849
27.16858148574829,0.626587,-2.500000,-1.000000,1.140625,0.369141,0.437500,-0.417969,0.487671,-0.419006,0.207703,-0.737183
27.188481092453003,0.628174,1.628906,0.539062,0.210937,0.175781,0.431641,-0.251953,0.485718,-0.415527,0.207336,-0.740540
27.208840370178223,0.634766,-0.050781,1.457031,1.460938,-0.068359,0.244141,-0.117188,0.484009,-0.414307,0.208557,-0.742004
27.22853684425354,0.643433,0.722656,1.152344,1.484375,-0.302734,0.025391,-0.029297,0.482544,-0.415649,0.210754,-0.741638
27.249104976654053,0.665039,-0.195312,1.218750,2.058594,-0.505859,-0.191406,0.042969,0.481140,-0.419373,0.213806,-0.739563
27.26919150352478,0.676758,0.019531,0.019531,1.187500,-0.240234,-0.150391,-0.091797,0.479553,-0.422241,0.215454,-0.738464
27.289058923721313,0.684448,-0.656250,-1.445313,-0.781250,-0.208984,-0.013672,-0.111328,0.477905,-0.423523,0.216736,-0.738464
27.30891466140747,0.688599,0.171875,-0.050781,-1.277344,-0.093750,0.199219,0.007813,0.477051,-0.422791,0.218262,-0.738953
27.328775882720947,0.689941,1.222656,-0.273438,-1.203125,-0.050781,0.097656,-0.005859,0.476562,-0.422302,0.219055,-0.739319
27.34935688972473,0.687500,-0.410156,-0.035156,-0.054687,-0.050781,0.009766,-0.042969,0.475952,-0.422607,0.219299,-0.739441
27.369181632995605,0.690552,-0.457031,-0.035156,0.253906,-0.076172,-0.089844,-0.041016,0.475647,-0.423645,0.219299,-0.739014
27.389505624771118,0.703857,0.140625,-0.140625,0.046875,-0.070312,-0.134766,0.078125,0.476196,-0.424683,0.219604,-0.738037
27.408835649490356,0.713867,0.714844,-0.242187,-0.050781,-0.035156,0.064453,0.244141,0.477600,-0.424133,0.220886,-0.737000
27.4290874004364,0.721436,-0.250000,-0.062500,-0.398438,-0.048828,0.080078,0.205078,0.478821,-0.423218,0.222351,-0.736328
27.449512720108032,0.727051,0.058594,0.074219,-0.050781,-0.029297,0.087891,0.201172,0.479919,-0.422363,0.223572,-0.735718
27.469428062438965,0.727295,-0.019531,0.234375,0.207031,-0.005859,-0.001953,0.070312,0.480469,-0.422119,0.224060,-0.735352
27.488935232162476,0.727661,-0.621094,0.214844,-0.023437,-0.017578,0.007813,0.019531,0.480530,-0.422119,0.224304,-0.735229
27.509469032287598,0.727417,-0.421875,0.214844,0.285156,-0.056641,-0.017578,-0.025391,0.480225,-0.422546,0.224487,-0.735107
27.529215335845947,0.726685,0.601562,0.027344,0.187500,-0.044922,0.021484,0.005859,0.480103,-0.422485,0.224915,-0.735107
27.549753427505493,0.725098,0.296875,-0.046875,-0.542969,0.060547,0.138672,0.025391,0.480225,-0.421265,0.225220,-0.735657
27.56947088241577,0.722290,0.433594,-0.046875,-0.941406,0.080078,0.142578,0.021484,0.480408,-0.419861,0.225403,-0.736267
27.589436054229736,0.720703,-0.046875,0.175781,0.375000,0.037109,0.068359,-0.025391,0.480225,-0.419189,0.225342,-0.736816
27.60943865776062,0.716553,-0.382813,0.167969,0.175781,0.011719,-0.027344,-0.166016,0.479248,-0.419434,0.224670,-0.737488
27.629453659057617,0.713623,-1.097656,0.121094,0.207031,0.021484,0.109375,-0.066406,0.478394,-0.419189,0.224426,-0.738281
27.649567127227783,0.708374,1.539063,-0.285156,-0.445312,-0.095703,-0.080078,-0.283203,0.476074,-0.420593,0.223816,-0.739136
27.66938853263855,0.710571,-0.617187,-0.218750,0.683594,-0.144531,0.115234,-0.279297,0.473267,-0.421143,0.224304,-0.740479
27.689621210098267,0.710815,1.542969,-0.218750,-0.796875,-0.136719,0.257813,-0.138672,0.471313,-0.419983,0.225708,-0.741943
27.70943284034729,0.715332,0.058594,0.082031,0.308594,-0.082031,0.253906,-0.027344,0.470276,-0.418823,0.227112,-0.742859
27.729700803756714,0.721069,0.496094,0.136719,0.414062,-0.097656,-0.021484,-0.054687,0.469482,-0.419373,0.227722,-0.742859
27.751241445541382,0.730347,-0.125000,-0.125000,0.390625,-0.150391,0.052734,0.037109,0.469116,-0.419678,0.229004,-0.742554
27.769797325134277,0.742065,1.375000,-0.222656,-0.472656,-0.105469,0.121094,0.121094,0.469360,-0.419189,0.230591,-0.742187
27.789597511291504,0.742187,0.410156,-0.054687,-0.351563,-0.046875,-0.119141,0.105469,0.470276,-0.419373,0.231506,-0.741211
27.809847116470337,0.739380,-0.453125,0.160156,0.078125,0.023437,0.048828,0.232422,0.471863,-0.418396,0.232910,-0.740295
27.830713272094727,0.730835,0.191406,0.097656,-0.234375,0.046875,-0.013672,0.154297,0.473145,-0.418091,0.233154,-0.739563
27.850127935409546,0.729248,-1.968750,0.296875,0.109375,0.021484,-0.162109,0.007813,0.473694,-0.419250,0.232178,-0.738831
27.870049953460693,0.725098,0.191406,0.105469,0.039063,0.154297,-0.152344,-0.035156,0.474609,-0.419312,0.230225,-0.738831
27.89003324508667,0.717651,-0.015625,-0.148437,-1.355469,0.707031,0.244141,0.042969,0.476990,-0.413879,0.225525,-0.741821
27.909700870513916,0.693359,-1.105469,-4.363281,-6.734375,1.509766,0.808594,-0.621094,0.477173,-0.402466,0.216248,-0.750732
27.92960476875305,0.687622,-1.480469,-2.765625,-1.199219,1.177734,0.882812,-0.439453,0.476624,-0.391235,0.209534,-0.758850
27.949837923049927,0.682373,2.851563,1.316406,1.246094,0.769531,0.664062,-0.300781,0.475586,-0.383728,0.205994,-0.764282
27.969675064086914,0.658691,0.121094,0.898437,2.761719,-0.330078,0.005859,-0.505859,0.470642,-0.385986,0.206543,-0.766052
27.990258932113647,0.648560,-2.316406,1.089844,4.828125,-0.996094,-0.353516,-0.517578,0.463745,-0.394043,0.210388,-0.765137
28.009838342666626,0.643677,1.136719,1.125000,1.300781,-1.210938,-0.273438,-0.308594,0.457214,-0.402161,0.217163,-0.762939
28.03020405769348,0.637207,1.222656,1.433594,-0.886719,-1.101563,-0.029297,-0.066406,0.452271,-0.407532,0.224731,-0.760864
28.05022168159485,0.633545,1.320313,1.386719,-1.847656,-0.652344,0.044922,-0.042969,0.449158,-0.410400,0.230164,-0.759521
28.07048797607422,0.627686,0.171875,1.238281,-0.722656,-0.500000,-0.023437,0.144531,0.448364,-0.412354,0.234131,-0.757751
28.090309858322144,0.611816,0.500000,1.109375,-0.652344,-0.027344,-0.132812,0.310547,0.450928,-0.412659,0.235107,-0.755737
28.110524654388428,0.597290,0.496094,0.910156,-1.363281,0.425781,-0.134766,0.500000,0.456543,-0.410706,0.233337,-0.753967
28.130271911621094,0.587402,-0.683594,0.011719,0.582031,0.435547,-0.152344,0.425781,0.461731,-0.409302,0.231201,-0.752197
28.15023684501648,0.574951,-1.765625,-0.347656,4.097656,-0.068359,-0.548828,0.144531,0.464172,-0.412781,0.229553,-0.749329
28.17059636116028,0.569702,-1.796875,-0.523437,2.375000,0.169922,-0.482422,0.148437,0.467041,-0.415222,0.226807,-0.747009
28.190375089645386,0.563843,1.320313,-0.714844,-2.390625,0.341797,-0.306641,0.212891,0.470581,-0.415710,0.223755,-0.745422
28.21006417274475,0.557007,-0.640625,-0.242187,0.382813,0.216797,-0.306641,0.093750,0.473022,-0.416748,0.221069,-0.744141
28.23039698600769,0.547241,0.300781,-0.105469,-0.015625,0.093750,-0.283203,0.125000,0.474976,-0.418091,0.219482,-0.742615
28.25026559829712,0.542847,0.093750,0.546875,0.421875,0.009766,-0.226562,0.125000,0.476501,-0.419373,0.218750,-0.741089
28.27009081840515,0.538940,0.085937,0.019531,0.128906,0.097656,-0.121094,0.076172,0.477661,-0.419739,0.217896,-0.740356
28.29088830947876,0.522827,-0.218750,-0.402344,-0.031250,0.105469,-0.103516,0.031250,0.478638,-0.419922,0.216675,-0.739990
28.31044912338257,0.518799,-0.148437,0.308594,-0.078125,-0.001953,-0.126953,0.027344,0.479126,-0.420837,0.216003,-0.739380
28.330731868743896,0.510986,0.101563,0.425781,1.050781,-0.078125,-0.154297,-0.009766,0.479248,-0.422241,0.215759,-0.738586
28.35023045539856,0.510742,-0.097656,-0.140625,-0.160156,0.007813,-0.027344,0.113281,0.480103,-0.422363,0.216003,-0.737854
28.370571851730347,0.508179,0.332031,0.203125,0.152344,-0.068359,-0.068359,0.132812,0.480957,-0.422852,0.216675,-0.736816
28.398141860961914,0.505981,-0.617187,-0.050781,0.550781,-0.097656,-0.087891,0.033203,0.481018,-0.423828,0.217102,-0.736084
28.41095209121704,0.514160,-0.011719,-0.035156,0.031250,-0.085937,0.001953,-0.017578,0.480530,-0.424255,0.217712,-0.735962
28.43071222305298,0.522217,-0.011719,-0.027344,0.046875,-0.050781,0.076172,-0.019531,0.480042,-0.424011,0.218445,-0.736206
28.451085805892944,0.530151,0.218750,-0.210937,-0.335938,-0.023437,0.208984,-0.001953,0.479553,-0.422546,0.219604,-0.737061
28.470741271972656,0.559082,0.632812,-0.132812,-0.429687,0.013672,0.322266,0.039063,0.479187,-0.420227,0.221130,-0.738159
28.49062180519104,0.573608,0.203125,-0.019531,-0.031250,-0.044922,0.191406,0.035156,0.478821,-0.418945,0.222473,-0.738708
28.510838747024536,0.585815,-0.308594,0.066406,0.652344,-0.068359,-0.035156,-0.001953,0.478638,-0.419434,0.222778,-0.738464
28.530797719955444,0.601074,-0.691406,-0.117188,-0.488281,0.011719,-0.197266,-0.027344,0.478821,-0.420776,0.221863,-0.737854
28.551111936569214,0.628418,0.050781,-0.117188,-0.398438,0.003906,-0.160156,0.056641,0.479614,-0.421814,0.221313,-0.736938
28.570957899093628,0.644531,0.578125,-0.195312,0.222656,0.003906,0.074219,0.263672,0.481384,-0.420898,0.222351,-0.735962
28.59127712249756,0.666016,1.921875,-0.363281,-0.238281,0.070312,-0.029297,0.203125,0.483276,-0.419800,0.223145,-0.735107
28.61087465286255,0.684082,0.042969,-0.046875,0.398438,-0.007813,0.181641,0.207031,0.484436,-0.418152,0.224670,-0.734863
28.63102102279663,0.688354,0.242187,0.042969,-0.261719,-0.021484,0.261719,0.169922,0.485046,-0.416077,0.226440,-0.735107
28.651169061660767,0.693726,-0.093750,-0.054687,0.484375,-0.042969,0.250000,-0.005859,0.484436,-0.414368,0.227844,-0.736023
28.671001434326172,0.699463,-1.218750,0.175781,0.007813,-0.019531,0.208984,-0.044922,0.483582,-0.412842,0.228943,-0.737122
28.690810918807983,0.701904,0.375000,0.250000,0.070312,-0.021484,0.306641,-0.001953,0.482666,-0.410889,0.230469,-0.738281
28.711188316345215,0.705811,0.445312,0.136719,0.472656,-0.039063,0.195312,-0.044922,0.481628,-0.409851,0.231506,-0.739197
28.731460332870483,0.709961,-0.535156,-0.093750,-0.300781,-0.107422,-0.033203,-0.222656,0.479980,-0.410645,0.231262,-0.739929
28.75138807296753,0.711304,-1.332031,-0.054687,0.089844,0.078125,0.093750,-0.017578,0.479614,-0.410034,0.231018,-0.740601
28.77105951309204,0.711304,0.699219,0.082031,0.390625,-0.044922,-0.037109,-0.142578,0.478760,-0.410400,0.230713,-0.741028
28.791016817092896,0.707764,-1.808594,0.234375,0.656250,0.007813,0.111328,-0.021484,0.478210,-0.410034,0.230774,-0.741577
28.811225175857544,0.699463,1.910156,-0.039063,-0.300781,-0.025391,-0.001953,-0.093750,0.477478,-0.410278,0.230591,-0.741943
28.83109426498413,0.697144,-1.093750,0.105469,0.429687,0.003906,-0.103516,-0.117188,0.476807,-0.411316,0.229736,-0.742126
28.85151767730713,0.694580,-0.054687,0.097656,0.167969,-0.039063,-0.091797,-0.115234,0.476074,-0.412170,0.229248,-0.742249
28.87139105796814,0.681274,0.843750,-0.210937,0.214844,0.029297,0.000000,-0.050781,0.475769,-0.412231,0.228943,-0.742493
28.891781330108643,0.674316,-0.390625,0.011719,-0.515625,-0.027344,-0.037109,-0.039063,0.475403,-0.412598,0.228760,-0.742554
28.911527395248413,0.675903,0.023437,-0.140625,0.453125,-0.011719,0.013672,-0.005859,0.475281,-0.412720,0.228821,-0.742615
28.931585550308228,0.679932,-0.746094,-0.027344,-0.007813,-0.021484,-0.052734,-0.062500,0.474854,-0.413391,0.228394,-0.742554
28.951526641845703,0.687256,-0.339844,-0.027344,0.000000,-0.037109,-0.128906,-0.060547,0.474609,-0.414673,0.227905,-0.742187
28.97157049179077,0.698608,-0.054687,-0.101563,0.207031,-0.062500,-0.183594,0.048828,0.475037,-0.416077,0.227844,-0.741150
28.991570711135864,0.723633,0.589844,-0.246094,0.144531,-0.082031,-0.068359,0.207031,0.476379,-0.416321,0.229065,-0.739746
29.011606454849243,0.727661,1.453125,-0.187500,-0.289063,-0.001953,-0.044922,0.271484,0.478455,-0.415771,0.230530,-0.738342
29.03157925605774,0.725342,-0.453125,0.035156,0.167969,-0.029297,0.158203,0.400391,0.480713,-0.414429,0.232605,-0.736938
29.05179214477539,0.710937,1.027344,-0.015625,-0.328125,-0.062500,0.046875,0.291016,0.482849,-0.413513,0.234375,-0.735474
29.071473360061646,0.702637,-0.917969,0.054687,0.476562,0.074219,0.158203,0.460937,0.486145,-0.411499,0.236267,-0.733887
29.091624975204468,0.685913,0.078125,0.390625,-0.191406,0.089844,-0.234375,0.347656,0.489746,-0.411560,0.236145,-0.731445
29.111717462539673,0.674316,-1.765625,0.445312,0.152344,0.146484,-0.328125,0.294922,0.493164,-0.412537,0.234741,-0.729065
29.131513118743896,0.645874,0.273438,0.300781,-0.343750,0.150391,-0.197266,0.207031,0.495789,-0.412659,0.233398,-0.727600
29.152076959609985,0.630005,0.089844,0.101563,-0.238281,0.326172,0.003906,0.140625,0.498108,-0.410828,0.231812,-0.727600
29.17181944847107,0.616211,0.257813,0.421875,-0.515625,0.332031,0.060547,0.113281,0.499878,-0.408936,0.230164,-0.727905
29.19193196296692,0.589722,-1.257813,0.128906,1.738281,0.177734,-0.158203,-0.109375,0.500244,-0.408936,0.228027,-0.728333
29.21175265312195,0.566650,-1.511719,-0.085937,0.113281,0.246094,0.166016,-0.087891,0.500061,-0.407043,0.226501,-0.730042
29.232158184051514,0.548340,-0.824219,-0.660156,-0.738281,0.187500,0.304688,-0.416016,0.497192,-0.404480,0.224731,-0.734009
29.251925945281982,0.534790,-2.839844,-2.355469,-1.398438,0.484375,0.611328,-0.738281,0.492493,-0.399414,0.221741,-0.740784
29.272229194641113,0.538452,1.046875,-0.847656,-1.691406,0.298828,0.662109,-0.423828,0.488831,-0.394165,0.220947,-0.746216
29.292165279388428,0.552612,1.742188,1.312500,1.089844,0.013672,0.486328,-0.408203,0.484924,-0.391235,0.221680,-0.750122
29.31199812889099,0.582520,0.019531,0.898437,2.238281,-0.240234,0.333984,-0.281250,0.481079,-0.390503,0.223877,-0.752258
29.331763982772827,0.600586,0.019531,1.167969,1.824219,-0.423828,0.132812,-0.160156,0.477905,-0.391846,0.227051,-0.752686
29.351813077926636,0.615967,0.171875,0.746094,1.257813,-0.541016,0.017578,-0.132812,0.474731,-0.394531,0.230530,-0.752197
29.37225914001465,0.635010,-0.195312,0.179687,0.761719,-0.402344,-0.136719,-0.109375,0.472717,-0.397583,0.232544,-0.751282
29.392202615737915,0.641724,1.082031,-0.011719,-0.753906,-0.271484,-0.115234,0.017578,0.471863,-0.399841,0.234192,-0.750122
29.412404537200928,0.647949,0.148437,0.136719,0.140625,-0.220703,-0.056641,-0.031250,0.470886,-0.401245,0.235352,-0.749573
29.43202257156372,0.658447,-0.359375,-0.835937,-0.898437,-0.101563,0.041016,-0.039063,0.470154,-0.401367,0.236145,-0.749695
29.45234704017639,0.677612,0.484375,0.003906,-0.316406,-0.003906,0.093750,0.029297,0.470093,-0.400757,0.236633,-0.749939
29.472344160079956,0.679565,-0.152344,0.011719,-0.515625,0.066406,-0.019531,0.013672,0.470398,-0.400513,0.236328,-0.750000
29.49216604232788,0.670288,0.078125,0.121094,0.355469,0.011719,-0.039063,0.011719,0.470642,-0.400818,0.236023,-0.749756
29.5124728679657,0.659912,-0.457031,-0.070312,0.554687,0.025391,-0.169922,-0.029297,0.470886,-0.401917,0.235107,-0.749268
29.532635927200317,0.654297,-0.519531,0.121094,-0.085937,-0.031250,-0.042969,0.041016,0.471252,-0.402344,0.235107,-0.748840
29.55268359184265,0.649292,0.316406,-0.187500,-0.617187,0.035156,-0.058594,0.062500,0.471985,-0.402466,0.234863,-0.748413
29.57261085510254,0.657104,-0.335938,-0.179687,-0.546875,0.062500,-0.082031,0.156250,0.473572,-0.402405,0.234558,-0.747559
29.59274649620056,0.665039,0.945312,-0.179687,-0.011719,0.035156,-0.007813,0.250000,0.475464,-0.401917,0.235046,-0.746460
29.612448930740356,0.674194,0.402344,-0.085937,0.480469,-0.052734,-0.072266,0.117188,0.476562,-0.402039,0.235657,-0.745483
29.632457494735718,0.691528,0.839844,-0.156250,-0.355469,-0.007813,0.033203,0.164062,0.477600,-0.401428,0.236511,-0.744812
29.652633905410767,0.695923,-0.289063,-0.140625,-0.585937,-0.031250,0.123047,0.150391,0.478333,-0.400269,0.237793,-0.744568
29.673176288604736,0.700928,0.316406,-0.164062,-0.093750,-0.025391,0.191406,0.105469,0.478516,-0.398682,0.239441,-0.744812
29.69283413887024,0.703491,-0.027344,0.000000,-0.140625,-0.027344,0.240234,0.046875,0.478149,-0.397156,0.240967,-0.745422
29.712629795074463,0.716431,-0.531250,0.238281,0.425781,-0.048828,0.109375,-0.017578,0.477478,-0.396484,0.241882,-0.745850
29.732695817947388,0.720703,-0.054687,0.207031,0.156250,-0.091797,0.128906,-0.042969,0.476440,-0.396057,0.242920,-0.746399
29.753164052963257,0.724731,0.218750,-0.175781,-0.070312,-0.138672,0.066406,-0.195312,0.474670,-0.396240,0.243469,-0.747314
29.772839784622192,0.729126,-1.097656,-0.062500,-0.062500,0.025391,0.093750,-0.044922,0.473938,-0.395752,0.243408,-0.748047
29.793007850646973,0.729126,-0.253906,0.238281,0.464844,-0.001953,-0.031250,-0.121094,0.473022,-0.396301,0.242798,-0.748474
29.81309413909912,0.731201,-0.929687,0.265625,0.503906,-0.003906,-0.074219,-0.136719,0.472168,-0.397095,0.242065,-0.748840
29.833057403564453,0.729736,0.847656,0.027344,-0.140625,0.046875,-0.013672,-0.085937,0.471619,-0.397400,0.241272,-0.749329
29.852845668792725,0.727783,0.140625,0.019531,-0.292969,0.042969,-0.189453,-0.210937,0.470703,-0.398926,0.239502,-0.749634
29.872636079788208,0.724609,0.324219,0.082031,0.441406,0.105469,-0.181641,-0.072266,0.470825,-0.400085,0.237671,-0.749512
29.892825841903687,0.705688,1.023438,0.136719,-0.554687,0.042969,-0.025391,-0.013672,0.471008,-0.400085,0.237000,-0.749634
29.913150548934937,0.698242,0.324219,-0.476562,0.664062,0.048828,0.031250,-0.009766,0.471008,-0.399658,0.236877,-0.749878
29.933044910430908,0.691284,-0.328125,-0.140625,-0.226562,-0.001953,0.029297,-0.005859,0.470825,-0.399536,0.236938,-0.750061
29.953301191329956,0.680176,-0.289063,-0.179687,0.082031,0.001953,-0.019531,-0.046875,0.470459,-0.399597,0.236694,-0.750305
29.97323703765869,0.682861,-0.296875,-0.148437,-0.683594,0.009766,0.089844,-0.048828,0.469849,-0.398987,0.237000,-0.750916
29.993133783340454,0.686035,0.246094,-0.261719,0.074219,-0.031250,0.326172,0.015625,0.468994,-0.396790,0.238708,-0.752075
30.013465404510498,0.691284,0.863281,-0.453125,-0.257813,-0.130859,0.375000,-0.095703,0.466858,-0.394897,0.240906,-0.753662
30.033587217330933,0.704590,-1.496094,0.128906,1.039063,-0.121094,0.257813,-0.169922,0.464355,-0.393921,0.242676,-0.755188
30.05324149131775,0.710083,1.351563,0.367188,-0.601562,-0.056641,0.306641,-0.009766,0.463379,-0.391907,0.244324,-0.756287
30.073474168777466,0.714233,1.308594,0.328125,-0.386719,-0.007813,0.169922,0.085937,0.463440,-0.390503,0.245483,-0.756653
30.092979669570923,0.719849,0.257813,0.335938,0.785156,-0.060547,0.001953,0.003906,0.463196,-0.390747,0.245972,-0.756470
30.113401174545288,0.720459,-0.269531,-0.078125,-0.242187,-0.046875,-0.171875,-0.060547,0.462952,-0.392273,0.245483,-0.755981
30.1335871219635,0.722534,-0.953125,-0.078125,0.089844,-0.078125,-0.177734,-0.031250,0.462891,-0.393921,0.245117,-0.755310
30.153400897979736,0.722168,0.554687,-0.222656,0.035156,-0.035156,0.085937,0.144531,0.463562,-0.393250,0.246033,-0.754944
30.173465251922607,0.723389,1.468750,-0.371094,-0.656250,0.023437,0.046875,0.115234,0.464478,-0.392273,0.246826,-0.754639
30.19349765777588,0.721191,-0.277344,-0.046875,0.746094,-0.078125,0.125000,0.179687,0.465210,-0.391296,0.248352,-0.754150
30.21334457397461,0.719238,0.679687,-0.183594,0.402344,-0.048828,0.189453,0.201172,0.466064,-0.389465,0.250427,-0.753906
30.233508825302124,0.716553,0.160156,0.023437,-0.218750,-0.005859,0.232422,0.121094,0.466370,-0.387512,0.252075,-0.754211
30.253517866134644,0.714844,-0.300781,0.144531,-0.539062,-0.052734,0.189453,0.050781,0.466125,-0.386169,0.253357,-0.754639
30.273635387420654,0.725464,0.652344,0.113281,-0.433594,-0.013672,0.169922,0.033203,0.465820,-0.384766,0.254456,-0.755127
30.293688774108887,0.728149,-0.398438,-0.031250,0.285156,-0.078125,0.169922,-0.003906,0.465027,-0.383972,0.255615,-0.755615
30.3138587474823,0.728271,-0.191406,-0.101563,0.285156,-0.062500,0.062500,-0.078125,0.464111,-0.383789,0.256165,-0.756104
30.33381152153015,0.731445,0.882812,0.207031,-0.363281,0.000000,0.140625,0.019531,0.463684,-0.382874,0.256836,-0.756592
30.353466749191284,0.735962,0.398438,0.054687,0.093750,-0.066406,0.078125,-0.169922,0.462036,-0.382874,0.257080,-0.757568
30.373697996139526,0.738403,-2.335938,0.089844,0.250000,-0.039063,0.074219,-0.250000,0.459839,-0.383240,0.256653,-0.758850
30.39348006248474,0.738770,0.925781,0.074219,-0.593750,0.001953,0.013672,-0.117188,0.458679,-0.383728,0.256104,-0.759460
30.41393280029297,0.741577,-0.980469,0.144531,0.441406,-0.019531,-0.085937,-0.121094,0.457886,-0.384644,0.255371,-0.759705
30.43376135826111,0.740234,1.371094,0.023437,-0.472656,0.048828,-0.111328,-0.134766,0.457275,-0.385376,0.254211,-0.760132
30.453980445861816,0.738403,-1.265625,0.082031,-0.203125,0.056641,-0.037109,-0.128906,0.456482,-0.385925,0.253174,-0.760620
30.47415590286255,0.732422,0.550781,-0.046875,-0.089844,-0.029297,0.009766,-0.029297,0.455933,-0.386108,0.253235,-0.760864
30.493803024291992,0.730835,-0.109375,-0.117188,-0.347656,0.019531,0.046875,-0.027344,0.455688,-0.385742,0.253296,-0.761169
30.51398015022278,0.728516,0.050781,-0.046875,-0.546875,0.033203,0.056641,-0.019531,0.455444,-0.385315,0.253235,-0.761536
30.534251928329468,0.733765,-0.292969,0.019531,0.324219,-0.039063,-0.128906,-0.068359,0.455017,-0.386719,0.252747,-0.761292
30.554224491119385,0.741699,-0.890625,0.027344,0.609375,-0.123047,-0.273438,-0.048828,0.454895,-0.389160,0.252441,-0.760193
30.57390284538269,0.744873,1.875000,-0.382813,0.035156,-0.107422,-0.023437,0.193359,0.455811,-0.389709,0.253662,-0.758972
30.59445858001709,0.749146,0.394531,-0.246094,-0.867187,-0.050781,0.029297,0.210937,0.457031,-0.388977,0.255310,-0.758057
30.614144563674927,0.756958,0.656250,-0.109375,-0.402344,-0.093750,0.259766,0.218750,0.457581,-0.386963,0.257996,-0.757812
30.634138822555542,0.760254,0.097656,-0.046875,-0.101563,-0.056641,0.361328,0.125000,0.457397,-0.384277,0.260437,-0.758484
30.654259204864502,0.763550,0.078125,-0.031250,-0.808594,0.023437,0.335938,0.046875,0.456970,-0.381531,0.261658,-0.759705
30.674440383911133,0.759521,-1.179688,0.007813,-1.453125,0.335938,0.125000,-0.162109,0.456543,-0.379272,0.258911,-0.762024
30.694319009780884,0.755493,-0.351563,-0.925781,-3.460938,1.556641,0.695312,-0.361328,0.457886,-0.367737,0.250244,-0.769714
30.714412450790405,0.756348,1.382813,-4.515625,-10.261719,2.466797,1.878906,0.226562,0.463318,-0.342346,0.240723,-0.781128
30.74158811569214,0.754517,1.777344,1.214844,-1.820313,2.458984,1.855469,0.292969,0.469299,-0.315369,0.230896,-0.791809
30.754398822784424,0.749023,-1.281250,0.089844,-1.433594,2.646484,1.890625,0.347656,0.475891,-0.287109,0.219788,-0.801758
30.77504825592041,0.742310,0.042969,0.992187,-0.085937,2.628906,2.001953,0.511719,0.482788,-0.257568,0.209595,-0.810364
30.79441237449646,0.721802,-0.601562,1.253906,1.273438,2.398438,1.789063,0.568359,0.489319,-0.230347,0.200684,-0.816833
30.821759462356567,0.705444,-0.300781,1.699219,1.671875,1.947266,1.621094,0.617187,0.495300,-0.206238,0.194214,-0.821228
30.83424735069275,0.658691,-0.304688,2.214844,2.992188,1.322266,1.302734,0.671875,0.500793,-0.187561,0.191223,-0.823059
30.854475498199463,0.636963,-0.316406,1.753906,3.980469,0.744141,0.958984,0.814453,0.506592,-0.174744,0.191467,-0.822266
30.8747079372406,0.621338,-2.960938,1.445313,5.960937,-0.142578,0.291016,0.640625,0.510864,-0.172119,0.195374,-0.819275
30.89457678794861,0.607178,-4.140625,1.648438,7.488281,-1.041016,-0.716797,0.281250,0.512573,-0.182373,0.200806,-0.814636
30.91451621055603,0.568237,-3.890625,0.152344,5.117187,-1.736328,-1.378906,-0.119141,0.510803,-0.202820,0.207703,-0.809204
30.935295343399048,0.557739,-5.308594,0.554687,4.914062,-2.468750,-1.951172,-0.705078,0.503906,-0.232605,0.216125,-0.803284
30.95453119277954,0.548096,-4.082031,2.074219,3.964844,-3.054688,-2.605469,-1.052734,0.493530,-0.270447,0.224792,-0.795471
30.9752516746521,0.534180,-3.394531,2.402344,0.808594,-3.050781,-2.886719,-1.183594,0.481934,-0.310425,0.231506,-0.786011
30.994597911834717,0.504639,0.792969,2.261719,-4.820312,-2.449219,-2.564453,-0.949219,0.472412,-0.344177,0.235352,-0.776489
31.014782667160034,0.500854,0.906250,2.031250,-5.429687,-1.792969,-2.009766,-0.642578,0.465637,-0.369690,0.237427,-0.768188
31.03460693359375,0.501587,1.125000,1.433594,-6.542969,-0.890625,-1.382813,-0.353516,0.462952,-0.385010,0.236450,-0.762573
31.055044651031494,0.507690,3.582031,-1.292969,-5.062500,-0.308594,-0.982422,-0.042969,0.462830,-0.394653,0.233643,-0.758606
31.075235605239868,0.510132,-4.644531,-0.878906,-3.949219,0.062500,-1.306641,-0.761719,0.460632,-0.405212,0.225891,-0.756714
31.094659328460693,0.510742,6.132812,1.941406,-1.933594,0.130859,-0.638672,-0.085937,0.461487,-0.410645,0.221313,-0.754639
31.114891052246094,0.512329,0.585937,2.261719,0.894531,-0.228516,-0.902344,0.152344,0.463684,-0.417725,0.219482,-0.749878
31.13473916053772,0.503662,0.515625,0.003906,0.191406,-0.119141,-0.826172,0.199219,0.466187,-0.423828,0.217285,-0.745544
31.155313968658447,0.501587,-0.500000,-0.878906,-2.367188,0.283203,-0.439453,0.005859,0.468506,-0.425842,0.213318,-0.744080
31.174829483032227,0.503418,1.433594,0.660156,-1.402344,0.431641,-0.228516,0.173828,0.471863,-0.425537,0.210144,-0.743042
31.194896936416626,0.504150,1.019531,1.273438,1.847656,0.021484,-0.316406,0.298828,0.474731,-0.427124,0.209656,-0.740417
31.215014934539795,0.503662,-0.589844,0.417969,1.632813,-0.195312,-0.484375,0.257813,0.476807,-0.430908,0.209778,-0.736877
31.239862203598022,0.500244,-0.156250,-0.625000,-1.339844,-0.041016,-0.394531,0.191406,0.478760,-0.433533,0.209045,-0.734253
31.256003618240356,0.495728,-0.085937,-0.656250,-1.476563,0.173828,-0.218750,0.103516,0.480591,-0.434265,0.207458,-0.733093
31.275517225265503,0.494019,0.335938,-0.121094,0.171875,0.019531,-0.099609,0.105469,0.481567,-0.434692,0.207275,-0.732239
31.29679560661316,0.494629,0.257813,0.203125,0.273438,-0.109375,-0.052734,0.109375,0.482056,-0.435120,0.208069,-0.731445
31.31514835357666,0.495117,0.246094,-0.671875,-0.847656,0.123047,0.091797,0.097656,0.482971,-0.433899,0.208191,-0.731567
31.335087060928345,0.488403,-0.812500,0.011719,0.699219,0.070312,0.042969,0.042969,0.483398,-0.433044,0.208130,-0.731750
31.355284452438354,0.482788,-0.691406,0.050781,0.507812,-0.025391,0.035156,0.003906,0.483215,-0.432983,0.208557,-0.731812
31.375258684158325,0.478638,0.082031,0.289063,0.562500,-0.119141,0.005859,0.068359,0.483093,-0.433289,0.209839,-0.731323
31.39549446105957,0.479858,0.062500,-0.035156,0.156250,-0.144531,0.066406,0.089844,0.482910,-0.433350,0.211548,-0.730896
31.415491819381714,0.482178,-0.351563,-0.050781,0.101563,-0.109375,0.005859,0.041016,0.482605,-0.433777,0.212769,-0.730530
31.43540048599243,0.497925,0.113281,0.273438,0.578125,-0.175781,-0.021484,0.066406,0.482239,-0.434631,0.214294,-0.729797
31.455522060394287,0.513306,-0.335938,0.218750,0.761719,-0.179687,-0.003906,-0.042969,0.481140,-0.435547,0.215576,-0.729614
31.475495100021362,0.532593,1.117188,-0.070312,-0.792969,-0.095703,0.115234,-0.003906,0.480347,-0.435364,0.216736,-0.729919
31.495619773864746,0.547485,0.367188,-0.062500,-0.906250,0.019531,0.042969,0.042969,0.480530,-0.434753,0.217041,-0.730042
31.515474557876587,0.544189,0.214844,0.042969,-0.843750,0.117188,0.005859,0.048828,0.481201,-0.433960,0.216675,-0.730164
31.53532862663269,0.527954,-0.121094,0.113281,0.210937,0.076172,0.099609,0.033203,0.481445,-0.432983,0.216675,-0.730591
31.55553698539734,0.517212,-0.457031,-0.085937,0.464844,0.044922,-0.033203,-0.003906,0.481689,-0.432861,0.216125,-0.730652
31.575573205947876,0.511230,0.347656,-0.046875,-0.273438,0.068359,-0.003906,0.070312,0.482483,-0.432373,0.215820,-0.730530
31.595739126205444,0.504395,0.132812,-0.125000,0.140625,0.066406,0.042969,0.072266,0.483154,-0.431580,0.215881,-0.730530
31.61556100845337,0.499146,-0.425781,-0.132812,-0.449219,0.042969,0.054687,0.031250,0.483521,-0.430847,0.215881,-0.730713
31.635684728622437,0.524048,0.585937,-0.101563,-0.035156,0.087891,0.039063,0.119141,0.484680,-0.429687,0.216064,-0.730591
31.65563726425171,0.538940,0.203125,-0.054687,0.640625,0.041016,0.007813,0.154297,0.485962,-0.429077,0.216370,-0.729980
31.67585015296936,0.556030,-1.285156,-0.085937,0.378906,0.011719,-0.042969,0.117188,0.486877,-0.428772,0.216797,-0.729492
31.695719242095947,0.583374,1.046875,-0.269531,-0.289063,0.033203,0.144531,0.109375,0.487366,-0.427307,0.217957,-0.729614
31.716002225875854,0.597046,1.468750,-0.214844,-0.113281,-0.033203,0.396484,0.166016,0.487488,-0.424744,0.220398,-0.730286
31.735996961593628,0.612915,-0.968750,0.175781,-0.328125,0.007813,0.185547,0.056641,0.487427,-0.422974,0.221924,-0.730957
31.755708932876587,0.641724,-0.101563,-0.125000,0.890625,-0.085937,0.275391,0.070312,0.486938,-0.421387,0.223816,-0.731628
31.775891065597534,0.648560,0.343750,0.074219,-1.039063,-0.007813,0.113281,-0.013672,0.486450,-0.420410,0.224609,-0.732239
31.796175956726074,0.654053,0.433594,-0.078125,0.414062,-0.091797,0.203125,-0.027344,0.485352,-0.419556,0.225952,-0.733032
31.81579828262329,0.655396,-0.160156,0.238281,-0.664062,0.025391,0.197266,-0.031250,0.484558,-0.418274,0.226868,-0.734009
31.836169481277466,0.650879,0.949219,0.230469,0.515625,-0.107422,0.042969,-0.128906,0.483337,-0.418274,0.227295,-0.734680
31.856297254562378,0.649780,-1.792969,0.230469,0.015625,-0.015625,-0.041016,-0.113281,0.482361,-0.418762,0.226746,-0.735229
31.87627363204956,0.647461,-0.277344,0.097656,0.253906,-0.001953,-0.042969,-0.115234,0.481506,-0.419373,0.226013,-0.735657
31.896496534347534,0.638794,-0.460937,0.167969,0.214844,0.013672,-0.146484,-0.148437,0.480774,-0.420471,0.225037,-0.735840
31.916002988815308,0.633545,0.750000,-0.148437,0.378906,0.089844,-0.083984,-0.072266,0.480408,-0.421021,0.223938,-0.736084
31.936425924301147,0.624634,-0.203125,-0.277344,0.492187,-0.021484,-0.072266,-0.132812,0.479614,-0.421753,0.223206,-0.736389
31.955933809280396,0.605835,0.710937,-0.429687,-0.457031,0.015625,0.082031,0.003906,0.479309,-0.421265,0.223450,-0.736755
31.976470232009888,0.606079,-0.968750,-0.054687,-0.167969,0.023437,0.015625,-0.066406,0.478821,-0.421204,0.223145,-0.737244
31.996337175369263,0.609863,-0.878906,-0.027344,0.492187,-0.037109,-0.160156,-0.125000,0.478027,-0.422729,0.222290,-0.737122
32.016183376312256,0.646118,2.625000,-0.554687,-0.058594,-0.101563,-0.019531,0.056641,0.478088,-0.422913,0.223267,-0.736694
32.03654074668884,0.667603,0.871094,-0.269531,-0.601562,-0.039063,0.230469,0.267578,0.479248,-0.421143,0.225525,-0.736328
32.05634784698486,0.691406,-2.019531,0.320313,-0.066406,-0.025391,-0.171875,0.054687,0.479797,-0.421692,0.225891,-0.735474
32.076308727264404,0.715698,0.917969,-0.238281,1.019531,-0.103516,0.197266,0.144531,0.479797,-0.420593,0.228149,-0.735413
32.09621477127075,0.716187,-1.113281,-0.054687,-1.179688,0.003906,0.148437,0.044922,0.479492,-0.419495,0.229370,-0.735901
32.11652755737305,0.714111,-0.921875,-1.128906,-1.484375,0.027344,0.181641,-0.203125,0.477661,-0.417847,0.228516,-0.738220
32.13653087615967,0.707764,-2.093750,-3.597656,-6.527344,1.076172,0.720703,-0.683594,0.475342,-0.409424,0.222168,-0.746399
32.15648150444031,0.699097,1.437500,-2.394531,-3.703125,1.035156,1.029297,-0.621094,0.472473,-0.398621,0.216675,-0.755615
32.176825761795044,0.694946,0.273438,1.691406,2.375000,0.466797,0.769531,-0.548828,0.468445,-0.391541,0.214722,-0.762329
32.19640302658081,0.688477,0.289063,1.093750,3.179688,-0.085937,0.669922,-0.435547,0.463074,-0.388184,0.217041,-0.766663
32.216469049453735,0.676025,-0.937500,1.613281,4.847656,-0.746094,0.343750,-0.421875,0.456360,-0.389465,0.222839,-0.768372
32.23651385307312,0.673828,0.828125,1.800781,1.218750,-0.839844,0.292969,-0.056641,0.451843,-0.391113,0.230286,-0.768005
32.256603956222534,0.674316,0.527344,1.136719,-1.070313,-0.638672,0.265625,0.222656,0.450439,-0.391418,0.236938,-0.766663
32.27652859687805,0.663086,-0.406250,-0.761719,-1.382813,0.001953,0.142578,0.265625,0.451721,-0.390015,0.238953,-0.765930
32.29686975479126,0.654297,-1.531250,-0.527344,2.046875,0.019531,-0.195312,0.076172,0.452881,-0.391174,0.238098,-0.764954
32.316540479660034,0.644287,-2.000000,0.585937,2.394531,-0.050781,-0.628906,0.039063,0.454529,-0.395874,0.235840,-0.762268
32.33665609359741,0.621094,1.011719,0.515625,-0.816406,0.074219,-0.673828,0.208984,0.457825,-0.400146,0.233093,-0.758911
32.3567430973053,0.609741,0.390625,0.140625,-0.562500,0.154297,-0.625000,0.250000,0.461609,-0.403564,0.230042,-0.755737
32.37695097923279,0.599487,-0.371094,-0.593750,-0.691406,0.234375,-0.513672,0.115234,0.464478,-0.406067,0.226501,-0.753723
32.39661622047424,0.572388,-0.218750,-1.347656,-1.121094,0.203125,-0.181641,-0.019531,0.465637,-0.406616,0.224060,-0.753418
32.416810512542725,0.567261,0.886719,0.363281,-0.601562,0.111328,-0.017578,0.054687,0.466431,-0.406067,0.223450,-0.753418
32.437091588974,0.566650,0.640625,0.316406,-0.539062,0.097656,0.064453,0.144531,0.467712,-0.404968,0.223450,-0.753235
32.45701193809509,0.557739,-0.414062,-0.105469,0.210937,0.058594,0.019531,0.080078,0.468445,-0.404541,0.223450,-0.752991
32.47727108001709,0.543213,-0.722656,-0.019531,1.292969,-0.072266,-0.111328,0.029297,0.468628,-0.405518,0.223633,-0.752319
32.497026681900024,0.542114,0.074219,0.148437,0.355469,-0.119141,-0.085937,0.054687,0.468689,-0.406616,0.224304,-0.751465
32.51723837852478,0.544922,-0.070312,0.011719,0.226562,-0.150391,-0.097656,0.082031,0.468811,-0.407898,0.225342,-0.750366
32.536945819854736,0.543701,-0.230469,0.074219,0.449219,-0.177734,-0.128906,0.062500,0.468750,-0.409546,0.226379,-0.749207
32.5573148727417,0.541748,-0.277344,0.105469,0.230469,-0.234375,-0.134766,0.074219,0.468567,-0.411438,0.227783,-0.747864
32.57716345787048,0.541382,-0.699219,-0.632812,-0.460937,-0.208984,-0.099609,-0.003906,0.467834,-0.413025,0.228943,-0.747131
32.59717845916748,0.550049,0.441406,-0.507812,-0.750000,-0.082031,0.115234,-0.021484,0.466919,-0.412659,0.229858,-0.747559
32.61711668968201,0.555664,0.343750,-0.042969,-0.492187,-0.035156,0.222656,0.005859,0.466309,-0.411194,0.231201,-0.748352
32.637314796447754,0.556152,0.527344,-0.156250,-0.191406,-0.033203,0.156250,0.033203,0.465942,-0.410095,0.232422,-0.748840
32.65727400779724,0.576294,-0.613281,-0.109375,0.113281,-0.060547,-0.001953,0.001953,0.465637,-0.410461,0.232727,-0.748718
32.67731857299805,0.590332,-1.750000,-0.109375,-0.253906,-0.037109,-0.292969,-0.119141,0.465271,-0.412842,0.231506,-0.747986
32.697463035583496,0.612305,0.363281,-0.332031,0.351563,-0.068359,-0.183594,0.087891,0.466003,-0.414307,0.231323,-0.746765
32.71732425689697,0.658569,1.867188,-0.437500,-0.511719,-0.021484,-0.074219,0.236328,0.467834,-0.414185,0.232117,-0.745483
32.737234115600586,0.682007,-0.738281,0.042969,0.023437,-0.015625,0.003906,0.199219,0.469238,-0.413391,0.233337,-0.744629
32.75732469558716,0.694580,0.527344,0.066406,-0.328125,0.033203,0.109375,0.173828,0.470337,-0.411987,0.234619,-0.744324
32.77760863304138,0.704224,0.089844,0.296875,0.152344,0.025391,0.101563,0.111328,0.470886,-0.411011,0.235229,-0.744324
32.797534704208374,0.705688,-1.316406,0.414062,0.144531,-0.021484,0.048828,-0.011719,0.470642,-0.410645,0.235535,-0.744568
32.81777048110962,0.703979,1.425781,0.035156,-0.359375,0.013672,0.308594,0.078125,0.470642,-0.408203,0.237122,-0.745422
32.83756113052368,0.701294,1.066406,0.000000,-0.898437,0.123047,0.414062,0.160156,0.471191,-0.404297,0.238770,-0.746643
32.857584714889526,0.676636,-0.726562,0.144531,-0.253906,0.132812,0.183594,0.007813,0.471191,-0.402344,0.238708,-0.747742
32.877686500549316,0.665527,-1.960938,0.359375,0.382813,0.021484,-0.029297,-0.164062,0.470215,-0.402771,0.237732,-0.748474
32.897647857666016,0.652466,0.460937,-0.039063,-0.261719,0.021484,-0.060547,-0.160156,0.469116,-0.403503,0.236755,-0.749023
32.91778898239136,0.632690,0.515625,-0.203125,-0.531250,0.039063,0.021484,-0.128906,0.468079,-0.403931,0.235779,-0.749756
32.93776559829712,0.631226,-1.285156,-0.148437,0.007813,-0.060547,-0.146484,-0.277344,0.466309,-0.405579,0.234558,-0.750366
32.95803928375244,0.634888,1.753906,-0.195312,-0.171875,0.029297,0.144531,-0.056641,0.465210,-0.405090,0.234680,-0.751221
32.97794222831726,0.643066,-2.113281,-0.117188,1.203125,-0.115234,0.117188,-0.181641,0.463135,-0.404907,0.235657,-0.752319
32.997897148132324,0.648682,0.289063,0.035156,-0.246094,-0.062500,0.197266,-0.119141,0.461182,-0.404236,0.236938,-0.753479
33.01797437667847,0.658569,0.152344,-0.226562,0.632812,-0.210937,0.255859,-0.074219,0.459351,-0.403564,0.238892,-0.754333
33.03761434555054,0.673706,-0.230469,0.011719,-0.199219,-0.082031,-0.052734,-0.050781,0.458618,-0.403931,0.239685,-0.754333
33.058005809783936,0.701660,2.390625,-0.316406,-0.804687,-0.042969,0.234375,0.191406,0.459167,-0.402283,0.241516,-0.754272
33.077818155288696,0.711792,-0.199219,-0.031250,-0.437500,0.001953,0.175781,0.185547,0.460144,-0.400330,0.243286,-0.754211
33.0981981754303,0.713257,0.269531,0.019531,0.855469,-0.001953,0.085937,0.162109,0.460876,-0.399292,0.244751,-0.753845
33.11800408363342,0.718628,-1.007813,0.265625,0.023437,-0.064453,-0.064453,0.013672,0.460876,-0.399780,0.245361,-0.753357
33.137951612472534,0.718994,1.214844,0.160156,-0.738281,0.007813,0.064453,0.048828,0.460937,-0.399353,0.245728,-0.753418
33.157987117767334,0.719116,-0.121094,0.238281,-0.246094,0.011719,0.119141,0.019531,0.460876,-0.398254,0.246338,-0.753845
33.17803192138672,0.712280,1.175781,0.050781,0.273438,0.015625,0.234375,0.091797,0.461060,-0.396179,0.247681,-0.754395
33.19798302650452,0.703125,-0.003906,0.015625,-0.675781,0.085937,0.255859,0.111328,0.461487,-0.393677,0.248657,-0.755127
33.21851301193237,0.686157,-0.468750,0.089844,-0.011719,0.105469,0.126953,0.052734,0.461914,-0.392151,0.248657,-0.755676
33.23833703994751,0.640625,-0.921875,0.113281,0.281250,0.083984,-0.029297,-0.039063,0.461975,-0.392029,0.247864,-0.755981
33.257983446121216,0.627930,-0.246094,0.097656,0.113281,0.076172,0.029297,-0.052734,0.461609,-0.391846,0.246948,-0.756531
33.278316497802734,0.620483,0.042969,-0.187500,0.179687,0.050781,0.029297,-0.160156,0.460571,-0.391846,0.245972,-0.757507
33.29816484451294,0.609619,0.027344,-0.164062,-0.324219,0.035156,0.101563,-0.171875,0.458862,-0.391785,0.245483,-0.758728
33.31841278076172,0.609497,-2.234375,-0.253906,0.832031,-0.134766,0.037109,-0.353516,0.455811,-0.392517,0.245544,-0.760193
33.338303089141846,0.613770,1.398438,-0.332031,0.066406,-0.089844,0.431641,-0.134766,0.453125,-0.390381,0.247498,-0.762268
33.35841751098633,0.618042,-1.222656,-0.062500,0.890625,-0.189453,0.378906,-0.191406,0.450195,-0.388550,0.249817,-0.764160
33.37843298912048,0.626953,0.601562,0.175781,-0.457031,-0.070312,0.361328,-0.085937,0.447998,-0.386719,0.251892,-0.765686
33.39869046211243,0.635864,-0.753906,-0.085937,1.382813,-0.220703,0.175781,-0.103516,0.445984,-0.386414,0.254089,-0.766296
33.426161766052246,0.652588,-0.132812,-0.523437,0.410156,-0.115234,0.121094,0.025391,0.445251,-0.386292,0.255676,-0.766235
33.43859362602234,0.688721,1.253906,-0.164062,0.347656,-0.097656,0.072266,0.128906,0.445679,-0.385803,0.257202,-0.765747
33.45867991447449,0.695557,0.097656,0.390625,-1.183594,0.046875,-0.078125,0.158203,0.447205,-0.385559,0.257690,-0.764832
33.478315114974976,0.694824,0.996094,0.136719,0.648437,0.015625,-0.052734,0.197266,0.448730,-0.385925,0.257813,-0.763733
33.49866342544556,0.698486,-1.925781,0.296875,-0.062500,-0.001953,-0.173828,0.064453,0.449524,-0.387146,0.257263,-0.762817
33.5186288356781,0.700073,-0.207031,0.230469,0.363281,-0.046875,-0.121094,-0.003906,0.449707,-0.388123,0.257080,-0.762268
33.538861989974976,0.700195,0.472656,0.039063,-0.242187,-0.007813,-0.050781,0.019531,0.449890,-0.388489,0.256958,-0.762024
33.55859088897705,0.685913,0.328125,-0.085937,-1.167969,0.138672,0.054687,0.054687,0.450745,-0.387390,0.256226,-0.762329
33.57874250411987,0.661743,0.496094,-0.214844,-1.695313,0.380859,0.105469,0.052734,0.452209,-0.384949,0.254150,-0.763367
33.59864044189453,0.638184,-1.910156,-1.105469,0.300781,0.394531,0.080078,-0.148437,0.452332,-0.382568,0.250732,-0.765625
33.619292974472046,0.615479,-0.859375,-1.605469,-1.507813,0.601562,0.371094,-0.353516,0.451172,-0.378113,0.246826,-0.769775
33.63891267776489,0.613647,2.382813,1.039063,0.191406,0.384766,0.441406,-0.083984,0.450745,-0.373413,0.245422,-0.772766
33.658823013305664,0.612305,0.039063,1.082031,1.554688,0.060547,0.210937,-0.031250,0.450256,-0.371643,0.245789,-0.773804
33.67886972427368,0.609253,-0.300781,1.558594,2.480469,-0.267578,-0.021484,0.074219,0.449829,-0.372803,0.248169,-0.772705
33.698622703552246,0.611694,0.207031,1.503906,3.085938,-0.669922,-0.250000,0.199219,0.449463,-0.377197,0.252747,-0.769287
33.719228982925415,0.616455,-1.035156,1.101563,2.445313,-0.625000,-0.296875,-0.025391,0.447815,-0.382324,0.256042,-0.766663
33.73877215385437,0.632080,-2.644531,-3.378906,-3.804688,-0.222656,-0.099609,-0.095703,0.446289,-0.384277,0.256958,-0.766235
33.75909686088562,0.647217,1.179688,-0.316406,-3.031250,0.103516,0.156250,0.009766,0.446167,-0.382935,0.257141,-0.766907
33.778594970703125,0.651733,0.289063,-0.132812,0.394531,0.037109,0.152344,0.027344,0.446045,-0.381470,0.257629,-0.767578
33.79912042617798,0.658813,-0.765625,-0.093750,1.074219,-0.062500,0.146484,-0.044922,0.445068,-0.380737,0.258606,-0.768188
33.81938147544861,0.676636,-0.347656,0.027344,0.050781,-0.166016,0.128906,-0.121094,0.443359,-0.380676,0.259705,-0.768799
33.8394730091095,0.680908,0.605469,0.027344,-1.167969,-0.025391,0.070312,-0.113281,0.442078,-0.380676,0.259949,-0.769470
33.858808755874634,0.685059,0.367188,0.027344,-0.132812,-0.021484,0.021484,-0.091797,0.441345,-0.380798,0.259888,-0.769897
33.879117488861084,0.690186,0.281250,0.328125,-0.097656,0.021484,-0.013672,0.009766,0.441223,-0.381042,0.259583,-0.769897
33.89958381652832,0.689331,-0.109375,0.175781,0.601562,-0.011719,-0.181641,-0.136719,0.440735,-0.382568,0.258484,-0.769775
33.919790744781494,0.685425,0.695312,0.121094,-0.148437,0.054687,-0.158203,-0.058594,0.440796,-0.383972,0.257141,-0.769531
33.939382553100586,0.683105,-0.410156,0.226562,0.281250,0.058594,-0.257813,-0.062500,0.441223,-0.385681,0.255432,-0.768982
33.959187269210815,0.662354,0.441406,0.183594,-0.058594,0.085937,-0.166016,0.003906,0.442017,-0.386597,0.254028,-0.768555
33.979576587677,0.649048,0.117188,-0.093750,0.132812,0.019531,-0.039063,0.013672,0.442444,-0.386780,0.253540,-0.768372
33.99975323677063,0.638794,0.433594,-0.019531,0.050781,0.041016,0.001953,0.111328,0.443359,-0.386292,0.253723,-0.768005
34.01946306228638,0.642944,-0.070312,-0.355469,-0.226562,0.078125,0.023437,0.148437,0.444641,-0.385559,0.253967,-0.767578
34.03933548927307,0.656616,-0.593750,-0.117188,0.042969,0.000000,0.041016,0.164062,0.445679,-0.385132,0.254456,-0.766968
34.059515953063965,0.669922,0.343750,-0.339844,0.117188,-0.089844,-0.056641,0.093750,0.446411,-0.385315,0.255432,-0.766113
34.08004927635193,0.693481,-1.320313,0.019531,-1.128906,0.015625,-0.123047,0.056641,0.447205,-0.385559,0.255859,-0.765442
34.09942865371704,0.703613,1.406250,-0.117188,0.488281,-0.074219,0.101563,0.134766,0.447693,-0.385132,0.257019,-0.764954
34.119763135910034,0.711914,-0.253906,-0.062500,-0.164062,-0.150391,0.177734,0.080078,0.447388,-0.384216,0.258972,-0.764954
34.13965821266174,0.726318,0.656250,-0.125000,-0.699219,-0.078125,0.326172,0.033203,0.446411,-0.382141,0.261414,-0.765747
34.1603262424469,0.731689,-0.292969,-0.031250,-0.011719,-0.150391,0.306641,-0.037109,0.444885,-0.380615,0.263367,-0.766724
34.17959904670715,0.734375,-1.402344,0.277344,-1.246094,0.082031,0.070312,-0.152344,0.443665,-0.380249,0.262756,-0.767761
34.19961953163147,0.725586,0.718750,0.136719,0.195312,0.068359,0.017578,-0.240234,0.442139,-0.380371,0.261414,-0.769104
34.219587087631226,0.722168,0.804687,-1.089844,-2.089844,0.375000,0.160156,-0.275391,0.440979,-0.378479,0.258545,-0.771667
34.23964810371399,0.721558,0.257813,0.121094,1.128906,0.283203,0.261719,-0.220703,0.439697,-0.375916,0.256531,-0.774292
34.26071810722351,0.719971,-0.714844,1.308594,1.328125,0.083984,0.037109,-0.175781,0.438599,-0.375549,0.255432,-0.775452
34.28134298324585,0.713379,1.078125,0.800781,0.945312,-0.046875,0.009766,-0.015625,0.438232,-0.375916,0.255676,-0.775452
34.30087447166443,0.712769,-0.429687,0.777344,0.773437,-0.205078,-0.160156,-0.048828,0.437622,-0.378052,0.256470,-0.774475
34.32032656669617,0.711304,0.933594,0.925781,1.066406,-0.402344,-0.181641,0.078125,0.437073,-0.380676,0.258362,-0.772888
34.34028387069702,0.715088,-1.535156,-2.269531,-1.390625,-0.216797,0.009766,-0.144531,0.435486,-0.381897,0.259583,-0.772705
34.35997295379639,0.716797,0.753906,0.121094,-0.027344,-0.136719,0.142578,-0.048828,0.434265,-0.381653,0.261047,-0.773071
34.38110947608948,0.716064,-0.031250,-0.253906,-0.640625,-0.082031,0.177734,0.001953,0.433533,-0.380737,0.262329,-0.773499
34.400089502334595,0.718872,-1.128906,-0.093750,-0.218750,-0.037109,0.029297,-0.056641,0.432922,-0.380737,0.262695,-0.773743
34.42013716697693,0.724854,-0.484375,-0.199219,0.714844,-0.117188,-0.033203,-0.003906,0.432617,-0.381592,0.263184,-0.773315
34.4398992061615,0.733154,0.578125,-0.222656,-0.226562,-0.125000,-0.121094,0.070312,0.433289,-0.382324,0.264099,-0.772217
34.4598388671875,0.736938,-0.039063,0.023437,-0.824219,-0.013672,0.033203,0.236328,0.434692,-0.381714,0.265381,-0.771301
34.48021864891052,0.732056,0.183594,0.007813,0.179687,-0.060547,0.050781,0.169922,0.435608,-0.381348,0.266663,-0.770508
34.50034165382385,0.728760,-0.375000,0.136719,-0.195312,-0.017578,0.009766,0.099609,0.436279,-0.381226,0.267151,-0.770020
34.52020764350891,0.727051,-0.031250,0.367188,-0.339844,0.003906,-0.126953,-0.029297,0.436584,-0.381958,0.266602,-0.769714
34.540350675582886,0.727783,0.917969,0.136719,-0.031250,0.003906,-0.062500,0.001953,0.436829,-0.382202,0.266357,-0.769531
34.560633182525635,0.728638,1.378906,0.136719,-0.617187,0.074219,0.148437,0.082031,0.437195,-0.380981,0.266357,-0.769897
34.5804169178009,0.729858,-1.953125,0.351563,-0.523437,0.105469,-0.070312,-0.185547,0.436523,-0.381165,0.265076,-0.770630
34.60033392906189,0.731689,0.167969,-0.046875,0.921875,0.048828,0.080078,-0.082031,0.435730,-0.380737,0.264709,-0.771423
34.62005138397217,0.728516,-0.523437,0.058594,0.074219,0.007813,0.068359,-0.138672,0.434387,-0.380737,0.264404,-0.772278
34.64055633544922,0.729980,-0.976562,-0.175781,0.464844,-0.099609,0.044922,-0.279297,0.431702,-0.381592,0.264343,-0.773376
34.66089725494385,0.731934,-0.355469,-0.261719,0.097656,-0.115234,0.037109,-0.312500,0.428894,-0.382324,0.264587,-0.774536
34.68060088157654,0.738525,0.894531,-0.046875,-0.164062,0.050781,0.203125,-0.013672,0.428040,-0.381165,0.265015,-0.775452
34.70050859451294,0.741577,-2.238281,-0.207031,-0.035156,0.046875,0.027344,-0.144531,0.427246,-0.380798,0.264282,-0.776245
34.72048902511597,0.728882,0.472656,-0.578125,-1.312500,0.181641,0.095703,-0.111328,0.426941,-0.379333,0.262756,-0.777710
34.740745544433594,0.724854,1.414063,-1.035156,-2.339844,0.525391,0.511719,-0.027344,0.427185,-0.373718,0.260803,-0.780884
34.76056241989136,0.724243,-0.031250,-0.984375,-0.757812,0.380859,0.447266,-0.125000,0.426636,-0.368958,0.259338,-0.783997
34.781083822250366,0.724121,0.566406,1.628906,2.097656,0.087891,0.220703,0.007813,0.426392,-0.367004,0.259644,-0.784912
34.800543785095215,0.725464,-0.136719,1.718750,2.828125,-0.255859,-0.105469,0.097656,0.426514,-0.368469,0.261597,-0.783508
34.82051491737366,0.727173,-0.031250,1.316406,2.093750,-0.554687,-0.240234,0.140625,0.426086,-0.372070,0.265137,-0.780823
34.84084916114807,0.729614,-0.152344,0.218750,1.335938,-0.218750,-0.031250,-0.097656,0.424683,-0.374084,0.267334,-0.779846
34.86094546318054,0.737671,0.097656,-0.253906,-1.734375,-0.177734,0.062500,-0.029297,0.423706,-0.374573,0.268921,-0.779663
34.880876541137695,0.745361,-0.160156,-0.238281,-1.460938,-0.031250,0.048828,-0.037109,0.423157,-0.374512,0.269409,-0.779785
34.90078377723694,0.749634,-0.093750,-0.164062,0.156250,-0.060547,0.029297,-0.011719,0.422791,-0.374756,0.269897,-0.779724
34.92133140563965,0.754883,-0.363281,-0.078125,0.402344,-0.123047,-0.097656,0.003906,0.422607,-0.375854,0.270508,-0.779053
34.9410936832428,0.754761,0.519531,-0.214844,-0.109375,-0.138672,-0.052734,0.093750,0.422974,-0.376587,0.271729,-0.778137
34.9609375,0.751465,0.839844,-0.152344,-0.859375,-0.023437,0.078125,0.181641,0.424011,-0.375854,0.272888,-0.777466
34.98076796531677,0.743042,-0.308594,-0.062500,-0.332031,0.009766,0.072266,0.173828,0.425232,-0.375000,0.273621,-0.776978
35.00105118751526,0.738281,-0.128906,0.214844,-0.332031,0.027344,0.052734,0.142578,0.426270,-0.374207,0.273987,-0.776611
35.02130842208862,0.739014,-1.109375,0.367188,0.312500,0.015625,-0.042969,-0.003906,0.426575,-0.374268,0.273926,-0.776489
35.040924072265625,0.741455,1.035156,0.097656,0.312500,-0.007813,0.113281,0.048828,0.426514,-0.373474,0.274536,-0.776672
35.060906410217285,0.741577,0.523437,0.070312,0.074219,0.011719,0.167969,0.046875,0.426453,-0.372009,0.275330,-0.777100
35.081157207489014,0.742310,-0.996094,0.175781,0.019531,0.052734,0.062500,-0.062500,0.426025,-0.371460,0.275024,-0.777771
35.10161471366882,0.740112,0.566406,0.015625,-0.035156,0.050781,0.072266,-0.085937,0.425293,-0.371094,0.274414,-0.778503
35.121272802352905,0.738037,-0.894531,0.191406,-0.355469,0.048828,0.009766,-0.224609,0.423889,-0.371216,0.273499,-0.779602
35.14113116264343,0.728638,0.070312,-0.175781,0.363281,0.013672,0.087891,-0.183594,0.422241,-0.371033,0.273010,-0.780762
35.16126823425293,0.716553,-2.214844,-0.156250,0.746094,-0.093750,-0.087891,-0.333984,0.419739,-0.372253,0.272339,-0.781677
35.18153977394104,0.722046,0.917969,-0.007813,0.074219,-0.164062,0.044922,-0.246094,0.417358,-0.372742,0.272705,-0.782654
35.201467990875244,0.726929,2.265625,-0.125000,-1.046875,-0.009766,0.333984,-0.005859,0.416260,-0.370605,0.273926,-0.783813
35.22161865234375,0.728394,-1.308594,0.027344,0.746094,-0.105469,0.183594,-0.093750,0.414795,-0.369751,0.275024,-0.784607
35.24143576622009,0.731323,-0.500000,0.113281,0.523437,-0.099609,0.039063,-0.068359,0.413757,-0.370056,0.275818,-0.784729
35.26144361495972,0.736816,0.335938,-0.062500,0.585937,-0.173828,-0.029297,-0.025391,0.413086,-0.370911,0.276855,-0.784302
35.28161644935608,0.744507,0.878906,-0.238281,-0.890625,-0.068359,-0.013672,0.103516,0.413574,-0.370911,0.277771,-0.783752
35.301228046417236,0.751099,0.328125,-0.343750,-1.160156,0.039063,0.195312,0.210937,0.414673,-0.368958,0.279053,-0.783630
35.32145833969116,0.752075,-0.414062,0.023437,0.394531,-0.025391,0.300781,0.205078,0.415405,-0.366333,0.281128,-0.783691
35.34152317047119,0.755005,0.218750,0.000000,0.386719,-0.074219,0.287109,0.193359,0.415833,-0.364014,0.283447,-0.783752
35.36144542694092,0.760376,-0.531250,0.199219,-0.929687,-0.009766,0.226562,0.101563,0.415955,-0.361816,0.285034,-0.784119
35.38158464431763,0.761230,0.738281,0.023437,0.125000,0.025391,0.337891,0.117188,0.415894,-0.359009,0.286682,-0.784851
35.401490926742554,0.762329,-0.285156,0.136719,0.906250,-0.068359,0.251953,0.007813,0.415039,-0.357361,0.288208,-0.785461
35.421666383743286,0.766479,-0.812500,0.414062,0.292969,-0.091797,0.015625,-0.097656,0.413879,-0.357727,0.288818,-0.785706
35.44187092781067,0.770508,0.203125,0.152344,-0.148437,-0.070312,-0.003906,-0.076172,0.413086,-0.358276,0.289001,-0.785767
35.46157932281494,0.773437,0.847656,0.031250,-0.761719,0.001953,-0.029297,-0.087891,0.412476,-0.358765,0.288513,-0.786072
35.4821412563324,0.773071,-1.296875,0.214844,0.699219,-0.054687,-0.181641,-0.263672,0.410828,-0.360962,0.287231,-0.786377
35.50182223320007,0.767334,0.402344,0.199219,0.109375,-0.070312,-0.169922,-0.269531,0.409058,-0.363342,0.285950,-0.786682
35.52154803276062,0.761963,0.890625,0.039063,-0.257813,-0.013672,-0.132812,-0.136719,0.408203,-0.364929,0.284912,-0.786743
35.54150319099426,0.757080,0.054687,0.031250,0.058594,-0.005859,-0.115234,-0.091797,0.407776,-0.366089,0.284241,-0.786682
35.56216835975647,0.747192,0.699219,-0.277344,0.066406,-0.033203,0.037109,0.005859,0.407593,-0.366272,0.284424,-0.786621
35.5819365978241,0.742554,-1.460938,-0.085937,0.265625,-0.060547,-0.076172,-0.074219,0.407104,-0.367126,0.284424,-0.786499
35.60187387466431,0.743896,0.054687,-0.238281,-0.292969,-0.011719,-0.039063,-0.062500,0.406616,-0.367859,0.284119,-0.786499
35.6220338344574,0.751587,-0.804687,-0.046875,-0.292969,-0.046875,-0.115234,-0.126953,0.405884,-0.369202,0.283691,-0.786438
35.64242434501648,0.762817,0.703125,-0.277344,0.218750,-0.103516,-0.089844,-0.033203,0.405518,-0.370361,0.284058,-0.785950
35.6622633934021,0.770386,1.250000,-0.406250,0.128906,-0.130859,0.001953,0.156250,0.406311,-0.370300,0.285645,-0.784973
35.682483196258545,0.776245,1.089844,0.031250,-1.320313,0.009766,-0.062500,0.191406,0.408020,-0.369568,0.286865,-0.783997
35.70211696624756,0.772583,0.253906,-0.289063,0.289063,-0.070312,0.162109,0.294922,0.409668,-0.367615,0.289063,-0.783264
35.72195291519165,0.767944,1.710938,0.085937,-0.601562,-0.023437,0.357422,0.472656,0.412048,-0.364319,0.291748,-0.782532
35.74223566055298,0.762329,-1.496094,-0.042969,0.648437,-0.042969,0.142578,0.351563,0.414429,-0.362366,0.293640,-0.781494
35.76234722137451,0.748657,-0.148437,0.246094,-0.308594,0.062500,-0.097656,0.291016,0.417114,-0.362000,0.293945,-0.780090
35.78218197822571,0.741699,-0.199219,0.285156,-0.347656,0.113281,-0.283203,0.263672,0.420410,-0.362976,0.292847,-0.778320
35.80200982093811,0.730225,-1.359375,0.285156,0.609375,0.107422,-0.492187,0.148437,0.423706,-0.365356,0.290649,-0.776184
35.82234168052673,0.706909,1.183594,0.371094,0.011719,0.146484,-0.470703,0.224609,0.427124,-0.367920,0.288391,-0.773987
35.84224581718445,0.692993,-0.953125,0.210937,0.640625,0.080078,-0.447266,0.054687,0.429626,-0.370361,0.285767,-0.772400
35.86227774620056,0.682495,0.945312,0.101563,-2.531250,0.681641,-0.177734,0.220703,0.434265,-0.368347,0.280701,-0.772644
35.882296085357666,0.647217,0.511719,-0.472656,-1.699219,1.041016,-0.150391,0.316406,0.440857,-0.364380,0.273315,-0.773437
35.90218734741211,0.629883,-0.660156,-1.179688,0.054687,0.986328,-0.066406,0.044922,0.444458,-0.360168,0.265686,-0.776001
35.92245602607727,0.631592,-3.933594,-4.425781,-1.375000,1.003906,0.519531,-0.595703,0.442688,-0.353394,0.258423,-0.782532
35.942209005355835,0.639404,0.777344,-0.421875,0.078125,0.671875,0.589844,-0.267578,0.441040,-0.346802,0.254639,-0.787598
35.96242141723633,0.642456,-1.687500,0.628906,3.093750,0.095703,0.373047,-0.386719,0.437500,-0.344238,0.254089,-0.790894
35.982553005218506,0.642700,-0.531250,0.343750,2.261719,-0.339844,0.144531,-0.490234,0.432129,-0.345703,0.255737,-0.792664
36.002838373184204,0.641724,0.984375,0.574219,1.710938,-0.791016,0.062500,-0.482422,0.425293,-0.349792,0.260315,-0.793091
36.02255606651306,0.642822,-0.425781,0.070312,1.535156,-0.972656,0.021484,-0.632812,0.417297,-0.355103,0.265686,-0.793213
36.04276776313782,0.639160,1.570313,0.785156,-1.648438,-0.580078,-0.033203,-0.347656,0.412537,-0.358704,0.268982,-0.792969
36.06285047531128,0.634888,0.734375,1.503906,-0.742187,-0.207031,-0.031250,-0.027344,0.411560,-0.360352,0.270508,-0.792175
36.08261036872864,0.616821,-0.843750,2.257813,1.355469,-0.091797,-0.298828,0.119141,0.413025,-0.362610,0.270325,-0.790466
36.10309910774231,0.607910,-0.820312,1.460938,0.222656,0.253906,-0.503906,0.251953,0.416992,-0.365356,0.267395,-0.788086
36.12282371520996,0.602539,-2.644531,-0.500000,3.730469,0.099609,-0.931641,0.087891,0.420593,-0.371704,0.263123,-0.784668
36.14255213737488,0.581787,-0.554687,0.218750,0.992187,-0.003906,-0.884766,0.074219,0.423706,-0.378418,0.259644,-0.780884
36.16295003890991,0.570923,2.140625,1.277344,-0.289063,-0.066406,-0.701172,0.322266,0.427612,-0.383545,0.258179,-0.776794
36.183188915252686,0.553833,-0.570312,-2.500000,-2.578125,0.060547,-0.505859,0.144531,0.430298,-0.386719,0.255920,-0.774414
36.20309925079346,0.519043,-0.144531,-1.988281,-2.316406,0.341797,-0.123047,-0.101563,0.431335,-0.386841,0.252747,-0.774902
36.2227578163147,0.516968,0.875000,0.699219,0.562500,0.082031,-0.005859,0.031250,0.431946,-0.386536,0.252014,-0.774963
36.2427020072937,0.510620,0.386719,0.515625,0.210937,0.027344,0.054687,0.050781,0.432312,-0.385864,0.252197,-0.775024
36.26299834251404,0.504517,-0.566406,-0.378906,0.460937,0.080078,0.138672,-0.048828,0.432007,-0.384766,0.251953,-0.775818
36.28332757949829,0.502808,-0.136719,0.800781,0.914062,-0.007813,0.025391,-0.037109,0.431641,-0.384705,0.251831,-0.776062
36.302980184555054,0.493652,-0.226562,0.386719,0.347656,-0.062500,-0.138672,-0.060547,0.431274,-0.385986,0.251648,-0.775696
36.3231155872345,0.484619,0.214844,0.082031,0.179687,-0.140625,-0.050781,0.003906,0.430969,-0.386902,0.252502,-0.775085
36.34317946434021,0.490845,0.613281,0.179687,0.273438,-0.152344,0.044922,0.164062,0.431458,-0.386658,0.254272,-0.774414
36.36334562301636,0.500366,-1.199219,-1.023438,-0.027344,-0.046875,0.109375,0.015625,0.431213,-0.386108,0.255371,-0.774475
36.383355379104614,0.513062,-0.425781,0.210937,0.402344,-0.095703,0.087891,-0.017578,0.430542,-0.385742,0.256470,-0.774658
36.40304112434387,0.533936,0.660156,-0.234375,-0.449219,-0.007813,0.205078,0.037109,0.430298,-0.384277,0.257507,-0.775146
36.423346519470215,0.532715,-0.609375,0.035156,-0.003906,0.025391,0.093750,0.035156,0.430420,-0.383362,0.257874,-0.775452
36.44306802749634,0.523804,-0.570312,-0.003906,0.187500,0.013672,-0.015625,-0.001953,0.430481,-0.383362,0.257751,-0.775452
36.46326160430908,0.530884,-0.300781,0.027344,0.148437,-0.003906,-0.042969,0.001953,0.430603,-0.383911,0.257507,-0.775146
36.48320508003235,0.552002,-0.433594,-0.117188,0.617187,0.000000,-0.257813,0.064453,0.431885,-0.385010,0.257019,-0.774109
36.5036301612854,0.568237,0.164062,-0.226562,0.003906,0.070312,0.009766,0.285156,0.434143,-0.384277,0.257446,-0.773010
36.523521900177,0.607422,-0.882812,-0.132812,0.472656,0.001953,-0.062500,0.210937,0.435974,-0.384033,0.258118,-0.771912
36.543315172195435,0.620117,0.648437,-0.117188,-0.226562,0.007813,0.048828,0.285156,0.437988,-0.382751,0.259521,-0.770935
36.563347816467285,0.642578,0.281250,-0.285156,0.109375,-0.033203,0.167969,0.275391,0.439514,-0.380920,0.261475,-0.770325
36.58321928977966,0.677734,-0.390625,0.042969,0.265625,-0.087891,0.185547,0.171875,0.440063,-0.379456,0.263428,-0.770081
36.60375499725342,0.690918,0.183594,-0.054687,0.753906,-0.144531,0.298828,0.136719,0.439880,-0.377441,0.266174,-0.770203
36.62355613708496,0.700073,0.746094,0.082031,-0.710937,-0.083984,0.404297,0.130859,0.439453,-0.374268,0.269287,-0.770935
36.64349126815796,0.704102,0.242187,0.097656,-0.121094,0.052734,0.470703,0.095703,0.438782,-0.370483,0.271667,-0.772278
36.663591623306274,0.709839,-1.015625,-0.015625,0.394531,-0.062500,0.320313,-0.083984,0.437134,-0.368469,0.273071,-0.773621
36.68372297286987,0.711182,-0.929687,-0.062500,-1.261719,0.023437,0.070312,-0.267578,0.435059,-0.368347,0.272339,-0.775146
36.703622817993164,0.711670,-0.242187,-0.316406,-1.316406,0.193359,0.080078,-0.273438,0.433411,-0.367432,0.270264,-0.777222
36.72377276420593,0.711060,1.437500,-0.554687,-1.648438,0.490234,0.392578,-0.228516,0.432251,-0.363281,0.267456,-0.780823
36.74350953102112,0.708862,-0.394531,1.398438,1.660156,0.398438,0.312500,-0.269531,0.430786,-0.359924,0.264709,-0.784058
36.763842821121216,0.699463,-0.257813,1.667969,2.578125,0.033203,-0.001953,-0.216797,0.429260,-0.360352,0.263611,-0.785095
36.78365659713745,0.685669,-0.382813,0.863281,2.105469,-0.160156,-0.234375,-0.167969,0.428101,-0.363098,0.263245,-0.784607
36.803606271743774,0.677734,0.574219,0.488281,0.648437,-0.187500,-0.248047,-0.025391,0.427795,-0.366089,0.263611,-0.783264
36.82404637336731,0.670776,-0.335938,-0.210937,0.015625,-0.251953,-0.279297,-0.009766,0.427429,-0.369019,0.264160,-0.781860
36.843985080718994,0.657104,-0.367188,-1.160156,-1.445313,-0.048828,-0.050781,-0.134766,0.426453,-0.370056,0.263916,-0.782043
36.86422324180603,0.651123,0.765625,-0.058594,-0.871094,-0.009766,0.078125,-0.060547,0.425720,-0.369629,0.264099,-0.782532
36.88395428657532,0.640869,0.437500,-0.210937,-0.191406,-0.021484,0.148437,-0.003906,0.425232,-0.368713,0.264709,-0.783020
36.903972864151,0.637817,-0.503906,-0.019531,0.683594,-0.076172,0.064453,-0.007813,0.424744,-0.368530,0.265503,-0.783081
36.92419075965881,0.651123,-0.667969,-0.003906,0.351563,-0.111328,0.001953,-0.062500,0.423889,-0.369263,0.266113,-0.783020
36.94408655166626,0.666016,-0.835937,-0.003906,0.253906,-0.138672,-0.109375,-0.121094,0.422852,-0.370789,0.266418,-0.782776
36.96403765678406,0.680298,0.414062,-0.179687,-0.144531,-0.089844,-0.009766,0.009766,0.422668,-0.371338,0.267090,-0.782410
36.984230041503906,0.709961,0.957031,-0.429687,-0.089844,-0.097656,-0.039063,0.171875,0.423706,-0.371338,0.268188,-0.781433
37.00438213348389,0.724487,-0.082031,-0.070312,-1.046875,0.019531,-0.031250,0.193359,0.425354,-0.370422,0.269287,-0.780579
37.02414321899414,0.732788,1.503906,-0.238281,0.445312,-0.007813,0.171875,0.302734,0.427002,-0.368408,0.271362,-0.779907
37.044193744659424,0.739258,-0.375000,0.207031,0.371094,-0.103516,-0.095703,0.054687,0.427673,-0.368591,0.272461,-0.779114
37.06417465209961,0.739502,1.289063,0.144531,-1.031250,-0.015625,0.035156,0.146484,0.428467,-0.368469,0.273193,-0.778503
37.08407163619995,0.740479,-1.046875,0.375000,-0.152344,0.005859,-0.121094,-0.025391,0.428711,-0.369080,0.272766,-0.778198
37.10443639755249,0.740967,1.250000,0.144531,-0.304688,0.035156,0.091797,0.052734,0.429016,-0.368103,0.273071,-0.778381
37.12441635131836,0.739136,1.007813,0.031250,-0.128906,0.048828,0.191406,0.099609,0.429443,-0.366333,0.273743,-0.778748
37.14480137825012,0.737671,-0.578125,-0.007813,0.000000,0.052734,0.093750,0.039063,0.429626,-0.365234,0.273926,-0.779053
37.16424632072449,0.737549,-0.339844,0.031250,0.261719,0.019531,0.060547,-0.001953,0.429565,-0.364624,0.274048,-0.779358
37.18463444709778,0.736938,0.363281,0.023437,-0.089844,0.033203,0.066406,0.019531,0.429687,-0.363831,0.274170,-0.779663
37.204590797424316,0.734375,0.074219,0.023437,-0.335938,0.068359,0.113281,0.035156,0.429871,-0.362671,0.274292,-0.780029
37.22452139854431,0.736084,-0.332031,0.050781,0.460937,0.021484,0.113281,0.019531,0.429810,-0.361633,0.274597,-0.780457
37.244816064834595,0.736694,-0.324219,0.050781,0.183594,0.011719,0.066406,-0.035156,0.429321,-0.361206,0.274597,-0.780884
37.2645959854126,0.736450,-0.640625,0.121094,-0.246094,0.029297,0.017578,-0.119141,0.428467,-0.361328,0.273926,-0.781555
37.2845504283905,0.734985,-0.441406,0.066406,0.015625,0.050781,-0.044922,-0.240234,0.427002,-0.362000,0.272644,-0.782471
37.30459809303284,0.719482,1.097656,-0.140625,-0.328125,0.042969,0.011719,-0.148437,0.425720,-0.362305,0.271790,-0.783325
37.32519173622131,0.721313,-0.625000,-0.277344,0.085937,-0.029297,-0.025391,-0.330078,0.422913,-0.363770,0.270996,-0.784424
37.34512186050415,0.722534,-2.296875,-0.210937,0.996094,-0.169922,0.103516,-0.427734,0.418884,-0.364929,0.271240,-0.786011
37.36457180976868,0.729614,1.871094,0.203125,-0.304688,-0.007813,0.312500,-0.054687,0.417358,-0.362915,0.272461,-0.787354
37.38494062423706,0.735107,-1.007813,0.058594,1.250000,-0.095703,0.234375,-0.025391,0.416199,-0.361450,0.273987,-0.788086
37.404592990875244,0.741333,-0.726562,-0.117188,1.019531,-0.207031,0.214844,-0.039063,0.414734,-0.360779,0.276062,-0.788452
37.42521786689758,0.758911,0.292969,-0.101563,-0.230469,-0.167969,0.154297,0.041016,0.414307,-0.359802,0.278198,-0.788330
37.44460391998291,0.763672,-0.082031,0.074219,-0.687500,-0.011719,0.152344,0.222656,0.415466,-0.358093,0.279785,-0.787964
37.464836835861206,0.764893,0.378906,0.050781,0.269531,-0.039063,0.128906,0.207031,0.416565,-0.356628,0.281250,-0.787537
37.4849898815155,0.763672,0.074219,-0.046875,-0.007813,-0.066406,0.085937,0.199219,0.417603,-0.355774,0.282654,-0.786804
37.50498700141907,0.763916,-0.867187,0.390625,0.277344,-0.044922,-0.136719,0.023437,0.418091,-0.356873,0.282776,-0.786072
37.52476453781128,0.761719,0.953125,0.089844,-0.320313,-0.048828,-0.083984,-0.005859,0.418091,-0.357727,0.282715,-0.785706
37.54478931427002,0.760132,0.343750,-0.062500,-0.855469,0.044922,0.048828,0.003906,0.418152,-0.357239,0.282532,-0.785950
37.5652391910553,0.756958,-0.070312,-0.183594,-0.757812,0.146484,0.048828,-0.027344,0.418335,-0.356445,0.281433,-0.786621
37.58522629737854,0.749512,-0.394531,-0.292969,-0.867187,0.244141,-0.048828,-0.097656,0.418335,-0.356079,0.278992,-0.787659
37.6049690246582,0.739868,-1.695313,-1.496094,-2.093750,0.474609,0.027344,-0.419922,0.416809,-0.354980,0.274353,-0.790588
37.62490749359131,0.727661,2.484375,0.839844,0.320313,0.406250,0.220703,-0.232422,0.415833,-0.352295,0.271057,-0.793396
37.64552688598633,0.727539,1.144531,1.488281,0.992187,0.167969,0.150391,-0.074219,0.415283,-0.350708,0.270020,-0.794739
37.66547441482544,0.718994,-0.511719,0.832031,2.523438,-0.150391,-0.087891,-0.142578,0.413879,-0.352234,0.270386,-0.794678
37.68507146835327,0.698853,0.714844,1.238281,1.769531,-0.380859,-0.158203,-0.064453,0.412476,-0.355408,0.272583,-0.793213
37.705326557159424,0.699341,0.117188,0.265625,1.777344,-0.523437,-0.193359,-0.001953,0.411011,-0.358765,0.275696,-0.791382
37.72519278526306,0.700562,-0.589844,-1.656250,-1.125000,-0.298828,0.062500,-0.080078,0.409302,-0.359497,0.277893,-0.791199
37.74534583091736,0.704102,1.304688,-0.332031,-1.453125,-0.142578,0.259766,0.039063,0.408325,-0.358093,0.279968,-0.791565
37.76527953147888,0.710571,-0.769531,-0.140625,-0.773437,0.009766,0.154297,-0.007813,0.407776,-0.356934,0.280640,-0.792175
37.78572463989258,0.720093,-0.503906,-0.062500,0.375000,-0.042969,0.017578,-0.041016,0.407227,-0.357056,0.281006,-0.792297
37.80708384513855,0.728271,-0.203125,-0.164062,0.699219,-0.128906,-0.083984,0.005859,0.407104,-0.358215,0.281616,-0.791626
37.82608127593994,0.752197,0.332031,-0.230469,-0.160156,-0.054687,-0.126953,0.103516,0.408020,-0.358826,0.282227,-0.790649
37.8453688621521,0.758301,1.246094,-0.167969,-0.035156,-0.103516,0.152344,0.306641,0.409607,-0.357605,0.283997,-0.789795
37.86548328399658,0.762207,-2.171875,0.152344,-0.226562,-0.015625,-0.015625,0.097656,0.410522,-0.357178,0.284607,-0.789246
37.88557982444763,0.763306,0.824219,0.160156,0.347656,0.009766,-0.041016,0.066406,0.411072,-0.357300,0.284729,-0.788818
37.90543222427368,0.762817,-1.054688,0.351563,-0.027344,-0.009766,-0.052734,0.007813,0.411255,-0.357727,0.284546,-0.788635
37.9254789352417,0.761963,0.210937,0.160156,0.039063,0.011719,0.027344,0.009766,0.411316,-0.357239,0.284668,-0.788757
37.94535779953003,0.759888,0.878906,0.007813,-0.160156,0.025391,0.201172,0.064453,0.411316,-0.355530,0.285522,-0.789246
37.9658043384552,0.756226,0.218750,0.054687,0.132812,0.021484,0.199219,0.058594,0.411194,-0.353699,0.286316,-0.789795
37.9859414100647,0.748413,-0.218750,0.160156,-0.265625,0.039063,0.146484,-0.027344,0.410645,-0.352661,0.286316,-0.790588
38.00563097000122,0.721924,-0.035156,0.191406,0.328125,0.033203,0.027344,-0.146484,0.409607,-0.352783,0.285461,-0.791382
38.02558159828186,0.711548,0.171875,-0.167969,0.015625,0.044922,0.035156,-0.101563,0.408875,-0.352539,0.284851,-0.792053
38.045517683029175,0.703613,0.910156,-0.175781,-0.453125,0.078125,0.093750,-0.056641,0.408325,-0.351624,0.284546,-0.792908
38.06573009490967,0.687256,-0.707031,-0.191406,0.023437,0.029297,0.089844,-0.050781,0.407715,-0.351013,0.284363,-0.793518
38.08564639091492,0.685791,-1.015625,-0.164062,0.128906,0.019531,0.025391,-0.095703,0.406921,-0.350952,0.283997,-0.794128
38.105921030044556,0.689819,-0.769531,-0.324219,0.406250,-0.115234,0.054687,-0.246094,0.404419,-0.351563,0.284241,-0.795044
38.1263952255249,0.695068,-0.722656,-0.285156,0.039063,-0.169922,0.167969,-0.312500,0.401123,-0.351501,0.285095,-0.796387
38.14595603942871,0.702881,2.347656,0.214844,-0.964844,-0.021484,0.298828,-0.060547,0.399658,-0.349487,0.286133,-0.797607
38.165990114212036,0.705688,0.304688,0.281250,0.703125,-0.009766,0.240234,0.033203,0.399048,-0.347656,0.287231,-0.798340
38.185577630996704,0.708374,-1.207031,-0.015625,1.011719,-0.119141,0.105469,-0.078125,0.397766,-0.347351,0.288269,-0.798767
38.206313133239746,0.718506,-0.562500,0.027344,-0.128906,-0.080078,0.000000,-0.074219,0.396851,-0.347900,0.288696,-0.798828
38.22628998756409,0.724121,0.113281,0.035156,-0.046875,-0.078125,-0.041016,-0.064453,0.396179,-0.348694,0.288940,-0.798706
38.2462739944458,0.728027,0.257813,-0.078125,0.199219,-0.093750,-0.041016,-0.001953,0.395996,-0.349304,0.289429,-0.798401
38.26613974571228,0.742676,0.457031,-0.175781,-0.128906,-0.093750,0.041016,0.125000,0.396729,-0.348938,0.290710,-0.797729
38.28630304336548,0.749634,2.296875,-0.191406,-0.273438,-0.001953,0.007813,0.257813,0.398499,-0.348389,0.291748,-0.796692
38.30605220794678,0.754639,0.464844,0.046875,0.757812,-0.066406,-0.128906,0.144531,0.399841,-0.348938,0.292297,-0.795593
38.326457023620605,0.760986,0.058594,0.222656,-0.183594,-0.062500,-0.050781,0.140625,0.400879,-0.349365,0.293030,-0.794556
38.34612250328064,0.761597,-0.324219,0.199219,0.031250,-0.052734,-0.078125,0.066406,0.401306,-0.350220,0.293335,-0.793884
38.36618971824646,0.763062,0.242187,0.246094,-0.218750,-0.042969,-0.060547,0.021484,0.401550,-0.350586,0.293518,-0.793518
38.38627314567566,0.758545,0.175781,-0.089844,-0.832031,0.035156,0.070312,0.052734,0.401855,-0.349854,0.293640,-0.793640
38.406514406204224,0.751221,-0.539062,-0.144531,-0.542969,0.125000,-0.031250,-0.003906,0.402283,-0.349854,0.292419,-0.793884
38.4268684387207,0.738037,-1.414063,-0.246094,-0.589844,0.246094,-0.253906,-0.130859,0.402893,-0.350769,0.289063,-0.794434
38.44635009765625,0.724365,0.585937,-0.613281,-2.414063,0.574219,0.183594,-0.160156,0.402832,-0.347778,0.284668,-0.797302
38.466395139694214,0.710571,-1.066406,0.371094,0.511719,0.546875,0.369141,-0.425781,0.400513,-0.343933,0.280579,-0.801636
38.48665452003479,0.707153,0.984375,1.644531,1.046875,0.292969,0.244141,-0.298828,0.398315,-0.341553,0.278198,-0.804504
38.506290674209595,0.705688,0.707031,0.722656,1.464844,0.060547,0.207031,-0.175781,0.396423,-0.340210,0.277893,-0.806152
38.52657771110535,0.705200,-0.496094,0.570312,2.003906,-0.208984,0.052734,-0.152344,0.394470,-0.340881,0.279236,-0.806396
38.5467004776001,0.709106,0.914062,1.214844,1.046875,-0.349609,-0.027344,0.027344,0.393433,-0.342590,0.281982,-0.805176
38.56685996055603,0.715576,-0.234375,0.921875,1.882813,-0.582031,-0.269531,0.093750,0.392822,-0.346619,0.285950,-0.802307
38.586718797683716,0.726318,-0.679687,-0.578125,0.527344,-0.275391,-0.115234,-0.093750,0.391296,-0.349609,0.288391,-0.800964
38.60683512687683,0.728271,-0.320313,-1.472656,-0.851562,-0.185547,0.066406,-0.072266,0.389771,-0.349976,0.290100,-0.800903
38.62655520439148,0.723511,0.078125,-0.117188,-1.226563,-0.005859,0.130859,0.019531,0.389526,-0.348999,0.290588,-0.801270
38.6464409828186,0.702148,0.203125,0.097656,-0.636719,0.119141,0.013672,0.066406,0.390076,-0.348328,0.290161,-0.801453
38.666831254959106,0.696899,-0.746094,-0.476562,0.160156,0.048828,0.072266,0.001953,0.390076,-0.347534,0.290039,-0.801819
38.68676233291626,0.691528,0.292969,-0.101563,-0.312500,0.021484,0.027344,0.021484,0.390259,-0.347046,0.290161,-0.801941
38.706782579422,0.697144,0.300781,0.019531,0.304688,-0.037109,0.021484,0.080078,0.390564,-0.346985,0.290649,-0.801636
38.72684359550476,0.705200,-0.273438,-0.085937,-0.105469,-0.037109,-0.033203,0.046875,0.390930,-0.347107,0.291016,-0.801270
38.74678921699524,0.706665,0.890625,-0.007813,-0.882812,0.029297,0.044922,0.056641,0.391357,-0.346436,0.291260,-0.801270
38.76684355735779,0.708618,-0.050781,-0.046875,0.039063,-0.023437,0.105469,0.078125,0.391541,-0.345520,0.292053,-0.801270
38.787052154541016,0.721558,-0.484375,-0.339844,0.429687,-0.136719,0.142578,0.017578,0.390808,-0.344788,0.293640,-0.801331
38.80711507797241,0.733765,-0.164062,-0.167969,0.207031,-0.203125,0.162109,-0.037109,0.389465,-0.344177,0.295654,-0.801514
38.82670021057129,0.739014,0.128906,0.113281,-0.468750,-0.125000,0.183594,0.001953,0.388428,-0.343140,0.297424,-0.801819
38.846718311309814,0.747070,0.417969,-0.101563,-0.550781,-0.085937,0.279297,0.054687,0.387817,-0.341187,0.299194,-0.802307
38.86705255508423,0.748535,-0.613281,0.253906,0.128906,-0.037109,0.132812,0.064453,0.387756,-0.340088,0.300293,-0.802368
38.8876895904541,0.750610,0.007813,0.105469,0.597656,-0.068359,-0.013672,0.066406,0.388062,-0.340271,0.300903,-0.801941
38.90725541114807,0.748291,-0.300781,0.113281,-0.468750,-0.005859,-0.181641,0.031250,0.388794,-0.341431,0.300476,-0.801208
38.92706775665283,0.745850,0.183594,0.085937,-0.066406,0.015625,-0.171875,0.093750,0.390198,-0.342529,0.299927,-0.800293
38.9470112323761,0.742187,0.535156,0.238281,0.085937,0.070312,-0.160156,0.218750,0.392395,-0.343140,0.299438,-0.799133
38.967055320739746,0.732422,-1.542969,0.007813,0.246094,0.035156,-0.261719,0.060547,0.393738,-0.344604,0.298523,-0.798157
38.98752236366272,0.727783,0.082031,0.015625,0.109375,0.015625,-0.166016,0.019531,0.394470,-0.345764,0.297852,-0.797546
39.00698280334473,0.719116,0.343750,0.015625,-0.226562,0.078125,-0.095703,0.039063,0.395508,-0.346130,0.296753,-0.797302
39.02734041213989,0.707642,-0.394531,0.566406,-0.058594,0.234375,-0.183594,0.027344,0.396851,-0.346497,0.294373,-0.797363
39.0472195148468,0.667114,-0.761719,-0.414062,0.527344,0.126953,-0.039063,-0.144531,0.396545,-0.346802,0.292236,-0.798218
39.06713056564331,0.638794,-0.562500,-0.292969,-1.484375,0.222656,-0.031250,-0.158203,0.396118,-0.346313,0.289673,-0.799561
39.08725571632385,0.614868,1.269531,-0.914062,-1.464844,0.398438,0.214844,-0.179687,0.395325,-0.343323,0.286499,-0.802368
39.10723805427551,0.588623,0.703125,-1.804688,-1.640625,0.673828,0.625000,-0.312500,0.393311,-0.336914,0.282776,-0.807373
39.12744355201721,0.590210,0.320313,1.789063,1.417969,0.357422,0.552734,-0.216797,0.391113,-0.331665,0.281372,-0.811035
39.14736723899841,0.595703,-0.230469,1.839844,2.761719,-0.066406,0.283203,-0.158203,0.388733,-0.330139,0.282410,-0.812500
39.16787314414978,0.613647,-0.738281,1.175781,3.281250,-0.375000,-0.044922,-0.160156,0.386414,-0.332275,0.284851,-0.811890
39.18754267692566,0.629150,0.769531,1.527344,2.402344,-0.669922,-0.289063,0.033203,0.385132,-0.336975,0.289124,-0.809021
39.20753288269043,0.640625,-0.761719,-0.953125,0.289063,-0.392578,-0.144531,-0.083984,0.383362,-0.340454,0.292419,-0.807190
39.227649211883545,0.664307,0.218750,-1.410156,-0.269531,-0.281250,0.072266,-0.074219,0.381470,-0.341248,0.294861,-0.806885
39.24810838699341,0.668945,0.113281,-0.246094,-2.320313,-0.083984,0.181641,-0.041016,0.380188,-0.340393,0.296082,-0.807434
39.26835036277771,0.678345,0.082031,-0.132812,-0.292969,-0.021484,0.146484,-0.027344,0.379395,-0.339417,0.296753,-0.807922
39.287529706954956,0.696045,-0.093750,-0.164062,0.437500,-0.072266,0.064453,-0.003906,0.378906,-0.339233,0.297607,-0.807983
39.30782151222229,0.711670,-0.093750,-0.156250,0.445312,-0.115234,-0.041016,0.031250,0.378784,-0.339783,0.298645,-0.807373
39.32791352272034,0.719971,0.218750,-0.207031,0.238281,-0.109375,-0.089844,0.128906,0.379639,-0.340088,0.299866,-0.806396
39.34819459915161,0.728027,1.445313,-0.144531,-0.128906,-0.134766,0.189453,0.300781,0.380981,-0.338623,0.302063,-0.805603
39.36776423454285,0.734009,-1.734375,0.144531,-0.550781,-0.044922,-0.037109,0.107422,0.381836,-0.338196,0.303162,-0.804932
39.38759732246399,0.736206,1.132813,0.007813,0.261719,-0.031250,0.113281,0.199219,0.382751,-0.337219,0.304321,-0.804504
39.4079053401947,0.735107,-0.007813,0.324219,-0.121094,-0.009766,-0.021484,0.044922,0.383118,-0.337341,0.304382,-0.804260
39.42821168899536,0.734497,-0.085937,0.167969,0.109375,0.007813,-0.048828,-0.003906,0.383301,-0.337524,0.304077,-0.804199
39.44787383079529,0.732910,0.414062,-0.062500,-0.398438,0.044922,0.074219,0.009766,0.383240,-0.336792,0.304016,-0.804504
39.46785497665405,0.730469,-0.460937,-0.031250,-0.253906,0.064453,0.058594,-0.041016,0.382935,-0.336243,0.303528,-0.805115
39.48841571807861,0.710815,-0.046875,-0.199219,-0.382813,0.105469,-0.011719,-0.080078,0.382690,-0.336243,0.302368,-0.805664
39.508479595184326,0.695923,-0.261719,-0.144531,-0.628906,0.193359,-0.136719,-0.138672,0.382446,-0.336914,0.299438,-0.806580
39.528016567230225,0.686035,-1.582031,-1.273438,-1.777344,0.507812,-0.152344,-0.345703,0.381897,-0.337219,0.294189,-0.808655
39.54794478416443,0.673950,1.589844,0.152344,0.378906,0.361328,-0.054687,-0.101563,0.382385,-0.336609,0.290710,-0.809937
39.56804323196411,0.663696,0.738281,1.125000,1.621094,0.121094,-0.039063,0.103516,0.383667,-0.336365,0.289795,-0.809753
39.58845114707947,0.655029,-0.441406,0.519531,1.359375,-0.117188,-0.150391,0.113281,0.384583,-0.337646,0.290588,-0.808472
39.60815358161926,0.643555,0.128906,0.734375,0.695312,-0.269531,-0.199219,0.160156,0.385254,-0.339722,0.292542,-0.806580
39.62859082221985,0.639771,0.011719,-0.261719,0.433594,-0.039063,0.041016,-0.052734,0.384521,-0.340210,0.293762,-0.806274
39.648372411727905,0.643921,0.546875,0.011719,-1.082031,-0.105469,0.183594,-0.060547,0.383057,-0.339355,0.295227,-0.806824
39.668208599090576,0.654785,-0.234375,-0.476562,-0.285156,-0.142578,0.310547,-0.101563,0.380981,-0.337769,0.296936,-0.807861
39.68832564353943,0.684570,-0.062500,-0.238281,-1.363281,0.048828,0.257813,-0.021484,0.379700,-0.336121,0.297607,-0.808838
39.70807385444641,0.693359,-0.667969,-0.437500,0.312500,-0.080078,0.015625,-0.216797,0.378052,-0.336304,0.297180,-0.809753
39.7281813621521,0.700195,2.785156,-1.464844,-4.566406,0.449219,0.181641,-0.099609,0.378113,-0.333069,0.293518,-0.812378
39.748318672180176,0.702881,1.222656,-2.332031,-3.261719,1.005859,0.656250,-0.097656,0.378418,-0.325012,0.287964,-0.817444
39.76858925819397,0.701294,-0.949219,0.589844,2.621094,0.419922,0.460937,-0.257813,0.376465,-0.320374,0.285583,-0.820984
39.78870463371277,0.698364,0.199219,1.257813,3.203125,-0.189453,0.195312,-0.189453,0.373779,-0.319580,0.286987,-0.822083
39.80844449996948,0.692261,1.355469,0.781250,-0.726562,-0.177734,0.251953,-0.052734,0.372009,-0.318542,0.289429,-0.822388
39.82876753807068,0.687256,0.589844,1.160156,0.898437,-0.205078,0.167969,0.160156,0.372009,-0.317566,0.292175,-0.821838
39.84832000732422,0.681641,-0.878906,0.800781,0.949219,-0.162109,-0.064453,0.175781,0.373230,-0.318115,0.293701,-0.820496
39.86856460571289,0.672241,-0.988281,1.128906,1.394531,0.023437,-0.306641,0.300781,0.376465,-0.319885,0.293640,-0.818359
39.8886559009552,0.661011,-2.527344,0.433594,3.617188,-0.234375,-0.667969,0.281250,0.379822,-0.325195,0.293396,-0.814819
39.90919065475464,0.653076,-2.421875,-0.578125,-0.738281,-0.132812,-0.863281,-0.027344,0.381897,-0.332336,0.291382,-0.811646
39.9285786151886,0.650391,2.792969,-0.378906,-2.269531,0.076172,-0.488281,0.214844,0.385010,-0.335693,0.289551,-0.809509
39.94870686531067,0.638062,0.785156,-0.300781,-1.335938,0.015625,-0.257813,0.097656,0.386658,-0.337341,0.288696,-0.808289
39.96874284744263,0.629028,0.960937,-0.523437,-1.558594,0.083984,-0.044922,0.082031,0.387756,-0.337280,0.288086,-0.807983
39.9886212348938,0.620483,0.171875,0.074219,-0.003906,0.123047,-0.056641,0.123047,0.389160,-0.337036,0.287170,-0.807739
40.00930571556091,0.600708,-1.718750,-0.082031,0.832031,0.095703,-0.216797,-0.037109,0.389771,-0.338379,0.285645,-0.807434
40.02884078025818,0.589355,-0.523437,0.058594,0.648437,0.082031,-0.154297,-0.021484,0.390198,-0.339417,0.284485,-0.807190
40.0490083694458,0.580444,0.234375,0.019531,0.226562,-0.019531,-0.052734,0.021484,0.390442,-0.339966,0.284363,-0.806946
40.06891846656799,0.552979,0.148437,-0.019531,-0.339844,-0.013672,-0.041016,0.021484,0.390625,-0.340210,0.284363,-0.806702
40.089123010635376,0.540405,0.539062,-0.210937,-0.578125,0.087891,0.035156,0.044922,0.391113,-0.339600,0.283936,-0.806885
40.10891842842102,0.536133,-0.378906,-0.257813,0.066406,0.035156,-0.052734,0.009766,0.391357,-0.339844,0.283569,-0.806824
40.128923416137695,0.520142,0.035156,0.250000,0.378906,-0.083984,-0.060547,0.009766,0.391296,-0.340576,0.283997,-0.806396
40.149362325668335,0.522339,0.187500,0.371094,0.289063,-0.140625,-0.080078,0.033203,0.391174,-0.341736,0.285034,-0.805603
40.16920351982117,0.520630,-0.128906,0.472656,1.007813,-0.164062,-0.052734,-0.013672,0.390625,-0.342773,0.286255,-0.804993
40.189311504364014,0.505249,-0.480469,-0.851562,-0.468750,-0.121094,0.115234,-0.019531,0.389587,-0.342468,0.287598,-0.805115
40.209190368652344,0.486694,0.035156,-0.339844,-0.277344,-0.125000,0.234375,-0.031250,0.388245,-0.341187,0.289429,-0.805664
40.22918367385864,0.483643,0.257813,-0.140625,-0.191406,-0.105469,0.179687,0.013672,0.387451,-0.340271,0.290833,-0.805908
40.24912738800049,0.500854,-1.007813,-0.132812,-0.375000,-0.048828,-0.160156,-0.066406,0.387085,-0.341675,0.290588,-0.805603
40.26950407028198,0.606567,-0.855469,-0.164062,-0.351563,-0.058594,-0.218750,-0.009766,0.387451,-0.343750,0.290222,-0.804687
40.28961253166199,0.652832,1.246094,-0.378906,0.015625,-0.101563,-0.171875,0.195312,0.388855,-0.345032,0.290771,-0.803223
40.30945611000061,0.672607,-1.046875,0.019531,-0.621094,-0.060547,-0.068359,0.169922,0.390442,-0.344788,0.291870,-0.802185
40.32947492599487,0.690063,2.722656,0.082031,-0.582031,0.019531,0.070312,0.265625,0.392273,-0.343323,0.293091,-0.801453
40.349549293518066,0.692627,-1.230469,0.175781,0.488281,-0.054687,0.009766,0.123047,0.393127,-0.342957,0.293823,-0.800964
40.36978578567505,0.696045,-0.253906,0.296875,-0.160156,0.005859,0.005859,0.042969,0.393494,-0.342712,0.293884,-0.800842
40.38933277130127,0.699463,0.242187,0.183594,-0.007813,0.021484,0.041016,0.029297,0.393677,-0.342102,0.294067,-0.800964
40.4093873500824,0.697876,1.109375,0.031250,-0.128906,0.037109,0.251953,0.103516,0.393860,-0.339844,0.294922,-0.801514
40.42969298362732,0.692139,-1.761719,0.289063,-0.468750,0.123047,0.197266,-0.039063,0.393250,-0.338074,0.294678,-0.802673
40.449671030044556,0.669067,-0.964844,0.160156,0.160156,0.103516,0.013672,-0.208984,0.391846,-0.337708,0.293579,-0.803894
40.469520807266235,0.644165,0.589844,0.019531,-0.164062,0.082031,0.000000,-0.193359,0.390503,-0.337708,0.292480,-0.804932
40.48979139328003,0.635376,0.058594,-0.261719,0.296875,0.033203,-0.115234,-0.230469,0.389038,-0.338806,0.291260,-0.805603
40.50976252555847,0.632690,1.742188,-0.394531,-0.246094,0.009766,0.101563,-0.105469,0.387695,-0.338684,0.291016,-0.806396
40.52977919578552,0.640381,-1.281250,-0.171875,0.250000,-0.021484,0.083984,-0.115234,0.386353,-0.338379,0.291199,-0.807129
40.54965043067932,0.651367,-1.375000,-0.285156,0.410156,-0.142578,0.097656,-0.257813,0.383850,-0.338501,0.291870,-0.808044
40.56979179382324,0.660278,0.886719,-0.093750,-0.429687,-0.072266,0.205078,-0.044922,0.382324,-0.337585,0.292908,-0.808716
40.58963918685913,0.693115,0.089844,-0.203125,0.726562,-0.195312,0.076172,-0.076172,0.380981,-0.337585,0.294373,-0.808838
40.60970711708069,0.707397,0.710937,0.050781,-0.828125,-0.074219,0.076172,0.060547,0.380798,-0.337097,0.295898,-0.808594
40.62979769706726,0.716919,1.316406,-0.199219,-0.015625,-0.066406,0.183594,0.212891,0.381592,-0.335693,0.297546,-0.808167
40.64965629577637,0.721069,-0.445312,0.273438,-0.753906,-0.035156,0.023437,0.121094,0.382385,-0.334900,0.298584,-0.807739
40.66979765892029,0.722656,-0.996094,0.289063,-0.359375,-0.025391,0.037109,0.103516,0.382935,-0.334473,0.299316,-0.807373
40.68983340263367,0.722900,0.082031,0.136719,-0.324219,0.019531,0.000000,0.021484,0.383118,-0.334290,0.299255,-0.807434
40.70995116233826,0.719238,0.351563,0.023437,-0.398438,0.041016,0.089844,0.029297,0.383179,-0.333252,0.299377,-0.807800
40.729777812957764,0.713135,0.535156,0.023437,0.160156,0.037109,0.177734,0.066406,0.383179,-0.331482,0.299927,-0.808289
40.750051736831665,0.702393,-0.160156,0.167969,-0.593750,0.117188,0.218750,0.019531,0.382996,-0.329407,0.299805,-0.809265
40.77005100250244,0.642334,-1.300781,0.230469,-0.078125,0.138672,-0.033203,-0.134766,0.382385,-0.329407,0.298401,-0.810059
40.79012203216553,0.639282,0.074219,-0.023437,0.792969,0.072266,-0.111328,-0.107422,0.381897,-0.330383,0.297058,-0.810425
40.81040549278259,0.642700,0.136719,-0.156250,-0.246094,0.035156,-0.044922,-0.162109,0.380737,-0.331055,0.296082,-0.811035
40.83010768890381,0.642456,-0.707031,-0.316406,-0.203125,-0.019531,-0.007813,-0.291016,0.378296,-0.332031,0.295288,-0.812073
40.85060214996338,0.637207,-0.476562,-0.332031,0.296875,-0.101563,0.126953,-0.296875,0.375244,-0.332153,0.295532,-0.813293
40.87014603614807,0.644043,0.976562,-0.148437,0.105469,-0.060547,0.306641,-0.087891,0.373291,-0.330505,0.296814,-0.814453
40.89058208465576,0.653320,0.457031,0.242187,0.335938,-0.138672,0.097656,-0.068359,0.371826,-0.330261,0.298157,-0.814697
40.91039824485779,0.693359,0.566406,-0.347656,0.402344,-0.261719,0.037109,-0.066406,0.370483,-0.330750,0.300293,-0.814392
40.93063807487488,0.709351,2.242188,-0.046875,-1.765625,-0.095703,0.222656,0.187500,0.370789,-0.329102,0.302551,-0.814026
40.95010256767273,0.722168,-0.046875,-0.148437,-0.539062,-0.074219,0.109375,0.189453,0.371643,-0.327881,0.304260,-0.813538
40.97018098831177,0.734131,0.222656,0.144531,0.234375,-0.099609,0.054687,0.181641,0.372559,-0.327087,0.305786,-0.812866
40.99086141586304,0.734375,-1.554688,0.312500,-0.140625,-0.046875,-0.064453,0.046875,0.373047,-0.327271,0.306396,-0.812317
41.01053595542908,0.735352,0.972656,0.128906,-0.093750,-0.009766,-0.078125,0.062500,0.373596,-0.327881,0.306335,-0.811829
41.03070092201233,0.731445,-0.488281,0.089844,-0.468750,0.044922,-0.126953,0.023437,0.374207,-0.328552,0.305603,-0.811584
41.050352573394775,0.717896,0.308594,-0.109375,-0.667969,0.152344,-0.066406,0.023437,0.375061,-0.328491,0.304016,-0.811768
41.07087564468384,0.704712,-1.816406,-0.148437,-1.386719,0.396484,-0.185547,-0.158203,0.375366,-0.328674,0.299927,-0.813110
41.090370416641235,0.692383,-0.597656,-2.363281,-1.488281,0.621094,0.181641,-0.384766,0.373718,-0.326294,0.294800,-0.816650
41.11031413078308,0.674316,1.003906,-0.570312,-0.710937,0.482422,0.457031,-0.310547,0.371338,-0.321899,0.291565,-0.820679
41.130990743637085,0.665161,0.828125,1.710938,0.828125,0.191406,0.298828,-0.158203,0.369690,-0.319214,0.290527,-0.822815
41.150546073913574,0.657349,-0.507812,0.812500,2.691406,-0.140625,0.109375,-0.095703,0.368042,-0.319092,0.291687,-0.823181
41.17055583000183,0.664551,-0.750000,1.074219,1.847656,-0.392578,-0.066406,-0.056641,0.366516,-0.321228,0.294556,-0.822021
41.19047427177429,0.672974,0.382813,0.871094,1.695313,-0.603516,-0.271484,0.027344,0.365417,-0.325378,0.298523,-0.819397
41.21079730987549,0.682983,-0.796875,0.433594,1.207031,-0.310547,-0.169922,-0.087891,0.364014,-0.328491,0.300964,-0.817932
41.23072171211243,0.703491,1.406250,-0.421875,-2.000000,-0.136719,0.085937,-0.031250,0.362976,-0.328674,0.302307,-0.817810
41.25085783004761,0.699097,0.582031,-0.156250,-1.886719,0.080078,0.064453,0.035156,0.363220,-0.327759,0.302185,-0.818115
41.27093195915222,0.689575,0.128906,0.105469,-0.644531,0.158203,-0.015625,0.042969,0.364014,-0.327393,0.301025,-0.818359
41.290854930877686,0.658325,-0.492187,0.250000,0.496094,0.033203,-0.085937,0.007813,0.364502,-0.327759,0.300354,-0.818237
41.31151533126831,0.645386,0.582031,0.121094,-0.585937,0.126953,-0.005859,0.097656,0.365540,-0.327271,0.299866,-0.818176
41.33117961883545,0.635254,-0.007813,-0.070312,0.441406,0.091797,0.021484,0.162109,0.367126,-0.326111,0.299927,-0.817871
41.35057353973389,0.634521,1.019531,-0.070312,0.121094,0.037109,0.042969,0.185547,0.368530,-0.325195,0.300415,-0.817383
41.37119913101196,0.653931,-1.687500,-0.285156,0.546875,-0.101563,-0.099609,0.070312,0.369202,-0.325867,0.301086,-0.816589
41.39124393463135,0.676270,1.699219,-0.269531,-0.394531,-0.070312,0.070312,0.259766,0.370789,-0.324829,0.302612,-0.815735
41.41107225418091,0.692383,-0.121094,-0.171875,-0.164062,-0.060547,0.074219,0.218750,0.372070,-0.323425,0.304260,-0.815125
41.431272745132446,0.714600,-0.886719,-0.109375,0.066406,-0.142578,0.166016,0.109375,0.372070,-0.322266,0.306030,-0.814880
41.451268434524536,0.723999,-0.250000,0.058594,0.609375,-0.136719,0.082031,-0.015625,0.371277,-0.321838,0.307434,-0.814880
41.471088886260986,0.732056,0.800781,0.152344,-0.800781,-0.089844,0.179687,0.000000,0.370361,-0.320862,0.308716,-0.815186
41.4912486076355,0.741577,-0.343750,0.152344,-0.187500,-0.041016,0.109375,-0.093750,0.369141,-0.320374,0.309082,-0.815796
41.511128187179565,0.743408,-0.480469,0.105469,-0.261719,-0.021484,-0.115234,-0.246094,0.367310,-0.322205,0.308044,-0.816284
41.531062841415405,0.743774,0.636719,0.050781,-0.199219,-0.003906,-0.302734,-0.339844,0.365479,-0.325623,0.306091,-0.816528
41.55146884918213,0.746460,0.718750,0.382813,-0.230469,0.074219,-0.296875,-0.193359,0.364807,-0.328369,0.304016,-0.816528
41.57122588157654,0.743774,0.167969,0.050781,0.472656,0.048828,-0.148437,-0.138672,0.364197,-0.329956,0.302490,-0.816711
41.59171962738037,0.737305,0.671875,0.035156,-0.453125,0.039063,-0.099609,-0.179687,0.363220,-0.331116,0.301208,-0.817139
41.61134481430054,0.718506,1.550781,-0.585937,0.089844,-0.015625,0.027344,-0.107422,0.362366,-0.331116,0.301147,-0.817505
41.63149952888489,0.721436,0.160156,-0.156250,0.050781,-0.007813,0.136719,0.064453,0.362305,-0.330017,0.301941,-0.817749
41.65135455131531,0.725830,-1.527344,-0.003906,0.281250,-0.056641,-0.064453,-0.050781,0.361755,-0.330750,0.302124,-0.817566
41.67159080505371,0.748169,-0.699219,-0.187500,0.640625,-0.144531,-0.042969,-0.031250,0.361145,-0.331482,0.303223,-0.817139
41.69147491455078,0.754761,2.226563,-0.429687,-0.328125,-0.171875,0.183594,0.234375,0.361877,-0.330261,0.305664,-0.816406
41.71155023574829,0.757935,-0.972656,0.058594,-0.589844,-0.095703,0.085937,0.246094,0.363281,-0.328796,0.307922,-0.815552
41.73181962966919,0.763794,0.460937,-0.023437,-0.085937,-0.113281,0.148437,0.201172,0.364075,-0.327271,0.309875,-0.815063
41.75179934501648,0.765625,-0.878906,0.105469,-0.699219,-0.070312,0.154297,0.146484,0.364502,-0.325989,0.311096,-0.814880
41.77166700363159,0.766357,-1.125000,0.343750,0.296875,0.007813,-0.060547,-0.005859,0.364685,-0.326172,0.311035,-0.814758
41.791821002960205,0.763428,0.160156,0.000000,-0.277344,0.039063,-0.126953,-0.017578,0.364990,-0.326965,0.310242,-0.814636
41.811546087265015,0.742187,0.375000,-0.128906,-0.898437,0.162109,-0.072266,-0.015625,0.365540,-0.327026,0.308472,-0.815063
41.8316490650177,0.729004,-0.414062,-0.324219,-1.347656,0.382813,-0.097656,-0.251953,0.364746,-0.326782,0.304382,-0.817017
41.85161375999451,0.719116,1.453125,-1.703125,-1.312500,0.578125,0.365234,-0.453125,0.362061,-0.323364,0.299683,-0.821289
41.8719642162323,0.693970,1.539063,0.699219,-0.417969,0.523437,0.478516,-0.248047,0.360107,-0.318420,0.296448,-0.825256
41.8915741443634,0.684082,0.421875,1.257813,1.187500,0.238281,0.357422,-0.126953,0.358704,-0.315063,0.295349,-0.827576
41.9122040271759,0.683472,-0.175781,0.859375,2.316406,-0.095703,0.126953,-0.089844,0.357178,-0.314636,0.296265,-0.828003
41.932040214538574,0.692017,-0.316406,0.960937,1.351563,-0.363281,-0.117188,-0.078125,0.355713,-0.316956,0.298645,-0.826965
41.95172333717346,0.699097,0.351563,0.507812,0.921875,-0.525391,-0.160156,-0.007813,0.354431,-0.320190,0.302307,-0.824890
41.97214961051941,0.705322,-0.132812,0.417969,0.894531,-0.457031,-0.146484,-0.027344,0.353027,-0.322876,0.305420,-0.823303
41.99204182624817,0.718994,-0.406250,-1.957031,-1.472656,-0.255859,0.091797,-0.056641,0.351440,-0.323059,0.307617,-0.823059
42.01220154762268,0.717651,0.257813,-0.062500,-1.152344,-0.107422,0.156250,-0.013672,0.350464,-0.322266,0.309082,-0.823303
42.03232502937317,0.709595,0.273438,-0.132812,-0.882812,0.015625,0.083984,0.027344,0.350342,-0.321533,0.309326,-0.823547
42.05205488204956,0.701782,-0.675781,-0.140625,-0.738281,0.105469,0.031250,-0.003906,0.350464,-0.320801,0.308777,-0.823914
42.072285890579224,0.686523,0.058594,-0.187500,-0.339844,0.048828,0.074219,0.025391,0.350708,-0.319946,0.308655,-0.824219
42.092307806015015,0.685913,1.609375,0.160156,-0.156250,0.119141,0.050781,0.232422,0.352478,-0.318542,0.308716,-0.823975
42.11237049102783,0.692017,-0.871094,-0.214844,0.792969,-0.041016,0.039063,0.146484,0.353455,-0.317871,0.309509,-0.823547
42.13238501548767,0.707642,-1.601563,-0.093750,-0.039063,-0.050781,-0.033203,-0.021484,0.353210,-0.318237,0.309814,-0.823364
42.15235662460327,0.713989,0.699219,-0.093750,-0.808594,-0.003906,0.085937,0.017578,0.353027,-0.317505,0.310303,-0.823547
42.172240018844604,0.720093,0.261719,-0.277344,0.457031,-0.099609,0.167969,0.039063,0.352478,-0.316467,0.311584,-0.823730
42.192322731018066,0.739502,-0.335938,-0.070312,-0.156250,-0.097656,0.150391,-0.017578,0.351440,-0.315735,0.312927,-0.823975
42.21256637573242,0.746460,-0.433594,0.023437,0.394531,-0.115234,0.150391,-0.044922,0.350220,-0.315125,0.314392,-0.824158
42.23237061500549,0.753296,0.414062,0.031250,-0.093750,-0.173828,0.138672,-0.005859,0.349365,-0.314514,0.315857,-0.824158
42.25230956077576,0.762573,-0.027344,0.238281,0.449219,-0.109375,0.060547,0.035156,0.349060,-0.314148,0.316956,-0.824036
42.272326707839966,0.764893,0.214844,-0.167969,0.390625,-0.142578,0.056641,0.070312,0.348999,-0.314087,0.318420,-0.823486
42.29238200187683,0.765015,-0.273438,0.152344,-0.007813,-0.130859,-0.117188,0.027344,0.349060,-0.315430,0.319214,-0.822632
42.31256294250488,0.764038,-1.187500,0.246094,0.367188,-0.164062,-0.234375,-0.050781,0.348877,-0.317993,0.319580,-0.821594
42.3325412273407,0.763794,0.007813,0.070312,-0.367188,-0.125000,-0.255859,-0.054687,0.348877,-0.320618,0.319458,-0.820618
42.35274291038513,0.762329,0.820312,-0.039063,-1.261719,0.044922,-0.207031,0.072266,0.350220,-0.321716,0.318726,-0.819885
42.37268590927124,0.760132,1.792969,-0.074219,-1.308594,0.152344,0.003906,0.279297,0.352539,-0.321045,0.318115,-0.819397
42.39274787902832,0.751587,-1.960938,0.031250,0.757812,0.105469,-0.287109,0.042969,0.354187,-0.322632,0.316467,-0.818726
42.412893533706665,0.742187,1.117188,0.437500,-1.968750,0.367188,-0.373047,0.167969,0.357727,-0.324036,0.312683,-0.818054
42.43252635002136,0.728882,0.253906,-0.300781,-2.054688,0.666016,-0.474609,0.167969,0.362366,-0.324585,0.306030,-0.818298
42.452555894851685,0.669556,-0.421875,-2.156250,-4.062500,1.494141,0.181641,-0.375000,0.363770,-0.318542,0.293274,-0.824768
42.47286295890808,0.641235,-2.613281,-6.460937,-9.371094,2.556641,1.083984,-0.558594,0.364197,-0.301819,0.274536,-0.837219
42.49289655685425,0.637207,3.234375,1.058594,-3.640625,2.955078,1.552734,-0.101563,0.367310,-0.279358,0.255371,-0.849609
42.519816637039185,0.610352,-1.609375,0.812500,1.484375,2.710938,1.214844,-0.275391,0.369507,-0.259338,0.235596,-0.860657
42.53269290924072,0.581299,-1.785156,1.164063,-0.156250,2.820313,1.125000,-0.173828,0.372559,-0.239807,0.215332,-0.870239
42.55316400527954,0.561523,-0.339844,2.582031,3.390625,2.533203,1.160156,0.222656,0.377747,-0.220032,0.197937,-0.877380
42.57271122932434,0.486206,-1.871094,2.453125,4.574219,2.222656,0.851562,0.353516,0.383911,-0.203613,0.182312,-0.882019
42.59981060028076,0.421021,-2.355469,1.839844,8.269531,1.662109,0.142578,0.378906,0.390015,-0.195984,0.168884,-0.883728
42.612672328948975,0.328735,-5.570312,1.796875,11.281250,0.742187,-1.181641,-0.009766,0.393311,-0.203308,0.157715,-0.882690
42.63264489173889,0.271362,-2.871094,2.449219,4.125000,0.076172,-2.046875,-0.226562,0.394897,-0.221191,0.148315,-0.879272
42.65293502807617,0.196289,0.179687,2.859375,-0.355469,0.035156,-2.466797,0.058594,0.399231,-0.242310,0.138367,-0.873352
42.673036098480225,0.138916,2.187500,2.976563,-2.406250,0.287109,-2.230469,0.687500,0.408813,-0.259827,0.128723,-0.865356
42.700594663619995,0.103271,1.761719,2.906250,-1.500000,0.318359,-1.853516,1.220703,0.422180,-0.273254,0.121460,-0.855774
42.71319651603699,0.000000,-1.964844,2.113281,0.140625,0.187500,-2.125000,1.421875,0.437195,-0.288818,0.114746,-0.843994
42.733033895492554,0.000000,-2.566406,0.089844,0.031250,-0.035156,-2.179688,1.294922,0.450134,-0.305542,0.109253,-0.831909
42.753159284591675,0.000000,-2.742188,-0.835937,-0.296875,-0.259766,-1.958984,0.966797,0.459412,-0.322205,0.105652,-0.820984
42.78085923194885,0.000000,-2.363281,-0.203125,0.835937,-0.751953,-2.224609,0.710937,0.465149,-0.343445,0.103699,-0.809265
42.79313087463379,0.000000,-2.277344,0.957031,-0.023437,-1.250000,-2.923828,0.552734,0.468018,-0.371399,0.102234,-0.795349
42.81353974342346,0.000000,-2.175781,-0.425781,-2.867188,-1.441406,-2.783203,0.333984,0.467896,-0.399536,0.101807,-0.781677
42.83323907852173,0.000000,-1.820313,-1.683594,-4.007812,-1.220703,-2.044922,0.023437,0.465393,-0.421448,0.101685,-0.771667
42.8608660697937,0.000000,-0.468750,-1.589844,-3.734375,-1.054688,-1.572266,-0.048828,0.461914,-0.439270,0.102417,-0.763672
42.8734610080719,0.000000,-0.656250,-0.300781,0.675781,-1.492188,-1.541016,-0.074219,0.456238,-0.457825,0.106445,-0.755615
42.89330172538757,0.000000,-1.011719,0.324219,0.000000,-1.761719,-1.453125,-0.136719,0.448486,-0.476562,0.112183,-0.747803
42.914167642593384,0.000000,-1.867188,-1.144531,-1.945313,-1.507813,-1.072266,-0.501953,0.438904,-0.491272,0.116211,-0.743347
42.9334614276886,0.000000,-0.886719,-2.890625,-5.312500,-0.541016,-0.183594,-0.750000,0.431274,-0.496399,0.115662,-0.744507
42.95343089103699,0.000000,7.101562,-1.765625,-0.976562,0.187500,-0.566406,-0.273438,0.430603,-0.499207,0.112488,-0.743469
42.97357439994812,0.000000,10.562500,0.050781,6.542969,-0.470703,0.134766,0.869141,0.434326,-0.500305,0.118835,-0.739563
42.9935245513916,0.000000,-1.531250,-0.078125,0.015625,-0.355469,-0.253906,0.541016,0.436829,-0.502319,0.123535,-0.735901
43.01328468322754,0.000000,-3.675781,-0.667969,-2.558594,-0.113281,0.181641,0.205078,0.437805,-0.501343,0.126221,-0.735535
43.03332805633545,0.000000,1.398438,-0.828125,-1.562500,0.119141,0.369141,0.267578,0.439819,-0.497681,0.128418,-0.736450
43.05395460128784,0.000000,1.214844,-0.687500,0.042969,0.121094,0.595703,0.359375,0.442200,-0.492432,0.132019,-0.737915
43.07370162010193,0.000000,0.433594,0.046875,0.503906,-0.068359,0.634766,0.388672,0.444092,-0.487732,0.136902,-0.739014
43.09348821640015,0.000000,-1.472656,0.777344,-1.527344,-0.021484,0.125000,0.324219,0.446228,-0.486206,0.139282,-0.738281
43.11374473571777,0.035034,-0.796875,-0.792969,0.617187,0.019531,-0.136719,0.291016,0.448547,-0.486633,0.140198,-0.736450
43.133973836898804,0.077393,-0.343750,-0.675781,1.359375,-0.142578,-0.111328,0.228516,0.449646,-0.487976,0.141846,-0.734558
43.153841495513916,0.175049,-0.996094,0.375000,1.230469,-0.400391,-0.291016,0.091797,0.449036,-0.491455,0.143677,-0.732239
43.17374610900879,0.204712,-0.437500,0.296875,-0.949219,-0.191406,-0.205078,0.109375,0.449219,-0.493713,0.144836,-0.730408
43.19402575492859,0.223145,0.605469,0.320313,-0.230469,-0.048828,-0.109375,0.222656,0.450745,-0.494568,0.145813,-0.728699
43.21361255645752,0.241699,0.125000,0.437500,0.566406,-0.085937,-0.298828,0.302734,0.452759,-0.496643,0.146606,-0.725830
43.23394417762756,0.265503,-0.519531,-0.480469,0.660156,-0.187500,-0.242187,0.138672,0.453308,-0.498779,0.147461,-0.723877
43.254388093948364,0.290161,-1.101563,-1.386719,-0.503906,-0.017578,0.050781,-0.031250,0.453064,-0.498535,0.147644,-0.724182
43.273913860321045,0.312988,0.171875,-0.136719,-1.148438,0.208984,0.197266,-0.033203,0.453491,-0.496521,0.146912,-0.725403
43.29424285888672,0.321533,-0.050781,0.613281,1.003906,0.058594,-0.021484,0.001953,0.453857,-0.496399,0.146362,-0.725342
43.31412148475647,0.325317,-0.250000,0.589844,1.097656,-0.125000,-0.146484,0.033203,0.453796,-0.497864,0.146790,-0.724365
43.3340003490448,0.327515,0.476562,0.308594,0.324219,-0.185547,-0.089844,0.093750,0.453674,-0.499268,0.148071,-0.723145
43.35780429840088,0.342163,-0.328125,-0.320313,0.054687,-0.123047,-0.117188,0.085937,0.453857,-0.500610,0.148804,-0.721985
43.37409329414368,0.345337,-0.406250,-0.417969,0.003906,-0.046875,-0.097656,0.027344,0.454041,-0.501526,0.148865,-0.721191
43.39470672607422,0.343872,-0.375000,-0.066406,0.101563,-0.105469,-0.132812,0.009766,0.453796,-0.502991,0.149109,-0.720276
43.414119720458984,0.351074,0.000000,0.214844,0.289063,-0.175781,-0.136719,0.019531,0.453308,-0.504700,0.149841,-0.719238
43.43467402458191,0.340332,0.183594,0.039063,0.289063,-0.173828,-0.125000,0.044922,0.453064,-0.506226,0.150574,-0.718201
43.454304218292236,0.336060,-0.082031,-0.289063,-0.101563,-0.058594,-0.126953,0.046875,0.453308,-0.507385,0.150696,-0.717163
43.47416949272156,0.337769,-0.128906,-0.128906,-0.078125,-0.035156,-0.173828,0.050781,0.453735,-0.508789,0.150513,-0.716003
43.49455666542053,0.340088,-0.031250,0.156250,0.257813,-0.164062,-0.248047,0.029297,0.453552,-0.510986,0.150696,-0.714539
43.51503086090088,0.347168,-0.351563,-0.777344,-0.964844,-0.076172,-0.025391,-0.048828,0.452881,-0.511719,0.151001,-0.714294
43.534560203552246,0.355103,0.300781,-0.089844,-0.277344,-0.054687,0.134766,-0.044922,0.452087,-0.511230,0.151733,-0.715027
43.55429649353027,0.361816,-0.191406,0.140625,0.671875,-0.072266,0.142578,-0.044922,0.451172,-0.510620,0.152771,-0.715759
43.57462453842163,0.376587,0.238281,-0.050781,0.246094,-0.125000,0.164062,-0.021484,0.450195,-0.510010,0.154175,-0.716553
43.594724893569946,0.404419,-0.558594,-0.156250,0.015625,-0.121094,0.109375,-0.062500,0.448975,-0.510010,0.155151,-0.717102
43.614380836486816,0.458374,-1.070313,-0.082031,0.113281,-0.115234,-0.162109,-0.130859,0.447876,-0.511353,0.154846,-0.716919
43.634536027908325,0.491821,0.382813,-0.308594,-0.644531,0.058594,0.154297,0.066406,0.448486,-0.509888,0.155579,-0.717407
43.654539585113525,0.518677,1.289063,-0.332031,-0.515625,0.216797,0.685547,0.378906,0.451050,-0.504150,0.158569,-0.719177
43.67520570755005,0.578613,-0.898437,0.003906,1.117188,0.080078,0.615234,0.326172,0.453064,-0.498779,0.162231,-0.720825
43.69459581375122,0.603394,-0.277344,0.105469,0.585937,0.021484,0.505859,0.314453,0.454651,-0.494934,0.165283,-0.721802
43.71450138092041,0.617676,-1.832031,0.289063,-0.105469,0.039063,0.230469,0.218750,0.456116,-0.492676,0.167053,-0.722046
43.734628677368164,0.630249,-1.863281,0.457031,0.093750,0.044922,0.074219,0.048828,0.456787,-0.491577,0.167725,-0.722229
43.754637718200684,0.635132,0.445312,0.535156,0.277344,-0.011719,0.029297,-0.005859,0.456665,-0.491333,0.168030,-0.722351
43.774351596832275,0.637817,0.757812,0.074219,0.238281,-0.023437,0.181641,0.056641,0.456726,-0.490234,0.169067,-0.722839
43.79467511177063,0.640869,0.324219,-0.031250,-0.398438,0.035156,0.107422,0.052734,0.457092,-0.489258,0.169556,-0.723145
43.815913438797,0.641602,0.101563,-0.031250,-0.328125,0.076172,0.015625,0.033203,0.457764,-0.488647,0.169312,-0.723206
43.8346848487854,0.643311,0.039063,0.082031,0.382813,0.044922,0.037109,0.023437,0.458008,-0.488342,0.169189,-0.723328
43.854607820510864,0.642456,-1.234375,0.273438,1.082031,-0.126953,-0.087891,-0.167969,0.456665,-0.489441,0.168823,-0.723450
43.87516784667969,0.632935,0.000000,0.218750,-0.351563,-0.132812,-0.099609,-0.214844,0.454956,-0.490601,0.168274,-0.723877
43.894919872283936,0.625366,1.164063,-0.062500,-0.343750,-0.041016,0.117188,-0.089844,0.453796,-0.490417,0.168396,-0.724731
43.91512370109558,0.609741,-1.449219,-0.031250,0.574219,-0.091797,-0.029297,-0.195312,0.452087,-0.490967,0.168335,-0.725403
43.935237884521484,0.613037,0.175781,-0.109375,0.621094,-0.083984,0.167969,-0.085937,0.450867,-0.490234,0.169434,-0.726440
43.954797983169556,0.621216,1.078125,-0.148437,0.375000,-0.093750,0.205078,0.003906,0.450073,-0.489258,0.170776,-0.727234
43.975160121917725,0.630005,0.199219,-0.070312,-0.351563,-0.068359,0.054687,-0.068359,0.449219,-0.489197,0.171265,-0.727722
43.9945912361145,0.656128,0.550781,-0.222656,-0.664062,0.007813,0.123047,0.011719,0.449097,-0.488159,0.171936,-0.728333
44.01510691642761,0.672729,0.734375,-0.363281,0.308594,-0.087891,0.423828,0.173828,0.449463,-0.485107,0.174805,-0.729431
44.03525233268738,0.683716,1.343750,-0.339844,-0.582031,-0.019531,0.421875,0.187500,0.450012,-0.481689,0.177856,-0.730652
44.0554735660553,0.692017,0.062500,-0.199219,-0.078125,-0.078125,0.394531,0.169922,0.450317,-0.478821,0.180725,-0.731628
44.07520771026611,0.697632,-0.492187,0.046875,0.035156,-0.064453,0.341797,0.115234,0.450256,-0.476624,0.182861,-0.732544
44.09555101394653,0.700439,-2.308594,0.207031,0.296875,-0.126953,0.099609,-0.070312,0.449219,-0.476135,0.184265,-0.733154
44.11537027359009,0.704224,1.500000,-0.128906,0.871094,-0.003906,0.101563,-0.041016,0.448547,-0.475647,0.185120,-0.733704
44.13535523414612,0.706299,1.078125,0.480469,-0.085937,-0.039063,0.060547,-0.025391,0.448120,-0.475525,0.185425,-0.733948
44.1555118560791,0.706299,0.695312,0.460937,0.058594,-0.007813,0.062500,0.035156,0.448303,-0.474976,0.185852,-0.734070
44.175485610961914,0.704224,0.832031,0.078125,-0.023437,0.021484,0.121094,0.070312,0.448669,-0.473999,0.186462,-0.734314
44.195544958114624,0.703857,-0.621094,0.113281,-0.500000,0.058594,0.060547,-0.009766,0.448853,-0.473267,0.186401,-0.734680
44.21554350852966,0.703369,-0.539062,0.222656,0.671875,0.001953,0.027344,-0.033203,0.448792,-0.472961,0.186340,-0.734985
44.23537564277649,0.700195,-0.707031,0.558594,0.640625,-0.080078,-0.187500,-0.197266,0.447449,-0.474915,0.185181,-0.734802
44.25560975074768,0.687012,-0.960937,0.390625,0.375000,-0.031250,-0.197266,-0.205078,0.446045,-0.477112,0.183655,-0.734680
44.275614500045776,0.676514,1.230469,-0.039063,-0.292969,-0.078125,0.009766,-0.085937,0.445251,-0.477783,0.183411,-0.734741
44.29590058326721,0.675049,-0.503906,-0.390625,0.320313,-0.080078,0.035156,-0.052734,0.444763,-0.477661,0.183777,-0.735046
44.31556987762451,0.657104,-0.226562,-0.152344,-0.531250,0.001953,0.017578,-0.052734,0.444458,-0.477417,0.183899,-0.735352
44.33557462692261,0.642456,-0.539062,-0.355469,0.050781,0.060547,0.007813,0.005859,0.444763,-0.477356,0.183167,-0.735413
44.35611391067505,0.621704,-0.511719,-0.292969,-1.378906,0.167969,-0.064453,-0.031250,0.445496,-0.476685,0.181885,-0.735657
44.37558841705322,0.589111,1.281250,-0.835937,-0.808594,0.175781,0.392578,0.111328,0.446472,-0.472961,0.182190,-0.737427
44.395851612091064,0.604126,-2.003906,-1.289063,-1.898438,0.484375,0.525391,-0.162109,0.446838,-0.467346,0.180725,-0.741150
44.4155969619751,0.607788,0.566406,0.339844,0.937500,0.304688,0.550781,-0.042969,0.447021,-0.462158,0.180420,-0.744324
44.435710191726685,0.609985,0.257813,0.816406,1.011719,0.179687,0.400391,0.005859,0.447205,-0.458313,0.181030,-0.746460
44.45557403564453,0.621826,-0.160156,1.000000,1.617188,-0.064453,0.259766,0.062500,0.447021,-0.456421,0.182922,-0.747253
44.475810289382935,0.630981,0.015625,1.101563,0.656250,-0.152344,0.068359,0.138672,0.447266,-0.456299,0.185181,-0.746643
44.496156454086304,0.635986,0.542969,0.949219,0.878906,-0.298828,-0.035156,0.199219,0.447571,-0.457520,0.187988,-0.744995
44.51595497131348,0.638550,-0.281250,0.464844,1.050781,-0.285156,-0.173828,0.201172,0.448120,-0.459656,0.190186,-0.742798
44.5366096496582,0.638672,-0.589844,-0.031250,0.445312,-0.304688,-0.236328,0.144531,0.448181,-0.462341,0.191650,-0.740723
44.55627202987671,0.638794,-1.753906,-1.425781,-1.421875,-0.169922,-0.046875,-0.095703,0.447205,-0.463562,0.192139,-0.740417
44.57591414451599,0.642822,1.308594,-0.121094,-1.453125,-0.048828,0.019531,-0.015625,0.446960,-0.463623,0.192444,-0.740417
44.596197843551636,0.647705,0.007813,-0.152344,-0.496094,0.003906,0.054687,0.019531,0.447083,-0.463196,0.192627,-0.740601
44.6162896156311,0.652710,-0.558594,-0.039063,0.070312,0.001953,0.085937,-0.019531,0.446838,-0.462585,0.192993,-0.741028
44.63608360290527,0.667114,-0.246094,-0.152344,0.722656,-0.126953,0.167969,-0.060547,0.445618,-0.461914,0.194275,-0.741821
44.656190633773804,0.681519,-0.121094,-0.144531,-0.089844,-0.134766,0.281250,-0.082031,0.443665,-0.460815,0.196289,-0.743103
44.67613339424133,0.688477,-0.335938,0.054687,-0.816406,-0.240234,0.310547,-0.177734,0.441101,-0.459778,0.198547,-0.744751
44.69634985923767,0.693359,1.210938,0.015625,-0.832031,-0.054687,0.292969,-0.029297,0.439941,-0.458191,0.199890,-0.746033
44.716129779815674,0.700073,-1.117188,0.246094,0.730469,-0.099609,0.080078,-0.113281,0.438965,-0.457886,0.200439,-0.746643
44.73630404472351,0.701904,1.144531,0.199219,-0.765625,0.048828,0.046875,0.054687,0.439331,-0.457520,0.200500,-0.746643
44.756001710891724,0.702393,-0.417969,0.015625,0.222656,-0.050781,-0.078125,-0.019531,0.439209,-0.458313,0.200439,-0.746277
44.77689743041992,0.699707,-0.015625,-0.023437,-0.410156,-0.013672,-0.085937,-0.029297,0.439209,-0.459106,0.200012,-0.745911
44.79633545875549,0.697632,0.207031,0.085937,-0.402344,0.035156,-0.089844,-0.037109,0.439331,-0.459778,0.199158,-0.745605
44.8163537979126,0.691162,-0.199219,0.191406,0.179687,0.023437,-0.166016,-0.044922,0.439575,-0.460937,0.197937,-0.745056
44.83649277687073,0.680542,0.199219,0.105469,0.070312,0.074219,-0.160156,-0.017578,0.440308,-0.461853,0.196472,-0.744446
44.857094049453735,0.673950,-0.007813,0.136719,0.078125,0.099609,-0.187500,0.013672,0.441223,-0.462769,0.195007,-0.743713
44.877450942993164,0.664429,-0.214844,-0.214844,0.468750,0.072266,-0.126953,0.021484,0.442139,-0.463318,0.194031,-0.743103
44.89756464958191,0.652588,0.015625,-0.136719,-0.027344,0.087891,-0.033203,0.080078,0.443237,-0.463135,0.193542,-0.742737
44.91712236404419,0.652466,-1.164063,-0.214844,0.308594,-0.011719,-0.033203,0.015625,0.443726,-0.463013,0.193420,-0.742493
44.937007427215576,0.656372,0.757812,-0.214844,-0.886719,0.115234,0.058594,0.099609,0.444824,-0.462036,0.193359,-0.742493
44.956297159194946,0.682739,0.101563,-0.214844,0.355469,0.031250,0.111328,0.101563,0.445801,-0.460693,0.194092,-0.742493
44.97661852836609,0.701172,0.207031,-0.238281,0.339844,0.052734,0.222656,0.267578,0.447388,-0.458618,0.195801,-0.742432
44.996671199798584,0.712036,-3.421875,0.046875,0.812500,-0.085937,-0.052734,-0.035156,0.447449,-0.458496,0.196655,-0.742249
45.017059326171875,0.721802,2.023438,-0.054687,-0.050781,-0.115234,0.175781,0.091797,0.447327,-0.457764,0.198425,-0.742310
45.0367374420166,0.738770,0.027344,0.000000,-0.597656,-0.085937,0.232422,0.068359,0.447021,-0.456299,0.200195,-0.742859
45.05658197402954,0.746948,-0.402344,0.054687,-0.191406,-0.167969,0.322266,-0.005859,0.445923,-0.454590,0.202454,-0.743958
45.076889514923096,0.750977,-0.953125,-0.246094,0.144531,-0.203125,0.287109,-0.103516,0.443848,-0.453613,0.204590,-0.745239
45.0970995426178,0.751099,-0.386719,0.109375,-0.957031,-0.142578,0.082031,-0.207031,0.441589,-0.453857,0.205261,-0.746216
45.11686444282532,0.747559,1.175781,-0.398438,-1.992188,0.152344,0.152344,-0.064453,0.441467,-0.452087,0.204346,-0.747620
45.13691592216492,0.740601,1.535156,-0.890625,-3.976563,1.068359,0.576172,-0.224609,0.443298,-0.443726,0.198181,-0.753235
45.161755323410034,0.728027,0.226562,-0.093750,0.179687,1.333984,0.919922,-0.431641,0.444092,-0.432251,0.190552,-0.761353
45.177029848098755,0.717041,-0.230469,1.554688,2.496094,0.712891,0.744141,-0.369141,0.443237,-0.423828,0.186646,-0.767517
45.19649386405945,0.703857,1.078125,1.085938,1.472656,0.326172,0.679687,-0.136719,0.442200,-0.417725,0.186462,-0.771484
45.21668720245361,0.694458,-0.453125,0.851562,3.121094,-0.529297,0.275391,-0.177734,0.438416,-0.417908,0.190613,-0.772583
45.23678660392761,0.689819,0.183594,0.730469,0.531250,-0.943359,0.048828,-0.191406,0.433167,-0.421753,0.197144,-0.771790
45.25714063644409,0.691772,0.796875,0.625000,-0.667969,-0.839844,0.164062,-0.035156,0.429016,-0.424255,0.203979,-0.770935
45.277215242385864,0.688599,-0.222656,0.011719,-0.316406,-0.587891,0.125000,-0.076172,0.425903,-0.425964,0.208618,-0.770508
45.29727268218994,0.684204,-0.574219,-0.523437,-0.996094,-0.246094,-0.023437,-0.015625,0.424805,-0.427368,0.210388,-0.769836
45.31733679771423,0.678467,-0.546875,1.109375,0.460937,-0.070312,-0.236328,0.099609,0.425964,-0.429077,0.210205,-0.768311
45.33705472946167,0.669922,-0.062500,0.570312,0.515625,0.156250,-0.423828,0.171875,0.428711,-0.431641,0.207825,-0.765930
45.35739016532898,0.662842,-1.183594,0.304688,1.855469,0.103516,-0.703125,0.062500,0.431335,-0.436035,0.204407,-0.762939
45.377358198165894,0.659912,0.570312,0.105469,-0.824219,0.185547,-0.439453,0.195312,0.434570,-0.438538,0.201721,-0.760376
45.39725685119629,0.656616,0.066406,0.218750,-0.089844,0.121094,-0.458984,0.218750,0.437805,-0.440918,0.199707,-0.757690
45.41718411445618,0.648926,0.117188,-0.585937,-0.593750,0.173828,-0.388672,0.164062,0.440552,-0.442810,0.197388,-0.755554
45.43729782104492,0.645996,-0.511719,-0.824219,-0.441406,0.197266,-0.214844,0.050781,0.442383,-0.443604,0.195374,-0.754578
45.4572958946228,0.643677,-0.132812,-0.027344,0.488281,-0.013672,-0.167969,0.093750,0.443481,-0.444763,0.194946,-0.753357
45.47758197784424,0.640625,-0.105469,-0.125000,-0.292969,-0.046875,-0.173828,0.103516,0.444397,-0.446167,0.194946,-0.751953
45.49796509742737,0.638184,-0.226562,-0.261719,-0.195312,0.000000,-0.160156,0.048828,0.445190,-0.447205,0.194397,-0.751038
45.51775097846985,0.632202,-0.156250,-0.460937,-0.539062,0.105469,-0.103516,0.001953,0.445984,-0.447571,0.193176,-0.750610
45.537676095962524,0.623657,0.179687,0.066406,-0.308594,0.048828,-0.136719,0.031250,0.446716,-0.448303,0.192383,-0.750000
45.55795979499817,0.623291,0.046875,0.035156,0.089844,-0.048828,-0.101563,0.035156,0.447021,-0.449219,0.192383,-0.749268
45.57758188247681,0.621216,-0.144531,-0.222656,-0.125000,-0.033203,-0.033203,0.003906,0.447083,-0.449646,0.192505,-0.748962
45.59780693054199,0.616455,-0.371094,-0.300781,-0.203125,-0.001953,-0.005859,-0.029297,0.446960,-0.449768,0.192322,-0.748962
45.617807149887085,0.611572,0.117188,0.042969,-0.203125,-0.021484,-0.042969,-0.005859,0.447021,-0.450256,0.192200,-0.748718
45.63781976699829,0.610474,0.238281,0.503906,0.808594,-0.136719,-0.113281,0.052734,0.447021,-0.451721,0.192871,-0.747620
45.65773916244507,0.610596,-0.195312,0.496094,1.046875,-0.298828,-0.197266,0.070312,0.446594,-0.454224,0.194397,-0.745911
45.677600622177124,0.614746,-0.671875,-0.355469,0.261719,-0.138672,-0.091797,-0.123047,0.445496,-0.455811,0.195007,-0.745483
45.69785022735596,0.614502,0.507812,-0.429687,-0.535156,-0.068359,0.066406,-0.021484,0.444885,-0.455811,0.195740,-0.745667
45.71815228462219,0.615356,0.246094,-0.117188,-0.460937,-0.033203,0.109375,0.005859,0.444580,-0.455200,0.196472,-0.745972
45.737924337387085,0.623169,-0.273438,-0.222656,-0.191406,-0.021484,0.078125,-0.001953,0.444336,-0.454834,0.196899,-0.746277
45.757899045944214,0.634277,-1.085938,-0.117188,-0.152344,-0.007813,-0.031250,-0.068359,0.444031,-0.455139,0.196594,-0.746338
45.77778077125549,0.645630,0.554687,-0.230469,0.113281,-0.025391,-0.013672,0.007813,0.444214,-0.455139,0.196716,-0.746216
45.79822325706482,0.671875,1.648438,-0.300781,-0.468750,0.070312,0.185547,0.251953,0.445801,-0.453430,0.197937,-0.745972
45.817723989486694,0.686768,-1.835938,-0.015625,0.320313,-0.003906,-0.031250,0.082031,0.446899,-0.452698,0.198669,-0.745544
45.83826994895935,0.700317,1.261719,-0.152344,-0.070312,0.005859,0.224609,0.193359,0.448059,-0.450745,0.200317,-0.745605
45.858283281326294,0.713379,-0.449219,0.246094,0.472656,-0.044922,0.265625,0.160156,0.448608,-0.448853,0.201965,-0.745972
45.878124475479126,0.717407,-1.035156,0.367188,-0.148437,-0.013672,0.082031,-0.042969,0.448120,-0.448181,0.202698,-0.746521
45.89819121360779,0.720703,1.546875,-0.121094,0.488281,-0.011719,0.242187,0.046875,0.447693,-0.446594,0.204041,-0.747314
45.91828942298889,0.720581,-0.347656,0.109375,-0.515625,-0.080078,0.208984,-0.052734,0.446594,-0.445557,0.205200,-0.748291
45.93814182281494,0.723633,-0.394531,0.183594,-0.371094,-0.105469,0.115234,-0.199219,0.444702,-0.445312,0.205627,-0.749451
45.95833992958069,0.723877,1.371094,0.175781,-0.492187,0.015625,0.167969,-0.062500,0.443665,-0.444519,0.205994,-0.750366
45.97830605506897,0.721191,-0.621094,0.437500,0.847656,-0.017578,0.025391,-0.097656,0.442749,-0.444885,0.205933,-0.750793
45.99830913543701,0.711182,-0.339844,0.429687,0.824219,-0.058594,-0.099609,-0.123047,0.441956,-0.445984,0.205322,-0.750732
46.018298387527466,0.706299,0.097656,0.007813,-0.125000,0.021484,-0.072266,-0.054687,0.441711,-0.446838,0.204468,-0.750610
46.03852581977844,0.700073,-0.386719,-0.007813,0.191406,-0.011719,-0.083984,-0.087891,0.441284,-0.447510,0.203857,-0.750610
46.05852937698364,0.682495,0.648437,-0.121094,0.191406,-0.023437,0.078125,-0.027344,0.440918,-0.447144,0.204163,-0.750977
46.07845139503479,0.675171,-0.156250,-0.085937,0.343750,-0.023437,0.033203,-0.031250,0.440552,-0.446960,0.204529,-0.751160
46.09857773780823,0.671509,0.035156,-0.238281,-0.382813,-0.021484,0.060547,0.005859,0.440369,-0.446777,0.204712,-0.751343
46.11846613883972,0.672852,-1.000000,-0.121094,-0.460937,0.029297,-0.050781,-0.060547,0.440247,-0.447083,0.204224,-0.751404
46.13841390609741,0.682739,0.410156,-0.277344,0.304688,0.011719,0.019531,0.037109,0.440552,-0.446716,0.204468,-0.751343
46.158591508865356,0.695435,0.742187,-0.277344,0.183594,0.003906,0.080078,0.087891,0.441162,-0.445679,0.205444,-0.751343
46.178656578063965,0.709961,0.855469,-0.070312,-0.253906,-0.007813,0.265625,0.212891,0.441956,-0.443787,0.207214,-0.751526
46.198758125305176,0.726807,-1.296875,0.101563,0.535156,-0.046875,0.078125,0.078125,0.442322,-0.442871,0.208374,-0.751526
46.21879553794861,0.730347,0.726562,0.000000,0.144531,-0.072266,0.226562,0.091797,0.442261,-0.441467,0.210266,-0.751831
46.2385573387146,0.731567,-0.054687,0.054687,0.328125,-0.058594,0.195312,0.033203,0.441772,-0.440247,0.211792,-0.752441
46.25857925415039,0.735718,0.007813,0.175781,0.203125,-0.068359,0.179687,-0.042969,0.440857,-0.439331,0.212952,-0.753235
46.27909469604492,0.738159,-0.023437,0.101563,-0.179687,-0.095703,0.123047,-0.093750,0.439514,-0.439026,0.213745,-0.753906
46.29862833023071,0.739868,-0.105469,0.023437,-0.062500,-0.039063,0.035156,-0.072266,0.438721,-0.439087,0.213928,-0.754333
46.318979263305664,0.744751,0.687500,0.093750,-0.515625,-0.037109,-0.017578,-0.097656,0.437988,-0.439392,0.213745,-0.754578
46.33879590034485,0.746704,0.867187,0.246094,0.058594,-0.007813,-0.001953,-0.037109,0.437561,-0.439697,0.213684,-0.754700
46.35878586769104,0.747559,-0.867187,0.359375,0.257813,-0.029297,-0.121094,-0.132812,0.436707,-0.440979,0.212891,-0.754639
46.37905025482178,0.744751,-0.597656,0.343750,0.398438,-0.048828,-0.134766,-0.166016,0.435730,-0.442322,0.212036,-0.754639
46.398850202560425,0.742432,1.644531,-0.191406,-0.406250,-0.033203,0.021484,-0.007813,0.435547,-0.442383,0.212097,-0.754761
46.419079542160034,0.742432,-0.230469,-0.351563,0.203125,-0.042969,-0.037109,-0.023437,0.435425,-0.442688,0.212036,-0.754639
46.43912482261658,0.730225,-0.156250,-0.312500,-0.828125,0.046875,-0.009766,-0.013672,0.435730,-0.442627,0.211548,-0.754639
46.45895862579346,0.718872,-0.277344,-0.246094,-0.906250,0.162109,-0.091797,-0.015625,0.436462,-0.442505,0.209961,-0.754700
46.47932457923889,0.708618,-0.054687,-0.421875,-0.890625,0.173828,0.132812,0.001953,0.436768,-0.440735,0.209106,-0.755798
46.498897314071655,0.696655,-0.914062,-1.058594,-1.789063,0.353516,0.419922,-0.203125,0.436096,-0.436646,0.207947,-0.758911
46.5192232131958,0.694824,1.445313,1.039063,1.035156,0.175781,0.394531,-0.044922,0.435608,-0.433167,0.207825,-0.761169
46.5400013923645,0.696045,-0.835937,1.222656,2.125000,-0.125000,0.076172,-0.060547,0.434509,-0.433105,0.208923,-0.761536
46.55935001373291,0.698608,-0.109375,1.171875,2.308594,-0.251953,-0.033203,0.037109,0.433777,-0.434631,0.211060,-0.760559
46.579076528549194,0.705444,-0.988281,0.070312,1.636719,-0.474609,-0.125000,0.031250,0.432373,-0.437134,0.213501,-0.759216
46.599196434020996,0.715210,-0.007813,-0.718750,-0.203125,-0.234375,0.041016,-0.058594,0.430786,-0.438049,0.214844,-0.759216
46.61910104751587,0.722290,0.414062,-0.328125,-1.144531,-0.089844,0.115234,-0.027344,0.429871,-0.437805,0.215820,-0.759583
46.63959550857544,0.735596,-0.355469,-0.246094,-1.105469,-0.037109,0.007813,-0.068359,0.429199,-0.437805,0.216064,-0.759888
46.65957832336426,0.745728,0.804687,-0.359375,0.351563,-0.083984,0.140625,0.029297,0.428833,-0.437317,0.217102,-0.760071
46.67921018600464,0.751465,-0.062500,-0.460937,0.777344,-0.138672,0.091797,0.130859,0.429077,-0.436890,0.218689,-0.759705
46.69932556152344,0.754761,0.078125,-0.128906,-0.828125,-0.007813,0.025391,0.140625,0.429993,-0.436584,0.219482,-0.759155
46.71961283683777,0.755127,-0.710937,0.109375,-0.285156,-0.011719,-0.011719,0.136719,0.431030,-0.436340,0.220215,-0.758484
46.739590644836426,0.752930,-0.718750,0.390625,0.058594,-0.039063,0.007813,0.097656,0.431641,-0.436340,0.220886,-0.757996
46.75976586341858,0.751953,-1.042969,0.515625,0.335938,-0.074219,-0.115234,-0.056641,0.431335,-0.437439,0.220764,-0.757507
46.77962255477905,0.750488,1.402344,0.214844,0.203125,-0.042969,0.005859,0.001953,0.431274,-0.437378,0.221191,-0.757446
46.79950571060181,0.746216,1.121094,-0.089844,-1.226563,0.099609,0.164062,0.123047,0.432190,-0.435669,0.221558,-0.757812
46.8197603225708,0.741943,-0.812500,-0.175781,-0.800781,0.214844,0.048828,0.060547,0.433472,-0.434265,0.220520,-0.758240
46.83958411216736,0.722046,-0.886719,-0.160156,-0.187500,0.193359,0.062500,-0.111328,0.433228,-0.432983,0.218750,-0.759583
46.85970377922058,0.711304,-1.402344,-1.394531,-0.378906,0.279297,0.324219,-0.349609,0.431213,-0.430359,0.216797,-0.762817
46.87955141067505,0.703613,0.515625,1.011719,0.585937,0.150391,0.298828,-0.251953,0.429321,-0.427979,0.215881,-0.765442
46.899980783462524,0.702148,0.781250,0.835937,1.097656,-0.025391,0.234375,-0.087891,0.427917,-0.426575,0.216736,-0.766785
46.919612884521484,0.704102,-0.246094,0.726562,1.863281,-0.275391,0.126953,-0.042969,0.426331,-0.426758,0.219116,-0.766846
46.93964338302612,0.707764,0.070312,1.109375,1.566406,-0.412109,-0.070312,0.138672,0.425476,-0.428772,0.222473,-0.765259
46.9599175453186,0.725342,-2.226563,-1.601563,-1.023438,-0.175781,-0.085937,-0.162109,0.423828,-0.430847,0.223877,-0.764648
46.979984760284424,0.728516,0.773437,0.062500,-1.437500,-0.132812,-0.068359,-0.056641,0.422974,-0.432251,0.224365,-0.764160
47.00057673454285,0.723267,0.183594,-0.050781,-1.613281,-0.009766,-0.130859,-0.009766,0.423340,-0.433105,0.223877,-0.763611
47.019755601882935,0.708130,1.027344,-0.359375,-1.082031,0.173828,-0.025391,0.136719,0.424988,-0.432556,0.222961,-0.763245
47.03982496261597,0.697144,-0.296875,-0.367188,0.585937,0.095703,0.023437,0.113281,0.426025,-0.431946,0.222656,-0.763123
47.06034231185913,0.689941,-1.371094,-0.214844,-0.148437,0.015625,0.005859,-0.068359,0.425781,-0.431885,0.222351,-0.763428
47.07991147041321,0.687744,0.542969,-0.144531,-0.082031,0.007813,0.056641,-0.007813,0.425598,-0.431396,0.222534,-0.763733
47.099884033203125,0.686768,0.398438,-0.175781,0.496094,-0.050781,0.125000,0.007813,0.425110,-0.430664,0.223450,-0.764099
47.12008357048035,0.689575,0.500000,-0.058594,0.296875,-0.117188,0.226562,-0.005859,0.424072,-0.429565,0.225098,-0.764832
47.14024353027344,0.694580,-0.320313,-0.007813,0.218750,-0.177734,0.234375,-0.044922,0.422485,-0.428589,0.227173,-0.765625
47.16029930114746,0.710693,-0.035156,-0.027344,-0.125000,-0.132812,0.244141,-0.025391,0.421265,-0.427429,0.229004,-0.766418
47.179922580718994,0.715210,0.675781,0.132812,-0.664062,-0.082031,0.171875,0.033203,0.420837,-0.426331,0.230408,-0.766846
47.20003032684326,0.715454,-0.035156,0.062500,-0.441406,-0.001953,0.041016,0.052734,0.421082,-0.425964,0.230957,-0.766724
47.22022294998169,0.720093,0.210937,-0.082031,0.093750,-0.021484,0.000000,0.087891,0.421631,-0.425903,0.231445,-0.766357
47.24027061462402,0.720215,-0.164062,0.011719,-0.203125,0.019531,-0.078125,0.074219,0.422424,-0.426270,0.231384,-0.765686
47.26008152961731,0.719360,-0.164062,0.164062,0.417969,0.011719,-0.203125,0.058594,0.423584,-0.427490,0.230835,-0.764587
47.28025150299072,0.710815,-1.109375,0.246094,0.328125,-0.005859,-0.359375,0.035156,0.424805,-0.429810,0.229614,-0.762939
47.30056834220886,0.704712,1.015625,0.171875,-0.800781,0.123047,-0.275391,0.082031,0.426331,-0.431458,0.228027,-0.761658
47.32014179229736,0.700439,-0.191406,-0.105469,0.242187,0.042969,-0.121094,0.005859,0.427002,-0.432129,0.227112,-0.761169
47.34054517745972,0.691406,0.261719,0.046875,-0.410156,0.089844,-0.130859,0.021484,0.427917,-0.432800,0.225891,-0.760620
47.36030888557434,0.684814,-0.105469,0.230469,-0.019531,0.113281,-0.287109,0.003906,0.429199,-0.434326,0.223877,-0.759644
47.38050127029419,0.675537,0.914062,0.214844,-0.898437,0.224609,-0.216797,0.093750,0.431091,-0.434937,0.221680,-0.758850
47.40058135986328,0.663452,-0.480469,-0.296875,0.359375,0.146484,-0.117188,-0.015625,0.431946,-0.435181,0.220154,-0.758667
47.42057180404663,0.639404,0.046875,-0.542969,-0.234375,0.134766,0.048828,-0.019531,0.432190,-0.434326,0.219238,-0.759277
47.440770626068115,0.636841,-1.218750,-1.914063,-1.996094,0.320313,0.279297,-0.236328,0.431335,-0.431213,0.217041,-0.762207
47.460731983184814,0.636353,0.515625,-0.558594,-0.593750,0.371094,0.523437,-0.269531,0.429749,-0.426514,0.215271,-0.766174
47.48030114173889,0.639038,0.183594,1.546875,1.363281,0.101563,0.339844,-0.169922,0.428101,-0.423828,0.215271,-0.768616
47.500622510910034,0.641602,-0.152344,0.878906,1.730469,-0.228516,0.181641,-0.185547,0.425537,-0.423645,0.216919,-0.769714
47.520686626434326,0.650513,1.378906,1.285156,0.539062,-0.316406,0.089844,0.021484,0.424072,-0.424377,0.219788,-0.769226
47.540558099746704,0.667969,0.277344,0.996094,1.894531,-0.498047,-0.185547,0.164062,0.423401,-0.427368,0.223511,-0.766907
47.56062602996826,0.678223,-2.000000,-0.757812,0.898437,-0.191406,-0.121094,-0.197266,0.421448,-0.429932,0.225098,-0.766052
47.58095645904541,0.685303,0.781250,-0.589844,0.171875,-0.195312,0.062500,-0.111328,0.419617,-0.430603,0.226746,-0.766235
47.60084676742554,0.692627,0.332031,-0.351563,-1.160156,-0.097656,0.164062,-0.029297,0.418579,-0.429993,0.228027,-0.766724
47.62081837654114,0.696655,-0.082031,-0.035156,-0.785156,-0.007813,0.138672,-0.039063,0.417908,-0.429077,0.228577,-0.767456
47.641016483306885,0.703857,-0.304688,-0.121094,-0.066406,-0.039063,0.138672,-0.042969,0.417114,-0.428223,0.229309,-0.768127
47.66075587272644,0.724976,0.246094,-0.230469,0.578125,-0.103516,0.121094,0.037109,0.416748,-0.427490,0.230835,-0.768311
47.68127512931824,0.732300,-0.226562,-0.136719,-0.714844,-0.046875,0.074219,0.062500,0.416809,-0.427002,0.231995,-0.768188
47.70081567764282,0.733276,0.746094,-0.121094,-0.101563,-0.037109,0.132812,0.173828,0.417725,-0.425781,0.233459,-0.767944
47.72084045410156,0.732422,0.832031,-0.019531,-0.417969,-0.003906,-0.033203,0.126953,0.418823,-0.425415,0.234131,-0.767334
47.741121768951416,0.731201,-1.500000,0.179687,-0.109375,-0.037109,0.062500,0.123047,0.419434,-0.425049,0.234985,-0.766968
47.76132154464722,0.732178,-1.910156,0.609375,0.050781,-0.023437,-0.132812,-0.062500,0.419312,-0.425964,0.234802,-0.766541
47.7814576625824,0.734009,0.984375,0.226562,0.378906,-0.066406,-0.085937,-0.031250,0.419067,-0.426880,0.234802,-0.766174
47.80110955238342,0.736816,0.832031,0.042969,-0.269531,-0.007813,0.062500,0.039063,0.419128,-0.426392,0.235168,-0.766296
47.821040630340576,0.736572,0.425781,-0.035156,-1.054688,0.121094,0.197266,0.019531,0.419373,-0.424438,0.235291,-0.767212
47.84158968925476,0.733521,-0.433594,0.179687,0.562500,0.064453,0.173828,-0.048828,0.418701,-0.423096,0.235291,-0.768311
47.86119818687439,0.717529,-1.246094,0.054687,0.824219,-0.066406,0.019531,-0.210937,0.416748,-0.423645,0.235107,-0.769165
47.8832368850708,0.714478,0.292969,-0.144531,0.417969,-0.228516,0.125000,-0.291016,0.413635,-0.423889,0.235962,-0.770447
47.90145516395569,0.717651,1.445313,0.039063,-0.316406,-0.062500,0.341797,-0.076172,0.411804,-0.422058,0.237427,-0.771973
47.92206811904907,0.725586,-0.906250,0.125000,0.664062,-0.062500,0.203125,-0.044922,0.410767,-0.420776,0.238586,-0.772888
47.94214367866516,0.730591,-0.746094,0.046875,0.593750,-0.103516,0.027344,-0.087891,0.409668,-0.420959,0.239197,-0.773132
47.96243166923523,0.736450,-0.609375,-0.136719,0.410156,-0.144531,0.048828,-0.052734,0.408569,-0.421265,0.240356,-0.773193
47.98128652572632,0.747192,0.250000,0.035156,-1.261719,-0.042969,0.085937,0.056641,0.408447,-0.420776,0.241516,-0.773132
48.00169324874878,0.748901,0.914062,-0.074219,-0.156250,-0.035156,0.140625,0.123047,0.408875,-0.419678,0.242859,-0.773071
48.021477937698364,0.748657,0.035156,0.132812,0.304688,-0.041016,0.074219,0.119141,0.409363,-0.419189,0.244019,-0.772766
48.0415780544281,0.747803,-0.921875,0.226562,0.539062,-0.046875,-0.177734,-0.009766,0.409546,-0.420471,0.243958,-0.771973
48.06149959564209,0.741577,0.289063,0.074219,-0.660156,0.001953,-0.203125,0.015625,0.410217,-0.421875,0.243347,-0.771057
48.08156180381775,0.733276,1.230469,-0.121094,-0.882812,0.105469,-0.169922,0.107422,0.411865,-0.422485,0.242187,-0.770203
48.10167908668518,0.721802,0.585937,-0.320313,-1.894531,0.380859,-0.007813,0.222656,0.415222,-0.420227,0.239929,-0.770325
48.12179946899414,0.701782,2.441406,-1.062500,-3.773438,1.052734,0.500000,-0.023437,0.417786,-0.412231,0.233704,-0.775146
48.14151120185852,0.684082,0.160156,-1.433594,-2.800781,1.519531,0.982422,-0.697266,0.416870,-0.399475,0.223694,-0.785217
48.161643981933594,0.651489,3.292969,1.304688,-0.566406,1.339844,1.308594,-0.277344,0.416931,-0.384827,0.217285,-0.794250
48.18136668205261,0.610718,0.031250,1.769531,2.421875,0.714844,0.867187,-0.113281,0.416382,-0.375732,0.215271,-0.799438
48.20156121253967,0.599121,-1.964844,1.429688,6.964844,-0.382813,0.158203,-0.406250,0.411499,-0.376831,0.217712,-0.800842
48.22217130661011,0.593872,0.136719,1.035156,2.562500,-1.195313,-0.316406,-0.515625,0.403870,-0.384644,0.223633,-0.799377
48.24209141731262,0.603149,2.007813,0.800781,-1.664063,-1.175781,-0.146484,-0.277344,0.397583,-0.391296,0.231262,-0.797058
48.26149916648865,0.607422,2.203125,1.253906,-1.484375,-0.808594,-0.181641,0.082031,0.395447,-0.395752,0.237183,-0.794189
48.28183150291443,0.602417,0.281250,0.988281,-1.343750,-0.363281,-0.291016,0.277344,0.396729,-0.398987,0.239685,-0.791199
48.30170726776123,0.593628,-2.484375,-0.582031,0.894531,0.041016,-0.441406,0.111328,0.398926,-0.401733,0.238098,-0.789185
48.322407960891724,0.581055,-0.992187,-0.269531,0.664062,0.365234,-0.423828,0.035156,0.401550,-0.404175,0.233765,-0.787842
48.34201264381409,0.564819,-1.519531,0.964844,2.527344,0.294922,-0.867187,-0.039063,0.404724,-0.409546,0.228027,-0.785156
48.361576795578,0.556030,0.539062,0.671875,-0.390625,0.322266,-0.781250,0.242187,0.409546,-0.413940,0.223145,-0.781738
48.38222026824951,0.531250,0.156250,0.128906,-0.406250,0.296875,-0.669922,0.287109,0.414429,-0.417542,0.219360,-0.778320
48.401986837387085,0.515015,0.070312,-0.378906,-0.070312,0.142578,-0.560547,0.177734,0.417725,-0.421021,0.216614,-0.775452
48.422568798065186,0.501343,0.152344,-0.261719,-0.312500,0.085937,-0.437500,0.121094,0.419983,-0.423706,0.214600,-0.773315
48.4422070980072,0.488159,0.359375,-0.570312,-1.101563,0.164062,-0.210937,0.078125,0.421692,-0.424683,0.212891,-0.772339
48.46212863922119,0.486938,-0.144531,0.148437,0.621094,0.050781,-0.111328,0.066406,0.422729,-0.425171,0.212341,-0.771606
48.48235249519348,0.487061,0.246094,0.546875,0.484375,-0.089844,-0.085937,0.152344,0.423706,-0.426025,0.213196,-0.770386
48.502110958099365,0.486938,-0.214844,0.074219,0.582031,-0.146484,-0.185547,0.089844,0.424194,-0.427612,0.213806,-0.769043
48.522568464279175,0.486206,-0.949219,-0.683594,-0.273438,-0.001953,-0.078125,-0.001953,0.424438,-0.428406,0.213623,-0.768555
48.54227685928345,0.486572,0.390625,0.472656,0.347656,-0.103516,-0.058594,0.099609,0.424927,-0.428955,0.214417,-0.767761
48.56266450881958,0.492310,0.015625,-0.117188,-0.203125,-0.123047,0.005859,0.091797,0.425110,-0.429260,0.215698,-0.767151
48.58239412307739,0.496948,-0.121094,-0.253906,-0.003906,-0.130859,0.044922,0.052734,0.424927,-0.429443,0.217041,-0.766785
48.60247492790222,0.499756,-0.390625,0.152344,0.632812,-0.193359,-0.015625,0.035156,0.424438,-0.430298,0.218689,-0.766052
48.622615575790405,0.504395,-0.269531,0.296875,0.898437,-0.326172,-0.048828,0.042969,0.423462,-0.431641,0.220581,-0.765320
48.64218711853027,0.525757,-0.582031,-0.875000,-0.800781,-0.197266,0.179687,-0.068359,0.421814,-0.431213,0.222229,-0.765991
48.66258358955383,0.537354,0.660156,-0.214844,-0.882812,-0.095703,0.248047,-0.041016,0.420593,-0.429810,0.223816,-0.766968
48.682398080825806,0.547607,-0.082031,-0.054687,-0.281250,-0.087891,0.160156,-0.035156,0.419617,-0.429016,0.224976,-0.767639
48.70252084732056,0.566772,0.031250,-0.089844,-0.433594,-0.046875,0.050781,-0.031250,0.419128,-0.428772,0.225403,-0.767883
48.72273898124695,0.583008,0.453125,-0.238281,-0.699219,0.019531,0.037109,0.054687,0.419556,-0.428162,0.225830,-0.767883
48.742597341537476,0.614136,1.210938,-0.382813,-0.019531,0.029297,0.119141,0.181641,0.420654,-0.426941,0.226868,-0.767639
48.76276636123657,0.671021,-0.789062,-0.136719,0.472656,-0.048828,0.023437,0.097656,0.421204,-0.426636,0.227844,-0.767212
48.783183097839355,0.681641,0.492187,-0.082031,-0.171875,-0.068359,0.146484,0.109375,0.421387,-0.425903,0.229004,-0.767212
48.802597522735596,0.691284,-1.636719,0.339844,-0.753906,-0.015625,0.082031,-0.064453,0.420776,-0.425110,0.229736,-0.767761
48.822914838790894,0.716797,1.871094,-0.230469,0.273438,-0.064453,0.275391,0.003906,0.420044,-0.423462,0.231140,-0.768616
48.842782497406006,0.726196,-0.371094,0.382813,-0.433594,-0.044922,0.082031,0.007813,0.419800,-0.422852,0.231750,-0.768921
48.863272190093994,0.733643,0.363281,0.125000,-0.050781,-0.015625,0.019531,0.033203,0.419800,-0.422913,0.231873,-0.768860
48.88265585899353,0.737183,-1.566406,0.125000,-0.195312,0.007813,-0.107422,-0.130859,0.419250,-0.423767,0.231018,-0.768982
48.90274238586426,0.738770,0.984375,-0.082031,-0.578125,0.039063,-0.054687,-0.111328,0.418701,-0.424255,0.230164,-0.769226
48.922969818115234,0.739624,0.203125,0.062500,0.265625,0.017578,-0.044922,-0.017578,0.418518,-0.424988,0.229614,-0.769104
48.94322466850281,0.739380,-0.367188,0.015625,0.394531,-0.027344,-0.136719,-0.056641,0.418396,-0.425964,0.229065,-0.768799
48.96285057067871,0.735107,1.167969,-0.136719,-0.562500,0.044922,0.027344,0.033203,0.418762,-0.425659,0.229004,-0.768799
48.982820987701416,0.730835,-0.757812,0.132812,0.195312,0.007813,-0.031250,-0.058594,0.418457,-0.425842,0.228699,-0.768921
49.00321412086487,0.722412,0.355469,-0.097656,0.386719,-0.031250,0.078125,0.005859,0.418152,-0.425537,0.229126,-0.769104
49.02312994003296,0.716431,-0.902344,-0.023437,0.050781,-0.042969,-0.005859,-0.048828,0.417664,-0.425781,0.229187,-0.769226
49.043128490448,0.719116,-0.648437,-0.066406,-0.332031,-0.003906,-0.056641,-0.103516,0.416992,-0.426453,0.228699,-0.769409
49.063371896743774,0.728271,-0.437500,-0.222656,0.324219,-0.082031,0.039063,-0.011719,0.416382,-0.426636,0.229187,-0.769470
49.08312773704529,0.747314,0.765625,-0.398438,1.023438,-0.222656,0.207031,0.078125,0.416016,-0.425781,0.231445,-0.769470
49.103442668914795,0.747803,-0.035156,-0.335938,-0.699219,-0.109375,0.138672,0.167969,0.416687,-0.424377,0.233582,-0.769226
49.12304878234863,0.746216,0.738281,-0.160156,-1.015625,-0.031250,0.271484,0.273438,0.418274,-0.421814,0.235962,-0.769043
49.14316987991333,0.734985,0.968750,-0.242187,-0.273438,0.013672,0.273438,0.359375,0.420349,-0.419312,0.238281,-0.768555
49.16315245628357,0.723755,0.375000,0.554687,0.640625,-0.017578,0.041016,0.285156,0.422546,-0.418701,0.239380,-0.767334
49.18315839767456,0.715454,-0.675781,0.722656,-0.320313,0.121094,-0.359375,0.257813,0.425720,-0.420166,0.238403,-0.765137
49.20317363739014,0.707153,0.351563,0.425781,0.394531,0.117188,-0.369141,0.246094,0.428833,-0.421875,0.236877,-0.762878
49.22328209877014,0.694702,0.074219,0.164062,-0.480469,0.048828,-0.228516,0.093750,0.430786,-0.422791,0.235718,-0.761658
49.2435998916626,0.687012,0.726562,0.578125,-1.214844,0.285156,-0.173828,0.169922,0.433716,-0.422791,0.233276,-0.760742
49.26343584060669,0.672363,-0.210937,0.476562,0.523437,0.351563,-0.425781,0.136719,0.436951,-0.424133,0.229492,-0.759277
49.283425092697144,0.631592,-0.699219,-0.003906,0.363281,0.349609,-0.398438,-0.015625,0.439148,-0.425537,0.225403,-0.758484
49.30352997779846,0.612549,0.066406,-0.320313,-1.191406,0.261719,-0.103516,-0.044922,0.440186,-0.425293,0.222534,-0.758850
49.32343244552612,0.597656,-1.476563,-1.921875,-1.578125,0.248047,0.199219,-0.269531,0.438843,-0.422852,0.220093,-0.761719
49.34359908103943,0.604126,-0.371094,-2.238281,-3.671875,0.662109,0.738281,-0.492187,0.436157,-0.415894,0.216736,-0.768005
49.36370873451233,0.603027,0.960937,0.386719,0.519531,0.384766,0.802734,-0.406250,0.432861,-0.409119,0.215454,-0.773865
49.38340640068054,0.603149,-1.167969,1.128906,2.117188,0.015625,0.570312,-0.386719,0.428711,-0.405457,0.216187,-0.777832
49.40389585494995,0.621338,-0.652344,1.160156,2.785156,-0.341797,0.371094,-0.320313,0.424194,-0.404480,0.218994,-0.780029
49.423142433166504,0.635620,0.609375,1.031250,0.785156,-0.429687,0.246094,-0.138672,0.420715,-0.404785,0.222900,-0.780640
49.443570375442505,0.654053,0.542969,0.816406,1.375000,-0.611328,0.074219,-0.039063,0.417786,-0.406860,0.227722,-0.779785
49.46378493309021,0.677612,-0.652344,0.613281,1.269531,-0.593750,-0.101563,-0.048828,0.415283,-0.410034,0.231506,-0.778320
49.4836585521698,0.681396,0.441406,-0.699219,-1.769531,-0.236328,-0.074219,-0.062500,0.414001,-0.411865,0.233093,-0.777588
49.50431489944458,0.682495,1.054688,0.167969,-0.828125,-0.144531,-0.009766,0.064453,0.413818,-0.412476,0.234375,-0.776978
49.523791790008545,0.684326,0.027344,-0.039063,-0.039063,-0.138672,-0.044922,0.044922,0.413696,-0.413208,0.235291,-0.776367
49.54400897026062,0.688599,-1.289063,-0.566406,0.175781,-0.125000,-0.064453,-0.046875,0.413025,-0.414185,0.235779,-0.776062
49.56415605545044,0.691162,0.195312,-0.023437,-0.343750,-0.070312,-0.033203,-0.021484,0.412598,-0.414917,0.236084,-0.775818
49.58415722846985,0.692749,0.035156,-0.058594,-0.214844,-0.037109,-0.099609,-0.015625,0.412598,-0.415710,0.235840,-0.775452
49.60432815551758,0.674072,0.449219,-0.058594,-1.054688,0.109375,-0.048828,0.052734,0.413452,-0.415710,0.235046,-0.775208
49.62404990196228,0.660522,-0.011719,0.046875,-0.105469,0.103516,-0.039063,0.089844,0.414612,-0.415344,0.234497,-0.774963
49.64394021034241,0.648315,0.003906,-0.136719,-0.007813,0.087891,0.027344,0.117188,0.415771,-0.414612,0.234375,-0.774780
49.66384172439575,0.654175,-0.085937,-0.289063,0.101563,0.039063,0.039063,0.156250,0.417053,-0.413940,0.234802,-0.774353
49.683815240859985,0.661743,-0.218750,-0.238281,0.093750,0.000000,0.050781,0.193359,0.418152,-0.413391,0.235596,-0.773804
49.70414638519287,0.679810,-0.621094,-0.152344,0.093750,-0.019531,0.033203,0.056641,0.418518,-0.412964,0.236267,-0.773621
49.724217891693115,0.707642,1.437500,-0.328125,0.316406,-0.083984,0.263672,0.134766,0.418518,-0.411194,0.238098,-0.773987
49.74419021606445,0.713501,-1.250000,0.140625,-0.878906,-0.042969,0.216797,-0.003906,0.417847,-0.409546,0.239685,-0.774780
49.76391267776489,0.717163,0.421875,-0.191406,0.843750,-0.208984,0.294922,-0.056641,0.415894,-0.408386,0.241882,-0.775757
49.784401178359985,0.726196,-1.140625,0.164062,-0.574219,-0.101563,0.179687,-0.222656,0.413086,-0.408203,0.242798,-0.777039
49.804598808288574,0.734009,-0.214844,0.347656,-0.097656,-0.146484,0.011719,-0.271484,0.410645,-0.409058,0.243103,-0.777771
49.824214458465576,0.738403,1.875000,0.339844,-0.664062,0.021484,-0.031250,-0.046875,0.410278,-0.409424,0.242676,-0.777893
49.844216108322144,0.741089,-0.171875,0.261719,0.722656,0.019531,-0.195312,-0.062500,0.410339,-0.411011,0.241394,-0.777466
49.86421179771423,0.739380,-1.359375,0.554687,0.316406,-0.001953,-0.210937,-0.025391,0.410645,-0.412781,0.240112,-0.776733
49.88480877876282,0.735107,-0.960937,-0.058594,0.253906,0.041016,-0.208984,-0.066406,0.410950,-0.414307,0.238831,-0.776184
49.90417146682739,0.724609,0.433594,-0.183594,0.070312,0.085937,-0.154297,0.009766,0.411438,-0.415222,0.237854,-0.775696
49.924585580825806,0.703979,-0.035156,-0.535156,-0.160156,0.072266,-0.025391,0.041016,0.412109,-0.415100,0.237244,-0.775574
49.944722414016724,0.688477,0.386719,-0.390625,-1.402344,0.164062,-0.027344,0.023437,0.413086,-0.414246,0.236084,-0.775879
49.964770555496216,0.677368,1.109375,-0.789062,-0.472656,0.203125,0.314453,0.103516,0.413757,-0.411133,0.236145,-0.777161
49.98457098007202,0.665894,-1.601563,-0.460937,0.503906,0.076172,0.351563,-0.136719,0.412476,-0.408264,0.236511,-0.779236
50.00465130805969,0.669556,-0.437500,0.253906,0.472656,0.027344,0.265625,-0.044922,0.411499,-0.406433,0.237122,-0.780579
50.02459669113159,0.673462,-0.238281,1.179688,1.691406,-0.185547,0.042969,-0.017578,0.410522,-0.406677,0.238770,-0.780457
50.0447051525116,0.684570,0.113281,0.015625,0.039063,-0.220703,0.085937,-0.039063,0.409058,-0.407104,0.240662,-0.780396
50.06471920013428,0.692383,-0.191406,-0.246094,0.398438,-0.185547,0.158203,-0.107422,0.407227,-0.406799,0.242187,-0.781067
50.084590435028076,0.699707,0.582031,-0.035156,-0.476562,-0.101563,0.191406,-0.023437,0.406067,-0.405945,0.243713,-0.781616
50.109803676605225,0.707520,-0.941406,-0.066406,0.214844,-0.136719,0.093750,-0.046875,0.404907,-0.405823,0.244995,-0.781860
50.124709606170654,0.715332,-0.406250,-0.058594,-0.429687,-0.107422,0.005859,-0.099609,0.403748,-0.406311,0.245544,-0.782043
50.14508104324341,0.720947,0.628906,-0.250000,-0.613281,-0.050781,0.091797,0.003906,0.403381,-0.405823,0.246338,-0.782227
50.16471552848816,0.727783,0.996094,-0.351563,-0.390625,-0.048828,0.160156,0.113281,0.403687,-0.404663,0.247559,-0.782288
50.184934854507446,0.739014,0.796875,-0.183594,0.492187,-0.076172,0.187500,0.179687,0.404297,-0.403381,0.249207,-0.782104
50.20466423034668,0.740234,-1.746094,0.062500,-0.199219,-0.056641,0.031250,0.041016,0.404480,-0.402649,0.250305,-0.782043
50.224764585494995,0.739746,1.234375,-0.082031,-0.128906,-0.037109,0.216797,0.042969,0.404175,-0.401001,0.251831,-0.782593
50.2450053691864,0.743042,-0.105469,-0.027344,0.199219,-0.125000,0.394531,0.054687,0.403198,-0.398621,0.254150,-0.783569
50.26496720314026,0.746460,-0.992187,0.402344,-0.007813,-0.021484,0.232422,-0.072266,0.401917,-0.396912,0.255432,-0.784668
50.28499388694763,0.749146,-0.105469,0.363281,1.027344,-0.164062,0.105469,-0.150391,0.400024,-0.396851,0.256348,-0.785339
50.30509614944458,0.752930,0.460937,0.210937,-0.804687,-0.066406,0.097656,-0.138672,0.398254,-0.396973,0.256531,-0.786133
50.32502341270447,0.745605,-0.449219,0.117188,-0.500000,-0.009766,-0.050781,-0.244141,0.396423,-0.398132,0.255554,-0.786743
50.34510087966919,0.739014,0.812500,-0.281250,0.207031,0.003906,-0.140625,-0.121094,0.395691,-0.399902,0.254517,-0.786621
50.365400552749634,0.738037,-0.136719,-0.128906,0.222656,-0.019531,-0.091797,-0.037109,0.395508,-0.400818,0.254089,-0.786316
50.38512396812439,0.737183,0.160156,-0.128906,0.039063,-0.031250,0.009766,-0.015625,0.395386,-0.400879,0.254333,-0.786316
50.40515208244324,0.732544,0.054687,-0.050781,-0.039063,-0.033203,0.044922,-0.003906,0.395081,-0.400696,0.254700,-0.786438
50.42531132698059,0.730103,-0.597656,-0.011719,-0.039063,-0.029297,-0.041016,-0.031250,0.394836,-0.401245,0.254578,-0.786316
50.445725202560425,0.744385,-0.582031,-0.203125,0.054687,-0.048828,-0.117188,-0.039063,0.394836,-0.402222,0.254517,-0.785889
50.46508312225342,0.755493,2.343750,-0.570312,-0.207031,-0.011719,0.113281,0.242187,0.395996,-0.401245,0.255920,-0.785278
50.48538374900818,0.757935,-0.519531,-0.164062,-0.089844,-0.085937,0.033203,0.117188,0.396545,-0.400635,0.257385,-0.784851
50.50559067726135,0.764893,-0.343750,-0.257813,-0.464844,-0.056641,0.113281,0.082031,0.396667,-0.399536,0.259033,-0.784790
50.52551198005676,0.765869,0.531250,-0.324219,-1.164063,-0.035156,0.218750,0.041016,0.396301,-0.397888,0.260071,-0.785522
50.54551076889038,0.764160,-0.910156,-0.722656,-2.878906,0.248047,0.287109,-0.240234,0.394592,-0.394775,0.257385,-0.788757
50.565343379974365,0.758789,-1.820313,-3.500000,-5.328125,1.328125,0.789062,-0.824219,0.391357,-0.386108,0.247864,-0.797668
50.58525586128235,0.754395,0.960937,1.000000,-0.367188,1.273438,0.802734,-0.800781,0.387695,-0.376770,0.238586,-0.806702
50.6060471534729,0.749146,2.738281,2.261719,2.976563,0.582031,0.746094,-0.417969,0.384460,-0.369995,0.234863,-0.812500
50.62530875205994,0.736572,-0.558594,1.671875,4.644531,-0.226562,0.066406,-0.439453,0.379944,-0.371155,0.235596,-0.813843
50.64560079574585,0.726318,-1.859375,1.472656,5.382812,-0.832031,-0.306641,-0.339844,0.375061,-0.377319,0.239868,-0.812073
50.66550803184509,0.713135,1.457031,1.257813,-1.714844,-0.757812,-0.314453,0.037109,0.373169,-0.382324,0.244812,-0.809082
50.685652017593384,0.701782,1.148438,0.562500,-2.472656,-0.302734,-0.033203,0.314453,0.374573,-0.383179,0.248291,-0.807007
50.705833435058594,0.672607,0.324219,0.695312,-0.609375,-0.121094,-0.025391,0.455078,0.377808,-0.382874,0.250854,-0.804810
50.72561573982239,0.656006,-1.238281,0.972656,1.750000,-0.039063,-0.296875,0.517578,0.382690,-0.383789,0.251892,-0.801758
50.74596285820007,0.640259,-1.460938,-0.062500,2.261719,0.138672,-0.412109,0.546875,0.388306,-0.385620,0.251160,-0.798401
50.765735387802124,0.613281,-3.667969,-0.812500,2.292969,0.048828,-0.761719,0.148437,0.391785,-0.390869,0.248901,-0.794861
50.78558039665222,0.604492,0.367188,0.128906,1.101563,-0.156250,-0.667969,0.171875,0.394226,-0.396240,0.247986,-0.791260
50.806171894073486,0.594604,0.558594,0.351563,-0.781250,-0.126953,-0.535156,0.242187,0.396973,-0.400269,0.247742,-0.787903
50.82580375671387,0.581665,0.667969,-1.117188,-2.007813,0.054687,-0.287109,0.228516,0.399658,-0.401794,0.247070,-0.786011
50.845985651016235,0.570068,-0.253906,-1.125000,-1.710938,0.222656,-0.076172,0.072266,0.401245,-0.401550,0.245544,-0.785767
50.86610770225525,0.556641,-0.253906,-0.136719,0.230469,0.041016,-0.044922,0.001953,0.401733,-0.401672,0.244934,-0.785645
50.885754346847534,0.554077,-0.328125,0.359375,0.656250,-0.044922,-0.062500,0.078125,0.402344,-0.402222,0.245361,-0.784973
50.908451795578,0.555420,-0.167969,0.070312,0.367188,-0.064453,-0.085937,0.130859,0.403259,-0.402771,0.245972,-0.783997
50.92584443092346,0.555298,-0.312500,-0.257813,-0.007813,-0.009766,-0.083984,0.082031,0.404114,-0.403259,0.246033,-0.783325
50.94596719741821,0.551758,-0.207031,-0.019531,-0.078125,-0.050781,-0.080078,-0.005859,0.404114,-0.404053,0.246094,-0.782898
50.96614956855774,0.551025,-0.292969,-0.050781,0.101563,-0.130859,-0.037109,-0.019531,0.403564,-0.404846,0.246826,-0.782532
50.986377477645874,0.554077,-0.062500,-0.082031,0.300781,-0.158203,0.041016,-0.027344,0.402710,-0.405151,0.247925,-0.782471
51.006675481796265,0.562988,-0.023437,-0.074219,0.085937,-0.107422,0.056641,-0.052734,0.401733,-0.405212,0.248779,-0.782654
51.02644324302673,0.565796,0.207031,-0.027344,0.359375,-0.070312,-0.015625,-0.031250,0.401184,-0.405701,0.249146,-0.782532
51.04641270637512,0.556763,-0.269531,0.046875,-0.503906,0.011719,-0.105469,-0.039063,0.401123,-0.406616,0.248596,-0.782288
51.06658697128296,0.545410,0.558594,-0.265625,-0.542969,0.087891,-0.076172,0.017578,0.401733,-0.406860,0.247925,-0.782043
51.085970401763916,0.534302,0.687500,-0.265625,0.140625,0.068359,0.033203,0.089844,0.402588,-0.406250,0.247864,-0.781921
51.10622501373291,0.540649,-0.566406,-0.226562,-0.097656,0.093750,-0.025391,0.064453,0.403625,-0.405823,0.247498,-0.781799
51.126286029815674,0.553223,0.292969,-0.304688,0.308594,0.099609,0.031250,0.173828,0.405396,-0.404663,0.247620,-0.781433
51.14683961868286,0.607056,-0.207031,-0.144531,0.675781,0.015625,-0.029297,0.201172,0.407043,-0.404358,0.247986,-0.780579
51.16657471656799,0.636230,-0.812500,-0.097656,-0.007813,-0.011719,-0.015625,0.134766,0.408081,-0.403992,0.248657,-0.779968
51.186320543289185,0.658936,1.566406,-0.074219,-0.207031,-0.015625,0.185547,0.134766,0.408630,-0.402405,0.250122,-0.780090
51.20643758773804,0.686157,0.707031,-0.066406,0.167969,-0.091797,0.269531,0.050781,0.408020,-0.400574,0.251953,-0.780762
51.22682213783264,0.691406,-0.785156,0.402344,-0.382813,-0.048828,0.250000,-0.041016,0.406982,-0.398926,0.253357,-0.781677
51.246633529663086,0.699707,0.300781,0.218750,0.269531,-0.093750,0.125000,-0.042969,0.406006,-0.398376,0.254272,-0.782166
51.26681637763977,0.706787,0.457031,0.292969,-0.308594,-0.076172,-0.005859,-0.107422,0.405029,-0.398743,0.254333,-0.782471
51.28637456893921,0.709839,1.781250,-0.011719,-0.683594,0.052734,0.109375,-0.033203,0.404297,-0.398499,0.254089,-0.783020
51.30669283866882,0.709595,-1.722656,0.203125,0.574219,-0.027344,-0.031250,-0.212891,0.402771,-0.399231,0.253540,-0.783630
51.32671570777893,0.706299,0.820312,0.269531,-0.078125,0.027344,0.037109,-0.154297,0.401489,-0.399536,0.253052,-0.784302
51.346956968307495,0.679565,-0.234375,0.062500,0.695312,-0.044922,-0.039063,-0.093750,0.400574,-0.400208,0.252808,-0.784485
51.36673188209534,0.666748,0.523437,-0.433594,-0.261719,-0.046875,0.007813,-0.029297,0.400146,-0.400452,0.253052,-0.784546
51.38675355911255,0.663208,-0.242187,-0.281250,-0.566406,0.001953,0.029297,0.005859,0.400146,-0.400269,0.253113,-0.784607
51.407074213027954,0.685669,-1.246094,-0.097656,-0.492187,0.029297,-0.117188,-0.095703,0.399841,-0.401123,0.252258,-0.784607
51.426814794540405,0.704468,-0.152344,-0.210937,0.941406,-0.072266,0.021484,0.029297,0.399719,-0.401245,0.252930,-0.784363
51.447110414505005,0.721069,-0.328125,-0.152344,-0.093750,-0.072266,0.066406,0.080078,0.399780,-0.400757,0.254395,-0.784119
51.467092514038086,0.741577,0.191406,-0.097656,0.230469,-0.152344,0.109375,0.085937,0.399414,-0.400208,0.256531,-0.783875
51.4867160320282,0.744995,0.187500,-0.074219,-0.414062,-0.083984,0.140625,0.011719,0.398743,-0.399292,0.258240,-0.784180
51.506996154785156,0.744141,-0.144531,-0.179687,-0.726562,-0.013672,0.246094,-0.011719,0.397827,-0.397522,0.259277,-0.785156
51.526668310165405,0.734985,-0.355469,-1.152344,-3.203125,0.125000,0.267578,-0.216797,0.396301,-0.394409,0.257324,-0.788147
51.54710793495178,0.729980,2.226563,-4.847656,-13.195313,1.958984,1.250000,-0.400391,0.397705,-0.377747,0.246094,-0.799072
51.56743812561035,0.725098,7.300781,-1.789063,-10.554688,3.126953,2.382813,0.197266,0.404480,-0.346741,0.231750,-0.813904
51.58702564239502,0.704468,2.925781,1.781250,-0.820312,2.375000,2.115234,0.423828,0.411255,-0.318481,0.221680,-0.824768
51.61163544654846,0.697388,-0.324219,2.718750,3.769531,1.802734,1.703125,0.527344,0.417419,-0.295776,0.215210,-0.831848
51.6269953250885,0.682495,-1.945313,2.539063,4.476562,1.173828,1.046875,0.585937,0.423462,-0.280823,0.211731,-0.834839
51.64689803123474,0.665039,-1.019531,2.292969,4.605469,0.652344,0.576172,0.746094,0.430054,-0.271545,0.210876,-0.834778
51.66700196266174,0.627563,-1.062500,1.312500,2.765625,0.166016,0.251953,0.689453,0.435425,-0.267700,0.212402,-0.832886
51.68733263015747,0.620361,-4.281250,1.289063,5.207031,-0.685547,-0.457031,0.224609,0.436584,-0.273743,0.216675,-0.829163
51.70734405517578,0.614136,-1.480469,1.421875,4.109375,-1.505859,-1.039063,0.013672,0.434631,-0.289001,0.224365,-0.822937
51.72726511955261,0.595215,-2.449219,0.523437,3.171875,-1.957031,-1.574219,-0.351563,0.429565,-0.310730,0.232422,-0.815430
51.74705219268799,0.587158,-3.050781,-0.351563,1.261719,-1.980469,-1.771484,-0.623047,0.422363,-0.334656,0.238953,-0.807739
51.767672061920166,0.582031,-0.406250,0.425781,-1.941406,-1.753906,-1.662109,-0.632812,0.415161,-0.356873,0.244019,-0.800476
51.78727149963379,0.576050,-0.089844,0.105469,-2.851563,-1.335938,-1.296875,-0.537109,0.409302,-0.373962,0.247314,-0.794617
51.80768179893494,0.568237,0.296875,-0.500000,-3.363281,-0.582031,-0.878906,-0.289063,0.407104,-0.383850,0.247314,-0.791077
51.827208042144775,0.561768,0.761719,-0.949219,-4.679687,0.328125,-0.292969,0.183594,0.409790,-0.385498,0.244629,-0.789673
51.850019693374634,0.548462,-4.968750,-0.613281,5.894531,-0.023437,-0.703125,-0.091797,0.410950,-0.390808,0.241150,-0.787537
51.86760926246643,0.540527,-2.320313,0.820312,0.457031,-0.087891,-1.001953,-0.361328,0.410156,-0.399841,0.236389,-0.784851
51.887617349624634,0.531860,1.054688,0.726562,0.863281,-0.179687,-1.023438,-0.289063,0.409790,-0.408813,0.232422,-0.781616
51.90759754180908,0.520508,1.542969,0.449219,-0.613281,0.123047,-0.744141,-0.044922,0.411560,-0.414368,0.228088,-0.779053
51.92752170562744,0.496582,1.527344,-0.070312,-2.097656,0.429687,-0.478516,0.033203,0.414551,-0.416260,0.223083,-0.777893
51.947617530822754,0.486450,1.304688,-0.230469,-0.949219,0.437500,-0.199219,0.027344,0.417053,-0.416199,0.218994,-0.777771
51.96774697303772,0.482178,0.332031,-0.156250,0.089844,0.228516,-0.158203,-0.011719,0.418335,-0.416382,0.216553,-0.777649
51.987701654434204,0.482544,0.078125,0.179687,0.359375,0.056641,-0.144531,0.076172,0.419495,-0.417053,0.215698,-0.776917
52.00853657722473,0.477417,0.007813,0.410156,0.250000,0.050781,-0.187500,0.171875,0.421387,-0.417969,0.215271,-0.775513
52.02766132354736,0.463379,-0.496094,0.082031,1.148438,0.003906,-0.326172,0.150391,0.423218,-0.420227,0.214417,-0.773499
52.04788780212402,0.435669,-0.796875,0.097656,0.734375,-0.095703,-0.468750,0.087891,0.424438,-0.423706,0.213745,-0.771118
52.0679931640625,0.429810,-0.089844,0.312500,0.867187,-0.250000,-0.308594,0.103516,0.424927,-0.426880,0.214661,-0.768860
52.087947845458984,0.424316,0.468750,-0.222656,-0.457031,-0.199219,-0.234375,0.162109,0.425781,-0.429138,0.215820,-0.766785
52.10775184631348,0.412720,-0.023437,-0.660156,-1.039063,0.025391,-0.095703,0.123047,0.426941,-0.429504,0.215881,-0.765869
52.12802982330322,0.413696,-0.015625,-0.730469,-1.085938,0.050781,0.068359,0.083984,0.427673,-0.428711,0.216248,-0.765869
52.14797854423523,0.418701,0.085937,0.121094,0.210937,-0.060547,0.070312,0.121094,0.428162,-0.428162,0.217468,-0.765564
52.16857933998108,0.429321,-0.238281,0.175781,0.707031,-0.109375,-0.003906,0.140625,0.428772,-0.428406,0.218811,-0.764709
52.18763279914856,0.430542,-0.726562,0.085937,0.652344,-0.113281,-0.164062,0.064453,0.429199,-0.429687,0.219238,-0.763611
52.20852518081665,0.428467,-0.121094,-0.445312,-0.785156,0.013672,-0.035156,0.033203,0.429626,-0.429932,0.219177,-0.763245
52.228245973587036,0.428833,0.308594,0.214844,0.054687,-0.033203,-0.003906,0.066406,0.429993,-0.429871,0.219666,-0.762939
52.2483172416687,0.433594,0.277344,0.109375,0.101563,-0.056641,0.003906,0.082031,0.430298,-0.430054,0.220459,-0.762451
52.26784157752991,0.437744,-0.406250,0.160156,0.625000,-0.109375,-0.082031,0.033203,0.430237,-0.431030,0.221008,-0.761719
52.28781509399414,0.440674,-0.957031,-0.289063,0.179687,-0.080078,-0.095703,-0.054687,0.429687,-0.432129,0.221069,-0.761414
52.30868911743164,0.429932,-0.121094,-0.058594,-0.457031,-0.050781,0.005859,-0.050781,0.429077,-0.432373,0.221313,-0.761536
52.32812237739563,0.444580,0.484375,-0.214844,-0.148437,-0.044922,0.101563,-0.017578,0.428528,-0.431824,0.221924,-0.762024
52.348064661026,0.468018,0.117188,-0.136719,-0.425781,-0.005859,0.136719,-0.005859,0.428101,-0.430969,0.222473,-0.762573
52.36858582496643,0.495972,-0.414062,0.015625,0.140625,-0.019531,0.037109,-0.048828,0.427612,-0.430664,0.222717,-0.762939
52.38811182975769,0.524170,1.320313,-0.558594,-0.171875,-0.013672,0.158203,0.099609,0.427917,-0.429321,0.223816,-0.763184
52.408408403396606,0.550781,-0.058594,-0.312500,0.117188,0.000000,0.195312,0.181641,0.428955,-0.427307,0.225464,-0.763245
52.42835593223572,0.617554,0.531250,-0.289063,0.257813,-0.019531,0.224609,0.273438,0.430237,-0.425537,0.227356,-0.763000
52.448580503463745,0.634766,-1.414063,0.195312,0.093750,-0.082031,0.148437,0.226562,0.431213,-0.424561,0.228882,-0.762512
52.4681978225708,0.643799,-0.316406,0.246094,0.363281,-0.056641,0.000000,0.052734,0.431580,-0.424377,0.229492,-0.762207
52.48838663101196,0.648926,-0.042969,0.402344,-0.632812,0.013672,0.007813,0.009766,0.431824,-0.424011,0.229614,-0.762207
52.50883150100708,0.651978,1.117188,0.218750,-0.105469,0.027344,0.107422,0.056641,0.432129,-0.422852,0.230286,-0.762573
52.528369188308716,0.646118,0.687500,0.140625,0.378906,0.013672,0.226562,0.060547,0.432007,-0.421082,0.231201,-0.763306
52.54852223396301,0.633179,-1.144531,0.437500,0.046875,0.033203,0.027344,-0.150391,0.430969,-0.420837,0.230652,-0.764160
52.56866192817688,0.552856,1.015625,-0.257813,0.164062,0.021484,0.005859,-0.089844,0.430237,-0.421082,0.229919,-0.764648
52.58857774734497,0.528809,-0.609375,0.179687,-0.296875,0.023437,-0.103516,-0.158203,0.429260,-0.422119,0.228760,-0.764954
52.60896587371826,0.517212,-0.074219,0.054687,0.601562,0.000000,-0.113281,-0.175781,0.428223,-0.423279,0.227783,-0.765198
52.62860584259033,0.482422,0.250000,-0.335938,-0.203125,0.023437,0.052734,-0.035156,0.427673,-0.423340,0.227539,-0.765564
52.649094343185425,0.477783,-1.519531,-0.113281,0.253906,-0.029297,-0.050781,-0.130859,0.426819,-0.423645,0.227356,-0.765930
52.668641328811646,0.468750,1.390625,-0.199219,-0.242187,0.009766,0.205078,-0.007813,0.426270,-0.422241,0.228027,-0.766846
52.688612937927246,0.454834,-0.117188,-0.042969,-0.035156,-0.037109,0.169922,-0.003906,0.425659,-0.421082,0.228943,-0.767578
52.70899987220764,0.467529,-0.914062,-0.082031,-0.152344,-0.025391,0.031250,-0.058594,0.424866,-0.421204,0.229065,-0.767883
52.72905254364014,0.499268,-1.320313,-0.238281,0.355469,-0.072266,-0.144531,-0.136719,0.423889,-0.422424,0.228821,-0.767822
52.7492356300354,0.583984,2.050781,-0.574219,0.015625,-0.054687,0.240234,0.111328,0.423889,-0.420715,0.230469,-0.768250
52.769004583358765,0.603271,1.644531,-0.289063,-1.507813,0.009766,0.300781,0.099609,0.423950,-0.417847,0.232544,-0.769165
52.78917074203491,0.620117,-0.570312,0.148437,-0.066406,-0.062500,0.287109,0.085937,0.423523,-0.415710,0.234802,-0.769836
52.809330463409424,0.631348,-0.269531,0.085937,0.269531,-0.091797,0.181641,0.003906,0.422668,-0.414734,0.236267,-0.770447
52.82898783683777,0.638306,-0.183594,0.164062,-0.074219,-0.074219,0.123047,-0.042969,0.421753,-0.414124,0.237122,-0.770996
52.84931659698486,0.640381,0.511719,0.285156,-0.390625,-0.029297,0.105469,-0.060547,0.420837,-0.413696,0.237610,-0.771545
52.86910390853882,0.635864,-0.414062,0.246094,-0.191406,-0.097656,0.041016,-0.169922,0.419189,-0.413940,0.237915,-0.772217
52.88905692100525,0.625488,1.023438,0.238281,-0.957031,-0.025391,0.060547,-0.144531,0.417847,-0.413879,0.237854,-0.773010
52.90913963317871,0.624878,0.441406,0.222656,0.109375,0.033203,0.093750,-0.027344,0.417175,-0.413574,0.237793,-0.773560
52.92924785614014,0.622925,-0.179687,0.339844,0.921875,-0.039063,-0.072266,-0.126953,0.416321,-0.414185,0.237610,-0.773743
52.94941782951355,0.605103,1.156250,-0.273438,-0.039063,-0.031250,0.191406,0.001953,0.415588,-0.413513,0.238159,-0.774292
52.969321727752686,0.604126,-1.566406,-0.199219,0.308594,-0.066406,0.078125,-0.042969,0.414795,-0.413147,0.238892,-0.774719
52.98948001861572,0.604858,0.597656,-0.351563,-0.273438,0.007813,0.078125,-0.015625,0.414429,-0.412842,0.239075,-0.775024
53.01121687889099,0.622437,-1.878906,-0.089844,-0.421875,-0.017578,-0.179687,-0.132812,0.413879,-0.414246,0.238159,-0.774841
53.02954030036926,0.642334,2.136719,-0.464844,-0.023437,-0.027344,0.019531,0.126953,0.414551,-0.414307,0.238647,-0.774292
53.04970121383667,0.662354,-1.296875,-0.152344,0.054687,-0.033203,-0.021484,0.083984,0.415222,-0.414001,0.239624,-0.773804
53.07013392448425,0.695801,1.417969,-0.203125,0.562500,-0.121094,0.179687,0.166016,0.415588,-0.412781,0.241821,-0.773560
53.09003496170044,0.703247,-0.390625,0.003906,-0.789062,0.025391,0.046875,0.087891,0.416016,-0.412170,0.242554,-0.773437
53.1096568107605,0.703369,0.804687,0.394531,0.789062,-0.083984,-0.033203,0.052734,0.416016,-0.412903,0.242981,-0.772888
53.12939095497131,0.706787,-0.359375,0.402344,-0.382813,-0.015625,-0.113281,-0.025391,0.415955,-0.413818,0.242676,-0.772522
53.149622201919556,0.692383,0.820312,0.210937,-0.335938,0.015625,-0.003906,0.021484,0.416260,-0.413757,0.242615,-0.772461
53.16943383216858,0.680176,1.210938,0.019531,-0.351563,0.125000,0.041016,0.076172,0.417236,-0.412598,0.242187,-0.772644
53.189648389816284,0.658447,0.503906,-0.570312,-1.195313,0.281250,0.201172,0.068359,0.418091,-0.409729,0.240967,-0.774109
53.209590911865234,0.612061,-2.542969,-1.699219,-1.273438,0.474609,0.404297,-0.361328,0.416687,-0.405518,0.237854,-0.778076
53.229434967041016,0.606079,0.636719,0.300781,-0.246094,0.318359,0.341797,-0.138672,0.415894,-0.401917,0.236206,-0.780823
53.24964451789856,0.601562,-0.382813,0.964844,2.042969,0.033203,0.150391,-0.001953,0.415588,-0.400635,0.236572,-0.781555
53.27006435394287,0.604004,-0.527344,0.789062,2.242188,-0.199219,-0.033203,0.025391,0.415100,-0.401550,0.238159,-0.780884
53.289806842803955,0.608521,0.167969,1.136719,1.644531,-0.425781,-0.134766,0.148437,0.414673,-0.404236,0.241577,-0.778625
53.309797048568726,0.614624,-0.382813,1.089844,2.542969,-0.609375,-0.156250,0.011719,0.412842,-0.407593,0.245056,-0.776794
53.33018231391907,0.638062,1.863281,-0.226562,-2.398438,-0.238281,0.107422,-0.097656,0.410889,-0.408081,0.246338,-0.777161
53.35017967224121,0.652100,0.750000,-0.187500,-1.515625,0.019531,0.138672,-0.031250,0.410217,-0.407104,0.246704,-0.777893
53.369811058044434,0.661621,0.113281,-0.187500,0.085937,-0.039063,0.103516,-0.031250,0.409546,-0.406433,0.247375,-0.778381
53.38978147506714,0.668823,0.007813,-0.152344,0.085937,-0.025391,0.134766,-0.033203,0.408630,-0.405762,0.248108,-0.778992
53.409802198410034,0.685303,-0.453125,-0.027344,0.699219,-0.181641,0.115234,-0.132812,0.406738,-0.405884,0.249146,-0.779602
53.430121421813965,0.689697,0.644531,0.164062,-1.164063,-0.039063,0.021484,-0.103516,0.405640,-0.406128,0.249268,-0.780029
53.44986009597778,0.691650,0.742187,0.234375,-0.167969,-0.015625,-0.017578,-0.064453,0.405212,-0.406311,0.249023,-0.780212
53.46996355056763,0.689575,0.238281,0.195312,-0.089844,0.023437,0.005859,0.015625,0.405273,-0.406372,0.248718,-0.780212
53.489999532699585,0.685791,-0.390625,0.339844,0.300781,0.007813,-0.164062,-0.050781,0.405396,-0.407471,0.247864,-0.779907
53.51026654243469,0.679565,1.011719,0.062500,-0.582031,0.105469,-0.091797,0.052734,0.406311,-0.407898,0.246704,-0.779541
53.53004431724548,0.653320,-0.292969,-0.058594,0.101563,0.095703,-0.039063,0.078125,0.407410,-0.407593,0.245972,-0.779358
53.54999303817749,0.636353,0.105469,-0.175781,0.085937,0.080078,0.080078,0.068359,0.408081,-0.406616,0.246033,-0.779480
53.57025647163391,0.623657,-0.453125,-0.183594,-0.382813,0.050781,0.056641,0.062500,0.408691,-0.405701,0.246216,-0.779602
53.59019064903259,0.619507,0.558594,-0.105469,-0.015625,0.080078,0.060547,0.164062,0.409912,-0.404602,0.246582,-0.779419
53.61036920547485,0.627930,-1.066406,-0.050781,1.164063,-0.033203,-0.056641,0.039063,0.410400,-0.404663,0.247009,-0.778992
53.6301805973053,0.645264,0.128906,-0.160156,-0.320313,-0.003906,0.070312,0.160156,0.411072,-0.404053,0.247803,-0.778687
53.6503050327301,0.675903,-1.691406,-0.265625,0.558594,-0.105469,-0.017578,-0.062500,0.410645,-0.404053,0.248657,-0.778625
53.670642375946045,0.694580,1.656250,-0.058594,-0.589844,-0.085937,0.208984,0.099609,0.410400,-0.402954,0.250488,-0.778748
53.69015622138977,0.703735,-0.886719,0.109375,0.261719,-0.158203,0.150391,0.001953,0.409363,-0.402039,0.252502,-0.779114
53.710450172424316,0.711182,0.867187,-0.218750,-0.007813,-0.113281,0.242187,-0.052734,0.407715,-0.400940,0.254395,-0.779907
53.73038101196289,0.720093,-0.242187,-0.058594,-0.343750,-0.193359,0.111328,-0.197266,0.405212,-0.401184,0.255432,-0.780762
53.75037717819214,0.715454,1.042969,0.316406,-1.371094,-0.007813,0.103516,-0.146484,0.403748,-0.400635,0.255432,-0.781799
53.771100759506226,0.708862,1.351563,0.273438,-1.003906,0.126953,0.164062,-0.064453,0.403137,-0.399231,0.254761,-0.783081
53.790454626083374,0.696045,-0.695312,0.164062,0.574219,0.119141,0.035156,-0.205078,0.401978,-0.398865,0.253235,-0.784363
53.811060190200806,0.690430,0.574219,0.675781,1.093750,0.042969,-0.023437,-0.134766,0.401184,-0.399292,0.252380,-0.784851
53.83068323135376,0.688965,0.683594,1.058594,1.109375,-0.109375,-0.132812,0.046875,0.401245,-0.400513,0.252808,-0.784058
53.850534439086914,0.688599,-0.519531,-0.304688,0.101563,-0.025391,-0.072266,-0.050781,0.400818,-0.401489,0.252930,-0.783691
53.87078666687012,0.688110,-0.488281,-0.417969,0.460937,-0.080078,0.046875,-0.066406,0.399780,-0.401611,0.253601,-0.783936
53.890538930892944,0.688843,-0.097656,-0.179687,-0.113281,-0.070312,0.138672,-0.019531,0.398926,-0.400940,0.254578,-0.784424
53.91106462478638,0.694702,-0.398438,-0.136719,0.000000,-0.066406,0.136719,-0.021484,0.398132,-0.400330,0.255432,-0.784851
53.93081831932068,0.703491,-0.855469,-0.210937,-0.152344,-0.085937,0.017578,-0.097656,0.397095,-0.400574,0.255981,-0.785034
53.95073080062866,0.716553,-0.128906,-0.394531,0.285156,-0.093750,0.021484,-0.011719,0.396484,-0.400818,0.256775,-0.784973
53.97076916694641,0.730957,0.757812,-0.386719,-0.246094,-0.105469,0.099609,0.074219,0.396484,-0.400085,0.258423,-0.784851
53.990615129470825,0.731812,0.292969,0.171875,-1.242188,0.025391,0.044922,0.091797,0.397156,-0.399109,0.259216,-0.784729
54.01114869117737,0.731445,-0.074219,0.210937,0.207031,0.007813,0.042969,0.089844,0.397583,-0.398682,0.259583,-0.784607
54.03088927268982,0.730713,-0.488281,0.257813,0.207031,0.015625,-0.044922,-0.015625,0.397705,-0.398987,0.259277,-0.784485
54.050743103027344,0.728638,0.769531,0.363281,-0.062500,0.058594,-0.048828,0.005859,0.398132,-0.398926,0.258850,-0.784424
54.070714473724365,0.724976,1.617188,0.171875,-0.304688,0.099609,0.087891,0.109375,0.398926,-0.397827,0.258667,-0.784607
54.09079623222351,0.718994,-1.253906,0.464844,-0.667969,0.117188,-0.074219,-0.080078,0.398987,-0.397888,0.257385,-0.784973
54.11112356185913,0.708618,-0.121094,0.066406,1.011719,0.023437,-0.027344,-0.101563,0.398132,-0.398376,0.256775,-0.785400
54.130951166152954,0.707520,-0.222656,-0.171875,-0.167969,-0.068359,0.042969,-0.189453,0.396240,-0.398682,0.256836,-0.786194
54.15104818344116,0.705444,0.230469,-0.250000,-0.054687,-0.115234,0.255859,-0.173828,0.393982,-0.397522,0.257874,-0.787537
54.170957803726196,0.706421,0.621094,-0.179687,-0.253906,-0.144531,0.197266,-0.169922,0.391724,-0.396973,0.258850,-0.788635
54.19142508506775,0.702148,-1.691406,-0.144531,0.445312,-0.082031,0.027344,-0.148437,0.390259,-0.396973,0.258911,-0.789368
54.21134901046753,0.700928,1.226563,-0.464844,-2.070313,0.220703,0.240234,0.052734,0.390747,-0.394165,0.258240,-0.790710
54.231109857559204,0.692383,-0.226562,-0.917969,-1.027344,0.361328,0.390625,-0.017578,0.390991,-0.389893,0.256958,-0.793152
54.25118637084961,0.690674,-0.656250,0.007813,0.546875,0.169922,0.292969,-0.021484,0.390686,-0.387146,0.256653,-0.794739
54.27123427391052,0.692261,-0.027344,1.656250,2.648438,-0.189453,-0.070312,0.009766,0.390198,-0.388123,0.257935,-0.794067
54.29152703285217,0.694214,0.425781,0.843750,1.554688,-0.412109,-0.152344,0.060547,0.389282,-0.390503,0.260193,-0.792664
54.31162977218628,0.701416,-1.363281,-1.382813,-0.964844,-0.289063,-0.003906,-0.121094,0.387512,-0.391724,0.261719,-0.792419
54.33165979385376,0.704956,0.898437,-0.179687,-1.296875,-0.142578,0.109375,-0.019531,0.386536,-0.391418,0.263062,-0.792603
54.35134673118591,0.712036,-1.000000,-0.289063,-0.414062,-0.013672,0.087891,-0.042969,0.385803,-0.390869,0.263733,-0.792969
54.37160015106201,0.729858,0.222656,-0.320313,0.589844,-0.121094,0.044922,0.015625,0.385254,-0.390991,0.264832,-0.792847
54.39170265197754,0.738403,-0.542969,-0.187500,0.113281,-0.136719,-0.087891,-0.001953,0.384949,-0.391968,0.265686,-0.792175
54.41160583496094,0.740601,0.339844,-0.132812,-0.207031,-0.058594,0.003906,0.103516,0.385315,-0.392029,0.266663,-0.791687
54.43167972564697,0.737671,-0.671875,0.179687,-0.406250,-0.011719,0.041016,0.097656,0.385803,-0.391602,0.267273,-0.791443
54.45167279243469,0.736572,0.449219,0.074219,0.597656,-0.062500,0.044922,0.054687,0.385864,-0.391418,0.268005,-0.791260
54.47199368476868,0.735474,-0.464844,0.503906,-0.121094,-0.003906,-0.066406,-0.060547,0.385620,-0.391907,0.268066,-0.791138
54.49164843559265,0.733154,0.363281,0.386719,0.343750,-0.062500,-0.054687,-0.019531,0.385376,-0.392456,0.268250,-0.790894
54.51160526275635,0.731689,0.332031,0.164062,-0.910156,-0.011719,0.052734,0.050781,0.385498,-0.392090,0.268555,-0.790894
54.531994581222534,0.729248,-0.433594,0.156250,-0.660156,0.095703,-0.015625,-0.052734,0.385437,-0.391907,0.267700,-0.791321
54.551640033721924,0.724609,0.593750,0.035156,0.406250,0.050781,0.042969,-0.048828,0.384827,-0.391785,0.267212,-0.791870
54.571876525878906,0.720459,-0.925781,0.097656,0.519531,-0.019531,-0.076172,-0.240234,0.383179,-0.392883,0.266418,-0.792358
54.59166359901428,0.713501,1.496094,-0.449219,-0.468750,-0.033203,0.101563,-0.126953,0.381714,-0.392517,0.266541,-0.793213
54.61195373535156,0.707031,-0.328125,-0.187500,0.167969,-0.015625,0.255859,-0.060547,0.380310,-0.390991,0.267456,-0.794312
54.631858348846436,0.711182,-2.128906,-0.074219,1.316406,-0.119141,0.083984,-0.158203,0.378540,-0.390808,0.268250,-0.794983
54.65200972557068,0.713501,1.242188,-0.113281,-0.445312,-0.062500,0.093750,-0.056641,0.377502,-0.390564,0.268921,-0.795410
54.672351360321045,0.717896,0.699219,-0.257813,0.101563,-0.125000,0.056641,-0.072266,0.376343,-0.390686,0.269775,-0.795593
54.69187808036804,0.731567,0.476562,-0.171875,-0.925781,-0.035156,0.148437,0.011719,0.375793,-0.389771,0.270813,-0.795959
54.711952686309814,0.736450,0.230469,-0.125000,-0.246094,-0.066406,0.191406,0.078125,0.375610,-0.388000,0.272461,-0.796326
54.73226475715637,0.739868,1.613281,-0.265625,-0.222656,0.035156,0.208984,0.054687,0.375488,-0.386230,0.273438,-0.796936
54.751744508743286,0.743896,1.398438,-0.074219,1.109375,-0.070312,0.154297,0.019531,0.374817,-0.385132,0.274475,-0.797363
54.77234411239624,0.746338,-0.101563,-0.140625,0.031250,-0.105469,0.240234,0.005859,0.373779,-0.383728,0.276184,-0.797974
54.79205560684204,0.747070,-0.355469,0.105469,-0.007813,-0.078125,0.158203,-0.033203,0.372681,-0.382751,0.277466,-0.798462
54.812650203704834,0.747437,0.695312,0.144531,-0.437500,-0.025391,0.146484,-0.035156,0.371948,-0.381775,0.278137,-0.799072
54.832016944885254,0.747314,0.042969,0.296875,1.054688,-0.056641,0.058594,-0.046875,0.370972,-0.381775,0.278503,-0.799377
54.85250520706177,0.746216,-0.906250,0.296875,0.421875,-0.121094,-0.039063,-0.205078,0.369202,-0.382935,0.278564,-0.799683
54.87244486808777,0.740234,1.023438,0.097656,-0.597656,-0.007813,-0.003906,-0.078125,0.368347,-0.383301,0.278381,-0.799927
54.892102003097534,0.737793,0.140625,0.019531,-0.070312,0.013672,0.054687,-0.013672,0.367981,-0.383118,0.278198,-0.800232
54.912161111831665,0.732178,-0.601562,0.050781,0.621094,-0.013672,-0.062500,-0.099609,0.367432,-0.383728,0.277771,-0.800354
54.93254637718201,0.725098,-0.226562,0.128906,0.246094,-0.056641,-0.056641,-0.093750,0.366760,-0.384399,0.277771,-0.800354
54.9525351524353,0.712891,0.449219,0.011719,0.492187,-0.101563,-0.039063,-0.082031,0.365845,-0.385132,0.278320,-0.800232
54.972342014312744,0.713989,-0.363281,-0.210937,0.390625,-0.119141,-0.031250,-0.001953,0.365295,-0.385925,0.278992,-0.799866
54.992390632629395,0.716309,-0.925781,-0.203125,-0.933594,-0.037109,-0.113281,-0.091797,0.364685,-0.387085,0.278748,-0.799683
55.012563943862915,0.742920,1.089844,-0.433594,0.078125,-0.080078,0.042969,0.037109,0.364380,-0.387207,0.279358,-0.799500
55.0326943397522,0.751831,-0.042969,-0.187500,-0.074219,-0.156250,0.187500,0.068359,0.363892,-0.386108,0.281372,-0.799561
55.052711725234985,0.753052,0.800781,-0.238281,0.277344,-0.167969,0.222656,0.064453,0.363098,-0.384644,0.283936,-0.799744
55.07263922691345,0.749390,1.152344,-0.636719,-0.597656,-0.185547,0.376953,0.175781,0.362793,-0.381958,0.287109,-0.800049
55.09286546707153,0.743896,-0.230469,-0.109375,-1.417969,-0.017578,0.306641,0.238281,0.363770,-0.378601,0.289490,-0.800354
55.112741470336914,0.738525,0.718750,-0.246094,-0.679687,0.082031,0.234375,0.265625,0.365540,-0.376038,0.290588,-0.800354
55.132962465286255,0.730591,-0.898437,0.222656,-0.429687,0.087891,-0.083984,0.218750,0.367859,-0.375854,0.290100,-0.799500
55.15276646614075,0.728760,-1.042969,0.679687,0.527344,0.164062,-0.306641,0.087891,0.370239,-0.377197,0.288208,-0.798462
55.17253279685974,0.721680,0.574219,0.789062,0.726562,0.181641,-0.542969,0.113281,0.373535,-0.380310,0.285400,-0.796509
55.193174600601196,0.708130,1.453125,1.011719,0.359375,0.285156,-0.650391,0.216797,0.378479,-0.383240,0.281311,-0.794189
55.212857723236084,0.682251,1.859375,0.664062,-2.281250,0.742187,-0.414062,0.382813,0.385010,-0.382813,0.275635,-0.793274
55.232776403427124,0.668335,0.804687,-0.800781,0.050781,0.597656,-0.140625,0.304688,0.390198,-0.380554,0.270935,-0.793396
55.25258755683899,0.658691,-0.507812,-2.027344,-3.074219,0.949219,0.244141,0.041016,0.393250,-0.374817,0.264526,-0.796753
55.27268028259277,0.640015,-1.472656,-3.156250,-3.070313,1.085938,0.666016,-0.349609,0.392761,-0.366577,0.257385,-0.803223
55.29296159744263,0.636719,-0.542969,-0.445312,1.085938,0.632812,0.585937,-0.515625,0.389465,-0.360657,0.252930,-0.808899
55.31283903121948,0.637939,0.480469,1.238281,3.304688,-0.013672,0.412109,-0.492187,0.384216,-0.358582,0.252625,-0.812378
55.33341932296753,0.638794,-0.738281,0.656250,1.980469,-0.480469,0.251953,-0.554687,0.377625,-0.359375,0.255554,-0.814209
55.352718353271484,0.637329,2.199219,0.957031,-0.578125,-0.552734,0.333984,-0.197266,0.372986,-0.359558,0.260437,-0.814697
55.37275791168213,0.638428,0.757812,1.476563,0.816406,-0.546875,0.185547,-0.062500,0.369873,-0.360046,0.265137,-0.814392
55.393322229385376,0.640503,-1.339844,-1.058594,-0.300781,-0.107422,0.150391,-0.123047,0.367981,-0.359924,0.266418,-0.814880
55.41287636756897,0.636719,-1.519531,0.281250,2.351563,-0.048828,-0.162109,-0.125000,0.367371,-0.361572,0.265869,-0.814636
55.433414459228516,0.629272,-0.753906,1.425781,0.910156,0.183594,-0.312500,0.144531,0.369934,-0.363342,0.263916,-0.813293
55.453105211257935,0.588379,-1.601563,1.042969,3.261719,0.064453,-0.669922,0.337891,0.374329,-0.367676,0.262024,-0.809998
55.47332048416138,0.579590,-1.671875,-0.093750,1.347656,-0.058594,-1.039063,0.150391,0.378174,-0.375427,0.259155,-0.805481
55.493120193481445,0.563843,0.808594,-0.343750,-1.031250,0.048828,-0.835937,0.183594,0.381775,-0.381531,0.256348,-0.801880
55.51317381858826,0.560669,0.101563,-0.804687,-1.031250,0.154297,-0.460937,0.085937,0.384216,-0.384338,0.253784,-0.800171
55.53318810462952,0.557617,0.773437,-0.062500,-0.542969,0.267578,-0.128906,0.097656,0.386230,-0.384521,0.251648,-0.799744
55.553388595581055,0.553833,-0.382813,0.695312,0.714844,-0.044922,-0.201172,0.068359,0.387207,-0.385986,0.251465,-0.798645
55.5734167098999,0.544678,0.406250,0.105469,-0.203125,-0.132812,-0.126953,0.105469,0.387695,-0.387268,0.252258,-0.797546
55.59344720840454,0.537598,0.144531,-0.644531,-1.144531,-0.052734,0.044922,-0.007813,0.387329,-0.387146,0.252747,-0.797607
55.61342906951904,0.542480,-0.007813,-0.078125,-0.042969,0.037109,0.056641,-0.097656,0.386597,-0.386841,0.252441,-0.798218
55.633382081985474,0.543945,0.332031,0.613281,0.601562,-0.056641,-0.003906,0.003906,0.386292,-0.387085,0.252869,-0.798096
55.653549909591675,0.547974,-0.128906,0.437500,0.699219,-0.195312,-0.029297,0.021484,0.385803,-0.388000,0.254333,-0.797485
55.67334866523743,0.549561,0.523437,0.574219,0.503906,-0.265625,-0.048828,0.082031,0.385498,-0.389282,0.256592,-0.796265
55.69361615180969,0.551636,-0.246094,0.390625,0.976562,-0.394531,-0.150391,0.087891,0.385010,-0.391724,0.259277,-0.794434
55.71376991271973,0.563354,-1.410156,-1.371094,-1.601563,-0.101563,-0.203125,-0.099609,0.384277,-0.393982,0.259705,-0.793457
55.73350405693054,0.556030,1.210938,-0.027344,-0.667969,-0.021484,-0.052734,-0.009766,0.384216,-0.394592,0.259583,-0.793274
55.75362014770508,0.540527,0.605469,-0.226562,-1.632813,0.087891,0.060547,0.048828,0.384827,-0.393738,0.259216,-0.793518
55.77336597442627,0.523926,-0.652344,0.078125,0.878906,0.064453,0.005859,0.060547,0.385437,-0.393433,0.258911,-0.793457
55.793949604034424,0.519287,-0.574219,0.070312,0.304688,0.025391,-0.150391,0.023437,0.386108,-0.394226,0.258301,-0.792969
55.813761711120605,0.519409,0.421875,-0.191406,-0.070312,0.007813,-0.054687,0.078125,0.386963,-0.394348,0.257996,-0.792603
55.833768129348755,0.520020,-0.460937,-0.312500,-1.003906,0.099609,0.039063,0.082031,0.387817,-0.393433,0.257874,-0.792664
55.85387587547302,0.562134,0.222656,-0.191406,0.589844,0.025391,0.154297,0.162109,0.388611,-0.392029,0.258850,-0.792664
55.87377047538757,0.594604,-1.707031,-0.097656,0.550781,-0.056641,-0.035156,0.021484,0.388794,-0.391968,0.259705,-0.792297
55.89398956298828,0.632568,1.226563,-0.273438,0.136719,-0.080078,0.199219,0.177734,0.389160,-0.390503,0.261536,-0.792236
55.913963317871094,0.676270,0.316406,-0.105469,-0.644531,-0.113281,0.267578,0.113281,0.388977,-0.388245,0.264038,-0.792603
55.933765172958374,0.693237,-0.929687,0.148437,-0.492187,-0.125000,0.330078,0.046875,0.387939,-0.385925,0.266724,-0.793335
55.95419526100159,0.702271,0.632812,0.058594,0.000000,-0.177734,0.337891,0.001953,0.386414,-0.384094,0.269043,-0.794189
55.97382354736328,0.709595,-0.332031,0.140625,-0.386719,-0.089844,0.119141,-0.068359,0.385193,-0.383545,0.269836,-0.794800
55.99454402923584,0.707031,-0.269531,0.058594,-0.996094,-0.025391,0.001953,-0.203125,0.383484,-0.383972,0.269226,-0.795654
56.014126777648926,0.703857,0.769531,-0.273438,-1.617188,0.132812,0.109375,-0.265625,0.381592,-0.383240,0.267517,-0.797485
56.03413772583008,0.690430,0.300781,-0.585937,-1.250000,0.365234,0.281250,-0.261719,0.380127,-0.380676,0.264893,-0.800232
56.053945541381836,0.683228,0.027344,0.898437,1.105469,0.193359,0.042969,-0.156250,0.379517,-0.379944,0.262817,-0.801575
56.073991537094116,0.681885,-0.074219,0.953125,1.472656,0.085937,-0.169922,-0.033203,0.379883,-0.381165,0.261414,-0.801270
56.09410524368286,0.682007,-0.257813,0.875000,1.304688,-0.144531,-0.283203,0.009766,0.380188,-0.383789,0.261414,-0.799866
56.11398983001709,0.675415,0.253906,0.285156,0.136719,-0.208984,-0.279297,0.046875,0.380310,-0.386780,0.262207,-0.798096
56.134392738342285,0.669067,-0.425781,-0.226562,0.410156,-0.136719,-0.167969,-0.093750,0.379578,-0.388855,0.262512,-0.797363
56.1543915271759,0.664062,-0.449219,-1.031250,-1.449219,-0.054687,0.019531,-0.041016,0.378845,-0.389160,0.262817,-0.797485
56.17410206794739,0.650879,-0.058594,-0.265625,-0.339844,-0.042969,0.162109,-0.021484,0.377991,-0.388245,0.263733,-0.798035
56.19422483444214,0.652588,-0.273438,-0.183594,0.312500,-0.097656,0.173828,-0.019531,0.376953,-0.387329,0.264954,-0.798523
56.214147329330444,0.654785,-1.195313,-0.097656,0.199219,-0.113281,0.029297,-0.125000,0.375427,-0.387878,0.265503,-0.798828
56.234636545181274,0.677002,-1.402344,-0.058594,0.144531,-0.150391,-0.076172,-0.125000,0.374084,-0.389099,0.265869,-0.798706
56.25468564033508,0.694580,1.664063,-0.503906,-0.722656,-0.093750,0.156250,0.091797,0.374023,-0.388245,0.267273,-0.798706
56.27462911605835,0.712280,-0.757812,-0.179687,-0.644531,-0.048828,0.105469,0.056641,0.374146,-0.387085,0.268555,-0.798767
56.29419827461243,0.726074,0.578125,-0.250000,0.039063,-0.062500,0.265625,0.169922,0.374451,-0.385010,0.270569,-0.799011
56.31480073928833,0.725342,-0.105469,-0.074219,0.375000,-0.091797,0.132812,0.076172,0.374329,-0.383972,0.272278,-0.798950
56.33469748497009,0.724609,1.296875,0.324219,-0.382813,-0.082031,0.083984,0.097656,0.374329,-0.383484,0.273438,-0.798767
56.3546142578125,0.723999,-0.074219,0.257813,-0.699219,0.033203,0.087891,0.037109,0.374451,-0.382629,0.273682,-0.799072
56.37474822998047,0.723267,0.480469,0.296875,-0.246094,0.052734,0.060547,-0.001953,0.374390,-0.381958,0.273804,-0.799377
56.39477062225342,0.719482,0.113281,0.371094,1.054688,-0.048828,0.082031,0.072266,0.374512,-0.381226,0.274536,-0.799377
56.41502499580383,0.713745,-0.292969,0.187500,-1.218750,0.082031,0.103516,0.027344,0.374695,-0.380188,0.274353,-0.799866
56.435168743133545,0.664795,-0.945312,0.210937,-0.546875,0.138672,0.058594,-0.091797,0.374268,-0.379822,0.273071,-0.800720
56.45550560951233,0.612061,-0.546875,0.066406,0.242187,0.033203,0.027344,-0.148437,0.373169,-0.379944,0.272217,-0.801392
56.475260972976685,0.583740,-0.753906,0.011719,0.128906,-0.031250,0.039063,-0.173828,0.371582,-0.380127,0.271973,-0.802185
56.494829177856445,0.592163,0.226562,-0.265625,0.281250,-0.107422,0.148437,-0.187500,0.369324,-0.379822,0.272400,-0.803223
56.51756167411804,0.596436,-0.507812,-0.121094,0.050781,-0.152344,0.226562,-0.195312,0.367004,-0.378723,0.273438,-0.804443
56.534942388534546,0.602417,0.937500,-0.113281,-0.226562,-0.070312,0.263672,-0.042969,0.365417,-0.377197,0.274719,-0.805420
56.555856704711914,0.627930,-0.824219,-0.187500,1.156250,-0.173828,0.089844,-0.150391,0.363403,-0.377197,0.276062,-0.805908
56.575106382369995,0.654053,1.015625,-0.320313,0.027344,-0.216797,0.125000,-0.009766,0.361938,-0.377136,0.278137,-0.805847
56.594698905944824,0.678467,0.148437,-0.148437,-0.988281,-0.138672,0.156250,0.046875,0.361450,-0.376099,0.279907,-0.805908
56.61493253707886,0.705322,1.691406,-0.210937,-1.351563,-0.033203,0.369141,0.179687,0.361694,-0.373047,0.282227,-0.806458
56.63499069213867,0.704834,-2.390625,0.503906,-0.410156,0.003906,0.089844,0.080078,0.362000,-0.371826,0.283325,-0.806519
56.655109167099,0.702881,0.441406,0.164062,0.210937,-0.013672,-0.087891,0.039063,0.362305,-0.372559,0.283447,-0.805969
56.67514085769653,0.700562,-0.292969,-0.066406,-0.347656,-0.003906,-0.203125,0.009766,0.362915,-0.374084,0.282715,-0.805237
56.695197105407715,0.686401,-0.085937,-0.218750,-0.605469,0.044922,-0.113281,-0.031250,0.363098,-0.374878,0.281555,-0.805237
56.715431690216064,0.677612,-1.593750,-1.398438,-2.812500,0.392578,0.123047,-0.310547,0.361816,-0.373352,0.277954,-0.807739
56.73512601852417,0.669189,1.093750,0.203125,0.164062,0.457031,0.226562,-0.347656,0.360107,-0.370911,0.273804,-0.811035
56.75495505332947,0.653931,0.917969,1.984375,1.183594,0.216797,0.115234,-0.136719,0.359436,-0.369568,0.272095,-0.812500
56.775392055511475,0.643677,1.269531,1.664063,1.625000,-0.072266,0.001953,0.066406,0.359619,-0.369690,0.272827,-0.812134
56.79506850242615,0.632568,-0.109375,0.968750,1.351563,-0.279297,-0.142578,0.121094,0.359985,-0.371460,0.275024,-0.810425
56.81566762924194,0.615723,0.089844,0.945312,1.652344,-0.544922,-0.277344,0.183594,0.359985,-0.374451,0.277954,-0.808044
56.83563470840454,0.623413,-3.121094,-3.160156,-2.777344,-0.248047,-0.062500,-0.160156,0.358337,-0.375916,0.279053,-0.807739
56.855297803878784,0.623901,1.781250,-0.203125,-0.500000,-0.072266,0.119141,-0.044922,0.357361,-0.375244,0.279968,-0.808167
56.87539267539978,0.614868,0.953125,-0.312500,-0.125000,-0.007813,0.230469,0.037109,0.356812,-0.373596,0.280945,-0.808838
56.89520215988159,0.615479,-1.281250,-0.003906,0.289063,-0.035156,0.093750,-0.033203,0.356201,-0.372986,0.281494,-0.809143
56.91561579704285,0.625122,-0.601562,-0.082031,0.210937,-0.064453,-0.013672,-0.095703,0.355286,-0.373474,0.281738,-0.809265
56.935497522354126,0.664185,-0.652344,-0.148437,0.226562,-0.097656,-0.027344,-0.044922,0.354553,-0.374023,0.282532,-0.809082
56.955238342285156,0.683228,0.394531,-0.289063,-0.789062,-0.109375,0.099609,0.089844,0.354431,-0.373474,0.283997,-0.808838
56.97555065155029,0.698730,0.265625,-0.082031,-0.445312,-0.082031,0.173828,0.126953,0.354736,-0.372070,0.285645,-0.808777
56.99533295631409,0.706177,0.839844,0.128906,0.050781,-0.037109,0.107422,0.121094,0.355103,-0.371094,0.286804,-0.808655
57.015756368637085,0.710205,-1.753906,0.289063,-0.371094,-0.044922,0.005859,0.017578,0.355042,-0.371155,0.287109,-0.808533
57.03567337989807,0.710815,0.167969,0.289063,-0.140625,0.019531,0.013672,0.009766,0.355103,-0.371033,0.286987,-0.808655
57.05581021308899,0.710083,0.121094,0.281250,0.359375,0.015625,0.005859,-0.013672,0.355042,-0.370911,0.286926,-0.808716
57.075425148010254,0.697266,1.402344,0.089844,0.312500,0.027344,0.091797,0.070312,0.355408,-0.369934,0.287231,-0.808899
57.09581971168518,0.688110,0.105469,0.089844,-0.890625,0.162109,-0.062500,-0.031250,0.355774,-0.369934,0.285889,-0.809204
57.11581587791443,0.673462,0.464844,-0.011719,0.671875,0.109375,-0.150391,-0.068359,0.355957,-0.370911,0.284302,-0.809265
57.13602161407471,0.652222,0.058594,0.050781,0.210937,0.087891,-0.136719,-0.048828,0.356262,-0.371887,0.282898,-0.809143
57.155948877334595,0.644653,0.226562,0.117188,-0.054687,0.046875,-0.125000,-0.035156,0.356567,-0.372559,0.281982,-0.809021
57.17616319656372,0.632935,0.457031,-0.386719,-0.140625,0.099609,0.019531,0.027344,0.356873,-0.372070,0.281555,-0.809265
57.19582176208496,0.615356,-0.078125,-0.433594,0.160156,0.033203,0.066406,0.021484,0.356873,-0.371399,0.281494,-0.809570
57.21567940711975,0.615845,-0.875000,-0.164062,-0.539062,0.052734,0.087891,-0.072266,0.355957,-0.370911,0.281372,-0.810303
57.23618507385254,0.615967,-1.933594,-0.250000,1.308594,-0.236328,0.062500,-0.367188,0.352417,-0.371765,0.282043,-0.811218
57.255972385406494,0.627441,0.339844,0.011719,-0.371094,-0.062500,0.320313,-0.164062,0.349609,-0.370422,0.283203,-0.812622
57.275930881500244,0.633911,-0.437500,0.011719,0.234375,-0.144531,0.287109,-0.167969,0.346924,-0.368958,0.284790,-0.813904
57.29569482803345,0.640869,0.718750,0.093750,-0.156250,-0.037109,0.300781,-0.054687,0.345154,-0.367310,0.286011,-0.814941
57.31606602668762,0.645386,-1.027344,0.250000,0.953125,-0.078125,0.062500,-0.066406,0.343994,-0.367249,0.286743,-0.815247
57.336320638656616,0.660034,-0.660156,0.179687,0.695312,-0.093750,-0.029297,-0.107422,0.342896,-0.367859,0.287109,-0.815247
57.356032848358154,0.673218,1.292969,-0.511719,-0.445312,-0.068359,0.144531,0.042969,0.342468,-0.367126,0.288147,-0.815430
57.37644290924072,0.693604,-0.062500,-0.457031,0.359375,-0.085937,0.132812,0.111328,0.342590,-0.365967,0.289917,-0.815247
57.39599418640137,0.724365,0.703125,-0.203125,0.289063,-0.082031,0.093750,0.128906,0.342896,-0.365112,0.291565,-0.814941
57.41638112068176,0.729004,-1.273438,0.312500,-0.468750,-0.109375,0.044922,0.089844,0.343018,-0.365051,0.292786,-0.814453
57.43674063682556,0.732178,0.074219,0.449219,-0.492187,-0.052734,-0.009766,0.023437,0.343018,-0.365356,0.293335,-0.814148
57.45618224143982,0.732056,0.105469,0.449219,0.207031,-0.031250,-0.087891,0.001953,0.343140,-0.365967,0.293396,-0.813782
57.47616624832153,0.729248,1.492188,0.074219,0.136719,0.001953,0.003906,0.093750,0.343872,-0.365723,0.293579,-0.813538
57.49640727043152,0.719604,0.000000,-0.085937,-1.136719,0.158203,-0.117188,0.033203,0.344971,-0.366150,0.291870,-0.813477
57.51663613319397,0.683960,-1.218750,-0.234375,-0.578125,0.277344,-0.291016,-0.132812,0.345642,-0.367310,0.288330,-0.813965
57.53638672828674,0.669678,0.511719,-2.164063,-1.894531,0.568359,0.292969,-0.285156,0.344482,-0.364258,0.283875,-0.817322
57.55657649040222,0.658447,-0.406250,-1.148438,-1.085938,0.476562,0.451172,-0.400391,0.341858,-0.360107,0.280151,-0.821594
57.576319456100464,0.642090,1.007813,1.625000,1.511719,0.218750,0.335938,-0.224609,0.339783,-0.357178,0.278687,-0.824219
57.59729552268982,0.625977,0.566406,1.148438,2.320313,-0.068359,0.177734,-0.029297,0.338684,-0.356140,0.279724,-0.824768
57.61639380455017,0.626953,-0.652344,1.171875,2.269531,-0.328125,-0.037109,0.042969,0.337952,-0.357361,0.282532,-0.823547
57.63674592971802,0.633911,0.152344,0.996094,1.574219,-0.568359,-0.210937,0.091797,0.337219,-0.360901,0.286743,-0.820862
57.65662407875061,0.651367,-1.218750,-2.148438,-1.878906,-0.531250,-0.248047,-0.041016,0.335632,-0.364624,0.289734,-0.818848
57.67672801017761,0.652100,1.359375,-0.593750,0.511719,-0.294922,0.035156,-0.062500,0.334045,-0.365601,0.291260,-0.818481
57.696824073791504,0.640015,-0.261719,0.148437,-2.109375,0.003906,-0.089844,-0.048828,0.333984,-0.366211,0.291016,-0.818298
57.71656608581543,0.598877,0.968750,-0.394531,-0.929687,0.169922,-0.003906,0.128906,0.335388,-0.365417,0.290222,-0.818359
57.736714363098145,0.591309,-0.882812,-0.289063,0.343750,0.146484,0.052734,0.119141,0.336731,-0.364136,0.289734,-0.818604
57.75689506530762,0.590576,-0.179687,-0.289063,0.554687,0.041016,0.080078,0.113281,0.337402,-0.363281,0.289978,-0.818604
57.776665687561035,0.618530,-1.464844,-0.058594,0.632812,-0.060547,-0.019531,-0.031250,0.337158,-0.363281,0.290527,-0.818542
57.79733490943909,0.626587,0.957031,-0.082031,-0.019531,-0.056641,0.093750,-0.009766,0.336487,-0.362732,0.291443,-0.818665
57.81682372093201,0.634888,0.656250,-0.003906,-0.507812,-0.093750,0.216797,-0.042969,0.334961,-0.361633,0.292908,-0.819275
57.837082862854004,0.668945,-0.445312,0.011719,1.109375,-0.224609,0.171875,-0.107422,0.333008,-0.361145,0.294678,-0.819641
57.857314348220825,0.684692,0.136719,0.140625,-0.300781,-0.224609,0.144531,-0.048828,0.331482,-0.360840,0.296509,-0.819763
57.87711453437805,0.694946,0.449219,-0.148437,-0.015625,-0.130859,0.123047,0.009766,0.330627,-0.360168,0.298096,-0.819824
57.89710092544556,0.703857,0.550781,-0.140625,-0.246094,-0.048828,0.185547,0.060547,0.330200,-0.358887,0.299500,-0.820068
57.91719961166382,0.712402,-1.074219,0.296875,-0.277344,-0.029297,-0.037109,-0.011719,0.330078,-0.359131,0.299927,-0.819824
57.936830282211304,0.713745,0.246094,0.152344,0.535156,-0.050781,-0.142578,0.015625,0.330383,-0.360474,0.299927,-0.819092
57.95699858665466,0.710815,0.046875,0.265625,-0.101563,0.015625,-0.111328,0.097656,0.331421,-0.361084,0.299744,-0.818481
57.977325677871704,0.699097,0.015625,-0.109375,-0.789062,0.111328,-0.011719,0.111328,0.332764,-0.360535,0.299316,-0.818359
57.99737739562988,0.684937,-0.503906,0.035156,0.265625,0.074219,-0.007813,0.050781,0.333496,-0.360229,0.298889,-0.818359
58.01752543449402,0.670898,-0.437500,0.226562,0.574219,0.060547,-0.185547,0.031250,0.334595,-0.361389,0.297852,-0.817810
58.037145376205444,0.625122,0.582031,0.371094,-0.347656,0.205078,-0.375000,0.132812,0.337158,-0.363464,0.295532,-0.816650
58.05775499343872,0.600830,-0.523437,-0.371094,-0.148437,0.138672,-0.363281,0.001953,0.338745,-0.365784,0.293457,-0.815674
58.077123165130615,0.583984,0.750000,-0.265625,-0.371094,0.132812,-0.173828,0.050781,0.340149,-0.366638,0.292053,-0.815247
58.09738302230835,0.542725,0.433594,-0.042969,-0.683594,0.167969,-0.119141,0.050781,0.341614,-0.366882,0.290344,-0.815063
58.117209672927856,0.514771,0.281250,-0.257813,-0.746094,0.287109,-0.046875,0.109375,0.343506,-0.365906,0.288391,-0.815430
58.137176752090454,0.490845,-1.273438,-0.632812,-0.332031,0.277344,0.152344,-0.070312,0.343140,-0.364197,0.286316,-0.817139
58.15779089927673,0.480957,-2.605469,-2.105469,-1.304688,0.408203,0.322266,-0.570312,0.339355,-0.361755,0.282654,-0.820984
58.17704510688782,0.499878,1.714844,0.308594,0.187500,0.271484,0.400391,-0.328125,0.336426,-0.358643,0.280457,-0.824280
58.19762396812439,0.516968,0.527344,1.921875,1.554688,0.039063,0.136719,-0.164062,0.334717,-0.357849,0.280029,-0.825562
58.21717381477356,0.526855,-0.839844,0.535156,2.023438,-0.177734,-0.033203,-0.173828,0.332764,-0.359070,0.280701,-0.825562
58.2376344203949,0.537598,0.472656,1.089844,0.683594,-0.320313,-0.087891,-0.050781,0.331482,-0.361084,0.282959,-0.824463
58.25747227668762,0.551392,1.390625,1.144531,1.089844,-0.525391,-0.230469,0.179687,0.331360,-0.363831,0.286743,-0.821960
58.27764105796814,0.572876,-0.769531,-0.304688,1.054688,-0.220703,-0.062500,-0.164062,0.329651,-0.365845,0.288696,-0.821045
58.297688484191895,0.606689,-0.410156,-0.203125,-1.089844,-0.263672,-0.003906,-0.144531,0.327576,-0.367126,0.290405,-0.820679
58.317665338516235,0.622925,-0.234375,-0.273438,-1.519531,-0.113281,-0.023437,-0.144531,0.325989,-0.367981,0.290955,-0.820740
58.337620973587036,0.639893,0.515625,-0.386719,-0.476562,-0.083984,0.097656,-0.025391,0.325195,-0.367432,0.292114,-0.820923
58.3576922416687,0.680054,1.437500,-0.480469,0.058594,-0.136719,0.302734,0.187500,0.325195,-0.365234,0.294678,-0.820984
58.3779513835907,0.699219,-1.589844,0.164062,0.031250,-0.158203,0.056641,0.085937,0.325195,-0.364746,0.296692,-0.820496
58.39766502380371,0.710815,1.222656,-0.156250,0.542969,-0.203125,0.128906,0.167969,0.325439,-0.364014,0.298889,-0.819885
58.41827630996704,0.708862,-0.394531,0.210937,-0.941406,-0.082031,0.060547,0.054687,0.325500,-0.363647,0.299988,-0.819641
58.4377601146698,0.708740,-0.386719,0.335938,-0.589844,-0.056641,-0.003906,0.039063,0.325623,-0.363770,0.300415,-0.819397
58.45785403251648,0.712036,-0.222656,0.074219,0.175781,-0.037109,-0.037109,0.021484,0.325806,-0.364075,0.300598,-0.819092
58.477750062942505,0.711914,0.113281,0.035156,-0.390625,0.023437,-0.076172,0.017578,0.326294,-0.364624,0.300171,-0.818848
58.49781322479248,0.688110,0.066406,-0.117188,-1.003906,0.146484,-0.117188,0.005859,0.327209,-0.365051,0.298706,-0.818787
58.51800799369812,0.683228,0.250000,-0.101563,-0.453125,0.343750,-0.003906,0.093750,0.328918,-0.363831,0.296387,-0.819519
58.53824424743652,0.670288,-1.878906,-0.601562,0.375000,0.341797,0.128906,-0.140625,0.328857,-0.361816,0.293274,-0.821533
58.55796194076538,0.637817,0.296875,-0.750000,-0.863281,0.511719,0.375000,-0.203125,0.328064,-0.357788,0.289612,-0.824890
58.57782864570618,0.615967,1.746094,0.492187,-0.656250,0.464844,0.386719,-0.007813,0.328491,-0.353455,0.287109,-0.827454
58.59822416305542,0.592651,0.128906,1.464844,1.664063,0.033203,-0.001953,0.128906,0.329712,-0.352722,0.287170,-0.827271
58.618672132492065,0.563965,-0.007813,1.371094,2.031250,-0.259766,-0.253906,0.292969,0.331909,-0.354736,0.289490,-0.824707
58.63813805580139,0.572510,-0.078125,0.953125,1.695313,-0.556641,-0.359375,0.328125,0.333252,-0.358032,0.292786,-0.821594
58.658209562301636,0.600342,-3.539063,-3.605469,-2.117188,-0.343750,-0.039063,-0.107422,0.331848,-0.359314,0.294495,-0.820984
58.67841839790344,0.645874,0.031250,-0.332031,-1.257813,-0.087891,0.230469,-0.025391,0.330505,-0.358154,0.295959,-0.821533
58.6984326839447,0.662842,-0.574219,-0.402344,0.203125,-0.183594,0.152344,-0.125000,0.328674,-0.357605,0.297241,-0.822021
58.718241453170776,0.672485,1.156250,-0.449219,-3.222656,0.216797,0.193359,0.025391,0.328857,-0.355347,0.296265,-0.823303
58.73831653594971,0.679321,1.148438,-1.292969,-2.984375,0.472656,0.304688,-0.048828,0.329468,-0.350220,0.292297,-0.826660
58.75803542137146,0.676147,1.984375,-0.949219,-1.746094,1.330078,0.957031,-0.056641,0.330688,-0.339355,0.284790,-0.833313
58.77834939956665,0.671875,-1.722656,1.597656,3.257813,0.740234,0.550781,-0.136719,0.330383,-0.332642,0.280457,-0.837585
58.7983295917511,0.664673,-0.671875,1.476563,5.160156,-0.187500,0.113281,-0.244141,0.327454,-0.332825,0.281372,-0.838379
58.818692684173584,0.662109,-0.710937,1.007813,2.453125,-0.484375,-0.105469,-0.166016,0.324829,-0.335754,0.284668,-0.837097
58.83816933631897,0.661865,0.539062,0.964844,0.011719,-0.527344,-0.185547,0.132812,0.324524,-0.338440,0.288696,-0.834717
58.85853600502014,0.659546,-1.382813,-0.867187,-0.777344,-0.148437,-0.126953,0.052734,0.325012,-0.340027,0.289551,-0.833618
58.87875747680664,0.648193,-1.398438,-0.375000,0.000000,0.234375,-0.341797,0.103516,0.327637,-0.341919,0.286987,-0.832703
58.89863419532776,0.637085,-1.011719,1.027344,1.636719,0.345703,-0.660156,0.257813,0.332581,-0.346069,0.283142,-0.830322
58.91868185997009,0.627075,-1.507813,0.375000,1.730469,0.013672,-1.046875,0.138672,0.336731,-0.353760,0.280151,-0.826416
58.9386088848114,0.610962,1.156250,-0.039063,-0.230469,-0.009766,-0.816406,0.138672,0.340210,-0.360229,0.277832,-0.822998
58.958566188812256,0.597656,1.253906,-0.183594,-1.828125,0.146484,-0.554687,0.160156,0.343506,-0.363831,0.275208,-0.820923
58.97882318496704,0.589722,0.839844,-0.859375,-2.066406,0.289063,-0.279297,0.070312,0.345825,-0.365051,0.272400,-0.820312
58.99864602088928,0.568604,0.027344,0.238281,0.492187,0.064453,-0.072266,0.023437,0.346680,-0.365234,0.271484,-0.820190
59.01868772506714,0.548706,0.292969,0.273438,0.031250,-0.021484,0.007813,0.085937,0.347168,-0.365173,0.271912,-0.819824
59.038684129714966,0.535034,-0.578125,-0.136719,0.453125,-0.031250,-0.052734,0.044922,0.347595,-0.365601,0.272156,-0.819397
59.05876684188843,0.524048,-0.500000,-0.246094,0.125000,0.001953,-0.080078,0.042969,0.348267,-0.366089,0.272034,-0.818970
59.07873749732971,0.523315,0.148437,0.375000,0.437500,-0.037109,-0.111328,0.128906,0.349426,-0.366882,0.272461,-0.817993
59.098846197128296,0.524170,-0.347656,0.207031,0.882812,-0.193359,-0.175781,0.091797,0.349976,-0.368652,0.273682,-0.816528
59.11887717247009,0.522827,-0.250000,-0.152344,-0.105469,-0.167969,-0.132812,0.029297,0.349976,-0.370117,0.274658,-0.815552
59.13912343978882,0.516724,0.480469,-0.718750,-1.550781,0.052734,0.029297,0.021484,0.350159,-0.369873,0.274475,-0.815613
59.158801317214966,0.514648,0.027344,0.125000,0.050781,0.060547,0.023437,0.019531,0.350525,-0.369385,0.274292,-0.815735
59.179102659225464,0.511963,0.109375,0.390625,0.691406,-0.048828,0.005859,0.070312,0.350830,-0.369385,0.274902,-0.815430
59.19920253753662,0.518188,-0.300781,0.406250,0.832031,-0.169922,-0.054687,0.089844,0.351074,-0.370239,0.276489,-0.814392
59.21877074241638,0.520996,0.117188,0.363281,0.746094,-0.216797,-0.146484,0.027344,0.351013,-0.371704,0.277527,-0.813416
59.23932433128357,0.521118,1.289063,-0.050781,-0.691406,-0.015625,-0.044922,0.029297,0.351196,-0.372131,0.277466,-0.813110
59.25908899307251,0.512451,0.117188,-0.050781,-0.464844,0.025391,0.017578,0.039063,0.351563,-0.371765,0.277527,-0.813110
59.2793071269989,0.512451,0.164062,-0.089844,-0.085937,-0.003906,0.101563,0.025391,0.351440,-0.370972,0.278015,-0.813354
59.299140214920044,0.511841,-0.125000,0.070312,0.289063,-0.060547,0.099609,0.011719,0.351013,-0.370300,0.278809,-0.813599
59.31943106651306,0.523315,0.035156,-0.074219,0.210937,-0.097656,0.101563,-0.003906,0.350403,-0.369751,0.279785,-0.813782
59.339444160461426,0.534668,-0.101563,-0.105469,-0.441406,-0.044922,0.144531,-0.009766,0.349731,-0.368896,0.280518,-0.814209
59.35934090614319,0.559692,-0.437500,-0.144531,-0.480469,0.005859,0.019531,-0.048828,0.349365,-0.368713,0.280579,-0.814392
59.37962889671326,0.594116,-0.285156,-0.144531,0.097656,-0.031250,-0.001953,0.062500,0.349731,-0.368835,0.280884,-0.814087
59.39936947822571,0.648315,-0.171875,-0.328125,-0.125000,-0.025391,-0.087891,0.099609,0.350769,-0.369080,0.281250,-0.813416
59.41917371749878,0.666260,1.546875,-0.312500,-0.507812,0.037109,0.175781,0.287109,0.352417,-0.367310,0.282410,-0.813110
59.43942856788635,0.677490,-1.363281,0.277344,0.125000,-0.062500,0.093750,0.097656,0.352966,-0.366272,0.283569,-0.812927
59.45961952209473,0.685913,0.066406,0.292969,0.824219,-0.035156,-0.031250,0.001953,0.353027,-0.366333,0.284119,-0.812683
59.47940993309021,0.689819,1.035156,0.226562,-0.472656,-0.019531,0.039063,0.056641,0.353210,-0.366150,0.284485,-0.812561
59.4997193813324,0.691284,0.007813,0.226562,-0.132812,0.003906,0.025391,0.029297,0.353394,-0.365723,0.284668,-0.812561
59.52094483375549,0.683228,1.101563,0.035156,-0.101563,0.027344,0.152344,0.095703,0.353821,-0.364258,0.285217,-0.812866
59.54065799713135,0.677979,0.160156,0.074219,-0.386719,0.074219,0.083984,-0.011719,0.353699,-0.363403,0.284973,-0.813416
59.55982232093811,0.666992,-0.230469,0.210937,0.027344,0.085937,-0.060547,-0.119141,0.353149,-0.363831,0.283813,-0.813904
59.57978653907776,0.641602,-0.175781,0.156250,-0.171875,0.031250,-0.064453,-0.177734,0.352112,-0.364319,0.282898,-0.814392
59.599705934524536,0.625000,1.300781,-0.128906,0.132812,0.037109,0.048828,-0.119141,0.350952,-0.364197,0.282471,-0.815125
59.61980938911438,0.601562,-0.781250,-0.058594,0.085937,-0.031250,0.068359,-0.152344,0.349304,-0.364258,0.282288,-0.815857
59.639901638031006,0.589355,-1.027344,-0.417969,0.355469,-0.078125,0.132812,-0.207031,0.347168,-0.363831,0.282593,-0.816833
59.659627199172974,0.600220,0.234375,-0.113281,0.347656,-0.095703,0.187500,-0.134766,0.345337,-0.362854,0.283447,-0.817749
59.67970609664917,0.608643,-0.523437,0.003906,0.035156,-0.076172,0.197266,-0.076172,0.343689,-0.361816,0.284485,-0.818604
59.699968576431274,0.625244,-0.207031,-0.218750,0.460937,-0.164062,0.263672,-0.060547,0.341919,-0.360352,0.286316,-0.819336
59.72005558013916,0.656738,0.046875,-0.089844,-0.195312,-0.113281,0.246094,-0.031250,0.340454,-0.358826,0.288025,-0.819946
59.74005579948425,0.671143,-0.046875,0.148437,-0.121094,-0.056641,0.103516,-0.017578,0.339661,-0.358093,0.289246,-0.820190
59.75967526435852,0.682373,0.707031,-0.105469,0.460937,-0.125000,0.226562,0.150391,0.339783,-0.356506,0.291138,-0.820190
59.779754877090454,0.699707,-0.367188,0.101563,0.300781,-0.048828,0.103516,0.136719,0.340454,-0.355225,0.292358,-0.820007
59.80017590522766,0.700806,-0.765625,0.273438,-0.464844,0.001953,-0.029297,0.070312,0.341125,-0.355103,0.292664,-0.819702
59.81995463371277,0.699829,-0.074219,0.234375,0.308594,-0.009766,-0.095703,0.003906,0.341431,-0.355835,0.292419,-0.819336
59.84010577201843,0.699341,0.070312,0.156250,-0.105469,0.001953,-0.017578,0.035156,0.341675,-0.355896,0.292480,-0.819214
59.85990834236145,0.695435,0.156250,0.042969,-0.417969,0.048828,0.101563,0.070312,0.342041,-0.354797,0.292603,-0.819458
59.880515575408936,0.684082,-0.472656,0.156250,-0.050781,0.062500,0.076172,-0.001953,0.341980,-0.353943,0.292358,-0.819946
59.90037274360657,0.642334,-0.242187,0.101563,-0.144531,0.093750,0.019531,-0.097656,0.341492,-0.353455,0.291565,-0.820618
59.920414686203,0.554565,0.093750,-0.027344,0.070312,0.101563,0.072266,-0.041016,0.341003,-0.352661,0.290955,-0.821411
59.94021940231323,0.478882,-0.058594,-0.187500,0.007813,0.060547,0.117188,-0.070312,0.340271,-0.351807,0.290588,-0.822205
59.96033215522766,0.462646,-1.132813,-0.312500,0.882812,-0.074219,0.068359,-0.146484,0.338684,-0.351929,0.290771,-0.822754
59.98037075996399,0.481201,-1.156250,-0.203125,0.046875,-0.076172,0.099609,-0.173828,0.336548,-0.351990,0.291138,-0.823486
60.0004506111145,0.510986,0.523437,-0.203125,0.285156,-0.166016,0.175781,-0.216797,0.333984,-0.351440,0.292297,-0.824280
60.02032017707825,0.543335,0.148437,0.035156,-0.097656,-0.083984,0.199219,-0.066406,0.332458,-0.350403,0.293457,-0.824951
60.04036855697632,0.585205,-0.066406,-0.042969,0.246094,-0.101563,0.111328,-0.062500,0.331238,-0.350037,0.294312,-0.825317
60.06045341491699,0.610474,-0.417969,0.042969,0.371094,-0.150391,0.009766,-0.048828,0.330444,-0.350464,0.295105,-0.825195
60.080307483673096,0.630737,0.156250,-0.144531,-0.382813,-0.103516,0.060547,0.060547,0.330505,-0.349976,0.296265,-0.824951
60.100481033325195,0.660889,0.691406,-0.128906,-0.082031,-0.027344,0.236328,0.205078,0.331299,-0.347717,0.297974,-0.824951
60.12074828147888,0.669922,-2.027344,0.394531,-0.234375,-0.033203,-0.021484,0.007813,0.331482,-0.347656,0.298645,-0.824646
60.14044761657715,0.670410,0.300781,0.203125,0.468750,-0.021484,-0.185547,-0.005859,0.331909,-0.349365,0.298096,-0.823975
60.16065692901611,0.653076,-0.152344,0.164062,-0.710937,0.042969,-0.261719,0.007813,0.332886,-0.351013,0.296875,-0.823303
60.18058943748474,0.642700,1.296875,-0.226562,-1.285156,0.197266,-0.037109,0.115234,0.334534,-0.350586,0.295410,-0.823364
60.20076298713684,0.627563,-0.648437,-0.066406,-0.824219,0.322266,0.019531,-0.015625,0.335144,-0.349304,0.292908,-0.824585
60.22048544883728,0.585327,-1.921875,-1.605469,-0.421875,0.472656,0.294922,-0.365234,0.333252,-0.346313,0.289063,-0.827942
60.24063444137573,0.567505,0.875000,-0.804687,-1.511719,0.425781,0.453125,-0.216797,0.331543,-0.341980,0.286133,-0.831421
60.26085042953491,0.559937,-0.136719,0.902344,1.523438,0.175781,0.304688,-0.128906,0.330139,-0.339233,0.285278,-0.833374
60.281208992004395,0.558472,-0.503906,0.781250,2.035156,-0.101563,0.154297,-0.107422,0.328491,-0.338562,0.286194,-0.833984
60.300655364990234,0.560791,-0.550781,0.949219,1.753906,-0.277344,0.013672,-0.064453,0.326965,-0.339539,0.288452,-0.833435
60.32071661949158,0.563354,0.171875,0.796875,1.230469,-0.468750,-0.130859,-0.003906,0.325745,-0.342224,0.291809,-0.831665
60.34101223945618,0.573120,0.214844,0.714844,0.675781,-0.609375,-0.314453,0.039063,0.324707,-0.346436,0.295715,-0.828918
60.36112117767334,0.598145,-1.453125,-2.417969,-2.773438,-0.189453,-0.158203,-0.152344,0.323547,-0.348938,0.296997,-0.827881
60.380810260772705,0.606689,1.273438,-0.113281,-1.675781,0.013672,-0.105469,-0.025391,0.323547,-0.349915,0.296753,-0.827515
60.400710582733154,0.603271,1.035156,-0.195312,-1.101563,0.105469,0.001953,0.091797,0.324707,-0.349548,0.296021,-0.827515
60.42125391960144,0.583862,-0.796875,0.062500,0.953125,0.080078,-0.083984,0.070312,0.325989,-0.349670,0.295044,-0.827271
60.44066882133484,0.568237,-0.382813,0.019531,0.714844,0.031250,-0.144531,0.044922,0.327148,-0.350464,0.294128,-0.826843
60.46112012863159,0.559814,0.230469,-0.019531,-0.589844,0.121094,-0.072266,0.125000,0.328552,-0.350464,0.293457,-0.826538
60.481154918670654,0.565796,-0.031250,-0.289063,0.398438,0.025391,-0.013672,0.046875,0.329346,-0.350159,0.293396,-0.826355
60.50076413154602,0.583496,0.597656,-0.210937,-0.218750,0.099609,0.029297,0.208984,0.331116,-0.349121,0.293640,-0.825989
60.5213680267334,0.610596,-0.597656,-0.121094,0.652344,-0.001953,-0.080078,0.148437,0.332581,-0.349060,0.294067,-0.825256
60.541224241256714,0.660522,-0.195312,-0.187500,0.046875,-0.031250,0.054687,0.128906,0.333252,-0.348450,0.295044,-0.824890
60.56142807006836,0.674316,0.246094,-0.171875,0.046875,-0.070312,0.105469,0.062500,0.333191,-0.347656,0.296326,-0.824829
60.58110761642456,0.687622,0.339844,-0.121094,-0.210937,-0.074219,0.107422,0.054687,0.333008,-0.346741,0.297607,-0.824768
60.60150074958801,0.702148,0.570312,-0.140625,-0.250000,-0.091797,0.251953,0.076172,0.332520,-0.345032,0.299316,-0.825073
60.62139582633972,0.714966,-0.824219,0.132812,-0.136719,-0.128906,0.173828,-0.037109,0.331299,-0.344116,0.300659,-0.825500
60.641573905944824,0.718384,-0.355469,0.257813,-0.019531,-0.058594,0.082031,-0.078125,0.330200,-0.343811,0.301208,-0.825867
60.661219120025635,0.719482,0.097656,0.218750,-0.210937,-0.025391,0.044922,-0.101563,0.329224,-0.343689,0.301208,-0.826294
60.68134427070618,0.709229,0.242187,0.171875,-0.671875,0.009766,0.085937,-0.156250,0.327820,-0.343384,0.300720,-0.827148
60.701287269592285,0.697388,-0.042969,0.117188,-0.304688,0.025391,0.033203,-0.150391,0.326538,-0.343567,0.300049,-0.827820
60.72148633003235,0.688232,0.425781,0.140625,0.660156,-0.048828,-0.240234,-0.226562,0.325562,-0.345642,0.299011,-0.827698
60.74171471595764,0.667236,1.839844,-0.058594,-0.011719,-0.005859,-0.099609,-0.031250,0.325378,-0.346863,0.298340,-0.827515
60.761290550231934,0.656494,-0.242187,-0.289063,0.109375,-0.005859,0.001953,0.021484,0.325500,-0.346863,0.298279,-0.827515
60.781792879104614,0.644653,0.187500,-0.210937,-0.664062,0.054687,0.066406,-0.039063,0.325256,-0.346130,0.298157,-0.827942
60.80163812637329,0.618896,-0.417969,-0.136719,0.285156,-0.017578,0.080078,0.003906,0.324951,-0.345703,0.298523,-0.828125
60.822134256362915,0.626709,-0.695312,-0.058594,-0.203125,-0.025391,-0.041016,-0.054687,0.324463,-0.346191,0.298523,-0.828125
60.84144735336304,0.648193,0.062500,-0.289063,0.222656,-0.083984,0.021484,0.019531,0.324158,-0.346436,0.299194,-0.827881
60.861698627471924,0.694946,-0.378906,-0.464844,0.578125,-0.119141,0.134766,0.132812,0.324280,-0.345764,0.300781,-0.827515
60.881751537323,0.688110,-0.664062,0.132812,0.085937,-0.121094,0.089844,0.066406,0.324341,-0.345032,0.302307,-0.827271
60.9017608165741,0.660278,0.011719,-0.003906,0.019531,-0.089844,0.078125,0.064453,0.324402,-0.344360,0.303528,-0.827087
60.9216742515564,0.650879,0.292969,0.082031,-0.933594,-0.035156,0.095703,0.041016,0.324341,-0.343628,0.304321,-0.827087
60.94175052642822,0.656860,-0.273438,0.089844,0.054687,-0.013672,-0.025391,-0.003906,0.324219,-0.343872,0.304443,-0.827026
60.961926221847534,0.652100,0.218750,0.203125,-0.003906,-0.009766,-0.130859,-0.041016,0.324280,-0.345093,0.303894,-0.826660
60.9821412563324,0.642578,1.039063,-0.035156,-0.503906,0.044922,-0.076172,0.011719,0.324829,-0.345581,0.303101,-0.826538
61.002028465270996,0.609253,0.539062,-0.050781,-1.515625,0.251953,-0.054687,-0.005859,0.325684,-0.345154,0.300842,-0.827209
61.021825075149536,0.579468,-0.808594,-0.402344,-1.140625,0.464844,0.199219,-0.234375,0.324768,-0.342590,0.296936,-0.830017
61.042407274246216,0.548340,1.382813,0.171875,-0.406250,0.550781,0.560547,-0.236328,0.323120,-0.337097,0.293518,-0.834167
61.06182909011841,0.524536,0.500000,1.218750,0.957031,0.318359,0.476562,-0.076172,0.322021,-0.332520,0.292114,-0.836914
61.08176255226135,0.534302,-0.855469,0.851562,2.402344,-0.005859,0.136719,-0.095703,0.320801,-0.331665,0.292419,-0.837646
61.102150201797485,0.542847,-1.289063,1.289063,3.199219,-0.365234,-0.140625,-0.085937,0.319275,-0.334106,0.294800,-0.836365
61.1218159198761,0.570679,0.019531,0.882812,1.792969,-0.619141,-0.283203,-0.009766,0.317871,-0.338501,0.298950,-0.833679
61.14238476753235,0.576538,-1.085938,-1.468750,-1.218750,-0.333984,-0.140625,-0.167969,0.315735,-0.341614,0.301636,-0.832275
61.16206645965576,0.581421,1.074219,-0.640625,-0.289063,-0.193359,0.138672,-0.072266,0.313965,-0.341675,0.303406,-0.832275
61.182398080825806,0.568848,1.226563,-0.171875,-1.593750,0.027344,0.033203,-0.013672,0.313782,-0.341370,0.303467,-0.832397
61.20217776298523,0.558472,0.691406,-0.296875,0.015625,0.060547,-0.056641,0.060547,0.314636,-0.341492,0.302795,-0.832275
61.22214126586914,0.548218,-0.296875,-0.113281,-0.414062,0.126953,-0.097656,0.091797,0.316345,-0.341492,0.301758,-0.832031
61.24240231513977,0.542603,0.859375,-0.003906,-0.312500,0.126953,-0.037109,0.218750,0.318420,-0.340942,0.301208,-0.831665
61.26217317581177,0.573364,-1.738281,-0.378906,1.019531,-0.046875,-0.089844,-0.001953,0.318787,-0.341370,0.301270,-0.831299
61.2826509475708,0.595947,1.796875,-0.074219,-0.429687,-0.013672,0.113281,0.119141,0.319153,-0.340576,0.301941,-0.831238
61.302350997924805,0.611572,-0.746094,-0.066406,-0.242187,-0.052734,0.091797,0.013672,0.318848,-0.339722,0.302795,-0.831421
61.322105169296265,0.650635,0.656250,-0.164062,0.175781,-0.130859,0.228516,-0.009766,0.317627,-0.338440,0.304382,-0.831787
61.34246349334717,0.663574,-0.945312,0.003906,0.453125,-0.197266,0.177734,-0.142578,0.315247,-0.338013,0.306213,-0.832214
61.36239171028137,0.677490,1.007813,0.058594,-1.292969,-0.105469,0.251953,-0.097656,0.313110,-0.336853,0.307983,-0.832886
61.38276505470276,0.692017,-0.003906,0.105469,0.468750,-0.140625,0.207031,-0.056641,0.311584,-0.335754,0.309570,-0.833313
61.40270447731018,0.697388,-0.070312,0.156250,0.398438,-0.150391,0.113281,-0.015625,0.310547,-0.335266,0.310974,-0.833313
61.42279243469238,0.704102,0.050781,-0.093750,-0.121094,-0.136719,0.111328,0.027344,0.310059,-0.334839,0.312256,-0.833191
61.44211792945862,0.702637,-0.859375,0.218750,-0.304688,-0.027344,-0.078125,-0.013672,0.310181,-0.335510,0.312317,-0.832886
61.46262192726135,0.699585,0.769531,0.152344,0.285156,-0.001953,-0.164062,0.099609,0.311584,-0.336426,0.312073,-0.832092
61.48246908187866,0.692383,1.199219,0.312500,-0.558594,0.107422,-0.183594,0.224609,0.314087,-0.337036,0.311523,-0.831116
61.50258159637451,0.682251,-0.640625,0.035156,0.332031,0.009766,-0.255859,0.072266,0.315979,-0.338440,0.310608,-0.830139
61.52273917198181,0.651855,0.617187,0.066406,-0.816406,0.195312,-0.259766,0.156250,0.318787,-0.339661,0.308350,-0.829407
61.5429253578186,0.634644,0.679687,-0.074219,-2.179688,0.517578,-0.332031,0.230469,0.323303,-0.340027,0.303772,-0.829163
61.562735080718994,0.607788,1.527344,-0.746094,-2.144531,0.796875,-0.046875,0.144531,0.326904,-0.337219,0.296875,-0.831421
61.582579135894775,0.505127,-3.039063,-3.769531,-3.734375,1.384766,0.562500,-0.527344,0.326172,-0.329346,0.285767,-0.838745
61.60272479057312,0.461792,3.722656,-0.082031,-3.507813,1.771484,1.042969,-0.234375,0.326599,-0.315857,0.273315,-0.847839
61.62966728210449,0.440552,-0.628906,-0.523437,-1.898438,1.916016,1.117188,-0.375000,0.326477,-0.301025,0.259766,-0.857544
61.64336347579956,0.408936,0.132812,-0.046875,-0.960937,1.988281,1.187500,-0.382813,0.325989,-0.285767,0.245422,-0.867065
61.6631019115448,0.374268,-0.617187,1.089844,0.585937,1.830078,0.857422,-0.375000,0.325684,-0.273315,0.231384,-0.875000
61.68267893791199,0.319824,-1.566406,1.554688,2.160156,1.537109,0.300781,-0.382813,0.325684,-0.266357,0.217896,-0.880615
61.702980518341064,0.094116,-1.453125,1.312500,2.074219,1.296875,-0.099609,-0.480469,0.324951,-0.263855,0.204529,-0.884827
61.73026657104492,0.000000,-1.660156,0.777344,1.265625,1.146484,-0.396484,-0.740234,0.321899,-0.263916,0.191772,-0.888794
61.7444052696228,0.000000,0.792969,0.964844,1.378906,0.960937,-0.529297,-0.716797,0.318726,-0.265503,0.179993,-0.891907
61.76469373703003,0.000000,0.937500,1.050781,0.550781,0.994141,-0.359375,-0.419922,0.318115,-0.266235,0.168945,-0.894104
61.78393054008484,0.000000,-0.449219,1.242188,1.707031,0.914062,-0.162109,-0.152344,0.319336,-0.265198,0.159668,-0.895630
61.80547332763672,0.000000,-0.902344,1.398438,1.828125,0.937500,-0.185547,-0.042969,0.321716,-0.263916,0.150696,-0.896729
61.82480263710022,0.000000,-0.242187,1.195313,3.656250,0.794922,-0.234375,0.140625,0.325378,-0.263367,0.143250,-0.896790
61.84426665306091,0.000000,-0.863281,0.867187,4.000000,0.566406,-0.279297,0.316406,0.329895,-0.263123,0.138306,-0.895996
61.86503839492798,0.000000,-0.386719,-0.675781,0.468750,0.439453,0.230469,0.412109,0.334656,-0.259583,0.135498,-0.895691
61.884703397750854,0.000000,-0.847656,-1.640625,-1.871094,0.960937,-0.037109,0.568359,0.342468,-0.256287,0.128052,-0.894775
61.90969491004944,0.000000,-0.042969,-0.878906,-0.531250,1.660156,-0.783203,0.820312,0.354553,-0.255554,0.113831,-0.892212
61.92485046386719,0.000000,0.968750,0.695312,5.332031,1.093750,-0.478516,1.039063,0.366943,-0.255981,0.104553,-0.888184
61.9446804523468,0.000000,-3.011719,0.039063,0.718750,0.390625,-1.314453,0.818359,0.376526,-0.264893,0.098145,-0.882263
61.96487236022949,0.000000,-0.503906,0.812500,1.027344,0.212891,-1.839844,0.503906,0.383423,-0.279358,0.090942,-0.875610
61.98479175567627,0.000000,0.632812,1.062500,-1.628906,0.060547,-1.753906,0.468750,0.389343,-0.293762,0.084900,-0.868835
62.005019664764404,0.000000,1.066406,1.640625,-2.207031,0.097656,-1.373047,0.570312,0.395691,-0.304810,0.080688,-0.862549
62.03273820877075,0.000000,1.671875,1.816406,-0.406250,-0.228516,-0.714844,0.769531,0.402100,-0.311401,0.082336,-0.857056
62.05323505401611,0.000000,0.054687,1.437500,0.023437,-0.820312,-0.570312,0.789062,0.407471,-0.315552,0.090576,-0.852173
62.073272466659546,0.000000,-2.218750,-0.019531,-4.460937,-0.337891,-0.796875,0.640625,0.412170,-0.322632,0.097595,-0.846497
62.09312415122986,0.000000,-1.664063,-0.562500,-4.753906,-0.212891,-0.501953,0.687500,0.417297,-0.329895,0.099609,-0.840881
62.113219022750854,0.000000,0.277344,-0.804687,-1.464844,-0.222656,-0.033203,0.750000,0.422852,-0.334290,0.101746,-0.836121
62.133219480514526,0.000000,0.039063,-2.089844,-0.445312,-0.292969,0.562500,0.544922,0.428162,-0.334351,0.106018,-0.832886
62.15337824821472,0.000000,-1.414063,-2.105469,0.957031,-0.642578,-0.052734,0.283203,0.431030,-0.331116,0.112610,-0.831787
62.17319703102112,0.000000,-2.500000,-1.421875,1.976563,-0.505859,-0.548828,0.107422,0.431519,-0.333679,0.118347,-0.829712
62.1935179233551,0.000000,0.261719,-1.136719,0.195312,-0.541016,-0.714844,0.185547,0.431458,-0.340332,0.120850,-0.826660
62.213128089904785,0.000000,0.804687,-1.433594,-0.156250,-0.396484,-0.439453,0.123047,0.431885,-0.347961,0.122864,-0.822998
62.233481884002686,0.000000,0.253906,-1.707031,-0.562500,-0.490234,-0.443359,0.066406,0.432068,-0.353577,0.124695,-0.820251
62.25343608856201,0.000000,0.199219,-0.632812,0.828125,-0.474609,-0.578125,0.187500,0.431580,-0.359253,0.126892,-0.817688
62.27328681945801,0.000000,1.140625,0.140625,-1.015625,-0.292969,-0.501953,0.263672,0.432068,-0.365540,0.128967,-0.814270
62.294328927993774,0.000000,1.253906,1.164063,-0.632812,-0.283203,-0.474609,0.382813,0.433777,-0.370667,0.130249,-0.810852
62.313480377197266,0.000000,1.230469,1.242188,-0.554687,-0.152344,-0.419922,0.535156,0.436523,-0.375183,0.131836,-0.807007
62.33347678184509,0.000000,1.230469,1.082031,-1.734375,0.287109,-0.060547,0.589844,0.440796,-0.378174,0.133179,-0.803101
62.3533148765564,0.000000,2.710938,-2.304688,2.417969,0.121094,0.535156,0.486328,0.446228,-0.376648,0.133545,-0.800720
62.37305426597595,0.000000,1.218750,-3.667969,1.812500,0.673828,0.964844,0.267578,0.450134,-0.370789,0.135925,-0.800903
62.39354872703552,0.000000,-0.960937,-1.070313,-2.964844,0.488281,0.705078,0.496094,0.453491,-0.360535,0.136292,-0.803589
62.41360306739807,0.000000,0.726562,1.042969,0.789062,0.310547,0.751953,0.728516,0.458313,-0.351563,0.137329,-0.804687
62.43380260467529,0.000000,-0.941406,0.722656,1.929688,-0.125000,0.294922,0.478516,0.463928,-0.343628,0.140747,-0.804260
62.453513622283936,0.000000,-4.070312,-0.417969,1.722656,-0.328125,-0.523437,-0.142578,0.466736,-0.341187,0.144531,-0.803040
62.47357535362244,0.000000,-4.105469,-0.992187,0.031250,-0.162109,-0.343750,-0.326172,0.465332,-0.345947,0.144592,-0.801758
62.493653535842896,0.000000,2.980469,0.269531,0.652344,-0.173828,0.146484,0.031250,0.462891,-0.349854,0.143494,-0.801697
62.5140335559845,0.000000,2.308594,0.417969,0.007813,-0.171875,0.212891,0.255859,0.462219,-0.349670,0.145508,-0.801819
62.533729553222656,0.000000,0.753906,0.921875,0.621094,-0.367188,-0.343750,0.218750,0.463257,-0.348816,0.148621,-0.801025
62.553855180740356,0.000000,-0.871094,0.609375,1.179688,-0.429687,-0.427734,-0.048828,0.464050,-0.352478,0.150879,-0.798523
62.57392597198486,0.000000,-0.781250,-1.449219,-1.492188,-0.169922,-0.033203,-0.218750,0.462830,-0.357605,0.152161,-0.796692
62.59433627128601,0.000000,0.335938,-0.867187,-1.582031,0.001953,0.255859,-0.175781,0.460693,-0.359131,0.152588,-0.797180
62.613834619522095,0.000000,0.238281,0.160156,-0.257813,-0.173828,0.109375,-0.148437,0.458740,-0.357666,0.153320,-0.798828
62.63369703292847,0.000000,-0.496094,0.781250,0.984375,-0.216797,-0.134766,-0.160156,0.456848,-0.357849,0.154480,-0.799622
62.654146909713745,0.000000,-0.031250,0.257813,0.480469,-0.130859,-0.011719,-0.091797,0.455017,-0.359924,0.155151,-0.799622
62.674251556396484,0.000000,0.453125,-0.183594,-0.078125,-0.019531,0.162109,0.009766,0.453796,-0.360718,0.155823,-0.799805
62.69413781166077,0.000000,0.015625,-0.023437,0.902344,-0.107422,0.017578,-0.027344,0.453430,-0.359802,0.156677,-0.800232
62.71385860443115,0.000000,-0.789062,0.222656,0.714844,-0.255859,0.054687,-0.056641,0.452759,-0.359985,0.157715,-0.800354
62.73373341560364,0.000000,-0.121094,0.445312,0.902344,-0.427734,0.281250,-0.052734,0.451233,-0.360657,0.159973,-0.800476
62.754485845565796,0.000000,0.437500,-0.042969,0.160156,-0.277344,0.203125,0.039063,0.448975,-0.360535,0.164124,-0.800903
62.7757408618927,0.000000,-0.183594,-0.734375,0.167969,-0.148437,0.330078,-0.011719,0.447754,-0.359924,0.167542,-0.801208
62.79524850845337,0.000000,-0.480469,-0.441406,0.394531,-0.212891,0.365234,-0.095703,0.446533,-0.358032,0.170227,-0.802124
62.81527018547058,0.000000,-0.792969,1.000000,1.468750,-0.480469,-0.060547,-0.183594,0.444336,-0.356628,0.173218,-0.803345
62.83442687988281,0.000000,-0.742187,1.046875,0.980469,-0.542969,-0.318359,-0.119141,0.441406,-0.359253,0.176147,-0.803162
62.856722593307495,0.000000,0.781250,-1.343750,-1.003906,-0.375000,-0.060547,0.042969,0.439087,-0.364014,0.178833,-0.801697
62.88472580909729,0.000000,0.773437,-1.296875,-0.957031,0.070312,0.103516,0.046875,0.438477,-0.365112,0.181946,-0.800842
62.90470314025879,0.010620,0.140625,0.128906,0.140625,-0.167969,-0.027344,0.085937,0.438477,-0.366272,0.183411,-0.799988
62.925267457962036,0.041382,-1.238281,1.308594,2.390625,-0.570312,-0.623047,-0.041016,0.437378,-0.373413,0.185181,-0.796875
62.94516444206238,0.128662,-1.433594,0.718750,1.476563,-0.576172,-0.777344,0.089844,0.437378,-0.381409,0.186462,-0.792786
62.964688301086426,0.169556,0.980469,0.253906,0.097656,-0.048828,-0.380859,0.160156,0.439087,-0.384705,0.185974,-0.790344
62.985461711883545,0.191772,0.792969,-0.488281,-1.156250,0.007813,-0.285156,0.162109,0.440552,-0.386902,0.185486,-0.788513
63.005300760269165,0.243408,-0.636719,0.683594,1.480469,-0.447266,-0.445312,-0.099609,0.439148,-0.392334,0.186707,-0.786377
63.02542209625244,0.268921,-1.015625,0.691406,1.679688,-0.544922,-0.507812,-0.033203,0.437927,-0.398499,0.188416,-0.783508
63.045655727386475,0.287964,0.992187,0.601562,0.523437,-0.154297,-0.492187,0.271484,0.440247,-0.402710,0.188538,-0.780029
63.06503343582153,0.308594,0.468750,0.066406,-0.253906,0.031250,-0.582031,0.337891,0.443726,-0.406677,0.187195,-0.776306
63.08515739440918,0.321045,-1.402344,-0.515625,0.410156,-0.271484,-0.636719,-0.070312,0.443542,-0.412903,0.186096,-0.773437
63.10544538497925,0.347778,-2.472656,-0.796875,1.109375,-0.429687,-0.613281,-0.269531,0.440979,-0.419800,0.185791,-0.771240
63.125120878219604,0.388306,-0.316406,-0.390625,-0.808594,-0.423828,-0.091797,-0.103516,0.438477,-0.422607,0.188171,-0.770569
63.14512777328491,0.404297,1.382813,-0.582031,-2.617188,-0.492187,0.513672,-0.113281,0.434509,-0.421204,0.193665,-0.772217
63.16523766517639,0.413452,0.390625,-0.843750,-1.414063,-0.783203,0.931641,-0.246094,0.427795,-0.417908,0.202393,-0.775452
63.18558621406555,0.459473,-0.269531,-0.894531,1.054688,-0.820312,0.863281,-0.240234,0.420898,-0.415039,0.211243,-0.778442
63.20554184913635,0.477905,-0.511719,-0.640625,0.730469,-0.611328,0.697266,-0.164062,0.415405,-0.412903,0.218689,-0.780457
63.23241376876831,0.493042,-0.488281,1.269531,1.597656,-0.908203,0.294922,-0.083984,0.410706,-0.414185,0.226135,-0.780151
63.245365858078,0.508423,0.492187,-1.519531,-3.554688,-0.376953,0.060547,0.023437,0.409119,-0.414673,0.229614,-0.779724
63.265361309051514,0.510864,0.507812,-1.480469,-3.515625,0.123047,0.394531,0.140625,0.409790,-0.411560,0.230774,-0.780640
63.285640716552734,0.504028,0.984375,-0.859375,-1.296875,0.007813,-0.078125,0.167969,0.411438,-0.411438,0.231140,-0.779724
63.30532932281494,0.503784,0.121094,1.257813,0.007813,0.146484,-0.333984,0.269531,0.415039,-0.412842,0.229492,-0.777588
63.32545471191406,0.498047,1.343750,0.496094,-1.058594,0.382813,-0.566406,0.304688,0.420227,-0.414917,0.225586,-0.774841
63.3456175327301,0.501343,0.371094,0.636719,0.054687,0.390625,-0.601562,0.251953,0.425110,-0.417236,0.221252,-0.772156
63.365473985672,0.501221,0.109375,0.121094,0.167969,0.189453,-0.384766,0.234375,0.428711,-0.418945,0.219055,-0.769897
63.38549590110779,0.507446,0.210937,0.773437,1.242188,0.060547,-0.398438,0.291016,0.432190,-0.420959,0.217896,-0.767151
63.40570116043091,0.505371,0.476562,0.480469,0.429687,0.251953,-0.451172,0.257813,0.435974,-0.422668,0.215149,-0.764832
63.42574143409729,0.499878,-0.679687,-1.058594,-0.527344,0.308594,-0.134766,0.021484,0.437866,-0.422546,0.212646,-0.764526
63.44580936431885,0.499634,-1.078125,-0.964844,-0.898437,-0.044922,0.000000,0.041016,0.438171,-0.422607,0.212830,-0.764282
63.46574687957764,0.501099,-0.726562,0.265625,0.597656,-0.082031,-0.062500,0.029297,0.438171,-0.423401,0.213440,-0.763672
63.48584246635437,0.500854,0.261719,0.128906,0.007813,-0.150391,-0.056641,0.078125,0.438354,-0.424438,0.214539,-0.762695
63.50596022605896,0.500122,-0.378906,0.304688,0.796875,-0.136719,-0.164062,0.041016,0.438477,-0.426025,0.214905,-0.761658
63.52574276924133,0.494141,-0.617187,-0.062500,0.332031,0.050781,-0.044922,-0.064453,0.438354,-0.426392,0.214172,-0.761658
63.545719385147095,0.488037,0.132812,-0.222656,-0.472656,-0.005859,-0.060547,-0.044922,0.438232,-0.427002,0.213745,-0.761536
63.56594944000244,0.484009,0.269531,0.652344,-0.082031,-0.083984,-0.134766,0.041016,0.438477,-0.428223,0.213867,-0.760681
63.58599829673767,0.479370,0.683594,0.246094,0.363281,-0.039063,-0.048828,0.041016,0.438904,-0.428772,0.214050,-0.760071
63.60610604286194,0.474854,-0.234375,-0.089844,0.023437,0.046875,-0.121094,0.048828,0.439697,-0.429443,0.213501,-0.759338
63.62600111961365,0.470093,-0.089844,0.328125,0.531250,-0.072266,-0.214844,0.093750,0.440674,-0.431152,0.213379,-0.757874
63.64639902114868,0.480957,-0.097656,0.308594,0.753906,-0.097656,-0.189453,0.042969,0.441101,-0.432800,0.213257,-0.756714
63.666000843048096,0.486084,-0.640625,-0.488281,-0.179687,-0.021484,-0.033203,0.001953,0.441223,-0.433105,0.213074,-0.756531
63.686009645462036,0.491089,0.468750,-0.144531,-0.593750,0.031250,0.042969,0.029297,0.441589,-0.432617,0.213074,-0.756592
63.70615029335022,0.493652,-0.097656,-0.031250,-0.144531,0.009766,0.035156,0.005859,0.441650,-0.432312,0.213135,-0.756714
63.72584939002991,0.496704,-0.441406,0.085937,0.460937,-0.056641,-0.048828,-0.066406,0.441162,-0.432922,0.213135,-0.756653
63.74635910987854,0.501465,-0.718750,0.132812,0.625000,-0.115234,-0.062500,-0.033203,0.440613,-0.434143,0.213379,-0.756226
63.766504526138306,0.582275,-1.929688,-0.015625,0.265625,-0.107422,-0.226562,-0.162109,0.439758,-0.436279,0.212769,-0.755676
63.786155223846436,0.617676,0.335938,-0.289063,-0.363281,0.082031,0.117188,0.216797,0.441711,-0.434631,0.213623,-0.755188
63.80618095397949,0.641602,3.718750,-0.582031,-1.652344,0.226562,0.294922,0.628906,0.446350,-0.430786,0.215637,-0.754089
63.82695698738098,0.673462,1.445313,-0.207031,-0.320313,0.066406,0.074219,0.410156,0.449707,-0.428772,0.217468,-0.752747
63.84631943702698,0.717163,0.746094,0.132812,-0.183594,0.115234,0.136719,0.347656,0.452637,-0.426575,0.218994,-0.751831
63.86658191680908,0.729858,-0.523437,0.347656,-0.050781,0.044922,-0.078125,0.253906,0.454895,-0.426208,0.219299,-0.750549
63.88649535179138,0.734131,-1.648438,0.363281,-0.558594,0.099609,0.054687,0.197266,0.456543,-0.425171,0.219421,-0.750122
63.90686082839966,0.738770,2.089844,0.027344,-0.718750,0.048828,0.146484,0.064453,0.457153,-0.423584,0.220154,-0.750427
63.926594972610474,0.737183,0.398438,0.179687,0.796875,0.007813,0.228516,0.099609,0.457520,-0.421814,0.221313,-0.750793
63.94654202461243,0.725586,0.589844,-0.003906,-0.375000,0.107422,0.005859,0.066406,0.458374,-0.421326,0.220520,-0.750793
63.96675944328308,0.680420,-0.941406,0.066406,-1.300781,0.099609,-0.341797,-0.324219,0.457397,-0.423645,0.217102,-0.751099
63.98646640777588,0.672729,-2.699219,-0.089844,-0.144531,0.216797,-0.035156,-0.339844,0.455872,-0.423584,0.213745,-0.753052
64.00671029090881,0.669312,0.894531,-1.371094,-2.437500,0.457031,0.380859,-0.439453,0.453857,-0.419800,0.210266,-0.757385
64.02670788764954,0.655640,-0.269531,-0.070312,-0.269531,0.310547,0.396484,-0.335938,0.451965,-0.416138,0.208191,-0.761047
64.04680609703064,0.646973,0.757812,1.171875,1.335938,0.103516,0.171875,-0.085937,0.451355,-0.414673,0.207886,-0.762268
64.06683349609375,0.636719,0.113281,1.339844,2.308594,-0.236328,-0.173828,0.027344,0.451172,-0.416870,0.208923,-0.760925
64.08680605888367,0.624390,-0.437500,0.910156,1.773438,-0.449219,-0.394531,0.121094,0.451050,-0.421631,0.210754,-0.757874
64.10690760612488,0.620361,-0.921875,0.390625,1.761719,-0.453125,-0.537109,0.039063,0.450623,-0.427307,0.211975,-0.754639
64.12672591209412,0.620361,-0.402344,-0.519531,-0.781250,-0.082031,-0.162109,-0.115234,0.449951,-0.429199,0.211975,-0.753906
64.14684128761292,0.620972,-0.503906,-1.851563,-2.894531,0.068359,0.232422,0.044922,0.450012,-0.427612,0.212646,-0.754578
64.16666293144226,0.616699,0.363281,0.023437,-0.273438,0.027344,0.173828,0.011719,0.449890,-0.426270,0.213318,-0.755249
64.18677830696106,0.611694,-0.953125,0.175781,1.011719,-0.042969,0.091797,-0.029297,0.449341,-0.425903,0.213989,-0.755615
64.20715951919556,0.616455,-0.300781,-0.007813,0.476562,-0.111328,0.023437,-0.078125,0.448303,-0.426331,0.214539,-0.755798
64.22679686546326,0.648804,-1.039063,0.031250,0.722656,-0.125000,-0.011719,-0.142578,0.446838,-0.427246,0.214783,-0.756104
64.24687433242798,0.665771,0.171875,-0.007813,-0.031250,-0.119141,0.035156,-0.126953,0.445496,-0.427673,0.215332,-0.756470
64.26715850830078,0.688110,0.472656,-0.113281,-0.281250,-0.054687,0.228516,0.074219,0.445374,-0.426208,0.216980,-0.756897
64.28744459152222,0.728638,1.957031,-0.414062,-0.710937,-0.031250,0.232422,0.169922,0.446045,-0.424133,0.219116,-0.757080
64.30716609954834,0.745605,-0.019531,-0.199219,-0.238281,-0.048828,0.380859,0.326172,0.447388,-0.420776,0.222534,-0.757141
64.32702088356018,0.757324,1.906250,-0.203125,-0.296875,-0.005859,0.445312,0.343750,0.448914,-0.417053,0.225952,-0.757263
64.34687519073486,0.763550,-2.941406,0.324219,0.015625,-0.125000,0.169922,0.148437,0.449402,-0.416138,0.227966,-0.756897
64.36759686470032,0.765503,-0.457031,0.156250,1.011719,-0.103516,-0.117188,0.035156,0.449829,-0.417297,0.228210,-0.755920
64.387291431427,0.767700,-1.117188,0.289063,-0.304688,-0.005859,-0.371094,-0.042969,0.450562,-0.419617,0.226868,-0.754578
64.40694379806519,0.768433,1.917969,0.210937,0.253906,0.033203,-0.078125,0.031250,0.451233,-0.420166,0.226379,-0.754089
64.42738509178162,0.767578,0.191406,0.363281,-0.621094,0.027344,0.050781,0.039063,0.451660,-0.419556,0.226562,-0.754089
64.44697761535645,0.763916,0.773437,0.250000,0.484375,0.066406,0.109375,0.117188,0.452637,-0.418274,0.226807,-0.754150
64.46768689155579,0.753052,1.105469,0.019531,-0.335938,0.171875,-0.095703,0.048828,0.453918,-0.418213,0.225037,-0.753967
64.48763537406921,0.731812,-2.082031,-0.042969,-0.820312,0.203125,-0.322266,-0.310547,0.453674,-0.419495,0.220581,-0.754700
64.50742149353027,0.723999,-1.691406,-1.085938,-0.566406,0.726562,0.205078,-0.216797,0.454529,-0.415771,0.215210,-0.757812
64.5276427268982,0.719116,3.195313,-1.027344,-2.890625,0.695312,0.248047,-0.111328,0.456055,-0.411072,0.210510,-0.760681
64.54723954200745,0.701416,0.519531,0.574219,-0.058594,0.501953,0.033203,-0.107422,0.457336,-0.408691,0.206543,-0.762329
64.56758904457092,0.690186,0.703125,1.046875,1.824219,0.154297,-0.041016,0.046875,0.458496,-0.408264,0.205200,-0.762207
64.58765459060669,0.678101,-0.597656,1.148438,2.765625,-0.099609,-0.199219,0.121094,0.459534,-0.409973,0.205505,-0.760620
64.60774278640747,0.662231,-0.335938,0.664062,1.648438,-0.201172,-0.306641,0.150391,0.460449,-0.412964,0.206177,-0.758240
64.6277506351471,0.656616,-0.964844,0.050781,0.593750,-0.259766,-0.347656,0.074219,0.460754,-0.416565,0.206909,-0.755859
64.6476731300354,0.655273,0.312500,-0.292969,-0.570312,-0.212891,-0.212891,0.111328,0.461304,-0.418884,0.207886,-0.754028
64.66772532463074,0.651611,0.421875,-0.300781,-0.906250,-0.025391,-0.113281,0.140625,0.462524,-0.419617,0.208191,-0.752747
64.68815422058105,0.646606,0.160156,-0.550781,-1.121094,-0.031250,-0.033203,0.126953,0.463440,-0.419983,0.208801,-0.751831
64.70772981643677,0.641846,-0.332031,0.535156,1.148438,-0.285156,-0.107422,0.115234,0.463440,-0.421936,0.210876,-0.750122
64.72805428504944,0.643433,-0.285156,0.730469,1.652344,-0.449219,-0.175781,0.064453,0.462463,-0.424805,0.212952,-0.748535
64.74786019325256,0.660278,-1.984375,-0.917969,-0.078125,-0.193359,-0.007813,-0.101563,0.461121,-0.426025,0.213562,-0.748535
64.76767611503601,0.672485,0.750000,-0.289063,-0.855469,-0.021484,0.068359,-0.062500,0.460449,-0.425537,0.214050,-0.749084
64.78815031051636,0.687744,1.437500,-0.328125,-1.054688,-0.048828,0.421875,0.029297,0.459412,-0.422729,0.216309,-0.750671
64.80772733688354,0.709595,-0.359375,-0.519531,0.875000,-0.226562,0.564453,-0.207031,0.455933,-0.419922,0.219666,-0.753296
64.82824087142944,0.719238,-1.433594,-0.128906,0.015625,-0.181641,0.416016,-0.199219,0.453003,-0.418213,0.221863,-0.755432
64.84814977645874,0.720581,0.421875,0.218750,-0.421875,-0.130859,0.033203,-0.107422,0.452271,-0.417847,0.221924,-0.756042
64.86798548698425,0.716797,1.992188,-0.167969,-3.332031,0.300781,0.146484,0.128906,0.454102,-0.414978,0.219910,-0.757080
64.88830399513245,0.714111,-0.894531,-1.738281,-1.632813,0.779297,0.339844,-0.156250,0.455505,-0.409546,0.215698,-0.760437
64.90789151191711,0.711060,-0.039063,-0.597656,-1.296875,0.437500,0.361328,-0.044922,0.456177,-0.404968,0.213623,-0.763062
64.92831444740295,0.708984,-0.042969,1.035156,1.902344,0.138672,0.228516,-0.099609,0.455688,-0.402893,0.213196,-0.764587
64.94809579849243,0.711670,0.046875,1.316406,2.285156,-0.138672,0.007813,-0.001953,0.455261,-0.403320,0.214111,-0.764404
64.96817350387573,0.714111,-0.335938,1.292969,1.957031,-0.285156,-0.142578,0.093750,0.455078,-0.405579,0.216003,-0.762756
64.98829770088196,0.718018,0.347656,0.835937,1.281250,-0.449219,-0.230469,0.048828,0.454224,-0.409058,0.218567,-0.760620
65.00793123245239,0.720459,-0.656250,0.316406,0.785156,-0.462891,-0.109375,0.017578,0.452820,-0.412048,0.221558,-0.758972
65.02815461158752,0.722168,0.199219,0.171875,-0.062500,-0.394531,-0.025391,-0.013672,0.451294,-0.413940,0.223877,-0.758179
65.04829931259155,0.726074,-1.187500,-1.746094,-2.238281,-0.132812,0.066406,-0.056641,0.450256,-0.414124,0.224854,-0.758423
65.06854629516602,0.730591,0.882812,-0.089844,-0.574219,-0.037109,0.085937,0.015625,0.450012,-0.413635,0.225586,-0.758606
65.08855724334717,0.731323,0.285156,-0.160156,-0.843750,0.011719,0.066406,0.005859,0.449951,-0.413269,0.225708,-0.758850
65.10861992835999,0.735962,-1.476563,0.027344,0.566406,-0.058594,-0.121094,-0.109375,0.449280,-0.414429,0.225281,-0.758728
65.12840604782104,0.746338,-0.390625,-0.089844,0.464844,-0.060547,-0.007813,0.029297,0.449524,-0.414429,0.225952,-0.758362
65.1491162776947,0.754395,1.769531,-0.386719,-0.148437,0.003906,0.099609,0.164062,0.450562,-0.413269,0.227234,-0.757996
65.16833424568176,0.765381,-0.191406,-0.105469,-0.574219,-0.052734,0.144531,0.162109,0.451416,-0.411926,0.228943,-0.757690
65.18849563598633,0.773437,1.113281,-0.128906,-0.164062,-0.062500,0.230469,0.230469,0.452209,-0.410522,0.230774,-0.757446
65.20869541168213,0.776733,-2.250000,0.472656,0.136719,-0.085937,-0.144531,-0.060547,0.452026,-0.411743,0.230591,-0.756958
65.22867774963379,0.778320,-0.074219,0.324219,0.312500,0.003906,-0.052734,-0.021484,0.452087,-0.412109,0.230347,-0.756775
65.24906849861145,0.775513,0.800781,0.171875,-0.875000,0.064453,0.140625,0.091797,0.452759,-0.410645,0.230774,-0.757019
65.26847529411316,0.772461,0.785156,0.019531,-0.355469,0.087891,0.185547,0.134766,0.453735,-0.408630,0.231323,-0.757385
65.28880763053894,0.765381,-0.140625,0.125000,0.167969,0.080078,0.037109,0.037109,0.454285,-0.408081,0.230896,-0.757507
65.30872201919556,0.759644,-0.937500,0.308594,0.074219,0.083984,-0.203125,-0.171875,0.453918,-0.409302,0.228882,-0.757690
65.32861542701721,0.745117,-1.367188,0.210937,0.000000,-0.003906,-0.109375,-0.173828,0.452942,-0.410339,0.227661,-0.758057
65.3487536907196,0.738037,0.515625,-0.265625,-0.070312,0.007813,-0.070312,-0.158203,0.451904,-0.411072,0.226685,-0.758545
65.36869835853577,0.733765,-0.925781,-0.121094,-0.222656,-0.082031,0.013672,-0.232422,0.449768,-0.412048,0.226318,-0.759399
65.38885974884033,0.733643,-0.351563,-0.328125,0.480469,-0.042969,0.126953,-0.175781,0.448059,-0.411804,0.226807,-0.760437
65.40889739990234,0.738037,0.140625,-0.058594,-0.437500,-0.027344,0.218750,0.019531,0.447388,-0.410645,0.227905,-0.761108
65.42867684364319,0.745972,-2.359375,0.054687,1.203125,-0.144531,0.054687,-0.136719,0.445740,-0.410889,0.228882,-0.761658
65.44897508621216,0.761597,0.085937,-0.203125,0.414062,-0.097656,0.166016,-0.015625,0.444763,-0.410400,0.230225,-0.762024
65.46913409233093,0.771362,0.820312,-0.160156,-1.003906,-0.046875,0.003906,0.013672,0.444763,-0.410278,0.230957,-0.761902
65.48915481567383,0.780518,-0.203125,0.050781,-0.347656,-0.009766,0.222656,0.208984,0.445679,-0.408630,0.232483,-0.761780
65.50877737998962,0.787354,-0.695312,0.093750,-0.246094,-0.015625,0.085937,0.117188,0.446411,-0.407593,0.233643,-0.761597
65.52884912490845,0.788086,-0.011719,-0.042969,0.589844,-0.070312,0.107422,0.097656,0.446594,-0.407043,0.234985,-0.761292
65.54912233352661,0.788452,-0.601562,0.089844,0.058594,-0.066406,-0.085937,-0.044922,0.446411,-0.407593,0.235535,-0.760986
65.5688488483429,0.791138,-1.328125,0.250000,-0.046875,-0.027344,0.240234,0.144531,0.446533,-0.406128,0.237061,-0.761230
65.58918905258179,0.790527,-1.375000,0.035156,-1.089844,-0.046875,0.126953,-0.021484,0.445923,-0.405273,0.237915,-0.761780
65.6090087890625,0.789795,-0.019531,-0.117188,0.359375,0.007813,0.119141,-0.183594,0.444336,-0.404846,0.237549,-0.763062
65.62924218177795,0.785034,-1.023438,-0.171875,-0.675781,0.421875,0.191406,-0.375000,0.442810,-0.402344,0.234314,-0.766296
65.64937162399292,0.773437,-0.507812,-1.078125,-2.890625,0.501953,0.513672,-0.146484,0.442383,-0.396973,0.232056,-0.770020
65.67672610282898,0.769653,0.363281,1.226563,1.250000,0.242187,0.390625,-0.126953,0.441467,-0.393127,0.231384,-0.772644
65.68904280662537,0.768677,-0.800781,0.851562,2.453125,0.005859,0.228516,-0.126953,0.440063,-0.391785,0.231812,-0.774048
65.7097737789154,0.770264,-0.792969,0.835937,2.437500,-0.205078,-0.044922,-0.054687,0.439026,-0.393066,0.233093,-0.773560
65.72919940948486,0.773682,0.617187,1.050781,1.472656,-0.425781,-0.208984,0.066406,0.438293,-0.396484,0.235657,-0.771484
65.74956107139587,0.776611,-0.660156,0.835937,1.472656,-0.566406,-0.298828,0.025391,0.437012,-0.401001,0.238770,-0.768921
65.76954174041748,0.780884,0.234375,0.250000,0.113281,-0.328125,-0.117188,-0.089844,0.435486,-0.403687,0.240417,-0.767822
65.78951644897461,0.781250,-0.785156,-1.644531,-1.785156,-0.039063,-0.058594,-0.029297,0.435303,-0.404419,0.240173,-0.767639
65.80947852134705,0.779785,1.039063,0.109375,-1.273438,0.060547,-0.054687,0.095703,0.436340,-0.404419,0.239624,-0.767212
65.82937169075012,0.770142,-0.332031,-0.312500,-0.093750,0.130859,-0.085937,0.039063,0.437378,-0.404480,0.238525,-0.766968
65.84971594810486,0.765015,-0.531250,0.140625,-0.292969,0.160156,-0.123047,0.070312,0.438843,-0.404602,0.237244,-0.766479
65.86940789222717,0.759766,0.308594,0.093750,0.074219,0.140625,-0.074219,0.181641,0.440857,-0.404175,0.236633,-0.765686
65.88948798179626,0.750854,-0.363281,-0.250000,-0.046875,0.121094,0.027344,0.193359,0.442566,-0.403259,0.236572,-0.765198
65.90969491004944,0.754639,-0.300781,-0.363281,0.167969,0.035156,0.056641,0.109375,0.443726,-0.402222,0.237000,-0.764954
65.92966341972351,0.767578,0.265625,-0.355469,-0.339844,-0.011719,0.066406,0.199219,0.445068,-0.401306,0.238098,-0.764282
65.94970369338989,0.781006,-0.156250,-0.226562,0.687500,-0.109375,0.037109,0.109375,0.445618,-0.401062,0.239502,-0.763672
65.96972036361694,0.788696,0.597656,0.027344,-0.417969,-0.089844,0.175781,0.115234,0.445679,-0.400024,0.241394,-0.763611
65.98989629745483,0.790771,-0.175781,0.042969,0.082031,-0.140625,0.169922,0.001953,0.444824,-0.399292,0.243225,-0.763855
66.00986003875732,0.793335,-0.078125,0.097656,0.011719,-0.142578,0.138672,-0.039063,0.443726,-0.398926,0.244751,-0.764282
66.0301775932312,0.803955,0.007813,0.304688,-0.007813,-0.117188,0.080078,-0.083984,0.442261,-0.399170,0.245605,-0.764648
66.04987335205078,0.810181,-0.910156,0.265625,0.000000,-0.087891,-0.021484,-0.242187,0.440369,-0.400208,0.245361,-0.765320
66.07009029388428,0.814575,0.582031,0.179687,-0.980469,-0.044922,-0.068359,-0.222656,0.438721,-0.401306,0.244385,-0.765991
66.09024000167847,0.821533,-0.148437,0.136719,-0.285156,-0.039063,-0.156250,-0.234375,0.437317,-0.403076,0.243103,-0.766296
66.11009502410889,0.822388,-0.156250,0.195312,0.687500,-0.019531,-0.195312,-0.177734,0.436279,-0.405090,0.241760,-0.766235
66.13014841079712,0.822388,-0.164062,0.140625,0.511719,0.009766,-0.193359,-0.121094,0.435730,-0.407043,0.240356,-0.765991
66.15038180351257,0.815552,0.292969,0.250000,0.039063,0.021484,-0.074219,-0.076172,0.435425,-0.408142,0.239075,-0.765991
66.17052340507507,0.804687,1.039063,-0.066406,-0.566406,-0.003906,-0.154297,-0.203125,0.434509,-0.409668,0.237427,-0.766174
66.1902244091034,0.790894,-1.222656,0.035156,0.550781,-0.035156,-0.060547,-0.119141,0.433838,-0.410461,0.236877,-0.766296
66.21007633209229,0.789307,1.281250,-0.355469,0.023437,0.007813,0.060547,0.001953,0.433777,-0.409973,0.237122,-0.766479
66.23018646240234,0.789307,-0.703125,-0.203125,-0.253906,0.011719,0.062500,-0.009766,0.433533,-0.409607,0.237183,-0.766846
66.25071239471436,0.794312,-0.855469,-0.097656,-0.144531,-0.035156,0.017578,-0.109375,0.432678,-0.409729,0.237244,-0.767212
66.27034854888916,0.804199,-1.125000,-0.179687,0.503906,-0.083984,0.134766,0.052734,0.432495,-0.408997,0.238647,-0.767273
66.29008626937866,0.816406,0.808594,-0.320313,-0.144531,-0.039063,0.367188,0.363281,0.434082,-0.405762,0.241882,-0.767090
66.31109023094177,0.816406,2.539063,-0.250000,-0.398438,0.011719,0.164062,0.269531,0.435608,-0.403564,0.244385,-0.766602
66.33023643493652,0.816895,-3.910156,0.089844,-0.789062,-0.044922,0.189453,0.218750,0.436401,-0.401917,0.246460,-0.766357
66.35029292106628,0.818726,1.585938,-0.078125,-0.109375,0.000000,0.185547,0.113281,0.437073,-0.399780,0.248169,-0.766479
66.37038087844849,0.819458,1.058594,0.089844,-0.390625,0.103516,0.230469,0.091797,0.437683,-0.397339,0.248718,-0.767273
66.39034461975098,0.818115,-0.703125,-0.417969,-1.800781,0.451172,0.326172,-0.300781,0.436218,-0.393005,0.244629,-0.771606
66.41083693504333,0.815063,-2.437500,-2.761719,-4.394531,1.300781,0.933594,-0.867187,0.432800,-0.382751,0.236023,-0.781311
66.43120694160461,0.815186,-0.031250,-3.953125,-5.085937,0.984375,1.056641,-0.339844,0.431335,-0.371094,0.231567,-0.789062
66.45026326179504,0.815430,1.656250,2.265625,1.328125,0.640625,0.839844,0.015625,0.431641,-0.361877,0.230225,-0.793579
66.47104406356812,0.811035,0.457031,1.039063,1.761719,0.087891,0.468750,-0.029297,0.430603,-0.357910,0.231445,-0.795593
66.49069237709045,0.808716,-1.789063,0.839844,4.175781,-0.611328,0.023437,-0.205078,0.426941,-0.360107,0.235413,-0.795349
66.51061820983887,0.806396,-1.613281,1.039063,3.894531,-0.720703,0.101563,-0.169922,0.422913,-0.362793,0.240723,-0.794739
66.53069829940796,0.803345,0.671875,0.578125,-0.839844,-0.468750,0.128906,-0.119141,0.420044,-0.363953,0.244690,-0.794495
66.55060386657715,0.789917,0.250000,-0.253906,-2.089844,-0.191406,0.177734,0.121094,0.419861,-0.363220,0.247314,-0.794128
66.57115244865417,0.781372,1.285156,0.773437,0.457031,-0.068359,-0.095703,0.322266,0.422302,-0.363464,0.248596,-0.792297
66.59072232246399,0.771362,-0.371094,1.265625,1.351563,0.082031,-0.285156,0.269531,0.425537,-0.364624,0.247742,-0.790344
66.61032748222351,0.746460,-1.789063,0.160156,0.671875,0.154297,-0.466797,0.216797,0.428833,-0.367371,0.245361,-0.788025
66.63096642494202,0.732910,-2.195313,0.277344,3.367188,-0.042969,-0.851562,0.058594,0.431580,-0.373474,0.242065,-0.784668
66.65050005912781,0.718872,-1.550781,0.121094,1.421875,0.097656,-0.691406,0.242187,0.435242,-0.378174,0.239441,-0.781189
66.67108988761902,0.693481,1.617188,0.476562,-1.058594,-0.173828,-0.605469,0.208984,0.437622,-0.383118,0.238953,-0.777588
66.69102621078491,0.686890,-0.496094,-0.445312,-0.222656,-0.185547,-0.435547,0.035156,0.438416,-0.386841,0.238342,-0.775452
66.71069002151489,0.680664,1.035156,-1.539063,-2.750000,0.298828,-0.027344,-0.009766,0.439514,-0.386230,0.236328,-0.775757
66.73127293586731,0.669312,1.339844,-1.371094,-3.347656,0.162109,-0.015625,0.066406,0.440857,-0.385315,0.234985,-0.775879
66.75080513954163,0.663574,-0.304688,0.136719,-0.007813,0.169922,-0.068359,0.105469,0.442322,-0.385071,0.233948,-0.775452
66.77101492881775,0.658936,0.085937,0.476562,1.132813,-0.054687,-0.101563,0.058594,0.442932,-0.385864,0.234131,-0.774658
66.79074120521545,0.655640,-0.796875,0.519531,1.101563,-0.101563,-0.166016,0.062500,0.443359,-0.387268,0.234253,-0.773682
66.81108355522156,0.651978,0.269531,0.046875,0.207031,0.042969,-0.042969,-0.021484,0.443542,-0.387512,0.233765,-0.773560
66.83080625534058,0.646606,0.375000,-0.230469,-0.511719,0.076172,0.029297,0.011719,0.443848,-0.387024,0.233398,-0.773804
66.85076761245728,0.641724,0.191406,0.183594,0.199219,-0.025391,0.009766,0.039063,0.444092,-0.386902,0.233765,-0.773560
66.87119054794312,0.642334,0.085937,0.382813,0.660156,-0.076172,-0.021484,0.052734,0.444214,-0.387329,0.234497,-0.773071
66.8914225101471,0.641357,0.007813,0.238281,0.445312,-0.130859,-0.054687,-0.027344,0.443787,-0.388306,0.235046,-0.772705
66.91136360168457,0.641235,-0.265625,-0.246094,-0.382813,-0.046875,-0.042969,-0.050781,0.443298,-0.389038,0.235107,-0.772583
66.93131494522095,0.640259,0.335938,0.023437,-0.136719,-0.050781,-0.064453,-0.013672,0.443176,-0.389832,0.235291,-0.772156
66.95127582550049,0.636475,0.207031,0.375000,0.070312,-0.169922,-0.111328,0.046875,0.443176,-0.391235,0.236145,-0.771179
66.9711480140686,0.635376,0.160156,0.363281,0.789062,-0.128906,-0.099609,-0.009766,0.442810,-0.392578,0.236694,-0.770569
66.9914755821228,0.628540,-0.152344,-0.625000,-0.984375,0.033203,-0.009766,-0.085937,0.442383,-0.392761,0.236084,-0.770935
67.01138520240784,0.618652,0.214844,-0.441406,-1.109375,0.128906,0.039063,-0.089844,0.442078,-0.392212,0.234985,-0.771667
67.03157424926758,0.608154,0.398438,0.109375,-0.281250,0.029297,0.001953,-0.027344,0.442017,-0.392151,0.234741,-0.771851
67.0516107082367,0.603760,0.207031,0.492187,0.828125,-0.105469,-0.085937,0.046875,0.442139,-0.393127,0.235291,-0.771118
67.07870626449585,0.605713,-0.414062,0.238281,0.652344,-0.166016,-0.144531,0.017578,0.441956,-0.394836,0.236023,-0.770081
67.09169936180115,0.607300,0.058594,0.003906,-0.058594,-0.169922,-0.107422,-0.052734,0.441345,-0.396423,0.236450,-0.769531
67.11151456832886,0.607056,0.621094,0.085937,-0.464844,-0.080078,-0.087891,-0.029297,0.440918,-0.397522,0.236694,-0.769165
67.13175940513611,0.605591,0.000000,-0.027344,0.363281,-0.142578,0.035156,-0.031250,0.440063,-0.397888,0.237671,-0.769165
67.15168070793152,0.607300,-0.500000,-0.328125,-0.058594,-0.089844,0.111328,-0.068359,0.438965,-0.397583,0.238586,-0.769653
67.17175030708313,0.607910,0.242187,-0.089844,0.132812,-0.078125,0.125000,-0.031250,0.438110,-0.397034,0.239502,-0.770081
67.19210815429688,0.618286,-0.214844,-0.050781,-0.250000,-0.039063,0.019531,-0.048828,0.437561,-0.397156,0.239746,-0.770264
67.21168351173401,0.629517,-0.109375,-0.089844,-0.316406,-0.001953,-0.001953,-0.007813,0.437622,-0.397156,0.239746,-0.770264
67.23211121559143,0.650146,1.125000,-0.121094,-0.058594,0.007813,0.082031,0.146484,0.438782,-0.395813,0.240784,-0.769897
67.25174975395203,0.694702,1.148438,-0.296875,0.386719,0.011719,0.203125,0.351563,0.440918,-0.393555,0.242798,-0.769287
67.27196860313416,0.701294,0.558594,0.042969,0.457031,-0.062500,0.203125,0.306641,0.442505,-0.391663,0.244995,-0.768616
67.29172945022583,0.710815,-1.117188,0.097656,-0.125000,-0.048828,0.050781,0.207031,0.444092,-0.390564,0.246643,-0.767700
67.31162691116333,0.720215,1.734375,0.089844,-0.097656,0.062500,0.111328,0.328125,0.446167,-0.389099,0.248047,-0.766785
67.33190536499023,0.726318,-0.187500,0.058594,-0.097656,-0.007813,0.017578,0.140625,0.447205,-0.388611,0.248657,-0.766235
67.35185027122498,0.731445,-0.671875,0.218750,-0.488281,0.031250,0.005859,-0.001953,0.447449,-0.388428,0.248535,-0.766235
67.37185835838318,0.719360,0.316406,0.097656,0.164062,0.035156,-0.058594,-0.005859,0.447693,-0.388733,0.247864,-0.766174
67.39190673828125,0.704468,-0.042969,0.003906,-0.609375,0.144531,-0.167969,-0.162109,0.447266,-0.389893,0.245544,-0.766541
67.41189169883728,0.685547,0.539062,-0.824219,-0.984375,0.123047,-0.095703,-0.388672,0.445251,-0.390625,0.242737,-0.768250
67.43232703208923,0.666748,1.464844,-0.761719,-1.367188,0.332031,0.277344,-0.304688,0.443542,-0.388062,0.240173,-0.771362
67.45187735557556,0.660278,0.039063,0.324219,-0.289063,0.316406,0.259766,-0.234375,0.442322,-0.385437,0.238159,-0.773987
67.47200298309326,0.648560,0.714844,1.058594,1.664063,0.019531,0.031250,-0.097656,0.441528,-0.385315,0.237732,-0.774658
67.49249792098999,0.636719,-0.335938,0.914062,1.839844,-0.214844,-0.169922,-0.031250,0.440857,-0.387634,0.238647,-0.773621
67.51242709159851,0.617187,-0.320313,0.992187,2.171875,-0.527344,-0.314453,0.023437,0.439575,-0.391785,0.241028,-0.771484
67.53241181373596,0.610107,-2.046875,-2.304688,-1.812500,-0.191406,-0.027344,-0.226562,0.437378,-0.393616,0.242126,-0.771484
67.5523624420166,0.606445,1.890625,-0.187500,-1.113281,-0.113281,0.199219,-0.042969,0.436157,-0.392700,0.243591,-0.772156
67.5719826221466,0.615723,-0.421875,-0.218750,-0.703125,0.015625,0.173828,0.007813,0.435730,-0.391418,0.244263,-0.772827
67.5924301147461,0.651855,-0.988281,-0.074219,0.593750,-0.050781,0.050781,-0.064453,0.435059,-0.391174,0.244751,-0.773193
67.61209630966187,0.676514,0.820312,-0.371094,0.250000,-0.115234,0.214844,0.062500,0.434631,-0.389954,0.246826,-0.773376
67.63216400146484,0.713623,0.828125,-0.457031,0.285156,-0.068359,0.257813,0.220703,0.435120,-0.387939,0.249390,-0.773315
67.65243935585022,0.734863,1.000000,-0.242187,0.242187,-0.087891,0.304688,0.230469,0.435791,-0.385193,0.252563,-0.773254
67.67220258712769,0.741943,-0.332031,0.441406,0.042969,-0.091797,0.302734,0.187500,0.436096,-0.382813,0.255493,-0.773315
67.69272089004517,0.753418,-1.144531,0.234375,0.691406,-0.138672,0.150391,0.111328,0.435913,-0.382141,0.257385,-0.773071
67.71240758895874,0.755859,0.562500,0.328125,-0.257813,-0.005859,-0.062500,0.023437,0.436157,-0.382568,0.257568,-0.772705
67.73239398002625,0.755859,0.617187,0.175781,-0.011719,0.009766,-0.191406,-0.017578,0.436584,-0.383911,0.256592,-0.772095
67.75214982032776,0.755493,0.562500,-0.062500,-0.777344,0.103516,-0.134766,0.025391,0.437439,-0.384521,0.255310,-0.771729
67.7726411819458,0.746826,-0.101563,-0.195312,-0.058594,0.119141,-0.101563,-0.015625,0.437988,-0.384766,0.253723,-0.771851
67.79284286499023,0.739502,-0.746094,-0.769531,-0.472656,0.408203,-0.039063,-0.308594,0.437622,-0.383789,0.249390,-0.773987
67.81234312057495,0.733032,3.597656,0.523437,-0.636719,0.646484,0.199219,-0.109375,0.438599,-0.380005,0.244812,-0.776733
67.83267211914062,0.719849,0.707031,1.343750,0.613281,0.449219,0.167969,0.068359,0.440369,-0.376587,0.242187,-0.778198
67.8526086807251,0.710937,-0.195312,0.500000,1.363281,0.281250,0.031250,0.066406,0.441895,-0.375000,0.240356,-0.778625
67.8727376461029,0.699829,-0.886719,0.566406,1.761719,0.039063,-0.214844,0.113281,0.443542,-0.376099,0.239563,-0.777466
67.89260625839233,0.679321,0.093750,0.812500,1.406250,-0.167969,-0.369141,0.253906,0.445496,-0.379211,0.240173,-0.774597
67.91276478767395,0.668823,-1.144531,0.101563,1.441406,-0.392578,-0.441406,0.126953,0.446228,-0.383789,0.241699,-0.771484
67.93275117874146,0.657104,-0.335938,-0.195312,-0.359375,-0.335938,-0.328125,0.099609,0.446411,-0.387695,0.243164,-0.768921
67.95306539535522,0.651001,0.292969,-0.503906,-0.558594,-0.250000,-0.199219,0.027344,0.446106,-0.389954,0.244263,-0.767639
67.97304391860962,0.656128,1.320313,-0.753906,-2.113281,-0.042969,0.197266,-0.007813,0.445496,-0.388794,0.245300,-0.768250
67.99284768104553,0.668335,0.246094,-0.257813,-0.601562,-0.001953,0.396484,0.015625,0.444519,-0.385925,0.247253,-0.769653
68.01336288452148,0.698120,-0.746094,-0.250000,1.335938,-0.203125,0.335938,-0.115234,0.442261,-0.384338,0.249817,-0.770935
68.03278636932373,0.712402,-0.617187,0.035156,0.156250,-0.167969,0.250000,-0.107422,0.440063,-0.383545,0.251587,-0.771973
68.05323243141174,0.722656,0.609375,-0.117188,-1.562500,-0.033203,0.044922,-0.123047,0.438965,-0.383362,0.251526,-0.772705
68.07290363311768,0.724976,1.875000,-1.097656,-3.707031,0.404297,0.248047,-0.056641,0.439453,-0.379150,0.248596,-0.775452
68.09310984611511,0.722778,0.312500,-3.753906,-7.132812,1.390625,0.960937,-0.228516,0.440735,-0.366760,0.241760,-0.782837
68.11313509941101,0.719116,2.957031,-0.285156,-2.429688,1.482422,1.103516,0.121094,0.444519,-0.350830,0.234924,-0.790039
68.13372611999512,0.714600,3.832031,-0.695312,-5.277344,2.304688,1.427734,0.527344,0.453125,-0.328308,0.225220,-0.797607
68.15331363677979,0.701050,3.250000,0.753906,-1.769531,2.394531,1.630859,0.941406,0.464172,-0.302734,0.216736,-0.803711
68.18033075332642,0.689575,-0.015625,1.011719,1.058594,1.779297,1.480469,0.875000,0.473389,-0.280518,0.211609,-0.807739
68.19471621513367,0.667114,-3.203125,0.851562,3.503906,1.164063,0.990234,0.693359,0.480042,-0.265747,0.208740,-0.809570
68.21428394317627,0.649292,-3.777344,1.160156,4.468750,0.517578,0.505859,0.400391,0.483215,-0.259094,0.208679,-0.809814
68.23485803604126,0.596069,-3.093750,2.257813,4.105469,-0.736328,-0.320313,-0.044922,0.481873,-0.264832,0.212952,-0.807678
68.2548713684082,0.571533,-0.644531,1.539063,3.894531,-1.449219,-0.931641,-0.126953,0.478638,-0.279419,0.219788,-0.802856
68.27427530288696,0.564209,-4.097656,-0.355469,2.238281,-1.906250,-1.228516,-0.460937,0.472046,-0.299561,0.227783,-0.797241
68.29513931274414,0.559326,-3.628906,-0.031250,0.808594,-1.957031,-1.625000,-0.949219,0.462463,-0.323120,0.232727,-0.792175
68.31547355651855,0.549561,2.785156,0.746094,-4.746094,-1.363281,-1.435547,-0.873047,0.454468,-0.342651,0.234131,-0.788208
68.335378408432,0.547363,0.582031,1.222656,-1.703125,-0.753906,-1.042969,-0.560547,0.449585,-0.355896,0.233398,-0.785339
68.35438919067383,0.541992,-0.792969,0.128906,-0.433594,-0.392578,-0.921875,-0.523437,0.446289,-0.365967,0.230347,-0.783447
68.37535619735718,0.516235,-0.257813,-0.687500,0.761719,0.142578,-0.820312,-0.421875,0.445251,-0.373230,0.224365,-0.782410
68.40272617340088,0.513306,-2.347656,1.429688,1.566406,0.039063,-1.082031,-0.289063,0.445374,-0.382080,0.217957,-0.779846
68.43380403518677,0.510620,0.101563,1.039063,1.539063,-0.404297,-1.285156,-0.115234,0.445496,-0.405518,0.208618,-0.770447
68.45367908477783,0.506592,0.816406,-0.082031,0.699219,0.087891,-1.060547,0.019531,0.448059,-0.412964,0.203491,-0.766357
68.47448801994324,0.491211,1.429688,-1.582031,-3.437500,0.498047,-0.539062,0.171875,0.452332,-0.415039,0.197998,-0.764160
68.49342584609985,0.483643,0.125000,0.753906,0.683594,0.107422,-0.667969,0.169922,0.455383,-0.419189,0.195007,-0.760803
68.51393461227417,0.473877,0.378906,1.097656,2.417969,-0.396484,-0.783203,0.222656,0.456970,-0.426331,0.195251,-0.755859
68.53391933441162,0.477417,0.167969,0.625000,1.421875,-0.566406,-0.683594,0.244141,0.457825,-0.433350,0.197144,-0.750793
68.55347919464111,0.479736,0.628906,0.203125,-0.628906,-0.087891,-0.318359,0.210937,0.459473,-0.435791,0.197327,-0.748352
68.57405591011047,0.486572,0.390625,-2.175781,-3.039063,0.234375,0.076172,0.013672,0.460510,-0.434387,0.196106,-0.748840
68.59406208992004,0.493286,-0.406250,-0.785156,-0.847656,0.207031,0.089844,0.041016,0.461487,-0.432739,0.195251,-0.749451
68.61409330368042,0.496704,0.527344,0.617187,0.117188,0.027344,0.013672,0.130859,0.462463,-0.432251,0.195679,-0.749023
68.63405513763428,0.498657,-0.097656,0.585937,1.179688,-0.134766,-0.037109,0.152344,0.463074,-0.432861,0.197083,-0.747925
68.65411925315857,0.502808,-0.199219,-0.031250,0.476562,-0.109375,-0.105469,0.054687,0.463135,-0.433838,0.197571,-0.747131
68.67386746406555,0.496704,-1.355469,-0.972656,-0.304688,0.087891,0.021484,-0.089844,0.462830,-0.433594,0.196838,-0.747681
68.69392848014832,0.490723,0.359375,-0.492187,-1.277344,0.042969,0.066406,-0.017578,0.462769,-0.432861,0.196777,-0.748169
68.71417927742004,0.487915,0.558594,0.191406,-0.062500,0.015625,0.068359,0.066406,0.463074,-0.432312,0.197205,-0.748169
68.73385572433472,0.494629,-0.007813,0.265625,0.734375,-0.060547,-0.017578,0.076172,0.463440,-0.432495,0.197876,-0.747681
68.75404453277588,0.497314,-0.566406,0.207031,0.628906,-0.033203,-0.074219,0.093750,0.463989,-0.432983,0.198242,-0.746948
68.77415823936462,0.499146,0.046875,-0.007813,0.101563,-0.062500,-0.076172,0.042969,0.464172,-0.433655,0.198547,-0.746338
68.79418969154358,0.500366,-0.414062,-0.117188,0.230469,-0.054687,-0.013672,0.017578,0.464050,-0.433960,0.198975,-0.746155
68.8143630027771,0.499268,0.164062,0.046875,-0.105469,-0.107422,0.017578,0.023437,0.463684,-0.434326,0.199890,-0.745911
68.83431029319763,0.500854,0.015625,0.214844,0.371094,-0.103516,-0.037109,0.019531,0.463440,-0.435059,0.200684,-0.745422
68.85442304611206,0.497437,-0.027344,0.183594,0.230469,-0.175781,-0.097656,0.058594,0.463196,-0.436523,0.201904,-0.744446
68.87444424629211,0.492554,-0.144531,0.589844,1.296875,-0.353516,-0.148437,0.054687,0.462219,-0.438965,0.203796,-0.743042
68.89437890052795,0.493530,-1.500000,-0.597656,0.050781,-0.187500,-0.076172,-0.162109,0.460510,-0.440674,0.204468,-0.742981
68.91437149047852,0.496826,0.054687,-0.589844,-0.761719,-0.091797,0.111328,-0.060547,0.459351,-0.440491,0.205322,-0.743530
68.93469953536987,0.502197,0.781250,-0.167969,-1.023438,-0.009766,0.160156,0.003906,0.458923,-0.439453,0.206116,-0.744141
68.95423126220703,0.505127,-0.015625,-0.082031,-0.156250,0.009766,0.097656,-0.003906,0.458679,-0.438721,0.206543,-0.744629
68.97463369369507,0.511719,-0.804687,-0.007813,0.066406,-0.013672,0.003906,-0.076172,0.457947,-0.438843,0.206421,-0.744995
68.99465608596802,0.552368,-0.925781,-0.050781,0.457031,-0.074219,0.056641,-0.072266,0.457031,-0.438843,0.206909,-0.745422
69.01425862312317,0.560303,0.414062,-0.089844,0.339844,-0.037109,0.091797,-0.005859,0.456604,-0.438416,0.207520,-0.745789
69.03471422195435,0.572754,-0.304688,0.031250,-0.234375,-0.019531,0.025391,-0.003906,0.456360,-0.438232,0.207886,-0.745972
69.05444645881653,0.597656,0.347656,-0.199219,0.304688,-0.048828,0.160156,0.058594,0.456177,-0.437317,0.209045,-0.746277
69.07510375976562,0.610107,0.214844,-0.113281,-0.050781,-0.070312,0.199219,0.085937,0.456299,-0.435791,0.210815,-0.746643
69.09463334083557,0.632812,0.132812,-0.250000,0.394531,-0.029297,0.326172,0.246094,0.457153,-0.433228,0.213318,-0.746887
69.1147096157074,0.667847,-1.214844,-0.105469,0.027344,-0.029297,0.316406,0.287109,0.458252,-0.430908,0.215698,-0.746887
69.13510656356812,0.678101,0.488281,0.187500,-0.257813,0.017578,0.017578,0.126953,0.459229,-0.430115,0.216614,-0.746460
69.1546356678009,0.685425,-0.984375,0.195312,0.078125,0.023437,-0.021484,0.066406,0.459961,-0.429810,0.216980,-0.746033
69.17503023147583,0.693115,-0.507812,0.085937,-0.457031,-0.007813,0.041016,0.076172,0.460449,-0.429382,0.217468,-0.745911
69.19467616081238,0.698486,-0.570312,0.250000,0.031250,-0.025391,0.003906,-0.001953,0.460327,-0.429443,0.217651,-0.745850
69.21487784385681,0.699829,-0.031250,0.101563,0.261719,-0.011719,-0.037109,-0.027344,0.460144,-0.429810,0.217529,-0.745789
69.23480987548828,0.698853,0.152344,0.058594,-0.226562,-0.015625,-0.046875,-0.001953,0.460144,-0.430176,0.217468,-0.745605
69.25477910041809,0.696411,0.113281,0.058594,0.156250,-0.001953,-0.017578,0.013672,0.460266,-0.430298,0.217407,-0.745483
69.2750952243805,0.695557,-0.195312,0.019531,0.003906,-0.017578,-0.027344,-0.017578,0.460083,-0.430481,0.217346,-0.745483
69.29503273963928,0.694946,-0.308594,0.019531,0.125000,0.005859,0.007813,-0.005859,0.460022,-0.430420,0.217346,-0.745544
69.31507301330566,0.694580,0.417969,-0.019531,-0.296875,0.015625,0.044922,0.035156,0.460266,-0.429932,0.217529,-0.745605
69.33487486839294,0.692505,0.382813,0.019531,0.003906,0.029297,0.027344,0.068359,0.460754,-0.429443,0.217773,-0.745544
69.35492038726807,0.688965,0.011719,0.027344,-0.121094,0.033203,0.042969,0.070312,0.461365,-0.428772,0.218018,-0.745483
69.3749270439148,0.675293,0.257813,0.027344,0.062500,0.076172,0.015625,0.089844,0.462219,-0.428162,0.217834,-0.745361
69.39525246620178,0.665039,-0.109375,-0.089844,-0.640625,0.140625,-0.119141,-0.007813,0.462769,-0.428345,0.216248,-0.745422
69.41513466835022,0.654297,-0.890625,-0.187500,-0.343750,0.318359,0.062500,-0.445312,0.461182,-0.426880,0.212280,-0.748352
69.43526840209961,0.630493,0.250000,-2.402344,-3.699219,0.695312,0.552734,-0.373047,0.460022,-0.420776,0.208130,-0.753662
69.45514369010925,0.619751,1.945313,0.949219,-0.031250,0.378906,0.449219,-0.148437,0.459595,-0.415833,0.206787,-0.757019
69.47524523735046,0.607422,0.597656,2.121094,1.328125,0.107422,0.271484,0.082031,0.459900,-0.413391,0.207397,-0.757996
69.49571967124939,0.605957,0.710937,1.386719,2.292969,-0.240234,-0.132812,0.062500,0.459778,-0.415039,0.208923,-0.756775
69.51560068130493,0.605591,-0.285156,1.109375,1.910156,-0.400391,-0.304688,0.156250,0.459778,-0.418823,0.210876,-0.754089
69.53548812866211,0.605835,-0.566406,0.121094,1.101563,-0.302734,-0.412109,0.015625,0.459595,-0.422974,0.211609,-0.751709
69.55564975738525,0.606812,-0.605469,-0.718750,-1.234375,-0.142578,-0.160156,0.072266,0.459778,-0.424805,0.212158,-0.750427
69.57533740997314,0.602417,1.070313,-0.550781,-1.433594,-0.050781,-0.021484,0.041016,0.459961,-0.425110,0.212585,-0.750000
69.59569334983826,0.600342,0.457031,-0.304688,-0.812500,0.064453,-0.007813,0.041016,0.460510,-0.424805,0.212341,-0.749878
69.6155149936676,0.599609,-0.339844,-0.246094,-0.007813,0.039063,-0.029297,0.046875,0.461121,-0.424805,0.212097,-0.749573
69.63567185401917,0.594849,-0.148437,0.222656,0.718750,-0.054687,-0.099609,0.097656,0.461853,-0.425537,0.212402,-0.748657
69.65553641319275,0.594849,0.011719,0.421875,0.691406,-0.068359,-0.097656,0.066406,0.462219,-0.426392,0.212646,-0.747864
69.675363779068,0.595459,-0.492187,-0.328125,-0.167969,0.013672,-0.027344,-0.011719,0.462280,-0.426636,0.212585,-0.747742
69.69544839859009,0.592285,0.390625,-0.250000,-0.703125,-0.033203,0.021484,0.031250,0.462341,-0.426575,0.213013,-0.747620
69.71571493148804,0.595215,0.050781,0.132812,0.140625,-0.097656,-0.011719,0.058594,0.462341,-0.426941,0.213867,-0.747131
69.73575019836426,0.601440,0.058594,0.300781,0.574219,-0.144531,-0.015625,0.007813,0.461914,-0.427673,0.214783,-0.746704
69.75570392608643,0.612305,-0.589844,-0.375000,-0.242187,-0.050781,-0.056641,-0.037109,0.461548,-0.428345,0.214783,-0.746582
69.77571511268616,0.612915,0.390625,-0.097656,-0.542969,0.023437,-0.013672,0.003906,0.461670,-0.428406,0.214600,-0.746521
69.79578375816345,0.613159,0.312500,-0.175781,-0.582031,0.023437,0.021484,0.009766,0.461792,-0.428101,0.214539,-0.746643
69.8158667087555,0.612915,-0.101563,-0.066406,0.031250,-0.007813,0.031250,-0.013672,0.461548,-0.427979,0.214722,-0.746826
69.83577585220337,0.614502,0.089844,0.046875,0.292969,-0.029297,0.066406,-0.001953,0.461304,-0.427612,0.215210,-0.747009
69.85623717308044,0.619385,0.136719,0.019531,0.062500,-0.003906,0.021484,0.007813,0.461243,-0.427490,0.215393,-0.747070
69.87584519386292,0.620850,-0.015625,-0.058594,-0.207031,0.050781,-0.064453,-0.003906,0.461548,-0.427551,0.214783,-0.747070
69.89589548110962,0.610718,-0.140625,-0.144531,-0.511719,0.152344,0.091797,-0.123047,0.461243,-0.426147,0.213318,-0.748413
69.91618084907532,0.607910,-0.570312,-1.171875,-2.273438,0.494141,0.402344,-0.150391,0.461121,-0.421692,0.211121,-0.751648
69.9358274936676,0.606934,1.484375,-0.390625,-1.296875,0.304688,0.396484,-0.216797,0.459900,-0.417603,0.209656,-0.755066
69.95662665367126,0.604736,-1.027344,0.320313,0.808594,0.234375,0.400391,-0.312500,0.457886,-0.414490,0.208435,-0.758362
69.97622227668762,0.605225,0.390625,1.421875,1.750000,-0.021484,0.111328,-0.109375,0.456665,-0.413879,0.208618,-0.759338
69.99748229980469,0.600952,0.074219,1.531250,2.847656,-0.253906,-0.087891,0.042969,0.456116,-0.415649,0.210449,-0.758240
70.01646256446838,0.600098,-0.117188,0.949219,1.859375,-0.560547,-0.285156,0.105469,0.455200,-0.420044,0.213623,-0.755493
70.03631353378296,0.604614,-0.515625,1.058594,2.382813,-0.666016,-0.423828,0.093750,0.453918,-0.425659,0.216553,-0.752258
70.05806231498718,0.607178,-1.742188,-2.480469,-2.640625,-0.154297,-0.236328,-0.183594,0.452698,-0.428345,0.216492,-0.751526
70.07614398002625,0.607300,1.941406,-0.128906,-2.019531,-0.037109,0.138672,0.015625,0.452515,-0.427490,0.217163,-0.751892
70.09661626815796,0.605469,1.539063,-0.589844,-1.453125,0.107422,0.148437,0.046875,0.452881,-0.425964,0.217346,-0.752502
70.11659216880798,0.615234,-0.738281,-0.089844,-0.441406,-0.042969,-0.058594,-0.083984,0.452209,-0.426636,0.217102,-0.752563
70.13634300231934,0.634033,-0.906250,-0.136719,0.714844,-0.105469,-0.033203,-0.089844,0.451294,-0.427490,0.217529,-0.752502
70.15651345252991,0.680420,0.917969,-0.433594,0.156250,-0.072266,0.126953,0.105469,0.451538,-0.426575,0.219055,-0.752441
70.17616844177246,0.702515,0.792969,-0.382813,-0.957031,-0.021484,0.376953,0.339844,0.452820,-0.424133,0.221313,-0.752380
70.19641375541687,0.712036,2.390625,-0.242187,-0.214844,-0.097656,0.267578,0.248047,0.453796,-0.422180,0.223755,-0.752136
70.21637010574341,0.716309,0.414062,0.210937,-0.191406,-0.074219,0.074219,0.113281,0.454529,-0.421204,0.225403,-0.751770
70.2367537021637,0.721069,-0.656250,0.347656,-0.152344,0.001953,-0.017578,0.074219,0.455078,-0.421021,0.225891,-0.751404
70.25633144378662,0.725098,-0.496094,0.195312,-0.421875,0.023437,0.001953,0.027344,0.455261,-0.421021,0.225891,-0.751282
70.27620601654053,0.725098,0.347656,0.386719,-0.230469,-0.029297,-0.017578,-0.017578,0.455078,-0.421265,0.225891,-0.751282
70.296560049057,0.718628,1.226563,0.011719,-0.257813,0.062500,0.050781,0.097656,0.455933,-0.420410,0.226013,-0.751221
70.31683850288391,0.708130,1.242188,-0.105469,-1.308594,0.197266,-0.015625,0.093750,0.457275,-0.419678,0.224792,-0.751221
70.33669352531433,0.694946,-1.046875,0.035156,-0.679687,0.197266,-0.195312,-0.220703,0.457214,-0.420227,0.221619,-0.751831
70.35676980018616,0.689331,-2.128906,-0.320313,0.144531,0.398438,-0.001953,-0.091797,0.458069,-0.418945,0.218140,-0.753052
70.37677192687988,0.672852,0.230469,0.171875,-0.246094,0.380859,-0.099609,-0.070312,0.459351,-0.418030,0.214600,-0.753784
70.3965060710907,0.651978,-0.207031,0.542969,0.894531,0.230469,-0.185547,0.003906,0.460632,-0.418335,0.212158,-0.753540
70.41728925704956,0.614868,0.074219,0.675781,1.222656,-0.054687,-0.158203,0.060547,0.461365,-0.419617,0.211914,-0.752441
70.43679285049438,0.609741,-0.160156,0.683594,1.746094,-0.177734,-0.236328,0.189453,0.462402,-0.421936,0.213074,-0.750183
70.45691084861755,0.601685,-0.199219,0.722656,1.832031,-0.419922,-0.361328,0.132812,0.462280,-0.425659,0.214600,-0.747681
70.47709941864014,0.597534,-2.253906,-1.261719,-0.281250,-0.146484,-0.041016,-0.101563,0.461121,-0.426819,0.215210,-0.747559
70.49702334403992,0.600586,1.253906,-0.726562,-1.523438,-0.009766,0.234375,0.009766,0.460632,-0.425110,0.216370,-0.748535
70.51723766326904,0.610474,0.664062,-0.527344,-1.769531,-0.031250,0.384766,-0.001953,0.459656,-0.422424,0.218262,-0.750122
70.53672480583191,0.659424,-0.683594,-0.218750,1.074219,-0.177734,0.425781,-0.099609,0.457275,-0.420349,0.221069,-0.751892
70.55733132362366,0.678345,-0.644531,-0.128906,0.644531,-0.189453,0.203125,-0.146484,0.454956,-0.419861,0.222778,-0.753052
70.5770833492279,0.682983,-0.261719,-0.050781,-0.460937,-0.162109,0.003906,-0.134766,0.453735,-0.420105,0.223083,-0.753601
70.59678053855896,0.675415,0.343750,-0.320313,-0.679687,0.308594,0.292969,0.117188,0.454895,-0.416443,0.222107,-0.755188
70.61714196205139,0.670410,-0.542969,-1.308594,-1.593750,0.652344,0.431641,-0.181641,0.455261,-0.410889,0.219055,-0.758911
70.63690114021301,0.665894,-1.316406,-0.687500,-0.410156,0.330078,0.425781,-0.169922,0.454285,-0.406738,0.217651,-0.762146
70.65747666358948,0.667725,0.007813,1.250000,2.386719,-0.123047,0.173828,-0.191406,0.452209,-0.406067,0.218628,-0.763428
70.67700695991516,0.672607,-0.832031,1.250000,2.691406,-0.259766,0.062500,0.017578,0.451050,-0.406799,0.220886,-0.763062
70.69697833061218,0.679443,0.355469,0.972656,1.191406,-0.392578,-0.097656,0.066406,0.450073,-0.409241,0.223694,-0.761536
70.71758317947388,0.684326,-0.910156,0.636719,2.019531,-0.537109,-0.234375,0.009766,0.448486,-0.413147,0.226746,-0.759460
70.73701167106628,0.694580,-0.050781,0.578125,0.574219,-0.392578,-0.044922,-0.095703,0.446350,-0.415344,0.229065,-0.758789
70.75737524032593,0.699341,-0.257813,-0.769531,-1.058594,-0.115234,0.148437,-0.044922,0.445190,-0.415100,0.230103,-0.759277
70.77728486061096,0.700562,0.554687,-0.074219,-1.394531,0.042969,-0.003906,0.007813,0.445312,-0.414917,0.229919,-0.759399
70.79741644859314,0.697632,0.167969,-0.003906,-0.445312,0.072266,-0.074219,0.027344,0.445984,-0.415039,0.229126,-0.759155
70.8173508644104,0.692505,-0.222656,0.109375,0.160156,0.119141,-0.117188,0.050781,0.446960,-0.415405,0.228149,-0.758667
70.83744359016418,0.685913,0.000000,0.253906,-0.031250,0.066406,-0.160156,0.093750,0.448242,-0.416138,0.227417,-0.757751
70.85729479789734,0.677856,-0.113281,-0.050781,0.167969,0.123047,-0.136719,0.125000,0.449890,-0.416382,0.226624,-0.756897
70.87734985351562,0.675049,0.500000,-0.281250,-0.453125,0.142578,0.003906,0.193359,0.451782,-0.415466,0.226379,-0.756348
70.89750075340271,0.676880,0.214844,-0.394531,-0.582031,0.058594,0.074219,0.183594,0.453186,-0.414307,0.227051,-0.755920
70.9177770614624,0.692017,-0.593750,-0.343750,0.289063,-0.046875,-0.068359,0.007813,0.453430,-0.414490,0.227539,-0.755493
70.93770480155945,0.704346,-0.167969,-0.335938,0.062500,-0.027344,0.234375,0.212891,0.454041,-0.412903,0.229370,-0.755432
70.95753407478333,0.715210,2.179688,-0.281250,-0.828125,-0.101563,0.259766,0.058594,0.453674,-0.411133,0.231628,-0.755981
70.97813940048218,0.723145,-1.269531,-0.074219,0.238281,-0.083984,0.267578,-0.025391,0.452454,-0.409668,0.233582,-0.756897
70.99765419960022,0.740112,-0.210937,0.171875,0.304688,-0.132812,0.208984,-0.095703,0.450623,-0.409058,0.234985,-0.757874
71.01773309707642,0.746704,-0.507812,0.250000,-0.183594,-0.164062,0.050781,-0.224609,0.448425,-0.409546,0.235535,-0.758728
71.0375554561615,0.747559,0.433594,0.132812,-0.167969,-0.058594,0.054687,-0.177734,0.446655,-0.409973,0.235596,-0.759583
71.0577085018158,0.752686,0.410156,0.355469,-0.542969,0.031250,-0.009766,-0.066406,0.445984,-0.410400,0.235107,-0.759888
71.07796812057495,0.753296,-0.371094,0.281250,0.796875,-0.035156,-0.126953,-0.109375,0.445435,-0.411560,0.234375,-0.759766
71.09769463539124,0.752075,-0.089844,0.117188,0.113281,0.007813,-0.101563,-0.041016,0.445312,-0.412476,0.233704,-0.759583
71.11801552772522,0.743774,0.460937,-0.042969,-0.070312,-0.001953,-0.117188,-0.074219,0.445007,-0.413452,0.232910,-0.759460
71.13814997673035,0.742310,-0.664062,-0.121094,-0.054687,-0.013672,0.054687,0.003906,0.444885,-0.413391,0.232971,-0.759583
71.15773558616638,0.740723,-0.273438,-0.203125,-0.214844,-0.009766,0.009766,-0.039063,0.444702,-0.413208,0.233154,-0.759705
71.17818665504456,0.741821,-0.273438,-0.242187,0.054687,0.013672,-0.019531,-0.044922,0.444397,-0.413391,0.232849,-0.759827
71.1979820728302,0.748535,-1.238281,-0.128906,-0.406250,-0.031250,-0.013672,-0.041016,0.444092,-0.413574,0.232971,-0.759888
71.21823477745056,0.758301,0.179687,-0.281250,0.476562,-0.017578,0.142578,0.140625,0.444580,-0.412537,0.234192,-0.759827
71.23778772354126,0.771240,-0.832031,-0.113281,-0.136719,-0.039063,0.109375,0.064453,0.444824,-0.411621,0.235352,-0.759827
71.2580258846283,0.775146,0.683594,-0.105469,0.085937,-0.060547,0.148437,0.072266,0.444763,-0.410645,0.236572,-0.760010
71.27822971343994,0.778198,-0.937500,0.132812,-0.492187,-0.066406,0.162109,0.031250,0.444275,-0.409729,0.237610,-0.760437
71.29771375656128,0.780273,0.839844,0.074219,0.382813,-0.107422,0.136719,-0.066406,0.443176,-0.409302,0.238586,-0.761047
71.3180160522461,0.780518,0.273438,0.148437,-0.269531,-0.080078,0.085937,-0.105469,0.442017,-0.408997,0.239197,-0.761658
71.33851051330566,0.781372,0.730469,0.187500,-0.230469,-0.009766,0.164062,-0.025391,0.441345,-0.407959,0.239868,-0.762390
71.35831713676453,0.779785,0.902344,0.312500,-0.160156,-0.062500,0.072266,-0.083984,0.440308,-0.407837,0.240234,-0.762939
71.37829208374023,0.776489,-0.523437,0.417969,0.644531,-0.027344,0.025391,-0.134766,0.439209,-0.407959,0.240112,-0.763550
71.3981921672821,0.773315,1.605469,0.027344,-0.316406,0.074219,0.089844,0.007813,0.439148,-0.407227,0.240112,-0.763977
71.41817855834961,0.769653,-0.457031,0.027344,0.246094,-0.015625,-0.068359,-0.089844,0.438782,-0.407654,0.239685,-0.764099
71.43880248069763,0.761841,-1.078125,0.011719,0.750000,0.005859,-0.007813,-0.033203,0.438538,-0.407776,0.239563,-0.764221
71.4583101272583,0.757812,0.449219,-0.066406,-0.238281,-0.017578,0.091797,0.052734,0.438477,-0.407227,0.240051,-0.764404
71.47832894325256,0.756226,-1.269531,-0.179687,-0.285156,-0.021484,0.007813,-0.027344,0.438171,-0.407288,0.240112,-0.764526
71.49884104728699,0.757202,-0.539062,-0.066406,0.175781,-0.011719,-0.052734,-0.082031,0.437683,-0.407959,0.239685,-0.764587
71.51873207092285,0.765137,-0.515625,-0.027344,-0.199219,-0.044922,-0.103516,-0.076172,0.437256,-0.408936,0.239258,-0.764404
71.53871512413025,0.775391,-0.347656,-0.179687,0.277344,-0.062500,0.052734,0.076172,0.437439,-0.408630,0.240417,-0.764160
71.55850529670715,0.782227,1.773438,-0.472656,0.277344,-0.031250,0.167969,0.234375,0.438354,-0.407349,0.242126,-0.763733
71.57879996299744,0.788452,-1.894531,0.164062,-0.300781,-0.144531,0.097656,0.103516,0.438538,-0.406860,0.243713,-0.763367
71.59883069992065,0.787842,0.886719,-0.164062,0.582031,-0.060547,0.251953,0.185547,0.439026,-0.405090,0.245728,-0.763428
71.61837697029114,0.782837,0.894531,-0.062500,-0.382813,-0.042969,0.181641,0.150391,0.439392,-0.403809,0.247314,-0.763367
71.63883757591248,0.782349,-0.031250,0.375000,0.039063,-0.033203,-0.037109,-0.003906,0.439453,-0.403992,0.247437,-0.763184
71.65864658355713,0.783325,-0.531250,0.566406,-0.230469,0.019531,-0.068359,-0.013672,0.439697,-0.404358,0.247131,-0.762939
71.67908668518066,0.782837,1.078125,0.296875,0.390625,0.000000,0.054687,0.111328,0.440369,-0.403809,0.247620,-0.762695
71.69876551628113,0.778442,1.355469,0.113281,-0.078125,0.132812,-0.025391,0.015625,0.441101,-0.403442,0.246704,-0.762756
71.71870732307434,0.775269,-0.523437,0.296875,-0.093750,0.099609,-0.097656,-0.068359,0.441284,-0.403931,0.244995,-0.762939
71.73886203765869,0.771118,-0.429687,0.464844,0.246094,0.048828,-0.115234,-0.144531,0.440857,-0.404968,0.243164,-0.763184
71.75873637199402,0.756714,0.457031,-0.011719,0.664062,0.082031,-0.191406,-0.193359,0.440369,-0.406128,0.241211,-0.763489
71.77898359298706,0.747559,-0.617187,0.234375,-0.062500,0.025391,-0.041016,-0.136719,0.439453,-0.406982,0.239990,-0.763977
71.79898595809937,0.741699,-1.835938,-0.125000,-0.023437,-0.005859,0.007813,-0.169922,0.437683,-0.407715,0.239441,-0.764771
71.8189697265625,0.750244,0.855469,-0.714844,-0.015625,-0.128906,0.207031,-0.361328,0.434143,-0.407410,0.240173,-0.766724
71.83898496627808,0.757690,-1.542969,-0.609375,-0.707031,-0.113281,0.423828,-0.177734,0.431030,-0.405457,0.242249,-0.768860
71.85877919197083,0.765991,0.847656,-0.226562,-0.062500,-0.146484,0.302734,-0.111328,0.428650,-0.404175,0.244446,-0.770142
71.87935662269592,0.773437,-0.480469,-0.027344,0.398438,-0.150391,0.173828,-0.107422,0.426758,-0.403564,0.246094,-0.770996
71.89909076690674,0.784302,0.101563,0.171875,-0.515625,-0.082031,0.234375,0.017578,0.426086,-0.402283,0.247620,-0.771545
71.91940689086914,0.783569,1.699219,-0.234375,-0.332031,-0.021484,0.000000,0.054687,0.426514,-0.402100,0.247986,-0.771301
71.93925738334656,0.779663,-0.324219,0.265625,-1.019531,0.048828,-0.218750,0.136719,0.428528,-0.402710,0.247314,-0.770081
71.95898056030273,0.757812,2.250000,0.273438,-0.550781,0.265625,-0.146484,0.371094,0.432495,-0.402161,0.246155,-0.768494
71.97922444343567,0.742676,-0.402344,0.464844,-0.230469,0.128906,-0.273438,0.187500,0.435120,-0.403076,0.244751,-0.766968
71.9992926120758,0.731812,-1.359375,0.234375,1.300781,0.099609,-0.158203,0.117188,0.436829,-0.403809,0.243713,-0.765991
72.01910901069641,0.712891,0.242187,-0.187500,-0.539062,0.132812,-0.191406,0.109375,0.438721,-0.404114,0.242432,-0.765137
72.03927803039551,0.705200,0.542969,-0.234375,-0.929687,0.175781,-0.003906,0.087891,0.440002,-0.403320,0.241516,-0.765076
72.05953598022461,0.697021,-0.363281,-0.355469,-0.214844,0.146484,0.166016,-0.033203,0.439758,-0.401489,0.240784,-0.766418
72.07970404624939,0.687012,-0.429687,-0.992187,-0.523437,0.289063,0.341797,-0.380859,0.437500,-0.398499,0.239014,-0.769836
72.09963536262512,0.688110,1.589844,0.523437,-0.164062,0.187500,0.425781,-0.173828,0.435730,-0.395020,0.238525,-0.772766
72.11955642700195,0.696655,0.457031,1.210938,0.578125,-0.021484,0.273438,-0.179687,0.433533,-0.393555,0.239258,-0.774536
72.13981342315674,0.710327,-0.730469,0.398438,1.941406,-0.238281,0.101563,-0.240234,0.430725,-0.394104,0.240784,-0.775330
72.1595070362091,0.720459,-0.203125,0.753906,0.851562,-0.281250,0.082031,0.089844,0.429871,-0.394775,0.243652,-0.774597
72.17911052703857,0.727051,0.234375,1.367188,2.195313,-0.554687,-0.072266,0.123047,0.428772,-0.396729,0.247192,-0.773071
72.19980835914612,0.733276,-2.636719,-2.218750,-0.500000,-0.376953,0.099609,-0.134766,0.426392,-0.397644,0.249329,-0.773254
72.21954464912415,0.739624,0.925781,0.105469,0.726562,-0.210937,0.087891,-0.056641,0.424988,-0.397949,0.250916,-0.773315
72.23981857299805,0.744751,0.082031,-0.339844,-0.789062,-0.062500,-0.048828,-0.056641,0.424438,-0.398560,0.251099,-0.773315
72.25969386100769,0.750488,0.066406,-0.332031,-1.542969,0.050781,0.041016,0.050781,0.424805,-0.398010,0.251282,-0.773315
72.27955746650696,0.761353,1.308594,-0.523437,0.750000,-0.027344,-0.023437,0.064453,0.425354,-0.397766,0.252258,-0.772827
72.29996728897095,0.768921,-1.664063,-0.050781,0.640625,-0.197266,0.148437,0.251953,0.425903,-0.397339,0.254517,-0.771973
72.31971263885498,0.773315,1.816406,-0.132812,0.812500,-0.072266,-0.052734,-0.009766,0.425964,-0.397583,0.255249,-0.771545
72.34015035629272,0.773193,2.207031,-0.164062,0.128906,-0.060547,0.064453,0.130859,0.426331,-0.397461,0.256104,-0.771118
72.35983610153198,0.772339,-2.191406,0.312500,-0.285156,-0.062500,-0.123047,-0.031250,0.426147,-0.398621,0.255981,-0.770691
72.37971043586731,0.771484,0.781250,0.273438,0.191406,-0.021484,-0.115234,-0.050781,0.426025,-0.399597,0.255554,-0.770386
72.3998966217041,0.766235,0.074219,0.351563,-0.335938,0.019531,0.029297,0.056641,0.426453,-0.399231,0.255554,-0.770325
72.41963243484497,0.761963,0.773437,0.082031,-1.140625,0.152344,0.050781,0.031250,0.427185,-0.398254,0.254822,-0.770691
72.44042539596558,0.758179,-0.867187,0.343750,-0.398438,0.109375,-0.042969,-0.025391,0.427612,-0.398010,0.253723,-0.770935
72.45998644828796,0.756592,0.359375,-0.019531,1.003906,0.103516,-0.080078,-0.066406,0.427612,-0.398499,0.252380,-0.771179
72.47996163368225,0.756348,-0.621094,0.273438,-0.183594,0.041016,-0.076172,-0.156250,0.426819,-0.399109,0.251160,-0.771667
72.49997782707214,0.745972,1.722656,-0.242187,-0.148437,0.027344,0.119141,-0.080078,0.425903,-0.398621,0.250977,-0.772522
72.52030849456787,0.737305,-1.265625,-0.019531,-0.039063,-0.058594,0.132812,-0.179687,0.423950,-0.398376,0.251221,-0.773621
72.5402250289917,0.746948,0.058594,-0.523437,0.265625,-0.226562,0.158203,-0.292969,0.420837,-0.398376,0.252380,-0.774902
72.55981087684631,0.756836,-1.757813,-0.179687,0.656250,-0.082031,0.255859,-0.095703,0.418579,-0.397522,0.253784,-0.776123
72.58000302314758,0.763306,-1.097656,-0.257813,0.847656,-0.210937,0.181641,-0.154297,0.416321,-0.397095,0.255493,-0.776978
72.60043096542358,0.777832,0.242187,-0.171875,-0.332031,-0.138672,0.261719,-0.044922,0.414856,-0.395874,0.257446,-0.777771
72.62040662765503,0.780396,0.871094,-0.269531,-0.175781,-0.074219,0.080078,0.001953,0.414368,-0.395508,0.258301,-0.777954
72.64032363891602,0.780029,-0.261719,0.312500,-0.285156,0.007813,-0.064453,0.041016,0.414978,-0.395874,0.258118,-0.777466
72.6601870059967,0.768433,1.300781,0.121094,0.023437,0.109375,-0.064453,0.240234,0.417236,-0.395447,0.257751,-0.776550
72.68030667304993,0.762451,0.097656,0.242187,-0.484375,0.123047,-0.054687,0.216797,0.419434,-0.394958,0.257324,-0.775818
72.70051836967468,0.755615,-0.222656,0.050781,0.382813,0.015625,-0.109375,0.003906,0.420044,-0.395569,0.256836,-0.775330
72.7205376625061,0.737549,-1.570313,0.011719,0.734375,0.150391,-0.066406,0.128906,0.421753,-0.395386,0.255981,-0.774780
72.74038076400757,0.725342,1.652344,0.121094,-0.843750,0.166016,-0.111328,0.187500,0.424011,-0.395020,0.254883,-0.774048
72.76046538352966,0.710205,-1.355469,-0.148437,0.433594,0.146484,-0.091797,0.046875,0.425110,-0.394958,0.253723,-0.773865
72.78051924705505,0.696289,0.328125,-0.203125,-0.605469,0.132812,0.105469,-0.025391,0.425049,-0.393738,0.253052,-0.774780
72.80055665969849,0.665649,-0.125000,-0.484375,-0.402344,0.187500,0.232422,-0.248047,0.423523,-0.391541,0.251648,-0.777161
72.82075762748718,0.665894,0.441406,-0.488281,-1.222656,0.275391,0.382813,-0.171875,0.422241,-0.388062,0.250427,-0.779968
72.84054040908813,0.673706,0.765625,0.316406,-0.132812,0.091797,0.347656,-0.126953,0.420715,-0.385498,0.250732,-0.781982
72.86096715927124,0.671997,-0.207031,0.906250,1.511719,-0.203125,0.148437,-0.064453,0.419128,-0.385254,0.252747,-0.782288
72.88046765327454,0.673096,-0.238281,1.351563,1.832031,-0.431641,0.017578,0.142578,0.418396,-0.386597,0.256592,-0.780823
72.90043377876282,0.680542,-0.296875,0.792969,1.820313,-0.273438,0.000000,-0.115234,0.416443,-0.388367,0.259094,-0.780090
72.92093563079834,0.700195,-2.261719,-2.500000,-1.574219,-0.212891,0.087891,-0.103516,0.414490,-0.388977,0.260925,-0.780273
72.9404845237732,0.704468,0.644531,0.003906,-1.121094,-0.119141,0.072266,-0.025391,0.413574,-0.389099,0.261963,-0.780334
72.96077346801758,0.708496,0.605469,-0.371094,-1.226563,0.019531,-0.023437,-0.027344,0.413391,-0.389282,0.261658,-0.780457
72.98171782493591,0.719849,0.136719,-0.179687,-0.613281,0.023437,0.001953,0.015625,0.413635,-0.389160,0.261536,-0.780396
73.00110816955566,0.728271,0.375000,-0.140625,0.496094,-0.027344,0.019531,0.089844,0.414185,-0.388733,0.262207,-0.780090
73.0208568572998,0.736450,0.238281,-0.210937,0.035156,-0.082031,0.160156,0.156250,0.414612,-0.387634,0.263794,-0.779907
73.04091548919678,0.750732,0.691406,-0.117188,0.375000,-0.130859,0.130859,0.031250,0.414185,-0.386902,0.265259,-0.780029
73.06185364723206,0.757690,0.175781,-0.031250,-0.539062,-0.037109,0.171875,0.000000,0.413635,-0.385620,0.266357,-0.780579
73.08148217201233,0.762085,0.117188,-0.023437,-0.812500,-0.072266,0.246094,-0.001953,0.412598,-0.384216,0.267639,-0.781311
73.1007821559906,0.764893,0.324219,0.011719,0.519531,-0.033203,0.140625,-0.109375,0.411194,-0.383545,0.268311,-0.782227
73.12075567245483,0.770996,-0.703125,0.398438,-0.554687,-0.103516,0.113281,-0.136719,0.409729,-0.383179,0.268799,-0.782959
73.14105534553528,0.773193,0.132812,0.320313,-0.515625,-0.023437,-0.027344,-0.113281,0.408936,-0.383545,0.268433,-0.783325
73.16129112243652,0.774048,-0.152344,0.160156,0.019531,0.039063,-0.074219,-0.066406,0.408630,-0.384399,0.267517,-0.783386
73.18134903907776,0.771484,0.093750,0.152344,-0.015625,0.011719,-0.130859,-0.060547,0.408508,-0.385681,0.266479,-0.783203
73.20141625404358,0.767456,-0.128906,0.066406,0.035156,-0.003906,-0.169922,-0.078125,0.408386,-0.387024,0.265686,-0.782837
73.22130632400513,0.765625,0.191406,-0.203125,0.703125,-0.056641,-0.132812,-0.044922,0.408142,-0.388306,0.265503,-0.782410
73.24120879173279,0.767090,-0.476562,-0.164062,-0.164062,-0.035156,-0.015625,0.005859,0.407959,-0.388733,0.265564,-0.782288
73.26123785972595,0.770264,0.398438,-0.355469,-0.574219,0.015625,-0.017578,-0.056641,0.407654,-0.388855,0.265381,-0.782410
73.28116130828857,0.777222,0.199219,-0.355469,0.648437,-0.109375,0.103516,0.074219,0.407532,-0.388367,0.266663,-0.782288
73.30119466781616,0.788940,0.875000,-0.378906,0.312500,-0.130859,0.117188,0.109375,0.407776,-0.387512,0.268616,-0.781921
73.32141160964966,0.790161,-0.437500,-0.164062,-0.214844,-0.083984,0.144531,0.185547,0.408386,-0.386169,0.270691,-0.781555
73.34115052223206,0.788330,0.253906,-0.214844,-0.636719,-0.095703,0.294922,0.244141,0.408997,-0.383911,0.273132,-0.781494
73.36135125160217,0.781006,-1.062500,0.000000,-0.644531,-0.001953,0.134766,0.203125,0.410217,-0.382690,0.274231,-0.781067
73.38163352012634,0.766357,-0.792969,0.285156,-0.156250,0.021484,-0.521484,0.138672,0.412842,-0.385559,0.272583,-0.778870
73.40135312080383,0.756348,-0.785156,0.667969,0.750000,0.197266,-0.566406,0.234375,0.416565,-0.388916,0.269653,-0.776245
73.42163228988647,0.746094,1.250000,0.550781,-0.718750,0.142578,-0.599609,0.033203,0.419373,-0.392212,0.266418,-0.774170
73.44129228591919,0.715942,3.195313,0.269531,-1.585938,0.412109,-0.367188,0.269531,0.424072,-0.392700,0.262268,-0.772766
73.46149682998657,0.694580,1.539063,0.281250,-3.417969,0.970703,-0.349609,0.326172,0.430847,-0.390137,0.254700,-0.772827
73.48155403137207,0.685059,1.625000,-0.339844,-3.382813,1.404297,0.273438,-0.126953,0.434570,-0.382568,0.245056,-0.777649
73.50172257423401,0.677490,-2.226563,-4.058594,-2.781250,1.048828,0.669922,-0.404297,0.433960,-0.373962,0.238037,-0.784302
73.52136468887329,0.676025,0.316406,1.652344,1.964844,0.511719,0.472656,-0.314453,0.432251,-0.368652,0.235107,-0.788696
73.54189896583557,0.676270,-0.589844,1.222656,1.941406,-0.197266,0.283203,-0.265625,0.428650,-0.367859,0.236450,-0.790588
73.56215476989746,0.674072,-1.132813,1.062500,4.746094,-0.541016,0.082031,-0.406250,0.423340,-0.370056,0.239746,-0.791382
73.58185887336731,0.679687,-0.894531,0.144531,0.832031,-0.597656,0.308594,-0.263672,0.418335,-0.370972,0.244751,-0.792114
73.60183095932007,0.686401,0.898437,1.531250,0.503906,-0.654297,0.185547,-0.037109,0.415161,-0.372131,0.250244,-0.791565
73.62196516990662,0.691772,0.375000,0.644531,-0.613281,-0.208984,0.060547,0.083984,0.414734,-0.372559,0.252625,-0.790833
73.6421275138855,0.691650,-0.335938,-0.128906,-0.007813,-0.015625,-0.181641,0.064453,0.415649,-0.373718,0.252319,-0.789856
73.6620261669159,0.687622,-1.769531,0.222656,1.265625,0.001953,-0.404297,0.062500,0.416931,-0.376892,0.250610,-0.788208
73.6821436882019,0.680786,-1.500000,0.222656,1.140625,0.009766,-0.564453,-0.107422,0.417725,-0.381042,0.247986,-0.786621
73.70175743103027,0.671265,1.226563,-0.628906,-2.035156,0.197266,-0.195312,0.048828,0.419128,-0.382080,0.245789,-0.786072
73.72218704223633,0.664062,1.660156,-0.105469,-1.046875,0.136719,-0.185547,0.005859,0.420166,-0.382813,0.243958,-0.785767
73.74211978912354,0.657104,-0.390625,-0.046875,-0.058594,0.212891,-0.119141,0.011719,0.421204,-0.382996,0.242004,-0.785706
73.76240253448486,0.630859,-0.476562,0.277344,0.882812,-0.039063,-0.078125,-0.009766,0.421265,-0.383728,0.241760,-0.785400
73.78193235397339,0.620605,-0.339844,0.351563,0.929687,-0.060547,-0.080078,0.021484,0.421326,-0.384583,0.242126,-0.784851
73.80213952064514,0.616333,0.035156,0.062500,-0.167969,-0.107422,-0.107422,0.074219,0.421753,-0.385742,0.242615,-0.783875
73.82206797599792,0.603394,-0.003906,0.144531,0.628906,-0.095703,-0.179687,0.085937,0.422302,-0.387390,0.243164,-0.782593
73.84205174446106,0.596924,-0.085937,0.429687,0.890625,-0.306641,-0.218750,0.082031,0.422302,-0.390076,0.244873,-0.780762
73.86211609840393,0.582886,-0.171875,0.390625,0.792969,-0.367188,-0.125000,0.027344,0.421265,-0.392151,0.246887,-0.779602
73.88228797912598,0.564697,-0.453125,-0.679687,-0.339844,-0.132812,0.160156,-0.091797,0.419678,-0.391846,0.248047,-0.780273
73.90221905708313,0.561401,0.156250,-0.949219,-1.265625,-0.095703,0.171875,-0.058594,0.418457,-0.390808,0.249329,-0.781006
73.92230558395386,0.553955,0.410156,-0.136719,0.035156,-0.097656,0.228516,-0.001953,0.417358,-0.389526,0.250854,-0.781738
73.9422996044159,0.597412,-0.644531,-0.203125,0.027344,-0.105469,0.082031,-0.123047,0.415771,-0.389587,0.251709,-0.782288
73.96242141723633,0.635132,-1.601563,-0.082031,0.496094,-0.197266,-0.019531,-0.132812,0.414124,-0.390564,0.252991,-0.782227
73.9821310043335,0.670410,-0.621094,-0.378906,0.601562,-0.130859,0.222656,0.208984,0.414307,-0.389282,0.255493,-0.782043
74.00225353240967,0.692505,-0.539062,-0.312500,-1.804688,-0.033203,0.343750,0.261719,0.415100,-0.386353,0.257996,-0.782166
74.0227324962616,0.717041,1.285156,-0.019531,-0.257813,-0.048828,0.222656,0.105469,0.415222,-0.384521,0.259949,-0.782410
74.04272890090942,0.728027,-1.808594,0.148437,0.121094,-0.035156,-0.015625,0.005859,0.415039,-0.384644,0.260559,-0.782227
74.06294918060303,0.734009,-0.382813,0.464844,0.363281,-0.031250,-0.060547,-0.060547,0.414490,-0.385376,0.260620,-0.782166
74.08225417137146,0.734131,0.675781,0.281250,0.144531,0.000000,-0.007813,-0.033203,0.414124,-0.385620,0.260681,-0.782227
74.10240316390991,0.732300,0.484375,0.425781,0.027344,-0.048828,0.060547,0.091797,0.414429,-0.385071,0.261414,-0.782104
74.12270283699036,0.728638,1.953125,0.097656,0.027344,0.111328,0.027344,0.023437,0.414795,-0.384521,0.260803,-0.782349
74.14272332191467,0.706421,-0.183594,0.273438,-1.175781,0.060547,-0.072266,-0.095703,0.414490,-0.385132,0.259338,-0.782715
74.16251468658447,0.685669,0.015625,0.218750,0.089844,0.019531,-0.117188,-0.130859,0.413940,-0.386292,0.258118,-0.782837
74.18274068832397,0.667969,0.023437,-0.027344,0.546875,0.013672,-0.146484,-0.126953,0.413391,-0.387695,0.256836,-0.782837
74.20281410217285,0.627197,-0.085937,0.082031,-0.125000,0.080078,-0.255859,-0.080078,0.413513,-0.389343,0.255127,-0.782532
74.22276568412781,0.609375,-0.046875,-0.281250,0.335938,0.064453,-0.087891,-0.039063,0.413513,-0.389893,0.254456,-0.782471
74.24295449256897,0.607056,0.250000,-0.433594,0.761719,-0.052734,0.070312,0.005859,0.413208,-0.389526,0.255066,-0.782593
74.26241493225098,0.608276,-0.316406,-0.394531,-0.039063,0.033203,0.132812,-0.013672,0.412842,-0.388550,0.255371,-0.783203
74.28303790092468,0.620850,-0.652344,-0.210937,-1.015625,-0.017578,0.058594,-0.091797,0.411926,-0.388184,0.255493,-0.783813
74.30282163619995,0.636597,0.152344,-0.328125,0.511719,-0.085937,0.130859,-0.039063,0.410767,-0.387634,0.256653,-0.784302
74.32284021377563,0.654419,-0.148437,-0.472656,0.363281,-0.154297,0.287109,0.019531,0.409607,-0.386047,0.258850,-0.784973
74.34306144714355,0.707397,0.804687,-0.265625,-0.785156,-0.193359,0.447266,0.039063,0.408081,-0.383118,0.262390,-0.786011
74.36268544197083,0.720093,0.167969,-0.699219,0.703125,-0.107422,0.468750,0.017578,0.406433,-0.379761,0.265747,-0.787354
74.3828980922699,0.726685,0.000000,0.050781,0.148437,-0.111328,0.396484,-0.003906,0.404785,-0.377197,0.268372,-0.788574
74.40296339988708,0.734131,-0.574219,0.136719,0.554687,-0.107422,0.171875,-0.087891,0.403198,-0.376404,0.269836,-0.789246
74.42300033569336,0.736938,-0.558594,0.449219,-0.050781,-0.080078,0.039063,-0.050781,0.402466,-0.376526,0.270264,-0.789429
74.44298052787781,0.737427,0.699219,0.343750,-0.085937,0.031250,-0.044922,0.009766,0.402710,-0.376648,0.269958,-0.789307
74.46281123161316,0.736816,1.160156,0.417969,0.906250,-0.033203,0.027344,0.111328,0.403259,-0.376404,0.270447,-0.789001
74.48327231407166,0.736572,0.371094,0.273438,-0.125000,0.013672,-0.062500,-0.085937,0.403076,-0.376831,0.269958,-0.789124
74.5031247138977,0.737183,-1.484375,0.234375,-0.125000,0.060547,-0.076172,-0.048828,0.402954,-0.377502,0.268921,-0.789185
74.52355861663818,0.729370,1.066406,0.250000,-0.347656,0.042969,-0.111328,-0.048828,0.403137,-0.378418,0.267639,-0.789062
74.54316854476929,0.723755,-0.027344,0.433594,-0.347656,0.039063,-0.238281,-0.134766,0.402954,-0.380371,0.265808,-0.788879
74.56342673301697,0.719727,-0.917969,0.074219,0.656250,-0.025391,-0.210937,-0.121094,0.402466,-0.382202,0.264832,-0.788513
74.58350896835327,0.716919,0.773437,-0.355469,0.250000,0.000000,-0.103516,-0.023437,0.402466,-0.382996,0.264587,-0.788269
74.60319685935974,0.709961,-0.199219,-0.164062,-0.316406,0.023437,-0.027344,0.035156,0.402832,-0.383118,0.264343,-0.788086
74.6237256526947,0.703125,-0.429687,-0.394531,-1.042969,0.107422,-0.101563,-0.009766,0.403503,-0.383545,0.263062,-0.787964
74.64344787597656,0.687866,-0.906250,-0.324219,-0.937500,0.273438,-0.242187,-0.042969,0.404785,-0.384033,0.260010,-0.788025
74.66356801986694,0.667480,-0.351563,-0.480469,-1.996094,0.283203,0.294922,0.109375,0.405945,-0.380615,0.258667,-0.789612
74.68346929550171,0.665161,2.175781,-1.429688,-0.105469,0.519531,0.558594,-0.105469,0.405762,-0.374512,0.257019,-0.793152
74.70330238342285,0.666382,0.238281,0.238281,0.859375,0.312500,0.621094,-0.023437,0.404968,-0.368530,0.256836,-0.796387
74.72372651100159,0.680786,-0.273438,0.812500,1.460938,0.072266,0.468750,-0.097656,0.403320,-0.364807,0.257874,-0.798584
74.74389982223511,0.690674,-0.542969,0.691406,1.683594,-0.169922,0.269531,-0.060547,0.401672,-0.363281,0.260071,-0.799438
74.76327180862427,0.695435,0.140625,1.281250,1.570313,-0.224609,0.132812,0.107422,0.401245,-0.363037,0.262756,-0.798889
74.78375315666199,0.703125,0.480469,1.160156,1.437500,-0.367188,-0.128906,0.103516,0.401123,-0.364990,0.265320,-0.797180
74.80373406410217,0.702881,-1.089844,0.019531,0.613281,-0.150391,-0.197266,0.013672,0.401123,-0.367065,0.265930,-0.796021
74.82376432418823,0.701782,-0.082031,-0.917969,-1.339844,-0.042969,-0.037109,0.003906,0.401184,-0.367554,0.266113,-0.795715
74.84381747245789,0.702026,0.492187,-0.410156,-1.101563,-0.044922,0.023437,0.099609,0.401733,-0.367432,0.266968,-0.795166
74.86416125297546,0.701538,-0.066406,0.402344,0.890625,-0.205078,-0.126953,0.123047,0.402283,-0.368958,0.268433,-0.793701
74.8839840888977,0.702759,-0.953125,0.777344,2.039063,-0.228516,-0.228516,-0.074219,0.401550,-0.371704,0.269348,-0.792480
74.90408277511597,0.703369,-1.972656,-0.921875,-0.218750,-0.117188,-0.039063,-0.031250,0.400818,-0.372742,0.270142,-0.792053
74.92372107505798,0.709961,1.726563,-0.179687,-0.886719,0.025391,0.162109,0.058594,0.400879,-0.371399,0.270935,-0.792419
74.94411492347717,0.717773,0.484375,-0.292969,-1.160156,-0.042969,0.226562,-0.017578,0.400146,-0.369812,0.271912,-0.793213
74.96380114555359,0.727661,-1.367188,-0.218750,0.546875,-0.148437,0.148437,-0.136719,0.398376,-0.369385,0.272888,-0.794006
74.98393845558167,0.741821,-0.832031,-0.019531,0.976562,-0.134766,0.093750,-0.125000,0.396606,-0.369446,0.273804,-0.794495
75.0043113231659,0.745850,0.042969,0.136719,0.218750,-0.101563,0.117188,-0.119141,0.394958,-0.369385,0.274597,-0.795105
75.0237205028534,0.751953,0.722656,0.105469,-0.695312,-0.025391,0.082031,-0.107422,0.393860,-0.369202,0.274841,-0.795593
75.04408836364746,0.756470,-0.234375,0.019531,0.261719,0.027344,-0.021484,0.029297,0.393982,-0.369385,0.274719,-0.795532
75.06421232223511,0.754761,0.839844,0.171875,-0.148437,-0.009766,-0.150391,-0.009766,0.394348,-0.370483,0.274109,-0.795044
75.084228515625,0.752930,-0.832031,0.019531,0.468750,0.050781,-0.089844,0.009766,0.394836,-0.371033,0.273438,-0.794739
75.10426783561707,0.744995,0.578125,-0.019531,-0.335938,0.056641,-0.015625,0.033203,0.395386,-0.370972,0.272888,-0.794739
75.12408089637756,0.739990,0.156250,0.203125,0.085937,0.029297,-0.125000,-0.076172,0.395386,-0.371887,0.271851,-0.794678
75.14440107345581,0.730347,-0.863281,0.347656,0.777344,0.085937,-0.207031,-0.064453,0.395691,-0.373291,0.270447,-0.794312
75.1641263961792,0.718262,0.339844,0.371094,-0.066406,0.109375,-0.171875,0.050781,0.396790,-0.374084,0.269287,-0.793762
75.18426394462585,0.713745,0.292969,-0.203125,0.164062,-0.001953,0.003906,0.123047,0.397888,-0.373840,0.269287,-0.793335
75.20416140556335,0.715088,-0.042969,-0.394531,-0.343750,0.058594,-0.041016,0.039063,0.398621,-0.373779,0.268860,-0.793152
75.22423076629639,0.717773,-1.460938,-0.289063,0.042969,0.080078,0.039063,0.140625,0.399719,-0.373108,0.268982,-0.792908
75.24431204795837,0.734009,0.746094,-0.316406,-0.503906,-0.029297,0.000000,0.072266,0.400452,-0.372620,0.269653,-0.792542
75.26440954208374,0.746094,-0.542969,-0.300781,0.378906,-0.123047,0.271484,0.242187,0.401001,-0.370911,0.271851,-0.792297
75.2845344543457,0.756470,0.769531,-0.277344,-0.011719,-0.076172,0.152344,0.080078,0.400879,-0.369507,0.273804,-0.792358
75.30449080467224,0.769531,-0.914062,0.121094,-0.128906,-0.208984,0.380859,0.132812,0.400146,-0.367432,0.276855,-0.792603
75.3242118358612,0.777100,-1.394531,0.218750,-0.351563,-0.166016,0.228516,-0.023437,0.398743,-0.366150,0.279053,-0.793152
75.34449315071106,0.785156,0.582031,0.050781,-0.304688,-0.123047,0.281250,-0.054687,0.397156,-0.364746,0.280701,-0.794006
75.36440467834473,0.788208,0.183594,0.019531,-1.039063,-0.054687,0.080078,-0.179687,0.395325,-0.364807,0.280579,-0.794922
75.3847758769989,0.785645,-0.453125,-0.070312,-0.503906,0.291016,0.033203,-0.248047,0.394653,-0.363464,0.277466,-0.796936
75.40453600883484,0.779053,3.507813,-1.765625,-5.300781,1.130859,0.519531,-0.066406,0.396362,-0.355774,0.270630,-0.801880
75.42471623420715,0.768066,-0.324219,-1.773438,-1.765625,0.912109,0.523437,-0.197266,0.396667,-0.348511,0.264832,-0.806885
75.44715881347656,0.763916,-0.285156,1.125000,2.171875,0.378906,0.382813,-0.220703,0.395081,-0.345032,0.262817,-0.809814
75.4646646976471,0.760742,-0.773437,1.078125,2.566406,-0.580078,-0.203125,-0.316406,0.391479,-0.348694,0.265015,-0.809265
75.48464584350586,0.757812,0.015625,0.957031,0.453125,-0.648437,-0.228516,-0.085937,0.389160,-0.353271,0.268555,-0.807251
75.5047960281372,0.746826,1.765625,0.796875,-1.089844,-0.214844,-0.197266,0.093750,0.389648,-0.355286,0.269897,-0.805664
75.52478003501892,0.739258,0.378906,-0.550781,-1.925781,0.236328,-0.021484,0.134766,0.391541,-0.354675,0.268494,-0.805481
75.54491829872131,0.728516,-0.410156,-0.605469,-0.222656,0.160156,-0.345703,0.103516,0.393982,-0.356506,0.266235,-0.804199
75.56501793861389,0.708862,-0.476562,1.371094,2.074219,0.103516,-0.673828,0.212891,0.397705,-0.360840,0.263672,-0.801331
75.5847282409668,0.700195,0.472656,0.191406,-0.039063,0.082031,-0.687500,0.207031,0.401428,-0.365295,0.261047,-0.798279
75.60514831542969,0.692749,-0.265625,-0.222656,-0.382813,0.193359,-0.488281,0.148437,0.404541,-0.368225,0.258118,-0.796326
75.62489342689514,0.677612,0.386719,-0.812500,-1.324219,0.216797,-0.341797,0.087891,0.406860,-0.369873,0.255554,-0.795166
75.6449544429779,0.671265,0.246094,0.132812,0.398438,0.003906,-0.216797,0.097656,0.408264,-0.371277,0.254822,-0.794067
75.66512942314148,0.668213,0.308594,0.214844,0.136719,-0.019531,-0.111328,0.082031,0.409058,-0.372070,0.254883,-0.793274
75.68519186973572,0.652344,0.156250,-0.238281,-0.652344,0.025391,0.005859,-0.003906,0.409241,-0.372009,0.254639,-0.793274
75.70498776435852,0.648193,-0.535156,-0.703125,-0.085937,0.062500,0.009766,0.029297,0.409668,-0.371704,0.254272,-0.793335
75.72504258155823,0.647827,-0.074219,0.292969,0.519531,0.011719,-0.064453,0.031250,0.410156,-0.372009,0.254089,-0.792969
75.74503922462463,0.646240,-0.152344,0.062500,0.136719,-0.085937,-0.060547,0.052734,0.410400,-0.372803,0.254639,-0.792297
75.76548480987549,0.645264,0.117188,0.382813,0.582031,-0.148437,-0.074219,0.054687,0.410461,-0.373962,0.255737,-0.791382
75.78507542610168,0.642822,-0.152344,0.179687,0.109375,-0.140625,-0.156250,0.013672,0.410522,-0.375549,0.256226,-0.790466
75.80526232719421,0.637573,0.023437,-0.152344,-0.472656,-0.023437,-0.121094,0.042969,0.410950,-0.376648,0.256104,-0.789734
75.82506012916565,0.620117,0.476562,0.117188,-0.113281,-0.068359,-0.083984,0.007813,0.411011,-0.377563,0.256287,-0.789185
75.8455057144165,0.611206,-0.257813,-0.097656,-0.136719,-0.007813,-0.017578,-0.037109,0.410767,-0.377869,0.256226,-0.789185
75.86554336547852,0.605713,-0.082031,-0.367188,-0.589844,-0.015625,0.089844,-0.019531,0.410217,-0.377441,0.256592,-0.789551
75.88548111915588,0.596191,-0.382813,0.171875,0.179687,-0.070312,0.093750,-0.056641,0.409363,-0.377075,0.257324,-0.789917
75.90535926818848,0.591919,0.390625,0.062500,0.906250,-0.121094,0.125000,-0.042969,0.408325,-0.376709,0.258606,-0.790222
75.92550492286682,0.597168,-0.480469,0.035156,0.261719,-0.115234,0.134766,-0.031250,0.407288,-0.376404,0.259705,-0.790527
75.94549417495728,0.638550,0.015625,-0.265625,-0.035156,-0.052734,-0.068359,-0.103516,0.406433,-0.377258,0.259583,-0.790649
75.96532797813416,0.663208,-0.421875,-0.187500,-0.488281,-0.005859,-0.046875,-0.001953,0.406555,-0.377625,0.259460,-0.790466
75.98550128936768,0.688721,1.648438,-0.457031,-0.097656,-0.062500,0.197266,0.255859,0.407776,-0.375916,0.261292,-0.790039
76.00556063652039,0.725098,1.542969,-0.480469,0.238281,0.023437,0.089844,0.105469,0.408630,-0.374329,0.262573,-0.789917
76.02540802955627,0.735718,-2.289063,0.074219,-0.734375,-0.058594,0.158203,0.042969,0.408264,-0.373047,0.264282,-0.790100
76.04565572738647,0.742920,-0.570312,0.050781,0.531250,-0.074219,0.300781,0.070312,0.407471,-0.371216,0.266174,-0.790771
76.06549525260925,0.751221,0.148437,0.332031,-1.199219,-0.083984,0.242187,-0.001953,0.406616,-0.369507,0.267639,-0.791504
76.08555102348328,0.758057,0.910156,0.265625,0.589844,0.011719,0.197266,0.001953,0.406006,-0.368042,0.268677,-0.792175
76.10573101043701,0.757568,0.242187,0.531250,-0.488281,-0.019531,0.080078,-0.076172,0.404968,-0.367798,0.268982,-0.792725
76.12548661231995,0.757446,-0.945312,0.304688,-0.414062,0.003906,0.005859,-0.169922,0.403870,-0.367981,0.268433,-0.793396
76.14579963684082,0.752808,1.253906,0.097656,-0.226562,0.011719,-0.105469,-0.123047,0.403259,-0.368713,0.267578,-0.793640
76.16612219810486,0.747070,-1.367188,0.242187,0.507812,0.013672,-0.072266,-0.025391,0.403015,-0.369568,0.266968,-0.793579
76.18575954437256,0.744629,1.214844,-0.035156,0.277344,-0.015625,-0.113281,-0.095703,0.402527,-0.370667,0.266296,-0.793518
76.20570850372314,0.724365,0.269531,-0.113281,-0.328125,0.001953,0.064453,0.058594,0.402649,-0.370422,0.266357,-0.793579
76.22588801383972,0.717529,0.660156,-0.234375,-0.367188,0.019531,-0.001953,-0.027344,0.402588,-0.370239,0.266296,-0.793701
76.24609112739563,0.716797,-0.792969,-0.121094,0.046875,0.015625,0.042969,-0.013672,0.402344,-0.370056,0.266296,-0.793884
76.266188621521,0.734863,-0.179687,-0.156250,-0.218750,-0.070312,0.003906,-0.064453,0.401611,-0.370300,0.266602,-0.794006
76.28619980812073,0.750732,0.269531,-0.265625,0.398438,-0.099609,0.150391,0.041016,0.401245,-0.369446,0.268066,-0.794128
76.3057861328125,0.763062,1.414063,-0.257813,-0.242187,-0.041016,0.291016,0.136719,0.401306,-0.367004,0.270264,-0.794495
76.3262186050415,0.775146,0.281250,-0.347656,-0.296875,-0.105469,0.248047,0.023437,0.400574,-0.365112,0.272583,-0.794983
76.34609580039978,0.780762,-1.250000,-0.066406,-0.296875,-0.166016,0.310547,0.015625,0.399170,-0.363525,0.274963,-0.795532
76.36626768112183,0.782837,-0.570312,0.105469,-0.066406,-0.060547,0.074219,-0.095703,0.398010,-0.363281,0.275696,-0.796021
76.38614916801453,0.784424,-0.492187,0.527344,-0.902344,-0.076172,0.027344,-0.044922,0.397278,-0.363464,0.275879,-0.796265
76.40634369850159,0.786377,1.261719,0.218750,0.554687,-0.031250,0.000000,-0.119141,0.396362,-0.363770,0.275635,-0.796631
76.42587471008301,0.785767,0.941406,0.449219,-0.058594,0.035156,0.056641,-0.007813,0.395996,-0.363647,0.275391,-0.796936
76.44598484039307,0.783203,0.175781,0.519531,0.285156,0.027344,-0.111328,-0.203125,0.395020,-0.364685,0.274292,-0.797302
76.4665048122406,0.774048,-0.746094,0.464844,0.285156,0.015625,-0.031250,-0.035156,0.394775,-0.365234,0.273743,-0.797363
76.48604893684387,0.768677,1.773438,-0.074219,0.332031,0.052734,-0.152344,-0.025391,0.395264,-0.366089,0.272827,-0.797058
76.5065336227417,0.763672,0.410156,-0.042969,-0.472656,0.103516,-0.205078,0.015625,0.396362,-0.367065,0.271362,-0.796570
76.52654433250427,0.750244,-0.019531,-0.632812,-1.085938,0.361328,-0.246094,0.107422,0.399109,-0.367126,0.268066,-0.796265
76.54624676704407,0.738525,0.082031,-0.593750,-3.378906,0.664062,0.050781,0.236328,0.402954,-0.362793,0.263550,-0.797852
76.56654167175293,0.730835,2.074219,-2.035156,-2.949219,1.246094,0.914062,-0.130859,0.404236,-0.351318,0.257813,-0.804199
76.5860161781311,0.723755,1.210938,0.621094,1.160156,0.576172,1.039063,-0.041016,0.402649,-0.341797,0.257202,-0.809265
76.60645246505737,0.722046,-2.441406,1.738281,5.851562,-0.750000,0.238281,-0.562500,0.395691,-0.342712,0.261780,-0.810852
76.62660264968872,0.723389,-3.269531,1.246094,4.222656,-0.785156,0.373047,-0.378906,0.388794,-0.343933,0.268066,-0.811584
76.6460349559784,0.722168,3.609375,0.503906,-1.292969,-0.560547,0.382813,-0.210937,0.384216,-0.343689,0.273376,-0.812134
76.66635155677795,0.720459,0.292969,0.867187,0.140625,-0.246094,0.158203,-0.056641,0.382446,-0.343323,0.275818,-0.812256
76.68650436401367,0.715088,-0.152344,0.246094,-1.023438,0.091797,0.015625,0.115234,0.383545,-0.342773,0.275513,-0.812134
76.70666599273682,0.710083,-1.054688,1.003906,1.910156,0.142578,-0.312500,0.125000,0.385681,-0.344727,0.273682,-0.810852
76.72653269767761,0.688232,-2.273438,0.953125,2.265625,0.015625,-0.705078,-0.001953,0.387817,-0.350037,0.270935,-0.808533
76.74638843536377,0.677124,0.632812,0.000000,-0.101563,0.246094,-0.667969,0.089844,0.391174,-0.354004,0.266907,-0.806519
76.76674246788025,0.663452,1.882813,-0.597656,-3.121094,0.351563,-0.410156,0.210937,0.394958,-0.355713,0.263062,-0.805115
76.78696918487549,0.631958,0.425781,0.101563,0.578125,0.140625,-0.392578,0.052734,0.397034,-0.357849,0.260681,-0.803955
76.80674314498901,0.611450,-0.292969,0.054687,-0.179687,0.173828,-0.195312,0.066406,0.398743,-0.358643,0.258667,-0.803406
76.82710933685303,0.595581,-0.117188,-0.507812,-0.847656,0.271484,-0.189453,0.080078,0.400757,-0.358948,0.256287,-0.803040
76.84680581092834,0.575439,0.027344,0.359375,1.015625,0.052734,-0.167969,0.144531,0.402466,-0.359802,0.255676,-0.802002
76.86712217330933,0.571533,-0.250000,0.589844,1.292969,-0.128906,-0.181641,0.121094,0.403442,-0.361450,0.256287,-0.800537
76.88696455955505,0.570557,-0.402344,0.230469,0.710937,-0.154297,-0.177734,0.085937,0.404053,-0.363098,0.257019,-0.799255
76.907062292099,0.562622,-0.140625,-0.097656,-0.609375,-0.103516,-0.105469,0.046875,0.404358,-0.364319,0.257446,-0.798401
76.92678356170654,0.552734,0.460937,0.039063,-0.199219,-0.117188,-0.107422,0.095703,0.404846,-0.365540,0.258484,-0.797302
76.94693446159363,0.545044,0.347656,0.437500,0.750000,-0.388672,-0.156250,0.105469,0.404663,-0.367920,0.261169,-0.795410
76.9673969745636,0.542969,-0.625000,0.605469,1.914063,-0.193359,-0.093750,-0.138672,0.403259,-0.369873,0.262634,-0.794739
76.98705649375916,0.557251,0.203125,-0.593750,-0.757812,-0.126953,0.158203,-0.027344,0.402039,-0.369385,0.264038,-0.795105
77.0071611404419,0.585083,1.089844,-0.472656,-1.785156,0.052734,0.294922,0.042969,0.401550,-0.366943,0.265198,-0.796082
77.02733135223389,0.616699,0.785156,-0.242187,-1.308594,-0.093750,0.361328,0.015625,0.400452,-0.364441,0.267334,-0.797119
77.04712748527527,0.673950,-0.593750,-0.226562,1.050781,-0.167969,0.271484,-0.039063,0.398804,-0.363037,0.269592,-0.797791
77.06701064109802,0.704346,-0.332031,-0.058594,0.398438,-0.203125,0.279297,0.050781,0.397766,-0.361511,0.272156,-0.798096
77.08715462684631,0.722046,1.652344,-0.148437,-0.742187,-0.078125,0.373047,0.136719,0.397522,-0.358704,0.274597,-0.798645
77.10727000236511,0.739014,0.718750,-0.132812,-0.988281,-0.046875,0.148437,-0.001953,0.396973,-0.357422,0.275940,-0.799072
77.12746548652649,0.740845,-1.902344,0.140625,0.199219,-0.105469,0.017578,-0.042969,0.396301,-0.358032,0.276367,-0.799011
77.14734840393066,0.741089,-0.949219,0.304688,-0.789062,-0.015625,-0.269531,-0.076172,0.396484,-0.360107,0.275146,-0.798401
77.16720461845398,0.720825,1.195313,0.066406,-0.265625,0.150391,-0.197266,-0.007813,0.397339,-0.361206,0.273315,-0.798096
77.18766403198242,0.704956,0.441406,0.250000,-1.003906,0.117188,-0.089844,0.052734,0.398376,-0.361450,0.272034,-0.797913
77.20728087425232,0.691406,1.007813,0.042969,0.367188,0.308594,-0.033203,-0.119141,0.398682,-0.360596,0.269226,-0.799133
77.2273781299591,0.668457,-0.769531,-1.300781,-1.746094,0.519531,0.294922,-0.169922,0.398376,-0.356934,0.265747,-0.802063
77.24737811088562,0.653931,1.500000,-0.183594,-0.953125,0.359375,0.234375,-0.054687,0.398499,-0.353882,0.263611,-0.804016
77.26765513420105,0.647827,0.136719,1.113281,1.207031,-0.005859,-0.033203,-0.072266,0.397949,-0.354370,0.263245,-0.804199
77.28759598731995,0.638672,-1.058594,1.105469,2.625000,-0.267578,-0.263672,-0.072266,0.397095,-0.357605,0.264221,-0.802917
77.3077163696289,0.625122,-0.292969,0.789062,1.414063,-0.490234,-0.285156,-0.025391,0.395935,-0.361877,0.266907,-0.800659
77.32775497436523,0.631714,0.050781,0.500000,1.546875,-0.294922,-0.134766,-0.113281,0.394287,-0.364563,0.268799,-0.799622
77.34773659706116,0.641724,-1.429688,-2.074219,-2.160156,-0.056641,0.175781,-0.011719,0.393372,-0.363708,0.269897,-0.800110
77.36751461029053,0.663452,2.187500,-0.351563,-1.507813,0.058594,0.238281,0.064453,0.393311,-0.361816,0.270630,-0.800720
77.38790082931519,0.667725,-0.882812,-0.003906,0.652344,-0.044922,-0.025391,-0.027344,0.393005,-0.362061,0.270752,-0.800720
77.40776181221008,0.673340,-1.273438,0.070312,0.695312,-0.046875,-0.097656,-0.085937,0.392517,-0.363159,0.270569,-0.800537
77.42801189422607,0.691650,-0.378906,-0.152344,-0.207031,-0.037109,0.001953,0.035156,0.392761,-0.362976,0.271179,-0.800293
77.44777941703796,0.704346,1.781250,-0.371094,-0.015625,-0.003906,0.138672,0.277344,0.394165,-0.361694,0.272583,-0.799683
77.46789002418518,0.725952,-1.656250,-0.089844,0.406250,-0.060547,-0.005859,0.246094,0.395996,-0.361084,0.273987,-0.798645
77.48777937889099,0.750366,1.484375,-0.066406,0.222656,0.056641,0.058594,0.408203,0.398926,-0.359558,0.275391,-0.797363
77.50823903083801,0.754272,0.351563,0.195312,-0.437500,-0.078125,-0.058594,0.175781,0.400574,-0.359253,0.276489,-0.796265
77.52808499336243,0.759766,1.265625,0.136719,-0.582031,-0.050781,0.005859,0.089844,0.401184,-0.359070,0.277161,-0.795776
77.54785180091858,0.765259,-1.746094,0.152344,-0.535156,0.023437,0.134766,0.201172,0.401978,-0.358032,0.277832,-0.795654
77.56800603866577,0.765015,2.605469,0.074219,-0.773437,0.041016,0.039063,0.050781,0.402527,-0.357300,0.277832,-0.795715
77.58773231506348,0.761353,-0.980469,0.035156,0.054687,0.023437,-0.041016,-0.023437,0.402588,-0.357666,0.277405,-0.795654
77.60804867744446,0.754883,-0.835937,-0.078125,-0.023437,0.080078,-0.144531,-0.080078,0.402649,-0.358521,0.276062,-0.795715
77.62783646583557,0.738647,0.636719,-0.285156,-1.019531,0.128906,0.015625,-0.042969,0.402344,-0.358215,0.274841,-0.796387
77.64792585372925,0.724121,0.359375,-0.609375,-0.105469,0.292969,0.199219,-0.386719,0.400208,-0.356323,0.272217,-0.799255
77.66786313056946,0.715332,-2.000000,-1.121094,-2.382813,0.431641,0.457031,-0.208984,0.398621,-0.351929,0.269775,-0.802795
77.68808674812317,0.704712,-0.144531,0.683594,1.093750,0.222656,0.314453,-0.183594,0.397156,-0.348999,0.268677,-0.805176
77.70801854133606,0.700928,-0.246094,0.843750,1.765625,-0.044922,0.103516,-0.064453,0.396179,-0.348511,0.269165,-0.805664
77.72794651985168,0.698486,-0.160156,1.378906,2.457031,-0.330078,-0.130859,0.078125,0.395935,-0.350708,0.271667,-0.804077
77.74821043014526,0.704468,-0.128906,1.343750,2.355469,-0.707031,-0.296875,0.099609,0.394897,-0.355103,0.276123,-0.801025
77.76845741271973,0.710327,-1.417969,-1.097656,-0.328125,-0.222656,-0.078125,-0.234375,0.392822,-0.357544,0.278015,-0.800354
77.7883288860321,0.713867,1.355469,-0.992187,-2.160156,-0.037109,0.099609,0.009766,0.392395,-0.356995,0.278870,-0.800476
77.80882668495178,0.715576,1.640625,-0.292969,-2.046875,0.083984,0.175781,0.115234,0.393005,-0.355225,0.279236,-0.800842
77.82833480834961,0.719238,0.597656,-0.226562,-0.910156,-0.015625,0.021484,-0.029297,0.392639,-0.355042,0.279480,-0.801025
77.84841918945312,0.723022,-0.933594,-0.109375,0.542969,-0.107422,0.087891,-0.113281,0.391174,-0.354980,0.280212,-0.801514
77.86835145950317,0.729248,0.062500,-0.292969,-0.136719,-0.210937,0.244141,-0.191406,0.388367,-0.354309,0.281921,-0.802612
77.88873600959778,0.742432,-0.437500,-0.363281,0.214844,-0.078125,0.298828,-0.119141,0.386108,-0.352783,0.283325,-0.803894
77.90842986106873,0.744995,1.531250,0.097656,-1.316406,-0.042969,0.277344,-0.099609,0.384399,-0.351074,0.284485,-0.804993
77.92833256721497,0.747559,0.437500,0.328125,0.007813,0.050781,0.169922,0.029297,0.383911,-0.349854,0.285034,-0.805542
77.948739528656,0.749146,-0.007813,0.328125,1.226563,-0.054687,-0.087891,-0.087891,0.383423,-0.350830,0.284851,-0.805481
77.9688127040863,0.745605,-1.210938,0.136719,0.351563,0.019531,-0.123047,-0.039063,0.383423,-0.351929,0.284119,-0.805237
77.98875665664673,0.741211,0.796875,0.058594,-0.597656,0.060547,-0.113281,0.001953,0.383972,-0.352661,0.283142,-0.804993
78.00875759124756,0.727661,-0.023437,0.203125,0.128906,0.056641,-0.171875,-0.001953,0.384705,-0.353882,0.281799,-0.804565
78.02891254425049,0.715576,0.183594,0.312500,-0.246094,0.062500,-0.283203,-0.021484,0.385803,-0.355713,0.279968,-0.803894
78.04903602600098,0.701904,-0.078125,-0.011719,0.597656,0.119141,-0.234375,0.091797,0.387573,-0.356873,0.278442,-0.803040
78.06881213188171,0.687256,0.640625,-0.019531,-0.054687,0.111328,-0.101563,0.117188,0.389099,-0.357056,0.277710,-0.802490
78.08897471427917,0.677246,-0.390625,-0.289063,0.285156,0.101563,-0.019531,0.134766,0.390686,-0.356445,0.277466,-0.802063
78.10851335525513,0.676147,0.886719,-0.019531,-0.757812,0.039063,0.017578,0.150391,0.392151,-0.355652,0.277710,-0.801636
78.12913513183594,0.693604,-1.531250,-0.472656,0.496094,-0.015625,0.101563,0.185547,0.393066,-0.354614,0.278625,-0.801331
78.14881539344788,0.713989,0.566406,-0.273438,0.070312,-0.046875,0.123047,0.087891,0.393494,-0.353271,0.279907,-0.801270
78.16900062561035,0.727295,1.441406,-0.257813,-0.312500,-0.037109,0.335938,0.212891,0.393921,-0.350586,0.281982,-0.801514
78.18915104866028,0.736450,-0.726562,-0.085937,-0.214844,-0.089844,0.275391,0.064453,0.393433,-0.348511,0.283875,-0.802002
78.20900797843933,0.752319,0.242187,0.035156,0.351563,-0.125000,0.251953,0.041016,0.392639,-0.346863,0.285767,-0.802429
78.22932624816895,0.755127,-0.226562,-0.027344,0.351563,-0.082031,0.130859,-0.064453,0.391418,-0.346191,0.286926,-0.802856
78.24897480010986,0.761475,0.394531,-0.171875,0.695312,-0.095703,0.158203,-0.058594,0.390137,-0.345520,0.288086,-0.803345
78.26938486099243,0.765503,-0.210937,0.183594,-1.132813,-0.025391,0.123047,-0.048828,0.389160,-0.344849,0.288696,-0.803894
78.29003834724426,0.766968,0.871094,0.183594,0.046875,-0.083984,0.062500,-0.101563,0.387939,-0.344849,0.289185,-0.804321
78.30956816673279,0.769531,-0.011719,0.218750,0.472656,-0.044922,-0.005859,-0.171875,0.386414,-0.345398,0.288940,-0.804932
78.32966780662537,0.771606,0.300781,-0.085937,-0.550781,-0.027344,-0.064453,-0.257813,0.384521,-0.346436,0.288147,-0.805664
78.34899711608887,0.771973,-1.191406,0.167969,0.488281,-0.035156,0.037109,-0.171875,0.382935,-0.346802,0.287842,-0.806396
78.36923861503601,0.769043,1.234375,-0.035156,-0.054687,-0.048828,0.125000,-0.140625,0.380920,-0.346802,0.287903,-0.807312
78.38939809799194,0.761963,0.683594,-0.156250,0.113281,-0.009766,0.128906,-0.291016,0.378052,-0.346863,0.287720,-0.808716
78.40930461883545,0.758301,1.839844,-0.210937,-0.277344,-0.083984,0.175781,-0.222656,0.375671,-0.346313,0.288269,-0.809814
78.42934894561768,0.760254,-0.542969,-0.171875,0.910156,-0.021484,0.085937,-0.078125,0.374634,-0.345886,0.288574,-0.810364
78.44947457313538,0.762573,0.183594,0.089844,-0.429687,-0.046875,0.000000,-0.062500,0.373901,-0.346008,0.288879,-0.810547
78.46928572654724,0.769409,-0.582031,0.058594,0.718750,-0.078125,0.125000,-0.037109,0.373047,-0.345581,0.289551,-0.810913
78.48915934562683,0.769897,0.523437,0.058594,-1.117188,0.000000,0.052734,-0.005859,0.372803,-0.345154,0.289673,-0.811157
78.50942921638489,0.767334,0.339844,0.136719,0.296875,0.019531,-0.072266,0.001953,0.373108,-0.345581,0.289368,-0.810913
78.52966928482056,0.754150,-0.089844,0.164062,0.144531,0.041016,-0.083984,0.042969,0.373840,-0.346008,0.288879,-0.810608
78.54961442947388,0.748901,-0.015625,0.320313,-0.312500,0.109375,-0.195312,0.041016,0.375061,-0.346985,0.287537,-0.810059
78.56959581375122,0.738647,-0.335938,0.312500,0.605469,0.039063,-0.152344,0.154297,0.376892,-0.347595,0.286926,-0.809204
78.5894558429718,0.729614,1.578125,-0.109375,0.566406,0.087891,-0.076172,0.175781,0.378906,-0.347290,0.286743,-0.808472
78.60977840423584,0.729492,-0.695312,0.011719,-0.359375,-0.009766,0.001953,0.093750,0.379822,-0.346802,0.287048,-0.808105
78.62956237792969,0.731079,0.125000,-0.250000,-0.320313,0.001953,0.105469,0.179687,0.380920,-0.345520,0.287903,-0.807861
78.64974999427795,0.747070,0.738281,-0.203125,-0.023437,0.000000,0.041016,0.089844,0.381714,-0.344543,0.288696,-0.807617
78.66966342926025,0.754517,-1.882813,-0.156250,0.007813,-0.044922,0.267578,0.316406,0.382690,-0.342529,0.290527,-0.807373
78.69013452529907,0.760376,2.730469,-0.027344,-0.078125,-0.132812,0.156250,0.046875,0.382202,-0.341431,0.291992,-0.807495
78.7099084854126,0.766113,-0.011719,-0.046875,-0.574219,-0.097656,0.246094,0.041016,0.381531,-0.339844,0.293579,-0.807922
78.72969937324524,0.767944,0.671875,-0.070312,-0.308594,-0.093750,0.179687,0.039063,0.380981,-0.338501,0.295044,-0.808228
78.74985957145691,0.767212,-0.109375,0.128906,-0.078125,-0.060547,0.156250,-0.007813,0.380310,-0.337402,0.296143,-0.808594
78.76979851722717,0.765747,-0.171875,0.175781,0.039063,-0.103516,0.119141,-0.089844,0.378540,-0.337524,0.297180,-0.809021
78.79022073745728,0.771484,-2.429688,0.183594,1.242188,-0.181641,-0.070312,-0.345703,0.375854,-0.339294,0.297424,-0.809387
78.80995583534241,0.772705,2.578125,0.257813,-1.531250,0.011719,-0.007813,-0.119141,0.374878,-0.339722,0.296936,-0.809875
78.83013820648193,0.770996,-0.433594,0.019531,-0.574219,0.062500,-0.048828,-0.103516,0.374146,-0.340515,0.295776,-0.810303
78.85028219223022,0.754761,0.656250,0.234375,-0.113281,0.037109,-0.222656,-0.187500,0.373413,-0.342651,0.294067,-0.810364
78.8698513507843,0.745972,0.332031,-0.011719,0.199219,0.011719,-0.126953,-0.097656,0.372986,-0.344116,0.292969,-0.810364
78.89025521278381,0.740845,0.753906,-0.019531,0.121094,-0.011719,-0.142578,-0.130859,0.372559,-0.345215,0.292297,-0.810303
78.91009283065796,0.736450,-0.457031,-0.140625,0.246094,0.011719,0.105469,0.078125,0.372742,-0.344360,0.292725,-0.810425
78.9301073551178,0.731079,1.585938,-0.292969,-0.414062,0.029297,0.117188,0.050781,0.372803,-0.343262,0.293030,-0.810730
78.95026969909668,0.732056,-1.347656,-0.062500,0.039063,-0.005859,-0.007813,-0.070312,0.372253,-0.343506,0.292908,-0.810974
78.97054719924927,0.749390,-1.007813,-0.101563,0.843750,-0.089844,-0.017578,-0.037109,0.371765,-0.343872,0.293518,-0.810791
78.99044013023376,0.759521,0.714844,-0.285156,0.054687,-0.023437,0.164062,0.175781,0.372375,-0.342285,0.294983,-0.810669
79.01007294654846,0.766479,1.558594,-0.269531,-0.710937,0.003906,0.251953,0.146484,0.372742,-0.339661,0.296509,-0.811035
79.03031349182129,0.778564,0.425781,-0.179687,-0.269531,-0.033203,0.367188,0.144531,0.372681,-0.336609,0.298523,-0.811584
79.05035734176636,0.782227,-0.945312,0.058594,0.511719,-0.054687,0.248047,0.039063,0.372009,-0.334595,0.300049,-0.812195
79.07108926773071,0.784546,-0.218750,0.222656,0.007813,-0.074219,0.226562,-0.029297,0.370911,-0.333130,0.301270,-0.812805
79.09036874771118,0.786255,-0.039063,0.382813,0.191406,-0.050781,0.078125,-0.072266,0.369690,-0.333130,0.301636,-0.813232
79.11030626296997,0.788574,-1.312500,0.304688,0.312500,0.011719,-0.052734,-0.195312,0.368103,-0.334351,0.300842,-0.813721
79.1304280757904,0.791748,0.410156,0.136719,-0.484375,0.027344,-0.080078,-0.193359,0.366760,-0.335693,0.299744,-0.814209
79.150723695755,0.791382,0.714844,0.121094,-0.136719,-0.025391,-0.078125,-0.142578,0.365784,-0.336853,0.299133,-0.814392
79.17043232917786,0.789062,0.109375,0.042969,0.828125,-0.025391,-0.166016,-0.195312,0.364807,-0.338257,0.298584,-0.814453
79.19035387039185,0.783936,1.265625,-0.308594,0.804687,-0.060547,0.144531,0.046875,0.364197,-0.337769,0.299377,-0.814636
79.21086978912354,0.781494,-0.910156,-0.261719,-0.843750,-0.048828,0.091797,-0.021484,0.363525,-0.337280,0.299927,-0.814941
79.23043179512024,0.785767,0.394531,-0.187500,-0.039063,-0.001953,0.048828,-0.054687,0.362976,-0.337036,0.300110,-0.815247
79.25046253204346,0.791870,-1.136719,-0.187500,-0.507812,-0.082031,0.017578,-0.023437,0.362427,-0.337097,0.300781,-0.815186
79.27089214324951,0.796875,0.316406,-0.253906,0.152344,-0.144531,0.167969,0.109375,0.362366,-0.336060,0.302612,-0.815002
79.29071283340454,0.793335,1.000000,-0.156250,-0.261719,-0.062500,0.144531,0.107422,0.362610,-0.334717,0.304138,-0.814880
79.31087684631348,0.791504,-0.691406,-0.062500,-0.445312,-0.035156,0.078125,0.046875,0.362610,-0.334167,0.304749,-0.814880
79.33078098297119,0.787476,-0.410156,0.175781,-0.289063,-0.013672,-0.039063,-0.013672,0.362488,-0.334595,0.304626,-0.814758
79.35078144073486,0.786255,0.503906,0.214844,0.328125,-0.015625,-0.078125,-0.001953,0.362671,-0.335205,0.304443,-0.814514
79.37063074111938,0.783325,0.531250,0.058594,-0.238281,0.052734,-0.078125,0.013672,0.363098,-0.335754,0.303772,-0.814331
79.3911714553833,0.780029,0.027344,0.128906,-0.511719,0.076172,-0.158203,-0.062500,0.363342,-0.336731,0.302490,-0.814331
79.4107871055603,0.771362,-0.578125,0.238281,-0.054687,0.150391,-0.054687,-0.136719,0.362732,-0.336975,0.301025,-0.815002
79.43095326423645,0.734863,-0.019531,0.175781,0.238281,0.058594,-0.085937,-0.283203,0.360718,-0.338257,0.299683,-0.815918
79.45128059387207,0.741821,-2.019531,-0.156250,1.125000,-0.164062,-0.050781,-0.306641,0.357971,-0.339844,0.299622,-0.816467
79.47124862670898,0.754272,0.996094,-0.308594,0.453125,-0.083984,0.146484,-0.119141,0.356506,-0.338928,0.300110,-0.817261
79.49114799499512,0.770142,0.738281,-0.316406,-0.703125,0.320313,0.222656,-0.003906,0.356995,-0.335571,0.298157,-0.819153
79.51093077659607,0.768188,1.566406,-1.812500,-5.640625,1.535156,0.978516,0.027344,0.359070,-0.321960,0.289490,-0.826843
79.5307776927948,0.767090,2.218750,-6.664062,-11.957031,2.355469,1.941406,0.044922,0.361328,-0.297729,0.276550,-0.839233
79.55102276802063,0.754395,2.539063,-0.296875,-3.585938,2.468750,1.656250,-0.007813,0.363708,-0.274658,0.261841,-0.850708
79.57117199897766,0.743774,-0.953125,1.023438,-1.242188,2.609375,1.601563,-0.113281,0.365723,-0.251648,0.245056,-0.861877
79.59132838249207,0.721069,-0.050781,0.953125,-0.652344,2.576172,1.429688,0.041016,0.368652,-0.229797,0.228088,-0.871338
79.61101365089417,0.654907,-1.402344,1.292969,1.226563,2.378906,1.177734,0.066406,0.371826,-0.210388,0.212036,-0.878967
79.63825845718384,0.616089,-0.519531,0.964844,1.222656,2.158203,1.062500,0.238281,0.376038,-0.192566,0.197449,-0.884644
79.6509861946106,0.561279,-0.132812,1.585938,1.652344,1.839844,0.728516,0.425781,0.381775,-0.178406,0.184631,-0.887878
79.67129421234131,0.475342,0.371094,1.976563,2.070313,1.509766,0.316406,0.779297,0.390808,-0.168518,0.173950,-0.888062
79.69146156311035,0.328369,1.597656,2.402344,2.312500,0.917969,-0.220703,1.269531,0.403687,-0.164856,0.167053,-0.884277
79.71139335632324,0.276855,1.398438,2.898438,4.156250,0.253906,-0.820312,1.513672,0.418274,-0.168152,0.163879,-0.877441
79.73112869262695,0.255859,-2.027344,0.898437,2.089844,-0.007813,-1.003906,1.302734,0.431519,-0.174622,0.161804,-0.870117
79.75893306732178,0.249023,-1.667969,0.101563,0.089844,0.041016,-1.021484,1.324219,0.444580,-0.181274,0.159302,-0.862610
79.77144885063171,0.197510,-0.464844,0.324219,0.160156,0.095703,-1.191406,1.435547,0.458984,-0.188965,0.155823,-0.854004
79.79129600524902,0.126343,-0.550781,0.355469,0.191406,0.128906,-1.490234,1.703125,0.475769,-0.198303,0.150879,-0.843506
79.81172585487366,0.000000,0.335938,0.203125,-0.343750,0.369141,-1.847656,1.853516,0.494507,-0.209106,0.142639,-0.831482
79.8311870098114,0.000000,-1.269531,-0.515625,-1.378906,0.685547,-2.033203,1.761719,0.513245,-0.220032,0.130615,-0.819214
79.85416984558105,0.000000,-1.156250,-0.937500,-0.925781,0.820312,-1.988281,1.599609,0.530396,-0.229858,0.117371,-0.807495
79.8716492652893,0.000000,-0.855469,-0.886719,-0.367188,0.863281,-1.794922,1.509766,0.546509,-0.237610,0.104248,-0.796204
79.89222931861877,0.000000,1.082031,-0.839844,-1.843750,1.142578,-1.142578,1.429688,0.561523,-0.238831,0.092590,-0.786804
79.91160297393799,0.000000,2.121094,-0.882812,-2.027344,1.285156,-0.220703,1.300781,0.574524,-0.232605,0.084290,-0.780212
79.93144059181213,0.000000,0.949219,-0.648437,-0.628906,1.103516,0.230469,0.765625,0.582825,-0.223938,0.078613,-0.777161
79.95877695083618,0.000000,-1.914063,-0.222656,0.617187,0.843750,0.316406,0.271484,0.586609,-0.216248,0.074463,-0.776917
79.97174572944641,0.000000,-0.457031,0.414062,0.472656,0.771484,0.425781,0.082031,0.588562,-0.208435,0.071106,-0.777893
79.99195909500122,0.000000,-0.070312,0.089844,-0.105469,0.662109,0.509766,0.062500,0.589905,-0.200684,0.069153,-0.779114
80.01202487945557,0.000000,-0.285156,0.054687,1.011719,0.566406,0.673828,0.093750,0.591248,-0.192017,0.069092,-0.780212
80.03168678283691,0.000000,0.000000,0.375000,0.070312,0.425781,1.035156,0.361328,0.593872,-0.181396,0.072266,-0.780518
80.05211400985718,0.000000,-0.714844,0.160156,0.988281,0.339844,0.876953,0.263672,0.595398,-0.172668,0.075134,-0.781006
80.07175970077515,0.000000,-4.804687,-0.316406,0.593750,0.193359,0.349609,-0.396484,0.592163,-0.168152,0.075623,-0.784424
80.09207582473755,0.000000,-5.738281,-0.671875,1.140625,0.150391,0.029297,-0.890625,0.585205,-0.166626,0.073975,-0.790161
80.11189866065979,0.000000,-3.339844,-0.687500,0.082031,0.148437,-0.052734,-0.960937,0.577820,-0.166748,0.071045,-0.795776
80.13176107406616,0.000000,-0.031250,0.621094,0.457031,0.156250,-0.082031,-0.808594,0.571533,-0.167358,0.067871,-0.800415
80.15212893486023,0.000000,0.289063,0.875000,0.609375,0.109375,-0.373047,-0.535156,0.567566,-0.169922,0.064148,-0.803040
80.17215919494629,0.000000,0.503906,1.066406,1.152344,0.023437,-0.496094,-0.220703,0.565918,-0.173767,0.060974,-0.803650
80.19215893745422,0.000000,0.937500,1.203125,1.628906,-0.208984,-0.416016,0.041016,0.565857,-0.178406,0.060486,-0.802673
80.21200942993164,0.000000,0.914062,1.171875,1.957031,-0.599609,-0.412109,0.126953,0.565796,-0.185181,0.062805,-0.801025
80.23193502426147,0.000000,-0.160156,1.007813,1.628906,-0.839844,-0.511719,-0.023437,0.564331,-0.194214,0.066528,-0.799622
80.25240540504456,0.000000,-0.945312,0.894531,1.363281,-0.972656,-0.607422,-0.068359,0.562134,-0.204285,0.070923,-0.798279
80.27941942214966,0.000000,-0.125000,0.789062,0.714844,-1.082031,-0.464844,-0.052734,0.559570,-0.214172,0.076965,-0.796936
80.29218173027039,0.000000,-0.136719,0.671875,1.277344,-1.347656,-0.312500,-0.140625,0.555481,-0.224609,0.085693,-0.796021
80.31210470199585,0.000000,-1.164063,0.937500,2.304688,-1.798828,-0.484375,-0.308594,0.549255,-0.238708,0.096497,-0.794983
80.33235621452332,0.000000,-1.761719,1.722656,2.804688,-2.173828,-0.933594,-0.378906,0.541748,-0.258179,0.107666,-0.792603
80.35218381881714,0.000000,-1.605469,2.250000,2.042969,-2.042969,-1.146484,-0.298828,0.535156,-0.278442,0.117004,-0.788940
80.37979865074158,0.000000,0.445312,0.960937,-0.464844,-1.966797,-1.136719,-0.080078,0.530029,-0.298096,0.126099,-0.783813
80.39215588569641,0.000000,-0.777344,0.425781,0.367188,-2.027344,-1.298828,-0.027344,0.525024,-0.319092,0.135010,-0.777344
80.41242742538452,0.000000,-0.980469,0.722656,0.664062,-1.962891,-1.484375,-0.076172,0.520020,-0.340515,0.142334,-0.770325
80.43242168426514,0.000000,-1.191406,0.617187,-0.449219,-1.732422,-1.373047,-0.029297,0.515625,-0.359985,0.148315,-0.763245
80.45297408103943,0.000000,0.105469,-0.718750,-2.679688,-1.126953,-1.085938,-0.003906,0.513000,-0.374023,0.151428,-0.757629
80.47744703292847,0.000000,0.800781,-1.566406,-3.953125,-0.658203,-0.654297,0.095703,0.512024,-0.382446,0.153442,-0.753662
