pressure,accel_x,accel_y,accel_z,gyro_x,gyro_y,gyro_z,accel_jx,accel_jy,accel_jz,accel_power,gyro_energy
0.624257,-1.328522,0.469025,2.317279,-0.093851,0.054680,0.080067,0.000000,0.000000,0.000000,2.711962,0.018209
0.608606,-2.214457,0.171019,-0.015521,-0.055453,-0.115203,-0.175484,-0.885935,-0.298006,-2.332800,2.221105,0.047141
0.608782,0.637951,-0.328949,-0.863538,-0.045266,0.222914,0.010425,2.852408,-0.499968,-0.848017,1.122892,0.051848
0.623596,4.749892,-0.604189,-1.041325,0.043381,0.737363,0.572723,4.111941,-0.275240,-0.177787,4.900089,0.873598
0.643287,3.687081,-0.184657,-0.380596,0.097354,0.813851,0.802430,-1.062811,0.419532,0.660729,3.711269,1.315725
0.664298,-2.207320,0.535920,1.571645,-0.159151,0.454394,0.264841,-5.894401,0.720577,1.952241,2.762162,0.301944
0.684231,-5.410003,0.743081,2.356325,-0.563202,-0.018629,-0.517039,-3.202683,0.207161,0.784680,5.947484,0.584873
0.694941,-3.256359,0.316198,0.303394,-0.615322,-0.496968,-0.872910,2.153644,-0.426883,-2.052931,3.285712,1.387570
0.693140,0.387275,-0.221185,-2.143619,-0.242377,-0.759407,-0.758995,3.643634,-0.537383,-2.447013,2.189522,1.211519
0.686077,2.574895,-0.470010,-2.315361,0.114448,-0.522266,-0.464654,2.187620,-0.248825,-0.171742,3.494552,0.501763
0.681134,2.057828,-0.353082,-0.601584,0.139821,-0.087165,-0.278571,-0.517067,0.116928,1.713777,2.172838,0.104749
0.680407,-0.245807,-0.126967,0.868905,-0.014922,0.061483,-0.291018,-2.303635,0.226115,1.470489,0.911887,0.088694
0.683909,-0.061421,-0.344144,0.548522,-0.003563,0.117581,-0.176116,0.184386,-0.217177,-0.320383,0.650449,0.044855
0.689592,2.916998,-0.922011,-1.007937,0.268154,0.454769,0.296438,2.978419,-0.577867,-1.556459,3.221012,0.366597
0.692570,3.042857,-0.648695,-1.581294,0.506343,0.772858,0.707343,0.125859,0.273316,-0.573357,3.490025,1.354027
0.688446,-0.348511,0.909517,0.100101,0.372209,0.603847,0.656635,-3.391368,1.558212,1.681395,0.979133,0.934340
0.679938,-1.742796,1.939858,2.451954,-0.068566,0.152779,0.415768,-1.394285,1.030341,2.351853,3.579450,0.200906
0.679611,-0.252186,0.907122,2.576573,-0.389424,-0.051050,0.338464,1.490610,-1.032736,0.124619,2.743209,0.268815
0.696328,0.548222,-0.823377,0.113979,-0.356254,0.092282,0.356082,0.800408,-1.730499,-2.462594,0.995735,0.262227
0.719994,0.077868,-1.176862,-1.964247,-0.209804,0.326352,0.300883,-0.470354,-0.353485,-2.078226,2.291142,0.241054
0.734754,-0.684962,-0.413452,-1.562816,-0.224144,0.433817,0.107521,-0.762830,0.763410,0.401431,1.755708,0.249998
0.740511,-1.872197,0.112833,-0.030441,-0.287950,0.266831,-0.195733,-1.187235,0.526285,1.532375,1.875841,0.192425
0.744088,-2.293174,0.265118,0.755964,-0.202236,-0.173518,-0.399490,-0.420977,0.152285,0.786405,2.429077,0.230600
0.742724,-0.943928,0.449750,0.793093,-0.066106,-0.587161,-0.381136,1.349246,0.184632,0.037129,1.312353,0.494393
0.732657,0.286094,0.377393,0.348870,-0.012061,-0.643340,-0.325702,1.230022,-0.072357,-0.444223,0.588205,0.520114
0.719649,0.870799,-0.174704,-0.933218,0.129512,-0.291959,-0.221835,0.584705,-0.552097,-1.282088,1.288297,0.151224
0.711450,2.910620,-0.640833,-2.266891,0.449039,0.291544,0.240438,2.039821,-0.466129,-1.333673,3.744485,0.344444
0.713603,4.709832,-0.598020,-1.775417,0.559306,0.800352,0.840133,1.799212,0.042813,0.491474,5.068752,1.659210
0.733787,2.505886,-0.276644,0.596337,0.154708,0.930941,0.917099,-2.203946,0.321376,2.371754,2.590678,1.731656
0.770101,-1.395489,0.254879,2.453605,-0.398996,0.652345,0.483534,-3.901375,0.531523,1.857268,2.834172,0.818557
0.797278,-2.974033,0.651425,1.689801,-0.578294,0.196393,0.019689,-1.578544,0.396546,-0.763804,3.482047,0.373382
0.797285,-3.651255,-0.309134,-1.562764,-0.299159,-0.206601,-0.544467,-0.677222,-0.960559,-3.252565,3.983649,0.428624
0.791654,-4.393692,-1.870950,-4.361909,0.234589,-0.469240,-1.362921,-0.742437,-1.561816,-2.799145,6.467707,2.132772
0.789234,-2.564838,-0.737636,-2.859307,0.614095,-0.664270,-1.861723,1.828854,1.133314,1.502602,3.911283,4.284380
0.739742,1.234982,2.628180,1.694584,0.397521,-0.855870,-1.492704,3.799820,3.365816,4.553891,3.362161,3.118702
0.620559,3.252739,3.197512,2.905569,-0.172039,-0.884302,-0.599605,2.017757,0.569332,1.210985,5.408024,1.171114
0.501824,2.597553,0.278786,-0.521650,-0.312531,-0.614015,0.110728,-0.655186,-2.918726,-3.427219,2.664042,0.486951
0.440707,0.932002,-1.391095,-2.579664,0.127775,-0.268675,0.354775,-1.665551,-1.669881,-2.058014,3.075458,0.214378
0.406261,-0.243378,-0.216312,-0.511615,0.573732,-0.157341,0.261540,-1.175380,1.174783,2.068049,0.606443,0.422328
0.366587,-0.043992,1.375328,2.435122,0.662692,-0.319559,0.074812,0.199386,1.591640,2.946737,2.797013,0.546875
0.343958,1.137571,2.015225,3.749740,0.449256,-0.586259,0.030898,1.181563,0.639897,1.314618,4.406331,0.546485
0.357588,1.806941,1.372779,2.955240,0.095447,-0.669254,0.215866,0.669370,-0.642446,-0.794500,3.725990,0.503609
0.391948,0.807423,-0.528066,0.185437,-0.161724,-0.369058,0.414429,-0.999518,-1.900845,-2.769803,0.982432,0.334110
0.425353,-1.617055,-2.082507,-2.478993,-0.149564,0.072587,0.301209,-2.424478,-1.554441,-2.664430,3.618993,0.118365
0.453923,-3.046391,-1.667860,-2.346023,0.026089,0.240730,-0.097756,-1.429336,0.414647,0.132970,4.191191,0.068188
0.486208,-1.173936,0.412795,0.660945,0.086650,0.106791,-0.333446,1.872455,2.080655,3.006968,1.409033,0.130099
0.522029,1.666943,2.257569,3.829909,-0.166539,-0.141755,-0.118484,2.840879,1.844774,3.168964,4.748002,0.061868
0.553642,1.254556,1.801825,4.109659,-0.610816,-0.387197,0.236341,-0.412387,-0.455744,0.279750,4.659376,0.578875
0.582554,-0.844957,-0.555991,0.953579,-0.807898,-0.368334,0.288258,-2.099513,-2.357816,-3.156080,1.390105,0.871462
0.609317,0.263712,-1.907288,-3.155530,-0.485056,0.112234,0.159358,1.108669,-1.351297,-4.109109,3.696574,0.273271
0.628482,3.577090,-1.099676,-4.774896,0.124410,0.691857,0.307487,3.313378,0.807612,-1.619366,6.066671,0.588692
0.647487,3.260346,0.107353,-2.139832,0.538003,0.842478,0.684867,-0.316744,1.207029,2.635064,3.901315,1.468259
0.673421,-1.858469,0.549890,2.194045,0.397983,0.524833,0.685729,-5.118815,0.442537,4.333877,2.927477,0.904064
0.691729,-5.765204,0.615601,3.114542,-0.222028,0.022288,0.083098,-3.906735,0.065711,0.920497,6.581559,0.056698
0.692822,-3.436487,0.469305,0.149639,-0.714107,-0.383287,-0.531558,2.328717,-0.146296,-2.964903,3.471611,0.939412
0.689357,1.992361,0.007806,-2.054044,-0.593656,-0.420741,-0.556568,5.428848,-0.461499,-2.203683,2.861583,0.839218
0.690539,4.159017,-0.421500,-1.874204,-0.150773,-0.041080,-0.103582,2.166656,-0.429306,0.179840,4.581236,0.035149
0.694704,2.246938,-0.420093,-1.689076,0.110215,0.415742,0.365365,-1.912079,0.001407,0.185128,2.842215,0.318480
0.704090,-0.301052,-0.080702,-1.750796,0.195656,0.590972,0.573254,-2.547990,0.339391,-0.061720,1.778323,0.716149
0.719774,-1.182232,0.145359,-0.854163,0.283699,0.489507,0.506347,-0.881180,0.226061,0.896633,1.465741,0.576490
0.735591,-0.523751,0.105463,0.245374,0.298406,0.332917,0.377320,0.658481,-0.039896,1.099537,0.587917,0.342250
0.748066,-0.838601,0.193018,1.073053,0.124989,0.195668,0.300872,-0.314850,0.087555,0.827679,1.375482,0.144432
0.757117,-3.251734,0.548453,2.080756,-0.197818,-0.020152,0.019374,-2.413133,0.355435,1.007703,3.899246,0.039913
0.760669,-3.837733,0.641416,2.016758,-0.503586,-0.280541,-0.500821,-0.585999,0.092963,-0.063998,4.382570,0.583124
0.760010,-0.453463,0.188994,-0.015578,-0.559644,-0.372009,-0.723364,3.384270,-0.452422,-2.032336,0.491518,0.974848
0.759720,2.357626,-0.300408,-1.898852,-0.296981,-0.230186,-0.426015,2.811089,-0.489402,-1.883274,3.042086,0.322672
0.759475,1.690685,-0.318468,-1.734563,0.044850,-0.015842,-0.078678,-0.666941,-0.018060,0.164289,2.443061,0.008453
0.757383,0.368547,-0.016803,-0.401215,0.182220,0.144812,0.018785,-1.322138,0.301665,1.333348,0.545053,0.054528
0.755878,0.381088,0.140437,0.394192,0.106934,0.219513,0.046725,0.012541,0.157240,0.795407,0.565984,0.061804
0.756187,0.906164,-0.019585,-0.068260,0.032347,0.198152,0.128051,0.525076,-0.160022,-0.462452,0.908942,0.056708
0.756602,1.166774,-0.248171,-0.850067,0.075916,0.166690,0.226948,0.260610,-0.228586,-0.781807,1.464774,0.085054
0.758217,0.639768,-0.244525,-0.348530,0.131890,0.231529,0.351944,-0.527006,0.003646,0.501537,0.768485,0.194865
0.762482,-0.344960,-0.038172,0.579722,0.130082,0.312546,0.479681,-0.984728,0.206353,0.928252,0.675672,0.344700
0.766678,-0.712238,0.107476,-0.088071,0.180338,0.292669,0.559512,-0.367278,0.145648,-0.667793,0.725666,0.431231
0.768703,-1.404340,0.104129,-0.745776,0.255951,0.225807,0.543606,-0.692102,-0.003347,-0.657705,1.593485,0.412007
0.769168,-3.246981,0.072137,0.791058,0.102315,0.085019,0.192779,-1.842641,-0.031992,1.536834,3.342733,0.054860
0.766932,-2.750819,-0.071766,1.582453,-0.238500,-0.263825,-0.603011,0.496162,-0.143903,0.791395,3.174321,0.490108
0.761054,2.123131,-0.479976,-1.042707,-0.288500,-0.549065,-1.204693,4.873950,-0.408210,-2.625160,2.413566,1.835990
0.754488,5.837764,-0.732920,-3.267976,0.124504,-0.308151,-0.915024,3.714633,-0.252944,-2.225269,6.730255,0.947727
0.749445,3.885538,-0.297049,-1.512741,0.519119,0.237344,-0.167940,-1.952226,0.435871,1.755235,4.180195,0.354021
0.745254,0.389461,0.538757,1.315401,0.488565,0.455691,0.151829,-3.496077,0.835806,2.828142,1.473845,0.469402
0.742935,-0.283536,1.274133,2.255295,0.181852,0.267784,0.066962,-0.672997,0.735376,0.939894,2.605794,0.109262
0.744667,0.327847,1.774393,3.094474,-0.183589,-0.020728,0.095699,0.611383,0.500260,0.839179,3.582140,0.043293
0.750473,0.473962,1.494853,3.945915,-0.580504,-0.268166,0.258418,0.146115,-0.279540,0.851441,4.246112,0.475678
0.759424,0.262971,0.125647,1.380357,-0.792412,-0.335479,0.274393,-0.210991,-1.369206,-2.565558,1.410789,0.815754
0.768873,-0.605040,-1.070083,-3.068274,-0.557910,-0.136610,0.099005,-0.868011,-1.195730,-4.448631,3.305368,0.339728
0.773165,-1.229430,-1.075654,-3.631161,-0.123491,0.078741,-0.082904,-0.624390,-0.005571,-0.562887,3.981691,0.028323
0.770104,-0.526816,-0.922010,-1.184741,0.096543,0.141213,-0.129452,0.702614,0.153644,2.446420,1.590990,0.046019
0.765437,0.068158,-1.157459,-0.862602,0.193921,0.266682,-0.138053,0.594974,-0.235449,0.322139,1.445143,0.127783
0.765171,0.141976,-0.102362,-0.913611,0.357512,0.504120,-0.207896,0.073818,1.055097,-0.051009,0.930226,0.425173
0.768314,1.382099,2.672055,2.995587,0.264993,0.500570,-0.113556,1.240123,2.774417,3.909198,4.245423,0.333687
0.771746,2.545972,4.111592,6.938881,-0.305968,0.097977,0.257142,1.163873,1.439537,3.943294,8.457850,0.169338
0.775700,1.122777,2.069685,4.204439,-0.809453,-0.370935,0.472958,-1.423195,-2.041907,-2.734442,4.818872,1.016496
0.779258,-1.013081,-0.897624,-2.756111,-0.650685,-0.520050,0.240014,-2.135858,-2.967309,-6.960550,3.070539,0.751450
0.778958,-0.927461,-1.486946,-5.661135,-0.067396,-0.327074,-0.058850,0.085620,-0.589322,-2.905024,5.926183,0.114983
0.777511,0.212871,-0.379910,-2.605603,0.295602,-0.068533,-0.058943,1.140332,1.107036,3.055532,2.641744,0.095552
0.782891,0.446989,0.125674,1.002787,0.234107,0.056273,0.075227,0.234118,0.505584,3.608390,1.105068,0.063632
0.794678,0.474026,-0.133621,1.497946,-0.001530,0.145860,0.158540,0.027037,-0.259295,0.495159,1.576831,0.046412
0.803781,0.910769,-0.239124,0.198531,-0.168866,0.312937,0.269911,0.436743,-0.105503,-1.299415,0.962338,0.199297
0.806113,0.808221,-0.057771,-0.682398,-0.192711,0.374066,0.388019,-0.102548,0.181353,-0.880929,1.059352,0.327622
0.805050,-0.007615,0.192625,-0.404106,-0.090106,0.140968,0.352873,-0.815836,0.250396,0.278292,0.447732,0.152510
0.802975,-0.557756,0.383325,0.369819,0.048591,-0.226547,0.192737,-0.550141,0.190700,0.773925,0.771230,0.090832
0.797730,-0.499374,0.318480,0.077671,0.151032,-0.452146,0.063931,0.058382,-0.064845,-0.292148,0.597358,0.231334
0.785715,-0.575589,0.003512,-1.144455,0.256717,-0.446300,-0.029484,-0.076215,-0.314968,-1.222126,1.281051,0.265957
0.768194,-1.461213,-0.277083,-0.956095,0.340702,-0.272696,-0.198655,-0.885624,-0.280595,0.188360,1.768060,0.229905
0.753860,-2.240467,-0.455682,0.708635,0.261186,-0.066545,-0.461153,-0.779254,-0.178599,1.664730,2.393638,0.285308
0.750372,-1.303524,-0.740001,1.035796,0.069008,0.081538,-0.685611,0.936943,-0.284319,0.327161,1.821991,0.481473
0.756273,0.834089,-0.885189,-0.303219,-0.025372,0.248813,-0.712847,2.137613,-0.145188,-1.339015,1.253477,0.570702
0.766246,2.298102,-0.098976,-0.546729,-0.054682,0.484500,-0.484526,1.464013,0.786213,-0.243510,2.364314,0.472496
0.777756,2.327434,1.479012,1.531610,-0.238657,0.562990,-0.084005,0.029332,1.577988,2.078339,3.154402,0.380972
0.787956,0.816968,2.061342,4.110815,-0.588760,0.238659,0.253667,-1.510466,0.582330,2.579205,4.670692,0.467943
0.793083,-0.993351,0.608804,3.935234,-0.819585,-0.280534,0.333912,-1.810319,-1.452538,-0.175581,4.104078,0.861916
0.794661,-0.049359,-1.167880,-0.499781,-0.601928,-0.422402,0.328580,0.943992,-1.776684,-4.435015,1.271283,0.648706
0.797752,3.247414,-1.265764,-5.227154,0.053196,0.046289,0.548710,3.296773,-0.097884,-4.727373,6.282595,0.306055
0.802607,3.458110,-0.169098,-4.232516,0.641739,0.650861,0.867815,0.210696,1.096666,0.994638,5.468209,1.588552
0.805806,-1.240108,0.645576,1.352675,0.594084,0.780239,0.834349,-4.698218,0.814674,5.585191,1.945345,1.657847
0.807419,-4.842967,0.739797,3.938698,-0.054629,0.406639,0.290103,-3.602859,0.094221,2.586023,6.286093,0.252499
0.810261,-2.471053,0.277398,0.909400,-0.600179,-0.010350,-0.369510,2.371914,-0.462399,-3.029298,2.647652,0.496860
0.814059,2.484482,-0.325985,-2.251584,-0.526419,-0.126889,-0.512011,4.955535,-0.603383,-3.160984,3.368761,0.555373
0.815384,4.431169,-0.426873,-1.632339,-0.176697,0.013800,-0.008075,1.946687,-0.100888,0.619245,4.741520,0.031477
0.813859,3.104112,-0.075219,-0.003549,-0.074930,0.191511,0.526612,-1.327057,0.351654,1.628790,3.105025,0.319611
0.814264,1.438898,0.026055,-0.529522,-0.065208,0.285244,0.638059,-1.665214,0.101274,-0.525973,1.533460,0.492736
0.818748,0.796385,-0.174760,-1.690507,0.133058,0.308491,0.549732,-0.642513,-0.200815,-1.160985,1.876855,0.415076
0.823151,-0.009746,-0.110706,-0.741271,0.214929,0.270472,0.364904,-0.806131,0.064054,0.949236,0.749556,0.252505
0.826400,-2.626190,0.095501,1.456115,-0.051636,0.112571,-0.170015,-2.616444,0.206207,2.197386,3.004374,0.044244
0.830442,-5.287744,-0.229817,1.746390,-0.223182,-0.170382,-0.842135,-2.661554,-0.325318,0.290275,5.573413,0.788032
0.829466,-4.215892,-0.922189,-0.541359,0.122301,-0.389204,-1.081715,1.071852,-0.692372,-2.287749,4.349396,1.336545
0.821646,-0.268044,-1.168328,-3.040163,0.750913,-0.308782,-0.851004,3.947848,-0.246139,-2.498804,3.267940,1.383424
0.818052,2.252376,-0.552247,-3.312576,1.093675,-0.033081,-0.500579,2.520420,0.616081,-0.272413,4.043678,1.447799
0.814436,2.231934,1.070563,-0.212372,0.775866,0.024639,-0.164592,-0.020442,1.622810,3.100204,2.484499,0.629666
0.792728,1.092640,2.864063,4.173438,0.017574,-0.250025,0.107909,-1.139294,1.793500,4.385810,5.178253,0.074466
0.757309,-0.273857,2.533630,4.341362,-0.390344,-0.479286,0.191697,-1.366497,-0.330433,0.167924,5.034054,0.418831
0.705675,-0.942047,-0.231460,-0.980283,0.007076,-0.426730,0.097476,-0.668190,-2.765090,-5.321645,1.379123,0.191650
0.602572,-0.722067,-2.133637,-5.148241,0.669975,-0.355251,-0.068271,0.219980,-1.902177,-4.167958,5.619446,0.579731
0.457085,-0.682202,-1.217869,-3.336885,0.841371,-0.545669,-0.261527,0.039865,0.915768,1.811356,3.617099,1.074056
0.337166,-0.848898,0.456825,0.989369,0.537344,-0.863574,-0.433250,-0.166696,1.674694,4.326254,1.381365,1.222204
0.262637,-0.299107,0.818215,2.797209,0.273411,-0.969016,-0.509709,0.549791,0.361390,1.807840,2.929730,1.273549
0.201576,0.843788,0.283237,1.675400,0.242243,-0.724130,-0.445106,1.142895,-0.534978,-1.121809,1.897147,0.781165
0.164822,1.813675,-0.107339,0.012421,0.226758,-0.300342,-0.231532,0.969887,-0.390576,-1.662979,1.816891,0.195232
0.184197,1.975592,-0.144608,-0.477722,0.097504,0.014029,0.019335,0.161917,-0.037269,-0.490143,2.037669,0.010078
0.235367,0.954005,-0.197218,-0.077765,0.000200,0.092671,0.123237,-1.021587,-0.052610,0.399957,0.977276,0.023775
0.268538,-0.421801,-0.567030,-0.179811,0.063540,0.099155,0.080146,-1.375806,-0.369812,-0.102046,0.729226,0.020292
0.275655,-0.661300,-0.872862,-0.819543,0.166922,0.234809,0.074915,-0.239499,-0.305832,-0.639732,1.367793,0.088610
0.283350,0.167415,-0.381664,-0.439985,0.109097,0.375788,0.190638,0.828715,0.491198,0.379558,0.606038,0.189462
0.305961,0.603278,0.639882,0.910513,-0.066743,0.259130,0.318970,0.435863,1.021546,1.350498,1.265870,0.173345
0.328423,-0.008312,0.832952,1.039751,-0.094218,-0.027910,0.303476,-0.611590,0.193070,0.129238,1.332276,0.101754
0.333036,-1.021894,-0.191290,-0.426833,0.106942,-0.178128,0.087689,-1.013582,-1.024242,-1.466584,1.123853,0.050856
0.325492,-1.528476,-0.887834,-1.131376,0.282945,-0.166241,-0.184560,-0.506582,-0.696544,-0.704543,2.098690,0.141756
0.318476,-1.012900,-0.168359,-0.169904,0.264305,-0.171510,-0.286585,0.515576,0.719475,0.961472,1.040759,0.181404
0.310229,0.153372,0.759934,0.528305,0.209512,-0.205102,-0.221638,1.166272,0.928293,0.698209,0.938152,0.135086
0.298248,0.755447,0.677197,0.105294,0.223257,-0.220838,-0.198605,0.602075,-0.082737,-0.423011,1.019992,0.138057
0.287082,0.317266,0.421464,0.240812,0.158440,-0.310151,-0.238028,-0.438181,-0.255733,0.135518,0.579897,0.177954
0.274606,0.005335,0.721015,1.311545,0.002975,-0.449437,-0.157756,-0.311931,0.299551,1.070733,1.496677,0.226889
0.259522,0.608909,0.594566,1.270136,-0.028003,-0.415646,0.016805,0.603574,-0.126449,-0.041409,1.528896,0.173828
0.253250,0.961567,-0.288005,-0.210938,0.096411,-0.196548,0.052147,0.352658,-0.882571,-1.481074,1.025696,0.050646
0.259657,0.157856,-0.633190,-0.987788,0.184959,-0.060764,-0.070797,-0.803711,-0.345185,-0.776850,1.183881,0.042914
0.262346,-0.594903,-0.111612,-0.481670,0.178163,-0.103726,-0.156141,-0.752759,0.521578,0.506118,0.773546,0.066881
0.250306,-0.389708,0.102820,-0.121182,0.166813,-0.163992,-0.180000,0.205195,0.214432,0.360488,0.420867,0.087120
0.240488,-0.204576,-0.202650,-0.185170,0.158346,-0.159111,-0.241844,0.185132,-0.305470,-0.063988,0.342354,0.108878
0.259486,-0.213186,-0.101668,0.222508,0.085380,-0.123000,-0.228887,-0.008610,0.100982,0.407678,0.324491,0.074808
0.307841,0.678602,0.412870,1.019579,-0.038820,-0.074206,-0.019748,0.891788,0.514538,0.797071,1.292480,0.007404
0.359396,1.505442,0.564334,1.315731,-0.124389,-0.080893,0.156668,0.826840,0.151464,0.296152,2.077493,0.046561
0.394218,0.525100,0.303484,0.823391,-0.119560,-0.181419,0.087702,-0.980342,-0.260850,-0.492340,1.022646,0.054899
0.412494,-0.590986,0.005394,-0.027049,-0.046110,-0.209878,-0.018569,-1.116086,-0.298090,-0.850440,0.591629,0.046520
0.423331,0.227073,-0.328297,-0.735979,0.042824,-0.052434,0.024665,0.818059,-0.333691,-0.708930,0.837261,0.005192
0.435444,0.970897,-0.576388,-0.997710,0.093660,0.082568,0.042320,0.743824,-0.248091,-0.261731,1.506748,0.017381
0.447568,-0.097734,-0.367376,-0.645539,0.082897,-0.000670,-0.053732,-1.068631,0.209012,0.352171,0.749158,0.009759
0.450486,-0.828098,0.107236,0.100956,0.033257,-0.168332,-0.103273,-0.730364,0.474612,0.746495,0.841093,0.040107
0.447587,-0.127924,0.321130,0.537407,-0.044697,-0.242887,-0.087004,0.700174,0.213894,0.436451,0.638980,0.068562
0.451298,0.242951,0.412992,0.524702,-0.189627,-0.274526,-0.065089,0.370875,0.091862,-0.012705,0.710563,0.115560
0.463138,0.001123,0.628179,0.914062,-0.403389,-0.318693,0.059208,-0.241828,0.215187,0.389360,1.109108,0.267794
0.485278,-0.021963,0.342315,1.618880,-0.552041,-0.217944,0.259818,-0.023086,-0.285864,0.704818,1.654822,0.419754
0.523697,-0.204914,-0.733644,0.899387,-0.424054,0.168614,0.351742,-0.182951,-1.075959,-0.719493,1.178609,0.331975
0.563068,0.028453,-1.488934,-1.643355,-0.004102,0.666102,0.396598,0.233367,-0.755290,-2.542742,2.217735,0.600999
0.585788,1.460709,-1.135940,-3.266898,0.335916,0.903476,0.498395,1.432256,0.352994,-1.623543,3.754551,1.177506
0.604209,1.432740,-0.333275,-1.415335,0.209300,0.629308,0.379340,-0.027969,0.802665,1.851563,2.041320,0.583734
0.626755,-2.168135,0.341791,2.255884,-0.223253,-0.076376,-0.115675,-3.600875,0.675066,3.671219,3.147482,0.069056
0.638328,-5.258801,0.840799,3.560000,-0.454621,-0.674837,-0.505532,-3.090666,0.499008,1.304116,6.405898,0.917648
0.642307,-3.069566,0.607128,1.423583,-0.309654,-0.535014,-0.294996,2.189235,-0.233671,-2.136417,3.437649,0.469148
0.658269,2.080987,-0.513008,-1.221514,0.001522,0.239330,0.357557,5.150553,-1.120136,-2.645097,2.466937,0.185128
0.681496,4.637797,-1.237130,-2.345924,0.300547,0.825668,0.919179,2.556810,-0.724122,-1.124410,5.342566,1.616946
0.697546,3.210870,-0.674242,-2.384297,0.509501,0.733697,1.003201,-1.426927,0.562888,-0.038373,4.055756,1.804315
0.705109,0.012898,0.304213,-1.512434,0.547085,0.264017,0.619906,-3.197972,0.978455,0.871863,1.542779,0.753290
0.701573,-2.244835,0.655525,0.091287,0.431123,-0.081467,0.182889,-2.257733,0.351312,1.603721,2.340370,0.225952
0.680576,-1.655080,0.510036,1.029934,0.293500,-0.177750,0.019612,0.589755,-0.145489,0.938647,2.014991,0.118122
0.630304,-0.008955,0.408103,0.720412,0.222186,-0.326218,-0.122028,1.646125,-0.101933,-0.309522,0.828023,0.170676
0.536972,-1.292064,0.328285,0.071277,0.215862,-0.729147,-0.567594,-1.283109,-0.079818,-0.649135,1.335021,0.900415
0.441172,-3.536548,-0.171740,-0.532007,0.232241,-0.908186,-0.933696,-2.244484,-0.500025,-0.603284,3.580461,1.750526
0.430494,-0.758711,-1.010006,-1.171077,0.205303,-0.293282,-0.654380,2.777837,-0.838266,-0.639070,1.722549,0.556377
0.510993,4.552291,-1.283421,-0.951491,0.066431,0.686188,-0.025014,5.311002,-0.273415,0.219586,4.824506,0.475893
0.592838,4.180072,-0.596069,0.662546,-0.198951,1.154601,0.222140,-0.372219,0.687352,1.614037,4.274022,1.422031
0.634354,-0.471480,0.258164,1.869940,-0.479653,1.091583,0.070493,-4.651552,0.854233,1.207394,1.945666,1.426590
0.667821,-1.357068,0.771322,1.086394,-0.613340,0.921970,0.023303,-0.885588,0.513158,-0.783546,1.901795,1.226758
0.702811,1.091482,1.243275,0.228189,-0.606025,0.527726,0.147906,2.448550,0.471953,-0.858205,1.670071,0.667637
0.722860,0.831165,1.430697,1.189821,-0.577089,-0.205265,0.128451,-0.260317,0.187422,0.961632,2.037990,0.391665
0.730714,-1.658174,0.726888,1.694261,-0.477424,-0.709474,-0.053212,-2.489339,-0.703809,0.504440,2.479602,0.734119
0.734436,-1.894729,-0.458676,-0.368804,-0.197171,-0.504607,-0.069291,-0.236555,-1.185564,-2.063065,1.984036,0.298306
0.737362,0.240776,-1.120436,-2.660008,0.121390,0.086514,0.240406,2.135505,-0.661760,-2.291204,2.896376,0.080015
0.747406,1.737338,-0.893674,-2.539238,0.220069,0.492692,0.591221,1.496562,0.226762,0.120770,3.203861,0.640718
0.764032,0.990124,-0.169590,-0.660474,0.046158,0.521134,0.558606,-0.747214,0.724084,1.878764,1.202220,0.585752
0.776456,-1.547083,0.410094,1.179746,-0.227202,0.228329,0.095334,-2.537207,0.579684,1.840220,1.988327,0.112843
0.782417,-3.497888,0.507840,1.750864,-0.362854,-0.208248,-0.381073,-1.950805,0.097746,0.571118,3.944445,0.320247
0.786391,-2.105616,0.330070,0.894318,-0.282346,-0.436957,-0.461568,1.392272,-0.177770,-0.856546,2.311357,0.483696
0.788235,1.327605,0.158773,0.026752,-0.157588,-0.283886,-0.213343,3.433221,-0.171297,-0.867566,1.337333,0.150940
0.788079,2.235562,-0.010759,0.032356,-0.122761,-0.016075,-0.027125,0.907957,-0.169532,0.005604,2.235822,0.016064
0.789705,0.214504,-0.178917,-0.075128,-0.083299,0.111488,-0.046692,-2.021058,-0.168158,-0.107484,0.289253,0.021548
0.793695,-0.642271,-0.222621,-0.626846,0.008892,0.162466,-0.058560,-0.856775,-0.043704,-0.551718,0.924666,0.029904
0.796997,0.543959,-0.133295,-0.596395,0.040004,0.175364,0.039837,1.186230,0.089326,0.030451,0.818136,0.033940
0.798333,0.852531,-0.001813,0.058082,-0.007226,0.094592,0.091303,0.308572,0.131482,0.654477,0.854509,0.017336
0.797738,-0.191769,0.059511,0.426598,-0.030568,0.077657,0.076403,-1.044300,0.061324,0.368516,0.471490,0.012802
0.794054,-0.152464,-0.074719,0.258611,-0.006723,0.278195,0.193502,0.039305,-0.134230,-0.167987,0.309367,0.114881
0.787417,1.409653,-0.264045,-0.105951,0.028575,0.460510,0.423932,1.562117,-0.189326,-0.364562,1.438078,0.392604
0.782032,1.768457,-0.179583,-0.267374,0.073830,0.365830,0.515297,0.358804,0.084462,-0.161423,1.797548,0.404813
0.783233,-0.208578,0.067046,-0.188577,0.094234,0.179581,0.456175,-1.977035,0.246629,0.078797,0.289070,0.249225
0.791862,-1.616659,0.122200,-0.203160,-0.024183,0.142018,0.364927,-1.408081,0.055154,-0.014583,1.633950,0.153926
0.803049,-1.225649,0.131290,0.210869,-0.319624,0.069093,0.056061,0.391010,0.009090,0.414029,1.250567,0.110076
0.810963,-2.080827,0.350282,1.667673,-0.597729,-0.255992,-0.520442,-0.855178,0.218992,1.456804,2.689549,0.693672
0.813325,-4.056339,0.539568,2.265274,-0.570964,-0.577635,-0.832256,-1.975512,0.189286,0.597601,4.677231,1.352312
0.809636,-2.820984,0.288880,-0.281601,-0.121475,-0.491519,-0.573181,1.235355,-0.250688,-2.546875,2.849684,0.584884
0.798563,0.871184,-0.745561,-4.103637,0.584756,-0.021354,-0.244758,3.692168,-1.034441,-3.822036,4.260828,0.402302
0.783259,1.788482,-2.273086,-5.232406,1.072477,0.433790,-0.262011,0.917298,-1.527525,-1.128769,5.978600,1.407030
0.772097,-0.195750,-2.645681,-3.073042,0.886459,0.587777,-0.334730,-1.984232,-0.372595,2.159364,4.059745,1.243336
0.763698,-1.066798,-0.870940,-0.390859,0.233317,0.505054,-0.167880,-0.871048,1.774741,2.682183,1.431560,0.337700
0.746022,-0.135401,1.121306,0.664316,-0.183353,0.389160,0.067412,0.931397,1.992246,1.055175,1.310334,0.189608
0.719860,0.331715,1.122516,0.329515,-0.088555,0.296789,0.131102,0.467116,0.001210,-0.334801,1.216000,0.113113
0.698164,-0.460101,-0.040528,-0.016478,0.216669,0.129240,0.006983,-0.791816,-1.163044,-0.345993,0.462176,0.063697
0.680301,-1.061482,-0.138117,0.727376,0.407039,-0.195136,-0.137196,-0.601381,-0.097589,0.743854,1.294178,0.222582
0.658822,-0.098675,1.336068,2.641459,0.319094,-0.604942,-0.118802,0.962807,1.474185,1.914083,2.961777,0.481890
0.642109,1.401356,2.523709,3.818185,0.034537,-0.850449,-0.006126,1.500031,1.187641,1.176726,4.786590,0.724494
0.640071,1.438257,1.393969,1.916526,-0.089988,-0.704065,-0.014813,0.036901,-1.129740,-1.901659,2.772148,0.504025
0.644920,0.326345,-1.091216,-1.599559,0.085418,-0.278613,-0.143248,-1.111912,-2.485185,-3.516085,1.963630,0.105441
0.646317,-0.451284,-2.004006,-2.673722,0.254443,0.030358,-0.251960,-0.777629,-0.912790,-1.074163,3.371719,0.129147
0.645736,-0.620525,-0.857539,-0.828377,0.197701,0.020278,-0.278613,-0.169241,1.146467,1.845345,1.344110,0.117122
0.646528,-0.049169,0.339670,0.934026,0.052082,-0.119412,-0.175030,0.571356,1.197209,1.762403,0.995087,0.047607
0.647293,1.019823,0.538287,1.149788,-0.032286,-0.153426,0.014601,1.068992,0.198617,0.215762,1.628436,0.024795
0.647942,1.038759,0.166274,0.469737,-0.052597,-0.079502,0.092794,0.018936,-0.372013,-0.680051,1.152094,0.017698
0.649440,-0.035968,-0.228101,-0.298685,-0.011756,-0.004940,0.017236,-1.074727,-0.394375,-0.768422,0.377540,0.000460
0.649509,-0.356936,-0.274067,-0.525818,0.058280,0.006361,-0.025442,-0.320968,-0.045966,-0.227133,0.692099,0.004084
0.649381,0.162635,0.143586,0.020702,0.009858,-0.049874,0.052141,0.519571,0.417653,0.546520,0.217935,0.005303
0.657985,0.487894,0.801321,1.197618,-0.243996,-0.130775,0.166868,0.325259,0.657735,1.176916,1.521330,0.104481
0.677206,0.658855,1.239183,2.491951,-0.531084,-0.254310,0.206770,0.170961,0.437862,1.294333,2.859980,0.389478
0.693007,0.109139,0.906483,2.333122,-0.572905,-0.471723,0.076083,-0.549716,-0.332700,-0.158829,2.505410,0.556531
0.693349,-1.206753,-0.142005,-0.205267,-0.288606,-0.557336,-0.114473,-1.315892,-1.048488,-2.538389,1.232296,0.407021
0.683521,-0.702871,-1.013040,-3.004125,0.128938,-0.173280,-0.008767,0.503882,-0.871035,-2.798858,3.247313,0.046728
0.676954,1.751251,-1.076377,-3.396483,0.374747,0.454240,0.439920,2.454122,-0.063337,-0.392358,3.970084,0.540299
0.683003,2.009342,-0.552051,-1.585042,0.270744,0.700257,0.713097,0.258091,0.524326,1.811441,2.618124,1.072170
0.702069,-0.870666,0.097069,0.717498,-0.083709,0.423188,0.417907,-2.880008,0.649120,2.302540,1.132380,0.360742
0.722980,-3.327431,0.496397,2.076019,-0.396803,-0.019993,-0.182185,-2.456765,0.399328,1.358521,3.953234,0.191044
0.733891,-3.361155,0.418434,1.395993,-0.445582,-0.354217,-0.544980,-0.033724,-0.077963,-0.680026,3.663502,0.621016
0.736896,-1.240428,0.126665,-0.374427,-0.269670,-0.407440,-0.408149,2.120727,-0.291769,-1.770420,1.301884,0.405315
0.739889,1.761340,0.068128,-0.761296,-0.071387,-0.059055,0.053816,3.001768,-0.058537,-0.386869,1.920034,0.011480
0.745199,3.105320,-0.049484,-0.219166,0.062021,0.487922,0.459069,1.343980,-0.117612,0.542130,3.113438,0.452659
0.756260,2.185779,-0.610146,-0.940428,0.153932,0.831632,0.650558,-0.919541,-0.560662,-0.721262,2.456484,1.138533
0.774197,1.299131,-0.644866,-1.496187,0.144794,0.817561,0.744565,-0.886648,-0.034720,-0.555759,2.083787,1.243748
0.786317,0.522117,0.243321,-0.151547,0.062960,0.560627,0.599405,-0.777014,0.888187,1.344640,0.595632,0.677553
0.783847,-2.863048,-0.150107,0.288276,0.129972,0.161466,-0.203009,-3.385165,-0.393428,0.439823,2.881437,0.084177
0.776283,-7.312561,-2.061760,-1.227130,0.286550,-0.313400,-1.381061,-4.449513,-1.911653,-1.515406,7.696119,2.087660
0.762152,-6.230605,-1.315561,-0.793331,0.170682,-0.638133,-1.794973,1.081956,0.746199,0.433799,6.417204,3.658274
0.723104,1.306776,2.544103,1.725227,-0.145346,-0.537586,-0.993264,7.537381,3.859664,2.518558,3.340139,1.296698
0.669527,6.931090,3.694533,1.876429,-0.223778,-0.082805,0.081272,5.624314,1.150430,0.151202,8.075306,0.063538
0.635262,5.561895,0.778885,-0.133377,-0.062446,0.310792,0.563722,-1.369195,-2.915648,-2.009806,5.617751,0.418274
0.616325,1.857124,-0.951266,-0.811127,0.060971,0.374787,0.619899,-3.704771,-1.730151,-0.677750,2.238692,0.528458
0.580779,0.291552,-0.022326,-0.427688,0.163783,0.211735,0.582809,-1.565572,0.928940,0.383439,0.518091,0.411323
0.535593,-0.137946,0.487179,-0.261353,0.262169,0.015299,0.440154,-0.429498,0.509505,0.166335,0.569805,0.262702
0.521086,-0.451922,0.188854,0.410709,0.154171,-0.150162,0.248358,-0.313976,-0.298325,0.672062,0.639204,0.107999
0.547384,-0.497734,0.265778,1.065551,-0.114700,-0.258975,0.103407,-0.045812,0.076924,0.654842,1.205726,0.090917
0.585105,-0.990063,0.133564,0.568292,-0.274468,-0.264366,-0.046298,-0.492329,-0.132214,-0.497259,1.149356,0.147366
0.614525,-1.375837,-0.203749,0.084561,-0.343996,-0.242012,-0.169942,-0.385774,-0.337313,-0.483731,1.393410,0.205783
0.643722,-0.541792,0.161993,0.758891,-0.493702,-0.349617,-0.179546,0.834045,0.365742,0.674330,0.946412,0.398210
0.675680,0.116344,0.468978,1.383605,-0.586847,-0.458675,-0.080792,0.658136,0.306985,0.624714,1.465551,0.561300
0.698185,0.122835,-0.395764,0.254691,-0.373627,-0.205612,0.167838,0.006491,-0.864742,-1.128914,0.486400,0.210043
0.710875,1.520216,-1.430308,-2.473241,0.057395,0.348046,0.520349,1.397381,-1.034544,-2.727932,3.236319,0.395193
0.724079,3.254588,-1.132514,-4.172544,0.359041,0.655654,0.677934,1.734372,0.297794,-1.699303,5.411567,1.018387
0.735585,2.393913,0.010088,-2.276764,0.285936,0.468285,0.469276,-0.860675,1.142602,1.895780,3.303721,0.521270
0.738526,-0.067624,0.517509,1.611283,-0.126109,0.080622,0.019521,-2.461537,0.507421,3.888047,1.693701,0.022784
0.737416,-2.301315,0.274659,3.207214,-0.537849,-0.183953,-0.453782,-2.233691,-0.242850,1.595931,3.956982,0.529038
0.738979,-3.844065,0.206825,1.708574,-0.588989,-0.234288,-0.627651,-1.542750,-0.067834,-1.498640,4.211750,0.795745
0.743353,-2.570608,0.375448,0.201541,-0.360457,-0.110996,-0.325420,1.273457,0.168623,-1.507033,2.605687,0.248148
0.748580,1.132344,0.166878,0.134624,-0.185472,0.110896,0.124971,3.702952,-0.208570,-0.066917,1.152465,0.062316
0.752690,2.392052,-0.268826,-0.169814,-0.040702,0.379627,0.371560,1.259708,-0.435704,-0.304438,2.413093,0.283830
0.755122,0.651941,-0.349784,-1.504971,0.236952,0.589668,0.488795,-1.740111,-0.080958,-1.335157,1.676995,0.642775
0.759136,-0.183513,-0.106140,-1.795335,0.369681,0.564446,0.521008,-0.835454,0.243644,-0.290364,1.807808,0.726713
0.765965,-0.507628,0.142708,0.483391,0.053645,0.317223,0.293170,-0.324115,0.248848,2.278726,0.715345,0.189457
0.770821,-2.050724,0.314126,3.010099,-0.394468,0.093526,-0.096337,-1.543096,0.171418,2.526708,3.655795,0.173633
0.771040,-2.207057,0.352075,2.712060,-0.498060,0.016841,-0.282828,-0.156333,0.037949,-0.298039,3.514303,0.328339
0.769597,0.024977,0.214687,0.505366,-0.304827,0.001530,-0.158250,2.232034,-0.137388,-2.206694,0.549645,0.117965
0.768077,1.679496,0.027296,-0.850912,-0.110299,0.023894,0.098956,1.654519,-0.187391,-1.356278,1.882951,0.022529
0.766250,1.853457,-0.087804,-1.104260,0.026115,0.145611,0.334421,0.173961,-0.115100,-0.253348,2.159260,0.133722
0.766158,1.376909,-0.101266,-1.174309,0.139155,0.314023,0.453073,-0.476548,-0.013462,-0.070049,1.812494,0.323250
0.768816,0.201134,-0.043688,-0.878542,0.149982,0.411801,0.433815,-1.175775,0.057578,0.295767,0.902330,0.380270
0.772981,-0.412655,0.000309,-0.116167,0.024456,0.435575,0.375306,-0.613789,0.043997,0.762375,0.428695,0.331178
0.778612,0.040339,0.051928,0.623384,-0.128819,0.407646,0.251464,0.452994,0.051619,0.739551,0.626842,0.246004
0.783759,-0.787181,0.208472,1.048743,-0.203515,0.225532,-0.079161,-0.827520,0.156544,0.425359,1.327771,0.098550
0.783426,-2.348781,0.344814,0.897336,-0.189274,-0.142962,-0.415891,-1.561600,0.136342,-0.151407,2.537889,0.229228
0.777361,-1.362308,0.248462,0.180970,-0.122197,-0.462987,-0.400950,0.986473,-0.096352,-0.716366,1.396555,0.390050
0.770897,0.857708,-0.024111,-0.447179,-0.027581,-0.500424,-0.178646,2.220016,-0.272573,-0.628149,0.967581,0.283099
0.768359,1.252658,-0.304295,-0.696100,0.078725,-0.271204,-0.053006,0.394950,-0.280184,-0.248921,1.465027,0.082559
0.772175,0.931006,-0.484391,-0.802627,0.146308,0.103427,0.153683,-0.321652,-0.180096,-0.106527,1.321218,0.055722
0.781987,0.575049,-0.359824,-0.476557,0.103249,0.422081,0.516567,-0.355957,0.124567,0.326070,0.829012,0.455654
0.791975,-1.124366,0.092964,0.266782,-0.014710,0.398728,0.580163,-1.699415,0.452788,0.743339,1.159316,0.495790
0.796615,-2.082252,0.383694,0.160154,-0.035701,0.094475,0.279497,-0.957886,0.290730,-0.106628,2.123357,0.088319
0.796946,-0.477196,0.231375,-0.708469,0.082018,-0.057073,0.128241,1.605056,-0.152319,-0.868623,0.884974,0.026430
0.796248,0.042929,0.146677,0.032387,0.082499,0.009090,0.109281,0.520125,-0.084698,0.740856,0.156224,0.018831
0.795052,-2.120440,0.409069,2.092109,-0.189481,-0.016995,-0.193170,-2.163369,0.262392,2.059722,3.006746,0.073507
0.793846,-2.758038,0.399014,1.754173,-0.415530,-0.058432,-0.492657,-0.637598,-0.010055,-0.337936,3.292888,0.418790
0.795260,-0.858118,-0.110988,-0.819178,-0.278437,0.121622,-0.308316,1.899920,-0.510002,-2.573351,1.191527,0.187378
0.799939,0.088081,-0.380801,-1.298941,-0.030916,0.298157,0.040444,0.946199,-0.269813,-0.479763,1.356472,0.091489
0.804428,-0.143157,-0.150159,0.424619,-0.058973,0.279558,0.111079,-0.231238,0.230642,1.723560,0.472592,0.093969
0.806493,0.050200,0.026483,0.837506,-0.227989,0.261065,0.057373,0.193357,0.176642,0.412887,0.839427,0.123426
0.807441,-0.156259,0.051446,-0.005536,-0.188261,0.226219,0.063423,-0.206459,0.024963,-0.843042,0.164603,0.090640
0.807127,-0.619230,0.194860,-0.155322,0.018657,-0.016822,0.056906,-0.462971,0.143414,-0.149786,0.667489,0.003869
0.804091,-0.065782,0.245417,0.019272,0.120600,-0.256034,0.056454,0.553448,0.050557,0.174594,0.254810,0.083285
0.800870,0.604393,0.022050,0.034064,0.090213,-0.201338,0.125662,0.670175,-0.223367,0.014792,0.605754,0.064466
0.801396,0.778760,-0.165677,0.186969,0.080014,0.029940,0.228760,0.174367,-0.187727,0.152905,0.817847,0.059630
0.805069,1.058387,-0.127008,-0.062531,0.108897,0.227007,0.322731,0.279627,0.038669,-0.249500,1.067813,0.167546
0.808811,0.512153,0.013940,-0.549233,0.095594,0.330712,0.325899,-0.546234,0.140948,-0.486702,0.751100,0.224719
0.811364,-0.940488,0.145100,-0.169213,0.029867,0.293075,0.171491,-1.452641,0.131160,0.380020,0.966543,0.116194
0.813225,-1.101323,0.160552,0.479476,-0.043533,0.150536,-0.022329,-0.160835,0.015452,0.648689,1.211853,0.025055
0.815211,-0.186367,0.057775,0.264213,-0.087444,0.047760,-0.120005,0.914956,-0.102777,-0.215263,0.328450,0.024329
0.816901,-0.390971,0.057589,0.001316,-0.084722,-0.018287,-0.161988,-0.204604,-0.000186,-0.262897,0.395192,0.033752
0.816375,-0.555607,0.145721,0.333128,-0.044189,-0.124391,-0.153394,-0.164636,0.088132,0.331812,0.664009,0.040956
0.813595,1.269147,0.017379,0.203834,0.021749,-0.162572,0.021235,1.824754,-0.128342,-0.129294,1.285529,0.027354
0.811307,2.588533,-0.215645,-0.545874,0.110178,-0.073684,0.291295,1.319386,-0.233024,-0.749708,2.654239,0.102421
0.810072,1.248662,-0.174814,-0.789951,0.215559,-0.016726,0.427854,-1.339871,0.040831,-0.244077,1.487864,0.229804
0.807626,-0.072331,0.021146,-0.441933,0.304028,-0.008097,0.410624,-1.320993,0.195960,0.348018,0.448312,0.261111
0.804805,-0.582162,0.124318,0.217662,0.254337,0.059691,0.258452,-0.509831,0.103172,0.659595,0.633833,0.135048
0.804868,-2.751576,0.248562,1.412170,-0.029176,0.071598,-0.172892,-2.169414,0.124244,1.194508,3.102769,0.035869
0.807183,-3.872095,0.297276,1.861304,-0.349009,0.007023,-0.651263,-1.120519,0.048714,0.449134,4.306500,0.546000
0.809560,-0.405012,0.013634,0.221826,-0.383724,0.125094,-0.617984,3.467083,-0.283642,-1.639478,0.461982,0.544797
0.813215,2.520788,-0.262257,-1.353083,-0.184118,0.350220,-0.177330,2.925800,-0.275891,-1.574909,2.872975,0.187999
0.818061,0.762021,-0.165097,-0.702590,-0.060763,0.323211,0.059121,-1.758767,0.097160,0.650493,1.049555,0.111653
0.819786,-0.629348,-0.079435,0.099576,-0.058870,0.168536,0.041450,-1.391369,0.085662,0.802166,0.642109,0.033588
0.817236,0.934759,-0.231095,-0.648373,-0.015996,0.237305,0.073855,1.564107,-0.151660,-0.747949,1.160847,0.062024
0.814937,1.228429,-0.116355,-0.786981,0.049998,0.361329,0.092558,0.293670,0.114740,-0.138608,1.463528,0.141625
0.815197,-0.460006,0.392662,0.905906,-0.000570,0.187907,0.008350,-1.688435,0.509017,1.692887,1.089245,0.035379
0.814909,-0.814764,0.626881,2.205145,-0.139727,-0.167918,0.026176,-0.354758,0.234219,1.299239,2.432999,0.048405
0.812182,0.346536,0.228307,1.298244,-0.176407,-0.325634,0.192956,1.161300,-0.398574,-0.906901,1.362956,0.174389
0.810498,1.112785,-0.300002,-0.691161,-0.044012,-0.150395,0.317516,0.766249,-0.528309,-1.989405,1.343873,0.125372
0.813550,1.304962,-0.391235,-1.613804,0.086458,0.180540,0.411395,0.192177,-0.091233,-0.922643,2.111955,0.209316
0.819776,1.609693,-0.153018,-1.197823,0.112437,0.433952,0.601317,0.304731,0.238217,0.415981,2.012289,0.562539
0.825239,1.310984,0.017042,-0.555044,0.128765,0.493509,0.656646,-0.298709,0.170060,0.642779,1.423743,0.691316
0.828381,-1.206663,0.156113,0.409364,0.097695,0.314365,0.205315,-2.517647,0.139071,0.964408,1.283739,0.150524
0.828911,-4.504896,0.467310,1.865066,-0.116675,-0.080212,-0.542972,-3.298233,0.311197,1.455702,4.898054,0.314866
0.826163,-3.755047,0.645095,2.026858,-0.331622,-0.451050,-0.875937,0.749849,0.177785,0.161792,4.315632,1.080685
0.821337,1.740264,0.299257,0.114281,-0.240818,-0.463218,-0.488214,5.495311,-0.345838,-1.912577,1.769501,0.510917
0.818111,5.835887,-0.253410,-1.500853,0.060434,-0.114467,0.205882,4.095623,-0.552667,-1.615134,6.031115,0.059142
0.818429,4.621306,-0.426686,-1.120258,0.244675,0.233420,0.709996,-1.214581,-0.173276,0.380595,4.774255,0.618445
0.818496,1.719323,-0.174041,-0.461651,0.300544,0.342884,0.962577,-2.901983,0.252645,0.658607,1.788710,1.134451
0.811258,0.875583,0.257220,-1.117492,0.473593,0.285467,1.128344,-0.843740,0.431261,-0.655841,1.442774,1.578942
0.793272,-0.004072,0.703642,-1.213964,0.709189,0.114027,1.118985,-0.879655,0.446422,-0.096472,1.403153,1.768079
0.768509,-3.058336,0.843530,0.764459,0.679956,-0.228388,0.689277,-3.054264,0.139888,1.978423,3.263336,0.989604
0.746748,-5.284169,0.532006,1.850360,0.464230,-0.668228,-0.043097,-2.225833,-0.311524,1.085901,5.623994,0.663896
0.732802,-4.840558,0.228325,-0.124936,0.489055,-1.032518,-0.797635,0.443611,-0.303681,-1.975296,4.847550,1.941490
0.714096,-4.329570,-0.080828,-1.800124,0.725347,-1.159528,-1.533599,0.510988,-0.309153,-1.675188,4.689580,4.222559
0.677394,-2.761106,-1.138401,-1.001598,0.775026,-0.824831,-1.913157,1.568464,-1.057573,0.798526,3.150057,4.941181
0.639468,3.003605,-2.303467,-0.627196,0.593096,-0.047715,-1.375033,5.764711,-1.165066,0.374402,3.836793,2.244755
0.626448,7.519957,-1.773777,-1.464952,0.357080,0.599772,-0.367732,4.516352,0.529690,-0.837756,7.863976,0.622459
0.627150,4.379007,0.027810,-0.855891,0.081634,0.657408,0.051952,-3.140950,1.801587,0.609061,4.461953,0.441548
0.612707,-0.634829,0.765502,0.660262,-0.113092,0.412508,-0.102231,-5.013836,0.737692,1.516153,1.193711,0.193404
0.588820,-0.441615,0.213046,0.934591,0.021727,0.297092,-0.158168,0.193214,-0.552456,0.274329,1.055402,0.113753
0.579048,1.479876,0.419399,1.528828,0.341586,0.219247,-0.130054,1.921491,0.206353,0.594237,2.168696,0.181664
0.576893,1.105055,2.001938,3.815140,0.368288,-0.101565,-0.246964,-0.374821,1.582539,2.286312,4.447943,0.206943
0.562618,0.368388,3.039008,4.859942,0.009795,-0.600503,-0.305204,-0.736667,1.037070,1.044802,5.743720,0.453849
0.546451,0.407727,1.881911,2.354336,-0.277555,-0.877303,-0.221492,0.039339,-1.157097,-2.505606,3.041501,0.895756
0.550970,0.366117,-0.450104,-1.387961,-0.142346,-0.673449,-0.177630,-0.041610,-2.332015,-3.742297,1.504351,0.505348
0.569044,0.048814,-1.536936,-2.830992,0.228224,-0.287672,-0.221756,-0.317303,-1.086832,-1.443031,3.221657,0.184017
0.578146,-0.708457,-0.562613,-1.008432,0.396947,-0.200117,-0.305917,-0.757271,0.974323,1.822560,1.354762,0.291199
0.578650,-0.888742,0.947506,2.034371,0.174642,-0.356243,-0.319775,-0.180285,1.510119,3.042803,2.413772,0.259665
0.584232,0.566695,1.072438,2.883417,-0.186475,-0.352983,-0.120954,1.455437,0.124932,0.849046,3.128156,0.174000
0.594313,1.185736,-0.241574,0.561120,-0.292971,-0.141690,0.103065,0.619041,-1.314012,-2.322297,1.333860,0.116530
0.602442,-0.572647,-1.014822,-1.620333,-0.145058,-0.021996,0.034625,-1.758383,-0.773248,-2.181453,1.995812,0.022725
0.610130,-1.473391,-0.100878,-0.510659,-0.145958,-0.185259,-0.168403,-0.900744,0.913944,1.109674,1.562636,0.083984
0.618917,-0.445804,0.783474,2.028305,-0.452449,-0.520662,-0.188106,1.027587,0.884352,2.538964,2.219593,0.511183
0.629768,-0.023346,-0.131854,1.464024,-0.644788,-0.626733,-0.064282,0.422458,-0.915328,-0.564281,1.470135,0.812678
0.646946,0.878646,-1.637652,-2.751879,-0.297740,-0.158958,0.198035,0.901992,-1.505798,-4.215903,3.320657,0.153135
0.667851,3.508315,-1.713253,-5.452070,0.342523,0.593827,0.713582,2.629669,-0.075601,-2.700191,6.705861,0.979152
0.686062,3.319146,-0.529172,-2.601916,0.602606,0.911462,1.099808,-0.189169,1.184081,2.850154,4.250496,2.403475
0.704712,-1.816101,0.524215,2.541164,0.243925,0.560230,0.759006,-5.135247,1.053387,5.143080,3.167103,0.949447
0.725564,-6.538371,0.744530,4.097767,-0.300483,-0.014734,-0.183579,-4.722270,0.220315,1.556603,7.752181,0.124208
0.740804,-6.148521,0.342016,1.692151,-0.542286,-0.361796,-0.949730,0.389850,-0.402514,-2.405616,6.386287,1.326958
0.749290,-1.500072,0.107506,-0.496084,-0.430178,-0.395983,-0.970982,4.648449,-0.234510,-2.188235,1.583626,1.284662
0.756972,3.068598,0.466581,-0.049478,-0.243220,-0.226564,-0.372202,4.568670,0.359075,0.446606,3.104262,0.249022
0.763244,3.907671,0.631001,1.476972,-0.184380,0.060626,0.301496,0.839073,0.164420,1.526450,4.224867,0.128571
0.766703,2.581361,-0.061605,1.068480,-0.092934,0.442870,0.740502,-1.326310,-0.692606,-0.408492,2.794435,0.753114
0.770364,2.235045,-0.718261,-1.644843,0.253084,0.812279,1.004707,-0.346316,-0.656656,-2.713323,2.866502,1.733285
0.774266,1.146309,-0.343344,-2.874044,0.574468,0.920072,1.054369,-1.088736,0.374917,-1.229201,3.113204,2.288240
0.778190,-2.340203,0.524555,0.376295,0.379985,0.643658,0.707741,-3.486512,0.867899,3.250339,2.427613,1.059582
0.784986,-4.725087,0.813163,4.612438,-0.204627,0.166947,0.047697,-2.384884,0.288608,4.236143,6.652989,0.072019
0.793014,-3.483582,0.369973,3.933181,-0.559059,-0.218426,-0.549845,1.241505,-0.443190,-0.679257,5.267080,0.662586
0.798146,-0.394570,-0.155008,-0.581361,-0.445918,-0.328906,-0.702482,3.089012,-0.524981,-4.514542,0.719509,0.800503
0.801643,2.685423,-0.195491,-2.271347,-0.187794,-0.145514,-0.297783,3.079993,-0.040483,-1.689986,3.522603,0.145116
0.805122,4.385616,0.120279,0.098943,-0.073386,0.157845,0.325845,1.700193,0.315770,2.370290,4.388381,0.136476
0.806641,3.097478,0.231473,1.031520,-0.027723,0.343638,0.668134,-1.288138,0.111194,0.932577,3.272917,0.565259
0.807168,0.324101,-0.010788,-1.338261,0.119729,0.358802,0.634181,-2.773377,-0.242261,-2.369781,1.376990,0.545259
0.810033,-0.604851,-0.207977,-2.583238,0.297599,0.307119,0.492064,-0.928952,-0.197189,-1.244977,2.661244,0.425014
0.813751,-0.447143,-0.080181,-0.515516,0.276992,0.220883,0.329206,0.157708,0.127796,2.067722,0.687112,0.233890
0.814221,-1.843152,0.226445,1.809435,0.017529,0.065774,0.020056,-1.396009,0.306626,2.324951,2.592786,0.005036
0.811849,-2.997079,0.378885,1.876240,-0.249795,-0.100569,-0.321029,-1.153927,0.152440,0.066805,3.556165,0.175571
0.810828,-0.990281,0.164433,0.277603,-0.287934,-0.154116,-0.374994,2.006798,-0.214452,-1.598637,1.041517,0.247278
0.813023,1.995393,-0.218866,-1.462475,-0.101580,-0.073955,-0.130758,2.985674,-0.383299,-1.740078,2.483612,0.032885
0.815736,2.131382,-0.281660,-1.600213,0.061046,0.010479,0.065093,0.135989,-0.062794,-0.137738,2.680075,0.008074
0.815957,-0.042988,0.034687,0.532421,-0.027366,0.010638,-0.005933,-2.174370,0.316347,2.132634,0.535279,0.000897
0.815297,-1.453754,0.209171,2.139674,-0.253245,0.025044,-0.196883,-1.410766,0.174484,1.607253,2.595257,0.103523
0.817741,-1.100233,0.049166,0.583095,-0.288968,0.128744,-0.236294,0.353521,-0.160005,-1.556579,1.246166,0.155912
0.822471,0.135693,-0.140698,-1.638993,-0.090990,0.221630,-0.037670,1.235926,-0.189864,-2.222088,1.650608,0.058818
0.823829,1.294529,-0.417636,-1.649044,0.088656,0.282603,0.211167,1.158836,-0.276938,-0.010051,2.137656,0.132316
0.819966,1.007195,-0.728378,-0.943276,0.143444,0.374350,0.246029,-0.287334,-0.310742,0.705768,1.560367,0.221244
0.815724,-0.866978,-0.182560,0.067067,0.082693,0.320141,0.085122,-1.874173,0.545818,1.010343,0.888525,0.116574
0.814795,-1.367092,1.040577,2.767274,-0.167444,-0.020308,0.040790,-0.500114,1.223137,2.700207,3.257230,0.030114
0.815292,0.640045,0.987851,3.642132,-0.433797,-0.306594,0.224382,2.007137,-0.052726,0.874858,3.827614,0.332527
0.814982,1.480753,-0.499217,-0.490537,-0.311553,-0.217188,0.385793,0.840708,-1.487068,-4.132669,1.637826,0.293072
0.814440,-0.181758,-1.130282,-4.095527,0.132410,0.020143,0.378022,-1.662511,-0.631065,-3.604990,4.252519,0.160839
0.813846,-1.408886,-0.657160,-2.405191,0.415079,0.122865,0.229164,-1.227128,0.473122,1.690336,2.863872,0.239903
0.812300,-2.335971,-0.746806,0.083290,0.429737,0.135101,-0.179048,-0.927085,-0.089646,2.488481,2.453858,0.234984
0.810399,-3.956487,-0.571897,0.271823,0.340419,0.069119,-0.753180,-1.620516,0.174909,0.188533,4.006837,0.687943
0.809942,-2.287001,1.130606,1.763984,0.040555,-0.080960,-0.874732,1.669486,1.702503,1.492161,3.101658,0.773355
0.811873,2.847181,2.013094,4.131474,-0.454215,-0.073831,-0.313841,5.134182,0.882488,2.367490,5.406299,0.310258
0.815514,3.814070,0.258630,2.353489,-0.697802,0.167126,0.202855,0.966889,-1.754464,-1.777985,4.489201,0.556009
0.819084,-0.243473,-1.641720,-2.237331,-0.504535,0.355409,0.163161,-4.057543,-1.900350,-4.590820,2.785709,0.407493
0.821633,-1.409488,-1.591619,-4.087527,-0.206368,0.404623,0.026158,-1.166015,0.050101,-1.850196,4.607362,0.206992
0.823594,0.764955,-0.740876,-2.768639,-0.019072,0.427151,0.152988,2.174443,0.850743,1.318888,2.966381,0.206227
0.824414,0.439220,0.014073,-0.707754,0.091612,0.271781,0.230735,-0.325735,0.754949,2.060885,0.833083,0.135496
0.822799,-1.225163,0.809623,1.385684,0.074136,-0.115811,0.134321,-1.664383,0.795550,2.093438,2.019068,0.036950
0.820045,-0.851520,0.863852,2.165164,-0.063454,-0.356995,0.109582,0.373643,0.054229,0.779480,2.481786,0.143480
0.819033,-0.415748,-0.101554,0.593278,-0.133755,-0.245200,0.147255,0.435772,-0.965406,-1.571886,0.731532,0.099697
0.820213,-0.704214,-0.719839,-0.811846,-0.109367,-0.036221,0.120495,-0.288466,-0.618285,-1.405124,1.293514,0.027792
0.821433,0.088911,-0.365919,-0.189887,-0.133490,0.043325,0.112579,0.793125,0.353920,0.621959,0.421733,0.032371
0.819814,0.810093,0.034989,0.219344,-0.162246,-0.000431,0.147210,0.721182,0.400908,0.409231,0.839992,0.047995
0.813599,0.389220,0.062513,-0.802607,-0.058777,-0.084655,0.147903,-0.420873,0.027524,-1.021951,0.894191,0.032497
0.805529,0.642470,0.193417,-1.057916,0.075875,-0.090888,0.161195,0.253250,0.130904,-0.255309,1.252743,0.040001
0.801556,1.232510,0.401409,0.023846,0.084655,0.003659,0.180839,0.590040,0.207992,1.081762,1.296449,0.039883
0.802692,-0.147255,0.193260,0.192958,0.076462,0.052471,0.041675,-1.379765,-0.208149,0.169112,0.310268,0.010336
0.803139,-2.072847,-0.343322,-0.972133,0.193958,0.028925,-0.230716,-1.925592,-0.536582,-1.165091,2.315083,0.091686
0.798361,-1.599315,-0.720467,-1.457637,0.318285,0.100584,-0.380022,0.473532,-0.377145,-0.485504,2.280699,0.255839
0.789328,-0.218205,-0.797355,-0.745809,0.314536,0.274480,-0.416793,1.381110,-0.076888,0.711828,1.113382,0.347989
0.779674,-0.548201,-0.423529,-0.016944,0.213614,0.387715,-0.599881,-0.329996,0.373826,0.728865,0.692956,0.555811
0.774432,-0.623397,0.818364,0.982293,-0.017599,0.403168,-0.772016,-0.075196,1.241893,0.999237,1.422407,0.758863
0.778872,1.688993,2.367953,3.100113,-0.417188,0.289046,-0.496215,2.312390,1.549589,2.117820,4.250953,0.503823
0.792728,3.753613,2.435478,4.377776,-0.734014,-0.050554,0.096842,2.064620,0.067525,1.277663,6.259879,0.550711
0.807343,3.574904,0.508982,1.794502,-0.637793,-0.351219,0.538616,-0.178709,-1.926496,-2.583274,4.032275,0.820242
0.813648,3.195641,-1.293097,-3.333992,-0.143199,-0.150808,0.843523,-0.379263,-1.802079,-5.128494,4.795803,0.754780
0.812332,3.040496,-1.049866,-5.625528,0.380070,0.349050,1.150222,-0.155145,0.243231,-2.291536,6.480231,1.589300
0.810473,0.771723,0.113549,-3.064127,0.578691,0.451708,1.117730,-2.268773,1.163415,2.561401,3.161855,1.788244
0.808806,-3.064684,0.030039,-0.372957,0.529243,0.097995,0.468250,-3.836407,-0.083510,2.691170,3.087440,0.508959
0.801993,-4.689061,-0.578424,-0.676992,0.529706,-0.146746,-0.406114,-1.624377,-0.608463,-0.304035,4.772859,0.467051
0.791242,-2.289418,0.626496,0.357073,0.421401,-0.142816,-0.806398,2.399643,1.204920,1.034065,2.400299,0.848253
0.784754,1.306838,2.544206,4.252581,-0.093328,-0.182430,-0.504456,3.596256,1.917710,3.895508,5.124964,0.296467
0.787002,1.967649,1.838795,4.086580,-0.578320,-0.183869,-0.008733,0.660811,-0.705411,-0.166001,4.894175,0.368338
0.796802,0.000815,-0.641681,-1.249350,-0.504155,0.093458,0.129198,-1.966834,-2.480476,-5.335930,1.404504,0.279599
0.810223,-1.004056,-1.264489,-3.303027,-0.232273,0.370750,0.003811,-1.004871,-0.622808,-2.053677,3.676554,0.191421
0.820475,-0.574459,-0.488097,-1.173834,-0.151103,0.306088,-0.093039,0.429597,0.776392,2.129193,1.395037,0.125178
0.822604,-0.592041,-0.737541,-1.670245,0.052718,0.123378,-0.200181,-0.017582,-0.249444,-0.496411,1.919426,0.058074
0.819258,-0.417247,-0.485186,-2.571268,0.336157,0.077867,-0.269673,0.174794,0.252355,-0.901023,2.649702,0.191788
0.816839,1.206235,1.861360,2.167683,0.094823,0.000119,-0.040070,1.623482,2.346546,4.738951,3.101373,0.010597
0.817952,2.556654,3.160579,6.909271,-0.492031,-0.197143,0.363050,1.350419,1.299219,4.741588,8.016468,0.412765
0.819932,1.806307,1.211553,3.530487,-0.563291,-0.303091,0.535743,-0.750347,-1.949026,-3.378784,4.146679,0.696181
0.819728,0.842873,-0.915584,-3.387876,-0.033315,-0.189628,0.522225,-0.963434,-2.127137,-6.918363,3.609215,0.309788
0.818772,1.496766,-0.697521,-4.804106,0.391700,0.073945,0.581359,0.653893,0.218063,-1.416230,5.079988,0.496875
0.820319,0.401741,0.222178,-0.814716,0.292660,0.241881,0.423753,-1.095025,0.919699,3.989390,0.935158,0.323723
0.823374,-4.382326,0.337226,2.578274,-0.163828,0.041818,-0.305805,-4.784067,0.115048,3.392990,5.095684,0.122105
0.824478,-6.005435,0.262198,2.206315,-0.531438,-0.305139,-1.041184,-1.623109,-0.075028,-0.371959,6.403267,1.459600
0.823671,0.005009,0.250594,-0.449747,-0.494916,-0.274884,-0.956039,6.010444,-0.011604,-2.656062,0.514874,1.234514
0.823461,5.767135,-0.001751,-1.807683,-0.267019,0.033107,-0.266073,5.762126,-0.252345,-1.357936,6.043804,0.143190
0.824193,4.642681,-0.178694,-0.893415,-0.230060,0.128370,0.249546,-1.124454,-0.176943,0.914268,4.731238,0.131680
0.824376,1.616029,-0.126612,-0.841594,-0.226296,0.102156,0.433007,-3.026652,0.052082,0.051821,1.826434,0.249141
0.823878,1.336131,-0.171081,-2.457508,0.060241,0.276938,0.528559,-0.279898,-0.044469,-1.615914,2.802474,0.359698
0.824450,0.897009,-0.185758,-1.710823,0.326521,0.445141,0.501602,-0.439122,-0.014677,0.746685,1.940630,0.556371
0.827280,-1.501694,0.107516,2.035937,0.134842,0.348344,0.221946,-2.398703,0.293274,3.746760,2.532130,0.188786
0.830842,-3.053211,0.355636,3.636024,-0.263136,0.180907,-0.163040,-1.551517,0.248120,1.600087,4.761223,0.128550
0.832604,-2.223796,0.198287,1.236595,-0.373178,0.114410,-0.364941,0.829415,-0.157349,-2.399429,2.552206,0.285533
0.833003,-0.666079,-0.049883,-1.075695,-0.239781,0.046635,-0.313039,1.557717,-0.248170,-2.312290,1.266203,0.157663
0.834576,0.511144,-0.022085,-0.808206,-0.179327,-0.031263,-0.167013,1.177223,0.027798,0.267489,0.956532,0.061029
0.836150,1.750380,0.059738,0.055973,-0.194567,-0.020586,0.042839,1.239236,0.081823,0.864179,1.752293,0.040115
0.832915,2.162406,-0.099903,-0.486112,-0.084464,0.021575,0.387894,0.412026,-0.159641,-0.542085,2.218622,0.158061
0.824607,0.314469,-0.237285,-1.705721,0.165826,0.021893,0.638789,-1.847937,-0.137382,-1.219609,1.750622,0.436029
0.817639,-2.023906,-0.103505,-1.871804,0.364532,0.055199,0.498492,-2.338375,0.133780,-0.166083,2.758724,0.384425
0.816296,-2.137259,-0.104944,-0.714600,0.372553,0.153207,0.134170,-0.113353,-0.001439,1.157204,2.256001,0.180270
0.817891,-0.785463,-0.377601,0.551301,0.247851,0.263762,-0.105851,1.351796,-0.272657,1.265901,1.031246,0.142205
0.818836,0.098974,-0.162397,1.012850,0.116509,0.404124,-0.191500,0.884437,0.215204,0.461549,1.030550,0.213563
0.820064,0.614124,0.731194,1.254835,-0.017617,0.537618,-0.205797,0.515150,0.893591,0.241985,1.576833,0.331696
0.824211,0.958672,1.266786,2.507077,-0.246046,0.468659,-0.120958,0.344548,0.535592,1.252242,2.968035,0.294811
0.830342,0.094720,0.868596,3.723315,-0.510677,0.107086,-0.049423,-0.863952,-0.398190,1.216238,3.824461,0.274701
0.834084,-1.601301,0.128539,1.805311,-0.513447,-0.341571,-0.150107,-1.696021,-0.740057,-1.918004,2.416575,0.402831
0.833244,-1.161765,-0.342207,-2.270048,-0.127239,-0.536493,-0.168828,0.439536,-0.470746,-4.075359,2.572921,0.332517
0.830617,2.145973,-0.410732,-3.181597,0.264783,-0.328222,0.207626,3.307738,-0.068525,-0.911549,3.859593,0.220948
0.829537,4.032770,-0.197020,-0.591155,0.290462,0.045128,0.643366,1.886797,0.213712,2.590442,4.080627,0.500325
0.830087,2.349539,0.015343,0.512836,0.129704,0.258756,0.665363,-1.683231,0.212363,1.103991,2.404905,0.526486
0.831343,0.236823,0.066400,-0.207682,0.036056,0.309245,0.390114,-2.112716,0.051057,-0.720518,0.321910,0.249121
0.832798,-1.596229,-0.018793,0.373585,-0.089636,0.292927,-0.008626,-1.833052,-0.085193,0.581267,1.639471,0.093915
0.832850,-4.011951,-0.140028,1.039509,-0.251928,0.125887,-0.539277,-2.415722,-0.121235,0.665924,4.146798,0.370135
0.830468,-3.209507,0.048847,0.282071,-0.257928,-0.154890,-0.788655,0.802444,0.188875,-0.757438,3.222248,0.712494
0.827434,1.408096,0.567933,0.541221,-0.189931,-0.289424,-0.396441,4.617603,0.519086,0.259150,1.611894,0.277006
0.825982,3.292846,0.595239,1.685081,-0.235741,-0.176199,0.152953,1.884750,0.027306,1.143860,3.746551,0.110015
0.826774,1.346656,-0.126709,0.435727,-0.252753,0.065724,0.342007,-1.946190,-0.721948,-1.249354,1.421054,0.185173
0.829548,1.109782,-0.542337,-2.028158,-0.085336,0.342038,0.401802,-0.236874,-0.415628,-2.463885,2.374694,0.285717
0.832397,2.050950,-0.186510,-1.919212,0.091679,0.560574,0.546838,0.941168,0.355827,0.108946,2.815059,0.621680
0.832236,-0.377056,0.112643,0.024027,0.101971,0.547106,0.444150,-2.428006,0.299153,1.943239,0.394255,0.506992
0.828481,-3.436281,0.043497,0.846995,0.013039,0.269772,-0.045129,-3.059225,-0.069146,0.822968,3.539395,0.074984
0.823714,-1.634237,0.106307,0.510064,-0.066503,-0.018232,-0.422313,1.802044,0.062810,-0.336931,1.715283,0.183103
0.820409,2.119184,0.233266,0.260044,-0.096421,-0.123948,-0.293971,3.753421,0.126959,-0.250020,2.147784,0.111079
0.818813,1.872300,0.049630,0.287024,-0.081435,-0.158222,0.047124,-0.246884,-0.183636,0.026980,1.894823,0.033887
0.816590,-0.335427,-0.162022,0.457899,-0.106493,-0.188485,0.197829,-2.207727,-0.211652,0.170875,0.590283,0.086004
0.811055,0.002396,-0.057076,0.291187,-0.178606,-0.111957,0.230143,0.337823,0.104946,-0.166712,0.296738,0.097400
0.803209,1.095954,0.120276,-0.525355,-0.118440,-0.052855,0.340667,1.093558,0.177352,-0.816542,1.221302,0.132876
0.795777,0.718481,0.090645,-0.851160,0.091671,-0.234913,0.463706,-0.377473,-0.029631,-0.325805,1.117544,0.278611
0.787775,0.570638,0.009245,-0.266422,0.202753,-0.469071,0.444948,-0.147843,-0.081400,0.584738,0.629836,0.459115
0.777224,0.342701,0.104148,-0.324190,0.171062,-0.446307,0.205377,-0.227937,0.094903,-0.057768,0.483104,0.270632
0.766577,-1.646341,-0.050392,-1.366085,0.225887,-0.247863,-0.216869,-1.989042,-0.154540,-1.041895,2.139899,0.159493
0.760779,-2.837504,-1.253406,-2.550756,0.466227,-0.001829,-0.561621,-1.191163,-1.203014,-1.184671,4.016069,0.532789
0.763204,-1.066940,-2.940857,-4.261980,0.871138,0.405115,-0.581516,1.770564,-1.687451,-1.711224,5.286915,1.261160
0.771876,0.335837,-3.115563,-5.645653,1.425524,0.872194,-0.446242,1.402777,-0.174706,-1.383673,6.457005,2.991973
0.778475,-0.566153,-1.009716,-3.712401,1.865157,1.009091,-0.433513,-0.901990,2.105847,1.933252,3.888699,4.685009
0.779029,-0.377874,1.846159,1.429981,1.778245,0.717748,-0.396962,0.188279,2.855875,5.142382,2.365573,3.834896
0.778283,1.718132,3.465250,5.244915,1.259571,0.281754,-0.156698,2.096006,1.619091,3.814934,6.516830,1.690459
0.773468,1.842359,3.179591,5.202486,0.882824,-0.113265,0.022383,0.124227,-0.285659,-0.042429,6.369454,0.792708
0.755763,-0.603241,1.960772,4.197982,0.807597,-0.536390,-0.098487,-2.445600,-1.218819,-1.004504,4.672428,0.949627
0.732029,-2.144828,0.975052,4.388849,0.686664,-0.997377,-0.388598,-1.541587,-0.985720,0.190867,4.981266,1.617277
0.709787,-1.424356,0.284036,3.087301,0.538302,-1.224077,-0.698897,0.720472,-0.691016,-1.301548,3.411875,2.276591
0.673287,0.279007,0.166964,-0.098488,0.676899,-1.041210,-0.929028,1.703363,-0.117072,-3.185789,0.339738,2.405404
0.615452,1.520872,1.475426,-0.321858,0.880586,-0.885783,-0.907280,1.241865,1.308462,-0.223370,2.143251,2.383200
0.562748,1.349983,3.215537,2.902758,0.710904,-1.326738,-0.652033,-0.170889,1.740111,3.224616,4.537415,2.690765
0.536524,0.449226,3.225893,3.883331,0.305545,-2.125817,-0.381461,-0.900757,0.010356,0.980573,5.068377,4.757968
0.528594,0.236172,1.573717,1.210048,0.009516,-2.524882,-0.173753,-0.213054,-1.652176,-2.673283,1.999144,6.405310
0.525043,0.134124,-0.090089,-1.081034,-0.170759,-2.275854,-0.022305,-0.102048,-1.663806,-2.291082,1.093042,5.209168
0.518665,-0.667289,-1.004478,-1.758958,-0.245260,-1.736638,0.018211,-0.801413,-0.914389,-0.677924,2.132647,3.076396
0.507005,-0.662125,-0.899667,-2.321702,-0.134354,-1.264712,0.046517,0.005164,0.104811,-0.562744,2.576453,1.619711
0.499805,0.669454,-0.100976,-1.944415,-0.097773,-0.935912,0.243924,1.331579,0.798691,0.377287,2.058911,0.944990
0.510930,0.725164,-0.318250,0.200226,-0.453378,-0.679906,0.457384,0.055710,-0.217274,2.144641,0.816845,0.877024
0.537098,-1.618399,-1.969245,1.149248,-0.842517,-0.574553,0.338319,-2.343563,-1.650995,0.949022,2.796053,1.154406
0.560422,-3.483030,-2.738258,-1.344792,-0.654136,-0.772473,-0.084762,-1.864631,-0.769013,-2.494040,4.630121,1.031793
0.568605,-2.525468,-1.606193,-3.868114,-0.083874,-0.997046,-0.410170,0.957562,1.132065,-2.523322,4.890823,1.169375
0.563306,-0.606818,-0.523616,-2.750903,0.185648,-0.839729,-0.483811,1.918650,1.082577,1.117211,2.865287,0.973683
0.551341,-0.768383,-0.521910,-0.400623,0.118715,-0.669899,-0.640647,-0.161565,0.001706,2.350280,1.011584,0.873287
0.532748,-2.006754,-0.465937,-0.190227,0.151388,-1.074508,-1.064964,-1.238371,0.055973,0.210396,2.068900,2.311634
0.506124,-0.440295,0.136530,-0.568410,0.283106,-1.616705,-1.279326,1.566459,0.602467,-0.378183,0.731840,4.330559
0.483473,3.417334,0.542949,0.302457,0.237407,-1.558550,-0.873137,3.857629,0.406419,0.870867,3.473391,3.247808
0.480121,4.292688,0.344252,0.756765,0.063707,-1.138395,-0.322597,0.875354,-0.198697,0.454308,4.372456,1.404071
0.492119,1.323191,-0.195692,-0.073132,-0.035958,-0.866119,-0.248428,-2.969497,-0.539944,-0.829897,1.339581,0.813172
0.504733,-0.328082,-0.626817,-0.748344,-0.031887,-0.599103,-0.401564,-1.651273,-0.431125,-0.675212,1.029833,0.521195
0.515056,1.156322,-0.704792,-0.842832,0.042469,-0.191695,-0.267799,1.484404,-0.077975,-0.094488,1.595048,0.110267
0.527136,1.844559,-0.519558,-0.559927,0.115008,0.019974,-0.034165,0.688237,0.185234,0.282905,1.996461,0.014793
0.537029,-0.150719,-0.097633,0.636406,0.013264,-0.169605,-0.128143,-1.995278,0.421925,1.196333,0.661257,0.045362
0.539868,-1.516434,0.591984,1.840097,-0.265391,-0.483594,-0.342511,-1.365715,0.689617,1.203691,2.456822,0.421609
0.542089,0.354233,1.054412,1.284857,-0.444730,-0.547243,-0.177971,1.870667,0.462428,-0.555240,1.699448,0.528933
0.552460,2.625122,0.687720,-0.085251,-0.413858,-0.313007,0.244876,2.270889,-0.366692,-1.370108,2.715049,0.329216
0.567951,1.530721,-0.108803,-0.080831,-0.420893,-0.134849,0.368151,-1.094401,-0.796523,0.004420,1.536710,0.330870
0.580877,-1.299776,-0.382318,0.874511,-0.605870,-0.370036,0.125144,-2.830497,-0.273515,0.955342,1.612561,0.519666
0.591409,-2.007015,-0.238431,0.700704,-0.701904,-0.719295,-0.087517,-0.707239,0.143887,-0.173807,2.139146,1.017714
0.600179,-0.046131,-0.625147,-1.248654,-0.385356,-0.309202,-0.064248,1.960884,-0.386716,-1.949358,1.397166,0.248233
0.604536,3.066696,-1.366768,-3.207928,0.237857,1.022961,0.239945,3.112827,-0.741621,-1.959274,4.643650,1.160599
0.616358,5.006567,-1.155108,-2.527462,0.631467,2.091866,0.771224,1.939871,0.211660,0.680466,5.726085,5.369440
0.654018,3.068321,0.173796,0.676449,0.410750,1.867708,1.080717,-1.938246,1.328904,3.203911,3.146805,4.824998
0.700725,-1.653039,1.145321,2.748788,-0.165641,0.801725,0.774034,-4.721360,0.971525,2.072339,3.405897,1.269329
0.715595,-4.306923,0.784735,1.546554,-0.516562,-0.125290,0.160824,-2.653884,-0.360586,-1.202234,4.642976,0.308398
0.699982,-2.517395,-0.187813,-0.835864,-0.425612,-0.521608,-0.191225,1.789528,-0.972548,-2.382418,2.659177,0.489787
0.696651,1.417018,-0.570545,-1.928542,-0.133991,-0.352048,-0.135258,3.934413,-0.382732,-1.092678,2.460231,0.160186
0.718799,3.752172,-0.162394,-1.471930,0.080446,0.182157,0.145382,2.335154,0.408151,0.456612,4.033825,0.060789
0.741258,2.404075,0.349852,0.048411,0.115900,0.536855,0.405968,-1.348097,0.512246,1.520341,2.429880,0.466456
0.752980,-1.758526,0.566594,1.802568,-0.052648,0.343439,0.371113,-4.162601,0.216742,1.754157,2.581219,0.258447
0.761743,-4.949958,0.625108,2.084818,-0.380981,-0.241590,-0.067354,-3.191432,0.058514,0.282250,5.407339,0.208049
0.766508,-3.190637,0.336370,-0.093195,-0.600999,-0.720940,-0.526871,1.759321,-0.288738,-2.178013,3.209672,1.158547
0.764289,1.896196,-0.509752,-2.761310,-0.374122,-0.588074,-0.484615,5.086833,-0.846122,-2.668115,3.388250,0.720650
0.760276,3.641163,-1.022352,-2.426433,0.158052,0.061754,-0.099228,1.744967,-0.512600,0.334877,4.493423,0.038640
0.756715,0.851755,-0.489571,0.597606,0.392841,0.510834,0.033350,-2.789408,0.532781,3.024039,1.149913,0.416388
0.754246,-0.535501,-0.207752,1.645450,0.176973,0.531517,-0.088533,-1.387256,0.281819,1.047844,1.742822,0.321668
0.757629,0.888802,-1.029917,-0.697060,0.075181,0.656743,-0.031389,1.424303,-0.822165,-2.342510,1.528591,0.437949
0.764935,1.110821,-0.760625,-1.736998,0.351056,0.971302,0.219830,0.222019,0.269292,-1.039938,2.197643,1.114993
0.767734,0.355116,1.793011,1.445478,0.472701,0.882170,0.457841,-0.755705,2.553636,3.182476,2.330322,1.211289
0.766325,0.727213,3.228905,4.768245,0.066761,0.331874,0.671551,0.372097,1.435894,3.322767,5.804380,0.565578
0.768400,0.235367,1.097717,3.217368,-0.395019,-0.008567,0.738931,-0.491846,-2.131188,-1.550877,3.407615,0.702132
0.777180,-1.437220,-1.423813,-1.241074,-0.359812,0.129208,0.507345,-1.672587,-2.521530,-4.458442,2.373417,0.403558
0.790143,-1.346537,-1.211388,-2.471201,-0.061985,0.326263,0.232739,0.090683,0.212425,-1.230127,3.063896,0.164457
0.801763,-0.602895,0.094920,0.267521,-0.066616,0.274823,0.150317,0.743642,1.306308,2.738722,0.666378,0.102561
0.807148,-1.472470,0.375287,2.015318,-0.357504,0.054845,0.022907,-0.869575,0.280367,1.747797,2.523988,0.131342
0.807791,-1.338255,0.140962,0.568282,-0.473599,-0.207456,-0.257136,0.134215,-0.234325,-1.447036,1.460733,0.333453
0.807525,0.594267,0.050723,-1.515182,-0.265370,-0.421144,-0.378610,1.932522,-0.090239,-2.083464,1.628344,0.391129
0.804433,0.891911,-0.042864,-1.682899,0.005081,-0.482866,-0.270939,0.297644,-0.093587,-0.167717,1.905122,0.306593
0.797033,0.281302,-0.069800,-0.131047,0.141038,-0.334620,-0.157347,-0.610609,-0.026936,1.551852,0.318082,0.156620
0.792143,1.415144,-0.185740,0.733098,0.214490,0.053470,0.004953,1.133842,-0.115940,0.864145,1.604545,0.048890
0.795668,2.021333,-0.544492,0.030873,0.309719,0.587637,0.319421,0.606189,-0.358752,-0.702225,2.093612,0.543273
0.803785,0.842504,-0.395091,0.217983,0.304552,0.926327,0.590924,-1.178829,0.149401,0.187110,0.955733,1.300025
0.811270,0.125835,0.275889,1.457036,0.087886,0.793356,0.661589,-0.716669,0.670980,1.239053,1.488255,1.074838
0.817754,-1.221455,-0.184331,0.383338,-0.147235,0.349784,0.483754,-1.347290,-0.460220,-1.073698,1.293398,0.378045
0.820779,-4.130714,-1.658292,-2.032908,-0.142696,-0.028002,-0.080707,-2.909259,-1.473961,-2.416246,4.893408,0.027660
0.815712,-3.953226,-1.394782,-1.655941,0.007606,-0.178011,-0.790769,0.177488,0.263510,0.376967,4.507278,0.657061
0.804870,0.431953,0.676325,0.002860,0.069983,-0.149615,-0.933930,4.385179,2.071107,1.658801,0.802501,0.899508
0.794209,2.776010,1.385056,-0.254360,0.102339,-0.013710,-0.391392,2.344057,0.708731,-0.257220,3.112766,0.163849
0.783776,1.179183,0.680785,0.080622,0.196138,0.105205,0.132162,-1.596827,-0.704271,0.334982,1.363980,0.067005
0.772829,0.417966,1.061646,2.479619,0.149454,0.064183,0.302309,-0.761217,0.380861,2.398997,2.729523,0.117847
0.767253,1.130130,1.519710,2.732814,-0.095690,-0.059385,0.392677,0.712164,0.458064,0.253195,3.324904,0.166878
0.771717,0.102663,0.034023,-0.178300,-0.230866,-0.037543,0.400484,-1.027467,-1.485687,-2.911114,0.208538,0.215096
0.781102,-1.358866,-1.538341,-1.822059,-0.138176,0.154641,0.153984,-1.461529,-1.572364,-1.643759,2.744615,0.066718
0.786630,-0.579236,-1.182384,-1.083534,-0.019001,0.339144,-0.094305,0.779630,0.355957,0.738525,1.705166,0.124273
0.786753,0.752018,0.038858,-0.353834,0.032398,0.396477,-0.070852,1.331254,1.221242,0.729700,0.832009,0.163264
0.787533,0.741303,0.926769,0.407058,-0.008225,0.297134,0.092671,-0.010715,0.887911,0.760892,1.254642,0.096944
0.793125,0.198324,1.166456,1.293643,-0.198535,0.087890,0.190777,-0.542979,0.239687,0.886585,1.753130,0.083537
0.800950,-0.198467,0.519080,0.623526,-0.364116,-0.038594,0.186041,-0.396791,-0.647376,-0.670117,0.835235,0.168681
0.807617,-0.366864,-0.100618,-0.195700,-0.326246,0.007079,0.133566,-0.168397,-0.619698,-0.819226,0.427799,0.124326
0.813379,-0.343885,0.112501,1.052475,-0.325380,-0.025666,0.086879,0.022979,0.213119,1.248175,1.112932,0.114079
0.818736,-0.437014,-0.068658,1.169773,-0.485868,-0.220378,0.044881,-0.093129,-0.181159,0.117298,1.250625,0.286648
0.822564,0.235491,-1.130714,-2.275219,-0.349072,-0.116004,0.105545,0.672505,-1.062056,-3.444992,2.551586,0.146448
0.824900,1.873952,-1.291939,-4.209707,0.222148,0.456751,0.413396,1.638461,-0.161225,-1.934488,4.785649,0.428867
0.827172,1.171988,-0.117766,-1.025030,0.485406,0.801869,0.664832,-0.701964,1.174173,3.184677,1.561445,1.320614
0.829658,-3.191136,0.629044,2.417826,0.020911,0.422977,0.326684,-4.363124,0.746810,3.442856,4.052768,0.286069
0.831666,-5.667769,0.358336,1.723685,-0.502162,-0.146541,-0.358909,-2.476633,-0.270708,-0.694141,5.934905,0.402457
0.833117,-1.742367,-0.013254,-0.658222,-0.454704,-0.229449,-0.497399,3.925402,-0.371590,-2.381907,1.862599,0.506808
0.833918,3.752361,-0.144625,-1.434283,-0.104002,0.096642,0.099330,5.494728,-0.131371,-0.776061,4.019738,0.030023
0.833799,3.449602,-0.136683,-0.737820,0.071447,0.360705,0.619744,-0.302759,0.007942,0.696463,3.530271,0.519295
0.834012,-1.037176,0.061310,0.160544,0.019360,0.343800,0.532524,-4.486778,0.197993,0.898364,1.051317,0.402155
0.836489,-2.519105,0.184927,0.554598,-0.097731,0.182706,0.227358,-1.481929,0.123617,0.394054,2.586052,0.094624
0.840714,-0.631083,0.024429,0.434918,-0.175372,0.068488,0.084817,1.888022,-0.160498,-0.119680,0.766822,0.042640
0.843908,-0.512077,-0.060821,0.355424,-0.214536,-0.009845,-0.106052,0.119006,-0.085250,-0.079494,0.626297,0.057370
0.844459,-1.721563,0.177136,0.597553,-0.288121,-0.107673,-0.422263,-1.209486,0.237957,0.242129,1.830908,0.272913
0.843671,-0.590713,0.452366,0.950036,-0.404452,-0.138883,-0.514571,1.130850,0.275230,0.352483,1.206708,0.447653
0.843830,1.020854,0.400192,1.023317,-0.439700,-0.076380,-0.300072,1.611567,-0.052174,0.073281,1.499825,0.289213
0.845112,0.840908,-0.064336,0.166903,-0.264670,0.008342,-0.007921,-0.179946,-0.464528,-0.856414,0.859722,0.070183
0.845556,1.612514,-0.586585,-1.673792,0.084241,0.162400,0.334173,0.771606,-0.522249,-1.840695,2.397053,0.145142
0.844347,3.251505,-0.551678,-2.955615,0.376892,0.364506,0.661166,1.638991,0.034907,-1.281823,4.428577,0.712053
0.843142,1.513416,0.028787,-2.247651,0.446124,0.364680,0.625218,-1.738089,0.580465,0.707964,2.709832,0.722916
0.843039,-2.619495,0.063051,-0.897283,0.441237,0.146690,0.105324,-4.132911,0.034264,1.350368,2.769629,0.227301
0.842251,-4.396562,-1.155792,-1.622907,0.582863,0.074325,-0.585262,-1.777067,-1.218843,-0.725624,4.826949,0.687785
0.839030,-3.171961,-1.866892,-3.098414,0.740395,0.244448,-1.015588,1.224601,-0.711100,-1.475507,4.811111,1.639359
0.835307,-0.349537,0.523945,0.335565,0.488618,0.243556,-0.843612,2.822424,2.390837,3.433979,0.713651,1.009748
0.834011,3.104116,4.184908,8.221566,-0.350564,-0.156508,-0.150556,3.453653,3.660963,7.886001,9.733609,0.170057
0.834368,3.765452,3.595516,9.717826,-1.199407,-0.516570,0.407948,0.661336,-0.589392,1.496260,11.024632,1.871843
0.834185,-0.457694,-1.318119,0.539067,-1.174850,-0.344484,0.342839,-4.223146,-4.913635,-9.178759,1.495832,1.616480
0.834155,-4.386099,-3.851899,-6.814244,-0.362776,0.141570,-0.014759,-3.928405,-2.533780,-7.353311,8.972676,0.151866
0.835161,-2.610230,-1.795246,-3.760412,0.218857,0.425554,-0.083291,1.775869,2.056653,3.053832,4.917002,0.235932
0.835382,1.158810,-0.201215,0.604355,0.206889,0.498634,0.100766,3.769040,1.594031,4.364767,1.322336,0.301593
0.834535,1.262732,-0.741948,-0.555201,0.141592,0.564913,0.121429,0.103922,-0.540733,-1.159556,1.566278,0.353920
0.835458,0.109890,0.131640,-0.489176,0.151609,0.455069,0.009719,-1.152842,0.873588,0.066025,0.518361,0.230168
0.838269,1.069756,2.180001,3.550911,-0.095713,0.023165,0.095249,0.959866,2.048361,4.040087,4.301831,0.018770
0.839667,1.043022,1.697989,4.323565,-0.418104,-0.415471,0.250644,-0.026734,-0.482012,0.772654,4.760701,0.410250
0.839434,-1.249103,-0.674923,0.227690,-0.396600,-0.518758,0.168044,-2.292125,-2.372912,-4.095875,1.437923,0.454640
0.840739,-1.560705,-1.389188,-2.056785,-0.177106,-0.317317,0.034598,-0.311602,-0.714265,-2.284475,2.931895,0.133254
0.844357,0.704450,-0.387687,-0.535972,-0.114376,-0.017687,0.121982,2.265155,1.001501,1.520813,0.966342,0.028274
0.847736,1.535698,0.151255,0.480673,-0.133481,0.172822,0.282893,0.831248,0.538942,1.016645,1.616259,0.127713
0.847882,0.195930,0.041727,-0.289615,-0.014288,0.072520,0.339599,-1.339768,-0.109528,-0.770288,0.352146,0.120791
0.842689,-0.825183,0.150541,-0.384059,0.157642,-0.237431,0.331076,-1.021113,0.108814,-0.094444,0.922546,0.190836
0.832157,-0.675114,0.312426,0.214217,0.221850,-0.370663,0.279407,0.150069,0.161885,0.598276,0.774130,0.264677
0.819694,-0.800778,0.115865,-0.242870,0.204969,-0.174043,0.089096,-0.125664,-0.196561,-0.457087,0.844782,0.080241
0.811054,-2.318466,-0.332491,-1.125584,0.114335,0.023649,-0.381120,-1.517688,-0.448356,-0.882714,2.598610,0.158884
0.810889,-2.750394,-0.606190,-1.090555,-0.085454,0.029926,-0.963584,-0.431928,-0.273699,0.035029,3.020173,0.936692
0.818629,1.083115,-0.038068,-0.344096,-0.268133,0.104224,-1.020762,3.833509,0.568122,0.746459,1.137097,1.124713
0.828437,5.498816,1.180221,0.823888,-0.353508,0.317356,-0.353750,4.415701,1.218289,1.167984,5.684073,0.350822
0.835504,4.502979,1.418093,1.739835,-0.453682,0.316090,0.284852,-0.995837,0.237872,0.915947,5.031385,0.386881
0.839518,1.035104,0.073747,0.774532,-0.499624,0.044334,0.431555,-3.467875,-1.344346,-0.965303,1.294905,0.437829
0.840667,1.234112,-1.103708,-2.023916,-0.239015,-0.035729,0.570795,0.199008,-1.177455,-2.798448,2.614850,0.384212
0.838869,3.060043,-0.892896,-4.457620,0.244287,0.308681,0.949594,1.825931,0.210812,-2.433704,5.480101,1.056689
0.837345,2.078290,-0.152623,-4.173235,0.517332,0.684570,1.094256,-0.981753,0.740273,0.284385,4.664598,1.933665
0.839261,-0.811441,0.256836,-0.280439,0.298453,0.634466,0.703956,-2.889731,0.409459,3.892796,0.896129,0.987175
0.842563,-3.402889,0.349331,3.721996,-0.242859,0.276435,-0.013749,-2.591448,0.092495,4.002435,5.055189,0.135586
0.843685,-4.122139,0.181696,2.641557,-0.594078,0.078083,-0.600363,-0.719250,-0.167635,-1.080439,4.899272,0.719461
0.842884,-1.626817,-0.014133,-1.382889,-0.439042,0.111130,-0.587817,2.495322,-0.195829,-4.024446,2.135208,0.550637
0.842668,1.591671,0.031101,-1.900989,-0.071341,0.088132,-0.062895,3.218488,0.045234,-0.518100,2.479545,0.016813
0.842958,2.402217,0.024276,0.130981,0.084442,0.065754,0.378572,0.810546,-0.006825,2.031970,2.405908,0.154771
0.841495,2.181398,-0.186407,-0.247547,0.100547,0.281164,0.590425,-0.220819,-0.210683,-0.378528,2.203299,0.437765
0.840644,1.247064,-0.295055,-1.983261,0.252806,0.507578,0.787961,-0.934334,-0.108648,-1.735714,2.361260,0.942429
0.843905,-2.300028,-0.470079,-1.846853,0.461139,0.470782,0.681781,-3.547092,-0.175024,0.136408,2.986967,0.899110
0.844615,-5.476284,-0.980605,-0.862920,0.456129,0.337546,-0.029987,-3.176256,-0.510526,0.983933,5.629912,0.322890
0.839038,-4.661293,-1.158338,-1.094491,0.312342,0.130767,-0.939995,0.814991,-0.177733,-0.231571,4.926186,0.998248
0.837037,-2.177445,-0.185028,-1.878553,0.371042,-0.329249,-1.559392,2.483848,0.973310,-0.784062,2.881747,2.677780
0.826648,-0.273368,1.519900,-1.285463,0.570295,-0.725788,-1.697112,1.904077,1.704928,0.593090,2.009289,3.732194
0.771465,1.143800,2.314409,0.391072,0.497601,-0.715907,-1.192574,1.417168,0.794509,1.676535,2.611073,2.182362
0.680552,0.701569,1.061227,0.485551,0.285635,-0.632816,-0.334836,-0.442231,-1.253182,0.094479,1.361676,0.594159
0.611755,-0.750570,-0.931345,-0.830296,0.448766,-0.713738,0.131391,-1.452139,-1.992572,-1.315847,1.456074,0.728076
0.588451,-0.025423,-1.254194,-0.118187,0.780302,-0.676587,0.074798,0.725147,-0.322849,0.712109,1.260007,1.072236
0.588964,1.564693,0.011123,2.144244,0.683036,-0.512265,0.015640,1.590116,1.265317,2.262431,2.654462,0.729198
0.598128,1.341832,0.672402,2.006870,0.294213,-0.444154,0.126191,-0.222861,0.661279,-0.137374,2.506026,0.299758
0.610438,0.827178,0.057140,-0.224705,0.073069,-0.289208,0.199961,-0.514654,-0.615262,-2.231575,0.859058,0.128965
0.624813,0.822665,-0.750429,-1.262441,-0.017209,0.111927,0.155185,-0.004513,-0.807569,-1.037736,1.683353,0.036906
0.652362,-0.502742,-1.145788,-0.968920,-0.104051,0.412035,-0.008479,-1.325407,-0.395359,0.293521,1.582525,0.180671
0.690776,-2.198230,-0.869990,-0.515731,-0.142428,0.308977,-0.225449,-1.695488,0.275798,0.453189,2.419726,0.166580
0.719684,-1.408630,0.479423,1.008824,-0.307787,-0.021877,-0.270139,0.789600,1.349413,1.524555,1.797724,0.168187
0.737428,0.778411,1.944863,3.452893,-0.722022,-0.300216,-0.077742,2.187041,1.465440,2.444069,4.038674,0.617489
0.755767,0.568313,1.621643,3.658006,-1.020728,-0.482467,0.067831,-0.210098,-0.323220,0.205113,4.041499,1.279261
0.771306,-1.324895,-0.318945,0.170381,-0.856253,-0.536860,0.037371,-1.893208,-1.940588,-3.487625,1.373354,1.022784
0.779603,-0.065706,-1.604491,-3.925420,-0.350383,-0.249780,0.159201,1.259189,-1.285546,-4.095801,4.241183,0.210503
0.787342,3.783931,-1.171761,-5.043972,0.180882,0.365290,0.568231,3.849637,0.432730,-1.118552,6.413487,0.489042
0.796300,4.097314,-0.094083,-2.731200,0.420109,0.792836,0.800814,0.313383,1.077678,2.312772,4.925067,1.446384
0.804625,-0.007217,0.472139,0.831777,0.164185,0.611263,0.513933,-4.104531,0.566222,3.562977,0.956462,0.664726
0.816190,-3.596612,0.395017,2.416250,-0.312999,0.030776,-0.045387,-3.589395,-0.077122,1.584473,4.350853,0.100976
0.829385,-3.960708,0.067781,0.724380,-0.459971,-0.446003,-0.469966,-0.364096,-0.327236,-1.691870,4.026975,0.631360
0.834702,-1.375830,-0.156569,-1.385919,-0.212710,-0.528315,-0.460467,2.584878,-0.224350,-2.110299,1.959131,0.536392
0.831891,2.337069,-0.194395,-0.952475,0.016931,-0.250827,0.070264,3.712899,-0.037826,0.433444,2.531183,0.068138
0.830603,3.691068,-0.175516,0.091408,0.101809,0.117325,0.738976,1.353999,0.018879,1.043883,3.696369,0.570216
0.832444,1.717258,-0.173909,-1.384868,0.286233,0.301515,1.026360,-1.973810,0.001607,-1.476276,2.212934,1.226255
0.829727,-0.470884,-0.057208,-3.250165,0.561325,0.243687,0.900882,-2.188142,0.116701,-1.865297,3.284597,1.186057
0.821392,-1.105159,0.292668,-1.499877,0.597037,0.077134,0.614072,-0.634275,0.349876,1.750288,1.885911,0.739487
0.813535,-2.020751,0.690899,1.954328,0.327620,-0.093697,0.160323,-0.915592,0.398231,3.454205,2.894853,0.141817
0.805878,-4.200136,0.785195,2.145277,0.086830,-0.317430,-0.527517,-2.179385,0.094296,0.190949,4.781201,0.386575
0.794882,-4.637229,0.372481,-0.432991,0.096954,-0.544809,-1.093225,-0.437093,-0.412714,-2.578268,4.672271,1.501358
0.786669,-0.768280,-0.413826,-1.606231,0.223886,-0.436840,-1.036480,3.868949,-0.786307,-1.173240,1.827973,1.315245
0.789572,3.811245,-0.988033,-0.793004,0.279581,0.134269,-0.438315,4.579525,-0.574207,0.813227,4.016298,0.288314
0.799634,3.948953,-0.731273,0.093750,0.213907,0.712280,0.098635,0.137708,0.256760,0.886754,4.017185,0.562828
0.808551,1.011760,0.165269,0.955840,0.001320,0.898174,0.226970,-2.937193,0.896542,0.862090,1.401643,0.858234
0.817270,-0.364102,0.796282,1.911528,-0.330436,0.835293,0.130756,-1.375862,0.631013,0.955688,2.102516,0.823999
0.829051,0.128106,0.698707,1.983822,-0.610328,0.655767,0.071104,0.492208,-0.097575,0.072294,2.107167,0.807586
0.839339,-0.499625,0.313935,1.403492,-0.697677,0.193301,0.014802,-0.627731,-0.384772,-0.580330,1.522488,0.524338
0.842707,-2.442521,0.067882,0.803902,-0.578468,-0.410718,-0.149336,-1.942896,-0.246053,-0.599590,2.572309,0.525616
0.840885,-1.827196,-0.235651,-0.453513,-0.265206,-0.595110,-0.198390,0.615325,-0.303533,-1.257415,1.897327,0.463849
0.838846,2.495019,-0.626327,-1.808834,0.091783,-0.189574,0.159708,4.322215,-0.390676,-1.355321,3.144723,0.069869
0.840207,4.978792,-0.559198,-1.454423,0.189501,0.308540,0.655184,2.483773,0.067129,0.354411,5.216936,0.560374
0.845951,1.911350,0.038242,0.052914,-0.023034,0.456613,0.733346,-3.067442,0.597440,1.507337,1.912465,0.746822
0.852553,-2.735857,0.417461,0.709556,-0.260379,0.291517,0.301713,-4.647207,0.379219,0.656642,2.857036,0.243810
0.855433,-4.512169,0.225585,0.283501,-0.324174,0.016797,-0.288335,-1.776312,-0.191876,-0.426055,4.526691,0.188508
0.855319,-2.900888,-0.042374,-0.352131,-0.243610,-0.177668,-0.605611,1.611281,-0.267959,-0.635632,2.922489,0.457676
0.855543,0.552806,0.006791,-0.467105,-0.129770,-0.126221,-0.430726,3.453694,0.049165,-0.114974,0.723759,0.218297
0.856095,2.148281,0.196066,0.279604,-0.110884,0.069191,-0.085407,1.595475,0.189275,0.746709,2.175254,0.024377
0.855915,0.425097,0.191345,0.724535,-0.159903,0.144528,0.000826,-1.723184,-0.004721,0.444931,0.861552,0.046458
0.855970,-0.047177,-0.138136,-0.524742,-0.075783,0.165633,0.061030,-0.472274,-0.329481,-1.249277,0.544666,0.036902
0.856297,2.464324,-0.538748,-2.046418,0.129887,0.372423,0.438586,2.511501,-0.400612,-1.521676,3.248225,0.347927
0.855774,2.699300,-0.467736,-1.324172,0.188763,0.596888,0.750428,0.234976,0.071012,0.722246,3.042767,0.955049
0.855834,-0.715317,0.173558,0.910680,0.042875,0.475469,0.577061,-3.414617,0.641294,2.234852,1.170956,0.560908
0.857995,-2.476894,0.550856,1.550406,-0.078574,0.139088,0.220381,-1.761577,0.377298,0.639726,2.973585,0.074087
0.860029,-1.031452,0.095340,0.151859,-0.091407,0.013026,0.044247,1.445442,-0.455516,-1.398547,1.046921,0.010483
0.861180,-0.662164,-0.175172,-0.137041,-0.200552,-0.047318,-0.163167,0.369288,-0.270512,-0.288900,0.698517,0.069084
0.863410,-2.932248,0.392140,1.277883,-0.428228,-0.520170,-0.672748,-2.270084,0.567312,1.414924,3.222551,0.906546
0.862256,-3.783548,-0.064231,-0.296913,-0.264333,-1.022047,-1.164368,-0.851300,-0.456371,-1.574796,3.795724,2.470205
0.851641,-0.786118,-2.171631,-5.402529,0.592622,-0.679908,-1.068928,2.997430,-2.107400,-5.105616,5.875481,1.956083
0.838340,1.919036,-2.228816,-5.766027,1.348503,0.190349,-0.438774,2.705154,-0.057185,-0.363498,6.472819,2.047216
0.830112,0.710990,1.360391,1.255970,1.074356,0.473783,0.105073,-1.208046,3.589207,7.021997,1.983338,1.389751
0.818633,-0.931672,3.755141,5.807501,0.231916,0.158554,0.299107,-1.642662,2.394750,4.551531,6.978264,0.168389
0.797570,0.075437,1.877436,2.845722,-0.122617,0.040716,0.348764,1.007109,-1.877705,-2.961779,3.410072,0.138329
0.776034,0.376994,-0.561527,-0.441525,0.033573,0.134697,0.250670,0.301557,-2.438963,-3.287247,0.807701,0.082106
0.755258,-1.524724,-0.524149,0.070225,0.149982,-0.003913,-0.093681,-1.901718,0.037378,0.511750,1.613830,0.031286
0.724242,-1.431087,0.360755,0.901290,0.145479,-0.231732,-0.357998,0.093637,0.884904,0.831065,1.729300,0.203026
0.691231,1.353528,0.602286,0.886637,0.092239,-0.220861,-0.219031,2.784615,0.241531,-0.014653,1.726532,0.105262
0.683473,2.161852,0.426302,1.155296,-0.085343,-0.058060,0.053830,0.808324,-0.175984,0.268659,2.487980,0.013552
0.706486,0.167099,-0.151190,0.725469,-0.284404,0.096593,0.088893,-1.994753,-0.577492,-0.429827,0.759662,0.098118
0.735803,-0.851930,-0.661571,-0.431904,-0.334491,0.254738,0.020829,-1.019029,-0.510381,-1.157373,1.161896,0.177210
0.755488,-0.169049,-0.262153,-0.550908,-0.285275,0.374238,0.089299,0.682881,0.399418,-0.119004,0.633089,0.229410
0.773765,-0.006674,0.515942,0.627264,-0.279229,0.339541,0.187115,0.162375,0.778095,1.178172,0.812220,0.228269
0.795015,-0.716885,0.662308,2.018415,-0.394785,0.093975,0.152523,-0.710211,0.146366,1.391151,2.242002,0.187950
0.808594,-1.593341,0.297168,2.352417,-0.557687,-0.337667,-0.014715,-0.876456,-0.365140,0.334002,2.856731,0.425250
0.810035,-1.813378,-0.161658,0.394638,-0.506317,-0.710839,-0.211545,-0.220037,-0.458826,-1.957779,1.862851,0.806400
0.806744,0.358465,-0.653201,-2.931000,-0.115919,-0.602259,-0.164555,2.171843,-0.491543,-3.325638,3.024224,0.403231
0.805593,3.900158,-0.830534,-4.337089,0.316106,0.009242,0.260420,3.541693,-0.177333,-1.406089,5.891635,0.167827
0.810456,4.560821,-0.416172,-2.430787,0.416602,0.550465,0.667375,0.660663,0.414362,1.906302,5.184883,0.921958
0.821179,1.668674,0.101798,0.407406,0.196680,0.613675,0.640455,-2.892147,0.517970,2.838193,1.720702,0.825463
0.831154,-1.497230,0.249957,1.608817,-0.078217,0.372325,0.278651,-3.165904,0.148159,1.201411,2.211892,0.222390
0.836139,-3.253186,0.226582,1.222609,-0.255241,0.054196,-0.143722,-1.755956,-0.023375,-0.386208,3.482719,0.088741
0.838486,-3.200693,0.202819,0.560233,-0.326088,-0.298270,-0.443713,0.052493,-0.023763,-0.662376,3.255677,0.392180
0.838817,-1.233934,0.071725,0.186424,-0.295145,-0.504436,-0.449485,1.966759,-0.131094,-0.373809,1.249997,0.543603
0.836767,1.164631,-0.096497,-0.296482,-0.178367,-0.324640,-0.134255,2.398565,-0.168222,-0.482906,1.205644,0.155230
0.837414,3.090346,-0.337207,-1.231430,-0.015232,0.164784,0.342259,1.925715,-0.240710,-0.934948,3.343706,0.144527
0.843617,4.095513,-0.623025,-1.625062,0.128240,0.610025,0.752688,1.005167,-0.285818,-0.393632,4.449968,0.955115
0.849341,2.023939,-0.259673,-0.290409,0.132140,0.692120,0.800234,-2.071574,0.363352,1.334653,2.061091,1.136866
0.851344,-2.556574,0.328981,0.814394,0.030807,0.372597,0.339915,-4.580513,0.588654,1.104803,2.703246,0.255320
0.854876,-5.010099,-0.813600,-1.175855,0.158890,-0.037771,-0.361367,-2.453525,-1.142581,-1.990249,5.210151,0.157259
0.857570,-4.327532,-2.448869,-3.342253,0.579505,-0.234274,-0.944647,0.682567,-1.635269,-2.166398,5.991256,1.283068
0.845802,-3.628533,-0.621215,-0.826364,0.692540,-0.368493,-1.312524,0.698999,1.827654,2.515889,3.772935,2.338118
0.816302,-2.762451,2.886620,2.936120,0.194928,-0.701264,-1.398966,0.866082,3.507835,3.762484,4.958277,2.486874
0.779217,-0.116979,2.297641,1.597962,-0.186872,-0.946944,-1.082286,2.645472,-0.588979,-1.338158,2.801128,2.102967
0.736360,1.897907,-0.819034,-1.744526,0.126438,-0.692820,-0.531853,2.014886,-3.116675,-3.342488,2.704855,0.778854
0.679127,1.656369,-0.398080,-0.555688,0.545100,-0.212030,-0.067724,-0.241538,0.420954,1.188838,1.791875,0.346677
0.605965,1.422929,2.142339,2.995109,0.431661,-0.074897,0.242367,-0.233440,2.540419,3.550797,3.947787,0.250683
0.529120,1.067062,1.490795,3.174767,0.173291,-0.308667,0.316785,-0.355867,-0.651544,0.179658,3.666093,0.225658
0.467518,-0.913107,-0.867809,0.674991,0.264689,-0.524226,-0.026017,-1.980169,-2.358604,-2.499776,1.429150,0.345550
0.433340,-1.293168,-0.484211,-0.537360,0.433390,-0.509057,-0.481011,-0.380061,0.383598,-1.212351,1.481722,0.678338
0.427587,1.682983,1.377763,-0.071965,0.349443,-0.375087,-0.497064,2.976151,1.861974,0.465395,2.176199,0.509873
0.447997,3.145818,1.229107,0.244460,0.189168,-0.308750,-0.189370,1.462835,-0.148656,0.316425,3.386242,0.166972
0.485979,0.840087,-0.164766,0.116183,0.119727,-0.322305,-0.078130,-2.305731,-1.393873,-0.128277,0.863940,0.124319
0.523161,-1.164632,-0.563873,0.075757,0.067166,-0.322571,-0.211021,-2.004719,-0.399107,-0.040426,1.296171,0.153093
0.548379,-0.725155,-0.183431,0.128495,0.033972,-0.331150,-0.277291,0.439477,0.380442,0.052738,0.758952,0.187705
0.565490,0.509168,0.343367,0.536932,0.005743,-0.417734,-0.143723,1.234323,0.526798,0.408437,0.815751,0.195191
0.582908,1.429102,0.919905,1.415150,-0.189315,-0.480547,0.129009,0.919934,0.576538,0.878218,2.211607,0.283409
0.608496,1.628191,0.486208,1.664809,-0.485501,-0.294326,0.434192,0.199089,-0.433697,0.249659,2.378864,0.510862
0.641216,0.916405,-1.101642,0.333516,-0.517436,0.168334,0.635402,-0.711786,-1.587850,-1.331293,1.471274,0.699812
0.666676,0.078487,-1.800763,-2.050596,-0.186833,0.594320,0.640518,-0.837918,-0.699121,-2.384112,2.730174,0.798386
0.678615,0.084654,-0.865224,-3.805981,0.203921,0.702946,0.531880,0.006167,0.935539,-1.755385,3.904007,0.818613
0.688071,0.773964,0.090994,-2.579050,0.326669,0.520896,0.435478,0.689310,0.956218,1.226931,2.694216,0.567686
0.699957,-0.162675,0.383090,1.857878,-0.000131,0.087008,0.170397,-0.936639,0.292096,4.436928,1.903925,0.036606
0.708547,-3.922959,0.630472,4.874300,-0.606813,-0.506821,-0.454615,-3.760284,0.247382,3.016422,6.288553,0.831764
0.715971,-5.700565,0.664519,2.599039,-0.896220,-0.749847,-0.916913,-1.777606,0.034047,-2.275261,6.300241,2.206210
0.727598,-1.705606,0.158582,-1.228491,-0.584550,-0.310004,-0.566987,3.994959,-0.505937,-3.827530,2.107945,0.759275
0.739201,2.390393,-0.283863,-1.607598,-0.136502,0.322085,0.176481,4.095999,-0.442445,-0.379107,2.894638,0.153517
0.746709,1.758836,-0.286509,-0.899414,0.096460,0.634619,0.494535,-0.631557,-0.002646,0.708184,1.996131,0.656611
0.754004,0.704763,-0.165164,-2.173734,0.296733,0.735093,0.465814,-1.054073,0.121345,-1.274320,2.291089,0.845395
0.764258,1.188522,0.038574,-1.808825,0.405950,0.696437,0.483115,0.483759,0.203738,0.364909,2.164699,0.883220
0.775501,-0.757109,0.374325,1.997186,0.112526,0.393665,0.351750,-1.945631,0.335751,3.806011,2.168429,0.291362
0.784148,-3.587468,0.417436,3.749376,-0.347636,0.075875,-0.062807,-2.830359,0.043111,1.752190,5.205958,0.130553
0.788216,-2.347568,0.096679,1.154510,-0.477245,0.041979,-0.332221,1.239900,-0.320757,-2.594866,2.617884,0.339896
0.789170,0.733218,-0.022147,-0.914730,-0.291025,0.084472,-0.206103,3.080786,-0.118826,-2.069240,1.172531,0.134310
0.788569,1.389413,0.115026,-0.449430,-0.067988,0.020985,0.047777,0.656195,0.137173,0.465300,1.464816,0.007345
0.785485,1.256301,0.030795,-0.271743,0.101075,0.116543,0.256924,-0.133112,-0.084231,0.177687,1.285723,0.089808
0.783174,2.131249,-0.195389,-0.974497,0.202901,0.476635,0.495009,0.874948,-0.226184,-0.702754,2.351604,0.513384
0.789049,1.950206,-0.164973,-1.138473,0.240883,0.747697,0.658096,-0.181043,0.030416,-0.163976,2.264209,1.050166
0.801830,0.150773,0.041078,-0.447527,0.225605,0.705136,0.586481,-1.799433,0.206051,0.690946,0.474026,0.892074
0.811924,-1.464036,0.185312,1.146202,0.074943,0.518399,0.376814,-1.614809,0.144234,1.593729,1.868561,0.416343
0.816382,-2.690266,0.289383,2.502235,-0.174335,0.313126,0.097083,-1.226230,0.104071,1.356033,3.685438,0.137866
0.819529,-3.337812,0.384291,1.651720,-0.275706,0.020914,-0.281371,-0.647546,0.094908,-0.850515,3.743908,0.155621
0.822414,-1.524406,0.391557,-0.125259,-0.182764,-0.284185,-0.485365,1.813406,0.007266,-1.776979,1.578867,0.349743
0.823094,1.459056,0.275138,-0.214228,-0.104699,-0.413725,-0.298985,2.983462,-0.116419,-0.088969,1.500146,0.271522
0.821789,1.333160,0.046354,0.305800,-0.076170,-0.368947,-0.095959,-0.125896,-0.228784,0.520028,1.368568,0.151132
0.820415,-0.478803,-0.282491,-0.440561,0.027339,-0.180471,-0.087285,-1.811963,-0.328845,-0.746361,0.709329,0.040936
0.821113,1.348774,-0.544437,-1.154271,0.147292,0.198801,0.154623,1.827577,-0.261946,-0.713710,1.856864,0.085125
0.824449,4.421943,-0.416797,-0.498135,0.118669,0.511574,0.621991,3.073169,0.127640,0.656136,4.469389,0.662663
0.827888,2.726536,0.031674,0.193977,-0.014719,0.392728,0.674122,-1.695407,0.448471,0.692112,2.733611,0.608892
0.829156,-0.591683,0.228654,-0.466934,-0.020769,0.070137,0.342254,-3.318219,0.196980,-0.660911,0.787654,0.122488
0.828933,-0.067457,0.066239,-1.244402,0.120728,0.010883,0.221394,0.524226,-0.162415,-0.777468,1.247988,0.063709
0.828385,0.624597,0.108768,-0.110800,0.069361,0.097556,0.186962,0.692054,0.042529,1.133602,0.643606,0.049283
0.828305,-1.768319,0.379952,1.607422,-0.303930,0.020736,-0.195601,-2.392916,0.271184,1.718222,2.419736,0.131063
0.829972,-2.033763,0.235816,0.613770,-0.548077,-0.057082,-0.578781,-0.265444,-0.144136,-0.993652,2.137408,0.638634
0.832972,1.693334,-0.325234,-2.081420,-0.340916,0.095267,-0.439779,3.727097,-0.561050,-2.695190,2.702863,0.318705
0.835200,3.342313,-0.572974,-2.254162,-0.034078,0.351316,0.005398,1.648979,-0.247740,-0.172742,4.071929,0.124613
0.836433,0.740978,-0.196745,0.176623,-0.000444,0.483657,0.251159,-2.601335,0.376229,2.430785,0.786735,0.297005
0.837703,-1.766850,0.378840,1.654201,-0.092215,0.366288,0.169602,-2.507828,0.575585,1.477578,2.449828,0.171435
0.838396,-1.538615,0.527362,0.988750,-0.064024,0.063478,0.016124,0.228235,0.148522,-0.665451,1.903437,0.008389
0.837768,0.297890,0.070708,-0.323602,0.059446,-0.119734,0.110212,1.836505,-0.456654,-1.312352,0.445484,0.030017
0.836796,1.190740,-0.343567,-0.774257,0.142818,-0.024377,0.377996,0.892850,-0.414275,-0.450655,1.461292,0.163872
0.836498,-0.281094,-0.087216,0.087039,0.113292,0.117713,0.403468,-1.471834,0.256351,0.861296,0.306914,0.189478
0.836824,-1.726953,0.356962,1.010342,0.012859,0.117944,0.155499,-1.445859,0.444178,0.923303,2.032383,0.038256
0.837439,-0.829601,0.269516,0.748510,-0.051962,0.068257,0.008952,0.897352,-0.087446,-0.261832,1.149410,0.007439
0.838181,-0.100199,-0.019208,0.297912,-0.076185,0.041133,-0.024967,0.729402,-0.288724,-0.450598,0.314897,0.008119
0.839159,-1.244557,0.016544,0.596139,-0.149740,0.040673,-0.199265,-1.144358,0.035752,0.298227,1.380064,0.063783
0.840711,-1.202822,0.081694,0.515930,-0.258084,0.142954,-0.363248,0.041735,0.065150,-0.080209,1.311350,0.218992
0.842839,0.812914,-0.064200,-0.360720,-0.274195,0.291149,-0.266615,2.015736,-0.145894,-0.876650,0.891667,0.231034
0.844672,1.427115,-0.076412,-0.683088,-0.154955,0.247485,-0.084691,0.614201,-0.012212,-0.322368,1.584016,0.092432
0.844906,0.435955,0.038604,-0.082248,0.003286,0.033197,0.028753,-0.991160,0.115016,0.600840,0.445322,0.001940
0.843354,0.725174,-0.101935,0.437662,0.091826,-0.002774,0.251658,0.289219,-0.140539,0.519910,0.853121,0.071771
0.841501,1.791764,-0.275896,0.453973,0.075984,0.237297,0.531839,1.066590,-0.173961,0.016311,1.868857,0.344936
0.840668,1.367550,-0.064285,0.170450,0.004909,0.429976,0.533719,-0.424214,0.211611,-0.283523,1.379630,0.469759
0.841052,0.316412,0.167161,-0.382452,-0.019962,0.393800,0.318500,-1.051138,0.231446,-0.552902,0.523764,0.256919
0.842661,-0.239813,-0.015408,-0.944594,0.022776,0.308917,0.192302,-0.556225,-0.182569,-0.562142,0.974682,0.132929
0.844397,-1.360067,-0.156316,-0.734531,0.015715,0.258729,0.039326,-1.120254,-0.140908,0.210063,1.553626,0.068734
0.844301,-2.229313,0.173579,0.476431,-0.097342,0.089282,-0.305189,-0.869246,0.329895,1.210962,2.286253,0.110587
0.843594,-0.865390,0.406931,1.340357,-0.175724,-0.179437,-0.503780,1.363923,0.233352,0.863926,1.646527,0.316871
0.844114,1.217590,0.022418,0.608639,-0.086552,-0.293922,-0.273467,2.082980,-0.384513,-0.731718,1.361422,0.168666
0.842119,2.100961,-0.459095,-0.599281,0.091019,-0.166851,0.168378,0.883371,-0.481513,-1.207920,2.232475,0.064475
0.836065,2.746322,-0.504435,-0.868579,0.210586,0.043578,0.587133,0.645361,-0.045340,-0.269298,2.924238,0.390971
0.831775,2.804976,-0.310871,-1.018228,0.301798,0.202042,0.947303,0.058654,0.193564,-0.149649,3.000220,1.029286
0.826727,0.417659,0.054428,-1.372836,0.466919,0.234023,1.083117,-2.387317,0.365299,-0.354608,1.435994,1.445923
0.810752,-2.711311,0.581419,-0.369703,0.615712,0.033819,0.793018,-3.128970,0.526991,1.003133,2.797487,1.009123
0.787993,-3.355102,0.685019,1.480750,0.591173,-0.373378,0.247073,-0.643791,0.103600,1.850453,3.730761,0.549942
0.764650,-2.707344,0.302952,1.396843,0.457912,-0.763572,-0.209117,0.647758,-0.382067,-0.083907,3.061480,0.836456
0.728941,-3.440045,-0.041352,-0.832755,0.386298,-0.981220,-0.599838,-0.732701,-0.344304,-2.229598,3.539647,1.471824
0.682454,-3.257680,-0.802571,-2.572502,0.432435,-0.957857,-1.069216,0.182365,-0.761219,-1.739747,4.227809,2.247713
0.655300,0.342755,-1.883639,-2.189318,0.559102,-0.555530,-1.256109,3.600435,-1.081068,0.383184,2.908383,2.199018
0.657964,2.897868,-1.289697,-0.246233,0.614888,0.088821,-0.802038,2.555113,0.593942,1.943085,3.181444,1.029241
0.666014,0.693729,0.916267,1.487258,0.405870,0.450176,-0.151367,-2.204139,2.205964,1.733491,1.879559,0.390301
0.665452,-1.629576,1.588180,1.546590,0.039648,0.375581,0.101327,-2.323305,0.671913,0.059332,2.751322,0.152900
0.665094,-0.558201,0.158075,0.501620,-0.125154,0.281090,0.036131,1.071375,-1.430105,-1.044970,0.766941,0.095981
0.668736,0.570984,-0.441628,0.278347,-0.015782,0.322327,-0.093221,1.129185,-0.599703,-0.223273,0.773650,0.112834
0.673339,0.549437,0.774430,1.540293,0.081856,0.246104,-0.261243,-0.021547,1.216058,1.261946,1.809454,0.135515
0.681356,1.616580,1.840999,2.809147,-0.004821,0.028409,-0.306724,1.067143,1.066569,1.268854,3.727454,0.094910
0.692809,2.195068,1.539586,2.327769,-0.176449,-0.124381,-0.114144,0.578488,-0.301413,-0.481378,3.550656,0.059634
0.703903,0.180807,0.579257,0.579492,-0.315468,-0.151439,-0.003738,-2.014261,-0.960329,-1.748277,0.839071,0.122468
0.720052,-1.377679,0.000164,-0.133168,-0.413009,-0.095212,-0.186100,-1.558486,-0.579093,-0.712660,1.384100,0.214275
0.746951,-0.358506,0.039814,0.994992,-0.509895,-0.061436,-0.331034,1.019173,0.039650,1.128160,1.058358,0.373351
0.773117,0.028199,0.203852,2.043917,-0.638539,-0.248578,-0.259201,0.386705,0.164038,1.048925,2.054251,0.536708
0.784206,-0.988981,-0.088731,0.785443,-0.694100,-0.588737,-0.256017,-1.017180,-0.292583,-1.258474,1.266048,0.893931
0.782575,1.108736,-0.777666,-2.315172,-0.438688,-0.582463,-0.209237,2.097717,-0.688935,-3.100615,2.682178,0.575490
0.778813,5.491975,-1.065080,-3.964809,0.081023,0.013103,0.348080,4.383239,-0.287414,-1.649637,6.856814,0.127896
0.781053,5.126565,-0.505682,-2.372454,0.399715,0.648144,0.999929,-0.365410,0.559398,1.592355,5.671501,1.579721
0.792958,1.052019,0.183145,-0.208125,0.303543,0.717529,0.942316,-4.074546,0.688827,2.164329,1.087935,1.494946
0.807462,0.034921,0.146663,-0.145315,0.141240,0.440884,0.520654,-1.017098,-0.036482,0.062810,0.209394,0.485408
0.814414,-0.655605,-0.325134,-0.593943,0.124608,0.315329,0.296560,-0.690526,-0.471797,-0.448628,0.942496,0.202907
0.817055,-4.691880,-0.234942,0.665808,0.008250,0.221029,-0.214780,-4.036275,0.090192,1.259751,4.744706,0.095052
0.822048,-4.687129,0.625252,2.570176,-0.310034,-0.145076,-1.020760,0.004751,0.860194,1.904368,5.382000,1.159119
0.825158,1.509027,1.138696,2.838549,-0.573854,-0.551341,-1.096648,6.196156,0.513444,0.268373,3.410447,1.835922
0.824164,4.655655,0.376449,0.768945,-0.595562,-0.607064,-0.430025,3.146628,-0.762247,-2.069604,4.733721,0.908142
0.825161,3.826978,-0.802832,-2.103436,-0.391418,-0.262389,0.094679,-0.828677,-1.179281,-2.872381,4.440129,0.231020
0.828387,4.684556,-0.902842,-2.996286,-0.062668,0.305664,0.534288,0.857578,-0.100010,-0.892850,5.633642,0.382821
0.829464,3.362473,-0.031235,-1.357490,0.202858,0.757791,1.075342,-1.322083,0.871607,1.638796,3.626290,1.771759
0.830391,-2.761762,0.522558,0.312420,0.265786,0.766296,1.045780,-6.124235,0.553793,1.669910,2.828074,1.751508
0.832944,-5.702186,0.345369,0.846590,0.167280,0.467047,0.421457,-2.940424,-0.177189,0.534170,5.775026,0.423742
0.833675,-3.381012,0.054007,1.135007,-0.031546,0.233517,0.025048,2.321174,-0.291362,0.288417,3.566847,0.056153
0.833101,-2.406558,-0.006409,0.810586,-0.279182,0.078381,-0.116677,0.974454,-0.060416,-0.324421,2.539412,0.097700
0.835062,-2.098655,0.006137,-0.243057,-0.395005,-0.107037,-0.389385,0.307903,0.012546,-1.053643,2.112692,0.319107
0.837835,1.748310,-0.009791,-0.332778,-0.281144,-0.141244,-0.394964,3.846965,-0.015928,-0.089721,1.779726,0.254988
0.837991,4.497752,-0.056043,0.174047,-0.117686,0.072309,0.159182,2.749442,-0.046252,0.506825,4.501467,0.044417
0.836844,1.725560,-0.126455,-0.854785,-0.033587,0.271339,0.652068,-2.772192,-0.070412,-1.028832,1.929820,0.499946
0.836369,-1.262527,-0.110071,-2.110614,0.084454,0.287474,0.619463,-2.988087,0.016384,-1.255829,2.461865,0.473508
0.836256,-0.586164,0.053226,-0.684011,0.237004,0.263888,0.400091,0.676363,0.163297,1.426603,0.902381,0.285881
0.836444,-0.876358,0.212794,1.970508,0.177593,0.231109,0.231806,-0.290194,0.159568,2.654519,2.167069,0.138685
0.837253,-3.796656,0.235026,2.225793,-0.164271,0.046079,-0.153341,-2.920298,0.022232,0.255285,4.407265,0.052622
0.838901,-3.758668,0.155834,0.475844,-0.458537,-0.144909,-0.666767,0.037988,-0.079192,-1.749949,3.791872,0.675833
0.842102,0.065266,-0.052189,-0.400665,-0.392294,-0.055612,-0.707019,3.823934,-0.208023,-0.876509,0.409287,0.656863
0.845607,1.771020,-0.424871,-0.453413,-0.071439,0.187786,-0.219573,1.705754,-0.372682,-0.052748,1.876862,0.088579
0.845904,0.511310,-0.515268,-1.066752,0.204042,0.296725,0.158625,-1.259710,-0.090397,-0.613339,1.290310,0.154841
0.843290,0.580194,0.159362,-0.721436,0.285909,0.285536,0.190283,0.068884,0.674630,0.345316,0.939410,0.199482
0.842558,1.553481,0.894974,1.599613,0.128689,0.219351,0.227614,0.973287,0.735612,2.321049,2.402716,0.116484
0.844014,0.459843,0.517482,2.261407,-0.199966,0.054096,0.353517,-1.093638,-0.377492,0.661794,2.364996,0.167887
0.842034,-0.876455,-0.541925,-1.144347,-0.359378,-0.097235,0.333711,-1.336298,-1.059407,-3.405754,1.539931,0.249970
0.835569,-0.397973,-0.963002,-4.226189,-0.074083,-0.075868,0.250876,0.478482,-0.421077,-3.081842,4.352750,0.074183
0.829622,-0.977577,-0.790535,-2.731765,0.386509,0.046506,0.266815,-0.579604,0.172467,1.494424,3.007182,0.222742
0.824990,-3.713269,-0.448500,0.749161,0.546033,0.099318,0.085094,-2.735692,0.342035,3.480926,3.814546,0.315257
0.819280,-4.059125,0.681033,2.655723,0.328863,-0.012930,-0.466084,-0.345856,1.129533,1.906562,4.898282,0.325552
0.816776,0.008520,1.992134,3.254571,-0.070793,-0.251289,-0.825387,4.067645,1.311101,0.598848,3.815875,0.749422
0.823135,3.535615,1.348132,2.224531,-0.463977,-0.371957,-0.516068,3.527095,-0.644002,-1.030040,4.389370,0.619953
0.833788,2.306967,-0.756810,-1.017063,-0.572864,-0.169530,0.034868,-1.228648,-2.104942,-3.241594,2.632352,0.358129
0.840014,-0.914498,-1.435891,-2.982829,-0.333668,0.206007,0.204177,-3.221465,-0.679081,-1.965766,3.434437,0.195461
0.840925,-1.783766,-0.613717,-1.649075,-0.172155,0.484613,0.049512,-0.869268,0.822174,1.333754,2.505577,0.266939
0.840849,-0.834259,-0.484707,-0.852339,-0.237050,0.583224,-0.061121,0.949507,0.129010,0.796736,1.287405,0.400079
0.840607,-0.009264,-0.654315,-1.590361,-0.060793,0.458081,-0.025476,0.824995,-0.169608,-0.738022,1.719727,0.214183
0.836650,1.032810,0.523233,0.545172,0.344223,0.072926,0.133549,1.042074,1.177548,2.135533,1.279719,0.141643
0.827667,1.659487,1.762938,4.413807,0.305932,-0.353348,0.355797,0.626677,1.239705,3.868635,5.034237,0.345041
0.819643,0.743030,1.051416,3.457420,-0.152956,-0.440943,0.445758,-0.916457,-0.711522,-0.956387,3.689353,0.416526
0.819228,-0.059062,-0.484012,-1.321624,-0.290011,-0.103830,0.351161,-0.802092,-1.535428,-4.779044,1.408704,0.218201
0.823456,0.100612,-0.752638,-2.710900,-0.015709,0.270080,0.251938,0.159674,-0.268626,-1.389276,2.815238,0.136663
0.824030,-0.334273,-0.021912,-0.293591,0.134411,0.268630,0.216387,-0.434885,0.730726,2.417309,0.445437,0.137052
0.818477,-0.817490,0.368685,0.697082,0.069524,0.010209,0.209702,-0.483217,0.390597,0.990673,1.135844,0.048913
0.810449,-0.465090,0.166324,-0.452228,0.093226,-0.093441,0.213734,0.352400,-0.202361,-1.149310,0.669688,0.063105
0.804093,-1.433646,-0.009407,-0.743176,0.231231,-0.031411,0.037675,-0.968556,-0.175731,-0.290948,1.614850,0.055874
0.800845,-3.374754,0.194145,0.143867,0.257830,-0.110309,-0.422320,-1.941108,0.203552,0.887043,3.383394,0.256999
0.798390,-2.164860,0.062880,0.077014,0.148012,-0.289695,-0.749635,1.209894,-0.131265,-0.066853,2.167142,0.667783
0.794520,1.511111,-0.990492,-1.454892,0.172305,-0.226153,-0.559309,3.675971,-1.053372,-1.531906,2.319750,0.393661
0.791042,2.461648,-1.555947,-2.205642,0.389095,0.088143,-0.159666,0.950537,-0.565455,-0.750750,3.653155,0.184657
0.788552,0.553892,-0.566070,-1.141805,0.404237,0.311190,0.003473,-1.907756,0.989877,1.063837,1.389586,0.260259
0.782801,-0.310385,0.124652,-0.616386,0.152456,0.333262,0.000800,-0.864277,0.690722,0.525419,0.701291,0.134307
0.773534,0.015047,-0.367477,-0.878539,0.166682,0.331722,0.013845,0.325432,-0.492129,-0.262153,0.952416,0.138014
0.768794,-0.115109,0.118989,1.011732,0.451615,0.299707,-0.033399,-0.130156,0.486466,1.890271,1.025188,0.294896
0.772930,0.048588,1.520701,3.477266,0.338698,0.079600,-0.126178,0.163697,1.401712,2.465534,3.795559,0.136973
0.780033,0.311599,1.101782,2.050820,-0.154731,-0.212008,-0.134195,0.263011,-0.418919,-1.426446,2.348804,0.086897
0.785861,-0.502910,-0.607106,-1.361821,-0.345992,-0.304805,-0.160675,-0.814509,-1.708888,-3.412641,1.573548,0.238433
0.794548,-0.753062,-0.829421,-1.647551,-0.224450,-0.201509,-0.288938,-0.250152,-0.222315,-0.285730,1.992352,0.174469
0.807648,0.163600,0.104570,0.834828,-0.338749,-0.146795,-0.322928,0.916662,0.933991,2.482379,0.857110,0.240582
0.819219,0.124069,0.082331,1.892405,-0.690317,-0.275864,-0.220479,-0.039531,-0.022239,1.057577,1.898254,0.601249
0.825533,0.695563,-0.974785,-0.674148,-0.762780,-0.379915,-0.071829,0.571494,-1.057116,-2.566553,1.374223,0.731328
0.828409,3.550552,-1.501451,-4.585620,-0.312826,-0.095368,0.360935,2.854989,-0.526666,-3.911472,5.990717,0.237229
0.829586,3.587896,-0.696563,-4.917506,0.341974,0.487134,1.088366,0.037344,0.804888,-0.331886,6.126995,1.538786
0.829617,-1.625312,0.249715,-1.097274,0.692898,0.753958,1.381327,-5.213208,0.946278,3.820232,1.976868,2.956625
0.828109,-6.045195,0.008880,1.432401,0.632494,0.435881,0.761273,-4.419883,-0.240835,2.529675,6.212587,1.169577
0.822985,-5.495283,-0.312126,0.787245,0.476530,-0.042227,-0.249684,0.549912,-0.321006,-0.645156,5.560154,0.291206
0.815212,-1.431954,0.577903,1.264196,0.327401,-0.298587,-0.818275,4.063329,0.890029,0.476951,1.995659,0.865920
0.810595,2.818094,1.132758,3.263658,-0.004914,-0.349784,-0.628321,4.250048,0.554855,1.999462,4.458280,0.517160
0.812616,3.050993,0.114831,2.534099,-0.406482,-0.221675,-0.106844,0.232899,-1.017927,-0.729559,3.967796,0.225783
0.819894,-0.245535,-0.848093,-0.375660,-0.544856,0.090869,0.090930,-3.296528,-0.962924,-2.909759,0.959515,0.313394
0.829858,-1.082399,-0.904412,-1.874494,-0.425001,0.396207,-0.006319,-0.836864,-0.056319,-1.498834,2.345906,0.337646
0.838011,0.970189,-1.046633,-2.319949,-0.203905,0.484468,0.059471,2.052588,-0.142221,-0.445455,2.723760,0.279823
0.839643,0.958600,-0.706104,-2.144815,0.102520,0.357933,0.195246,-0.011589,0.340529,0.175134,2.453106,0.176747
0.836683,-0.584281,0.862120,0.555332,0.276232,0.140366,0.166186,-1.542881,1.568224,2.700147,1.180266,0.123625
0.834274,-0.629192,1.564287,3.345550,0.004380,-0.072998,0.255941,-0.044911,0.702167,2.790218,3.746409,0.070854
0.831917,-0.513532,0.100193,1.066008,-0.418681,-0.233357,0.505627,0.115660,-1.464094,-2.279542,1.187488,0.485408
0.827527,-0.945969,-1.251545,-4.016785,-0.364017,-0.247252,0.499185,-0.432437,-1.351738,-5.082793,4.312283,0.442828
0.824156,-0.828252,-0.832241,-4.447560,0.086795,-0.042310,0.265968,0.117717,0.419304,-0.430775,4.599937,0.080062
0.824343,-1.804560,0.102451,0.136012,0.230524,0.146230,0.043319,-0.976308,0.934692,4.583572,1.812576,0.076401
0.825767,-3.607194,0.373874,2.827058,-0.141321,-0.006696,-0.352346,-1.802634,0.271423,2.691046,4.598248,0.144164
0.827072,-1.916448,0.228123,0.877044,-0.499929,-0.274080,-0.819432,1.690746,-0.145751,-1.950014,2.119910,0.996518
0.829576,2.577119,0.055895,-1.512577,-0.466480,-0.167497,-0.773038,4.493567,-0.172228,-2.389621,2.988738,0.843247
0.832510,4.121608,-0.053350,-1.342214,-0.270709,0.196728,-0.208861,1.544489,-0.109245,0.170363,4.334978,0.155608
0.833780,2.054900,-0.117570,-0.488054,-0.210410,0.366427,0.262298,-2.066708,-0.064220,0.854160,2.115333,0.247341
0.833464,0.632445,-0.186648,-1.145798,-0.177442,0.352778,0.416560,-1.422455,-0.069078,-0.657744,1.321997,0.329460
0.832353,0.961439,-0.179392,-2.108925,0.034504,0.410222,0.494751,0.328994,0.007256,-0.963127,2.324674,0.414251
0.830693,-0.049165,-0.013634,-0.791408,0.251335,0.481972,0.536346,-1.010604,0.165758,1.317517,0.793051,0.583133
0.829380,-3.440234,0.131402,1.933582,0.119406,0.392378,0.274808,-3.391069,0.145036,2.724990,3.948571,0.243738
0.828981,-4.785945,0.061290,2.041928,-0.254913,0.213513,-0.292493,-1.345711,-0.070112,0.108346,5.203700,0.196121
0.829113,-1.047550,-0.001208,-0.644023,-0.357513,0.109203,-0.631432,3.738395,-0.062498,-2.685951,1.229686,0.538447
0.829338,2.969745,0.237519,-1.418474,-0.091516,0.045550,-0.356093,4.017295,0.238727,-0.774451,3.299677,0.137252
0.827587,2.449725,0.421032,0.789841,0.072219,-0.074848,0.163749,-0.520020,0.183513,2.208315,2.608116,0.037632
0.821013,0.376354,0.062666,1.492451,-0.053786,-0.147227,0.401417,-2.073371,-0.358366,0.702610,1.540448,0.185704
0.811056,0.479822,-0.461644,-1.014392,-0.086038,-0.008373,0.423356,0.103468,-0.524310,-2.506843,1.213398,0.186703
0.802070,1.063772,-0.567691,-3.009969,0.198783,0.284922,0.552023,0.583950,-0.106047,-1.995577,3.242499,0.425425
0.795601,-0.239556,-0.402676,-1.783475,0.490613,0.518181,0.696853,-1.303328,0.165015,1.226494,1.843995,0.994817
0.791675,-2.780390,-0.186724,0.884072,0.447985,0.560606,0.465471,-2.540834,0.215952,2.667547,2.923528,0.731633
0.791657,-4.171424,0.249031,2.141902,0.140192,0.472503,-0.146970,-1.391034,0.435755,1.257830,4.695800,0.264513
0.795768,-2.663666,0.781979,1.939223,-0.142396,0.358185,-0.584558,1.507758,0.532948,-0.202679,3.386324,0.490281
0.801690,0.184828,0.937975,1.931009,-0.273982,0.153934,-0.489744,2.848494,0.155996,-0.008214,2.154705,0.338611
0.806436,1.374892,0.525239,1.776781,-0.300120,-0.187792,-0.158962,1.190064,-0.412736,-0.154228,2.307196,0.150607
0.808331,1.112196,-0.179892,0.010335,-0.230363,-0.406665,0.098805,-0.262696,-0.705131,-1.766446,1.126698,0.228206
0.808425,1.000608,-0.600174,-2.068646,-0.082200,-0.271656,0.364355,-0.111588,-0.420282,-2.078981,2.375020,0.213308
0.809312,0.672992,-0.363551,-2.008838,0.041256,0.029268,0.628204,-0.327616,0.236623,0.059808,2.149539,0.397199
0.812390,-0.283742,0.099645,-0.431432,0.083303,0.254349,0.671765,-0.956734,0.463196,1.577406,0.525901,0.522901
0.817236,-1.717979,0.089923,0.385505,0.041656,0.391852,0.396340,-1.434237,-0.009722,0.816937,1.762995,0.312369
0.821824,-3.216861,-0.194315,0.021124,-0.083154,0.369468,-0.166292,-1.498882,-0.284238,-0.364381,3.222794,0.171074
0.823842,-2.214721,0.004081,-0.290786,-0.187470,0.129596,-0.722072,1.002140,0.198396,-0.311910,2.233733,0.573328
0.823924,2.012332,0.541457,0.217725,-0.175990,-0.088349,-0.719108,4.227053,0.537376,0.508511,2.095247,0.555894
0.824655,4.359181,0.476592,0.577573,-0.150231,-0.103613,-0.156716,2.346849,-0.064865,0.359848,4.423029,0.057865
0.825849,2.167848,-0.274676,-0.506206,-0.193432,-0.029553,0.280456,-2.191333,-0.751268,-1.083779,2.243046,0.116945
0.825805,0.286380,-0.685382,-1.866100,-0.203516,0.098602,0.344792,-1.881468,-0.410706,-1.359894,2.008505,0.170023
0.825537,1.321847,-0.284368,-1.414668,-0.119168,0.340277,0.425383,1.035467,0.401014,0.451432,1.956893,0.310940
0.826440,1.284958,0.170722,0.002106,-0.015685,0.544038,0.568240,-0.036889,0.455090,1.416774,1.296251,0.619120
0.827143,-1.373970,0.115227,0.462391,0.034665,0.523757,0.403505,-2.658928,-0.055495,0.460285,1.454261,0.438339
0.826693,-2.805161,0.039150,0.510110,0.007844,0.345286,-0.070366,-1.431191,-0.076077,0.047719,2.851434,0.124235
0.826749,-1.525886,0.293203,0.931424,-0.074498,0.203396,-0.416911,1.279275,0.254053,0.421314,1.811587,0.220735
0.828603,-0.409840,0.338286,0.853047,-0.144739,0.174681,-0.372225,1.116046,0.045083,-0.078377,1.005035,0.190014
0.831579,-0.477308,-0.048663,0.258421,-0.153667,0.150264,-0.096318,-0.067468,-0.386949,-0.594626,0.544952,0.055470
0.833866,-0.087605,-0.206356,0.145965,-0.108376,0.005428,0.150226,0.389703,-0.157693,-0.112456,0.267513,0.034343
0.832792,0.715202,0.098146,0.301264,-0.053017,-0.211909,0.286214,0.802807,0.304502,0.155299,0.782245,0.129635
0.827375,0.958050,0.203132,-0.187601,-0.023096,-0.357743,0.346303,0.242848,0.104986,-0.488865,0.997154,0.248439
0.821142,0.701179,-0.107231,-1.448061,0.019482,-0.340877,0.361050,-0.256871,-0.310363,-1.260460,1.612461,0.246934
0.817763,-0.571657,-0.259751,-2.477913,0.147778,-0.173285,0.274737,-1.272836,-0.152520,-1.029852,2.556231,0.127346
0.815916,-2.458522,-0.318452,-2.256736,0.359621,-0.025626,-0.032816,-1.886865,-0.058701,0.221177,3.352402,0.131061
0.813683,-2.009372,-1.036628,-2.047261,0.637015,-0.059906,-0.451904,0.449150,-0.718176,0.209475,3.050156,0.613594
0.812592,1.120507,-1.953497,-3.608852,1.034312,-0.110044,-0.612107,3.129879,-0.916869,-1.561591,4.253880,1.456586
0.813071,2.960484,-1.509791,-4.518557,1.486103,0.091242,-0.426461,1.839977,0.443706,-0.909705,5.609037,2.398696
0.813929,1.909265,0.330083,-1.158954,1.679803,0.367417,-0.234910,-1.051219,1.839874,3.359603,2.257747,3.011916
0.815696,0.517370,1.707870,4.225379,1.425103,0.293432,-0.218025,-1.391895,1.377787,5.384333,4.586755,2.164556
0.815521,0.167774,1.565404,6.436113,1.009900,-0.138080,-0.209923,-0.349596,-0.142466,2.210734,6.625873,1.083032
0.807878,-0.099587,0.906223,5.290361,0.879855,-0.601902,-0.146378,-0.267361,-0.659181,-1.145752,5.368340,1.157857
0.795772,-0.570064,1.136222,4.202117,1.064613,-1.028873,-0.164884,-0.470477,0.229999,-1.088244,4.390189,2.219167
0.782576,-0.588384,2.316141,3.953597,1.190242,-1.528549,-0.278856,-0.018320,1.179919,-0.248520,4.619701,3.830899
0.756246,-0.485973,3.247786,3.200287,0.994587,-2.002813,-0.386110,0.102411,0.931645,-0.753310,4.585425,5.149544
0.708083,-1.226736,2.927446,1.593244,0.612157,-2.377708,-0.525880,-0.740763,-0.320340,-1.607043,3.551513,6.304781
0.657133,-1.715320,1.628376,-0.572664,0.363922,-2.731851,-0.713354,-0.488584,-1.299070,-2.165908,2.433490,8.104323
0.631364,0.019353,0.181672,-2.269502,0.359996,-2.824165,-0.664226,1.734673,-1.446704,-1.696838,2.276844,8.546701
0.634744,1.783356,-0.935039,-2.062364,0.375187,-2.306952,-0.234580,1.764003,-1.116711,0.207138,2.882360,5.517821
0.647969,0.023285,-0.897878,-1.167159,0.209184,-1.503337,0.145825,-1.760071,0.037161,0.895205,1.472748,2.325045
0.655886,-2.407554,0.557613,-1.502548,-0.062163,-0.935021,0.196640,-2.430839,1.455491,-0.335389,2.892214,0.916796
0.662868,-1.408329,0.579852,-1.260100,-0.387957,-0.448754,0.315695,0.999225,0.022239,0.242448,1.976732,0.451554
0.676502,-0.639099,-3.206564,0.281758,-0.764869,0.119440,0.578109,0.769230,-3.786416,1.541858,3.281751,0.933501
0.689859,-3.552887,-6.593622,-0.644750,-0.864905,0.331783,0.347748,-2.913788,-3.387058,-0.926508,7.517617,0.979069
0.694749,-5.140900,-4.337039,-3.712160,-0.451134,0.078277,-0.375377,-1.588013,2.256583,-3.067410,7.682375,0.350557
0.696804,-2.028088,0.508310,-3.179340,0.012295,-0.118493,-0.734702,3.112812,4.845349,0.532820,3.805223,0.553979
0.700547,0.795159,1.927520,0.748354,0.018600,-0.132119,-0.543411,2.823247,1.419210,3.927694,2.215320,0.313097
0.697143,-0.264863,0.398310,1.901482,-0.187273,-0.320027,-0.475854,-1.060022,-1.529210,1.153128,1.960724,0.363925
0.682307,-1.763711,-0.585005,-0.506334,-0.139637,-0.668736,-0.754997,-1.498848,-0.983315,-2.407816,1.925949,1.036727
0.668544,-0.139764,-0.517065,-1.900733,0.116262,-0.818414,-0.898414,1.623947,0.067940,-1.394399,1.974760,1.490466
0.666695,2.646648,-0.189717,-0.920526,0.261217,-0.649529,-0.590967,2.786412,0.327348,0.980207,2.808577,0.839364
0.672062,2.491965,0.023607,0.268361,0.204869,-0.343654,-0.114881,-0.154683,0.213324,1.188887,2.506484,0.173267
0.677448,-0.103493,-0.243282,0.714392,0.083594,-0.099731,0.055341,-2.595458,-0.266889,0.446031,0.761743,0.019997
0.683311,-0.637244,-0.336351,0.944305,-0.008729,0.043685,-0.086779,-0.533751,-0.093069,0.229913,1.187823,0.009515
0.690228,1.359081,0.476452,1.179573,-0.107798,0.129438,-0.101901,1.996325,0.812803,0.235268,1.861585,0.038758
0.696218,1.359735,0.940439,1.266451,-0.244352,0.106808,0.099640,0.000654,0.463987,0.086878,2.082595,0.081044
0.702010,-1.371416,0.205850,1.137622,-0.370768,-0.068756,0.097733,-2.731151,-0.734589,-0.128829,1.793694,0.151748
0.708361,-2.071725,-0.009435,0.999868,-0.466743,-0.286751,-0.186054,-0.700309,-0.215285,-0.137754,2.300406,0.334691
0.714035,0.586555,0.943930,1.114009,-0.585353,-0.439274,-0.288674,2.658280,0.953365,0.114141,1.573552,0.618932
0.722055,2.256049,0.839661,1.159102,-0.722027,-0.455394,-0.037016,1.669494,-0.104269,0.045093,2.671761,0.730077
0.735803,1.377570,-0.900253,0.181606,-0.698582,-0.145238,0.265067,-0.878479,-1.739914,-0.977496,1.655637,0.579371
0.748989,1.460698,-1.754824,-1.956504,-0.292746,0.519616,0.511450,0.083128,-0.854571,-2.138110,3.006818,0.617282
0.754546,2.855618,-0.739116,-3.041220,0.346221,1.094473,0.838425,1.394920,1.015708,-1.084716,4.236728,2.020697
0.756383,0.709842,0.415000,-0.844683,0.575654,1.106853,1.035687,-2.145776,1.154116,2.196537,1.178809,2.629149
0.759494,-5.303418,0.788408,2.359325,0.028088,0.560388,0.635695,-6.013260,0.373408,3.204008,5.857836,0.718932
0.762208,-7.061161,0.709784,2.017886,-0.708553,-0.176549,-0.271534,-1.757743,-0.078624,-0.341439,7.378052,0.606948
0.764921,-0.035280,0.020173,-1.437513,-0.815324,-0.550975,-0.791204,7.025881,-0.689611,-3.455399,1.438087,1.594330
0.770183,7.270611,-0.897549,-3.306597,-0.326527,-0.140135,-0.245418,7.305891,-0.917722,-1.869084,8.037472,0.186488
0.776185,5.142870,-0.701207,-2.043397,0.131637,0.688983,0.782400,-2.127741,0.196342,1.263200,5.578196,1.104176
0.783575,-2.081602,0.473904,0.103279,0.247611,1.026352,1.160987,-7.224472,1.175111,2.146676,2.137362,2.462600
0.797368,-4.391500,0.987926,1.835292,0.118012,0.662818,0.738920,-2.309898,0.514022,1.732013,4.861025,0.999257
0.814156,-2.487539,0.551957,2.774589,-0.170186,0.180501,0.162486,1.903961,-0.435969,0.939297,3.767075,0.087946
0.824104,-2.265613,0.225502,1.739946,-0.546906,-0.184918,-0.353091,0.221926,-0.326455,-1.034643,2.865531,0.457974
0.826553,-2.110613,0.091811,-1.145734,-0.705539,-0.583914,-0.850398,0.155000,-0.133691,-2.885680,2.403294,1.561918
0.827187,1.070268,-0.415470,-3.512008,-0.343960,-0.753016,-0.957714,3.180881,-0.507281,-2.366274,3.694900,1.602558
0.825890,3.461141,-0.829725,-3.379693,0.247967,-0.407236,-0.561822,2.390873,-0.414255,0.132315,4.908184,0.542973
0.821053,2.318752,-0.597183,-1.268027,0.426308,0.081438,-0.224230,-1.142389,0.232542,2.111666,2.709452,0.238650
0.816663,1.527841,-0.413238,0.250164,0.182307,0.341501,-0.156035,-0.790911,0.183945,1.518191,1.602388,0.174206
0.815527,2.964895,-0.575117,-0.183900,0.109110,0.544176,0.079458,1.437054,-0.161879,-0.434064,3.025753,0.314346
0.814182,3.101357,-0.037953,-0.380402,0.293290,0.746103,0.552141,0.136462,0.537164,-0.196502,3.124830,0.947548
0.810986,0.787433,1.059487,1.462172,0.220306,0.675253,0.828113,-2.313924,1.097440,1.842574,1.969901,1.190272
0.812137,-0.935666,0.963448,2.783253,-0.202470,0.369476,0.775149,-1.723099,-0.096039,1.321081,3.090340,0.778363
0.822765,-0.837527,-0.333090,1.002172,-0.497180,0.156490,0.622219,0.098139,-1.296538,-1.781081,1.347868,0.658834
0.837130,-0.918185,-0.911048,-1.640552,-0.448002,0.114189,0.457958,-0.080658,-0.577958,-2.642724,2.089135,0.423470
0.845872,-2.286158,-0.307207,-1.861653,-0.315341,0.101275,0.164427,-1.367973,0.603841,-0.221101,2.964228,0.136733
0.847961,-3.074424,0.303814,-0.355390,-0.292507,-0.005303,-0.263586,-0.788266,0.611021,1.506263,3.109773,0.155066
0.846598,-1.648741,0.424620,0.303207,-0.269652,-0.295559,-0.573648,1.425683,0.120806,0.658597,1.729330,0.489139
0.841422,0.595093,0.271116,-0.366959,-0.087957,-0.644438,-0.567265,2.243834,-0.153504,-0.670166,0.749866,0.744826
0.834562,2.314768,-0.135496,-1.074056,0.218117,-0.638604,-0.304552,1.719675,-0.406612,-0.707097,2.555407,0.548142
0.834012,3.920254,-0.580951,-0.721973,0.407653,-0.095302,0.158262,1.605486,-0.445455,0.352083,4.028293,0.200310
0.842119,4.037164,-0.507258,0.672904,0.285493,0.566008,0.717671,0.116910,0.073693,1.394877,4.124173,0.916923
0.851296,0.784185,0.151720,1.684370,-0.018293,0.814553,0.975388,-3.252979,0.658978,1.011466,1.864153,1.615213
0.856496,-3.523890,0.454768,0.942179,-0.199338,0.602437,0.688947,-4.308075,0.303048,-0.742191,3.675910,0.877314
0.860265,-5.569308,-0.525880,-0.807735,-0.157354,0.219890,0.089874,-2.045418,-0.980648,-1.749914,5.652095,0.081189
0.861862,-5.520771,-1.858975,-1.917489,-0.015898,-0.135846,-0.600639,0.048537,-1.333095,-1.109754,6.132819,0.379474
0.854683,-3.657683,-1.528952,-2.126742,0.108935,-0.410051,-1.244359,1.863088,0.330023,-0.209253,4.498819,1.728438
0.839586,0.768166,0.204313,-1.682116,0.191455,-0.530521,-1.420545,4.425849,1.733265,0.444626,1.860467,2.336056
0.826547,4.639375,0.981213,-0.482368,0.262872,-0.439495,-0.891104,3.871209,0.776900,1.199748,4.766472,1.056324
0.817141,3.544409,0.343296,0.653314,0.387915,-0.245952,-0.179103,-1.094966,-0.637917,1.135682,3.620429,0.243048
0.802582,-0.098577,0.101376,1.098163,0.575420,-0.156286,0.097912,-3.642986,-0.241920,0.444849,1.107229,0.365120
0.784420,-0.532616,0.876345,2.012473,0.652205,-0.206417,0.072047,-0.434039,0.774969,0.914310,2.258696,0.473170
0.775543,1.499372,1.356278,3.206202,0.411780,-0.238184,0.164297,2.031988,0.479933,1.193729,3.790427,0.253288
0.776990,1.420860,0.588948,2.109890,-0.009423,-0.166111,0.301829,-0.078512,-0.767330,-1.096312,2.611003,0.118782
0.777860,-0.364662,-0.705668,-0.883681,-0.205721,-0.056510,0.219685,-1.785522,-1.294616,-2.993571,1.188208,0.093776
0.778040,-0.646623,-1.037863,-1.839411,-0.071273,0.040015,0.047475,-0.281961,-0.332195,-0.955730,2.208781,0.008935
0.786338,0.130821,0.022716,0.369544,0.044986,0.111355,0.041219,0.777444,1.060579,2.208955,0.392674,0.016123
0.800681,0.008711,1.338954,3.000402,-0.168879,0.080739,0.130310,-0.122110,1.316238,2.630858,3.285618,0.052020
0.812383,-0.473233,1.562340,3.735253,-0.594537,-0.102343,0.124192,-0.481944,0.223386,0.734851,4.076392,0.379372
0.820828,-0.021051,0.469222,1.804269,-0.813145,-0.270295,0.075796,0.452182,-1.093118,-1.930984,1.864403,0.740009
0.828268,1.378504,-0.856299,-1.933574,-0.560122,-0.149952,0.178317,1.399555,-1.325521,-3.737843,2.524328,0.368019
0.833492,2.683836,-1.125761,-4.195621,-0.056492,0.246695,0.441148,1.305332,-0.269462,-2.262047,5.106227,0.258661
0.837595,2.035285,-0.392726,-2.676236,0.210058,0.550282,0.638772,-0.648551,0.733035,1.519385,3.385093,0.754964
0.842473,-1.213179,0.236768,0.361660,0.060932,0.476544,0.543518,-3.248464,0.629494,3.037896,1.287890,0.526219
0.845510,-4.029291,0.301535,1.523212,-0.215901,0.144519,0.134019,-2.816112,0.064767,1.161552,4.318134,0.085460
0.845007,-2.686081,0.137675,0.699936,-0.327875,-0.106919,-0.294985,1.343210,-0.163860,-0.823276,2.779190,0.205950
0.843658,1.426756,-0.053795,-0.506765,-0.295882,-0.060665,-0.280011,4.112837,-0.191470,-1.206701,1.515037,0.169633
0.843720,3.285623,-0.161047,-1.217385,-0.207368,0.186272,0.228250,1.858867,-0.107252,-0.710620,3.507603,0.129797
0.846024,1.586770,-0.016726,-0.942706,-0.056893,0.350810,0.674055,-1.698853,0.144321,0.274679,1.845756,0.580655
0.851211,-0.906961,0.232824,0.107240,0.013536,0.339421,0.636925,-2.493731,0.249550,1.049946,0.942489,0.521063
0.857412,-2.740948,0.360497,0.811293,-0.206302,0.260886,0.261774,-1.833987,0.127673,0.704053,2.881137,0.179148
0.860988,-3.325590,0.329750,0.435171,-0.545876,0.094848,-0.166764,-0.584642,-0.030747,-0.376122,3.370112,0.334787
0.860613,-1.381350,-0.018237,-1.225544,-0.564412,-0.171295,-0.439435,1.944240,-0.347987,-1.660715,1.846732,0.541006
0.857614,1.851268,-0.608971,-3.353710,-0.164744,-0.257295,-0.392675,3.232618,-0.590734,-2.128166,3.878841,0.247535
0.853896,3.392573,-0.710424,-3.143333,0.281981,0.016721,-0.119687,1.541305,-0.101453,0.210377,4.679188,0.094118
0.851046,2.370261,0.008063,0.450720,0.401126,0.355191,0.103962,-1.022312,0.718487,3.594053,2.412748,0.297871
0.849958,-0.450598,0.760610,3.554219,0.164493,0.378911,0.127278,-2.820859,0.752547,3.103499,3.662518,0.186831
0.851030,-2.440279,0.772519,2.848709,-0.167876,0.098710,-0.034847,-1.989681,0.011909,-0.705510,3.829738,0.039140
0.853935,-0.150386,0.148998,0.265153,-0.309940,-0.135219,-0.140047,2.289893,-0.623521,-2.583556,0.339297,0.133960
0.856528,3.644104,-0.472417,-1.203430,-0.178803,-0.047216,0.137891,3.794490,-0.621415,-1.468583,3.866641,0.053214
0.856566,2.284290,-0.447931,-1.224376,0.072141,0.209936,0.606510,-1.359814,0.024486,-0.020946,2.630156,0.417132
0.854832,-2.516063,0.030527,-0.715383,0.271473,0.293568,0.628291,-4.800353,0.478458,0.508993,2.615966,0.554629
0.853342,-3.999934,-0.084318,-0.808857,0.414744,0.189742,0.040534,-1.483871,-0.114845,-0.093474,4.081768,0.209658
0.851786,-2.809620,-0.498626,-1.215149,0.450429,0.073849,-0.612577,1.190314,-0.414308,-0.406292,3.101480,0.583591
0.849321,-2.046884,0.534174,0.890515,0.116203,-0.070986,-0.761206,0.762736,1.032800,2.105664,2.295233,0.597977
0.847788,0.029684,2.231299,4.879965,-0.535940,-0.219569,-0.373653,2.076568,1.697125,3.989450,5.365970,0.475059
0.849662,2.319190,1.558635,4.273911,-0.857104,-0.168973,0.038065,2.289506,-0.672664,-0.606054,5.106300,0.764628
0.854254,0.834736,-0.900744,-1.761669,-0.530688,0.065895,0.074271,-1.484454,-2.459379,-6.035580,2.147464,0.291488
0.858532,-1.432831,-1.590617,-4.798290,-0.142392,0.268239,0.003500,-2.267567,-0.689873,-3.036621,5.254203,0.092240
0.860709,-0.331423,-0.490873,-2.129526,-0.140137,0.384004,0.136087,1.101408,1.099744,2.668764,2.210357,0.185617
0.861241,0.538085,-0.108600,-0.422686,-0.169102,0.399298,0.202943,0.869508,0.382273,1.706840,0.692815,0.229220
0.861418,-0.957781,-0.204509,-1.278046,0.018886,0.182710,0.053263,-1.495866,-0.095909,-0.855360,1.610146,0.036577
0.861933,-0.758128,0.467752,-0.095316,0.106985,-0.213915,0.038898,0.199653,0.672261,1.182730,0.895899,0.058718
0.862002,1.016123,0.873670,2.326228,-0.024366,-0.468136,0.224984,1.774251,0.405918,2.421544,2.684612,0.270363
0.860872,0.399806,0.199892,1.884494,-0.094148,-0.393543,0.278052,-0.616317,-0.673778,-0.441734,1.936781,0.241053
0.859845,-1.001986,-0.346914,-0.468808,0.000011,-0.158834,0.206592,-1.401792,-0.546806,-2.353302,1.159356,0.067908
0.859307,0.017998,-0.213435,-1.839054,0.139568,0.008889,0.260602,1.019984,0.133479,-1.370246,1.851485,0.087472
0.856269,1.323358,-0.223887,-1.794094,0.259599,0.101579,0.346629,1.305360,-0.010452,0.044960,2.240575,0.197862
0.850016,0.539733,-0.198074,-0.427506,0.263047,0.171805,0.204507,-0.783625,0.025813,1.366588,0.716454,0.140534
0.845166,-1.158058,0.379052,1.286776,0.122745,0.172446,-0.217720,-1.697791,0.577126,1.714282,1.772166,0.092206
0.844467,-2.836378,0.163983,0.769669,0.110177,0.163159,-0.773826,-1.678320,-0.215069,-0.517107,2.943522,0.637567
0.845352,-3.420760,-1.203070,-1.634075,0.313907,0.332349,-1.046296,-0.584382,-1.367053,-2.403744,3.977333,1.303729
0.846253,-0.223441,-0.665822,-1.480023,0.210870,0.557079,-0.596540,3.197319,0.537248,0.154052,1.638204,0.710663
0.849147,4.671344,2.572701,3.280751,-0.518938,0.381746,0.196812,4.894785,3.238523,4.760774,6.261276,0.453762
0.854568,3.795461,3.759596,8.107558,-1.179330,-0.222512,0.426212,-0.875883,1.186895,4.826807,9.709407,1.621988
0.859596,-2.262560,0.571731,6.563164,-0.919724,-0.568434,0.195305,-6.058021,-3.187865,-1.544394,6.965714,1.207153
0.861286,-2.708697,-2.396894,-0.955343,-0.002661,-0.175802,0.441497,-0.446137,-2.968625,-7.518507,3.740965,0.225833
0.859101,3.957666,-1.673095,-6.135629,0.613915,0.478717,1.063807,6.666363,0.723799,-5.180286,7.490548,1.737747
0.854841,5.506618,0.283665,-3.785141,0.562935,0.650703,1.068773,1.548952,1.956760,2.350488,6.688094,1.882586
0.851852,-1.230865,0.791338,1.200210,0.187221,0.345631,0.418121,-6.737483,0.507673,4.985351,1.892551,0.329338
0.852396,-5.129155,0.431046,2.790286,-0.179958,0.103632,-0.116890,-3.898290,-0.360292,1.590076,5.854889,0.056788
0.854994,-2.689661,0.205067,1.687575,-0.381784,0.125061,-0.361162,2.439494,-0.225979,-1.102711,3.181861,0.291837
0.856707,-1.058414,0.048960,0.284520,-0.341471,0.166971,-0.473661,1.631247,-0.156107,-1.403055,1.097082,0.368837
0.857455,-0.776532,-0.112134,-1.008862,-0.210739,0.105137,-0.232028,0.281882,-0.161094,-1.293382,1.278037,0.109302
0.858444,2.167630,-0.139614,-1.370184,-0.157896,0.101613,0.345825,2.944162,-0.027480,-0.361322,2.568174,0.154851
0.857875,4.391035,-0.124271,-0.827173,-0.058982,0.241288,0.703465,2.223405,0.015343,0.543011,4.469994,0.556562
0.854257,2.025746,-0.156560,-1.016058,0.133462,0.366145,0.605742,-2.365289,-0.032289,-0.188885,2.271680,0.518798
0.851592,-1.066888,-0.018740,-1.425438,0.206473,0.322399,0.345253,-3.092634,0.137820,-0.409380,1.780583,0.265772
0.852415,-1.615402,0.006105,-0.918056,0.226516,0.161567,0.068805,-0.548514,0.024845,0.507382,1.858060,0.082148
0.851522,-1.689155,-0.923064,-1.504102,0.503996,0.073331,-0.266772,-0.073753,-0.929169,-0.586046,2.442870,0.330557
0.846795,-2.039016,-1.956042,-3.420945,0.876292,0.136838,-0.559943,-0.349861,-1.032978,-1.916843,4.436953,1.100148
0.842218,-1.659339,-0.874840,-2.239813,0.817868,0.088145,-0.756894,0.379677,1.081202,1.181132,2.921560,1.249566
0.832309,-1.809650,1.714513,2.702269,0.274322,-0.406056,-0.904568,-0.150311,2.589353,4.942082,3.676499,1.058377
0.806079,-2.415694,2.675464,5.367657,-0.189023,-1.098099,-0.838366,-0.606044,0.960951,2.665388,6.465712,1.944409
0.765898,-0.705009,1.416900,2.808262,-0.105466,-1.312961,-0.411001,1.710685,-1.258564,-2.559395,3.223504,1.903911
0.720305,2.381062,0.068571,-0.626505,0.297768,-0.948556,0.060637,3.086071,-1.348329,-3.434767,2.463060,0.992101
0.673884,2.395680,-0.392824,-0.832867,0.440165,-0.609977,0.112819,0.014618,-0.461395,-0.206362,2.566566,0.578545
0.637664,-0.750494,-0.461411,0.838524,0.238896,-0.581158,-0.224360,-3.146174,-0.068587,1.671391,1.216250,0.445153
0.623219,-2.148651,-0.399227,0.964272,0.126665,-0.486585,-0.449973,-1.398157,0.062184,0.125748,2.388703,0.455285
0.624549,0.299246,-0.256775,-0.769844,0.248978,-0.118741,-0.275722,2.447897,0.142452,-1.734116,0.864952,0.152112
0.627527,2.601489,-0.131790,-1.462527,0.305963,0.202267,-0.015409,2.302243,0.124985,-0.692683,2.987323,0.134763
0.628760,1.376164,0.075357,0.346261,0.166175,0.222742,-0.030737,-1.225325,0.207147,1.808788,1.421057,0.078173
0.633150,-0.704666,0.449452,2.338234,0.028540,0.069941,-0.157068,-2.080830,0.374095,1.991973,2.483123,0.030377
0.641471,-0.414063,0.732638,2.012913,0.018206,-0.064894,-0.123550,0.290603,0.283186,-0.325321,2.181748,0.019807
0.648121,0.536590,0.519300,0.189431,0.053699,-0.106603,-0.036524,0.950653,-0.213338,-1.823482,0.770380,0.015582
0.652826,0.196293,-0.120975,-0.789129,0.052518,-0.036651,-0.029407,-0.340297,-0.640275,-0.978560,0.822126,0.004966
0.664249,-0.045867,-0.521348,-0.351441,0.009705,0.071218,0.000409,-0.242160,-0.400373,0.437688,0.630411,0.005166
0.682140,0.459699,-0.355286,0.350721,-0.042050,0.105895,0.087369,0.505566,0.166062,0.702162,0.678643,0.020615
0.693752,0.441635,-0.097410,0.341925,-0.037567,0.089239,0.116127,-0.018064,0.257876,-0.008796,0.566959,0.022860
0.696155,-0.081017,-0.064154,-0.327049,0.029562,0.098820,0.051491,-0.522652,0.033256,-0.668974,0.342988,0.013291
0.698059,-0.154309,0.002643,-0.743404,0.049644,0.096844,-0.036233,-0.073292,0.066797,-0.416355,0.759255,0.013156
0.701779,-0.001461,0.113414,-0.209152,-0.009092,0.045251,-0.086230,0.152848,0.110771,0.534252,0.237927,0.009566
0.707072,-0.103566,0.087925,0.530223,-0.053010,0.037779,-0.085056,-0.102105,-0.025489,0.739375,0.547351,0.011472
0.718809,0.177851,0.308448,0.640273,-0.170533,0.085511,-0.037920,0.281417,0.220523,0.110050,0.732612,0.037832
0.735699,0.999253,0.933979,1.193494,-0.546898,-0.036417,0.024849,0.821402,0.625531,0.553221,1.815283,0.301041
0.750313,0.572304,0.963939,2.528145,-0.916375,-0.388282,-0.001105,-0.426949,0.029960,1.334651,2.765543,0.990507
0.760642,-1.059143,-0.323420,1.524715,-0.747237,-0.523030,-0.074851,-1.631447,-1.287359,-1.003430,1.884447,0.837526
0.767827,-0.103534,-1.823649,-3.182194,-0.113341,-0.049900,0.176009,0.955609,-1.500229,-4.706909,3.669165,0.046315
0.775674,3.132304,-1.923057,-6.449620,0.313856,0.656242,0.806511,3.235838,-0.099408,-3.267426,7.423414,1.179619
0.792726,2.279826,-0.661817,-3.678717,0.198272,0.869560,1.057970,-0.852478,1.261240,2.770903,4.378192,1.914747
0.816661,-3.170423,0.533790,1.573375,-0.153626,0.424440,0.403395,-5.450249,1.195607,5.252092,3.579389,0.366478
0.831757,-6.258382,0.844710,3.288802,-0.370291,-0.232364,-0.496177,-3.087959,0.310920,1.715427,7.120190,0.437300
0.834038,-4.661527,0.626524,1.403117,-0.374687,-0.617107,-0.706394,1.596855,-0.218186,-1.885685,4.908269,1.020204
0.834476,-1.339604,0.206069,-0.323064,-0.216408,-0.530938,-0.154294,3.321923,-0.420455,-1.726181,1.393332,0.352534
0.836726,2.398930,-0.352542,-0.537365,0.050432,-0.082904,0.643773,3.738534,-0.558611,-0.214301,2.483528,0.423860
0.836305,5.005022,-0.526634,-0.776637,0.319095,0.377711,1.211820,2.606092,-0.174092,-0.239272,5.092225,1.712995
0.834167,3.830491,-0.027853,-1.640214,0.489979,0.502249,1.264934,-1.174531,0.498781,-0.863577,4.166982,2.092392
0.833843,0.065612,0.455238,-1.583274,0.552430,0.281503,0.843178,-3.764879,0.483091,0.056940,1.648728,1.095372
0.833725,-2.424187,0.455600,-0.104184,0.526173,0.022000,0.286606,-2.489799,0.000362,1.479090,2.468827,0.359485
0.829644,-2.803659,0.410371,1.025453,0.428769,-0.128632,-0.223756,-0.379472,-0.045229,1.129637,3.013380,0.250456
0.820024,-3.004035,0.483208,0.775987,0.328149,-0.294607,-0.764075,-0.200376,0.072837,-0.249466,3.140043,0.778286
0.807957,-3.083475,0.173835,-0.199883,0.317275,-0.379403,-1.155593,-0.079440,-0.309373,-0.975870,3.094833,1.580005
0.799038,-0.816310,-0.663809,-1.244080,0.397600,-0.061957,-0.976542,2.267165,-0.837644,-1.044197,1.629337,1.115559
0.796661,3.504184,-1.406959,-1.542779,0.407287,0.574196,-0.301819,4.320494,-0.743150,-0.298699,4.079094,0.586678
0.801770,5.528639,-1.275139,-0.416953,0.163599,1.051584,0.221155,2.024455,0.131820,1.125826,5.689084,1.181503
0.813845,2.974280,-0.149180,1.052475,-0.256740,1.113047,0.267569,-2.554359,1.125959,1.469428,3.158528,1.376382
0.828312,-0.240799,1.227428,1.730594,-0.589228,0.807367,0.175155,-3.215079,1.376608,0.678119,2.135303,1.029710
0.839686,-0.410806,1.967917,2.523099,-0.761396,0.232136,0.172539,-0.170007,0.740489,0.792505,3.226064,0.663381
0.847509,-0.204172,1.646715,3.285572,-0.820609,-0.390867,0.029382,0.206634,-0.321202,0.762473,3.680807,0.827039
0.852268,-2.178000,0.435727,1.474332,-0.625244,-0.680265,-0.193720,-1.973828,-1.210988,-1.811240,2.665933,0.891218
0.852573,-2.180765,-0.764918,-2.478975,-0.161828,-0.439179,0.007823,-0.002765,-1.200645,-3.953307,3.389123,0.219128
0.851356,2.480574,-1.034548,-4.114819,0.141549,0.080345,0.561070,4.661339,-0.269630,-1.635844,4.914801,0.341291
0.853922,5.770466,-0.531539,-1.977929,-0.009847,0.395467,0.711740,3.289892,0.503009,2.136890,6.123154,0.663065
0.859151,2.696179,-0.006318,0.442998,-0.297935,0.283998,0.243109,-3.074287,0.525221,2.420927,2.732338,0.228522
0.862031,-2.014909,0.252267,0.536149,-0.298462,-0.028094,-0.272323,-4.711088,0.258585,0.093151,2.100227,0.164029
0.861279,-2.474398,0.218737,-0.629304,-0.062588,-0.210945,-0.449586,-0.459489,-0.033530,-1.165453,2.562521,0.250543
0.859027,-0.453346,-0.078408,-0.606951,0.050317,-0.172233,-0.416041,2.021052,-0.297145,0.022353,0.761617,0.205286
0.857516,0.017229,-0.278137,1.172510,-0.106360,0.041834,-0.347205,0.470575,-0.199729,1.779461,1.205171,0.133614
0.857811,-0.315363,-0.190955,1.989793,-0.277170,0.378453,-0.240403,-0.332592,0.087182,0.817283,2.023659,0.277843
0.858981,0.972721,-0.092532,-0.010074,-0.202505,0.649847,-0.000722,1.288084,0.098423,-1.999867,0.977164,0.463310
0.859100,2.911932,0.039957,-1.676277,-0.023461,0.624740,0.370884,1.939211,0.132489,-1.666203,3.360186,0.528405
0.858053,3.103176,0.376265,-0.343074,0.013353,0.383397,0.648814,0.191244,0.336308,1.333203,3.144674,0.568131
0.857778,1.448289,0.445006,0.957865,-0.029336,0.226328,0.634691,-1.654887,0.068741,1.300939,1.792506,0.454918
0.859234,-0.549000,-0.021473,-0.068838,-0.042722,0.217218,0.432085,-1.997289,-0.466479,-1.026703,0.553715,0.235706
0.861683,-1.980342,-0.308499,-0.630908,-0.138952,0.185780,0.213708,-1.431342,-0.287026,-0.562070,2.101183,0.099493
0.865214,-2.644114,-0.010316,0.696173,-0.329819,0.076144,-0.005091,-0.663772,0.298183,1.327081,2.734246,0.114604
0.868879,-2.289412,0.232781,1.369495,-0.393931,-0.086758,-0.226495,0.354702,0.243097,0.673322,2.677893,0.214009
0.868146,-1.322803,0.049401,0.158505,-0.235348,-0.376747,-0.472168,0.966609,-0.183380,-1.210990,1.333181,0.420270
0.862835,-1.030197,-0.076665,-1.489048,0.038335,-0.708461,-0.789727,0.292606,-0.126066,-1.647553,1.812304,1.127055
0.859165,-0.966504,-0.104450,-2.761499,0.412486,-0.693649,-0.994339,0.063693,-0.027785,-1.272451,2.927613,1.640004
0.854012,0.700136,-0.766306,-4.147984,0.934483,-0.225126,-0.834995,1.666640,-0.661856,-1.386485,4.275884,1.621157
0.836566,2.613929,-1.631518,-4.640157,1.338348,0.179065,-0.437335,1.913793,-0.865212,-0.492173,5.570057,2.014502
0.810313,2.037857,-0.823645,-1.577145,1.149916,0.116004,-0.069923,-0.576072,0.807873,3.063012,2.705298,1.340653
0.784962,0.482438,1.439148,3.561609,0.433098,-0.109186,0.218713,-1.555419,2.262793,5.138754,3.871557,0.247331
0.756287,0.303095,1.912673,4.472824,-0.051933,-0.087947,0.355082,-0.179343,0.473525,0.911215,4.874048,0.136515
0.720818,0.027210,-0.225617,0.407935,0.121930,0.062997,0.188495,-0.275885,-2.138290,-4.064889,0.466963,0.054366
0.685417,-1.169678,-1.254909,-1.612532,0.425267,0.053534,-0.148787,-1.196888,-1.029292,-2.020467,2.354401,0.205855
0.653970,-1.130755,0.463813,0.661267,0.297059,-0.090104,-0.349689,0.038923,1.718722,2.273799,1.389605,0.218645
0.634062,0.623077,1.594985,1.964412,-0.001645,-0.161493,-0.321047,1.753832,1.131172,1.303145,2.605977,0.129154
0.636229,2.163633,0.521548,0.759958,-0.039152,-0.127814,-0.145790,1.540556,-1.073437,-1.204454,2.351777,0.039124
0.649236,2.220115,-0.130282,0.477728,0.034374,-0.138738,0.052270,0.056482,-0.651830,-0.282230,2.274667,0.023162
0.656011,0.658191,0.524250,1.140379,-0.048558,-0.223045,0.068808,-1.561924,0.654532,0.662651,1.417222,0.056841
0.664618,-1.210538,0.332764,0.317154,-0.144855,-0.207309,-0.174280,-1.868729,-0.191486,-0.823225,1.294883,0.094334
0.683997,-1.052718,-0.782740,-1.171480,-0.053708,-0.038968,-0.383336,0.157820,-1.115504,-1.488634,1.758767,0.151350
0.702941,0.836926,-0.567381,-0.930721,0.092245,0.093885,-0.246136,1.889644,0.215359,0.240759,1.374266,0.077906
0.715347,1.565336,1.070711,1.366393,-0.009910,0.066417,0.093263,0.728410,1.638092,2.297114,2.337462,0.013207
0.727540,0.420326,1.742276,3.733223,-0.427381,-0.084312,0.263273,-1.145010,0.671565,2.366830,4.141154,0.259076
0.740518,-1.181370,0.500847,3.194190,-0.777197,-0.344473,0.133610,-1.601696,-1.241429,-0.539033,3.442286,0.740548
0.749437,-2.275629,-0.980904,-0.727408,-0.618048,-0.610893,-0.134752,-1.094259,-1.481751,-3.921598,2.582592,0.773332
0.751088,-0.955445,-1.313755,-4.124748,-0.067061,-0.543374,-0.199118,1.320184,-0.332851,-3.397340,4.433100,0.339400
0.750700,3.308642,-0.913038,-3.532404,0.350796,-0.013822,0.190935,4.264087,0.400717,0.592344,4.925305,0.159705
0.763030,5.429235,-0.392802,-0.492865,0.365674,0.526706,0.728443,2.120593,0.520236,3.039539,5.465693,0.941766
0.789865,1.503329,0.151267,1.328574,0.108877,0.589051,0.770906,-3.925906,0.544069,1.821439,2.011961,0.953131
0.810907,-4.064125,0.431002,0.952930,-0.178806,0.220671,0.198342,-5.567454,0.279735,-0.375644,4.196540,0.120007
0.816407,-5.385439,0.356118,0.232322,-0.328829,-0.236142,-0.435378,-1.321314,-0.074884,-0.720608,5.402198,0.353446
0.819900,-2.067578,0.278904,0.370286,-0.309050,-0.480656,-0.569603,3.317861,-0.077214,0.137964,2.118910,0.650990
0.827829,2.861788,0.096807,0.027097,-0.186416,-0.293691,-0.131694,4.929366,-0.182097,-0.343189,2.863553,0.138349
0.832956,5.392083,-0.343063,-1.482124,-0.045821,0.234503,0.493331,2.530295,-0.439870,-1.509221,5.602584,0.300467
0.838294,3.302468,-0.327383,-1.967505,0.010371,0.629746,0.859071,-2.089615,0.015680,-0.485381,3.858050,1.134691
0.850077,-0.861409,0.146245,-1.073729,0.007913,0.579382,0.784232,-4.163877,0.473628,0.893776,1.384307,0.950766
0.856440,-3.354352,-0.373210,-1.489418,0.163190,0.295133,0.300480,-2.492943,-0.519455,-0.415689,3.689082,0.204023
0.849728,-3.526309,-1.452699,-2.127458,0.417706,0.082915,-0.404319,-0.171957,-1.079489,-0.638040,4.367066,0.344827
0.844721,-2.628203,-0.415006,0.150875,0.368826,-0.082475,-1.009901,0.898106,1.037693,2.278333,2.665041,1.162735
0.838005,-1.976909,2.159640,2.128457,0.063252,-0.299359,-1.318518,0.651294,2.574646,1.977582,3.619744,1.832106
0.798606,-1.373499,2.445045,-0.038107,0.017639,-0.419390,-1.275995,0.603410,0.285405,-2.166564,2.804674,1.804362
0.733237,0.560688,0.407479,-2.273260,0.277061,-0.308416,-0.820454,1.934187,-2.037566,-2.235153,2.376578,0.845028
0.690395,2.496262,-0.337304,-0.822442,0.429195,-0.140534,-0.138436,1.935574,-0.744783,1.450818,2.649813,0.223123
0.680301,2.063955,0.677791,1.271164,0.367895,-0.115877,0.329361,-0.432307,1.015095,2.093606,2.516976,0.257253
0.669051,0.790392,1.011574,1.666774,0.272216,-0.161822,0.423330,-1.273563,0.333783,0.395610,2.103839,0.279496
0.647925,0.622233,0.377093,1.429432,0.230746,-0.172151,0.307363,-0.168159,-0.634481,-0.237342,1.603948,0.177352
0.637459,0.567613,0.240677,0.754182,0.236260,-0.199455,0.124444,-0.054620,-0.136416,-0.675250,0.974115,0.111087
0.641652,0.495651,0.690074,-0.110764,0.215218,-0.223385,0.013860,-0.071962,0.449397,-0.864946,0.856820,0.096412
0.648147,0.926319,0.779641,0.030493,0.101368,-0.149967,0.040163,0.430668,0.089567,0.141257,1.211130,0.034379
0.653012,0.181261,0.265089,0.620703,-0.015284,-0.117256,-0.011361,-0.745058,-0.514552,0.590210,0.698856,0.014112
0.658360,-1.815924,-0.295293,0.390178,-0.033359,-0.306390,-0.270108,-1.997185,-0.560382,-0.230525,1.880696,0.167946
0.663706,-1.752468,-0.231639,0.000125,-0.046848,-0.524655,-0.423280,0.063456,0.063654,-0.390053,1.767711,0.456624
0.673513,0.696451,0.432972,0.651711,-0.204390,-0.495580,-0.222762,2.448919,0.664611,0.651586,1.047490,0.336998
0.696252,1.626456,0.623166,1.791182,-0.471324,-0.301350,0.089540,0.930005,0.190194,1.139471,2.498405,0.320976
0.727337,0.530975,-0.359999,1.335465,-0.602898,-0.093497,0.291656,-1.095481,-0.983165,-0.455717,1.481553,0.457291
0.751412,0.845690,-1.426507,-1.651667,-0.360655,0.185038,0.499717,0.314715,-1.066508,-2.987132,2.340538,0.414028
0.764755,2.427905,-1.228489,-4.296311,0.131747,0.479707,0.701991,1.582215,0.198018,-2.644644,5.085489,0.740267
0.774700,2.017513,-0.199444,-2.669104,0.366180,0.525806,0.630362,-0.410392,1.029045,1.627207,3.351754,0.807916
0.782081,-0.706389,0.421977,1.929608,0.042480,0.237264,0.169817,-2.723902,0.621421,4.598712,2.097722,0.086937
0.784726,-3.432263,0.409395,3.887912,-0.474957,-0.130704,-0.460719,-2.725874,-0.012582,1.958304,5.202297,0.454930
0.787006,-4.143809,0.260481,1.469025,-0.616644,-0.256627,-0.810032,-0.711546,-0.148914,-2.418887,4.404207,1.102259
0.792010,-2.222254,0.176645,-0.989035,-0.357947,-0.089125,-0.578503,1.921555,-0.083836,-2.458060,2.438813,0.470735
0.797413,0.827717,0.036529,-0.528193,-0.116755,0.161298,-0.018586,3.049971,-0.140116,0.460842,0.982567,0.039994
0.802902,2.789968,-0.205089,0.030287,-0.032527,0.363966,0.414642,1.962251,-0.241618,0.558480,2.797660,0.305457
0.809733,2.622134,-0.339922,-1.692950,0.118565,0.538850,0.617191,-0.167834,-0.134833,-1.723237,3.139620,0.685342
0.815765,0.581592,-0.112579,-2.344201,0.294008,0.584955,0.636796,-2.040542,0.227343,-0.651251,2.417892,0.834122
0.819021,-1.759693,0.282528,0.828863,0.140033,0.373984,0.391945,-2.341285,0.395107,3.173064,1.965542,0.313094
0.821517,-2.999695,0.350299,3.737528,-0.288073,0.080282,-0.069133,-1.240002,0.067771,2.908665,4.805205,0.094211
0.825786,-3.294981,0.113264,2.251848,-0.483480,-0.024098,-0.428518,-0.295286,-0.237035,-1.485680,3.992562,0.417961
0.830917,-2.439512,0.026011,-0.590545,-0.302963,0.021814,-0.416249,0.855469,-0.087253,-2.842393,2.510107,0.265526
0.833703,0.242114,0.113167,-0.747071,-0.089308,0.036870,-0.073651,2.681626,0.087156,-0.156526,0.793436,0.014760
0.832892,3.054970,0.085249,0.128395,0.006253,0.062171,0.345185,2.812856,-0.027918,0.875466,3.058855,0.123057
0.830844,3.090806,-0.026378,-0.498596,0.112572,0.224037,0.597337,0.035836,-0.111627,-0.626991,3.130875,0.419677
0.830130,0.464850,-0.090094,-1.335700,0.218195,0.430151,0.593919,-2.625956,-0.063716,-0.837104,1.417144,0.585379
0.830818,-1.476626,-0.120305,-0.605534,0.192695,0.483595,0.444683,-1.941476,-0.030211,0.730166,1.600490,0.468738
0.832351,-0.740036,-0.032175,1.006910,0.013512,0.388639,0.295683,0.736590,0.088130,1.612444,1.250023,0.238651
0.834953,0.501636,0.128130,1.560699,-0.208704,0.303455,0.105626,1.241672,0.160305,0.553789,1.644335,0.146799
0.838128,-0.175764,0.115332,0.377605,-0.292439,0.217014,-0.204537,-0.677400,-0.012798,-1.183094,0.432181,0.174451
0.840487,-1.299345,0.131628,-0.434334,-0.199473,-0.045930,-0.466203,-1.123581,0.016296,-0.811939,1.376325,0.259244
0.841132,-0.996416,0.421017,0.601557,-0.109087,-0.436656,-0.471417,0.302929,0.289389,1.035891,1.237728,0.424802
0.839955,-0.312535,0.376993,0.793771,-0.058057,-0.605336,-0.284768,0.683881,-0.044024,0.192214,0.932670,0.450895
0.838167,0.567971,-0.343456,-1.363192,0.115267,-0.324481,-0.002391,0.880506,-0.720449,-2.156963,1.516194,0.118580
0.838282,2.717372,-0.774997,-2.102445,0.317357,0.199397,0.399422,2.149401,-0.431541,-0.739253,3.522074,0.300013
0.841222,3.652006,-0.278580,0.239047,0.260008,0.500069,0.690474,0.934634,0.496417,2.341492,3.670408,0.794428
0.845032,0.958476,0.320573,1.547706,0.011711,0.345515,0.539795,-2.693530,0.599153,1.308659,1.848469,0.410896
0.847884,-1.359420,0.272278,-0.105593,-0.065942,0.029660,0.196818,-2.317896,-0.048295,-1.653299,1.390434,0.043965
0.849555,0.014628,-0.030204,-1.396345,0.076388,-0.048206,0.133654,1.374048,-0.302482,-1.290752,1.396748,0.026022
0.849884,0.743056,0.017204,-0.271864,0.082196,0.040322,0.129794,0.728428,0.047408,1.124481,0.791415,0.025229
0.849103,-1.471681,0.299965,1.154932,-0.203848,0.037983,-0.222120,-2.214737,0.282761,1.426796,1.894648,0.092334
0.848963,-1.335173,0.240381,0.528827,-0.414611,0.039124,-0.537465,0.136508,-0.059584,-0.626105,1.456066,0.462302
0.850512,2.160529,-0.223263,-1.268157,-0.246995,0.176202,-0.325327,3.495702,-0.463644,-1.796984,2.515145,0.197891
0.852132,2.865507,-0.423443,-1.497539,0.008616,0.267643,0.040953,0.704978,-0.200180,-0.229382,3.260837,0.073384
0.852347,0.181724,-0.137159,0.035543,-0.021798,0.233671,0.070954,-2.683783,0.286284,1.533082,0.230433,0.060112
0.852260,-0.622424,0.063372,0.724063,-0.177086,0.229018,-0.008841,-0.804148,0.200531,0.688520,0.956919,0.083887
0.852501,0.670611,0.017765,-0.092700,-0.137830,0.208906,0.096536,1.293035,-0.045607,-0.816763,0.677221,0.071958
0.851185,0.611531,0.078205,-0.448298,0.014861,0.039326,0.200420,-0.059080,0.060440,-0.355598,0.762271,0.041936
0.847860,-0.431683,0.134707,0.128519,0.054048,-0.122210,0.164135,-1.043214,0.056502,0.576817,0.470121,0.044797
0.845216,-0.098992,-0.046919,0.291576,0.034022,-0.098456,0.190143,0.332691,-0.181626,0.163057,0.311476,0.047005
0.844476,1.245716,-0.198277,-0.255247,0.101523,0.016075,0.354554,1.344708,-0.151358,-0.546823,1.286963,0.136274
0.843880,1.441630,-0.109778,-0.576474,0.175005,0.098451,0.408828,0.195914,0.088499,-0.321227,1.556493,0.207460
0.843089,-0.076674,0.076156,0.014960,0.096110,0.124038,0.192147,-1.518304,0.185934,0.591434,0.109098,0.061543
0.844326,-1.612612,0.205833,1.001079,-0.099584,0.069939,-0.142262,-1.535938,0.129677,0.986119,1.909200,0.035047
0.848435,-1.601551,0.121292,0.874107,-0.248978,-0.010202,-0.384374,0.011061,-0.084541,-0.126972,1.828590,0.209837
0.853200,-0.476556,-0.154708,-0.491723,-0.267659,-0.012782,-0.465116,1.124995,-0.276000,-1.365830,0.702020,0.288138
0.855922,0.333733,-0.220721,-1.066165,-0.204723,0.048715,-0.405686,0.810289,-0.066013,-0.574442,1.138773,0.208866
0.856436,0.594774,0.011632,-0.160191,-0.154027,0.133748,-0.250587,0.261041,0.232353,0.905974,0.616078,0.104407
0.856649,1.227023,0.049959,0.257898,-0.129744,0.251464,-0.026003,0.632249,0.038327,0.418089,1.254828,0.080744
0.856809,1.822533,-0.212956,-0.695150,-0.070894,0.318535,0.204793,0.595510,-0.262915,-0.953048,1.962195,0.148431
0.855628,0.729110,-0.273646,-1.237237,0.006750,0.239593,0.274459,-1.093423,-0.060690,-0.542087,1.461930,0.132778
0.854331,-1.140172,-0.013479,-0.210023,0.014728,0.091390,0.170700,-1.869282,0.260167,1.027214,1.159432,0.037708
0.853368,-0.687387,0.110688,0.743210,-0.003666,-0.002658,0.194391,0.452785,0.124167,0.953233,1.018388,0.037808
0.847519,1.572765,-0.063829,-0.127384,0.082853,-0.011197,0.455107,2.260152,-0.174517,-0.870594,1.579206,0.214112
0.835455,1.814766,-0.158187,-1.253570,0.196089,0.057270,0.588681,0.242001,-0.094358,-1.126186,2.211297,0.388276
0.827812,-0.308422,0.037827,-0.220823,0.115208,0.151664,0.343882,-2.123188,0.196014,1.032747,0.381206,0.154530
0.832829,-1.891908,0.204297,1.456878,-0.127449,0.164145,-0.086552,-1.583486,0.166470,1.677701,2.396570,0.050678
0.843641,-2.030635,0.111444,1.023749,-0.263688,0.047208,-0.436484,-0.138727,-0.092853,-0.433129,2.276831,0.262278
0.850177,-1.039182,0.021164,-0.368315,-0.195759,-0.096144,-0.520365,0.991453,-0.090280,-1.392064,1.102725,0.318345
0.851691,0.998509,0.059930,-0.387470,-0.091361,-0.121879,-0.233664,2.037691,0.038766,-0.019155,1.072728,0.077800
0.851961,2.469181,-0.038777,0.509471,-0.089837,-0.037581,0.243933,1.470672,-0.098707,0.896941,2.521491,0.068986
0.852734,2.488822,-0.256741,0.685760,-0.070914,0.043122,0.654466,0.019641,-0.217964,0.176289,2.594305,0.435214
0.852151,2.446930,-0.261271,-0.752629,0.203054,0.092809,0.991207,-0.041892,-0.004530,-1.438389,2.573360,1.032336
0.845824,1.737893,-0.024010,-2.610247,0.650517,0.078720,1.166369,-0.709037,0.237261,-1.857618,3.135959,1.789786
0.834798,-1.156781,0.257896,-1.768719,0.835022,-0.126990,0.907806,-2.894674,0.281906,0.841528,2.129089,1.537500
0.826699,-3.610758,0.482449,1.382699,0.625535,-0.454569,0.309951,-2.453977,0.224553,3.151418,3.896433,0.693997
0.820578,-3.706862,0.527928,2.059512,0.435439,-0.646144,-0.335949,-0.096104,0.045479,0.676813,4.273304,0.719971
0.805506,-4.270574,0.242323,-0.546337,0.494916,-0.694568,-1.060520,-0.563712,-0.285605,-2.605849,4.312193,1.852069
0.782665,-4.551776,-0.314728,-1.918930,0.510479,-0.694352,-1.630868,-0.281202,-0.557051,-1.372593,4.949749,3.402444
0.768372,-0.556534,-0.752139,-0.646093,0.285156,-0.475051,-1.400486,3.995242,-0.437411,1.272837,1.137049,2.268348
0.768775,3.578405,-0.654116,0.248101,0.028862,-0.040545,-0.574207,4.134939,0.098023,0.894194,3.646149,0.332191
0.772067,1.901961,-0.133098,-0.457725,-0.072123,0.222444,-0.109095,-1.676444,0.521018,-0.705826,1.960786,0.066585
0.769053,-1.087052,0.212997,-1.091019,-0.078559,0.249786,-0.099275,-2.989013,0.346095,-0.633294,1.554790,0.078420
0.764149,-0.651580,0.008339,-0.745572,-0.037527,0.361010,-0.007371,0.435472,-0.204658,0.345447,0.990204,0.131791
0.763647,-0.270693,-0.284300,0.170911,0.106348,0.512545,0.061392,0.380887,-0.292639,0.916483,0.428149,0.277781
0.764673,-1.043390,0.366317,1.761707,0.229942,0.380560,-0.123411,-0.772697,0.650617,1.590796,2.080015,0.212930
0.760639,-0.147997,1.801631,3.570281,0.061065,0.000898,-0.239593,0.895393,1.435314,1.808574,4.001835,0.061135
0.753396,1.021475,1.911337,3.153119,-0.294864,-0.308468,-0.134026,1.169472,0.109706,-0.417162,3.826066,0.200060
0.751561,0.365925,-0.246654,-0.483112,-0.352082,-0.367455,-0.069714,-0.655550,-2.157991,-3.636231,0.654321,0.263845
0.755675,-0.855647,-2.143022,-3.886042,-0.008185,-0.228833,-0.184261,-1.221572,-1.896368,-3.402930,4.519513,0.086384
0.757514,-1.469445,-1.349382,-3.013874,0.235613,-0.112281,-0.406751,-0.613798,0.793640,0.872168,3.614352,0.233567
0.757002,-0.697261,0.796373,1.365014,-0.011186,-0.229286,-0.540853,0.772184,2.145755,4.378888,1.727323,0.345219
0.762847,0.891103,1.486937,4.048757,-0.503877,-0.535863,-0.444572,1.588364,0.690564,2.683743,4.404257,0.738685
0.774295,0.825593,0.246398,1.653694,-0.647962,-0.715049,-0.288568,-0.065510,-1.240539,-2.395063,1.864677,1.014421
0.781334,0.911181,-1.167355,-2.433261,-0.217461,-0.447080,-0.048574,0.085588,-1.413753,-4.086955,2.848461,0.249529
0.782217,3.736889,-1.274262,-2.847078,0.314359,0.199447,0.599269,2.825708,-0.106907,-0.413817,4.867642,0.497724
0.784528,3.678568,-0.290035,-0.309982,0.414438,0.679039,1.225300,-0.058321,0.984227,2.537096,3.702981,2.134213
0.793487,-1.910590,0.574020,1.100781,0.211755,0.601062,1.057334,-5.589158,0.864055,1.410763,2.278502,1.524071
0.807923,-4.841892,0.592931,1.097475,0.080902,0.279516,0.444505,-2.931302,0.018911,-0.003306,4.999994,0.282259
0.821098,-3.286610,0.136085,1.318716,-0.036429,0.150194,0.007992,1.555282,-0.456846,0.221241,3.543915,0.023949
0.826401,-3.903158,0.091850,1.602477,-0.305947,0.057023,-0.498461,-0.616548,-0.044235,0.283761,4.220309,0.345319
0.826705,-4.400277,0.679144,1.765862,-0.546883,-0.270143,-0.997990,-0.497119,0.587294,0.163385,4.789775,1.368042
0.829446,0.430206,0.949184,1.647525,-0.538668,-0.548896,-0.793204,4.830483,0.270040,-0.118337,1.949453,1.220623
0.834080,5.454944,0.207250,0.118204,-0.314710,-0.347386,0.006872,5.024738,-0.741934,-1.529321,5.460159,0.219767
0.836859,5.626952,-0.635699,-2.016579,-0.029312,0.215409,0.666822,0.172008,-0.842949,-2.134783,6.011097,0.491912
0.840238,3.311113,-0.511891,-2.488938,0.185606,0.623125,0.957467,-2.315839,0.123808,-0.472359,4.173765,1.339477
0.845923,0.541571,0.100805,-1.548863,0.296982,0.656019,0.986819,-2.769542,0.612696,0.940075,1.643909,1.492371
0.849473,-2.186885,0.366634,-0.104580,0.300637,0.517338,0.761452,-2.728456,0.265829,1.444283,2.219870,0.937830
0.848838,-3.731681,0.372196,2.240143,0.082470,0.315042,0.284165,-1.544796,0.005562,2.344723,4.368319,0.186803
0.847691,-4.401742,0.305363,3.534193,-0.311293,-0.011283,-0.336115,-0.670061,-0.066833,1.294050,5.653238,0.210004
0.848552,-4.166376,0.110204,1.403762,-0.488914,-0.276438,-0.768793,0.235366,-0.195159,-2.130431,4.397884,0.906498
0.850396,-1.490348,0.035475,-1.115691,-0.298939,-0.226655,-0.630081,2.676028,-0.074729,-2.519453,1.862032,0.537739
0.851845,2.370490,0.160043,-0.448517,-0.112323,0.014591,-0.007736,3.860838,0.124568,0.667174,2.417851,0.012889
0.852630,3.808167,0.114628,0.885679,-0.131515,0.195806,0.543434,1.437677,-0.045415,1.334196,3.911483,0.350957
0.853161,2.222081,-0.077242,0.010929,-0.124920,0.279348,0.654144,-1.586086,-0.191870,-0.874750,2.223450,0.521545
0.853604,0.320835,-0.088856,-1.300871,0.031517,0.281226,0.501823,-1.901246,-0.011614,-1.311800,1.342794,0.331908
0.853551,-0.096132,-0.052528,-1.446264,0.223401,0.209560,0.423689,-0.416967,0.036328,-0.145393,1.450407,0.273336
0.853075,-0.211834,-0.075685,-0.739615,0.310642,0.155746,0.375102,-0.115702,-0.023157,0.706649,0.773067,0.261457
0.852742,-1.627319,0.099904,0.881968,0.143381,0.123703,0.079753,-1.415485,0.175589,1.621583,1.853649,0.042221
0.852474,-2.817164,0.287861,1.977267,-0.195719,0.002075,-0.377616,-1.189845,0.187957,1.095299,3.453818,0.180904
0.852349,-1.244499,0.072490,0.505106,-0.324216,-0.135441,-0.581523,1.572665,-0.215371,-1.472161,1.345052,0.461629
0.853538,1.710653,-0.223904,-1.577683,-0.179967,-0.067899,-0.402609,2.955152,-0.296394,-2.082789,2.337852,0.199092
0.856139,2.526212,-0.197218,-1.415489,-0.127605,0.172252,-0.142100,0.815559,0.026686,0.162194,2.902456,0.066146
0.857787,0.884051,-0.191489,-0.439339,-0.222399,0.302507,-0.050934,-1.642161,0.005729,0.976150,1.005601,0.143566
0.856709,-0.576962,-0.353838,-0.701341,-0.168271,0.212520,-0.037629,-1.461013,-0.162349,-0.262002,0.974662,0.074896
0.853754,0.021347,-0.195940,-0.998576,0.019125,0.077110,0.101764,0.598309,0.157898,-0.297235,1.017842,0.016668
0.849483,1.826781,0.200934,-0.210456,0.065803,0.045740,0.348809,1.805434,0.396874,0.788120,1.849809,0.128090
0.843010,2.180403,0.192351,0.384874,-0.021743,0.065835,0.477952,0.353622,-0.008583,0.595330,2.222450,0.233245
0.834889,0.401819,-0.059165,-0.103770,-0.027926,0.036393,0.391023,-1.778584,-0.251516,-0.488644,0.419198,0.155003
0.826272,-1.099375,-0.124150,-0.861412,0.087134,-0.019035,0.232123,-1.501194,-0.064985,-0.757642,1.402166,0.061836
0.816256,-1.475854,-0.437904,-1.418127,0.235424,-0.001184,0.048466,-0.376479,-0.313754,-0.556715,2.093081,0.057775
0.805365,-2.364437,-0.691261,-1.304682,0.343710,0.053181,-0.315488,-0.888583,-0.253357,0.113445,2.787579,0.220497
0.797783,-2.650986,0.551968,1.190487,0.207665,-0.034004,-0.726503,-0.286549,1.243229,2.495169,2.957982,0.572088
0.796185,0.033792,2.345677,4.653348,-0.300508,-0.234564,-0.710976,2.684778,1.793709,3.462861,5.211237,0.650812
0.799293,2.659621,1.749004,3.384019,-0.723664,-0.257082,-0.264760,2.625829,-0.596673,-1.269329,4.645878,0.659879
0.805081,1.230269,-0.682881,-2.486696,-0.528275,-0.017971,0.034875,-1.429352,-2.431885,-5.870715,2.857192,0.280614
0.811727,-1.036339,-1.531155,-4.715818,-0.080499,0.266768,0.019655,-2.266608,-0.848274,-2.229122,5.065311,0.078032
0.817120,-0.156054,-0.541798,-1.116184,-0.036050,0.476382,0.056951,0.880285,0.989357,3.599634,1.250506,0.231483
0.820402,0.856962,0.057677,1.408063,-0.193437,0.543630,0.162178,1.013016,0.599475,2.524247,1.649349,0.359253
0.822409,-0.500584,0.173366,0.749042,-0.114883,0.289057,0.083562,-1.357546,0.115689,-0.659021,0.917444,0.103735
0.823986,-1.073856,0.615243,0.802464,-0.008828,-0.187911,-0.028119,-0.573272,0.441877,0.053422,1.475005,0.036179
0.825546,0.567582,0.634871,1.222472,-0.074785,-0.425430,0.052421,1.641438,0.019628,0.420008,1.489848,0.189331
0.827980,1.846279,-0.036002,0.045831,-0.098181,-0.252651,0.192622,1.278697,-0.670873,-1.176641,1.847199,0.110575
0.831566,1.382176,-0.336826,-0.593363,-0.066736,-0.000792,0.258508,-0.464103,-0.300824,-0.639194,1.541409,0.071281
0.834343,-0.052220,-0.141375,0.006498,-0.116166,0.065720,0.281161,-1.434396,0.195451,0.599861,0.150851,0.096865
0.834147,-0.910729,-0.121064,-0.418581,-0.091331,0.037318,0.260679,-0.858509,0.020311,-0.425079,1.009601,0.077688
0.830730,-0.089339,-0.072563,-1.214071,0.091718,0.041580,0.226425,0.821390,0.048501,-0.795490,1.219514,0.061409
0.824515,1.090497,0.226131,-0.497907,0.228791,0.040719,0.254926,1.179836,0.298694,0.716164,1.219930,0.118991
0.816460,0.707675,0.303596,0.467349,0.242991,0.008674,0.281619,-0.382822,0.077465,0.965256,0.900772,0.138429
0.808514,-0.876140,0.166364,0.348593,0.218064,-0.001103,0.112049,-1.583815,-0.137232,-0.118756,0.957505,0.060108
0.801302,-2.624282,-0.043172,-0.166278,0.178993,-0.012808,-0.356202,-1.748142,-0.209536,-0.514871,2.629899,0.159082
0.795329,-3.307500,-0.713531,-0.891539,0.197289,-0.040036,-0.896610,-0.683218,-0.670359,-0.725261,3.499075,0.844435
0.795075,-0.583040,-1.092374,-1.599791,0.285321,0.090583,-0.994223,2.724460,-0.378843,-0.708252,2.023005,1.078093
0.803705,4.203157,0.155169,-0.400088,0.151521,0.395641,-0.461415,4.786197,1.247543,1.199703,4.225006,0.392394
0.815351,4.613815,1.631392,3.087572,-0.398857,0.449400,0.146210,0.410658,1.476223,3.487660,5.786349,0.382425
0.822790,0.015584,0.829883,4.926050,-0.958585,0.034956,0.305856,-4.598231,-0.801509,1.838478,4.995490,1.013655
0.826979,-1.235406,-1.247630,1.237172,-0.909679,-0.300123,0.366307,-1.250990,-2.077513,-3.688878,2.147883,1.051771
0.829338,2.863623,-1.711261,-4.909501,-0.235499,-0.055247,0.822422,4.099029,-0.463631,-6.146673,5.935651,0.734890
0.826340,3.436940,-0.562943,-6.072714,0.441301,0.359930,1.267522,0.573317,1.148318,-1.163213,7.000523,1.930908
0.819581,-2.407811,-0.042644,-1.838657,0.709376,0.361594,0.981245,-5.844751,0.520299,4.234057,3.029857,1.596806
0.815935,-6.661197,-0.506370,0.528268,0.779366,0.150130,0.080066,-4.253386,-0.463726,2.366925,6.701270,0.636361
0.815231,-4.644721,-0.080259,-0.293358,0.754945,0.114708,-0.639450,2.016476,0.426111,-0.821626,4.654668,0.991996
0.813750,0.008110,1.376162,1.573898,0.318507,0.078052,-0.664620,4.652831,1.456421,1.867256,2.090704,0.549259
0.815023,2.564759,1.389012,4.940940,-0.386895,-0.102918,-0.228267,2.556649,0.012850,3.367042,5.737615,0.212386
0.822321,1.582717,-0.458529,2.889571,-0.674349,-0.097941,0.074060,-0.982042,-1.847541,-2.051369,3.326389,0.469824
0.830183,-0.498624,-1.505091,-2.619339,-0.451333,0.181798,0.025799,-2.081341,-1.046562,-5.508910,3.061840,0.237418
0.834108,-0.541267,-0.975781,-4.224095,-0.240597,0.354821,-0.078921,-0.042643,0.529310,-1.604756,4.368993,0.190013
0.836135,0.860603,-0.493115,-2.044601,-0.160229,0.272804,0.009964,1.401870,0.482666,2.179494,2.272486,0.100195
0.835226,1.579348,-0.138691,-0.161225,-0.038472,0.125662,0.260524,0.718745,0.354424,1.883376,1.593602,0.085144
0.826617,1.389493,0.683696,1.016123,-0.037222,-0.033632,0.528097,-0.189855,0.822387,1.177348,1.852198,0.281403
0.813846,0.665464,0.879734,1.229895,-0.207983,-0.185379,0.652308,-0.724029,0.196038,0.213772,1.652094,0.503128
0.807661,-0.385443,-0.049499,-0.769992,-0.188843,-0.130971,0.573615,-1.050907,-0.929233,-1.999887,0.862499,0.381849
0.811269,-1.820869,-0.698333,-2.451627,0.037514,0.095757,0.262660,-1.435426,-0.648834,-1.681635,3.132684,0.079567
0.817594,-3.322862,-0.376639,-0.865608,0.013896,0.145169,-0.365610,-1.501993,0.321694,1.586019,3.454352,0.154938
0.821098,-2.089642,0.081151,1.129479,-0.268657,-0.003858,-0.980626,1.233220,0.457790,1.995087,2.376744,1.033819
0.823566,2.747550,0.147897,0.091902,-0.331005,-0.008732,-0.900064,4.837192,0.066746,-1.037577,2.753062,0.919756
0.827794,5.743508,0.116321,-1.130670,-0.154771,0.158001,-0.148752,2.995958,-0.031576,-1.222572,5.854898,0.071046
0.831884,3.822496,0.238810,0.682185,-0.161634,0.251004,0.548738,-1.921012,0.122489,1.812855,3.890229,0.390242
0.832298,1.476300,0.301689,1.879896,-0.299270,0.289034,0.890206,-2.346196,0.062879,1.197711,2.409250,0.965570
0.829417,0.745580,0.023813,-1.058257,-0.149828,0.392430,0.970627,-0.730720,-0.277876,-2.938153,1.294745,1.118567
0.826486,-1.673391,-0.297118,-3.283080,0.134342,0.448899,0.630565,-2.418971,-0.320931,-2.224823,3.696908,0.617170
0.824829,-4.629606,-0.178496,-0.329213,0.043018,0.379974,-0.107934,-2.956215,0.118622,2.953867,4.644728,0.157881
0.824360,-3.154952,0.122444,2.579975,-0.276312,0.309371,-0.639992,1.474654,0.300940,2.909188,4.077375,0.581648
0.825873,1.386065,0.173351,0.904982,-0.299128,0.246561,-0.540803,4.541017,0.050907,-1.674993,1.664398,0.442738
0.827609,3.324294,0.254739,-0.613081,-0.118219,0.053906,-0.075053,1.938229,0.081388,-1.518063,3.389940,0.022515
0.824974,2.152660,0.501735,0.879828,-0.101203,-0.174648,0.334959,-1.171634,0.246996,1.492909,2.379029,0.152942
0.818679,1.020312,0.359136,0.901488,-0.105615,-0.160091,0.514663,-1.132348,-0.142599,0.021660,1.408082,0.301662
0.814919,0.394298,-0.216715,-1.512781,0.077893,0.092812,0.457054,-0.626014,-0.575851,-2.414269,1.578272,0.223580
0.814751,-0.724391,-0.545318,-2.256929,0.223925,0.295902,0.313102,-1.118689,-0.328603,-0.744148,2.432251,0.235733
0.813358,-1.928359,-0.462227,-1.169713,0.180314,0.340164,0.210037,-1.203968,0.083091,1.087216,2.302271,0.192340
0.809876,-2.325991,-0.231603,-0.703523,0.128531,0.385289,0.003144,-0.397632,0.230624,0.466190,2.441069,0.164978
0.808761,-1.690861,0.284155,0.031019,0.107980,0.469121,-0.364859,0.635130,0.515758,0.734542,1.714852,0.364856
0.812426,-0.800143,0.970434,2.033720,-0.055945,0.339035,-0.560955,0.890718,0.686279,2.002701,2.391231,0.432745
0.817965,-0.436817,0.981358,2.834573,-0.304792,-0.134490,-0.357299,0.363326,0.010924,0.800853,3.031283,0.238648
0.820892,0.297764,0.082398,0.752250,-0.357618,-0.574125,0.045528,0.734581,-0.898960,-2.082323,0.813224,0.459583
0.820553,2.003956,-0.741647,-2.057256,-0.164398,-0.516269,0.398549,1.706192,-0.824045,-2.809506,2.966173,0.452402
0.820265,2.685245,-0.764549,-3.072435,0.048380,-0.092677,0.609144,0.681289,-0.022902,-1.015179,4.151498,0.381986
0.821938,1.143186,-0.295539,-1.976743,0.115485,0.206883,0.611173,-1.542059,0.469010,1.095692,2.302549,0.429670
0.824093,-0.930008,0.127069,0.206154,0.030313,0.259701,0.386081,-2.073194,0.422608,2.182897,0.961021,0.217422
0.825064,-2.386238,0.153186,1.270155,-0.113962,0.253798,-0.009306,-1.456230,0.026117,1.064001,2.707562,0.077487
0.824195,-2.725076,-0.163107,-0.155294,-0.157129,0.218640,-0.427517,-0.338838,-0.316293,-1.425449,2.734366,0.255264
0.821625,-0.629848,-0.147368,-1.388077,-0.084455,0.104786,-0.562170,2.095228,0.015739,-1.232783,1.531399,0.334148
0.819320,2.328599,0.357808,0.259110,-0.085953,-0.003434,-0.247721,2.958447,0.505176,1.647187,2.370135,0.068765
0.818964,2.713933,0.456130,2.077302,-0.211140,-0.017101,0.228341,0.385334,0.098322,1.818192,3.447995,0.097012
0.819258,1.515339,-0.074854,0.827525,-0.273742,0.089726,0.509033,-1.198594,-0.530984,-1.249777,1.728194,0.342100
0.818952,1.058455,-0.368329,-1.513141,-0.175692,0.284473,0.544223,-0.456884,-0.293475,-2.340666,1.882973,0.407971
0.819002,-0.066670,-0.190791,-1.713126,-0.022359,0.389838,0.374533,-1.125125,0.177538,-0.199985,1.725006,0.292749
0.819235,-1.979842,0.009508,0.018235,0.042775,0.267035,0.061563,-1.913172,0.200299,1.731361,1.979949,0.076927
0.818219,-2.010454,0.173330,1.525687,-0.034630,0.055795,-0.185490,-0.030612,0.163822,1.507452,2.529761,0.038719
0.816284,-0.692822,0.254022,1.570104,-0.181592,-0.074611,-0.232962,1.317632,0.080692,0.044417,1.734865,0.092814
0.813940,-0.080160,0.022558,0.642243,-0.266071,-0.167191,-0.121806,0.612662,-0.231464,-0.927861,0.647619,0.113583
0.810636,0.729057,-0.256069,-0.239036,-0.218209,-0.272186,0.127536,0.809217,-0.278627,-0.881279,0.808847,0.137966
0.807293,1.814808,-0.183434,-0.687006,-0.094864,-0.352214,0.408710,1.085751,0.072635,-0.447970,1.949142,0.300098
0.805189,1.307708,0.088451,-0.444998,-0.033941,-0.390216,0.488012,-0.507100,0.271885,0.242008,1.384177,0.391576
0.803811,-0.214797,0.203845,-0.063536,-0.011073,-0.333594,0.325106,-1.522505,0.115394,0.381462,0.302865,0.217101
0.803011,-1.415558,-0.084615,-1.401454,0.237961,-0.167243,0.005502,-1.200761,-0.288460,-1.337918,1.993750,0.084626
0.802336,-2.316038,-0.798672,-3.959590,0.755538,-0.077848,-0.442004,-0.900480,-0.714057,-2.558136,4.656207,0.772266
0.799671,-1.359078,-1.413526,-4.541240,1.210201,-0.171719,-0.760665,0.956960,-0.614854,-0.581650,4.946515,2.072685
0.796472,1.778450,-1.473576,-3.486985,1.524499,-0.229068,-0.664456,3.137528,-0.060050,1.054255,4.182508,2.818071
0.796495,3.091076,-1.097704,-3.377306,1.881551,-0.079191,-0.416726,1.312626,0.375872,0.109679,4.708068,3.720166
0.796778,1.270838,-0.020971,-1.468511,1.944837,0.095511,-0.388599,-1.820238,1.076733,1.908795,1.942162,3.942522
0.793494,-0.266290,1.768575,4.876788,1.273733,0.005893,-0.462140,-1.537128,1.789546,6.345299,5.194404,1.836004
0.790410,-0.960411,2.507290,9.508706,0.446443,-0.430939,-0.530319,-0.694121,0.738715,4.631918,9.880505,0.666258
0.784185,-2.490641,1.371471,7.238001,0.348635,-1.027221,-0.790807,-1.530230,-1.135819,-2.270705,7.776431,1.802105
0.759448,-3.451795,0.807173,3.203915,0.723352,-1.558301,-1.226781,-0.961154,-0.564298,-4.034086,4.778231,4.456532
0.715256,-2.189442,2.215767,2.234597,0.769940,-2.074186,-1.496100,1.262353,1.408594,-0.969318,3.833628,7.133370
0.671053,0.615342,3.152397,1.286799,0.506306,-2.636564,-1.314307,2.804784,0.936630,-0.947798,3.460073,8.935218
0.639888,3.575150,1.890212,-1.965707,0.421083,-2.816175,-0.746112,2.959808,-1.262185,-3.252506,4.496510,8.664836
0.623351,4.420195,0.071885,-4.397282,0.475179,-2.178998,-0.243335,0.845045,-1.818327,-2.431575,6.235333,5.033039
0.624953,2.180336,-0.736655,-3.217261,0.292852,-1.166325,-0.114777,-2.239859,-0.808540,1.180021,3.955666,1.459250
0.642094,-0.274223,-0.561836,-0.578513,-0.109025,-0.587910,-0.100389,-2.454559,0.174819,2.638748,0.851784,0.367603
0.659384,-0.839407,0.540194,-0.809290,-0.389030,-0.438879,0.073191,-0.565184,1.102030,-0.230777,1.285054,0.349316
0.667149,-0.962830,1.008909,-3.509836,-0.406821,-0.156012,0.211783,-0.123423,0.468715,-2.700546,3.776756,0.234695
0.669516,-1.900013,-2.018612,-4.212342,-0.178296,0.248455,0.013147,-0.937183,-3.027521,-0.702506,5.042685,0.093692
0.668645,-3.327942,-5.987808,-2.593329,0.299911,0.259799,-0.530534,-1.427929,-3.969196,1.619013,7.324916,0.438908
0.661948,-3.591078,-4.038449,-1.170342,0.684018,-0.140714,-0.971135,-0.263136,1.949359,1.422987,5.529431,1.430784
0.654708,-0.927154,2.281774,1.016705,0.469209,-0.446931,-0.766783,2.663924,6.320223,2.187047,2.664544,1.007861
0.654412,1.772664,3.917091,3.558981,-0.080829,-0.567544,-0.201592,2.699818,1.635317,2.542276,5.581423,0.369279
0.657010,0.272217,0.245566,2.461853,-0.212806,-0.879805,-0.087944,-1.500447,-3.671525,-1.097128,2.489001,0.827077
0.653535,-1.975266,-1.436400,-1.036566,0.079465,-1.245543,-0.327119,-2.247483,-1.681966,-3.498419,2.653185,1.664699
0.641002,-0.010237,-0.097056,-1.743902,0.227158,-1.042250,-0.185810,1.965029,1.339344,-0.707336,1.746631,1.172411
0.624750,2.322746,0.086292,-0.399302,0.144924,-0.311715,0.219490,2.332983,0.183348,1.344600,2.358397,0.166345
0.620989,0.404649,-0.963437,-0.540038,0.111031,0.222425,0.228415,-1.918097,-1.049729,-0.140736,1.176262,0.113974
0.641420,-2.115669,-0.728005,-0.639532,0.075219,0.233611,-0.121984,-2.520318,0.235432,-0.099494,2.327026,0.075112
0.670488,-0.845171,1.043772,1.818782,-0.218193,-0.033291,-0.282591,1.270498,1.771777,2.458314,2.260916,0.128574
0.688018,1.695657,2.298909,4.547791,-0.751634,-0.336644,-0.102527,2.540828,1.255137,2.729009,5.370534,0.688795
0.701602,1.079738,1.031841,4.116220,-1.169830,-0.530711,0.077473,-0.615919,-1.267068,-0.431571,4.378789,1.656158
0.719899,-1.139018,-1.546439,0.593822,-1.042419,-0.450345,0.067225,-2.218756,-2.578280,-3.522398,2.010338,1.293967
0.726850,-0.041495,-2.154778,-3.643683,-0.260600,-0.060420,0.147672,1.097523,-0.608339,-4.237505,4.233346,0.093370
0.715030,3.069565,-0.698906,-5.501922,0.642059,0.412845,0.501139,3.111060,1.455872,-1.858239,6.338915,0.833821
0.703096,2.147015,0.306485,-2.378356,0.817388,0.571205,0.702056,-0.922550,1.005391,3.123566,3.218724,1.487281
0.703511,-2.547279,0.405405,3.248818,0.098832,0.186816,0.246234,-4.694294,0.098920,5.627174,4.148229,0.105299
0.710857,-4.294577,0.511943,4.453034,-0.679681,-0.417504,-0.608765,-1.747298,0.106538,1.204216,6.207656,1.006871
0.720548,-0.071310,0.371959,0.262941,-0.783066,-0.577277,-0.940857,4.223267,-0.139984,-4.190093,0.461060,1.831653
0.731434,5.415937,-0.230978,-2.220945,-0.444460,-0.083589,-0.292293,5.487247,-0.602937,-2.483886,5.858184,0.289967
0.741397,5.880881,-0.612004,-0.328068,-0.188742,0.541443,0.624594,0.464944,-0.381026,1.892877,5.921734,0.718902
0.752802,1.893420,-0.464800,0.331235,-0.014232,0.781121,0.926406,-3.987461,0.147204,0.659303,1.977573,1.468581
0.766958,-0.320407,-0.087961,-2.495777,0.265993,0.708321,0.780051,-2.213827,0.376839,-2.827012,2.517797,1.180950
0.775198,0.719065,0.089417,-3.930068,0.532654,0.594695,0.747019,1.039472,0.177378,-1.434291,3.996309,1.195420
0.771249,0.045526,-0.271412,-1.788705,0.629869,0.430382,0.606283,-0.673539,-0.360829,2.141363,1.809752,0.949543
0.761484,-3.536414,-0.363790,0.497069,0.607132,0.090448,-0.066164,-3.581940,-0.092378,2.285774,3.589658,0.381168
0.751089,-4.600255,1.123288,1.691836,0.432607,-0.371434,-0.797342,-1.063841,1.487078,1.194767,5.028562,0.960866
0.737503,-0.499799,2.822292,3.585063,0.002921,-0.706902,-0.809814,4.100456,1.699004,1.893227,4.589968,1.155518
0.724514,4.044420,1.878215,4.233296,-0.405983,-0.639187,-0.235444,4.544219,-0.944077,0.648233,6.148644,0.628816
0.722647,4.083286,-0.672032,0.965066,-0.373106,-0.196388,0.170689,0.038866,-2.550247,-3.268230,4.249259,0.206911
0.732890,0.808495,-1.322119,-1.995325,-0.090722,0.193407,0.122436,-3.274791,-0.650087,-2.960391,2.526457,0.060627
0.745867,-1.378456,-0.428807,-0.487706,-0.076784,0.264541,-0.044588,-2.186951,0.893312,1.507619,1.523770,0.077866
0.754959,-0.819211,-0.483168,1.201351,-0.231408,0.295563,0.016577,0.559245,-0.054361,1.689057,1.532254,0.141182
0.761708,0.526500,-0.577650,-0.068144,-0.135717,0.501100,0.300534,1.345711,-0.094482,-1.269495,0.784554,0.359841
0.770462,0.668309,0.837671,0.174099,0.024683,0.549803,0.557299,0.141809,1.415321,0.242243,1.085652,0.613475
0.780355,-0.402433,1.822932,2.827071,-0.116626,0.216902,0.585992,-1.070742,0.985261,2.652972,3.387826,0.404035
0.786728,-1.564932,0.751716,2.353820,-0.257034,-0.097887,0.415247,-1.162499,-1.071216,-0.473251,2.924818,0.248078
0.790201,-1.235223,-0.566287,-1.280306,-0.029793,-0.027296,0.247323,0.329709,-1.318003,-3.634126,1.866987,0.062801
0.794696,0.410329,-0.498887,-1.917688,0.167206,0.175143,0.167923,1.645552,0.067400,-0.637382,2.023558,0.086831
0.799773,-0.015500,0.131742,1.384224,-0.100140,0.144968,-0.024891,-0.425829,0.630629,3.301912,1.390565,0.031663
0.804313,-2.873380,0.270866,3.234278,-0.449040,0.020262,-0.378209,-2.857880,0.139124,1.850054,4.334770,0.345090
0.809764,-2.776616,-0.001584,1.570020,-0.402304,0.113318,-0.447606,0.096764,-0.272450,-1.664258,3.189759,0.375041
0.814957,1.254769,-0.150392,0.105746,-0.186011,0.322894,0.014960,4.031385,-0.148808,-1.464274,1.268166,0.139084
0.816987,3.110360,0.024079,0.489256,-0.102078,0.361339,0.541218,1.855591,0.174471,0.383510,3.148697,0.433903
0.816519,1.093869,0.128281,-0.114342,0.024233,0.286388,0.677705,-2.016491,0.104202,-0.603598,1.107285,0.541889
0.815628,-0.478535,-0.060763,-1.725344,0.256017,0.305552,0.548645,-1.572404,-0.189044,-1.611002,1.791508,0.459918
0.814283,-0.737386,-0.187142,-0.978849,0.306377,0.359687,0.332439,-0.258851,-0.126379,0.746495,1.239720,0.333757
0.812209,-1.894271,-0.220990,0.963504,0.140881,0.320606,-0.029044,-1.156885,-0.033848,1.942353,2.136689,0.123479
0.810709,-2.781018,-0.252178,0.645336,-0.008119,0.227846,-0.383020,-0.886747,-0.031188,-0.318168,2.866027,0.198684
0.811331,-1.310755,0.241361,0.279306,-0.155243,0.075901,-0.401068,1.470263,0.493539,-0.366030,1.361744,0.190717
0.813890,0.756699,0.933773,2.139785,-0.361781,-0.178445,-0.144573,2.067454,0.692412,1.860479,2.454222,0.183629
0.816439,1.298345,0.411953,2.074106,-0.375336,-0.306808,0.102174,0.541646,-0.521820,-0.065679,2.481395,0.245448
0.817809,1.139887,-0.962286,-1.569208,-0.080329,-0.049033,0.355354,-0.158458,-1.374239,-3.643314,2.165121,0.135133
0.819232,0.738320,-1.196847,-3.509555,0.198483,0.351603,0.647632,-0.401567,-0.234561,-1.940347,3.780811,0.582447
0.822447,-0.372022,-0.235215,-1.634680,0.229894,0.443565,0.747556,-1.110342,0.961632,1.874875,1.692898,0.808441
0.827482,-1.301347,0.243748,0.239733,0.142167,0.262922,0.551457,-0.929325,0.478963,1.874413,1.345507,0.393444
0.832867,-2.211330,-0.010324,0.254377,0.040138,0.103017,0.074529,-0.909983,-0.254072,0.014644,2.225937,0.017778
0.836702,-3.792296,0.101766,0.107470,-0.115260,-0.112568,-0.715444,-1.580966,0.112090,-0.146907,3.795183,0.537817
0.837468,-3.301497,0.811705,0.877936,-0.299590,-0.537675,-1.378413,0.490799,0.709939,0.770466,3.511341,2.278871
0.835863,0.258107,1.162885,1.521074,-0.405892,-0.858704,-1.216768,3.559604,0.351180,0.643138,1.931990,2.382645
0.835841,2.452351,0.310229,0.373144,-0.320634,-0.644350,-0.395750,2.194244,-0.852656,-1.147930,2.499901,0.674611
0.839226,2.715964,-1.169453,-1.934669,-0.025868,0.083868,0.397287,0.263613,-1.479682,-2.307813,3.533698,0.165540
0.841394,4.992899,-1.454111,-2.564176,0.251444,0.881652,1.090315,2.276935,-0.284658,-0.629507,5.798144,2.029321
0.840943,5.978117,-0.166454,-1.233502,0.280096,1.222954,1.657969,0.985218,1.287657,1.330674,6.106318,4.322931
0.842818,-0.030397,0.290910,-1.098504,0.282064,0.943078,1.454113,-6.008514,0.457364,0.134998,1.136778,3.083401
0.841546,-7.167919,-1.203436,-2.680152,0.570553,0.434260,0.385957,-7.137522,-1.494346,-1.581648,7.746647,0.663075
0.828961,-6.707633,-1.692407,-2.162822,0.794822,0.070875,-0.574178,0.460286,-0.488971,0.517330,7.248060,0.966446
0.817857,-2.038870,0.567637,1.334047,0.450740,-0.254180,-0.865489,4.668763,2.260044,3.496869,2.501776,1.016845
0.808579,-0.318873,2.289138,3.055319,-0.092851,-0.588802,-0.929117,1.719997,1.721501,1.721272,3.831032,1.218568
0.762280,-0.188232,1.020036,0.747649,-0.140202,-0.605057,-1.028358,0.130641,-1.269102,-2.307670,1.278626,1.443271
0.675247,1.810526,-0.701617,-1.455491,0.211796,-0.268476,-0.857754,1.998758,-1.721653,-2.203140,2.426670,0.852679
0.614512,3.683318,-0.361876,-0.208622,0.400977,-0.042808,-0.386812,1.872792,0.339741,1.246869,3.706927,0.312239
0.614237,2.903970,0.898753,2.456351,0.245579,-0.149240,-0.021142,-0.779348,1.260629,2.664973,3.908255,0.083029
0.630408,0.834472,1.103817,2.973371,-0.047511,-0.290893,0.037372,-2.069498,0.205064,0.517020,3.279587,0.088273
0.638136,0.200792,0.070737,0.710796,-0.213238,-0.180649,0.015376,-0.633680,-1.033080,-2.262575,0.741992,0.078341
0.663887,1.541470,-0.783550,-1.399745,-0.186752,0.114972,0.209626,1.340678,-0.854287,-2.110541,2.224717,0.092038
0.708283,2.033140,-0.276856,-0.431354,-0.217214,0.315118,0.540228,0.491670,0.506694,0.968391,2.096753,0.438328
0.739341,-0.547519,0.654636,2.239304,-0.487738,0.214343,0.591727,-2.580659,0.931492,2.670658,2.396416,0.633972
0.753350,-3.295141,0.428523,2.709925,-0.743136,-0.114194,0.243996,-2.747622,-0.226113,0.470621,4.287806,0.624825
0.766812,-2.926080,-0.386939,0.224929,-0.648426,-0.424746,-0.135156,0.369061,-0.815462,-2.484996,2.960111,0.619133
0.776036,-1.125830,-0.442083,-2.157050,-0.277889,-0.553990,-0.265682,1.800250,-0.055144,-2.381979,2.473013,0.454714
0.772826,0.492505,-0.159094,-2.244233,0.052461,-0.426754,-0.156765,1.618335,0.282989,-0.087183,2.303140,0.209446
0.765867,2.634211,-0.385885,-1.429013,0.226479,-0.043890,0.161885,2.141706,-0.226791,0.815220,3.021598,0.079426
0.764463,3.558881,-0.633075,-1.635310,0.347382,0.369640,0.574966,0.924670,-0.247190,-0.206297,3.967450,0.587894
0.770251,1.592874,-0.362065,-1.646887,0.407238,0.546809,0.783832,-1.966007,0.271010,-0.011577,2.319607,1.079235
0.783993,-1.488590,-0.034690,0.257752,0.234674,0.487658,0.505068,-3.081464,0.327375,1.904639,1.511139,0.547976
0.800426,-4.406760,0.053382,2.240165,-0.139784,0.260476,-0.241735,-2.918170,0.088072,1.982413,4.943756,0.145823
0.810021,-5.566831,0.322222,2.022023,-0.398306,-0.137560,-0.879982,-1.160071,0.268840,-0.218142,5.931443,0.951939
0.813398,-2.401677,0.713570,0.950106,-0.385730,-0.471696,-0.759893,3.165154,0.391348,-1.071917,2.679540,0.948722
0.817497,2.245765,0.447984,0.598203,-0.276166,-0.387201,-0.084760,4.647442,-0.265586,-0.351903,2.366854,0.233377
0.822297,3.892932,-0.454085,-0.349250,-0.171435,0.075208,0.509827,1.647167,-0.902069,-0.947453,3.934856,0.294970
0.825479,3.783782,-0.886229,-2.264618,0.014138,0.533145,0.922237,-0.109150,-0.432144,-1.915368,4.497878,1.134965
0.829548,2.105322,-0.473079,-2.637214,0.228550,0.703725,1.082327,-1.678460,0.413150,-0.372596,3.407504,1.718896
0.835132,-3.056167,-0.181229,-0.652804,0.308100,0.561377,0.594017,-5.161489,0.291850,1.984410,3.130360,0.762926
0.837060,-6.949776,-0.556261,1.069361,0.256495,0.225541,-0.317004,-3.893609,-0.375032,1.722165,7.053534,0.217150
0.832082,-5.273034,-0.780968,0.783248,0.167177,-0.198729,-0.950655,1.676742,-0.224707,-0.286113,5.387790,0.971186
0.822388,-2.582310,-0.138525,-0.438670,0.090211,-0.587795,-1.237318,2.690724,0.642443,-1.221918,2.622965,1.884597
0.807881,-1.217588,0.744533,-1.167452,0.096606,-0.698091,-1.311637,1.364722,0.883058,-0.728782,1.843853,2.217055
0.785064,2.162044,0.868667,-0.964000,0.194301,-0.459997,-0.904142,3.379632,0.124134,0.203452,2.521569,1.066823
0.758126,5.210782,0.309844,-0.018735,0.260028,-0.200962,-0.195827,3.048738,-0.558823,0.945265,5.220019,0.146349
0.737906,3.422654,-0.033895,0.942055,0.231439,-0.170649,0.118579,-1.788128,-0.343739,0.960790,3.550095,0.096746
0.726867,0.501452,0.246226,1.269873,0.169440,-0.208122,0.007220,-2.921202,0.280121,0.327818,1.387321,0.072077
0.720669,0.822407,0.632919,1.088352,0.107501,-0.149468,-0.024744,0.320955,0.386693,-0.181521,1.503812,0.034509
0.722818,1.525601,0.612543,0.835134,0.012453,-0.078035,0.058634,0.703194,-0.020376,-0.253218,1.843940,0.009682
0.739118,0.079927,0.545494,0.921611,-0.171189,-0.095679,0.000177,-1.445674,-0.067049,0.086477,1.073927,0.038460
0.761822,-1.320072,0.868625,1.744445,-0.466023,-0.234363,-0.153486,-1.399999,0.323131,0.822834,2.353760,0.295661
0.778241,-1.055704,0.860720,2.529635,-0.732207,-0.429194,-0.192726,0.264368,-0.007905,0.785190,2.873048,0.757478
0.788832,0.495934,-0.224378,1.328291,-0.695914,-0.412098,0.026409,1.551638,-1.085098,-1.201344,1.435497,0.654818
0.800056,2.654178,-1.334278,-1.736049,-0.281217,-0.012515,0.506908,2.158244,-1.109900,-3.064340,3.440759,0.336195
0.809956,3.462427,-1.066518,-3.688626,0.220508,0.473664,0.936484,0.808249,0.267760,-1.952577,5.170283,1.149984
0.815128,1.471212,-0.013797,-2.882871,0.468228,0.647484,0.943365,-1.991215,1.052721,0.805755,3.236603,1.528411
0.818693,-1.445682,0.464144,-0.426725,0.367144,0.498641,0.588287,-2.916894,0.477941,2.456146,1.577187,0.729519
0.822002,-3.173512,0.358823,2.121481,-0.015090,0.223623,0.134955,-1.727830,-0.105321,2.548206,3.834138,0.068448
0.822564,-3.959900,0.251477,2.959624,-0.489438,-0.025896,-0.343844,-0.786388,-0.107346,0.838143,4.950093,0.358449
0.822981,-3.560770,0.140864,1.185757,-0.717066,-0.102413,-0.674871,0.399130,-0.110613,-1.773867,3.755655,0.980123
0.827560,-0.653833,-0.011279,-0.780780,-0.533068,-0.000670,-0.487676,2.906937,-0.152143,-1.966537,1.018451,0.521990
0.831961,3.326610,-0.036352,-0.732910,-0.180419,0.086551,0.189288,3.980443,-0.025073,0.047870,3.406584,0.075872
0.829690,4.155496,-0.035219,-0.562541,0.066235,0.104515,0.757180,0.828886,0.001133,0.170369,4.193547,0.588632
0.824112,1.247395,-0.097601,-1.845020,0.220223,0.211790,0.796908,-2.908101,-0.062382,-1.282479,2.229264,0.728416
0.821927,-0.609678,-0.048932,-2.246519,0.335237,0.425474,0.590146,-1.857073,0.048669,-0.401499,2.328293,0.641684
0.821307,-0.354115,-0.006710,-0.225079,0.314371,0.521624,0.458876,0.255563,0.042222,2.021440,0.419646,0.581488
0.817302,-2.457991,-0.207681,1.632370,0.130492,0.374471,0.116917,-2.103876,-0.200971,1.857449,2.957952,0.170926
0.812260,-4.890267,-0.212244,1.038903,-0.061584,0.202071,-0.522395,-2.432276,-0.004563,-0.593467,5.003906,0.317522
0.812470,-1.220477,0.397638,-0.036130,-0.157676,0.239069,-0.738997,3.669790,0.609882,-1.075033,1.284128,0.628132
0.819094,3.765724,0.932570,1.005471,-0.231136,0.254802,-0.250292,4.986201,0.534932,1.041601,4.007660,0.180994
0.826645,1.595214,0.634225,2.517682,-0.307732,-0.085568,0.159449,-2.170510,-0.298345,1.512211,3.047240,0.127445
0.828906,-2.378022,-0.088758,1.414660,-0.239983,-0.471849,0.114563,-3.973236,-0.722983,-1.103022,2.768416,0.293358
0.825912,-0.175096,-0.559168,-1.325284,0.012425,-0.342439,0.186169,2.202926,-0.470410,-2.739944,1.449036,0.152078
0.823559,3.328510,-0.646657,-2.400220,0.238917,0.153723,0.554251,3.503606,-0.087489,-1.074936,4.154299,0.387906
0.825213,2.085418,-0.302255,-1.154643,0.275620,0.436786,0.739289,-1.243092,0.344402,1.245577,2.402816,0.813297
0.827869,-1.036481,0.232035,0.538335,0.155817,0.385373,0.543274,-3.121899,0.534290,1.692978,1.190772,0.467938
0.828074,-3.152385,0.265363,1.064204,-0.031296,0.221025,0.069729,-2.115904,0.033328,0.525869,3.337736,0.054694
0.826570,-4.369309,-0.037471,0.573141,-0.175969,0.008198,-0.547771,-1.216924,-0.302834,-0.491063,4.406899,0.331085
0.825719,-2.725645,0.283513,0.651102,-0.220526,-0.214800,-0.863553,1.643664,0.320984,0.077961,2.816639,0.840495
0.826413,2.066835,0.880888,1.509245,-0.255939,-0.290367,-0.498636,4.792480,0.597375,0.858143,2.706583,0.398456
0.828108,5.130083,0.472447,1.045688,-0.296831,-0.163439,0.179006,3.063248,-0.408441,-0.463557,5.256845,0.146864
0.829390,3.820872,-0.579398,-1.428806,-0.163971,0.085068,0.599914,-1.309211,-1.051845,-2.474494,4.120225,0.394020
0.828861,1.852373,-0.825289,-3.673518,0.190935,0.371402,0.795901,-1.968499,-0.245891,-2.244712,4.196084,0.807854
0.826427,1.497659,-0.291650,-3.616735,0.528290,0.572011,0.951890,-0.354714,0.533639,0.056783,3.925406,1.512381
0.822835,-0.575894,-0.015210,-1.278474,0.586957,0.568045,0.763841,-2.073553,0.276440,2.338261,1.402277,1.250647
0.818724,-4.742790,0.042652,1.721477,0.334033,0.417367,0.014921,-4.166896,0.057862,2.999951,5.045727,0.285996
0.815233,-5.090830,0.667944,3.512929,-0.055267,0.240684,-0.702190,-0.348040,0.625292,1.791452,6.221203,0.554054
0.813413,-0.703444,1.510833,3.402160,-0.387275,0.015386,-0.717444,4.387386,0.842889,-0.110769,3.788422,0.664945
0.812911,1.680314,1.180291,1.535677,-0.534043,-0.240495,-0.271978,2.383758,-0.330542,-1.866483,2.564146,0.417012
0.813184,0.945977,-0.351758,-1.332411,-0.401562,-0.320635,0.119019,-0.734337,-1.532049,-2.868088,1.671504,0.278224
0.812844,2.312125,-1.238278,-3.109304,-0.044454,-0.172599,0.539480,1.366148,-0.886520,-1.776893,4.067804,0.322805
0.807424,4.330320,-0.698129,-2.729226,0.306273,-0.035822,1.060876,2.018195,0.540149,0.380078,5.166017,1.220544
0.795586,2.078675,-0.056080,-1.766867,0.500309,-0.005383,1.236582,-2.251645,0.642049,0.962359,2.728709,1.779473
0.785696,-2.083645,0.025700,-0.618368,0.502398,0.070933,0.768446,-4.162320,0.081780,1.148499,2.173618,0.847944
0.785998,-4.618165,0.230581,1.594556,0.255470,0.153179,-0.138571,-2.534520,0.204881,2.212924,4.891137,0.107931
0.793464,-5.852447,0.443695,2.649344,-0.123926,0.055489,-1.016291,-1.234282,0.213114,1.054788,6.439489,1.051284
0.801267,-3.754431,0.169494,0.934388,-0.362617,-0.061726,-1.293334,2.098016,-0.274201,-1.714956,3.872668,1.808014
0.808374,1.740689,-0.074067,-0.299104,-0.460609,0.113323,-0.830379,5.495120,-0.243561,-1.233492,1.767752,0.914532
0.816063,3.747682,-0.143471,-0.026914,-0.524481,0.415434,-0.260097,2.006993,-0.069404,0.272190,3.750524,0.515316
0.822947,0.856152,-0.494630,-1.140669,-0.370670,0.377631,-0.081029,-2.891530,-0.351159,-1.113755,1.509563,0.286567
0.824133,0.095767,-0.388062,-1.794706,-0.001098,-0.050631,0.029209,-0.760385,0.106568,-0.654037,1.838677,0.003418
0.813861,2.352701,0.618046,0.741079,0.170862,-0.433418,0.407996,2.256934,1.006108,2.535785,2.542908,0.383506
0.793821,2.392897,0.844642,1.557122,0.107594,-0.408212,0.734823,0.040196,0.226596,0.816043,2.977248,0.718178
0.773690,0.233068,-0.366428,-1.835206,0.190921,-0.058038,0.614898,-2.159829,-1.211070,-3.392328,1.885887,0.417919
0.758914,-1.302949,-1.014382,-2.718633,0.357913,0.234579,0.166364,-1.536017,-0.647954,-0.883427,3.180819,0.210806
0.748499,-2.282785,-0.451599,0.676755,0.269973,0.286514,-0.257764,-0.979836,0.562783,3.395388,2.423437,0.221418
0.743976,-2.232484,-0.388494,1.349674,0.075378,0.328198,-0.486964,0.050301,0.063105,0.672919,2.637524,0.350530
0.746865,0.160955,-0.577831,-1.163388,0.056522,0.471531,-0.473918,2.393439,-0.189337,-2.513062,1.308918,0.450134
0.752068,2.776691,0.895444,0.212286,-0.019045,0.368182,-0.185728,2.615736,1.473275,1.375674,2.925218,0.170416
0.754728,2.647591,2.584354,5.130181,-0.417081,-0.114445,0.244545,-0.129100,1.688910,4.917895,6.325139,0.246856
0.755975,1.252947,1.334662,5.283199,-0.730147,-0.470127,0.597188,-1.394644,-1.249692,0.153018,5.591367,1.110768
0.756346,1.220733,-1.456077,-1.267183,-0.381461,-0.328722,0.833093,-0.032214,-2.790739,-6.550382,2.283879,0.947615
0.753803,0.867356,-1.927493,-6.247362,0.388558,0.020480,0.935427,-0.353377,-0.471416,-4.980179,6.595231,1.026420
0.749908,-1.820780,-0.301575,-3.256805,0.731367,0.193027,0.712095,-2.688136,1.625918,2.990557,3.743390,1.079236
0.747547,-4.439866,0.691011,3.356949,0.320276,0.126678,0.075843,-2.619086,0.992586,6.613754,5.608833,0.124376
0.745420,-4.185785,0.616797,5.221643,-0.305433,-0.058853,-0.697646,0.254081,-0.074214,1.864694,6.720624,0.583463
0.744453,-1.011726,0.314404,1.268733,-0.534283,-0.103828,-1.085320,3.174059,-0.302393,-3.952910,1.652913,1.474158
0.750980,3.338847,-0.080899,-2.427030,-0.377933,0.175612,-0.774924,4.350573,-0.395303,-3.695763,4.128549,0.774180
0.763826,5.134254,-0.257313,-2.050867,-0.221957,0.506877,-0.137488,1.795407,-0.176414,0.376163,5.534693,0.325092
0.771469,2.549489,0.071105,0.133290,-0.198108,0.475822,0.189354,-2.584765,0.328418,2.184157,2.553961,0.301508
0.769759,-0.170188,0.392117,1.163000,-0.157199,0.092739,0.200736,-2.719677,0.321012,1.029710,1.239068,0.073607
0.764590,0.482917,0.378296,0.991538,-0.046712,-0.323293,0.321969,0.653105,-0.013821,-0.171462,1.165961,0.210364
0.754150,1.459335,0.226215,0.048646,0.093263,-0.474441,0.572149,0.976418,-0.152081,-0.942892,1.477565,0.561147
0.732291,-0.215255,-0.059872,-1.317007,0.251673,-0.255364,0.603328,-1.674590,-0.286087,-1.365653,1.335824,0.492555
0.708094,-2.665040,-0.293616,-1.063301,0.280392,0.083787,0.240948,-2.449785,-0.233744,0.253706,2.884312,0.143696
0.697997,-3.496594,-0.080336,1.362264,0.024076,0.227101,-0.321921,-0.831554,0.213280,2.425565,3.753450,0.155788
0.704732,-2.534742,0.154198,2.337528,-0.283518,0.252357,-0.665140,0.961852,0.234534,0.975264,3.451482,0.586478
0.719331,-0.650720,-0.093426,0.110808,-0.288865,0.320849,-0.553419,1.884022,-0.247624,-2.226720,0.666666,0.492660
0.732086,0.950514,-0.125117,-1.346292,-0.096623,0.287240,-0.175701,1.601234,-0.031691,-1.457100,1.652765,0.122714
0.736975,1.681641,0.449263,0.363921,-0.043201,0.097340,0.193453,0.731127,0.574380,1.710213,1.778255,0.048765
0.735449,2.042417,0.638501,1.778015,-0.140500,-0.003185,0.472412,0.360776,0.189238,1.414094,2.782173,0.242923
0.733216,2.259758,0.117163,0.440114,-0.187298,0.098534,0.642253,0.217341,-0.521338,-1.337901,2.305197,0.457278
0.733832,1.521848,-0.230472,-1.426007,-0.128311,0.282612,0.662310,-0.737910,-0.347635,-1.866121,2.098246,0.534988
0.739945,-0.740216,-0.243094,-1.825692,-0.028806,0.428016,0.462087,-2.262064,-0.012622,-0.399685,1.984985,0.397552
0.750533,-3.017947,-0.205623,-0.911830,0.039935,0.394749,0.008874,-2.277731,0.037471,0.913862,3.159386,0.157500
0.757352,-2.708232,0.219169,0.915682,0.012710,0.121314,-0.435615,0.309715,0.424792,1.827512,2.867234,0.204639
0.756888,0.096083,0.697095,2.213707,-0.090899,-0.178118,-0.434386,2.804315,0.477926,1.298025,2.322859,0.228680
0.756488,2.615350,0.301713,1.422943,-0.167314,-0.288763,0.078637,2.519267,-0.395382,-0.790764,2.992633,0.117562
0.758445,3.520304,-0.390188,-0.065357,-0.147836,-0.272042,0.751222,0.904954,-0.691901,-1.488300,3.542465,0.660197
0.754588,3.108912,-0.189710,-0.534287,0.007284,-0.239814,1.235414,-0.411392,0.200478,-0.468930,3.160188,1.583812
0.744034,0.961605,0.447124,-1.065662,0.288086,-0.221806,1.309562,-2.147307,0.636834,-0.531375,1.503409,1.847144
0.737124,-2.235383,0.451466,-1.935349,0.530729,-0.265803,0.899234,-3.196988,0.004342,-0.869687,2.991042,1.160946
0.736645,-3.887543,-0.007379,-1.301613,0.605408,-0.341899,0.215529,-1.652160,-0.458845,0.633736,4.099664,0.529867
0.733502,-3.863957,-0.089095,0.299655,0.606256,-0.358727,-0.496633,0.023586,-0.081716,1.601268,3.876583,0.742876
0.723514,-4.226293,0.157652,0.145713,0.618720,-0.358792,-1.199200,-0.362336,0.246747,-0.153942,4.231742,1.949627
0.713211,-3.486009,-0.342793,-1.557296,0.628862,-0.355571,-1.648651,0.740284,-0.500445,-1.703009,3.833398,3.239948
0.709415,0.382481,-1.462960,-1.689647,0.675957,-0.207684,-1.402218,3.868490,-1.120167,-0.132351,2.267477,2.466266
0.712084,3.240114,-1.094786,0.501980,0.691953,0.035891,-0.656491,2.857633,0.368174,2.191627,3.456715,0.911068
0.713794,1.477369,1.019085,2.116370,0.488589,0.120572,-0.139536,-1.762745,2.113871,1.614390,2.774919,0.272727
0.705942,-0.871103,2.077790,1.717610,0.121206,0.035493,-0.025647,-2.348472,1.058705,-0.398760,2.833058,0.016608
0.690056,-0.537212,1.153491,1.127838,-0.162758,-0.019312,0.028202,0.333891,-0.924299,-0.589772,1.700340,0.027658
0.674644,-0.121163,0.238299,0.680391,-0.203113,-0.014908,0.069511,0.416049,-0.915192,-0.447447,0.731026,0.046309
0.660384,-0.613023,0.108095,-0.554849,0.041893,-0.085069,-0.023084,-0.491860,-0.130204,-1.235240,0.833870,0.009525
0.643923,-0.528750,0.291715,-0.447009,0.338220,-0.321302,-0.183161,0.084273,0.183620,0.107840,0.751326,0.251176
0.631727,-0.713017,0.780485,2.012111,0.287720,-0.639414,-0.407123,-0.184267,0.488770,2.459120,2.272915,0.657382
0.632939,-0.888138,0.787415,2.788875,-0.038396,-0.732225,-0.662190,-0.175121,0.006930,0.776764,3.030946,0.976123
0.645134,1.384633,-0.309517,0.165814,-0.168813,-0.411869,-0.627616,2.272771,-1.096932,-2.623061,1.428462,0.592036
0.659816,4.020391,-1.039553,-1.835677,-0.022565,0.022703,-0.228552,2.635758,-0.730036,-2.001491,4.540256,0.053261
0.674700,2.838851,-0.399597,-0.941471,0.062650,0.170401,0.067661,-1.181540,0.639956,0.894206,3.017469,0.037540
0.690707,-0.264312,0.295951,0.598536,-0.040443,0.062986,-0.018961,-3.103163,0.695548,1.540007,0.718118,0.005962
0.703629,-1.190921,0.120319,0.741083,-0.141239,-0.053993,-0.227138,-0.926609,-0.175632,0.142547,1.407826,0.074455
0.709861,-0.433453,-0.145630,-0.181242,-0.115575,-0.084599,-0.282074,0.757468,-0.265949,-0.922325,0.491872,0.100080
0.714697,0.237064,0.081460,-0.434006,-0.101407,-0.030598,-0.174065,0.670517,0.227090,-0.252764,0.501195,0.041518
0.724065,0.543330,0.400884,1.132676,-0.293963,0.008387,-0.025797,0.306266,0.319424,1.566682,1.318662,0.087150
0.735298,-0.337486,0.346429,2.613117,-0.595735,-0.127905,-0.006171,-0.880816,-0.054455,1.480441,2.657497,0.371298
0.743489,-1.778915,-0.118878,0.999299,-0.639514,-0.314870,-0.133242,-1.441429,-0.465307,-1.613818,2.043837,0.525875
0.747952,-0.798576,-0.609758,-2.459309,-0.290164,-0.216471,-0.157408,0.980339,-0.490880,-3.458608,2.656639,0.155832
0.749944,1.816321,-0.533275,-3.042332,0.083856,0.116121,0.045244,2.614897,0.076483,-0.583023,3.583181,0.022563
0.750979,1.298283,0.147551,0.415441,0.061889,0.235103,0.166893,-0.518038,0.680826,3.457773,1.371095,0.086957
0.751973,-1.598496,0.567531,3.319646,-0.246432,-0.008148,0.003378,-2.896779,0.419980,2.904205,3.727912,0.060807
0.752459,-0.724760,0.128466,1.697407,-0.341412,-0.225289,-0.038992,0.873736,-0.439065,-1.622239,1.850127,0.168838
0.753616,3.208259,-0.459591,-2.024917,-0.044189,-0.079026,0.349361,3.933019,-0.588057,-3.722324,3.821575,0.130251
0.758334,3.107659,-0.281663,-2.699232,0.264272,0.241498,0.675793,-0.100600,0.177928,-0.674315,4.125861,0.584857
0.765777,-0.911822,0.293228,-0.258988,0.245734,0.347174,0.485419,-4.019481,0.574891,2.440244,0.992208,0.416547
0.771434,-2.707093,0.369968,1.147227,0.050516,0.174422,0.121263,-1.795271,0.076740,1.406215,2.963336,0.047680
0.773289,-1.737695,0.010771,0.314637,-0.038897,-0.050227,-0.044997,0.969398,-0.359197,-0.832590,1.765983,0.006060
0.773522,-0.520399,-0.166964,-0.741929,0.018755,-0.112451,-0.076971,1.217296,-0.177735,-1.056566,0.921494,0.018922
0.774681,0.841529,-0.058110,-0.980190,0.125965,0.020098,0.008218,1.361928,0.108854,-0.238261,1.293182,0.016339
0.776315,0.333988,0.108783,-0.051084,0.132543,0.134030,0.081888,-0.507541,0.166893,0.929106,0.354953,0.042237
0.776401,-2.851398,0.215458,1.651583,-0.073806,0.058582,-0.204197,-3.185386,0.106675,1.702667,3.302214,0.050576
0.776846,-3.130884,0.165646,1.647412,-0.309797,0.016573,-0.616275,-0.279486,-0.049812,-0.004171,3.541728,0.476044
0.782881,0.853681,-0.022746,-0.464097,-0.300626,0.222297,-0.541990,3.984565,-0.188392,-2.111509,0.971944,0.433545
0.793558,2.468013,-0.173487,-1.243135,-0.163773,0.420124,-0.098516,1.614332,-0.150741,-0.779038,2.768857,0.213031
0.800371,1.017669,-0.227908,0.015071,-0.156679,0.372979,0.233474,-1.450344,-0.054421,1.258206,1.042986,0.218172
0.798944,1.577710,-0.167792,0.326919,-0.189223,0.269630,0.493031,0.560041,0.060116,0.311848,1.619938,0.351585
0.793880,2.381614,0.064288,-0.453360,-0.111899,0.276364,0.746801,0.803904,0.232080,-0.780279,2.425233,0.646610
0.790553,-0.147813,0.254088,-0.343074,-0.045629,0.296782,0.709025,-2.529427,0.189800,0.110286,0.451784,0.592878
0.789799,-2.313641,0.154242,0.119352,-0.070332,0.269826,0.394525,-2.165828,-0.099846,0.462426,2.321846,0.233403
0.790780,-1.059808,-0.028286,-0.047224,-0.090981,0.256965,0.184345,1.253833,-0.182528,-0.166576,1.061237,0.108292
0.792990,0.192345,-0.062316,-0.193381,-0.106389,0.297375,0.141178,1.252153,-0.034030,-0.146157,0.279779,0.119682
0.795128,-0.908040,-0.075451,-0.324005,-0.154022,0.329961,-0.009155,-1.100385,-0.013135,-0.130624,0.967062,0.132681
0.795983,-1.885037,-0.034683,-0.567524,-0.147924,0.226284,-0.306046,-0.976997,0.040768,-0.243519,1.968921,0.166750
0.796492,-1.009658,0.255516,0.173895,-0.093361,-0.027499,-0.483788,0.875379,0.290199,0.741419,1.055906,0.243523
0.797399,-0.123057,0.479066,1.217308,-0.100905,-0.264200,-0.421276,0.886601,0.223550,1.043413,1.313958,0.257457
0.796058,-0.376269,0.187363,0.224406,-0.069571,-0.330489,-0.232458,-0.253212,-0.291703,-0.992902,0.476489,0.168100
0.790789,0.352939,-0.303844,-1.669403,0.138099,-0.186018,0.085189,0.729208,-0.491207,-1.893809,1.733146,0.060931
0.786265,2.952542,-0.378151,-1.294566,0.312339,0.114028,0.593226,2.599603,-0.074307,0.374837,3.245983,0.462475
0.787814,4.277011,-0.076105,0.421962,0.225731,0.388199,1.029352,1.324469,0.302046,1.716528,4.298449,1.261218
0.793406,2.053806,0.148060,0.747232,0.022792,0.478136,0.987335,-2.223205,0.224165,0.325270,2.190524,1.203964
0.797888,-2.014339,0.126489,0.440339,-0.133927,0.422118,0.388283,-4.068145,-0.021571,-0.306893,2.065783,0.346884
0.800562,-5.028764,0.025328,0.855467,-0.291797,0.288179,-0.436582,-3.014425,-0.101161,0.415128,5.101072,0.358796
0.803012,-4.771091,0.071385,0.840816,-0.381364,0.062964,-0.925140,0.257673,0.046057,-0.014651,4.845139,1.005287
0.804976,-1.145125,0.260353,0.012311,-0.255801,-0.155845,-0.714942,3.625966,0.188968,-0.828505,1.174413,0.600864
0.805859,2.688581,0.259464,-0.330280,-0.047649,-0.174499,-0.051208,3.833706,-0.000889,-0.342591,2.721190,0.035343
0.805522,3.991422,-0.053463,-0.193760,0.019980,0.028907,0.551939,1.302841,-0.312927,0.136520,3.996480,0.305871
0.803607,3.024083,-0.249327,-0.403262,-0.009922,0.276956,0.855892,-0.967339,-0.195864,-0.209502,3.061023,0.809354
0.801353,0.596248,-0.090157,-0.430997,-0.028516,0.394506,0.795123,-2.427835,0.159170,-0.027735,0.741214,0.788669
0.800916,-2.371504,0.050582,0.240244,-0.093391,0.338249,0.334298,-2.967752,0.140739,0.671241,2.384178,0.234889
0.801669,-3.848213,-0.023462,0.508926,-0.175175,0.207413,-0.268204,-1.476709,-0.074044,0.268682,3.881791,0.145640
0.801507,-2.537362,-0.026543,-0.115189,-0.106080,0.129822,-0.478924,1.310851,-0.003081,-0.624115,2.540114,0.257475
0.800718,0.511791,0.124212,0.039436,0.023505,0.098781,-0.078452,3.049153,0.150755,0.154625,0.528123,0.016465
0.801033,2.364165,0.209852,1.421603,-0.034261,0.043324,0.466884,1.852374,0.085640,1.382167,2.766635,0.221031
0.802909,0.857434,0.186212,1.692502,-0.194480,0.032542,0.547127,-1.506731,-0.023640,0.270899,1.906418,0.338229
0.805498,-2.228327,0.129513,0.262361,-0.259554,0.129100,0.147703,-3.085761,-0.056699,-1.430141,2.247454,0.105851
0.808388,-3.372479,0.072961,-0.457312,-0.307025,0.125685,-0.327836,-1.144152,-0.056552,-0.719673,3.404126,0.217538
0.811403,-2.324804,0.058349,-0.214823,-0.314838,-0.157112,-0.649328,1.047675,-0.014612,0.242489,2.335437,0.545434
0.810646,-1.206393,-0.143513,-1.509910,-0.007861,-0.453092,-0.788022,1.118411,-0.201862,-1.295087,1.937991,0.826333
0.800828,-0.522029,-0.798786,-4.087238,0.557073,-0.381087,-0.728165,0.684364,-0.655273,-2.577328,4.197152,0.985782
0.785229,0.590086,-1.259178,-4.571265,0.939595,-0.002487,-0.494302,1.112115,-0.460392,-0.484027,4.778095,1.127179
0.772195,1.856407,-0.616273,-2.077232,0.950873,0.303728,-0.149177,1.266321,0.642905,2.494033,2.853232,1.018664
0.762051,1.835348,0.607413,0.739856,0.745034,0.300070,0.190702,-0.021059,1.223686,2.817088,2.069985,0.681485
0.750743,0.238231,1.170711,2.015702,0.438562,0.032499,0.327822,-1.597117,0.563298,1.275846,2.343154,0.300860
0.737698,-1.189601,0.907425,1.798060,0.144178,-0.285409,0.203552,-1.427832,-0.263286,-0.217642,2.339143,0.143679
0.721770,-1.301347,0.415628,0.450845,0.081697,-0.462193,-0.020808,-0.111746,-0.491797,-1.347215,1.438580,0.220730
0.704610,-0.980139,0.125550,-0.578941,0.242322,-0.479207,-0.248813,0.321208,-0.290078,-1.029786,1.145255,0.350267
0.695202,-0.453018,0.166694,0.308388,0.312675,-0.413828,-0.452411,0.527121,0.041144,0.887329,0.572814,0.473695
0.695516,1.174335,0.244435,1.556486,0.191537,-0.285211,-0.446640,1.627353,0.077741,1.248098,1.965060,0.317519
0.695481,2.685979,0.103148,0.868350,0.105802,-0.117223,-0.166474,1.511644,-0.141287,-0.688136,2.824740,0.052649
0.692498,1.983541,0.076822,-0.177812,0.105426,-0.006160,0.056288,-0.702438,-0.026326,-1.046162,1.992976,0.014321
0.696460,0.389294,0.366763,0.738039,-0.020701,0.028022,-0.005850,-1.594247,0.289941,0.915851,0.911464,0.001248
0.710983,0.046151,0.607471,2.370098,-0.331541,0.041932,-0.118071,-0.343143,0.240708,1.632059,2.447144,0.125618
0.728559,-0.271204,0.499574,2.809979,-0.655866,-0.028586,-0.106843,-0.317355,-0.107897,0.439881,2.866899,0.442393
0.743527,-0.468522,0.030766,1.942149,-0.793643,-0.215823,-0.041696,-0.197318,-0.468808,-0.867830,1.998100,0.678187
0.753977,2.438262,-0.524142,-0.285477,-0.605622,-0.255161,0.249203,2.906784,-0.554908,-2.227626,2.510248,0.493987
0.757919,5.342083,-0.644634,-2.938527,-0.174880,0.067243,0.822090,2.903821,-0.120492,-2.653050,6.130933,0.710937
0.761036,1.376908,-0.287564,-3.096454,0.115245,0.463843,0.974297,-3.965175,0.357070,-0.157927,3.400970,1.177686
0.774071,-5.684441,0.043574,-0.301511,0.008248,0.472747,0.186259,-7.061349,0.331138,2.794943,5.692598,0.258250
0.792610,-5.651257,0.211371,1.590999,-0.230177,0.086703,-0.786334,0.033184,0.167797,1.892510,5.874748,0.678820
0.800572,1.005517,0.347332,0.444697,-0.210098,-0.257110,-0.885317,6.656774,0.135961,-1.146302,1.153022,0.894033
0.797796,5.416643,0.251315,-0.728949,-0.026437,-0.276980,-0.157774,4.411126,-0.096017,-1.173646,5.471247,0.102309
0.797635,4.486895,-0.081156,0.486743,-0.014310,-0.160766,0.627940,-0.929748,-0.332471,1.215692,4.513949,0.420359
0.799174,2.164371,-0.190575,1.239756,-0.076017,-0.141723,1.090355,-2.322524,-0.109419,0.753013,2.501563,1.214738
0.790620,1.325878,0.028740,-1.118343,0.132111,-0.134422,1.296397,-0.838493,0.219315,-2.358099,1.734782,1.716168
0.774658,0.411784,0.204516,-3.178181,0.472837,-0.062730,1.199098,-0.914094,0.175776,-2.059838,3.211266,1.665346
0.763643,-2.369359,0.208238,-1.337709,0.531403,-0.059280,0.656893,-2.781143,0.003722,1.840472,2.728862,0.717412
0.757646,-4.854829,0.236115,1.213030,0.378041,-0.142270,-0.164639,-2.485470,0.027877,2.550739,5.009646,0.190262
0.749355,-4.522324,0.266801,0.341158,0.371838,-0.197473,-0.894738,0.332505,0.030686,-0.871872,4.543015,0.977815
0.740851,-2.626472,-0.148107,-2.120881,0.519630,-0.185388,-1.302882,1.895852,-0.414908,-2.462039,3.379116,2.001886
0.739132,-0.493312,-1.054485,-2.725679,0.612822,0.007025,-1.259812,2.133160,-0.906378,-0.604798,2.963886,1.962726
0.744306,2.257969,-1.208058,-0.955109,0.528932,0.480180,-0.743902,2.751281,-0.153573,1.770570,2.733141,1.063732
0.752308,3.746580,0.336491,2.173805,0.187880,0.931317,-0.092564,1.488611,1.544549,3.128914,4.344596,0.911218
0.761783,1.997566,2.012033,4.244687,-0.280291,0.951952,0.246541,-1.749014,1.675542,2.070882,5.104499,1.045558
0.771979,-0.121077,1.765238,3.063249,-0.549124,0.639057,0.289729,-2.118643,-0.246795,-1.181438,3.537544,0.793874
0.779880,0.258576,0.358558,0.721269,-0.605337,0.402021,0.360097,0.379653,-1.406680,-2.341980,0.845964,0.657724
0.785120,0.675891,-0.311479,0.150654,-0.692341,0.407502,0.475402,0.417315,-0.670037,-0.570615,0.759305,0.871401
0.791634,-1.011918,-0.321186,-0.181987,-0.740270,0.502325,0.383114,-1.687809,-0.009707,-0.332641,1.077153,0.947106
0.799375,-2.280746,-0.521145,-1.708953,-0.530410,0.440935,0.037504,-1.268828,-0.199959,-1.526966,2.897225,0.477165
0.803029,-1.369833,-0.561225,-2.067334,-0.204509,0.129023,-0.329465,0.910913,-0.040080,-0.358381,2.542693,0.167018
0.801908,-0.128124,0.007968,-0.325111,-0.052608,-0.290063,-0.482750,1.241709,0.569193,1.742223,0.349537,0.319952
0.799840,0.078436,0.616364,1.384044,-0.081480,-0.651961,-0.390117,0.206560,0.608396,1.709155,1.517114,0.583883
0.796014,0.061547,0.573479,1.746404,-0.104059,-0.845960,-0.191228,-0.016889,-0.042885,0.362360,1.839183,0.763045
0.788686,1.196299,-0.049100,0.408456,-0.010339,-0.646494,0.083500,1.134752,-0.622579,-1.337948,1.265061,0.425034
0.783783,3.507392,-0.589578,-2.025517,0.151916,-0.005191,0.523899,2.311093,-0.540478,-2.433973,4.092935,0.297576
0.787397,3.917000,-0.543161,-2.627196,0.233103,0.577031,0.878833,0.409608,0.046417,-0.601679,4.747639,1.159649
0.795385,0.134261,-0.127860,-0.180987,0.139866,0.622893,0.674296,-3.782739,0.415301,2.446209,0.259096,0.862233
0.800132,-3.642036,0.183419,2.003170,-0.055322,0.366817,0.041224,-3.776297,0.311279,2.184157,4.160620,0.139315
0.801115,-2.481023,0.279870,1.358780,-0.198104,0.299383,-0.363786,1.161013,0.096451,-0.644390,2.842549,0.261216
0.802229,0.776982,0.187504,-0.471045,-0.203221,0.411814,-0.351646,3.258005,-0.092366,-1.829825,0.927762,0.334544
0.804992,1.094160,0.101456,-0.714805,-0.158342,0.335079,-0.286984,0.317178,-0.086048,-0.243760,1.310887,0.219710
0.808041,-0.430206,0.418357,1.177702,-0.221369,-0.068791,-0.319006,-1.524366,0.316901,1.892507,1.321772,0.155501
0.808912,-0.229096,0.775982,2.650359,-0.320657,-0.516942,-0.241110,0.201110,0.357625,1.472657,2.771107,0.428184
0.806321,1.620431,0.276386,0.966942,-0.228142,-0.632387,0.064147,1.849527,-0.499596,-1.683417,1.907135,0.456077
0.802734,2.616332,-0.680094,-2.274926,0.011792,-0.373843,0.468014,0.995901,-0.956480,-3.241868,3.533130,0.358935
0.801505,1.782721,-0.758518,-3.056479,0.138087,-0.008878,0.770373,-0.833611,-0.078424,-0.781553,3.618772,0.612621
0.802121,0.110828,-0.049899,-1.058363,0.077289,0.271051,0.808183,-1.671893,0.708619,1.998116,1.065319,0.732602
0.803204,-2.067468,0.172393,0.496211,-0.058647,0.380864,0.411367,-2.178296,0.222292,1.554574,2.133159,0.317720
0.805502,-4.208218,-0.167223,0.112187,-0.161004,0.203277,-0.381158,-2.140750,-0.339616,-0.384024,4.213033,0.212525
0.806852,-2.898469,-0.033522,-0.499571,-0.159905,-0.125711,-0.957294,1.309749,0.133701,-0.611758,2.941397,0.957785
0.803086,2.561727,0.613348,0.366411,-0.118546,-0.237423,-0.683206,5.460196,0.646870,0.865982,2.659492,0.537193
0.796720,5.623937,0.838181,1.786198,-0.208071,-0.152431,0.085042,3.062210,0.224833,1.419787,5.960010,0.073761
0.793785,2.726221,0.395917,1.187718,-0.361012,-0.146453,0.483861,-2.897716,-0.442264,-0.598480,2.999951,0.385900
0.794056,-0.336244,-0.207461,-1.800417,-0.244819,-0.087908,0.424123,-3.062465,-0.603378,-2.988135,1.843258,0.247544
0.793786,-0.088599,-0.526559,-3.455225,0.121125,0.162051,0.317479,0.247645,-0.319098,-1.654808,3.496240,0.141725
0.792352,-0.491147,-0.265221,-0.973991,0.178403,0.306364,0.120760,-0.402548,0.261338,2.481234,1.122598,0.140270
0.792381,-1.764092,0.271314,1.944371,-0.296035,0.347382,-0.269540,-1.272945,0.536535,2.918362,2.639358,0.280963
0.797039,0.525926,0.176492,0.421153,-0.701901,0.614101,-0.437621,2.290018,-0.094822,-1.523218,0.696504,1.061297
0.802556,4.031232,-0.474466,-2.975128,-0.503113,0.763538,-0.107843,3.505306,-0.650958,-3.396281,5.032627,0.847743
0.797144,2.405662,-0.760239,-3.127067,0.082647,0.288086,0.338294,-1.625570,-0.285773,-0.151939,4.017925,0.204267
0.778592,-2.465696,-0.925731,-1.780370,0.650417,-0.265643,0.438436,-4.871358,-0.165492,1.346697,3.179049,0.685835
0.761380,-3.767884,-1.306415,-2.460624,1.048513,-0.119324,0.186085,-1.302188,-0.380684,-0.680254,4.685973,1.148245
0.756129,-1.084730,-0.584517,-2.377696,1.098082,0.435051,-0.101433,2.683154,0.721898,0.082928,2.678010,1.405342
0.758765,0.732522,1.262870,0.848944,0.733779,0.694869,-0.184443,1.817252,1.847387,3.226640,1.688827,1.055294
