pressure,accel_x,accel_y,accel_z,gyro_x,gyro_y,gyro_z,accel_power,gyro_energy
0.219798,-0.055470,-0.204972,-0.164673,0.239422,-0.132031,-0.190089,0.268715,0.110889
0.293092,0.450671,1.274442,-1.138189,-0.073017,-0.059691,-0.025339,1.767139,0.009537
0.333758,0.200233,1.730323,-1.176072,-0.327932,0.025926,-0.033096,2.101727,0.109307
0.354107,0.016496,0.764833,-0.980482,-0.384152,0.187585,-0.224968,1.243618,0.233371
0.374447,0.428883,-0.848546,-1.255105,-0.255736,0.357076,-0.431795,1.574566,0.379351
0.386216,0.622725,-1.496474,-0.954789,-0.147202,0.350847,-0.447420,1.881181,0.344947
0.387922,0.135019,-0.540037,0.387440,-0.085583,0.231804,-0.268368,0.678218,0.133079
0.410755,-0.376478,0.544124,0.911195,0.093652,0.235016,-0.109074,1.126092,0.075900
0.469198,-0.254205,0.443128,0.201828,0.332284,0.209053,-0.046696,0.549288,0.156296
0.530257,0.177772,0.366866,0.932523,0.391569,-0.188380,0.096992,1.017739,0.198221
0.566276,0.081389,1.479114,3.346194,0.240919,-0.709951,0.341473,3.659428,0.678676
0.581833,-0.432358,2.118741,3.593947,0.040738,-0.801177,0.416314,4.194336,0.816862
0.568364,-0.458545,0.815653,0.569768,-0.037678,-0.495271,0.246682,1.095531,0.307565
0.514562,-0.065942,-0.825752,-1.956457,0.017624,-0.162686,0.155492,2.124603,0.050955
0.447310,0.103254,-0.701778,-2.119520,-0.169897,0.176726,0.346594,2.235066,0.180224
0.368647,0.360644,0.955559,-2.317581,-0.766533,0.556298,0.487164,2.532654,1.134369
0.245402,0.706517,1.772039,-3.244847,-0.917500,0.720400,0.141690,3.764083,1.380858
0.144438,0.008030,-0.543742,-1.928606,0.052868,0.560243,-0.497221,2.003807,0.563896
0.194312,-1.351820,-4.082427,2.143277,1.070520,0.246155,-0.760171,4.804921,1.784465
0.368708,-1.215043,-3.101759,4.606486,0.804021,-0.161535,-0.418446,5.684800,0.847640
0.522678,0.405770,2.922788,2.879336,-0.185185,-0.606458,0.024840,4.122853,0.402702
0.601069,1.066087,6.363586,-0.063248,-0.618519,-0.752330,0.101209,6.452578,0.958809
0.625845,0.305464,3.480122,-1.634494,-0.552147,-0.379897,0.017157,3.856958,0.449482
0.600049,0.307396,0.221848,-3.053191,-0.726737,0.204310,0.236668,3.076635,0.625901
0.540548,1.770932,0.788727,-4.238384,-1.134219,0.558005,0.691174,4.660707,2.075544
0.476445,2.535205,1.951348,-3.130305,-1.314219,0.650771,0.844946,4.475917,2.864608
0.404618,1.319249,1.161246,-1.164757,-1.149590,0.702678,0.466802,2.108452,2.033218
0.325274,0.003774,-0.699052,-0.967454,-0.777754,0.622132,-0.086889,1.193589,0.999499
0.243245,-0.552229,-2.842861,-0.527737,-0.264981,0.069439,-0.377700,2.943692,0.217694
0.137293,-3.105611,-3.935535,2.404394,0.337056,-0.747797,-0.364231,5.560069,0.805471
0.028409,-6.883274,-3.188598,4.776639,0.802971,-0.980283,-0.247361,8.964536,1.666905
-0.014880,-5.145830,-2.504407,3.329598,0.831507,-0.356537,-0.061063,6.621015,0.822251
-0.000058,1.991007,-2.007821,-0.009401,0.465750,0.271230,0.207204,2.827639,0.333422
0.005215,4.602801,0.220290,-1.632428,0.156726,0.261623,0.302653,4.888673,0.184608
-0.003081,0.513393,2.010622,-1.157018,0.133245,0.073667,0.116874,2.375892,0.036841
0.000868,-1.412574,0.974034,-0.603701,0.101004,0.176005,0.025315,1.818945,0.041820
0.000677,0.977771,0.067876,-0.816212,-0.090744,0.295579,0.144127,1.275478,0.116374
-0.004160,1.524269,0.226507,-0.900851,-0.033028,0.269930,-0.007454,1.785003,0.074009
0.005954,-0.292287,-1.592735,-0.425322,0.498333,0.362285,-0.529886,1.674257,0.660365
0.001067,-0.574197,-3.509193,0.126898,1.005272,0.547667,-0.846195,3.558123,2.026557
-0.013820,0.274857,-1.662209,0.340993,1.081284,0.574336,-0.694458,1.718942,1.981309
0.078937,0.321279,1.604001,0.276806,0.983042,0.420365,-0.339279,1.659115,1.258189
0.315933,-0.036868,3.257088,0.870617,0.861432,0.075508,0.113088,3.371640,0.760555
0.528014,-0.375571,3.908194,2.229345,0.501689,-0.384590,0.594011,4.514977,0.752450
0.578990,-0.658117,2.853447,1.966510,0.077092,-0.553531,0.740029,3.527384,0.859983
0.543079,-0.457337,-0.112378,-0.457182,-0.061019,-0.325731,0.462833,0.656355,0.324038
0.534656,-0.101202,-1.584505,-1.606718,-0.135064,-0.097640,0.120679,2.258858,0.042339
0.538350,-0.034504,-1.135343,-0.742729,-0.423551,0.038262,-0.172824,1.357144,0.210728
0.473504,0.132636,-1.778629,-0.921159,-0.607939,0.270441,-0.505721,2.007398,0.698482
0.340616,0.273354,-2.278590,-1.835317,-0.377483,0.451231,-0.654480,2.938551,0.774447
0.257568,-0.003797,-0.257809,-1.008487,0.019753,0.386326,-0.451818,1.040926,0.353777
0.319642,-0.076748,1.704086,0.511626,0.231499,0.144269,-0.116247,1.780888,0.087919
0.466811,0.197116,1.755785,1.251913,0.239357,-0.206129,0.205902,2.165392,0.142177
0.573984,-0.086506,1.694924,1.905287,0.191907,-0.495705,0.501615,2.551543,0.534169
0.605589,-0.690144,1.323460,1.832970,0.156078,-0.455011,0.576360,2.363816,0.563586
0.599235,-0.574995,-0.274330,0.387422,0.055176,-0.247366,0.376134,0.745635,0.205711
0.578488,-0.095100,-0.863392,-0.404627,-0.211356,-0.252293,0.197305,0.958234,0.147252
0.547328,0.006526,0.091012,-0.047257,-0.502919,-0.334731,0.147173,0.102757,0.386632
0.520677,0.207046,-0.154057,-0.510678,-0.518065,-0.215339,0.032965,0.572183,0.315849
0.521544,0.744634,-1.126398,-1.180523,-0.257546,-0.123610,-0.102480,1.793568,0.092112
0.552606,0.722240,0.002373,-0.148767,-0.007935,-0.264022,-0.032522,0.737406,0.070828
0.585387,-0.066023,1.670228,1.233944,0.137737,-0.332625,0.163574,2.077652,0.156367
0.595759,-0.614151,0.610940,1.090851,0.289195,-0.153222,0.219326,1.392977,0.155215
0.592762,-0.568453,-1.559574,0.579471,0.375134,-0.030634,0.115362,1.758180,0.154972
0.585153,-0.536093,-1.183447,0.892529,0.161235,-0.131514,0.057458,1.576246,0.046594
0.558749,-0.538781,1.066244,0.532098,-0.260309,-0.160615,0.086709,1.307780,0.101076
0.516382,-0.074926,1.361607,-1.563919,-0.349120,0.122236,-0.034975,2.074953,0.138050
0.484592,0.661045,-0.691500,-3.281779,0.022820,0.504337,-0.270560,3.418366,0.328079
0.466879,1.136803,-0.533567,-2.849159,0.035685,0.678619,-0.052309,3.113635,0.464533
0.442398,1.371956,3.353969,-1.846941,-0.804523,0.674198,0.691202,4.067255,1.579560
0.395893,1.498881,4.653124,-1.482850,-1.565390,0.637961,0.987512,5.108527,3.832620
0.326550,1.124857,-0.803366,-0.334980,-1.276512,0.503691,0.278979,1.422291,1.961017
0.257665,-0.252217,-6.562897,1.883759,-0.427744,0.176910,-0.596062,6.832553,0.569552
0.210587,-2.209466,-5.671253,3.242298,0.074876,-0.194153,-0.734243,6.896184,0.582415
0.156250,-3.298291,-1.633655,2.989393,0.261805,-0.360730,-0.349261,4.741732,0.320651
0.067974,-2.720190,-0.988165,2.328463,0.499603,-0.301296,-0.094351,3.714518,0.349285
-0.003133,-1.211916,-2.655979,1.967747,0.669610,-0.216782,-0.146522,3.520652,0.516841
-0.006696,0.386865,-1.776933,0.971930,0.546759,-0.165782,-0.241289,2.061990,0.384649
0.010564,1.670705,1.868683,-1.346002,0.226859,-0.002604,-0.128205,2.845163,0.067908
-0.006315,1.907477,4.535767,-3.351798,-0.052290,0.223170,0.129061,5.953671,0.069196
-0.005728,0.917838,3.890897,-2.821294,-0.114354,0.245423,0.237607,4.892975,0.129766
0.082973,-0.216222,0.670191,-0.405624,0.089525,0.070399,0.025323,0.812674,0.013612
0.215421,-0.678289,-2.655514,1.139889,0.395266,-0.014025,-0.363511,2.968363,0.288572
0.300485,-0.647546,-3.584648,1.037504,0.527530,0.054726,-0.612541,3.787536,0.656489
0.330998,-0.327435,-1.968719,0.683273,0.465876,0.140156,-0.581434,2.109486,0.574750
0.354907,0.187885,-0.356571,0.103461,0.484530,0.285160,-0.413513,0.416110,0.487079
0.399544,0.447550,0.148405,-1.104486,0.621424,0.438607,-0.174096,1.200922,0.608853
0.473909,0.103861,1.494583,-0.712556,0.563775,0.214757,0.230701,1.659006,0.417186
0.569367,-0.427181,3.594989,1.764177,0.226190,-0.401716,0.623998,4.027251,0.601911
0.646355,-0.402027,3.351569,2.139551,-0.189842,-0.830112,0.703558,3.996538,1.220120
0.667074,0.024654,0.861061,-0.165526,-0.555495,-0.873807,0.549362,0.877173,1.373912
0.643435,0.051710,-0.646611,-0.444107,-0.687182,-0.839344,0.341988,0.786137,1.293673
0.622082,0.063001,-0.385777,0.334587,-0.547874,-0.582467,0.106689,0.514530,0.650816
0.596542,1.009070,0.880004,-2.706724,-0.653456,0.178449,0.051365,3.019766,0.461487
0.496407,2.140214,2.551180,-6.171111,-1.197148,0.936706,0.261391,7.012250,2.378907
0.327026,2.165478,2.193537,-3.977802,-1.424369,1.049992,0.311584,5.032277,3.228395
0.206696,0.729406,-0.910188,0.983124,-0.884896,0.592065,0.031485,1.525453,1.134573
0.196564,-2.537821,-2.952531,3.583470,-0.063526,-0.098783,-0.182579,5.291430,0.047129
0.234702,-5.845258,-2.640479,4.446332,0.595626,-0.702917,-0.221139,7.804424,0.897765
0.263763,-4.640150,-2.866029,4.307923,0.929481,-0.786840,-0.275406,6.950059,1.558901
0.285743,0.587222,-2.839406,1.785596,0.762969,-0.315914,-0.189200,3.405203,0.717720
0.296389,3.072674,0.039432,-1.650704,0.286878,0.187150,0.113854,3.488224,0.130287
0.252308,1.114554,2.267185,-2.946912,-0.045493,0.401528,0.168771,3.881578,0.191778
0.122226,-0.280375,-0.151509,-1.986632,-0.030914,0.453086,-0.276062,2.012032,0.282453
-0.009397,0.302319,-3.163338,-0.744318,0.355282,0.444768,-0.727266,3.263758,0.852960
0.038266,0.481802,-1.488246,-0.161182,0.815679,0.250571,-0.620118,1.572574,1.112664
0.298295,0.356374,2.549938,0.704809,0.725110,-0.244186,-0.034253,2.669446,0.586585
0.556552,0.433318,4.048678,2.243027,0.128096,-0.753156,0.499382,4.648734,0.833035
0.639754,-0.190438,2.820471,2.339651,-0.198839,-0.763378,0.648490,3.669508,1.042822
0.614922,-0.694054,1.172387,0.108477,-0.085128,-0.309356,0.485851,1.366737,0.338999
0.598176,-0.128134,-0.443862,-1.667452,-0.041728,0.112879,0.133428,1.730268,0.032286
0.586977,0.145761,-2.483004,-1.528100,-0.201676,0.358661,-0.359550,2.919186,0.298587
0.540968,-0.299968,-3.503246,-0.951538,-0.322390,0.514487,-0.735443,3.642546,0.909509
0.466193,-0.248354,-1.552267,-0.242581,-0.277663,0.502887,-0.706052,1.590616,0.828502
0.410835,0.113323,1.620337,0.617247,-0.044493,0.377884,-0.428897,1.737621,0.328729
0.434167,0.162577,2.393794,0.556158,0.200807,0.199930,-0.194465,2.462924,0.118112
0.540406,0.310077,1.544239,0.488848,0.158989,-0.226581,0.098138,1.649180,0.086248
0.652597,0.161835,1.747450,1.469663,-0.039268,-0.735753,0.502963,2.289035,0.795846
0.700870,-0.725869,0.971404,1.509868,0.010612,-0.793725,0.643037,1.936547,1.043609
0.700173,-1.015872,-2.372004,0.019666,0.200664,-0.467982,0.409566,2.580462,0.427018
0.695772,-0.205112,-3.424479,-0.757360,0.098233,-0.249821,0.264039,3.513221,0.141777
0.679688,0.235614,-0.299195,-0.832245,-0.188776,-0.134334,0.319548,0.915240,0.155793
0.623149,0.203248,0.763501,-1.721585,-0.226519,0.120535,0.147479,1.894228,0.087590
0.550501,0.888367,-1.066403,-2.719513,-0.225840,0.425108,-0.102033,3.053222,0.242131
0.503684,1.821703,1.427726,-2.764002,-0.748304,0.619861,0.198011,3.605095,0.983395
0.473856,2.034614,6.058269,-1.970368,-1.438659,0.667385,0.650295,6.687647,2.938026
0.444442,1.517671,2.758270,-0.315789,-1.344906,0.469446,0.251028,3.164032,2.092167
0.436353,-0.293712,-5.361219,1.743210,-0.510503,0.011010,-0.667090,5.645150,0.705744
0.440868,-3.100526,-6.531376,2.842149,0.184167,-0.400599,-0.887941,7.768523,0.982836
0.411882,-3.981848,-1.927560,2.634775,0.491106,-0.436820,-0.333147,5.149043,0.542984
0.371593,-1.825105,-0.601353,2.098447,0.735658,-0.191217,0.102079,2.845367,0.588177
0.368382,0.383915,-2.169212,1.428671,0.880440,0.021568,0.059617,2.625637,0.779194
0.329321,0.878011,-1.316963,-0.166095,0.686916,0.164159,-0.114927,1.591503,0.512010
0.174022,1.045123,1.304896,-2.190667,0.244779,0.378727,-0.126980,2.755732,0.219475
0.016389,1.329618,2.087120,-2.833730,-0.096562,0.591140,-0.100979,3.762178,0.368967
-0.010427,0.827464,0.241650,-1.526808,-0.052812,0.597258,-0.312785,1.753349,0.457341
0.008875,-0.094779,-1.882404,0.490991,0.271764,0.392563,-0.619945,1.947691,0.612293
-0.017895,-0.459195,-1.317777,1.534345,0.510345,0.215837,-0.593463,2.074033,0.659236
0.025669,-0.171933,1.275701,0.764807,0.607484,0.254086,-0.288610,1.497299,0.516892
0.217485,0.341237,2.456414,-0.358165,0.711485,0.287640,-0.054395,2.505732,0.591906
0.416719,0.456400,2.311929,0.546587,0.632486,-0.067874,0.223610,2.419106,0.454647
0.509507,-0.115042,2.975685,2.559640,0.240042,-0.638969,0.672972,3.926792,0.918793
0.553484,-0.558744,2.574277,2.322742,-0.029286,-0.831474,0.849986,3.512012,1.414683
0.606081,-0.219709,-0.420961,-0.263790,0.095912,-0.576584,0.535360,0.543199,0.628259
0.639870,0.126670,-2.046087,-1.845514,0.094910,-0.389245,0.215834,2.758340,0.207104
0.630751,-0.071632,-0.137128,-0.821926,-0.418638,-0.519096,0.185256,0.836360,0.479038
0.605897,-0.192024,1.084744,0.943466,-0.797889,-0.625554,0.132394,1.450404,1.045473
0.594798,-0.096506,-0.601831,0.592121,-0.424999,-0.234807,-0.118732,0.849777,0.249856
0.536666,-0.107962,-1.639710,-2.373030,0.026813,0.602180,-0.299822,2.886447,0.453233
0.339823,0.066096,-0.645552,-4.033601,-0.156503,1.160635,-0.266698,4.085467,1.442695
0.114837,0.176930,-0.548889,-0.965517,-0.230230,0.912145,-0.256455,1.124636,0.950784
0.116233,-0.348624,-1.108721,2.955688,0.402388,0.244063,-0.369682,3.175987,0.358148
0.352873,-0.556798,1.050408,2.645533,0.669301,-0.253503,-0.297377,2.900384,0.600661
0.558782,0.196236,4.181579,0.827248,-0.098748,-0.532345,0.033272,4.267136,0.294249
0.592450,0.542553,2.965049,1.038399,-0.694199,-0.609755,0.134618,3.188127,0.871835
0.568550,0.125866,-0.965619,0.467307,-0.366746,-0.300595,-0.088433,1.080110,0.232680
0.579382,0.308235,-0.811850,-2.142255,-0.171490,0.291438,-0.007316,2.311572,0.114398
0.525729,0.726936,1.729628,-2.982044,-0.571956,0.800910,0.306523,3.523157,1.062547
0.341635,-0.084621,-1.135308,-1.102804,-0.368380,0.977124,-0.091803,1.585012,1.098903
0.216309,-1.248636,-5.831237,0.368746,0.683828,0.688731,-0.942121,5.974813,1.829563
0.326038,-1.037683,-2.421920,0.274441,1.033577,0.079605,-0.871091,2.649113,1.833418
0.519229,-0.038009,4.271817,-0.236790,0.197896,-0.336725,-0.052780,4.278544,0.155332
0.583096,0.505501,3.470256,-1.025309,-0.595258,-0.287427,0.201914,3.653692,0.477716
0.551231,0.904444,0.262898,-2.152533,-0.979064,-0.065919,0.153007,2.349581,0.986323
0.506786,1.534400,3.065491,-2.425372,-1.471821,0.067635,0.675397,4.199291,2.626993
0.431858,1.968662,5.166126,-1.567566,-1.639195,0.165108,1.030309,5.746456,3.775758
0.356709,1.535323,0.197608,-0.302415,-0.999447,0.128741,0.488982,1.577251,1.254572
0.342510,-0.983970,-4.541683,1.952805,-0.188016,-0.255241,-0.050984,5.040687,0.103097
0.344087,-4.883181,-3.888511,4.521395,0.365092,-0.741751,0.052530,7.707723,0.686246
0.304769,-5.567926,-2.581379,3.981147,0.875851,-0.812877,0.204235,7.315384,1.469596
0.272835,-1.293890,-2.152459,0.038402,1.075040,-0.437402,0.115961,2.511714,1.360478
0.281014,2.363783,0.542592,-3.218622,0.632777,-0.026091,0.107153,4.030062,0.412569
0.256400,1.583392,3.383889,-3.907560,0.079931,0.250314,0.131206,5.406187,0.086261
0.160981,0.010586,2.293869,-3.183651,-0.082215,0.488073,-0.047051,3.923975,0.247188
0.061721,0.359798,-1.281738,-1.231552,-0.017656,0.593414,-0.400545,1.813568,0.512888
-0.003407,0.323212,-3.741463,1.181021,0.275642,0.475229,-0.821617,3.936727,0.976876
-0.031037,-0.793883,-3.180593,1.645860,0.886577,0.347316,-1.003677,3.668144,1.914015
0.054298,-0.820538,0.409416,1.012664,1.167476,0.182976,-0.528124,1.366160,1.675395
0.276425,0.134453,3.735734,2.313358,0.605960,-0.348408,0.357194,4.396068,0.616163
0.483753,0.254466,3.168660,3.406894,-0.090536,-0.913828,0.831045,4.659623,1.533914
0.550427,-0.227211,0.136887,0.628879,-0.148236,-0.803039,0.641156,0.682533,1.077927
0.540762,-0.203500,-1.459062,-2.420045,0.062076,-0.263463,0.305600,2.833177,0.166658
0.556927,-0.033329,-1.252617,-1.407643,-0.022903,0.037901,0.099925,1.884574,0.011946
0.579458,-0.196465,-1.722587,-0.233240,-0.193295,0.300020,-0.269792,1.749373,0.200163
0.535176,-0.122715,-3.077686,-2.302340,-0.130962,0.797263,-0.802067,3.845514,1.296091
0.445288,0.371896,-2.713976,-3.049860,0.048019,0.981564,-0.957766,4.099466,1.883089
0.418457,0.597752,-0.397062,0.048842,0.214440,0.558942,-0.599144,0.719271,0.717374
0.492497,0.313071,1.186415,2.208544,0.278721,0.065251,-0.185679,2.526512,0.116420
0.589984,-0.075348,1.694068,1.245356,0.017971,-0.207560,0.072749,2.103914,0.048697
0.645684,-0.415088,2.090534,0.650819,-0.378433,-0.472856,0.272852,2.228496,0.441253
0.655879,-0.603229,1.132769,1.003569,-0.369141,-0.561345,0.379249,1.629172,0.595203
0.615767,-0.126752,-0.638052,-0.796495,-0.131025,-0.082813,0.469754,1.028387,0.244694
0.524276,0.716968,-0.690468,-3.477664,-0.164922,0.562316,0.622455,3.617311,0.730849
0.429139,0.522420,-0.519408,-2.376931,-0.040173,0.532743,0.438382,2.488475,0.477608
0.395211,-0.542444,-1.722149,1.243167,0.556589,-0.102876,-0.183692,2.192147,0.354118
0.439173,-0.502388,-0.597483,1.861846,0.645650,-0.545742,-0.440027,2.018873,0.908322
0.518840,0.616898,3.303831,0.210744,-0.184015,-0.618368,-0.016831,3.367533,0.416524
0.585444,0.913818,3.670901,0.463817,-0.715135,-0.622196,0.218848,3.811260,0.946440
0.625668,0.539710,-0.189303,0.388046,-0.423215,-0.372868,-0.067561,0.691160,0.322706
0.629311,1.032309,-0.825432,-2.947672,-0.378659,0.267005,-0.031671,3.230444,0.215677
0.565682,2.144419,3.454859,-5.082319,-1.019551,0.748418,0.610697,6.508806,1.972565
0.446402,2.494353,5.464024,-2.715088,-1.442653,0.762651,1.012611,6.591590,3.688265
0.344435,1.592866,1.793884,0.062077,-1.137902,0.686355,0.697747,2.399812,2.252755
0.299276,-0.201858,-2.629279,0.652483,-0.574930,0.578322,0.144727,2.716540,0.685947
0.272583,-2.603215,-3.468076,1.740667,-0.161352,0.022460,-0.163705,4.672708,0.053338
0.216618,-4.917320,-2.261474,3.796825,0.219316,-0.811928,-0.248072,6.611368,0.768866
0.128236,-4.879359,-2.091590,3.847672,0.682037,-1.155790,-0.266842,6.556483,1.872230
0.042544,-1.200018,-2.727715,1.631578,0.955198,-0.788923,-0.225073,3.397428,1.585461
-0.001423,2.721758,-1.798115,-0.291412,0.760749,-0.278865,-0.081658,3.275073,0.663173
-0.003367,2.805470,0.527645,-0.988577,0.326146,-0.077754,0.037418,3.020986,0.113817
0.002760,0.702256,1.283484,-1.150499,0.083281,-0.083930,-0.072337,1.861221,0.019213
0.000108,0.313724,-0.039380,-1.054892,0.069875,-0.043336,-0.335820,1.101259,0.119536
-0.001565,1.271890,-0.654472,-0.946421,0.089210,0.110172,-0.430616,1.715153,0.205526
0.000849,1.201403,0.143089,-1.014764,0.132545,0.261635,-0.290673,1.579110,0.170512
0.000547,0.196570,0.259448,-0.655764,0.243418,0.258568,-0.211075,0.732106,0.170662
-0.001115,-0.491798,-0.622781,0.238219,0.318598,0.129595,-0.340800,0.828535,0.234444
0.000370,-0.590861,-0.839619,0.564774,0.290560,0.086707,-0.448001,1.171771,0.292648
0.001039,-0.317115,-0.029722,-0.031937,0.210230,0.195291,-0.322904,0.320102,0.186602
-0.001479,-0.037895,0.805618,-0.490479,0.081949,0.285876,-0.089485,0.943942,0.096448
-0.000299,-0.106308,1.063112,-0.272722,-0.105210,0.269278,0.031365,1.102672,0.084564
0.002783,-0.219715,0.725770,0.043271,-0.204192,0.217751,-0.006193,0.759532,0.089148
-0.001962,-0.019453,-0.086888,0.187561,-0.063069,0.167597,-0.148982,0.207622,0.054262
-0.003403,0.084964,-0.927357,0.375464,0.190935,0.129806,-0.307785,1.004083,0.148037
0.006989,-0.182048,-0.827021,0.418609,0.325179,0.129802,-0.319224,0.944637,0.224494
0.000302,-0.334997,0.367274,0.075419,0.372616,0.136856,-0.162539,0.502793,0.183991
-0.018010,-0.029429,0.833159,-0.483483,0.506747,0.182203,-0.059757,0.963730,0.293561
0.032295,0.410913,-0.112487,-0.864570,0.664705,0.289701,-0.017851,0.963838,0.526078
0.178970,0.374584,0.429442,-0.251787,0.621295,0.165477,0.281138,0.623001,0.492429
0.340037,-0.253238,3.135812,1.260817,0.377052,-0.353288,0.774663,3.389263,0.867083
0.453508,-0.591678,3.211831,1.281512,0.164469,-0.726063,0.932329,3.508306,1.423455
0.530218,-0.122076,-0.399702,-0.831135,0.014264,-0.579153,0.648896,0.930295,0.756688
0.576987,0.185388,-1.868179,-1.301939,-0.306286,-0.447692,0.339478,2.284624,0.409485
0.589149,-0.108629,-0.312839,0.877993,-0.716254,-0.590116,0.114250,0.938371,0.874310
0.585924,0.014958,-1.207681,0.689062,-0.703509,-0.342819,-0.216244,1.390512,0.659211
0.581007,0.485941,-3.848219,-2.913328,-0.138401,0.424861,-0.503791,4.851021,0.453467
0.557724,0.176734,-2.619788,-3.937344,0.320657,0.848982,-0.369878,4.732568,0.960401
0.499745,-0.335741,1.967531,-1.042075,0.030508,0.626641,0.238806,2.251626,0.450638
0.414968,0.049683,4.640625,0.332642,-0.698253,0.374715,0.819164,4.652797,1.298998
0.323568,0.274583,1.710194,-0.290570,-0.830867,0.335643,0.648209,1.756300,1.223171
0.253843,-0.839907,-5.287573,1.528987,0.037515,0.168679,-0.252846,5.567915,0.093791
0.252541,-1.872322,-7.709804,4.043868,0.967385,-0.170227,-0.869400,8.905029,1.720667
0.350912,-1.083972,-1.137704,2.287939,0.932662,-0.386664,-0.608317,2.775614,1.389417
0.507760,0.494696,4.785699,-1.298494,0.188548,-0.421617,-0.072221,4.983345,0.218527
0.636133,0.849920,2.894877,-1.580198,-0.376904,-0.454331,0.127267,3.405834,0.364670
0.689948,0.240341,-0.120306,0.033128,-0.446944,-0.500560,0.055695,0.270804,0.453421
0.684075,0.190358,0.034635,-0.201557,-0.309810,-0.335390,-0.086483,0.279394,0.215948
0.648755,0.893703,0.437283,-2.391650,-0.410031,0.184018,-0.035318,2.590350,0.203235
0.598907,1.804523,1.970621,-4.687158,-0.887390,0.838743,0.407585,5.395285,1.657076
0.534981,2.373895,4.340134,-4.586631,-1.271814,1.123631,0.774175,6.746060,3.479404
0.466545,0.907885,2.195613,-0.608660,-1.035909,0.670664,0.506045,2.452639,1.778979
0.422309,-3.249683,-3.188911,4.329599,-0.289728,-0.260478,-0.049502,6.282915,0.154242
0.410452,-6.310424,-5.026502,5.990244,0.447385,-0.896795,-0.272581,10.048393,1.078695
0.408917,-4.438113,-2.935798,4.139700,0.757627,-0.828577,-0.210038,6.741875,1.304654
0.415586,-0.271260,-0.638704,1.000984,0.591533,-0.409268,-0.129336,1.217988,0.534139
0.425239,1.230518,1.056168,-1.817684,0.323485,-0.027541,-0.017502,2.435907,0.105707
0.377604,0.522341,2.060969,-3.415843,0.196798,0.316038,0.013681,4.023483,0.138797
0.246084,0.665446,0.879146,-3.360845,-0.036324,0.521523,-0.324987,3.537089,0.378922
0.100894,1.013440,-1.979053,-1.591076,-0.269784,0.462622,-0.857207,2.734087,1.021606
0.000356,-0.081254,-2.717332,0.709001,0.169749,0.447621,-0.997261,2.809480,1.223709
-0.023161,-0.913099,0.445569,1.469919,1.040288,0.524169,-0.565643,1.786881,1.676904
0.109664,-0.151071,3.944363,1.256897,1.089292,0.067255,0.090058,4.142537,1.199191
0.377551,0.114250,4.304244,1.889348,0.194035,-0.877099,0.625817,4.702043,1.198599
0.574277,-0.964791,2.375288,1.561462,-0.390408,-1.242671,0.861753,3.001829,2.439268
0.591064,-1.098618,0.188643,-1.311452,-0.252943,-0.694539,0.741857,1.721178,1.096716
0.544762,0.090979,-1.458931,-3.511184,-0.150052,-0.042030,0.360740,3.803310,0.154415
0.517061,0.420623,-2.427563,-2.666383,-0.296126,0.198341,-0.095005,3.630370,0.136056
0.477974,-0.216140,-2.445193,-0.388669,-0.300523,0.119652,-0.343656,2.485307,0.222730
0.457946,-0.281901,-0.852128,1.830260,-0.214500,-0.163848,-0.232423,2.038490,0.126877
0.497552,0.037743,1.257052,2.816044,-0.215450,-0.379036,-0.044920,3.084106,0.192105
0.532500,0.069262,1.661430,0.996419,-0.169973,-0.147065,0.023319,1.938556,0.051063
0.523204,0.376366,1.704836,-2.511449,-0.236676,0.393197,0.224734,3.058675,0.261125
0.492548,0.916963,2.728849,-4.301163,-0.636778,0.719629,0.363169,5.175659,1.055244
0.383002,0.568430,0.673441,-2.377401,-0.715177,0.677923,-0.199464,2.535482,1.010844
0.183985,-0.572684,-4.453424,1.868322,0.143568,0.514860,-1.032909,4.863289,1.352594
0.109658,-1.038206,-3.916017,4.343214,1.059021,0.286070,-0.960945,5.939408,2.126777
0.295630,-0.329941,3.423662,3.354884,0.922158,-0.198887,-0.074597,4.804744,0.895496
0.538635,0.452450,6.754161,2.076227,0.208224,-0.823531,0.527443,7.080545,0.999757
0.628623,0.352359,2.673283,1.757732,-0.107009,-1.105228,0.569969,3.218730,1.557845
0.621892,-0.241276,-0.885071,-0.176198,-0.081244,-0.844068,0.468231,0.934136,0.938292
0.621745,-0.401412,-0.841988,-2.463070,-0.134750,-0.398369,0.300279,2.633779,0.267023
0.617252,-0.060833,-0.511348,-1.465388,-0.257756,-0.169386,0.105746,1.553235,0.106312
0.591375,0.090930,-0.287199,0.687179,-0.300080,-0.120279,0.097844,0.750311,0.114088
0.560984,0.017391,-0.002953,0.016050,-0.134146,0.057885,0.083234,0.023849,0.028274
0.529760,0.454618,-1.009914,-2.129165,0.134033,0.469764,-0.158100,2.399989,0.263639
0.486932,1.257615,-0.489821,-2.899575,-0.051808,0.886776,-0.124050,3.198289,0.804444
0.401146,1.467609,3.952695,-2.471869,-0.840552,1.068967,0.501613,4.887516,2.100834
0.247178,1.183834,6.322079,-1.612760,-1.388953,0.996858,0.952997,6.631074,3.831120
0.084097,0.573030,1.849440,0.046064,-1.034381,0.709210,0.625098,1.936728,1.963670
0.001708,-1.531742,-3.884024,2.636681,-0.132381,0.180813,0.032298,4.938012,0.051261
-0.008528,-4.179652,-5.347391,5.028516,0.691759,-0.423449,-0.291921,8.446896,0.743057
-0.001083,-3.640185,-4.060411,4.976596,1.045637,-0.687264,-0.409971,7.382709,1.733765
0.010905,-0.203813,-1.792342,1.868537,0.808419,-0.492247,-0.362618,2.597202,1.027340
-0.000137,1.352778,0.206854,-0.936263,0.480982,-0.247441,-0.250293,1.658127,0.355217
-0.028630,0.384510,-0.506933,-0.819694,0.602123,-0.225540,-0.366200,1.037655,0.547523
0.048548,0.447966,-1.371271,-0.396783,0.711064,-0.242274,-0.522268,1.496160,0.837073
0.266601,1.396671,1.888565,-1.603490,0.235551,-0.214962,-0.311442,2.844037,0.198689
0.448199,0.717547,4.738300,-1.664475,-0.247806,-0.278545,-0.024369,5.073149,0.139589
0.496371,-0.412194,2.265263,-0.537934,-0.185954,-0.264478,-0.014780,2.364465,0.104746
0.517612,0.270570,0.913014,-2.282645,-0.287224,0.172447,0.222416,2.473312,0.161704
0.531713,1.845571,4.875289,-5.332521,-1.085185,0.908496,0.996325,7.457235,2.995655
0.423937,2.376964,5.359595,-3.864948,-1.718824,1.406132,1.463172,7.022324,7.072435
0.221466,1.263651,-1.530952,0.933107,-1.406498,1.335566,0.996155,2.193471,4.754298
0.079103,-1.084109,-6.283305,3.700862,-0.613220,0.732792,0.219204,7.372353,0.961073
0.031595,-3.381890,-4.873815,4.621632,0.061075,-0.214008,-0.255118,7.520022,0.114615
0.009757,-4.420343,-3.550094,5.274744,0.621187,-1.073888,-0.562990,7.743741,1.856066
-0.004802,-3.902464,-3.407541,3.465451,0.978396,-1.278712,-0.688044,6.232970,3.065768
-0.001560,-1.654573,-1.150958,-0.234311,0.894933,-0.821166,-0.403569,2.029093,1.638087
0.002488,1.314074,1.038086,-1.619102,0.586800,-0.333778,0.006451,2.329357,0.455784
-0.000082,2.186811,0.827802,-0.918455,0.414426,-0.189049,0.096513,2.512162,0.216803
-0.000686,0.665339,0.442290,-1.355692,0.313162,-0.158146,-0.098114,1.573594,0.132707
-0.000574,0.067142,0.637568,-2.363346,0.111864,-0.001991,-0.268050,2.448756,0.084368
0.000366,1.251569,0.455831,-2.118794,-0.075585,0.228792,-0.225169,2.502698,0.108760
0.002113,1.461904,0.842359,-1.429190,-0.148371,0.413855,-0.025196,2.211180,0.193925
-0.002428,0.008835,0.974399,-0.794076,-0.183260,0.456245,0.005625,1.257016,0.241775
-0.002674,-1.006378,-1.930948,0.668869,-0.055468,0.321846,-0.423786,2.277881,0.286256
0.007606,-0.772487,-4.848578,1.885997,0.467663,0.204207,-0.993261,5.259508,1.246977
-0.001746,-0.266902,-1.656365,0.796643,1.075940,0.305854,-0.988574,1.857262,2.228472
-0.016037,-0.014118,4.650829,-1.012616,1.099490,0.371960,-0.386517,4.759811,1.496628
0.056940,0.302286,5.840080,-0.407116,0.429216,0.017508,0.064820,5.862052,0.188735
0.233441,0.649923,2.626689,1.095046,-0.361435,-0.521876,0.048960,2.919079,0.405387
0.384278,0.462418,0.906069,0.172647,-0.722269,-0.669238,-0.028064,1.031794,0.970340
0.386925,-0.169623,0.704141,-1.691469,-0.621702,-0.353633,0.093735,1.840015,0.520356
0.253275,-0.420378,-0.024848,-1.637253,-0.463756,0.001777,0.259839,1.690542,0.282589
0.096582,-0.198909,-0.722278,-0.447290,-0.489045,0.081116,0.271947,0.872536,0.319700
0.005492,-0.188310,-1.601586,0.598192,-0.370916,-0.017724,0.073934,1.719992,0.143359
-0.023425,-0.356975,-2.374578,1.346770,0.173894,-0.015041,-0.160341,2.753151,0.056175
0.015357,-0.049556,-0.899044,1.081372,0.731675,-0.010533,-0.126236,1.407161,0.551395
0.172732,0.522759,1.843271,0.419256,0.761802,-0.379475,0.236274,1.961301,0.780169
0.380790,0.456088,2.617396,0.671281,0.368979,-0.915477,0.631045,2.740328,1.372461
0.477912,-0.215024,1.320903,0.349019,0.025113,-0.989066,0.721794,1.383053,1.499869
0.457850,-0.576742,-0.331872,-1.473564,-0.073188,-0.600068,0.510016,1.616837,0.625554
0.433510,-0.337800,-1.144655,-2.504270,-0.116100,-0.165637,0.345839,2.774115,0.160519
0.406749,0.098886,-0.627631,-2.382211,-0.281581,0.298228,0.366257,2.465487,0.302372
0.326130,0.376561,-0.736628,-2.549537,-0.342305,0.735951,0.219868,2.680403,0.707139
0.243015,0.227207,-2.543183,-1.455807,0.004638,0.692493,-0.222093,2.939180,0.528893
0.227213,-0.136633,-2.288312,1.309282,0.484583,0.168835,-0.508642,2.639936,0.522043
0.268955,-0.066883,1.447627,2.082006,0.509500,-0.237096,-0.365658,2.536700,0.449511
0.338014,0.284404,3.994675,0.464319,0.002126,-0.365986,-0.021983,4.031613,0.134434
0.416215,0.319943,3.022137,0.090154,-0.493238,-0.561244,0.208348,3.040362,0.601687
0.476240,0.380154,0.479123,0.554074,-0.490608,-0.706885,0.093785,0.825272,0.749178
0.501963,0.935537,-1.329089,-1.675072,-0.267705,-0.286135,-0.168696,2.334004,0.181998
0.488260,1.680534,0.656195,-5.659266,-0.532892,0.604529,0.088461,5.939872,0.657255
0.419240,2.321758,4.752969,-6.437057,-1.169719,1.190392,0.733455,8.331685,3.323232
0.307835,2.161779,2.977730,-2.490735,-1.286662,1.035969,0.686848,4.443414,3.200491
0.207070,-0.394935,-3.873789,1.771392,-0.726901,0.446010,-0.109442,4.277855,0.739288
0.132141,-4.761258,-5.753709,3.043696,-0.140240,-0.141595,-0.558037,8.064666,0.351122
0.055996,-6.486267,-2.621075,3.345615,0.253198,-0.518877,-0.447042,7.754665,0.533189
0.000674,-3.063437,-1.723933,3.595371,0.567218,-0.561636,-0.416640,5.028249,0.810760
0.014551,1.378938,-1.352781,1.249221,0.574946,-0.284437,-0.458932,2.300443,0.622086
0.061411,2.272178,2.336040,-2.861164,0.170300,0.093772,-0.241798,4.336604,0.096262
0.066734,1.041762,4.963369,-4.455737,-0.257137,0.378038,0.024026,6.750844,0.209609
0.040273,0.479373,2.510055,-2.365241,-0.303505,0.475011,-0.009300,3.482031,0.317837
0.017035,-0.063748,-2.210482,1.052909,0.138399,0.364409,-0.326062,2.449268,0.258265
-0.016648,-1.055136,-4.699297,2.984979,0.808865,0.206225,-0.599230,5.666287,1.055868
-0.005240,-0.913065,-3.159783,2.030984,1.085312,0.132544,-0.508965,3.865593,1.454515
0.163919,0.332183,0.426161,0.191185,0.612930,-0.046980,-0.195092,0.573158,0.415951
0.422647,0.828848,2.402895,0.200316,-0.138937,-0.418201,-0.056604,2.549710,0.197400
0.564708,0.352851,2.023034,0.518576,-0.502823,-0.557926,-0.076227,2.118040,0.569923
0.556149,0.153034,1.040181,-1.041224,-0.472866,-0.197175,-0.006488,1.479711,0.262522
0.517969,0.248069,-0.130967,-1.870984,-0.425000,0.196524,0.077318,1.891896,0.225225
0.467662,-0.313765,-1.883287,0.435138,-0.346262,0.153130,0.031695,1.958204,0.144351
0.353929,-1.239860,-3.143789,2.960105,0.033136,-0.067059,-0.026478,4.492536,0.006296
0.248266,-1.276987,-2.187088,2.611707,0.505136,-0.111698,0.037942,3.638003,0.269078
0.270911,-0.401721,0.992188,0.974824,0.550353,-0.228080,0.216509,1.447791,0.401785
0.397899,0.163145,3.846709,0.673687,0.240969,-0.622320,0.434479,3.908662,0.634120
0.499864,0.028957,3.687223,1.022056,0.130695,-0.861219,0.560782,3.826363,1.073256
0.520655,-0.048808,0.636580,0.225184,0.308428,-0.635513,0.472385,0.676996,0.722152
0.507455,0.000677,-2.384873,-0.796076,0.374201,-0.337815,0.223460,2.514231,0.304080
0.503109,-0.528568,-2.230233,-0.396888,0.135898,-0.267111,0.063361,2.326122,0.093831
0.493374,-1.055690,0.244795,0.246126,-0.202344,-0.137081,0.096488,1.111298,0.069044
0.454511,-0.216531,0.527267,-0.574466,-0.283257,0.218219,0.017248,0.809263,0.128152
0.410086,1.301761,-0.687041,-2.076533,-0.069948,0.570944,-0.295101,2.545309,0.417954
0.406682,1.767615,2.571470,-2.829769,-0.169471,0.813864,-0.255650,4.212424,0.756452
0.429613,1.417097,7.290849,-2.129967,-0.931237,0.906243,0.340506,7.726668,1.804423
0.413802,0.817649,3.710560,0.375852,-1.494366,0.629989,0.535928,3.818124,2.917235
0.358102,-0.888322,-4.796713,3.179511,-1.027127,0.069698,-0.135812,5.822960,1.078293
0.324469,-2.948914,-6.296436,3.910826,-0.151415,-0.280718,-0.631283,7.977203,0.500247
0.324336,-2.953999,-2.345982,3.137082,0.266045,-0.264246,-0.301359,4.906223,0.231423
0.317444,-1.240088,-2.031536,2.602543,0.432372,-0.193565,0.069192,3.526781,0.229200
0.280606,0.031378,-3.142342,1.349725,0.615767,-0.166210,-0.048865,3.420096,0.409183
0.204559,0.857805,0.082891,-1.629783,0.457465,0.051571,-0.178652,1.843609,0.243850
0.101973,1.670126,3.230563,-3.909375,-0.028126,0.434905,-0.100270,5.339389,0.199988
0.020219,1.233362,1.023563,-2.580079,-0.254281,0.601565,-0.203828,3.037379,0.468085
-0.017244,-0.405661,-2.231050,0.958301,0.008219,0.456507,-0.545048,2.461805,0.505544
0.001955,-1.020472,-1.475057,2.386984,0.487976,0.301019,-0.675889,2.985774,0.785559
0.133030,0.059764,0.991526,1.375224,0.835333,0.103360,-0.370554,1.696448,0.845775
0.357102,0.782378,2.244353,1.819900,0.764252,-0.400338,0.115797,2.993538,0.757761
0.518425,-0.079113,2.921614,3.276379,0.330950,-0.835415,0.442066,4.390529,1.002868
0.536519,-0.951471,2.476333,1.399815,-0.029750,-0.642737,0.509165,2.999501,0.673245
0.504293,-0.365868,0.295155,-2.396289,-0.148326,-0.081777,0.419508,2.441962,0.204675
0.490965,0.633013,-1.046231,-3.280794,-0.248401,0.309816,0.239223,3.501273,0.214917
0.459404,0.593326,-0.831967,-1.820896,-0.330882,0.464135,-0.066035,2.088029,0.329265
0.395280,-0.140484,-1.421163,-0.459337,-0.218871,0.397462,-0.414500,1.500143,0.377691
0.343902,-0.497427,-2.100845,1.251897,-0.084330,0.095473,-0.579853,2.495642,0.352456
0.339165,-0.215417,-0.436133,2.444553,-0.182818,-0.179615,-0.486983,2.492480,0.302836
0.382446,0.179076,2.019178,1.369255,-0.322586,-0.219185,-0.304636,2.446223,0.244907
0.453667,0.227257,2.212278,-0.083439,-0.199556,-0.140513,-0.192099,2.225485,0.096469
0.519085,0.087514,0.524087,0.003029,0.060367,-0.085465,-0.114658,0.531352,0.024095
0.552324,-0.010283,-0.679608,0.238029,0.192013,-0.089862,0.020841,0.720160,0.045379
0.548415,-0.161276,-0.803212,0.012438,0.228677,-0.123257,0.155526,0.819338,0.091674
0.525111,-0.155589,-0.755743,0.087550,0.237879,-0.105817,0.188286,0.776544,0.103235
0.512252,0.211906,-0.412447,-0.086541,0.123247,-0.124201,0.152987,0.471705,0.054021
0.518938,0.329652,0.573972,-0.189626,-0.065537,-0.339129,0.075920,0.688529,0.125067
0.530373,-0.046141,0.914680,0.844759,-0.169546,-0.570236,-0.031964,1.245948,0.354937
0.541116,-0.110467,0.281748,1.274534,-0.191220,-0.551168,-0.024964,1.309970,0.340974
0.540643,0.153628,0.352923,-0.029559,-0.125917,-0.369895,0.093844,0.386044,0.161484
0.506422,0.032443,0.862986,-0.963735,-0.007417,-0.090991,0.150650,1.294057,0.031030
0.464009,0.141115,0.848239,-1.699380,-0.187094,0.412054,0.323051,1.904551,0.309155
0.441982,1.242642,2.195355,-3.661855,-0.802717,0.948025,0.733743,4.446676,2.081485
0.365743,2.398568,4.250312,-4.147306,-1.330577,1.203659,0.798632,6.404563,3.857043
0.183352,2.607210,2.446580,-1.995618,-1.346981,1.228086,0.231254,4.094605,3.376031
0.016938,1.633667,-2.020735,-0.339084,-0.965987,0.939246,-0.285956,2.620537,1.897085
-0.019280,-0.899588,-3.549105,1.496162,-0.281196,0.068498,-0.394728,3.955238,0.239573
0.006609,-4.260655,-2.885862,5.227600,0.576202,-0.871188,-0.424901,7.335474,1.271518
0.004895,-6.012523,-3.258157,6.166084,1.068393,-0.976617,-0.298770,9.207965,2.184508
-0.005492,-4.518776,-3.088891,2.500211,0.924870,-0.409002,0.150670,6.017611,1.045369
0.000055,-0.854257,-1.787846,0.368399,0.594160,0.010336,0.439263,2.015407,0.546085
0.002637,1.877265,-1.517267,1.075775,0.464272,0.145384,0.290666,2.642634,0.321172
-0.000950,1.759024,-1.474003,-0.169637,0.425810,0.264509,0.044460,2.301223,0.253256
-0.000815,0.625568,-0.477344,-2.337870,0.329590,0.329398,-0.157641,2.466745,0.241983
0.000154,0.888644,0.075406,-1.804572,0.178173,0.311422,-0.353672,2.012922,0.253813
0.000730,1.625587,0.489297,-0.773692,0.020831,0.331585,-0.357691,1.865622,0.238325
0.000628,1.211103,1.593856,-1.124571,-0.021106,0.336202,-0.228902,2.296042,0.165873
-0.002285,0.366961,1.222918,-0.513253,0.089072,0.230416,-0.311696,1.376088,0.158180
0.000182,-0.004874,-0.892807,1.104770,0.183573,0.092571,-0.489842,1.420438,0.282214
0.004599,-0.323807,-1.153142,1.425853,0.158374,0.037587,-0.350395,1.862161,0.149272
-0.004268,-0.593440,0.975446,0.511380,0.084256,0.110824,-0.044928,1.251070,0.021400
-0.005305,-0.247178,1.701754,-0.517650,0.023607,0.204208,-0.063021,1.795836,0.046230
0.013374,0.208478,-0.247236,-0.711456,0.084961,0.149668,-0.349770,0.781510,0.151958
-0.001672,-0.033035,-2.107625,0.520109,0.420489,0.092678,-0.468558,2.171103,0.404947
-0.031308,-0.210434,-1.961432,0.991046,0.816865,0.209129,-0.301842,2.207639,0.802112
0.060252,0.424424,-0.247133,-0.523521,0.788880,0.114868,0.047911,0.717833,0.637822
0.268325,0.566083,2.165653,-0.254410,0.360780,-0.435743,0.501168,2.252827,0.571204
0.401647,-0.554484,3.794318,2.381036,0.048028,-0.802706,0.780722,4.513716,1.256170
0.394196,-1.135842,2.782495,1.898944,-0.013109,-0.537664,0.633211,3.555053,0.690211
0.365598,-0.252076,-0.139016,-1.467459,-0.113937,-0.233142,0.272866,1.495428,0.141793
0.379564,0.352731,-1.888584,-1.343771,-0.331959,-0.412577,0.039841,2.344545,0.282004
0.399977,-0.128416,-1.329745,1.939167,-0.499842,-0.706384,-0.033321,2.354800,0.749931
0.406222,-0.347122,-0.260055,2.524446,-0.474102,-0.652621,-0.046274,2.561435,0.652828
0.399377,0.143916,-0.184805,-0.072581,-0.217168,-0.329901,-0.076927,0.245220,0.161914
0.374320,0.563982,-0.453514,-2.259814,-0.028306,0.074768,-0.129721,2.372870,0.023219
0.324570,1.050616,0.393958,-3.323311,-0.403235,0.567181,-0.014075,3.507619,0.484491
0.237429,1.818254,2.081971,-3.910075,-1.230921,0.992973,0.345079,4.788459,2.620241
0.119664,1.744412,2.341468,-2.674385,-1.707741,0.983319,0.582154,3.959518,4.222199
0.023848,0.276001,0.172769,0.700572,-1.384303,0.507817,0.378912,0.772546,2.317747
-0.008283,-1.348069,-2.467084,3.248925,-0.641172,-0.007815,-0.050156,4.296430,0.413678
-0.000200,-2.072419,-3.610559,3.038426,0.039483,-0.275159,-0.326032,5.153939,0.183568
0.004288,-2.114548,-3.501548,2.177138,0.556342,-0.358704,-0.344088,4.633798,0.556582
-0.002024,-1.869424,-2.896377,2.522486,0.831479,-0.294044,-0.218345,4.271613,0.825494
-0.002736,-1.264799,-1.656130,2.169041,0.722456,-0.087860,-0.123799,3.007860,0.544988
0.003945,-0.317115,0.147413,-0.100168,0.449775,-0.000758,-0.143809,0.363767,0.222979
0.000514,0.275734,1.476355,-1.287488,0.422955,-0.203210,-0.191829,1.978201,0.256984
-0.005487,0.052368,1.362999,0.250377,0.555345,-0.428444,-0.202031,1.386794,0.532789
0.039737,-0.100369,0.270713,1.434279,0.426321,-0.460453,-0.188341,1.463050,0.429239
0.156967,0.370875,0.010216,0.546861,0.070609,-0.365523,-0.107762,0.660840,0.150205
0.282191,0.565743,1.131243,-0.829944,-0.119521,-0.063035,-0.052433,1.512806,0.021008
0.356443,0.495251,1.268183,-2.476793,-0.120016,0.455607,-0.276258,2.826317,0.298300
0.383928,0.952467,-0.786063,-3.897412,-0.141569,0.756906,-0.635126,4.088387,0.996334
0.380978,0.946948,-1.994332,-2.464169,-0.059844,0.618062,-0.632074,3.308504,0.785099
0.378525,-0.138047,-0.475101,0.705754,0.220865,0.303940,-0.232443,0.861897,0.195191
0.430011,-0.624578,1.289827,1.726651,0.292803,-0.103159,0.138888,2.243897,0.115665
0.518203,-0.282006,1.958488,1.570194,-0.075736,-0.591490,0.301033,2.526007,0.446217
0.558910,-0.670005,2.470039,2.524508,-0.418643,-0.760175,0.307057,3.594877,0.847412
0.543099,-1.041466,1.801637,2.328007,-0.384305,-0.424809,0.108815,3.122525,0.339994
0.535083,-0.007357,-0.576151,-0.207590,-0.268099,0.034295,-0.229388,0.612452,0.125672
0.540093,1.001289,-1.974825,-2.238305,-0.245469,0.332600,-0.421073,3.148416,0.348180
0.522122,0.763281,-1.621169,-2.354505,-0.010377,0.433826,-0.351863,2.958797,0.312120
0.513644,0.467661,-1.620342,-1.266544,0.382047,0.205496,-0.141586,2.109111,0.208235
0.564366,0.405898,-1.077345,0.799978,0.349772,-0.333156,0.183957,1.401924,0.267174
0.624231,-0.473444,1.841238,2.795611,-0.071794,-0.807459,0.524596,3.380791,0.932345
0.612621,-1.358990,3.527640,2.874447,-0.135241,-0.872016,0.530001,4.749057,1.059603
0.551444,-0.601066,0.820663,0.762795,0.124000,-0.425761,0.264954,1.271465,0.266849
0.501594,1.307894,-1.473579,-2.337805,-0.176979,0.395322,0.306910,3.057344,0.281795
0.446327,3.020456,0.449140,-4.608258,-1.033274,1.166752,0.578642,5.528193,2.763792
0.346803,3.939531,1.399099,-4.272006,-1.487096,1.485853,0.342127,5.977242,4.536265
0.218481,2.874939,-2.240444,-1.198553,-1.231589,1.277675,-0.283948,3.836847,3.229891
0.096919,-1.428465,-5.377579,3.071975,-0.637645,0.579179,-0.391510,6.355777,0.895320
0.013003,-7.240302,-4.476416,6.338128,0.193789,-0.400764,0.056759,10.612829,0.201388
-0.010872,-9.570655,-3.269361,6.649112,1.086692,-1.030609,0.199277,12.103588,2.282766
0.002593,-4.756473,-4.361852,4.463522,1.432349,-0.885081,-0.146545,7.846835,2.856467
0.004628,3.690204,-4.149509,1.764831,0.960560,-0.339780,-0.236654,5.826719,1.094131
-0.006139,7.186500,0.489057,-1.358158,0.127609,0.052403,0.187109,7.330044,0.054040
0.000623,3.663669,5.211843,-4.353285,-0.375813,0.148801,0.457694,7.716014,0.372861
0.008153,0.207084,3.631608,-3.559225,-0.167345,-0.046123,0.227538,5.089159,0.081905
-0.010677,0.479289,-2.147288,1.590441,0.455659,-0.404534,-0.058664,2.714787,0.374714
0.000175,0.782384,-4.620376,4.870252,0.730541,-0.558344,-0.119987,6.758650,0.859835
0.097287,-0.170574,-2.215082,2.304809,0.350976,-0.415827,-0.095638,3.201223,0.305243
0.215064,-0.203751,0.970272,-1.396814,-0.188428,-0.230849,-0.055416,1.712902,0.091867
0.285363,0.314567,2.140209,-1.811067,-0.382941,0.042968,-0.135966,2.821243,0.166977
0.346366,0.410803,0.791854,-1.524544,-0.313970,0.485964,-0.490412,1.766360,0.575242
0.397219,0.633961,-1.526280,-1.972583,-0.223471,0.690550,-0.770224,2.573426,1.120044
0.374235,0.489505,-1.754891,-0.494998,-0.031170,0.534482,-0.589687,1.887930,0.634373
0.334846,-0.269061,0.085990,1.466814,0.314166,0.427361,-0.214436,1.493764,0.327320
0.390488,-0.407080,1.255871,1.070125,0.463496,0.225977,0.046077,1.699439,0.268017
0.491437,-0.372340,1.969698,1.514398,0.216530,-0.438406,0.314148,2.512319,0.337774
0.521132,-1.237946,3.228471,3.941771,-0.051795,-0.952582,0.534728,5.243386,1.196029
0.492010,-1.437602,2.631163,2.806267,-0.081514,-0.708464,0.447862,4.106684,0.709146
0.478275,-0.103789,-0.207240,-1.801566,-0.139582,-0.297179,0.185772,1.816414,0.142310
0.488492,0.661817,-1.494584,-2.892185,-0.327721,-0.207987,-0.026868,3.322125,0.151382
0.502417,0.300923,-0.912172,-0.591799,-0.378834,0.035088,-0.303317,1.128201,0.236748
0.514554,0.466764,-1.670827,-0.876729,-0.255174,0.570095,-0.606669,1.943755,0.758169
0.496894,0.832022,-2.830200,-2.802232,-0.074279,0.842592,-0.610626,4.068759,1.088343
0.430205,0.225767,-1.552328,-1.611326,0.200900,0.724213,-0.328345,2.248792,0.672656
0.371391,-0.418864,0.730299,1.037359,0.310582,0.468803,-0.031643,1.336001,0.317239
0.369258,-0.364731,2.306849,1.180237,-0.199802,0.055190,0.330196,2.616781,0.151996
0.373011,-0.330327,4.192328,-0.046490,-0.944466,-0.398714,0.762082,4.205579,1.631758
0.347894,-0.252160,4.489231,-0.285253,-0.936520,-0.516331,0.770982,4.505347,1.738081
0.356120,-0.009134,-0.310447,0.134442,-0.136909,-0.406437,0.146647,0.338431,0.205440
0.425567,-0.610039,-6.542082,0.987725,0.465661,-0.447392,-0.497687,6.644290,0.664692
0.497700,-1.539587,-6.676652,1.975800,0.362629,-0.480846,-0.622208,7.131045,0.749855
0.540395,-0.919194,-1.200769,1.127266,-0.021920,-0.216805,-0.426186,1.886132,0.229119
0.562078,0.549883,2.489936,-1.392634,-0.204171,0.136154,-0.306698,2.905440,0.154287
0.547031,0.778050,1.357536,-2.488900,-0.034957,0.363989,-0.343575,2.939879,0.251754
0.496563,0.303685,-1.034821,-1.786123,0.397726,0.507846,-0.318210,2.086460,0.517351
0.469117,0.323138,-1.032824,-1.305545,0.690008,0.329179,0.061544,1.695757,0.588258
0.498197,-0.219269,1.667774,-0.017840,0.523107,-0.356727,0.660065,1.682221,0.836581
0.542502,-1.623415,4.349404,3.067003,0.187253,-0.918844,0.871059,5.564108,1.638082
0.563938,-1.832894,3.908857,4.006677,-0.001243,-0.747601,0.509582,5.890002,0.818583
0.576603,-0.443505,1.242764,0.720321,-0.255827,-0.354156,0.047596,1.503337,0.193139
0.595300,0.464094,-0.501966,-1.627719,-0.609938,-0.372773,-0.278863,1.765452,0.588749
0.611610,0.379143,-1.484716,0.032329,-0.628400,-0.292395,-0.575846,1.532702,0.811980
0.615513,0.501146,-2.529469,0.416938,-0.246058,0.482340,-0.664545,2.612125,0.734816
0.586142,0.505317,-1.679589,-3.240027,0.146983,1.253265,-0.378077,3.684310,1.735219
0.511621,-0.334104,0.871984,-4.472611,0.295429,1.189038,0.093787,4.569051,1.509886
0.441261,-0.578274,2.840808,-0.477526,-0.044724,0.804774,0.705220,2.938132,1.146997
0.425302,0.696176,5.152098,1.348701,-0.906567,0.762266,1.335091,5.371012,3.185381
0.414883,1.480675,6.605551,-1.417549,-1.414030,0.590626,1.245896,6.916296,3.900577
0.335804,0.478410,1.355373,-1.185642,-0.765873,-0.026216,0.217518,1.863239,0.634563
0.215061,-0.974708,-7.609071,3.125040,0.294795,-0.432867,-0.597056,8.283350,0.630754
0.124784,-2.439594,-8.498058,3.755726,0.680598,-0.403220,-0.404322,9.605940,0.789276
0.072760,-4.289419,-2.065417,0.682024,0.716489,-0.519492,-0.014797,4.809389,0.783447
0.032289,-4.463054,-1.076618,1.316576,1.016779,-0.800787,-0.166141,4.776121,1.702702
0.003287,-1.432891,-5.289001,4.403939,1.036595,-0.616776,-0.293365,7.030035,1.541005
-0.004497,1.931821,-2.660920,1.893814,0.287970,0.041764,0.082833,3.794596,0.091532
0.002031,2.557667,5.430090,-4.720245,-0.533646,0.495325,0.432127,7.635984,0.716859
0.003545,1.397076,6.868645,-6.178755,-0.703364,0.470115,0.312632,9.343828,0.813468
-0.005368,0.431343,1.551867,-1.788941,-0.328799,0.315115,-0.060558,2.407210,0.211074
-0.001658,-0.237055,-2.354991,1.346258,0.229112,0.208387,-0.475423,2.722974,0.321944
0.011145,-0.979707,-3.866967,1.864885,0.606830,0.020429,-0.775149,4.403528,0.969516
-0.008121,-1.320352,-3.657153,2.359039,0.527056,-0.096113,-0.658497,4.547875,0.720644
-0.012875,-0.445920,0.145422,1.223655,0.272742,0.022432,-0.208829,1.310467,0.118501
0.116727,1.202521,3.585836,-1.282272,0.266200,-0.047668,0.139994,3.993557,0.092733
0.343568,1.396990,2.377128,-0.185224,0.352234,-0.540785,0.319390,2.763445,0.518527
0.478428,-0.525718,0.658520,3.314668,0.266870,-0.823130,0.466607,3.420095,0.966485
0.456388,-1.683354,1.172116,2.610792,0.075248,-0.478384,0.486090,3.320207,0.470797
0.388248,-0.450238,0.771138,-1.437535,-0.152637,0.032288,0.313666,1.692299,0.122727
0.373849,0.705824,-0.572598,-2.913256,-0.374449,0.330426,-0.027007,3.051740,0.250123
0.402838,0.268068,-1.296486,-1.604248,-0.495073,0.530944,-0.538884,2.079988,0.817395
0.376425,0.039216,-2.747136,-0.701361,-0.440427,0.727446,-0.934876,2.835525,1.597147
0.247958,0.666993,-3.498343,-0.655517,-0.068942,0.862372,-0.846176,3.621186,1.464452
0.162765,0.624309,-0.600900,-0.085855,0.466949,0.699612,-0.412018,0.870755,0.877257
0.273976,-0.187779,3.368413,1.744257,0.535998,0.003007,0.028464,3.797881,0.288113
0.473941,-0.568733,4.313025,3.049642,0.097168,-0.774907,0.330854,5.312811,0.719387
0.565563,-0.320452,1.799662,1.162966,-0.088525,-0.858496,0.383747,2.166555,0.892114
0.563786,0.064391,-2.114686,-1.960170,0.048838,-0.379288,0.333944,2.884148,0.257763
0.576706,-0.107301,-3.078386,-2.070208,-0.048246,-0.059686,0.427511,3.711298,0.188656
0.571498,-0.936716,-0.078825,-0.090881,-0.159120,0.017434,0.304457,0.944410,0.118317
0.484401,-0.513673,0.569651,0.305048,-0.101669,0.268833,-0.135522,0.825480,0.100974
0.384399,2.188621,-1.085982,-1.520742,-0.663390,0.684213,-0.046048,2.877859,0.910354
0.339531,4.191039,3.145795,-3.769226,-1.635690,0.752201,0.434765,6.455068,3.430309
0.297222,2.779536,8.078668,-3.549012,-1.455144,0.273808,0.018265,9.251280,2.192748
0.225307,-0.551062,2.582891,-0.189395,-0.269897,-0.198199,-0.834437,2.647804,0.808412
0.169595,-3.258027,-4.101962,1.869167,0.172429,-0.192265,-0.560137,5.561890,0.380451
0.119374,-4.293939,-0.818530,0.711744,-0.004356,-0.050298,0.219746,4.428824,0.050837
0.030712,-3.300315,1.779667,0.800620,0.534676,-0.151020,0.075116,3.834095,0.314328
-0.033471,-1.043244,-2.699743,2.632836,1.205136,-0.233047,-0.356841,3.912646,1.633999
0.024486,0.806882,-2.349981,1.337357,0.794371,-0.061816,-0.114935,2.821700,0.648057
0.174036,1.593002,4.762846,-2.618138,-0.000618,0.124287,0.182451,5.663656,0.048736
0.304298,1.484774,6.643091,-4.088816,-0.091120,0.108989,0.018219,7.940631,0.020513
0.376184,0.620686,1.918032,-1.822727,0.190418,0.034940,-0.169619,2.717799,0.066250
0.417784,-0.108791,-1.370597,0.768332,0.317466,0.172550,-0.195283,1.575026,0.168694
0.434165,0.259550,-1.665022,0.330321,0.443345,0.453879,-0.118558,1.717200,0.416617
0.427411,0.812666,-0.936988,-1.641774,0.502278,0.373143,0.246740,2.057619,0.452400
0.438619,0.018063,1.317395,-0.341764,0.174610,-0.258522,0.666832,1.361124,0.541987
0.484377,-1.326440,3.264970,3.402900,-0.318720,-0.824527,0.582386,4.898898,1.120601
0.521101,-1.143938,1.670899,3.529212,-0.555628,-0.787550,0.125068,4.068886,0.944599
0.514628,0.347335,-1.303188,-0.041887,-0.580496,-0.416774,-0.176711,1.349331,0.541903
0.476546,1.098208,-1.826568,-1.983881,-0.492446,-0.073276,-0.277781,2.911734,0.325035
0.436320,0.827200,-1.295192,-1.759967,-0.107151,0.287403,-0.323982,2.336507,0.199046
0.434972,0.833921,-1.812136,-1.737348,0.424610,0.453103,-0.172682,2.645305,0.415415
0.499033,0.674316,-0.962759,-0.278994,0.571040,-0.027071,0.244799,1.208075,0.386746
0.579570,-0.887626,2.293821,3.392529,0.339271,-0.793291,0.604141,4.190316,1.109402
0.595758,-2.174486,3.570810,4.393196,0.196652,-0.930048,0.596923,6.064589,1.259978
0.553571,-0.983034,0.916996,0.306672,0.124105,-0.437922,0.352061,1.378871,0.331125
0.522866,0.696684,-1.269420,-3.265203,-0.154581,-0.144622,0.126148,3.571883,0.060724
0.522349,0.212617,-0.778519,-1.727137,-0.504556,-0.288737,-0.068526,1.906384,0.342642
0.531404,-0.588720,-0.180947,1.180636,-0.684580,-0.379262,-0.231271,1.331628,0.665976
0.550032,0.381065,-0.104210,0.461742,-0.528248,-0.146972,-0.291520,0.607681,0.385631
0.565905,1.121971,-0.268640,-2.086336,0.000072,0.258071,-0.272862,2.384069,0.141054
0.552026,0.724142,-1.274553,-2.595830,0.160301,0.756289,-0.018624,2.981141,0.598016
0.515213,1.862332,0.704091,-2.717110,-0.812613,1.361946,0.624173,3.368488,2.904829
0.455200,4.090367,6.815531,-4.486650,-1.919067,1.715207,1.017950,9.127573,7.660975
0.342051,3.287838,6.620312,-3.105000,-1.529243,1.260055,0.411902,8.017446,4.095986
0.203861,-0.744948,-3.935587,3.788526,-0.058754,0.177345,-0.564061,5.513322,0.353068
0.112572,-4.964286,-10.527806,7.828354,0.855416,-0.630274,-0.683100,14.027186,1.595607
0.067109,-7.722134,-5.360049,4.094263,0.953796,-0.740960,-0.083722,10.253022,1.465758
0.023440,-6.286563,-0.492405,0.822677,1.030262,-0.516211,0.154805,6.359256,1.351878
-0.007578,0.437945,-3.350383,2.894224,1.165493,-0.269344,-0.167349,4.448977,1.458926
-0.002604,5.487858,-5.220752,2.981963,0.911316,-0.021063,-0.389652,8.140328,0.982769
0.008047,3.412565,-0.514291,-2.027318,0.326786,0.213192,-0.210624,4.002513,0.196602
-0.003628,0.068786,4.754338,-5.083001,-0.168196,0.389156,0.077243,6.960270,0.185699
-0.007261,0.736954,4.645252,-3.105286,-0.326768,0.410631,0.052892,5.635980,0.278193
0.012135,1.383662,-0.098310,-0.054996,-0.036834,0.308202,-0.378734,1.388240,0.239785
0.001376,-0.345836,-3.940893,1.538520,0.585711,0.372119,-0.701081,4.244677,0.973044
-0.029366,-0.757523,-1.695634,1.250802,0.958272,0.461315,-0.388725,2.239089,1.282204
0.049407,0.547665,4.105259,0.112118,0.639665,-0.050764,0.268217,4.143146,0.483689
0.258238,0.240179,6.166686,1.238327,0.049581,-0.911595,0.637832,6.294375,1.240293
0.412535,-1.109608,3.390969,3.432160,-0.149395,-1.031524,0.610371,4.950719,1.458913
0.399431,-0.628407,0.024316,1.492524,0.010861,-0.316157,0.437480,1.619603,0.291462
0.337772,0.727852,-1.791793,-2.655236,0.081024,0.276390,0.199559,3.284900,0.122780
0.357826,0.548786,-2.300951,-2.608803,-0.099256,0.428153,-0.221569,3.521561,0.242260
0.401617,-0.104822,-2.525888,-0.149963,-0.303916,0.593035,-0.730311,2.532506,0.977410
0.352120,0.409813,-2.597775,-0.434386,-0.236320,0.803664,-0.884631,2.665534,1.484295
0.266343,0.684750,-0.493343,-1.194569,0.052827,0.632340,-0.541060,1.462623,0.695390
0.305092,-0.214838,3.192655,0.749767,0.179146,0.085940,-0.139699,3.286541,0.058995
0.454423,-0.667023,4.126197,2.143935,0.044251,-0.339704,0.067819,4.697540,0.121956
0.552945,-0.298715,1.740076,0.781032,-0.042069,-0.412726,0.259216,1.930571,0.239305
0.559650,-0.439449,-0.459322,-0.227212,0.028346,-0.326093,0.393896,0.675068,0.262294
0.547601,-0.799803,-1.440241,0.376280,0.056900,-0.209207,0.286949,1.689842,0.129345
0.532438,-0.334929,-1.685487,0.216998,-0.035181,-0.116329,0.105518,1.732089,0.025904
0.507412,0.315011,-0.587150,-0.514269,-0.172461,-0.248419,0.042476,0.841695,0.093259
0.513138,0.236467,0.797550,0.567966,-0.313774,-0.585551,-0.016959,1.007268,0.441612
0.551290,-0.058734,0.702529,2.297781,-0.398639,-0.750957,-0.114668,2.403496,0.735998
0.552297,0.047372,0.148161,1.702772,-0.304435,-0.594230,-0.102913,1.709862,0.456381
0.490310,0.057814,0.216095,-0.346222,-0.095925,-0.274812,0.014890,0.412200,0.084945
0.422450,-0.150621,0.179223,-1.557109,-0.197565,0.172708,0.139449,1.574610,0.088306
0.365334,0.604610,0.871468,-2.761222,-0.839109,0.624283,0.266302,2.957931,1.164750
0.259288,2.069218,2.750675,-4.053301,-1.408545,0.671414,0.303281,5.317624,2.526775
0.116943,1.568355,2.092486,-2.305560,-1.135838,0.269817,0.110315,3.486236,1.375099
0.046938,-1.295405,-2.649442,2.206144,-0.247918,-0.096873,-0.201357,3.683027,0.111392
0.075761,-3.012333,-6.150021,4.402003,0.396542,-0.181066,-0.404532,8.140918,0.353677
0.116228,-1.762646,-4.413563,2.547292,0.438784,-0.129022,-0.418704,5.392138,0.384491
0.127236,0.294153,-0.032854,-0.237879,0.157663,0.013838,-0.293892,0.379726,0.111422
0.153958,1.211999,2.924444,-1.972377,-0.044911,0.227188,-0.218974,3.729824,0.101581
0.215745,0.969210,2.418193,-2.259256,0.022033,0.280761,-0.371525,3.448371,0.217343
0.263515,-0.014848,-0.769180,-0.440898,0.260215,0.136114,-0.590481,0.886707,0.434907
0.266049,-0.655900,-2.687647,1.713522,0.488600,0.112210,-0.553386,3.254199,0.557557
0.272703,0.048648,-1.092157,1.247553,0.607697,0.216859,-0.222496,1.658783,0.465828
0.337335,0.798017,1.481421,-0.059955,0.503369,-0.033405,0.164832,1.683756,0.281666
0.428475,0.027774,2.636445,1.241005,0.167457,-0.673713,0.363920,2.914053,0.614369
0.485591,-0.843605,2.546679,2.622625,-0.108556,-0.999271,0.313402,3.751720,1.108548
0.508655,-0.169794,1.357625,0.402499,-0.048036,-0.668478,0.161374,1.426177,0.475212
0.523669,0.692275,-0.619619,-2.202966,0.252331,-0.191671,0.068069,2.390864,0.105042
0.526746,0.150086,-1.938229,-1.111835,0.465728,-0.010391,0.113967,2.239517,0.229999
0.517591,-1.071204,-1.348825,1.082377,0.370365,0.041604,0.303781,2.034293,0.231184
0.513999,-1.462960,0.730656,0.465725,0.101813,0.216752,0.366219,1.700297,0.191464
0.503853,-0.245253,1.438246,-1.960577,-0.026196,0.463709,0.026035,2.443883,0.216390
0.467471,1.806343,-0.624585,-3.069982,-0.222860,0.636886,-0.276093,3.616320,0.531518
0.429969,2.695303,-0.345620,-2.286093,-1.000421,0.705971,0.030462,3.551103,1.500165
0.399959,2.036923,5.472423,-1.455330,-1.798120,0.628851,0.338488,6.017845,3.743263
0.342913,1.064310,7.992531,-0.957753,-1.407683,0.288778,-0.216475,8.119766,2.111826
0.286749,-0.587161,0.696729,0.778707,-0.206630,-0.171517,-0.911165,1.198572,0.902336
0.296959,-3.263122,-5.843829,2.652750,0.325385,-0.352653,-0.592934,7.199680,0.581810
0.335400,-4.502122,-2.716903,2.033666,0.241706,-0.245990,0.169608,5.637948,0.147700
0.332346,-2.935489,1.237001,0.561804,0.535310,-0.191574,0.236108,3.234639,0.379004
0.316556,-0.664763,-0.781299,0.508199,0.800853,-0.115043,-0.106395,1.144816,0.665920
0.302077,0.910004,-1.212338,-0.559145,0.311598,0.223085,-0.112357,1.615708,0.159484
0.224510,2.009640,2.850972,-3.391587,-0.095556,0.523395,-0.006471,4.865137,0.283115
0.123391,1.899008,3.355712,-3.581172,0.390576,0.461704,-0.156853,5.262302,0.390323
0.155520,0.505488,-0.735856,-0.359525,0.913144,0.237569,-0.291151,0.962424,0.975040
0.338620,-0.379769,-1.336443,1.411221,0.552833,0.004739,-0.248442,1.980366,0.367370
0.510887,-0.164313,2.466466,0.579036,-0.216219,-0.309854,-0.290583,2.538845,0.227199
0.573161,0.129351,3.802960,0.292975,-0.578406,-0.484992,-0.445205,3.816421,0.767978
0.568298,0.301442,1.201589,0.358100,-0.480227,-0.258587,-0.446603,1.289542,0.496939
0.540916,0.579892,-0.726625,-1.024278,-0.348960,0.120357,-0.217511,1.383258,0.183570
0.481744,0.540701,0.014752,-2.008668,-0.416256,0.261056,0.089883,2.080222,0.249498
0.389768,-0.073522,1.075168,-0.788592,-0.388559,0.169556,0.253660,1.335391,0.244071
0.312266,-0.914343,-0.227517,1.124933,0.078269,0.088649,0.157262,1.467400,0.038716
0.324116,-1.162382,-2.921233,2.140674,0.635497,0.026886,0.043366,3.803580,0.406460
0.441099,-0.353830,-2.694171,2.227313,0.685641,-0.330867,0.196122,3.513499,0.618040
0.568720,0.389299,1.022873,1.827245,0.323077,-1.004309,0.393873,2.129941,1.268151
0.607388,0.133029,2.854945,1.126902,0.038327,-1.354582,0.348655,3.072184,1.957922
0.561680,-0.121093,0.800567,-0.415862,-0.022946,-0.994118,0.287670,0.910226,1.071551
0.497303,-0.041663,-0.530622,-2.425637,-0.004906,-0.423413,0.355074,2.483347,0.305380
0.459721,-0.120870,0.456422,-2.839767,-0.159075,0.020445,0.241968,2.878751,0.084271
0.438513,1.086663,0.750572,-2.334511,-0.803877,0.787299,0.041069,2.682189,1.267745
0.384288,3.689388,1.879082,-4.676775,-1.767549,1.812289,0.226835,6.246179,6.460075
0.297905,4.231966,5.832127,-7.853842,-2.057751,1.980027,0.395978,10.658615,8.311645
0.246001,1.882010,5.142306,-4.255947,-1.045640,0.916298,-0.222882,6.935298,1.982641
0.243885,-0.834365,-3.665265,4.207909,0.304953,-0.208304,-0.955220,5.642414,1.048832
0.238528,-3.963993,-8.023892,6.201933,0.729707,-0.566839,-0.606251,10.888529,1.221319
0.214263,-6.819161,-2.540495,1.596007,0.618363,-0.599940,0.241539,7.449987,0.800642
0.188117,-4.572184,-0.879903,0.747565,0.936711,-0.582000,0.308306,4.715713,1.311204
0.138880,1.976034,-6.032666,2.714774,1.255115,-0.270561,-0.078302,6.904185,1.654648
0.056714,4.422773,-3.882113,-0.437430,0.761720,0.096315,-0.000799,5.901107,0.589495
0.001449,1.237754,5.085382,-5.012144,-0.074927,0.185045,0.283101,7.246705,0.120002
0.004435,-0.399041,6.575249,-4.187713,-0.332690,0.213554,0.174995,7.805772,0.186911
0.001446,1.037357,0.460812,-0.861990,0.059223,0.263084,-0.221449,1.425301,0.121760
-0.019149,0.745508,-3.500582,1.118454,0.547250,0.171347,-0.552777,3.749773,0.634405
0.056010,-1.045188,-3.679626,2.014313,0.714095,0.126353,-0.581311,4.323138,0.863819
0.257976,-0.621641,-2.364698,1.168406,0.588166,0.132612,-0.180757,2.709872,0.396198
0.447192,0.698317,0.500158,-0.209774,0.392704,-0.251415,0.421565,0.884200,0.395143
0.528796,-0.270364,3.373370,1.113280,0.146131,-0.847318,0.725295,3.562599,1.265355
0.546082,-1.909483,3.605467,2.929432,-0.194956,-0.952709,0.511251,5.022658,1.207040
0.547971,-1.389529,1.483605,1.581074,-0.422461,-0.578027,0.058794,2.575203,0.516045
0.549441,0.199289,-0.568895,-0.630806,-0.393728,-0.147934,-0.287681,0.872510,0.259667
0.559344,0.924335,-1.352046,-1.590127,-0.335756,0.318994,-0.531804,2.282746,0.497305
0.548107,1.032742,-1.748521,-2.430015,-0.351604,0.747041,-0.743802,3.166837,1.234937
0.500389,0.835330,-2.000778,-1.913399,-0.154785,0.801109,-0.664283,2.891710,1.107006
0.487267,0.068563,-0.616787,0.759019,0.238237,0.399261,-0.125613,0.980427,0.231945
0.553671,-0.857766,2.068135,2.745376,0.332189,-0.302769,0.441740,3.542603,0.397153
0.625155,-1.340716,3.096801,3.107824,0.031902,-0.961019,0.548184,4.587621,1.225081
0.633927,-1.063957,1.619426,2.566957,-0.202379,-1.061525,0.332066,3.216180,1.278060
0.606440,-0.225709,-0.066666,0.337839,-0.155253,-0.608462,0.185497,0.411733,0.428739
0.573688,0.304558,-0.672994,-2.066079,-0.068855,-0.143374,0.172940,2.194165,0.055205
0.531531,0.569535,-0.400549,-2.331373,-0.285529,0.264107,0.212895,2.433128,0.196604
0.477565,1.622523,1.261826,-2.813142,-0.927127,0.867969,0.295903,3.484043,1.700493
0.384334,2.892457,3.471982,-4.802022,-1.495629,1.237702,0.248147,6.593966,3.830389
0.221975,2.586161,2.694480,-3.636594,-1.177178,0.808549,-0.181185,5.212798,2.072328
0.057932,0.553886,-1.933942,1.746013,-0.082708,0.025146,-0.728235,2.663735,0.537799
-0.001872,-2.204884,-5.244845,4.202970,0.678267,-0.318291,-0.680237,7.073533,1.024078
0.033178,-4.686716,-3.082866,0.945003,0.646888,-0.256991,0.029573,5.688796,0.485383
0.071332,-4.759904,0.572124,-0.969711,0.539456,-0.197147,0.507618,4.891253,0.587556
0.070057,-1.403412,0.231507,1.496258,0.746929,-0.080683,0.285174,2.064449,0.645737
0.045799,1.792010,-1.334243,1.823334,0.686051,0.216908,0.002205,2.883756,0.517720
0.016876,1.401638,1.095307,-2.207304,0.038130,0.447158,0.104417,2.834868,0.212307
-0.006935,-0.063269,4.785399,-4.438884,-0.529429,0.461813,0.131671,6.527460,0.510904
-0.007961,0.425013,3.730065,-2.533222,-0.332661,0.425058,-0.245488,4.528933,0.351602
0.012202,0.837730,-1.374433,0.053249,0.330160,0.402793,-0.652998,1.610495,0.697654
0.003762,-0.455977,-4.396384,1.674392,0.720263,0.411102,-0.676682,4.726489,1.145682
-0.029744,-0.988989,-2.138629,1.657635,0.778178,0.589159,-0.338534,2.880900,1.067275
0.042337,0.350055,1.934022,-0.535457,0.823672,0.642755,0.093416,2.037080,1.100296
0.271728,0.983102,3.271087,-1.009005,0.653269,-0.058727,0.412806,3.561543,0.600618
0.478837,-0.518570,2.684656,2.845966,0.109787,-1.156646,0.561235,3.946621,1.664868
0.508542,-2.008587,2.555648,4.982607,-0.249619,-1.415338,0.518296,5.949129,2.334122
0.447357,-1.208099,1.474847,0.802413,-0.124861,-0.688185,0.323641,2.068464,0.593932
0.430595,0.695046,-0.926729,-3.689534,-0.038109,-0.114682,0.168920,3.867115,0.043138
0.452044,0.824644,-1.218455,-2.897963,-0.314808,-0.132378,0.086548,3.250055,0.124119
0.459523,-0.483304,0.537370,-0.488671,-0.612239,-0.075199,-0.239079,0.872438,0.437650
0.455799,-0.315611,0.114220,-0.308822,-0.602666,0.280323,-0.804908,0.456100,1.089664
0.458292,1.089933,-1.977142,-0.151411,-0.307632,0.467489,-0.947639,2.262735,1.211203
0.468789,0.744369,-1.312763,1.210961,0.063228,0.429576,-0.375335,1.934905,0.329410
0.482210,-0.957859,1.317337,1.221790,0.180983,0.471236,0.224719,2.036085,0.305317
0.473382,-0.823080,1.888224,-0.195054,-0.198282,0.520689,0.336837,2.069033,0.423892
0.415610,1.028800,1.489497,-0.560788,-0.915062,0.441206,0.370433,1.895129,1.169222
0.326096,1.688977,3.143810,-0.436151,-1.512260,0.453483,0.645403,3.595332,2.909122
0.235239,0.741158,4.581762,-1.398785,-1.718927,0.646220,0.810508,4.847521,4.029234
0.141008,-0.094924,2.723901,-1.867761,-1.634481,0.745226,0.699441,3.304115,3.716108
0.050839,-0.602164,-0.108419,-0.566638,-1.410186,0.596316,0.609570,0.833927,2.715793
0.001451,-1.405246,-1.161323,1.014435,-1.039669,0.310059,0.596578,2.086256,1.532954
-0.002804,-1.937991,-1.908432,2.006442,-0.524217,-0.023213,0.439518,3.379901,0.468518
0.002258,-1.714279,-3.536115,2.813163,0.039482,-0.357675,0.168436,4.832882,0.157861
-0.000117,-1.413378,-4.391650,3.021821,0.530924,-0.584974,-0.024391,5.515037,0.624670
-0.001108,-1.298345,-3.603330,2.341992,0.804998,-0.632614,-0.119516,4.489389,1.062506
0.000628,-0.720758,-2.049645,1.397655,0.790994,-0.537370,-0.163739,2.583404,0.941248
0.000285,0.242773,-0.337894,0.306633,0.623134,-0.368946,-0.141076,0.516851,0.544320
-0.000475,0.770094,1.114475,-1.027213,0.435839,-0.181387,-0.073110,1.700078,0.228202
0.000072,0.813375,1.843021,-1.921347,0.240164,0.027363,0.019882,2.783861,0.058823
0.000221,0.765190,1.971060,-1.916001,0.243970,0.347590,0.186267,2.853358,0.215036
-0.000140,0.483274,1.446514,-1.243200,0.744592,0.789813,0.374348,1.967613,1.318358
-0.000052,0.013917,0.155046,-0.205492,1.425969,1.121760,0.426934,0.257798,3.474006
0.000091,-0.171152,-0.640008,0.497102,1.505857,1.082495,0.342303,0.828259,3.556572
-0.000008,-0.043166,0.077811,0.240876,0.839015,0.687908,0.225134,0.256786,1.227849
-0.000032,0.274359,0.841871,-0.107058,0.132620,0.192355,0.059700,0.891897,0.058153
-0.000005,0.696824,0.230484,0.408141,-0.137399,-0.165671,-0.092830,0.839801,0.054943
0.000017,0.402221,-0.441684,0.750817,-0.290275,-0.343421,0.036867,0.959475,0.203557
0.000042,-0.952076,0.172253,0.084310,-0.600850,-0.434005,0.423339,0.971199,0.728597
-0.000065,-1.599461,0.487493,-0.122793,-0.670712,-0.460543,0.561464,1.676605,0.977196
-0.000048,-0.159459,-1.394468,0.997291,-0.215781,-0.408467,0.227740,1.721789,0.265272
0.000174,1.560894,-3.865874,1.893412,0.286472,-0.387356,-0.160018,4.578906,0.257717
-0.000055,1.394260,-3.867161,1.530940,0.365735,-0.459859,-0.309761,4.386647,0.441184
-0.000281,0.351913,-1.836830,0.651808,0.214459,-0.472133,-0.426130,1.980566,0.450489
0.000346,0.221804,-0.642167,-0.180578,0.148554,-0.321462,-0.567502,0.702982,0.447465
0.000217,0.346524,-0.435656,-0.941478,0.151547,-0.131366,-0.506016,1.093735,0.296276
-0.000828,-0.241190,0.471702,-1.359502,0.149249,-0.016382,-0.327320,1.459082,0.129682
0.000324,-0.598298,1.263802,-1.234749,0.158522,0.037306,-0.336113,1.865412,0.139493
0.001237,-0.148738,0.530973,-0.684676,0.173001,0.053929,-0.463906,0.879111,0.248046
-0.001677,0.078127,-0.379290,-0.020652,0.218900,0.065402,-0.441295,0.387803,0.246936
-0.000811,-0.275187,-0.204234,0.273545,0.327722,0.116461,-0.296112,0.438482,0.208647
0.003815,-0.400832,0.134448,0.074831,0.388976,0.160386,-0.228016,0.429351,0.229017
-0.001851,-0.161649,0.097153,-0.099232,0.340008,0.142778,-0.286643,0.213111,0.218155
-0.005606,-0.040790,-0.060630,-0.015977,0.335366,0.138005,-0.388293,0.074800,0.282287
0.008887,-0.014226,-0.462772,-0.024541,0.423213,0.181847,-0.428615,0.463641,0.395888
0.002908,0.042020,-0.464327,-0.053945,0.438193,0.209310,-0.358851,0.469335,0.364598
-0.025645,-0.003368,0.584660,-0.021830,0.399872,0.247551,-0.234310,0.585077,0.276080
0.039680,0.013860,1.385549,-0.454067,0.472412,0.231908,-0.095139,1.458120,0.286006
0.247449,0.086648,1.165211,-0.511012,0.530106,-0.110809,0.117182,1.275287,0.307023
0.446651,-0.353813,1.315959,1.181847,0.346932,-0.642301,0.377222,1.803800,0.675209
0.507549,-1.047957,1.944463,2.305523,0.035817,-0.769718,0.510199,3.192896,0.854052
0.493507,-0.917986,1.505082,0.069392,-0.189020,-0.446455,0.425468,1.764309,0.416074
0.502540,-0.157841,0.396538,-2.526854,-0.369505,-0.212917,0.177673,2.562645,0.213435
0.518805,0.225956,-0.178529,-1.898363,-0.548130,-0.176647,-0.162933,1.920081,0.358198
0.493950,0.410873,-1.012758,-0.429020,-0.512644,-0.025881,-0.439043,1.174118,0.456232
0.454257,0.810917,-2.330143,-0.657173,-0.151723,0.179897,-0.408141,2.553239,0.221962
0.462557,0.790491,-2.036264,-0.608316,0.220169,0.114778,-0.056946,2.267442,0.064891
0.517606,-0.019384,0.559148,0.749737,0.255713,-0.193351,0.312708,0.935483,0.200560
0.555895,-0.884092,2.801997,1.357873,0.037290,-0.403814,0.410247,3.236761,0.332759
0.552727,-1.002015,2.270136,0.666391,-0.172984,-0.369654,0.206074,2.569363,0.209034
0.552179,-0.365928,-0.033247,0.109179,-0.287445,-0.243993,-0.113474,0.383313,0.155034
0.577541,0.366044,-1.635849,-0.071024,-0.273929,-0.110562,-0.373193,1.677806,0.226534
0.582759,0.677605,-2.174561,-0.362056,-0.124594,0.149549,-0.547168,2.306285,0.337281
0.528680,0.691895,-2.423402,-0.564412,0.003817,0.535576,-0.592257,2.582665,0.637625
0.434671,0.536390,-1.547613,-0.695624,-0.025821,0.767629,-0.415287,1.779526,0.762384
0.322282,0.049067,0.859216,-0.734506,-0.160463,0.621624,-0.162217,1.131441,0.438479
0.210765,-0.411092,2.638349,-0.061430,-0.347199,0.259332,-0.038702,2.670890,0.189298
0.171746,-0.301171,2.740731,0.839197,-0.629808,-0.000531,0.131119,2.882111,0.413851
0.243661,-0.131493,2.976530,0.651111,-0.959467,-0.132193,0.476487,3.049749,1.165092
0.330769,-0.522333,3.398381,-0.181830,-1.103938,-0.298600,0.604188,3.443093,1.672884
0.330855,-0.811684,1.552366,-0.200219,-0.880264,-0.439992,0.285167,1.763167,1.049778
0.273233,-0.470926,-2.099835,0.540705,-0.405210,-0.403046,-0.079704,2.218883,0.332994
0.223007,-0.274064,-4.124198,1.100429,0.053031,-0.301659,-0.193565,4.277273,0.131278
0.170589,-0.709613,-3.680235,1.341635,0.357172,-0.303280,-0.231364,3.980913,0.273080
0.093947,-1.045495,-2.591909,1.335167,0.436122,-0.292405,-0.290474,3.097374,0.360078
0.025066,-0.611121,-1.144821,0.521786,0.200252,-0.137314,-0.237866,1.398694,0.115536
-0.001740,0.203711,1.247818,-1.029491,-0.219978,0.011494,-0.087178,1.630460,0.056122
-0.000333,0.557654,2.939953,-1.767362,-0.448264,0.004914,-0.009688,3.475323,0.201059
0.001315,0.318848,1.929014,-0.747101,-0.306905,-0.057293,-0.046630,2.093064,0.099648
-0.000657,0.007094,-0.460301,0.658276,-0.023573,-0.061834,-0.084653,0.803277,0.011545
-0.000331,-0.189979,-1.312941,0.823941,0.124453,-0.037736,-0.053895,1.561661,0.019817
0.000515,-0.299140,-0.368978,0.136898,0.098791,-0.011075,0.007475,0.494339,0.009938
-0.000073,-0.113920,0.552636,-0.317937,-0.008754,0.025926,0.051942,0.647664,0.003447
-0.000243,0.179940,0.731254,-0.477547,-0.107878,0.041253,0.058640,0.891719,0.016778
0.000156,0.136636,0.441654,-0.477792,-0.127290,0.022147,0.010757,0.664840,0.016809
0.000058,-0.035379,-0.223868,-0.083361,-0.078213,0.008535,-0.058548,0.241490,0.009618
-0.000113,-0.020482,-0.711176,0.360589,-0.049610,0.016599,-0.077736,0.797631,0.008780
0.000022,-0.025760,-0.386988,0.221034,-0.071785,0.027534,-0.052741,0.446407,0.008693
0.000051,-0.076324,0.151927,-0.188256,-0.090607,0.026612,-0.053976,0.253668,0.011831
-0.000036,-0.012938,0.073028,-0.152671,-0.070768,0.003154,-0.086126,0.169732,0.012436
-0.000010,-0.042815,-0.264404,0.207106,-0.019412,-0.032387,-0.097366,0.338579,0.010906
0.000025,-0.193523,-0.253754,0.321521,0.038641,-0.039356,-0.078817,0.453010,0.009254
-0.000006,-0.129885,-0.027847,0.091581,0.057365,-0.005018,-0.049421,0.161346,0.005758
-0.000011,0.070578,0.247754,-0.214592,0.024105,0.030411,-0.005336,0.335281,0.001534
0.000008,0.080566,0.593395,-0.355038,-0.000578,0.033523,0.042389,0.696176,0.002921
0.000002,0.015682,0.593577,-0.168919,0.022728,0.016954,0.055957,0.617344,0.003935
-0.000005,0.077817,0.003764,0.205582,0.056489,0.007982,0.032248,0.219849,0.004295
0.000002,0.087965,-0.493109,0.297195,0.066860,0.006598,-0.000917,0.582425,0.004515
0.000002,-0.049898,-0.383704,0.032817,0.053492,-0.006176,-0.030779,0.388324,0.003847
-0.000002,-0.079278,-0.093182,-0.054796,0.016227,-0.024106,-0.040412,0.134054,0.002478
-0.000000,0.047188,0.056562,0.131690,-0.021546,-0.020199,-0.018748,0.150891,0.001224
0.000001,0.053723,0.185526,0.061955,-0.029471,0.001182,-0.003164,0.202841,0.000880
-0.000000,-0.043167,0.197316,-0.226959,-0.029436,0.012179,-0.014363,0.303821,0.001221
-0.000000,-0.002919,0.038207,-0.157153,-0.045537,0.012225,-0.012008,0.161757,0.002367
0.000000,0.086467,-0.049309,0.166040,-0.057552,0.013129,0.011217,0.193590,0.003610
0.000000,0.037623,-0.022792,0.186850,-0.061541,0.004948,0.012860,0.191958,0.003977
-0.000000,-0.073561,-0.003665,-0.015517,-0.068766,-0.011071,-0.002468,0.075269,0.004857
0.000000,-0.127352,0.027150,-0.041977,-0.060785,-0.002815,0.003981,0.136813,0.003719
0.000000,-0.065193,0.087570,0.018566,-0.038672,0.038266,0.026001,0.110740,0.003636
-0.000000,0.110045,0.166622,-0.074018,-0.042287,0.076796,0.040826,0.212959,0.009353
-0.000000,0.188600,0.276448,-0.189793,-0.076000,0.089159,0.060064,0.384727,0.017333
0.000000,0.022561,0.318742,-0.143513,-0.088181,0.085330,0.091457,0.350288,0.023421
-0.000000,-0.152586,0.149371,0.016475,-0.037635,0.079697,0.113287,0.214163,0.020602
-0.000000,-0.108100,-0.161689,0.182890,0.043136,0.084705,0.120879,0.266979,0.023647
0.000000,0.019524,-0.314198,0.240711,0.075515,0.106482,0.130877,0.396287,0.034170
-0.000000,0.066244,-0.148543,0.111586,0.043125,0.128912,0.134727,0.197243,0.036629
-0.000000,0.093663,0.119124,-0.064756,0.003186,0.138919,0.120157,0.164793,0.033746
0.000000,0.152156,0.254349,-0.122959,-0.026357,0.146327,0.110675,0.320880,0.034355
0.000000,0.150226,0.285297,-0.128204,-0.070499,0.148936,0.118696,0.346985,0.041241
-0.000000,0.034872,0.236139,-0.129644,-0.095867,0.138654,0.117752,0.271634,0.042281
0.000000,-0.052886,0.026662,-0.037825,-0.050449,0.143826,0.101453,0.070275,0.033524
0.000000,0.057984,-0.277245,0.088084,0.023208,0.173347,0.091352,0.296624,0.038933
-0.000000,0.202614,-0.437606,0.110580,0.044436,0.165097,0.082759,0.494752,0.036081
-0.000000,0.048849,-0.304260,0.110185,0.018240,0.092807,0.062892,0.327263,0.012901
0.000000,-0.270508,-0.043146,0.194130,0.005129,0.026272,0.046748,0.335742,0.002902
-0.000000,-0.322941,0.031752,0.259209,0.023759,0.010599,0.039131,0.415317,0.002208
-0.000000,-0.118692,-0.056767,0.173686,0.046210,0.014115,0.027043,0.217892,0.003066
0.000000,0.000744,0.002940,-0.049745,0.044050,0.012682,0.021319,0.049837,0.002556
0.000000,-0.045625,0.207488,-0.238972,0.017359,0.009650,0.033305,0.319751,0.001504
-0.000000,-0.090220,0.226017,-0.197118,0.001828,0.004842,0.039788,0.313175,0.001610
0.000000,-0.030397,-0.018409,-0.005320,0.029033,0.004794,0.023154,0.035933,0.001402
0.000000,0.074834,-0.254662,0.068940,0.071169,0.014053,0.000155,0.274236,0.005263
-0.000000,0.103964,-0.240041,0.001244,0.072142,0.016848,-0.010704,0.261591,0.005603
-0.000000,0.042735,0.004709,-0.043411,0.035829,0.007399,-0.010945,0.061098,0.001458
0.000000,-0.010816,0.200134,-0.018796,0.013980,0.002530,-0.006764,0.201305,0.000248
-0.000000,-0.017869,0.158377,0.024762,0.015600,0.003911,0.000754,0.161294,0.000259
-0.000000,-0.036848,0.063234,0.049366,0.015852,-0.003975,0.005870,0.088280,0.000302
0.000000,-0.090255,0.073183,0.057383,0.019064,-0.014587,0.002706,0.129594,0.000584
0.000000,-0.124145,0.087166,0.064872,0.026886,-0.010271,-0.001575,0.164980,0.000831
-0.000000,-0.098782,0.115598,0.026982,0.009020,-0.001838,-0.004458,0.154431,0.000105
0.000000,-0.023204,0.225330,-0.077602,-0.039889,-0.006778,-0.013430,0.239445,0.001817
0.000000,0.049120,0.304926,-0.163166,-0.085039,-0.016159,-0.017486,0.349308,0.007799
-0.000000,0.028898,0.297906,-0.157391,-0.103937,-0.024701,-0.011271,0.338164,0.011540
-0.000000,-0.064783,0.185131,-0.055496,-0.109777,-0.051226,-0.028122,0.203838,0.015466
0.000000,-0.089838,-0.048989,0.079443,-0.128820,-0.098218,-0.070987,0.129545,0.031281
-0.000000,-0.062828,-0.120794,0.125676,-0.154725,-0.129803,-0.081031,0.185292,0.047355
-0.000000,-0.101431,0.086869,0.080673,-0.143620,-0.118855,-0.047633,0.156021,0.037022
0.000000,-0.097801,0.082584,0.062229,-0.091254,-0.097202,-0.034443,0.142329,0.018962
0.000000,0.009228,-0.258639,0.096256,-0.056242,-0.116652,-0.057656,0.276124,0.020095
-0.000000,-0.011623,-0.334026,0.153491,-0.066787,-0.164408,-0.078118,0.367788,0.037593
0.000000,-0.142634,-0.051344,0.184589,-0.091568,-0.184276,-0.097569,0.238859,0.051862
0.000000,-0.077318,0.080311,0.056544,-0.106959,-0.168889,-0.124466,0.125001,0.055456
-0.000000,0.066446,0.068371,-0.179362,-0.101503,-0.146530,-0.118043,0.203127,0.045708
0.000000,-0.017377,0.138506,-0.222376,-0.058713,-0.118027,-0.074310,0.262558,0.022900
0.000000,-0.131631,0.036421,-0.031834,0.001488,-0.084890,-0.056821,0.140238,0.010437
-0.000000,-0.048652,-0.293687,0.102003,0.042408,-0.073507,-0.084742,0.314680,0.014383
-0.000000,-0.008763,-0.458137,0.106323,0.077925,-0.082657,-0.106841,0.470394,0.024319
0.000000,-0.133029,-0.414228,0.167075,0.128965,-0.076347,-0.093872,0.466042,0.031273
-0.000000,-0.159827,-0.352003,0.237155,0.152929,-0.046314,-0.064370,0.453534,0.029676
-0.000000,-0.009650,-0.090952,0.072528,0.101266,-0.029256,-0.045139,0.116729,0.013148
0.000000,0.104611,0.414857,-0.222272,0.002852,-0.051916,-0.053693,0.482135,0.005586
0.000000,0.103707,0.657025,-0.259090,-0.065125,-0.085971,-0.077856,0.713838,0.017694
-0.000000,0.083341,0.361930,-0.044425,-0.066473,-0.083310,-0.077031,0.374049,0.017293
0.000000,0.079783,-0.027479,0.034515,-0.040520,-0.049288,-0.047994,0.091169,0.006375
0.000000,0.078409,-0.075847,-0.086058,-0.041051,-0.032983,-0.039946,0.138949,0.004369
-0.000000,0.084269,0.064131,-0.127375,-0.061236,-0.044658,-0.064857,0.165646,0.009951
-0.000000,0.053941,0.087728,-0.043926,-0.061467,-0.048049,-0.070381,0.111961,0.011040
0.000000,-0.063320,0.045915,0.003416,-0.044181,-0.031480,-0.033774,0.078290,0.004084
-0.000000,-0.171796,0.085169,0.017969,-0.038511,-0.016931,0.003041,0.192589,0.001779
-0.000000,-0.128847,0.110953,0.037184,-0.046295,-0.012296,0.013444,0.174054,0.002475
0.000000,-0.012754,0.049256,-0.012722,-0.050149,-0.012618,0.017642,0.052447,0.002985
0.000000,-0.024778,-0.013650,-0.063717,-0.032626,-0.018264,0.022388,0.069715,0.001899
-0.000000,-0.112494,-0.123804,0.026214,0.013110,-0.019383,0.010330,0.169321,0.000654
0.000000,-0.044749,-0.296737,0.117592,0.050150,-0.005051,-0.003833,0.322309,0.002555
0.000000,0.123187,-0.206609,0.005375,0.031589,0.013946,0.009936,0.240606,0.001291
-0.000000,0.132738,0.217412,-0.187944,-0.015192,0.028596,0.030676,0.316560,0.001990
-0.000000,0.032699,0.420918,-0.235832,-0.039080,0.037920,0.025315,0.483589,0.003606
0.000000,0.022558,0.185728,-0.117221,-0.050762,0.026473,0.010444,0.220782,0.003387
-0.000000,0.005789,-0.040981,0.067716,-0.036677,0.006987,-0.007321,0.079363,0.001448
-0.000000,-0.091282,-0.218068,0.186662,0.054236,0.027680,-0.050716,0.301212,0.006280
0.000000,-0.081148,-0.581635,0.160060,0.143848,0.058691,-0.086547,0.608690,0.031627
0.000000,-0.029835,-0.628722,0.085919,0.135618,0.024616,-0.080400,0.635267,0.025462
-0.000000,-0.131931,-0.233503,0.055080,0.184451,-0.008743,-0.107782,0.273794,0.045716
0.000000,-0.072541,-0.607408,0.057984,0.430058,0.059825,-0.219494,0.614466,0.236707
0.000000,0.333735,-1.817316,0.217713,0.616257,0.130492,-0.299892,1.860488,0.486736
-0.000000,0.499843,-1.723568,0.437144,0.468378,0.095360,-0.233817,1.847058,0.283142
-0.000000,0.195921,0.287579,0.077143,0.152533,0.059936,-0.077519,0.356424,0.032868
0.000000,0.008935,1.860752,-0.829461,-0.054818,0.079311,0.041060,2.037274,0.010981
-0.000000,0.030329,1.597037,-1.010880,-0.152041,0.034774,0.070501,1.890324,0.029296
-0.000000,-0.142021,0.730131,-0.115142,-0.227321,-0.066581,0.057338,0.752675,0.059396
0.000000,-0.293986,0.412838,0.406102,-0.280201,-0.091877,0.076423,0.649447,0.092794
0.000000,-0.144194,0.472066,-0.060257,-0.291126,-0.051688,0.127032,0.497262,0.103563
-0.000000,-0.015491,0.425037,-0.375165,-0.241869,-0.025829,0.137987,0.567138,0.078208
0.000000,-0.062970,0.054276,-0.066867,-0.139034,-0.006164,0.091898,0.106688,0.027814
0.000000,-0.074925,-0.380036,0.162403,-0.051354,0.012497,0.040162,0.420019,0.004406
-0.000000,-0.019879,-0.439057,0.123053,-0.020964,0.008430,0.013042,0.456408,0.000681
0.000000,0.030402,-0.222220,0.096892,-0.020023,0.005912,0.013403,0.244324,0.000616
0.000000,0.045761,-0.056626,0.029931,-0.028240,0.020813,0.032026,0.078717,0.002256
-0.000000,0.006370,0.030172,-0.081535,-0.043559,0.023517,0.034703,0.087172,0.003655
-0.000000,-0.004191,0.016123,-0.059433,-0.051376,0.007942,0.018375,0.061724,0.003040
0.000000,0.000990,-0.085226,0.027219,-0.049387,-0.000973,0.028439,0.089472,0.003249
-0.000000,-0.106544,-0.051163,0.027445,-0.057506,-0.001861,0.069664,0.121336,0.008163
-0.000000,-0.199590,0.134981,-0.010748,-0.086973,-0.014117,0.102149,0.241188,0.018198
0.000000,-0.126400,0.255848,-0.009427,-0.107618,-0.031288,0.112338,0.285524,0.025180
0.000000,-0.038915,0.210566,0.009550,-0.071360,-0.021402,0.102448,0.214345,0.016046
-0.000000,0.000670,0.034300,-0.005098,-0.007452,0.014077,0.075898,0.034683,0.006014
0.000000,0.091712,-0.054902,-0.061441,-0.005486,0.036267,0.060998,0.123290,0.005066
0.000000,0.138273,0.132561,-0.126636,-0.060903,0.043511,0.078191,0.229627,0.011716
-0.000000,0.078160,0.321326,-0.194005,-0.094966,0.062670,0.109427,0.383402,0.024920
0.000000,0.051523,0.228314,-0.228400,-0.108899,0.067143,0.130478,0.327030,0.033392
0.000000,0.011455,0.053766,-0.077315,-0.126405,0.021216,0.126217,0.094866,0.032359
-0.000000,-0.182426,-0.092961,0.276509,-0.094253,-0.031542,0.092650,0.344061,0.018463
0.000000,-0.354728,-0.303997,0.502334,-0.014254,-0.042595,0.060959,0.685992,0.005734
0.000000,-0.297081,-0.305181,0.354892,0.008727,-0.038737,0.067069,0.554383,0.006075
-0.000000,-0.096333,0.055441,0.041557,-0.039139,-0.038381,0.087894,0.118662,0.010730
-0.000000,0.141757,0.238161,-0.186096,-0.055835,-0.010424,0.080761,0.333837,0.009749
0.000000,0.356817,-0.047951,-0.312976,-0.018001,0.035367,0.063975,0.477045,0.005668
-0.000000,0.339594,-0.270985,-0.281227,0.018564,0.053772,0.070111,0.517538,0.008152
-0.000000,0.072001,-0.156890,-0.058526,0.057485,0.055403,0.071571,0.182274,0.011496
0.000000,-0.073741,-0.133688,0.124372,0.112084,0.069360,0.044196,0.196923,0.019327
0.000000,0.027381,-0.297232,0.126281,0.131863,0.072244,0.024586,0.324104,0.023212
-0.000000,0.048016,-0.241360,0.103246,0.100040,0.047801,0.032298,0.266871,0.013336
0.000000,-0.087746,0.023129,0.103079,0.062137,0.027705,0.037207,0.137330,0.006013
0.000000,-0.106022,0.148123,0.009648,0.031416,0.024402,0.034856,0.182412,0.002797
-0.000000,0.008929,0.119931,-0.095773,0.000553,0.018401,0.045293,0.153739,0.002390
-0.000000,0.057281,0.072316,-0.069036,-0.009466,0.011337,0.050506,0.115225,0.002769
0.000000,0.044523,0.002962,-0.013316,-0.000333,0.014682,0.028537,0.046566,0.001030
-0.000000,0.061870,-0.043784,-0.041489,-0.001952,0.019810,0.006138,0.086408,0.000434
-0.000000,0.070790,-0.025877,-0.052353,-0.010827,0.018778,0.009124,0.091770,0.000553
0.000000,0.030494,-0.015466,0.015147,-0.011965,0.012757,0.018233,0.037397,0.000638
0.000000,-0.023521,-0.020844,0.058533,-0.017436,-0.000094,0.015038,0.066437,0.000530
-0.000000,-0.057409,-0.001331,0.041406,-0.024324,-0.014190,0.009795,0.070796,0.000889
0.000000,-0.042513,-0.041467,0.053900,-0.009240,-0.016365,0.006614,0.080200,0.000397
0.000000,0.034576,-0.163034,0.102315,0.015663,-0.008125,-0.000766,0.195561,0.000312
-0.000000,0.091297,-0.162042,0.077031,0.021279,-0.002942,-0.004612,0.201312,0.000483
-0.000000,0.035981,0.010194,-0.007823,0.017653,-0.004459,0.000309,0.038207,0.000332
0.000000,-0.055135,0.088826,-0.014745,0.021655,-0.005850,0.003678,0.105581,0.000517
-0.000000,-0.050657,0.015556,0.023664,0.017522,-0.003522,0.004097,0.058035,0.000336
-0.000000,0.015843,0.023093,-0.019719,0.000410,-0.001599,0.006942,0.034251,0.000051
0.000000,0.035946,0.093867,-0.059565,-0.002912,-0.004657,0.004890,0.116838,0.000054
-0.000000,0.009608,0.025842,0.015918,0.015144,-0.009114,-0.003997,0.031836,0.000328
-0.000000,-0.000894,-0.092889,0.079273,0.027399,-0.008864,-0.005968,0.122120,0.000865
0.000000,0.012299,-0.050221,0.018131,0.017092,-0.006963,0.003239,0.054792,0.000351
0.000000,0.004926,0.106431,-0.063895,0.000138,-0.008057,0.013473,0.124235,0.000246
-0.000000,-0.030782,0.167268,-0.057507,-0.000810,-0.007001,0.016341,0.179536,0.000317
0.000000,-0.025499,0.034586,0.014075,0.014241,-0.000187,0.008293,0.045216,0.000272
0.000000,0.049480,-0.159781,0.060356,0.024945,0.004839,-0.004743,0.177823,0.000668
-0.000000,0.093374,-0.180166,0.011859,0.021125,0.003030,-0.008468,0.203271,0.000527
-0.000000,0.041752,-0.021446,-0.075254,0.015452,-0.000331,-0.002519,0.088692,0.000245
0.000000,-0.013376,0.080278,-0.077629,0.015853,-0.001934,0.000856,0.112471,0.000256
-0.000000,-0.007013,0.071847,-0.023116,0.011986,-0.003075,0.003057,0.075799,0.000162
-0.000000,0.010233,0.099334,-0.031691,0.001244,-0.000380,0.010082,0.104768,0.000103
0.000000,0.025208,0.113514,-0.063847,-0.000865,0.006745,0.011895,0.132655,0.000188
0.000000,0.049314,-0.005655,-0.010395,0.013121,0.009600,0.003119,0.050714,0.000274
-0.000000,0.031052,-0.102624,0.060302,0.024868,0.006663,-0.001705,0.123013,0.000666
0.000000,-0.020479,-0.013970,0.030210,0.014640,0.005795,0.006406,0.039079,0.000289
0.000000,-0.026235,0.101245,-0.020349,-0.005420,0.006032,0.016847,0.106550,0.000350
-0.000000,-0.001217,0.049288,0.025337,-0.011844,0.002034,0.017793,0.055432,0.000461
-0.000000,0.005047,-0.074630,0.067052,-0.007311,-0.001540,0.010925,0.100454,0.000175
0.000000,0.024519,-0.091195,-0.007228,-0.001503,0.001299,0.005762,0.094710,0.000037
-0.000000,0.067825,-0.027064,-0.078460,0.007562,0.007921,0.006404,0.107185,0.000161
-0.000000,0.075669,0.000523,-0.040939,0.015065,0.013422,0.009153,0.086035,0.000491
0.000000,0.026608,-0.009764,0.007236,0.017927,0.015893,0.010315,0.029252,0.000680
0.000000,-0.024740,-0.005167,-0.001437,0.017791,0.012764,0.009348,0.025315,0.000567
-0.000000,-0.029602,0.050070,-0.018312,0.000241,0.001603,0.009229,0.060980,0.000088
0.000000,-0.017945,0.154417,-0.032483,-0.027776,-0.009113,0.014265,0.158814,0.001058
0.000000,-0.026236,0.167265,-0.038350,-0.025617,-0.005792,0.021603,0.173599,0.001156
-0.000000,-0.014715,0.003258,-0.004120,-0.000783,0.004915,0.023493,0.015624,0.000577
-0.000000,0.019310,-0.104939,0.019679,0.001471,0.005723,0.018746,0.108500,0.000386
0.000000,0.012402,-0.012902,-0.025479,-0.007082,0.002890,0.011199,0.031136,0.000184
-0.000000,0.002033,0.026323,-0.069900,-0.000084,0.008519,0.004041,0.074720,0.000089
-0.000000,0.048271,-0.088324,-0.026255,-0.002546,0.010313,0.000269,0.104022,0.000113
0.000000,0.060587,-0.123548,0.064522,-0.016812,0.001732,-0.000155,0.151980,0.000286
0.000000,-0.007581,-0.066022,0.101772,-0.008608,-0.001258,-0.000015,0.121548,0.000076
-0.000000,-0.038345,-0.070138,0.068626,0.003801,0.001923,0.000060,0.105353,0.000018
0.000000,-0.003983,-0.060158,0.029368,-0.012603,-0.002331,-0.000280,0.067062,0.000164
0.000000,0.001573,-0.003933,0.016391,-0.024108,-0.006527,-0.001209,0.016929,0.000625
-0.000000,-0.008914,-0.047094,0.013047,-0.002069,0.000607,-0.000020,0.049674,0.000005
-0.000000,0.019687,-0.121168,0.015890,0.017577,0.008326,0.002775,0.123781,0.000386
0.000000,0.035541,-0.052314,0.016634,0.010957,0.007559,0.002117,0.065396,0.000182
-0.000000,0.009002,0.057036,-0.008548,-0.000737,0.005028,-0.002498,0.058371,0.000032
-0.000000,-0.002063,0.051812,-0.031369,-0.007290,0.003239,-0.006782,0.060603,0.000110
0.000000,0.007069,0.009958,-0.007043,-0.015239,-0.002416,-0.007563,0.014097,0.000295
-0.000000,-0.008709,0.029365,0.024188,-0.016088,-0.008260,-0.004064,0.039028,0.000344
-0.000000,-0.026632,0.045731,0.008664,-0.003911,-0.006764,0.000438,0.053625,0.000061
0.000000,-0.004662,0.006320,-0.018096,0.001080,-0.002163,0.002090,0.019727,0.000010
0.000000,0.024095,0.004626,-0.026844,-0.014783,-0.003029,0.003621,0.036367,0.000241
-0.000000,0.016693,0.089127,-0.051714,-0.029220,-0.005058,0.007216,0.104387,0.000931
0.000000,0.001718,0.119850,-0.072034,-0.027404,-0.002286,0.008222,0.139842,0.000824
0.000000,0.010850,0.043544,-0.033957,-0.035783,-0.002232,0.008686,0.056275,0.001361
-0.000000,0.010489,0.039055,0.006949,-0.065154,-0.006318,0.018087,0.041032,0.004612
-0.000000,-0.012575,0.134120,-0.023529,-0.081302,-0.001424,0.032069,0.136748,0.007640
0.000000,-0.006884,0.114680,-0.063191,-0.070148,0.010272,0.036761,0.131118,0.006378
-0.000000,0.019130,-0.030474,-0.020509,-0.052471,0.011488,0.033864,0.041415,0.004032
-0.000000,-0.008490,-0.110754,0.074928,-0.029844,0.005464,0.034300,0.133988,0.002097
0.000000,-0.059455,-0.109579,0.118907,0.001374,0.008365,0.036315,0.172283,0.001391
0.000000,-0.032700,-0.086149,0.057303,0.014809,0.015855,0.032496,0.108511,0.001527
-0.000000,0.044482,0.003263,-0.049787,-0.003088,0.015022,0.025630,0.066843,0.000892
0.000000,0.064388,0.106378,-0.092786,-0.025554,0.009252,0.021179,0.155149,0.001187
0.000000,0.029836,0.078774,-0.045280,-0.031277,0.006479,0.016459,0.095634,0.001291
-0.000000,0.014115,-0.047026,0.027203,-0.026412,0.006386,0.009632,0.056131,0.000831
-0.000000,0.015218,-0.111641,0.062321,-0.018748,0.007895,0.006439,0.128760,0.000455
0.000000,-0.003734,-0.082596,0.048535,-0.010983,0.009062,0.008228,0.095873,0.000270
-0.000000,-0.020411,-0.050847,0.024559,-0.007463,0.005372,0.009486,0.060043,0.000175
-0.000000,-0.015563,-0.053164,0.030474,-0.004156,0.000070,0.011451,0.063224,0.000148
0.000000,-0.025358,-0.034952,0.043839,0.006890,0.000937,0.018044,0.061535,0.000374
0.000000,-0.045266,0.024007,0.027855,0.017716,0.004669,0.022168,0.058320,0.000827
-0.000000,-0.022843,0.048520,0.004698,0.015423,0.003270,0.015421,0.053834,0.000486
0.000000,0.020298,-0.003253,-0.007605,0.005097,0.001815,0.000849,0.021919,0.000030
0.000000,0.042600,-0.048244,-0.047333,0.000998,0.010990,-0.014644,0.079892,0.000336
-0.000000,0.086521,-0.040798,-0.102045,0.007924,0.030235,-0.023905,0.139870,0.001548
-0.000000,0.150321,-0.052534,-0.092281,0.010232,0.059738,-0.013398,0.184043,0.003853
0.000000,0.160516,0.000097,-0.091967,-0.029366,0.109732,0.026531,0.184995,0.013607
-0.000000,0.132850,0.346362,-0.278898,-0.123761,0.166178,0.081103,0.464112,0.049510
-0.000000,0.089627,0.781959,-0.483651,-0.213034,0.186939,0.109891,0.923803,0.092406
0.000000,-0.004620,0.675800,-0.308159,-0.226819,0.166287,0.079229,0.742758,0.085375
0.000000,-0.073585,-0.028924,0.149112,-0.183317,0.132708,0.013196,0.168777,0.051391
-0.000001,-0.111230,-0.535340,0.411150,-0.151664,0.075530,-0.020098,0.684109,0.029111
0.000001,-0.260052,-0.411991,0.415527,-0.149618,-0.013657,-0.025310,0.640333,0.023213
0.000001,-0.218705,-0.285819,0.405341,-0.150444,-0.067879,-0.101113,0.542057,0.037465
-0.000002,0.456705,-0.681890,0.377557,-0.135058,-0.045627,-0.249291,0.903384,0.082468
-0.000000,1.132639,-1.070665,0.288124,-0.078544,-0.008263,-0.318207,1.584995,0.107493
0.000004,0.815324,-0.920479,0.267467,0.042060,0.004006,-0.259558,1.258401,0.069155
-0.000004,-0.000086,-0.659050,0.286584,0.189022,0.031587,-0.210849,0.718664,0.081184
-0.000005,-0.126150,-0.647282,0.169830,0.286239,0.096462,-0.225536,0.680977,0.142104
0.000011,0.319062,-0.469289,-0.023498,0.304427,0.187250,-0.208325,0.567966,0.171138
-0.000001,0.488312,0.004472,-0.131939,0.267154,0.293491,-0.136212,0.505842,0.176062
-0.000019,0.244546,0.308576,-0.217528,0.200305,0.332087,-0.064578,0.449823,0.154574
0.000018,-0.321570,0.413326,-0.257505,0.107571,0.164077,-0.018480,0.583570,0.038834
0.000019,-1.293472,0.638627,0.040287,-0.021328,-0.183031,-0.055319,1.443100,0.037015
-0.000050,-1.976907,0.832363,0.509657,-0.148221,-0.453555,-0.188104,2.204709,0.263065
0.000009,-1.449538,0.694405,0.503318,-0.144489,-0.464865,-0.235635,1.684247,0.292500
0.000083,-0.395457,0.148537,0.184410,0.076454,-0.329327,-0.086628,0.460930,0.121806
-0.000089,-0.149776,-0.866517,0.353079,0.391652,-0.249496,0.068820,0.947602,0.220376
-0.000075,-0.406323,-1.757967,0.731286,0.568562,-0.242654,0.090912,1.946876,0.390409
0.000228,-0.188597,-1.252546,0.358519,0.521256,-0.191887,0.109120,1.316426,0.320436
-0.000063,0.340049,0.482122,-0.572716,0.346170,-0.055177,0.174472,0.822240,0.153319
-0.000365,0.745857,1.505912,-1.092618,0.159130,0.087234,0.167011,2.004467,0.060825
0.000438,0.945778,1.064506,-0.917267,0.054595,0.156661,0.112411,1.693826,0.040160
0.000290,0.582879,0.153357,-0.330590,0.163999,0.159721,0.105055,0.687427,0.063443
-0.001097,-0.236555,-1.140567,0.510568,0.532628,0.121065,0.024915,1.271822,0.298970
0.000492,-0.592961,-3.090571,1.380503,0.913626,0.026291,-0.233100,3.436426,0.889739
0.001747,-0.288286,-3.595904,1.528814,0.918182,-0.101006,-0.475620,3.918023,1.079475
-0.003559,-0.023737,-0.731036,0.374700,0.509607,-0.162874,-0.486626,0.821813,0.523032
0.002880,-0.007204,2.881063,-1.142477,0.114691,-0.095224,-0.327385,3.099327,0.129403
0.052850,0.071782,3.380127,-1.488880,0.033786,0.039670,-0.181397,3.694208,0.035620
0.142063,0.212200,1.587653,-0.880100,0.056532,0.101139,-0.130510,1.827634,0.030458
0.225508,0.148260,0.655238,-0.478789,-0.061391,0.031748,-0.148473,0.824959,0.026821
0.264959,-0.105656,0.653186,-0.199138,-0.154583,-0.048996,-0.174512,0.690993,0.056751
0.258889,-0.133888,-0.108347,0.324717,-0.020399,0.000049,-0.173192,0.367568,0.030412
0.227938,0.237143,-1.260748,0.432456,0.165403,0.131932,-0.136700,1.353787,0.063451
0.180536,0.445297,-1.160840,-0.124650,0.144987,0.177985,-0.053098,1.249551,0.055519
0.110323,-0.000403,0.235763,-0.413353,-0.019746,0.088516,0.052101,0.475862,0.010940
0.035821,-0.598164,1.317506,0.028276,-0.138526,-0.011540,0.106501,1.447212,0.030665
-0.002744,-0.574698,1.232578,0.357598,-0.237012,-0.022228,0.112590,1.406201,0.069345
-0.002400,-0.112679,0.908505,-0.056367,-0.410744,-0.004788,0.155475,0.917200,0.192906
0.002831,0.013024,1.131435,-0.525247,-0.549258,-0.038019,0.234093,1.247477,0.357929
-0.000344,-0.291259,1.123299,-0.297583,-0.513428,-0.080489,0.251717,1.197993,0.333448
-0.001271,-0.429739,0.176155,0.229919,-0.378112,-0.083068,0.183164,0.518236,0.183418
0.000792,-0.203558,-0.902458,0.455100,-0.252211,-0.075610,0.092422,1.031010,0.077869
0.000302,0.000367,-1.251091,0.493319,-0.118465,-0.076176,0.025151,1.344839,0.020469
-0.000573,-0.007327,-1.173958,0.519391,0.006383,-0.066324,-0.004970,1.283744,0.004464
0.000110,-0.027033,-1.007949,0.384438,0.046250,-0.048479,0.004405,1.079113,0.004509
0.000259,0.046847,-0.567694,0.133452,0.024943,-0.033087,0.027861,0.585047,0.002493
-0.000187,0.079564,-0.030710,0.006334,0.011143,-0.024102,0.036934,0.085520,0.002069
-0.000049,0.005558,0.178247,0.010478,-0.005723,-0.031460,0.032186,0.178641,0.002058
0.000128,-0.009628,0.129971,-0.005251,-0.043509,-0.044923,0.023409,0.130433,0.004459
-0.000043,0.126570,0.119354,-0.083256,-0.080429,-0.037070,0.019280,0.192865,0.008215
-0.000047,0.202313,0.244253,-0.174819,-0.131559,-0.014497,0.032022,0.362149,0.018543
0.000059,0.067052,0.476653,-0.216288,-0.225103,-0.011191,0.054850,0.527707,0.053805
-0.000019,-0.087863,0.601258,-0.149651,-0.305874,-0.030828,0.059257,0.625801,0.098021
-0.000033,-0.084513,0.300190,0.005500,-0.288466,-0.045324,0.032098,0.311908,0.086297
0.000065,-0.023808,-0.355254,0.179247,-0.185288,-0.047908,-0.012166,0.398625,0.036775
-0.000029,-0.023491,-0.842557,0.346338,-0.084752,-0.053474,-0.048306,0.911265,0.012376
-0.000079,-0.030520,-0.776429,0.411837,-0.037379,-0.053636,-0.051210,0.879422,0.006896
0.000132,-0.024681,-0.324933,0.236782,-0.027478,-0.037487,-0.023829,0.402811,0.002728
0.000016,-0.081114,-0.014293,-0.000678,-0.016166,-0.027526,-0.013074,0.082366,0.001190
-0.000255,-0.120379,-0.109710,0.014675,0.005843,-0.034934,-0.046673,0.163532,0.003433
0.000201,-0.005480,-0.223410,0.115894,-0.002507,-0.039498,-0.085582,0.251741,0.008891
0.000288,0.120177,0.055416,-0.022847,-0.046838,-0.040051,-0.089487,0.134296,0.011806
-0.000622,0.076334,0.351915,-0.156925,-0.036263,-0.051389,-0.064044,0.392806,0.008057
0.000019,-0.017113,0.184590,0.057330,0.065332,-0.075093,-0.014721,0.194044,0.010124
0.001125,-0.068944,-0.029140,0.345069,0.122719,-0.118668,0.052904,0.353094,0.031941
-0.001020,-0.188914,0.212922,0.313968,0.035405,-0.162261,0.085563,0.423793,0.034903
-0.001177,-0.280674,0.393069,0.023319,-0.066811,-0.131317,0.036419,0.483554,0.023034
0.002924,-0.122665,-0.098351,-0.292455,-0.045447,-0.030834,-0.041273,0.332038,0.004720
-0.000396,0.060035,-0.630081,-0.383490,-0.019746,0.024135,-0.049061,0.740048,0.003379
-0.005207,-0.089797,-0.281671,-0.136381,-0.092468,0.028019,-0.014933,0.325579,0.009558
0.005731,-0.275769,0.116247,0.043907,0.005373,0.058771,-0.104090,0.302473,0.014318
0.004986,-0.155247,-1.129600,0.057309,0.468376,0.042721,-0.342871,1.141658,0.338762
-0.020509,-0.178765,-2.971713,0.689498,0.880731,-0.029867,-0.480656,3.055887,1.007609
0.026512,-0.331853,-2.150867,1.438272,0.836154,0.051773,-0.342586,2.608636,0.819199
0.218310,0.358047,1.219842,0.300575,0.577029,0.144193,-0.089213,1.306353,0.361713
0.435969,1.218377,3.564276,-1.831932,0.321736,-0.272460,0.077832,4.188613,0.183806
0.529546,0.182338,3.909217,-1.550953,-0.045413,-1.015017,0.104630,4.209594,1.043269
0.523257,-1.584230,3.132487,0.512044,-0.233809,-1.156379,-0.018276,3.547457,1.392213
0.496474,-0.742153,0.246134,0.435602,0.043048,-0.456450,-0.074639,0.895054,0.215771
0.431354,1.624965,-2.682015,-1.915580,0.243308,0.347853,0.261702,3.674665,0.248688
0.312540,1.555302,-0.995970,-3.461316,0.107906,0.731989,0.689816,3.923217,1.023298
0.218614,-0.537941,1.726216,-2.760109,0.250565,0.714921,0.504882,3.299607,0.828801
0.229149,-1.434391,-1.298894,-0.072696,0.568668,0.332901,-0.230941,1.936463,0.487540
0.337782,-0.813404,-5.410080,2.886491,0.254090,-0.211643,-0.791205,6.185663,0.735360
0.471130,0.037878,-3.182036,3.045481,-0.396879,-0.411338,-0.890552,4.404741,1.119795
0.546613,0.711238,1.319897,0.086352,-0.529637,-0.127694,-0.767126,1.501814,0.885303
0.534345,0.780040,2.068124,-2.487564,-0.389401,0.205357,-0.565648,3.327698,0.513762
0.474870,0.240033,1.258053,-2.515890,-0.634820,0.275981,-0.222506,2.823122,0.528671
0.420638,-0.228032,2.225096,-1.292621,-1.148932,0.181265,0.255290,2.583393,1.418075
0.384734,-0.582461,3.963735,-0.529940,-1.408654,0.085612,0.595544,4.041199,2.346308
0.363810,-0.757390,3.641519,-0.395149,-0.997814,0.052554,0.488486,3.740380,1.237013
0.368059,-0.436597,-0.746931,0.192475,0.161395,0.071540,0.016253,0.886324,0.031430
0.395196,-0.260325,-7.094955,1.911872,1.328051,0.094842,-0.414463,7.352646,1.944494
0.420415,-0.301892,-8.751940,2.892668,1.462073,0.131516,-0.502900,9.222533,2.407862
0.451665,0.455853,-2.488050,0.872152,0.707988,0.135985,-0.267967,2.675602,0.591545
0.528970,1.151581,5.204543,-1.710056,0.180033,-0.106284,0.026787,5.598008,0.044426
0.631455,0.088829,6.289022,-0.658971,0.156931,-0.586382,0.160341,6.324076,0.394180
0.682216,-1.494684,2.583294,1.997800,0.012911,-0.886628,0.156453,3.591475,0.810753
0.671462,-1.549561,0.612748,1.548118,-0.299218,-0.773171,0.105150,2.274482,0.698381
0.662540,-0.627390,0.472426,-0.619917,-0.337794,-0.450187,-0.021866,1.000551,0.317251
0.674520,0.222049,-0.670037,-1.187737,-0.236122,-0.104030,-0.234694,1.381656,0.121657
0.669677,1.036393,-1.532508,-1.339505,-0.300348,0.208451,-0.386246,2.284068,0.282847
0.644847,1.298670,-0.787445,-1.938186,-0.285524,0.379603,-0.320194,2.462352,0.328147
0.640453,0.729254,-0.163965,-1.270936,-0.002619,0.335225,-0.099317,1.474440,0.122247
0.668305,0.264513,-0.320127,0.441998,0.236499,0.030614,0.074088,0.606474,0.062358
0.699779,-0.287264,-0.244243,2.099670,0.230227,-0.528356,0.165119,2.133258,0.359429
0.708779,-1.655670,0.324695,3.416198,0.102747,-1.002670,0.318790,3.810128,1.117531
0.675957,-2.243887,1.419274,2.492825,-0.031675,-0.961589,0.521591,3.641915,1.197714
0.599271,-0.898674,2.064287,-0.848224,-0.040324,-0.530364,0.535688,2.405905,0.569874
0.532224,0.518780,0.353098,-2.447951,0.045047,-0.080040,0.351397,2.527108,0.131915
0.515551,1.393030,-1.140241,-1.917462,-0.328140,0.594339,0.320620,2.630084,0.563712
0.481805,3.490013,2.532396,-4.383349,-1.504278,1.782861,0.509712,6.148737,5.701252
0.367135,5.842815,8.054931,-9.085734,-2.802860,2.856694,0.513411,13.474827,16.280316
0.239048,5.246335,7.713635,-8.984447,-3.378336,2.992429,0.240769,12.951621,20.425755
0.163896,2.019872,2.833864,-3.848237,-3.350523,2.476065,0.039581,5.188410,17.358469
0.097704,-0.384570,-0.236207,-0.423571,-3.345744,2.115656,-0.059677,0.618951,15.673565
0.020590,-0.428893,-1.086588,-0.836306,-3.552171,1.998337,-0.276222,1.436673,16.687568
-0.012502,0.436101,-1.744686,-2.097277,-3.754000,1.758260,-0.469208,2.762731,17.404150
0.000043,0.233504,-1.744531,-2.891896,-3.825841,1.326724,-0.354609,3.385406,16.523003
0.005304,-1.676132,-1.451850,-3.165986,-3.803036,0.784856,0.037697,3.865327,15.080503
-0.002504,-4.148476,-2.059036,-2.280995,-3.651053,0.103076,0.467083,5.162598,13.558979
-0.001557,-5.288096,-2.910012,-0.679279,-3.212365,-0.609261,0.696539,6.074006,11.175654
0.002059,-4.200322,-3.359822,1.209629,-2.353936,-1.027664,0.605483,5.513104,6.963718
-0.000135,-1.688475,-3.948097,4.384922,-1.111356,-1.000592,0.306026,6.137260,2.329948
-0.001052,0.352883,-4.642744,8.157895,0.193158,-0.745291,0.064972,9.393128,0.596990
0.000574,0.387732,-4.887695,9.218955,1.035667,-0.551847,0.075850,10.441697,1.382894
0.000300,-1.269547,-4.396100,6.108608,1.189439,-0.517527,0.332296,7.632335,1.793020
-0.000456,-2.795570,-2.999820,1.688523,1.093702,-0.577798,0.628760,4.434551,1.925374
0.000054,-2.723777,-1.612668,0.128915,1.366912,-0.576149,0.704760,3.168009,2.697083
0.000223,-0.988191,-1.951727,2.138525,2.005066,-0.396574,0.494192,3.059256,4.421786
-0.000136,1.147334,-3.381118,3.872160,2.491789,-0.153568,0.171983,5.267063,6.262174
-0.000057,2.088311,-3.294991,2.293048,2.619213,-0.045065,-0.091868,4.525050,6.870747
0.000102,1.680255,-1.756013,-0.341075,2.636789,-0.062099,-0.283298,2.454215,7.036770
-0.000017,1.121668,-1.153213,-0.891369,2.682230,-0.067748,-0.435349,1.839179,7.388476
-0.000048,0.963939,-1.485916,-0.457351,2.661827,0.058877,-0.559354,1.829288,7.401666
0.000032,0.992836,-0.980468,-1.090049,2.535021,0.407181,-0.674291,1.770663,7.046796
0.000011,1.255536,0.304691,-2.051375,2.262927,0.825660,-0.745104,2.424324,6.357733
-0.000024,1.416508,1.481021,-2.268036,1.761957,0.953878,-0.681642,3.056780,4.479012
0.000005,0.758404,2.536579,-2.248300,1.148905,0.746537,-0.500158,3.473365,2.127458
0.000014,-0.355076,3.055099,-2.261464,0.700319,0.537097,-0.323259,3.817581,0.883416
-0.000010,-0.922856,2.475282,-1.773210,0.531536,0.520949,-0.210386,3.181660,0.598181
-0.000006,-0.792406,1.479407,-0.859248,0.562977,0.626760,-0.172270,1.885433,0.739448
0.000014,-0.322500,0.697037,-0.136855,0.703066,0.750898,-0.226146,0.780126,1.109292
-0.000001,0.106476,-0.150943,0.318085,0.904746,0.828467,-0.285779,0.367830,1.586593
-0.000019,-0.096544,-0.874951,0.683011,1.127889,0.853334,-0.254704,1.114165,2.065187
0.000015,-0.726754,-1.091295,0.794419,1.330268,0.877365,-0.259208,1.533035,2.606571
0.000019,-0.504836,-1.265623,0.672228,1.454695,0.890794,-0.422339,1.519392,3.088022
-0.000042,0.552610,-1.388077,0.548902,1.389905,0.803916,-0.537446,1.591675,2.866965
0.000001,0.658217,-0.552521,0.177441,1.056868,0.595233,-0.385712,0.877505,1.620046
0.000074,-0.428409,0.880398,-0.571111,0.590226,0.387829,-0.130874,1.133491,0.515906
-0.000066,-0.759566,1.372704,-1.021721,0.245364,0.329995,-0.032808,1.872210,0.170177
-0.000077,0.205768,0.840403,-0.841552,0.109511,0.430846,-0.074780,1.206991,0.203213
0.000189,0.920364,0.486092,-0.600909,0.096723,0.563129,-0.116234,1.201851,0.339980
-0.000024,0.664432,0.525203,-0.521079,0.124840,0.601992,-0.101998,0.994400,0.388383
-0.000326,-0.056702,0.442592,-0.243718,0.148160,0.520135,-0.009702,0.508430,0.292586
0.000328,-0.980305,0.345253,0.186916,0.134719,0.364698,0.127440,1.056000,0.167395
0.000310,-1.671684,0.380272,0.408241,0.060906,0.177976,0.145475,1.762327,0.056548
-0.000874,-1.288493,0.215744,0.322647,-0.075957,0.007130,-0.051276,1.345682,0.008450
0.000196,-0.022559,-0.103462,0.040723,-0.211474,-0.055684,-0.281498,0.113453,0.127063
0.001442,0.753752,-0.058564,-0.241083,-0.303977,-0.019346,-0.297855,0.793532,0.181494
-0.001652,0.280894,0.459096,-0.350172,-0.440800,-0.084255,-0.109711,0.642099,0.213440
-0.001215,-0.736855,0.968065,-0.262528,-0.645367,-0.348050,0.088686,1.244599,0.545503
0.004382,-1.197799,0.943957,0.001639,-0.748268,-0.594582,0.188843,1.525051,0.949094
-0.002332,-0.825159,0.342057,0.224834,-0.668796,-0.615039,0.208068,0.921108,0.868853
-0.005803,-0.226417,-0.299072,0.020350,-0.537731,-0.491012,0.178995,0.375663,0.562287
0.048726,-0.016054,-0.514772,-0.372724,-0.409936,-0.365112,0.121893,0.635745,0.316212
0.155315,-0.108233,-0.514433,-0.229644,-0.215444,-0.235525,0.055482,0.573665,0.104966
0.233852,-0.143191,-0.601692,0.329774,-0.018617,-0.124730,-0.008668,0.700919,0.015979
0.251776,-0.244748,-0.534464,0.535175,0.035571,-0.142896,-0.059618,0.794963,0.025239
0.249937,-0.564491,-0.171125,0.377345,-0.017445,-0.275738,-0.102715,0.700231,0.086886
0.250408,-0.595315,0.031164,0.341988,-0.040321,-0.361243,-0.158319,0.687260,0.157187
0.244241,-0.030188,-0.128931,0.337396,-0.030463,-0.333602,-0.197581,0.362451,0.151257
0.238251,0.430305,-0.176008,0.119255,-0.062367,-0.281754,-0.168495,0.479961,0.111666
0.237854,0.285466,0.042478,-0.070945,-0.106739,-0.246064,-0.118731,0.297201,0.086038
0.229262,0.219050,0.001708,-0.054067,-0.089222,-0.174323,-0.142905,0.225630,0.058771
0.215596,0.683777,-0.420402,-0.018609,-0.037944,-0.084516,-0.207615,0.802892,0.051687
0.217633,0.829845,-0.601895,-0.053254,-0.026174,-0.043718,-0.217194,1.026526,0.049770
0.225437,0.157567,-0.218946,-0.123348,-0.067653,-0.041322,-0.213912,0.296613,0.052043
0.207487,-0.347384,0.309731,-0.247024,-0.166784,-0.076132,-0.292693,0.526906,0.119282
0.173466,-0.114465,0.613817,-0.301291,-0.340822,-0.185986,-0.374802,0.693289,0.291227
0.160967,-0.112859,0.929719,-0.312019,-0.558145,-0.290456,-0.305421,0.987153,0.489173
0.159926,-0.772408,1.502274,-0.643560,-0.779895,-0.295365,-0.112376,1.807653,0.708105
0.129981,-1.080893,1.892453,-1.102346,-1.034019,-0.320156,0.064022,2.442309,1.175794
0.079437,-0.799517,1.843366,-1.147170,-1.385581,-0.531671,0.204190,2.313704,2.244202
0.043860,-1.003597,2.103167,-1.299034,-1.829940,-0.880526,0.363369,2.667959,4.256043
0.022284,-1.824033,2.580899,-1.883597,-2.161081,-1.154454,0.532385,3.679140,6.286469
0.003098,-2.242556,1.551120,-1.359567,-2.091803,-1.167647,0.711709,3.046876,6.245569
-0.003472,-2.183945,-0.949534,0.824037,-1.649872,-0.943332,0.957642,2.519974,4.529031
0.001314,-2.466464,-2.437825,2.432211,-1.141424,-0.750054,1.246174,4.235810,3.418379
0.000677,-2.999436,-2.491239,2.494021,-0.610967,-0.769371,1.435902,4.628502,3.027027
-0.001990,-2.809058,-3.196694,2.849791,0.182657,-0.810640,1.402639,5.121618,2.657897
0.002121,-1.469437,-4.875456,4.000676,1.176089,-0.633867,1.161110,6.475703,3.133149
0.000626,0.241992,-5.760569,4.266995,1.886166,-0.409043,0.924651,7.172863,4.579918
-0.005910,0.879711,-4.629307,3.088880,1.979567,-0.487424,0.955536,5.634319,5.069317
0.009177,0.163118,-1.769668,1.201677,1.620560,-0.812156,1.162578,2.145311,4.637400
0.042957,0.097447,0.807937,-1.085268,1.169058,-1.008912,1.086445,1.356490,3.564963
0.059970,2.037833,1.118618,-3.216791,0.789654,-1.029102,0.574952,3.968855,2.013174
0.056288,3.526305,-0.023087,-3.759921,0.527950,-1.152884,0.096001,5.154839,1.617089
0.050629,1.972132,-0.722630,-2.096666,0.494038,-1.362129,0.017540,2.967744,2.099777
0.035515,-0.191775,-1.190017,0.126442,0.668431,-1.326404,0.035815,1.211984,2.207430
0.008200,0.452455,-2.263481,0.695324,0.850108,-1.042621,-0.263783,2.410713,1.879324
-0.004792,1.863667,-3.254714,-0.061995,1.022797,-0.884121,-0.729804,3.751035,2.360398
0.000720,1.037010,-3.062366,-0.314861,1.289762,-0.899598,-0.943912,3.248479,3.363732
0.001200,0.366466,-1.404205,-0.579033,1.451572,-0.683301,-0.819281,1.562488,3.245183
-0.002078,2.000002,1.108804,-2.145828,1.269353,-0.163155,-0.568360,3.135926,1.960910
0.002439,2.827909,3.211873,-3.338830,0.883265,0.217652,-0.344689,5.427797,0.946340
0.000319,1.303012,4.091748,-2.655245,0.473585,0.304807,-0.146005,5.048818,0.338508
-0.007294,0.238421,3.815378,-1.638764,0.041386,0.324986,0.034327,4.159267,0.108507
0.013630,0.140454,2.380834,-0.822479,-0.277936,0.233594,0.100554,2.522810,0.141926
0.060473,-0.822546,0.186999,0.825442,-0.303859,-0.074418,-0.037210,1.180214,0.099253
0.088646,-1.673717,-1.437536,2.047726,-0.095562,-0.307176,-0.312072,3.010153,0.200878
0.096389,-0.909127,-2.042985,1.596107,0.190037,-0.278127,-0.541732,2.747336,0.406942
0.121909,0.148805,-1.740984,0.878943,0.361544,-0.209461,-0.550352,1.955942,0.477475
0.156704,0.188542,0.283321,0.300903,0.290466,-0.189614,-0.305041,0.454270,0.213374
0.164307,-0.128071,2.190197,-0.760760,0.318314,-0.059980,-0.071892,2.322094,0.110090
0.180980,0.092701,-0.316705,-0.684531,0.848522,0.143321,-0.190972,0.759920,0.777001
0.279839,0.818007,-4.844008,0.913234,1.423399,0.243543,-0.553382,4.996753,2.391610
0.431463,1.297821,-3.856132,0.988418,1.258414,0.223449,-0.725431,4.187011,2.159785
0.533053,0.809894,1.875489,-0.700523,0.433797,0.079422,-0.622690,2.159657,0.582231
0.566769,-0.415435,5.010706,-0.814116,-0.333260,-0.207185,-0.511445,5.093383,0.415564
0.589463,-1.165251,3.964664,0.432326,-0.506672,-0.379802,-0.426966,4.154910,0.583266
