pressure,accel_x,accel_y,accel_z,gyro_x,gyro_y,gyro_z,accel_power,gyro_energy
0.287353,-0.041459,-0.124302,0.019756,0.050767,-0.152812,-0.161225,0.132515,0.051922
0.307389,0.163071,0.190016,-0.616119,0.004378,-0.007201,-0.115979,0.665057,0.013522
0.325622,0.241833,0.391061,-0.281577,-0.059292,-0.000439,-0.046882,0.539164,0.005714
0.343241,0.090346,0.180074,0.679711,-0.083214,-0.123193,-0.037742,0.708940,0.023526
0.359569,-0.242348,-0.397696,1.082547,-0.059481,-0.234871,-0.137164,1.178475,0.077516
0.373324,-0.487657,-0.782950,0.458881,-0.064825,-0.208233,-0.237735,1.030239,0.104081
0.387757,-0.381391,-0.565705,-0.494081,-0.105638,-0.061547,-0.235839,0.842376,0.070567
0.404879,-0.005320,0.040183,-0.845697,-0.098826,0.056816,-0.186123,0.846668,0.047636
0.419067,0.249368,0.430570,-0.423470,-0.028062,0.055259,-0.171627,0.653377,0.033297
0.424092,0.188774,0.294361,0.075836,0.033618,0.007311,-0.161398,0.357820,0.027233
0.422908,0.048861,0.022536,0.085236,0.052086,0.001714,-0.117347,0.100799,0.016486
0.425752,0.032250,0.052939,-0.113790,0.057549,0.012963,-0.087895,0.129579,0.011205
0.438699,0.031619,0.136529,-0.088857,0.057924,-0.002135,-0.094412,0.165938,0.012273
0.457723,-0.001898,-0.053312,0.093366,0.034766,-0.023064,-0.082462,0.107531,0.008541
0.476667,0.033695,-0.215758,0.178668,0.007532,-0.024992,-0.038209,0.282151,0.002141
0.494111,0.090161,-0.038997,0.067949,0.006550,-0.015893,-0.006210,0.119444,0.000334
0.508114,0.056750,0.164036,-0.094205,0.013315,-0.009855,-0.005172,0.197492,0.000301
0.515412,-0.039237,-0.001679,-0.106191,0.010354,-0.009495,-0.028964,0.113221,0.001036
0.518562,-0.100805,-0.254264,-0.063987,0.025032,-0.008746,-0.055531,0.280902,0.003787
0.522123,-0.021523,-0.036898,-0.098854,0.052246,-0.007492,-0.040482,0.107689,0.004425
0.525316,0.136911,0.341283,-0.024726,0.034069,-0.009549,-0.001976,0.368551,0.001256
0.527985,0.128212,0.115701,0.173045,-0.025214,-0.007561,-0.000118,0.244478,0.000693
0.534088,0.049796,-0.218707,0.185981,-0.041469,-0.020709,0.029187,0.291378,0.003000
0.543398,0.282503,0.342141,0.157686,0.012176,-0.111236,0.178594,0.470886,0.044418
0.550758,0.627626,1.034741,0.524018,0.077800,-0.265416,0.336834,1.318787,0.189956
0.554473,0.476406,0.620834,0.817860,0.125368,-0.335728,0.349869,1.131942,0.250839
0.557431,-0.086158,-0.192144,0.237313,0.128856,-0.228155,0.263436,0.317270,0.138057
0.562931,-0.330958,-0.378529,-0.545547,-0.002383,-0.042732,0.163395,0.741916,0.028530
0.571442,-0.048219,-0.306723,-0.382421,-0.240161,0.080745,0.040117,0.492595,0.065806
0.578300,0.160912,-0.217145,0.148981,-0.358209,0.116162,-0.069965,0.308610,0.146702
0.580813,0.001128,0.126990,0.161585,-0.273167,0.073440,-0.085071,0.205518,0.087251
0.586849,0.035375,0.392302,0.200913,-0.152702,-0.047124,0.002319,0.442174,0.025544
0.602262,0.487590,0.467138,0.385420,-0.061051,-0.170303,0.152061,0.777503,0.055853
0.616140,0.620766,0.645886,0.045162,0.041642,-0.203591,0.270233,0.896972,0.116209
0.617091,0.044442,0.291726,-0.243764,0.014048,-0.137683,0.206273,0.382753,0.061703
0.613502,-0.624621,-1.089420,-0.062861,-0.217863,0.031138,-0.034010,1.257354,0.049591
0.617426,-0.762087,-1.959064,-0.402954,-0.368559,0.225555,-0.234097,2.140346,0.241512
0.623053,-0.370157,-0.898327,-0.651097,-0.209323,0.189854,-0.273508,1.169587,0.154667
0.622164,0.375289,0.892166,0.263003,0.084081,-0.000916,-0.169051,1.002982,0.035649
0.617890,1.538570,2.118986,-0.579952,0.285680,0.308112,0.228735,2.682097,0.228866
0.606516,2.656200,3.349203,-4.900319,0.393548,1.288178,0.990239,6.502744,2.794856
0.581268,2.210391,3.736974,-6.702902,0.425705,1.956318,1.563429,7.986219,6.452715
0.548655,-0.149853,0.631762,-1.287057,0.352026,1.512355,1.310805,1.441560,4.129350
0.499354,-2.073961,-4.871725,5.484313,0.235304,0.527693,0.472350,7.623169,0.556942
0.413927,-1.832472,-7.673474,6.602737,0.166447,-0.076466,-0.291679,10.287677,0.118628
0.325297,-0.836215,-5.673850,3.770236,0.177671,-0.234508,-0.764649,6.863418,0.671249
0.278276,-0.716441,-1.250882,1.249074,0.264931,-0.251257,-0.837685,1.907401,0.835035
0.242251,-1.357361,3.015468,0.175599,0.303447,-0.274011,-0.475092,3.311542,0.392875
0.178056,-2.401427,4.784453,0.836552,0.169142,-0.452599,-0.229456,5.418271,0.286105
0.118155,-3.132871,3.645546,1.358240,0.020614,-0.553063,-0.251479,4.994968,0.369545
0.088545,-2.710812,3.685639,-0.894398,0.007580,-0.200740,0.168185,4.661801,0.068640
0.062322,-2.217953,4.826184,-1.946235,-0.010009,-0.081819,0.602900,5.656783,0.370283
0.034583,-1.956996,0.607396,1.417534,0.027963,-0.810743,-0.179854,2.491619,0.690434
0.031622,0.677464,-4.663530,0.901913,0.361513,-1.114964,-1.209159,4.798012,2.835902
0.045818,4.349827,0.286424,-6.609176,0.668693,-0.169670,-0.797008,7.917338,1.111160
0.045734,3.070839,7.848129,-7.807170,0.486400,0.377379,-0.066199,11.488041,0.383382
0.031267,-1.971195,3.754654,0.766407,0.143643,-0.322680,-0.508492,4.309341,0.383320
0.026834,-2.835390,-3.504237,3.828447,0.120808,-0.673877,-0.932318,5.914061,1.337922
0.038314,0.617711,-1.310778,-1.591862,0.168797,-0.131930,-0.387020,2.152610,0.195682
0.049620,1.646571,2.572439,-2.307212,-0.032636,-0.002886,-0.023071,3.827776,0.001606
0.052497,-0.139856,0.490127,2.104521,-0.224490,-0.406409,-0.281821,2.165362,0.294987
0.054742,-0.350027,-1.017565,1.583318,-0.141177,-0.345749,-0.259691,1.914381,0.206913
0.061933,0.813223,0.996033,-2.162953,0.031465,0.065070,0.102215,2.516303,0.015672
0.070114,0.759221,1.541595,-2.098273,0.061749,0.141520,0.176814,2.712136,0.055104
0.077296,-0.065161,0.056023,-0.123837,0.011723,-0.009831,0.031956,0.150732,0.001255
0.089100,-0.306808,-0.535215,0.090054,0.021348,-0.061789,-0.011023,0.623455,0.004395
0.106417,-0.229178,-0.393428,0.007908,0.071222,-0.078386,-0.036353,0.455380,0.012538
0.119566,-0.213228,-0.525682,0.428529,0.061237,-0.099353,-0.101903,0.710946,0.024005
0.132667,0.045395,-0.370864,-0.003285,-0.034624,-0.037249,-0.051087,0.373646,0.005196
0.175571,0.537918,0.392788,-0.689504,-0.150191,0.037655,0.115981,0.958673,0.037427
0.258956,0.732175,0.996755,-0.417179,-0.206626,0.032151,0.197341,1.305235,0.082671
0.340455,0.313918,0.536353,-0.023606,-0.168023,0.033049,0.088074,0.621913,0.037081
0.371376,-0.370063,-0.670524,-0.094026,-0.028786,0.072291,-0.104912,0.771615,0.017061
0.351439,-0.675364,-1.091973,0.382776,0.162544,-0.007873,-0.236523,1.339791,0.082426
0.316789,-0.451186,-0.304912,1.067402,0.279252,-0.177816,-0.240048,1.198285,0.167223
0.304508,-0.003428,0.422282,0.389011,0.236886,-0.170070,-0.043882,0.574163,0.086964
0.329807,0.678070,0.612070,-0.471482,0.071110,-0.079711,0.313296,1.027961,0.109565
0.370604,1.465585,0.826443,-0.061339,-0.123417,-0.179481,0.521498,1.683660,0.319405
0.385499,1.445079,0.715301,-1.338225,-0.198858,-0.028321,0.451990,2.095413,0.244642
0.363763,0.458969,-0.209970,-4.919772,-0.072210,0.853802,0.463241,4.945594,0.948784
0.343833,-0.308091,-1.223509,-4.390957,0.069218,1.641221,0.635997,4.568632,3.102890
0.357164,-0.698831,-2.026465,2.007666,-0.001143,1.265370,0.415802,2.936945,1.774054
0.360511,-1.603887,-3.051372,6.528236,-0.180679,0.220794,-0.298307,7.382492,0.170382
0.289249,-2.319377,-2.957226,5.035213,-0.221576,-0.317398,-0.706291,6.283157,0.648684
0.178692,-1.684267,-0.377047,2.054646,-0.083016,-0.290408,-0.401170,2.683373,0.252166
0.122980,-0.790015,1.870734,1.582342,0.102747,-0.372011,-0.030732,2.574408,0.149894
0.128355,-0.890719,0.666286,2.543367,0.223277,-0.638310,-0.132923,2.775974,0.474961
0.134108,-0.907777,-1.319599,2.024777,0.259967,-0.634861,-0.369447,2.581690,0.607122
0.128592,0.096591,-0.453261,-0.602661,0.253614,-0.280260,-0.322534,0.760247,0.246894
0.133665,0.956797,1.386808,-2.509052,0.235699,0.042403,-0.120773,3.022257,0.071938
0.144100,0.751617,1.238691,-1.669758,0.203117,0.091537,-0.022480,2.210741,0.050141
0.148740,0.157773,0.031877,0.004546,0.146038,-0.032583,-0.060531,0.161025,0.026053
0.150198,-0.169794,-0.549574,0.491268,0.095883,-0.148660,-0.162514,0.756443,0.057704
0.146390,-0.203654,-0.500979,0.268546,0.106146,-0.162845,-0.236386,0.603798,0.093664
0.134060,0.061040,0.031145,-0.147099,0.134069,-0.116616,-0.219809,0.162278,0.079890
0.120942,0.350934,0.605206,-0.529159,0.071731,-0.133375,-0.169143,0.877176,0.051544
0.114058,0.223773,0.322497,-0.046593,-0.040539,-0.217046,-0.155824,0.395284,0.073033
0.113179,-0.089200,-0.287879,0.611798,-0.062905,-0.240207,-0.136687,0.682003,0.080340
0.119377,-0.081103,-0.128787,-0.122308,-0.027665,-0.158023,-0.074043,0.195251,0.031219
0.131363,0.117726,0.129900,-1.082626,-0.077973,-0.034056,-0.021729,1.096728,0.007712
0.143027,0.232312,-0.234080,-0.357123,-0.196377,0.062812,0.005894,0.486106,0.042544
0.160177,0.314156,-0.345289,0.776920,-0.238611,0.075888,0.033600,0.906379,0.063823
0.192806,0.178588,-0.044148,0.461679,-0.150392,0.030137,0.001813,0.496981,0.023529
0.226729,-0.154028,-0.159034,-0.324052,-0.016781,0.015330,-0.082028,0.392462,0.007245
0.247549,0.134304,-0.046801,-0.067764,0.056782,-0.007437,-0.014995,0.157543,0.003504
0.273705,0.995731,1.051169,0.612412,0.070782,-0.122732,0.249296,1.572096,0.082222
0.316069,1.030692,1.646288,0.536814,0.079180,-0.209230,0.416285,2.015133,0.223340
0.351211,0.177858,0.604756,0.018254,0.032575,-0.121084,0.331334,0.630632,0.125505
0.367945,-0.143287,-0.610777,-0.120415,-0.131437,0.035663,0.191650,0.638811,0.055277
0.379357,0.063085,-0.837875,0.085418,-0.285997,0.090425,0.100694,0.844577,0.100110
0.389405,-0.185028,-0.879073,0.325596,-0.251307,0.035247,-0.000401,0.955519,0.064398
0.402097,-0.574585,-0.884148,0.289516,-0.062256,-0.062318,0.004330,1.093474,0.007778
0.430046,-0.402875,-0.048466,-0.296276,0.061923,-0.131852,0.189010,0.502431,0.056944
0.463283,0.028972,0.674775,-0.669525,-0.033072,-0.091343,0.282648,0.951012,0.089327
0.479342,0.107470,-0.161104,-0.130738,-0.225886,0.048266,0.102594,0.233659,0.063880
0.483299,-0.266054,-1.200217,0.195415,-0.241086,0.142765,-0.105754,1.244786,0.089688
0.488786,-0.516802,-0.553325,-0.472048,-0.065734,0.107434,-0.116778,0.892234,0.029500
0.484839,-0.118339,0.576272,-0.941003,0.053304,0.050517,-0.038046,1.109766,0.006841
0.459880,0.433159,0.472029,-0.571371,0.067940,0.101116,0.045481,0.858430,0.016909
0.426906,0.503154,0.131610,-0.258491,0.113263,0.226403,0.234419,0.580778,0.119039
0.405466,0.396292,0.599767,-0.282179,0.136829,0.312649,0.457230,0.772265,0.325531
0.403237,0.184861,0.413678,0.408172,0.017886,0.240894,0.425524,0.609842,0.239421
0.415875,-0.591764,-1.241442,2.089063,-0.177611,-0.088784,0.085028,2.501109,0.046658
0.432563,-1.199225,-2.040842,2.572981,-0.334244,-0.489695,-0.260921,3.496199,0.419600
0.449446,-0.555351,-0.578564,0.263140,-0.384584,-0.523406,-0.346679,0.844034,0.542045
0.472589,0.420664,0.790164,-2.152793,-0.262444,-0.201785,-0.183338,2.331488,0.143207
0.499030,0.577168,0.793186,-1.716644,-0.018121,-0.038614,0.081328,1.977153,0.008434
0.514252,0.708505,1.326022,-0.087269,0.166510,-0.147272,0.288875,1.505965,0.132863
0.514965,1.078529,2.089620,0.293815,0.202029,-0.201978,0.308804,2.369824,0.176971
0.511801,0.580358,0.980223,-0.071704,0.156611,-0.132732,0.170963,1.141400,0.071373
0.505215,-0.250975,-0.380811,-0.674484,0.104497,0.071445,0.049791,0.814208,0.018503
0.478901,-0.193007,0.134191,-1.812180,0.037889,0.489471,-0.034688,1.827363,0.242221
0.428316,-0.153552,0.437052,-1.810279,-0.083892,0.679036,-0.230414,1.868610,0.521218
0.381526,-0.791979,-0.883769,1.030422,-0.210036,0.247068,-0.460428,1.571639,0.317152
0.368834,-0.851559,-1.648103,4.187711,-0.191565,-0.206087,-0.456564,4.580210,0.287620
0.383171,-0.053487,-0.801166,3.790390,-0.018914,-0.128690,-0.223939,3.874504,0.067068
0.399385,0.703935,0.584638,0.633785,0.092966,0.031809,0.030284,1.113108,0.010572
0.413023,1.361675,1.851037,-1.599300,0.033886,-0.001956,0.291286,2.799689,0.086000
0.429613,1.583691,2.091305,-1.697930,-0.045233,0.152387,0.573671,3.124836,0.354366
0.443031,0.570777,0.581179,-0.379122,-0.067535,0.355162,0.652584,0.898493,0.556567
0.449419,-0.905080,-1.283151,1.665552,-0.152800,0.050742,0.367760,2.289041,0.161170
0.457709,-1.557710,-2.057043,3.054488,-0.270516,-0.479047,-0.060076,3.998473,0.306274
0.474682,-1.370547,-1.986729,2.832991,-0.212873,-0.513679,-0.274989,3.721737,0.384800
0.494943,-0.595391,-1.059167,1.631159,0.003045,-0.150114,-0.198254,2.033963,0.061848
0.506997,0.374629,0.649321,0.172548,0.148571,0.025984,-0.048169,0.769245,0.025069
0.506154,0.564520,1.448680,-0.873388,0.163866,-0.047955,0.001309,1.783301,0.029153
0.502121,0.072002,0.646903,-0.723712,0.135913,-0.085556,0.028589,0.973359,0.026610
0.507359,0.081971,0.025939,-0.069281,0.065644,-0.058971,0.141270,0.110417,0.027744
0.521098,0.503992,0.401231,-0.020493,-0.043395,-0.084319,0.231240,0.644526,0.062465
0.534222,0.319645,0.347279,0.080944,-0.086783,-0.144033,0.182223,0.478882,0.061482
0.542270,-0.285218,-0.573681,0.675711,-0.010641,-0.173675,0.100764,0.931152,0.040430
0.544815,-0.517247,-0.951837,0.549280,0.123909,-0.164017,0.075772,1.214597,0.047996
0.536639,-0.400308,-0.349992,-0.364615,0.229804,-0.115345,0.032667,0.644736,0.067181
0.508573,-0.106909,0.209519,-0.844149,0.230125,-0.005235,0.017343,0.876308,0.053286
0.466131,0.424656,0.424660,-1.216569,0.096976,0.170173,0.172469,1.356727,0.068109
0.438152,0.688045,0.591019,-1.802253,-0.097398,0.363023,0.381868,2.017629,0.287095
0.444791,0.239855,0.362006,-1.229473,-0.252454,0.506145,0.399176,1.303911,0.479257
0.469176,-0.385833,-0.391469,0.300673,-0.346380,0.504758,0.185244,0.626514,0.409075
0.485689,-0.830747,-1.239252,1.150473,-0.424286,0.276276,-0.159775,1.884005,0.281875
0.493984,-1.256702,-1.778200,1.641759,-0.491239,-0.027132,-0.456398,2.727025,0.450351
0.502719,-1.046564,-1.213886,1.840518,-0.458978,-0.105192,-0.472753,2.440558,0.445222
0.509756,0.062294,0.392711,0.265341,-0.281122,0.023354,-0.279490,0.478025,0.157690
0.515019,0.617207,1.160633,-1.885598,-0.072038,0.084040,-0.185021,2.298585,0.046485
0.524345,0.159956,0.724222,-1.741257,0.078095,-0.008547,-0.134079,1.892633,0.024149
0.534733,0.208343,0.784885,0.350085,0.254825,-0.232117,0.116210,0.884314,0.132319
0.539010,0.731841,1.078917,1.944681,0.471625,-0.536598,0.361393,2.341247,0.640972
0.541090,0.398499,0.586827,1.616989,0.515389,-0.612004,0.325828,1.765735,0.746339
0.548189,0.010568,0.473122,-0.175342,0.264988,-0.279587,0.219447,0.504679,0.196545
0.556832,0.556281,0.733906,-1.101669,-0.088090,0.062276,0.222228,1.435876,0.061023
0.562893,0.545421,-0.343312,-0.147889,-0.268996,0.066892,0.145735,0.661225,0.098072
0.573318,-0.530748,-1.395421,0.572997,-0.165741,-0.088447,0.017262,1.599131,0.035591
0.588555,-0.624784,-0.137561,0.317962,0.114454,-0.252757,0.096038,0.714407,0.086209
0.594112,0.570807,1.590679,0.402854,0.313204,-0.405271,0.273189,1.737346,0.336974
0.591147,1.033243,1.550581,-0.241403,0.307412,-0.231891,0.316569,1.878874,0.248492
0.591442,0.459837,0.628372,-2.184438,0.287146,0.417867,0.346106,2.319067,0.376855
0.571962,0.263140,-0.199768,-2.760385,0.429261,1.139500,0.538080,2.780085,1.772255
0.512550,0.830573,0.199205,-2.599050,0.566265,1.637438,0.873274,2.735799,3.764467
0.449356,1.188603,1.977683,-3.269322,0.413426,1.718924,1.023256,4.001559,4.172674
0.394669,-0.073873,-0.353454,0.541762,0.023444,0.885709,0.378209,0.651071,0.928072
0.303172,-2.366562,-7.694530,8.202119,-0.219290,-0.487109,-0.801895,11.492657,0.928399
0.191188,-2.271401,-7.617842,6.536006,-0.173119,-0.899733,-1.135907,10.291266,2.129774
0.126674,0.468437,3.019544,-4.110665,-0.153139,-0.183095,-0.450848,5.121977,0.260239
0.096977,1.069374,7.702569,-6.005356,-0.265465,0.183567,-0.154234,9.825346,0.127957
0.060597,-1.415117,2.470066,1.620178,-0.184424,-0.089803,-0.331011,3.275478,0.151645
0.048003,-2.630111,2.131398,3.416336,0.061577,-0.102078,0.064082,4.809542,0.018318
0.077262,-1.704239,5.510073,0.280762,0.077056,-0.082142,0.385224,5.774440,0.161082
0.094692,-0.600908,0.140072,1.267274,0.017814,-0.500888,-0.326584,1.409501,0.357863
0.067433,1.118193,-5.924778,1.154515,0.300913,-0.551421,-0.898926,6.138913,1.202682
0.026076,2.551556,-0.944025,-3.792062,0.620894,0.046507,-0.433771,4.667050,0.575830
0.003152,1.193806,4.706780,-4.791972,0.498921,0.257325,-0.132626,6.822166,0.332728
-0.001143,-0.846235,1.634939,-0.373136,0.229220,-0.097988,-0.552521,1.878396,0.367423
0.000242,-0.250973,-1.470295,1.184074,0.257599,-0.181525,-0.644447,1.904412,0.514621
0.000279,0.982607,0.280405,-0.183056,0.402343,-0.045120,-0.231832,1.038101,0.217662
-0.000299,0.352774,0.766929,0.564704,0.346014,-0.258041,-0.166006,1.015638,0.213869
0.000080,-0.374661,-0.722989,1.327718,0.159379,-0.525894,-0.415086,1.557536,0.474263
0.000174,0.241656,-0.055595,-0.632891,0.036674,-0.361972,-0.350897,0.679735,0.255497
-0.000313,0.749553,1.346251,-1.894145,0.014371,-0.044499,-0.041957,2.441722,0.003947
0.000113,0.306122,0.704944,-0.401847,0.020532,0.009410,0.089704,0.867259,0.008557
0.000409,-0.186883,-0.371764,0.896408,-0.016021,-0.095472,0.038536,0.988272,0.010857
-0.000619,-0.187986,-0.291138,0.450257,-0.078776,-0.140547,-0.001635,0.568183,0.025962
-0.000151,-0.070313,-0.113805,0.065231,-0.087858,-0.186416,-0.034335,0.148831,0.043649
0.001276,-0.140025,-0.330498,0.338784,-0.058606,-0.264158,-0.123642,0.493569,0.088501
-0.000873,-0.183006,-0.138803,-0.026870,-0.100570,-0.197888,-0.179649,0.231256,0.081548
-0.001632,0.046655,0.309003,-0.855738,-0.200985,0.007777,-0.104924,0.911014,0.051464
0.003219,0.230107,0.112303,-0.782395,-0.205801,0.099835,-0.002504,0.823227,0.052327
0.000292,0.010731,-0.504466,-0.060260,-0.076541,0.030869,-0.024075,0.508166,0.007391
-0.008227,-0.178533,-0.436099,0.159072,0.054060,-0.040186,-0.088365,0.497353,0.012346
0.014963,0.119628,0.461656,-0.050969,0.113151,-0.107525,0.009809,0.479620,0.024461
0.085897,0.472154,1.029965,-0.174740,0.127415,-0.195560,0.240761,1.146425,0.112444
0.175318,0.432789,0.636371,-0.412683,0.052237,-0.176735,0.378478,0.873259,0.177210
0.257197,0.090431,0.075275,-0.872362,-0.141211,-0.030381,0.361460,0.880261,0.151517
0.320010,-0.566379,-0.170854,-0.983829,-0.275845,0.082708,0.274893,1.147996,0.158497
0.354477,-1.145320,-0.581772,-0.342984,-0.199775,0.082019,0.127212,1.329607,0.062820
0.372321,-0.734382,-0.824806,0.443491,-0.041632,0.003445,-0.012743,1.190087,0.001907
0.387343,0.201540,-0.151689,0.510330,0.085010,-0.126885,0.011716,0.569267,0.023464
0.388440,0.240652,0.660251,0.139457,0.277654,-0.268742,0.134842,0.716445,0.167496
0.375202,-0.353120,0.579341,-0.000978,0.501640,-0.335437,0.157533,0.678477,0.388977
0.350144,-0.535451,-0.002655,-0.348730,0.559151,-0.261897,0.051046,0.639005,0.383846
0.274870,-0.469843,-0.458354,-1.158954,0.457748,-0.066513,-0.146537,1.331922,0.235430
0.140339,-0.096945,-0.434901,-1.477085,0.313761,0.169047,-0.331303,1.542828,0.236785
0.022078,1.033808,0.452306,-1.232876,0.093827,0.395482,-0.221856,1.671324,0.214430
-0.021536,1.763100,1.343233,-1.319968,-0.208485,0.607901,0.203506,2.579750,0.454424
0.003585,1.002964,0.808072,-0.919877,-0.480241,0.713208,0.517000,1.582748,1.006586
0.091768,0.028283,-0.369297,1.115215,-0.662894,0.540316,0.510902,1.175111,0.992391
0.215252,-0.117038,-0.545754,3.078724,-0.739259,0.090652,0.409128,3.128911,0.722107
0.303056,-0.436325,-0.385341,2.869190,-0.676531,-0.360595,0.295826,2.927647,0.675236
0.339192,-1.141433,-0.838549,1.416878,-0.516557,-0.528383,0.099297,2.003391,0.555880
0.374943,-0.878019,-0.729431,0.423646,-0.345005,-0.404598,-0.039189,1.217564,0.284264
0.421017,0.134331,0.337134,-0.234560,-0.176304,-0.192693,-0.027850,0.432114,0.068989
0.439657,0.183563,0.714067,-0.830077,0.009693,-0.054206,-0.035722,1.110232,0.004308
0.423655,-0.554038,0.100230,-0.670057,0.177733,-0.038735,-0.090894,0.875203,0.041351
0.408227,-0.523316,-0.172414,0.058366,0.256885,-0.121824,-0.038145,0.554069,0.082286
0.424466,0.252676,0.204379,0.047870,0.224944,-0.192455,0.088449,0.328493,0.095462
0.466820,0.841037,0.789557,-0.757356,0.118506,-0.155926,0.186262,1.379975,0.073050
0.503243,0.916087,1.092055,-1.070419,-0.021963,-0.053001,0.265388,1.782581,0.073722
0.513808,0.139587,0.293815,-0.711097,-0.119383,0.045486,0.213449,0.781966,0.061882
0.502665,-1.086418,-1.028650,-0.571590,-0.049856,0.122158,-0.051808,1.601605,0.020092
0.476882,-1.068960,-0.940298,-0.610838,0.169808,0.154691,-0.213844,1.549180,0.098493
0.441983,0.322744,0.395515,-0.244627,0.320166,0.163210,0.013839,0.566073,0.129335
0.410956,1.009012,0.861304,0.204536,0.252780,0.225934,0.364262,1.342306,0.247631
0.397794,0.213500,-0.042943,0.400195,0.050585,0.298433,0.429108,0.455612,0.275755
0.408167,-0.806181,-1.104922,1.062365,-0.140668,0.200564,0.189480,1.731878,0.095916
0.434139,-1.133862,-1.407444,2.136202,-0.254626,-0.091825,-0.119521,2.798196,0.087551
0.454904,-0.693810,-0.669075,1.746691,-0.280839,-0.319309,-0.291011,1.994984,0.265516
0.460506,0.101706,0.472367,-0.459601,-0.231586,-0.258872,-0.267992,0.666864,0.192466
0.466912,0.419651,0.816027,-1.791299,-0.137598,-0.051779,-0.167420,2.012650,0.049644
0.486064,0.219857,0.497647,-0.851092,-0.049069,-0.001986,-0.068020,1.010122,0.007038
0.505616,0.287568,0.524262,0.484038,-0.013155,-0.144078,0.092582,0.769311,0.029503
0.517144,0.471509,0.647037,0.672758,-0.007333,-0.262539,0.256551,1.045744,0.134799
0.530787,0.070044,0.246806,0.062633,0.030836,-0.239571,0.256217,0.264088,0.123992
0.550453,-0.445398,-0.236004,-0.674822,0.050246,-0.131320,0.143577,0.842296,0.040384
0.566237,-0.244731,-0.333852,-0.957558,-0.058655,0.001345,0.100710,1.043201,0.013585
0.574806,0.121322,-0.279173,-0.628253,-0.209498,0.111887,0.112143,0.698111,0.068984
0.581844,-0.379771,-0.541287,-0.221608,-0.210537,0.119142,0.027517,0.697372,0.059278
0.587798,-1.001029,-0.870578,0.191501,-0.083485,0.019148,-0.128601,1.340387,0.023875
0.591516,-0.118226,0.055618,0.690434,0.035479,-0.099922,-0.095398,0.702688,0.020344
0.596155,1.358682,1.845833,0.539543,0.126893,-0.234550,0.208249,2.354617,0.114483
0.597181,1.081067,1.547394,-0.331728,0.167265,-0.346263,0.396096,1.916554,0.304768
0.587983,-0.060499,-0.561333,-1.442269,0.125475,-0.107320,0.229049,1.548837,0.079725
0.576595,0.564664,-0.177237,-3.263149,0.143136,0.666177,0.138399,3.316384,0.483434
0.565218,1.832383,2.173454,-4.246074,0.298503,1.424881,0.432454,5.109860,2.306406
0.540534,0.724666,0.885434,-0.861541,0.356743,1.442203,0.621169,1.432266,2.593066
0.504175,-1.808791,-3.371153,4.432353,0.151475,0.815444,0.276085,5.855096,0.764117
0.457321,-2.474213,-3.755230,4.594796,-0.105134,0.234317,-0.219713,6.429279,0.114231
0.377277,-1.193546,0.319051,0.413324,-0.184067,0.008211,-0.374398,1.302760,0.174122
0.278053,-0.264663,2.957552,-1.064899,-0.126126,-0.047356,-0.263624,3.154548,0.087648
0.216347,-0.279258,2.278373,0.858922,-0.018587,-0.077096,-0.167312,2.450860,0.034283
0.189298,-0.501316,0.761535,2.089490,0.129029,-0.109969,-0.186529,2.279742,0.063535
0.146709,-0.642639,-0.402747,1.958994,0.265025,-0.214379,-0.301433,2.100678,0.207058
0.101530,-0.430583,-0.794144,1.245557,0.339811,-0.360565,-0.401918,1.538661,0.407017
0.096534,0.037124,-0.148826,-0.120002,0.366028,-0.438001,-0.400021,0.194751,0.485838
0.115451,0.063457,0.313314,-1.035664,0.316981,-0.456837,-0.377406,1.083878,0.451612
0.126501,-0.003879,0.124043,-1.110684,0.177424,-0.405965,-0.364168,1.117596,0.328905
0.129216,0.515464,0.304678,-1.344444,0.060434,-0.191836,-0.243530,1.471755,0.099760
0.117929,0.642946,0.481964,-0.885283,0.042713,0.022113,-0.098125,1.195573,0.011942
0.086503,-0.197489,-0.211977,0.986657,0.031792,-0.065070,-0.153448,1.028313,0.028791
0.058055,-0.460458,-0.623028,1.708058,-0.033805,-0.316278,-0.303016,1.875539,0.192993
0.050899,0.446376,0.136304,-0.118327,-0.073122,-0.313214,-0.252411,0.481489,0.167161
0.054639,0.913543,0.748881,-1.674814,-0.044365,-0.044898,-0.042186,2.049484,0.005764
0.059972,0.326615,0.365921,-1.008095,-0.011927,0.148714,0.074805,1.121085,0.027854
0.068700,-0.168744,-0.098937,0.200827,-0.007424,0.142509,0.066153,0.280347,0.024740
0.079727,-0.140104,-0.160478,0.548063,-0.001824,0.044792,0.047696,0.588010,0.004285
0.093762,-0.111875,-0.257984,0.538253,0.010800,-0.073282,0.033347,0.607279,0.006599
0.114408,-0.106143,-0.278606,0.236868,0.012509,-0.130251,0.006397,0.380781,0.017163
0.133193,0.093444,0.120009,-0.566122,-0.003717,-0.050611,0.007960,0.586198,0.002639
0.138423,0.220308,0.444128,-0.883839,-0.034724,0.042925,0.033831,1.013389,0.004193
0.139392,0.051748,0.155155,-0.211143,-0.061105,0.001079,0.021884,0.267081,0.004214
0.151370,-0.195023,-0.340566,0.298735,-0.070083,-0.083653,-0.038454,0.493216,0.013388
0.167505,-0.270071,-0.413387,0.127063,-0.093995,-0.091668,-0.098797,0.509875,0.026999
0.178920,-0.163704,-0.153784,0.157621,-0.154474,-0.097242,-0.123990,0.274396,0.048692
0.196170,-0.030607,-0.000255,0.445545,-0.203286,-0.149670,-0.120513,0.446595,0.078250
0.222323,0.012534,0.020238,0.153270,-0.193591,-0.154828,-0.115931,0.155108,0.074889
0.243428,0.046207,0.110325,-0.456551,-0.139516,-0.087876,-0.118633,0.471959,0.041261
0.255434,0.075850,0.152810,-0.578047,-0.063344,-0.035243,-0.120736,0.602696,0.019832
0.260110,-0.123973,0.023099,-0.499436,0.029110,-0.018507,-0.135931,0.515111,0.019667
0.253148,-0.384928,0.018317,-0.538118,0.119980,-0.013342,-0.152382,0.661873,0.037793
0.246665,-0.106030,0.347807,-0.036396,0.195206,-0.070003,-0.084696,0.365427,0.050179
0.262225,0.605870,0.806513,0.698737,0.238717,-0.188597,0.101148,1.227100,0.102786
0.294168,0.941615,1.134601,0.177389,0.185622,-0.203375,0.293054,1.485067,0.161698
0.325698,0.720524,0.961188,-0.950569,0.002081,-0.046851,0.373325,1.531868,0.141571
0.356054,0.250837,-0.083588,-0.468525,-0.193070,0.071604,0.321201,0.537979,0.145573
0.378881,-0.492411,-1.344258,0.675386,-0.237492,0.038401,0.154040,1.582923,0.081605
0.386265,-1.003446,-1.280209,0.045847,-0.120900,0.016183,-0.026194,1.627249,0.015565
0.397522,-0.241532,0.285763,-0.722518,0.033106,-0.022911,-0.029397,0.813653,0.002485
0.420945,1.173469,1.460415,0.271867,0.123656,-0.239552,0.152842,1.893080,0.096037
0.423315,1.354095,1.159165,-0.243514,0.173642,-0.257256,0.305920,1.799037,0.189919
0.394126,0.394103,0.547512,-3.474655,0.252624,0.338897,0.336030,3.539536,0.291586
0.369165,0.001736,0.351811,-4.193705,0.308424,1.033716,0.327154,4.208436,1.270724
0.353594,0.259456,-0.030661,-1.137211,0.262165,1.192087,0.320091,1.166836,1.592260
0.313772,-0.013735,-0.524119,1.088411,0.187352,1.005059,0.284178,1.208109,1.126002
0.255947,-0.957972,-1.023376,2.570823,0.117553,0.628895,0.119849,2.928163,0.423691
0.216794,-1.864621,-1.899948,5.164923,-0.042397,-0.098401,-0.236461,5.810598,0.067394
0.190310,-1.969024,-1.669181,4.798033,-0.212410,-0.719768,-0.530043,5.448334,0.844130
0.147153,-0.829878,0.992609,0.252926,-0.200882,-0.675981,-0.450128,1.318310,0.699919
0.097129,0.687170,3.299011,-2.411570,-0.075438,-0.330283,-0.173612,4.143832,0.144919
0.073768,1.126872,2.395635,-1.318862,-0.024125,-0.178550,-0.061989,2.957753,0.036305
0.084054,0.531413,0.237949,-0.472825,-0.037706,-0.111261,-0.094041,0.750055,0.022644
0.107250,-0.001267,-0.430445,-0.500696,-0.023685,-0.058930,-0.091589,0.660289,0.012422
0.126868,-0.114872,-0.209551,0.151433,0.008785,-0.144745,-0.071619,0.282912,0.026158
0.140496,-0.090629,-0.365289,0.172466,0.005474,-0.205902,-0.090344,0.413998,0.050588
0.149079,-0.083197,-0.568728,-0.883393,-0.049591,-0.086553,-0.118228,1.053924,0.023929
0.161164,-0.114832,-0.361700,-0.830400,-0.121754,0.004220,-0.142259,0.913005,0.035079
0.189368,-0.060265,0.032142,0.304136,-0.146163,-0.059664,-0.159125,0.311711,0.050244
0.222867,0.198824,0.349947,0.329935,-0.095903,-0.093307,-0.125140,0.520433,0.033564
0.240078,0.420979,0.480723,-0.604288,-0.026464,-0.018167,-0.034920,0.879478,0.002250
0.250389,0.327929,0.365084,-0.839676,-0.010636,0.043880,0.042595,0.972563,0.003853
0.273679,0.028879,0.053096,-0.323461,-0.050380,0.055937,0.060823,0.329060,0.009367
0.299562,-0.215111,-0.273480,0.343623,-0.088155,0.027739,0.041008,0.489020,0.010222
0.312404,-0.256042,-0.362972,0.979686,-0.092599,-0.086165,0.008077,1.075682,0.016064
0.321742,-0.153728,-0.203463,0.933123,-0.113402,-0.206090,-0.040121,0.967341,0.056943
0.339801,-0.151826,-0.168922,-0.004217,-0.208338,-0.174406,-0.097879,0.227164,0.083402
0.362074,-0.193447,-0.306063,-0.624001,-0.300341,-0.054186,-0.133197,0.721439,0.110882
0.380211,0.072731,-0.043072,-0.324235,-0.246793,-0.028401,-0.118555,0.335072,0.075769
0.393351,0.413310,0.564337,-0.133670,-0.090833,-0.065896,-0.086434,0.712158,0.020064
0.405568,0.311621,0.654800,-0.457211,0.002972,-0.032834,-0.088783,0.857270,0.008969
0.418175,0.138833,0.356620,-0.278180,0.058042,-0.007609,-0.065928,0.473114,0.007773
0.426594,0.354839,0.466358,0.490754,0.178666,-0.130334,0.061056,0.764356,0.052636
0.429545,0.352999,0.480178,0.473809,0.247273,-0.268596,0.167315,0.761363,0.161282
0.433660,-0.142037,-0.113090,-0.498256,0.142597,-0.206874,0.112355,0.530305,0.075754
0.440620,-0.249353,-0.244789,-0.887305,0.018607,-0.035419,0.029647,0.953629,0.002480
0.444343,0.170805,0.339981,-0.316086,-0.009516,0.030532,0.056416,0.494643,0.004206
0.447018,0.194496,0.267742,-0.032381,-0.082928,0.027816,0.072761,0.332510,0.012945
0.457800,-0.138462,-0.438841,-0.280109,-0.236390,0.083403,0.008948,0.538715,0.062916
0.474583,-0.108964,-0.422592,-0.241987,-0.276842,0.142630,-0.015761,0.499014,0.097233
0.487978,0.005242,0.081232,-0.024168,-0.158809,0.118973,0.008931,0.084913,0.039455
0.497884,-0.090980,0.120747,0.027384,-0.031285,0.020706,-0.007289,0.153646,0.001461
0.508368,0.164844,0.249109,0.317162,0.074222,-0.126249,-0.010220,0.435684,0.021552
0.515869,0.477388,0.681788,0.576883,0.188493,-0.223860,0.055258,1.012684,0.088696
0.515633,-0.034689,0.135137,0.129990,0.171870,-0.146934,0.072190,0.190690,0.056340
0.512101,-0.565614,-1.006353,-0.372087,-0.071161,0.018769,0.009657,1.212895,0.005509
0.514903,-0.181135,-0.758451,-0.333118,-0.328476,0.096654,0.009966,0.847954,0.117338
0.527606,0.028466,0.216222,-0.329835,-0.363024,0.099111,0.053922,0.395415,0.144517
0.545043,-0.289043,0.179738,-0.149975,-0.218592,0.058363,0.014714,0.371946,0.051405
0.559559,0.256629,0.355305,0.667910,-0.017398,-0.113018,0.025428,0.798877,0.013722
0.563681,1.122049,1.464415,0.855283,0.207981,-0.341144,0.224154,2.033473,0.209880
0.551203,0.558677,1.296202,-0.275189,0.361314,-0.367869,0.386508,1.438050,0.415264
0.524036,-0.416041,-0.172640,-1.382931,0.335450,-0.086040,0.341355,1.454439,0.236453
0.491054,-0.108085,-0.368664,-1.888098,0.208747,0.384931,0.288195,1.926787,0.274804
0.457886,0.412071,0.352697,-1.878699,0.100895,0.786955,0.343218,1.955430,0.747277
0.429721,-0.155944,-0.170044,-0.227983,-0.007815,0.800019,0.318867,0.324361,0.741768
0.416085,-0.899620,-1.290964,2.673034,-0.140162,0.366447,0.121256,3.101776,0.168632
0.417249,-0.812165,-1.263074,3.691589,-0.224301,-0.144415,-0.087164,3.985323,0.078764
0.421730,-0.246321,-0.340255,1.799063,-0.219794,-0.380549,-0.151622,1.847451,0.216116
0.426928,0.320022,0.516405,-0.390653,-0.181923,-0.361551,-0.081190,0.722287,0.170407
0.439423,0.750717,0.995975,-1.170593,-0.161561,-0.235281,0.034387,1.710506,0.082642
0.455578,0.665624,0.834766,-1.023531,-0.128568,-0.072003,0.126161,1.479022,0.037631
0.466025,-0.101463,0.050719,-0.115606,-0.056027,0.001722,0.140554,0.161963,0.022897
0.469758,-0.862793,-0.654755,1.134485,-0.023059,-0.137076,0.017249,1.568494,0.019619
0.470974,-0.826081,-0.686045,1.055178,-0.096780,-0.354152,-0.194371,1.505479,0.172570
0.477952,-0.010490,0.068031,-0.643805,-0.173649,-0.389013,-0.278401,0.647474,0.258992
0.499537,0.901172,1.194836,-1.965769,-0.139483,-0.213841,-0.122502,2.470626,0.080190
0.528006,1.093377,1.473639,-1.674826,-0.082314,-0.006225,0.074156,2.484377,0.012313
0.544981,0.293687,0.229952,-0.506234,-0.114131,0.117579,0.067856,0.628811,0.031455
0.546861,-0.717443,-1.147142,0.524791,-0.139630,0.147409,-0.118766,1.451229,0.055331
0.541390,-0.980734,-1.153640,0.949272,-0.027679,0.094822,-0.287505,1.787132,0.092416
0.532795,-0.501098,-0.405244,0.797700,0.152234,-0.025297,-0.297674,1.025499,0.112425
0.529129,0.255469,0.077489,0.540565,0.236163,-0.176793,-0.141512,0.602893,0.107054
0.541991,0.978458,0.606714,0.305007,0.188060,-0.280101,0.092533,1.191013,0.122385
0.567254,1.174707,1.259055,-0.321323,0.103666,-0.262703,0.285515,1.751686,0.161278
0.586240,0.619374,1.143986,-1.252841,0.045574,-0.131190,0.366517,1.806084,0.153623
0.590560,-0.058215,0.196008,-1.672768,-0.023516,0.066173,0.347634,1.685218,0.125781
0.589888,-0.430690,-0.676460,-0.900221,-0.126143,0.236874,0.256856,1.205608,0.137996
0.594437,-0.847501,-1.175650,0.797033,-0.199384,0.230623,0.086590,1.653987,0.100439
0.603589,-1.167689,-1.333096,2.009509,-0.192162,0.040394,-0.120928,2.679322,0.053181
0.612524,-0.729262,-0.793714,1.525653,-0.140605,-0.113352,-0.243410,1.867999,0.091867
0.619087,0.096166,0.203576,0.015925,-0.100666,-0.085005,-0.216595,0.225709,0.064273
0.623032,0.408603,0.790773,-0.731468,-0.056060,-0.012774,-0.090160,1.152095,0.011435
0.624806,0.353030,0.749904,-0.153953,0.053590,-0.100057,0.058559,0.843023,0.016312
0.625484,0.340165,0.430383,0.435119,0.192005,-0.291092,0.155943,0.700193,0.145919
0.625954,0.087220,0.020661,-0.176155,0.205958,-0.311519,0.132555,0.197648,0.157034
0.626523,-0.368964,-0.342326,-1.195144,0.039903,-0.075524,-0.010657,1.296800,0.007410
0.627996,-0.438464,-0.452923,-1.157139,-0.153477,0.168934,-0.165168,1.317710,0.079374
0.632559,-0.054148,-0.261372,-0.259409,-0.222414,0.210311,-0.203507,0.372210,0.135114
0.640714,0.427194,0.106595,0.406234,-0.177776,0.103400,-0.102712,0.599069,0.052846
0.647568,0.853126,0.600538,0.499229,-0.074513,-0.024651,0.068424,1.156590,0.010842
0.647708,0.981039,1.128295,0.017292,0.071199,-0.089834,0.247506,1.495255,0.074399
0.643026,0.589106,1.213618,-0.860297,0.199735,-0.003435,0.391021,1.600008,0.192803
0.639357,0.019396,0.553010,-1.147933,0.230887,0.208236,0.448527,1.274342,0.297848
0.638036,-0.462490,-0.458694,-0.014581,0.161161,0.306178,0.366152,0.651544,0.253785
0.637143,-1.058500,-1.389619,1.791864,0.019420,0.095204,0.107230,2.502447,0.020939
0.637235,-1.369534,-1.835272,2.415995,-0.151360,-0.267625,-0.233768,3.328795,0.149180
0.640214,-0.593906,-0.950551,0.789844,-0.229374,-0.411113,-0.389535,1.371177,0.373364
0.645356,0.750144,1.140081,-1.813968,-0.147774,-0.208705,-0.220026,2.270018,0.113806
0.649997,1.156182,2.201809,-2.620357,-0.046093,0.065235,0.031574,3.612615,0.007377
0.652999,0.308661,0.717676,-0.735918,-0.062364,0.104854,0.052320,1.073269,0.017621
0.655837,-0.499768,-1.154350,1.287324,-0.116952,-0.050137,-0.093033,1.799860,0.024847
0.659862,-0.270243,-0.702465,0.956884,-0.093576,-0.140867,-0.118262,1.217422,0.042586
0.663892,0.369835,0.756711,-0.487137,-0.032491,-0.100120,0.021471,0.972981,0.011541
0.666197,0.357716,0.577460,-0.454519,0.005023,-0.108967,0.139806,0.817318,0.031445
0.666973,-0.154501,-0.419262,0.608066,0.054731,-0.229603,0.154251,0.754583,0.079506
0.667104,-0.404837,-0.403219,0.579536,0.118793,-0.281579,0.116693,0.813843,0.107016
0.666888,-0.318235,-0.130130,-0.453213,0.103454,-0.154785,0.052687,0.568867,0.037437
0.666827,-0.250307,-0.441601,-1.061902,-0.017322,0.053156,-0.021590,1.176988,0.003592
0.667871,-0.295267,-0.498259,-0.949671,-0.124291,0.209178,-0.064340,1.112349,0.063343
0.670520,-0.250003,-0.132780,-0.295326,-0.125784,0.231002,-0.070878,0.409084,0.074207
0.673797,0.075500,-0.009720,0.597172,-0.089148,0.130924,-0.051091,0.602004,0.027699
0.676056,0.436242,0.055060,0.690902,-0.109714,0.047692,0.009718,0.818953,0.014406
0.677367,0.399333,0.315466,-0.044926,-0.147726,0.043881,0.080314,0.510885,0.030199
0.677909,0.150060,0.444006,-0.213487,-0.096947,0.004659,0.106461,0.515011,0.020754
0.675015,0.197193,0.530675,0.048201,0.045097,-0.076661,0.140982,0.568176,0.027787
0.668063,0.387040,0.746925,-0.538099,0.163215,-0.026735,0.261691,0.998623,0.095836
0.662609,0.182492,0.572909,-1.028039,0.162068,0.135581,0.370571,1.190963,0.181971
0.662294,-0.374782,-0.209300,0.108979,0.058676,0.147695,0.294320,0.442882,0.111881
0.663511,-0.738175,-0.888019,1.476280,-0.063997,-0.055349,0.056503,1.874269,0.010352
0.663873,-0.603782,-0.800160,1.036594,-0.141002,-0.223536,-0.143032,1.441990,0.090308
0.666063,-0.152383,-0.053195,-0.419622,-0.149383,-0.188642,-0.177019,0.449592,0.089237
0.670150,0.226092,0.617641,-0.989534,-0.108274,-0.061465,-0.093735,1.188182,0.024287
0.672757,0.268937,0.519010,-0.460211,-0.066248,0.005971,-0.021530,0.743971,0.004888
0.673739,0.116723,-0.035818,0.312064,-0.039640,-0.012778,-0.013049,0.335099,0.001905
0.674900,0.168009,-0.044572,0.887209,0.009114,-0.124881,0.018481,0.904076,0.016020
0.675562,0.445020,0.588684,0.906714,0.085833,-0.319303,0.138466,1.169069,0.128495
0.675606,0.506630,0.923535,-0.126998,0.114352,-0.405575,0.240561,1.060999,0.235437
0.677251,0.119938,0.394950,-1.490310,0.025000,-0.183714,0.210260,1.546413,0.078585
0.680297,-0.525347,-0.658600,-1.404257,-0.132129,0.160844,0.087802,1.637584,0.051038
0.682737,-1.022881,-1.358179,0.120965,-0.212331,0.236382,-0.051253,1.704573,0.103588
0.687058,-0.696631,-0.809720,1.008396,-0.153533,0.017908,-0.130450,1.468946,0.040910
0.695615,0.562941,0.652145,0.711364,-0.053493,-0.211580,-0.037104,1.117244,0.049004
0.701036,1.096409,1.162947,0.535433,0.028845,-0.338998,0.116373,1.685600,0.129294
0.696843,-0.287340,0.114798,0.292124,0.170750,-0.398668,0.046112,0.425534,0.190218
0.691759,-1.284656,-0.385150,-0.545547,0.344196,-0.393598,-0.104884,1.447862,0.284391
0.690312,-0.169203,0.357605,-0.704704,0.412358,-0.372657,-0.017909,0.808158,0.309233
0.671154,-0.007827,0.049458,-1.048654,0.459637,-0.204092,-0.033656,1.049849,0.254052
0.612403,-1.816649,-0.800548,-3.825858,0.662233,0.479804,-0.467946,4.310253,0.887738
0.523254,-1.079735,1.032716,-5.822304,0.954822,1.505575,-0.685542,6.010953,3.648409
0.432698,2.122868,3.693606,-3.753387,1.203254,2.170802,-0.288533,5.677782,6.243453
0.364966,2.231308,2.832695,-2.175931,1.225063,2.486932,0.090860,4.211600,7.693866
0.319271,-0.273167,0.340735,-3.317757,0.802266,2.985869,0.115438,3.346376,9.572370
0.256303,-1.597623,-0.352758,-1.644361,0.468172,3.281732,-0.084617,2.319647,10.996110
0.143414,-3.388010,-1.547151,3.121704,1.115190,2.609434,-0.897667,4.859766,8.858601
0.024253,-5.713063,-4.408616,5.157845,2.074455,1.379982,-2.215529,8.870082,11.116283
-0.020928,-3.790586,-4.222812,4.288534,1.812679,0.603857,-2.734739,7.112820,11.129246
0.014417,1.062799,0.090831,3.222185,0.695961,0.448204,-2.028167,3.394152,4.798710
0.060685,2.389979,2.523787,1.618164,0.269754,0.418950,-1.261329,3.834052,1.839237
0.068268,0.534239,1.110914,0.371468,0.548102,0.262007,-1.006467,1.287451,1.382039
0.050379,0.041060,0.460511,0.863210,0.610746,0.075083,-0.728938,0.979228,0.909999
0.046261,0.563925,1.146231,1.094903,0.421108,-0.032886,-0.415821,1.682459,0.351321
0.075721,0.005612,0.060729,0.034502,0.284080,-0.066128,-0.458736,0.070071,0.295513
0.119289,-0.568118,-0.670227,-0.289285,0.139328,-0.076846,-0.502366,0.925012,0.277689
0.139302,-0.164414,1.493720,0.620855,0.070413,-0.133365,-0.140716,1.625944,0.042545
0.128573,0.208957,2.456008,1.087595,0.158309,-0.240598,0.182008,2.694161,0.116076
0.114791,0.048217,0.048683,0.315050,0.109804,-0.209553,0.103199,0.322415,0.066619
0.109993,-0.087133,-0.985916,-0.761876,-0.081925,0.073583,0.020701,1.249031,0.012555
0.096569,0.208424,0.811696,-0.470502,0.012769,0.254781,0.164736,0.961074,0.092214
0.067740,0.809140,1.098166,1.018800,0.335937,0.011284,0.199582,1.702536,0.152814
0.040767,0.991221,-0.584560,1.065856,0.359363,-0.274822,0.067740,1.568527,0.209258
0.028204,0.293601,-0.850113,-0.656237,0.078253,-0.174105,0.084253,1.113347,0.043535
0.022963,-0.396516,0.098507,-1.129457,-0.010899,0.005749,0.213496,1.201084,0.045732
0.013847,-0.179249,0.589435,-0.238154,0.178325,-0.055917,0.272897,0.660516,0.109399
0.002739,0.203293,1.195128,-0.741533,0.184449,-0.016430,0.477741,1.421102,0.262528
-0.001624,-0.226063,1.307735,-1.857124,-0.208371,0.360289,0.894908,2.282583,0.974087
0.000008,-0.873983,-0.231895,-0.993390,-0.524712,0.644926,1.016380,1.343296,1.724281
0.000662,-0.669068,-1.413112,0.896284,-0.289705,0.450902,0.570689,1.802183,0.612928
-0.000308,0.093996,-1.050983,1.842061,0.163787,-0.025972,-0.031653,2.122873,0.028503
-0.000194,0.301361,-0.993709,1.750692,0.234762,-0.383237,-0.372232,2.035485,0.340540
0.000253,-0.056664,-0.616991,0.450766,-0.001971,-0.375275,-0.318955,0.766211,0.242568
-0.000015,-0.006245,1.688476,-1.522614,-0.211360,0.040630,0.167804,2.273619,0.074482
-0.000129,0.364148,2.651980,-1.595116,-0.468115,0.527786,0.727247,3.116087,1.026578
0.000070,0.031259,-0.190001,0.818945,-0.687269,0.461045,0.653276,0.841278,1.111671
0.000035,-0.790919,-2.589101,2.398732,-0.388087,-0.278680,-0.117404,3.617031,0.242058
-0.000054,-1.027999,-1.184550,0.823724,0.324455,-0.923720,-0.780879,1.771570,1.568302
0.000009,-0.702364,1.233548,-1.775953,0.674524,-0.814457,-0.755134,2.273536,1.688550
0.000021,-0.393662,1.719026,-1.914844,0.396880,-0.342006,-0.309134,2.603200,0.370046
-0.000016,-0.141524,0.618444,0.505453,-0.027018,-0.260989,0.000106,0.811163,0.068845
0.000005,-0.064024,-0.396120,1.915105,-0.237072,-0.528088,0.063073,1.956690,0.339058
0.000000,-0.292046,0.387588,-0.047592,-0.332637,-0.510126,0.253344,0.487627,0.435059
-0.000014,-0.298415,2.036553,-2.665304,-0.495105,-0.075122,0.699949,3.367558,0.740701
0.000026,0.183573,1.057594,-1.923942,-0.655472,0.211102,0.866972,2.203124,1.225848
-0.000003,0.508575,-1.985003,0.913728,-0.589974,0.039621,0.405431,2.243610,0.514013
-0.000052,0.286511,-2.382196,1.471333,-0.325141,-0.174747,-0.130836,2.814563,0.153371
0.000056,-0.110000,0.043971,-0.150844,-0.163043,-0.100352,-0.177850,0.191800,0.068284
0.000047,-0.412798,0.905470,-0.389428,-0.205652,-0.033666,-0.026576,1.068612,0.044132
-0.000147,-0.549281,-0.419777,0.876415,-0.283079,-0.232697,-0.101844,1.116255,0.144654
0.000044,-0.231938,-0.700851,1.053698,-0.334199,-0.424541,-0.184093,1.286572,0.325814
0.000235,0.457645,0.584441,0.070247,-0.388760,-0.314021,0.057780,0.745617,0.253082
-0.000290,0.796955,0.968371,-0.470643,-0.370675,-0.020329,0.398653,1.339546,0.296737
-0.000184,0.463803,-0.198731,-0.480351,-0.291799,0.167016,0.424242,0.696667,0.293022
0.000735,-0.023621,-0.997783,-0.421891,-0.289215,0.136085,0.173585,1.083569,0.132296
-0.000365,-0.147649,-0.407061,-0.100158,-0.311907,0.017816,0.002857,0.444444,0.097612
-0.001185,0.078469,0.362450,0.350795,-0.257438,-0.017826,0.041815,0.510475,0.068341
0.005573,0.219504,0.081843,0.717963,-0.306125,-0.040363,0.109092,0.755216,0.107243
0.018223,-0.120446,-0.763199,1.232717,-0.520837,-0.221024,0.032406,1.454844,0.321173
0.027779,-0.493685,-0.850937,1.314432,-0.532692,-0.395594,-0.124618,1.641813,0.455785
0.033032,-0.061262,0.080612,0.161961,-0.244663,-0.236880,-0.134084,0.191004,0.133951
0.036846,0.744112,0.793105,-0.980591,-0.121003,0.128619,0.062909,1.464335,0.035142
0.037686,0.761256,0.392972,-0.402725,-0.315875,0.249793,0.206631,0.946639,0.204870
0.037632,0.245216,-0.202780,0.869751,-0.470380,0.047506,0.120352,0.926130,0.237999
0.041350,0.222437,0.163919,0.844600,-0.505270,-0.128370,0.030051,0.888649,0.272680
0.045738,0.465510,0.849307,0.206255,-0.605381,-0.083762,0.178128,0.990234,0.405232
0.049982,0.168605,0.528773,0.618557,-0.627618,-0.028476,0.405524,0.831048,0.559165
0.061530,-0.514070,-0.495416,1.097388,-0.391150,-0.153393,0.420076,1.309185,0.352992
0.076015,-0.915530,-0.872580,0.297346,-0.161568,-0.302949,0.215401,1.299233,0.164280
0.078743,-0.806557,-0.446135,-0.164695,-0.221272,-0.347919,-0.013659,0.936320,0.170195
0.072081,-0.325565,0.035125,0.557625,-0.375968,-0.439603,-0.127085,0.646662,0.350753
0.067313,0.312739,0.554296,0.039540,-0.323212,-0.541945,-0.051970,0.637662,0.400871
0.061330,0.693525,1.053420,-1.867088,-0.136576,-0.372719,0.175324,2.253151,0.188311
0.056043,0.419656,0.741202,-1.836768,-0.041857,-0.052522,0.313168,2.024650,0.102585
0.068670,-0.190261,-0.126843,0.213460,-0.025039,-0.005633,0.204644,0.312816,0.042538
0.094193,-0.463673,-0.354089,1.103897,0.072128,-0.227244,0.051181,1.248583,0.059462
0.103688,-0.430181,0.074637,0.335447,0.285690,-0.376055,0.051800,0.550592,0.225719
0.093265,-0.449029,0.516146,-0.563494,0.496319,-0.303970,0.119176,0.886318,0.352933
0.084991,-0.565988,0.570486,-0.802931,0.567175,-0.094907,0.154755,1.136000,0.354644
0.084253,-0.916009,-0.396897,0.499261,0.523996,-0.029239,0.088493,1.116182,0.283258
0.079045,-1.191735,-1.663294,2.418644,0.547527,-0.403070,-0.228557,3.168062,0.514490
0.067690,-0.294798,-1.069768,1.533972,0.649066,-0.930413,-0.631315,1.893246,1.685514
0.060578,1.532944,1.071475,-1.911220,0.559699,-0.920387,-0.620837,2.674086,1.545814
0.065006,2.241882,2.151726,-3.383855,0.187156,-0.349394,-0.136261,4.594174,0.175671
0.077393,1.173220,1.515944,-1.831564,-0.146606,0.110630,0.302084,2.651256,0.124987
0.087440,-0.061968,0.375425,-0.161647,-0.188298,0.152343,0.363624,0.413417,0.190887
0.089626,-0.423075,-0.545325,0.668173,-0.066272,0.031610,0.209190,0.960639,0.049152
0.087372,-0.414873,-0.982323,1.201160,0.035966,-0.058888,0.074811,1.606195,0.010358
0.084963,-0.459372,-0.957854,0.983626,0.073672,-0.122023,0.009488,1.447766,0.020407
0.081427,-0.334705,-0.697899,0.274939,-0.000567,-0.168629,-0.025121,0.821390,0.029067
0.074968,0.056977,-0.107152,0.004541,-0.177547,-0.219312,-0.030131,0.121444,0.080529
0.069103,0.386398,0.549714,-0.117577,-0.300085,-0.261941,0.012355,0.682139,0.158817
0.068589,0.327038,0.486823,-0.350851,-0.285058,-0.247630,0.057984,0.683408,0.145941
0.071783,0.018540,-0.181539,-0.153096,-0.244717,-0.218550,0.038799,0.238198,0.109156
0.075420,-0.110381,-0.479452,0.118832,-0.263411,-0.229394,-0.028732,0.506142,0.122832
0.081614,0.053603,-0.071241,-0.260796,-0.263592,-0.220996,-0.071505,0.275614,0.123433
0.089230,0.237781,0.472673,-0.760632,-0.172382,-0.153064,-0.049873,0.926564,0.055631
0.089819,0.192210,0.448736,-0.653914,-0.078727,-0.076727,0.016784,0.816034,0.012367
0.084838,-0.119815,-0.255472,-0.087711,-0.114078,-0.037859,0.036652,0.295491,0.015790
0.087763,-0.456568,-0.871517,0.585450,-0.221698,-0.070430,-0.069157,1.144879,0.058893
0.098252,-0.440979,-0.684978,0.914363,-0.219167,-0.168707,-0.202577,1.224629,0.117534
0.103256,-0.082310,-0.056757,0.358911,-0.099236,-0.214493,-0.199535,0.372577,0.095669
0.108093,0.204413,0.331065,-0.668985,-0.042429,-0.113048,-0.096772,0.773905,0.023945
0.127982,0.169890,0.289412,-0.854019,-0.115390,0.040871,-0.042901,0.917589,0.016826
0.156059,-0.119406,-0.267071,0.148440,-0.187558,0.070142,-0.067831,0.328054,0.044699
0.178659,-0.361913,-0.874577,0.962677,-0.156367,-0.056292,-0.134710,1.350042,0.045766
0.197666,-0.174946,-0.441006,0.532721,-0.064506,-0.183857,-0.206932,0.713361,0.080785
0.211678,0.228714,0.623319,-0.273596,0.012312,-0.193786,-0.213900,0.718117,0.083458
0.213968,0.145028,0.639058,-0.408034,0.065256,-0.146603,-0.159588,0.771959,0.051219
0.210580,-0.304721,-0.088338,-0.197779,0.134937,-0.108581,-0.152628,0.373865,0.053293
0.203285,-0.291367,-0.074027,0.059481,0.231621,-0.073439,-0.199722,0.306452,0.098930
0.185199,0.121379,0.195747,0.396231,0.273933,-0.096840,-0.163737,0.458311,0.111227
0.174880,0.329030,0.023106,0.184261,0.186089,-0.173773,0.028581,0.377818,0.065643
0.199003,0.651828,0.379532,-0.285431,0.046924,-0.160208,0.297114,0.806471,0.116145
0.238357,1.261081,1.095715,-0.075927,-0.014381,-0.104487,0.494568,1.672328,0.255722
0.252314,1.076585,0.810450,-0.751628,-0.002349,-0.138667,0.506780,1.542987,0.276060
0.241650,-0.059322,0.260898,-3.135389,0.015767,0.013648,0.376022,3.146784,0.141827
0.231698,-0.657111,0.526249,-3.173162,0.017345,0.560374,0.305258,3.282939,0.407502
0.218886,-0.472446,0.270733,0.931033,-0.014622,0.962406,0.360906,1.078575,1.056692
0.183323,-0.648396,-1.052492,3.914761,-0.088585,0.724638,0.331029,4.105303,0.642528
0.133427,-0.967850,-1.533164,2.663101,-0.184323,0.232149,0.111193,3.221713,0.100232
0.098315,-0.550915,-0.564053,0.727430,-0.271297,-0.007757,-0.081141,1.072762,0.080246
0.086599,0.104982,0.365651,0.365231,-0.274662,-0.085526,-0.094173,0.527367,0.091622
0.082239,0.337166,0.620912,-0.039391,-0.157674,-0.179516,-0.038229,0.707647,0.058549
0.077247,0.392831,0.590389,-0.802400,-0.068224,-0.184180,0.012703,1.070851,0.038738
0.079724,0.310901,0.283545,-0.733471,-0.136102,-0.058983,0.089165,0.845599,0.029953
0.086232,-0.098608,-0.211274,-0.106918,-0.214991,0.038143,0.120728,0.256499,0.062251
0.080417,-0.369320,-0.329440,0.212627,-0.140473,0.019698,0.045186,0.538645,0.022162
0.066643,-0.096751,0.062585,0.245351,-0.021084,-0.037626,-0.009376,0.271062,0.001948
0.066569,0.196198,0.297076,0.105450,0.005230,-0.058149,0.041719,0.371305,0.005149
0.082409,-0.043091,-0.110076,-0.239910,-0.004842,-0.050683,0.047206,0.267452,0.004821
0.100770,-0.424147,-0.597027,-0.406841,0.003884,-0.028409,-0.084029,0.837772,0.007883
0.114736,-0.315428,-0.362297,-0.119914,-0.008795,0.017827,-0.178850,0.495109,0.032382
0.118547,0.055401,0.204241,0.372761,-0.032389,0.041189,-0.119147,0.428643,0.016942
0.117364,-0.042288,-0.015666,0.826230,-0.032181,-0.039254,-0.063019,0.827460,0.006548
0.134756,-0.595125,-0.930847,0.952213,-0.038292,-0.191076,-0.168238,1.458547,0.066280
0.166765,-0.719964,-1.081725,0.415474,-0.063508,-0.265405,-0.354842,1.364220,0.200386
0.180477,-0.022950,0.072026,-0.323948,-0.087517,-0.196221,-0.424016,0.332651,0.225951
0.188345,0.627930,1.030239,-0.507764,-0.123471,-0.080819,-0.288129,1.309012,0.104795
0.230859,0.438853,0.638093,-0.406072,-0.155252,-0.018219,-0.114069,0.874442,0.037447
0.287744,0.124680,0.220945,-0.364914,-0.110705,-0.010605,-0.111081,0.444437,0.024707
0.315827,0.610251,1.116076,0.286218,0.041482,-0.082241,-0.117395,1.303822,0.022266
0.330452,1.068222,1.844582,1.361275,0.273389,-0.304863,0.137375,2.529160,0.186555
0.356537,0.410158,0.955073,1.117289,0.492209,-0.565806,0.413534,1.526017,0.733416
0.377457,-0.348136,0.060614,-0.549208,0.509059,-0.557741,0.344522,0.653071,0.688911
0.385566,0.061390,0.494506,-1.317570,0.230785,-0.225728,0.154984,1.408650,0.128235
0.398914,0.589537,0.589392,-0.455401,-0.137009,0.089055,0.185093,0.949909,0.060962
0.420222,0.018456,-0.578133,0.218139,-0.311254,0.155050,0.230851,0.618193,0.174212
0.440109,-0.550944,-0.940918,0.121619,-0.238844,0.074582,0.067230,1.097113,0.067129
0.456255,0.041353,0.509104,0.331378,-0.021668,-0.072476,-0.048949,0.608858,0.008118
0.464095,0.769447,1.568993,0.365489,0.224482,-0.266499,0.079105,1.785321,0.127671
0.459498,0.497361,0.868762,-1.012523,0.331665,-0.279951,0.226627,1.423839,0.239734
0.448494,-0.112575,-0.018200,-2.360210,0.187541,0.055520,0.223503,2.362963,0.088208
0.440714,-0.231481,-0.113756,-1.117916,-0.071663,0.428853,0.180189,1.147284,0.221519
0.445478,-0.292545,-0.453039,1.914664,-0.215577,0.398790,0.150419,1.989162,0.228133
0.464042,-0.715727,-1.253784,3.314538,-0.226988,0.026754,0.047154,3.615301,0.054463
0.481305,-0.849457,-1.306336,1.851044,-0.242481,-0.246649,-0.131351,2.419598,0.136886
0.489235,-0.179059,-0.097173,-0.335131,-0.254528,-0.231036,-0.244819,0.392196,0.178098
0.501848,0.531247,1.276928,-1.071010,-0.116197,-0.145047,-0.161236,1.749237,0.060537
0.523415,0.417322,1.326324,-0.577690,0.145408,-0.190778,0.049194,1.505662,0.059960
0.537334,-0.063937,0.266462,-0.259586,0.282125,-0.260638,0.150478,0.377458,0.170170
0.538033,-0.150893,-0.369277,-0.392574,0.177414,-0.177025,0.067572,0.559686,0.067380
0.535843,-0.088581,-0.354014,-0.386907,-0.014280,-0.007335,-0.034064,0.531855,0.001418
0.537213,-0.220338,-0.418390,-0.343257,-0.149565,0.092833,-0.056774,0.584315,0.034211
0.546096,-0.160859,-0.373664,-0.266581,-0.233747,0.134296,-0.064399,0.486380,0.076820
0.563626,0.315870,0.051681,0.376050,-0.252026,0.122964,-0.068645,0.493820,0.083349
0.577677,0.751914,0.574843,0.467660,-0.143921,-0.011529,0.008543,1.055711,0.020919
0.577597,0.685100,1.079684,-1.432232,0.041161,-0.087716,0.186577,1.919992,0.044199
0.572225,0.237858,1.254476,-2.947557,0.161364,0.173466,0.396314,3.212223,0.213194
0.572769,-0.232861,0.576512,-0.906643,0.154351,0.548209,0.527168,1.099360,0.602263
0.575792,-0.825668,-0.886380,2.795694,0.070071,0.517246,0.439218,3.046851,0.465366
0.577026,-1.561433,-2.328265,4.120011,-0.046661,0.034549,0.070033,4.983310,0.008276
0.580160,-1.474360,-2.211634,2.385033,-0.179807,-0.443633,-0.389738,3.571197,0.381037
0.586281,0.007992,0.136956,-0.485526,-0.267284,-0.540324,-0.576310,0.504536,0.695524
0.593464,1.360961,2.202557,-2.171222,-0.237666,-0.317231,-0.339049,3.379005,0.272075
0.601841,0.970665,1.299249,-1.447545,-0.100611,-0.138849,0.059155,2.173850,0.032901
0.607977,-0.170401,-0.651573,0.103209,0.069884,-0.178553,0.265954,0.681349,0.107496
0.608884,-0.323210,-0.575312,0.313887,0.187986,-0.258333,0.235482,0.730735,0.157526
0.609202,0.100626,0.378569,-0.726497,0.200285,-0.222239,0.141000,0.825371,0.109385
0.605057,0.011331,0.276155,-2.295948,0.130934,-0.000263,0.079142,2.312524,0.023407
0.582704,-0.303169,0.007634,-2.965823,0.039478,0.462081,0.037400,2.981288,0.216476
0.551804,-0.517148,-0.305027,-0.151302,-0.054574,0.802503,-0.036823,0.619173,0.648345
0.541589,-0.884355,-1.629514,4.210770,-0.146812,0.489648,-0.206158,4.600868,0.303810
0.554033,-0.801330,-2.022541,3.980414,-0.195991,-0.175914,-0.402396,4.536132,0.231281
0.564380,0.393637,0.363333,-0.650414,-0.154626,-0.392090,-0.419189,0.842615,0.353363
0.563671,1.689902,2.718363,-3.248017,-0.037839,-0.121613,-0.185198,4.560140,0.050520
0.562846,1.742660,2.207696,-2.180197,0.064415,0.132519,0.157121,3.558658,0.046398
0.567679,0.719436,0.460457,-0.578901,0.063381,0.272415,0.444680,1.031860,0.275967
0.575238,-0.476225,-0.574369,0.961617,-0.039412,0.343673,0.542209,1.217127,0.413655
0.584659,-1.327911,-1.455464,2.828648,-0.155820,0.149685,0.352541,3.447169,0.170971
0.597939,-1.419925,-1.942566,3.086262,-0.203570,-0.246627,-0.012491,3.913408,0.102422
0.612978,-0.562475,-0.754599,1.041523,-0.178520,-0.444012,-0.255831,1.403769,0.294466
0.623621,0.383088,0.873758,-0.885410,-0.128003,-0.334259,-0.236348,1.301599,0.183974
0.628135,0.330888,0.725933,-0.976071,-0.075010,-0.174652,-0.128011,1.260627,0.052517
0.629728,-0.329915,-0.375790,-0.122014,-0.003370,-0.125975,-0.131157,0.514732,0.033083
0.629019,-0.443970,-0.485230,0.265810,0.088533,-0.146438,-0.198604,0.709375,0.068726
0.626019,0.135000,0.231932,-0.237990,0.157511,-0.156823,-0.179452,0.358687,0.081606
0.624994,0.811484,0.934667,-1.013590,0.146773,-0.107927,-0.042876,1.599835,0.035029
0.628227,1.032794,1.150510,-0.921529,0.042243,-0.023357,0.134095,1.799876,0.020311
0.632413,0.401023,0.184235,0.226805,-0.082381,0.005715,0.220159,0.496188,0.055289
0.635469,-0.589763,-1.236221,1.177204,-0.100747,-0.069240,0.125947,1.806065,0.030807
0.637337,-0.780973,-1.086401,0.870660,0.020030,-0.186020,-0.031077,1.596319,0.035970
0.634106,-0.137551,0.386476,-0.229746,0.158304,-0.226410,-0.061459,0.470178,0.080099
0.621446,0.409785,0.976629,-0.824581,0.207205,-0.145086,0.013010,1.342260,0.064153
0.602891,0.643547,0.426876,-0.705502,0.194188,0.002130,0.079913,1.045997,0.044100
0.587682,0.790681,0.257586,-1.065749,0.158007,0.196768,0.165034,1.351794,0.090920
0.581417,0.672589,0.671729,-1.880975,0.080067,0.443117,0.295069,2.107525,0.289829
0.582923,0.225185,0.553631,-1.357790,-0.028643,0.607848,0.367237,1.483512,0.505163
0.589916,-0.348346,-0.408534,0.523666,-0.136011,0.567227,0.295872,0.749981,0.427786
0.601709,-0.988124,-1.367708,1.563580,-0.234162,0.414553,0.091459,2.300391,0.235051
0.613521,-1.376825,-1.499586,1.262660,-0.301673,0.254379,-0.204961,2.395562,0.197724
0.619038,-0.950090,-0.822620,1.156284,-0.344562,0.045716,-0.496716,1.707737,0.367540
0.622604,-0.059418,-0.120370,1.392586,-0.411814,-0.183669,-0.624137,1.399041,0.592872
0.632819,0.237630,0.118221,0.594839,-0.445914,-0.287863,-0.549608,0.651366,0.583773
0.644836,0.084195,0.573990,-1.068876,-0.325700,-0.225632,-0.415604,1.216162,0.329717
0.648751,0.535440,1.715814,-1.312001,-0.091488,-0.123493,-0.260644,2.225323,0.091556
0.647379,1.162659,2.188939,0.805692,0.160270,-0.184935,0.041189,2.606217,0.061584
0.646718,0.700500,0.980079,2.337351,0.448597,-0.510429,0.384465,2.629537,0.609590
0.643736,-0.228189,-0.132444,0.308992,0.676561,-0.816431,0.453810,0.406310,1.330238
0.638457,-0.239054,0.314478,-2.769465,0.595059,-0.648943,0.277289,2.797495,0.852111
0.637397,0.123985,0.469563,-2.435473,0.247193,-0.120380,0.148825,2.483423,0.097745
0.634579,-0.062982,-0.693111,-0.101775,0.002243,0.178479,0.080887,0.703369,0.038402
0.614885,-0.038496,-0.696394,-0.370365,0.031769,0.182185,0.003966,0.789694,0.034216
0.582493,0.615078,1.056472,-2.639631,0.147672,0.392287,0.105788,2.908970,0.186887
0.557842,0.757537,1.522892,-2.737206,0.146739,0.848080,0.372769,3.222632,0.879729
0.547200,0.004382,0.013423,-0.109058,0.040471,1.040069,0.451782,0.109968,1.287488
0.542463,-0.826859,-1.215064,2.566809,-0.041978,0.780847,0.267370,2.957801,0.682971
0.541411,-1.637955,-1.953237,3.974550,-0.062121,0.284439,-0.012449,4.721767,0.084920
0.543990,-2.356256,-2.779823,4.242835,-0.108183,-0.304650,-0.442178,5.592943,0.300037
0.542277,-1.735604,-1.916950,2.892687,-0.213807,-0.762225,-0.909067,3.880033,1.453103
0.534923,0.197191,0.828911,0.025924,-0.294432,-0.741135,-0.919857,0.852438,1.482108
0.540946,1.239256,2.015446,-2.114547,-0.302584,-0.354018,-0.446652,3.173182,0.416384
0.577282,0.847742,0.759176,-1.848171,-0.275021,-0.098351,-0.051207,2.170426,0.087932
0.625496,0.776850,0.150108,-0.352435,-0.231750,-0.105934,0.065022,0.866163,0.069158
0.649285,1.158970,0.537317,0.659272,-0.144989,-0.189197,0.085940,1.437554,0.064203
0.646980,1.045136,0.365249,-0.212860,0.033046,-0.243311,0.040279,1.127398,0.061915
0.645570,1.246910,1.654408,-4.092012,0.284504,0.005669,0.126542,4.586547,0.096988
0.642416,1.758087,3.859608,-7.019863,0.420031,0.761246,0.571076,8.201580,1.082049
0.612061,0.525876,0.683018,-2.444202,0.263009,1.339969,0.752209,2.591753,2.430509
0.566555,-1.800647,-5.787652,5.617868,-0.021629,0.926383,0.043714,8.264362,0.860564
0.536558,-1.995339,-4.210304,6.027633,-0.091018,0.066242,-0.685968,7.618425,0.483224
0.511045,-0.458545,4.259482,-0.001511,0.112564,-0.158805,-0.346949,4.284093,0.158263
0.469955,-0.625609,6.505408,-1.656372,0.377040,0.103297,0.438104,6.742054,0.344765
0.430718,-2.556683,1.169915,2.033231,0.532917,0.021677,0.509004,3.469778,0.543555
0.398913,-2.908164,-2.490107,3.725867,0.510695,-0.473611,-0.049507,5.342297,0.487568
0.346464,-0.513813,-1.897274,1.164266,0.367357,-0.819495,-0.536803,2.284550,1.094681
0.279190,1.854875,0.254352,-2.366066,0.299031,-0.641630,-0.621899,3.017205,0.887867
0.241710,1.561582,2.059219,-3.156677,0.339269,-0.152136,-0.342237,4.079648,0.255375
0.243517,-0.150057,1.426972,-0.607427,0.297549,0.070763,-0.052594,1.558119,0.096309
0.253271,-0.582030,-0.820755,1.580777,0.171157,-0.073760,-0.027000,1.873834,0.035464
0.257368,-0.014281,-1.383279,1.366552,0.127236,-0.131933,-0.064594,1.944513,0.037768
0.270084,-0.062400,-0.598954,1.057503,0.102912,-0.064623,-0.031143,1.216944,0.015737
0.296041,-0.173066,-0.344035,0.982242,-0.038606,-0.166813,-0.091402,1.055041,0.037671
0.322289,0.432520,0.099669,-0.471847,-0.183176,-0.236540,-0.160824,0.647802,0.115369
0.345747,0.715281,0.847458,-1.542219,-0.207333,-0.029928,-0.045230,1.899540,0.045928
0.374254,0.121020,0.365805,-0.334994,-0.203565,0.130959,0.080735,0.510568,0.065107
0.402436,-0.467908,-1.030876,1.142448,-0.239628,0.019795,0.007337,1.608363,0.057867
0.421138,-0.534221,-1.403629,0.938494,-0.231176,-0.115481,-0.148644,1.770971,0.088873
0.437274,-0.227621,-0.282045,-0.046361,-0.143569,-0.118520,-0.203151,0.365390,0.075929
0.455664,0.230413,0.880674,-0.451167,-0.055416,-0.090008,-0.134221,1.015986,0.029188
0.468512,0.391887,0.877342,-0.134399,0.004199,-0.090758,-0.022952,0.970241,0.008781
0.475812,0.061693,0.138680,0.232614,0.081413,-0.134131,0.052908,0.277754,0.027418
0.483812,-0.259150,-0.397039,0.020515,0.150558,-0.206643,0.093437,0.474573,0.074100
0.488921,-0.202320,-0.470192,-0.552657,0.116888,-0.189378,0.122699,0.753289,0.064582
0.488081,0.074852,-0.010885,-0.731796,-0.025792,-0.031114,0.093543,0.735695,0.010384
0.488388,0.391633,0.741873,-0.357038,-0.191368,0.125485,0.001634,0.911717,0.052371
0.495064,0.500847,0.793764,0.088351,-0.314836,0.170159,-0.021747,0.942717,0.128549
0.505381,0.160530,-0.074613,0.382305,-0.345809,0.143669,0.064287,0.421300,0.144357
0.514739,-0.265325,-0.569157,0.576087,-0.240375,0.069520,0.100796,0.852181,0.072773
0.520881,-0.273198,-0.047954,0.379321,-0.058144,-0.059114,0.030408,0.469916,0.007800
0.524336,-0.024577,0.545425,-0.259181,0.055313,-0.143615,0.009033,0.604373,0.023766
0.526151,0.142305,0.457442,-0.544147,0.029786,-0.091039,0.092628,0.724983,0.017755
0.526747,0.136827,-0.060934,-0.118239,-0.065996,0.008987,0.142796,0.190827,0.024827
0.527768,-0.047149,-0.426281,0.319042,-0.117870,0.016873,0.097985,0.534534,0.023779
0.531202,-0.102766,-0.198753,0.441800,-0.079793,-0.062698,0.056598,0.495228,0.013501
0.536655,0.206711,0.405583,0.426038,0.011398,-0.136890,0.083669,0.623486,0.025869
0.539929,0.387739,0.654386,0.045930,0.105597,-0.152840,0.132565,0.762018,0.052084
0.534654,0.124203,0.414268,-0.541366,0.168409,-0.120177,0.157559,0.692908,0.067629
0.521633,-0.084675,0.106030,-0.675759,0.167158,-0.056092,0.174761,0.689248,0.061630
0.512687,-0.073260,-0.239917,-0.536658,0.098949,0.066040,0.192012,0.592393,0.051021
0.514625,-0.225684,-0.671635,-0.486730,-0.000829,0.228286,0.164746,0.859612,0.079256
0.520414,-0.359135,-0.765930,-0.063457,-0.102287,0.286001,0.071564,0.848324,0.097381
0.525733,-0.082612,-0.294336,0.613170,-0.183285,0.172462,-0.014204,0.685154,0.063538
0.534626,0.155028,0.178510,0.720108,-0.219389,0.042916,-0.013029,0.757928,0.050143
0.544219,-0.161895,-0.050503,0.527100,-0.216150,-0.003380,0.012261,0.553710,0.046883
0.547856,-0.543002,-0.656268,0.590957,-0.192149,-0.074208,-0.064564,1.036711,0.046597
0.549548,-0.314509,-0.452925,0.292037,-0.128962,-0.188688,-0.193723,0.623973,0.089763
0.554119,0.292156,0.736586,-0.491928,-0.019235,-0.204199,-0.191558,0.932688,0.078762
0.556893,0.603154,1.406314,-0.592107,0.074441,-0.129676,-0.033140,1.640763,0.023456
0.556736,0.366287,0.566571,0.106529,0.100743,-0.119087,0.117312,0.683021,0.038093
0.559597,-0.070103,-0.539134,0.287974,0.097169,-0.171446,0.150148,0.615231,0.061380
0.565164,-0.064145,-0.295452,-0.242710,0.110341,-0.187472,0.120721,0.387704,0.061894
0.568283,0.447569,0.647308,-0.425663,0.115366,-0.175683,0.146140,0.894715,0.065531
0.568868,0.530228,0.442670,-0.294195,0.054020,-0.124200,0.235506,0.750766,0.073807
0.568750,-0.345939,-0.917187,-0.500942,-0.092379,0.049040,0.236538,1.100840,0.066889
0.567986,-1.152261,-1.727575,-0.276394,-0.243644,0.234285,0.050089,2.094902,0.116761
0.567896,-0.777420,-1.111619,0.948061,-0.262273,0.206458,-0.166248,1.654962,0.139050
0.569672,0.272946,0.180404,1.679507,-0.129101,0.011044,-0.189168,1.711078,0.052574
0.572950,0.826707,1.003074,0.948131,0.026427,-0.135452,-0.029491,1.608898,0.019915
0.577807,0.739066,1.077056,-0.035077,0.115678,-0.191767,0.142318,1.306713,0.070410
0.581960,0.521619,0.736116,-0.324441,0.132459,-0.196894,0.236120,0.958757,0.112065
0.581818,0.205930,-0.048320,-0.328638,0.032566,-0.106688,0.232795,0.390826,0.066636
0.581291,-0.256885,-0.946364,-0.312982,-0.193340,0.057316,0.116355,1.029346,0.054204
0.587277,-0.433944,-0.936873,0.003807,-0.386049,0.158820,-0.032608,1.032498,0.175321
0.596672,-0.248377,-0.283927,0.577348,-0.385315,0.121329,-0.096545,0.689664,0.172509
0.602901,-0.220190,-0.158751,0.743761,-0.238416,0.002453,-0.117694,0.791749,0.070700
0.607337,-0.374244,-0.153991,0.211413,-0.057908,-0.097848,-0.173133,0.456582,0.042903
0.610639,-0.222636,0.480546,-0.218805,0.137312,-0.145446,-0.179933,0.573033,0.072385
0.608792,0.187888,0.907862,-0.097339,0.277670,-0.165737,-0.087145,0.932196,0.112164
0.606731,0.394554,0.573832,-0.150173,0.233617,-0.144777,0.000552,0.712396,0.075538
0.613081,0.359516,0.243439,-0.334930,0.063035,-0.056509,0.046977,0.548354,0.009374
0.619763,0.243532,0.139246,0.252399,-0.048500,0.009021,0.105241,0.377363,0.013509
0.616748,-0.158370,-0.395778,0.876459,-0.063997,-0.054594,0.121450,0.974629,0.021826
0.615902,-0.693644,-1.044265,0.260385,-0.037820,-0.159238,0.040403,1.280403,0.028419
0.619818,-0.438564,-0.420687,-0.590259,0.039164,-0.163597,-0.016363,0.847185,0.028566
0.599019,0.541755,1.207181,-0.607232,0.162061,-0.118133,0.054126,1.455855,0.043149
0.548739,0.820814,1.685062,-1.108539,0.289038,-0.059662,0.156840,2.177620,0.111701
0.504478,0.518860,1.103454,-2.721222,0.410181,0.189464,0.239449,2.981925,0.261481
0.458217,1.320523,1.794663,-3.780652,0.496158,0.691683,0.466184,4.388385,0.941926
0.361029,2.579283,3.097675,-3.360655,0.506054,1.243065,0.924667,5.248075,2.656310
0.228719,1.771626,2.119493,-1.913373,0.498002,1.715713,1.366374,3.360343,5.058655
0.124307,-0.998420,-1.024204,0.369145,0.556589,2.046859,1.386822,1.477195,6.422698
0.058088,-3.023955,-4.094866,3.076979,0.624528,2.003254,0.788720,5.948112,5.025141
0.011491,-2.816850,-5.595541,5.276130,0.569896,1.515001,-0.169189,8.190377,2.648634
-0.006928,-1.285416,-4.348105,6.376014,0.402075,0.913843,-0.907291,7.823801,1.819950
-0.000163,-0.165083,-1.046339,6.277106,0.239988,0.440364,-1.093524,6.365857,1.447309
0.003295,-0.383922,1.118661,5.209953,0.059566,0.015185,-0.934849,5.342510,0.877721
-0.001867,-1.379648,1.422955,3.221927,-0.212305,-0.300317,-0.733030,3.782730,0.672597
-0.000950,-1.952701,2.371297,0.508331,-0.353997,-0.233946,-0.460299,3.113598,0.391920
0.002358,-1.890503,3.717151,-1.095624,-0.133964,0.124084,-0.010636,4.311798,0.033456
-0.001201,-2.104786,2.809183,-0.023833,0.153347,0.258584,0.413102,3.510299,0.261034
-0.001920,-2.537695,0.809500,1.759410,0.106931,-0.021740,0.491683,3.192289,0.253659
0.003859,-1.575217,1.080003,1.266342,-0.137661,-0.264627,0.297254,2.291580,0.177338
-0.000498,0.437205,2.572289,-0.887912,-0.301853,-0.094753,0.260584,2.756122,0.167997
-0.007883,0.582971,1.469173,-1.328802,-0.408130,0.142117,0.506431,2.064955,0.443240
0.014863,-0.974160,-2.013123,0.531024,-0.433420,-0.087783,0.611735,2.298617,0.569778
0.059513,-0.742543,-3.617723,0.547534,-0.268890,-0.530769,0.340041,3.733508,0.469645
0.088965,1.031663,-1.698178,-2.721986,-0.086459,-0.508566,0.104997,3.370066,0.277139
0.114484,0.999839,-0.160282,-3.937471,-0.077721,-0.228706,0.154852,4.065593,0.082326
0.161543,-0.471140,-1.572585,-1.218132,-0.140473,-0.446272,0.048216,2.044222,0.221216
0.202008,-0.993102,-1.783141,-0.379446,-0.205200,-0.931901,-0.351815,2.076011,1.034320
0.209294,-0.776951,0.799384,-2.687975,-0.296017,-0.947744,-0.526853,2.909962,1.263419
0.207482,0.088216,-0.143877,-2.571100,-0.247136,-0.693238,-0.492392,2.576633,0.784105
0.212344,2.282944,-4.433075,0.383414,0.026564,-0.588752,-0.677670,5.001099,0.806571
0.206076,3.142580,-2.961944,1.966023,0.233507,-0.349162,-0.705684,4.744910,0.674430
0.187719,0.523110,2.821457,2.317340,0.138454,-0.035632,-0.241767,3.688405,0.078890
0.176884,-1.567493,2.917640,2.738052,-0.057958,-0.211594,-0.011019,4.297277,0.048253
0.170448,-0.028398,-1.052186,1.706380,-0.053659,-0.557621,-0.285221,2.004903,0.395171
0.151172,1.430961,-1.581823,-0.030367,0.113178,-0.355391,-0.287941,2.133245,0.222022
0.127848,0.271401,-0.243229,-0.103037,0.178250,0.054030,0.060279,0.378729,0.038326
0.118021,-0.669746,-0.510918,0.362830,0.078093,0.045811,0.089182,0.917193,0.016151
0.108430,-0.140238,-0.772832,-0.077973,0.005411,-0.141007,-0.140491,0.789313,0.039650
0.083997,-0.006387,-0.404256,-0.201590,0.057755,-0.150562,-0.201916,0.451777,0.066775
0.068640,-0.379059,-0.542994,0.326879,0.106287,-0.134537,-0.208618,0.738497,0.072919
0.083459,-0.176545,-0.582857,0.463637,0.040375,-0.202667,-0.300038,0.765408,0.132727
0.105427,0.224517,-0.004550,0.220381,-0.071453,-0.236447,-0.310295,0.314637,0.157296
0.115251,0.323990,0.470609,-0.041094,-0.102994,-0.212187,-0.211482,0.572827,0.100356
0.130123,0.436408,0.638753,-0.397159,-0.043377,-0.184342,-0.114212,0.869593,0.048908
0.157865,0.539957,0.671749,-0.660750,0.004609,-0.137223,-0.025021,1.085998,0.019477
0.183854,0.306522,0.381907,-0.550678,-0.017118,-0.051343,0.048135,0.736923,0.005246
0.208211,-0.091015,-0.092802,-0.101048,-0.041718,0.012973,0.055020,0.164641,0.004936
0.234612,-0.278799,-0.313684,0.317766,-0.003815,-0.007109,0.020671,0.526405,0.000492
0.248625,-0.309226,-0.395596,0.320919,0.040361,-0.065182,-0.016407,0.595908,0.006147
0.251080,-0.382279,-0.579298,0.155588,0.010363,-0.090051,-0.088416,0.711288,0.016034
0.263869,-0.304243,-0.429663,0.188934,-0.051103,-0.115900,-0.194098,0.559348,0.053718
0.286486,0.060305,0.212134,0.062480,-0.048315,-0.167021,-0.248271,0.229219,0.091869
0.301246,0.238523,0.463923,-0.394884,-0.008769,-0.155794,-0.210794,0.654256,0.068783
0.309734,-0.050045,-0.065993,-0.514119,-0.041254,-0.058228,-0.143686,0.520747,0.025738
0.322441,-0.310254,-0.538487,-0.016186,-0.134985,0.004430,-0.113403,0.621681,0.031101
0.339946,-0.220577,-0.508048,0.407654,-0.179467,-0.020418,-0.129456,0.687713,0.049384
0.360752,-0.049911,-0.319770,0.254507,-0.167622,-0.037566,-0.154305,0.411725,0.053318
0.382419,0.041178,-0.057197,-0.140117,-0.168847,-0.009188,-0.128363,0.156844,0.045071
0.402760,0.014462,0.149179,-0.411804,-0.146957,0.000344,-0.062647,0.438231,0.025521
0.426724,-0.133877,0.026047,-0.526607,-0.034949,-0.002698,-0.064919,0.543982,0.005443
0.453565,-0.032921,0.026344,-0.230798,0.098251,0.001758,-0.134845,0.234618,0.027840
0.472985,0.295805,0.361491,0.359282,0.161592,-0.081426,-0.099131,0.589288,0.042569
0.486006,0.124591,0.244062,0.259951,0.180149,-0.243195,0.068026,0.377708,0.096225
0.501669,-0.351378,-0.199571,-0.545225,0.171286,-0.279328,0.166402,0.678650,0.135053
0.517765,-0.207018,-0.030076,-0.675400,0.079369,-0.142632,0.143686,0.707055,0.047289
0.529460,0.078315,0.107715,-0.010677,-0.067191,-0.014788,0.124937,0.133603,0.020343
0.538554,-0.335880,-0.572856,0.178996,-0.145482,0.013936,0.100074,0.687764,0.031374
0.544829,-0.506677,-0.683453,-0.065800,-0.119718,-0.026977,0.026929,0.853322,0.015785
0.549334,0.373480,0.540050,0.260155,-0.046352,-0.110596,0.017126,0.706273,0.014673
0.557344,1.048973,1.212136,0.848725,0.029806,-0.150896,0.096015,1.813823,0.032877
0.565511,0.549977,0.310508,0.712160,0.034329,-0.084156,0.123628,0.951873,0.023545
0.567712,-0.158021,-0.592545,0.033574,-0.093299,0.006123,0.069283,0.614172,0.013542
0.570771,-0.288201,-0.547557,-0.301851,-0.228190,0.043362,0.022138,0.688471,0.054441
0.580288,-0.288983,-0.361996,-0.125576,-0.198401,0.051197,-0.013858,0.479918,0.042176
0.588047,-0.244306,-0.265350,0.159355,-0.069916,0.049636,-0.055441,0.394322,0.010426
0.589071,0.117198,0.081443,0.365836,-0.003300,0.032764,-0.027799,0.392689,0.001857
0.586912,0.177073,0.070417,0.231908,0.014224,-0.011990,0.033491,0.300158,0.001468
0.579777,-0.210134,-0.198073,-0.751082,0.044221,-0.043465,-0.047530,0.804682,0.006104
0.563271,0.215732,0.919289,-2.142394,0.071062,0.104016,-0.142648,2.341257,0.036218
0.541041,1.276534,2.735733,-2.223816,0.119650,0.447630,0.119558,3.749551,0.228983
0.521327,0.883935,1.962012,-0.226912,0.196577,0.631098,0.573500,2.163867,0.765829
0.509360,-0.816565,-1.068697,2.091625,0.194587,0.407824,0.619888,2.486722,0.588446
0.504887,-1.389439,-2.288621,2.657826,0.097215,0.022504,0.241925,3.772581,0.068485
0.505167,-0.594254,-1.034704,1.715798,0.019161,-0.252969,-0.050588,2.089907,0.066920
0.509708,-0.083790,-0.053870,0.570655,-0.027098,-0.402933,-0.119234,0.579284,0.177306
0.516957,0.036651,0.209888,-0.474145,-0.075413,-0.352221,-0.133681,0.519817,0.147617
0.521172,0.241958,0.663091,-0.991353,-0.073475,-0.107561,-0.088596,1.216969,0.024817
0.521544,-0.135835,0.222051,0.183580,-0.051509,-0.050813,-0.033005,0.318527,0.006324
0.525492,-0.916696,-1.359793,2.271643,-0.092043,-0.328212,-0.148485,2.801737,0.138243
0.537402,-0.574781,-1.311689,2.317894,-0.111964,-0.469678,-0.303653,2.724616,0.325339
0.554122,0.870830,1.371202,-0.221119,-0.060549,-0.227745,-0.183449,1.639339,0.089188
0.569533,1.488908,2.916089,-2.105483,-0.089783,0.045411,0.112649,3.892747,0.022813
0.577015,0.503653,0.737883,-1.316456,-0.216513,0.147999,0.181900,1.590973,0.101869
0.575240,-0.696728,-1.780942,0.365797,-0.219243,0.192403,-0.036682,1.947047,0.086432
0.571283,-0.877321,-1.344355,1.068513,-0.025197,0.114015,-0.211035,1.928394,0.058170
0.571327,-0.365446,-0.104982,1.074178,0.192409,-0.161646,-0.180090,1.139487,0.095583
0.575613,0.185944,0.010628,0.633430,0.305937,-0.393771,-0.112344,0.660244,0.261274
0.582426,0.599018,0.464471,-0.351260,0.330550,-0.369713,-0.116938,0.835428,0.259626
0.587220,0.506011,0.358341,-0.844946,0.275455,-0.211031,-0.212287,1.048041,0.165475
0.585638,0.079645,-1.535147,-1.019206,0.135211,-0.068108,-0.457012,1.844397,0.231781
0.583057,0.616172,-0.588358,-2.999479,0.049959,0.223513,-0.531586,3.118126,0.335038
0.588131,1.725194,3.897848,-4.778212,0.169985,0.784347,0.015267,6.403189,0.644328
0.596475,0.967444,2.403995,-0.831280,0.274149,1.079681,0.561216,2.721427,1.555832
0.593210,-1.093877,-5.831846,5.960591,0.023694,0.511590,0.049741,8.410448,0.264760
0.572413,-1.128368,-6.809305,5.616090,-0.338192,-0.325366,-0.886016,8.898332,1.005261
0.544760,0.281447,1.494323,-0.691222,-0.275525,-0.325313,-0.736579,1.670330,0.724291
0.515839,-0.280300,3.908714,-1.488894,0.092112,0.234112,0.158898,4.192066,0.088542
0.470131,-2.140639,-1.666305,3.184112,0.225408,0.232906,0.349399,4.182999,0.227134
0.403580,-2.614537,-1.320286,3.092664,0.161545,-0.213113,0.022947,4.259522,0.072041
0.344030,-2.462321,4.442909,-0.556211,0.278619,-0.254824,0.303777,5.109974,0.234844
0.301657,-2.382310,1.900457,0.544131,0.389829,-0.164533,0.740134,3.095677,0.726836
0.252291,-0.419614,-5.476419,2.686579,0.163228,-0.520130,0.227094,6.114323,0.348750
0.200533,2.216571,-3.080400,-0.522989,-0.035835,-0.669450,-0.536312,3.830870,0.737078
0.181440,1.528507,4.379995,-2.894468,0.160780,-0.093925,-0.271622,5.467964,0.108451
0.189860,-1.158157,3.102811,0.308351,0.340141,0.337099,0.412373,3.326236,0.399383
0.190559,-1.433447,-2.534890,2.313510,0.184300,0.118060,0.380983,3.719243,0.193053
0.181658,-0.175463,-2.592002,0.691813,0.063036,-0.039922,0.036220,2.688469,0.006879
0.182126,-0.325886,-0.616209,0.803287,0.154724,0.073992,-0.001428,1.063572,0.029416
0.189772,-0.707276,-1.039002,1.900369,0.162081,-0.049210,-0.066504,2.278413,0.033115
0.193228,0.146469,-0.586368,0.075667,0.030640,-0.252294,-0.270021,0.609103,0.137502
0.193063,0.741202,1.199409,-1.861658,-0.033324,-0.097838,-0.237709,2.335323,0.067188
0.190755,0.308834,1.174603,-0.787619,-0.022260,0.139091,-0.056747,1.447555,0.023062
0.182055,-0.077410,-0.056432,0.759200,-0.016558,0.105750,-0.033525,0.765220,0.012581
0.170765,-0.090645,-0.350103,0.556044,0.010548,-0.002039,-0.082109,0.663305,0.006857
0.168416,-0.189588,-0.183833,-0.026573,0.043035,0.011782,-0.074487,0.265413,0.007539
0.176130,-0.341491,-0.503475,0.345413,0.007236,0.013902,-0.120442,0.699581,0.014752
0.185713,-0.277205,-0.656412,0.836368,-0.062246,-0.079378,-0.241731,1.098741,0.068609
0.194889,-0.018408,0.061021,0.201574,-0.084451,-0.136998,-0.262674,0.211411,0.094898
0.206233,0.175206,0.833254,-0.872100,-0.089119,-0.079009,-0.119647,1.218839,0.028500
0.223803,0.138116,0.568218,-0.795795,-0.124650,0.001593,0.023705,0.987541,0.016102
0.253032,0.035504,-0.201936,0.065233,-0.143753,0.018618,0.043305,0.215160,0.022887
0.287258,0.007829,-0.408319,0.252125,-0.113604,-0.004638,0.001278,0.479951,0.012929
0.311410,-0.087840,-0.259702,-0.172499,-0.071274,-0.024013,-0.037771,0.323909,0.007083
0.328156,-0.188701,-0.135667,-0.361736,-0.025569,-0.025175,-0.089290,0.429961,0.009260
0.349031,-0.019832,0.280483,-0.268986,0.031969,-0.007542,-0.115010,0.389124,0.014306
0.369342,0.211505,0.594972,-0.109777,0.056963,0.011869,-0.057506,0.640919,0.006693
0.383736,0.152893,0.168398,0.122964,0.020756,0.011557,0.015348,0.258562,0.000800
0.398209,0.011195,-0.249036,0.231618,-0.021968,-0.012401,0.023157,0.340281,0.001173
0.410874,-0.110924,-0.100059,-0.080126,-0.021206,-0.033901,0.013690,0.169517,0.001786
0.416989,-0.337771,-0.130430,-0.500773,-0.005771,-0.004129,0.009833,0.617960,0.000147
0.425270,-0.040489,-0.073507,-0.188128,0.008335,0.039534,-0.033592,0.205997,0.002761
0.439976,0.995389,0.910149,0.755352,0.069209,-0.053470,-0.011449,1.545874,0.007780
0.451503,1.214668,1.442051,0.919625,0.159731,-0.273443,0.189135,2.097770,0.136057
0.457149,-0.065671,0.251690,-0.049684,0.176265,-0.351352,0.352529,0.264819,0.278794
0.463203,-0.907362,-0.861059,-0.608861,0.092754,-0.174227,0.248068,1.391201,0.100496
0.468962,-0.191379,-0.420358,-0.098338,-0.029649,0.019684,0.069857,0.472226,0.006147
0.469169,0.461296,0.169819,0.259188,-0.144587,0.055350,0.066028,0.555708,0.028329
0.466031,-0.051184,-0.161458,-0.099697,-0.191414,0.036823,0.109167,0.196540,0.049913
0.468443,-0.532037,-0.433717,-0.282870,-0.124701,0.040994,0.035277,0.742421,0.018475
0.480699,-0.037117,0.094425,0.069885,-0.014549,-0.009833,-0.033578,0.123198,0.001436
0.497164,0.551481,0.761945,0.231216,0.054269,-0.112693,0.025269,0.968583,0.016283
0.510240,0.349441,0.696176,-0.097861,0.075495,-0.142009,0.116638,0.785078,0.039470
0.516865,-0.097396,0.026538,-0.315659,0.023297,-0.070649,0.137257,0.331407,0.024374
0.517492,-0.105542,-0.338169,-0.193744,-0.104662,0.007149,0.110992,0.403775,0.023324
0.515950,-0.040795,-0.132152,-0.300531,-0.169798,0.058553,0.072141,0.330828,0.037464
0.513541,-0.255399,0.005761,-0.734210,-0.083030,0.112805,0.022270,0.777384,0.020115
0.503168,-0.273000,-0.046481,-0.775255,0.036120,0.145545,-0.000906,0.823231,0.022489
0.482478,0.114971,0.209637,-0.272039,0.097837,0.138552,0.070487,0.362176,0.033737
0.462631,0.276821,0.481620,0.070608,0.157790,0.133363,0.231573,0.559976,0.096309
0.451929,-0.160036,-0.057548,0.221476,0.172404,0.106077,0.310980,0.279240,0.137684
0.449192,-0.700385,-1.130972,0.855949,0.017626,-0.023407,0.123696,1.581861,0.016159
0.457222,-0.700259,-1.406206,1.368808,-0.209473,-0.183679,-0.187424,2.083606,0.112745
0.479020,-0.112269,-0.319310,0.404465,-0.295075,-0.191146,-0.265630,0.527404,0.194165
0.504100,0.444920,0.992024,-1.154357,-0.238404,-0.060356,-0.092372,1.585751,0.069012
0.520027,0.482089,1.283972,-1.171914,-0.145622,-0.017243,0.037040,1.803989,0.022875
0.526871,0.438756,1.053287,-0.105788,-0.002942,-0.132756,0.083109,1.145911,0.024540
0.527834,0.614915,0.995232,0.145391,0.170688,-0.223745,0.214944,1.178875,0.125397
0.523711,0.151018,0.163890,-0.258429,0.222092,-0.182414,0.310723,0.341251,0.179149
0.516505,-0.911787,-1.237828,-0.799985,0.117547,-0.054880,0.151772,1.733075,0.039864
0.500442,-0.810145,-0.716021,-2.223431,0.028013,0.216113,-0.061061,2.472381,0.051218
0.467596,0.408063,1.299190,-2.893251,0.042787,0.627267,-0.015746,3.197704,0.395543
0.433246,0.371110,0.971617,0.129547,0.030920,0.773826,0.103085,1.048115,0.610389
0.422067,-1.019033,-1.676027,3.967795,-0.126316,0.326920,-0.074945,4.426160,0.128449
0.431167,-1.269784,-2.426833,2.969298,-0.320866,-0.305693,-0.423383,4.039629,0.375656
0.443989,0.108899,-0.322748,-1.043898,-0.347315,-0.463166,-0.509914,1.098066,0.595163
0.461120,1.147169,1.482587,-2.035989,-0.202826,-0.144664,-0.254486,2.767546,0.126829
0.483848,0.893124,1.199467,-0.170500,-0.091147,0.111262,0.032353,1.505145,0.021734
0.498346,0.296099,0.042883,0.557719,-0.085924,0.038344,0.120933,0.632901,0.023478
0.499604,0.341834,-0.249747,-0.225963,-0.035565,-0.069752,0.115709,0.479878,0.019519
0.499432,0.763536,0.475942,-0.592299,0.118685,0.130352,0.240441,1.077184,0.088890
0.503864,0.580905,0.819331,0.143362,0.223042,0.464766,0.467826,1.014547,0.484616
0.510481,-0.401812,-0.155607,1.665574,0.170795,0.468466,0.526393,1.720408,0.525721
0.520177,-1.247389,-1.537760,2.901714,0.027701,0.098581,0.295361,3.512923,0.097724
0.531733,-1.185168,-1.820362,2.496688,-0.102587,-0.244285,-0.037288,3.309349,0.071590
0.541061,-0.521810,-0.842607,0.846942,-0.171054,-0.365156,-0.251011,1.303681,0.225605
0.551176,0.038331,0.243978,-0.219442,-0.176504,-0.417901,-0.306829,0.330378,0.299939
0.564246,0.354678,0.735649,-0.293754,-0.148252,-0.452132,-0.259317,0.867910,0.293647
0.573965,0.541513,0.937883,-0.430556,-0.122795,-0.339069,-0.147543,1.165435,0.151815
0.579287,0.324661,0.749838,-0.650717,-0.115163,-0.124340,-0.031325,1.044555,0.029704
0.586496,-0.295502,-0.238004,-0.185688,-0.107145,-0.012914,-0.002729,0.422430,0.011654
0.594416,-0.538944,-0.983081,0.418071,-0.079582,-0.034518,-0.080484,1.196533,0.014002
0.595969,-0.055958,-0.145635,0.135505,-0.035879,-0.055303,-0.159424,0.206646,0.029762
0.589956,0.411599,1.194903,-0.407154,0.037344,-0.036735,-0.127233,1.327773,0.018932
0.581463,0.246151,1.023290,-0.142523,0.146955,-0.039294,-0.011501,1.062085,0.023272
0.577003,-0.220013,-0.191128,0.254207,0.211852,-0.062062,0.048949,0.386726,0.051129
0.580575,-0.258847,-0.410107,-0.130543,0.150240,-0.052943,0.017459,0.502226,0.025680
0.589821,0.350180,0.610143,-0.515113,0.027370,-0.029386,0.036845,0.871919,0.002970
0.598443,0.857111,1.196840,-0.180748,-0.030028,-0.054073,0.176025,1.483150,0.034810
0.604191,0.467570,0.400944,0.277674,-0.004013,-0.118932,0.277293,0.675634,0.091052
0.608931,-0.310942,-0.719358,0.501324,0.036795,-0.177681,0.218425,0.930315,0.080634
0.609683,-0.465418,-0.547566,0.450005,0.073131,-0.213578,0.105527,0.847907,0.062100
0.600016,-0.085034,0.759884,-0.231872,0.158738,-0.187128,0.077235,0.799011,0.066180
0.582644,0.113460,1.204809,-0.956529,0.273937,-0.087297,0.114077,1.542526,0.095676
0.567820,0.029184,0.031690,-0.912867,0.274671,0.000824,0.113207,0.913883,0.088261
0.559436,0.139291,-0.637262,-1.077208,0.136343,0.090383,0.079682,1.259318,0.033108
0.555974,0.660650,0.630398,-1.987060,0.046287,0.309590,0.158134,2.186840,0.122995
0.560371,0.939811,1.630788,-1.897770,0.062713,0.571426,0.355986,2.672872,0.457187
0.574662,0.186398,0.281509,-0.212934,0.010695,0.646114,0.414959,0.399165,0.589769
0.590644,-1.025923,-1.627995,1.344941,-0.146357,0.548360,0.199811,2.347712,0.362043
0.599605,-1.359886,-1.772277,2.088342,-0.251990,0.395401,-0.087853,3.058010,0.227559
0.604882,-0.779741,-0.885949,2.387025,-0.274539,0.123517,-0.279336,2.662854,0.168657
0.612390,-0.216128,-0.346137,1.593595,-0.271050,-0.247364,-0.402063,1.645013,0.296312
0.618866,0.161393,0.182223,-0.424199,-0.205103,-0.433035,-0.421904,0.489078,0.407590
0.621429,0.517886,0.930349,-2.015244,-0.109544,-0.271056,-0.286916,2.279246,0.167792
0.625710,0.493464,1.045970,-1.838600,-0.123584,0.029644,-0.138653,2.172098,0.035376
0.635069,0.109328,0.292585,-0.343670,-0.217137,0.177158,-0.106058,0.464400,0.089782
0.644574,-0.076713,-0.486975,0.945956,-0.232856,0.114279,-0.116349,1.066706,0.080819
0.650041,-0.091314,-0.626979,0.791452,-0.163034,-0.008099,-0.119382,1.013823,0.040898
0.652125,-0.133149,-0.069255,-0.374106,-0.082886,-0.046252,-0.158606,0.403088,0.034165
0.651292,0.285094,0.910373,-0.525354,0.005843,-0.017525,-0.148980,1.089061,0.022536
0.646940,1.072416,1.543524,1.207964,0.134860,-0.094763,0.039637,2.234216,0.028738
0.640149,0.868698,0.899784,2.471168,0.370881,-0.433577,0.282335,2.769642,0.405255
0.633207,-0.543481,-0.598263,0.675231,0.690971,-0.878866,0.330333,1.053199,1.358966
0.629372,-1.169397,-1.098756,-2.517067,0.776384,-0.937228,0.210436,2.985026,1.525452
0.632352,-0.227809,-0.329820,-3.184618,0.381625,-0.391853,0.153137,3.209746,0.322637
0.640352,0.232747,-0.434816,-1.084365,-0.184469,0.238989,0.166204,1.191253,0.118768
0.646038,-0.625697,-1.619986,0.554068,-0.449315,0.382751,0.086581,1.822867,0.355879
0.648145,-0.718495,-1.137572,0.596294,-0.347928,0.155572,-0.001322,1.471690,0.145258
0.650553,0.588710,0.986484,0.863427,-0.079997,-0.126021,0.099965,1.437093,0.032274
0.648353,1.075877,1.458169,1.231103,0.172720,-0.427831,0.262472,2.190749,0.281763
0.636425,0.108055,0.376549,-0.832725,0.295432,-0.524354,0.277587,0.920270,0.439282
0.623938,-0.265586,0.529281,-4.272465,0.330026,-0.065585,0.272761,4.313309,0.187617
0.612431,0.627008,1.332298,-4.940361,0.405783,0.683124,0.390489,5.155126,0.783800
0.580722,1.129330,1.173583,-3.082533,0.503373,1.217897,0.546938,3.486358,2.035799
0.517426,0.353827,0.253283,-1.130692,0.464837,1.517684,0.698678,1.211532,3.007589
0.438843,-0.995086,-2.597238,2.503878,0.189819,1.481885,0.639842,3.742358,2.641412
0.367007,-2.174519,-6.240189,6.894558,-0.196584,0.765397,-0.002122,9.550048,0.624482
0.318561,-2.645196,-5.052773,6.006728,-0.392038,-0.210620,-0.838793,8.283016,0.901628
0.298072,-1.985453,-0.061466,0.653849,-0.305143,-0.595185,-1.014725,2.091248,1.477024
0.287069,-0.996498,2.409119,-1.952076,-0.157468,-0.444672,-0.649797,3.256910,0.644765
0.268690,-1.361997,4.018722,-0.931001,-0.082644,-0.313198,-0.316208,4.344183,0.204911
0.253465,-2.535860,5.209604,0.615426,-0.086341,-0.293174,0.037518,5.826604,0.094813
0.254390,-1.294548,-0.959632,1.798958,-0.181714,-0.336986,0.205897,2.415160,0.188973
0.262799,2.456884,-7.967447,0.602442,-0.142650,-0.378938,-0.205675,8.359392,0.206245
0.264878,3.634129,-2.632050,-2.180432,0.192146,-0.190776,-0.526523,4.988874,0.350542
0.259482,0.600106,5.400000,-1.012492,0.382780,0.018332,-0.235841,5.526777,0.202478
0.254319,-1.311930,2.206911,2.375221,0.140343,-0.149062,-0.095903,3.497612,0.051113
0.254648,0.130916,-2.674215,1.201575,-0.045330,-0.346817,-0.364078,2.934680,0.254890
0.257315,0.761950,-0.352620,-1.876404,0.101937,-0.156375,-0.367551,2.055675,0.169938
0.255178,-0.483573,1.133696,-1.197966,0.186249,0.093754,-0.172683,1.718788,0.073298
0.247617,-0.445585,-0.840198,0.644567,0.065956,0.131042,-0.219392,1.148889,0.069655
0.244537,0.650052,-0.480287,0.583012,0.012359,0.124922,-0.255922,0.996567,0.081254
0.253333,0.471952,0.915101,0.313408,0.066529,0.109144,-0.115752,1.076277,0.029737
0.264061,-0.242353,0.046719,0.466388,0.092872,0.054475,-0.092578,0.527670,0.020163
0.264239,-0.131984,-0.842812,0.441733,0.072471,0.046014,-0.198196,0.960666,0.046651
0.262433,0.050769,-0.499982,0.685196,0.012318,-0.004503,-0.240259,0.849737,0.057896
0.270908,-0.063317,-0.118021,0.643555,-0.060781,-0.152096,-0.246466,0.657344,0.087573
0.281891,0.243587,0.430420,-0.234056,-0.090789,-0.180318,-0.198194,0.547155,0.080038
0.292429,0.504476,0.652338,-0.649020,-0.132241,-0.051430,-0.025005,1.049413,0.020758
0.319622,-0.085830,-0.409372,-0.231487,-0.219922,0.013747,0.049198,0.478057,0.050975
0.364118,-0.443266,-0.962211,-0.029941,-0.196116,-0.013384,-0.115514,1.059826,0.051984
0.404265,0.386928,0.302785,0.142596,0.017121,-0.077976,-0.153365,0.511591,0.029894
0.435250,1.020120,1.166068,0.475651,0.225609,-0.263309,0.174625,1.620680,0.150725
0.466450,0.408728,0.410518,-0.135689,0.255353,-0.446395,0.486422,0.594975,0.501080
0.494625,-0.322371,-0.281631,-1.304171,0.138513,-0.332377,0.444371,1.372626,0.327126
0.515629,-0.393483,-0.337573,-1.082792,-0.036957,-0.011509,0.240568,1.200509,0.059371
0.535362,-0.373983,-0.576379,0.398934,-0.184880,0.144460,0.123877,0.794496,0.070395
0.553471,-0.507658,-0.744803,1.039106,-0.208928,0.066556,0.067303,1.375569,0.052610
0.563442,-0.442269,-0.447545,0.329203,-0.126712,-0.024827,0.002307,0.710122,0.016678
0.568882,-0.003127,-0.036798,-0.120617,-0.052821,-0.042450,-0.025942,0.126144,0.005265
0.576120,0.407009,0.331963,0.506428,0.022377,-0.100192,0.034936,0.729606,0.011760
0.576827,0.163363,0.481118,1.099734,0.206926,-0.261565,0.121731,1.211436,0.126053
0.564945,-0.251299,0.359274,0.620475,0.429786,-0.426927,0.134898,0.759749,0.385180
0.556174,-0.028166,0.545795,-0.659827,0.483859,-0.434540,0.128129,0.856771,0.439362
0.547367,-0.195585,0.572903,-1.845790,0.368799,-0.199190,0.140788,1.942527,0.195511
0.491539,-1.310407,-0.651596,-2.124458,0.263993,0.162215,-0.014669,2.579741,0.096221
0.382707,-1.116604,-1.621465,-1.552072,0.195943,0.419403,-0.288862,2.506966,0.297734
0.308503,0.998964,-0.388736,-0.971036,0.067497,0.553592,-0.177836,1.446359,0.342646
0.334040,1.854016,1.048966,-0.300524,-0.113801,0.692278,0.392037,2.151283,0.645893
0.408317,0.221565,0.210462,1.121040,-0.286063,0.718435,0.738109,1.161945,1.142786
0.460006,-1.231627,-1.342698,2.523835,-0.398394,0.453121,0.520485,3.112794,0.634941
0.490792,-1.054203,-1.490575,2.732105,-0.388415,0.054728,0.189134,3.285963,0.189633
0.520447,-0.549497,-0.896958,1.811561,-0.333024,-0.237643,0.045989,2.094811,0.169494
0.541832,-0.551684,-0.516341,0.373032,-0.410253,-0.387279,-0.108030,0.842684,0.329963
0.556806,-0.547114,-0.245428,-0.569738,-0.540639,-0.361140,-0.309148,0.827146,0.518285
0.574831,-0.324817,-0.222121,-0.187625,-0.465902,-0.152502,-0.338591,0.435944,0.354965
0.586407,-0.215590,-0.284970,0.451761,-0.209880,0.026768,-0.241225,0.575999,0.102956
0.586418,-0.073805,0.292750,0.210232,-0.000328,0.001057,-0.207891,0.367896,0.043220
0.586497,0.387061,0.964351,0.055894,0.118452,-0.142945,-0.149788,1.040631,0.056901
0.589424,0.645227,0.598621,0.322833,0.202466,-0.268615,0.043952,0.937489,0.115078
0.592539,0.391424,0.019841,-0.209057,0.211502,-0.313701,0.198155,0.444197,0.182407
0.604564,0.335552,0.358686,-1.090581,0.127488,-0.239686,0.207296,1.196084,0.116674
0.626307,0.437498,0.410664,-1.012932,0.009371,-0.089947,0.193050,1.177319,0.045447
0.637616,-0.159356,-0.643307,-0.600806,-0.081377,0.046464,0.133652,0.894542,0.026644
0.624885,-0.667061,-0.901376,-0.634701,-0.059435,0.161265,-0.044436,1.288524,0.031513
0.600849,0.171171,0.534757,-0.690945,0.109348,0.272867,-0.094637,0.890320,0.095370
0.585027,1.120988,1.487012,-0.659755,0.273792,0.349916,0.167629,1.975625,0.225503
0.580658,0.570717,0.624608,-0.294460,0.250221,0.343960,0.426729,0.895857,0.363017
0.580051,-0.563885,-0.683393,1.053289,0.060869,0.205862,0.366134,1.376376,0.180138
0.580860,-0.954601,-1.247999,2.395353,-0.127678,-0.051306,0.123148,2.864696,0.034099
0.586068,-0.838892,-1.154995,2.019901,-0.216904,-0.274241,-0.086347,2.473409,0.129711
0.593768,-0.557751,-0.471117,0.404154,-0.245261,-0.309952,-0.238962,0.834493,0.213326
0.598350,-0.061443,0.420210,-0.710989,-0.281070,-0.198484,-0.296939,0.828165,0.206569
0.600138,0.260474,0.620490,-0.824992,-0.292835,-0.076067,-0.224781,1.064644,0.142065
0.603542,0.279525,0.310098,-0.440207,-0.205313,-0.004545,-0.130827,0.606694,0.059290
0.608077,0.440175,0.365722,0.136886,-0.058906,-0.035022,-0.068916,0.588425,0.009446
0.611570,0.596661,0.460412,0.688337,0.043646,-0.214099,0.054478,1.020682,0.050711
0.616544,0.307322,0.067930,0.633463,0.087309,-0.397615,0.203894,0.707345,0.207293
0.623680,-0.100797,-0.178015,-0.427587,0.074732,-0.347873,0.199948,0.474004,0.166580
0.627873,-0.290005,-0.097339,-1.618812,-0.036492,-0.079320,0.061477,1.647462,0.011403
0.627799,-0.421736,-0.359504,-1.257856,-0.190379,0.167938,-0.013389,1.374520,0.064627
0.628935,-0.309706,-0.539594,0.576224,-0.247730,0.231398,-0.010423,0.848006,0.115024
0.633081,0.254909,0.308797,1.516978,-0.180125,0.096857,-0.053254,1.568935,0.044662
0.635901,0.762651,1.363455,0.746084,-0.037282,-0.157255,-0.060265,1.731268,0.029751
0.637091,0.786976,1.042119,0.209492,0.139604,-0.375080,0.102661,1.322585,0.170714
0.639270,0.604512,0.128962,-0.289992,0.235509,-0.426478,0.247359,0.682760,0.298534
0.636953,0.614475,0.842145,-3.053292,0.207380,-0.220717,0.193273,3.226357,0.129077
0.626590,0.608989,1.931330,-5.347882,0.274426,0.341522,0.235533,5.718457,0.247423
0.617236,-0.113266,-0.106783,-2.320836,0.501699,1.022156,0.537237,2.326051,1.585128
0.605432,-1.212320,-3.014769,2.163371,0.494430,1.144062,0.520752,3.903681,1.824522
0.571666,-1.127258,-1.131832,0.996619,0.071554,0.546835,-0.129803,1.882818,0.320997
0.524763,0.115917,3.151593,-2.615683,-0.306230,0.023703,-0.653655,4.097288,0.521604
0.494067,0.555863,3.417480,-2.006811,-0.287448,0.083184,-0.461577,4.001930,0.302599
0.473436,-0.427188,1.578690,0.561860,-0.095850,0.294382,-0.033949,1.729288,0.097001
0.438479,-1.532127,1.644448,1.410782,0.007561,0.267361,0.118523,2.653663,0.085587
0.396692,-1.388542,0.665337,2.335400,0.029496,0.093876,0.029669,2.797287,0.010563
0.368185,0.430192,-2.177164,2.806445,0.053854,-0.092561,-0.198896,3.577882,0.051027
0.352288,2.183239,-2.061120,0.472631,0.154018,-0.143639,-0.360561,3.039429,0.174358
0.334950,1.493555,0.386613,-1.355169,0.272776,-0.010472,-0.236180,2.053451,0.130297
0.305857,-0.390106,0.298518,0.055790,0.235170,0.024273,-0.071556,0.494377,0.061014
0.274328,-0.512339,-1.128396,0.886176,0.093139,-0.135116,-0.112912,1.523508,0.039680
0.261673,0.369912,-0.635939,-0.764633,0.071503,-0.160934,-0.127132,1.061092,0.047175
0.262544,0.064427,0.050905,-1.401326,0.135380,0.013078,-0.036977,1.403730,0.019866
0.249843,-0.519582,-0.589371,0.073370,0.094938,0.075099,-0.108220,0.789118,0.026365
0.226324,0.046403,-0.543361,0.990396,-0.014672,-0.045571,-0.283096,1.130610,0.082435
0.221181,0.725263,0.528708,0.480556,-0.056646,-0.143105,-0.269527,1.018073,0.096333
0.237760,0.444232,0.604135,-0.021129,-0.063201,-0.144807,-0.136593,0.750178,0.043621
0.252860,-0.075505,-0.204085,0.122197,-0.113014,-0.137314,-0.122334,0.249567,0.046593
0.259458,-0.082369,-0.265509,0.243307,-0.145155,-0.159581,-0.179559,0.369429,0.078778
0.269876,0.081692,0.197118,-0.115114,-0.098418,-0.158024,-0.154781,0.242447,0.058615
0.286385,0.036304,0.150180,-0.444879,-0.064690,-0.103367,-0.095028,0.470945,0.023900
0.302310,-0.088309,-0.217676,-0.283255,-0.104810,-0.049199,-0.109838,0.367987,0.025470
0.318554,-0.223212,-0.410127,-0.069468,-0.103015,-0.019396,-0.177285,0.472074,0.042418
0.331222,-0.253879,-0.267507,-0.099582,-0.005525,0.017199,-0.222285,0.382009,0.049737
0.331912,0.167327,0.335805,0.113118,0.056615,0.007645,-0.199148,0.391866,0.042924
0.340770,0.837109,0.927948,0.621609,0.048794,-0.120256,-0.074462,1.395793,0.022387
0.386762,1.092948,0.992049,0.474281,0.087053,-0.262647,0.131370,1.550367,0.093820
0.448283,0.759390,0.995248,-0.971416,0.111193,-0.247928,0.314463,1.584563,0.172719
0.481729,-0.080653,0.883677,-2.466401,-0.063141,-0.060455,0.353781,2.621168,0.132803
0.490602,-1.167479,-0.343586,-1.638410,-0.324987,0.167603,0.204519,2.040942,0.175535
0.499916,-1.448711,-1.823234,1.296423,-0.349787,0.235344,-0.010147,2.665269,0.177841
0.508686,-0.343179,-1.305347,2.715754,-0.086195,-0.014111,-0.054038,3.032659,0.010549
0.513873,0.829235,0.609524,0.784036,0.195214,-0.446816,0.129292,1.293778,0.254469
0.522165,0.816406,1.264581,-2.418248,0.273996,-0.613045,0.308566,2.848439,0.546111
0.526446,0.427734,0.786685,-5.107088,0.200264,-0.168535,0.350931,5.184995,0.191662
0.522201,0.527465,0.936597,-6.145626,0.180716,0.693323,0.451765,6.238922,0.717447
0.520482,0.165856,0.440621,-2.991479,0.263709,1.288148,0.635128,3.028300,2.132255
0.510935,-1.257068,-2.443329,3.349191,0.231516,1.066766,0.467749,4.332108,1.410378
0.469618,-2.293601,-4.819883,6.253072,-0.034959,0.286112,-0.187117,8.221483,0.118095
0.417863,-1.672093,-3.004637,2.855808,-0.297200,-0.268338,-0.737608,4.469830,0.704399
0.398188,-0.339722,1.455340,-1.555319,-0.298072,-0.283397,-0.700000,2.156952,0.659161
0.397589,-0.200184,4.358885,-2.036588,-0.122498,-0.101654,-0.248547,4.815355,0.087115
0.375295,-1.349652,3.785557,0.297786,-0.036887,-0.038035,0.187104,4.029973,0.037815
0.341165,-1.424054,1.240660,1.538753,-0.103402,-0.113027,0.244714,2.436171,0.083352
0.330214,0.525750,0.320594,-0.030506,-0.094689,-0.191029,-0.057546,0.616542,0.048770
0.336833,1.548609,1.768518,-1.606074,0.100825,-0.130847,-0.224230,2.846984,0.077566
0.336284,0.089571,1.883849,-0.298661,0.210479,-0.052805,-0.107525,1.909479,0.058651
0.330761,-0.849488,-0.139305,1.225726,0.067020,-0.149669,-0.115274,1.497812,0.040181
0.331132,0.097771,-0.698645,0.020011,-0.054544,-0.232689,-0.242522,0.705737,0.115936
0.331633,0.458790,0.338336,-1.174065,0.003954,-0.103039,-0.158484,1.305139,0.035750
0.328450,-0.276455,0.132029,-0.185472,0.011944,0.020786,-0.034124,0.358132,0.001739
0.328841,-0.312822,-0.666770,0.630417,-0.116324,-0.009763,-0.115398,0.969467,0.026943
0.333728,0.209847,-0.226723,0.254980,-0.186750,-0.033911,-0.201731,0.400567,0.076721
0.344222,0.248431,0.416868,0.181777,-0.144451,-0.020069,-0.159184,0.518208,0.046608
0.372240,0.104284,0.142431,0.389071,-0.106955,-0.070267,-0.108329,0.427245,0.028112
0.410970,0.121489,-0.273742,0.152429,-0.107951,-0.119583,-0.069685,0.336049,0.030810
0.429539,0.041513,-0.229939,-0.123994,-0.105984,-0.080472,-0.013861,0.264518,0.017900
0.424991,-0.080228,-0.050148,-0.214250,-0.094080,-0.016343,0.010385,0.234210,0.009226
0.428290,-0.025298,0.046962,-0.242163,-0.076399,0.004292,0.005678,0.247968,0.005887
0.448016,0.050656,0.036887,-0.066395,-0.045226,-0.004944,-0.008103,0.091296,0.002135
0.466625,-0.008943,-0.063694,0.057679,-0.016971,-0.008401,-0.048897,0.086393,0.002750
0.481726,0.100818,0.140311,-0.002384,-0.013617,-0.007036,-0.048075,0.172792,0.002546
0.499409,0.559063,0.731825,0.354601,0.001617,-0.058980,0.056824,0.986844,0.006710
0.512171,0.764289,0.854444,0.838199,0.074986,-0.168468,0.147154,1.420137,0.055659
0.514543,0.347258,0.293496,0.376293,0.148334,-0.210779,0.126670,0.590190,0.082476
0.512735,-0.056787,0.009733,-0.500891,0.128947,-0.123227,0.090858,0.504194,0.040067
0.512338,-0.099512,0.054769,-0.586445,0.033099,-0.003259,0.088228,0.597344,0.008890
0.516140,-0.054510,-0.133944,-0.257532,-0.079091,0.087845,0.035614,0.295356,0.015240
0.524906,0.170984,-0.036263,-0.072739,-0.183410,0.159855,-0.035467,0.189319,0.060451
0.533966,0.377736,0.347242,0.290777,-0.218102,0.165731,-0.013674,0.589757,0.075222
0.539955,0.026665,0.092627,0.575387,-0.135874,0.093461,0.037676,0.583405,0.028616
0.544844,-0.242185,-0.206482,0.406816,-0.017895,0.011376,0.009230,0.516515,0.000535
0.548790,0.222159,0.302612,0.307343,0.052427,-0.081227,-0.016509,0.485168,0.009619
0.550672,0.514014,0.603845,0.311176,0.082469,-0.177059,0.056055,0.851862,0.041293
0.552358,0.160175,0.190507,-0.128684,0.045935,-0.150504,0.147311,0.280194,0.046462
0.553695,-0.125420,-0.087721,-0.578552,-0.085227,0.006436,0.165717,0.598454,0.034767
0.552570,-0.281799,-0.266695,-0.310519,-0.206190,0.107293,0.113668,0.496950,0.066947
0.551221,-0.430573,-0.513209,0.342137,-0.202563,0.063518,0.023007,0.752220,0.045596
0.551881,-0.024575,-0.071208,0.664671,-0.082780,-0.054976,-0.015499,0.668926,0.010115
0.551335,0.612310,0.725854,0.410233,0.096159,-0.189537,0.087470,1.034446,0.052822
0.545759,0.464221,0.666382,-0.430795,0.241352,-0.251981,0.225081,0.919321,0.172407
0.533854,-0.170588,0.044853,-1.546294,0.236414,-0.103663,0.225621,1.556322,0.117542
0.518315,-0.323118,-0.222356,-1.783243,0.106356,0.208975,0.159077,1.825870,0.080288
0.508075,-0.153839,-0.389192,-0.245876,-0.002171,0.397809,0.181837,0.485378,0.191321
0.507760,-0.319941,-0.787950,1.738906,-0.047085,0.281944,0.208383,1.935722,0.125133
0.509429,-0.631236,-0.968791,2.079982,-0.092892,0.015021,0.092407,2.379777,0.017394
0.509671,-0.471934,-0.695355,1.133198,-0.153384,-0.176997,-0.061224,1.410808,0.058603
0.518397,0.141949,-0.143912,0.379985,-0.194161,-0.254267,-0.075806,0.430405,0.108097
0.537237,0.577988,0.515390,-0.415057,-0.203352,-0.225190,0.016524,0.878618,0.092336
0.553713,0.382649,0.772432,-1.448351,-0.192165,-0.068692,0.074475,1.685465,0.047193
0.561999,-0.250949,0.173036,-1.313685,-0.170477,0.107291,0.032135,1.348586,0.041606
0.565061,-0.720859,-0.655347,0.212649,-0.112941,0.148931,-0.096123,0.997164,0.044176
0.562996,-0.630487,-0.749643,1.253783,0.021558,0.059483,-0.230182,1.591053,0.056987
0.557960,-0.080060,-0.120948,1.018748,0.192832,-0.096002,-0.243008,1.029022,0.105453
0.557966,0.709463,0.780893,0.624066,0.285905,-0.279550,-0.082034,1.225802,0.166619
0.565781,1.443916,1.564091,0.298353,0.247278,-0.383683,0.149673,2.149486,0.230761
0.574717,1.367964,1.380324,-0.863118,0.122497,-0.276574,0.287911,2.126404,0.174391
0.578873,0.215631,-0.028032,-1.871509,-0.019128,0.036856,0.268008,1.884099,0.073553
0.580316,-0.833665,-1.292403,-0.515799,-0.119013,0.338320,0.160802,1.622144,0.154482
0.582751,-0.908462,-1.446919,2.083701,-0.152950,0.325911,0.043557,2.694566,0.131509
0.584659,-0.673003,-1.075994,2.393954,-0.151272,0.015946,-0.073828,2.709559,0.028588
0.585216,-0.459032,-0.405102,0.544917,-0.131130,-0.200042,-0.150274,0.819605,0.079794
0.588183,0.117204,0.575091,-0.188857,-0.057208,-0.185267,-0.108936,0.616550,0.049464
0.593223,0.451598,0.705983,0.403310,0.068114,-0.228279,0.021446,0.930060,0.057211
0.595204,-0.022244,-0.193350,-0.032893,0.151235,-0.352613,0.122084,0.197385,0.162112
0.594892,-0.375809,-0.377080,-1.190075,0.092906,-0.235924,0.108997,1.303726,0.076172
0.597722,-0.040533,0.398492,-1.136287,-0.091655,0.088208,-0.023275,1.204818,0.016723
0.604011,0.359069,0.677649,-0.170641,-0.250854,0.268596,-0.162547,0.785657,0.161493
0.609946,0.646918,0.525079,0.467453,-0.250509,0.230879,-0.152467,0.955365,0.139306
0.612931,0.858488,0.658436,0.454342,-0.134640,0.101103,-0.008357,1.173442,0.028420
0.611256,0.500953,0.677159,-0.512441,-0.021809,-0.040620,0.131104,0.985948,0.019314
0.605023,-0.184606,0.530004,-1.606119,0.066402,-0.041076,0.242397,1.701353,0.064853
0.598867,-0.462964,0.323658,-0.588831,0.120911,0.109719,0.337835,0.815973,0.140790
0.597755,-0.648132,-0.573559,1.863487,0.069700,0.101332,0.299054,2.054660,0.104560
0.600498,-1.046295,-1.549262,2.250511,-0.070998,-0.134073,0.064677,2.925704,0.027199
0.602802,-0.928947,-1.147115,0.438537,-0.181076,-0.252055,-0.198771,1.539847,0.135830
0.604553,-0.142352,0.068541,-0.676361,-0.214432,-0.153012,-0.297216,0.694569,0.157731
0.608241,0.509752,0.768273,-0.630451,-0.191156,-0.057454,-0.214027,1.116942,0.085649
0.613043,0.713091,0.963330,-0.355620,-0.090878,-0.035141,-0.051256,1.250188,0.012121
0.615358,0.552403,0.658419,0.426009,0.069545,-0.079598,0.082356,0.959244,0.017955
0.613026,0.006159,-0.220664,0.941621,0.172040,-0.209095,0.119781,0.967151,0.087666
0.607892,-0.454272,-0.683634,-0.072165,0.126718,-0.231598,0.075155,0.823970,0.075343
0.605340,-0.303057,-0.344912,-1.178147,-0.024057,0.000658,0.016344,1.264452,0.000846
0.608804,0.065430,-0.123497,-0.689841,-0.162837,0.245559,-0.020434,0.703856,0.087233
0.615657,0.190339,-0.165625,0.436885,-0.211375,0.259216,-0.027007,0.504509,0.112602
0.621570,0.383579,0.055549,1.069094,-0.188363,0.100772,0.022127,1.137181,0.046125
0.624077,0.658841,0.324420,0.791221,-0.134236,-0.096273,0.125877,1.079514,0.043133
0.620789,0.411613,0.483191,-1.019821,-0.025449,-0.155560,0.239632,1.201222,0.082270
0.612383,-0.153960,0.714697,-2.678653,0.116903,0.074347,0.341131,2.776631,0.135564
0.605107,-0.292318,0.477470,-1.185851,0.155507,0.340017,0.400330,1.311362,0.300058
0.603160,-0.398321,-0.685236,1.961619,0.035000,0.234563,0.309566,2.115693,0.152076
0.605477,-0.952577,-1.764203,2.673815,-0.129272,-0.130788,0.017413,3.342021,0.034120
0.611959,-0.895473,-1.312283,0.943167,-0.230852,-0.329545,-0.284789,1.847572,0.242997
0.621716,0.198678,0.400957,-0.666757,-0.241615,-0.261609,-0.325161,0.802997,0.232547
0.628755,0.689764,1.244321,-1.204269,-0.173401,-0.116506,-0.133786,1.863967,0.061540
0.630127,-0.015341,0.154000,-0.485227,-0.096218,-0.032471,0.000987,0.509310,0.010313
0.630165,-0.332535,-0.857787,0.938952,-0.048208,-0.075254,-0.006867,1.314538,0.008034
0.630890,0.261242,0.186117,0.940950,0.028631,-0.254337,0.018523,0.994120,0.065850
0.630980,0.618457,1.759455,-0.949709,0.112489,-0.390500,0.133913,2.092873,0.183077
0.634341,0.305722,1.294993,-2.064745,0.059084,-0.253300,0.218430,2.456348,0.115363
0.642713,-0.288878,-0.717939,-0.857007,-0.139191,0.043632,0.188838,1.154707,0.056938
0.647631,-0.615822,-1.606557,0.991115,-0.287473,0.143231,0.053998,1.985591,0.106072
0.648476,-0.030828,-0.392064,1.635687,-0.260848,-0.017688,-0.058238,1.682301,0.071746
0.654171,0.636565,0.910629,1.010429,-0.127772,-0.214165,-0.014185,1.501808,0.062394
0.654897,-0.095340,0.469091,0.090518,0.033890,-0.341441,0.046828,0.487165,0.119923
0.641913,-0.859893,-0.309175,-0.027615,0.224999,-0.400550,-0.039454,0.914203,0.212621
0.638341,-0.048435,0.191926,0.293712,0.403017,-0.363849,-0.085736,0.354187,0.302159
0.634962,-0.017793,0.411136,-1.100184,0.513441,-0.216724,-0.050398,1.174629,0.313131
0.567470,-1.713358,-0.123057,-4.351391,0.663239,0.183649,-0.246509,4.678177,0.534380
0.438256,-1.332103,0.974969,-5.769014,0.986120,0.998517,-0.500691,6.000549,2.220160
0.332418,1.500092,2.539619,-3.438590,1.312220,1.910993,-0.304854,4.530325,5.466752
0.268245,2.218631,1.151373,-0.483908,1.263481,2.381455,0.105096,2.546007,7.278757
0.189852,0.241612,-1.188815,0.405540,0.762337,2.441360,0.225580,1.279109,6.592283
0.095199,-1.430774,-1.372881,0.113499,0.240517,2.523234,0.138175,1.986152,6.443651
0.029839,-2.338269,-1.407766,0.585204,0.158340,2.636371,-0.136219,2.791374,6.994079
0.003560,-2.610032,-2.315262,3.307299,0.440912,2.263541,-0.734651,4.807383,5.857733
-0.002296,-2.030717,-2.239716,6.174477,0.763308,1.161209,-1.359075,6.874904,3.778130
-0.000202,-2.458024,-2.590212,3.969401,1.129766,0.051138,-2.018804,5.339216,5.354556
0.001334,-3.456204,-3.649724,-1.447687,1.447238,-0.129604,-2.941592,5.230834,10.764259
-0.000753,-1.010653,-0.218674,-1.742330,1.176013,0.308272,-3.100641,2.026068,11.092013
-0.000715,3.677922,6.299259,2.775066,0.378455,0.302013,-1.657092,7.804407,2.980394
0.001621,4.307870,6.047676,3.946743,-0.083201,-0.123536,-0.106877,8.408859,0.033606
-0.000490,0.921145,0.060422,0.662542,-0.118614,-0.119667,0.269484,1.136275,0.101011
-0.002240,-0.507943,-0.023966,-1.473801,-0.405200,0.252623,0.550275,1.559061,0.530808
0.003083,0.884171,5.117746,-0.462228,-0.809282,0.195847,1.269740,5.214090,2.305533
0.001332,1.303759,4.682582,1.520686,-0.801609,-0.362989,1.272368,5.093020,2.393258
-0.008947,0.466757,-0.541457,2.407792,-0.654239,-0.755485,0.554651,2.511673,1.306424
0.012681,0.386445,-1.557844,1.191165,-0.702482,-0.641688,0.380348,1.998773,1.049909
0.081499,0.560770,1.559511,-1.098634,-0.726626,-0.327336,0.880833,1.988350,1.411001
0.145228,-0.047393,2.441399,-1.598616,-0.674732,-0.216222,1.229511,2.918604,2.013713
0.168964,-0.873958,0.144178,0.101526,-0.689784,-0.346275,1.136874,0.891570,1.888191
0.185890,-1.507414,-1.671200,1.123265,-0.630893,-0.496771,0.829758,2.515339,1.333306
0.221882,-1.763497,-1.522177,0.371015,-0.432070,-0.527980,0.516288,2.358940,0.732001
0.252316,-0.873750,-0.805518,-0.619733,-0.329092,-0.426240,0.348038,1.340286,0.411113
0.255695,0.932374,-0.444958,-1.247316,-0.386582,-0.238837,0.378118,1.619601,0.349462
0.244801,1.906018,-0.253950,-1.366784,-0.395094,-0.148346,0.417072,2.359130,0.352055
0.237497,0.972837,-0.291770,-0.307665,-0.275066,-0.302803,0.225293,1.061225,0.218108
0.237086,-0.845374,-0.432576,0.987694,-0.169067,-0.536015,-0.088785,1.370153,0.323779
0.241662,-1.533152,-0.204251,1.018029,-0.161956,-0.602300,-0.185844,1.851663,0.423533
0.250834,-0.476370,0.058396,0.448589,-0.187533,-0.525578,-0.041999,0.656940,0.313165
0.263099,0.691098,-0.165874,0.282112,-0.211898,-0.434082,0.012562,0.764668,0.233486
0.274307,0.488647,-0.601992,0.039648,-0.250584,-0.355232,-0.178619,0.776365,0.220887
0.278466,-0.315875,-0.797624,-0.336275,-0.208930,-0.335062,-0.373695,0.921446,0.295566
0.275122,-0.297377,-0.266011,-0.060703,-0.014781,-0.408218,-0.300043,0.403584,0.256886
0.276707,0.498067,1.088359,0.407203,0.141291,-0.399552,-0.022821,1.264283,0.180126
0.293201,1.024330,1.870840,-0.277470,0.030288,-0.124953,0.201685,2.150880,0.057207
0.313901,0.700281,0.946775,-1.557015,-0.246035,0.219124,0.298390,1.952197,0.197585
0.326185,0.020576,-0.272277,-1.222659,-0.387859,0.264108,0.355549,1.252778,0.346603
0.336195,-0.232001,-0.251733,0.717484,-0.290257,0.026922,0.347184,0.794970,0.205511
0.347446,-0.206682,0.020292,1.541925,-0.121176,-0.145424,0.202705,1.555848,0.076921
0.347137,-0.340030,-0.331115,0.293652,-0.071672,-0.103844,0.057166,0.558112,0.019188
0.334413,-0.206240,-0.123124,-0.916173,-0.125180,-0.000443,0.069344,0.947136,0.020479
0.328964,0.334926,0.763208,-0.747069,-0.135303,0.031471,0.114358,1.119274,0.032375
0.338736,0.420666,0.515911,-0.091761,-0.096599,0.015129,0.011723,0.671970,0.009698
0.351498,-0.052663,-0.759040,0.189453,-0.123104,0.007126,-0.130992,0.784097,0.032364
0.361600,-0.168968,-0.907872,0.214536,-0.186177,-0.003729,-0.134371,0.948055,0.052731
0.374860,0.077755,0.080049,0.316377,-0.178647,-0.057973,-0.079162,0.335482,0.041542
0.390840,-0.020052,0.231827,0.454752,-0.138585,-0.118305,-0.128265,0.510828,0.049654
0.405688,-0.193917,-0.499369,0.130633,-0.133912,-0.090345,-0.219882,0.551397,0.074443
0.421306,0.148963,-0.431243,-0.488109,-0.138692,-0.007138,-0.191284,0.668140,0.055876
0.435892,0.500632,0.460724,-0.238951,-0.162363,-0.020087,-0.073731,0.721108,0.032201
0.445255,0.178894,0.570216,0.699810,-0.225617,-0.124272,-0.040994,0.920263,0.068027
0.455163,-0.371129,-0.335651,0.742052,-0.256183,-0.170760,-0.134962,0.895008,0.113003
0.469932,-0.454346,-0.799595,0.187933,-0.233177,-0.182052,-0.241876,0.938670,0.146018
0.483774,-0.260015,-0.382844,0.466686,-0.232013,-0.272513,-0.283907,0.657247,0.208697
0.497310,-0.176855,-0.080477,0.721508,-0.249166,-0.329080,-0.256090,0.747214,0.235959
0.515892,-0.008428,0.030164,-0.261620,-0.231249,-0.206367,-0.163268,0.263488,0.122720
0.532934,0.335118,0.526562,-1.088405,-0.190329,-0.052795,-0.067388,1.254670,0.043554
0.539574,0.375167,0.651869,-0.531379,-0.125187,-0.040800,-0.066862,0.920895,0.021807
0.536117,-0.033279,-0.073690,0.072308,-0.014559,-0.068443,-0.140842,0.108472,0.024733
0.525010,-0.326921,-0.353806,-0.220236,0.094861,-0.046753,-0.168031,0.529679,0.039419
0.513201,-0.205451,0.077835,-0.240094,0.161398,-0.091367,-0.097503,0.325444,0.043904
0.513741,0.094550,0.117024,0.351671,0.188861,-0.209432,0.050270,0.382501,0.082057
0.529016,0.547845,0.351384,0.235397,0.140647,-0.234607,0.231973,0.692110,0.128633
0.546800,1.073125,1.305998,-0.580842,0.020124,-0.139234,0.329315,1.787346,0.128239
0.555719,1.082713,1.259462,-0.956665,-0.042128,0.008376,0.291624,1.916695,0.086889
0.553507,0.598226,0.227453,-1.133150,-0.001555,0.238575,0.296704,1.301399,0.144954
0.548217,0.342829,0.306200,-1.337364,-0.003241,0.478080,0.423445,1.414154,0.407877
0.551996,0.055063,0.602110,-0.472337,-0.096342,0.490754,0.402740,0.767249,0.412321
0.563834,-0.861620,-0.753274,1.226755,-0.135873,0.252843,0.091521,1.677718,0.090767
0.570914,-1.466590,-1.875770,1.868051,-0.076752,0.015519,-0.206443,3.026386,0.048750
0.571311,-0.776234,-0.871292,1.063980,-0.037082,-0.070380,-0.229740,1.579159,0.059109
0.573974,0.319523,0.548391,0.082847,-0.048980,-0.058154,-0.106783,0.640071,0.017184
0.579008,0.649590,0.785610,-0.494942,-0.045928,0.005910,-0.026025,1.133189,0.002822
0.580119,0.378783,0.521916,-0.750526,-0.029107,0.086171,-0.011483,0.989526,0.008405
0.578997,-0.020459,0.177671,-0.294574,-0.031477,0.058933,-0.088489,0.344615,0.012294
0.580847,-0.586941,-0.700946,0.811796,-0.046805,-0.086694,-0.272469,1.222636,0.083946
0.584612,-1.014500,-1.422353,1.230538,-0.088235,-0.136098,-0.402731,2.136942,0.188500
0.587266,-0.617737,-0.662681,0.344396,-0.154164,-0.025505,-0.329655,0.969203,0.133089
0.590678,0.218789,0.674763,-0.439127,-0.163607,0.018665,-0.195432,0.834270,0.065309
0.598090,0.354807,0.460987,-0.201283,-0.084189,-0.060086,-0.191483,0.615558,0.047364
0.606788,-0.014807,-0.570146,0.085803,0.012357,-0.098357,-0.184050,0.576756,0.043701
0.610591,0.122065,-0.133509,0.107968,0.124340,-0.186434,0.015066,0.210669,0.050445
0.610011,0.411552,0.972211,0.709753,0.299623,-0.469661,0.223496,1.272132,0.360306
0.610978,0.018577,0.544443,1.228964,0.413851,-0.631349,0.191214,1.344290,0.606437
0.613444,-0.496709,-0.740802,0.336721,0.293834,-0.356464,0.043484,0.953356,0.215296
0.613521,-0.289238,-0.977483,-0.950274,0.023164,0.050728,0.012109,1.393611,0.003257
0.613866,0.249048,-0.310358,-0.839281,-0.164423,0.167149,0.057630,0.928838,0.058295
0.618948,0.304220,0.027719,0.225497,-0.173230,0.039176,0.047808,0.379693,0.033829
0.626695,-0.123795,-0.184008,0.864426,-0.050176,-0.127645,0.014346,0.892422,0.019017
0.632477,-0.366280,-0.210828,0.824346,0.109891,-0.269611,0.053388,0.926367,0.087616
0.631545,-0.036808,0.342196,0.222100,0.194937,-0.288527,0.151309,0.409611,0.144143
0.620425,0.528460,0.934495,-0.943526,0.161127,-0.073301,0.230473,1.429263,0.084453
0.606774,0.775130,0.969796,-1.826889,0.068062,0.245941,0.263578,2.208813,0.134593
0.603956,0.441356,0.463212,-1.165278,-0.010204,0.358035,0.222962,1.329373,0.178005
0.609936,-0.376229,-0.466401,0.811107,-0.048900,0.147747,0.054416,1.008451,0.027181
0.613312,-1.113256,-1.435583,2.189905,-0.078560,-0.124581,-0.166130,2.845333,0.049291
0.615214,-1.059762,-1.434580,1.710757,-0.137040,-0.157034,-0.260305,2.471397,0.111198
0.621744,-0.364021,-0.387361,0.295785,-0.184418,-0.012641,-0.206179,0.608316,0.076680
0.629869,0.101069,0.280766,-0.413873,-0.144568,0.027253,-0.118696,0.510231,0.035731
0.637168,0.208985,0.238114,-0.097200,-0.023972,-0.107560,-0.035719,0.331392,0.013420
0.645851,0.416058,0.511344,0.357006,0.105206,-0.245430,0.036178,0.749687,0.072613
0.652848,0.405264,0.641591,0.277544,0.169556,-0.263801,0.043801,0.808028,0.100259
0.653416,-0.053874,-0.099619,-0.184031,0.112942,-0.177409,0.000814,0.216087,0.044231
0.650132,-0.184195,-0.319054,-0.600497,-0.027756,-0.021305,-0.031926,0.704500,0.002244
0.648747,0.142672,0.410500,-0.715181,-0.116056,0.131385,-0.062553,0.836869,0.034644
0.651954,0.256779,0.431350,-0.417209,-0.090999,0.141738,-0.071149,0.652734,0.033433
0.658267,0.507182,0.068866,0.031350,-0.029802,0.028004,0.061507,0.512795,0.005455
0.662769,1.220083,0.824874,0.025297,0.008759,0.031029,0.347086,1.472976,0.121508
0.662503,1.203272,1.473023,-0.366720,0.038593,0.220684,0.562024,1.937045,0.366062
0.660534,-0.188122,0.304712,-0.004944,0.042493,0.301114,0.475030,0.358139,0.318129
0.660917,-1.699845,-1.590174,1.559061,-0.025474,0.044125,0.106082,2.801571,0.013849
0.664351,-2.059626,-2.300873,2.611664,-0.136060,-0.326484,-0.307043,4.044362,0.219380
0.670426,-1.248806,-1.557855,1.461172,-0.198003,-0.423481,-0.509833,2.474157,0.478471
0.677799,0.071248,-0.144870,-0.676588,-0.177607,-0.236409,-0.397170,0.695582,0.245177
0.683641,1.146315,1.296393,-1.465142,-0.115774,-0.106487,-0.093752,2.267447,0.033533
0.687510,1.379154,2.060324,-0.803893,-0.029621,-0.194626,0.144186,2.606385,0.059546
0.690164,0.791537,1.512031,-0.020600,0.081813,-0.307001,0.197100,1.706808,0.139791
0.689574,0.274794,0.528008,0.097886,0.147515,-0.230689,0.176192,0.603230,0.106022
0.687201,0.392454,0.439074,-0.881914,0.109301,0.069408,0.170675,1.060461,0.045894
0.685272,0.265343,0.399445,-2.333234,0.050744,0.452087,0.083332,2.382004,0.213902
0.669595,-0.705876,-0.703898,-1.991513,0.047689,0.606973,-0.146051,2.227074,0.392021
0.627892,-1.382064,-1.616006,0.746385,0.018270,0.361310,-0.362176,2.253590,0.262050
0.587409,-0.952884,-1.289853,2.869356,-0.069784,-0.015950,-0.391269,3.287083,0.158216
0.583681,-0.126724,-0.615724,2.108487,-0.069459,-0.165113,-0.235891,2.200203,0.087731
0.602977,0.640338,-0.023922,-0.002275,0.057854,-0.056226,0.023268,0.640789,0.007050
0.611027,1.425758,0.958331,-1.538892,0.115626,0.172147,0.331112,2.306377,0.152639
0.609890,1.663052,1.839413,-2.131993,0.010994,0.353956,0.566732,3.270256,0.446591
0.618998,0.746432,1.360348,-0.986696,-0.100445,0.246423,0.506965,1.838825,0.327827
0.636579,-0.968752,-0.749554,1.778130,-0.128767,-0.168489,0.069830,2.159180,0.049846
0.650370,-2.284140,-2.807432,3.233323,-0.163037,-0.499296,-0.427541,4.853179,0.458669
0.657838,-1.900201,-2.468828,1.640883,-0.214159,-0.452826,-0.541724,3.521132,0.544380
0.663394,-0.063682,0.061535,-0.732378,-0.191206,-0.214819,-0.298572,0.737712,0.171852
0.669605,1.147772,1.748167,-1.474507,-0.101244,-0.070568,-0.100705,2.558836,0.025372
0.673897,0.694175,1.090278,-0.884063,0.009332,-0.049402,-0.063477,1.565935,0.006557
0.672776,-0.129520,0.029861,-0.153536,0.148278,-0.091705,-0.018666,0.203077,0.030745
0.667928,-0.198838,0.340308,0.008423,0.247670,-0.156741,0.023872,0.394230,0.086478
0.663579,0.199282,1.229675,-0.572372,0.203225,-0.145200,0.012065,1.370921,0.062529
0.662430,0.565704,1.246174,-1.017556,0.072179,-0.047952,0.056599,1.705401,0.010713
0.667728,0.511660,0.267904,-0.340365,-0.016629,-0.029648,0.114166,0.670386,0.014189
0.678971,-0.088576,-0.653724,0.785012,-0.042143,-0.142625,0.015511,1.025400,0.022359
0.685691,-0.454793,-0.477131,0.946017,-0.017096,-0.216934,-0.110277,1.153013,0.059514
0.680367,-0.032908,0.546769,0.105983,0.067109,-0.165141,-0.053665,0.557917,0.034655
0.669024,0.397737,0.951075,-0.716692,0.153210,-0.067927,0.069578,1.255542,0.032928
0.652905,0.399139,0.485285,-1.400196,0.181533,0.119249,0.171054,1.534719,0.076434
0.623580,0.652591,0.802306,-2.530607,0.204229,0.493893,0.361562,2.733778,0.416367
0.590924,0.915515,1.434774,-3.003658,0.270939,0.828774,0.481434,3.452348,0.992053
0.577239,0.393260,0.012491,-1.493862,0.319317,0.888378,0.377280,1.544808,1.033519
0.579013,0.122785,-1.145994,-0.364794,0.266199,0.877485,0.365212,1.208906,0.974222
0.576149,0.793691,0.708547,-1.266661,0.095618,0.832667,0.339052,1.654211,0.817433
0.560445,0.456724,-0.364740,-0.036503,-0.091777,0.365839,-0.353656,0.585632,0.267334
0.526394,-1.073455,-6.717172,4.158137,-0.118387,-0.288327,-1.211791,7.972629,1.565585
0.477961,-1.001434,-6.854163,4.093525,0.004599,-0.351771,-0.964190,8.046078,1.053426
0.441035,0.036549,2.595736,-1.142986,0.052765,0.047646,-0.014125,2.836476,0.005254
0.414649,-1.184208,7.412100,-3.117054,-0.003419,0.171472,0.273925,8.127583,0.104449
0.361352,-3.318495,3.311943,-0.468509,0.001596,0.061940,0.146925,4.711781,0.025426
0.290354,-3.369366,1.507837,0.879294,0.015793,0.048781,0.421350,3.794649,0.180165
0.258572,-2.072404,2.322441,0.922769,-0.044242,-0.108830,0.428294,3.246551,0.197237
0.271919,0.023961,-3.011834,1.970847,0.060542,-0.354190,-0.286378,3.599438,0.211128
0.283825,2.883776,-9.574501,1.768880,0.406078,-0.118605,-0.550158,10.154613,0.481640
0.273736,2.670999,-7.317331,0.425382,0.565556,0.320453,-0.013657,7.801187,0.422730
0.252287,-1.848871,-1.194629,1.315642,0.348595,0.099948,-0.001054,2.564445,0.131509
0.227120,-4.134330,-0.601060,2.972186,0.173723,-0.496621,-0.658182,5.127168,0.710016
0.201933,-0.906260,-2.748126,2.035452,0.259985,-0.517582,-0.686080,3.537876,0.806189
0.176425,1.925607,-1.834851,0.255958,0.276206,-0.095934,-0.116129,2.672107,0.098979
0.144855,0.648837,-0.139723,0.129726,0.074795,0.029386,-0.064536,0.676270,0.010623
0.113511,-0.989205,-0.473999,0.504531,-0.037034,-0.136278,-0.434723,1.207374,0.208927
0.100781,-0.390002,-0.669894,0.395227,0.085961,-0.216626,-0.424517,0.870094,0.234531
0.109261,0.549470,0.263693,0.265003,0.200637,-0.174258,-0.134445,0.664588,0.088697
0.120671,0.492986,0.580314,-0.292726,0.152529,-0.067495,-0.065012,0.815775,0.032047
0.122923,0.112368,0.199911,-1.211165,0.099665,0.062651,-0.167510,1.232685,0.041918
0.119876,-0.048093,0.135094,-1.050618,0.158028,0.082458,-0.194347,1.060359,0.069543
0.118673,0.018794,0.053674,0.100119,0.153159,0.027401,-0.174417,0.115143,0.054630
0.130159,0.032027,-0.355031,0.496239,-0.079657,0.066320,-0.204620,0.611004,0.052613
0.165103,-0.253938,-0.545122,0.087602,-0.346796,0.107884,-0.232797,0.607714,0.186101
0.210659,-0.381206,-0.453525,0.222094,-0.340064,0.006673,-0.216201,0.632715,0.162431
0.240078,-0.070792,-0.381048,0.425683,-0.121341,-0.074098,-0.209796,0.575687,0.064229
0.254676,-0.000913,-0.081856,-0.535865,0.008170,-0.029266,-0.169215,0.542082,0.029557
0.277261,-0.068654,0.689609,-1.258369,0.048533,-0.074268,0.040292,1.436582,0.009495
0.307744,0.834730,1.639758,0.266999,0.236495,-0.315242,0.360221,1.859266,0.285067
0.327499,2.052190,2.243600,2.341082,0.493597,-0.563338,0.585815,3.837433,0.904167
0.335823,1.693342,1.918930,1.555382,0.492205,-0.566226,0.646127,2.994814,0.980358
0.343853,0.255171,0.613174,-1.872728,0.229728,-0.135974,0.558634,1.987009,0.383336
0.344470,-0.389004,-0.654670,-3.824209,0.002498,0.521005,0.301684,3.899294,0.362466
0.319116,-0.501118,-1.156104,-1.225978,-0.091643,0.703676,-0.061145,1.758044,0.507297
0.274952,-1.077727,-1.537119,3.570977,-0.156188,0.176906,-0.355696,4.034366,0.182210
0.253895,-1.406711,-1.995683,4.838606,-0.177555,-0.310600,-0.465835,5.419750,0.345000
0.284550,-0.723569,-1.256797,1.288417,-0.103254,-0.223358,-0.345625,1.939873,0.180007
0.340387,0.565420,0.917810,-1.815407,-0.046467,-0.016783,0.001835,2.111345,0.002444
0.379343,1.823141,2.518584,-1.232918,-0.103328,-0.092320,0.401612,3.344726,0.180492
0.401116,2.218486,2.167495,-0.266630,-0.149636,-0.098480,0.628076,3.113006,0.426569
0.424621,1.231203,0.866978,-1.169570,-0.043387,0.214403,0.670886,1.906674,0.497939
0.445368,-0.300576,-0.211545,-1.116677,0.136130,0.454820,0.587680,1.175612,0.570760
0.453390,-1.302755,-1.128218,1.129773,0.208692,0.296910,0.337594,2.060688,0.245678
0.455223,-1.608668,-1.744779,2.727162,0.133240,-0.038894,0.017962,3.615173,0.019588
0.456371,-1.330012,-1.522026,2.167250,0.024286,-0.240924,-0.159483,2.963523,0.084069
0.453433,-0.678548,-0.784005,0.747541,-0.030999,-0.267585,-0.206662,1.278244,0.115272
0.446828,-0.098288,-0.116189,-0.361931,-0.087302,-0.182829,-0.240009,0.392625,0.098652
0.441613,0.186478,0.435402,-0.718989,-0.202215,-0.074018,-0.224695,0.860984,0.096857
0.442807,0.109779,0.411882,-0.238497,-0.278071,-0.074944,-0.171491,0.488446,0.112349
0.454248,-0.257923,-0.484849,0.313862,-0.210693,-0.167012,-0.191144,0.632544,0.108821
0.471746,-0.323541,-0.820536,-0.027838,-0.075589,-0.162676,-0.207873,0.882459,0.075388
0.485201,0.241305,0.423744,-0.970837,0.023174,-0.066009,-0.077654,1.086421,0.010924
0.492939,0.708894,1.522062,-1.092489,0.110978,-0.096351,0.089830,2.003181,0.029669
0.499903,0.525022,1.047325,0.012010,0.190224,-0.256350,0.140672,1.171615,0.121689
0.506082,0.148251,0.208488,0.713839,0.161391,-0.295656,0.138562,0.758295,0.132659
0.509902,-0.127092,-0.232145,-0.132905,0.008809,-0.122663,0.132886,0.296154,0.032782
0.511664,-0.437804,-0.885557,-1.239154,-0.151713,0.103220,0.051098,1.584735,0.036282
0.510107,-0.426277,-0.986006,-1.170599,-0.236671,0.218613,-0.054377,1.588780,0.106762
0.508050,0.066658,0.119994,-0.368214,-0.235335,0.183676,-0.056579,0.392967,0.092321
0.512581,0.270239,0.580714,0.349836,-0.147874,0.062786,-0.008766,0.729824,0.025886
0.521641,-0.059093,-0.323312,0.780694,-0.019569,-0.050660,-0.011503,0.847057,0.003082
0.526130,-0.101475,-0.435180,0.593342,0.047170,-0.109979,-0.001817,0.742788,0.014324
0.525204,0.342397,0.670387,-0.138153,0.006801,-0.100488,0.083586,0.765337,0.017131
0.524288,0.535636,0.951872,-0.471650,-0.079307,-0.035855,0.152955,1.189714,0.030970
0.524496,0.223970,0.149079,-0.115269,-0.134430,0.001842,0.124261,0.292701,0.033516
0.524501,-0.132696,-0.319494,0.272985,-0.109292,-0.069348,0.075138,0.440687,0.022400
0.525245,-0.192939,-0.153867,0.575946,0.026628,-0.227868,0.115128,0.626589,0.065887
0.527190,0.016999,0.246656,0.828667,0.197780,-0.347360,0.210385,0.864764,0.204038
0.527359,0.280772,0.641986,0.199421,0.232902,-0.264820,0.258112,0.728524,0.190995
0.522540,0.307653,0.537181,-1.411841,0.096181,0.049216,0.253020,1.541593,0.075692
0.514504,-0.011695,-0.092897,-2.230726,-0.063449,0.350514,0.222375,2.232690,0.176336
0.509521,-0.372287,-0.445495,-1.047118,-0.159038,0.360462,0.122492,1.197297,0.170230
0.513600,-0.396223,-0.297915,0.716977,-0.240874,0.149048,-0.034568,0.871666,0.081431
0.528125,-0.199367,-0.239221,1.133275,-0.321431,0.007426,-0.137469,1.175281,0.122271
0.546616,-0.173072,-0.341987,0.491761,-0.328999,-0.001104,-0.152683,0.623488,0.131554
0.559866,-0.258272,-0.144780,0.122315,-0.228600,-0.036676,-0.131313,0.320354,0.070846
0.566755,-0.054870,0.372788,0.090328,-0.076732,-0.119799,-0.077450,0.387480,0.026238
0.571219,0.327022,0.788052,-0.100565,0.038428,-0.134708,-0.004023,0.859117,0.019639
0.572211,0.300334,0.710360,-0.149765,0.086090,-0.121764,0.026126,0.785647,0.022921
0.568659,-0.149647,0.091981,0.173199,0.116725,-0.211236,0.032117,0.246683,0.059277
0.566284,-0.342736,-0.448357,0.211884,0.160520,-0.325511,0.089112,0.602816,0.139665
0.570140,-0.024703,-0.229339,-0.551289,0.139850,-0.255978,0.149825,0.597600,0.107530
0.578424,0.349539,0.333881,-1.496077,-0.004070,0.013187,0.107076,1.572228,0.011656
0.586481,0.461396,0.342161,-1.386714,-0.162464,0.256132,-0.004877,1.500978,0.092022
0.591144,0.308704,-0.178980,0.139534,-0.197749,0.261026,-0.068788,0.383147,0.111971
0.592470,-0.108147,-0.640521,1.730412,-0.118004,0.066508,-0.065658,1.848320,0.022659
0.593564,-0.464680,-0.604788,1.743886,0.017154,-0.130593,-0.034597,1.903374,0.018546
0.596156,-0.239309,0.124035,0.520616,0.166752,-0.261798,0.037538,0.586255,0.097754
0.597519,0.370769,0.918802,-0.318144,0.235946,-0.336002,0.155207,1.040616,0.192657
0.595338,0.694231,0.934229,-0.592716,0.163938,-0.238191,0.247179,1.306160,0.144708
0.592166,0.605737,0.539880,-1.159903,0.027311,0.040708,0.241087,1.415543,0.060526
0.590954,0.309201,0.244482,-1.438024,-0.094852,0.235638,0.140117,1.491070,0.084155
0.591773,-0.120648,-0.293338,-0.464009,-0.196938,0.203184,0.011640,0.562056,0.080204
0.595754,-0.397860,-0.688533,0.666327,-0.255463,0.114622,-0.073981,1.037479,0.083873
0.603876,-0.327901,-0.293488,0.607049,-0.243134,0.085979,-0.120170,0.749775,0.080947
0.612178,-0.330301,-0.100709,0.159557,-0.175363,0.028459,-0.182904,0.380394,0.065016
0.617116,-0.553822,-0.616893,0.239825,-0.058081,-0.096053,-0.228036,0.863013,0.064600
0.620394,-0.335735,-0.249346,0.216908,0.082482,-0.199348,-0.150323,0.471106,0.069140
0.621791,0.430268,1.120876,-0.139323,0.147095,-0.210262,0.008058,1.208679,0.065912
0.617329,0.762782,1.319884,-0.210190,0.085889,-0.132814,0.084850,1.538866,0.032216
0.609859,0.315996,0.207047,-0.133563,-0.015617,-0.039108,0.068753,0.400701,0.006500
0.610010,-0.019925,-0.300699,-0.152899,-0.062682,-0.026147,0.074704,0.337928,0.010193
0.619752,0.119784,-0.052889,0.225037,-0.052246,-0.113029,0.096331,0.260360,0.024785
0.626097,0.062329,-0.100738,0.762460,-0.013854,-0.216641,0.059387,0.771608,0.050652
0.621121,-0.292945,-0.290290,0.486560,0.045758,-0.240836,0.015938,0.637829,0.060350
0.610985,-0.287669,-0.111981,-0.376430,0.106097,-0.166213,0.036667,0.486819,0.040228
0.592995,0.055883,0.185298,-0.752505,0.130274,-0.063214,0.066921,0.776996,0.025446
0.556337,0.297563,0.382862,-0.706518,0.162509,0.037105,0.106410,0.856910,0.039109
0.511604,0.774337,0.896143,-1.422245,0.308313,0.264058,0.305603,1.850797,0.258177
0.470171,1.663257,1.949699,-3.202221,0.526407,0.723299,0.666447,4.101459,1.244417
0.412382,1.888497,2.494765,-4.199352,0.626346,1.221473,0.918629,5.236872,2.728185
0.336754,0.792218,1.424981,-2.405347,0.554838,1.417572,0.895067,2.905835,3.118501
0.290052,-0.519162,-0.243434,1.031192,0.442004,1.228347,0.734065,1.179892,2.243055
0.293168,-1.050623,-0.970850,3.096899,0.327331,0.853580,0.544330,3.411326,1.132040
0.308144,-1.321625,-1.435396,3.292411,0.140469,0.478962,0.215169,3.827143,0.295434
0.306250,-1.680000,-2.408666,3.007623,-0.028568,0.204380,-0.238652,4.203554,0.099542
0.295912,-1.352631,-2.347741,2.128278,0.007378,0.123271,-0.493699,3.445441,0.258989
0.287320,-0.218807,-0.476661,0.557871,0.191220,0.202480,-0.358578,0.765704,0.206141
0.283730,0.452410,0.973757,0.122852,0.302428,0.238408,-0.119342,1.080727,0.162544
0.285306,-0.104192,0.307924,1.447968,0.298706,0.117017,-0.148657,1.484010,0.125017
0.281513,-1.016437,-0.974550,2.628993,0.262638,-0.053132,-0.376895,2.982364,0.213852
0.268617,-1.209086,-0.798482,2.370302,0.209394,-0.142091,-0.452859,2.778092,0.269117
0.263154,-0.877019,0.523463,1.192637,0.133190,-0.171655,-0.301508,1.570210,0.138112
0.273019,-0.781645,1.281130,0.206385,0.021572,-0.231480,-0.167376,1.514879,0.082063
0.284083,-0.841678,1.257207,-0.055723,-0.137393,-0.285428,-0.127855,1.513967,0.116693
0.288438,-0.434174,1.764328,-0.600888,-0.237621,-0.187066,0.000819,1.913747,0.091458
0.293226,0.266669,2.627850,-2.075249,-0.184617,0.040871,0.222265,3.359072,0.085156
0.299847,0.407051,2.079123,-2.610985,-0.110495,0.174908,0.308183,3.362393,0.137779
0.300043,-0.111060,0.307214,-1.335249,-0.159987,0.152049,0.223460,1.374629,0.098649
0.290322,-0.384814,-0.656976,-0.459668,-0.228272,0.120214,0.160983,0.889378,0.092475
0.277558,0.074183,-0.512749,-0.628000,-0.165917,0.108063,0.203729,0.814124,0.080712
0.270823,0.532506,-0.426871,-0.179608,-0.039495,0.030479,0.256657,0.705720,0.068362
0.270486,0.211346,-0.812873,0.611752,0.020343,-0.094057,0.202196,1.039072,0.050144
0.268923,-0.370048,-1.631778,0.672775,0.065843,-0.186925,0.043537,1.803403,0.041172
0.261131,-0.370561,-1.963852,0.415034,0.188770,-0.210808,-0.058581,2.041148,0.083506
0.247046,-0.264984,-0.426462,0.025351,0.289820,-0.247619,-0.061072,0.502722,0.149041
0.227220,-0.685572,1.039748,-0.047392,0.318772,-0.455599,-0.134111,1.246327,0.327172
0.205807,-0.931496,0.128058,0.599229,0.395137,-0.732623,-0.205711,1.114970,0.735187
0.191512,-0.793377,0.438741,-0.140767,0.327073,-0.801123,-0.090696,0.917473,0.757001
0.189140,-0.928317,3.016249,-2.317924,-0.161742,-0.669967,-0.086685,3.915648,0.482531
0.198147,0.110935,0.615806,-2.165188,-0.520252,-0.381567,-0.304062,2.253789,0.508709
0.217712,3.455060,-5.561090,-0.846646,-0.109116,0.099919,-0.139633,6.601513,0.041387
0.241675,5.012838,-4.303383,-2.121765,0.415245,0.291770,0.351938,6.938987,0.381418
0.257949,1.571779,1.693074,-2.440050,0.211812,-0.201662,0.247074,3.360183,0.146577
0.264545,-2.158222,0.596377,0.860851,-0.232337,-0.725542,-0.392521,2.398886,0.734464
0.270040,-1.757235,-3.698801,2.321890,-0.261227,-0.693040,-0.669288,4.707460,0.996490
0.274761,-0.125000,-1.938858,0.121507,-0.167662,-0.501954,-0.543565,1.946679,0.575531
0.275296,0.249010,1.838293,-1.401323,-0.232059,-0.397138,-0.415559,2.324873,0.384259
0.280795,0.998616,2.246193,-1.676313,-0.231424,-0.135976,-0.192266,2.975339,0.109013
0.298781,1.813049,1.612024,-1.990078,-0.108158,0.115831,0.092164,3.137862,0.033609
0.319310,0.913478,1.053852,-1.107276,-0.025974,0.080177,0.106571,1.780760,0.018460
0.331853,-0.523669,-0.377879,0.398668,-0.012145,-0.036880,-0.096402,0.758919,0.010801
0.338087,-0.851286,-1.274407,0.741309,-0.032250,-0.093603,-0.232249,1.702451,0.063741
0.340851,-0.586268,-0.839121,0.834333,-0.075542,-0.237080,-0.267785,1.320585,0.133622
0.341184,-0.258817,-0.159881,1.146210,-0.101839,-0.350846,-0.253407,1.185894,0.197679
0.343017,0.312005,0.439101,0.116207,-0.112244,-0.176609,-0.159719,0.551054,0.069300
0.347467,0.743552,0.991115,-1.571725,-0.137639,0.113757,-0.036353,2.001374,0.033207
0.355309,0.554622,0.929163,-1.414539,-0.128744,0.150152,0.012954,1.780974,0.039288
0.373314,-0.000687,0.218666,0.259174,-0.057046,-0.057762,-0.022787,0.339097,0.007110
0.398234,-0.414989,-0.489735,1.053761,-0.020040,-0.217989,-0.099652,1.233883,0.057851
0.412975,-0.450721,-0.725598,0.398253,-0.060904,-0.193392,-0.167659,0.942469,0.069219
0.415695,-0.182344,-0.421835,-0.440135,-0.077175,-0.079165,-0.154136,0.636328,0.035981
0.420416,0.129730,0.120751,-0.567869,-0.038430,0.000631,-0.051363,0.594883,0.004115
0.427520,0.310919,0.483527,-0.162318,-0.056064,0.032712,0.037334,0.597341,0.005607
0.433232,0.263016,0.426620,0.205878,-0.165280,0.063720,0.034810,0.541819,0.032589
0.448258,-0.137938,-0.164845,0.275693,-0.253256,0.083521,-0.037712,0.349582,0.072537
0.472925,-0.619875,-0.901988,0.074129,-0.229823,0.058314,-0.121214,1.096961,0.070912
0.489870,-0.509697,-0.769238,-0.228793,-0.133365,0.017622,-0.138719,0.950718,0.037340
0.495216,0.192137,0.346238,-0.271642,-0.060888,0.004140,-0.065271,0.480194,0.007985
0.498003,0.501465,0.946581,-0.107232,-0.038849,0.017020,-0.017319,1.076560,0.002099
0.500931,0.013851,0.268955,-0.209947,0.001702,0.018898,-0.069478,0.341477,0.005187
0.508313,-0.228545,-0.265093,-0.196786,0.086066,-0.056699,-0.076888,0.401537,0.016534
0.523249,0.419135,0.389500,0.497274,0.126171,-0.193413,0.060683,0.758067,0.057010
0.533938,0.847370,1.047553,0.801787,0.076359,-0.223838,0.179601,1.567886,0.088191
0.534908,0.211158,0.605597,-0.132518,0.009812,-0.080285,0.143153,0.654902,0.027035
0.540358,-0.441288,-0.191566,-0.735722,-0.031633,0.035289,0.066310,0.879045,0.006643
0.554615,-0.168559,-0.448066,0.122909,-0.068718,-0.036199,0.074841,0.494249,0.011634
0.564674,0.247134,-0.343828,0.852923,-0.066984,-0.158145,0.115466,0.952245,0.042829
0.567867,0.075341,-0.129594,0.300352,-0.010021,-0.149476,0.110017,0.335682,0.034547
0.572091,-0.082717,0.220922,-0.341323,-0.012241,-0.033055,0.074793,0.414910,0.006836
0.577684,0.082060,0.212960,-0.261774,-0.142340,0.078512,0.022791,0.347292,0.026944
0.583506,-0.107600,-0.560234,-0.116983,-0.247831,0.124354,-0.058598,0.582344,0.080318
0.592722,-0.559743,-1.078451,-0.163824,-0.160056,0.099283,-0.089521,1.226053,0.043489
0.601813,-0.383047,-0.321087,-0.073344,0.011844,0.038500,-0.008896,0.505174,0.001702
0.604664,0.117399,0.411338,0.216802,0.026987,-0.015435,0.004098,0.479567,0.000983
0.603853,0.133502,-0.202297,0.419033,-0.067925,0.017010,-0.145568,0.484082,0.026093
0.597218,0.477574,-0.075714,-0.488112,0.012316,0.287107,-0.055367,0.687068,0.085648
0.571500,1.959682,2.671914,-2.947187,0.297572,0.780541,0.568233,4.434568,1.020682
0.529028,2.955390,4.841098,-4.434314,0.510614,1.136867,1.195132,7.199563,2.981534
0.490660,1.704815,2.838378,-2.172814,0.494832,1.029445,1.192472,3.960291,2.726605
0.461542,-0.636581,-1.093783,1.978944,0.321975,0.568513,0.725485,2.349003,0.953203
0.431092,-1.844846,-3.220643,3.897043,0.086035,0.079156,0.206828,5.381723,0.056446
0.397112,-1.758621,-3.876057,3.165000,-0.140828,-0.289149,-0.343809,5.304130,0.221644
0.355344,-1.503289,-3.788663,2.283904,-0.266719,-0.550724,-0.830056,4.672265,1.063429
0.298937,-1.124346,-1.543234,1.782484,-0.208942,-0.655978,-0.858230,2.612082,1.210523
0.244760,-0.201049,2.272676,0.246639,0.013036,-0.474903,-0.337731,2.294844,0.339765
0.213273,0.126794,5.172646,-1.874173,0.172145,-0.117512,0.275816,5.503169,0.119517
0.195718,-1.286401,5.523931,-1.883855,0.045077,-0.026524,0.384470,5.976416,0.150553
0.179531,-2.375741,1.271973,0.794568,-0.159316,-0.311843,-0.108604,2.809519,0.134422
0.166688,-0.267066,-5.508068,2.211152,-0.025525,-0.408717,-0.486665,5.941324,0.404544
0.155255,3.124188,-5.625283,-0.495194,0.327430,-0.047419,-0.207593,6.453648,0.152554
0.145102,3.254703,2.044311,-3.528679,0.395575,0.214895,0.113073,5.217650,0.215445
0.141159,0.625959,5.439085,-2.625659,0.170041,0.074809,-0.111142,6.072031,0.046863
0.128839,-0.393580,1.099625,-0.222065,0.054839,-0.052407,-0.334496,1.188862,0.117641
0.089324,0.498910,-1.315837,0.350756,0.092820,-0.001354,-0.170397,1.450299,0.037653
0.038487,0.376271,0.386746,0.285730,0.067718,-0.022823,-0.102735,0.610569,0.015661
0.007510,-0.472127,0.546686,0.460853,0.003345,-0.095690,-0.261400,0.856828,0.077498
0.000054,-0.089264,-0.350240,0.020054,-0.012300,-0.088675,-0.256960,0.361992,0.074043
-0.000156,0.719821,0.340242,-0.142189,-0.034216,-0.105183,-0.117677,0.808780,0.026082
0.001927,0.572376,0.744652,0.474390,-0.052519,-0.145640,-0.076903,1.052220,0.029883
0.012509,0.100651,0.016704,0.268657,-0.001739,-0.066602,-0.050795,0.287378,0.007019
0.028275,0.014344,-0.130692,-0.679061,0.055935,0.056563,0.016022,0.691672,0.006585
0.036456,0.014417,0.202650,-0.589191,0.048062,0.058083,-0.005825,0.623234,0.005718
0.035423,-0.052249,0.016632,0.230552,0.036488,0.001920,-0.099766,0.236983,0.011288
0.035962,-0.083115,-0.203922,0.220676,0.084917,0.030759,-0.135470,0.311753,0.026509
0.038267,-0.119048,0.032394,-0.378797,0.143017,0.096981,-0.118021,0.398383,0.043788
0.031047,-0.111496,0.198360,-0.325437,0.145237,0.069486,-0.122098,0.397099,0.040830
0.017224,-0.028223,-0.034505,0.293546,0.099260,-0.025211,-0.140200,0.296911,0.030144
0.012282,0.047336,-0.203042,0.342036,0.047273,-0.050116,-0.123886,0.400569,0.020094
0.015648,0.188638,0.088089,-0.377889,0.038621,0.019786,-0.074710,0.431444,0.007465
0.013988,0.295126,0.389914,-0.592010,0.082875,0.056486,-0.050586,0.767859,0.012618
0.012365,-0.010412,0.039281,0.505039,0.067673,-0.049055,-0.106825,0.506671,0.018398
0.028871,-0.486128,-0.723304,1.587270,-0.085868,-0.218054,-0.222416,1.810778,0.104390
0.057345,-0.442004,-1.034827,1.034866,-0.211279,-0.253573,-0.280288,1.528785,0.187499
0.079506,0.108286,-0.395675,-0.379724,-0.154240,-0.121711,-0.148944,0.558995,0.060788
0.116845,0.789160,0.993869,-0.906053,-0.083198,-0.001660,0.160369,1.559321,0.032643
0.203257,1.408131,2.035714,-0.553227,-0.179423,0.011399,0.417540,2.536341,0.206662
0.304930,1.282220,1.312160,-0.218149,-0.281569,0.017368,0.376542,1.847550,0.221367
0.354516,-0.110241,-0.899283,-0.066463,-0.167995,0.060206,0.074547,0.908449,0.037404
0.352198,-1.631009,-2.271058,0.032325,0.081228,0.016878,-0.221758,2.796237,0.056059
0.346323,-1.606572,-1.317965,0.206241,0.246759,-0.145735,-0.307800,2.088215,0.176870
0.353578,-0.095035,0.667531,0.386021,0.257538,-0.245091,-0.140663,0.776944,0.146181
0.366675,1.236413,1.384202,0.116878,0.142215,-0.195086,0.136267,1.859675,0.076852
0.384120,1.130394,0.192200,-0.450622,-0.061074,-0.095847,0.235696,1.231987,0.068469
0.396863,0.182658,-1.165399,-1.168755,-0.196703,0.137617,0.129631,1.660574,0.074435
0.397267,-0.085172,-0.598155,-2.796753,-0.102284,0.611471,0.163938,2.861271,0.411234
0.397733,0.352840,1.098757,-3.951211,0.088130,0.913926,0.403657,4.116289,1.005967
0.405962,0.061125,1.039731,-1.473009,0.117760,0.601403,0.439845,1.804032,0.569017
0.411764,-1.132343,-0.972063,3.016262,0.008269,-0.004390,0.130606,3.365255,0.017146
0.412521,-1.743742,-2.117465,4.370761,-0.068334,-0.335885,-0.170917,5.160218,0.146701
0.416196,-1.059034,-1.203753,2.335450,-0.085556,-0.384398,-0.205894,2.832826,0.197474
0.422037,0.122258,0.321562,0.461861,-0.083951,-0.362372,-0.053368,0.575903,0.141209
0.424345,0.770056,1.125129,-0.517704,-0.066479,-0.245260,0.101756,1.458396,0.074926
0.424017,0.516308,0.923074,-1.326846,-0.056869,-0.060440,0.128922,1.696809,0.023508
0.424237,-0.147013,0.083695,-1.080262,-0.070309,-0.003430,0.030923,1.093427,0.005911
0.425117,-0.435259,-0.538581,0.083893,-0.066535,-0.083184,-0.070894,0.697537,0.016372
0.425046,-0.231904,-0.459656,0.400058,-0.027177,-0.135936,-0.100815,0.652004,0.029381
0.423764,0.019981,-0.107211,-0.093119,0.007235,-0.136536,-0.081346,0.143404,0.025312
0.423716,0.132197,0.065115,-0.145859,0.007999,-0.121956,-0.034732,0.207342,0.016144
0.425473,0.221728,0.204815,-0.208629,-0.015065,-0.036767,0.022743,0.366931,0.002096
0.426379,0.236168,0.342977,-0.737434,-0.042566,0.089912,0.047755,0.846887,0.012177
0.428290,0.017039,0.123490,-0.544757,-0.049623,0.112507,0.026746,0.558838,0.015836
0.435490,-0.237010,-0.263316,0.444460,-0.041966,-0.003986,-0.024555,0.568378,0.002380
0.444831,-0.235379,-0.295897,0.848828,-0.082279,-0.157260,-0.114372,0.929229,0.044581
0.453125,-0.240757,-0.321137,0.687824,-0.181754,-0.215812,-0.213340,0.796363,0.125123
0.465675,-0.414113,-0.563227,0.495569,-0.247610,-0.109472,-0.221457,0.856915,0.122338
0.484651,-0.106791,-0.007532,-0.254197,-0.231441,0.039338,-0.107760,0.275821,0.066725
0.504260,0.705579,1.289104,-1.128649,-0.187021,0.062195,0.008647,1.852965,0.038920
0.520319,0.785474,1.342568,-0.975543,-0.141026,0.025466,0.011096,1.836067,0.020660
0.530976,-0.023075,-0.034090,-0.328120,-0.059054,0.011198,-0.035070,0.330692,0.004843
0.537857,-0.335540,-0.610931,-0.026203,0.061349,-0.101865,0.011998,0.697503,0.014284
0.549285,-0.011737,-0.073454,0.158279,0.158996,-0.279024,0.112408,0.174887,0.115770
0.566382,-0.076922,-0.024361,0.008434,0.161999,-0.262979,0.133227,0.081127,0.113151
0.578639,-0.183388,-0.106621,-0.633986,0.051769,-0.057279,0.122831,0.668534,0.021048
0.584324,0.242211,0.494053,-0.776282,-0.106293,0.067769,0.159404,0.951508,0.041300
0.591199,0.098309,0.154861,-0.066158,-0.188319,0.013055,0.124869,0.194996,0.051227
0.598683,-0.841243,-1.381424,0.592211,-0.116429,-0.103322,-0.017451,1.722422,0.024536
0.604594,-0.653523,-1.081805,0.702212,0.024913,-0.162779,-0.050627,1.445855,0.029681
0.613883,0.809884,1.121745,0.386253,0.061672,-0.110640,0.090508,1.436459,0.024236
0.623754,1.029535,1.196998,-0.129099,-0.036334,0.023633,0.153106,1.584113,0.025320
0.624537,-0.320335,-1.047579,-0.283686,-0.112755,0.116830,0.046997,1.131598,0.028572
0.617954,-0.708050,-1.466458,0.005986,-0.047298,0.088828,0.031760,1.628456,0.011136
0.610233,0.253650,0.350390,-0.265794,0.097255,0.043284,0.216741,0.507699,0.058309
0.599892,0.491224,1.041816,-1.166750,0.174713,0.122610,0.352351,1.639508,0.169709
0.589628,-0.350130,-0.045358,-0.948039,0.103550,0.208353,0.247625,1.011645,0.115452
0.588498,-1.049757,-1.120219,0.934418,-0.101816,0.033868,-0.029080,1.797225,0.012359
0.595975,-1.259646,-1.668339,2.413667,-0.332231,-0.304650,-0.311159,3.193094,0.300009
0.604907,-0.930641,-1.586638,1.696036,-0.408187,-0.379641,-0.401725,2.502009,0.472127
0.614623,0.078469,-0.174987,-0.444258,-0.246511,-0.145334,-0.205589,0.483883,0.124156
0.624278,1.022741,1.698032,-1.642190,0.014791,-0.027690,0.102094,2.574121,0.011409
0.626326,1.028950,1.879976,-0.858292,0.170587,-0.166943,0.261052,2.308617,0.125118
0.620542,0.230437,0.294311,0.175602,0.170828,-0.255032,0.203998,0.412985,0.135839
0.617193,-0.505894,-0.894639,-0.225021,0.129956,-0.104029,0.077871,1.052113,0.033774
0.612923,-0.343485,-0.418067,-1.237683,0.137393,0.203263,0.071833,1.350785,0.065353
0.588449,0.281971,0.586940,-1.360267,0.104717,0.470194,0.124035,1.508089,0.247433
0.546181,-0.165065,-0.004208,0.093533,-0.076405,0.443324,-0.045907,0.189770,0.204481
0.518468,-1.551045,-2.194434,2.498889,-0.277360,0.140385,-0.402253,3.669568,0.258444
0.523304,-1.802033,-2.911391,3.105479,-0.284120,-0.065435,-0.539472,4.622502,0.376036
0.543320,-0.338677,-0.500968,0.751325,-0.120135,-0.044237,-0.314633,0.964448,0.115383
0.556217,1.351089,2.213176,-1.267235,0.050566,-0.003308,0.049522,2.886083,0.005020
0.559059,2.162274,2.560920,-1.250589,0.175710,0.063945,0.395143,3.577389,0.191101
0.560336,1.734700,1.549235,-1.398459,0.236229,0.217095,0.606473,2.713853,0.470744
0.566378,0.165385,0.385856,-1.152428,0.142003,0.174588,0.482117,1.226510,0.283083
0.577622,-1.382759,-1.287324,1.513629,-0.099143,-0.185456,0.048327,2.420805,0.046559
0.590956,-1.797326,-2.695888,3.729775,-0.297961,-0.483980,-0.343779,4.940588,0.441201
0.604003,-1.251898,-2.185479,2.404210,-0.304244,-0.442503,-0.430139,3.481924,0.473393
0.616464,-0.325205,-0.173194,-0.244450,-0.179996,-0.230598,-0.277533,0.442165,0.162599
0.627012,0.475980,1.253737,-1.343245,-0.052304,-0.084728,-0.090019,1.898083,0.018018
0.632237,0.543801,1.130888,-0.920351,0.065553,-0.063018,0.001746,1.556173,0.008272
0.630058,0.009120,0.252433,-0.011581,0.171002,-0.114215,-0.018714,0.252863,0.042637
0.622438,-0.191140,-0.119137,0.149763,0.173240,-0.118005,-0.037901,0.270476,0.045374
0.614810,0.292308,0.563480,-0.853711,0.050878,-0.020514,0.066688,1.063850,0.007457
0.612547,0.756557,1.197724,-1.196566,-0.082935,0.034899,0.184171,1.854371,0.042015
0.616527,0.519112,0.201763,0.324932,-0.136867,-0.058169,0.116423,0.644799,0.035671
0.621840,-0.129609,-1.324181,1.547541,-0.094823,-0.160439,-0.034884,2.040867,0.035949
0.621067,-0.355990,-0.794223,0.620558,0.013812,-0.149619,-0.039724,1.068930,0.024155
0.611264,0.006222,0.947821,-0.726889,0.093548,-0.085537,0.058857,1.194475,0.019532
0.598672,0.362932,1.015512,-0.939163,0.079413,0.037594,0.135425,1.430039,0.026060
0.592758,0.398726,0.071138,-1.184612,0.027850,0.242946,0.227217,1.251938,0.111426
0.596842,0.248627,0.277725,-1.361719,-0.024452,0.306228,0.280833,1.411816,0.173241
0.607222,-0.141658,0.215357,0.328710,-0.128355,0.133298,0.126245,0.417727,0.050181
0.617249,-0.754744,-1.475613,2.195615,-0.276522,0.081919,-0.157907,2.750963,0.108110
0.622809,-0.998013,-1.958922,1.246030,-0.378780,0.278597,-0.298060,2.527053,0.309930
0.626512,-0.534953,0.042083,-0.240772,-0.370440,0.298517,-0.233999,0.588147,0.281094
0.631685,-0.067584,0.886818,0.856007,-0.263464,0.037306,-0.156050,1.234407,0.095157
0.635813,-0.154011,-0.631452,1.811636,-0.130061,-0.094825,-0.159594,1.924702,0.051378
0.637366,-0.106984,-0.792026,0.348803,0.018707,-0.106103,-0.097201,0.872017,0.021056
0.639407,0.531230,1.025816,-0.125415,0.247986,-0.382887,0.092959,1.161995,0.216741
0.640207,0.884450,1.341415,1.539080,0.448309,-0.726345,0.193811,2.224952,0.766121
0.634534,0.633272,0.454100,1.162463,0.372832,-0.599788,0.134430,1.399486,0.516821
0.627438,0.620715,1.021345,-1.520674,0.057434,-0.154046,0.150178,1.934136,0.049582
0.629131,0.637144,1.199284,-1.692503,-0.200962,0.014684,0.245787,2.169977,0.101013
0.637254,-0.090246,-0.744876,0.776462,-0.250555,-0.171928,0.164156,1.079758,0.119284
0.644652,-0.652144,-1.334624,1.302015,-0.124449,-0.357241,-0.009625,1.975286,0.143201
0.653610,-0.198049,0.656950,-0.427623,0.080660,-0.388378,0.020512,0.808497,0.157764
0.659541,0.307619,1.371162,-1.166116,0.196616,-0.258610,0.159343,1.826073,0.130927
0.646903,0.599679,0.653559,-1.262219,0.208595,0.146773,0.227928,1.542709,0.117005
0.620140,1.638727,2.142002,-2.853995,0.398316,0.796138,0.514842,3.926689,1.057554
0.600973,2.650420,4.151930,-4.166943,0.823403,1.336883,1.133889,6.451873,3.750953
0.592183,1.794870,2.019078,-2.590583,0.972179,1.422203,1.315037,3.742907,4.697116
0.577625,-0.483953,-2.442589,-0.105385,0.509105,1.061390,0.416962,2.492300,1.559594
0.541000,-1.910905,-3.916774,0.387384,-0.087443,0.587389,-0.851626,4.375242,1.077939
0.475246,-1.467812,-2.131584,0.162330,-0.252282,0.309590,-1.310998,2.593159,1.878208
0.397766,-0.481877,0.511224,0.983911,-0.121996,0.213278,-0.870744,1.208982,0.818566
0.335409,-0.712555,3.078679,1.829098,-0.067705,0.051557,-0.364861,3.651246,0.140366
0.285097,-1.908314,3.560845,2.233968,-0.080337,-0.238366,-0.269505,4.616481,0.135905
0.230287,-2.507185,2.362540,2.274100,-0.012772,-0.386452,-0.170342,4.127845,0.178525
0.184478,-2.123669,4.094321,0.983128,0.070390,-0.292750,0.284129,4.715928,0.171387
0.172842,-0.991061,5.000081,-0.192252,0.097805,-0.234916,0.440532,5.100978,0.258820
0.183784,1.262568,-2.342787,0.042216,0.236422,-0.170169,-0.123999,2.661674,0.100229
0.174083,3.384321,-7.555563,-1.518211,0.529024,0.205353,-0.433472,8.416955,0.509934
0.122249,2.517390,0.491907,-3.900703,0.596293,0.492217,-0.022127,4.668480,0.598333
0.054227,-0.711724,7.084217,-1.096182,0.290667,0.181455,0.016502,7.203770,0.117686
0.009051,-2.025881,0.523432,3.434922,0.088183,-0.232322,-0.564060,4.022047,0.379913
-0.003131,-0.343570,-4.285040,2.090429,0.203046,-0.282811,-0.687489,4.780115,0.593851
-0.000204,1.045942,0.409985,-0.596425,0.206424,-0.360223,-0.346983,1.271930,0.292769
0.000932,0.719014,2.319721,1.105760,-0.047298,-0.513208,-0.339725,2.668481,0.381033
-0.000394,0.528472,-0.633799,1.799380,-0.167532,-0.287325,-0.409828,1.979584,0.278582
-0.000062,1.135335,0.077115,-1.135129,-0.032713,0.099943,-0.083471,1.607311,0.018026
0.000104,1.170976,2.204606,-1.987238,0.063972,0.151473,0.191360,3.190703,0.063655
-0.000007,0.293946,0.616104,-0.068459,-0.003032,0.044654,0.073630,0.686058,0.007425
0.004039,-0.333638,-1.041764,0.414249,-0.073947,0.069509,-0.091541,1.169696,0.018679
0.009719,-0.253473,-0.352969,0.015932,-0.054588,0.083619,-0.120767,0.434844,0.024557
0.009853,-0.215549,-0.169167,0.564370,-0.045268,0.014602,-0.197401,0.627369,0.041230
0.007877,-0.410426,-0.600907,0.402356,-0.131757,0.000412,-0.301637,0.831522,0.108345
0.011339,-0.106948,0.168493,-0.572043,-0.220928,0.013138,-0.245654,0.605856,0.109328
0.016962,0.468563,0.806074,-0.371867,-0.182915,-0.014637,-0.100963,1.003789,0.043866
0.024643,0.383977,0.182577,0.131164,-0.051966,0.001132,-0.040278,0.444946,0.004324
0.050163,0.279776,0.168279,-0.254141,0.050020,-0.009246,0.038593,0.413739,0.004077
0.105167,0.944053,1.105415,0.116540,0.082458,-0.214640,0.249283,1.458342,0.115012
0.185707,1.072693,0.757199,1.101226,0.046411,-0.408599,0.398927,1.713686,0.328250
0.279018,0.249120,-0.419881,0.360453,-0.079393,-0.283070,0.379094,0.606867,0.230144
0.358220,0.058190,0.029146,-1.242631,-0.226053,-0.023316,0.345156,1.244334,0.170776
0.397674,-0.072063,0.663374,-1.370112,-0.247687,0.043767,0.248402,1.523964,0.124968
0.410085,-1.453760,-1.036292,-0.477959,-0.144757,-0.023478,-0.030860,1.848179,0.022458
0.427999,-1.850533,-2.453293,0.385301,-0.016091,-0.107569,-0.167776,3.097027,0.039979
0.451826,-0.107911,-0.850930,1.082213,0.162825,-0.296153,0.089153,1.380910,0.122167
0.458315,0.634901,0.873338,0.997010,0.378202,-0.524441,0.355251,1.469642,0.544278
0.445232,-0.428954,0.370311,0.063338,0.440369,-0.507018,0.287585,0.570214,0.533697
0.427868,-0.866219,-0.414532,-0.962335,0.321723,-0.169412,0.042496,1.359508,0.134012
0.397690,-0.908632,-0.841970,-1.752764,0.233916,0.217540,-0.219574,2.146324,0.150253
0.329856,-1.148191,-1.585763,-1.757385,0.204351,0.410039,-0.380561,2.630853,0.354718
0.248485,0.338843,-0.796864,-0.851550,0.038710,0.469605,-0.160823,1.214473,0.247891
0.223927,2.611038,1.651117,-0.290200,-0.276365,0.523327,0.352811,3.102889,0.474724
0.272315,2.161833,2.016648,-0.161137,-0.540782,0.459960,0.587002,2.960803,0.848580
0.333432,-0.309565,-0.372345,0.965059,-0.651391,0.145003,0.339881,1.079727,0.560855
0.372438,-1.558947,-1.866253,2.822981,-0.642933,-0.268368,0.016299,3.725914,0.485650
0.411939,-1.291522,-1.164651,3.305996,-0.515923,-0.499714,-0.096909,3.735512,0.525282
0.456534,-0.774181,-0.055333,1.299788,-0.265789,-0.438144,-0.101290,1.513891,0.272874
0.481296,-0.245362,0.648133,-1.382122,0.003824,-0.213832,-0.093425,1.546137,0.054467
0.487841,0.217255,1.003426,-1.759481,0.163438,-0.087386,-0.009740,2.037115,0.034443
0.496399,0.334286,0.712847,-0.366048,0.177165,-0.158306,0.165485,0.868268,0.083834
0.507856,0.253759,0.223558,-0.303297,0.084725,-0.221944,0.310316,0.454270,0.152733
0.519736,0.263669,0.216297,-1.101725,-0.032454,-0.121768,0.308126,1.153301,0.110822
0.538460,0.123821,-0.062635,-0.358908,-0.060214,0.000201,0.151034,0.384798,0.026437
0.554198,-0.646387,-1.240367,0.431442,0.051324,0.021067,-0.099619,1.463717,0.013002
0.545510,-1.335413,-1.802141,-0.551325,0.189280,0.032067,-0.286204,2.309762,0.118768
0.511874,-0.372156,-0.378977,-1.172323,0.206651,0.111173,-0.158613,1.287037,0.080222
0.474421,1.682151,1.662010,-0.546310,0.118101,0.230346,0.270836,2.427007,0.140359
0.455147,2.145869,2.062557,-0.557360,0.004489,0.281343,0.528437,3.028126,0.358420
0.463419,0.382677,0.438776,-0.191584,-0.144669,0.085814,0.276051,0.612920,0.104497
0.488403,-1.316933,-1.554107,2.213409,-0.305530,-0.295354,-0.165127,3.008112,0.207849
0.510610,-1.463014,-1.907731,3.390013,-0.352180,-0.441839,-0.334622,4.155964,0.431224
0.524630,-0.816026,-0.582263,0.663861,-0.246736,-0.194934,-0.241013,1.202348,0.156965
0.535823,-0.165599,0.665517,-2.190637,-0.082451,0.009415,-0.078579,2.295480,0.013061
0.545426,0.582849,1.184200,-1.371308,0.053244,-0.142492,0.107369,1.903294,0.034667
0.554637,1.037679,1.237286,0.789723,0.099620,-0.321949,0.234244,1.797586,0.168446
0.566569,0.452976,0.156020,0.702802,0.025842,-0.169841,0.191142,0.850565,0.066049
0.577202,-0.600413,-1.499855,-0.729600,-0.111482,0.105013,0.049164,1.772675,0.025873
0.580883,-0.926401,-1.660488,-0.684583,-0.204906,0.148091,-0.069920,2.020914,0.068806
0.583046,-0.605996,-0.670488,0.618736,-0.168878,-0.010230,-0.090729,1.095271,0.036856
0.592298,-0.215100,-0.156045,0.905275,-0.023795,-0.206330,0.050244,0.943473,0.045663
0.603751,0.262131,0.064304,0.260406,0.063413,-0.381970,0.191169,0.375045,0.186468
0.606039,0.555070,-0.066125,-0.187203,0.056473,-0.271281,0.145784,0.589508,0.098036
0.599249,0.472178,-0.355537,-2.344389,0.209185,0.402144,0.227050,2.417751,0.257030
0.587645,0.556944,0.889963,-6.190199,0.519134,1.144379,0.620542,6.278597,1.964176
0.567235,0.374047,1.569553,-5.427534,0.504728,1.102274,0.669199,5.662290,1.917586
0.536504,-0.947238,-1.891624,1.330847,0.062780,0.439744,0.070551,2.499331,0.202294
0.499203,-1.932852,-4.745188,4.868720,-0.248078,0.096485,-0.339139,7.068038,0.185867
0.455210,-1.162706,-1.686998,1.514654,-0.212587,0.189082,-0.224274,2.547945,0.131244
0.409758,-0.506922,1.079904,-0.345025,-0.203752,0.061980,-0.314923,1.241855,0.144533
0.374443,-1.167071,-0.669019,2.385834,-0.268280,-0.284842,-0.556883,2.738950,0.463228
0.349450,-1.227848,0.692199,2.775733,-0.126903,-0.322742,-0.171978,3.113108,0.149843
0.327097,-0.287241,5.320651,-0.209524,0.097686,-0.134525,0.369714,5.332517,0.164328
0.301434,0.108829,2.699844,-0.833522,0.171199,-0.082166,0.155470,2.827678,0.060231
0.263485,0.522363,-3.868068,0.239962,0.214759,-0.047774,-0.245821,3.910549,0.108832
0.213647,1.507276,-2.353748,-0.730691,0.254351,0.040485,-0.092422,2.888931,0.074875
0.173119,1.250184,2.356342,-1.384598,0.119980,-0.065467,0.044542,3.005398,0.020665
0.160321,-0.229218,0.380119,0.144080,-0.057411,-0.267010,-0.233537,0.466680,0.129130
0.172256,-0.569407,-2.537176,0.512852,-0.053905,-0.232125,-0.362165,2.650378,0.187951
0.194868,0.237364,-0.293263,-1.031415,-0.004790,-0.043488,-0.171621,1.098254,0.031368
0.215087,0.457006,1.607610,-1.437271,-0.093599,0.048374,-0.088969,2.204317,0.019016
0.228700,0.026702,0.212318,-0.255287,-0.213807,0.042947,-0.163063,0.333112,0.074147
0.243121,-0.261113,-0.702038,0.823875,-0.210674,-0.011193,-0.172461,1.113466,0.074252
0.266082,-0.212367,-0.226753,1.209879,-0.113098,-0.111072,-0.142539,1.249129,0.045446
0.295395,0.073495,-0.004948,0.637137,-0.024450,-0.142299,-0.150220,0.641381,0.043413
0.320125,0.204182,0.200276,-0.681459,0.041923,-0.031828,-0.133958,0.739045,0.020715
0.329217,-0.035199,0.582350,-1.066096,0.134341,0.036761,-0.065688,1.215291,0.023714
0.328357,-0.136014,0.278738,0.128117,0.216912,-0.108285,0.005742,0.335572,0.058809
0.340025,0.211760,-0.258056,0.762666,0.187123,-0.276905,0.082709,0.832523,0.118532
0.370786,0.665652,0.392181,-0.509580,0.042297,-0.200513,0.191718,0.925511,0.078750
0.399148,0.793342,1.385753,-1.572233,-0.101457,0.017311,0.239379,2.240897,0.067895
0.410806,0.244087,0.333342,-0.690752,-0.138285,0.108708,0.132902,0.804881,0.048603
0.418163,-0.560597,-1.776860,0.649156,-0.064877,-0.001978,0.021720,1.973044,0.004685
0.435024,-0.364666,-1.606261,1.296941,0.020331,-0.264216,0.075359,2.096452,0.075902
0.455846,0.751493,0.313596,1.476662,0.052456,-0.457708,0.182675,1.686302,0.245618
0.463604,1.172359,1.131830,-0.162631,0.103670,-0.196794,0.239781,1.637655,0.106970
0.446911,0.581808,1.085771,-3.529092,0.220732,0.477087,0.346195,3.737899,0.396186
0.414530,0.201239,1.315277,-4.513260,0.316793,0.981649,0.507285,4.705313,1.321331
0.391386,0.339836,1.054753,-1.874617,0.344262,1.016730,0.590759,2.177655,1.501252
0.384272,-0.091921,-0.398291,0.933104,0.288262,0.741483,0.439250,1.018709,0.825833
0.364759,-1.669696,-2.782854,2.813806,0.050921,0.256322,-0.091477,4.295307,0.076662
0.313804,-2.780544,-4.053452,3.847180,-0.275483,-0.228945,-0.688879,6.242010,0.602861
0.257063,-1.386970,-1.281112,1.831524,-0.338644,-0.289020,-0.653125,2.630478,0.624785
0.220728,1.132622,3.248981,-1.546686,-0.085324,0.023896,-0.037017,3.772393,0.009221
0.193232,1.449265,3.391847,-1.137500,0.117913,0.181873,0.298989,3.859910,0.136376
0.164390,-0.219146,-0.271644,2.065228,0.100331,0.022126,0.106929,2.094512,0.021990
0.149741,-0.975157,-1.630894,3.065755,0.038911,-0.202328,-0.090923,3.606882,0.050718
0.152235,-0.520988,-0.295577,1.698288,0.025783,-0.351955,-0.142686,1.800827,0.144896
0.153367,-0.375985,-0.172487,0.412800,0.008599,-0.387576,-0.257621,0.584397,0.216658
0.149087,-0.177679,-0.693828,-0.713542,0.003887,-0.239862,-0.308512,1.010994,0.152729
0.149358,0.774871,0.478727,-1.795288,0.029905,-0.002174,-0.138929,2.013123,0.020200
0.152417,1.275007,1.586487,-1.744525,0.034823,0.119170,0.024061,2.680662,0.015993
0.152975,0.527874,0.658455,-0.638550,0.015336,0.104214,0.005812,1.058282,0.011130
0.156421,-0.331822,-0.640205,0.242058,0.007342,0.078148,-0.064286,0.760632,0.010294
0.164647,-0.479632,-0.712724,0.468548,-0.013508,0.051666,-0.113381,0.978550,0.015707
0.170323,-0.428111,-0.379879,0.638762,-0.084778,-0.054800,-0.237417,0.857674,0.066557
0.174147,-0.527428,-0.464118,1.020552,-0.193310,-0.202697,-0.413875,1.238996,0.249747
0.185015,-0.419215,-0.517473,0.983812,-0.287944,-0.246963,-0.436947,1.188026,0.334825
0.202295,0.157963,0.150213,0.041762,-0.289056,-0.145571,-0.232868,0.221947,0.158972
0.218802,0.817227,1.223068,-1.011471,-0.166967,-0.015296,-0.028248,1.785169,0.028910
0.235577,0.843393,1.366961,-1.096155,-0.023297,0.032485,0.003894,1.944595,0.001613
0.257255,0.315476,0.421219,-0.426448,0.043757,-0.022694,0.008881,0.677354,0.002509
0.282115,0.150637,-0.054641,0.311993,0.073499,-0.159790,0.084673,0.350737,0.038104
0.304583,0.439684,0.210943,0.913097,0.109112,-0.287874,0.089442,1.035164,0.102777
0.320303,0.347532,0.026552,0.770885,0.101713,-0.264938,0.029043,0.846018,0.081381
0.330898,-0.049077,-0.238615,-0.386810,0.031155,-0.093897,0.053412,0.457130,0.012640
0.343029,0.065769,0.339385,-1.098824,-0.061751,0.068222,0.084004,1.151921,0.015524
0.358472,0.450189,0.775132,-0.474508,-0.155591,0.148135,0.010051,1.014228,0.046254
0.377858,0.251428,0.200210,0.162710,-0.222671,0.166399,-0.052733,0.360242,0.080052
0.408069,-0.295593,-0.507988,0.251749,-0.194905,0.077906,-0.054069,0.639378,0.046981
0.443485,-0.394886,-0.724385,0.712129,-0.048885,-0.120576,-0.072324,1.089861,0.022159
0.462662,-0.124794,-0.536351,0.903772,0.109372,-0.254963,-0.044932,1.058324,0.078987
0.463796,0.119485,0.251683,-0.169125,0.114465,-0.187779,0.088177,0.325921,0.056138
0.467734,0.377083,0.971293,-0.937839,-0.050041,-0.022582,0.178387,1.401836,0.034836
0.480100,0.361627,0.238513,-0.168189,-0.188676,0.039448,0.132248,0.464704,0.054644
0.490964,-0.162877,-1.148194,0.693311,-0.140574,-0.081079,0.074195,1.351132,0.031840
0.502819,-0.367218,-1.010425,0.737537,0.015523,-0.265073,0.082722,1.303752,0.077348
0.519518,0.099536,0.193888,0.365602,0.111041,-0.273274,0.085031,0.425635,0.094239
0.521233,0.249958,0.554349,-0.775716,0.119418,-0.016224,0.090185,0.985656,0.022657
0.487422,-0.013194,0.486668,-2.066232,0.105644,0.288598,0.196282,2.122813,0.132976
0.436145,0.110876,0.784420,-1.356291,0.051915,0.368284,0.317245,1.570711,0.238973
0.407222,0.093653,0.229545,1.100801,-0.087881,0.168376,0.243092,1.128373,0.095167
0.412294,-0.665909,-1.279227,2.615636,-0.237821,-0.169473,-0.006035,2.986873,0.085316
0.432237,-1.007442,-1.640664,2.025816,-0.293117,-0.402343,-0.178912,2.794754,0.279807
0.454479,-0.143379,-0.209007,0.096824,-0.282519,-0.341581,-0.120841,0.271323,0.211097
0.480137,0.875253,1.402402,-1.825425,-0.282915,-0.072354,0.067191,2.462717,0.089791
0.502185,0.980979,1.713953,-2.104182,-0.279465,0.152910,0.142316,2.885747,0.121736
0.508905,0.132238,0.414716,-0.613214,-0.209251,0.223031,-0.013960,0.752002,0.093724
0.505081,-1.029794,-1.308319,0.686400,-0.048235,0.145775,-0.215799,1.800922,0.070146
0.503083,-1.332138,-1.473440,0.863224,0.145572,-0.075748,-0.207888,2.165819,0.070146
0.503031,-0.263354,0.065304,0.790406,0.235811,-0.319856,-0.021880,0.835680,0.158393
0.505590,1.043201,1.461312,0.483754,0.155800,-0.377181,0.145563,1.859494,0.187728
0.521871,1.432231,1.748538,-0.519008,0.006607,-0.217085,0.232702,2.319060,0.101320
0.549704,1.041846,1.241210,-1.236399,-0.105259,0.014904,0.241682,2.038315,0.069712
0.570375,0.253761,0.107668,-0.778351,-0.171038,0.188077,0.130726,0.825722,0.081716
0.578663,-0.652543,-1.154931,0.254446,-0.175002,0.204059,-0.043576,1.350711,0.074165
0.585286,-0.929539,-1.492304,1.049878,-0.095393,0.027413,-0.123180,2.047745,0.025025
0.594746,-0.292584,-0.660685,1.210695,0.015447,-0.203659,-0.059960,1.409926,0.045311
0.604419,0.429810,0.446235,0.672050,0.086853,-0.293467,0.044713,0.914064,0.095666
0.612917,0.574837,0.942937,0.016648,0.089747,-0.215163,0.099768,1.104466,0.064303
0.620788,0.334010,0.751728,-0.283372,0.018353,-0.068476,0.094306,0.870033,0.013919
0.633570,-0.014122,0.213962,-0.574286,-0.096870,0.097999,0.046666,0.613012,0.021165
0.656555,-0.346170,-0.537521,-0.861511,-0.186461,0.241486,-0.018348,1.072830,0.093420
0.682511,-0.387080,-1.188560,-0.326744,-0.206864,0.226110,-0.070379,1.292001,0.098872
0.698897,0.017877,-1.008122,0.818148,-0.161612,0.019428,-0.069847,1.298459,0.031374
0.703278,0.588009,0.032881,0.981343,-0.060732,-0.140363,0.038841,1.144495,0.024899
0.701166,0.828319,0.855313,-0.071728,0.054598,-0.057247,0.224887,1.192819,0.056832
0.698276,0.421730,0.665146,-0.539015,0.087514,0.099806,0.307226,0.954365,0.112008
0.698239,-0.411486,-0.202295,0.484122,0.003401,0.066113,0.176826,0.666797,0.035650
0.700247,-0.974373,-0.933474,1.748460,-0.098465,-0.107663,-0.034419,2.208594,0.022471
0.702087,-0.841215,-0.922329,1.762110,-0.130569,-0.176529,-0.159596,2.159483,0.073682
0.705311,-0.353354,-0.225527,0.524376,-0.119966,-0.089691,-0.187705,0.671336,0.057669
0.710381,-0.122917,0.273468,-0.528054,-0.113380,-0.012138,-0.185721,0.607235,0.047495
0.713632,-0.239656,0.028717,-0.336773,-0.111563,-0.023243,-0.186706,0.414338,0.047846
0.714785,-0.198253,-0.183882,0.305090,-0.097170,-0.050219,-0.148084,0.407672,0.033893
0.717098,0.271435,0.313099,0.337015,-0.040482,-0.094560,-0.025553,0.534123,0.011233
0.719505,0.653183,0.816655,0.222876,0.059833,-0.219637,0.081592,1.069227,0.058478
0.719711,0.433905,0.575130,0.442660,0.119920,-0.305887,0.051185,0.845574,0.110568
0.720298,-0.129186,-0.147023,0.206795,0.057245,-0.159456,-0.022836,0.284726,0.029225
0.723394,-0.567045,-0.864481,-0.783703,-0.083340,0.140093,0.000144,1.297327,0.026572
0.727812,-0.658023,-1.181653,-1.272721,-0.179192,0.298667,0.040596,1.857180,0.122960
0.733931,-0.221354,-0.650921,-0.315752,-0.173128,0.178743,-0.014462,0.756568,0.062132
0.741437,0.557638,0.470465,1.062520,-0.105434,-0.070794,-0.062438,1.288893,0.020027
0.745741,1.001874,1.217597,1.028275,-0.030989,-0.193061,0.037735,1.882457,0.039657
0.744576,0.752830,1.164440,-0.500866,0.025352,-0.095331,0.196082,1.474293,0.048179
0.741659,0.087561,0.594968,-1.335922,0.031039,0.023599,0.203756,1.465040,0.043037
0.741121,-0.516609,-0.166436,-0.069603,-0.039524,-0.037599,0.041388,0.547202,0.004689
0.744380,-0.758901,-0.713420,1.288961,-0.132815,-0.135315,-0.119663,1.657202,0.050269
0.750130,-0.653056,-0.649693,0.424644,-0.157910,-0.070701,-0.161645,1.014350,0.056063
0.754511,-0.151804,0.064443,-0.870636,-0.095514,-0.026848,-0.081476,0.886118,0.016482
0.755772,0.688561,0.944245,0.021639,-0.001278,-0.218081,0.060604,1.168838,0.051234
0.756385,0.934426,0.934443,1.149215,0.042218,-0.404554,0.142704,1.751294,0.185811
0.756790,0.181855,0.076987,-0.171385,-0.020397,-0.276216,0.125018,0.261479,0.092341
0.756059,-0.143858,0.209891,-1.770584,-0.135350,0.016280,0.111927,1.788775,0.031112
0.759044,0.398414,1.078341,-0.852555,-0.203329,0.128573,0.094167,1.431224,0.066741
0.766690,0.219562,0.067886,0.954814,-0.230159,0.010691,-0.033590,0.982082,0.054216
0.767923,-0.591128,-1.760635,1.287404,-0.235027,-0.166316,-0.153552,2.259796,0.106477
0.761475,-0.498649,-1.316753,0.864898,-0.141322,-0.336022,-0.137121,1.652434,0.151685
0.757636,-0.147136,-0.183034,0.948357,0.054636,-0.511730,-0.127007,0.977001,0.280983
0.745714,-0.473771,-0.286429,0.761540,0.257429,-0.554128,-0.131452,0.941511,0.390607
0.713013,-0.503064,0.599090,-0.832691,0.439354,-0.262146,-0.015406,1.142522,0.261990
0.672434,-0.509563,1.796714,-2.963636,0.561311,0.322302,-0.033899,3.502995,0.420098
0.606385,-1.352877,0.142915,-3.709659,0.562835,0.911359,-0.309504,3.951237,1.243151
0.481169,-0.606269,-1.001538,-2.892941,0.547603,1.253231,-0.267255,3.120857,1.941882
0.361635,2.971516,2.011053,-2.094448,0.572310,1.386091,0.310649,4.154630,2.345290
0.331326,5.016782,4.163598,-2.230349,0.472649,1.634164,0.832766,6.890436,3.587388
0.315908,2.682970,2.165402,-2.761018,0.272790,2.144015,0.985270,4.417071,5.641972
0.208252,-1.062185,-0.079887,-2.492027,0.211557,2.483284,0.743073,2.710132,6.763613
0.069856,-3.597879,-2.108644,-0.500953,0.247545,2.154403,-0.032395,4.200246,4.703780
0.007467,-4.235229,-4.876624,2.501471,0.209056,1.318149,-0.732696,6.926470,2.318065
0.003737,-1.985489,-3.675539,4.413038,0.174628,0.511088,-0.499164,6.076731,0.540871
0.001123,0.748317,1.001434,3.864369,0.190757,0.068966,0.089971,4.061551,0.049239
-0.002535,-0.277049,1.493352,1.062604,0.124523,0.087449,0.054362,1.853641,0.026109
0.000582,-2.913047,-1.120778,-1.594140,-0.016405,0.296616,-0.143031,3.504749,0.108708
0.001126,-2.177218,0.110803,-0.471062,-0.106203,0.149441,0.205421,2.230349,0.075809
-0.000936,0.369860,2.975125,3.519820,-0.124556,-0.358889,0.603195,4.623559,0.508160
-0.000093,0.748649,1.927006,4.758822,-0.107027,-0.649458,0.434625,5.188469,0.622149
0.000631,-0.008069,-1.152350,2.397265,-0.107313,-0.604449,-0.043081,2.659860,0.378731
-0.000458,0.247843,-2.258618,1.155020,-0.183063,-0.627150,-0.360108,2.548892,0.556507
-0.000086,0.513124,-1.182225,1.849996,-0.265788,-0.772696,-0.435933,2.254648,0.857740
0.000654,-0.050783,0.440581,1.454372,-0.257442,-0.790809,-0.401697,1.520490,0.853016
-0.000663,-0.350718,1.289891,-0.089964,-0.240623,-0.661987,-0.269754,1.339745,0.568893
-0.000492,0.195150,1.839535,-1.220090,-0.313046,-0.493229,0.102388,2.215986,0.351756
0.002321,0.869105,2.988097,-1.953118,-0.370674,-0.349986,0.596549,3.674063,0.615760
0.002338,0.858397,2.423730,-1.862398,-0.317829,-0.320665,0.724616,3.174876,0.728910
0.000834,0.034003,-1.243149,-0.512464,-0.277947,-0.350003,0.361486,1.345063,0.330429
0.006404,-0.991487,-3.469697,0.464804,-0.366174,-0.280285,-0.025026,3.638391,0.213269
0.021880,-1.410154,-1.534508,0.372071,-0.445074,-0.209835,-0.182536,2.116999,0.275441
0.046796,-0.832126,0.308962,0.520414,-0.343065,-0.260846,-0.253537,1.028942,0.250015
0.077589,0.364662,-0.094920,0.312135,-0.163355,-0.178782,-0.188505,0.489302,0.094182
0.099788,1.145018,0.246499,-1.324456,-0.108004,0.174267,0.102632,1.768053,0.052567
0.107695,0.841138,1.399468,-2.018793,-0.161866,0.398689,0.326177,2.596449,0.291545
0.118234,-0.181941,0.565625,-0.156385,-0.202471,0.208230,0.214660,0.614403,0.130433
0.139499,-1.095400,-1.390845,1.441244,-0.196009,-0.108118,-0.054615,2.282879,0.053092
0.157848,-1.131055,-1.539582,0.775587,-0.138092,-0.225387,-0.189136,2.061828,0.105641
0.166661,-0.191522,-0.026999,-0.452906,-0.045897,-0.165147,-0.152860,0.492477,0.052746
0.171510,0.634528,0.909335,-0.974163,-0.001719,-0.036446,-0.070758,1.475977,0.006338
0.177508,0.475285,0.604007,-0.979291,-0.036634,0.067130,-0.029273,1.244882,0.006705
0.193976,-0.168795,-0.088754,-0.047439,-0.094484,-0.003244,-0.087341,0.196518,0.016566
0.224265,-0.702196,-0.824527,1.425567,-0.148177,-0.217008,-0.267363,1.790298,0.140532
0.252723,-0.829718,-1.185062,1.481685,-0.199997,-0.281392,-0.398429,2.070796,0.277926
0.273727,-0.062629,-0.157212,-0.111788,-0.224487,-0.091268,-0.276932,0.202817,0.135416
0.305973,0.905260,1.286106,-1.093425,-0.202221,0.070164,-0.062806,1.915501,0.049761
0.351797,0.585115,0.800601,-0.411317,-0.117864,0.024358,-0.058255,1.073547,0.017879
0.382736,-0.457878,-0.736058,0.357771,0.047836,-0.043476,-0.181749,0.937781,0.037211
0.377900,-0.561625,-0.644653,0.155900,0.218325,-0.026727,-0.200097,0.869083,0.088419
0.348257,-0.034525,0.303992,0.071432,0.261861,-0.070700,-0.166236,0.314175,0.101204
0.330480,0.113384,0.163538,0.591184,0.203613,-0.191102,-0.132127,0.623778,0.095436
0.356096,0.423343,0.143609,0.636147,0.150234,-0.270639,0.041392,0.777513,0.097529
0.406923,1.268463,1.042660,0.233321,0.067989,-0.309828,0.264301,1.658486,0.170471
0.432782,1.456450,0.785426,-0.134280,-0.057610,-0.216003,0.299076,1.660172,0.139423
0.423409,0.572931,-0.456218,-1.499654,-0.102355,0.172752,0.274944,1.668936,0.115914
0.407766,-0.139996,-0.122922,-2.947821,-0.088589,0.555594,0.340172,2.953702,0.432250
0.397195,-0.564182,0.456596,-1.239000,-0.164684,0.455868,0.183907,1.435933,0.268758
0.391000,-1.734810,-1.451063,2.201280,-0.253912,0.093750,-0.322983,3.156071,0.177578
0.399695,-2.594408,-3.109027,2.309553,-0.204332,0.030634,-0.668946,4.661656,0.490179
0.417945,-1.229832,-0.959734,-0.303571,-0.109047,0.183207,-0.501590,1.589255,0.297049
0.426325,0.992849,2.101877,-0.909584,-0.084858,0.144976,-0.187890,2.496193,0.063522
0.430259,1.263318,1.811242,0.345802,-0.052427,-0.001094,-0.138325,2.235207,0.021884
0.443328,0.065683,-0.266651,0.276394,0.052984,-0.061252,-0.167148,0.389629,0.034498
0.454561,-0.272522,-0.621145,-0.357016,0.187066,-0.266114,0.026720,0.766518,0.106524
0.454039,0.180542,0.049936,0.628934,0.321413,-0.682078,0.230486,0.656237,0.621661
0.449648,-0.025939,-0.423428,1.383774,0.389140,-0.816064,0.153453,1.447341,0.840938
0.441463,-0.530923,-0.959313,-0.581479,0.251689,-0.408123,0.008285,1.241080,0.229980
0.427190,-0.095947,0.219735,-3.043032,-0.063627,0.103227,0.060962,3.052463,0.018421
0.424989,0.766292,1.649566,-2.666072,-0.295639,0.289151,0.151407,3.227416,0.193935
0.446739,0.524792,1.102648,-0.462821,-0.270126,0.191705,0.078610,1.305926,0.115898
0.474493,-0.701486,-0.712515,1.020756,-0.077138,-0.056974,-0.056462,1.428882,0.012384
0.492809,-1.236179,-1.650885,1.633296,0.123661,-0.379353,-0.083261,2.630820,0.166133
0.502633,-0.446384,-1.092929,1.536157,0.234801,-0.534421,0.002041,1.937403,0.340741
0.494193,0.664730,0.152837,0.016140,0.200278,-0.314460,0.118947,0.682265,0.153145
0.460412,1.251164,1.193751,-2.105310,0.077758,0.113337,0.257257,2.724478,0.085073
0.427267,1.164489,1.396479,-2.657520,0.013327,0.379673,0.403779,3.220031,0.307367
0.419911,0.350126,0.525668,-1.065630,0.028550,0.339830,0.421605,1.238742,0.294050
0.426600,-0.753640,-0.758537,0.845760,0.019743,0.173404,0.244133,1.363327,0.090060
0.429183,-1.172523,-1.279859,1.229478,-0.032563,0.092941,0.054318,2.127079,0.012649
0.429329,-0.647448,-0.705046,0.476849,-0.059057,0.085348,0.028850,1.069422,0.011604
0.430777,0.022997,0.113234,0.142653,-0.048825,0.030328,0.091731,0.183577,0.011718
0.431315,0.119653,0.303845,0.498894,-0.042457,-0.066748,0.092686,0.596267,0.014849
0.432176,-0.261472,-0.135190,0.700134,-0.047623,-0.128003,0.019915,0.759494,0.019049
0.435291,-0.583654,-0.629025,0.409756,-0.054846,-0.150363,-0.064029,0.950907,0.029717
0.437849,-0.507712,-0.683306,-0.084131,-0.063315,-0.146175,-0.115611,0.855428,0.038742
0.437293,-0.102739,-0.182521,-0.551621,-0.053828,-0.088801,-0.106447,0.590047,0.022114
0.435917,0.284246,0.470751,-0.745318,-0.018761,-0.020394,-0.059616,0.926230,0.004322
0.436435,0.308330,0.563376,-0.337747,0.002265,-0.036450,-0.046240,0.725626,0.003472
0.437334,0.058801,0.056048,0.298861,0.001150,-0.106651,-0.067370,0.309704,0.015914
0.437767,-0.075686,-0.251099,0.167776,0.022006,-0.103229,-0.081506,0.311332,0.017784
0.439307,-0.209948,-0.219299,-0.546175,0.035464,-0.024942,-0.150099,0.624882,0.024410
0.440025,-0.619168,-0.480067,-0.378687,-0.040606,0.006531,-0.303261,0.870194,0.093659
0.441313,-0.680197,-0.667518,0.650742,-0.159618,-0.025972,-0.372505,1.153999,0.164912
0.453900,0.106964,0.057453,0.750869,-0.185423,-0.020569,-0.255606,0.760622,0.100139
0.478988,0.807557,0.991242,-0.282807,-0.094740,0.008247,-0.098036,1.309461,0.018655
0.501384,0.634863,0.955312,-0.577257,0.037217,-0.089546,-0.008629,1.284094,0.009478
0.512977,0.245625,0.360548,0.409239,0.158215,-0.308187,0.044993,0.598166,0.122036
0.518471,0.187898,0.159500,1.040803,0.203037,-0.423981,0.053611,1.069587,0.223858
0.520181,0.079046,0.127815,0.338059,0.099336,-0.302171,0.016686,0.369958,0.101453
0.519820,-0.257738,-0.290312,-0.884584,-0.070955,-0.018910,0.001193,0.966022,0.005394
0.522838,-0.471643,-0.628188,-1.642593,-0.120606,0.263127,-0.009966,1.820763,0.083881
0.530714,-0.338801,-0.355799,-1.374671,-0.042100,0.319752,-0.068617,1.459829,0.108722
0.542160,0.116720,0.005949,-0.005251,0.013380,0.072124,-0.064639,0.116989,0.009559
0.555077,0.805599,0.388526,0.740658,0.029878,-0.128833,0.157793,1.161256,0.042389
0.561612,1.230928,1.363894,-0.667881,0.069968,0.017111,0.466035,1.954854,0.222377
0.559444,0.414901,1.487774,-1.570439,0.044551,0.159156,0.464207,2.202701,0.242804
0.561352,-1.474205,-0.771893,0.722714,-0.111874,-0.079018,0.047248,1.814226,0.020992
0.574671,-2.279744,-2.631986,2.642811,-0.256110,-0.351770,-0.348398,4.371388,0.310716
0.589215,-0.898177,-1.152389,0.550538,-0.271345,-0.250698,-0.368476,1.561350,0.272252
0.598222,0.695780,1.121720,-2.025584,-0.200213,-0.022600,-0.200477,2.417717,0.080787
0.607466,0.840038,1.195822,-1.388225,-0.082634,-0.018644,-0.098683,2.015644,0.016914
0.615538,0.429182,0.545289,0.133937,0.049331,-0.168686,-0.008535,0.706736,0.030961
0.610933,0.346518,0.597055,0.293095,0.107582,-0.281733,0.120444,0.749969,0.105454
0.597703,0.391891,0.425966,-0.002323,0.084091,-0.190778,0.186934,0.578819,0.078412
0.590725,0.504008,0.278848,-1.034582,0.065623,0.249605,0.150293,1.184120,0.089197
0.575894,0.283715,0.760328,-2.610445,0.034919,0.733244,0.027322,2.733682,0.539613
0.529295,-0.736380,0.193091,-1.080977,-0.078584,0.662599,-0.171285,1.322139,0.474551
0.480208,-1.518894,-1.755707,3.358235,-0.166136,0.138970,-0.328395,4.082559,0.154757
0.478767,-0.872260,-1.903281,4.038329,-0.086716,-0.146940,-0.304603,4.548782,0.121894
0.511596,0.535436,0.548137,-0.101939,0.047343,-0.066276,-0.128616,0.773005,0.023176
0.529954,1.532408,2.034279,-2.044484,0.076019,0.002790,0.131821,3.265958,0.023163
0.530094,1.902719,1.504104,-0.312991,0.061477,-0.007748,0.439871,2.445533,0.197326
0.538298,1.419079,1.205555,0.251444,0.042154,-0.041312,0.544503,1.878928,0.299967
0.558021,-0.324116,0.452034,-0.137213,-0.103981,-0.203376,0.168572,0.572899,0.080590
0.577584,-2.264377,-2.033735,1.071292,-0.318590,-0.366428,-0.406349,3.226631,0.400889
0.594670,-2.245859,-2.938204,1.439748,-0.355678,-0.290624,-0.582304,3.968602,0.550047
0.609937,-0.204823,-0.247720,-0.543910,-0.202087,-0.105163,-0.317175,0.631788,0.152498
0.619388,1.168730,1.984826,-1.736943,-0.050948,-0.035572,-0.091135,2.884863,0.012167
0.620449,0.423129,1.011950,-0.954109,0.043330,-0.048508,-0.098736,1.453755,0.013979
0.615430,-0.509244,-0.208713,-0.258837,0.112308,-0.081092,-0.095660,0.608183,0.028340
0.610048,0.066387,0.452604,-0.157645,0.105473,-0.131183,0.063748,0.483849,0.032397
0.608640,0.812783,0.928614,0.094672,0.017718,-0.128402,0.203439,1.237701,0.058188
0.609447,0.223672,-0.113541,0.272491,-0.048617,-0.078151,0.136372,0.370367,0.027069
0.609481,-0.764052,-1.142897,0.365966,-0.032971,-0.108894,-0.039975,1.422645,0.014543
0.606774,-0.840936,-1.131836,0.777740,0.034044,-0.216734,-0.089702,1.610312,0.056179
0.591793,-0.273566,-0.645953,0.740629,0.096401,-0.228772,0.009905,1.020110,0.061728
0.556127,0.372375,0.140381,-0.658161,0.113734,-0.040140,0.126089,0.769120,0.030445
0.516341,1.117888,1.479323,-2.196060,0.090765,0.246500,0.285498,2.874152,0.150510
0.502924,1.477417,2.329235,-1.798373,0.050407,0.418921,0.504444,3.292756,0.432499
0.520310,0.460090,0.896073,0.090648,-0.041528,0.433308,0.480789,1.011359,0.420638
0.544857,-1.514729,-2.161403,1.231727,-0.234909,0.441159,0.020787,2.912596,0.250236
0.562686,-2.430581,-3.384722,1.333583,-0.454700,0.411370,-0.499550,4.375215,0.625528
0.580560,-1.470868,-1.623040,1.526325,-0.509219,0.167809,-0.658068,2.669715,0.720517
0.600161,-0.077722,0.110345,1.307686,-0.323738,-0.118055,-0.534522,1.314633,0.404457
0.610782,0.674617,0.503462,-0.163259,-0.070866,-0.161296,-0.317778,0.857459,0.132021
0.610452,1.048685,1.502959,-1.543656,0.086973,-0.179778,-0.013405,2.396143,0.040064
0.608870,0.805702,2.344282,-0.951684,0.229809,-0.506885,0.217405,2.655281,0.357010
0.604865,-0.221473,0.649489,1.028060,0.418389,-0.899057,0.164465,1.236039,1.010402
0.586829,-0.753948,-1.328520,1.536075,0.466269,-0.881662,0.011307,2.166317,0.994863
0.559222,-0.245228,-0.660611,-0.840411,0.259868,-0.392253,0.028449,1.096738,0.222203
0.540012,0.098414,0.581602,-3.668484,-0.010416,0.271448,0.121756,3.715605,0.088617
0.533728,-0.147383,0.341112,-3.678681,-0.140487,0.725258,0.113009,3.697401,0.558507
0.533531,-0.499121,-0.318022,-0.816397,-0.125142,0.686326,-0.001972,1.008347,0.486708
0.535207,-1.025228,-1.102278,2.067730,-0.046168,0.271382,-0.173368,2.557658,0.105836
0.529589,-1.099070,-1.696482,2.561961,-0.008082,-0.068307,-0.261735,3.263380,0.073236
0.509957,0.038160,-0.500937,1.017272,-0.087845,-0.095452,-0.148177,1.134564,0.038784
0.497536,0.805070,1.195628,-0.710886,-0.194831,0.055256,-0.013849,1.607179,0.041204
0.521284,0.047248,0.749832,-1.428368,-0.180899,0.170236,-0.035469,1.613913,0.062963
0.570545,-0.082786,-0.341374,-0.396784,-0.121154,0.051592,-0.064514,0.529931,0.021502
0.607686,1.475969,0.320625,1.690252,-0.158644,-0.297848,0.009151,2.266768,0.113965
0.619283,2.319370,1.444766,1.523923,-0.136139,-0.393973,0.145485,3.128765,0.194914
0.618275,1.298323,1.302391,-1.819222,0.129743,0.136214,0.382441,2.586781,0.181649
0.611591,-0.102507,0.145381,-3.459020,0.369628,0.763038,0.569521,3.463591,1.043206
0.597277,-1.081764,-1.510858,-0.289353,0.266859,0.767863,0.397859,1.880593,0.819119
0.581876,-1.669146,-2.700811,3.251385,0.031244,0.371610,0.014990,4.544440,0.139295
0.575623,-1.588710,-2.124271,2.593373,-0.019861,0.198883,-0.186542,3.709732,0.074747
0.571052,-1.037364,-0.416376,0.061983,0.043875,0.232615,-0.228352,1.119524,0.108179
0.550476,-0.319557,0.850826,-0.228671,0.091179,0.123828,-0.239762,0.937183,0.081133
0.519735,0.726685,1.777026,1.122470,0.153896,-0.093706,-0.057980,2.223923,0.035826
0.499541,1.490803,2.450368,1.238433,0.182766,-0.157569,0.266873,3.124182,0.129453
0.483732,0.813525,1.256735,-0.126919,0.089750,-0.026783,0.272266,1.502436,0.082901
0.452505,-0.878462,-1.574074,-0.876663,-0.027836,0.082829,-0.118049,2.004481,0.021571
0.408288,-1.759561,-2.544418,0.086965,-0.033381,-0.016972,-0.349790,3.094783,0.123755
0.352119,-1.127138,-0.814083,1.310026,0.030311,-0.219115,-0.184000,1.910324,0.082786
0.270805,0.042555,0.241646,0.735097,0.057917,-0.225445,0.040475,0.774965,0.055818
0.184791,0.738314,0.309797,-1.212758,0.063717,0.021489,0.213560,1.453225,0.050130
0.141564,0.507909,1.824672,-1.941055,0.109680,0.218857,0.408748,2.712028,0.227003
0.141306,-0.392553,2.612798,-0.508972,0.179528,0.145815,0.384642,2.690699,0.201442
0.144539,-0.632137,0.336913,0.987268,0.213783,-0.054357,0.107071,1.219756,0.060122
0.149299,0.215349,-1.271412,0.986383,0.168823,-0.183973,-0.058324,1.623519,0.065749
0.177861,0.510894,-0.290515,0.549921,0.055631,-0.213145,-0.069921,0.804876,0.053415
0.211541,-0.218224,0.014459,0.329073,-0.021560,-0.111585,-0.116088,0.395120,0.026392
0.223813,-0.364922,-0.569092,-0.450940,0.008308,0.092137,-0.095369,0.812638,0.017653
0.235744,0.211262,0.127276,-0.951328,0.042967,0.171680,0.026943,0.982780,0.032046
0.267477,0.160489,0.584171,0.183463,-0.022269,0.036028,0.006497,0.632986,0.001836
0.299046,-0.468955,-0.641155,1.464162,-0.104360,-0.106811,-0.208798,1.665764,0.065896
0.320481,-0.700053,-1.385552,1.142223,-0.105525,-0.129466,-0.380239,1.927304,0.172479
0.341041,-0.262059,-0.211535,0.098398,-0.097696,-0.068221,-0.331453,0.350862,0.124060
0.348791,0.460220,1.276660,-0.630168,-0.149219,0.085656,-0.125371,1.496254,0.045321
0.338948,0.720621,1.167317,-0.904023,-0.165846,0.237010,0.024738,1.642918,0.084291
0.343980,0.194648,-0.269691,-0.256553,-0.083358,0.178637,0.005778,0.420048,0.038893
0.377979,-0.304732,-1.069290,0.838132,-0.004504,-0.023590,-0.069762,1.392375,0.005444
0.410592,-0.079197,-0.412855,0.995755,0.012957,-0.127658,-0.071133,1.080856,0.021524
0.422554,0.296840,0.377274,0.484177,0.058648,-0.177615,-0.020178,0.681819,0.035394
0.427030,0.211180,0.370576,0.482839,0.145410,-0.333874,0.026057,0.644249,0.133295
0.434375,0.067919,0.180773,0.589437,0.149751,-0.423606,0.064661,0.620264,0.206048
0.438552,0.126609,0.081034,-0.219922,0.035911,-0.190372,0.068915,0.266387,0.042280
0.434309,-0.015798,-0.291524,-1.335290,-0.095427,0.192180,0.020707,1.366834,0.046468
0.432192,-0.130728,-0.409037,-1.151072,-0.168860,0.342969,0.006130,1.228563,0.146179
0.449639,0.285350,0.207929,0.263501,-0.177860,0.231457,0.062654,0.440559,0.089132
0.481960,0.524944,0.475659,1.090753,-0.126918,0.061306,0.068661,1.300600,0.024581
0.505420,-0.035590,-0.271106,0.838033,-0.028285,-0.125021,-0.012935,0.881513,0.016598
0.516221,-0.439388,-0.719131,0.620577,0.065983,-0.298814,-0.050972,1.046579,0.096242
0.529686,0.038304,0.051378,0.385616,0.070103,-0.294472,0.008925,0.390905,0.091708
0.545019,0.582361,1.019112,-0.554240,-0.038244,-0.103324,0.105757,1.298043,0.023323
0.551396,0.368747,0.960589,-1.333626,-0.153429,0.065484,0.156636,1.684418,0.052363
0.553867,-0.450224,-0.198156,-0.904656,-0.163709,0.057708,0.062580,1.029743,0.034047
0.561926,-1.151689,-1.465880,0.317174,-0.066502,-0.123054,-0.108727,1.890976,0.031386
0.571785,-0.781908,-1.362113,1.363306,0.069473,-0.303858,-0.097622,2.079744,0.106686
0.574539,0.698239,0.257325,1.263251,0.134811,-0.236906,0.124439,1.466137,0.089784
0.566903,1.583756,1.362357,-0.307475,0.040653,0.056774,0.282004,2.111597,0.084402
0.554897,0.715815,0.614617,-1.553178,-0.146212,0.248844,0.236452,1.817280,0.139211
0.551553,-0.499617,-0.572705,-0.524385,-0.269358,0.170626,0.082330,0.923357,0.108445
0.562714,-0.554147,-0.681018,1.344511,-0.287218,-0.003126,-0.075235,1.605794,0.088164
0.580511,-0.131580,-0.223118,1.413753,-0.250418,-0.087542,-0.159053,1.437287,0.095671
0.595451,-0.153983,0.042777,0.048256,-0.168502,-0.070410,-0.144631,0.166941,0.054269
0.603624,-0.232048,0.266575,-0.807625,-0.038035,-0.017587,-0.108919,0.881571,0.013619
0.604376,-0.003789,0.546641,-0.576387,0.096019,-0.048694,-0.098744,0.794388,0.021341
0.601011,0.241409,0.795225,0.261018,0.175816,-0.223997,-0.053569,0.871086,0.083956
0.599079,0.339114,0.825705,0.833774,0.168626,-0.357530,0.057503,1.221461,0.159569
0.601471,0.379593,0.189133,0.471992,0.072202,-0.240509,0.153223,0.634538,0.086535
0.608029,0.341882,-0.706863,-0.357101,-0.065600,0.025505,0.154557,0.862589,0.028842
0.615779,0.032998,-0.763998,-0.844875,-0.149880,0.195093,0.088431,1.139559,0.068345
0.620308,-0.526771,-0.369642,-0.575978,-0.124587,0.157203,0.009361,0.863640,0.040322
0.621369,-0.817755,-0.582834,0.598293,-0.038174,-0.054942,-0.068565,1.168920,0.009177
0.622219,-0.486603,-0.749196,1.540653,0.030528,-0.267883,-0.086273,1.780924,0.080136
0.623264,0.193098,0.058143,0.745114,0.048101,-0.283777,0.023955,0.771921,0.083417
0.623173,0.874729,1.068698,-0.793716,-0.008235,-0.137495,0.169694,1.592875,0.047769
0.622579,1.083584,1.124990,-1.061055,-0.143634,-0.006635,0.188596,1.888278,0.056243
0.623395,0.308508,0.196225,-0.330945,-0.287135,0.063664,0.066664,0.493159,0.090944
0.629548,-0.789553,-0.861811,0.168295,-0.347354,0.093449,-0.111330,1.180862,0.141782
0.643881,-1.069916,-1.300147,0.365264,-0.297974,0.054573,-0.270218,1.722939,0.164784
0.659812,-0.750106,-0.989487,0.361931,-0.160508,-0.025730,-0.317438,1.293344,0.127192
0.665939,-0.450286,-0.096562,0.078121,0.007609,-0.091883,-0.233551,0.467102,0.063046
0.661184,-0.001993,0.806283,-0.031680,0.107203,-0.151057,-0.133754,0.806908,0.052201
0.656033,0.461737,0.921638,0.107211,0.084069,-0.175704,-0.056277,1.036394,0.041107
0.657896,0.478609,0.441678,-0.058584,-0.009605,-0.116631,0.057918,0.653895,0.017050
0.662470,0.214373,0.022454,-0.192770,-0.087902,-0.059679,0.119412,0.289172,0.025548
0.664620,-0.179046,-0.501155,0.272058,-0.091420,-0.108633,0.021011,0.597687,0.020600
0.668086,-0.729692,-1.019289,0.511633,-0.007811,-0.194237,-0.099232,1.353946,0.047636
0.670043,-0.794729,-0.798748,0.025507,0.077170,-0.232498,-0.092072,1.127051,0.068488
0.654954,-0.032686,-0.059245,-0.291813,0.070996,-0.234993,-0.016895,0.299555,0.060548
0.620571,0.704187,0.644970,-0.516477,0.057206,-0.122502,0.087722,1.085640,0.025974
0.573907,1.093383,1.569690,-1.193684,0.168530,0.159593,0.316170,2.254838,0.153836
0.500222,1.859654,2.461346,-1.074669,0.346165,0.392021,0.709046,3.266719,0.776257
0.398903,2.782730,2.632121,-0.104741,0.480033,0.456725,1.188797,3.831790,1.852268
0.322914,2.801489,2.542884,-0.750883,0.580538,0.611722,1.620316,3.857256,3.336652
0.294081,1.866292,2.412015,-2.602596,0.652916,0.988884,1.842396,4.009285,4.798614
0.240709,0.614806,1.333131,-2.725663,0.705813,1.415743,1.788197,3.095878,5.700149
0.121312,-0.811982,-0.240743,-1.654324,0.805633,1.739775,1.535207,1.858510,6.032722
0.014787,-2.527630,-1.175586,-0.567683,0.846553,1.696567,1.090471,2.844851,4.784119
-0.009417,-4.042967,-2.348750,2.343139,0.640032,1.017599,0.390665,5.229963,1.597768
0.007111,-4.211522,-4.019100,5.682461,0.347015,0.104590,-0.368049,8.135136,0.266819
0.008607,-2.862848,-4.168384,5.061467,0.252072,-0.325450,-0.843415,7.154703,0.880807
0.001526,-1.572466,-2.639020,2.121344,0.249522,-0.270685,-0.982427,3.733253,1.100694
0.001181,-1.150484,-1.224973,1.513055,0.149540,-0.173440,-0.923438,2.261307,0.905181
0.001003,-0.638674,0.112807,2.028275,0.100487,-0.093085,-0.730796,2.129443,0.552825
-0.000763,-0.020830,1.641961,0.997016,0.207887,0.071352,-0.501978,1.921070,0.300290
-0.000222,-0.281711,2.180280,0.180489,0.245935,0.175403,-0.327733,2.205801,0.198659
0.000408,-0.794971,1.994393,0.873277,0.077266,0.098054,-0.125098,2.317800,0.031234
-0.000030,-0.445487,2.266699,1.248159,-0.107173,-0.084124,0.139767,2.625697,0.038098
-0.000035,0.123852,2.418425,0.456830,-0.119242,-0.242331,0.324873,2.464308,0.178485
-0.000185,0.079189,1.967466,-0.729890,-0.028609,-0.238843,0.396500,2.099984,0.215077
-0.000032,-0.215137,1.480675,-1.666887,-0.036125,-0.062413,0.434693,2.239910,0.194158
0.000655,-0.501552,0.678883,-1.397375,-0.181174,0.007179,0.377586,1.632511,0.175447
-0.000481,-0.923194,-0.494193,0.073528,-0.222378,-0.263071,0.179429,1.049724,0.150853
-0.001207,-1.138282,-1.028930,0.572017,-0.009165,-0.630629,0.044679,1.637555,0.399773
0.002836,-0.817479,-0.563518,-0.994616,0.161965,-0.682718,0.119804,1.405377,0.506690
0.009823,-0.417460,0.594650,-2.984027,0.027599,-0.453619,0.167831,3.071205,0.234699
0.023655,-0.519409,1.055762,-3.684472,-0.184390,-0.343234,-0.038447,3.867784,0.153287
0.055437,-0.762137,-0.061968,-2.579943,-0.342969,-0.457158,-0.180007,2.690873,0.359024
0.096594,-0.174856,1.313529,-0.884573,-0.627829,-0.439931,0.112737,1.593236,0.600418
0.124189,1.061233,5.096949,-1.183827,-0.760404,-0.115235,0.362841,5.339153,0.723147
0.136500,1.357519,-0.978578,-2.326101,-0.336352,0.121220,-0.122576,2.865522,0.142852
0.144970,0.516616,-15.782772,0.198513,0.124725,-0.094803,-0.879386,15.792473,0.797864
0.147945,0.491234,-14.005059,4.428254,-0.056684,-0.467741,-0.927438,14.696681,1.082136
0.146008,1.441631,7.007599,3.676507,-0.499123,-0.528200,-0.465179,8.043721,0.744511
0.152524,1.191800,14.103690,-0.447597,-0.504254,-0.381503,-0.351671,14.161031,0.523489
0.168481,0.031549,-0.860455,-1.378798,-0.143437,-0.331433,-0.496312,1.625565,0.376748
0.180126,0.137711,-8.718324,-0.182037,0.104306,-0.223328,-0.349610,8.721312,0.182982
0.184724,0.854096,-1.575905,-1.034470,0.088512,0.109916,-0.113775,2.069561,0.032861
0.189906,0.537591,1.750790,-2.202137,0.024679,0.330281,-0.148062,2.864206,0.131617
0.197086,-0.177219,-1.281776,-0.972057,0.085408,0.177276,-0.256709,1.618410,0.104621
0.202757,-0.569563,-1.064426,0.946653,0.172914,-0.061733,-0.296173,1.534131,0.121429
0.203802,-0.777296,0.473305,1.254686,0.136978,-0.089976,-0.399034,1.549982,0.186087
0.201490,-0.390555,-0.287441,0.394685,0.020740,-0.005871,-0.495873,0.625245,0.246355
0.205352,0.522402,-0.207831,-0.218584,-0.027366,0.043000,-0.400495,0.603222,0.162994
0.219779,0.982012,1.058530,-0.277285,0.032236,0.080747,-0.161466,1.470279,0.033631
0.235101,0.666813,0.847023,-0.012795,0.067546,0.083440,-0.020574,1.078078,0.011948
0.246064,-0.102546,-0.546505,0.711558,-0.031963,-0.033041,-0.149645,0.903049,0.024507
0.259087,-1.021710,-1.600259,1.416523,-0.132647,-0.182549,-0.407278,2.368809,0.216795
0.275483,-1.365073,-1.595598,0.980599,-0.050878,-0.187901,-0.471661,2.317527,0.260359
0.289385,-0.453207,-0.120447,-0.290488,0.087750,-0.047212,-0.271783,0.551622,0.083795
0.299866,0.952021,1.700017,-0.891603,0.036323,0.099412,-0.020958,2.142745,0.011641
0.312135,1.161874,1.687978,-0.569378,-0.132857,0.171399,0.096896,2.126831,0.056417
0.331690,-0.058928,-0.192687,-0.129202,-0.164744,0.161475,0.037293,0.239362,0.054606
0.358315,-0.969637,-1.580701,0.255046,-0.047307,0.064333,-0.113508,1.871860,0.019261
0.382754,-0.434067,-0.986368,0.502345,0.046101,-0.061508,-0.180745,1.188985,0.038577
0.393024,0.434693,0.441159,0.080790,0.079876,-0.077953,-0.120647,0.624585,0.027013
0.383661,0.274879,0.807366,-0.616994,0.153539,-0.002097,-0.077617,1.052654,0.029603
0.361920,-0.411940,0.023779,-0.338229,0.283410,-0.076692,-0.105963,0.533534,0.097431
0.349355,-0.487323,-0.534972,0.733986,0.361632,-0.348702,-0.077466,1.030735,0.258372
0.363152,-0.038458,-0.261563,0.943677,0.300399,-0.488974,0.058914,0.980010,0.332806
0.392503,0.351275,0.225599,-0.003900,0.119224,-0.296919,0.183234,0.417498,0.135950
0.414729,0.688982,0.484315,-0.747616,-0.101109,0.028163,0.224377,1.126138,0.061361
0.427030,0.745743,0.436058,-0.808125,-0.258594,0.233067,0.207597,1.182939,0.164288
0.437497,-0.091009,-0.313979,-0.644631,-0.247307,0.227274,0.091525,0.722783,0.121191
0.445276,-1.150896,-1.194365,-0.319352,-0.070259,0.040675,-0.097962,1.689099,0.016187
0.451219,-0.782487,-0.431593,0.073020,0.091049,-0.208125,-0.122514,0.896599,0.066616
0.460936,0.830847,1.333011,0.539486,0.079282,-0.408667,0.089365,1.660804,0.181280
0.467557,1.579021,1.256975,0.909451,-0.011472,-0.441374,0.277723,2.213683,0.272073
0.460569,0.831681,0.001365,-0.326116,-0.002721,-0.158409,0.329173,0.893335,0.133456
0.448309,0.064615,0.394685,-2.692986,0.055753,0.274742,0.349015,2.722522,0.200403
0.446257,-0.378914,0.796425,-2.055592,-0.012349,0.398773,0.238997,2.236812,0.216292
0.455632,-1.459516,-1.405075,1.688714,-0.192405,0.169882,-0.129096,2.637457,0.082545
0.469920,-2.238747,-3.079674,2.731402,-0.308897,0.023594,-0.484831,4.685823,0.331035
0.486126,-1.000395,-1.016574,-0.000439,-0.273137,0.098940,-0.476195,1.426258,0.311155
0.502824,1.005961,1.670615,-1.311972,-0.135407,0.121850,-0.184027,2.350358,0.067048
0.518528,1.403772,1.566774,0.024698,0.015665,-0.037390,0.056040,2.103798,0.004784
0.530417,0.491139,0.156653,0.866957,0.116946,-0.256559,0.108213,1.008649,0.091209
0.534253,-0.161618,-0.466046,0.651926,0.136160,-0.369682,0.060507,0.817513,0.158865
0.531774,-0.255807,-0.441830,0.252389,0.062436,-0.246172,0.006196,0.569518,0.064537
0.530491,-0.097839,-0.072934,-0.836181,-0.075902,0.053681,0.008753,0.845039,0.008719
0.533688,0.208405,0.546009,-1.810750,-0.207809,0.254528,0.084048,1.902728,0.115033
0.541049,0.300575,0.579816,-0.836527,-0.269258,0.216283,0.102817,1.061277,0.129850
0.553107,-0.229029,-0.409056,0.926844,-0.225882,0.069915,-0.014611,1.038663,0.056124
0.566483,-0.964322,-1.303005,0.993899,-0.081778,-0.112482,-0.081468,1.901466,0.025977
0.575351,-0.936996,-0.968489,0.157300,0.075873,-0.381549,0.023260,1.356715,0.151877
0.578075,-0.014876,0.106481,0.013846,0.143734,-0.537535,0.134839,0.108403,0.327785
0.573698,0.879765,0.952407,-0.853532,0.134202,-0.243265,0.193526,1.552283,0.114640
0.562701,0.939215,1.024322,-2.525529,0.091033,0.310056,0.286497,2.882648,0.186502
0.553964,0.063919,-0.191187,-1.576707,-0.028421,0.499827,0.270178,1.589542,0.323631
0.555262,-1.061428,-1.856962,1.792347,-0.204166,0.209034,0.022125,2.790599,0.085868
0.563491,-1.304095,-1.897412,2.876981,-0.290659,-0.069702,-0.194464,3.684814,0.127157
0.574615,-0.547918,-0.485878,1.040681,-0.255823,-0.103034,-0.186433,1.272521,0.110819
0.587230,0.000642,0.169031,-0.049186,-0.229090,-0.091127,-0.156426,0.176043,0.085255
0.596043,-0.173992,-0.187804,0.332705,-0.244366,-0.104511,-0.227181,0.419805,0.122248
0.599280,-0.316422,-0.220486,0.277080,-0.201398,-0.053063,-0.246955,0.474879,0.104364
0.603515,-0.163431,0.060649,-0.459308,-0.079237,0.028412,-0.182013,0.491276,0.040214
0.610771,-0.131149,0.149260,-1.049754,0.043918,0.053558,-0.127450,1.068392,0.021041
0.614717,-0.050303,0.406309,-0.942611,0.135748,-0.035680,-0.057849,1.027683,0.023047
0.612349,0.266041,0.618172,0.187503,0.203266,-0.238465,0.025899,0.698621,0.098853
0.608756,0.339233,0.353082,1.169896,0.201694,-0.371672,0.062620,1.268228,0.182742
0.611959,0.306792,0.637233,0.379165,0.076380,-0.274027,0.131818,0.802467,0.098301
0.625518,0.669248,1.418699,-1.070228,-0.106904,-0.018608,0.208182,1.898944,0.055114
0.643869,0.586927,0.438324,-1.172698,-0.182661,0.327591,0.057491,1.382690,0.143986
0.658409,-0.385371,-1.535807,-0.295957,-0.119745,0.658287,-0.220494,1.610840,0.496298
0.666364,-0.656558,-1.071522,0.797912,-0.079673,0.637797,-0.261500,1.488587,0.481515
0.668631,0.040880,0.392539,1.876105,-0.117403,0.262252,-0.165487,1.917167,0.109946
0.666633,-0.076338,-0.639565,1.831351,-0.081365,-0.003607,-0.258533,1.941318,0.073473
0.665363,-0.349511,-1.435829,1.186894,0.086575,-0.170987,-0.332073,1.895384,0.147004
0.669686,1.141037,1.129558,2.049223,0.231770,-0.644347,-0.011761,2.603302,0.469039
0.676232,2.530803,2.945927,3.244970,0.180163,-1.144662,0.424704,5.060956,1.523083
0.678002,1.352864,0.634594,2.152928,-0.048445,-1.097409,0.436564,2.620696,1.397242
0.676248,-0.173215,-1.414234,-0.897520,-0.121229,-0.581748,0.279845,1.683925,0.431440
0.676515,0.805666,1.102053,-4.679454,0.245819,0.082884,0.667433,4.874516,0.512764
0.673256,2.319097,4.292722,-6.874187,0.685755,0.692244,1.249173,8.429716,2.509895
0.656566,1.256917,2.127267,-4.059538,0.608849,0.911315,0.933747,4.752363,2.073076
0.631724,-0.823915,-2.613422,0.682063,0.195501,0.720672,-0.067657,2.823831,0.562166
0.606229,-0.481082,-2.632825,0.634518,0.058508,0.547409,-0.475615,2.750604,0.529289
0.571379,1.286095,0.887033,-1.490585,0.211412,0.445602,-0.130158,2.159331,0.260197
0.525688,0.621382,1.440423,0.714624,0.240667,0.157043,-0.020255,1.723839,0.082993
0.486459,-2.578914,-1.464857,3.930921,0.096194,-0.171717,-0.511767,4.924301,0.300645
0.458665,-4.219664,-2.471694,2.968053,0.063907,-0.275501,-0.823213,5.720505,0.757665
0.433618,-2.318753,2.727359,0.788059,0.173037,-0.240083,-0.276040,3.665534,0.163780
0.413956,-0.146925,8.282549,0.716644,0.131451,-0.199274,0.366711,8.314793,0.191466
0.398054,-0.166459,2.017185,0.683446,-0.042719,-0.106637,0.000022,2.136315,0.013196
0.369477,0.719529,-9.474966,-0.838294,0.026858,0.056867,-0.619177,9.539153,0.387335
0.329258,3.687764,-5.991674,-1.701998,0.248717,0.144668,-0.251313,7.238547,0.145947
0.295230,3.753187,6.310790,-0.532625,0.181354,0.041320,0.299746,7.361805,0.124444
0.270689,0.102686,5.480140,0.314745,-0.024755,-0.082705,-0.009743,5.490131,0.007548
0.256643,-1.507499,-2.806991,-0.809551,0.007166,-0.038587,-0.429422,3.287419,0.185944
0.262713,-0.214898,-2.173745,-1.229081,0.073609,0.013395,-0.350779,2.506390,0.128644
0.275287,0.049973,1.457995,0.433727,-0.032057,-0.057924,-0.305445,1.521961,0.097679
0.268213,-0.366990,0.071031,0.976365,-0.053972,-0.052085,-0.366495,1.045474,0.139944
0.253372,0.480919,-0.478400,-0.449575,0.059940,0.071780,-0.169134,0.813798,0.037351
0.258335,1.090790,1.348057,-0.568969,0.041069,0.070728,0.058493,1.825050,0.010111
0.271220,0.416779,0.841474,0.765506,-0.084742,-0.053612,0.035678,1.211521,0.011328
0.268525,-0.215192,-0.680350,0.639495,-0.080816,-0.084281,-0.048223,0.958195,0.015960
0.259991,-0.190959,-0.364397,-0.585075,0.033967,-0.033551,-0.050785,0.715237,0.004859
0.260263,0.004250,0.303362,-0.649340,0.094211,-0.030271,-0.061938,0.716721,0.013628
0.264089,0.074118,0.166500,-0.023409,0.061692,-0.030303,-0.112655,0.183749,0.017415
0.268160,-0.027264,0.011553,-0.013736,-0.005928,0.031636,-0.133114,0.032642,0.018755
0.271605,-0.112462,0.067889,-0.125589,-0.033331,0.084701,-0.106320,0.181739,0.019589
0.265776,-0.115161,-0.049347,0.058114,0.026746,0.075496,-0.114414,0.138110,0.019506
0.254866,-0.253810,-0.342023,-0.044755,0.126805,0.045593,-0.180710,0.428255,0.050814
0.254173,-0.280869,-0.174453,-0.356217,0.189009,0.003409,-0.173628,0.486016,0.065883
0.260910,0.109907,0.627887,-0.186975,0.212960,-0.095776,-0.035954,0.664290,0.055818
0.269890,0.461646,0.993546,0.407721,0.213799,-0.221381,0.113082,1.168968,0.107507
0.297177,0.641982,0.670840,0.792430,0.140846,-0.257053,0.239126,1.220702,0.143095
0.344990,1.039880,0.706053,0.641095,-0.038081,-0.139071,0.365282,1.410980,0.154222
0.385563,0.890537,0.588463,0.099152,-0.226294,0.044433,0.325872,1.071996,0.159376
0.408371,-0.637110,-0.861588,-0.317216,-0.255465,0.087555,0.080197,1.117528,0.079360
0.430451,-1.903406,-2.109980,-0.007580,-0.094080,-0.128988,-0.026706,2.841659,0.026202
0.453343,-1.011115,-1.168587,0.746927,0.060340,-0.423335,0.112745,1.716348,0.195565
0.462063,0.677530,0.546497,0.485755,0.050861,-0.439236,0.135562,0.996827,0.213892
0.459733,1.122379,0.997224,-1.707442,0.042377,-0.020369,0.108931,2.273664,0.014077
0.457591,1.142441,1.044843,-4.254482,0.226147,0.602857,0.541422,4.527415,0.707717
0.443078,1.350418,0.937456,-3.943931,0.385975,0.955421,1.089789,4.272826,2.249446
0.404395,-0.090077,-1.216190,-0.133685,0.235744,0.762470,0.832985,1.226827,1.330800
0.362125,-2.801801,-3.678967,3.027165,-0.042154,0.314524,-0.015744,5.527080,0.100950
0.324665,-3.360153,-2.621147,2.129083,-0.133410,0.075870,-0.465268,4.763826,0.240029
0.270429,-1.474090,0.007908,-0.040475,-0.080975,0.035823,-0.403125,1.474667,0.170350
0.213770,-0.139530,0.849053,0.100610,-0.004077,-0.044732,-0.250028,0.866304,0.064532
0.187854,-0.119987,1.311864,0.941935,0.129989,-0.089017,-0.034033,1.619452,0.025979
0.167865,-0.294200,1.148713,0.580717,0.256993,0.020626,0.100480,1.320351,0.076567
0.127569,-0.514546,-1.606082,0.541933,0.290055,0.095557,-0.132014,1.771426,0.110691
0.103672,-0.682328,-3.226997,1.320625,0.334996,-0.032906,-0.461102,3.552905,0.325920
0.116411,-0.424604,-0.791084,1.408498,0.444353,-0.251688,-0.544530,1.670320,0.557309
0.130210,0.009094,1.394246,0.534208,0.492315,-0.326934,-0.524511,1.493112,0.624372
0.125659,0.491688,1.080968,-0.741262,0.443402,-0.135993,-0.462797,1.399899,0.429280
0.120345,1.020150,1.207890,-1.844751,0.371093,0.155697,-0.225219,2.429570,0.212675
0.126806,1.014632,1.783433,-1.659859,0.273552,0.250603,0.024446,2.639175,0.138230
0.139465,0.319220,0.681924,-0.273912,0.144866,0.147803,0.044148,0.801218,0.044781
0.149041,-0.378795,-0.916535,0.641523,0.051999,0.073884,-0.099507,1.181132,0.018064
0.151191,-0.694670,-1.307204,0.704258,0.011197,0.043071,-0.241653,1.639307,0.060377
0.144899,-0.574078,-0.963435,0.759754,-0.013687,-0.051157,-0.290002,1.354621,0.086906
0.134651,0.138531,-0.160889,0.370757,-0.003492,-0.097632,-0.176713,0.427243,0.040772
0.130332,0.938111,1.033241,-0.959144,0.031632,0.037767,0.031947,1.693398,0.003448
0.131831,0.877049,1.389286,-1.696055,-0.007875,0.213777,0.142838,2.361341,0.066165
0.130327,0.149073,0.528959,-0.641215,-0.113176,0.222954,0.097313,0.844498,0.071987
0.127256,-0.229789,-0.225200,0.823768,-0.142267,0.090307,0.003195,0.884371,0.028405
0.127742,-0.141267,-0.319018,1.019584,-0.104095,0.003575,-0.059375,1.077627,0.014374
0.131280,-0.085606,-0.206121,0.158496,-0.136793,0.059377,-0.072109,0.273743,0.027438
0.142244,-0.134511,0.054268,-0.527783,-0.196732,0.124795,-0.085192,0.547351,0.061535
0.163285,-0.315771,0.036352,-0.107812,-0.176973,0.026039,-0.197603,0.335643,0.071044
0.186736,-0.510573,-0.528039,1.047904,-0.201076,-0.126619,-0.301035,1.279692,0.147086
0.209055,-0.083368,-0.331606,1.275899,-0.360871,-0.098784,-0.149894,1.320921,0.162454
0.229629,0.741256,0.945780,0.005101,-0.450197,0.041434,0.154633,1.201660,0.228305
0.243527,0.870253,1.532016,-1.144561,-0.348332,0.079766,0.322432,2.101055,0.231660
0.258618,0.479354,1.075881,-0.933009,-0.237795,0.036429,0.369696,1.502600,0.194549
0.287854,0.219379,0.396033,-0.144913,-0.193215,0.022081,0.318947,0.475362,0.139547
0.318702,-0.444867,-0.810901,-0.024478,-0.071093,0.015529,0.022457,0.925238,0.005800
0.332325,-1.061521,-1.531388,-0.407709,0.136076,-0.073587,-0.261409,1.907407,0.092266
0.335894,-0.100400,-0.015392,0.085757,0.304874,-0.332930,-0.116310,0.132934,0.217319
0.341102,1.289797,1.701068,1.523790,0.392768,-0.664440,0.183895,2.622812,0.629565
0.344484,0.853935,1.113834,1.697597,0.358061,-0.699770,0.180286,2.202650,0.650389
0.345342,-0.279040,0.253257,-0.213791,0.151097,-0.305640,0.079133,0.433254,0.122508
0.348376,-0.091420,0.884348,-1.693401,-0.126623,0.098708,0.168634,1.912599,0.054214
0.352832,0.579218,0.945953,-0.928119,-0.299451,0.151449,0.235291,1.446280,0.167970
0.361239,0.451825,-0.464229,0.603939,-0.291280,-0.002780,0.124704,0.885662,0.100403
0.380599,-0.097309,-1.377538,1.083429,-0.129614,-0.168606,0.013258,1.755249,0.045404
0.404337,-0.433994,-0.885231,0.798887,0.088280,-0.369199,-0.023628,1.268939,0.144660
0.410870,-0.246532,0.091499,0.525627,0.223864,-0.467567,-0.021822,0.587736,0.269210
0.387889,0.441977,0.822063,-0.232489,0.182309,-0.217905,0.109411,0.961864,0.092690
0.351964,0.827281,1.019571,-1.398621,-0.011213,0.171116,0.326726,1.918348,0.136156
0.335978,0.169651,0.224995,-0.955049,-0.224660,0.226076,0.325500,0.995752,0.207533
0.355613,-1.009698,-1.338613,1.387998,-0.344663,0.000571,0.043101,2.176675,0.120651
0.395920,-1.433291,-1.961499,2.459630,-0.368090,-0.047745,-0.192526,3.457106,0.174836
0.431173,-0.790809,-0.808248,0.874533,-0.308154,0.115154,-0.221873,1.429494,0.157447
0.449442,-0.133949,0.287098,-0.582164,-0.128339,0.116908,-0.195358,0.662784,0.068303
0.456390,0.001408,0.145703,0.019671,0.119549,-0.139864,-0.148630,0.147032,0.055945
0.461861,0.284402,0.214408,0.918020,0.255943,-0.368020,-0.000927,0.984691,0.200946
0.469358,0.818741,1.169870,-0.019794,0.182241,-0.315932,0.164366,1.428049,0.160041
0.477682,0.879544,1.611704,-1.793769,-0.013001,-0.046621,0.213269,2.566865,0.047826
0.484343,0.331318,0.701807,-1.652401,-0.179954,0.157391,0.144761,1.825578,0.078111
0.486333,-0.406140,-0.758624,0.231147,-0.219456,0.151733,0.027664,0.891004,0.071949
0.487006,-0.842358,-1.363410,1.045244,-0.131444,0.022885,-0.056266,1.913371,0.020967
0.496830,-0.470685,-0.641078,0.772474,-0.017661,-0.185953,-0.060863,1.108712,0.038595
0.511466,0.447456,0.296735,1.005847,0.055781,-0.390758,-0.005169,1.140174,0.155830
0.505166,0.998394,0.811409,-0.065997,0.122844,-0.265799,0.147941,1.288228,0.107626
0.471333,0.932963,1.603895,-3.026554,0.150609,0.206642,0.409185,3.550060,0.232816
0.443629,0.366146,1.802800,-2.995884,0.031972,0.432213,0.496713,3.515604,0.434554
0.448105,-0.904608,-0.439211,1.393037,-0.196022,0.138935,0.138195,1.718073,0.076825
0.469509,-2.169226,-3.178527,3.903819,-0.374827,-0.152968,-0.381529,5.481640,0.309459
0.487969,-1.847675,-2.555659,1.688325,-0.412070,-0.100062,-0.544494,3.577113,0.476288
0.506581,-0.047878,0.537059,-0.771268,-0.304267,-0.002261,-0.318220,0.941052,0.193847
0.527779,1.216897,1.970161,-0.821487,-0.128304,-0.093348,-0.037998,2.457074,0.026620
0.542284,0.923357,1.009049,-0.196853,0.010877,-0.279451,0.123744,1.381854,0.093524
0.547295,-0.098283,-0.196891,0.217346,0.127327,-0.474951,0.143262,0.309297,0.262315
0.549261,-0.786518,-0.772622,0.640627,0.252482,-0.580234,0.011697,1.275131,0.400555
0.551742,-0.504725,-0.501930,0.524043,0.264178,-0.473089,-0.094846,0.883913,0.302599
0.551285,0.493632,0.744685,-0.091791,0.098868,-0.209458,-0.000859,0.898139,0.053648
0.541972,0.598234,1.119626,-0.753694,-0.116082,0.166807,0.084132,1.476313,0.048378
0.527976,-0.772598,-0.537709,-1.807950,-0.309199,0.677100,-0.058959,2.038313,0.557545
0.527920,-1.477163,-1.595827,-2.470415,-0.478857,0.994314,-0.185220,3.291143,1.252271
0.552243,-0.241166,-0.257244,-0.985589,-0.513313,0.745939,-0.070672,1.046767,0.824910
0.584204,0.856459,0.969332,1.449396,-0.354979,0.220742,0.043526,1.942646,0.176632
0.599957,0.131106,0.065625,1.932404,-0.127184,-0.110597,-0.048326,1.937958,0.030743
0.599554,-0.929340,-1.215027,0.823577,0.087765,-0.322560,-0.138303,1.737309,0.130875
0.598820,-0.623896,-0.757051,0.251655,0.288976,-0.542963,-0.030612,1.012770,0.379253
0.592808,0.177914,0.596524,-0.018438,0.391729,-0.530701,0.106473,0.622763,0.446432
0.557704,0.012222,0.630885,-1.021440,0.325619,-0.210125,0.068145,1.200627,0.154824
0.498388,-0.315651,-0.218487,-1.943787,0.174828,0.131856,0.018145,1.981333,0.048280
0.456593,0.637789,0.453353,-1.529190,0.035758,0.271750,0.207505,1.717768,0.118185
0.458063,1.618708,1.743507,0.082453,-0.085624,0.194869,0.437194,2.380511,0.236444
0.484510,0.573815,0.534821,1.590893,-0.182971,0.029986,0.322503,1.773764,0.138386
0.505701,-1.344642,-1.955076,1.677332,-0.252288,-0.002375,-0.042591,2.905826,0.065469
0.516301,-1.672726,-2.008228,0.534869,-0.334443,0.126482,-0.263962,2.667785,0.197526
0.531585,-0.619547,-0.195359,-0.045232,-0.395427,0.155184,-0.261849,0.651191,0.249009
0.556173,0.149543,0.520402,0.579005,-0.318221,-0.027627,-0.206023,0.792735,0.144473
0.576959,0.258161,0.114693,0.737234,-0.116404,-0.200398,-0.135152,0.789503,0.071975
0.587567,0.134778,0.055204,-0.210257,0.072011,-0.283664,-0.013326,0.255775,0.085828
0.593925,-0.019490,0.268986,-0.331796,0.206278,-0.477913,0.073285,0.427577,0.276322
0.596677,-0.047453,0.150370,0.979601,0.294850,-0.708937,0.042788,0.992210,0.591359
0.591774,0.068531,-0.068149,1.391102,0.250762,-0.592545,0.002779,1.394455,0.413999
0.582738,0.106744,0.041140,-0.000926,0.062493,-0.142338,0.065441,0.114401,0.028448
0.578034,-0.004430,0.236707,-1.028233,-0.096565,0.211970,0.105997,1.055136,0.065491
0.582239,-0.257745,-0.074492,-0.814571,-0.142474,0.346485,0.010525,0.857617,0.140461
0.592292,-0.602961,-0.658382,-0.872701,-0.206083,0.466196,-0.055848,1.248453,0.262928
0.599693,-0.504788,-0.501596,-1.028601,-0.332712,0.562275,0.031970,1.250772,0.427873
0.601829,0.228025,0.298553,0.208088,-0.367780,0.457520,0.109040,0.429453,0.356476
0.608131,0.495142,0.315311,1.632761,-0.260890,0.176314,0.049726,1.735078,0.101623
0.623682,-0.207330,-0.559800,1.322668,-0.137789,-0.106167,-0.046537,1.451142,0.032423
0.635863,-0.572057,-0.659765,0.432120,-0.024033,-0.292678,-0.097433,0.974303,0.095731
0.634880,-0.081158,0.365961,0.406258,0.131401,-0.377364,-0.112723,0.552774,0.172376
0.630565,0.116793,0.950345,0.268871,0.234998,-0.347305,-0.077847,0.994529,0.181905
0.625696,-0.215889,0.440926,-0.530676,0.201278,-0.189057,-0.009825,0.722939,0.076352
0.602607,-0.242769,-0.255517,-0.844036,0.133176,-0.006161,0.012428,0.914671,0.017928
0.562714,0.176391,-0.311481,-0.404052,0.112742,0.049502,0.023176,0.539808,0.015698
0.537170,0.724990,0.455157,-0.381513,0.073215,0.037661,0.171465,0.937193,0.036179
0.538371,1.010510,1.300721,-0.979464,-0.030623,0.124098,0.422016,1.916339,0.194436
0.548337,0.427466,0.807887,-0.629091,-0.160340,0.210280,0.490101,1.109578,0.310126
0.558174,-0.864941,-0.947872,1.186066,-0.271677,0.085049,0.221489,1.747380,0.130099
0.572644,-1.813714,-2.019209,2.307876,-0.332672,-0.153112,-0.176323,3.562731,0.165204
0.586465,-1.701320,-1.425022,1.322893,-0.343097,-0.232549,-0.404119,2.583645,0.335107
0.592903,-0.599050,-0.019696,-0.313890,-0.318689,-0.103672,-0.380023,0.676591,0.256728
0.598743,0.647932,1.159133,-1.198731,-0.220330,0.030393,-0.209749,1.788955,0.093464
0.608381,0.916345,1.247461,-1.090898,-0.031210,-0.062384,-0.041256,1.893649,0.006568
0.613880,0.249404,0.074138,0.080873,0.130697,-0.348991,0.025392,0.272469,0.139521
0.613095,-0.131459,-0.671100,0.806303,0.138017,-0.462414,0.033192,1.057252,0.233977
0.615279,0.287001,0.331683,-0.506391,0.014612,-0.211005,0.088225,0.669937,0.052520
0.622032,0.657452,1.346844,-1.671608,-0.121334,0.074242,0.124145,2.245107,0.035646
0.626344,0.267011,0.540094,-0.390187,-0.186918,0.087839,0.008669,0.717804,0.042729
0.632227,-0.319260,-0.628687,1.006943,-0.176899,-0.037721,-0.151159,1.229272,0.055565
0.646015,-0.373692,-0.441986,0.452841,-0.106907,-0.166112,-0.183261,0.734889,0.072607
0.653250,-0.228857,-0.032633,0.009771,0.040472,-0.357574,-0.152541,0.231378,0.152766
0.641905,-0.045215,-0.227437,0.874225,0.225581,-0.548608,-0.117010,0.904456,0.365549
0.626856,0.541233,0.380073,1.073804,0.338625,-0.578106,0.014061,1.261128,0.449071
0.605654,0.523121,1.494467,-0.567335,0.429284,-0.326704,0.096789,1.681950,0.300388
0.538351,-0.791010,1.047761,-3.069603,0.680245,0.333949,-0.073245,3.338557,0.579620
0.414475,-0.796602,0.549859,-4.843719,1.054223,1.239025,-0.120411,4.939487,2.661068
0.272833,2.337385,2.990622,-4.688846,1.313720,1.876349,0.433068,6.032617,5.434094
0.143720,5.250054,5.910334,-3.322414,1.303400,2.130276,1.241053,8.575171,7.777140
0.044363,4.127815,4.652183,-2.390246,0.959529,2.320499,1.573149,6.662953,8.780209
-0.002003,0.106269,-0.118739,-0.859668,0.377776,2.303584,1.221416,0.874312,6.941071
-0.002729,-3.096397,-4.288211,2.741907,-0.079604,1.665251,0.495491,5.957725,3.024909
0.002969,-3.498940,-5.412937,5.626777,-0.186861,0.685002,-0.109281,8.555880,0.516087
-0.000304,-2.049107,-3.253115,4.844345,-0.161988,-0.014992,-0.265069,6.184600,0.096726
-0.001371,-1.289474,0.087164,2.583777,-0.222435,-0.353493,-0.209391,2.888987,0.218279
0.000825,-2.151664,1.345645,1.611852,-0.255670,-0.492573,-0.286528,3.006407,0.390094
0.000344,-2.542622,1.441103,0.917576,-0.184462,-0.386453,-0.174644,3.063274,0.213873
-0.000613,-1.116795,3.767683,0.104159,-0.180325,-0.216581,0.331189,3.931096,0.189111
0.000101,-0.173384,4.246245,1.295073,-0.272732,-0.392222,0.358938,4.442733,0.357057
0.000294,-0.979404,-2.767610,3.259975,-0.199012,-0.725181,-0.495550,4.387064,0.811063
-0.000195,-0.308125,-8.371057,1.667333,0.083688,-0.633467,-0.921291,8.541050,1.257061
-0.000084,2.552407,-2.424161,-2.008928,0.249365,-0.294746,-0.261160,4.053040,0.217263
0.000160,2.351734,4.190033,-2.021872,0.220039,-0.319083,0.055071,5.212964,0.153264
-0.000012,-1.799919,-0.310370,0.346505,0.259485,-0.503231,-0.646479,1.859060,0.738509
-0.000122,-3.192313,-5.231935,-0.363155,0.354597,-0.328796,-1.026157,6.139698,1.286844
0.000066,0.020362,-0.982309,-2.589586,0.297983,-0.039686,-0.517894,2.769711,0.358583
0.000108,1.975781,3.070907,-2.181939,0.205684,-0.014766,-0.138074,4.253826,0.061588
-0.000154,0.665294,0.995975,-0.657543,0.221963,-0.074717,-0.269180,1.366362,0.127308
-0.000062,-0.271472,-0.684781,0.018029,0.171913,-0.085957,-0.347975,0.736849,0.158029
0.000305,0.190118,0.073395,0.947747,-0.014884,-0.179876,-0.255541,0.969410,0.097878
-0.000136,0.220576,-0.211883,1.555529,-0.132899,-0.271551,-0.238900,1.585313,0.148475
-0.000455,-0.092692,-0.632473,0.390303,-0.109527,-0.178930,-0.220113,0.748966,0.092462
0.000688,0.290502,0.583362,-1.203885,-0.069361,0.012748,-0.077906,1.368956,0.011043
0.000311,0.781513,1.465910,-1.456862,-0.082650,0.099920,0.017540,2.209548,0.017123
-0.002285,0.371543,0.556315,-0.398997,-0.139555,0.000694,-0.102598,0.778928,0.030002
0.003667,-0.598740,-0.934123,1.109993,-0.190337,-0.185842,-0.325443,1.569446,0.176679
0.030317,-1.004960,-1.458905,1.548220,-0.172103,-0.238063,-0.402504,2.352729,0.248303
0.073639,-0.435782,-0.563262,0.056479,-0.122835,-0.083833,-0.249803,0.714395,0.084518
0.114771,0.487328,0.938445,-1.471433,-0.120778,0.063621,-0.007220,1.811983,0.018687
0.138940,0.981040,1.630131,-0.979821,-0.122504,0.048321,0.144334,2.140050,0.038174
0.148537,0.673009,0.920633,0.165038,-0.086231,0.013227,0.141151,1.152278,0.027534
0.156478,-0.128818,-0.299916,-0.021449,-0.090219,0.061257,0.073724,0.327114,0.017327
0.174651,-0.367745,-0.627653,-0.210922,-0.128768,0.003821,0.070762,0.757412,0.021603
0.207948,0.295981,0.035459,1.008484,-0.069597,-0.245817,0.115937,1.051619,0.078711
0.244175,0.628654,0.517555,1.473217,0.065137,-0.395915,0.121849,1.683282,0.175839
0.261270,0.140302,0.473001,-0.107484,0.086310,-0.233674,0.124529,0.504943,0.077560
0.261648,-0.042919,0.356129,-1.025474,-0.058788,0.034749,0.162346,1.086401,0.031020
0.270036,0.193735,0.011031,-0.196063,-0.231917,0.171577,0.152565,0.275854,0.106500
0.290061,-0.031886,-0.411083,-0.032383,-0.322575,0.204064,0.088167,0.413587,0.153470
0.308221,-0.312972,-0.320416,-0.638781,-0.323509,0.165542,0.058979,0.780166,0.135541
0.330264,-0.074643,-0.187962,0.003832,-0.227621,-0.033079,0.048366,0.202277,0.055245
0.364500,0.038540,-0.371764,1.120860,-0.027851,-0.337122,0.020501,1.181533,0.114847
0.393913,-0.164974,-0.218384,1.042613,0.162838,-0.490699,0.034056,1.077938,0.268462
0.399100,-0.075393,0.063169,0.359731,0.178552,-0.357985,0.078300,0.372935,0.166165
0.379847,0.306935,0.004557,-0.349950,0.043713,-0.070569,0.106654,0.465505,0.018266
0.348424,0.615470,0.377612,-1.190165,-0.065786,0.150891,0.187264,1.392080,0.062164
0.325761,0.588932,0.874043,-1.058467,-0.112163,0.152606,0.283881,1.493702,0.116458
0.326114,-0.081902,-0.109939,0.482562,-0.179482,-0.034247,0.189664,0.501658,0.069359
0.338224,-0.892484,-1.562799,1.359096,-0.249195,-0.164016,-0.046419,2.255218,0.091154
0.349490,-0.667552,-0.878543,0.356619,-0.265674,-0.089043,-0.085805,1.159586,0.085874
0.368773,0.420758,1.107146,-0.788196,-0.259720,0.036683,0.129045,1.422696,0.085453
0.395546,0.774620,1.317033,-0.791365,-0.221007,0.076906,0.242956,1.720718,0.113786
0.408302,-0.330687,-0.484407,-0.537196,-0.084781,0.089878,0.044066,0.795351,0.017208
0.405911,-1.759273,-1.950175,-0.397945,0.098010,0.070773,-0.243682,2.656423,0.073996
0.409854,-1.906383,-1.793329,0.233520,0.208347,-0.064224,-0.312930,2.627709,0.145458
0.422486,-0.503615,-0.440021,0.829472,0.202821,-0.251522,-0.109856,1.065491,0.116468
0.433874,1.235105,1.179307,0.557884,0.082322,-0.339999,0.200557,1.796520,0.162599
0.448726,2.039892,1.906709,-0.072311,-0.107176,-0.243569,0.368323,2.793193,0.206474
0.463342,1.540660,1.158278,-0.521779,-0.239143,0.018266,0.263456,1.996871,0.126932
0.457676,0.232413,-0.108767,-0.662019,-0.251347,0.240241,0.047832,0.710011,0.123179
0.437879,-0.904998,-0.818478,0.144992,-0.222152,0.194783,-0.076411,1.228800,0.093131
0.435870,-1.203676,-1.007531,1.405628,-0.200836,-0.019103,-0.130440,2.107070,0.057715
0.458493,-0.707875,-0.601853,1.410791,-0.143527,-0.164675,-0.128160,1.689274,0.064143
0.482319,0.152630,0.407994,0.616730,-0.052328,-0.262250,-0.001741,0.755057,0.071516
0.493037,0.647850,0.867707,0.532875,0.006976,-0.351532,0.125043,1.206889,0.139259
0.498473,0.279304,0.337321,0.164703,0.009039,-0.262257,0.104416,0.467892,0.079763
0.507575,-0.329634,-0.067813,-1.180401,-0.045910,-0.007687,0.058394,1.227438,0.005577
0.515489,-0.321555,-0.154055,-1.387757,-0.154874,0.116483,0.077866,1.432829,0.043617
0.517554,-0.038831,-0.558987,0.041395,-0.220372,0.023191,0.044885,0.561861,0.051116
0.524767,-0.187025,-0.700268,0.704185,-0.145485,-0.087431,-0.022393,1.010559,0.029312
0.545781,-0.373050,-0.104439,0.214063,-0.077936,-0.103713,0.025702,0.442602,0.017491
0.568230,0.085913,0.223652,0.167793,-0.210090,-0.019163,0.143665,0.292499,0.065145
0.578872,0.438913,-0.330670,0.064372,-0.389298,0.172314,0.149518,0.553291,0.203601
0.583233,-0.527016,-1.269833,-0.654738,-0.379461,0.272351,-0.070588,1.522795,0.223148
0.586675,-1.585440,-1.785993,-0.306072,-0.222990,0.074219,-0.362390,2.407711,0.186560
0.575003,0.005822,-0.254111,-0.023176,0.075720,-0.050111,-0.156038,0.255232,0.032592
0.530553,3.719958,4.049049,-3.569180,0.601430,0.452376,0.848530,6.555298,1.286365
0.453192,5.484329,7.576380,-8.132007,1.019426,1.274273,1.859249,12.393907,6.119808
0.355735,3.082340,5.399008,-6.298883,0.894098,1.528131,1.807127,8.850200,6.400304
0.254587,-1.357124,-1.724733,0.817217,0.483137,0.999109,0.789695,2.341865,1.855258
0.169295,-4.126292,-6.621628,4.683147,0.305128,0.303115,-0.157404,9.099676,0.209758
0.116604,-3.835647,-4.600880,3.183176,0.257891,-0.071935,-0.556128,6.783280,0.380961
0.101532,-2.855368,-0.870845,1.826308,0.024563,-0.235564,-0.918992,3.499557,0.900640
0.111223,-2.895560,-0.368608,2.463769,-0.162228,-0.355901,-1.271746,3.819725,1.770321
0.117275,-1.587863,3.367471,1.529771,-0.011549,-0.269649,-0.632291,4.025092,0.472636
0.105990,1.029825,10.163074,-0.409166,0.148333,-0.053435,0.648905,10.223308,0.445936
0.098637,0.542166,3.902778,1.157716,0.044933,-0.163521,0.587582,4.106815,0.374011
0.109015,-1.482406,-12.074325,3.628683,0.056388,-0.449336,-0.658171,12.694652,0.638272
0.113074,0.704725,-10.481415,0.742761,0.303561,-0.314147,-0.778217,10.531305,0.796459
0.095400,3.762409,6.598159,-3.632385,0.271157,-0.034826,0.097938,8.419361,0.084331
0.073401,1.678848,9.054599,-2.560646,-0.040282,-0.173532,0.002580,9.558305,0.031743
0.056744,-1.208111,-2.119524,-0.249733,-0.032817,-0.277242,-0.615577,2.452403,0.456875
0.041089,-0.004702,-3.181348,-1.759555,0.234595,0.042655,-0.353396,3.635523,0.181743
0.034539,1.233877,2.955662,-2.189225,0.211008,0.142314,0.031770,3.879574,0.065787
0.041934,-0.018621,1.795335,0.786688,-0.037371,-0.231990,-0.324060,1.960217,0.160231
0.048056,-0.289908,-1.336636,1.451304,-0.104185,-0.387385,-0.598013,1.994223,0.518541
0.044304,1.067758,0.684858,-1.143198,-0.021062,-0.112866,-0.304102,1.707641,0.105660
0.045188,1.368847,2.305988,-2.037716,-0.008147,0.056643,-0.055568,3.368028,0.006363
0.065689,0.481152,0.773743,-0.557588,-0.068715,-0.068447,-0.113441,1.068218,0.022276
0.099853,-0.294164,-0.445062,0.618422,-0.133939,-0.196704,-0.220110,0.816736,0.105081
0.135264,-0.815709,-0.858335,0.734840,-0.180381,-0.157080,-0.284558,1.393596,0.138185
0.176561,-0.786913,-0.994669,-0.056676,-0.188934,-0.026661,-0.268853,1.269571,0.108689
0.226800,0.135386,0.143118,-0.941039,-0.157065,0.058677,-0.118444,0.961440,0.042141
0.265445,0.810481,1.173331,-0.732738,-0.078957,0.062907,-0.003784,1.603275,0.010206
0.282042,0.253840,0.299316,-0.319196,0.037118,0.030966,-0.058565,0.505876,0.005766
0.296022,-0.220877,-0.515968,-0.228608,0.117440,-0.087907,-0.074270,0.606029,0.027036
0.322273,0.567219,0.432840,0.883606,0.109898,-0.320492,0.116414,1.135714,0.128345
0.363680,1.102886,1.086948,1.584329,0.016951,-0.442485,0.308070,2.215381,0.290987
0.420417,0.388012,0.306502,-0.242507,-0.159538,-0.270177,0.302176,0.550733,0.189758
0.470786,-0.043878,-0.032897,-1.611418,-0.310868,0.017846,0.182517,1.612351,0.130270
0.494502,-0.039292,0.069062,-0.194789,-0.270359,0.134713,0.044857,0.210372,0.093254
0.513011,-0.854298,-1.073473,0.940438,-0.099335,-0.002430,-0.070113,1.663308,0.014789
0.546259,-1.117895,-1.711539,0.601366,0.047812,-0.296686,-0.048673,2.130891,0.092678
0.574190,0.458885,0.337640,1.137747,0.211038,-0.586091,0.112018,1.272417,0.400588
0.578646,1.614479,2.292373,1.855533,0.390857,-0.709208,0.267250,3.362219,0.727168
0.560924,0.746385,1.277480,0.403447,0.445083,-0.533484,0.313084,1.533563,0.580726
0.520813,-0.782839,-0.730833,-2.044235,0.403548,-0.055579,0.134429,2.307780,0.184011
0.467660,-1.463201,-1.256869,-2.827243,0.353022,0.462171,-0.202513,3.422569,0.379238
0.421627,-0.285690,-0.232457,-1.658486,0.172667,0.698654,-0.211792,1.698891,0.562787
0.389463,2.279977,1.631382,-0.232492,-0.152873,0.643478,0.280900,2.813140,0.516339
0.372006,3.092634,2.540972,0.431879,-0.373656,0.473575,0.654881,4.025847,0.792761
0.374958,0.897233,1.010560,1.198977,-0.390796,0.200736,0.481530,1.806600,0.424888
0.393840,-1.349280,-1.285625,2.736184,-0.376659,-0.221711,0.064980,3.310603,0.195250
0.421224,-1.878151,-2.144379,3.593207,-0.436451,-0.588099,-0.284536,4.586605,0.617311
0.459180,-1.666927,-1.624352,2.130838,-0.504680,-0.567381,-0.430924,3.155572,0.762319
0.499837,-0.782079,-0.236350,-0.717834,-0.493921,-0.161049,-0.209149,1.087564,0.313638
0.529121,0.573658,1.061697,-2.336310,-0.355646,0.233092,0.128174,2.629568,0.197245
0.549169,0.448541,0.440949,-1.819753,-0.108281,0.331022,0.067461,1.925390,0.125851
0.552111,-1.211037,-1.410281,-0.644272,0.158204,0.222143,-0.281538,1.967381,0.153640
0.514229,-1.770443,-1.596916,0.201931,0.360267,0.030803,-0.404294,2.392778,0.294195
0.459875,-0.397800,-0.130691,1.119879,0.426585,-0.223035,-0.227369,1.195598,0.283416
0.454386,1.120728,0.686991,1.875426,0.277217,-0.407097,0.032416,2.290242,0.243628
0.505536,1.770661,0.835617,1.511351,-0.047954,-0.387378,0.284821,2.473394,0.233484
0.557452,1.732685,1.255157,-0.077533,-0.325485,-0.224119,0.399467,2.140941,0.315744
0.579095,0.837754,1.086724,-1.983590,-0.381199,-0.007380,0.262957,2.411935,0.214514
0.583673,-0.616067,-0.062851,-2.590269,-0.311869,0.174759,0.035618,2.663265,0.129072
0.587023,-1.473279,-0.993175,-0.833969,-0.296831,0.161237,-0.112727,1.962766,0.126813
0.597004,-1.347527,-0.979837,1.462244,-0.302819,-0.023562,-0.195255,2.216770,0.130379
0.614364,-0.689777,-0.142079,1.532051,-0.218058,-0.131265,-0.186522,1.686167,0.099570
0.625808,0.055256,0.788604,-0.000467,-0.087377,-0.066493,-0.090100,0.790538,0.020174
0.619687,0.287539,0.892833,-0.810882,0.031049,0.032583,-0.049169,1.239903,0.004443
0.605569,0.038207,0.658511,-0.470657,0.163814,-0.002943,-0.064717,0.810318,0.031032
0.601251,0.215105,0.791472,0.542609,0.257436,-0.212653,-0.002783,0.983424,0.111502
0.609670,0.713176,0.585823,1.371996,0.222845,-0.384463,0.106816,1.653536,0.208881
0.621823,0.676863,0.102585,0.701052,0.091757,-0.279138,0.167888,0.979868,0.114524
0.632853,0.423239,0.154521,-0.633285,-0.071650,-0.006871,0.183689,0.777212,0.038923
0.642564,0.299082,-0.089332,-0.592748,-0.221153,0.160639,0.142363,0.669911,0.094981
0.648914,-0.374449,-1.087506,0.144563,-0.261334,0.173988,0.018557,1.159215,0.098912
0.651751,-1.266951,-1.290601,0.012592,-0.162177,0.111039,-0.115742,1.808584,0.052027
0.654570,-0.908627,-0.164391,-0.109046,-0.050815,-0.025950,-0.148626,0.929795,0.025345
0.657740,0.583359,1.024140,0.696843,-0.035924,-0.220948,-0.049822,1.369219,0.052591
0.659482,1.362287,1.405471,1.110738,-0.084748,-0.343208,0.090758,2.250536,0.133211
0.662259,0.683725,0.805809,0.317090,-0.138371,-0.289687,0.162994,1.103338,0.129632
0.668027,-0.188012,-0.326872,-0.321743,-0.194966,-0.136112,0.165280,0.495694,0.083856
0.672807,-0.354902,-0.894292,-0.082750,-0.234743,-0.020148,0.116815,0.965692,0.069156
0.674564,-0.550377,-0.810309,0.084099,-0.195603,-0.009249,-0.030230,0.983152,0.039260
0.677599,-0.983086,-0.823855,0.046068,-0.080275,-0.121764,-0.190859,1.283479,0.057698
0.683332,-0.556019,-0.394892,0.151243,0.016321,-0.246365,-0.150687,0.698549,0.083669
0.686811,0.478390,0.859513,-0.305051,0.026899,-0.191496,0.038175,1.029891,0.038852
0.685647,0.444391,1.171615,-0.999562,-0.033728,-0.010246,0.093834,1.602900,0.010047
0.684710,-0.488719,-0.313905,-0.586295,-0.139403,0.085988,-0.024311,0.825303,0.027418
0.688890,-0.661777,-1.573785,0.167512,-0.276450,0.102303,-0.169069,1.715462,0.115475
0.693993,-0.026015,-1.241578,-0.069520,-0.384795,0.111345,-0.292550,1.243795,0.246050
0.690887,0.532860,-0.154316,-0.409231,-0.364182,0.058896,-0.254890,0.689364,0.201066
0.678637,1.131985,1.136470,-0.132949,-0.179641,-0.009732,0.159376,1.609543,0.057766
0.663164,1.706239,2.441406,0.035343,0.098391,-0.023505,0.803832,2.978752,0.656379
0.645995,1.627042,2.840174,0.049014,0.375102,-0.086713,1.306139,3.273569,1.854220
0.625211,1.237197,2.278486,0.001076,0.562666,-0.152177,1.539200,2.592712,2.708888
0.599188,0.834039,1.576448,-0.613516,0.568629,0.010237,1.500982,1.886057,2.576391
0.567744,-0.452072,0.310838,-0.854399,0.409710,0.266108,1.149149,1.015375,1.559219
0.539366,-2.236842,-1.665897,0.446725,0.263209,0.264881,0.670989,2.824578,0.589667
0.523806,-2.467406,-2.322847,1.570923,0.254211,0.109764,0.393595,3.735172,0.231588
0.516981,-1.045538,-0.849637,0.634654,0.327599,0.139478,0.328776,1.489234,0.234869
0.514718,-0.015013,0.447675,-0.885500,0.429545,0.322334,0.296553,0.992345,0.376352
0.519369,0.238990,0.466382,-1.323876,0.608894,0.476724,0.339226,1.423824,0.713092
0.515955,0.888007,0.791578,-1.700392,0.860757,0.665014,0.519930,2.075207,1.453473
0.483653,1.390093,1.457880,-2.498388,1.055420,0.926459,0.615743,3.209317,2.351377
0.427090,0.461788,0.787028,-1.929532,1.068391,1.050359,0.472597,2.134421,2.468061
0.355878,-0.900995,-0.540838,0.518748,0.894336,0.891068,0.289010,1.171920,1.677366
0.272424,-1.131712,-0.684154,2.641647,0.651320,0.569648,0.207396,2.954173,0.791730
0.202664,-0.855153,-0.303361,2.834588,0.471837,0.261983,0.090127,2.976273,0.299388
0.175536,-0.955642,-0.557980,1.893821,0.358050,0.061448,-0.089206,2.193434,0.139933
0.175712,-0.724220,-0.573552,1.001301,0.224419,0.024521,-0.140830,1.362373,0.070798
0.172405,0.113946,0.123814,0.277617,0.068937,0.120316,-0.030487,0.324630,0.020158
0.161415,0.627025,0.488135,-0.309458,-0.042742,0.215351,0.082040,0.852760,0.054933
0.148726,0.513099,0.288488,-0.405894,-0.099880,0.228293,0.124569,0.715015,0.077611
0.138224,0.174078,0.096117,-0.014069,-0.113817,0.176315,0.121948,0.199348,0.058913
0.135450,-0.276963,-0.169960,0.373064,-0.074554,0.082219,0.065344,0.494744,0.016588
0.133154,-0.603617,-0.464041,0.491551,-0.017227,-0.028935,-0.048864,0.906262,0.003522
0.120381,-0.518124,-0.403950,0.464383,0.010334,-0.126427,-0.186019,0.804537,0.050694
