timestamp,pressure_value,linear_accel_x,linear_accel_y,linear_accel_z,gyro_x,gyro_y,gyro_z,orientation_r,orientation_i,orientation_j,orientation_k
0.008626937866210938,0.796021,-0.023437,0.140625,1.085938,-0.126953,0.117188,-0.082031,0.699890,-0.414124,0.155334,-0.560852
0.028100252151489258,0.800415,0.757812,-0.105469,0.617187,-0.205078,0.091797,0.052734,0.699219,-0.415039,0.157410,-0.560425
0.04783368110656738,0.805176,1.324219,-0.144531,-1.074219,-0.210937,-0.074219,0.205078,0.699646,-0.416382,0.159180,-0.558350
0.06859588623046875,0.810181,1.937500,-0.113281,-0.683594,-0.109375,0.017578,0.386719,0.701538,-0.415955,0.162048,-0.555481
0.08856487274169922,0.813354,-2.363281,0.488281,-0.308594,-0.035156,0.318359,0.542969,0.703613,-0.414001,0.165894,-0.553162
0.1080632209777832,0.814087,0.507812,0.148437,-0.429687,-0.015625,0.224609,0.150391,0.703979,-0.412781,0.167786,-0.553101
0.12863397598266602,0.807373,0.140625,-0.117188,0.718750,0.039063,0.125000,0.015625,0.704102,-0.411987,0.168457,-0.553284
0.14861583709716797,0.796509,0.394531,-0.417969,1.230469,-0.054687,-0.265625,0.039063,0.704651,-0.413391,0.167664,-0.551819
0.1682727336883545,0.786255,3.589844,-1.167969,-2.214844,0.007813,0.046875,0.378906,0.706543,-0.412476,0.169312,-0.549561
0.18857073783874512,0.763062,-0.953125,-0.847656,-2.363281,0.316406,0.402344,0.345703,0.708984,-0.407532,0.171326,-0.549500
0.20893621444702148,0.759399,-1.386719,2.007813,0.140625,0.708984,0.246094,-0.367188,0.709534,-0.402039,0.168274,-0.553711
0.22824501991271973,0.754517,1.730469,2.054688,3.441406,0.474609,-0.066406,-0.332031,0.709656,-0.399597,0.163879,-0.556580
0.24867701530456543,0.735718,-0.332031,0.875000,2.015625,0.140625,-0.427734,-0.126953,0.710205,-0.400940,0.159485,-0.556213
0.2688329219818115,0.725220,-0.449219,0.007813,-0.167969,0.167969,-0.550781,-0.123047,0.711121,-0.402893,0.154419,-0.555115
0.28891420364379883,0.714111,0.316406,0.031250,0.062500,0.121094,-0.314453,0.025391,0.712158,-0.403870,0.151428,-0.553894
0.30855298042297363,0.713257,-0.957031,1.156250,2.476563,-0.109375,-0.292969,-0.041016,0.711914,-0.406616,0.150024,-0.552612
0.3287801742553711,0.751465,0.390625,0.191406,2.722656,-0.621094,-0.373047,0.054687,0.710266,-0.412415,0.150818,-0.550171
0.3493344783782959,0.779175,-0.890625,-1.828125,-1.773438,-0.400391,0.015625,-0.087891,0.708130,-0.415222,0.152832,-0.550232
0.36849451065063477,0.797974,0.054687,-0.566406,0.562500,-0.099609,0.376953,-0.126953,0.706421,-0.414551,0.155518,-0.552246
0.3889811038970947,0.805542,1.066406,-1.054688,3.332031,-0.378906,0.148437,-0.056641,0.704285,-0.416443,0.158630,-0.552612
0.40910792350769043,0.798340,1.082031,-0.371094,-2.062500,-0.703125,-0.017578,0.095703,0.702637,-0.419922,0.161865,-0.551086
0.42908501625061035,0.789062,0.843750,-1.511719,-6.519531,0.337891,0.132812,0.148437,0.704346,-0.416748,0.161560,-0.551453
0.4495081901550293,0.755981,-3.054688,-2.460938,-8.394531,1.365234,0.427734,-0.332031,0.707581,-0.405334,0.155884,-0.557495
0.4690706729888916,0.724365,0.773437,1.695313,3.925781,2.019531,0.613281,-0.515625,0.711304,-0.389648,0.147766,-0.566040
0.4886512756347656,0.692627,0.980469,3.179688,11.218750,0.310547,0.419922,-0.181641,0.710754,-0.385559,0.147705,-0.569519
0.5093190670013428,0.647827,-1.476563,2.449219,5.843750,-1.091797,-0.234375,-0.222656,0.706299,-0.393433,0.151306,-0.568726
0.5294079780578613,0.638794,4.929687,3.566406,-5.457031,-0.550781,0.005859,0.273438,0.705811,-0.396851,0.155518,-0.565857
0.5485608577728271,0.628174,-0.730469,0.664062,-2.761719,0.468750,0.183594,0.865234,0.711670,-0.391724,0.156982,-0.561646
0.5695030689239502,0.614502,-4.746094,-1.292969,5.878906,0.828125,-0.267578,0.242187,0.716431,-0.387512,0.152100,-0.559814
0.5893955230712891,0.600830,-0.792969,-0.304688,5.042969,0.220703,-0.515625,-0.080078,0.718079,-0.388184,0.146790,-0.558716
0.6091365814208984,0.599731,1.480469,0.468750,1.183594,0.337891,-0.242187,0.087891,0.719849,-0.387573,0.143921,-0.557556
0.6286706924438477,0.619507,-0.417969,-1.183594,0.945312,-0.292969,-0.078125,0.158203,0.719971,-0.389282,0.144958,-0.555969
0.6496403217315674,0.647461,-1.039063,-0.878906,-2.617188,0.041016,-0.031250,-0.023437,0.719910,-0.389526,0.144714,-0.555908
0.6694457530975342,0.651367,-0.375000,0.417969,1.062500,0.041016,-0.101563,-0.041016,0.720154,-0.389832,0.143555,-0.555725
0.6889774799346924,0.651123,0.843750,0.808594,1.113281,-0.019531,-0.240234,0.132812,0.721008,-0.391235,0.142639,-0.553833
0.7092804908752441,0.652222,-0.152344,0.195312,0.855469,-0.271484,-0.244141,0.234375,0.721619,-0.394043,0.143188,-0.550903
0.7294538021087646,0.655762,0.507812,-0.019531,-0.585937,-0.291016,-0.208984,0.234375,0.722107,-0.397095,0.144226,-0.547791
0.7491147518157959,0.669312,0.445312,0.226562,-0.023437,-0.353516,-0.222656,0.308594,0.722656,-0.400269,0.145752,-0.544373
0.769625186920166,0.698608,-0.035156,-0.308594,-0.566406,-0.265625,-0.132812,0.197266,0.722839,-0.402588,0.147217,-0.541931
0.790123462677002,0.714478,-1.253906,-0.152344,0.160156,-0.238281,-0.029297,0.072266,0.722412,-0.404297,0.148560,-0.540955
0.8091516494750977,0.734131,0.003906,-0.519531,-1.238281,-0.126953,-0.003906,-0.044922,0.721680,-0.405396,0.148987,-0.540955
0.8298478126525879,0.766602,0.292969,-0.500000,-1.164063,0.019531,-0.015625,-0.044922,0.721558,-0.405334,0.148315,-0.541321
0.8499257564544678,0.775024,0.062500,-0.109375,-0.421875,0.218750,-0.160156,-0.148437,0.721863,-0.404846,0.145508,-0.542114
0.8694875240325928,0.778320,-1.738281,0.058594,1.449219,0.111328,-0.246094,-0.367188,0.720947,-0.405701,0.141785,-0.543640
0.8896322250366211,0.779053,-0.386719,0.218750,1.156250,-0.013672,-0.343750,-0.410156,0.719055,-0.408203,0.137817,-0.545288
0.9102556705474854,0.774048,0.234375,-0.132812,0.230469,-0.070312,-0.335938,-0.453125,0.716553,-0.411499,0.133789,-0.547119
0.929875373840332,0.773926,2.597656,-0.070312,0.179687,-0.011719,-0.294922,-0.330078,0.714966,-0.413818,0.130554,-0.548279
0.949573278427124,0.774658,-0.621094,-0.042969,-0.742187,0.001953,-0.105469,-0.191406,0.714111,-0.414551,0.129150,-0.549133
0.9696972370147705,0.778320,1.058594,-0.050781,0.597656,-0.009766,0.054687,-0.068359,0.713501,-0.414612,0.129089,-0.549866
0.9898884296417236,0.780762,-1.187500,0.160156,1.464844,-0.152344,-0.117188,-0.107422,0.712646,-0.416016,0.128723,-0.550049
1.0094528198242188,0.784912,0.285156,-0.109375,-0.968750,-0.078125,-0.050781,-0.087891,0.711914,-0.416931,0.128418,-0.550354
1.0299179553985596,0.794678,1.027344,-0.261719,-0.710937,-0.009766,0.126953,-0.021484,0.711548,-0.416382,0.129333,-0.551086
1.0498504638671875,0.800171,0.070312,-0.363281,0.667969,-0.074219,0.316406,0.000000,0.710693,-0.415344,0.131958,-0.552246
1.0697715282440186,0.802979,0.054687,0.335938,0.984375,-0.416016,0.285156,-0.068359,0.708435,-0.416748,0.135803,-0.553162
1.0901057720184326,0.810059,2.148438,-0.031250,-0.464844,-0.353516,0.080078,0.048828,0.707153,-0.418884,0.139221,-0.552368
1.109940767288208,0.812378,0.492187,0.722656,-1.191406,-0.349609,0.082031,0.498047,0.708252,-0.420044,0.143066,-0.549072
1.1300978660583496,0.814819,-1.414063,0.929687,-1.250000,-0.029297,-0.359375,0.292969,0.710388,-0.421448,0.142395,-0.545349
1.1501362323760986,0.812012,-1.589844,0.230469,-2.085938,0.107422,-0.498047,0.281250,0.713013,-0.422913,0.139282,-0.541565
1.169870138168335,0.808228,0.070312,-0.703125,0.386719,0.226562,-0.322266,0.062500,0.714661,-0.423218,0.136169,-0.539978
1.1896953582763672,0.805786,-1.054688,-0.453125,-0.187500,0.062500,-0.066406,-0.021484,0.715027,-0.423035,0.135010,-0.539917
1.209909439086914,0.805298,-0.765625,-0.113281,-0.117188,0.091797,0.003906,-0.105469,0.714722,-0.422607,0.134399,-0.540833
1.230362892150879,0.808472,1.617188,-0.597656,1.363281,-0.222656,0.185547,-0.097656,0.713196,-0.423157,0.136475,-0.541931
1.2501130104064941,0.809814,2.234375,-0.105469,0.441406,-0.470703,0.414062,0.234375,0.711914,-0.423889,0.142334,-0.541504
1.2703821659088135,0.814941,-1.136719,0.816406,-1.953125,-0.189453,0.316406,0.228516,0.711731,-0.423645,0.146912,-0.540710
1.290252447128296,0.817383,-1.550781,0.761719,0.183594,-0.128906,-0.056641,0.042969,0.711670,-0.424683,0.148010,-0.539673
1.3104617595672607,0.815918,0.464844,0.593750,-3.363281,-0.123047,-0.144531,0.291016,0.713013,-0.425659,0.148437,-0.537048
1.3298976421356201,0.813599,-1.687500,0.324219,-3.171875,0.396484,-0.394531,0.234375,0.716614,-0.424561,0.144653,-0.534180
1.350639820098877,0.797241,-0.593750,-0.457031,-3.535156,0.894531,-0.664062,0.162109,0.721924,-0.421570,0.136169,-0.531555
1.3703410625457764,0.787109,0.296875,-2.000000,2.171875,0.666016,-0.369141,0.062500,0.725464,-0.418396,0.130310,-0.530701
1.3900172710418701,0.779541,-5.238281,-3.968750,-0.847656,0.261719,0.359375,-0.332031,0.724304,-0.414612,0.129700,-0.535461
1.410447597503662,0.763428,-1.421875,-0.066406,1.871094,0.257813,1.117188,-1.160156,0.717896,-0.408936,0.131958,-0.547729
1.430469036102295,0.753784,3.781250,2.671875,3.707031,-0.419922,1.181641,-0.785156,0.710449,-0.406189,0.139343,-0.557556
1.4502511024475098,0.747925,4.480469,2.113281,1.769531,-0.712891,1.029297,-0.029297,0.705688,-0.405762,0.150208,-0.561096
1.470578908920288,0.763306,-2.535156,3.132813,-1.046875,-0.859375,0.462891,0.107422,0.702148,-0.408813,0.158386,-0.561035
1.4907724857330322,0.766113,0.390625,1.394531,-1.257813,-0.552734,-0.117188,-0.080078,0.699524,-0.413513,0.160828,-0.560181
1.5108387470245361,0.767212,-0.031250,0.507812,1.601563,-0.632812,-0.218750,-0.064453,0.696838,-0.419250,0.162537,-0.558777
1.5303938388824463,0.770386,-0.378906,0.042969,-0.625000,-0.718750,-0.234375,-0.142578,0.693665,-0.424927,0.164124,-0.557922
1.5507924556732178,0.790039,1.093750,-0.468750,0.093750,0.193359,0.068359,-0.216797,0.692810,-0.424622,0.163513,-0.559509
1.570741891860962,0.795410,-0.867187,-0.027344,1.347656,0.054687,0.044922,-0.050781,0.692566,-0.424072,0.162964,-0.560303
1.5903584957122803,0.800537,-0.054687,0.203125,1.824219,-0.080078,-0.179687,-0.101563,0.692139,-0.425415,0.161804,-0.560181
1.6112174987792969,0.803101,0.464844,0.570312,-2.480469,0.232422,-0.169922,0.007813,0.692932,-0.425476,0.159973,-0.559692
1.6309449672698975,0.803345,0.503906,0.218750,-2.796875,0.056641,-0.134766,0.160156,0.694519,-0.425110,0.158936,-0.558289
1.6506338119506836,0.804565,3.160156,0.003906,-0.246094,0.404297,-0.185547,0.404297,0.698914,-0.422546,0.157471,-0.555115
1.6709072589874268,0.809326,0.750000,-0.539062,0.273438,0.390625,0.003906,0.802734,0.705017,-0.418518,0.158691,-0.550171
1.6910810470581055,0.814575,-1.156250,-0.394531,-0.195312,0.269531,0.210937,0.671875,0.709351,-0.414307,0.161621,-0.546814
1.710442066192627,0.819946,-0.570312,-0.128906,-0.453125,0.027344,0.458984,0.119141,0.709900,-0.410828,0.165466,-0.547668
1.730959415435791,0.829956,0.203125,-0.265625,2.441406,-0.072266,0.587891,0.068359,0.708984,-0.408142,0.170166,-0.549377
1.751164436340332,0.829712,0.835937,-1.480469,0.726562,-0.347656,0.384766,0.126953,0.707336,-0.408691,0.175232,-0.549561
1.770660161972046,0.822144,-1.718750,-1.703125,2.718750,-0.861328,-0.054687,-0.130859,0.703369,-0.414429,0.178955,-0.549133
1.7911205291748047,0.794434,-3.550781,-4.429687,-15.851563,-0.332031,0.058594,-0.521484,0.699890,-0.415466,0.177917,-0.553101
1.810776710510254,0.780640,-2.632813,0.074219,-12.148438,2.601563,0.638672,-1.003906,0.702881,-0.397766,0.164978,-0.566162
1.8309412002563477,0.765503,0.820312,5.003906,12.570313,1.851563,0.376953,-0.888672,0.704041,-0.385193,0.154663,-0.576172
1.8507473468780518,0.745483,2.484375,4.300781,17.269531,-1.128906,-0.183594,-0.255859,0.698914,-0.393127,0.157776,-0.576294
1.8714842796325684,0.707031,4.343750,2.136719,-6.074219,-1.460938,-0.484375,-0.058594,0.694153,-0.405029,0.162720,-0.572388
1.8911116123199463,0.693115,4.535156,2.285156,-6.054687,-0.267578,-0.250000,0.777344,0.697449,-0.407349,0.165405,-0.565918
1.9107446670532227,0.685547,-1.476563,1.281250,-2.761719,0.683594,-0.230469,0.814453,0.704529,-0.403320,0.163574,-0.560547
1.9314444065093994,0.662964,-2.902344,-0.789062,5.089844,0.339844,-0.296875,0.156250,0.707581,-0.402161,0.160278,-0.558472
1.95137357711792,0.657471,-0.648437,-1.074219,-1.730469,0.052734,-0.388672,-0.046875,0.708191,-0.403625,0.157227,-0.557495
1.9707276821136475,0.664185,2.062500,-0.332031,-1.636719,0.218750,-0.138672,0.023437,0.709412,-0.402893,0.155273,-0.557007
1.991443157196045,0.687134,0.171875,-0.796875,0.062500,0.146484,0.054687,0.201172,0.710876,-0.401428,0.155457,-0.556213
2.0116684436798096,0.689575,-1.738281,-0.183594,0.152344,0.083984,0.054687,-0.029297,0.710999,-0.400574,0.155457,-0.556641
2.0308804512023926,0.690674,0.062500,0.804687,1.347656,-0.064453,0.023437,0.003906,0.710815,-0.400940,0.155823,-0.556519
2.051626205444336,0.689453,0.523437,0.527344,0.460937,-0.167969,-0.107422,0.072266,0.710754,-0.402466,0.156372,-0.555298
2.0716586112976074,0.701294,0.507812,-0.070312,-0.671875,-0.113281,-0.117188,0.199219,0.711487,-0.403687,0.156799,-0.553406
2.0913500785827637,0.723511,-1.613281,-0.167969,0.003906,-0.082031,-0.251953,0.080078,0.712219,-0.405273,0.156067,-0.551453
2.1119556427001953,0.758301,-0.769531,-0.910156,-0.472656,-0.146484,-0.136719,0.138672,0.712585,-0.406799,0.156189,-0.549866
2.131442070007324,0.767456,0.960937,-0.261719,-2.386719,0.025391,-0.007813,0.046875,0.712952,-0.406738,0.156189,-0.549438
2.151641845703125,0.777710,-0.234375,-0.085937,-0.566406,0.158203,-0.074219,0.041016,0.713806,-0.406067,0.155090,-0.549133
2.1714093685150146,0.785889,-0.964844,0.046875,0.421875,0.093750,-0.205078,-0.113281,0.713867,-0.406677,0.152649,-0.549255
2.1916587352752686,0.799072,1.273438,0.066406,0.117188,0.062500,-0.300781,-0.203125,0.713562,-0.408081,0.149353,-0.549561
2.2116994857788086,0.801636,-2.199219,0.167969,0.601562,-0.041016,-0.435547,-0.353516,0.712341,-0.410889,0.145203,-0.550171
2.2314460277557373,0.803223,1.308594,-0.046875,-0.953125,0.031250,-0.333984,-0.333984,0.710815,-0.413208,0.141174,-0.551392
2.2519309520721436,0.796753,-0.464844,-0.031250,0.816406,0.076172,-0.207031,-0.394531,0.709106,-0.414673,0.137695,-0.553345
2.2716891765594482,0.799561,2.054688,0.027344,1.121094,0.015625,-0.050781,-0.308594,0.707581,-0.415405,0.136108,-0.555176
2.2911200523376465,0.800537,-0.796875,-0.039063,0.441406,-0.121094,0.013672,-0.089844,0.706604,-0.416138,0.136292,-0.555786
2.312098503112793,0.803833,0.261719,-0.031250,-0.625000,-0.062500,-0.021484,-0.097656,0.705872,-0.416748,0.136108,-0.556335
2.332204818725586,0.805664,0.214844,-0.039063,-0.089844,-0.005859,0.042969,-0.056641,0.705444,-0.416626,0.136169,-0.556946
2.3515641689300537,0.807129,-0.007813,0.042969,0.714844,-0.037109,0.085937,-0.041016,0.704956,-0.416443,0.136841,-0.557556
2.3723206520080566,0.812500,0.707031,-0.371094,-0.234375,-0.105469,0.230469,-0.029297,0.704102,-0.415955,0.138916,-0.558533
2.3921303749084473,0.814941,-0.144531,-0.308594,0.003906,-0.132812,0.306641,-0.009766,0.702881,-0.415344,0.141907,-0.559692
2.4119873046875,0.817871,0.699219,0.054687,0.632812,-0.564453,0.265625,0.005859,0.700623,-0.417297,0.146484,-0.559937
2.4315690994262695,0.819214,1.933594,0.476562,-1.367188,-0.552734,0.111328,0.281250,0.699890,-0.419739,0.151184,-0.557739
2.4522817134857178,0.827881,0.953125,1.175781,-1.363281,-0.253906,-0.132812,0.535156,0.701965,-0.421570,0.153198,-0.553223
2.4718308448791504,0.831787,0.535156,0.632812,0.285156,-0.054687,-0.703125,0.552734,0.705811,-0.424805,0.150818,-0.546448
2.491655111312866,0.834961,1.437500,0.484375,-1.226563,0.183594,-0.941406,0.519531,0.710876,-0.427490,0.146240,-0.539001
2.512197971343994,0.836792,-1.687500,-0.601562,-0.941406,0.386719,-0.519531,0.511719,0.715576,-0.427246,0.143005,-0.533813
2.532348155975342,0.835449,0.441406,-0.964844,-1.710938,0.296875,0.001953,0.191406,0.717712,-0.425293,0.142212,-0.532654
2.5518102645874023,0.832886,0.265625,-0.464844,-1.949219,0.369141,0.089844,0.117188,0.719421,-0.422546,0.141357,-0.532837
2.572479486465454,0.819214,-2.785156,-2.160156,4.957031,-0.074219,-0.003906,-0.476562,0.716736,-0.423401,0.140320,-0.536072
2.5925755500793457,0.817627,5.445312,-2.742188,-8.093750,-0.263672,0.742187,-0.500000,0.712646,-0.421082,0.144348,-0.542175
2.612438678741455,0.818115,1.371094,1.226563,-0.394531,0.644531,1.238281,0.068359,0.713013,-0.411194,0.150513,-0.547607
2.632141590118408,0.815186,0.984375,2.132813,8.210938,-0.560547,0.953125,0.212891,0.710754,-0.408936,0.160706,-0.549377
2.6522889137268066,0.810303,-2.378906,2.570313,-1.855469,-0.738281,0.595703,0.171875,0.707764,-0.410522,0.169312,-0.549438
2.6718087196350098,0.807373,-0.292969,0.863281,-1.371094,-0.437500,0.082031,-0.054687,0.705505,-0.413025,0.172546,-0.549438
2.6927244663238525,0.802612,0.824219,-0.531250,-1.386719,-0.193359,0.082031,0.013672,0.704773,-0.413879,0.174072,-0.549255
2.7128522396087646,0.801636,0.703125,-0.652344,-2.062500,0.150391,0.035156,0.160156,0.706055,-0.412476,0.174194,-0.548645
2.7327218055725098,0.799561,-0.589844,0.609375,-0.039063,0.312500,0.003906,0.068359,0.707703,-0.410217,0.172852,-0.548645
2.7518556118011475,0.796265,0.351563,1.734375,1.347656,0.279297,-0.167969,0.052734,0.709412,-0.409302,0.170471,-0.547852
2.7726621627807617,0.798218,0.410156,1.558594,2.328125,-0.070312,-0.390625,0.195312,0.710754,-0.411499,0.169006,-0.544983
2.793396472930908,0.804565,-1.175781,-1.144531,0.328125,-0.136719,-0.232422,0.087891,0.711121,-0.413391,0.168579,-0.543091
2.812040090560913,0.813232,-0.203125,-1.261719,0.011719,0.044922,0.097656,0.068359,0.711243,-0.412781,0.169373,-0.543213
2.832960367202759,0.827759,0.335938,-0.578125,-3.382813,0.060547,0.251953,0.054687,0.711304,-0.410828,0.170715,-0.544189
2.8528544902801514,0.832275,-1.855469,-0.281250,-1.238281,0.349609,0.179687,-0.166016,0.711243,-0.408081,0.169495,-0.546692
2.872476577758789,0.835571,-3.796875,0.003906,3.867188,-0.115234,-0.066406,-0.714844,0.707642,-0.409607,0.166748,-0.551025
2.893120050430298,0.832397,-0.007813,0.410156,-0.101563,-0.041016,-0.179687,-0.597656,0.704285,-0.412170,0.163025,-0.554565
2.912689685821533,0.830200,0.757812,-0.007813,-1.050781,0.021484,-0.298828,-0.546875,0.701782,-0.414612,0.158325,-0.557251
2.9326295852661133,0.827759,0.808594,-0.152344,-0.019531,0.160156,-0.287109,-0.419922,0.700439,-0.416016,0.153931,-0.559082
2.9530961513519287,0.829468,0.777344,-0.121094,2.097656,-0.021484,-0.107422,-0.093750,0.699829,-0.417114,0.152649,-0.559448
2.9731006622314453,0.830688,0.531250,-0.074219,-0.453125,-0.093750,0.011719,-0.171875,0.698486,-0.417969,0.152832,-0.560425
2.992403030395508,0.831299,2.058594,-0.222656,-1.042969,-0.054687,0.322266,-0.035156,0.697510,-0.416687,0.155212,-0.561951
3.0129997730255127,0.837158,0.488281,-0.367188,-0.109375,-0.062500,0.609375,0.066406,0.696594,-0.413696,0.159973,-0.563965
3.0329277515411377,0.838989,0.046875,-0.585937,2.128906,-0.361328,0.792969,0.037109,0.694153,-0.411621,0.167297,-0.566345
3.0532376766204834,0.838745,-0.218750,-0.218750,3.437500,-0.412109,0.597656,0.011719,0.691162,-0.411682,0.174255,-0.567810
3.072476625442505,0.835571,0.031250,0.273438,-1.906250,-0.693359,0.195312,0.046875,0.688416,-0.414917,0.179321,-0.567200
3.093377113342285,0.817383,1.242188,-0.046875,-3.117188,-0.091797,-0.123047,0.162109,0.689209,-0.415771,0.180176,-0.565369
3.1132419109344482,0.807251,2.109375,-1.335938,-4.484375,0.693359,0.066406,0.474609,0.694275,-0.410278,0.178345,-0.563843
3.132552146911621,0.800903,-1.957031,3.218750,2.875000,1.111328,-0.208984,0.076172,0.699463,-0.403992,0.171570,-0.563965
3.15322208404541,0.797974,1.453125,2.222656,4.953125,0.304688,-0.476562,0.095703,0.702148,-0.404114,0.166748,-0.562012
3.173149585723877,0.800537,-0.074219,1.472656,3.613281,-0.332031,-0.525391,0.228516,0.703003,-0.408936,0.165833,-0.557739
3.192983388900757,0.806641,0.683594,1.054688,2.527344,-0.839844,-0.388672,0.269531,0.701904,-0.415100,0.167847,-0.553955
3.2131619453430176,0.829590,1.152344,-0.855469,-2.941406,-0.093750,0.318359,-0.191406,0.700073,-0.414551,0.169861,-0.556030
3.2331008911132812,0.837524,-1.152344,-0.632812,3.277344,0.076172,0.515625,-0.226562,0.697937,-0.412292,0.172791,-0.559448
3.2528955936431885,0.840454,1.496094,-0.300781,4.046875,-0.607422,0.164062,-0.062500,0.695007,-0.415161,0.176819,-0.559692
3.2733378410339355,0.836914,2.792969,-0.421875,-1.429688,-0.494141,-0.042969,0.273438,0.694519,-0.418335,0.180420,-0.556824
3.293328046798706,0.832397,0.910156,0.304688,-3.246094,-0.156250,-0.119141,0.521484,0.697144,-0.418884,0.182373,-0.552490
3.3129940032958984,0.828491,-2.453125,0.664062,-4.910156,0.689453,-0.230469,0.566406,0.703308,-0.414795,0.179016,-0.548828
3.3330326080322266,0.825317,-2.730469,2.441406,0.449219,1.070313,-0.726562,0.207031,0.709900,-0.411255,0.169739,-0.546021
3.353039503097534,0.823242,0.386719,2.898438,5.484375,0.056641,-0.751953,0.185547,0.712463,-0.414307,0.164795,-0.541870
3.3739664554595947,0.831055,-1.667969,-3.265625,-3.640625,-0.494141,-0.251953,0.035156,0.711365,-0.418457,0.165222,-0.539917
3.392855405807495,0.840332,0.265625,-1.238281,-1.921875,-0.046875,0.408203,-0.128906,0.709473,-0.417358,0.167786,-0.542480
3.4136908054351807,0.849243,-1.160156,-1.082031,3.640625,-0.419922,0.660156,-0.337891,0.705017,-0.417786,0.173218,-0.546326
3.4339187145233154,0.846924,2.074219,-0.886719,-1.000000,-1.490234,0.240234,-0.164062,0.697998,-0.425842,0.182007,-0.546204
3.4539241790771484,0.840942,-0.644531,-2.363281,-11.722656,-0.943359,0.330078,0.148437,0.694153,-0.429687,0.189148,-0.545654
3.473820447921753,0.829590,-5.941406,-1.339844,-12.125000,1.154297,0.507812,-0.453125,0.695190,-0.421021,0.185425,-0.552368
3.4939236640930176,0.820435,1.875000,3.292969,5.468750,0.974609,0.306641,-0.511719,0.695862,-0.413940,0.180481,-0.558472
3.5132930278778076,0.813599,-0.441406,2.464844,-2.820313,-0.296875,-0.078125,0.003906,0.695129,-0.415344,0.180786,-0.558228
3.5342626571655273,0.794434,1.191406,0.480469,-4.765625,0.251953,-0.261719,0.027344,0.697021,-0.414734,0.177795,-0.557312
3.553647994995117,0.790283,2.089844,0.746094,2.335938,0.912109,-0.238281,0.367188,0.702515,-0.410217,0.172913,-0.555237
3.5735931396484375,0.788330,-2.066406,-0.871094,7.890625,0.056641,-0.416016,0.197266,0.704834,-0.411011,0.170227,-0.552551
3.593766450881958,0.783691,1.097656,-0.511719,-3.074219,0.058594,-0.083984,-0.054687,0.705017,-0.411255,0.169006,-0.552551
3.6138248443603516,0.785278,0.464844,-0.371094,0.886719,0.148437,0.123047,-0.009766,0.705444,-0.409607,0.169067,-0.553162
3.633742332458496,0.791382,1.070313,0.753906,1.765625,-0.021484,0.027344,0.242187,0.706421,-0.409485,0.170227,-0.551636
3.653380870819092,0.797852,-1.152344,1.613281,2.757813,-0.412109,-0.246094,0.207031,0.706360,-0.412903,0.171631,-0.548767
3.6745173931121826,0.815063,0.648437,-0.808594,-2.183594,-0.214844,-0.056641,-0.021484,0.705444,-0.414978,0.172607,-0.548035
3.6941771507263184,0.825684,-0.492187,-0.738281,-2.917969,-0.001953,0.152344,-0.042969,0.704895,-0.414246,0.173279,-0.549072
3.7134478092193604,0.832031,0.578125,-0.664062,-2.429688,0.316406,0.162109,-0.078125,0.705322,-0.411560,0.172119,-0.550903
3.7340924739837646,0.838135,-1.843750,-0.105469,-0.035156,0.359375,0.025391,-0.337891,0.704773,-0.409668,0.169128,-0.553955
3.754457473754883,0.839355,-2.816406,0.402344,1.500000,0.074219,-0.095703,-0.474609,0.702393,-0.410706,0.165710,-0.557190
3.773674726486206,0.838989,3.441406,0.156250,1.175781,-0.105469,-0.207031,-0.517578,0.699646,-0.413330,0.162598,-0.559631
3.7944633960723877,0.839111,1.539063,-0.304688,-0.996094,0.031250,-0.019531,-0.103516,0.698975,-0.413940,0.161865,-0.560242
3.814656972885132,0.838135,-0.292969,-0.082031,-0.316406,0.037109,0.039063,-0.019531,0.698914,-0.413452,0.161987,-0.560608
3.833672046661377,0.837036,-0.933594,0.023437,0.472656,0.072266,0.166016,-0.009766,0.698792,-0.412354,0.162537,-0.561462
3.85422682762146,0.838501,-1.210938,-0.050781,0.160156,-0.015625,0.072266,-0.103516,0.698059,-0.411987,0.162720,-0.562561
3.874415159225464,0.842041,0.558594,-0.250000,-0.187500,-0.021484,0.251953,-0.181641,0.696594,-0.411072,0.164001,-0.564697
3.89408802986145,0.845703,1.496094,-0.304688,1.468750,-0.207031,0.492187,-0.052734,0.694641,-0.409790,0.168274,-0.566772
3.914261817932129,0.847412,-0.402344,-0.152344,-0.429687,-0.302734,0.523437,0.003906,0.692566,-0.409119,0.173218,-0.568298
3.9347846508026123,0.845459,-0.386719,-0.730469,0.679687,-0.339844,0.257813,-0.058594,0.690430,-0.410095,0.176636,-0.569092
3.9546725749969482,0.839966,0.617187,-0.433594,3.300781,-0.644531,-0.087891,-0.009766,0.688293,-0.414185,0.179871,-0.567749
3.9742648601531982,0.835205,3.128906,0.082031,-2.398438,-0.337891,0.052734,0.421875,0.689392,-0.415283,0.183533,-0.564453
3.994204044342041,0.824951,-5.542969,0.902344,-4.105469,0.742187,-0.025391,0.505859,0.694763,-0.410156,0.181091,-0.562378
4.014827728271484,0.822144,0.656250,2.171875,1.046875,1.025391,-0.455078,-0.046875,0.699585,-0.405701,0.172791,-0.562256
4.034027576446533,0.819458,0.992187,2.351563,3.957031,0.427734,-0.574219,0.156250,0.703003,-0.405640,0.166931,-0.559753
4.054925918579102,0.822632,-0.777344,1.886719,3.207031,-0.197266,-0.642578,0.158203,0.704102,-0.410339,0.164612,-0.555664
4.074646949768066,0.832153,-1.964844,-4.625000,-4.652344,-0.769531,-0.169922,0.152344,0.702393,-0.415344,0.167358,-0.553284
4.093974351882935,0.841309,0.371094,-0.746094,-5.042969,-0.111328,0.574219,-0.138672,0.700317,-0.413391,0.171143,-0.556274
4.114821195602417,0.848877,0.730469,-1.007813,3.531250,-0.052734,0.671875,-0.158203,0.697815,-0.411133,0.175842,-0.559570
4.134650230407715,0.846069,-0.117188,-1.320313,5.902344,-1.005859,0.066406,-0.166016,0.692688,-0.417603,0.181458,-0.559326
4.154211044311523,0.838257,0.871094,-3.179688,-10.597656,-0.970703,-0.056641,0.007813,0.689087,-0.423279,0.185852,-0.558105
4.174646615982056,0.822754,-5.511719,-2.164063,-13.582031,1.244141,0.466797,-0.263672,0.691406,-0.413757,0.181641,-0.563721
4.1949522495269775,0.808350,1.222656,2.566406,1.429688,1.830078,0.431641,-0.435547,0.695374,-0.400452,0.173157,-0.571106
4.214117050170898,0.791382,0.707031,4.113281,8.414063,0.375000,0.007813,-0.056641,0.696777,-0.397278,0.170349,-0.572449
4.2347571849823,0.764160,1.859375,2.660156,-0.773437,-0.009766,-0.214844,0.134766,0.697998,-0.398193,0.169312,-0.570618
4.254782199859619,0.750732,1.289063,2.910156,-0.519531,0.175781,-0.427734,0.378906,0.701599,-0.398499,0.166870,-0.566650
4.274932861328125,0.740967,0.609375,0.519531,1.871094,0.400391,-0.468750,0.507812,0.706055,-0.398193,0.163574,-0.562256
4.29442024230957,0.736084,-2.562500,-2.285156,6.125000,-0.375000,-0.111328,-0.117188,0.704712,-0.401062,0.164124,-0.561768
4.315028190612793,0.746582,-0.585937,-0.863281,-2.937500,-0.404297,0.218750,-0.308594,0.701172,-0.403198,0.166504,-0.563965
4.3351287841796875,0.756104,-0.066406,-1.117188,-0.156250,-0.199219,0.265625,-0.273438,0.698120,-0.403870,0.168335,-0.566711
4.354459524154663,0.764404,-0.695312,-0.375000,0.671875,-0.283203,0.324219,-0.417969,0.694275,-0.404602,0.170471,-0.570312
4.375059127807617,0.778076,0.316406,0.781250,0.347656,-0.273438,0.310547,-0.359375,0.690491,-0.405579,0.172791,-0.573486
4.394824981689453,0.786865,1.128906,0.960937,1.882813,-0.570312,0.099609,-0.312500,0.686340,-0.409302,0.175476,-0.574951
4.415266036987305,0.798950,-0.191406,-0.105469,-2.574219,-0.433594,-0.046875,-0.066406,0.684082,-0.412659,0.177307,-0.574768
4.435353994369507,0.818726,0.750000,-0.281250,-0.320313,-0.208984,-0.005859,-0.099609,0.682800,-0.414124,0.177856,-0.575012
4.45523476600647,0.822632,0.437500,-0.281250,-1.464844,-0.021484,-0.017578,-0.023437,0.682556,-0.414551,0.177795,-0.575012
4.474704742431641,0.824585,-0.859375,-0.003906,0.269531,-0.033203,-0.191406,-0.033203,0.682556,-0.415955,0.176514,-0.574463
4.495497226715088,0.825439,0.750000,0.140625,-0.679687,0.033203,-0.296875,-0.048828,0.683044,-0.417358,0.174255,-0.573486
4.515344142913818,0.824951,2.031250,0.500000,-1.640625,0.316406,-0.195312,0.250000,0.685913,-0.416260,0.172363,-0.571411
4.534974575042725,0.824463,1.156250,0.101563,1.355469,0.271484,-0.285156,0.525391,0.690552,-0.414856,0.171204,-0.567200
4.554757356643677,0.824463,-0.050781,-0.503906,-0.781250,0.257813,-0.132812,0.822266,0.696106,-0.412598,0.171997,-0.561829
4.5752739906311035,0.830811,-2.339844,-0.769531,-1.390625,0.220703,0.097656,0.486328,0.699463,-0.409912,0.173462,-0.559143
4.5953896045684814,0.835327,0.027344,-0.496094,0.894531,-0.005859,0.363281,0.201172,0.700012,-0.407471,0.176758,-0.559204
4.615035533905029,0.838379,2.304688,-0.371094,2.035156,0.005859,0.513672,0.076172,0.699585,-0.404602,0.181458,-0.560364
4.635565996170044,0.842896,-2.050781,0.355469,-1.472656,-0.367188,0.650391,0.121094,0.697876,-0.402771,0.187622,-0.561768
4.655648708343506,0.844482,0.308594,0.488281,-0.046875,-0.195312,0.347656,-0.150391,0.696045,-0.401917,0.190430,-0.563660
4.675422191619873,0.844727,-0.742187,0.449219,0.019531,-0.005859,-0.017578,-0.068359,0.695618,-0.402161,0.190186,-0.564087
4.695645570755005,0.840576,-0.726562,0.296875,-0.414062,-0.091797,-0.357422,-0.121094,0.695312,-0.404907,0.187561,-0.563354
4.715679883956909,0.836914,-1.585938,0.625000,-1.777344,0.025391,-0.525391,-0.134766,0.695557,-0.408020,0.182556,-0.562500
4.735226631164551,0.834961,-0.402344,-0.019531,0.710937,0.185547,-0.642578,-0.367188,0.695679,-0.410706,0.176025,-0.562439
4.7557477951049805,0.839844,2.292969,-1.109375,-0.605469,0.085937,-0.007813,-0.091797,0.695557,-0.410461,0.174683,-0.563171
4.775640964508057,0.844482,1.699219,-0.511719,0.886719,0.128906,0.539062,-0.076172,0.694702,-0.406677,0.177612,-0.566040
4.795273542404175,0.849976,-0.460937,0.011719,2.984375,-0.222656,0.929687,0.050781,0.692566,-0.402954,0.184692,-0.569092
4.815787315368652,0.850220,-1.640625,-0.476562,2.535156,-0.333984,0.519531,-0.119141,0.689453,-0.403320,0.190125,-0.570801
4.835702657699585,0.843750,1.386719,-1.195313,1.035156,-0.789062,-0.003906,-0.005859,0.686279,-0.408447,0.194397,-0.569580
4.855700731277466,0.832886,0.789062,-2.222656,-7.445312,-0.445312,-0.125000,0.162109,0.685669,-0.411316,0.196594,-0.567505
4.875371932983398,0.822876,-4.281250,-3.144531,-12.015625,1.023438,0.236328,0.027344,0.689392,-0.403137,0.192139,-0.570374
4.896103858947754,0.791504,-2.375000,1.777344,-2.472656,2.171875,0.248047,-0.478516,0.694275,-0.388855,0.180481,-0.578064
4.915644884109497,0.776611,0.003906,3.820313,9.628906,0.628906,-0.128906,-0.443359,0.694580,-0.385925,0.174438,-0.581543
4.93567681312561,0.764648,1.750000,2.441406,-2.375000,-0.750000,-0.458984,0.035156,0.693115,-0.392578,0.174805,-0.578735
4.956127166748047,0.732544,0.425781,1.062500,-4.082031,0.066406,-0.519531,0.283203,0.695862,-0.394653,0.171936,-0.574890
4.976074457168579,0.716553,0.417969,0.191406,2.238281,0.820312,-0.511719,0.386719,0.701538,-0.392151,0.165833,-0.571472
4.9955971240997314,0.703979,0.101563,0.296875,6.335937,0.076172,-0.464844,0.310547,0.704651,-0.392944,0.163330,-0.567810
5.016355037689209,0.692261,0.003906,-0.937500,-0.843750,-0.113281,0.080078,0.365234,0.706116,-0.393066,0.165527,-0.565247
5.036387205123901,0.699341,-1.382813,-1.171875,-1.277344,-0.230469,0.062500,0.177734,0.706177,-0.393799,0.167908,-0.563904
5.055967092514038,0.710815,-0.753906,-1.203125,-1.960938,-0.060547,0.103516,-0.023437,0.705566,-0.393860,0.168945,-0.564392
5.076181173324585,0.736816,-0.789062,0.269531,1.265625,-0.123047,0.164062,-0.128906,0.704285,-0.393921,0.170288,-0.565552
5.096022605895996,0.748657,-0.589844,0.484375,1.371094,-0.191406,0.021484,0.041016,0.703613,-0.395142,0.171692,-0.565125
5.11561918258667,0.764282,0.328125,-0.328125,-0.582031,-0.242187,-0.083984,0.042969,0.703064,-0.397095,0.172729,-0.564026
5.13604998588562,0.800903,-0.054687,-0.656250,-1.867188,-0.171875,-0.007813,0.011719,0.702637,-0.398010,0.173584,-0.563660
5.156711101531982,0.815186,1.148438,-0.281250,-2.648438,0.126953,0.148437,0.027344,0.702881,-0.396606,0.173950,-0.564270
5.176141262054443,0.820557,-0.890625,0.121094,-0.558594,0.089844,0.031250,-0.101563,0.702698,-0.395813,0.173096,-0.565308
5.195826292037964,0.822876,-0.875000,-0.054687,0.460937,0.115234,-0.107422,-0.310547,0.701477,-0.396301,0.170349,-0.567261
5.216341018676758,0.805420,-2.949219,-0.132812,0.101563,0.029297,-0.312500,-0.726562,0.697754,-0.399536,0.164978,-0.571228
5.236825704574585,0.797363,-2.246094,-0.421875,0.562500,-0.019531,-0.556641,-0.900391,0.693665,-0.404358,0.158508,-0.574585
5.25592565536499,0.799927,1.722656,-1.394531,1.605469,-0.208984,-0.400391,-0.113281,0.692505,-0.407959,0.157166,-0.573853
5.276690244674683,0.807617,9.460938,-0.710937,0.562500,-0.404297,0.554687,0.710937,0.694031,-0.406677,0.165405,-0.570618
5.296675443649292,0.810547,-4.699219,-0.312500,-2.968750,-0.210937,0.751953,0.833984,0.696594,-0.402344,0.174438,-0.567871
5.316225528717041,0.808716,-4.316406,0.796875,-5.421875,0.480469,0.484375,0.037109,0.697815,-0.396912,0.175781,-0.569763
5.336485147476196,0.794556,-0.960937,1.125000,2.804688,0.066406,-0.060547,-0.064453,0.697937,-0.396606,0.174683,-0.570190
5.3566505908966064,0.790771,0.281250,0.644531,-0.648437,-0.162109,-0.386719,-0.148437,0.697205,-0.399963,0.172485,-0.569336
5.376188278198242,0.789185,1.468750,0.382813,-0.074219,-0.058594,-0.447266,0.066406,0.697998,-0.402954,0.169983,-0.567078
5.3966755867004395,0.789673,-0.226562,0.523437,0.664062,-0.144531,-0.525391,0.132812,0.698914,-0.406555,0.167908,-0.563965
5.417144060134888,0.794312,-0.097656,-1.222656,-2.101563,-0.142578,-0.205078,0.000000,0.698792,-0.408752,0.167175,-0.562744
5.436313152313232,0.805786,0.562500,-0.757812,-1.296875,-0.115234,0.109375,-0.052734,0.698181,-0.408508,0.167969,-0.563416
5.456694841384888,0.826904,0.539062,-0.742187,-2.457031,0.222656,0.527344,-0.068359,0.697510,-0.404602,0.170654,-0.566284
5.476829767227173,0.832642,0.480469,-0.792969,3.183594,-0.238281,0.888672,-0.117188,0.694458,-0.401489,0.177429,-0.570129
5.4969587326049805,0.835815,-1.328125,0.230469,2.281250,-0.240234,0.732422,-0.087891,0.691162,-0.399963,0.183960,-0.573120
5.516001224517822,0.838135,1.011719,0.496094,1.207031,-0.625000,0.359375,0.000000,0.688232,-0.401855,0.189575,-0.573486
5.536935091018677,0.839722,0.734375,0.703125,-1.148438,-0.417969,-0.060547,0.203125,0.687927,-0.404419,0.192444,-0.571167
5.556720495223999,0.840088,2.214844,0.050781,-1.042969,-0.169922,-0.181641,0.533203,0.690918,-0.405273,0.194336,-0.566284
5.576224088668823,0.841309,-3.789063,-0.054687,-1.554688,0.181641,-0.193359,0.718750,0.695496,-0.403992,0.195068,-0.561279
5.596855878829956,0.843262,-1.101563,-0.140625,-0.308594,0.101563,-0.060547,0.048828,0.696777,-0.403198,0.194519,-0.560425
5.616894721984863,0.844849,-0.585937,0.160156,0.949219,0.009766,0.021484,-0.025391,0.696777,-0.402710,0.194519,-0.560852
5.6367809772491455,0.847656,0.394531,-0.085937,-1.441406,0.126953,0.156250,-0.101563,0.696167,-0.401611,0.194031,-0.562561
5.656944751739502,0.848145,-2.527344,0.066406,-0.882812,0.140625,-0.175781,-0.771484,0.692871,-0.402832,0.189575,-0.567200
5.6767449378967285,0.842285,0.289063,0.269531,0.632812,0.363281,-0.304688,-0.806641,0.689392,-0.404785,0.182434,-0.572388
5.696582794189453,0.837280,-0.410156,-0.128906,4.542969,-0.111328,-0.531250,-0.757812,0.685791,-0.409790,0.176392,-0.575073
5.717347860336304,0.833618,2.542969,-0.457031,1.410156,-0.199219,-0.330078,-0.220703,0.684204,-0.413391,0.174622,-0.574829
5.736799240112305,0.835083,5.566406,-4.011719,-7.523437,0.015625,0.544922,0.689453,0.687195,-0.408508,0.179810,-0.573242
5.756675958633423,0.832764,-5.914062,-0.957031,-4.292969,1.019531,1.142578,0.455078,0.691528,-0.395203,0.184265,-0.575928
5.776563405990601,0.820068,0.707031,1.304688,5.089844,0.339844,0.957031,0.193359,0.692261,-0.386963,0.189758,-0.578796
5.79768705368042,0.773315,-3.980469,2.683594,-0.105469,-0.548828,0.455078,0.130859,0.690125,-0.387756,0.195862,-0.578796
5.8172008991241455,0.759277,-0.171875,1.207031,-2.570313,-0.617187,-0.251953,-0.312500,0.686646,-0.393433,0.196899,-0.578735
5.836694240570068,0.751953,0.359375,0.746094,-2.746094,-0.087891,-0.273438,-0.269531,0.685242,-0.396179,0.194275,-0.579407
5.85739803314209,0.738403,-0.269531,1.042969,-2.242188,0.660156,-0.417969,-0.294922,0.686829,-0.395142,0.186890,-0.580688
5.877477645874023,0.728149,0.480469,0.160156,2.023438,0.576172,-0.669922,-0.107422,0.689636,-0.395081,0.178406,-0.580078
5.896961212158203,0.719238,-1.898438,-0.714844,-0.687500,0.453125,-0.748047,-0.251953,0.691101,-0.396606,0.170044,-0.579773
5.917454957962036,0.720337,2.308594,-1.042969,2.230469,0.095703,-0.285156,-0.365234,0.689880,-0.398560,0.166260,-0.580994
5.937481880187988,0.727173,0.351563,-0.316406,2.253906,-0.474609,-0.023437,-0.171875,0.687256,-0.401917,0.167603,-0.581360
5.956873893737793,0.746460,0.660156,1.968750,4.984375,-0.433594,-0.195312,-0.126953,0.684814,-0.406799,0.168823,-0.580566
5.977618455886841,0.795532,-1.433594,-2.203125,-4.281250,-0.917969,-0.126953,-0.072266,0.681335,-0.412720,0.172119,-0.579529
5.997678518295288,0.815063,2.000000,-1.015625,-0.726562,-0.384766,0.419922,-0.142578,0.678345,-0.412903,0.176270,-0.581665
6.017494201660156,0.826782,0.738281,-1.191406,-2.152344,-0.144531,0.839844,-0.093750,0.675659,-0.409851,0.182556,-0.584961
6.037659168243408,0.832642,0.691406,-0.449219,2.492188,-0.406250,0.476562,0.064453,0.673279,-0.409790,0.188782,-0.585754
6.057635307312012,0.830566,0.316406,0.128906,-0.257813,-0.625000,0.187500,0.193359,0.671448,-0.412537,0.194336,-0.584106
6.0776753425598145,0.824951,-0.425781,0.589844,-2.738281,-0.222656,-0.138672,0.218750,0.671997,-0.414490,0.196045,-0.581604
6.097049713134766,0.816650,1.023438,-0.398438,-3.101563,0.324219,-0.117188,0.345703,0.675415,-0.412048,0.194336,-0.579834
6.117923021316528,0.803589,-3.097656,2.187500,0.757812,1.208984,-0.027344,-0.103516,0.679504,-0.405212,0.187134,-0.582336
6.138712644577026,0.800537,1.718750,3.027344,6.003906,0.548828,-0.285156,-0.421875,0.679993,-0.403687,0.180786,-0.584778
6.157482624053955,0.801270,1.839844,2.085938,6.359375,-0.445312,-0.232422,-0.041016,0.678467,-0.408142,0.181580,-0.583191
6.1787638664245605,0.823364,1.550781,1.125000,4.156250,-1.121094,-0.214844,0.345703,0.676697,-0.414551,0.186279,-0.579285
6.198545932769775,0.831665,3.210938,-0.730469,-1.253906,-0.232422,0.154297,-0.054687,0.675537,-0.415405,0.188782,-0.579163
6.217487096786499,0.837280,2.125000,-0.753906,-1.882813,0.111328,0.390625,0.421875,0.677124,-0.412537,0.192749,-0.578064
6.238247394561768,0.842529,3.433594,-0.132812,2.906250,-0.101563,0.357422,0.820312,0.680481,-0.409851,0.198914,-0.573914
6.258053302764893,0.843872,-0.402344,0.699219,1.136719,-0.289063,0.166016,0.894531,0.684082,-0.408813,0.205078,-0.568176
6.277737140655518,0.844116,-0.832031,0.222656,-0.722656,-0.146484,-0.103516,0.398438,0.686340,-0.409302,0.207214,-0.564392
6.298175573348999,0.840576,-0.953125,0.144531,-3.445313,0.058594,-0.267578,0.187500,0.688293,-0.409973,0.205505,-0.562073
6.318187236785889,0.838745,-1.636719,0.464844,-2.855469,0.507812,-0.623047,0.025391,0.691650,-0.409790,0.198425,-0.560669
6.337798118591309,0.838379,-1.839844,-0.339844,-0.972656,0.673828,-0.398438,-0.302734,0.693420,-0.408264,0.191406,-0.562012
6.358078956604004,0.843628,-0.574219,-0.117188,-0.597656,-0.060547,0.138672,-0.089844,0.692566,-0.407410,0.191711,-0.563599
6.378020286560059,0.849243,1.832031,-0.707031,-1.097656,0.136719,0.789062,-0.125000,0.690796,-0.402893,0.196106,-0.567505
6.398070812225342,0.853760,0.792969,-0.406250,4.199219,-0.302734,0.976562,-0.005859,0.687683,-0.399475,0.203979,-0.570862
6.418132543563843,0.855347,-0.187500,-0.214844,2.558594,-0.648437,0.443359,0.015625,0.684204,-0.401489,0.210815,-0.571167
6.43912410736084,0.845337,0.863281,-1.125000,-2.035156,-0.785156,-0.187500,-0.042969,0.681396,-0.407532,0.214294,-0.568970
6.458372116088867,0.835449,-0.453125,-2.472656,-7.816406,-0.376953,-0.195312,0.080078,0.680969,-0.409790,0.214661,-0.567688
6.4777185916900635,0.826660,-4.347656,-3.234375,-14.609375,1.779297,0.267578,-0.394531,0.684692,-0.398621,0.205566,-0.574463
6.498307704925537,0.805908,-1.804688,2.898438,3.843750,1.439453,0.009766,-0.693359,0.686218,-0.390808,0.195129,-0.581604
6.5184338092803955,0.796021,2.359375,3.242188,0.671875,-0.324219,-0.541016,-0.431641,0.684021,-0.395630,0.191101,-0.582275
6.538511753082275,0.784058,0.750000,2.093750,-4.199219,-0.068359,-0.515625,-0.113281,0.684143,-0.398987,0.187378,-0.581055
6.558489084243774,0.762451,0.386719,-0.933594,-0.218750,0.750000,-0.343750,-0.011719,0.686890,-0.397034,0.181213,-0.581116
6.578698396682739,0.759521,-0.632812,-0.636719,8.792969,-0.054687,-0.314453,-0.226562,0.686462,-0.398926,0.178284,-0.581238
6.597881555557251,0.758179,-0.703125,-0.191406,-3.121094,-0.218750,-0.152344,-0.050781,0.685364,-0.401550,0.178101,-0.580811
6.618499040603638,0.770996,-0.750000,-0.679687,-0.523437,-0.214844,-0.070312,-0.281250,0.683228,-0.403809,0.177734,-0.581848
6.638685703277588,0.776001,-0.160156,0.945312,0.632812,-0.193359,-0.234375,-0.253906,0.681213,-0.407227,0.176392,-0.582214
6.658318519592285,0.788940,-0.222656,0.976562,2.687500,-0.396484,-0.281250,-0.162109,0.679321,-0.411377,0.175842,-0.581726
6.678763151168823,0.824585,1.800781,-0.941406,0.054687,-0.421875,0.078125,-0.162109,0.676697,-0.413635,0.178040,-0.582458
6.698758840560913,0.834961,1.281250,-0.695312,-3.625000,-0.111328,0.626953,-0.062500,0.674622,-0.411438,0.182800,-0.584961
6.718682289123535,0.840698,0.828125,-0.449219,1.625000,-0.187500,0.677734,0.048828,0.672791,-0.408875,0.188416,-0.587097
6.738017559051514,0.843872,0.109375,-0.316406,1.433594,-0.376953,0.386719,0.037109,0.670593,-0.409180,0.193420,-0.587769
6.758724927902222,0.840820,0.289063,-0.398438,1.441406,-0.591797,0.169922,0.000000,0.667969,-0.412109,0.198120,-0.587158
6.778576612472534,0.834839,0.886719,-0.070312,-1.972656,-0.517578,0.003906,0.125000,0.666626,-0.415100,0.201782,-0.585327
6.798447608947754,0.826416,0.503906,-0.558594,-6.355469,0.294922,0.060547,0.271484,0.669250,-0.411926,0.201050,-0.584839
6.819011688232422,0.813965,-3.273438,0.226562,-5.484375,1.259766,-0.060547,-0.126953,0.673401,-0.405273,0.193481,-0.587219
6.83883261680603,0.809570,1.726563,2.507813,4.050781,0.371094,-0.617187,-0.169922,0.675171,-0.406067,0.186768,-0.586853
6.858345031738281,0.807739,0.492187,0.691406,2.105469,-0.212891,-0.398438,0.035156,0.675232,-0.409973,0.185059,-0.584595
6.8787312507629395,0.815308,0.539062,0.679687,2.015625,-0.599609,-0.421875,0.089844,0.674072,-0.416016,0.186279,-0.581238
6.899296522140503,0.824219,-0.613281,-2.277344,-3.078125,-0.158203,0.000000,-0.044922,0.673035,-0.417725,0.187561,-0.580811
6.918426752090454,0.832153,-1.125000,-0.324219,1.121094,0.033203,0.318359,-0.011719,0.672302,-0.416016,0.189209,-0.582336
6.938913822174072,0.842041,3.726563,-0.363281,4.601562,-0.261719,0.292969,0.107422,0.671448,-0.415771,0.193787,-0.582031
6.958808898925781,0.845947,2.617188,-0.128906,-0.433594,-0.490234,0.394531,0.693359,0.672668,-0.415222,0.202209,-0.578125
6.979299545288086,0.848755,-2.359375,0.730469,-0.992187,-0.193359,0.357422,0.849609,0.675903,-0.413025,0.208923,-0.573547
6.99836277961731,0.850098,-1.308594,0.492187,-0.593750,-0.123047,-0.162109,0.376953,0.678345,-0.413330,0.210327,-0.569946
7.0191490650177,0.848755,0.171875,0.937500,-2.078125,0.281250,-0.335938,0.453125,0.682373,-0.412781,0.208008,-0.566284
7.038986921310425,0.846802,-2.464844,0.222656,-1.644531,0.576172,-0.542969,0.146484,0.686707,-0.411560,0.202026,-0.564087
7.058961868286133,0.843750,-0.105469,-0.843750,-1.980469,0.552734,-0.373047,-0.066406,0.689575,-0.409973,0.195923,-0.563965
7.0790488719940186,0.836060,-2.867188,-1.726563,0.343750,0.681641,-0.404297,-0.318359,0.691101,-0.408142,0.188660,-0.565857
7.099457740783691,0.832520,-0.148437,-3.636719,8.464844,-0.037109,-0.041016,-0.576172,0.687927,-0.408630,0.186890,-0.570007
7.119066476821899,0.831909,2.281250,-4.179687,-4.789062,-0.011719,1.263672,-0.498047,0.682739,-0.403381,0.192566,-0.578003
7.13914680480957,0.826782,1.132813,3.480469,8.187500,-0.072266,0.863281,-0.431641,0.678101,-0.400269,0.197632,-0.583862
7.159471750259399,0.820557,1.058594,1.179688,-4.128906,-1.117188,0.117188,-0.072266,0.673340,-0.405945,0.203918,-0.583313
7.178637266159058,0.810913,-0.351563,0.464844,-7.214844,-0.083984,0.140625,-0.066406,0.672241,-0.406067,0.205261,-0.584045
7.199069023132324,0.787476,0.335938,1.636719,-2.687500,0.755859,0.128906,-0.064453,0.674622,-0.400635,0.201294,-0.586426
7.219181537628174,0.773437,-0.820312,1.773438,4.710937,1.128906,-0.259766,-0.142578,0.678406,-0.395264,0.192932,-0.588440
7.238916635513306,0.764160,2.363281,0.238281,4.476562,0.607422,-0.515625,-0.113281,0.681335,-0.393921,0.185730,-0.588318
7.259535312652588,0.758667,0.742187,-0.429687,0.898437,0.193359,-0.244141,0.183594,0.683411,-0.393860,0.183289,-0.586731
7.279689788818359,0.762817,-0.445312,-1.218750,0.492187,-0.113281,-0.085937,0.044922,0.683655,-0.394836,0.183655,-0.585693
7.299461364746094,0.767944,-0.675781,-0.472656,-1.675781,-0.099609,0.074219,0.232422,0.684387,-0.394714,0.185303,-0.584351
7.318941831588745,0.771484,0.789062,0.906250,1.375000,0.123047,0.066406,0.214844,0.685974,-0.393433,0.186218,-0.583069
7.339693307876587,0.774658,0.105469,1.710938,3.558594,-0.257813,-0.021484,0.367188,0.687073,-0.394775,0.188782,-0.580078
7.3599607944488525,0.778198,-0.812500,2.253906,1.976563,-0.632812,-0.410156,0.285156,0.687012,-0.400330,0.191040,-0.575500
7.379438400268555,0.794312,-0.972656,-1.933594,-3.808594,-0.171875,-0.154297,0.054687,0.687073,-0.402771,0.191345,-0.573730
7.399670124053955,0.820190,1.800781,-0.824219,0.328125,-0.064453,0.052734,0.091797,0.687256,-0.402466,0.191895,-0.573486
7.419728517532349,0.825928,0.007813,-0.617187,-3.968750,0.267578,0.273438,0.046875,0.687988,-0.399231,0.192871,-0.574585
7.439175367355347,0.829712,0.414062,-0.113281,0.226562,0.269531,0.445312,-0.033203,0.687683,-0.395264,0.193604,-0.577393
7.459785461425781,0.825439,-2.726563,0.585937,2.562500,-0.082031,0.072266,-0.949219,0.682373,-0.396729,0.190979,-0.583496
7.479576587677002,0.818726,4.800781,0.031250,0.027344,-0.132812,-0.173828,-0.828125,0.677490,-0.400024,0.187561,-0.588013
7.499724626541138,0.815796,1.566406,-0.589844,-0.500000,-0.001953,-0.208984,-0.142578,0.676758,-0.401428,0.185608,-0.588562
7.519943475723267,0.811890,0.871094,-0.941406,-0.484375,0.089844,0.164062,-0.013672,0.676941,-0.399597,0.186646,-0.589294
7.540217161178589,0.809692,-1.449219,0.308594,-0.785156,0.251953,0.779297,0.376953,0.678528,-0.393188,0.191345,-0.590210
7.559378385543823,0.807129,1.710938,1.417969,3.996094,0.167969,0.583984,0.435547,0.680786,-0.388000,0.196228,-0.589478
7.579766511917114,0.806030,1.589844,1.558594,1.957031,-0.302734,0.246094,0.843750,0.683899,-0.386719,0.202454,-0.584595
7.60023307800293,0.808594,-3.144531,1.558594,-1.566406,-0.251953,-0.154297,0.433594,0.685730,-0.388123,0.204651,-0.580750
7.620095729827881,0.812134,-1.160156,0.410156,-1.023438,0.037109,-0.232422,-0.101563,0.685669,-0.389771,0.202637,-0.580383
7.63973331451416,0.812866,-1.804688,1.097656,1.539063,-0.080078,-0.466797,-0.394531,0.684082,-0.393616,0.198547,-0.581116
7.66018271446228,0.817627,1.003906,-1.132813,-0.738281,-0.091797,-0.326172,-0.388672,0.682129,-0.397156,0.195435,-0.582092
7.6805949211120605,0.827026,0.742187,-0.304688,2.394531,-0.234375,-0.097656,-0.152344,0.680481,-0.399170,0.195557,-0.582581
7.699673414230347,0.835327,4.117187,-0.699219,-0.078125,-0.156250,0.535156,0.046875,0.679138,-0.397400,0.200500,-0.583679
7.720378875732422,0.845825,0.523437,-0.269531,0.855469,-0.255859,0.654297,0.347656,0.678894,-0.394653,0.207886,-0.583191
7.740246534347534,0.846313,1.023438,0.003906,-0.605469,-0.314453,0.421875,0.546875,0.679687,-0.393311,0.214050,-0.580933
7.760157108306885,0.841675,-2.109375,-0.269531,-0.468750,-0.193359,0.064453,0.203125,0.680115,-0.393677,0.216675,-0.579224
7.7804951667785645,0.826782,-2.175781,-0.828125,-3.468750,-0.171875,-0.064453,0.070312,0.680054,-0.394653,0.217285,-0.578430
7.800403594970703,0.819458,-1.574219,-1.039063,-8.527344,0.767578,-0.015625,-0.277344,0.681641,-0.390137,0.211670,-0.581665
7.819657325744629,0.812012,-0.156250,2.468750,0.371094,1.396484,-0.218750,-0.318359,0.685242,-0.383484,0.201477,-0.585449
7.840215444564819,0.804321,0.632812,4.000000,7.929687,0.238281,-0.671875,-0.125000,0.686707,-0.385498,0.195068,-0.584595
7.86065936088562,0.807983,-1.339844,1.121094,2.984375,-0.619141,-0.611328,-0.113281,0.684753,-0.393677,0.193726,-0.581848
7.8798956871032715,0.817505,1.507813,-5.253906,-7.097656,-0.787109,-0.177734,-0.267578,0.681213,-0.399536,0.195129,-0.581604
7.900473356246948,0.834229,-1.488281,-1.277344,-2.515625,0.007813,0.423828,-0.365234,0.678284,-0.398132,0.196533,-0.585449
7.920675277709961,0.834229,0.359375,-1.167969,3.324219,-0.388672,0.283203,-0.414062,0.673523,-0.400085,0.199219,-0.588745
7.940579891204834,0.830322,2.781250,-0.785156,-3.699219,-0.880859,0.105469,-0.396484,0.668091,-0.405151,0.203186,-0.590149
7.959637641906738,0.826416,1.371094,-2.824219,-12.710938,0.382813,0.462891,0.042969,0.668762,-0.399597,0.203735,-0.592957
7.980774402618408,0.806519,-1.300781,-0.054687,-3.789063,1.638672,0.765625,-0.035156,0.672974,-0.385620,0.199951,-0.598694
8.000747203826904,0.778564,1.687500,2.972656,8.359375,0.353516,0.464844,0.203125,0.674561,-0.380066,0.201233,-0.600037
8.019974708557129,0.753296,-2.066406,2.078125,-0.542969,-0.564453,-0.060547,0.123047,0.673523,-0.383423,0.204163,-0.598022
8.040647029876709,0.745361,-0.390625,0.539062,-3.054688,-0.259766,-0.373047,-0.062500,0.673035,-0.387390,0.203003,-0.596436
8.060712814331055,0.738770,0.285156,0.261719,-0.902344,0.349609,-0.476562,-0.025391,0.674988,-0.388184,0.197998,-0.595398
8.080538272857666,0.733643,-0.468750,-0.574219,0.960937,0.207031,-0.474609,0.019531,0.676880,-0.389343,0.193420,-0.593994
8.100688219070435,0.733887,0.195312,-0.222656,-3.238281,0.242187,-0.416016,-0.160156,0.677673,-0.390381,0.188904,-0.593872
8.1210036277771,0.742065,0.343750,-0.191406,1.933594,0.041016,-0.085937,-0.164062,0.676941,-0.391235,0.187195,-0.594666
8.140329599380493,0.755737,-0.273438,0.300781,1.605469,-0.337891,-0.146484,-0.193359,0.674866,-0.394653,0.187378,-0.594727
8.161003828048706,0.780640,0.410156,0.125000,1.421875,-0.488281,-0.333984,-0.035156,0.673218,-0.399841,0.188110,-0.592896
8.180829524993896,0.796387,0.832031,-1.371094,-2.929688,-0.316406,-0.050781,-0.033203,0.671997,-0.402466,0.189819,-0.591980
8.200679540634155,0.808105,0.449219,-0.578125,0.238281,-0.251953,0.232422,0.119141,0.671509,-0.402283,0.192810,-0.591675
8.220666646957397,0.818604,1.468750,-0.320313,-0.445312,-0.089844,0.222656,0.304688,0.672546,-0.401123,0.196106,-0.590210
8.241413354873657,0.828491,0.605469,0.539062,0.367188,-0.167969,0.232422,1.056641,0.677063,-0.399231,0.202148,-0.584229
8.261512041091919,0.829468,-5.925781,-0.062500,-1.679688,-0.136719,-0.044922,0.947266,0.681763,-0.398560,0.206116,-0.577820
8.280611991882324,0.831665,-0.960937,-0.667969,-3.679688,0.000000,-0.007813,0.207031,0.683105,-0.397949,0.206482,-0.576538
8.300985097885132,0.843994,-0.125000,-0.164062,-1.082031,0.267578,0.330078,-0.060547,0.682983,-0.394836,0.207092,-0.578613
8.321258306503296,0.848877,0.179687,-0.660156,4.242187,-0.044922,0.472656,-0.123047,0.680908,-0.393066,0.210388,-0.581055
8.34071660041809,0.847778,-0.820312,-0.406250,1.324219,-0.628906,0.529297,-0.115234,0.676819,-0.394592,0.216370,-0.582581
8.360754251480103,0.834473,0.933594,0.039063,-1.347656,-0.554687,0.087891,-0.109375,0.673950,-0.398132,0.219543,-0.582336
8.381496906280518,0.825073,1.015625,-0.699219,-1.757813,-0.255859,-0.394531,0.087891,0.674133,-0.401367,0.218994,-0.580017
8.40071725845337,0.814819,-4.628906,-2.714844,-9.957031,0.431641,-0.062500,-0.062500,0.675781,-0.398438,0.215027,-0.581726
8.421296119689941,0.783203,-1.015625,3.015625,3.054688,1.515625,0.380859,-0.746094,0.676331,-0.389160,0.207092,-0.590149
8.441235065460205,0.769409,4.792969,4.195312,10.851563,-0.052734,0.156250,-0.246094,0.674805,-0.388367,0.207031,-0.592468
8.461021423339844,0.764282,2.847656,2.386719,1.429688,-0.585937,-0.169922,0.492187,0.675781,-0.391785,0.210571,-0.587769
8.48097825050354,0.763916,0.179687,0.730469,0.933594,0.226562,-0.281250,0.566406,0.680237,-0.391479,0.209900,-0.583130
8.501352548599243,0.763794,-1.027344,-0.093750,3.046875,0.007813,-0.439453,0.458984,0.683838,-0.392700,0.208557,-0.578491
8.521701097488403,0.762817,-1.273438,-0.652344,-1.679688,-0.115234,-0.347656,0.136719,0.684998,-0.394958,0.207458,-0.575989
8.540865659713745,0.764282,0.296875,-1.121094,-1.792969,0.054687,-0.037109,0.037109,0.685669,-0.394836,0.206909,-0.575500
8.561482906341553,0.785645,-0.953125,-0.019531,0.367188,0.175781,-0.041016,0.105469,0.686829,-0.393799,0.206177,-0.575012
8.581680297851562,0.803833,-1.042969,0.164062,1.164063,0.011719,-0.064453,-0.035156,0.686890,-0.394043,0.205322,-0.575134
8.601499080657959,0.818481,-0.507812,-0.226562,0.019531,-0.009766,-0.070312,-0.234375,0.685669,-0.395020,0.204224,-0.576294
8.621774911880493,0.830078,0.976562,-0.378906,0.375000,-0.091797,-0.019531,-0.205078,0.684143,-0.396118,0.203247,-0.577698
8.641797542572021,0.831665,-0.304688,-0.410156,-1.359375,0.089844,-0.193359,-0.484375,0.682068,-0.397522,0.199585,-0.580444
8.660853624343872,0.831665,-2.523438,-0.113281,0.320313,0.169922,-0.310547,-0.751953,0.678833,-0.399780,0.193604,-0.584717
8.681643009185791,0.828735,0.585937,0.230469,0.941406,-0.017578,-0.353516,-0.945312,0.674744,-0.402710,0.188232,-0.589111
8.701658487319946,0.830200,4.929687,0.230469,2.519531,-0.070312,0.070312,-0.078125,0.673401,-0.403198,0.187988,-0.590393
8.721019506454468,0.830688,0.640625,-0.144531,-0.078125,-0.103516,0.128906,-0.115234,0.672058,-0.403442,0.189026,-0.591492
8.741782665252686,0.833496,1.843750,-0.328125,-0.390625,-0.056641,0.189453,-0.033203,0.671448,-0.402710,0.190857,-0.592102
8.761794805526733,0.836670,2.863281,-0.402344,1.617188,-0.201172,0.306641,0.490234,0.672974,-0.401123,0.195740,-0.589844
8.78164553642273,0.840088,1.976563,-0.042969,0.222656,-0.238281,0.357422,0.783203,0.675598,-0.399475,0.202087,-0.585815
8.801900148391724,0.844971,-1.398438,0.226562,-2.128906,-0.164062,0.083984,0.320313,0.676697,-0.399170,0.205383,-0.583618
8.821846961975098,0.845947,0.460937,-0.078125,-1.218750,0.007813,0.187500,0.025391,0.676575,-0.397949,0.206848,-0.583984
8.841796636581421,0.845581,-0.878906,-0.269531,0.851562,-0.037109,0.191406,-0.076172,0.675415,-0.397522,0.207764,-0.585327
8.861965417861938,0.845093,-2.605469,-0.058594,-0.980469,-0.044922,-0.060547,-0.503906,0.672546,-0.398926,0.205750,-0.588440
8.881925344467163,0.841797,1.531250,0.058594,0.910156,0.171875,-0.027344,-0.560547,0.670105,-0.399048,0.202759,-0.592163
8.901943683624268,0.843262,1.132813,0.355469,2.933594,0.076172,0.089844,-0.132812,0.669128,-0.398682,0.202209,-0.593689
8.921147346496582,0.845825,-1.097656,-0.125000,0.453125,-0.134766,0.068359,-0.113281,0.668030,-0.399292,0.203125,-0.594177
8.94212293624878,0.852539,3.738281,-0.164062,1.554688,-0.234375,0.146484,0.384766,0.669250,-0.398865,0.207336,-0.591675
8.96192193031311,0.855225,-0.921875,0.097656,-1.562500,-0.261719,0.445312,1.097656,0.673401,-0.395935,0.215515,-0.585876
8.98180627822876,0.856323,-3.886719,-0.214844,-1.402344,-0.111328,0.322266,0.671875,0.676086,-0.393494,0.220886,-0.582520
9.002332210540771,0.848267,-1.839844,-0.382813,0.757812,-0.115234,0.089844,0.109375,0.676025,-0.393921,0.222717,-0.581543
9.02218508720398,0.837036,-1.992188,-1.292969,3.257813,-0.550781,-0.349609,-0.263672,0.673035,-0.399536,0.222351,-0.581360
9.04162859916687,0.825439,0.050781,-3.250000,-14.203125,0.392578,0.097656,-0.806641,0.669922,-0.397705,0.217407,-0.588013
9.062244415283203,0.785767,-1.292969,0.425781,0.503906,1.626953,0.722656,-0.988281,0.668518,-0.386230,0.209412,-0.600037
9.082144975662231,0.768311,2.375000,3.171875,10.183594,0.179687,0.230469,-0.625000,0.665466,-0.384338,0.207642,-0.605286
9.101971626281738,0.757690,5.750000,2.808594,5.160156,-0.785156,-0.134766,0.437500,0.665344,-0.388733,0.212341,-0.600952
9.122640132904053,0.744995,0.003906,1.296875,-6.253906,-0.009766,-0.250000,0.763672,0.670532,-0.388611,0.213379,-0.594849
9.142334699630737,0.739258,-2.417969,2.179688,0.722656,0.988281,-0.638672,0.748047,0.679443,-0.384949,0.206604,-0.589478
9.162577867507935,0.734009,-3.117188,-0.222656,6.382812,0.517578,-0.917969,0.169922,0.684265,-0.386230,0.198120,-0.585999
9.181743383407593,0.729248,-1.042969,-0.781250,2.562500,0.078125,-0.601562,-0.289063,0.684387,-0.389526,0.192383,-0.585571
9.202701568603516,0.725830,1.785156,-0.359375,-0.726562,-0.003906,-0.173828,-0.181641,0.683716,-0.391052,0.190369,-0.585937
9.222489595413208,0.727051,0.468750,-1.011719,-1.453125,-0.042969,0.001953,-0.027344,0.683411,-0.391357,0.190186,-0.586243
9.24212384223938,0.730713,-1.128906,-0.222656,-0.894531,0.136719,-0.031250,-0.140625,0.683167,-0.390991,0.188782,-0.587158
9.262595891952515,0.734741,-0.164062,0.691406,1.597656,0.005859,-0.113281,-0.087891,0.682861,-0.391785,0.187622,-0.587402
9.282674312591553,0.734741,0.847656,1.164063,1.015625,-0.156250,-0.224609,-0.021484,0.682617,-0.394165,0.186951,-0.586243
9.301944255828857,0.737671,0.800781,0.324219,1.070313,-0.328125,-0.251953,0.205078,0.682922,-0.397339,0.187805,-0.583496
9.322595834732056,0.768921,-0.246094,-1.101563,-1.812500,-0.167969,-0.054687,0.167969,0.683289,-0.398682,0.189087,-0.581726
9.342916250228882,0.786499,-0.164062,-0.777344,-2.195313,-0.099609,0.003906,0.072266,0.683472,-0.398987,0.189819,-0.581116
9.362035989761353,0.801636,-0.316406,-0.257813,-1.328125,0.169922,0.015625,0.005859,0.683960,-0.398010,0.189087,-0.581360
9.382822036743164,0.818237,0.128906,-0.015625,0.714844,0.162109,-0.041016,-0.044922,0.684265,-0.397339,0.187683,-0.582031
9.402693033218384,0.819702,-2.851563,0.046875,0.523437,0.007813,-0.113281,-0.417969,0.682312,-0.398376,0.185181,-0.584290
9.422574281692505,0.818848,1.847656,0.113281,-1.277344,0.039063,-0.271484,-0.744141,0.679077,-0.400513,0.180359,-0.588196
9.442179203033447,0.812256,1.625000,-0.343750,-0.449219,0.115234,-0.267578,-0.587891,0.676941,-0.401550,0.175842,-0.591248
9.463073253631592,0.811768,2.039063,-0.214844,2.171875,0.091797,0.029297,-0.031250,0.676941,-0.400635,0.174866,-0.592224
9.484380006790161,0.815552,-1.386719,-0.031250,0.394531,0.048828,0.169922,-0.031250,0.676758,-0.399170,0.175659,-0.593201
9.504117965698242,0.818848,-0.207031,-0.109375,2.179688,0.025391,0.291016,-0.023437,0.676086,-0.397583,0.177490,-0.594360
9.524017810821533,0.832642,3.265625,-0.796875,1.703125,-0.240234,0.273438,0.156250,0.675781,-0.396851,0.182007,-0.593872
9.54293704032898,0.839478,2.105469,-0.375000,-0.992187,-0.361328,0.666016,0.728516,0.677490,-0.394043,0.190979,-0.591003
9.562915563583374,0.843994,1.179688,0.714844,-0.523437,-0.228516,0.560547,0.890625,0.680481,-0.390564,0.198792,-0.587280
9.582944393157959,0.848022,-0.671875,0.269531,0.324219,-0.041016,0.146484,0.218750,0.681458,-0.389404,0.201416,-0.585999
9.603078842163086,0.847656,0.492187,-0.066406,-1.214844,0.013672,0.095703,0.031250,0.681580,-0.388733,0.202393,-0.585999
9.622442960739136,0.847534,0.332031,-0.074219,-0.609375,0.052734,0.138672,0.056641,0.681885,-0.387329,0.203186,-0.586304
9.64341402053833,0.845093,0.250000,-0.058594,-1.101563,0.152344,0.093750,0.009766,0.681946,-0.386108,0.202698,-0.587158
9.663207769393921,0.838989,-4.218750,0.140625,-0.304688,0.113281,-0.132812,-0.552734,0.679382,-0.387390,0.198730,-0.590637
9.682705879211426,0.833374,0.773437,0.324219,2.261719,0.117188,-0.341797,-0.982422,0.675110,-0.390686,0.192383,-0.595459
9.703459739685059,0.825439,1.605469,-0.070312,1.453125,-0.041016,-0.566406,-0.351563,0.673462,-0.395081,0.187256,-0.596069
9.723115921020508,0.823608,-0.671875,-0.445312,1.328125,-0.166016,-0.521484,-0.259766,0.672363,-0.399231,0.183716,-0.595642
9.743103504180908,0.822876,4.230469,-2.464844,0.792969,-0.003906,0.232422,0.041016,0.671875,-0.398010,0.186096,-0.596313
9.762685537338257,0.822632,-1.781250,-1.042969,-3.312500,-0.001953,1.111328,0.183594,0.670959,-0.391235,0.193970,-0.599304
9.783267974853516,0.813843,2.351563,1.425781,2.929688,0.013672,1.222656,0.267578,0.669983,-0.383789,0.203430,-0.601990
9.803304672241211,0.806885,0.894531,2.253906,4.921875,-0.798828,0.804687,0.445312,0.667908,-0.383118,0.214417,-0.601013
9.823397397994995,0.806274,-1.941406,1.406250,-3.488281,-0.615234,0.062500,-0.162109,0.664673,-0.386719,0.218323,-0.600891
9.8433997631073,0.807251,1.449219,0.128906,0.222656,-0.199219,-0.232422,-0.197266,0.663086,-0.390137,0.217468,-0.600647
9.8638277053833,0.809814,-0.105469,-0.347656,0.503906,-0.279297,-0.386719,-0.046875,0.662476,-0.394104,0.216064,-0.599243
9.8833167552948,0.812866,-1.171875,-0.851562,-3.289063,0.080078,-0.333984,-0.236328,0.661987,-0.396301,0.212830,-0.599548
9.90368127822876,0.821167,-0.199219,0.457031,0.851562,0.125000,-0.160156,-0.238281,0.661377,-0.397156,0.209778,-0.600708
9.92373514175415,0.825195,0.894531,0.058594,0.687500,0.140625,-0.228516,-0.232422,0.660950,-0.398132,0.206848,-0.601501
9.943122148513794,0.827759,0.250000,-0.449219,0.996094,-0.007813,-0.128906,-0.107422,0.660767,-0.398987,0.205322,-0.601746
9.9637291431427,0.829346,0.378906,-0.355469,-1.703125,0.171875,-0.183594,0.007813,0.661865,-0.399170,0.203125,-0.601135
9.98372745513916,0.831055,4.425781,-0.402344,0.878906,0.271484,-0.365234,0.371094,0.665710,-0.398621,0.201233,-0.597900
10.003104209899902,0.834473,-1.289063,-0.921875,0.066406,0.060547,0.039063,0.691406,0.669983,-0.396606,0.203552,-0.593628
10.02371621131897,0.845459,0.437500,-0.085937,0.640625,-0.105469,0.289063,0.640625,0.672424,-0.394470,0.208191,-0.590637
10.044246912002563,0.850586,-2.277344,-0.621094,-0.574219,-0.208984,0.572266,0.246094,0.672058,-0.391846,0.214600,-0.590515
10.063718557357788,0.854004,-0.582031,0.425781,0.742187,-0.248047,0.890625,0.251953,0.670471,-0.388306,0.222717,-0.591675
10.083146810531616,0.856445,-2.480469,0.527344,-1.339844,-0.244141,0.621094,-0.054687,0.667542,-0.386902,0.227844,-0.593933
10.103659391403198,0.856567,0.222656,0.789062,-1.832031,0.083984,-0.080078,-0.294922,0.666016,-0.388184,0.225952,-0.595581
10.124187469482422,0.852295,-3.550781,0.878906,2.207031,-0.003906,-0.765625,-0.523437,0.664978,-0.393738,0.218506,-0.595886
10.143376588821411,0.846924,-2.468750,0.089844,-2.351563,0.271484,-1.181641,-0.806641,0.663818,-0.400513,0.205872,-0.597107
10.163853168487549,0.840698,7.242187,-2.125000,-0.222656,0.392578,-0.910156,-0.576172,0.664124,-0.403625,0.196106,-0.597961
10.183970212936401,0.840576,6.625000,-3.230469,3.117188,0.070312,0.591797,0.433594,0.664917,-0.399841,0.200623,-0.598145
10.203776836395264,0.841187,-5.042969,-1.949219,2.367188,-0.501953,1.263672,-0.189453,0.660034,-0.395508,0.211121,-0.602783
10.231394052505493,0.836304,4.007812,2.089844,3.691406,-0.388672,1.382813,0.109375,0.656067,-0.390381,0.222839,-0.606201
10.243152379989624,0.836182,-0.316406,2.675781,1.503906,-0.953125,0.642578,0.517578,0.654053,-0.390991,0.234436,-0.603699
10.263476133346558,0.837646,-1.425781,2.171875,-3.933594,-0.539062,0.148437,0.390625,0.653809,-0.392822,0.240051,-0.600464
10.284182786941528,0.835205,-2.199219,1.281250,-1.054688,-0.199219,-0.291016,0.125000,0.654602,-0.395569,0.240295,-0.597717
10.30439567565918,0.834961,1.675781,-0.832031,-2.156250,-0.234375,-0.439453,0.349609,0.656738,-0.398499,0.240112,-0.593506
10.323800086975098,0.834717,-0.468750,-1.144531,-3.511719,0.166016,-0.179687,0.392578,0.660095,-0.397644,0.239563,-0.590576
10.34419560432434,0.835693,0.308594,0.085937,-1.121094,0.404297,0.007813,0.345703,0.663452,-0.394531,0.238464,-0.589294
10.364043474197388,0.837158,-2.289063,0.378906,1.757813,0.189453,-0.087891,0.052734,0.664856,-0.393555,0.237122,-0.588928
10.384873390197754,0.839722,0.574219,-0.503906,0.464844,0.003906,-0.078125,0.007813,0.665100,-0.393860,0.236694,-0.588623
10.403939962387085,0.843384,0.437500,-0.425781,-1.957031,-0.005859,0.095703,0.013672,0.664978,-0.393250,0.237244,-0.588928
10.424294710159302,0.851074,-0.203125,0.000000,-1.730469,0.210937,0.183594,-0.052734,0.664978,-0.391052,0.236877,-0.590576
10.444664001464844,0.852661,-4.105469,0.117188,-0.847656,0.263672,0.035156,-0.375000,0.663574,-0.390137,0.233704,-0.594055
10.463699102401733,0.853394,1.039063,0.054687,0.988281,0.326172,-0.193359,-0.802734,0.660522,-0.391296,0.227539,-0.599060
10.484196424484253,0.851196,-2.003906,0.121094,0.589844,0.183594,-0.380859,-0.917969,0.656738,-0.394287,0.220642,-0.603760
10.504430532455444,0.851562,5.914062,0.066406,1.816406,0.074219,-0.199219,-0.318359,0.655090,-0.395996,0.217407,-0.605591
10.524466753005981,0.852661,0.421875,-0.246094,-1.171875,-0.025391,-0.056641,-0.097656,0.654724,-0.396545,0.216736,-0.605896
10.544256925582886,0.853882,0.105469,0.011719,0.128906,0.068359,0.041016,-0.054687,0.654541,-0.396118,0.216370,-0.606506
10.564524412155151,0.853516,0.527344,0.042969,0.628906,-0.003906,0.023437,-0.029297,0.654297,-0.395935,0.216431,-0.606873
10.583972692489624,0.853149,0.304688,0.003906,-0.453125,0.005859,0.107422,0.003906,0.654053,-0.395386,0.217041,-0.607239
10.605089902877808,0.854370,-0.230469,-0.148437,-0.343750,0.013672,0.125000,-0.037109,0.653687,-0.394592,0.217590,-0.608032
10.62466311454773,0.854248,0.054687,-0.269531,1.109375,0.003906,0.166016,-0.074219,0.652771,-0.393799,0.218567,-0.609131
10.644251585006714,0.854126,0.152344,-0.324219,0.628906,-0.160156,0.310547,-0.070312,0.651001,-0.393311,0.221436,-0.610291
10.664853811264038,0.854126,0.316406,-0.085937,1.558594,-0.392578,0.398438,-0.009766,0.648560,-0.393372,0.226257,-0.611023
10.684672355651855,0.854614,0.585937,0.335938,0.011719,-0.630859,0.435547,0.218750,0.646545,-0.394226,0.233154,-0.610046
10.704891204833984,0.855103,2.011719,0.707031,-1.414063,-0.431641,0.205078,0.417969,0.646851,-0.394897,0.238892,-0.607117
10.724035024642944,0.857056,-0.367188,0.968750,-1.886719,-0.142578,-0.126953,0.521484,0.649780,-0.395203,0.240967,-0.602905
10.745079040527344,0.858765,-0.390625,0.492187,-2.449219,0.261719,-0.423828,0.458984,0.654358,-0.395264,0.238403,-0.598877
10.764855861663818,0.857544,0.503906,-0.734375,-2.687500,0.416016,-0.546875,0.191406,0.658447,-0.395081,0.233459,-0.596558
10.784687995910645,0.854370,-1.242188,-1.187500,0.531250,0.699219,-0.289063,0.068359,0.661865,-0.392761,0.228394,-0.596252
10.804710626602173,0.843262,-1.496094,-2.136719,1.105469,0.330078,-0.285156,-0.015625,0.662659,-0.392761,0.224182,-0.596924
10.824922800064087,0.840210,-5.261719,-5.371094,0.214844,0.111328,0.234375,-0.992187,0.657776,-0.391235,0.221497,-0.604309
10.844520330429077,0.834595,0.531250,2.539063,6.925781,0.314453,1.140625,-0.734375,0.651855,-0.385132,0.224060,-0.613586
10.865333318710327,0.800903,3.351563,1.984375,-0.710937,-0.603516,0.583984,-0.271484,0.646851,-0.385681,0.229919,-0.616394
10.885215282440186,0.786255,-0.539062,2.917969,-2.183594,-0.386719,-0.080078,0.144531,0.646240,-0.388062,0.232544,-0.614563
10.904660940170288,0.780762,-0.105469,2.335938,-2.375000,0.083984,-0.439453,0.222656,0.649109,-0.389648,0.229614,-0.611633
10.925067901611328,0.765747,-0.863281,2.503906,-0.183594,0.998047,-0.919922,0.218750,0.656067,-0.388733,0.218750,-0.608765
10.94504427909851,0.751343,-0.804687,-0.195312,3.949219,1.128906,-1.222656,0.044922,0.662964,-0.388611,0.204529,-0.606323
10.964976787567139,0.737915,1.437500,-1.484375,4.445312,0.427734,-0.619141,-0.199219,0.664917,-0.389832,0.197327,-0.605774
10.984861850738525,0.735229,2.855469,-1.179688,2.464844,-0.373047,0.115234,0.039063,0.663635,-0.391541,0.199463,-0.605408
11.005132913589478,0.752563,-1.671875,-0.656250,-3.074219,-0.230469,0.128906,-0.185547,0.661377,-0.392639,0.201050,-0.606628
11.025245666503906,0.762817,0.156250,0.292969,2.105469,-0.039063,0.111328,-0.376953,0.658630,-0.393250,0.200867,-0.609253
11.044784545898438,0.770264,0.042969,0.746094,3.000000,-0.410156,0.054687,-0.330078,0.655029,-0.396179,0.202271,-0.610779
11.065395832061768,0.787842,0.824219,0.679687,0.660156,-0.445312,-0.064453,-0.115234,0.652588,-0.399414,0.204102,-0.610718
11.085204362869263,0.793945,0.484375,-0.410156,-1.691406,-0.222656,0.220703,-0.097656,0.650635,-0.399841,0.206482,-0.611694
11.104816436767578,0.801880,-0.656250,-0.027344,-1.386719,-0.091797,0.291016,-0.189453,0.648743,-0.399048,0.208191,-0.613647
11.125244140625,0.824829,-0.210937,0.164062,0.996094,-0.039063,0.027344,-0.132812,0.647766,-0.399414,0.207947,-0.614502
11.145748138427734,0.833008,-0.113281,0.417969,2.882813,-0.242187,-0.369141,-0.058594,0.647217,-0.403015,0.206726,-0.613159
11.164811849594116,0.837524,0.707031,-0.140625,-2.011719,-0.201172,-0.439453,-0.066406,0.646973,-0.407043,0.204834,-0.611389
11.185424327850342,0.840088,0.734375,0.164062,-0.847656,0.048828,-0.451172,0.031250,0.648193,-0.409485,0.201904,-0.609436
11.205599546432495,0.839478,0.550781,0.457031,-1.355469,0.207031,-0.541016,0.158203,0.651306,-0.410706,0.197937,-0.606567
11.225151538848877,0.838623,2.152344,0.316406,0.515625,0.388672,-0.423828,0.513672,0.656738,-0.409790,0.194885,-0.602295
11.245421648025513,0.838623,1.945313,-0.914062,-0.398438,0.306641,-0.314453,0.601562,0.662476,-0.408142,0.193909,-0.597412
11.265710353851318,0.841675,0.132812,-0.714844,-0.167969,0.283203,0.166016,0.906250,0.668152,-0.404175,0.196838,-0.592896
11.285420894622803,0.844971,-2.109375,-0.386719,0.113281,-0.017578,0.388672,0.501953,0.670349,-0.400635,0.201721,-0.591125
11.305262804031372,0.849854,-0.621094,-0.292969,-1.011719,-0.068359,0.800781,0.138672,0.669434,-0.396118,0.207886,-0.593079
11.325753211975098,0.857178,-0.640625,-0.156250,2.863281,-0.208984,0.861328,-0.046875,0.666321,-0.392822,0.214722,-0.596313
11.34585428237915,0.857300,-1.644531,0.566406,-1.011719,-0.421875,0.644531,-0.279297,0.661621,-0.392456,0.220093,-0.599792
11.365343809127808,0.856689,-1.906250,0.925781,-0.359375,-0.345703,0.146484,-0.619141,0.657043,-0.394470,0.220276,-0.603455
11.385905742645264,0.849121,-1.488281,1.039063,-1.929688,0.152344,-0.529297,-0.636719,0.654846,-0.397949,0.213867,-0.605835
11.40567421913147,0.844238,-0.800781,0.570312,-0.121094,0.152344,-0.865234,-0.589844,0.653748,-0.403320,0.204590,-0.606750
11.425272703170776,0.839478,4.343750,-1.167969,-0.902344,0.347656,-0.986328,-0.375000,0.655212,-0.406860,0.195862,-0.605713
11.446278095245361,0.838745,6.421875,-2.410156,-0.917969,0.394531,0.134766,0.582031,0.659180,-0.403198,0.196472,-0.603577
11.465916633605957,0.837524,-2.292969,-1.906250,1.714844,-0.009766,0.820312,0.216797,0.659424,-0.397522,0.202209,-0.605225
11.485382795333862,0.833618,2.933594,1.375000,3.996094,0.197266,0.927734,0.136719,0.659119,-0.390991,0.207947,-0.607849
11.505811929702759,0.825195,0.621094,2.242188,3.140625,-0.361328,0.568359,0.583984,0.659851,-0.388611,0.215515,-0.605896
11.52599573135376,0.825317,-3.796875,2.257813,-0.933594,-0.439453,-0.097656,0.242187,0.659912,-0.391235,0.218506,-0.603088
11.545686721801758,0.824707,-1.859375,0.757812,-1.960938,-0.189453,-0.386719,-0.078125,0.659607,-0.395020,0.217163,-0.601440
11.56639051437378,0.825317,-1.714844,-0.492187,-1.148438,-0.210937,-0.384766,-0.013672,0.659363,-0.398560,0.215576,-0.599976
11.586064100265503,0.827515,-0.582031,-1.136719,-2.464844,0.193359,-0.210937,-0.302734,0.658691,-0.399536,0.212585,-0.601074
11.606095552444458,0.833496,1.546875,-0.332031,2.398438,-0.025391,0.056641,-0.091797,0.657837,-0.399475,0.212341,-0.602173
11.625741243362427,0.839966,-1.472656,-0.675781,-0.128906,-0.062500,0.197266,-0.158203,0.656372,-0.398865,0.213745,-0.603638
11.646250247955322,0.852661,2.898438,-0.421875,1.527344,-0.134766,0.517578,0.123047,0.655457,-0.396545,0.218384,-0.604492
11.666406154632568,0.854004,2.019531,-0.062500,1.210938,-0.380859,0.500000,0.396484,0.655457,-0.394958,0.225159,-0.603088
11.685953378677368,0.852173,0.312500,-0.621094,-0.234375,-0.351563,0.183594,0.480469,0.656433,-0.395142,0.230469,-0.599915
11.706496000289917,0.836304,-4.292969,-3.000000,-4.800781,-0.548828,0.167969,0.357422,0.655701,-0.396423,0.235901,-0.597717
11.726036548614502,0.822144,-6.492187,-2.843750,-13.359375,0.466797,0.683594,-0.621094,0.652466,-0.390442,0.234985,-0.605530
11.745743989944458,0.801147,-0.878906,2.324219,-1.726563,1.865234,0.859375,-1.322266,0.649536,-0.377441,0.225464,-0.620300
11.765930414199829,0.782593,5.398437,5.871094,11.355469,0.542969,0.281250,-0.539062,0.647400,-0.373352,0.221680,-0.626343
11.786591053009033,0.780151,0.546875,2.101563,1.062500,-0.865234,-0.392578,0.109375,0.645996,-0.380310,0.224487,-0.622620
11.80583119392395,0.777344,3.089844,-0.187500,-5.839844,-0.648437,-0.632812,0.558594,0.648499,-0.386536,0.226624,-0.615356
11.826284646987915,0.773071,-1.312500,-2.109375,-0.414062,0.085937,-0.291016,0.808594,0.653381,-0.386841,0.227722,-0.609558
11.846433877944946,0.775269,-3.058594,-3.562500,2.660156,-0.410156,0.074219,0.007813,0.652405,-0.388367,0.230530,-0.608643
11.865733623504639,0.778076,0.800781,1.050781,-0.304688,-0.148437,0.398438,-0.091797,0.650269,-0.387512,0.233826,-0.610168
11.885984659194946,0.783447,2.871094,1.324219,1.871094,-0.298828,0.380859,0.207031,0.649597,-0.386536,0.238831,-0.609558
11.906340599060059,0.797974,-0.250000,0.843750,0.500000,-0.353516,0.191406,0.484375,0.650452,-0.386658,0.243835,-0.606628
11.926756858825684,0.801025,-2.488281,0.605469,-0.648437,-0.236328,-0.021484,0.150391,0.650574,-0.387695,0.245911,-0.604919
11.9462149143219,0.801880,0.085937,-0.386719,-0.839844,-0.029297,0.035156,0.037109,0.650696,-0.387756,0.246399,-0.604614
11.966636896133423,0.803467,-0.421875,-0.050781,-0.847656,0.097656,-0.101563,0.042969,0.651550,-0.387512,0.245361,-0.604248
11.986757516860962,0.805176,0.199219,0.007813,-0.609375,0.195312,-0.037109,0.029297,0.652588,-0.386536,0.244141,-0.604248
12.006584882736206,0.808838,0.140625,0.062500,0.371094,0.167969,0.037109,0.101563,0.653748,-0.385010,0.243835,-0.604126
12.027066946029663,0.824951,-1.085938,-0.058594,-0.335938,0.064453,0.087891,0.230469,0.655029,-0.383545,0.244568,-0.603333
12.046540260314941,0.830322,0.652344,-0.480469,0.300781,0.080078,0.021484,0.052734,0.655701,-0.382751,0.244629,-0.603088
12.066400527954102,0.834961,-0.097656,-0.296875,-0.933594,0.042969,0.005859,0.064453,0.656250,-0.382202,0.244568,-0.602844
12.086981296539307,0.841553,-0.570312,-0.128906,-0.957031,0.167969,-0.037109,-0.029297,0.656738,-0.381470,0.242981,-0.603455
12.106748342514038,0.844604,-3.429688,-0.136719,-0.382813,0.316406,-0.246094,-0.558594,0.655151,-0.382263,0.237610,-0.606812
12.126295566558838,0.845825,0.824219,0.226562,0.812500,0.271484,-0.369141,-1.035156,0.651123,-0.384888,0.230042,-0.612366
12.147369623184204,0.845825,4.539062,-0.039063,2.039063,0.107422,-0.173828,-0.521484,0.648621,-0.386719,0.225708,-0.615479
12.166957378387451,0.847534,-1.746094,0.089844,0.230469,0.076172,-0.320313,-0.373047,0.647522,-0.388611,0.222290,-0.616638
12.187134742736816,0.849609,-1.085938,-0.148437,-0.718750,-0.011719,-0.099609,-0.044922,0.647278,-0.389404,0.221130,-0.616882
12.20659875869751,0.851196,1.164063,0.035156,0.421875,0.056641,0.062500,-0.115234,0.646667,-0.389099,0.220825,-0.617798
12.22713327407837,0.852417,0.183594,-0.042969,0.296875,-0.017578,0.166016,-0.058594,0.645813,-0.388306,0.221863,-0.618835
12.247323036193848,0.853760,-0.128906,-0.371094,0.039063,-0.087891,0.328125,-0.091797,0.644226,-0.387146,0.224304,-0.620300
12.266737461090088,0.854492,-0.089844,0.312500,0.414062,-0.335938,0.376953,-0.021484,0.642090,-0.386841,0.228455,-0.621155
12.287227392196655,0.854858,-0.304688,0.417969,0.414062,-0.222656,0.117188,0.015625,0.640930,-0.387878,0.230835,-0.620850
12.307238817214966,0.853882,-0.281250,0.265625,0.890625,-0.277344,-0.289063,0.035156,0.640869,-0.391052,0.231384,-0.618774
12.32667589187622,0.855103,3.648438,0.207031,1.183594,-0.369141,-0.341797,0.498047,0.643188,-0.394348,0.232666,-0.613708
12.347077369689941,0.854858,0.062500,0.406250,-1.796875,0.068359,-0.572266,0.468750,0.647583,-0.396362,0.230835,-0.608459
12.367255449295044,0.855347,-2.089844,-0.398438,0.078125,0.162109,-0.478516,0.355469,0.651184,-0.397522,0.228271,-0.604797
12.386680603027344,0.857422,-1.843750,-0.398438,0.011719,-0.031250,-0.259766,-0.044922,0.651733,-0.398987,0.226624,-0.603943
12.407747983932495,0.863403,1.359375,-0.328125,-1.421875,0.101563,0.205078,0.023437,0.651733,-0.397461,0.227722,-0.604492
12.427532196044922,0.865479,-0.882812,0.300781,2.324219,-0.373047,0.623047,0.503906,0.651550,-0.395325,0.234924,-0.603333
12.446844816207886,0.866089,-1.734375,0.414062,-3.343750,-0.306641,0.427734,0.169922,0.650513,-0.394470,0.240234,-0.602966
12.467491865158081,0.859741,-0.773437,0.085937,0.769531,-0.154297,0.021484,-0.013672,0.649963,-0.395264,0.241211,-0.602600
12.488024950027466,0.849976,-0.699219,-0.808594,0.011719,-0.156250,-0.490234,-0.003906,0.650452,-0.398987,0.239685,-0.600220
12.50780177116394,0.837891,-2.222656,-3.054688,-6.628906,-0.162109,-0.226562,0.291016,0.651855,-0.400391,0.239380,-0.597900
12.527050256729126,0.823242,-4.363281,-1.832031,-8.441406,1.068359,0.294922,-0.425781,0.652710,-0.393433,0.234009,-0.603638
12.54752254486084,0.771606,0.593750,2.511719,5.609375,0.808594,0.345703,-0.669922,0.651062,-0.388062,0.229248,-0.610657
12.567879438400269,0.759033,1.656250,4.304687,7.777344,-0.531250,-0.042969,-0.281250,0.647583,-0.391602,0.230469,-0.611694
12.587924718856812,0.753296,-0.816406,0.390625,-4.800781,-0.371094,-0.187500,-0.216797,0.645508,-0.395325,0.230103,-0.611633
12.607280969619751,0.736084,-0.589844,0.343750,-4.050781,0.763672,-0.339844,-0.314453,0.647156,-0.393738,0.222473,-0.613770
12.627849578857422,0.726807,0.105469,1.503906,2.597656,0.998047,-0.585937,-0.287109,0.650513,-0.391479,0.211731,-0.615417
12.647009372711182,0.723755,1.292969,0.093750,3.183594,0.619141,-0.554687,-0.134766,0.652954,-0.391113,0.204285,-0.615601
12.66766905784607,0.728516,0.695312,-1.285156,2.042969,-0.085937,-0.035156,-0.021484,0.652649,-0.391907,0.204102,-0.615479
12.687708616256714,0.744507,-0.570312,-0.105469,-1.976563,-0.322266,0.089844,-0.048828,0.651001,-0.393494,0.206299,-0.615479
12.707662582397461,0.760742,-0.265625,0.433594,0.015625,-0.244141,0.058594,-0.101563,0.649231,-0.395142,0.208008,-0.615723
12.727972507476807,0.783447,0.226562,0.480469,2.804688,-0.562500,0.054687,-0.089844,0.646423,-0.398315,0.211182,-0.615540
12.74790334701538,0.794067,-0.707031,-0.292969,-2.058594,-0.291016,0.144531,-0.207031,0.643555,-0.400024,0.213257,-0.616699
12.767607688903809,0.811401,0.847656,-0.101563,-0.816406,-0.107422,0.146484,-0.224609,0.641418,-0.400269,0.214050,-0.618469
12.787787675857544,0.828003,1.382813,-0.601562,-0.207031,-0.021484,0.087891,-0.058594,0.640747,-0.400208,0.214478,-0.619080
12.807947158813477,0.828979,-0.511719,-0.054687,0.722656,-0.052734,-0.128906,-0.011719,0.640869,-0.401062,0.213928,-0.618591
12.827892541885376,0.828003,0.156250,0.097656,0.691406,0.027344,-0.177734,0.007813,0.641357,-0.402100,0.212708,-0.617859
12.847686767578125,0.822632,-0.632812,0.171875,0.000000,-0.009766,-0.283203,0.023437,0.642273,-0.403625,0.210937,-0.616516
12.867945194244385,0.813965,1.824219,0.296875,-2.367188,0.349609,-0.332031,0.251953,0.645691,-0.403015,0.208435,-0.614197
12.888354539871216,0.816040,-4.101562,-0.890625,-0.359375,0.115234,-0.037109,0.474609,0.648804,-0.401672,0.208740,-0.611633
12.90759539604187,0.821411,2.585938,-0.769531,0.101563,0.037109,0.062500,0.011719,0.649170,-0.400879,0.209717,-0.611450
12.928290367126465,0.834473,1.753906,-0.476562,4.468750,-0.412109,0.583984,0.416016,0.648865,-0.399170,0.217102,-0.610352
12.94815182685852,0.838745,0.796875,0.343750,0.859375,-0.669922,0.710937,0.505859,0.647644,-0.398071,0.227600,-0.608459
12.967767238616943,0.842896,-3.488281,1.164063,-1.390625,-0.388672,0.582031,0.396484,0.646912,-0.396667,0.234985,-0.607422
12.988414287567139,0.847290,1.320313,0.277344,1.675781,-0.271484,0.080078,0.005859,0.646057,-0.397583,0.237427,-0.606750
13.008429288864136,0.847290,0.593750,0.195312,-2.132813,-0.171875,-0.240234,0.169922,0.647034,-0.399536,0.237488,-0.604431
13.028034210205078,0.846069,-0.968750,0.207031,-6.617187,0.609375,-0.529297,0.183594,0.651733,-0.398376,0.231262,-0.602539
13.048133850097656,0.833740,-1.515625,-1.824219,2.414063,1.486328,-0.826172,0.039063,0.658752,-0.394287,0.218323,-0.602417
13.068318367004395,0.827393,2.070313,-3.671875,7.023437,0.703125,-0.296875,-0.128906,0.661194,-0.391663,0.211731,-0.603821
13.08778715133667,0.823486,-3.164063,-4.976562,-1.027344,0.044922,0.734375,-0.503906,0.657104,-0.387268,0.213928,-0.610291
13.108014822006226,0.817871,-0.847656,0.132812,-3.046875,0.412109,1.494141,-0.830078,0.650391,-0.377930,0.218445,-0.621643
13.128145694732666,0.793335,0.960937,3.250000,4.820312,-0.193359,1.361328,-0.470703,0.643799,-0.371887,0.226379,-0.629272
13.148164987564087,0.790161,2.066406,4.300781,3.957031,-0.804687,0.597656,-0.029297,0.639221,-0.372986,0.235168,-0.630066
13.16776990890503,0.794189,-0.015625,3.253906,-1.089844,-0.904297,0.148437,0.275391,0.637268,-0.377014,0.242371,-0.626892
13.188493490219116,0.798950,-0.738281,1.308594,-0.105469,-0.593750,-0.328125,0.277344,0.637512,-0.382202,0.245483,-0.622314
13.208473920822144,0.798340,0.894531,-1.332031,-3.375000,-0.585937,-0.437500,0.447266,0.639099,-0.387207,0.247925,-0.616577
13.228271961212158,0.797974,-1.714844,-2.726563,-3.734375,-0.171875,-0.183594,0.400391,0.641235,-0.388489,0.249146,-0.613037
13.248770952224731,0.798218,-0.437500,-0.910156,-2.503906,0.259766,0.013672,0.095703,0.642822,-0.386780,0.248230,-0.612793
13.268530368804932,0.800049,-0.382813,0.683594,1.144531,0.207031,-0.052734,0.109375,0.644409,-0.385620,0.247131,-0.612366
13.288057804107666,0.802612,1.156250,0.191406,0.699219,-0.076172,-0.160156,0.158203,0.645630,-0.386353,0.247131,-0.610535
13.308693170547485,0.807861,0.582031,-0.367188,-1.285156,-0.087891,-0.050781,0.314453,0.647217,-0.386475,0.248291,-0.608337
13.329250812530518,0.812378,-1.070313,-0.605469,-3.023438,0.134766,0.080078,0.113281,0.648254,-0.384888,0.248657,-0.608093
13.348580837249756,0.821289,-0.019531,-0.167969,-0.800781,0.208984,0.154297,0.013672,0.648743,-0.382751,0.248230,-0.609070
13.368779182434082,0.837646,-1.882813,0.007813,1.011719,0.130859,0.041016,-0.164062,0.648132,-0.382141,0.246887,-0.610718
13.38900899887085,0.843384,-0.972656,-0.015625,-0.597656,0.050781,-0.134766,-0.425781,0.646118,-0.383606,0.243958,-0.613037
13.409128665924072,0.846558,1.117188,-0.468750,-1.492188,0.181641,-0.179687,-0.460937,0.644165,-0.385010,0.239929,-0.615906
13.42901349067688,0.847534,-0.269531,-0.246094,-1.300781,0.273438,-0.007813,-0.523437,0.641968,-0.385071,0.236206,-0.619507
13.449235677719116,0.844727,2.523438,0.152344,0.566406,0.083984,-0.119141,-0.498047,0.640015,-0.385864,0.233215,-0.622192
13.469072580337524,0.843018,-0.894531,0.027344,1.906250,-0.001953,-0.152344,-0.154297,0.639221,-0.387268,0.231384,-0.622803
13.488596200942993,0.841553,0.628906,-0.039063,0.515625,-0.123047,-0.269531,-0.082031,0.638794,-0.389771,0.230042,-0.622192
13.50904393196106,0.838135,-0.644531,0.074219,-0.464844,-0.068359,-0.271484,-0.111328,0.638611,-0.391907,0.228149,-0.621704
13.529019355773926,0.835083,0.257813,0.378906,-2.335938,0.337891,-0.273438,-0.113281,0.639771,-0.391968,0.223877,-0.622009
13.5485200881958,0.830322,0.980469,0.210937,2.128906,0.472656,-0.341797,-0.056641,0.641968,-0.391235,0.218689,-0.622009
13.569211483001709,0.828979,-0.437500,-0.441406,-0.628906,0.328125,-0.330078,0.025391,0.643799,-0.391052,0.214844,-0.621643
13.58922004699707,0.834961,0.257813,-1.117188,-0.011719,0.148437,0.138672,-0.074219,0.643799,-0.389221,0.214172,-0.623047
13.608850955963135,0.842407,1.402344,-0.871094,4.355469,0.181641,0.748047,-0.099609,0.642090,-0.384277,0.217957,-0.626526
13.62944483757019,0.857788,0.140625,-0.148437,3.140625,-0.718750,1.007813,-0.015625,0.637634,-0.381897,0.227417,-0.629150
13.649108171463013,0.859009,-0.410156,-0.070312,0.375000,-0.611328,0.677734,-0.082031,0.633057,-0.382080,0.235596,-0.630615
13.669411420822144,0.856689,-0.203125,-0.007813,2.691406,-0.953125,0.242187,-0.105469,0.628540,-0.386475,0.242371,-0.629944
13.689472913742065,0.842896,0.777344,-0.628906,-3.605469,-0.621094,-0.324219,0.097656,0.627380,-0.391785,0.244690,-0.626892
13.70959734916687,0.832886,-0.457031,-4.136719,-13.996094,0.517578,-0.187500,0.193359,0.631226,-0.388733,0.240112,-0.626709
13.729487419128418,0.815796,-4.210937,-2.089844,-10.218750,2.535156,0.056641,-0.330078,0.638062,-0.374268,0.224365,-0.634338
13.749006986618042,0.791870,-1.800781,1.996094,1.851563,2.171875,0.103516,-0.697266,0.641479,-0.361572,0.209534,-0.643311
13.776805400848389,0.739258,3.226563,3.320313,12.820313,0.105469,0.255859,-0.074219,0.640930,-0.359619,0.209656,-0.644897
13.788438558578491,0.731079,1.441406,1.855469,1.371094,-1.523438,-0.066406,0.419922,0.638672,-0.367798,0.219482,-0.639221
13.808915853500366,0.732544,-0.027344,0.355469,-6.632812,-0.742187,-0.173828,0.585937,0.640015,-0.372314,0.225159,-0.633301
13.829802513122559,0.731567,-0.003906,0.652344,-3.781250,0.273438,-0.232422,0.589844,0.644897,-0.371155,0.224426,-0.629272
13.849404096603394,0.725952,-3.085938,-0.230469,2.867188,0.468750,-0.357422,0.238281,0.648804,-0.370056,0.220154,-0.627380
13.869014739990234,0.719604,0.453125,0.476562,2.359375,0.154297,-0.433594,-0.150391,0.649658,-0.371887,0.216064,-0.626831
13.889684438705444,0.722168,1.343750,0.070312,0.554687,-0.152344,-0.285156,0.025391,0.649658,-0.374573,0.215271,-0.625488
13.910084962844849,0.731201,-0.566406,-0.398438,-0.617187,-0.314453,-0.085937,-0.087891,0.648193,-0.377319,0.216064,-0.625122
13.929364919662476,0.743408,-0.085937,-0.226562,-1.199219,-0.189453,-0.134766,-0.275391,0.646118,-0.379883,0.215515,-0.625916
13.94988226890564,0.756226,-0.101563,-0.566406,0.699219,-0.142578,-0.068359,-0.306641,0.643738,-0.381897,0.214844,-0.627380
13.969527244567871,0.760132,-0.031250,0.132812,0.378906,-0.181641,0.029297,-0.341797,0.640930,-0.383606,0.214905,-0.629150
13.98959493637085,0.769775,1.015625,0.644531,0.371094,-0.218750,0.070312,-0.193359,0.638672,-0.385010,0.215698,-0.630310
14.009682178497314,0.798462,1.000000,0.046875,1.746094,-0.169922,0.017578,-0.134766,0.637085,-0.386414,0.216553,-0.630737
14.02989912033081,0.805786,-0.203125,-0.265625,-0.324219,-0.236328,-0.076172,-0.050781,0.636047,-0.388550,0.217407,-0.630249
14.049919128417969,0.811035,0.546875,-0.289063,-0.796875,-0.164062,-0.173828,0.029297,0.636047,-0.390320,0.217590,-0.629089
14.069658994674683,0.817261,4.218750,-0.464844,-1.449219,0.015625,-0.005859,0.394531,0.638794,-0.389099,0.219055,-0.626526
14.089813232421875,0.833740,-0.796875,0.019531,1.515625,0.078125,0.271484,0.955078,0.643921,-0.385376,0.223389,-0.622009
14.109804153442383,0.838257,0.011719,0.242187,0.718750,-0.052734,0.136719,0.660156,0.647400,-0.383423,0.227478,-0.618164
14.13051462173462,0.840942,-3.039063,0.074219,-1.457031,-0.085937,0.125000,0.281250,0.648499,-0.382507,0.229980,-0.616577
14.150455474853516,0.844238,1.007813,-0.210937,0.359375,0.148437,0.167969,-0.021484,0.648560,-0.380920,0.230347,-0.617432
14.170032262802124,0.847656,0.457031,-0.062500,0.351563,0.068359,0.187500,0.039063,0.648560,-0.379150,0.231384,-0.618103
14.189685821533203,0.849243,0.257813,-0.253906,-0.308594,0.035156,0.326172,0.019531,0.647766,-0.377319,0.233215,-0.619385
14.209790468215942,0.848755,-1.910156,0.003906,-1.003906,0.013672,0.185547,-0.310547,0.645630,-0.376831,0.233032,-0.621948
14.230294704437256,0.846924,-0.523437,0.539062,0.925781,0.156250,-0.115234,-0.359375,0.644226,-0.377319,0.230103,-0.624207
14.249773979187012,0.844971,1.964844,0.082031,4.832031,0.050781,-0.125000,-0.154297,0.643738,-0.378662,0.228271,-0.624573
14.270263195037842,0.840820,-1.722656,-0.203125,-0.445312,-0.248047,-0.404297,0.007813,0.643616,-0.382446,0.227173,-0.622864
14.290528059005737,0.838257,-1.875000,-0.984375,-2.851563,0.003906,-0.267578,-0.300781,0.642090,-0.384460,0.224487,-0.624084
14.310275077819824,0.836914,6.152344,-3.128906,-5.312500,0.054687,0.634766,-0.734375,0.637573,-0.380859,0.224915,-0.630737
14.329785108566284,0.837891,2.609375,1.226563,0.011719,0.886719,1.496094,0.142578,0.637512,-0.367432,0.229187,-0.637207
14.350162506103516,0.822388,-1.242188,3.144531,8.878906,0.095703,0.962891,0.326172,0.637878,-0.359680,0.236023,-0.638794
14.370532989501953,0.812866,0.996094,2.394531,4.492187,-0.708984,0.259766,0.474609,0.637634,-0.361084,0.243286,-0.635498
14.389812469482422,0.808472,-1.023438,0.585937,-3.273438,-0.574219,-0.232422,0.144531,0.637146,-0.365479,0.246216,-0.632324
14.410602807998657,0.794922,0.125000,-0.531250,-1.273438,-0.244141,-0.230469,-0.011719,0.636658,-0.368713,0.246338,-0.630920
14.430681467056274,0.788818,-0.851562,-0.800781,-2.132813,-0.105469,-0.253906,-0.148437,0.636047,-0.371094,0.244629,-0.630798
14.450286865234375,0.785034,-0.843750,-0.738281,-3.863281,0.396484,-0.197266,-0.320313,0.635925,-0.370850,0.239929,-0.632874
14.470283508300781,0.783203,1.125000,1.160156,3.867188,0.406250,-0.169922,-0.265625,0.636108,-0.370300,0.235413,-0.634644
14.490177869796753,0.785767,-0.050781,0.929687,2.578125,-0.050781,-0.382813,-0.054687,0.636414,-0.372986,0.232849,-0.633728
14.510436534881592,0.787720,-0.816406,0.601562,-0.562500,-0.123047,-0.554687,-0.121094,0.636536,-0.377441,0.229614,-0.632141
14.530562162399292,0.799072,0.722656,0.371094,-1.035156,-0.078125,-0.466797,-0.117188,0.636475,-0.381042,0.226807,-0.631042
14.550509214401245,0.805908,-0.597656,-0.753906,-1.160156,0.099609,-0.101563,-0.183594,0.635864,-0.381775,0.224915,-0.631958
14.569926500320435,0.816650,0.460937,-0.128906,0.742187,0.095703,0.101563,-0.201172,0.634766,-0.381042,0.224121,-0.633728
14.591119289398193,0.836304,-0.390625,-0.082031,2.320313,-0.103516,0.140625,-0.162109,0.633118,-0.381104,0.224976,-0.635071
14.611042261123657,0.843262,-0.351563,0.019531,1.621094,-0.302734,0.123047,-0.142578,0.631042,-0.382019,0.226868,-0.635864
14.630824089050293,0.848022,3.085938,-0.492187,1.253906,-0.105469,0.207031,0.015625,0.630371,-0.381531,0.229187,-0.636047
14.650332689285278,0.851562,2.582031,-0.562500,-0.484375,-0.281250,0.294922,0.542969,0.632141,-0.379944,0.234558,-0.633240
14.67085313796997,0.856201,1.605469,0.382813,0.687500,-0.291016,0.359375,0.968750,0.635986,-0.377380,0.241516,-0.628296
14.691295146942139,0.857544,-1.339844,0.449219,-1.785156,-0.109375,0.224609,0.701172,0.639099,-0.375305,0.245850,-0.624695
14.71014952659607,0.857422,-0.910156,0.238281,-0.292969,-0.046875,0.042969,0.246094,0.640320,-0.374695,0.247314,-0.623230
14.731010437011719,0.855835,0.675781,0.152344,-0.718750,0.064453,0.085937,0.007813,0.640503,-0.373718,0.247864,-0.623352
14.750669002532959,0.856445,0.898437,0.023437,-0.421875,0.062500,0.234375,0.087891,0.640625,-0.371643,0.249146,-0.624023
14.770678997039795,0.856445,-0.464844,-0.253906,-0.949219,0.126953,0.306641,-0.083984,0.639587,-0.369629,0.249634,-0.626099
14.790958642959595,0.850342,-4.015625,-0.214844,-3.925781,0.074219,-0.005859,-0.638672,0.636169,-0.370239,0.246155,-0.630554
14.811274290084839,0.846802,-0.378906,0.234375,7.859375,0.285156,-0.261719,-0.916016,0.632141,-0.372864,0.240295,-0.635315
14.830779790878296,0.847290,2.761719,-0.691406,2.679688,-0.433594,-0.275391,-0.279297,0.629272,-0.377686,0.239990,-0.635437
14.85147762298584,0.848022,4.593750,-1.734375,-1.753906,-0.291016,0.302734,0.257813,0.629639,-0.376038,0.243835,-0.634644
14.8711998462677,0.846313,-6.558594,-0.339844,-3.687500,1.142578,0.978516,0.589844,0.634216,-0.362854,0.245117,-0.637146
14.890581846237183,0.835205,-0.972656,2.445313,6.691406,0.703125,0.644531,-0.117188,0.634827,-0.354675,0.244690,-0.641357
14.915472030639648,0.789917,0.445312,2.292969,4.707031,-0.396484,0.035156,0.039063,0.633484,-0.356628,0.247070,-0.640686
14.931203603744507,0.757690,-2.230469,1.085938,-0.683594,-0.525391,-0.501953,-0.126953,0.632324,-0.362732,0.246704,-0.638550
14.95136308670044,0.736816,1.195313,0.890625,-4.011719,0.314453,-0.564453,0.031250,0.635010,-0.364441,0.241150,-0.637024
14.970661401748657,0.720825,-0.285156,1.968750,-1.230469,1.123047,-0.765625,0.160156,0.641602,-0.362122,0.230103,-0.635803
14.991444826126099,0.698975,0.593750,1.808594,2.566406,1.017578,-0.761719,0.142578,0.647705,-0.360229,0.219604,-0.634460
15.01137375831604,0.695312,-0.312500,-0.308594,4.757812,0.304688,-0.457031,-0.050781,0.649414,-0.361328,0.214417,-0.633850
15.03071904182434,0.702637,1.234375,-0.972656,-1.257813,-0.333984,-0.201172,-0.273438,0.647400,-0.364807,0.213928,-0.634094
15.05139970779419,0.726562,1.035156,-0.890625,-3.117188,-0.048828,0.017578,-0.015625,0.646851,-0.365356,0.214172,-0.634216
15.07166600227356,0.737183,-1.539063,-0.253906,0.160156,0.091797,0.083984,-0.097656,0.646301,-0.364685,0.213867,-0.635315
15.091002225875854,0.745605,-1.117188,0.597656,2.058594,-0.136719,-0.068359,-0.242187,0.644470,-0.366455,0.213440,-0.636230
15.111674785614014,0.753662,0.828125,0.398438,0.421875,-0.310547,-0.164062,-0.158203,0.642700,-0.369812,0.213745,-0.635986
15.131529808044434,0.757080,0.496094,-0.214844,-0.558594,-0.345703,-0.140625,-0.058594,0.641235,-0.372986,0.214722,-0.635315
15.151244878768921,0.763428,-0.566406,-0.972656,-2.410156,-0.125000,-0.042969,-0.164062,0.639832,-0.374390,0.214600,-0.635864
15.171865224838257,0.773071,0.058594,-0.644531,-1.156250,0.054687,0.048828,-0.177734,0.638855,-0.374329,0.213867,-0.637207
15.191555500030518,0.776245,-0.796875,0.660156,1.574219,-0.019531,-0.044922,-0.085937,0.638245,-0.375061,0.213318,-0.637573
15.211478471755981,0.782349,0.203125,0.097656,0.445312,-0.152344,-0.125000,-0.103516,0.637268,-0.376892,0.213196,-0.637512
15.231734275817871,0.804810,0.742187,-0.351563,-1.308594,-0.109375,0.066406,-0.046875,0.636536,-0.377136,0.213928,-0.637817
15.2517569065094,0.813965,0.496094,-0.476562,-1.476563,0.078125,0.173828,-0.005859,0.636292,-0.375793,0.214478,-0.638672
15.27167272567749,0.818848,-0.578125,-0.046875,1.406250,-0.048828,0.025391,-0.066406,0.635681,-0.375977,0.214783,-0.639038
15.291375875473022,0.824585,0.656250,-0.253906,0.890625,-0.181641,0.029297,-0.015625,0.635071,-0.376831,0.216187,-0.638733
15.311789751052856,0.837036,4.839844,-0.390625,1.191406,-0.304688,0.269531,0.542969,0.636353,-0.376343,0.221191,-0.635986
15.332188844680786,0.839966,0.812500,0.039063,-1.152344,-0.244141,0.195312,0.527344,0.638367,-0.375488,0.226013,-0.632751
15.351491451263428,0.842285,-0.109375,0.203125,0.289063,-0.183594,0.171875,0.664062,0.641235,-0.374146,0.230530,-0.629028
15.371877193450928,0.846313,-0.156250,0.339844,-0.898437,0.011719,0.259766,0.595703,0.643799,-0.371826,0.234436,-0.626343
15.391855239868164,0.848022,-3.480469,0.109375,-1.710938,0.039063,0.246094,0.013672,0.643860,-0.369751,0.236511,-0.626709
15.411414384841919,0.849609,-0.238281,-0.050781,0.296875,0.064453,0.419922,0.095703,0.643616,-0.366760,0.238892,-0.627808
15.432090044021606,0.848267,-1.839844,-0.203125,0.441406,-0.017578,0.181641,-0.074219,0.642761,-0.365967,0.239746,-0.628845
15.452247381210327,0.848145,-2.484375,-0.011719,-0.617187,-0.119141,-0.208984,-0.425781,0.640686,-0.368164,0.237915,-0.630371
15.47171688079834,0.848511,1.851563,0.171875,0.570312,-0.023437,0.013672,-0.173828,0.639465,-0.368652,0.237122,-0.631653
15.492084741592407,0.850830,0.664062,-0.210937,0.722656,-0.031250,0.076172,-0.117188,0.638550,-0.368530,0.237488,-0.632507
15.512114524841309,0.851318,1.371094,-0.187500,0.902344,-0.126953,0.152344,0.039063,0.637939,-0.368408,0.239319,-0.632507
15.532094955444336,0.851929,1.464844,-0.078125,0.242187,-0.240234,0.093750,0.271484,0.638428,-0.368652,0.242432,-0.630676
15.552130699157715,0.852295,-0.550781,0.136719,-1.894531,-0.087891,0.083984,0.271484,0.639465,-0.368042,0.244629,-0.629089
15.572040557861328,0.853760,0.699219,0.136719,-0.292969,0.027344,0.173828,0.015625,0.639465,-0.366577,0.245789,-0.629578
15.592372179031372,0.855103,-1.007813,-0.019531,0.777344,-0.048828,0.267578,-0.021484,0.638306,-0.365540,0.247070,-0.630798
15.611862421035767,0.854858,-2.957031,-0.140625,-1.097656,-0.015625,-0.074219,-0.544922,0.635193,-0.367065,0.245422,-0.633667
15.632251739501953,0.845459,0.679687,0.156250,-2.292969,0.148437,-0.128906,-0.576172,0.632324,-0.368652,0.240967,-0.637390
15.652520895004272,0.839355,2.546875,-0.386719,3.781250,0.167969,-0.478516,-0.855469,0.629272,-0.371826,0.234436,-0.640930
15.671862602233887,0.838013,1.464844,-1.335938,1.429688,-0.150391,-0.089844,-0.228516,0.627136,-0.373901,0.233765,-0.642029
15.692220211029053,0.836060,7.832031,-2.363281,0.910156,-0.365234,0.435547,0.302734,0.626831,-0.372070,0.239624,-0.641296
15.712971687316895,0.830078,-1.210938,-2.347656,-6.968750,0.357422,1.058594,0.476562,0.628113,-0.363098,0.245850,-0.642822
15.731805801391602,0.819946,1.449219,2.402344,5.718750,0.083984,0.708984,-0.005859,0.626892,-0.357788,0.250061,-0.645325
15.752156734466553,0.805786,-1.812500,2.769531,0.449219,-0.531250,0.195312,0.087891,0.625122,-0.359497,0.254395,-0.644470
15.77283239364624,0.802368,-0.902344,1.996094,-1.640625,-0.275391,-0.369141,-0.121094,0.624390,-0.363464,0.253967,-0.643066
15.792082071304321,0.799438,1.777344,0.863281,0.304688,-0.148437,-0.341797,0.085937,0.624939,-0.366760,0.252930,-0.641113
15.812757730484009,0.786743,-0.507812,-1.343750,-3.832031,-0.167969,-0.441406,-0.099609,0.624939,-0.370544,0.250732,-0.639771
15.832738637924194,0.783813,-0.937500,-1.582031,-2.015625,0.306641,-0.378906,-0.269531,0.625183,-0.371887,0.245667,-0.640686
15.852607250213623,0.783203,1.390625,-0.753906,0.035156,0.373047,-0.167969,-0.232422,0.625610,-0.371216,0.241394,-0.642273
15.87251329421997,0.784546,1.183594,0.171875,0.687500,0.322266,-0.037109,0.001953,0.626709,-0.369629,0.238953,-0.643066
15.892605543136597,0.784790,0.460937,0.648437,1.468750,0.164062,-0.076172,-0.125000,0.626831,-0.369385,0.237000,-0.643799
15.91281771659851,0.784180,-0.402344,0.683594,1.054688,-0.001953,-0.144531,-0.050781,0.626709,-0.370667,0.235718,-0.643677
15.932132005691528,0.786621,-0.781250,0.539062,0.082031,-0.134766,-0.369141,-0.162109,0.626099,-0.373901,0.233887,-0.643066
15.953014850616455,0.803223,0.941406,-0.531250,-0.968750,-0.091797,-0.107422,-0.105469,0.625244,-0.375488,0.233215,-0.643188
15.972721099853516,0.815186,-0.671875,-0.273438,1.132813,0.023437,0.144531,-0.214844,0.623596,-0.375122,0.233154,-0.645020
15.992380857467651,0.826416,0.101563,-0.648437,0.210937,-0.125000,0.289063,-0.162109,0.621521,-0.374268,0.234863,-0.646912
16.01292610168457,0.847168,1.578125,-0.625000,2.179688,-0.214844,0.480469,-0.005859,0.619934,-0.372498,0.239441,-0.647766
16.03334093093872,0.853638,6.210937,-0.429687,1.222656,-0.453125,0.689453,0.773437,0.621277,-0.369080,0.248840,-0.644836
16.052315711975098,0.856079,-0.972656,0.218750,-0.539062,-0.062500,0.580078,0.648437,0.623657,-0.364380,0.255981,-0.642456
16.072867393493652,0.853516,-0.984375,-0.175781,0.421875,-0.113281,0.560547,0.464844,0.624939,-0.360291,0.261902,-0.641113
16.095221757888794,0.847900,1.410156,-0.292969,1.093750,-0.158203,0.394531,0.589844,0.626770,-0.357422,0.267822,-0.638550
16.11319923400879,0.836426,1.003906,-0.496094,1.066406,-0.376953,0.333984,0.652344,0.628540,-0.355896,0.274170,-0.634888
16.13312005996704,0.808105,-3.660156,-1.019531,-6.359375,0.128906,0.111328,0.292969,0.630554,-0.353333,0.274841,-0.634033
16.15463137626648,0.801392,-1.644531,1.039063,-3.878906,1.187500,0.037109,-0.175781,0.633423,-0.346985,0.267578,-0.637817
16.173078298568726,0.793823,0.285156,3.121094,5.960937,0.847656,-0.365234,-0.126953,0.636353,-0.344177,0.259766,-0.639648
16.192686319351196,0.784302,0.726562,2.339844,5.265625,0.076172,-0.476562,0.042969,0.638245,-0.346375,0.255920,-0.638062
16.213377475738525,0.766113,0.527344,0.593750,0.468750,-0.107422,-0.531250,0.103516,0.639832,-0.350220,0.253723,-0.635315
16.2332763671875,0.769409,0.550781,-1.398438,-0.328125,-0.316406,-0.371094,0.207031,0.640869,-0.353821,0.253784,-0.632202
16.252806663513184,0.774902,-1.488281,-1.964844,-3.230469,-0.019531,0.013672,0.001953,0.640747,-0.354309,0.254211,-0.631958
16.273327112197876,0.802002,-0.406250,0.218750,0.066406,-0.021484,0.205078,-0.103516,0.639465,-0.353333,0.255188,-0.633362
16.293426275253296,0.817505,-1.097656,-0.324219,0.371094,-0.068359,0.328125,-0.292969,0.636597,-0.352539,0.256592,-0.636108
16.312825679779053,0.827759,0.519531,-0.652344,0.808594,-0.177734,0.244141,-0.351563,0.633057,-0.353149,0.257751,-0.638855
16.333115339279175,0.835083,-3.000000,-0.824219,0.554687,-0.318359,0.033203,-0.695312,0.626953,-0.357117,0.257568,-0.642639
16.353500843048096,0.830200,-3.683594,-0.117188,0.011719,-0.476562,-0.275391,-1.226563,0.618774,-0.364136,0.255066,-0.647644
16.373215913772583,0.825195,4.066406,-0.222656,0.152344,-0.123047,-0.070312,-0.283203,0.616089,-0.366455,0.254333,-0.649170
16.39349365234375,0.816284,2.453125,-1.128906,-0.382813,-0.058594,0.281250,0.242187,0.616760,-0.363953,0.257324,-0.648804
16.413344621658325,0.810913,-0.121094,-1.210938,-2.402344,0.292969,0.796875,0.416016,0.618042,-0.356873,0.261841,-0.649719
16.433150053024292,0.796753,-2.210938,1.070313,3.132813,-0.208984,0.578125,0.132812,0.616943,-0.353760,0.267151,-0.650269
16.452913284301758,0.785889,-1.089844,1.468750,-1.363281,-0.470703,0.203125,0.181641,0.615784,-0.354858,0.271790,-0.648804
16.47389268875122,0.773682,-1.527344,0.437500,-1.593750,-0.275391,-0.113281,-0.044922,0.614929,-0.357117,0.272888,-0.647949
16.493846654891968,0.769043,0.800781,-0.414062,-1.324219,-0.007813,-0.060547,-0.062500,0.614624,-0.357910,0.272461,-0.648010
16.513274908065796,0.762451,0.343750,-0.335938,-0.867187,0.021484,0.029297,-0.001953,0.614563,-0.357544,0.272400,-0.648254
16.533812999725342,0.748657,0.250000,-0.007813,-0.191406,0.132812,0.070312,0.041016,0.615051,-0.356323,0.272278,-0.648560
16.553653478622437,0.743286,0.550781,0.222656,0.828125,0.066406,0.123047,0.121094,0.615662,-0.354858,0.273010,-0.648437
16.57361125946045,0.739868,-0.339844,0.199219,1.148438,-0.103516,0.123047,0.123047,0.615723,-0.354370,0.274902,-0.647827
16.593844890594482,0.735962,-0.550781,-0.414062,-0.652344,-0.330078,0.113281,0.011719,0.614441,-0.355530,0.277527,-0.647278
16.613642692565918,0.736694,0.527344,-0.398438,-1.308594,-0.181641,0.097656,-0.037109,0.613342,-0.356079,0.279297,-0.647339
16.633312940597534,0.738647,0.519531,0.460937,0.429687,-0.103516,0.171875,0.078125,0.612976,-0.355591,0.281189,-0.647095
16.65399432182312,0.735474,0.078125,0.898437,0.292969,-0.121094,-0.027344,0.121094,0.613403,-0.356018,0.282288,-0.645996
16.673967123031616,0.730347,0.406250,0.148437,-0.074219,-0.093750,-0.064453,0.169922,0.614319,-0.356506,0.283142,-0.644470
16.69363784790039,0.732422,-0.296875,-0.058594,-1.007813,-0.148437,0.027344,0.150391,0.614685,-0.356750,0.284668,-0.643311
16.71440076828003,0.748047,-0.273438,-0.328125,-1.046875,0.005859,0.128906,0.074219,0.614807,-0.355896,0.285767,-0.643188
16.733747959136963,0.756226,-0.640625,0.761719,2.039063,-0.121094,0.044922,0.052734,0.614624,-0.356262,0.287048,-0.642578
16.75448250770569,0.773804,-0.027344,-0.625000,-0.132812,-0.308594,-0.117188,0.060547,0.614197,-0.358582,0.288574,-0.640991
16.77336025238037,0.787354,-0.035156,-0.640625,-2.324219,-0.228516,-0.103516,0.027344,0.613892,-0.360352,0.289307,-0.639954
16.794113159179688,0.801392,0.851562,-0.648437,-3.183594,0.138672,0.052734,0.001953,0.614258,-0.359192,0.289001,-0.640442
16.81424307823181,0.809692,0.402344,-0.121094,-1.667969,0.333984,0.208984,0.001953,0.614502,-0.356262,0.287659,-0.642395
16.83353567123413,0.816040,-0.421875,0.253906,2.921875,0.386719,-0.119141,-0.587891,0.612671,-0.356201,0.282959,-0.646240
16.854292154312134,0.819580,0.527344,-0.042969,0.953125,0.074219,-0.304688,-0.601562,0.610046,-0.359009,0.278564,-0.649109
16.87468433380127,0.821899,3.277344,-0.214844,-0.781250,0.083984,-0.095703,-0.212891,0.609009,-0.359985,0.276367,-0.650513
16.89379644393921,0.822998,0.472656,-0.238281,-1.234375,0.216797,0.058594,-0.044922,0.609253,-0.358643,0.275208,-0.651489
16.91425919532776,0.823608,-0.632812,0.128906,1.308594,0.128906,0.085937,0.000000,0.609436,-0.357422,0.274841,-0.652161
16.93442702293396,0.823853,-0.179687,0.175781,1.546875,-0.042969,0.001953,-0.044922,0.609009,-0.357788,0.274963,-0.652283
16.95392155647278,0.824707,0.156250,-0.039063,-0.191406,-0.134766,-0.074219,-0.052734,0.608459,-0.359070,0.275146,-0.652039
16.974332094192505,0.826050,0.074219,-0.074219,-0.718750,-0.054687,-0.046875,-0.029297,0.608215,-0.359680,0.275085,-0.651917
16.994210958480835,0.826538,0.035156,-0.007813,0.078125,0.076172,0.033203,0.001953,0.608337,-0.359192,0.274841,-0.652222
17.01385998725891,0.825928,0.074219,0.070312,0.683594,0.023437,0.011719,0.007813,0.608459,-0.358948,0.274780,-0.652283
17.034372091293335,0.824097,0.035156,-0.007813,0.230469,-0.031250,0.005859,0.009766,0.608398,-0.359070,0.275024,-0.652161
17.05468773841858,0.823975,0.425781,0.039063,0.007813,-0.037109,-0.007813,0.046875,0.608582,-0.359253,0.275391,-0.651733
17.074357748031616,0.822388,-0.140625,0.125000,-0.335938,-0.060547,-0.068359,0.091797,0.609192,-0.359802,0.275513,-0.650757
17.09374165534973,0.821167,-1.285156,0.152344,-1.218750,0.054687,-0.244141,0.013672,0.610168,-0.361145,0.273560,-0.649963
17.114396333694458,0.812500,-4.089844,0.605469,-2.207031,0.310547,-0.724609,-0.316406,0.611023,-0.364258,0.266357,-0.650391
17.13518214225769,0.810547,-0.101563,-0.414062,-1.839844,0.556641,-0.484375,-0.441406,0.611389,-0.365540,0.259094,-0.652283
17.153788566589355,0.806396,-0.128906,-1.957031,-0.742187,0.027344,0.080078,0.054687,0.611450,-0.364624,0.258972,-0.652771
17.174771547317505,0.796875,0.628906,-3.050781,2.597656,-0.232422,0.585937,-0.039063,0.609131,-0.361755,0.263611,-0.654724
17.194639444351196,0.796509,-0.132812,-1.187500,-6.238281,0.314453,1.126953,-0.007813,0.606995,-0.353577,0.268555,-0.659119
17.213984966278076,0.798462,-0.308594,3.914063,4.441406,-0.046875,0.615234,0.089844,0.605896,-0.349487,0.273010,-0.660461
17.2350492477417,0.797729,-1.136719,1.378906,-2.070313,-0.589844,0.078125,0.345703,0.605774,-0.351196,0.278076,-0.657532
17.254966735839844,0.796875,-1.511719,0.914062,-0.519531,-0.294922,-0.128906,0.070312,0.605591,-0.353638,0.279907,-0.655579
17.274550676345825,0.795044,1.078125,-0.472656,-1.019531,-0.255859,-0.208984,0.097656,0.605957,-0.356262,0.280334,-0.653687
17.294835567474365,0.793091,-0.769531,-0.480469,-2.808594,0.109375,-0.314453,0.062500,0.607727,-0.357422,0.278320,-0.652283
17.31478190422058,0.795410,-0.230469,0.812500,2.269531,0.132812,-0.275391,0.324219,0.610657,-0.357788,0.276917,-0.649902
17.334253311157227,0.800781,-2.031250,-1.261719,-1.417969,0.099609,-0.246094,0.113281,0.612488,-0.358521,0.275269,-0.648499
17.354857921600342,0.815308,1.445313,-0.496094,2.652344,-0.009766,-0.089844,0.052734,0.613037,-0.358948,0.274841,-0.647949
17.37518858909607,0.824585,-1.003906,-1.292969,-1.218750,-0.078125,0.099609,-0.070312,0.611938,-0.358887,0.275574,-0.648682
17.395155906677246,0.831665,0.281250,-0.535156,-1.101563,0.259766,0.292969,-0.617187,0.608521,-0.356995,0.273865,-0.653625
17.414591312408447,0.836304,-1.988281,-0.199219,6.382812,-0.142578,0.162109,-0.710937,0.603088,-0.358459,0.273132,-0.658142
17.434993505477905,0.833130,0.015625,0.382813,2.984375,-0.615234,-0.158203,-0.664062,0.597473,-0.364136,0.273743,-0.659973
17.455292224884033,0.829834,3.648438,-0.320313,-2.808594,-0.144531,-0.097656,-0.029297,0.596863,-0.365356,0.274414,-0.659485
17.474535703659058,0.828735,-1.964844,-1.746094,-4.089844,0.500000,0.595703,0.550781,0.599976,-0.357788,0.276306,-0.660034
17.495471954345703,0.809814,-2.531250,1.218750,0.972656,0.691406,0.714844,0.054687,0.600891,-0.349304,0.276672,-0.663574
17.515202045440674,0.800903,-1.757813,2.957031,6.625000,-0.226562,0.294922,-0.193359,0.598145,-0.348938,0.278992,-0.665283
17.535086393356323,0.799194,-1.550781,1.449219,1.550781,-0.621094,-0.074219,-0.390625,0.593750,-0.353882,0.281311,-0.665649
17.555343627929688,0.797119,0.835937,0.406250,-1.492188,-0.392578,-0.191406,-0.281250,0.591003,-0.358215,0.281677,-0.665588
17.575525760650635,0.796387,0.660156,0.054687,-2.527344,0.035156,-0.281250,-0.189453,0.590576,-0.360474,0.279358,-0.665771
17.59472966194153,0.796387,0.484375,0.253906,-0.757812,0.244141,-0.261719,-0.164062,0.591064,-0.361389,0.275513,-0.666443
17.615582942962646,0.797607,-0.953125,0.406250,-0.281250,0.275391,-0.453125,-0.306641,0.591187,-0.363586,0.270142,-0.667297
17.6352961063385,0.801025,2.265625,0.550781,3.503906,-0.021484,-0.439453,-0.179687,0.591187,-0.367188,0.267212,-0.666565
17.65485954284668,0.807007,-0.210937,-0.636719,0.562500,-0.382813,-0.314453,0.103516,0.591187,-0.370911,0.267639,-0.664307
17.675557613372803,0.822510,-1.859375,-1.164063,-2.355469,-0.062500,-0.082031,-0.197266,0.590027,-0.372559,0.267334,-0.664551
17.695794105529785,0.830078,-1.136719,-0.667969,-2.464844,-0.142578,0.103516,-0.113281,0.588379,-0.372864,0.268066,-0.665588
17.715692043304443,0.835205,0.746094,-0.375000,-0.570312,0.152344,0.359375,-0.251953,0.586182,-0.370483,0.268738,-0.668518
17.743643522262573,0.839844,0.496094,0.304688,2.046875,0.025391,0.695312,-0.144531,0.583435,-0.366333,0.271851,-0.671936
17.755357027053833,0.841675,0.558594,0.320313,2.046875,-0.171875,0.681641,-0.072266,0.580627,-0.362854,0.276428,-0.674377
17.775547742843628,0.844849,-0.628906,0.406250,1.886719,-0.021484,0.365234,-0.023437,0.579346,-0.360901,0.278809,-0.675537
17.794950485229492,0.845459,5.140625,0.054687,2.195313,-0.242187,-0.179687,0.128906,0.580444,-0.362244,0.280273,-0.673218
17.81574034690857,0.844360,5.480469,0.562500,-1.113281,-0.134766,-0.207031,1.181641,0.588440,-0.361267,0.283813,-0.665344
17.835705757141113,0.843750,-1.464844,0.683594,-1.062500,0.134766,-0.302734,1.460938,0.598816,-0.358337,0.286072,-0.656616
17.855456590652466,0.844116,-2.121094,-0.425781,0.218750,0.257813,-0.068359,0.742187,0.604675,-0.355530,0.286804,-0.652466
17.875473737716675,0.848633,-1.875000,-0.320313,-1.156250,0.140625,0.148437,0.216797,0.606201,-0.353149,0.287659,-0.651978
17.89561367034912,0.852905,0.507812,0.000000,0.117188,0.171875,0.373047,0.046875,0.605896,-0.349792,0.288879,-0.653503
17.91522789001465,0.856445,-3.031250,-0.503906,0.062500,0.076172,0.509766,-0.244141,0.603210,-0.346619,0.290894,-0.656799
17.93618392944336,0.859131,1.105469,-0.574219,-1.621094,-0.128906,0.730469,-0.271484,0.598877,-0.343201,0.295044,-0.660706
17.955740690231323,0.857056,2.386719,-0.160156,-1.148438,0.115234,0.917969,-0.087891,0.595764,-0.337219,0.299744,-0.664429
17.97638177871704,0.852783,1.531250,-0.015625,0.093750,0.068359,0.728516,0.181641,0.595093,-0.332031,0.303650,-0.665894
17.995640993118286,0.845581,-2.261719,0.843750,4.292969,-0.126953,-0.140625,0.134766,0.595825,-0.333313,0.304321,-0.664307
18.01611876487732,0.823730,-1.058594,-0.855469,1.628906,-0.539062,-0.845703,-0.080078,0.596130,-0.342163,0.302612,-0.660339
18.036134243011475,0.808838,4.859375,-3.078125,-6.808594,-0.468750,-1.087891,0.111328,0.598938,-0.350098,0.298950,-0.655212
18.055717945098877,0.792847,-2.433594,-3.156250,-16.753906,1.468750,-0.117188,0.216797,0.605164,-0.341919,0.290100,-0.657837
18.076146364212036,0.726318,0.390625,-0.816406,-6.312500,2.328125,1.060547,-0.136719,0.609314,-0.322266,0.280945,-0.667786
18.095746278762817,0.680176,0.054687,3.023438,6.261719,1.757813,0.763672,0.250000,0.614136,-0.305908,0.274536,-0.673706
18.125147581100464,0.620605,-2.750000,2.984375,5.625000,0.361328,-0.441406,-0.142578,0.617981,-0.298096,0.269714,-0.675659
18.14535903930664,0.595825,-2.261719,0.585937,2.621094,-0.023437,-0.537109,-0.519531,0.619141,-0.298889,0.264282,-0.676392
18.165868997573853,0.544556,0.761719,0.234375,0.039063,-0.179687,-0.144531,-0.517578,0.617004,-0.303772,0.259766,-0.677856
18.185747623443604,0.523193,2.347656,-0.417969,-3.109375,0.218750,0.080078,-0.375000,0.613586,-0.307007,0.258179,-0.680176
18.205491065979004,0.497803,0.261719,-0.757812,-3.816406,0.595703,0.080078,-0.500000,0.611389,-0.306274,0.255920,-0.683289
18.22580313682556,0.460449,-0.605469,-1.210938,-1.160156,0.845703,0.054687,-0.628906,0.609558,-0.303406,0.250854,-0.688110
18.245754957199097,0.437988,-1.359375,-1.238281,-0.097656,0.925781,-0.066406,-0.830078,0.607544,-0.299622,0.243469,-0.694153
18.26563334465027,0.399780,-1.460938,-0.312500,0.742187,0.851562,-0.261719,-0.957031,0.604675,-0.296448,0.234253,-0.701172
18.28532338142395,0.371826,0.503906,0.894531,1.843750,0.632812,-0.421875,-0.910156,0.601013,-0.295349,0.223938,-0.708069
18.30563473701477,0.324463,1.453125,1.062500,0.910156,0.486328,-0.468750,-0.656250,0.597473,-0.296448,0.214294,-0.713623
18.32598614692688,0.318970,1.312500,0.976562,0.523437,0.429687,-0.480469,-0.390625,0.595215,-0.298279,0.205994,-0.717163
