timestamp,pressure_value,linear_accel_x,linear_accel_y,linear_accel_z,gyro_x,gyro_y,gyro_z,orientation_r,orientation_i,orientation_j,orientation_k
0.021596908569335938,0.090454,0.558594,2.121094,-0.902344,-0.652344,-0.244141,0.562500,0.529663,-0.276611,0.311646,-0.738770
0.042755842208862305,0.089966,1.609375,2.527344,0.492187,-0.880859,-0.363281,0.697266,0.533203,-0.281921,0.317688,-0.731628
0.06874585151672363,0.109619,-2.789063,-0.503906,-0.101563,-0.785156,-0.646484,0.101563,0.533813,-0.290466,0.320251,-0.726685
0.08130526542663574,0.157593,-2.207031,-1.054688,-1.890625,-0.527344,-0.867187,-0.439453,0.532104,-0.300964,0.318298,-0.724548
0.10136985778808594,0.137451,-2.371094,-0.992187,-1.789063,-0.408203,-1.246094,-0.470703,0.531189,-0.313660,0.313354,-0.721985
0.12175536155700684,0.108154,0.160156,-0.843750,-0.593750,-0.550781,-1.322266,-0.609375,0.529114,-0.327637,0.308594,-0.719360
0.14206767082214355,0.093018,-0.496094,-2.023438,1.214844,-0.816406,-0.802734,-0.542969,0.525269,-0.339294,0.308228,-0.716919
0.16130805015563965,0.120483,1.777344,-1.101563,0.332031,-0.882812,-0.291016,-0.261719,0.521484,-0.346741,0.311829,-0.714539
0.18163394927978516,0.167969,2.464844,-0.128906,-1.671875,-0.492187,0.183594,0.103516,0.520020,-0.347839,0.316528,-0.713013
0.20190119743347168,0.272705,3.183594,-0.035156,-3.671875,-0.195312,0.460937,0.351563,0.520264,-0.344727,0.321716,-0.712036
0.22149229049682617,0.338867,1.074219,-1.269531,1.378906,-0.345703,0.574219,0.328125,0.519714,-0.341431,0.327881,-0.711182
0.24152755737304688,0.429321,0.070312,-1.023438,1.109375,-0.269531,0.501953,0.156250,0.518555,-0.338806,0.332886,-0.710999
0.26226115226745605,0.518799,-0.847656,-0.222656,-0.621094,-0.240234,0.453125,0.275391,0.518311,-0.335938,0.338135,-0.710022
0.2817189693450928,0.580078,1.015625,1.195313,-0.742187,-0.507812,0.488281,0.589844,0.519165,-0.333252,0.345764,-0.706970
0.3092832565307617,0.618408,0.773437,1.714844,-0.640625,-0.546875,0.283203,0.441406,0.519714,-0.332581,0.352356,-0.703613
0.32176923751831055,0.661743,-1.277344,-1.394531,-1.398438,-0.349609,0.144531,0.187500,0.519592,-0.332764,0.356018,-0.701843
0.3426172733306885,0.668579,-1.230469,-1.355469,-1.343750,0.009766,0.117188,-0.033203,0.519226,-0.332153,0.356567,-0.702087
0.3620283603668213,0.669922,-0.265625,-0.625000,-0.425781,0.005859,0.191406,-0.072266,0.518433,-0.331238,0.357056,-0.702881
0.3817262649536133,0.678101,-0.027344,0.484375,0.417969,-0.042969,0.093750,-0.017578,0.518127,-0.330872,0.357666,-0.702942
0.4022104740142822,0.692993,0.093750,0.300781,0.156250,-0.050781,0.054687,0.082031,0.518433,-0.330750,0.358337,-0.702454
0.42203330993652344,0.704102,0.265625,0.003906,0.519531,-0.025391,0.017578,-0.097656,0.518127,-0.331055,0.358276,-0.702576
0.44190216064453125,0.710815,0.250000,-0.265625,-0.632812,0.042969,0.128906,0.003906,0.518127,-0.330017,0.358459,-0.702942
0.4622983932495117,0.718750,1.375000,-0.199219,-0.371094,0.089844,0.263672,0.166016,0.518982,-0.327393,0.359558,-0.702942
0.48182153701782227,0.722046,0.742187,-0.011719,-0.117188,0.021484,0.150391,0.244141,0.520508,-0.325562,0.360779,-0.702087
0.5019857883453369,0.729858,0.257813,0.562500,0.648437,-0.042969,0.001953,0.150391,0.521790,-0.325378,0.361389,-0.700928
0.5221948623657227,0.731689,-0.558594,0.003906,0.273438,-0.025391,-0.089844,0.027344,0.522583,-0.326172,0.360962,-0.700134
0.5420305728912354,0.730835,-1.449219,-0.417969,-0.332031,0.023437,-0.099609,-0.101563,0.522827,-0.327271,0.359863,-0.700012
0.5623538494110107,0.727417,-0.371094,-0.113281,-0.300781,0.033203,-0.148437,-0.054687,0.523437,-0.328613,0.358398,-0.699707
0.5821762084960938,0.724976,-0.011719,0.031250,0.003906,0.046875,-0.242187,-0.093750,0.524231,-0.330627,0.356384,-0.699219
0.6022169589996338,0.725220,0.132812,0.222656,0.234375,0.005859,-0.248047,-0.074219,0.524963,-0.332764,0.354553,-0.698547
0.622638463973999,0.725708,0.488281,0.062500,-0.027344,0.027344,-0.156250,-0.070312,0.525635,-0.334167,0.353088,-0.698120
0.6423790454864502,0.723145,0.378906,-0.175781,-0.371094,0.062500,-0.083984,-0.003906,0.526550,-0.334656,0.351929,-0.697754
0.662041425704956,0.717041,0.792969,-0.066406,-0.339844,0.099609,-0.011719,0.033203,0.527649,-0.334351,0.351013,-0.697571
0.6822330951690674,0.714478,-0.203125,-0.191406,-0.363281,0.111328,0.019531,0.046875,0.528809,-0.333740,0.350220,-0.697327
0.7022652626037598,0.714111,0.683594,0.347656,0.281250,0.080078,-0.041016,0.128906,0.530579,-0.333435,0.349609,-0.696472
0.7224113941192627,0.710693,-0.019531,0.300781,0.265625,0.019531,-0.087891,0.072266,0.531921,-0.333923,0.348999,-0.695496
0.7426414489746094,0.710205,-0.363281,0.300781,0.523437,-0.052734,-0.121094,0.046875,0.533081,-0.335083,0.348633,-0.694275
0.7626523971557617,0.708130,0.085937,0.222656,0.433594,-0.082031,-0.173828,0.066406,0.534302,-0.336792,0.348267,-0.692688
0.7825305461883545,0.706421,-0.148437,0.156250,0.296875,-0.115234,-0.138672,0.068359,0.535461,-0.338379,0.348267,-0.691040
0.8027310371398926,0.702148,0.148437,0.093750,0.203125,-0.099609,-0.128906,0.091797,0.536682,-0.339722,0.348267,-0.689392
0.822906494140625,0.694824,0.070312,-0.121094,-0.164062,-0.046875,-0.056641,0.050781,0.537598,-0.340515,0.348206,-0.688354
0.8428945541381836,0.690430,-0.156250,-0.464844,-0.652344,-0.001953,-0.005859,-0.009766,0.538147,-0.340881,0.347839,-0.687927
0.8627243041992188,0.682617,-0.347656,-0.234375,-0.460937,0.039063,-0.035156,-0.017578,0.538818,-0.341248,0.346985,-0.687622
0.8831474781036377,0.677368,-0.164062,-0.003906,-0.117188,0.035156,-0.050781,-0.066406,0.539246,-0.341858,0.345947,-0.687500
0.9031963348388672,0.672119,-0.402344,-0.089844,-0.011719,0.082031,-0.062500,-0.099609,0.539612,-0.342529,0.344421,-0.687683
0.9228222370147705,0.652588,-0.128906,-0.019531,-0.218750,0.105469,-0.091797,-0.125000,0.540039,-0.343262,0.342529,-0.687866
0.9429066181182861,0.642456,0.195312,0.117188,0.074219,0.066406,-0.054687,-0.011719,0.540955,-0.343628,0.341431,-0.687561
0.9629321098327637,0.636719,1.105469,0.261719,0.226562,0.042969,-0.027344,0.107422,0.542419,-0.343628,0.341125,-0.686523
0.9829673767089844,0.642700,0.851562,0.261719,0.074219,-0.044922,0.001953,0.097656,0.543518,-0.343811,0.341431,-0.685425
1.0028254985809326,0.640747,-0.136719,0.222656,0.347656,-0.130859,-0.017578,0.076172,0.544250,-0.344666,0.342102,-0.684082
1.0232994556427002,0.640503,-0.234375,0.429687,0.746094,-0.250000,-0.023437,0.021484,0.544189,-0.346436,0.343445,-0.682556
1.0430700778961182,0.657959,-0.281250,0.261719,0.871094,-0.398438,-0.050781,-0.039063,0.543335,-0.349365,0.345398,-0.680725
1.0630640983581543,0.672241,-0.527344,0.578125,1.050781,-0.558594,-0.093750,-0.146484,0.541443,-0.353577,0.347778,-0.678894
1.0833156108856201,0.694214,-0.558594,-0.640625,-0.238281,-0.447266,0.017578,-0.154297,0.539429,-0.356628,0.349915,-0.677734
1.103093147277832,0.726074,0.375000,-0.484375,-0.777344,-0.250000,0.052734,-0.062500,0.538574,-0.358276,0.351379,-0.676880
1.1234195232391357,0.734985,0.636719,-0.500000,-1.699219,-0.058594,-0.015625,-0.003906,0.538940,-0.359070,0.351318,-0.676147
1.1433422565460205,0.743896,0.175781,-0.300781,-1.605469,0.046875,-0.179687,-0.042969,0.540100,-0.360413,0.349670,-0.675354
1.1633870601654053,0.752319,-0.917969,-0.109375,-0.042969,0.099609,-0.185547,0.310547,0.544006,-0.359985,0.349365,-0.672607
1.1834161281585693,0.766724,6.062500,0.082031,0.179687,0.167969,0.025391,0.906250,0.550598,-0.356384,0.351440,-0.668091
1.2032601833343506,0.771362,-0.035156,-0.070312,-1.144531,0.091797,0.291016,0.830078,0.555786,-0.351990,0.354370,-0.664490
1.2230658531188965,0.777832,1.808594,-0.261719,-0.511719,0.093750,0.171875,0.347656,0.558533,-0.349060,0.356018,-0.662903
1.2433979511260986,0.795776,-1.746094,0.050781,0.363281,-0.091797,0.431641,0.099609,0.557800,-0.347168,0.358948,-0.662964
1.263240098953247,0.798462,-0.664062,-0.054687,3.136719,-0.306641,0.472656,-0.349609,0.553589,-0.347229,0.362000,-0.664795
1.2832047939300537,0.800903,-3.355469,0.167969,-0.503906,-0.175781,0.187500,-0.458984,0.550049,-0.348755,0.362488,-0.666626
1.3033995628356934,0.809570,-1.609375,0.328125,-0.316406,-0.076172,-0.050781,-0.126953,0.549683,-0.350281,0.361877,-0.666504
1.3236091136932373,0.812378,0.628906,-0.164062,-1.496094,0.089844,0.000000,0.400391,0.553345,-0.348633,0.362427,-0.664001
1.3430774211883545,0.813721,6.558594,0.136719,-0.164062,0.169922,0.087891,0.861328,0.559387,-0.344666,0.364563,-0.659851
1.3636114597320557,0.820435,0.617187,0.175781,-0.921875,0.072266,0.158203,0.458984,0.562683,-0.341736,0.366394,-0.657532
1.3840632438659668,0.826050,0.097656,0.011719,0.027344,-0.052734,0.498047,0.238281,0.562683,-0.338684,0.369995,-0.657104
1.4033784866333008,0.834473,-1.433594,-0.171875,2.457031,-0.462891,0.470703,-0.500000,0.557129,-0.339661,0.373535,-0.659363
1.4235315322875977,0.848999,-6.472656,-0.054687,1.136719,-0.423828,0.421875,-0.908203,0.549194,-0.342712,0.375305,-0.663391
1.4437599182128906,0.851074,-0.792969,0.207031,0.289063,-0.097656,0.042969,-0.425781,0.546387,-0.344971,0.374695,-0.664856
1.4636437892913818,0.850708,1.859375,-0.054687,-2.140625,0.275391,-0.441406,0.054687,0.549683,-0.346008,0.370667,-0.663818
1.483518123626709,0.848755,0.953125,-1.113281,-2.332031,0.562500,0.068359,0.666016,0.555908,-0.340881,0.368713,-0.662415
1.5035803318023682,0.840576,4.800781,-1.195313,-1.742188,0.707031,0.505859,0.427734,0.560120,-0.332947,0.368164,-0.663208
1.5235998630523682,0.836182,-3.234375,-0.828125,-1.093750,0.314453,0.361328,0.246094,0.562134,-0.328247,0.368591,-0.663635
1.543898105621338,0.836426,-0.550781,2.156250,3.457031,-0.076172,0.041016,0.097656,0.563049,-0.328308,0.369202,-0.662476
1.5637259483337402,0.836670,-1.589844,1.476563,3.011719,-0.373047,-0.226562,-0.048828,0.563049,-0.332275,0.369873,-0.660095
1.5837914943695068,0.837402,0.292969,1.515625,2.378906,-0.503906,-0.257813,-0.039063,0.562622,-0.337036,0.371460,-0.657166
1.6037309169769287,0.839722,0.375000,0.335938,0.585937,-0.431641,0.144531,0.013672,0.561462,-0.338989,0.374695,-0.655334
1.623927354812622,0.848511,0.468750,-1.003906,-1.441406,-0.279297,0.314453,0.099609,0.560425,-0.338562,0.378357,-0.654297
1.6440412998199463,0.854248,0.019531,-0.781250,-1.359375,-0.214844,0.519531,0.033203,0.558594,-0.336792,0.382507,-0.654419
1.663703203201294,0.861206,0.265625,-0.757812,-1.089844,-0.230469,0.486328,-0.181641,0.555420,-0.336121,0.385681,-0.655518
1.6838538646697998,0.869507,-1.750000,-0.246094,-0.207031,-0.257813,0.107422,-0.460937,0.552063,-0.339050,0.385864,-0.656799
1.7039721012115479,0.869385,-1.707031,0.964844,0.636719,-0.167969,-0.484375,-0.439453,0.551025,-0.345093,0.382507,-0.656494
1.7239654064178467,0.866943,-0.023437,0.484375,0.093750,0.029297,-0.812500,-0.279297,0.553040,-0.351440,0.376648,-0.654785
1.7445025444030762,0.864136,1.582031,0.246094,-1.976563,0.337891,-0.726562,0.185547,0.558472,-0.354004,0.371216,-0.651917
1.7641639709472656,0.861938,3.390625,0.070312,-2.015625,0.238281,-0.085937,0.648437,0.564026,-0.351807,0.370972,-0.648437
1.7840659618377686,0.868042,0.421875,-0.636719,1.472656,-0.052734,0.554687,0.605469,0.566406,-0.346741,0.376404,-0.645996
1.8044116497039795,0.878784,3.449219,-0.398438,0.796875,-0.207031,0.964844,0.498047,0.565430,-0.341003,0.384338,-0.645203
1.8243987560272217,0.890503,-2.363281,-1.093750,0.183594,-0.148437,0.410156,-0.921875,0.557922,-0.342651,0.384705,-0.650635
1.8442418575286865,0.888306,-13.167969,-3.117188,-1.859375,0.791016,0.214844,-1.824219,0.548767,-0.342773,0.374512,-0.664124
1.8714921474456787,0.885132,2.855469,-7.761719,-13.722656,2.445313,1.166016,-1.521484,0.542725,-0.328979,0.359375,-0.684143
1.8843035697937012,0.868652,0.785156,4.523437,4.417969,2.128906,1.095703,-1.318359,0.537292,-0.315063,0.346436,-0.701416
1.9049489498138428,0.857788,0.691406,4.296875,4.074219,0.855469,0.638672,-0.869141,0.532349,-0.309204,0.340454,-0.710693
1.9241509437561035,0.847290,2.000000,6.285156,8.746094,0.099609,0.306641,-0.490234,0.529114,-0.308167,0.339966,-0.713745
1.9441251754760742,0.835449,5.914062,5.621094,2.984375,-0.412109,0.386719,0.613281,0.531494,-0.305908,0.346558,-0.709778
1.9643077850341797,0.832397,8.390625,8.242188,3.726563,-1.072266,0.558594,1.591797,0.538330,-0.302307,0.360962,-0.698914
1.9846246242523193,0.827026,5.363281,7.984375,1.625000,-0.791016,0.322266,2.042969,0.549011,-0.297852,0.373718,-0.685730
2.0117762088775635,0.818237,1.921875,4.429687,-3.453125,-0.906250,-0.431641,1.130859,0.555908,-0.301697,0.380493,-0.674683
2.024495840072632,0.809570,-13.382813,-11.039063,9.023438,-0.160156,-0.714844,-0.330078,0.557556,-0.308228,0.377075,-0.672302
2.0444066524505615,0.800415,-1.984375,-6.847656,-12.167969,0.810547,-0.228516,0.310547,0.562866,-0.306335,0.371399,-0.671875
2.0647425651550293,0.792725,8.089844,4.308594,-1.933594,-0.517578,-0.740234,0.179687,0.566162,-0.312927,0.370056,-0.666748
2.084566831588745,0.783447,-3.562500,4.347656,7.359375,-0.269531,-0.884766,-0.281250,0.567444,-0.321533,0.366150,-0.663757
2.1047701835632324,0.782959,0.601562,-2.554688,-2.562500,-0.025391,-0.451172,-0.152344,0.568481,-0.326172,0.363220,-0.662231
2.124647378921509,0.784424,1.902344,1.742188,0.558594,-0.443359,-0.343750,-0.050781,0.568848,-0.331177,0.363098,-0.659424
2.1450183391571045,0.791626,0.523437,1.082031,1.394531,-0.238281,-0.320313,-0.037109,0.569580,-0.335144,0.362549,-0.657104
2.1646807193756104,0.790771,0.484375,-0.847656,-1.441406,-0.115234,-0.152344,0.001953,0.570374,-0.337219,0.362061,-0.655640
2.185236692428589,0.787720,0.390625,-0.648437,-1.347656,0.029297,-0.054687,-0.044922,0.570984,-0.338074,0.361084,-0.655212
2.204625368118286,0.774780,-0.468750,-0.683594,-0.886719,0.023437,-0.035156,-0.121094,0.571045,-0.338928,0.359924,-0.655334
2.22493577003479,0.771362,-0.535156,-0.042969,0.214844,-0.029297,-0.029297,-0.140625,0.570801,-0.340332,0.359192,-0.655212
2.24491810798645,0.770752,-0.523437,0.082031,0.597656,-0.250000,-0.160156,-0.095703,0.570496,-0.343323,0.359314,-0.653870
2.264982223510742,0.778442,-0.160156,0.718750,1.183594,-0.431641,-0.095703,-0.074219,0.569641,-0.346863,0.360840,-0.651917
2.284893274307251,0.786743,0.582031,0.136719,1.015625,-0.367188,-0.003906,0.033203,0.569275,-0.349243,0.362915,-0.649780
2.305009603500366,0.794678,0.617187,-0.597656,-0.378906,-0.111328,-0.003906,0.144531,0.570618,-0.349609,0.363892,-0.647888
2.325263023376465,0.808472,0.804687,-0.773437,-2.203125,0.121094,0.041016,0.453125,0.574585,-0.347046,0.364685,-0.645325
2.3448095321655273,0.812378,3.179688,-0.398438,-1.574219,0.222656,0.318359,0.726562,0.579102,-0.341675,0.367065,-0.642761
2.364842414855957,0.822144,0.339844,-0.605469,-1.039063,0.082031,0.460937,0.304688,0.580139,-0.337585,0.370056,-0.642273
2.3854379653930664,0.828491,-2.554688,-0.125000,1.550781,-0.154297,0.423828,-0.187500,0.577759,-0.336670,0.372437,-0.643494
2.405083179473877,0.836426,-3.187500,0.082031,1.421875,-0.232422,0.199219,-0.404297,0.574768,-0.338074,0.373108,-0.645081
2.425152063369751,0.839111,-0.738281,0.242187,-0.578125,-0.093750,-0.080078,-0.126953,0.574463,-0.340088,0.372131,-0.644836
2.4450221061706543,0.841553,1.253906,0.222656,-0.148437,0.037109,-0.300781,0.136719,0.577271,-0.341248,0.370972,-0.642395
2.465198516845703,0.848267,1.527344,0.136719,-0.378906,-0.015625,0.070312,0.611328,0.581299,-0.338928,0.373047,-0.638794
2.4849627017974854,0.853394,0.566406,-0.476562,-1.414063,0.021484,0.431641,0.447266,0.583191,-0.335022,0.376404,-0.637146
2.505033493041992,0.860352,-1.242188,-0.046875,0.730469,-0.128906,0.429687,0.117188,0.582581,-0.332947,0.379639,-0.636902
2.5252084732055664,0.866699,-2.601563,-0.039063,1.054688,-0.097656,0.267578,-0.226562,0.580444,-0.332947,0.380859,-0.638123
2.5455691814422607,0.866577,-2.382813,-0.101563,-0.570312,0.001953,0.058594,-0.482422,0.577942,-0.334473,0.379456,-0.640381
2.5654568672180176,0.864868,-0.144531,-0.222656,-1.144531,0.134766,-0.003906,-0.275391,0.577087,-0.335144,0.377319,-0.642029
2.5855469703674316,0.863281,2.289063,0.074219,-0.402344,-0.007813,0.042969,-0.107422,0.577087,-0.335510,0.376648,-0.642334
2.605241537094116,0.864502,0.519531,0.679687,1.621094,-0.015625,-0.009766,0.041016,0.577881,-0.335876,0.376648,-0.641357
2.625476121902466,0.865845,0.789062,0.496094,0.632812,-0.220703,0.029297,0.166016,0.578552,-0.336792,0.378174,-0.639404
2.6458373069763184,0.869751,-1.746094,-0.148437,0.855469,-0.292969,0.128906,0.058594,0.578308,-0.337524,0.380798,-0.637695
2.66526460647583,0.872803,2.375000,-0.199219,-0.054687,-0.177734,0.291016,0.306641,0.579102,-0.335999,0.384338,-0.635620
2.6854333877563477,0.874634,0.804687,-0.292969,-1.593750,-0.011719,0.146484,0.298828,0.580811,-0.334595,0.385864,-0.633911
2.705487012863159,0.875122,-0.402344,-0.292969,-1.355469,0.152344,-0.017578,0.109375,0.582642,-0.333740,0.384827,-0.633301
2.72568941116333,0.873169,-0.273438,-0.382813,-1.082031,0.275391,-0.083984,-0.029297,0.584045,-0.333374,0.382019,-0.633911
2.745849609375,0.869751,-2.050781,-0.714844,-0.593750,0.425781,-0.175781,-0.582031,0.583069,-0.334656,0.376526,-0.637390
2.7656967639923096,0.866455,-3.425781,-1.250000,-1.496094,0.093750,-0.099609,-0.658203,0.580383,-0.337341,0.372437,-0.640808
2.785658597946167,0.864014,1.093750,1.730469,2.500000,-0.152344,-0.138672,-0.357422,0.578674,-0.340942,0.371155,-0.641174
2.80584979057312,0.865967,1.015625,1.898438,4.484375,-0.548828,-0.132812,-0.066406,0.577271,-0.345398,0.373108,-0.638977
2.8259928226470947,0.868286,0.226562,-0.390625,1.394531,-0.404297,0.039063,-0.046875,0.576050,-0.347900,0.375549,-0.637268
2.845839262008667,0.871948,0.562500,-1.082031,-2.558594,-0.005859,0.205078,0.126953,0.576660,-0.346680,0.376831,-0.636597
2.865561008453369,0.871216,1.867188,-0.996094,-3.906250,0.197266,0.251953,0.257813,0.578430,-0.343384,0.377441,-0.636414
2.8856260776519775,0.869141,-1.375000,-1.097656,-0.484375,0.160156,0.298828,0.046875,0.578674,-0.340698,0.377991,-0.637329
2.9059712886810303,0.869263,-2.867188,-0.726562,0.671875,0.031250,0.361328,-0.160156,0.577271,-0.338867,0.378967,-0.638977
2.926037549972534,0.870605,0.597656,0.343750,-0.300781,-0.042969,0.378906,0.013672,0.576294,-0.337219,0.381042,-0.639526
2.9459071159362793,0.872559,1.585938,1.187500,1.238281,-0.263672,0.115234,0.029297,0.575684,-0.338257,0.383301,-0.638184
2.9658992290496826,0.877075,0.078125,1.562500,2.972656,-0.558594,-0.111328,0.011719,0.574890,-0.342102,0.385559,-0.635437
2.9858686923980713,0.877075,-0.894531,0.144531,1.785156,-0.390625,-0.250000,-0.097656,0.574768,-0.346497,0.385803,-0.632996
3.0065386295318604,0.875732,-0.582031,-0.894531,-1.820313,-0.035156,-0.494141,0.001953,0.577148,-0.350098,0.382813,-0.630737
3.0260374546051025,0.875366,0.406250,-0.625000,-2.742188,0.285156,-0.542969,0.126953,0.581482,-0.351624,0.378235,-0.628601
3.046037435531616,0.876709,1.570313,-0.230469,-1.101563,0.154297,-0.220703,0.228516,0.584778,-0.351685,0.376099,-0.626831
3.065934896469116,0.879517,-0.914062,-0.437500,1.433594,-0.015625,0.039063,0.013672,0.585205,-0.351868,0.376221,-0.626221
3.0860941410064697,0.881958,-0.597656,-0.046875,1.132813,-0.271484,0.234375,-0.103516,0.583435,-0.352478,0.378357,-0.626221
3.106343984603882,0.889526,-0.746094,0.007813,1.593750,-0.218750,0.359375,-0.042969,0.581665,-0.352112,0.381348,-0.626343
3.126312494277954,0.892456,1.882813,0.070312,0.523437,-0.156250,0.298828,0.177734,0.581665,-0.350830,0.384583,-0.625061
3.15118670463562,0.893799,1.832031,0.507812,-0.402344,-0.082031,0.078125,0.460937,0.584412,-0.349426,0.386597,-0.622009
3.1665380001068115,0.892212,0.914062,0.402344,0.035156,0.097656,-0.175781,0.453125,0.588501,-0.348633,0.386353,-0.618774
3.1861932277679443,0.889648,0.011719,0.316406,-1.292969,0.349609,-0.173828,0.218750,0.592041,-0.347595,0.383789,-0.617554
3.2062466144561768,0.884033,-1.582031,-0.710937,-1.605469,0.458984,-0.306641,-0.320313,0.593018,-0.348572,0.378113,-0.619629
3.2266173362731934,0.875244,-5.531250,-0.972656,-0.222656,0.216797,-0.134766,-0.822266,0.590027,-0.351013,0.372986,-0.624146
3.246638298034668,0.874878,-0.164062,-0.765625,0.542969,0.099609,0.337891,-0.556641,0.585999,-0.350952,0.372131,-0.628418
3.266249656677246,0.876587,2.410156,-0.542969,0.453125,-0.220703,0.677734,-0.291016,0.581543,-0.349609,0.376099,-0.630981
3.2864582538604736,0.879883,3.078125,2.191406,2.597656,-0.501953,0.548828,0.144531,0.579102,-0.348633,0.382446,-0.629944
3.3065414428710938,0.888794,0.281250,1.742188,1.910156,-0.648437,0.326172,0.244141,0.577881,-0.349487,0.388428,-0.626892
3.3267252445220947,0.890747,-0.871094,0.492187,3.160156,-0.388672,0.097656,0.312500,0.578857,-0.349976,0.392334,-0.623352
3.3464572429656982,0.891357,-0.007813,-0.625000,-1.902344,-0.056641,0.060547,0.851562,0.584167,-0.346802,0.395203,-0.618286
3.3664252758026123,0.890503,2.203125,-0.433594,-2.976563,0.123047,0.074219,0.998047,0.590576,-0.342346,0.397583,-0.613098
3.3864259719848633,0.890747,-0.964844,-0.296875,0.218750,0.078125,0.060547,0.253906,0.592834,-0.340576,0.398560,-0.611267
3.406972646713257,0.892334,-4.992187,-0.656250,-0.285156,-0.230469,0.220703,-0.185547,0.590515,-0.341919,0.400024,-0.611877
3.427034616470337,0.895264,-1.875000,0.054687,2.625000,-0.361328,0.105469,-0.810547,0.584778,-0.346313,0.400024,-0.614868
3.446585178375244,0.896729,0.000000,-0.019531,-2.339844,-0.166016,0.296875,-0.576172,0.580139,-0.348206,0.400635,-0.617798
3.4667723178863525,0.897949,2.187500,0.496094,1.070313,-0.201172,0.234375,-0.003906,0.579041,-0.347839,0.403503,-0.617187
3.4869093894958496,0.896362,2.601563,0.519531,0.191406,-0.126953,0.380859,0.898437,0.582581,-0.342896,0.408997,-0.612976
3.50712513923645,0.894165,1.785156,-1.359375,-3.617188,0.197266,0.732422,0.812500,0.585388,-0.335144,0.413513,-0.611511
3.5270638465881348,0.889893,-7.800781,-3.535156,-2.535156,0.642578,0.712891,-0.818359,0.580505,-0.330872,0.411194,-0.619995
3.5475149154663086,0.876221,-12.585938,-4.417969,-3.203125,0.884766,0.644531,-1.472656,0.572327,-0.328247,0.404785,-0.633118
3.5670087337493896,0.869995,-0.980469,-1.207031,-2.148438,0.408203,0.402344,-0.951172,0.566223,-0.327881,0.401123,-0.641113
3.5869383811950684,0.864990,2.378906,5.808594,7.519531,-0.613281,0.013672,-0.539062,0.561890,-0.332092,0.402527,-0.641907
3.6068387031555176,0.861084,5.488281,2.937500,-1.597656,-0.117188,0.183594,0.294922,0.563110,-0.331055,0.404785,-0.639893
3.62711238861084,0.855957,6.156250,2.300781,-2.226563,0.134766,-0.025391,0.804687,0.568848,-0.328186,0.406189,-0.635376
3.6469171047210693,0.850952,2.671875,1.750000,0.824219,-0.046875,-0.433594,0.498047,0.574036,-0.329224,0.405579,-0.630554
3.666964292526245,0.848511,-1.945313,-1.164063,1.128906,-0.203125,-0.380859,0.285156,0.577332,-0.331848,0.405151,-0.626404
3.687321424484253,0.849976,0.367188,-0.113281,-0.140625,-0.099609,-0.312500,0.140625,0.579651,-0.334045,0.404114,-0.623718
3.7073938846588135,0.851318,-1.546875,-1.914063,-2.433594,0.128906,-0.181641,-0.054687,0.580994,-0.335144,0.402039,-0.623291
3.7271292209625244,0.852051,-1.011719,-1.316406,-1.566406,0.019531,-0.091797,-0.066406,0.581482,-0.336365,0.401062,-0.622803
3.747269630432129,0.859863,-0.261719,0.835937,2.953125,-0.363281,-0.025391,-0.025391,0.580811,-0.338867,0.402710,-0.621033
3.7669830322265625,0.864990,-0.500000,0.292969,2.136719,-0.435547,0.021484,0.023437,0.580139,-0.341248,0.405151,-0.618774
3.7870020866394043,0.869019,0.281250,-0.363281,-0.140625,-0.191406,-0.054687,0.152344,0.581421,-0.341919,0.406555,-0.616272
3.807560443878174,0.872314,0.312500,-0.769531,-2.175781,-0.001953,0.054687,0.591797,0.584839,-0.339783,0.407837,-0.613342
3.827125072479248,0.874756,-2.089844,-1.085938,-2.835938,0.125000,0.230469,0.304688,0.586609,-0.336853,0.409241,-0.612305
3.8474597930908203,0.877563,1.199219,-0.257813,1.140625,-0.068359,0.285156,-0.242187,0.584473,-0.336670,0.410522,-0.613586
3.8677804470062256,0.882080,-5.511719,-0.289063,1.347656,-0.265625,0.267578,-0.419922,0.580688,-0.338318,0.411987,-0.615356
3.8874776363372803,0.885132,0.230469,0.464844,1.433594,-0.263672,0.292969,-0.029297,0.578918,-0.338379,0.414917,-0.614990
3.9073235988616943,0.888184,1.941406,0.488281,0.714844,-0.347656,0.417969,0.515625,0.579834,-0.335938,0.420959,-0.611389
3.927527666091919,0.890137,4.433594,0.558594,1.687500,-0.443359,0.468750,1.140625,0.583435,-0.331543,0.429443,-0.604370
3.947589635848999,0.893066,1.671875,0.800781,0.089844,-0.318359,0.167969,0.892578,0.587585,-0.328796,0.435242,-0.597656
3.9677813053131104,0.893677,-1.406250,0.312500,-0.500000,-0.154297,-0.099609,0.906250,0.593079,-0.326965,0.438171,-0.591064
3.9949233531951904,0.892212,-1.464844,-0.808594,-2.382813,0.294922,-0.300781,0.531250,0.598938,-0.325073,0.435974,-0.587830
4.007590055465698,0.885376,-6.601562,-1.535156,-1.871094,0.726562,-0.357422,-0.238281,0.601746,-0.324524,0.428406,-0.590820
4.027927875518799,0.882324,-6.679687,-1.589844,-2.003906,0.560547,-0.328125,-1.230469,0.598328,-0.328064,0.419861,-0.598389
4.04780125617981,0.881714,-6.402344,-1.414063,0.312500,0.037109,0.416016,-0.865234,0.592102,-0.329285,0.418457,-0.604919
4.067744016647339,0.885132,2.023438,-0.449219,-0.460937,-0.027344,0.896484,-0.654297,0.584839,-0.327271,0.421570,-0.610840
4.08784556388855,0.887817,2.636719,1.445313,1.058594,-0.302734,0.998047,-0.304688,0.578369,-0.324768,0.427612,-0.614136
4.108062505722046,0.890625,2.742188,2.050781,1.656250,-0.451172,0.488281,-0.060547,0.574829,-0.324768,0.432617,-0.613953
4.12753963470459,0.893066,0.554687,2.050781,3.042969,-0.652344,0.089844,-0.054687,0.572632,-0.328186,0.436462,-0.611450
4.147822380065918,0.892822,-0.566406,0.074219,1.316406,-0.478516,-0.068359,-0.078125,0.571472,-0.332031,0.438416,-0.609070
4.168133020401001,0.891357,0.070312,-1.425781,-2.781250,-0.087891,-0.216797,0.041016,0.572876,-0.334045,0.437622,-0.607239
4.1879894733428955,0.890625,1.671875,-0.691406,-2.917969,0.191406,-0.392578,0.244141,0.577087,-0.334656,0.435242,-0.604614
4.208783149719238,0.891968,0.316406,-0.132812,-2.031250,0.041016,-0.298828,0.515625,0.581665,-0.334473,0.434753,-0.600647
4.228189945220947,0.894287,0.101563,-0.214844,0.414062,0.039063,0.070312,0.156250,0.583191,-0.333374,0.436035,-0.598816
4.247920036315918,0.897705,0.156250,-0.675781,-0.957031,-0.119141,0.429687,0.220703,0.582520,-0.331360,0.439453,-0.598145
4.2682459354400635,0.902100,0.335938,-0.445312,-0.773437,-0.093750,0.400391,-0.199219,0.579834,-0.331055,0.441223,-0.599609
4.2881011962890625,0.902466,-2.277344,-0.238281,0.207031,-0.089844,-0.011719,-0.308594,0.578369,-0.333191,0.440552,-0.600342
4.308157444000244,0.901733,2.035156,0.695312,0.949219,-0.005859,-0.376953,-0.066406,0.580017,-0.336060,0.437561,-0.599304
4.328090190887451,0.894897,-0.953125,-0.031250,-2.054688,0.144531,-0.507812,0.013672,0.583130,-0.338318,0.433472,-0.597961
4.348562717437744,0.894531,1.105469,0.066406,0.480469,0.136719,-0.017578,0.210937,0.585388,-0.337097,0.433228,-0.596680
4.36834716796875,0.897095,1.605469,-0.484375,-1.140625,-0.130859,0.531250,0.361328,0.585327,-0.333740,0.437073,-0.595764
4.388203144073486,0.903564,-3.089844,-0.683594,-0.589844,-0.023437,0.480469,-0.132812,0.583008,-0.331848,0.439453,-0.597412
4.4084320068359375,0.905029,-1.496094,-0.140625,0.238281,-0.001953,0.380859,-0.250000,0.580383,-0.331116,0.440735,-0.599426
4.428632020950317,0.905396,-0.324219,0.863281,0.128906,-0.156250,0.082031,-0.097656,0.579346,-0.332214,0.441650,-0.599060
4.448290109634399,0.904419,0.578125,1.531250,2.230469,-0.375000,-0.109375,0.089844,0.579651,-0.334778,0.443176,-0.596252
4.468437671661377,0.904785,-0.058594,-0.285156,0.371094,-0.300781,-0.111328,0.230469,0.580811,-0.336365,0.444885,-0.592957
4.488698959350586,0.905762,1.269531,-0.796875,-1.757813,-0.078125,0.167969,0.376953,0.582397,-0.334839,0.447388,-0.590332
4.5083909034729,0.907837,2.687500,-0.535156,-2.503906,-0.023437,0.300781,0.423828,0.583862,-0.331787,0.450500,-0.588318
4.5283191204071045,0.911621,-0.550781,-0.421875,-0.304688,-0.107422,0.382813,0.091797,0.583130,-0.329895,0.453247,-0.588013
4.548362493515015,0.911865,-2.992188,-0.113281,0.140625,-0.011719,0.230469,-0.255859,0.581055,-0.330139,0.453430,-0.589722
4.568548679351807,0.911865,-3.402344,0.007813,-0.769531,-0.009766,0.019531,-0.392578,0.579285,-0.331848,0.452087,-0.591492
4.588770627975464,0.910400,-0.128906,0.320313,0.640625,-0.087891,-0.080078,-0.021484,0.579712,-0.332947,0.452148,-0.590454
4.608934164047241,0.910645,3.808594,0.597656,2.273438,-0.421875,0.181641,0.660156,0.581543,-0.331848,0.456909,-0.585571
4.628583192825317,0.911987,3.925781,-0.199219,-0.156250,-0.097656,0.453125,0.482422,0.582397,-0.328491,0.461792,-0.582764
4.649281740188599,0.915283,-1.542969,-1.347656,-3.210938,-0.091797,0.281250,-0.318359,0.579346,-0.329224,0.461914,-0.585266
4.668844938278198,0.914185,-8.562500,-1.601563,-0.515625,0.556641,-0.027344,-1.550781,0.573853,-0.331970,0.453186,-0.595886
4.688665866851807,0.911377,4.480469,-4.519531,-11.394531,1.769531,0.273438,-1.000000,0.571960,-0.326477,0.441101,-0.609680
4.71635627746582,0.903076,1.273438,0.433594,-0.261719,0.746094,0.115234,-1.152344,0.567871,-0.326111,0.432617,-0.619690
4.72846531867981,0.896240,2.167969,1.929688,0.585937,0.503906,-0.232422,-0.898437,0.565186,-0.328979,0.425049,-0.625793
4.7484354972839355,0.885376,1.980469,1.906250,0.507812,0.322266,-0.373047,-0.562500,0.565002,-0.331726,0.419312,-0.628357
4.768623352050781,0.856323,6.957031,5.097656,1.527344,0.125000,-0.056641,0.615234,0.569885,-0.329468,0.419861,-0.624817
4.7889814376831055,0.850342,9.695313,6.117187,-0.296875,-0.111328,-0.007813,1.710938,0.580688,-0.323608,0.425232,-0.614258
4.8085856437683105,0.849854,5.847656,6.441406,1.402344,-0.203125,-0.787109,1.533203,0.591736,-0.323914,0.426147,-0.602783
4.82891583442688,0.853516,-6.445312,-1.535156,5.105469,0.166016,-1.119141,-0.753906,0.594604,-0.331482,0.416870,-0.602234
4.849182367324829,0.849731,5.332031,1.828125,-6.167969,0.400391,-0.597656,0.183594,0.598999,-0.333618,0.411011,-0.600830
4.868718385696411,0.845947,7.812500,5.398437,3.722656,-0.189453,-0.390625,0.177734,0.601746,-0.336060,0.409973,-0.597412
4.889141798019409,0.842529,-2.910156,-2.800781,-1.089844,-0.062500,-0.031250,0.103516,0.602905,-0.336670,0.410034,-0.595825
4.9091010093688965,0.844849,0.304688,-1.574219,-0.468750,-0.101563,0.037109,0.085937,0.603271,-0.337158,0.410950,-0.594604
4.929312229156494,0.849609,-1.515625,-0.496094,0.707031,-0.279297,0.089844,-0.119141,0.601868,-0.338928,0.412476,-0.593933
4.949136972427368,0.855225,-0.613281,0.523437,1.710938,-0.406250,0.158203,-0.072266,0.599731,-0.341064,0.415222,-0.592957
4.969476938247681,0.865845,0.765625,-0.125000,0.824219,-0.312500,0.177734,-0.214844,0.597412,-0.342957,0.417114,-0.592834
4.989275693893433,0.868042,-1.097656,-0.445312,-0.761719,-0.087891,-0.033203,-0.060547,0.597290,-0.344482,0.416992,-0.592163
5.009311676025391,0.866943,-0.199219,-0.101563,-0.554687,0.130859,-0.466797,-0.095703,0.599426,-0.347229,0.413269,-0.591064
5.029244899749756,0.863892,-2.660156,-0.109375,-1.535156,0.183594,-0.603516,-0.013672,0.602722,-0.350098,0.408691,-0.589172
5.049879550933838,0.863647,1.343750,0.296875,0.308594,-0.083984,-0.212891,0.335938,0.605469,-0.351013,0.408691,-0.585815
5.069263696670532,0.866211,2.718750,0.187500,1.781250,-0.119141,0.347656,0.343750,0.606079,-0.348755,0.412415,-0.583862
5.0890161991119385,0.878174,2.304688,-0.722656,-2.285156,-0.074219,0.748047,0.207031,0.604309,-0.344666,0.417297,-0.584717
5.109320402145386,0.880615,-3.667969,-1.183594,-1.304688,-0.015625,0.505859,-0.466797,0.600159,-0.343811,0.419067,-0.588196
5.129704475402832,0.881104,-4.191406,0.664062,1.316406,-0.115234,0.169922,-0.302734,0.597595,-0.345276,0.419556,-0.589661
5.149620771408081,0.880859,0.160156,1.101563,2.105469,-0.283203,-0.056641,-0.033203,0.597168,-0.347290,0.420410,-0.588257
5.1694862842559814,0.882324,2.613281,-0.140625,-0.960937,-0.126953,0.253906,0.449219,0.598633,-0.345276,0.423889,-0.585449
5.189476490020752,0.884155,5.656250,-0.406250,-1.695313,0.085937,0.412109,0.529297,0.600464,-0.340820,0.427673,-0.583435
5.209683179855347,0.885986,-1.429688,-1.000000,-3.179688,0.031250,0.255859,0.078125,0.600342,-0.339111,0.428467,-0.583923
5.229726791381836,0.886841,-2.707031,-0.660156,0.871094,0.177734,-0.029297,-0.474609,0.598755,-0.340515,0.425964,-0.586609
5.249713659286499,0.886719,0.507812,0.640625,1.460938,0.056641,-0.037109,-0.339844,0.597412,-0.342285,0.424194,-0.588196
5.269467830657959,0.886841,1.171875,0.679687,0.343750,-0.164062,0.019531,0.000000,0.597046,-0.343628,0.424866,-0.587341
5.28940749168396,0.888794,2.160156,1.230469,2.632813,-0.355469,0.115234,0.048828,0.596252,-0.345093,0.427551,-0.585388
5.309426307678223,0.890137,-0.542969,0.250000,1.664063,-0.345703,0.150391,0.171875,0.595886,-0.345764,0.430725,-0.582947
5.329663991928101,0.890991,1.152344,-0.414062,-1.492188,-0.152344,0.146484,0.349609,0.596985,-0.344788,0.433289,-0.580505
5.349845886230469,0.893799,0.945312,-0.523437,-2.234375,0.113281,0.173828,0.259766,0.598450,-0.342407,0.434570,-0.579468
5.370111465454102,0.895386,0.656250,-0.492187,-1.820313,0.015625,0.273438,0.107422,0.598206,-0.340881,0.436157,-0.579407
5.3899383544921875,0.895996,-1.375000,-0.191406,0.675781,-0.089844,0.226562,-0.365234,0.595276,-0.341919,0.436829,-0.581299
5.40993070602417,0.896606,-1.421875,-0.062500,-0.296875,-0.078125,0.275391,-0.445312,0.591736,-0.343140,0.437256,-0.583923
5.434856176376343,0.897461,-0.019531,0.031250,-0.082031,-0.115234,0.201172,-0.171875,0.589905,-0.343811,0.438171,-0.584656
5.449936628341675,0.897583,1.648438,0.582031,0.746094,-0.250000,-0.003906,0.105469,0.590210,-0.344849,0.439514,-0.582764
5.470133304595947,0.897461,0.707031,0.636719,2.042969,-0.267578,0.037109,0.455078,0.591919,-0.344666,0.442017,-0.579224
5.492423057556152,0.899170,0.921875,-0.277344,-1.328125,0.013672,0.158203,0.207031,0.593018,-0.343018,0.443665,-0.577759
5.5106117725372314,0.901245,0.027344,-0.781250,-2.652344,0.003906,0.289063,0.138672,0.592773,-0.341431,0.445435,-0.577576
5.530306100845337,0.902222,-0.746094,-0.246094,0.878906,-0.125000,0.183594,-0.269531,0.590271,-0.342651,0.446167,-0.578918
5.550209283828735,0.902954,-3.074219,-0.191406,-0.394531,-0.074219,0.205078,-0.541016,0.586365,-0.344482,0.446106,-0.581787
5.570211410522461,0.903320,1.796875,0.121094,0.351563,-0.044922,0.328125,-0.306641,0.583374,-0.344727,0.447083,-0.583923
5.590691328048706,0.904053,1.152344,-0.207031,-1.578125,0.001953,0.205078,-0.044922,0.582520,-0.344360,0.448059,-0.584290
5.609986782073975,0.904175,0.953125,0.519531,0.726562,-0.250000,0.041016,0.263672,0.583252,-0.344543,0.450256,-0.581726
5.630315065383911,0.904175,1.351563,-0.265625,-1.035156,-0.021484,0.177734,0.361328,0.584961,-0.342529,0.452454,-0.579468
5.649970769882202,0.904663,2.042969,-0.582031,-3.019531,0.300781,0.146484,0.423828,0.587952,-0.338501,0.452393,-0.578857
5.670068740844727,0.902954,-1.871094,-1.492188,-3.570313,0.660156,0.033203,-0.257813,0.588867,-0.335571,0.447876,-0.583130
5.69054913520813,0.899780,-6.382812,-2.527344,-2.492188,0.763672,0.347656,-0.650391,0.586609,-0.332947,0.443420,-0.590271
5.709964752197266,0.896240,2.562500,3.031250,4.753906,0.162109,0.244141,-0.308594,0.584351,-0.332520,0.442749,-0.593201
5.730301856994629,0.895020,1.375000,2.718750,4.277344,-0.333984,0.017578,-0.134766,0.582886,-0.334839,0.443909,-0.592468
5.7503461837768555,0.893188,-0.324219,2.015625,3.941406,-0.587891,-0.068359,-0.062500,0.581360,-0.339172,0.446350,-0.589661
5.770453214645386,0.892944,0.187500,1.324219,3.574219,-0.625000,-0.039063,-0.023437,0.579712,-0.343018,0.449524,-0.586670
5.790287256240845,0.893311,2.171875,-1.960938,-3.976563,-0.300781,0.212891,0.195312,0.579285,-0.343079,0.452942,-0.584412
5.81040096282959,0.899536,1.765625,-0.566406,-1.433594,-0.126953,0.308594,0.267578,0.579346,-0.341309,0.456299,-0.582825
5.830514907836914,0.903076,-0.308594,-0.941406,-1.851563,-0.136719,0.316406,0.164062,0.578857,-0.339722,0.458923,-0.582153
5.850542306900024,0.905518,-0.875000,-0.406250,-0.335938,-0.123047,0.189453,-0.082031,0.577698,-0.339722,0.459839,-0.582642
5.870601177215576,0.906494,-2.031250,0.140625,-0.480469,-0.017578,0.007813,-0.224609,0.576782,-0.341248,0.458862,-0.583374
5.890672445297241,0.905151,-0.660156,0.339844,1.250000,0.013672,-0.316406,-0.191406,0.577576,-0.344177,0.456055,-0.583069
5.9106433391571045,0.902100,0.328125,0.261719,-0.066406,0.218750,-0.630859,-0.080078,0.580994,-0.347046,0.450989,-0.581909
5.930760622024536,0.894165,-0.496094,0.093750,-1.457031,0.119141,-0.400391,0.250000,0.584900,-0.347961,0.448608,-0.579285
5.9504714012146,0.895630,2.585938,-0.039063,2.726563,-0.197266,-0.048828,0.287109,0.586731,-0.347778,0.450134,-0.576355
5.9707465171813965,0.899292,0.035156,-0.988281,-2.878906,-0.064453,0.316406,0.390625,0.587585,-0.345276,0.453064,-0.574707
5.9910361766815186,0.905884,2.527344,-0.382813,-0.175781,-0.080078,0.333984,0.029297,0.586365,-0.343994,0.455261,-0.574951
6.010755300521851,0.907227,-3.226563,-0.679687,-0.238281,0.048828,0.291016,-0.380859,0.583618,-0.343994,0.455566,-0.577576
6.030580520629883,0.908081,1.332031,0.476562,0.500000,-0.052734,0.283203,-0.154297,0.581726,-0.343506,0.456543,-0.578918
6.051057577133179,0.908447,0.671875,0.589844,0.660156,-0.121094,0.183594,0.068359,0.581116,-0.343384,0.458130,-0.578369
6.071089029312134,0.908936,0.496094,0.789062,1.957031,-0.308594,-0.031250,0.083984,0.581177,-0.345032,0.459717,-0.576050
6.090738773345947,0.908813,-0.906250,0.390625,1.812500,-0.281250,-0.146484,0.234375,0.582581,-0.346680,0.461060,-0.572571
6.1110053062438965,0.908691,0.886719,-0.289063,-0.976562,-0.136719,-0.113281,0.408203,0.585022,-0.346802,0.462524,-0.568848
6.131037950515747,0.909302,1.527344,-0.210937,-0.722656,0.048828,0.080078,0.312500,0.586853,-0.345215,0.463684,-0.566956
6.15126633644104,0.910156,-0.367188,-0.640625,-2.945313,0.021484,0.214844,0.138672,0.587036,-0.343567,0.464966,-0.566711
6.171643257141113,0.910767,-0.753906,0.007813,1.078125,-0.162109,0.339844,-0.210937,0.584106,-0.343994,0.466614,-0.568115
6.191126108169556,0.912476,-3.835938,-0.398438,0.156250,-0.220703,0.359375,-0.535156,0.579102,-0.345703,0.468201,-0.570862
6.21077299118042,0.912598,0.996094,0.238281,0.597656,-0.302734,0.517578,-0.294922,0.574707,-0.346191,0.470886,-0.572754
6.231533765792847,0.911377,0.589844,-0.042969,-0.152344,0.070312,0.203125,-0.115234,0.573608,-0.345459,0.471252,-0.574097
6.251065731048584,0.906372,0.964844,-0.425781,-2.460938,0.322266,0.128906,0.228516,0.575439,-0.342407,0.470581,-0.574585
6.27117395401001,0.905396,0.160156,-0.410156,-1.058594,0.326172,0.125000,0.089844,0.576965,-0.339722,0.469604,-0.575439
6.2911536693573,0.905396,-0.304688,0.675781,0.761719,0.119141,0.076172,0.041016,0.577515,-0.338745,0.469238,-0.575806
6.311521291732788,0.906128,-0.601562,0.976562,2.050781,-0.138672,0.031250,-0.121094,0.576660,-0.340149,0.469727,-0.575439
6.3310160636901855,0.906738,-1.605469,0.828125,2.539063,-0.304688,0.031250,0.000000,0.575867,-0.341980,0.471252,-0.573914
6.351638078689575,0.907471,0.386719,-0.640625,-1.089844,-0.199219,0.054687,0.121094,0.575989,-0.342590,0.472778,-0.572083
6.371496200561523,0.908081,1.328125,-0.136719,-0.628906,-0.113281,-0.060547,0.210937,0.577515,-0.342957,0.473633,-0.569641
6.391387939453125,0.907349,-0.703125,-0.328125,-0.414062,-0.052734,-0.152344,0.425781,0.580566,-0.342773,0.474365,-0.566101
6.4112389087677,0.906982,0.855469,0.046875,-0.558594,-0.123047,-0.062500,0.447266,0.583191,-0.342163,0.475952,-0.562439
6.431554794311523,0.907593,-0.371094,-0.335938,-0.269531,-0.001953,0.128906,0.156250,0.583862,-0.341125,0.477173,-0.561279
6.45164942741394,0.909790,-1.210938,-0.457031,-1.449219,-0.111328,0.265625,-0.033203,0.582214,-0.340942,0.478638,-0.561890
6.47160267829895,0.910645,-0.644531,-0.257813,1.296875,-0.078125,0.240234,-0.597656,0.578125,-0.342957,0.478516,-0.565002
6.491698503494263,0.911743,-4.277344,-0.687500,-1.093750,-0.164062,0.240234,-0.599609,0.573242,-0.345886,0.478516,-0.568115
6.511307954788208,0.911133,-1.316406,-0.164062,0.746094,0.042969,0.093750,-0.498047,0.570496,-0.347473,0.477417,-0.570923
6.531675577163696,0.907959,2.062500,-0.839844,-5.156250,0.451172,0.173828,0.074219,0.571655,-0.344299,0.475708,-0.572998
6.5519795417785645,0.905151,4.148437,-0.871094,-2.812500,0.316406,0.240234,0.175781,0.573181,-0.340698,0.475281,-0.574036
6.5713584423065186,0.902588,0.976562,0.832031,1.195313,0.146484,0.017578,0.046875,0.573975,-0.340088,0.474854,-0.573914
6.591778039932251,0.901733,-1.812500,1.558594,3.667969,-0.281250,-0.181641,-0.046875,0.574158,-0.342773,0.474915,-0.572144
6.611733675003052,0.900635,0.585937,1.257813,2.214844,-0.140625,-0.113281,0.019531,0.574707,-0.344421,0.474731,-0.570740
6.631771564483643,0.899658,1.082031,-0.800781,-2.289063,0.119141,0.011719,0.087891,0.575806,-0.343811,0.474487,-0.570129
6.651538848876953,0.899536,1.289063,0.609375,2.097656,-0.179687,0.046875,0.246094,0.576721,-0.343994,0.476074,-0.567871
6.67219352722168,0.900146,-2.617188,-0.121094,1.746094,-0.345703,-0.181641,0.042969,0.577271,-0.346680,0.476990,-0.564819
6.69185209274292,0.900269,-1.382813,-0.097656,0.769531,-0.210937,-0.289063,0.244141,0.579285,-0.348755,0.476868,-0.561584
6.711967706680298,0.902588,1.390625,-0.585937,-2.234375,0.154297,-0.056641,0.097656,0.580994,-0.348206,0.476013,-0.560913
6.732081174850464,0.904663,2.027344,-0.402344,-0.382813,0.046875,0.220703,0.103516,0.581055,-0.346680,0.476929,-0.561035
6.751924514770508,0.906616,-1.207031,-0.449219,0.921875,-0.056641,0.312500,-0.050781,0.579468,-0.345947,0.478760,-0.561523
6.771671533584595,0.909180,0.535156,0.667969,1.480469,-0.279297,0.289063,0.224609,0.578674,-0.345398,0.482422,-0.559570
6.7922327518463135,0.909058,1.277344,0.871094,2.148438,-0.445312,0.148437,0.250000,0.578430,-0.346008,0.486328,-0.556030
6.811977863311768,0.907715,0.261719,0.308594,-0.218750,-0.404297,0.074219,0.451172,0.579529,-0.345886,0.490112,-0.551575
6.832014560699463,0.903564,1.343750,-0.027344,-1.679688,-0.326172,0.042969,0.623047,0.582336,-0.344299,0.494202,-0.546021
6.854801177978516,0.899048,2.347656,0.234375,0.863281,-0.480469,-0.099609,1.138672,0.588074,-0.341614,0.499390,-0.536743
6.871937036514282,0.890991,4.199219,0.250000,2.652344,0.177734,-0.248047,1.433594,0.597595,-0.335083,0.501099,-0.528687
6.891952991485596,0.865234,-4.300781,-1.238281,-8.925781,1.673828,-0.453125,0.455078,0.608215,-0.325317,0.490479,-0.532593
6.912386178970337,0.844482,-13.410156,-4.000000,-14.074219,3.248047,-0.791016,-0.451172,0.620422,-0.312622,0.466614,-0.547363
6.932919025421143,0.821411,-1.429688,-5.878906,-7.511719,3.804688,-1.316406,-0.773437,0.633484,-0.299561,0.435852,-0.564819
6.9524314403533936,0.800415,-2.062500,-3.527344,-6.398437,3.509766,-0.511719,-0.789062,0.641968,-0.283936,0.409546,-0.582703
6.979443073272705,0.782959,3.687500,0.925781,2.433594,2.431641,-0.203125,-0.943359,0.644104,-0.274231,0.390564,-0.597839
6.9922051429748535,0.779419,-8.003906,1.902344,9.085938,0.857422,-0.640625,-1.941406,0.638184,-0.279785,0.375977,-0.610840
7.012317419052124,0.770752,2.625000,3.703125,8.863281,-0.529297,-0.988281,-1.511719,0.631531,-0.294678,0.368042,-0.615540
7.032855272293091,0.765259,2.226563,5.156250,2.875000,-0.970703,-1.134766,-0.898437,0.627930,-0.310852,0.364075,-0.613586
7.052009105682373,0.770386,7.902344,6.382812,0.312500,-1.044922,-0.886719,0.285156,0.629822,-0.322266,0.365295,-0.605042
7.072407007217407,0.775757,6.003906,5.894531,-1.261719,-0.775391,-0.787109,0.941406,0.636414,-0.328369,0.367493,-0.593384
7.092801094055176,0.786865,2.105469,3.042969,-3.390625,-0.033203,-0.800781,1.498047,0.647949,-0.328491,0.367615,-0.580627
7.119786977767944,0.795288,-2.003906,1.433594,1.726563,-0.019531,-0.619141,1.341797,0.657837,-0.328125,0.367859,-0.569458
7.132450103759766,0.813843,-7.398437,0.492187,5.832031,-0.648437,-0.679687,0.533203,0.661682,-0.334412,0.368469,-0.560852
7.1528120040893555,0.817261,-5.367187,-3.144531,2.472656,-1.064453,-0.857422,-0.203125,0.660828,-0.346802,0.367554,-0.554871
7.172878265380859,0.820312,-0.343750,-4.507812,-3.570313,-0.554687,-0.966797,-0.472656,0.660278,-0.357300,0.362671,-0.552124
7.192454099655151,0.822388,3.382813,-2.921875,-5.546875,0.121094,-0.583984,-0.203125,0.661743,-0.361206,0.357666,-0.551086
7.212627172470093,0.822998,4.265625,1.140625,-1.687500,-0.197266,-0.214844,0.076172,0.662842,-0.363586,0.356750,-0.548828
7.233368873596191,0.821045,-0.761719,0.664062,1.578125,-0.289063,-0.398438,0.115234,0.663940,-0.367737,0.355957,-0.545227
7.252848148345947,0.819702,-3.605469,-1.289063,3.019531,-0.464844,-0.601562,-0.177734,0.663879,-0.374756,0.353516,-0.542114
7.272765874862671,0.818359,-2.050781,-0.597656,0.660156,-0.408203,-0.759766,-0.210937,0.664307,-0.382263,0.349609,-0.538818
7.292628765106201,0.817139,2.265625,-0.039063,-1.246094,-0.205078,-0.623047,-0.054687,0.665649,-0.387329,0.346191,-0.535706
7.312698602676392,0.814331,1.500000,-1.867188,-3.152344,0.054687,-0.171875,-0.037109,0.666504,-0.388428,0.344360,-0.535095
7.332982778549194,0.813110,0.410156,-0.265625,-0.562500,0.080078,0.082031,-0.017578,0.666809,-0.387878,0.344055,-0.535278
7.352647066116333,0.817139,0.542969,0.460937,1.312500,-0.054687,0.050781,0.033203,0.666809,-0.388184,0.344666,-0.534729
7.372926712036133,0.819214,-1.187500,0.476562,1.917969,-0.289063,-0.001953,-0.083984,0.665649,-0.390442,0.345703,-0.533813
7.392992973327637,0.821777,0.218750,0.554687,1.972656,-0.496094,0.046875,-0.021484,0.663635,-0.393738,0.348328,-0.532166
7.412930965423584,0.832275,-0.156250,0.300781,1.050781,-0.699219,0.234375,-0.054687,0.660278,-0.397095,0.352966,-0.530823
7.4331114292144775,0.840698,0.328125,-1.566406,-1.800781,-0.474609,0.429687,-0.089844,0.656860,-0.398621,0.357544,-0.530823
7.453082323074341,0.844849,0.230469,-0.003906,-1.078125,-0.267578,0.152344,-0.007813,0.655334,-0.399902,0.359680,-0.530334
7.473167419433594,0.846680,0.113281,-0.062500,-1.007813,-0.076172,-0.052734,-0.017578,0.655396,-0.401123,0.359314,-0.529602
7.49293327331543,0.843628,-2.285156,0.089844,-0.785156,0.097656,-0.453125,-0.154297,0.656982,-0.403564,0.355164,-0.528503
7.513176441192627,0.840454,-0.984375,0.195312,-0.703125,0.283203,-0.906250,0.007813,0.661377,-0.406311,0.348450,-0.525452
7.532991647720337,0.843872,2.378906,0.363281,0.253906,0.019531,-0.292969,0.542969,0.665588,-0.406006,0.347656,-0.520874
7.5533270835876465,0.850098,0.605469,-0.898437,-0.511719,-0.150391,0.285156,0.480469,0.667053,-0.403748,0.351624,-0.518066
7.573543310165405,0.857300,1.210938,-1.046875,-1.062500,-0.169922,0.564453,0.378906,0.666687,-0.400757,0.357117,-0.517151
7.593317985534668,0.861694,-1.085938,-1.382813,-2.339844,0.021484,0.531250,-0.164062,0.664062,-0.398804,0.359863,-0.520142
7.6133458614349365,0.861084,-6.082031,-1.421875,-1.582031,0.220703,0.500000,-0.710937,0.659790,-0.397766,0.359131,-0.526733
7.633137941360474,0.860474,-0.683594,1.667969,2.867188,0.087891,0.296875,-0.625000,0.656189,-0.397888,0.357849,-0.531982
7.653376579284668,0.860229,0.925781,2.785156,2.523438,-0.046875,0.068359,-0.308594,0.654358,-0.399414,0.357300,-0.533508
7.673201084136963,0.860229,2.152344,2.417969,5.296875,-0.550781,-0.132812,0.181641,0.653809,-0.402832,0.359314,-0.530273
7.693769693374634,0.863159,-2.007813,-1.210938,0.546875,-0.376953,-0.103516,0.181641,0.654053,-0.404968,0.361511,-0.526794
7.713352680206299,0.867187,3.664063,-0.507812,-2.593750,-0.115234,0.210937,0.662109,0.656433,-0.402771,0.365906,-0.522522
7.733846187591553,0.872681,1.910156,-0.007813,-0.230469,-0.068359,0.251953,0.906250,0.660095,-0.398987,0.371094,-0.517090
7.753427982330322,0.874023,0.054687,-0.054687,-0.070312,-0.031250,0.091797,0.853516,0.663940,-0.395874,0.374878,-0.511841
7.781360864639282,0.875122,-1.835938,-0.492187,-1.066406,0.119141,0.123047,0.150391,0.665100,-0.394043,0.376282,-0.510681
7.793701410293579,0.875610,-1.308594,-0.109375,1.691406,-0.107422,0.302734,-0.015625,0.663452,-0.393677,0.378235,-0.511658
7.813440322875977,0.874634,-4.871094,-0.476562,-0.070312,-0.164062,0.302734,-0.681641,0.658691,-0.395691,0.378479,-0.516052
7.833500146865845,0.874390,0.054687,0.242187,0.105469,-0.160156,0.353516,-0.566406,0.654053,-0.397339,0.379089,-0.520203
7.8537163734436035,0.877319,1.500000,0.605469,0.253906,-0.136719,0.162109,-0.177734,0.652161,-0.398438,0.379883,-0.521179
7.873441457748413,0.877808,2.808594,0.238281,0.167969,-0.150391,0.003906,0.275391,0.653259,-0.398254,0.381714,-0.518555
7.8934547901153564,0.876831,4.070312,0.113281,-1.117188,0.035156,0.156250,0.832031,0.657166,-0.394409,0.385376,-0.513916
7.914000511169434,0.874390,0.273438,-0.562500,-2.058594,0.156250,0.167969,0.568359,0.660156,-0.390686,0.387451,-0.511353
7.933849334716797,0.876343,-4.859375,-0.988281,-0.015625,0.078125,0.068359,-0.238281,0.659424,-0.390564,0.386597,-0.513000
7.953639507293701,0.877197,0.066406,-0.191406,-1.296875,0.201172,0.109375,-0.410156,0.657715,-0.390503,0.384888,-0.516479
7.973936557769775,0.876831,1.160156,0.574219,1.101563,0.035156,0.292969,-0.320313,0.655334,-0.390259,0.385193,-0.519409
7.993915557861328,0.880005,0.722656,1.429688,2.503906,-0.287109,0.244141,-0.142578,0.652771,-0.391541,0.387573,-0.520020
8.013744592666626,0.881958,0.738281,1.347656,3.265625,-0.505859,0.158203,0.005859,0.650330,-0.394104,0.390869,-0.518616
8.034478902816772,0.883789,-0.066406,-0.492187,-1.773438,-0.376953,0.064453,0.015625,0.649048,-0.396118,0.393250,-0.516907
8.05415964126587,0.886841,2.816406,-0.328125,-3.082031,-0.037109,0.097656,0.398438,0.650513,-0.394653,0.395569,-0.514404
8.073952198028564,0.888184,1.605469,-0.230469,-1.128906,0.082031,0.058594,0.531250,0.653381,-0.392151,0.397705,-0.511047
8.094264507293701,0.888916,1.011719,0.105469,0.890625,0.035156,0.054687,0.455078,0.655518,-0.390076,0.399597,-0.508362
8.114246606826782,0.891357,-1.578125,-0.128906,1.238281,-0.093750,0.263672,0.085937,0.654602,-0.389038,0.401917,-0.508484
8.134016036987305,0.891846,-3.187500,-0.500000,0.511719,-0.207031,0.488281,-0.353516,0.650513,-0.389648,0.404419,-0.511353
8.154053926467896,0.892090,-2.781250,-0.054687,0.105469,-0.183594,0.378906,-0.636719,0.645264,-0.391418,0.405518,-0.515747
8.17473292350769,0.891724,1.789063,0.046875,-1.625000,-0.046875,0.367188,-0.376953,0.642029,-0.391602,0.406311,-0.518982
8.19419550895691,0.889526,2.542969,-0.031250,-1.144531,0.183594,0.123047,0.060547,0.642761,-0.389587,0.406372,-0.519592
8.214325904846191,0.886475,3.371094,-0.398438,-1.687500,0.412109,0.062500,0.384766,0.645752,-0.385620,0.406006,-0.519104
8.233993768692017,0.885132,-2.375000,-0.046875,0.097656,0.148437,0.125000,0.095703,0.646790,-0.383667,0.405884,-0.519348
8.254258394241333,0.886475,-2.367188,1.179688,3.804688,-0.125000,0.041016,-0.138672,0.645752,-0.384705,0.406250,-0.519531
8.274660587310791,0.887817,0.097656,1.164063,2.863281,-0.480469,0.015625,-0.162109,0.643372,-0.388184,0.407959,-0.518677
8.294229507446289,0.890015,0.964844,-0.750000,-0.843750,-0.349609,0.128906,-0.052734,0.641418,-0.390137,0.410278,-0.517700
8.314289093017578,0.893311,1.632813,-0.472656,-2.023438,-0.181641,0.201172,0.130859,0.640747,-0.390076,0.412842,-0.516602
8.334674835205078,0.894287,-0.121094,0.000000,0.078125,-0.177734,0.082031,0.201172,0.641113,-0.389648,0.415161,-0.514587
8.354508876800537,0.894775,2.359375,-0.007813,-0.894531,-0.054687,0.080078,0.503906,0.643188,-0.387756,0.417358,-0.511597
8.374598979949951,0.895264,-1.515625,-0.671875,-1.945313,0.160156,-0.099609,0.181641,0.645447,-0.386230,0.416504,-0.510620
8.394385576248169,0.895142,-1.398438,-0.964844,-2.691406,0.298828,-0.078125,-0.085937,0.646484,-0.385559,0.413452,-0.512268
8.414275646209717,0.894409,-3.214844,-0.468750,-0.062500,0.359375,-0.296875,-0.751953,0.645447,-0.387878,0.407349,-0.516724
8.434743881225586,0.893921,-0.585937,1.339844,3.183594,-0.035156,-0.283203,-0.849609,0.642395,-0.392883,0.402222,-0.520752
8.454423427581787,0.893188,-0.558594,1.554688,2.320313,-0.269531,-0.148437,-0.771484,0.638184,-0.398621,0.399841,-0.523437
8.474270582199097,0.892212,4.152344,1.863281,3.484375,-0.707031,0.054687,-0.101563,0.634705,-0.403320,0.402588,-0.521912
8.49483323097229,0.895020,1.195313,-1.007813,-4.335937,-0.365234,0.199219,-0.027344,0.632446,-0.404846,0.405518,-0.521179
8.51472282409668,0.895020,0.484375,-0.960937,-3.582031,0.054687,0.322266,0.048828,0.631531,-0.403015,0.407593,-0.522095
8.534570455551147,0.892822,-1.093750,-1.152344,-1.062500,0.167969,0.445312,-0.011719,0.630432,-0.399902,0.409729,-0.524170
8.554664611816406,0.889771,1.519531,-0.550781,-0.839844,0.011719,0.574219,0.033203,0.628601,-0.396729,0.413086,-0.526123
8.574694395065308,0.891357,1.933594,1.367188,2.007813,-0.126953,0.341797,0.095703,0.627563,-0.395264,0.415710,-0.526428
8.594717979431152,0.893677,-1.398438,1.757813,3.757813,-0.306641,-0.019531,0.041016,0.627136,-0.396667,0.417175,-0.524719
8.614953994750977,0.895020,0.097656,0.171875,1.675781,-0.330078,-0.101563,0.058594,0.626892,-0.399170,0.418091,-0.522400
8.634768009185791,0.894043,0.441406,-0.777344,-2.210938,0.064453,-0.275391,0.111328,0.628784,-0.400208,0.416504,-0.520508
8.654714107513428,0.892456,-1.367188,-0.019531,1.136719,0.083984,-0.511719,0.076172,0.632019,-0.402161,0.412964,-0.517944
8.675358295440674,0.891357,-0.203125,0.433594,0.539062,-0.017578,-0.857422,0.173828,0.635925,-0.405823,0.408813,-0.513611
8.694965124130249,0.894409,-0.058594,-0.335938,0.011719,-0.058594,-0.087891,0.099609,0.637085,-0.406677,0.408508,-0.511719
8.71498990058899,0.896973,2.847656,-0.871094,-3.085938,-0.066406,0.337891,0.066406,0.635803,-0.405334,0.411316,-0.512146
8.735479831695557,0.899658,-0.148437,0.066406,1.062500,-0.259766,0.593750,-0.074219,0.632446,-0.404297,0.415955,-0.513367
8.755326747894287,0.903809,0.734375,0.738281,1.898438,-0.427734,0.537109,0.093750,0.629272,-0.403748,0.421509,-0.513184
8.774970293045044,0.905396,-0.531250,0.378906,0.023437,-0.408203,0.414062,0.208984,0.627380,-0.403503,0.426453,-0.511658
8.795082807540894,0.905762,1.492188,0.386719,0.351563,-0.158203,0.029297,0.324219,0.628479,-0.402954,0.428894,-0.508545
8.815388441085815,0.900757,-0.082031,-0.281250,-2.703125,0.146484,-0.181641,0.458984,0.632385,-0.400940,0.428711,-0.505554
8.835184335708618,0.896851,-1.597656,-0.695312,-3.050781,0.599609,-0.205078,0.125000,0.636536,-0.397705,0.424438,-0.506409
8.855297088623047,0.891724,-4.066406,-1.351563,-4.019531,1.015625,-0.345703,-0.644531,0.638672,-0.395752,0.415222,-0.512939
8.875092506408691,0.887085,-4.699219,-2.234375,0.117188,0.716797,0.099609,-0.988281,0.636292,-0.394897,0.407959,-0.522217
8.894955396652222,0.883667,0.507812,1.550781,3.945313,0.074219,0.621094,-1.041016,0.629333,-0.394958,0.406982,-0.531311
8.9153413772583,0.883789,4.941406,0.875000,-1.664063,-0.019531,1.087891,-0.474609,0.622192,-0.392456,0.411926,-0.537781
8.942234754562378,0.886108,2.851563,2.812500,3.960938,-0.480469,0.691406,-0.142578,0.617065,-0.392151,0.417908,-0.539246
8.95640754699707,0.888306,-0.058594,0.871094,1.835938,-0.412109,0.101563,0.158203,0.615112,-0.394165,0.421692,-0.537048
8.97677206993103,0.888306,-1.554688,-1.289063,0.195312,-0.509766,-0.134766,0.000000,0.614197,-0.397705,0.423523,-0.534119
8.997156143188477,0.889282,2.363281,-0.898437,-3.917969,-0.134766,-0.119141,0.300781,0.615967,-0.397888,0.424561,-0.531067
9.016584396362305,0.890503,0.785156,-0.156250,-0.347656,0.179687,0.085937,0.615234,0.619568,-0.394226,0.426453,-0.528076
9.03718638420105,0.891968,-0.070312,0.707031,3.765625,-0.021484,0.210937,0.740234,0.622620,-0.390625,0.430298,-0.524048
9.057329416275024,0.889648,-2.558594,-0.250000,0.972656,-0.228516,0.111328,0.566406,0.624695,-0.388916,0.434143,-0.519653
9.077012062072754,0.887329,-1.308594,-0.992187,-3.257813,0.048828,-0.107422,0.400391,0.627563,-0.387756,0.434509,-0.516724
9.096596002578735,0.883911,-0.464844,-1.484375,-3.765625,0.408203,-0.273438,0.105469,0.631042,-0.386230,0.430786,-0.516785
9.117461681365967,0.877441,-3.539063,-0.406250,-0.183594,0.751953,-0.363281,-0.396484,0.633545,-0.385376,0.423462,-0.520386
9.137133836746216,0.874634,0.453125,2.382813,4.207031,0.285156,-0.365234,-0.488281,0.633789,-0.387634,0.417786,-0.523010
9.156261205673218,0.872925,2.792969,0.921875,4.421875,-0.359375,-0.140625,-0.380859,0.631348,-0.392151,0.417358,-0.522888
9.17712116241455,0.884277,1.285156,-1.214844,-1.812500,-0.707031,0.333984,0.142578,0.627930,-0.394714,0.423035,-0.520569
9.197349309921265,0.888550,0.628906,-1.078125,-3.156250,-0.482422,0.691406,0.144531,0.624084,-0.393738,0.430237,-0.520020
9.217103004455566,0.891479,0.332031,-0.679687,-2.480469,-0.185547,0.796875,0.187500,0.620728,-0.390686,0.436890,-0.520752
9.237712860107422,0.890381,-0.566406,-0.324219,-2.988281,-0.152344,0.490234,-0.039063,0.618225,-0.388977,0.440430,-0.522034
9.257073879241943,0.890747,0.875000,0.347656,-0.253906,0.203125,0.244141,0.050781,0.618225,-0.386658,0.440979,-0.523315
9.276743173599243,0.891846,-0.457031,1.183594,2.851563,0.076172,0.085937,0.021484,0.618469,-0.385803,0.441162,-0.523499
9.297376155853271,0.894043,-0.218750,1.046875,3.121094,-0.242187,0.013672,0.027344,0.617859,-0.387146,0.442444,-0.522156
9.317219734191895,0.895142,1.335938,-0.203125,-0.375000,-0.367188,0.087891,0.093750,0.616821,-0.388672,0.445068,-0.519958
9.336979389190674,0.895508,1.359375,-0.156250,-0.816406,-0.269531,0.128906,0.279297,0.616882,-0.388733,0.448303,-0.517029
9.357499599456787,0.895752,0.058594,-0.500000,-2.132813,-0.154297,-0.007813,0.417969,0.618652,-0.387634,0.450745,-0.513611
9.377503871917725,0.897461,0.472656,-0.488281,-2.960938,0.197266,0.111328,0.353516,0.620667,-0.384583,0.451721,-0.512634
9.397645235061646,0.899902,-4.230469,-0.417969,3.542969,0.097656,0.314453,0.015625,0.619812,-0.382996,0.452698,-0.514038
9.416998147964478,0.901367,-2.675781,0.074219,-0.562500,-0.166016,0.138672,-0.660156,0.615723,-0.385864,0.452209,-0.517212
9.437530040740967,0.902954,1.996094,0.519531,0.472656,-0.199219,0.191406,-0.476562,0.612122,-0.388245,0.452026,-0.519836
9.457962274551392,0.903198,2.332031,0.640625,0.113281,-0.126953,0.150391,-0.083984,0.610596,-0.389099,0.452881,-0.520203
9.477076530456543,0.902710,1.781250,0.187500,0.726562,-0.203125,0.005859,0.099609,0.610596,-0.389771,0.454529,-0.518311
9.497658252716064,0.901855,-0.578125,-0.226562,-1.179688,-0.259766,0.015625,0.314453,0.611328,-0.389893,0.456848,-0.515320
9.517988681793213,0.902466,0.582031,-0.386719,-1.546875,-0.126953,0.113281,0.283203,0.612061,-0.388916,0.458557,-0.513672
9.539783000946045,0.903442,-1.003906,-0.347656,-1.250000,0.076172,0.158203,0.056641,0.612000,-0.387695,0.459290,-0.514038
9.557859420776367,0.904541,-3.703125,-0.378906,-0.699219,-0.095703,0.156250,-0.335938,0.609619,-0.388977,0.459229,-0.515991
9.57810926437378,0.905273,1.468750,0.375000,0.320313,-0.060547,0.191406,-0.490234,0.606140,-0.390930,0.458679,-0.519043
9.59776520729065,0.905151,0.769531,0.082031,-1.109375,-0.074219,0.238281,-0.349609,0.603638,-0.391724,0.458923,-0.521118
9.618982076644897,0.902466,2.449219,1.156250,1.511719,-0.105469,0.005859,0.150391,0.604187,-0.391602,0.459839,-0.519714
9.638077735900879,0.900146,1.722656,-0.222656,-0.597656,-0.259766,-0.042969,0.431641,0.605835,-0.391296,0.462280,-0.515930
9.657284021377563,0.899048,-2.636719,-1.617188,-5.746094,0.099609,0.115234,0.234375,0.607361,-0.389221,0.463135,-0.514893
9.678201675415039,0.897705,-3.203125,-1.488281,-2.078125,0.490234,0.070312,-0.138672,0.608032,-0.387085,0.460205,-0.518311
9.697988748550415,0.896851,4.484375,1.308594,0.808594,0.474609,0.310547,-0.861328,0.604675,-0.386902,0.456604,-0.525452
9.718063592910767,0.897217,3.472656,1.691406,0.425781,0.355469,0.396484,-0.328125,0.602051,-0.385193,0.455994,-0.530273
9.737810850143433,0.897461,-0.136719,2.304688,4.960937,-0.070312,0.304688,-0.158203,0.600098,-0.384583,0.457214,-0.531860
9.75774598121643,0.897339,1.640625,1.476563,2.597656,-0.136719,0.068359,0.111328,0.599304,-0.385681,0.458923,-0.530518
9.778505802154541,0.896484,-0.488281,-1.441406,-3.132813,-0.685547,-0.140625,-0.062500,0.597595,-0.390137,0.460876,-0.527466
9.79784607887268,0.895020,2.445313,-0.324219,-2.773438,-0.359375,-0.294922,-0.029297,0.598022,-0.393677,0.460693,-0.524536
9.818283319473267,0.893066,-0.601562,-0.589844,-1.363281,-0.052734,-0.507812,0.197266,0.601562,-0.395630,0.458557,-0.520935
9.838364839553833,0.894165,2.937500,-0.070312,-1.585938,0.136719,-0.402344,0.484375,0.606384,-0.394714,0.456909,-0.517395
9.85788106918335,0.896362,-2.601563,-0.285156,1.640625,0.191406,0.033203,0.296875,0.608826,-0.392395,0.456970,-0.516296
9.87855339050293,0.901978,-0.960937,-0.125000,1.960938,-0.101563,0.230469,-0.031250,0.607544,-0.392212,0.458374,-0.516663
9.898466348648071,0.903442,-1.917969,-0.300781,-0.257813,-0.150391,0.218750,-0.359375,0.604370,-0.393799,0.459290,-0.518372
9.918043613433838,0.904297,2.187500,0.289063,-1.261719,-0.101563,0.240234,-0.244141,0.601868,-0.394470,0.460388,-0.519836
9.938399314880371,0.904175,-0.265625,0.058594,0.339844,-0.138672,0.216797,0.152344,0.601257,-0.393677,0.462585,-0.519165
9.958513498306274,0.904419,-0.148437,-0.859375,-1.660156,-0.140625,0.207031,0.199219,0.600952,-0.392578,0.464966,-0.518188
9.97776460647583,0.904541,-1.281250,-1.210938,-3.515625,0.152344,0.375000,0.003906,0.599854,-0.390198,0.466431,-0.519958
9.998555183410645,0.905518,-2.671875,-0.355469,0.019531,0.115234,0.517578,-0.474609,0.595825,-0.388916,0.467407,-0.524597
10.02635931968689,0.906860,2.683594,0.351563,-1.925781,-0.320313,0.677734,-0.154297,0.591492,-0.387512,0.471375,-0.527039
10.037878274917603,0.907471,-0.515625,0.917969,3.421875,-0.023437,0.447266,0.160156,0.590332,-0.384888,0.474731,-0.527283
10.058246850967407,0.907104,-2.132813,0.464844,3.828125,-0.335938,0.214844,0.140625,0.589111,-0.385193,0.477844,-0.525635
10.078951835632324,0.904419,-1.488281,-0.207031,0.289063,-0.378906,-0.125000,-0.029297,0.588501,-0.388367,0.478699,-0.523132
10.098757028579712,0.904053,-0.792969,-0.199219,-1.003906,-0.058594,-0.525391,-0.025391,0.590454,-0.392029,0.476135,-0.520569
10.118196725845337,0.904297,0.746094,-0.238281,-2.324219,-0.019531,-0.525391,-0.072266,0.593140,-0.395142,0.472412,-0.518494
10.13858699798584,0.906372,0.042969,-0.085937,0.250000,0.060547,-0.443359,0.033203,0.595886,-0.396912,0.469299,-0.516846
10.158966064453125,0.908081,1.457031,-0.054687,0.128906,0.001953,-0.091797,0.050781,0.596863,-0.397339,0.468506,-0.516113
10.178282260894775,0.909546,1.488281,0.175781,1.675781,-0.023437,0.193359,0.128906,0.596680,-0.396301,0.470215,-0.515564
10.198696851730347,0.911133,0.082031,0.070312,-1.234375,-0.123047,0.339844,0.148437,0.595764,-0.394775,0.473328,-0.514954
10.218920469284058,0.910278,0.089844,0.367188,1.984375,-0.226562,0.326172,0.267578,0.595215,-0.393250,0.476624,-0.513733
10.238627195358276,0.908691,-1.863281,-0.015625,-0.726562,-0.058594,0.062500,0.134766,0.595703,-0.392639,0.477722,-0.512573
10.258879661560059,0.902832,4.253906,-0.355469,-5.539062,0.343750,0.089844,0.287109,0.598694,-0.388611,0.477478,-0.512390
10.279287099838257,0.895508,-1.804688,-1.160156,-8.113281,1.246094,0.126953,0.632812,0.606262,-0.377869,0.473511,-0.515259
10.299041509628296,0.881470,-7.757812,-3.929688,-5.429687,2.410156,-0.033203,-0.115234,0.614868,-0.364014,0.460815,-0.526428
10.319764137268066,0.833740,-3.800781,-3.855469,-2.875000,2.830078,0.025391,-0.757812,0.621338,-0.350586,0.442322,-0.543457
10.33924651145935,0.797729,-6.796875,-0.109375,6.011719,2.732422,-0.785156,-1.476563,0.626282,-0.344727,0.417053,-0.561279
10.367249011993408,0.697876,-0.953125,5.441406,5.644531,2.335938,-1.871094,-2.064453,0.630676,-0.348877,0.384583,-0.576660
10.397637128829956,0.632202,-1.531250,5.269531,5.253906,1.537109,-2.160156,-1.449219,0.641235,-0.366516,0.319946,-0.593384
10.417491436004639,0.556641,4.375000,5.917969,7.109375,1.101563,-1.804688,-0.251953,0.649658,-0.371399,0.300354,-0.591431
10.445153951644897,0.476807,7.437500,7.253906,5.980469,0.572266,-1.953125,0.835937,0.662842,-0.376831,0.286987,-0.579895
10.457627534866333,0.474731,5.210937,3.914063,0.921875,0.261719,-2.304688,1.853516,0.680603,-0.382813,0.277222,-0.559814
10.477729082107544,0.496460,5.257812,3.890625,0.898437,-0.041016,-1.498047,2.164063,0.696594,-0.385864,0.275085,-0.538696
10.497720956802368,0.609375,1.308594,-0.765625,0.253906,-0.496094,-0.949219,1.734375,0.706848,-0.389893,0.277344,-0.520996
10.517689943313599,0.654541,-2.960938,-0.933594,0.187500,-0.978516,-0.951172,1.412109,0.713196,-0.397888,0.281616,-0.503662
10.542800426483154,0.705444,1.007813,0.554687,0.390625,-1.501953,-0.433594,1.568359,0.716492,-0.406189,0.291199,-0.486633
10.55787992477417,0.750977,2.484375,1.835938,-3.589844,-0.775391,-0.503906,0.869141,0.719116,-0.412231,0.294373,-0.475769
10.577880620956421,0.764771,-4.937500,-1.503906,-9.289063,-0.023437,-1.001953,-0.087891,0.721985,-0.417480,0.287598,-0.470886
10.597997903823853,0.776978,-0.160156,-0.546875,-2.914063,-0.064453,-0.968750,0.494141,0.726807,-0.421265,0.282898,-0.462891
10.618014335632324,0.783447,5.886719,0.839844,0.273438,-0.314453,-0.685547,0.978516,0.731689,-0.424194,0.283081,-0.452271
10.638294219970703,0.789795,1.097656,0.671875,-0.351563,-0.796875,-0.261719,0.365234,0.731445,-0.430054,0.285278,-0.445679
10.657959699630737,0.798340,-3.886719,-1.714844,1.988281,-0.357422,-0.576172,-0.234375,0.730713,-0.435974,0.281738,-0.443420
10.678440570831299,0.801880,-3.933594,-4.367187,-4.117187,0.113281,-0.632812,-0.386719,0.731445,-0.439270,0.275513,-0.442810
10.697981834411621,0.807983,3.738281,4.214844,-0.871094,-0.283203,-0.216797,0.462891,0.732727,-0.441284,0.276428,-0.438110
10.718235969543457,0.810547,7.082031,2.972656,1.542969,-0.365234,0.031250,0.191406,0.732300,-0.443604,0.278320,-0.435303
10.738084316253662,0.811523,-5.531250,-1.054688,-0.691406,-0.177734,-0.328125,-0.210937,0.731689,-0.446899,0.276184,-0.434326
10.758255004882812,0.804810,2.500000,0.992187,-0.730469,-0.035156,-0.250000,-0.035156,0.732178,-0.448486,0.273804,-0.433411
10.77829885482788,0.796021,-1.410156,-1.804688,-2.828125,0.265625,-0.230469,-0.294922,0.732788,-0.448486,0.269836,-0.434814
10.798162937164307,0.789062,-1.011719,-0.632812,-1.718750,0.146484,0.062500,-0.267578,0.732178,-0.448120,0.268372,-0.437073
10.818501710891724,0.798950,0.519531,0.316406,1.820313,-0.195312,0.269531,-0.289063,0.729553,-0.449341,0.269775,-0.439453
10.838149309158325,0.810669,-0.699219,1.136719,3.429688,-0.621094,0.451172,-0.003906,0.725769,-0.451721,0.275330,-0.439758
10.858077049255371,0.819458,3.628906,0.261719,2.613281,-0.578125,0.595703,0.136719,0.722412,-0.453064,0.282471,-0.439453
10.878651142120361,0.835571,-1.425781,-0.832031,-0.550781,-0.296875,0.296875,0.156250,0.721069,-0.453552,0.286499,-0.438477
10.898330688476562,0.837402,0.230469,-0.269531,-2.449219,0.082031,0.029297,0.603516,0.724121,-0.451111,0.289185,-0.434204
10.918328046798706,0.836304,5.023437,0.449219,-1.574219,0.160156,-0.033203,1.218750,0.730103,-0.446655,0.293152,-0.426086
10.938597917556763,0.836304,0.351563,0.265625,0.699219,0.023437,-0.027344,0.697266,0.733582,-0.444214,0.295715,-0.420837
10.958476781845093,0.843628,-3.390625,-0.664062,0.492187,-0.062500,0.261719,0.181641,0.733459,-0.442993,0.298523,-0.420349
10.978814601898193,0.846802,-2.035156,-0.585937,1.035156,-0.386719,0.544922,-0.357422,0.729248,-0.444214,0.301697,-0.424072
10.998746871948242,0.848267,-4.585937,-0.601562,0.285156,-0.369141,0.294922,-0.812500,0.723755,-0.447632,0.302063,-0.429626
11.018537759780884,0.856323,-1.234375,0.671875,0.671875,-0.271484,0.228516,-0.324219,0.720581,-0.449829,0.303040,-0.431885
11.038853645324707,0.858887,3.085938,0.617187,-0.007813,-0.236328,-0.050781,0.162109,0.720886,-0.450500,0.304688,-0.429626
11.058588743209839,0.859741,5.308594,0.480469,-1.164063,-0.093750,0.173828,0.933594,0.723816,-0.447876,0.309509,-0.423889
11.078580379486084,0.865601,0.800781,0.050781,-0.355469,-0.070312,0.169922,0.531250,0.725464,-0.445740,0.313660,-0.420288
11.1015305519104,0.870361,-2.492188,-0.835937,-0.722656,-0.066406,0.382813,0.298828,0.725098,-0.444031,0.318115,-0.419373
11.118595838546753,0.874878,-0.039063,-0.253906,-0.199219,-0.341797,0.529297,-0.144531,0.721680,-0.444702,0.321838,-0.421753
11.13888168334961,0.880371,-6.121094,-0.769531,-1.675781,-0.250000,0.267578,-0.847656,0.716431,-0.447632,0.321411,-0.427795
11.159284353256226,0.881592,-0.800781,0.183594,-0.011719,-0.212891,0.281250,-0.753906,0.712036,-0.450134,0.320068,-0.433533
11.178985595703125,0.880005,0.691406,-0.062500,-1.523438,0.238281,-0.240234,-0.435547,0.712158,-0.450562,0.315674,-0.436096
11.19889497756958,0.878052,-0.042969,-0.152344,-1.531250,0.630859,-0.107422,0.304688,0.716248,-0.445923,0.313354,-0.435852
11.218980550765991,0.863525,0.539062,-1.195313,-2.167969,0.763672,0.380859,0.347656,0.719788,-0.438721,0.314087,-0.436829
11.238735437393188,0.861572,0.347656,1.429688,1.933594,0.000000,0.136719,0.150391,0.720459,-0.437134,0.315674,-0.436157
11.259419679641724,0.863770,-0.523437,3.527344,5.566406,-0.423828,-0.095703,0.185547,0.719666,-0.440063,0.317383,-0.433167
11.278951168060303,0.867676,0.378906,2.066406,4.218750,-0.697266,-0.193359,0.023437,0.717407,-0.445679,0.319336,-0.429810
11.299107551574707,0.871460,0.218750,-0.683594,0.199219,-0.626953,0.152344,0.058594,0.714539,-0.449402,0.323120,-0.427917
11.31929326057434,0.877808,0.320313,-2.398438,-3.246094,-0.347656,0.535156,0.179687,0.711853,-0.449219,0.329041,-0.427979
11.339495658874512,0.891235,2.031250,-0.917969,-2.640625,-0.306641,0.791016,0.132812,0.708557,-0.447754,0.336304,-0.429321
11.359086513519287,0.895020,-0.113281,-0.703125,-0.578125,-0.234375,0.626953,-0.031250,0.705200,-0.447205,0.341370,-0.431458
11.378703832626343,0.896362,-3.570313,0.117188,0.472656,-0.197266,0.130859,-0.320313,0.702820,-0.448975,0.341553,-0.433411
11.399389266967773,0.894165,-1.234375,0.445312,-0.031250,-0.103516,-0.458984,-0.214844,0.703125,-0.452271,0.337463,-0.432678
11.419361352920532,0.890381,0.000000,0.445312,0.667969,0.345703,-0.871094,-0.136719,0.706787,-0.454163,0.330139,-0.430359
11.439337015151978,0.886475,-0.722656,0.238281,-3.113281,0.216797,-0.587891,0.339844,0.710754,-0.454346,0.326233,-0.426514
11.459193468093872,0.889282,-1.175781,-0.390625,1.476563,-0.041016,0.025391,0.292969,0.711853,-0.453735,0.327881,-0.424072
11.479283332824707,0.896973,4.160156,-0.429687,0.449219,-0.246094,0.677734,0.421875,0.710266,-0.451721,0.335022,-0.423340
11.499415636062622,0.902344,0.445312,-1.179688,-0.175781,-0.242187,0.636719,-0.439453,0.705017,-0.452332,0.338257,-0.428833
11.51944875717163,0.905151,-6.796875,-1.882813,-0.773437,-0.322266,0.656250,-1.605469,0.696289,-0.454834,0.336243,-0.441895
11.540120601654053,0.903931,1.718750,-4.886719,-10.183594,1.423828,1.062500,-1.117188,0.693237,-0.445435,0.332703,-0.458557
11.559600353240967,0.900391,3.394531,-2.429688,-7.703125,1.300781,1.263672,-0.968750,0.690247,-0.434448,0.330688,-0.474854
11.579471588134766,0.894043,-0.941406,1.210938,2.542969,0.480469,0.603516,-1.048828,0.685852,-0.430847,0.328369,-0.486023
11.606761693954468,0.875610,-0.832031,4.511719,6.250000,0.011719,0.294922,-0.156250,0.684326,-0.429565,0.329407,-0.488464
11.619401454925537,0.862549,7.062500,4.886719,1.031250,-0.005859,0.271484,0.916016,0.687927,-0.425354,0.335144,-0.483215
11.639520406723022,0.852905,8.351563,5.691406,-0.492187,0.076172,0.162109,1.720703,0.695801,-0.418335,0.342407,-0.472839
11.65960144996643,0.843384,2.710938,4.578125,-0.699219,0.494141,-0.353516,1.400391,0.704468,-0.413330,0.343811,-0.463318
11.679524183273315,0.842407,-4.296875,0.703125,-0.300781,-0.402344,-0.896484,-0.121094,0.706726,-0.419006,0.338196,-0.458923
11.699516534805298,0.840210,-8.312500,-5.304687,-0.714844,0.718750,-1.394531,-0.349609,0.712158,-0.422302,0.324585,-0.457336
11.719988346099854,0.832886,4.703125,2.468750,-4.625000,0.296875,-1.496094,0.005859,0.717896,-0.427124,0.312866,-0.452026
11.739649534225464,0.823730,1.246094,4.019531,4.917969,-0.582031,-0.837891,0.023437,0.718506,-0.434387,0.308899,-0.446838
11.759883403778076,0.819092,1.183594,0.496094,3.351563,-0.257813,-0.150391,-0.158203,0.717285,-0.437622,0.308289,-0.445984
11.779968738555908,0.828735,0.375000,-1.558594,-3.238281,-0.068359,0.107422,-0.027344,0.716492,-0.437988,0.309082,-0.446350
11.799714803695679,0.835083,1.257813,-0.441406,-1.574219,-0.072266,0.207031,0.027344,0.715759,-0.437439,0.310974,-0.446777
11.820054292678833,0.839722,-0.136719,-0.507812,0.472656,-0.083984,0.224609,0.031250,0.714844,-0.437073,0.312927,-0.447205
11.840112686157227,0.840942,-1.023438,0.378906,0.953125,-0.152344,0.115234,-0.080078,0.713562,-0.437988,0.314026,-0.447632
11.860084533691406,0.840820,-0.378906,0.472656,1.125000,-0.115234,-0.046875,-0.119141,0.712646,-0.439453,0.313660,-0.447876
11.87972617149353,0.839478,-0.824219,-0.632812,-1.074219,0.011719,-0.140625,-0.083984,0.712891,-0.440186,0.312439,-0.447693
11.900092601776123,0.839233,0.652344,0.019531,-0.882812,0.037109,-0.031250,0.144531,0.713684,-0.439758,0.312439,-0.446777
11.920213222503662,0.837646,-1.292969,-0.554687,-0.203125,0.017578,0.042969,-0.060547,0.713440,-0.439758,0.312500,-0.447205
11.940001010894775,0.838989,-0.632812,0.058594,1.062500,-0.058594,0.078125,-0.060547,0.712585,-0.440125,0.313049,-0.447815
11.96020245552063,0.840088,0.582031,-0.054687,-0.039063,-0.046875,0.105469,-0.103516,0.711792,-0.440308,0.313477,-0.448608
11.980540752410889,0.840088,-0.382813,-0.238281,-0.253906,0.017578,-0.039063,-0.011719,0.711975,-0.440369,0.312927,-0.448608
12.000052213668823,0.836914,-0.035156,0.027344,-0.300781,0.089844,-0.185547,-0.001953,0.712891,-0.440552,0.311279,-0.448059
12.020020008087158,0.831299,-0.281250,0.164062,0.289063,0.146484,-0.189453,-0.042969,0.713867,-0.440674,0.309143,-0.447937
12.040523052215576,0.822021,-0.222656,-0.226562,-0.546875,-0.007813,-0.089844,-0.089844,0.713806,-0.441406,0.308044,-0.448059
12.060353755950928,0.826660,-0.023437,0.386719,1.253906,-0.218750,-0.056641,-0.115234,0.712585,-0.443542,0.308228,-0.447815
12.080275297164917,0.835449,0.917969,0.402344,1.789063,-0.343750,0.023437,0.062500,0.711304,-0.445740,0.310059,-0.446411
12.100480794906616,0.846558,0.085937,-0.562500,0.050781,-0.283203,0.017578,0.126953,0.710815,-0.446716,0.312256,-0.444580
12.12029218673706,0.848755,-0.257813,-0.507812,-1.089844,-0.072266,0.283203,0.585937,0.711975,-0.444580,0.316772,-0.441711
12.140464305877686,0.852539,3.796875,-0.125000,-1.074219,-0.037109,0.359375,0.490234,0.712708,-0.441772,0.322327,-0.439331
12.160325050354004,0.857178,2.273438,-0.277344,0.636719,-0.134766,0.626953,0.382813,0.711609,-0.439087,0.329163,-0.438782
12.180328607559204,0.864990,-1.898438,-0.605469,-0.089844,-0.283203,0.650391,-0.099609,0.708130,-0.438416,0.334229,-0.441162
12.200775146484375,0.867676,-3.707031,-0.359375,-0.050781,-0.210937,0.304688,-0.343750,0.704773,-0.439514,0.335754,-0.444275
12.220415353775024,0.867920,-1.132813,0.304688,0.562500,0.000000,0.109375,-0.265625,0.703125,-0.440247,0.335388,-0.446411
12.240570783615112,0.864868,0.160156,0.582031,0.835937,-0.042969,-0.244141,-0.085937,0.703430,-0.441833,0.333496,-0.445862
12.26062273979187,0.862549,-0.523437,0.437500,0.691406,-0.011719,-0.216797,0.234375,0.704834,-0.442383,0.333130,-0.443298
12.280964851379395,0.863892,3.410156,0.312500,0.156250,-0.177734,0.152344,0.373047,0.705322,-0.441589,0.336609,-0.440674
12.300920248031616,0.877686,1.113281,-0.367188,0.492187,-0.234375,0.574219,0.511719,0.704651,-0.439453,0.343079,-0.438965
12.320634365081787,0.883423,-0.687500,-0.390625,0.082031,-0.361328,0.472656,0.189453,0.702759,-0.438660,0.348511,-0.438416
12.340488910675049,0.885620,-1.871094,-0.296875,-0.890625,0.066406,0.232422,-0.052734,0.701599,-0.438171,0.349548,-0.440002
12.36098027229309,0.883667,-2.562500,-0.605469,-1.964844,0.175781,-0.183594,-0.531250,0.700562,-0.439697,0.345703,-0.443115
12.381021738052368,0.879761,-3.929688,-0.445312,-1.031250,0.248047,-0.289063,-0.535156,0.700256,-0.440674,0.340637,-0.446533
12.4010169506073,0.873413,0.605469,-1.109375,-2.078125,0.527344,0.205078,-0.199219,0.700623,-0.437866,0.338623,-0.450256
12.420608758926392,0.867920,3.285156,0.851562,1.222656,0.005859,0.099609,-0.060547,0.700195,-0.437195,0.339233,-0.451111
12.441140174865723,0.870728,0.765625,2.726563,4.015625,-0.279297,0.117188,0.115234,0.699097,-0.438477,0.341492,-0.449890
12.46090292930603,0.872314,1.441406,0.910156,2.492188,-0.353516,0.031250,0.076172,0.697937,-0.440186,0.343506,-0.448425
12.480979204177856,0.872437,0.500000,-1.140625,-2.468750,-0.001953,0.023437,0.097656,0.698242,-0.439880,0.344299,-0.447693
12.501099348068237,0.871216,-0.207031,-0.445312,-1.742188,0.070312,0.082031,0.123047,0.698792,-0.438843,0.345154,-0.447205
12.520907640457153,0.873779,-0.058594,0.007813,-0.257813,-0.154297,0.113281,0.246094,0.698853,-0.438477,0.347717,-0.445496
12.541154623031616,0.877563,0.332031,0.503906,2.257813,-0.343750,0.216797,0.361328,0.698425,-0.438416,0.352234,-0.442688
12.568671226501465,0.883545,1.414063,-0.246094,0.019531,-0.201172,0.257813,0.564453,0.698975,-0.436951,0.356812,-0.439514
12.580981731414795,0.884888,-0.812500,-0.542969,-2.238281,0.097656,0.042969,0.306641,0.700623,-0.434875,0.357849,-0.438110
12.601141929626465,0.885498,-0.765625,-0.558594,-2.261719,0.316406,-0.064453,-0.142578,0.701416,-0.434082,0.354980,-0.440002
12.621087312698364,0.883911,-2.492188,-1.187500,-1.886719,0.261719,-0.375000,-0.861328,0.700134,-0.436829,0.348022,-0.444885
12.641112089157104,0.882935,0.058594,0.421875,1.351563,-0.021484,-0.363281,-0.886719,0.697388,-0.441406,0.341736,-0.449463
12.661371231079102,0.881226,-0.460937,1.847656,2.578125,-0.166016,-0.044922,-0.679687,0.693848,-0.445312,0.339294,-0.452942
12.681273460388184,0.876465,2.984375,1.648438,1.796875,-0.505859,0.205078,-0.097656,0.690369,-0.448364,0.341980,-0.453186
12.701311111450195,0.879639,3.199219,0.269531,2.847656,-0.435547,0.193359,-0.189453,0.687134,-0.450928,0.344543,-0.453674
12.721493244171143,0.881470,-0.109375,-0.656250,-2.128906,-0.175781,0.207031,-0.099609,0.685181,-0.451416,0.346497,-0.454712
12.74119782447815,0.881836,0.578125,-1.023438,-2.664063,0.072266,0.619141,0.267578,0.684509,-0.447327,0.351563,-0.455872
12.761631727218628,0.881714,3.300781,-1.148438,-2.632813,0.375000,0.916016,0.355469,0.684082,-0.440491,0.357727,-0.458313
12.781320333480835,0.885132,1.082031,-0.941406,-3.316406,-0.261719,0.453125,0.023437,0.681946,-0.439453,0.361633,-0.459412
12.80154538154602,0.888306,-0.605469,1.671875,3.234375,-0.265625,-0.011719,-0.150391,0.679810,-0.442444,0.362549,-0.458984
12.82130479812622,0.891846,-2.425781,1.160156,4.789062,-0.609375,-0.316406,-0.214844,0.677551,-0.448364,0.362000,-0.456970
12.842154264450073,0.889893,0.460937,0.019531,1.015625,-0.099609,-0.406250,-0.011719,0.678589,-0.450928,0.359558,-0.454834
12.862173557281494,0.886597,2.000000,-0.328125,-3.839844,0.234375,-0.416016,0.220703,0.682068,-0.450806,0.356323,-0.452271
12.881630897521973,0.883667,-0.789062,-0.304688,-0.019531,0.285156,-0.562500,0.132812,0.685669,-0.450989,0.352478,-0.449707
12.901594400405884,0.883789,-0.308594,-0.089844,0.433594,0.023437,-0.199219,-0.044922,0.686401,-0.451721,0.350952,-0.448975
12.921635866165161,0.886108,-2.277344,-0.550781,0.644531,-0.037109,0.177734,-0.072266,0.685303,-0.451660,0.351990,-0.450012
12.941725492477417,0.893311,1.363281,-0.234375,0.968750,-0.341797,0.453125,0.005859,0.682556,-0.451660,0.356262,-0.450806
12.961683750152588,0.896362,0.589844,0.011719,0.839844,-0.167969,0.519531,0.152344,0.680359,-0.450439,0.361511,-0.451172
12.981583833694458,0.898682,1.035156,0.371094,-0.445312,-0.330078,0.398438,0.341797,0.679138,-0.449646,0.366943,-0.449402
13.001965999603271,0.899170,0.585937,0.648437,1.914063,-0.248047,0.113281,0.455078,0.679810,-0.448853,0.370850,-0.445923
13.021926641464233,0.896606,1.558594,0.042969,-1.457031,-0.005859,0.015625,0.621094,0.682678,-0.446045,0.373840,-0.441833
13.041564464569092,0.890503,2.328125,-0.242187,-3.457031,0.529297,0.208984,0.714844,0.687317,-0.439453,0.375366,-0.440002
13.062057256698608,0.883301,-0.804687,-0.902344,-5.464844,0.873047,0.052734,0.029297,0.690735,-0.433716,0.371704,-0.443420
13.08174467086792,0.880005,-4.832031,-1.269531,-1.851563,0.488281,-0.109375,-1.007813,0.689453,-0.433411,0.364807,-0.451355
13.10149884223938,0.881104,1.898438,-1.355469,-0.574219,0.457031,0.281250,-0.880859,0.686035,-0.432800,0.361023,-0.460083
13.122001886367798,0.883057,0.292969,0.746094,1.394531,-0.066406,0.656250,-0.703125,0.680481,-0.432739,0.362610,-0.467163
13.141932725906372,0.887085,4.660156,1.984375,3.062500,-0.451172,0.666016,-0.011719,0.676331,-0.432617,0.368713,-0.468506
13.162206649780273,0.889771,3.742188,3.550781,4.109375,-0.613281,0.341797,0.386719,0.674011,-0.434143,0.375488,-0.465027
13.182406663894653,0.891846,-2.226563,-0.242187,4.453125,-0.673828,0.070312,0.332031,0.672485,-0.436829,0.380737,-0.460388
13.202141523361206,0.893311,-0.699219,-1.437500,-4.382812,-0.164062,0.062500,0.650391,0.674438,-0.435364,0.384949,-0.455444
13.222318410873413,0.893555,4.480469,-0.449219,-3.894531,-0.009766,0.121094,1.041016,0.678467,-0.431274,0.390015,-0.448975
13.24237608909607,0.894043,1.988281,-0.386719,-1.042969,-0.015625,0.113281,0.523437,0.680542,-0.428528,0.392944,-0.445862
13.262144088745117,0.897827,-4.156250,-0.593750,-1.511719,-0.152344,0.322266,0.082031,0.679138,-0.428040,0.395325,-0.446411
13.282139778137207,0.898804,-1.535156,-0.328125,3.117188,-0.318359,0.185547,-0.763672,0.674194,-0.431580,0.394836,-0.450867
13.302612543106079,0.899658,-7.160156,-0.746094,-0.972656,-0.109375,0.302734,-0.822266,0.669006,-0.434265,0.393494,-0.457153
13.321987390518188,0.901733,1.480469,0.308594,-1.019531,-0.074219,0.363281,-0.505859,0.665161,-0.435181,0.393799,-0.461548
13.342046022415161,0.902100,2.328125,0.632812,0.261719,0.017578,0.044922,0.126953,0.665527,-0.434570,0.395264,-0.460449
13.362361907958984,0.901367,5.347656,1.328125,2.691406,-0.308594,0.000000,1.136719,0.669434,-0.431702,0.401123,-0.452332
13.382473468780518,0.899780,5.281250,0.816406,1.582031,0.216797,0.226562,1.097656,0.674194,-0.425537,0.404968,-0.447693
13.402397871017456,0.894043,-1.441406,-2.257813,-5.820312,1.587891,-0.117188,-0.617187,0.678589,-0.417114,0.395630,-0.457153
13.422256469726562,0.889893,-3.367188,-6.664062,-12.339844,2.599609,0.259766,-0.927734,0.683899,-0.402100,0.381714,-0.474243
13.447289943695068,0.886597,2.625000,-1.449219,-6.234375,2.134766,0.279297,-0.808594,0.687073,-0.390076,0.369812,-0.488892
13.462478637695312,0.872437,1.976563,4.468750,7.703125,0.619141,-0.302734,-1.427734,0.684143,-0.391541,0.359497,-0.499390
13.482240200042725,0.860596,-6.125000,4.324219,10.261719,-0.361328,-0.421875,-0.857422,0.680359,-0.398682,0.355286,-0.501953
13.502476692199707,0.850464,11.937500,7.855469,6.972656,-0.724609,-0.230469,0.736328,0.682190,-0.401917,0.359497,-0.493835
13.522278070449829,0.841187,6.597656,5.703125,-4.562500,-0.039063,-0.398438,1.726563,0.691467,-0.398499,0.363464,-0.480591
13.542359590530396,0.839844,5.046875,5.789062,-2.109375,-0.083984,-1.017578,1.537109,0.701050,-0.399597,0.362793,-0.466125
13.562555313110352,0.840454,-4.718750,1.628906,4.906250,-0.712891,-1.449219,-0.603516,0.702759,-0.410522,0.353638,-0.460999
13.582544565200806,0.838623,-1.976563,-2.882813,-10.875000,0.460937,-0.812500,0.158203,0.706970,-0.412842,0.346924,-0.457642
13.60303020477295,0.835327,14.820313,7.281250,1.859375,-0.964844,-0.441406,0.341797,0.707031,-0.418579,0.348511,-0.451050
13.622588872909546,0.835815,-4.730469,-0.832031,4.195312,-0.105469,-0.097656,-0.052734,0.706787,-0.420471,0.348145,-0.449890
13.642929553985596,0.837646,-1.375000,-5.027344,-8.039063,0.095703,0.109375,0.083984,0.707031,-0.419434,0.348633,-0.450195
13.662652730941772,0.841675,-2.621094,-1.015625,0.351563,0.003906,0.042969,-0.208984,0.706055,-0.419983,0.348328,-0.451477
13.682481527328491,0.843506,-1.304688,0.632812,2.035156,-0.296875,0.054687,-0.169922,0.703857,-0.422485,0.349304,-0.451782
13.703098058700562,0.846191,0.121094,1.078125,2.773438,-0.500000,0.197266,-0.158203,0.700500,-0.425476,0.352051,-0.452026
13.722617387771606,0.855225,0.304688,0.199219,1.671875,-0.367188,0.337891,-0.119141,0.697510,-0.426941,0.355347,-0.452637
13.742684125900269,0.858643,1.261719,-0.078125,-0.671875,-0.289063,0.013672,0.035156,0.696533,-0.428711,0.356750,-0.451416
13.762966871261597,0.861206,-1.566406,0.136719,0.066406,-0.138672,-0.302734,0.187500,0.697815,-0.430176,0.356262,-0.448364
13.782967805862427,0.865845,1.054688,0.097656,-0.875000,0.066406,-0.093750,0.447266,0.700134,-0.428894,0.356995,-0.445435
13.803310632705688,0.870605,2.726563,-0.406250,-2.035156,0.207031,0.302734,0.255859,0.700745,-0.425842,0.359802,-0.445129
13.823078870773315,0.876709,2.679688,-0.269531,3.007813,-0.312500,0.648437,0.052734,0.697815,-0.424805,0.365173,-0.446350
13.843157291412354,0.882446,-4.464844,-0.445312,0.894531,-0.408203,0.423828,-0.300781,0.693787,-0.426208,0.368469,-0.448669
13.863117218017578,0.885498,-1.042969,0.503906,1.714844,-0.300781,0.183594,0.009766,0.691833,-0.427490,0.371033,-0.448303
13.883025884628296,0.888794,0.039063,0.492187,1.164063,-0.376953,0.044922,0.490234,0.692200,-0.428040,0.375427,-0.443481
13.903415203094482,0.889404,6.000000,1.304688,1.617188,-0.351563,0.123047,0.955078,0.694153,-0.426941,0.381348,-0.436401
13.926101922988892,0.886108,-2.531250,0.000000,-0.992187,-0.224609,-0.144531,0.416016,0.695496,-0.427856,0.383179,-0.431702
13.943209171295166,0.881348,-1.902344,-0.183594,-0.570312,-0.117188,-0.417969,0.392578,0.698608,-0.429199,0.381531,-0.426758
13.963108777999878,0.876221,1.929688,-0.917969,-4.976562,0.601562,-0.669922,0.810547,0.706055,-0.425293,0.376831,-0.422607
13.983556509017944,0.874756,-3.148438,-0.835937,-8.480469,1.464844,-0.328125,-0.904297,0.709106,-0.420532,0.366760,-0.431091
14.003167390823364,0.874146,-14.222656,-2.000000,-0.500000,0.080078,0.419922,-0.812500,0.704895,-0.420471,0.364746,-0.439636
14.023331880569458,0.877197,6.339844,-0.578125,7.433594,-0.062500,0.906250,-0.623047,0.698730,-0.419250,0.368958,-0.447083
14.043290853500366,0.888672,2.593750,1.394531,2.648438,-0.365234,1.035156,-0.230469,0.692505,-0.418335,0.376221,-0.451538
14.06343698501587,0.892822,2.914063,1.855469,1.355469,-0.337891,0.435547,-0.074219,0.688965,-0.419067,0.380676,-0.452576
14.083512306213379,0.895874,-1.820313,1.609375,3.195313,-0.623047,0.048828,-0.082031,0.685974,-0.423096,0.383240,-0.451111
14.103604793548584,0.896484,-0.335938,1.808594,3.871094,-0.363281,-0.050781,-0.089844,0.684448,-0.426208,0.384216,-0.449768
14.123494148254395,0.895508,0.828125,-0.656250,-2.695313,-0.144531,-0.201172,0.033203,0.684875,-0.427795,0.383545,-0.448181
14.143939733505249,0.895264,-0.402344,-0.535156,-1.566406,0.140625,-0.308594,0.253906,0.687561,-0.427673,0.381958,-0.445496
14.163482904434204,0.895264,2.031250,0.207031,-0.824219,0.105469,-0.277344,0.482422,0.690735,-0.426880,0.381958,-0.441345
14.18340277671814,0.897217,1.214844,0.160156,0.546875,-0.009766,0.078125,0.333984,0.691833,-0.425720,0.383972,-0.438965
14.203632116317749,0.900391,-0.523437,-0.687500,-1.167969,-0.261719,0.388672,0.267578,0.690674,-0.424744,0.388000,-0.438293
14.223927974700928,0.903198,-0.968750,-0.460937,0.898437,-0.009766,0.378906,-0.187500,0.688232,-0.424377,0.389893,-0.440735
14.244184494018555,0.903442,-2.937500,-0.750000,-2.449219,0.056641,0.191406,-0.396484,0.686035,-0.424744,0.389404,-0.444153
14.263794898986816,0.902832,-0.460937,0.101563,-0.109375,0.001953,-0.054687,-0.207031,0.685486,-0.425781,0.388062,-0.445251
14.283619165420532,0.900269,-0.042969,0.566406,1.144531,0.000000,-0.398438,-0.029297,0.686707,-0.427551,0.385498,-0.443848
14.303754329681396,0.897339,-0.226562,0.300781,0.140625,-0.017578,-0.119141,0.361328,0.688354,-0.427307,0.386292,-0.440857
14.324149370193481,0.899536,3.890625,-0.242187,-0.730469,-0.060547,0.343750,0.300781,0.687988,-0.425354,0.390259,-0.439819
14.344067335128784,0.902832,-0.636719,-1.238281,-1.859375,-0.031250,0.455078,-0.078125,0.685913,-0.423828,0.393127,-0.442017
14.363707304000854,0.906982,-1.925781,-0.703125,-1.796875,0.095703,0.419922,-0.363281,0.683472,-0.422607,0.393799,-0.446350
14.384021282196045,0.907715,-0.539062,0.300781,-0.125000,0.146484,0.199219,-0.222656,0.682373,-0.421753,0.393494,-0.449036
14.404101610183716,0.907227,0.960937,1.328125,2.164063,-0.097656,-0.144531,0.041016,0.682434,-0.423157,0.393250,-0.447876
14.424015998840332,0.904175,0.457031,2.062500,3.597656,-0.384766,-0.169922,0.044922,0.681824,-0.426208,0.393982,-0.445312
14.444020509719849,0.904053,0.726562,-0.597656,-0.714844,-0.314453,-0.052734,0.212891,0.681702,-0.427734,0.395935,-0.442261
14.464074850082397,0.905029,2.562500,-0.312500,-1.496094,-0.244141,0.130859,0.507812,0.682373,-0.427002,0.400208,-0.438049
14.484387874603271,0.909546,2.851563,-0.312500,-0.789062,-0.095703,0.326172,0.644531,0.683350,-0.423828,0.405518,-0.434631
14.50400161743164,0.911377,1.105469,-0.640625,-2.105469,-0.021484,0.511719,0.275391,0.682373,-0.421021,0.409607,-0.435120
14.524007558822632,0.912476,-6.714844,-0.566406,0.945312,-0.093750,0.324219,-0.548828,0.678650,-0.422180,0.409973,-0.439392
14.544165134429932,0.912231,-4.371094,0.031250,0.199219,-0.023437,0.041016,-0.529297,0.675964,-0.424500,0.408142,-0.442993
14.5643949508667,0.911011,1.050781,0.593750,0.398438,-0.042969,-0.072266,-0.230469,0.675049,-0.426270,0.406860,-0.443909
14.584231853485107,0.910156,1.769531,0.437500,0.179687,-0.330078,0.009766,0.183594,0.674377,-0.427673,0.409302,-0.441406
14.60426664352417,0.910767,4.644531,0.300781,2.003906,-0.402344,0.232422,0.470703,0.673523,-0.427795,0.414551,-0.437622
14.624116897583008,0.914307,-0.824219,-0.878906,-1.437500,-0.152344,0.121094,0.078125,0.672913,-0.427917,0.415466,-0.437500
14.644257307052612,0.914185,-4.160156,-1.484375,-4.023437,1.111328,-0.347656,-0.992187,0.674866,-0.425598,0.404663,-0.446838
14.664284706115723,0.912720,-9.769531,-5.343750,-10.011719,1.970703,-0.060547,-1.212891,0.678650,-0.416626,0.389832,-0.462463
14.684571027755737,0.904907,3.726563,-2.066406,-9.699219,3.136719,0.361328,-0.966797,0.685120,-0.398315,0.373474,-0.482178
14.704371452331543,0.898315,0.167969,-0.578125,-5.394531,3.044922,0.359375,-1.132813,0.690002,-0.380554,0.356873,-0.501709
14.724822998046875,0.886597,-1.000000,2.843750,3.414063,1.451172,-0.275391,-0.847656,0.692261,-0.374939,0.344788,-0.511230
14.744545221328735,0.843628,-0.230469,6.937500,12.824219,-0.611328,-0.886719,-0.025391,0.693115,-0.382935,0.341370,-0.506409
14.764487504959106,0.825439,5.125000,6.917969,6.726562,-1.244141,-0.732422,0.707031,0.694397,-0.392822,0.345276,-0.494263
14.784327507019043,0.818481,5.554687,5.218750,0.839844,-1.464844,-0.482422,1.355469,0.697021,-0.400696,0.353577,-0.478149
14.80431604385376,0.817993,4.171875,3.695313,-0.542969,-0.947266,-0.671875,1.142578,0.701111,-0.406616,0.357666,-0.463867
14.824642419815063,0.823120,-3.121094,0.332031,-3.687500,-0.464844,-1.050781,0.611328,0.705078,-0.413086,0.355530,-0.453674
14.84454870223999,0.828003,-7.195312,-6.492187,4.816406,-0.687500,-0.763672,-0.291016,0.704407,-0.421692,0.351563,-0.449829
14.864985942840576,0.827637,-5.382812,-5.218750,1.218750,-0.072266,-0.511719,-0.349609,0.704346,-0.425903,0.347107,-0.449463
14.884810209274292,0.823486,3.289063,1.000000,-5.515625,0.089844,-0.091797,0.029297,0.705078,-0.425781,0.346069,-0.449158
14.904323816299438,0.823486,0.953125,-1.191406,-1.546875,0.125000,0.193359,0.052734,0.705139,-0.424133,0.346802,-0.450073
14.924715757369995,0.825195,-1.675781,-2.730469,-1.488281,0.208984,0.253906,-0.171875,0.704651,-0.422119,0.346985,-0.452637
14.944761037826538,0.828613,-0.496094,-0.062500,-0.597656,0.253906,0.164062,0.015625,0.705078,-0.419800,0.346863,-0.454163
14.964922428131104,0.828979,1.089844,0.839844,0.320313,0.123047,-0.007813,-0.076172,0.705322,-0.419250,0.346069,-0.454956
14.984710693359375,0.828735,-0.343750,0.871094,2.488281,-0.134766,-0.003906,-0.037109,0.704773,-0.420166,0.346313,-0.454712
15.005162000656128,0.827026,1.296875,0.339844,0.625000,-0.080078,0.025391,0.048828,0.704590,-0.420593,0.347046,-0.454102
15.025015592575073,0.825317,0.164062,-0.378906,-0.390625,-0.093750,0.083984,0.091797,0.704468,-0.420471,0.348267,-0.453491
15.045100927352905,0.825928,0.761719,-0.187500,-0.453125,0.039063,0.140625,0.070312,0.704407,-0.419495,0.349487,-0.453552
15.065168619155884,0.829834,-0.480469,-0.417969,0.046875,-0.039063,0.185547,0.044922,0.703857,-0.418884,0.351013,-0.453735
15.084930181503296,0.833618,-0.656250,0.386719,1.011719,-0.158203,0.089844,0.013672,0.703003,-0.419617,0.352356,-0.453369
15.105057716369629,0.836914,-0.484375,0.441406,1.226563,-0.242187,0.054687,-0.011719,0.701843,-0.421021,0.353699,-0.452820
15.125014543533325,0.840698,-0.332031,0.042969,0.582031,-0.064453,0.087891,-0.052734,0.701050,-0.421387,0.354248,-0.453308
15.145429134368896,0.839600,-0.523437,-1.019531,-1.785156,0.144531,0.113281,-0.134766,0.700745,-0.420410,0.353821,-0.455017
15.165299654006958,0.838013,0.035156,-0.421875,-1.339844,0.306641,0.076172,-0.185547,0.700867,-0.418762,0.351868,-0.457825
15.185333728790283,0.834229,-2.292969,-1.433594,-1.011719,0.617187,-0.160156,-0.572266,0.701416,-0.417236,0.345337,-0.463379
15.20523476600647,0.817871,-3.984375,-2.507813,-1.742188,1.097656,-0.410156,-1.113281,0.702148,-0.415283,0.332092,-0.473572
15.22536015510559,0.804810,-9.695313,-5.796875,-3.238281,1.644531,-0.796875,-2.343750,0.700439,-0.415100,0.308838,-0.491638
15.253062725067139,0.783936,-10.769531,-4.621094,-0.777344,2.091797,-1.298828,-3.478516,0.695374,-0.417480,0.275208,-0.516113
15.265907764434814,0.729004,0.519531,3.460938,5.742187,1.568359,-1.417969,-3.718750,0.686340,-0.423401,0.241760,-0.539673
15.285412073135376,0.688965,-0.214844,3.250000,5.500000,0.925781,-1.130859,-3.056641,0.676575,-0.429932,0.215759,-0.557556
15.312429428100586,0.654419,9.910156,5.933594,0.250000,0.761719,-0.798828,-1.722656,0.671448,-0.433044,0.198730,-0.567505
15.325344562530518,0.644775,8.527344,5.707031,2.316406,0.345703,-0.279297,-0.880859,0.668457,-0.434082,0.190857,-0.572937
15.345595836639404,0.635498,4.367187,3.699219,0.101563,0.134766,0.074219,-0.343750,0.667053,-0.433533,0.188904,-0.575684
15.365139961242676,0.621582,5.046875,4.449219,-1.214844,-0.031250,0.285156,0.164062,0.667542,-0.431763,0.191772,-0.575500
15.385652780532837,0.617310,7.074219,4.687500,-1.800781,-0.259766,0.853516,1.080078,0.671143,-0.426697,0.203430,-0.571045
15.405250549316406,0.620239,7.058594,5.367187,-1.515625,-0.568359,1.248047,2.205078,0.678528,-0.419006,0.224060,-0.560242
15.425460577011108,0.626587,4.656250,5.328125,-1.750000,-0.818359,1.371094,2.970703,0.688171,-0.410217,0.249939,-0.543823
15.445787191390991,0.651611,1.968750,4.261719,-1.589844,-0.978516,1.240234,3.390625,0.699341,-0.401306,0.277710,-0.522278
15.465338706970215,0.660645,2.375000,3.734375,-0.855469,-1.105469,0.787109,4.087891,0.712830,-0.393372,0.305115,-0.494019
15.490337610244751,0.671631,-9.371094,-1.582031,-0.093750,-1.427734,0.792969,3.673828,0.722473,-0.388000,0.331116,-0.466675
15.50579047203064,0.689087,-16.003906,-8.589844,-5.023437,-0.683594,0.515625,1.908203,0.726929,-0.384094,0.344971,-0.452820
15.525620698928833,0.692261,-17.164062,-11.945313,-6.164062,0.623047,0.052734,-0.074219,0.729126,-0.379456,0.342773,-0.454834
15.545447826385498,0.695190,-10.324219,-10.460938,-3.671875,1.640625,-0.330078,-0.765625,0.733337,-0.371277,0.329956,-0.464233
15.565749168395996,0.696655,1.085938,-4.679687,-4.507812,2.757813,-0.714844,-0.476562,0.743042,-0.356079,0.310425,-0.473999
15.585774660110474,0.696289,1.605469,-2.082031,-3.015625,3.244141,-0.671875,-0.320313,0.755005,-0.335571,0.288635,-0.483826
15.60584306716919,0.695557,2.578125,-1.468750,-6.984375,4.089844,-0.394531,-0.076172,0.768799,-0.306763,0.265503,-0.494385
15.633608341217041,0.696167,3.421875,-0.031250,-6.292969,4.349609,0.115234,0.195312,0.781860,-0.272583,0.245422,-0.504089
15.645559310913086,0.698242,1.238281,5.027344,3.566406,3.656250,0.419922,0.355469,0.791992,-0.241211,0.231018,-0.511047
15.666000843048096,0.696045,-1.187500,5.808594,7.550781,2.222656,0.353516,0.218750,0.797424,-0.221375,0.222717,-0.515259
15.685555458068848,0.695557,-3.066406,5.765625,7.875000,0.818359,0.005859,-0.148437,0.798584,-0.214905,0.218140,-0.518188
15.70606279373169,0.692993,-2.390625,5.351562,6.273437,-0.187500,-0.345703,-0.347656,0.797180,-0.218750,0.215454,-0.519836
15.726066589355469,0.690796,-0.984375,4.363281,0.867187,-0.703125,-0.654297,-0.457031,0.794678,-0.228455,0.213074,-0.520447
15.746025800704956,0.687622,1.664063,4.304687,-0.273438,-1.011719,-0.582031,-0.246094,0.792297,-0.239990,0.213257,-0.518860
15.766225576400757,0.665527,2.855469,3.558594,-1.039063,-1.203125,-0.253906,0.076172,0.790161,-0.250671,0.217468,-0.515259
15.78600788116455,0.660278,0.656250,1.945313,-1.347656,-1.337891,-0.107422,0.025391,0.786926,-0.262146,0.223572,-0.511841
15.80601191520691,0.655640,-2.937500,2.761719,4.722656,-1.998047,-0.255859,-0.259766,0.780823,-0.279846,0.230957,-0.508545
15.82615065574646,0.633911,-2.625000,3.019531,3.871094,-2.601563,-0.632812,-0.462891,0.772339,-0.304016,0.237976,-0.504395
15.846060276031494,0.622070,-2.058594,2.468750,1.816406,-2.873047,-0.740234,-0.605469,0.761902,-0.331299,0.244934,-0.499817
15.866644382476807,0.617432,-1.320313,2.355469,1.011719,-3.023438,-0.681641,-0.722656,0.749695,-0.359009,0.252136,-0.495422
15.886335611343384,0.614990,-0.375000,-0.558594,-3.953125,-2.595703,-0.724609,-0.705078,0.738647,-0.383423,0.256775,-0.491394
15.913986206054688,0.641235,1.292969,-0.937500,-5.453125,-1.707031,-0.763672,-0.380859,0.731750,-0.400879,0.258728,-0.486694
15.926146745681763,0.668335,5.214844,0.367188,-3.257813,-1.326172,-0.285156,0.281250,0.728516,-0.411072,0.263855,-0.480286
15.946671485900879,0.692383,5.246094,0.003906,-4.234375,-0.568359,0.019531,0.574219,0.728516,-0.413818,0.268799,-0.475098
15.966105937957764,0.715088,-3.082031,-2.242188,-3.414063,0.113281,0.001953,0.123047,0.729553,-0.412903,0.269165,-0.474182
15.986217737197876,0.719482,0.679687,-0.535156,0.972656,0.070312,-0.156250,0.099609,0.730530,-0.413269,0.268616,-0.472717
16.006266593933105,0.722168,3.656250,-1.078125,7.035156,-0.541016,-0.240234,0.517578,0.731506,-0.416260,0.270874,-0.467163
16.026344060897827,0.735474,1.832031,-6.792969,3.941406,0.068359,-0.292969,0.146484,0.732971,-0.416931,0.269104,-0.465271
16.046591997146606,0.745117,0.382813,2.054688,-1.976563,0.392578,-0.199219,-0.357422,0.733826,-0.415894,0.265076,-0.467224
16.06668472290039,0.751343,8.933594,5.804687,1.320313,-0.099609,-0.103516,0.738281,0.736877,-0.415344,0.267395,-0.461487
16.086452960968018,0.754150,3.066406,3.449219,3.250000,-0.544922,-0.343750,1.175781,0.740417,-0.417847,0.272278,-0.450562
16.10715389251709,0.757568,-2.699219,-0.625000,4.863281,-0.822266,-0.289063,0.703125,0.740967,-0.422913,0.276917,-0.442078
16.126633405685425,0.761475,-1.441406,-0.707031,-0.566406,-0.748047,0.033203,0.298828,0.739014,-0.427490,0.281616,-0.437866
16.146367073059082,0.772339,-1.179688,-0.484375,-0.632812,-0.746094,0.078125,0.050781,0.735901,-0.432312,0.285767,-0.435730
16.166722297668457,0.776733,-0.636719,-1.226563,-1.742188,-0.556641,0.087891,0.080078,0.733459,-0.435730,0.289490,-0.434021
16.186800956726074,0.781616,2.128906,-0.527344,-1.273438,-0.419922,0.300781,0.255859,0.731689,-0.436951,0.294495,-0.432434
16.20700764656067,0.784058,-1.636719,-1.191406,-1.488281,-0.234375,0.265625,0.101563,0.730164,-0.437256,0.297974,-0.432312
16.227241039276123,0.791138,-1.738281,-0.757812,-1.417969,-0.087891,0.210937,-0.138672,0.728516,-0.437256,0.299438,-0.434082
16.247092962265015,0.793945,-0.402344,-0.441406,-1.218750,0.058594,0.171875,-0.187500,0.727234,-0.436768,0.299805,-0.436462
16.269046545028687,0.795166,-0.503906,-0.171875,-0.351563,0.019531,0.103516,-0.148437,0.726379,-0.436462,0.299927,-0.438110
16.28714871406555,0.794922,0.253906,0.171875,0.296875,0.019531,0.025391,-0.042969,0.726074,-0.436401,0.299744,-0.438782
16.308212280273438,0.792358,-0.757812,0.132812,0.375000,0.011719,-0.107422,-0.099609,0.725830,-0.436951,0.298706,-0.439331
16.328453540802002,0.790894,-0.175781,-0.019531,0.144531,-0.021484,-0.056641,-0.167969,0.725159,-0.437744,0.297729,-0.440308
16.347302436828613,0.790039,-0.246094,-0.203125,-0.390625,-0.037109,-0.072266,-0.132812,0.724548,-0.438721,0.296814,-0.440979
16.367318153381348,0.790527,0.652344,0.492187,0.773437,-0.142578,-0.087891,-0.042969,0.723938,-0.440125,0.296753,-0.440674
16.387043237686157,0.791748,0.687500,-0.140625,-0.015625,-0.123047,-0.037109,0.068359,0.723633,-0.440918,0.297485,-0.439819
16.407014846801758,0.792725,0.550781,-0.324219,-0.527344,-0.070312,0.082031,0.091797,0.723450,-0.440674,0.298706,-0.439514
16.42704725265503,0.793457,-0.312500,-0.480469,-0.605469,0.064453,0.146484,0.035156,0.723267,-0.439514,0.299866,-0.440186
16.447250366210938,0.795288,-0.328125,-0.027344,0.000000,0.019531,0.197266,-0.007813,0.722656,-0.438477,0.301270,-0.441223
16.46706795692444,0.799683,0.183594,0.242187,0.882812,-0.072266,0.148437,0.056641,0.722168,-0.438049,0.302917,-0.441406
16.48703098297119,0.805054,0.597656,0.285156,0.437500,-0.037109,0.093750,0.130859,0.722107,-0.437439,0.304504,-0.441040
16.50701880455017,0.805908,0.054687,-0.324219,-0.941406,0.023437,0.197266,0.089844,0.721863,-0.436096,0.306274,-0.441467
16.527344703674316,0.806763,-0.218750,-0.066406,-0.636719,0.087891,0.185547,0.046875,0.721863,-0.434387,0.307495,-0.442383
16.547419548034668,0.807983,-0.195312,-0.371094,-0.699219,0.162109,0.169922,0.048828,0.722229,-0.432129,0.308350,-0.443359
16.567255973815918,0.809448,0.371094,-0.042969,-0.343750,0.230469,0.132812,0.166016,0.723389,-0.429382,0.309021,-0.443665
16.587032318115234,0.809814,-0.625000,-0.640625,-0.929687,0.312500,0.167969,0.140625,0.724731,-0.425842,0.309631,-0.444458
16.607338428497314,0.809692,0.371094,-0.410156,-1.488281,0.417969,0.275391,0.125000,0.726135,-0.421143,0.310303,-0.446167
16.627502918243408,0.809692,0.234375,-0.488281,-1.453125,0.556641,0.302734,0.134766,0.728027,-0.415283,0.310791,-0.448242
16.647580862045288,0.810425,0.480469,-0.468750,-1.078125,0.611328,0.371094,0.238281,0.730469,-0.408325,0.311707,-0.450073
16.66759729385376,0.812988,0.914062,-0.460937,-1.800781,0.794922,0.314453,0.396484,0.734314,-0.399841,0.312134,-0.451111
16.687528371810913,0.812744,0.441406,-0.945312,-2.265625,1.093750,0.261719,0.460937,0.739746,-0.389099,0.311035,-0.452393
16.715272903442383,0.812256,0.011719,-1.109375,-2.726563,1.380859,0.322266,0.402344,0.745789,-0.375916,0.308777,-0.455139
16.727800369262695,0.812012,-0.589844,-1.156250,-2.886719,1.625000,0.433594,0.289063,0.751587,-0.361084,0.305786,-0.459534
16.747390031814575,0.812256,0.078125,0.929687,0.742187,1.535156,0.445312,0.277344,0.757019,-0.346436,0.303040,-0.463806
16.767637014389038,0.812012,0.371094,1.210938,1.250000,1.365234,0.332031,0.384766,0.762268,-0.333435,0.300598,-0.466309
16.787508249282837,0.811646,-0.035156,1.292969,1.843750,1.171875,0.248047,0.445312,0.767273,-0.321960,0.298645,-0.467407
16.807305812835693,0.811157,0.136719,0.988281,1.574219,0.958984,0.246094,0.441406,0.771545,-0.312012,0.297546,-0.467834
16.82757329940796,0.811401,-0.074219,1.109375,2.070313,0.677734,0.255859,0.408203,0.774658,-0.304321,0.297546,-0.467712
16.848052978515625,0.811523,-1.253906,0.792969,1.648438,0.458984,0.210937,0.269531,0.776611,-0.299011,0.297913,-0.467651
16.874887466430664,0.810303,-1.167969,1.246094,2.871094,0.099609,-0.027344,0.208984,0.777771,-0.297852,0.297974,-0.466431
16.887362480163574,0.808472,-1.550781,2.226563,4.656250,-0.507812,-0.259766,0.107422,0.777344,-0.302734,0.298706,-0.463562
16.908135414123535,0.807373,-4.355469,2.488281,5.578125,-1.232422,-0.453125,-0.240234,0.773621,-0.315125,0.300171,-0.460510
16.928033113479614,0.803711,-4.726562,2.929688,5.980469,-1.976563,-0.658203,-0.718750,0.765991,-0.335388,0.301575,-0.458130
16.948625802993774,0.801880,-4.511719,2.550781,3.406250,-2.044922,-1.115234,-0.972656,0.757690,-0.358826,0.299622,-0.455383
16.967571258544922,0.801880,-0.011719,-0.023437,-1.578125,-1.763672,-1.156250,-0.728516,0.751099,-0.379333,0.296387,-0.451782
16.990408420562744,0.801758,2.531250,0.062500,-2.675781,-1.621094,-0.789062,-0.599609,0.744324,-0.396790,0.295593,-0.448547
17.008010387420654,0.802368,1.628906,-0.507812,-1.996094,-1.552734,-0.494141,-0.488281,0.737488,-0.411560,0.296692,-0.445740
17.027921676635742,0.803833,1.589844,-1.148438,-4.695312,-0.978516,-0.351563,-0.250000,0.733337,-0.420898,0.297485,-0.443359
17.04815125465393,0.805908,4.011719,-1.195313,-4.164062,-0.435547,-0.191406,0.076172,0.732056,-0.424988,0.298462,-0.440857
17.067929983139038,0.805298,0.492187,-0.742187,-1.964844,-0.205078,-0.154297,0.148437,0.732056,-0.426758,0.299011,-0.438782
17.088758945465088,0.804199,-1.000000,-0.464844,-0.449219,-0.173828,-0.097656,0.015625,0.731628,-0.428345,0.299255,-0.437866
17.108142137527466,0.804199,-1.007813,-0.136719,0.394531,-0.244141,-0.064453,-0.083984,0.730225,-0.430664,0.299561,-0.437683
17.128668069839478,0.807129,-0.656250,-0.035156,0.632812,-0.337891,-0.085937,-0.222656,0.728027,-0.433899,0.299561,-0.438049
17.148091554641724,0.808105,0.285156,-0.156250,-0.460937,-0.259766,-0.121094,-0.216797,0.726196,-0.436951,0.299133,-0.438477
17.168164491653442,0.808716,1.011719,0.250000,-0.031250,-0.269531,-0.083984,-0.074219,0.724854,-0.439270,0.299438,-0.438110
17.18826961517334,0.808228,0.781250,-0.148437,-0.644531,-0.191406,0.037109,-0.007813,0.723755,-0.440491,0.300598,-0.437927
17.208329916000366,0.809326,0.359375,-0.171875,-0.527344,-0.253906,0.097656,-0.019531,0.722107,-0.441956,0.302368,-0.437988
17.22811508178711,0.813721,-1.101563,0.281250,1.019531,-0.384766,0.109375,-0.173828,0.719238,-0.444702,0.304199,-0.438599
17.248227834701538,0.819092,-0.167969,0.281250,1.488281,-0.496094,0.044922,-0.150391,0.716187,-0.448425,0.305969,-0.438660
17.268549919128418,0.819580,-0.390625,-0.332031,-0.468750,-0.304688,-0.072266,-0.173828,0.714355,-0.451233,0.306274,-0.438538
17.2883939743042,0.817749,0.894531,-0.515625,-2.324219,0.039063,-0.210937,0.062500,0.715454,-0.451599,0.304443,-0.437622
17.308586835861206,0.808228,-0.039063,0.074219,-1.000000,0.371094,-0.560547,0.128906,0.719116,-0.450928,0.299927,-0.435425
17.328361988067627,0.808960,1.261719,0.089844,1.453125,0.144531,-0.386719,0.335938,0.721985,-0.450623,0.298279,-0.432068
17.34856104850769,0.816528,0.382813,-0.179687,2.035156,-0.218750,0.025391,0.281250,0.722229,-0.450867,0.300415,-0.429871
17.368590354919434,0.828003,-0.023437,-0.507812,-0.808594,-0.085937,0.326172,0.181641,0.721497,-0.449707,0.304016,-0.429871
17.3890278339386,0.830200,-1.261719,-0.277344,-1.050781,-0.027344,0.435547,0.039063,0.720154,-0.447815,0.307495,-0.431702
17.40868377685547,0.830566,-1.859375,-0.125000,-0.449219,0.017578,0.425781,-0.181641,0.718140,-0.446289,0.309692,-0.434937
17.428601264953613,0.830811,-0.757812,0.765625,2.210938,-0.179687,0.236328,-0.115234,0.716003,-0.447021,0.311707,-0.436340
17.449140787124634,0.837646,1.121094,0.367188,1.585938,-0.453125,-0.060547,0.050781,0.714417,-0.449768,0.313782,-0.434570
17.469189882278442,0.846924,3.390625,-0.523437,-2.750000,-0.257813,0.089844,0.408203,0.714661,-0.449890,0.317139,-0.431580
17.489240407943726,0.854004,0.136719,-1.593750,-5.394531,0.330078,0.101563,0.277344,0.716553,-0.446655,0.317871,-0.431274
17.50875186920166,0.852295,-4.355469,-3.289063,-3.687500,0.912109,0.019531,-0.445312,0.718506,-0.441223,0.312378,-0.437622
17.52872943878174,0.845093,-2.832031,-4.218750,-4.640625,1.707031,0.326172,-0.972656,0.720459,-0.430725,0.303345,-0.451050
17.548998594284058,0.837036,-1.234375,0.738281,0.570312,1.669922,0.619141,-1.105469,0.720276,-0.419617,0.295654,-0.466553
17.569020748138428,0.831055,-0.261719,4.390625,5.468750,0.669922,0.656250,-1.207031,0.715759,-0.414612,0.291931,-0.480164
17.59700036048889,0.831055,0.875000,2.664063,3.398438,0.375000,0.662109,-1.074219,0.710022,-0.411926,0.290588,-0.491699
17.608935594558716,0.831055,1.449219,2.113281,4.097656,-0.044922,0.613281,-0.910156,0.703430,-0.411682,0.291504,-0.500671
17.62935185432434,0.830444,3.378906,2.406250,2.218750,-0.400391,0.667969,-0.558594,0.696960,-0.412598,0.296021,-0.506287
17.648653745651245,0.829590,4.343750,2.652344,1.402344,-0.779297,0.759766,-0.101563,0.690979,-0.414124,0.304626,-0.508179
17.669074058532715,0.828613,3.308594,1.964844,0.164062,-0.867187,0.648437,0.228516,0.686646,-0.416016,0.314209,-0.506653
17.689192533493042,0.826904,1.773438,1.421875,0.726562,-0.837891,0.222656,0.556641,0.685181,-0.418701,0.322510,-0.501221
17.709073543548584,0.818481,2.750000,1.566406,0.117188,-0.843750,-0.042969,0.988281,0.686646,-0.421204,0.330444,-0.491821
17.729044675827026,0.813232,0.636719,0.035156,-2.960938,-0.287109,-0.236328,1.078125,0.691284,-0.420654,0.334656,-0.482910
17.748993396759033,0.808716,-3.488281,-2.285156,-5.398437,0.431641,-0.373047,0.722656,0.697571,-0.417480,0.333374,-0.477417
17.769115447998047,0.802246,-1.933594,0.777344,4.882812,0.138672,-0.638672,0.509766,0.702576,-0.417725,0.330627,-0.471741
17.789486169815063,0.800049,-0.722656,0.625000,2.667969,-0.203125,-0.708984,0.431641,0.706177,-0.420654,0.328186,-0.465454
17.809112548828125,0.799316,-1.250000,-0.371094,-1.824219,0.095703,-0.677734,0.281250,0.709778,-0.422363,0.324707,-0.460876
17.836865186691284,0.807007,-0.179687,0.585937,0.550781,-0.236328,-0.283203,0.189453,0.710693,-0.424622,0.324280,-0.457642
17.849525451660156,0.809082,-0.714844,-1.000000,-1.890625,-0.169922,-0.230469,0.066406,0.710999,-0.426575,0.323792,-0.455688
17.86957573890686,0.810181,-0.039063,-1.082031,-1.007813,0.011719,-0.240234,0.054687,0.711975,-0.427490,0.322449,-0.454285
17.88967490196228,0.810547,0.957031,-0.011719,0.214844,-0.021484,-0.230469,0.156250,0.713318,-0.428040,0.321472,-0.452393
17.909271478652954,0.808594,0.234375,-0.441406,-1.636719,0.154297,-0.203125,0.064453,0.714722,-0.427795,0.319763,-0.451538
17.929311990737915,0.807251,0.066406,0.363281,1.097656,-0.015625,-0.119141,-0.037109,0.714905,-0.428406,0.318848,-0.451294
17.949490308761597,0.807617,-0.449219,0.210937,0.996094,-0.154297,-0.068359,-0.068359,0.714172,-0.429993,0.318665,-0.451111
17.969448566436768,0.808472,-1.246094,-0.261719,0.652344,-0.224609,-0.085937,-0.130859,0.712891,-0.432373,0.318542,-0.450989
17.98933458328247,0.808960,0.609375,0.402344,0.570312,-0.191406,-0.181641,-0.083984,0.712219,-0.434631,0.317810,-0.450378
18.00949192047119,0.806885,0.691406,-0.355469,-1.214844,-0.003906,-0.158203,-0.056641,0.712341,-0.435608,0.316650,-0.450073
18.029683828353882,0.798584,0.761719,-0.355469,-0.792969,0.025391,0.017578,-0.007813,0.712280,-0.435425,0.316650,-0.450378
18.049543857574463,0.798584,-0.003906,-0.355469,-0.496094,0.021484,0.101563,-0.044922,0.711792,-0.434937,0.317139,-0.451172
18.069629669189453,0.799683,-0.265625,0.144531,0.234375,-0.023437,0.048828,0.009766,0.711548,-0.434814,0.317688,-0.451355
18.08970856666565,0.800049,-0.687500,0.074219,0.468750,-0.064453,-0.011719,0.019531,0.711365,-0.435120,0.317993,-0.451111
18.110061407089233,0.798096,-0.265625,-0.003906,-0.242187,-0.060547,0.007813,-0.027344,0.710937,-0.435547,0.318176,-0.451233
18.12970209121704,0.797485,-0.312500,-0.386719,-0.738281,0.011719,0.039063,-0.083984,0.710388,-0.435608,0.318237,-0.451965
18.1498122215271,0.797485,-0.011719,0.160156,0.300781,-0.095703,0.031250,-0.066406,0.709656,-0.436279,0.318542,-0.452393
18.169928073883057,0.798584,0.476562,0.242187,0.632812,-0.134766,-0.013672,0.011719,0.709045,-0.437195,0.319153,-0.451904
18.18993639945984,0.800903,-0.011719,0.066406,0.273438,-0.162109,-0.001953,0.041016,0.708496,-0.438232,0.320129,-0.451050
18.20970106124878,0.810425,-0.156250,-0.078125,-0.003906,-0.191406,0.052734,0.062500,0.707764,-0.439148,0.321594,-0.450378
18.23028254508972,0.815430,-0.066406,-0.140625,-0.156250,-0.154297,0.074219,0.068359,0.707214,-0.439636,0.323120,-0.449646
18.25018620491028,0.821289,2.042969,0.023437,-0.484375,-0.070312,0.027344,0.335938,0.708313,-0.438843,0.325317,-0.447144
18.269978523254395,0.828369,2.976563,0.136719,-1.050781,0.011719,0.025391,0.669922,0.710876,-0.436401,0.328491,-0.442993
18.289973735809326,0.831421,-0.550781,-0.652344,-1.593750,0.187500,0.210937,0.328125,0.712402,-0.433105,0.331238,-0.441772
18.310129404067993,0.833984,-0.656250,-0.585937,-1.375000,-0.066406,0.537109,0.226562,0.711182,-0.430603,0.335754,-0.442749
18.330446243286133,0.835327,-4.121094,-0.261719,-0.421875,-0.130859,0.523437,-0.398438,0.707275,-0.430542,0.338440,-0.447083
18.350119590759277,0.838013,-1.214844,0.558594,1.570313,-0.279297,0.328125,-0.453125,0.703186,-0.432190,0.340027,-0.450745
18.37005305290222,0.839722,0.917969,0.742187,1.355469,-0.279297,0.005859,-0.199219,0.700806,-0.434998,0.340454,-0.451355
18.39032006263733,0.839600,-0.804687,0.421875,1.136719,-0.248047,-0.228516,-0.074219,0.700195,-0.437744,0.339905,-0.450073
18.410378217697144,0.842896,4.574219,-0.070312,-2.328125,0.000000,-0.017578,0.443359,0.701843,-0.437012,0.341370,-0.447144
18.430161952972412,0.845093,-1.792969,-0.652344,-1.914063,0.197266,0.046875,0.169922,0.703125,-0.434998,0.342529,-0.446167
18.450378894805908,0.847534,1.050781,-0.039063,1.027344,-0.082031,0.330078,0.144531,0.702209,-0.433716,0.345520,-0.446533
18.47010374069214,0.848755,-1.882813,-0.062500,1.910156,-0.222656,0.292969,-0.300781,0.698975,-0.434814,0.347473,-0.448975
18.490344524383545,0.847656,-0.367188,0.117188,0.203125,-0.255859,0.275391,-0.429687,0.695068,-0.436829,0.348511,-0.452393
18.510066986083984,0.846924,0.078125,0.253906,-0.675781,-0.162109,0.189453,-0.271484,0.692383,-0.438293,0.349060,-0.454590
18.530206203460693,0.846313,0.230469,0.539062,0.656250,-0.218750,-0.187500,-0.166016,0.691589,-0.440430,0.348755,-0.453979
18.550143718719482,0.846558,5.816406,-0.105469,-2.230469,-0.050781,0.068359,0.570312,0.693359,-0.438965,0.351501,-0.450562
18.570452213287354,0.846558,-3.660156,-1.460938,-4.238281,0.351563,-0.029297,0.240234,0.696045,-0.435669,0.351501,-0.449646
18.590452909469604,0.843994,-0.542969,-1.234375,-1.101563,0.408203,0.107422,-0.003906,0.697693,-0.432068,0.349548,-0.452087
18.610729217529297,0.841675,-3.375000,-1.386719,-2.351563,0.548828,0.132812,-0.435547,0.697449,-0.429504,0.346680,-0.457031
18.6303653717041,0.841187,1.738281,2.089844,2.523438,0.029297,0.078125,-0.269531,0.696045,-0.429871,0.346008,-0.459351
18.650651216506958,0.842407,1.257813,2.136719,4.191406,-0.310547,-0.054687,0.011719,0.694885,-0.432251,0.347046,-0.458130
18.670732975006104,0.845947,-0.468750,1.488281,3.671875,-0.656250,-0.111328,0.046875,0.692688,-0.436829,0.349487,-0.455200
18.690512657165527,0.850464,-0.375000,-1.531250,-0.402344,-0.505859,0.173828,0.107422,0.690430,-0.439148,0.353516,-0.453308
18.711013793945312,0.858643,0.953125,-1.125000,-4.964844,-0.099609,0.410156,0.259766,0.689392,-0.437561,0.358154,-0.452820
18.730595588684082,0.870605,-0.050781,-0.441406,-0.117188,-0.089844,0.541016,0.152344,0.687744,-0.435364,0.362610,-0.453796
18.750341415405273,0.872314,-2.242188,0.140625,0.300781,-0.015625,0.330078,-0.091797,0.685791,-0.434875,0.364685,-0.455627
18.77059268951416,0.872803,-2.578125,0.546875,2.277344,-0.166016,-0.078125,-0.273438,0.684082,-0.437256,0.363831,-0.456543
18.79085946083069,0.866089,-0.917969,0.292969,-0.031250,-0.138672,-0.453125,-0.238281,0.684265,-0.440857,0.360291,-0.455688
18.811118364334106,0.859619,0.851562,0.332031,-2.812500,0.283203,-0.732422,-0.023437,0.687439,-0.442749,0.354553,-0.453491
18.830927848815918,0.856323,2.527344,-0.074219,1.132813,0.099609,-0.349609,0.298828,0.690125,-0.442993,0.352661,-0.450623
18.850440502166748,0.865479,-0.390625,-0.617187,0.015625,0.042969,0.185547,0.267578,0.690796,-0.441284,0.355103,-0.449402
18.870639085769653,0.873413,-0.136719,-0.503906,0.308594,-0.173828,0.517578,0.412109,0.689941,-0.438904,0.360718,-0.448608
18.891117095947266,0.877808,-2.839844,-0.765625,-0.812500,-0.123047,0.457031,-0.074219,0.687561,-0.437866,0.363892,-0.450684
18.911063194274902,0.880249,-2.003906,-0.296875,-1.753906,0.082031,0.425781,-0.296875,0.684998,-0.436523,0.365540,-0.454529
18.931196212768555,0.882446,0.632812,0.628906,0.707031,-0.117188,0.423828,-0.183594,0.682556,-0.435669,0.367798,-0.457153
18.950759172439575,0.882690,0.792969,1.320313,2.523438,-0.125000,0.152344,0.070312,0.681580,-0.435852,0.369629,-0.457031
18.97134518623352,0.882812,-1.105469,0.378906,1.957031,-0.308594,-0.056641,0.078125,0.680847,-0.437805,0.371033,-0.455078
18.99104356765747,0.882080,0.363281,-0.140625,-0.871094,-0.136719,-0.068359,0.232422,0.681396,-0.438293,0.372620,-0.452454
19.01124334335327,0.883423,3.078125,0.050781,-0.960937,-0.101563,0.044922,0.384766,0.682556,-0.437317,0.375000,-0.449707
19.031033754348755,0.885620,-0.230469,-0.410156,-2.332031,0.117188,0.146484,0.222656,0.683411,-0.435181,0.376770,-0.449097
19.051593780517578,0.890503,-0.644531,0.035156,1.527344,-0.044922,0.371094,0.080078,0.682068,-0.433655,0.379639,-0.450134
19.070950031280518,0.891235,-3.554688,-0.257813,1.921875,-0.355469,0.494141,-0.380859,0.677246,-0.434998,0.382874,-0.453369
19.091222047805786,0.892334,-2.230469,-0.101563,0.703125,-0.500000,0.513672,-0.542969,0.671326,-0.437561,0.385803,-0.457275
19.111350297927856,0.892944,1.015625,-0.187500,-2.253906,-0.136719,0.259766,-0.333984,0.668030,-0.438599,0.386902,-0.460083
19.13128137588501,0.890015,2.066406,-0.531250,-2.867188,0.226562,0.164062,-0.054687,0.668030,-0.436646,0.386780,-0.461975
19.151553869247437,0.886230,2.390625,-0.250000,-2.277344,0.392578,0.105469,0.089844,0.669800,-0.433289,0.385803,-0.463440
19.17136549949646,0.885010,-0.667969,0.109375,-0.394531,0.242187,-0.011719,0.021484,0.671021,-0.431641,0.384644,-0.464172
19.191380977630615,0.885742,-1.710938,1.453125,4.425781,-0.185547,-0.089844,-0.064453,0.670288,-0.433411,0.384766,-0.463440
19.211458206176758,0.886230,-0.031250,0.019531,2.121094,-0.443359,0.003906,-0.062500,0.668274,-0.436462,0.386475,-0.462097
19.231341123580933,0.886719,1.000000,-0.648437,-1.992188,-0.181641,0.087891,0.091797,0.667603,-0.437073,0.388245,-0.461060
19.251282215118408,0.890137,1.195313,-0.457031,-2.781250,-0.023437,0.046875,0.255859,0.668518,-0.435974,0.390015,-0.459229
19.271518230438232,0.891968,2.007813,0.417969,1.640625,-0.171875,0.089844,0.585937,0.670105,-0.434387,0.393433,-0.455444
19.291330575942993,0.892822,-2.578125,-0.433594,-0.980469,-0.031250,0.009766,0.234375,0.671082,-0.433472,0.394958,-0.453613
19.31156587600708,0.894775,-0.554687,-0.324219,-1.371094,0.093750,0.162109,0.113281,0.671265,-0.431885,0.396118,-0.453796
19.33165955543518,0.895630,-0.035156,-0.093750,-0.066406,-0.042969,0.355469,-0.089844,0.669189,-0.431213,0.398193,-0.455750
19.354729175567627,0.896118,-3.023438,-0.226562,0.929687,-0.259766,0.369141,-0.511719,0.664551,-0.433044,0.399597,-0.459473
19.37159824371338,0.896729,-0.031250,0.218750,0.261719,-0.283203,0.333984,-0.468750,0.659973,-0.435425,0.400635,-0.463013
19.39176368713379,0.895752,-0.246094,-0.062500,-0.769531,-0.060547,0.152344,-0.357422,0.657532,-0.436401,0.400452,-0.465759
19.41175603866577,0.893066,1.867188,-0.593750,-3.007813,0.267578,0.154297,-0.035156,0.657959,-0.433899,0.400024,-0.467712
19.43217420578003,0.888184,1.277344,0.632812,0.003906,0.390625,0.156250,0.158203,0.659607,-0.430420,0.399902,-0.468750
19.45202088356018,0.888428,-0.613281,1.773438,3.792969,-0.009766,-0.025391,0.074219,0.659912,-0.430420,0.400146,-0.468140
19.471762657165527,0.888428,-1.457031,1.558594,4.222656,-0.421875,-0.091797,-0.101563,0.658264,-0.433655,0.400940,-0.466797
19.492169618606567,0.888062,-0.750000,-0.292969,1.535156,-0.308594,0.042969,-0.089844,0.656616,-0.435730,0.402222,-0.466125
19.512123584747314,0.888794,1.863281,-0.363281,-2.070313,-0.046875,0.128906,0.144531,0.656494,-0.435242,0.403687,-0.465393
19.53195285797119,0.889893,-0.902344,0.058594,0.503906,-0.082031,-0.089844,0.148437,0.657288,-0.435547,0.404236,-0.463501
19.551740884780884,0.890991,-0.105469,0.250000,1.101563,-0.146484,-0.167969,0.283203,0.658630,-0.435913,0.404968,-0.460632
19.575096368789673,0.895264,-0.785156,-0.593750,-1.886719,0.029297,0.105469,0.175781,0.659241,-0.434570,0.406128,-0.460022
19.592283725738525,0.897339,1.160156,-0.332031,1.566406,-0.123047,0.359375,0.068359,0.657776,-0.433472,0.408630,-0.460876
19.612193822860718,0.898804,-1.589844,-0.093750,-0.699219,-0.087891,0.343750,-0.146484,0.655273,-0.433289,0.411011,-0.462524
19.632721424102783,0.901245,0.792969,0.609375,2.183594,-0.289063,0.355469,0.029297,0.653015,-0.433472,0.414429,-0.462463
19.652501344680786,0.901855,0.285156,0.503906,1.554688,-0.341797,0.054687,0.253906,0.652649,-0.434204,0.417358,-0.459717
19.672286987304688,0.901367,0.320313,0.351563,-0.503906,-0.230469,-0.119141,0.451172,0.654175,-0.434326,0.419922,-0.455078
19.69263005256653,0.897827,1.410156,0.351563,-0.433594,-0.103516,-0.089844,0.515625,0.656372,-0.433533,0.421814,-0.450867
19.712525367736816,0.893433,-2.062500,-0.386719,-1.277344,-0.080078,-0.205078,0.298828,0.658630,-0.433289,0.422302,-0.447327
19.732040882110596,0.884521,3.035156,-0.371094,-4.656250,0.304688,-0.259766,0.683594,0.664551,-0.429504,0.421082,-0.443359
19.75217580795288,0.865356,1.144531,-0.984375,-14.308594,2.080078,-0.638672,0.714844,0.678284,-0.416382,0.410156,-0.445251
19.772260189056396,0.855835,-10.378906,-1.738281,-10.570313,3.099609,-0.892578,-0.578125,0.692017,-0.401672,0.389221,-0.456360
19.79279589653015,0.838745,-1.664063,-5.250000,5.101562,3.076172,-0.863281,-0.691406,0.703613,-0.387268,0.365906,-0.470215
19.812310218811035,0.795044,0.347656,-0.214844,2.019531,3.203125,-0.072266,-1.296875,0.709900,-0.369995,0.346558,-0.488892
19.832226514816284,0.795410,5.976562,4.203125,10.507813,1.345703,0.927734,-0.480469,0.708740,-0.359070,0.344116,-0.500305
19.852354288101196,0.801880,-4.718750,6.269531,15.855469,-0.888672,0.492187,-0.865234,0.700073,-0.364624,0.348389,-0.505493
19.872404098510742,0.807251,-3.187500,3.968750,8.199219,-1.644531,0.316406,-0.878906,0.688843,-0.377258,0.355835,-0.506531
19.892308473587036,0.812500,6.324219,5.402344,-1.464844,-1.707031,0.195312,-0.083984,0.681519,-0.387878,0.364868,-0.501953
19.9126935005188,0.810547,4.847656,3.468750,-5.988281,-0.833984,-0.056641,0.613281,0.681396,-0.391968,0.371277,-0.494202
19.932335376739502,0.807251,3.914063,3.683594,-2.398438,-0.425781,-0.267578,1.173828,0.686584,-0.392090,0.375366,-0.483643
19.95258641242981,0.807007,0.656250,2.324219,-0.355469,-0.019531,-0.931641,0.824219,0.692810,-0.394836,0.372742,-0.474487
19.97254204750061,0.809814,-12.117188,-8.492188,5.960937,-0.609375,-1.236328,-0.814453,0.692627,-0.406128,0.363647,-0.472351
19.992812633514404,0.806885,6.875000,3.230469,-6.867187,0.054687,-0.861328,-0.458984,0.693542,-0.411987,0.355774,-0.471924
20.012399911880493,0.803101,6.699219,3.660156,-0.355469,-0.369141,-0.257813,-0.037109,0.693115,-0.415771,0.354553,-0.470154
20.033236980438232,0.800659,-3.167969,-2.675781,0.039063,-0.089844,-0.222656,-0.458984,0.691589,-0.419006,0.351746,-0.471619
20.05284571647644,0.797729,2.492188,0.503906,-2.046875,0.187500,-0.091797,-0.333984,0.691040,-0.419495,0.348877,-0.474060
20.07311463356018,0.795532,0.375000,-0.039063,1.140625,0.089844,0.044922,-0.185547,0.690369,-0.419556,0.348083,-0.475647
20.092597246170044,0.797974,0.472656,1.500000,3.578125,-0.384766,0.113281,-0.025391,0.688293,-0.421875,0.350342,-0.474976
20.11268162727356,0.808350,0.054687,1.855469,4.300781,-0.666016,0.099609,-0.085937,0.684875,-0.426025,0.353699,-0.473633
20.1356360912323,0.817139,0.343750,-0.710937,-1.542969,-0.466797,0.150391,-0.085937,0.682251,-0.428833,0.356323,-0.472961
20.15281057357788,0.825806,0.496094,-0.382813,-2.906250,-0.125000,0.048828,-0.015625,0.681519,-0.429626,0.357117,-0.472656
20.173068284988403,0.826172,-0.078125,-0.382813,-2.140625,0.099609,-0.205078,-0.007813,0.682739,-0.430176,0.354919,-0.472046
20.193187475204468,0.820312,-1.765625,0.031250,-0.523437,0.210937,-0.652344,-0.056641,0.685852,-0.431702,0.349670,-0.470093
20.21294093132019,0.817383,3.000000,0.199219,1.414063,0.113281,-0.617187,0.398438,0.690308,-0.432068,0.346680,-0.465393
20.23299813270569,0.827271,3.378906,-0.152344,0.667969,-0.113281,0.044922,0.767578,0.693298,-0.430176,0.350220,-0.460083
20.253187656402588,0.842529,1.464844,-0.882812,-0.089844,-0.160156,0.492187,0.595703,0.693359,-0.427368,0.356873,-0.457458
20.273048877716064,0.860596,-1.390625,-1.339844,-2.035156,-0.228516,0.642578,-0.146484,0.689941,-0.426270,0.361206,-0.460144
20.29308032989502,0.864014,-1.214844,0.207031,-1.175781,0.138672,0.333984,-0.589844,0.686584,-0.426208,0.360718,-0.465698
20.313178300857544,0.865234,0.132812,0.980469,3.113281,-0.017578,0.242187,-0.488281,0.683533,-0.426880,0.360291,-0.469849
20.33339762687683,0.862671,0.460937,1.601563,1.820313,-0.066406,0.144531,-0.156250,0.681824,-0.427673,0.360779,-0.471191
20.35351061820984,0.857788,1.058594,1.273438,2.847656,-0.328125,-0.099609,-0.085937,0.680664,-0.430298,0.361145,-0.470276
20.373324871063232,0.857422,0.878906,-0.398438,-1.632813,-0.177734,-0.154297,0.039063,0.681030,-0.431396,0.361511,-0.468384
20.39308476448059,0.863037,6.750000,0.292969,-1.160156,-0.068359,0.287109,0.804687,0.683472,-0.427979,0.366333,-0.464294
20.413553953170776,0.867554,0.136719,-0.257813,-1.113281,0.042969,0.310547,0.791016,0.686340,-0.423401,0.371887,-0.459778
20.43335747718811,0.870483,2.406250,0.175781,0.878906,0.025391,0.199219,0.658203,0.688538,-0.419983,0.375977,-0.456299
20.453858137130737,0.872559,-2.648438,-0.367188,-0.382813,0.048828,0.230469,0.083984,0.688232,-0.418396,0.377930,-0.456543
20.473402976989746,0.875977,-1.371094,-0.398438,1.394531,-0.167969,0.312500,-0.232422,0.685303,-0.419250,0.379395,-0.458923
20.49363613128662,0.875732,-5.515625,-0.496094,0.089844,-0.152344,0.183594,-0.689453,0.680908,-0.421997,0.378723,-0.463562
20.51358461380005,0.876221,0.941406,0.101563,-1.066406,-0.144531,0.328125,-0.574219,0.676636,-0.423706,0.378845,-0.468140
20.533686876296997,0.877563,1.136719,0.738281,0.804687,-0.126953,0.207031,-0.302734,0.674011,-0.424927,0.379517,-0.470215
20.553333520889282,0.877808,2.363281,1.058594,2.605469,-0.281250,-0.007813,0.259766,0.674194,-0.425659,0.381775,-0.467529
20.573683977127075,0.877808,3.644531,0.214844,-0.656250,-0.119141,0.111328,0.685547,0.676392,-0.423462,0.385742,-0.462952
20.59369444847107,0.879517,-2.042969,-1.214844,-4.066406,0.214844,0.171875,0.500000,0.678955,-0.419556,0.388062,-0.460876
20.614009857177734,0.881714,-2.097656,-0.671875,0.453125,0.224609,0.134766,0.121094,0.679871,-0.417175,0.387939,-0.461792
20.633461236953735,0.882324,-6.089844,-0.750000,-0.273438,0.244141,0.027344,-0.578125,0.678162,-0.417725,0.385193,-0.466064
20.65389895439148,0.884033,0.414062,1.019531,2.398438,-0.078125,0.062500,-0.447266,0.675720,-0.419373,0.383911,-0.469177
20.67359709739685,0.884766,1.691406,1.027344,1.679688,-0.115234,0.091797,-0.232422,0.674072,-0.420471,0.384033,-0.470459
20.69403314590454,0.885742,2.160156,0.660156,1.941406,-0.253906,0.113281,0.173828,0.673401,-0.421143,0.386230,-0.469055
20.714175701141357,0.888916,-1.289063,-0.328125,-0.542969,-0.156250,0.062500,0.232422,0.673645,-0.420898,0.388489,-0.467041
20.733700275421143,0.890991,1.855469,0.015625,-1.253906,-0.044922,0.113281,0.525391,0.675476,-0.419006,0.391541,-0.463562
20.754312992095947,0.892822,-0.265625,-0.535156,-1.238281,-0.019531,0.031250,0.503906,0.677551,-0.417175,0.393921,-0.460083
20.773975133895874,0.894531,-0.652344,-0.656250,-1.515625,0.099609,0.031250,0.273438,0.679138,-0.415100,0.395020,-0.458740
20.793860912322998,0.895874,-0.308594,-0.406250,-0.617187,0.082031,0.207031,0.015625,0.678650,-0.413940,0.395630,-0.459961
20.813839435577393,0.895752,-5.074219,-0.472656,1.839844,-0.070312,0.160156,-0.589844,0.675171,-0.415894,0.395142,-0.463745
20.834113597869873,0.895264,0.054687,0.132812,0.656250,-0.220703,0.271484,-0.490234,0.670715,-0.418274,0.395630,-0.467529
20.854283094406128,0.895020,-0.640625,0.046875,-0.984375,-0.169922,0.294922,-0.560547,0.666504,-0.420166,0.396118,-0.471497
20.87417721748352,0.894775,2.652344,0.171875,-0.531250,-0.070312,0.179687,-0.207031,0.664429,-0.420837,0.396790,-0.473206
20.894282579421997,0.893677,1.265625,0.371094,0.250000,-0.031250,-0.001953,0.074219,0.664734,-0.420593,0.397522,-0.472473
20.91418218612671,0.892090,1.992188,-0.136719,-1.406250,0.089844,0.150391,0.451172,0.666565,-0.417786,0.399597,-0.470642
20.934151887893677,0.891357,-2.136719,-0.351563,-0.433594,0.162109,0.181641,0.230469,0.667664,-0.415100,0.401001,-0.470215
20.954463958740234,0.891479,-2.226563,-0.042969,1.550781,0.027344,0.074219,-0.072266,0.667236,-0.414795,0.401001,-0.471069
20.974251747131348,0.889282,-2.480469,-0.734375,-0.679687,0.150391,0.048828,-0.210937,0.666809,-0.414246,0.399780,-0.473206
20.994525909423828,0.887695,0.140625,-1.437500,-3.597656,0.486328,0.164062,-0.144531,0.667419,-0.411072,0.397949,-0.476624
21.014115810394287,0.886230,0.394531,0.484375,0.285156,0.457031,0.210937,-0.160156,0.667847,-0.407715,0.396545,-0.480103
21.034364938735962,0.886963,1.425781,1.960938,3.425781,0.019531,0.164062,0.031250,0.667419,-0.406799,0.397522,-0.480652
21.05445408821106,0.888306,-0.128906,1.664063,4.691406,-0.363281,0.085937,-0.017578,0.665588,-0.408936,0.399597,-0.479614
21.074477910995483,0.889404,-0.402344,-0.058594,-0.328125,-0.423828,-0.029297,-0.097656,0.663574,-0.412109,0.401001,-0.478516
21.094955444335938,0.889404,-0.160156,-1.117188,-2.609375,-0.150391,0.017578,-0.134766,0.662292,-0.413757,0.401428,-0.478577
21.114625453948975,0.889648,0.781250,0.046875,-0.785156,-0.158203,0.064453,-0.025391,0.661133,-0.414917,0.402405,-0.478333
21.134206533432007,0.890991,0.167969,0.753906,1.988281,-0.412109,0.029297,-0.042969,0.659241,-0.417542,0.404358,-0.477051
21.15476393699646,0.891968,-0.058594,-0.402344,-0.531250,-0.410156,0.068359,0.003906,0.657532,-0.419861,0.406677,-0.475403
21.174511194229126,0.892944,1.035156,-0.394531,-2.207031,-0.119141,-0.025391,0.199219,0.658203,-0.419739,0.408325,-0.473145
21.1947603225708,0.892700,4.332031,0.132812,-1.277344,-0.056641,-0.009766,0.671875,0.661255,-0.417114,0.410767,-0.469116
21.21522355079651,0.891968,-0.421875,-0.656250,-3.218750,0.275391,-0.074219,0.398438,0.664368,-0.414307,0.410461,-0.467468
21.23462438583374,0.892578,-3.449219,-0.558594,0.636719,0.250000,-0.162109,-0.251953,0.664978,-0.414673,0.406982,-0.469299
21.25445246696472,0.892334,-3.644531,-0.824219,0.011719,0.255859,-0.345703,-0.753906,0.664062,-0.417419,0.400940,-0.473389
21.27463960647583,0.892456,2.007813,-0.058594,-0.269531,0.154297,-0.199219,-0.521484,0.662903,-0.419678,0.396484,-0.476685
21.294373273849487,0.891235,1.906250,1.527344,1.722656,-0.197266,-0.097656,-0.607422,0.659790,-0.423584,0.394348,-0.479309
21.314750909805298,0.886353,3.105469,1.636719,4.320312,-0.601562,0.089844,-0.265625,0.655701,-0.428284,0.396240,-0.479248
21.334524631500244,0.884644,-2.085938,-0.882812,0.699219,-0.685547,0.056641,-0.228516,0.651672,-0.432983,0.398926,-0.478210
21.354578018188477,0.885254,-1.246094,-1.035156,-4.433594,-0.167969,0.152344,-0.224609,0.649231,-0.434326,0.399963,-0.479492
21.382368564605713,0.884644,1.812500,-1.113281,-4.042969,0.201172,0.449219,-0.087891,0.647766,-0.431519,0.401733,-0.482483
21.39462637901306,0.884521,0.875000,-0.046875,1.113281,0.005859,0.720703,-0.060547,0.645020,-0.428284,0.405334,-0.486023
21.414575338363647,0.886719,-0.449219,1.253906,0.937500,-0.158203,0.582031,-0.136719,0.641479,-0.427124,0.409180,-0.488525
21.435099601745605,0.890381,1.097656,2.234375,4.226562,-0.458984,0.232422,-0.048828,0.638367,-0.429077,0.412781,-0.487793
21.455194234848022,0.890991,-0.097656,1.761719,3.570313,-0.574219,-0.058594,0.019531,0.636475,-0.432800,0.414917,-0.485229
21.475192546844482,0.890991,2.500000,-0.859375,-5.101562,-0.056641,-0.244141,0.175781,0.638000,-0.433838,0.414490,-0.482666
21.494773149490356,0.889038,2.089844,-0.531250,-4.382812,0.414062,-0.353516,0.457031,0.643372,-0.431335,0.411987,-0.479858
21.515309810638428,0.888428,-0.722656,-0.109375,-1.382813,0.416016,-0.404297,0.408203,0.648682,-0.428894,0.409241,-0.477295
21.5350182056427,0.889282,-1.343750,-0.019531,1.597656,0.041016,-0.128906,0.037109,0.649902,-0.428833,0.408386,-0.476379
21.555351972579956,0.893921,-0.238281,0.105469,1.269531,-0.201172,0.134766,-0.121094,0.648193,-0.429749,0.409851,-0.476685
21.57490587234497,0.896973,3.148438,-0.109375,0.058594,-0.287109,0.466797,0.093750,0.645630,-0.429016,0.414185,-0.476990
21.5952250957489,0.900513,0.582031,-0.261719,-1.425781,-0.195312,0.515625,0.218750,0.643799,-0.427063,0.419128,-0.476868
21.61506748199463,0.903809,-1.714844,0.242187,0.390625,-0.142578,0.396484,0.203125,0.642578,-0.425476,0.423401,-0.476196
21.63558793067932,0.903320,1.218750,0.519531,1.656250,-0.242187,0.083984,0.355469,0.642944,-0.425232,0.425964,-0.473633
21.655289888381958,0.900269,-1.335938,-0.179687,-2.128906,0.089844,-0.248047,0.304688,0.645996,-0.424316,0.425110,-0.471069
21.67534303665161,0.895508,1.468750,-0.324219,-4.324219,0.882812,-0.300781,0.365234,0.652039,-0.419556,0.420410,-0.471252
21.69515109062195,0.881104,-8.953125,-2.292969,-0.519531,0.951172,-0.400391,-0.681641,0.654480,-0.417725,0.411011,-0.477722
21.715380907058716,0.875610,-0.453125,-2.011719,2.273438,0.562500,0.136719,-1.101563,0.650818,-0.418579,0.404175,-0.487793
21.735065460205078,0.873657,-1.726563,0.792969,1.539063,0.255859,0.437500,-1.332031,0.643982,-0.419434,0.400818,-0.498718
21.75545358657837,0.873657,7.300781,0.722656,-3.367188,0.183594,0.833984,-0.501953,0.638977,-0.416626,0.402466,-0.506165
21.775261640548706,0.874268,3.730469,2.648438,3.191406,-0.083984,0.544922,-0.003906,0.636597,-0.414429,0.406128,-0.507996
21.79568362236023,0.872559,0.777344,2.148438,3.605469,-0.238281,0.164062,0.423828,0.636597,-0.414001,0.410278,-0.505005
21.815340280532837,0.874023,-3.000000,0.296875,5.546875,-0.705078,0.052734,0.189453,0.634766,-0.417053,0.414734,-0.501099
21.835662126541138,0.877441,-1.246094,-1.710938,-1.515625,-0.443359,-0.001953,0.156250,0.633972,-0.418945,0.417664,-0.498169
21.85528802871704,0.880371,2.496094,-0.785156,-3.996094,0.033203,0.156250,0.457031,0.635559,-0.416809,0.420410,-0.495605
21.875078439712524,0.884033,0.957031,0.003906,0.066406,0.052734,0.130859,0.722656,0.638794,-0.412842,0.424133,-0.491577
21.895363092422485,0.881592,1.152344,0.640625,1.367188,-0.058594,0.146484,0.875000,0.642212,-0.408875,0.428467,-0.486633
21.915693998336792,0.876343,-2.507813,-0.640625,-0.281250,0.121094,-0.052734,0.435547,0.644653,-0.407043,0.429321,-0.484131
21.93560767173767,0.872314,-1.328125,-1.269531,-3.519531,0.289063,-0.326172,-0.210937,0.646545,-0.407471,0.425049,-0.485107
21.95612359046936,0.870239,0.132812,-0.718750,-2.519531,0.666016,-0.437500,-0.345703,0.649231,-0.407166,0.417908,-0.487915
21.975540161132812,0.867676,0.269531,1.632813,3.171875,0.148437,-0.460937,-0.332031,0.650330,-0.409851,0.412598,-0.488708
21.995858430862427,0.867432,0.851562,2.492188,5.292969,-0.382813,-0.242187,-0.085937,0.649292,-0.413818,0.412476,-0.486877
22.015512704849243,0.872314,-0.414062,-0.656250,-0.820312,-0.550781,0.210937,0.015625,0.646545,-0.416138,0.416077,-0.485474
22.035818099975586,0.878662,-0.121094,-1.015625,-4.921875,-0.087891,0.501953,0.021484,0.644165,-0.414551,0.420044,-0.486572
22.055583953857422,0.883545,1.152344,-0.699219,-0.519531,-0.226562,0.648437,0.060547,0.641235,-0.412537,0.424500,-0.488281
22.076061487197876,0.886108,-2.941406,-1.230469,-2.687500,0.113281,0.490234,-0.214844,0.638672,-0.410522,0.426392,-0.491699
22.096294164657593,0.886108,0.812500,0.609375,0.992187,0.074219,0.437500,-0.093750,0.636841,-0.408325,0.428406,-0.494141
22.1163272857666,0.887329,0.953125,1.828125,3.066406,-0.107422,0.240234,0.125000,0.635986,-0.407532,0.430908,-0.493713
22.13594079017639,0.889893,-0.156250,1.996094,4.539062,-0.482422,0.001953,0.210937,0.635132,-0.409546,0.433960,-0.490479
22.156155347824097,0.890747,-0.968750,-0.316406,1.148438,-0.441406,0.048828,0.173828,0.634155,-0.411438,0.437012,-0.487427
22.17619490623474,0.892090,1.914063,-0.460937,-1.730469,-0.255859,0.150391,0.363281,0.634338,-0.411255,0.440247,-0.484436
22.196135759353638,0.894409,-1.769531,-0.808594,-3.046875,0.099609,-0.015625,0.216797,0.635803,-0.409973,0.441101,-0.482849
22.216057538986206,0.895264,0.871094,-0.164062,-0.964844,0.234375,0.070312,0.181641,0.637207,-0.407593,0.441101,-0.482971
22.23606014251709,0.896118,-1.464844,-0.601562,-1.496094,0.113281,0.179687,-0.273438,0.635681,-0.407349,0.440552,-0.485718
22.25610613822937,0.897461,-0.808594,0.257813,-0.375000,-0.001953,0.150391,-0.535156,0.632568,-0.408997,0.439697,-0.489136
22.276387929916382,0.899658,1.046875,0.734375,2.136719,-0.173828,0.183594,-0.320313,0.629944,-0.410278,0.440369,-0.490906
22.29605269432068,0.900146,2.371094,0.742187,0.714844,-0.228516,0.115234,0.099609,0.629028,-0.410950,0.442261,-0.489807
22.316364288330078,0.899780,0.449219,0.519531,1.765625,-0.335938,-0.052734,0.234375,0.629150,-0.412048,0.444458,-0.486694
22.336192846298218,0.899048,1.546875,-0.039063,-0.519531,-0.316406,0.072266,0.410156,0.629700,-0.411987,0.447449,-0.483337
22.356231689453125,0.899780,-0.691406,-0.699219,-3.246094,0.025391,0.187500,0.244141,0.630249,-0.410095,0.449219,-0.482544
22.37627100944519,0.900513,-0.652344,-0.410156,-2.109375,0.121094,0.275391,0.076172,0.629761,-0.408081,0.450439,-0.483643
22.39658808708191,0.901855,-1.968750,-0.402344,1.652344,-0.132812,0.210937,-0.427734,0.626770,-0.409302,0.450745,-0.486267
22.41647982597351,0.902466,-0.085937,0.390625,0.332031,-0.113281,0.201172,-0.439453,0.623474,-0.411011,0.450806,-0.489014
22.4366614818573,0.903076,1.429688,0.214844,0.402344,-0.117188,0.187500,-0.193359,0.621399,-0.411682,0.451599,-0.490356
22.45631504058838,0.902344,1.667969,0.480469,-0.148437,-0.132812,0.019531,0.082031,0.621338,-0.412048,0.452820,-0.489014
22.476625442504883,0.901489,1.589844,0.566406,2.695313,-0.306641,-0.074219,0.371094,0.622314,-0.412231,0.455139,-0.485413
22.496405124664307,0.900879,-0.367188,-0.937500,-3.503906,0.113281,0.146484,0.314453,0.623474,-0.410034,0.455994,-0.484985
22.516648530960083,0.898315,-7.554687,-2.167969,-2.812500,0.410156,0.058594,-0.593750,0.622131,-0.409668,0.452332,-0.490417
22.536630868911743,0.895874,-3.246094,-1.480469,-1.859375,0.425781,0.236328,-0.906250,0.619019,-0.409546,0.447815,-0.498535
22.557084321975708,0.894409,3.082031,0.398438,-2.058594,0.548828,0.259766,-0.445312,0.617737,-0.407410,0.444885,-0.504517
22.57677984237671,0.892822,2.613281,2.144531,3.480469,0.164062,0.236328,-0.125000,0.617004,-0.405701,0.444824,-0.506775
22.59665083885193,0.889038,3.410156,1.972656,2.199219,0.160156,0.144531,0.310547,0.618164,-0.403259,0.446106,-0.506226
22.61664319038391,0.888794,-1.914063,0.863281,3.816406,-0.457031,-0.056641,0.011719,0.617371,-0.405396,0.447693,-0.504089
22.636672973632812,0.889038,1.824219,-0.148437,-0.351563,-0.529297,-0.068359,0.044922,0.616028,-0.408630,0.450134,-0.500916
22.6568603515625,0.890869,1.250000,-1.578125,-4.140625,-0.212891,0.125000,0.259766,0.615906,-0.408508,0.453064,-0.498474
22.67674708366394,0.891357,1.199219,-0.476562,-1.781250,-0.005859,0.105469,0.351563,0.617126,-0.406982,0.454773,-0.496643
22.696799278259277,0.890503,-2.468750,-0.332031,0.593750,0.001953,-0.292969,0.115234,0.619202,-0.407959,0.453308,-0.494690
22.716861248016357,0.887573,-0.691406,0.398438,0.109375,0.095703,-0.664062,0.031250,0.622864,-0.410156,0.449158,-0.491943
22.7375545501709,0.887451,1.921875,0.304688,1.296875,-0.025391,-0.429687,0.328125,0.626282,-0.411194,0.447754,-0.488037
22.757559299468994,0.889893,0.359375,-0.500000,-0.324219,-0.103516,-0.001953,0.195312,0.627075,-0.410950,0.448792,-0.486267
22.776846885681152,0.897217,-0.308594,-0.890625,-3.710938,0.205078,0.306641,0.058594,0.626404,-0.408875,0.450256,-0.487549
22.79715323448181,0.898682,-2.367188,-0.421875,-0.777344,-0.062500,0.406250,-0.238281,0.623535,-0.408264,0.452026,-0.490112
22.816818714141846,0.899048,0.511719,0.582031,0.339844,0.031250,0.296875,-0.167969,0.621948,-0.407349,0.453064,-0.491943
22.8371524810791,0.899048,2.265625,1.421875,3.542969,-0.332031,-0.015625,0.283203,0.622070,-0.407959,0.455627,-0.488831
22.85707974433899,0.899170,-0.054687,0.207031,3.476563,-0.451172,-0.064453,0.326172,0.622314,-0.409363,0.458008,-0.485168
22.87778067588806,0.899780,-0.757812,-1.593750,-5.019531,0.244141,0.101563,0.011719,0.622620,-0.408142,0.457520,-0.486267
22.897124528884888,0.900635,-5.324219,-2.367188,-3.503906,0.541016,0.158203,-0.662109,0.621216,-0.406738,0.453735,-0.492798
22.917357206344604,0.902466,0.925781,-0.804687,-1.269531,0.519531,0.333984,-0.587891,0.618835,-0.404663,0.451050,-0.499817
22.937146186828613,0.903076,3.988281,3.445313,4.523437,0.050781,0.431641,-0.138672,0.616455,-0.402893,0.452515,-0.502869
22.962177515029907,0.903809,-0.792969,2.183594,6.148437,-0.302734,0.316406,-0.027344,0.614014,-0.403259,0.455505,-0.502808
22.977271556854248,0.904907,-0.523437,1.402344,3.949219,-0.673828,0.083984,0.009766,0.611267,-0.406738,0.459290,-0.500000
22.997215747833252,0.904175,0.113281,-1.355469,0.238281,-0.568359,-0.128906,0.113281,0.610291,-0.410278,0.461609,-0.496155
23.017439603805542,0.902588,-0.378906,-0.765625,-2.718750,-0.367188,-0.310547,0.117188,0.611267,-0.413452,0.461365,-0.492493
23.03779435157776,0.898926,-1.183594,-0.007813,-0.750000,-0.025391,-0.748047,0.093750,0.615173,-0.416870,0.457336,-0.488525
23.05752682685852,0.898315,-2.625000,0.144531,-0.511719,-0.044922,-0.605469,-0.109375,0.617615,-0.420410,0.453186,-0.486267
23.077888250350952,0.898926,-0.800781,-0.691406,-1.593750,0.001953,-0.246094,-0.234375,0.617676,-0.422302,0.450928,-0.486572
23.09763526916504,0.903564,3.359375,-0.421875,-3.332031,0.195312,0.248047,0.076172,0.617676,-0.420288,0.451965,-0.487366
23.11760377883911,0.905518,0.156250,0.261719,0.542969,-0.052734,0.292969,0.263672,0.617554,-0.418213,0.455139,-0.486389
23.138020992279053,0.906372,0.304688,0.597656,2.175781,-0.164062,0.166016,0.386719,0.618042,-0.416870,0.458313,-0.483948
23.157707929611206,0.905518,-1.539063,0.367188,2.261719,-0.281250,0.042969,0.339844,0.618774,-0.416748,0.461060,-0.480469
23.177541255950928,0.904297,1.687500,0.089844,-0.121094,0.046875,-0.091797,0.638672,0.622620,-0.413879,0.462585,-0.476562
23.198257207870483,0.901611,-1.558594,-1.296875,-9.613281,1.164063,-0.125000,0.593750,0.630981,-0.404663,0.457947,-0.477844
23.21759033203125,0.895020,-4.890625,-3.089844,-11.406250,2.728516,-0.423828,0.007813,0.643494,-0.389648,0.443054,-0.487732
23.238565921783447,0.858154,-0.937500,-4.074219,-5.984375,3.429688,-0.173828,-0.105469,0.657227,-0.368347,0.424316,-0.502319
23.257519483566284,0.827271,1.472656,-1.890625,-7.085937,4.195312,-0.150391,0.126953,0.673096,-0.341797,0.402222,-0.518005
23.280162811279297,0.784790,-2.816406,0.890625,2.527344,4.115234,-0.539062,-0.150391,0.687744,-0.317627,0.376953,-0.532959
23.297964572906494,0.660767,-2.230469,4.226562,7.273437,3.097656,-0.728516,-0.421875,0.698059,-0.301575,0.353577,-0.544739
23.318374156951904,0.592163,-1.488281,5.585937,8.578125,1.919922,-1.158203,-0.662109,0.704285,-0.296509,0.332581,-0.552673
23.33774161338806,0.537476,-3.464844,4.664062,8.457031,1.142578,-1.437500,-0.990234,0.707153,-0.299194,0.313110,-0.558899
23.357741355895996,0.436768,2.414063,4.031250,7.000000,0.511719,-1.091797,-0.751953,0.708130,-0.304016,0.300659,-0.561951
23.385330200195312,0.391846,6.863281,4.714844,6.421875,-0.105469,-0.699219,0.210937,0.711243,-0.308044,0.296692,-0.557861
23.397695064544678,0.355835,6.902344,4.570312,3.175781,-0.138672,-0.492187,1.306641,0.719666,-0.307983,0.297913,-0.546326
23.41814374923706,0.373779,6.011719,3.816406,1.335938,-0.158203,-0.369141,2.187500,0.731750,-0.305237,0.302246,-0.529175
23.438699960708618,0.388672,-5.968750,2.761719,3.042969,-0.384766,-0.732422,1.818359,0.742371,-0.306580,0.304199,-0.512268
23.458338499069214,0.387695,-8.488281,1.480469,3.589844,-0.652344,-1.369141,0.933594,0.749390,-0.315735,0.300049,-0.498718
23.478020191192627,0.378174,-7.433594,0.488281,4.195312,-1.035156,-2.193359,0.166016,0.753479,-0.333618,0.289307,-0.487061
23.50557565689087,0.390869,-6.617187,0.351563,2.359375,-1.216797,-2.587891,-0.181641,0.756104,-0.355347,0.275391,-0.475586
23.5183744430542,0.415283,4.457031,-0.398438,-2.753906,-1.216797,-2.173828,0.341797,0.759033,-0.374084,0.265625,-0.461914
23.538546323776245,0.450195,0.921875,-0.687500,-3.226563,-1.357422,-1.789063,0.248047,0.759521,-0.392334,0.258728,-0.449768
23.55820083618164,0.530762,-4.578125,-0.765625,-4.863281,-1.451172,-1.595703,-0.535156,0.756104,-0.411011,0.251099,-0.443054
23.57807970046997,0.554932,-1.492188,-1.218750,-6.007812,-0.849609,-1.187500,-0.027344,0.755798,-0.422302,0.246460,-0.435547
23.59915781021118,0.586670,11.554688,-0.785156,-6.121094,-0.146484,-0.263672,1.687500,0.762756,-0.421021,0.251465,-0.421570
23.618354082107544,0.645020,1.761719,-1.195313,-4.000000,0.388672,-0.005859,1.880859,0.771851,-0.413757,0.256592,-0.408936
23.638051509857178,0.677856,-13.488281,-4.296875,-3.218750,0.607422,-0.394531,0.109375,0.775757,-0.410889,0.252747,-0.406860
23.658637523651123,0.720703,3.027344,4.253906,9.000000,-0.800781,-0.294922,-0.261719,0.772827,-0.418579,0.252441,-0.404724
23.67858624458313,0.773193,5.902344,3.847656,2.207031,-1.572266,-0.548828,0.630859,0.770142,-0.430725,0.256592,-0.394348
23.699211835861206,0.787720,0.437500,0.941406,-5.089844,-1.074219,-0.603516,0.623047,0.769348,-0.439941,0.258850,-0.384033
23.71806263923645,0.795166,-1.000000,-3.312500,-2.832031,-0.710937,-0.560547,0.166016,0.768494,-0.447021,0.257446,-0.378601
23.738325834274292,0.796631,-3.171875,-3.855469,-5.429687,0.144531,-0.779297,-0.597656,0.768860,-0.450623,0.248962,-0.379211
23.758476495742798,0.793457,4.601562,2.902344,-0.773437,0.255859,-0.681641,-0.255859,0.770691,-0.452148,0.241638,-0.378479
23.77896809577942,0.788696,3.789063,3.132813,3.050781,-0.232422,-0.541016,0.218750,0.771423,-0.455688,0.239380,-0.374084
23.798460960388184,0.787231,-1.046875,0.429687,4.945312,-0.835937,-0.171875,0.078125,0.768555,-0.462219,0.241089,-0.370850
23.8185133934021,0.798828,-1.597656,-1.828125,-1.855469,-0.751953,0.121094,-0.279297,0.764038,-0.468018,0.243347,-0.371460
23.838510274887085,0.801758,-0.140625,-1.667969,-3.089844,-0.425781,0.158203,-0.394531,0.760254,-0.471680,0.244507,-0.373901
23.85884189605713,0.804810,2.003906,-0.488281,-2.656250,-0.136719,0.246094,-0.103516,0.758301,-0.472351,0.246521,-0.375610
23.878963708877563,0.810181,2.261719,-0.289063,-0.828125,-0.230469,0.501953,-0.074219,0.755859,-0.472351,0.250488,-0.377930
23.8986759185791,0.813232,-1.023438,0.117188,0.906250,-0.255859,0.453125,-0.277344,0.752441,-0.473328,0.253723,-0.381348
23.91869044303894,0.817261,0.261719,0.488281,0.921875,-0.306641,0.371094,-0.171875,0.749390,-0.474670,0.256897,-0.383606
23.946205139160156,0.824219,0.242187,-0.019531,0.671875,-0.324219,0.283203,-0.074219,0.746887,-0.476196,0.259766,-0.384583
23.958802461624146,0.827271,-0.792969,0.273438,0.417969,-0.351563,0.023437,0.015625,0.745178,-0.478516,0.261475,-0.383850
23.97886347770691,0.829590,0.027344,-0.347656,-0.316406,-0.333984,0.085937,0.058594,0.743530,-0.480530,0.263733,-0.382935
23.998856782913208,0.834961,-0.218750,-0.207031,-0.222656,-0.289063,0.169922,0.097656,0.742432,-0.481384,0.266724,-0.382019
24.019298553466797,0.837402,3.039063,0.152344,-0.957031,-0.148437,0.167969,0.732422,0.744080,-0.479858,0.271667,-0.377258
24.03905487060547,0.838135,3.371094,0.457031,-0.167969,-0.101563,0.003906,1.171875,0.747681,-0.477539,0.277649,-0.368591
24.059125900268555,0.843994,-1.902344,-0.890625,-3.171875,-0.025391,0.058594,0.921875,0.750427,-0.475037,0.282715,-0.362305
24.07937526702881,0.849487,-1.546875,-0.707031,-2.105469,0.134766,0.351563,0.412109,0.751404,-0.471985,0.286621,-0.361206
24.099292993545532,0.851318,-3.140625,-0.332031,1.609375,-0.125000,0.439453,-0.144531,0.748962,-0.471863,0.289429,-0.364136
24.119006872177124,0.854370,-5.578125,-0.421875,2.164063,-0.253906,0.349609,-0.839844,0.743774,-0.474792,0.289612,-0.370789
24.139528274536133,0.865356,3.101563,0.765625,0.417969,-0.253906,0.398438,-0.525391,0.739502,-0.476929,0.290649,-0.375793
24.1592218875885,0.866333,-0.363281,0.519531,0.921875,-0.197266,-0.103516,-0.248047,0.737854,-0.479431,0.289795,-0.376465
24.179094552993774,0.866699,1.914063,0.730469,0.417969,-0.095703,-0.373047,0.382813,0.739502,-0.480408,0.289856,-0.371948
24.19925093650818,0.869995,6.121094,0.222656,-0.371094,-0.193359,0.128906,0.664062,0.740845,-0.478943,0.294434,-0.367615
24.21929407119751,0.876221,1.410156,-0.468750,-1.625000,0.093750,0.667969,0.414062,0.740295,-0.475281,0.301270,-0.367920
24.23978614807129,0.881348,-2.503906,-0.542969,2.996094,-0.449219,0.972656,-0.078125,0.735168,-0.475281,0.308655,-0.371948
24.259050846099854,0.888672,-8.687500,-0.074219,1.019531,-0.494141,0.521484,-0.822266,0.728210,-0.479370,0.310791,-0.378601
24.27945876121521,0.890137,-0.292969,0.507812,0.761719,-0.164062,0.162109,-0.666016,0.724060,-0.482544,0.309692,-0.383484
24.299278259277344,0.889038,-2.714844,-0.968750,-2.601563,0.154297,-0.523437,-0.609375,0.723938,-0.484802,0.303223,-0.385925
24.31949210166931,0.883545,5.207031,-1.300781,-3.437500,0.572266,-0.125000,0.050781,0.726868,-0.481445,0.299866,-0.387207
24.339383602142334,0.878540,2.488281,-1.117188,-2.160156,0.554687,0.390625,0.109375,0.728760,-0.475891,0.301270,-0.389526
24.35954999923706,0.875488,1.078125,1.617188,2.886719,0.101563,0.253906,0.164062,0.729126,-0.473572,0.303345,-0.389954
24.379459142684937,0.877197,0.234375,2.007813,4.761719,-0.261719,-0.015625,0.134766,0.728394,-0.474976,0.304932,-0.388367
24.399563312530518,0.878296,-0.523437,1.121094,3.125000,-0.605469,-0.078125,0.039063,0.725952,-0.479370,0.307068,-0.385925
24.4195773601532,0.879517,-0.324219,-0.757812,0.554687,-0.529297,0.005859,0.003906,0.723511,-0.482910,0.309204,-0.384338
24.43990135192871,0.881470,-0.230469,-1.460938,-3.253906,-0.257813,0.117188,0.134766,0.722351,-0.483887,0.311646,-0.383362
24.45974040031433,0.888916,1.378906,-0.562500,-1.113281,-0.125000,0.357422,0.216797,0.721252,-0.482849,0.315857,-0.383179
24.4798641204834,0.893311,1.187500,-0.218750,0.457031,-0.183594,0.593750,0.269531,0.719604,-0.481018,0.321716,-0.383789
24.499796628952026,0.896606,-1.781250,-0.328125,-0.914062,-0.250000,0.484375,-0.107422,0.716797,-0.480896,0.325439,-0.386047
24.52005887031555,0.897461,-3.445313,0.003906,0.964844,-0.150391,0.093750,-0.228516,0.714844,-0.482300,0.325684,-0.387634
24.540040254592896,0.895508,-1.417969,0.472656,1.832031,-0.160156,-0.363281,-0.205078,0.714539,-0.485352,0.322693,-0.387024
24.559650897979736,0.891724,-1.179688,0.257813,-0.222656,-0.042969,-0.750000,-0.183594,0.716248,-0.488525,0.316956,-0.384460
24.57964539527893,0.886719,3.195313,0.355469,-2.214844,0.097656,-0.552734,0.367188,0.719177,-0.489380,0.314026,-0.380371
24.600009441375732,0.891235,0.375000,-0.363281,1.210938,-0.064453,0.029297,0.185547,0.719421,-0.489380,0.315735,-0.378540
24.620551586151123,0.897339,-0.656250,-0.785156,-1.570313,-0.019531,0.431641,0.216797,0.718384,-0.487732,0.319580,-0.379395
24.640118837356567,0.903442,-8.855469,-2.691406,-1.218750,0.111328,0.179687,-0.939453,0.715210,-0.488220,0.316406,-0.387390
24.660088539123535,0.903198,-6.210937,-4.156250,-6.117187,0.500000,0.539062,-1.158203,0.712524,-0.484741,0.311646,-0.400269
24.68460702896118,0.901855,2.929688,-0.617187,-5.007812,1.537109,0.937500,-0.845703,0.712952,-0.473511,0.308594,-0.415100
24.70004391670227,0.891602,1.585938,1.640625,3.714844,0.914062,1.173828,-0.550781,0.711731,-0.463013,0.310181,-0.427551
24.71979808807373,0.879761,1.949219,2.191406,0.769531,0.832031,1.041016,-0.126953,0.711670,-0.453247,0.313293,-0.435791
24.739992380142212,0.863403,2.054688,3.867188,2.453125,0.593750,0.513672,0.148437,0.713440,-0.446167,0.315247,-0.438843
24.760056495666504,0.849243,3.437500,5.363281,3.214844,0.347656,0.031250,0.605469,0.717224,-0.441711,0.316956,-0.435913
24.78033423423767,0.829346,2.656250,5.253906,3.769531,-0.058594,-0.095703,1.023438,0.721741,-0.439148,0.320679,-0.428223
24.800050258636475,0.827026,0.179687,0.535156,3.628906,-0.218750,-0.398438,0.900391,0.725464,-0.440063,0.322144,-0.419861
24.820564031600952,0.826172,-9.875000,-6.152344,6.273437,-0.158203,-1.072266,-0.380859,0.726990,-0.446106,0.313965,-0.416992
24.840126752853394,0.821899,4.359375,1.347656,-4.515625,0.605469,-1.242188,-0.384766,0.731262,-0.448730,0.301758,-0.415771
24.860624074935913,0.820923,4.761719,3.500000,2.832031,0.056641,-0.703125,0.181641,0.734192,-0.450928,0.296875,-0.411682
24.880369901657104,0.818726,0.808594,0.976562,2.218750,-0.365234,-0.460937,0.230469,0.734863,-0.454590,0.295837,-0.407227
24.90774440765381,0.816650,-1.925781,-2.453125,-2.500000,-0.111328,-0.271484,-0.080078,0.734863,-0.456726,0.294006,-0.406067
24.920302152633667,0.816650,0.832031,0.312500,-0.613281,-0.021484,-0.121094,-0.154297,0.734497,-0.457886,0.292725,-0.406433
24.94016981124878,0.816772,1.304688,0.433594,1.046875,-0.126953,-0.066406,0.052734,0.734131,-0.459045,0.293030,-0.405518
24.960237741470337,0.823364,-0.257813,0.679687,2.312500,-0.468750,0.003906,0.039063,0.732178,-0.462280,0.295166,-0.403870
24.98044514656067,0.829590,0.140625,1.148438,2.996094,-0.701172,0.023437,0.148437,0.729492,-0.466614,0.298767,-0.401062
25.00017237663269,0.835205,-0.585937,-1.371094,-1.644531,-0.505859,0.117188,0.212891,0.727722,-0.469116,0.302734,-0.398376
25.02073836326599,0.838379,1.667969,-0.390625,-2.843750,-0.203125,0.193359,0.373047,0.727478,-0.468750,0.306519,-0.396301
25.04052758216858,0.847534,-0.757812,-1.003906,-2.867188,0.070312,0.281250,0.240234,0.727905,-0.466309,0.309631,-0.395996
25.060559034347534,0.850464,1.273438,-0.367188,-2.117188,0.148437,0.482422,0.285156,0.727905,-0.462891,0.313721,-0.396790
25.081154346466064,0.852783,-3.882813,-0.105469,1.644531,-0.064453,0.464844,-0.130859,0.725525,-0.462036,0.316895,-0.399658
25.10066270828247,0.856323,-2.035156,0.406250,1.597656,-0.242187,0.263672,-0.369141,0.722229,-0.463745,0.318237,-0.402588
25.120320320129395,0.857910,1.304688,0.429687,1.039063,-0.292969,0.039063,-0.136719,0.720337,-0.465942,0.319031,-0.402893
25.14083433151245,0.859253,1.304688,0.222656,-0.492187,-0.250000,-0.039063,0.205078,0.720032,-0.466980,0.321106,-0.400574
25.160702228546143,0.867065,2.851563,-0.074219,-0.558594,-0.271484,0.316406,0.609375,0.720093,-0.465637,0.326904,-0.397217
25.18100905418396,0.873779,-1.246094,-0.449219,-1.507813,-0.160156,0.519531,0.429687,0.719360,-0.463318,0.333130,-0.396057
25.20162582397461,0.879761,-2.429688,-0.343750,-0.367188,-0.093750,0.384766,0.031250,0.718018,-0.462219,0.336182,-0.397156
25.22049856185913,0.880371,-3.679688,-0.218750,-0.703125,0.082031,-0.119141,-0.347656,0.717529,-0.463013,0.333130,-0.399719
25.24110507965088,0.875244,-1.078125,-1.031250,-2.757813,0.466797,-0.417969,-0.679687,0.718140,-0.463318,0.326416,-0.403809
25.260979413986206,0.869629,5.625000,-0.335938,-1.886719,0.556641,0.119141,-0.078125,0.719360,-0.460205,0.324585,-0.406677
25.281026601791382,0.868774,0.996094,2.335938,3.515625,-0.035156,0.208984,0.031250,0.718750,-0.459290,0.326233,-0.407471
25.301238298416138,0.872192,0.644531,2.343750,4.933594,-0.384766,0.189453,0.062500,0.716370,-0.461365,0.329590,-0.406616
25.32127356529236,0.875488,-0.832031,-0.902344,2.054688,-0.732422,0.191406,-0.021484,0.712402,-0.465637,0.333679,-0.405334
25.341086864471436,0.877930,0.593750,-0.824219,-2.730469,-0.412109,0.121094,0.105469,0.710632,-0.467712,0.336609,-0.403687
25.361056566238403,0.881836,2.027344,-0.550781,-4.355469,0.126953,-0.025391,0.457031,0.712891,-0.465576,0.338196,-0.400757
25.38105320930481,0.881470,2.425781,-0.503906,-3.062500,0.433594,-0.066406,0.550781,0.716858,-0.461548,0.338379,-0.398254
25.40113401412964,0.881348,-4.699219,-0.839844,0.156250,0.404297,-0.175781,-0.074219,0.718933,-0.459595,0.335693,-0.398987
25.42116689682007,0.879761,-2.570313,-0.242187,2.253906,0.136719,-0.175781,-0.544922,0.718201,-0.460815,0.331726,-0.402222
25.4411780834198,0.879395,-0.312500,0.453125,1.242188,-0.111328,-0.089844,-0.457031,0.716125,-0.463501,0.329163,-0.404968
25.461441040039062,0.877808,1.957031,1.550781,2.812500,-0.337891,0.089844,-0.398438,0.712708,-0.466614,0.329529,-0.407104
25.481053829193115,0.876099,0.683594,0.085937,0.660156,-0.421875,0.281250,-0.218750,0.708984,-0.469238,0.331909,-0.408630
25.501240253448486,0.876343,-1.714844,-0.425781,-0.332031,-0.376953,0.076172,-0.257813,0.705933,-0.472229,0.332947,-0.409668
25.52128553390503,0.877319,-1.140625,-0.554687,-1.734375,-0.189453,0.146484,-0.201172,0.703674,-0.473511,0.334167,-0.411011
25.541335582733154,0.878052,3.289063,-0.625000,-1.902344,0.062500,0.519531,0.154297,0.702576,-0.470947,0.338257,-0.412537
25.561243295669556,0.879150,-0.175781,0.250000,0.480469,0.000000,0.496094,0.121094,0.701416,-0.468567,0.342346,-0.413879
25.581297874450684,0.881958,0.210937,1.214844,2.601563,-0.175781,0.251953,0.148437,0.700317,-0.468201,0.345520,-0.413513
25.60132598876953,0.885132,-0.179687,0.761719,2.503906,-0.349609,0.056641,0.064453,0.698975,-0.469910,0.347473,-0.412231
25.621468544006348,0.885010,-1.636719,-0.324219,0.519531,-0.166016,-0.173828,0.005859,0.698853,-0.471619,0.346863,-0.410889
25.641594886779785,0.884155,-0.351563,-0.058594,-0.550781,0.013672,-0.390625,0.027344,0.700378,-0.472961,0.344299,-0.408997
25.661674976348877,0.883667,-0.757812,-0.093750,0.238281,-0.089844,-0.378906,-0.003906,0.701355,-0.474854,0.342041,-0.406982
25.681585550308228,0.885010,0.386719,-0.250000,-0.062500,-0.068359,-0.181641,0.080078,0.701904,-0.475769,0.341309,-0.405518
25.701656341552734,0.887329,0.269531,-0.554687,-1.898438,0.089844,0.062500,-0.027344,0.701904,-0.475159,0.341919,-0.405823
25.722100973129272,0.890869,2.261719,-0.058594,0.859375,-0.044922,0.330078,0.236328,0.701355,-0.473633,0.345215,-0.405701
25.7416250705719,0.897583,-1.292969,0.179687,1.042969,-0.160156,0.292969,0.148437,0.700134,-0.473206,0.348572,-0.405396
25.76175355911255,0.899170,-0.027344,0.609375,1.703125,-0.253906,0.089844,0.083984,0.699097,-0.474121,0.350708,-0.404297
25.781668663024902,0.899536,0.718750,-0.187500,-1.867188,-0.103516,-0.150391,0.136719,0.699890,-0.474609,0.350769,-0.402344
25.802126169204712,0.893555,1.781250,-0.472656,-4.503906,0.447266,-0.259766,0.312500,0.704102,-0.471375,0.348328,-0.400879
25.82148265838623,0.887329,-2.613281,-1.023438,-5.304687,1.078125,-0.423828,-0.126953,0.709717,-0.466187,0.340942,-0.403442
25.8417387008667,0.877563,-3.980469,-1.347656,-1.132813,0.964844,-0.167969,-0.632812,0.712402,-0.461609,0.333435,-0.410156
25.861713409423828,0.870605,2.570313,0.253906,2.429688,0.671875,0.548828,-0.427734,0.711975,-0.456116,0.332397,-0.417725
25.881991386413574,0.874268,1.957031,2.414063,3.484375,0.111328,0.755859,-0.107422,0.709290,-0.453003,0.336853,-0.422119
25.90213131904602,0.877808,0.546875,3.320313,6.656250,-0.580078,0.574219,0.070312,0.705383,-0.453796,0.343445,-0.422485
25.922067165374756,0.885254,0.609375,2.199219,2.015625,-0.863281,0.320313,0.216797,0.701599,-0.457275,0.349976,-0.419678
25.94172716140747,0.887207,1.476563,-2.027344,-0.945312,-0.900391,0.201172,0.375000,0.698547,-0.461121,0.356262,-0.415344
25.962087631225586,0.888184,-0.875000,-1.542969,-5.363281,-0.257813,0.048828,0.402344,0.698975,-0.460876,0.360046,-0.411621
25.982162714004517,0.888794,3.472656,-0.488281,-5.484375,0.296875,0.158203,0.849609,0.702881,-0.456055,0.363708,-0.407043
26.002101182937622,0.890503,0.480469,0.203125,1.578125,-0.035156,-0.025391,0.693359,0.705505,-0.453613,0.366821,-0.402344
26.022188186645508,0.892578,-3.855469,-0.566406,-0.781250,-0.017578,0.056641,0.001953,0.705261,-0.453430,0.367981,-0.401978
26.04232096672058,0.893921,-0.332031,-0.402344,-0.183594,-0.068359,0.263672,-0.218750,0.703003,-0.453979,0.369019,-0.404297
26.06216025352478,0.895386,-2.890625,-0.648437,0.574219,-0.193359,0.195312,-0.681641,0.699036,-0.456360,0.368530,-0.408997
26.08206820487976,0.895996,0.277344,0.132812,-1.046875,-0.111328,0.283203,-0.457031,0.695679,-0.457764,0.368652,-0.412964
26.107187509536743,0.896606,1.609375,0.886719,1.585938,-0.158203,0.162109,-0.144531,0.693726,-0.458984,0.369751,-0.413940
26.12214159965515,0.898071,2.738281,0.546875,2.140625,-0.361328,-0.044922,0.322266,0.693848,-0.459778,0.372437,-0.410461
26.1425302028656,0.899902,4.683594,-0.410156,-2.769531,-0.001953,0.121094,0.736328,0.696655,-0.456543,0.375427,-0.406555
26.162739753723145,0.900879,-2.371094,-2.140625,-7.460937,0.882812,-0.187500,0.037109,0.701538,-0.450684,0.370728,-0.408997
26.182844400405884,0.897705,-4.363281,-4.625000,-7.558594,1.892578,-0.142578,-0.703125,0.706787,-0.441467,0.360291,-0.419189
26.20228910446167,0.893066,2.683594,0.519531,0.496094,1.623047,0.191406,-0.564453,0.710632,-0.431396,0.352234,-0.429932
26.222819566726685,0.887451,1.265625,1.628906,2.101563,0.953125,0.214844,-0.470703,0.712036,-0.425354,0.346985,-0.437805
26.2432918548584,0.865601,-1.367188,2.289063,5.507812,0.548828,-0.109375,-0.794922,0.711365,-0.424438,0.340698,-0.444702
26.262354612350464,0.851685,1.933594,4.332031,3.699219,0.261719,-0.191406,-0.656250,0.710205,-0.425720,0.335999,-0.448853
26.282766819000244,0.839600,7.343750,6.539062,7.375000,-0.753906,0.000000,0.394531,0.708984,-0.429260,0.340576,-0.443909
26.302173852920532,0.834106,6.531250,5.062500,2.523438,-0.876953,0.117188,1.267578,0.710449,-0.430725,0.350159,-0.432678
26.322545051574707,0.845703,2.777344,0.781250,-1.269531,-0.445312,-0.154297,1.025391,0.712830,-0.431580,0.354797,-0.423950
26.342257738113403,0.847900,-10.707031,-4.718750,0.312500,-0.208984,-0.570312,-0.613281,0.712280,-0.436768,0.349854,-0.423706
26.36279821395874,0.846924,7.523437,3.078125,-1.574219,-0.029297,-0.740234,-0.033203,0.714111,-0.440491,0.344543,-0.421082
26.382489681243896,0.842529,3.625000,1.738281,-0.003906,-0.140625,-0.517578,0.117188,0.715881,-0.443115,0.341614,-0.417664
26.402682065963745,0.838745,-2.007813,-2.128906,-1.320313,0.195312,-0.447266,-0.142578,0.717651,-0.444214,0.337219,-0.417114
26.4227876663208,0.834595,0.425781,0.574219,0.816406,0.125000,-0.261719,-0.132812,0.718567,-0.444946,0.334106,-0.417236
26.442888498306274,0.831665,-0.449219,-0.230469,0.808594,-0.037109,-0.123047,-0.150391,0.718201,-0.446289,0.332764,-0.417480
26.462764263153076,0.833496,-0.289063,0.167969,1.292969,-0.273438,-0.050781,-0.072266,0.716797,-0.448730,0.333252,-0.416931
26.483049631118774,0.837158,1.511719,1.386719,2.394531,-0.433594,0.109375,0.037109,0.714722,-0.451172,0.335754,-0.415771
26.502988815307617,0.845947,-0.808594,-0.390625,-0.175781,-0.347656,0.164062,0.021484,0.712830,-0.452759,0.338440,-0.415100
26.522604942321777,0.849854,0.289063,-0.144531,-1.117188,-0.214844,0.123047,0.183594,0.712280,-0.453186,0.341064,-0.413452
26.54286479949951,0.853882,1.507813,0.046875,-0.750000,-0.103516,0.056641,0.552734,0.713562,-0.451965,0.344543,-0.409729
26.563132762908936,0.857178,2.031250,-0.304688,-0.429687,0.095703,0.236328,0.375000,0.714417,-0.449280,0.348145,-0.408081
26.583467721939087,0.868042,0.191406,-0.542969,0.605469,-0.054687,0.548828,0.162109,0.712891,-0.447144,0.352539,-0.409363
26.603337049484253,0.871338,-3.859375,-0.257813,1.066406,-0.173828,0.453125,-0.367188,0.709229,-0.447571,0.355225,-0.412903
26.62308645248413,0.874146,-0.128906,0.789062,1.265625,-0.212891,0.330078,-0.115234,0.706665,-0.448547,0.357422,-0.414429
26.64311146736145,0.880127,0.707031,0.777344,1.812500,-0.322266,-0.232422,-0.085937,0.705811,-0.451538,0.357361,-0.412659
26.663342714309692,0.884155,6.589844,0.898437,0.257813,-0.318359,-0.156250,0.671875,0.707336,-0.452209,0.360229,-0.406738
26.683056592941284,0.888062,0.910156,0.171875,-0.882812,-0.203125,0.197266,0.783203,0.708984,-0.450195,0.365967,-0.400940
26.711196422576904,0.890015,0.867187,0.078125,0.273438,-0.242187,0.150391,0.742187,0.710632,-0.448303,0.370789,-0.395691
26.72326159477234,0.888062,-0.941406,-0.972656,-2.867188,0.039063,-0.160156,0.417969,0.713501,-0.446106,0.371277,-0.392578
26.743282079696655,0.885132,-2.664063,-1.085938,-8.246094,1.019531,-0.039063,0.031250,0.717651,-0.439880,0.367126,-0.395874
26.763495445251465,0.880249,-7.238281,-1.250000,1.226563,0.658203,0.041016,-0.921875,0.717163,-0.437561,0.360779,-0.405029
26.78316354751587,0.877441,-2.769531,-1.058594,2.312500,0.250000,0.546875,-1.080078,0.712097,-0.437195,0.359314,-0.415588
26.803401947021484,0.880981,2.363281,1.187500,1.871094,-0.119141,1.062500,-0.537109,0.705444,-0.435852,0.364563,-0.423645
26.823430061340332,0.890747,1.742188,2.175781,2.636719,-0.376953,0.927734,-0.248047,0.699524,-0.435364,0.371399,-0.428040
26.84343433380127,0.892578,1.773438,1.433594,1.687500,-0.412109,0.605469,-0.025391,0.695435,-0.435730,0.376953,-0.429443
26.863609313964844,0.893066,-0.746094,0.699219,1.230469,-0.392578,0.162109,-0.109375,0.692627,-0.437988,0.379578,-0.429321
26.88337206840515,0.893433,0.824219,-0.773437,-1.609375,-0.267578,0.105469,-0.011719,0.690979,-0.439575,0.381287,-0.428833
26.903848886489868,0.892822,0.910156,-0.187500,-0.890625,-0.123047,0.101563,0.083984,0.690369,-0.440002,0.382690,-0.428162
26.923646450042725,0.892578,-0.417969,-0.027344,0.589844,-0.160156,-0.132812,0.093750,0.690735,-0.441101,0.382935,-0.426270
26.943589687347412,0.891846,-0.093750,0.046875,-0.199219,-0.066406,-0.394531,0.271484,0.692810,-0.442505,0.381897,-0.422363
26.963595151901245,0.893555,1.390625,-0.335938,-3.027344,-0.003906,-0.261719,0.408203,0.695251,-0.442200,0.381958,-0.418579
26.983832836151123,0.897217,-1.148438,-0.773437,-1.164063,0.041016,0.181641,0.210937,0.695679,-0.440308,0.384460,-0.417603
27.00312066078186,0.899536,1.671875,-0.003906,2.628906,-0.189453,0.412109,0.134766,0.693787,-0.439453,0.388428,-0.417908
27.023696184158325,0.901611,-3.460938,-0.687500,-0.855469,-0.142578,0.267578,-0.257813,0.691345,-0.440125,0.389404,-0.420349
27.043510913848877,0.900879,0.660156,0.429687,-0.390625,0.078125,-0.052734,-0.316406,0.690674,-0.441040,0.387451,-0.422302
27.06383967399597,0.899292,0.343750,0.699219,1.539063,0.076172,-0.339844,-0.099609,0.691772,-0.442322,0.384521,-0.421875
27.083662271499634,0.890503,-0.613281,0.238281,0.445312,0.132812,-0.439453,-0.080078,0.693542,-0.443542,0.380737,-0.421021
27.103790521621704,0.889526,-0.675781,-0.343750,-1.625000,0.210937,-0.111328,0.035156,0.694885,-0.442444,0.379456,-0.421204
27.123576402664185,0.893066,-0.003906,-1.125000,0.457031,0.033203,0.472656,0.068359,0.693787,-0.440125,0.381958,-0.423218
27.14397692680359,0.900513,-2.531250,-1.230469,-1.953125,0.173828,0.425781,-0.328125,0.691406,-0.438599,0.383179,-0.427551
27.164108991622925,0.902466,1.429688,0.683594,0.843750,0.097656,0.441406,-0.177734,0.689209,-0.437073,0.385315,-0.430725
27.184518575668335,0.903076,2.328125,2.222656,2.550781,-0.191406,0.242187,0.082031,0.687744,-0.437073,0.388062,-0.430542
27.203903675079346,0.902710,-0.437500,-0.480469,2.691406,-0.462891,0.126953,0.156250,0.686096,-0.438782,0.391174,-0.428589
27.22425079345703,0.900391,-0.828125,-0.695312,-1.996094,-0.208984,0.058594,0.136719,0.685547,-0.439514,0.393250,-0.426819
27.243847608566284,0.901001,2.335938,0.035156,-1.078125,-0.119141,0.058594,0.503906,0.686584,-0.438538,0.396057,-0.423523
27.264203310012817,0.903076,-0.183594,-0.433594,-0.488281,-0.136719,0.205078,0.400391,0.687134,-0.436829,0.399841,-0.420959
27.284165620803833,0.906494,-1.742188,-0.671875,-1.917969,0.033203,0.369141,0.275391,0.686768,-0.434387,0.403625,-0.420471
27.304123878479004,0.907104,-3.015625,-0.441406,1.214844,-0.070312,0.298828,-0.181641,0.684631,-0.434204,0.405029,-0.422668
27.324350357055664,0.907227,-3.718750,-0.195312,-0.929687,0.070312,0.025391,-0.496094,0.682800,-0.435425,0.403198,-0.426147
27.344056367874146,0.905640,0.691406,0.539062,0.324219,0.001953,-0.025391,-0.281250,0.681702,-0.436646,0.401794,-0.427979
27.364111185073853,0.903931,0.382813,0.250000,1.062500,-0.119141,-0.072266,-0.154297,0.680786,-0.438538,0.401062,-0.428223
27.384478092193604,0.904175,0.820312,0.218750,0.863281,-0.248047,-0.005859,-0.027344,0.679687,-0.440369,0.402039,-0.427185
27.404067993164062,0.910400,3.113281,-0.109375,0.503906,-0.378906,0.255859,0.326172,0.678589,-0.440430,0.406372,-0.424744
27.424364805221558,0.913330,2.921875,-0.378906,-0.980469,0.011719,0.261719,0.216797,0.678406,-0.438904,0.408325,-0.424744
27.444170475006104,0.913696,-11.621094,-5.136719,-7.554687,0.765625,-0.343750,-1.009766,0.679504,-0.437561,0.399109,-0.433044
27.46416664123535,0.912598,-0.187500,-5.070312,-10.625000,1.912109,0.134766,-1.001953,0.683044,-0.428345,0.386963,-0.447510
27.4845712184906,0.906494,3.824219,0.535156,-3.378906,1.802734,0.410156,-0.789062,0.685059,-0.418457,0.378479,-0.460815
27.504295349121094,0.901855,-0.492187,3.285156,7.046875,0.458984,0.080078,-0.951172,0.682800,-0.417908,0.372559,-0.469421
27.52687406539917,0.893921,3.988281,5.011719,4.218750,-0.111328,-0.322266,-0.595703,0.681030,-0.422058,0.368530,-0.471436
27.544381141662598,0.862305,7.847656,5.675781,0.574219,-0.128906,-0.533203,0.457031,0.684692,-0.423523,0.367371,-0.465698
27.564547777175903,0.843628,7.445312,4.542969,-3.375000,0.373047,-0.568359,1.458984,0.694702,-0.418884,0.367676,-0.454712
27.584578275680542,0.834717,3.679688,2.097656,1.160156,0.011719,-0.724609,1.292969,0.702576,-0.418213,0.367432,-0.443298
27.605002403259277,0.836548,-11.007813,-2.714844,5.765625,-0.722656,-0.939453,-0.160156,0.703064,-0.426697,0.364258,-0.436951
27.62505269050598,0.838135,5.917969,2.046875,-3.019531,-0.554687,-0.412109,0.251953,0.703125,-0.431946,0.364197,-0.431763
27.64451766014099,0.839111,0.453125,-1.492188,-3.531250,-0.171875,-0.152344,0.023437,0.703186,-0.433655,0.364075,-0.430054
27.66478991508484,0.839111,-2.003906,-3.449219,-4.851562,0.255859,0.080078,-0.005859,0.703918,-0.431946,0.363464,-0.431091
27.684688091278076,0.839600,-1.078125,0.589844,1.929688,0.105469,0.058594,-0.029297,0.703918,-0.431213,0.363220,-0.432007
27.704819202423096,0.841431,-2.410156,0.453125,3.171875,-0.224609,0.017578,-0.240234,0.701965,-0.433533,0.363464,-0.432617
27.724599599838257,0.845581,0.828125,1.156250,3.500000,-0.464844,0.054687,-0.041016,0.699585,-0.436646,0.365479,-0.431641
27.744642972946167,0.848511,1.410156,-0.605469,-2.480469,-0.279297,0.132812,0.056641,0.698242,-0.437927,0.367798,-0.430603
27.765101432800293,0.848755,0.675781,-0.250000,-1.531250,-0.033203,-0.023437,0.201172,0.699158,-0.437622,0.368286,-0.429016
27.784868955612183,0.845093,-2.343750,-0.066406,-1.898438,0.173828,-0.433594,0.058594,0.701599,-0.438049,0.365173,-0.427246
27.804656505584717,0.842529,-1.445313,-0.046875,0.945312,-0.003906,-0.330078,0.046875,0.703003,-0.439148,0.363037,-0.425598
27.824605464935303,0.848267,1.351563,-0.496094,-1.507813,0.013672,0.111328,0.089844,0.703064,-0.438293,0.364380,-0.425293
27.845561981201172,0.853638,0.753906,-0.503906,-0.886719,0.019531,0.535156,0.115234,0.701599,-0.435852,0.368347,-0.426697
27.864899158477783,0.862305,-0.746094,-0.273438,1.097656,-0.130859,0.671875,-0.072266,0.698364,-0.434204,0.372986,-0.429626
27.885279417037964,0.865479,-1.296875,-0.105469,-0.312500,-0.136719,0.578125,-0.080078,0.695496,-0.433105,0.377075,-0.431946
27.9050874710083,0.866943,-1.113281,0.667969,1.949219,-0.216797,0.189453,0.109375,0.693909,-0.433594,0.380127,-0.431274
27.9253671169281,0.877563,-0.546875,0.000000,1.867188,-0.519531,0.283203,0.083984,0.691040,-0.435608,0.385010,-0.429504
27.94558072090149,0.888062,3.363281,-0.234375,-0.343750,-0.568359,0.585937,0.351563,0.688049,-0.435608,0.392151,-0.427856
27.96520233154297,0.894165,-1.640625,-1.109375,-5.539062,0.121094,0.316406,-0.175781,0.686462,-0.434937,0.392212,-0.431030
27.98544478416443,0.891968,-9.035156,-6.738281,-11.636719,1.117188,-0.605469,-1.484375,0.687805,-0.433655,0.378479,-0.442261
28.00515842437744,0.888794,5.347656,-5.187500,-10.550781,2.621094,0.021484,-0.974609,0.694336,-0.419678,0.362122,-0.458923
28.02520775794983,0.883057,2.027344,-0.210937,-7.371094,3.287109,0.478516,-0.820312,0.702209,-0.397461,0.346985,-0.478027
28.052733898162842,0.857788,3.710938,-0.414062,-6.816406,3.724609,1.000000,-0.542969,0.709717,-0.370239,0.333984,-0.497681
28.06547999382019,0.838501,-2.226563,8.101563,18.656250,1.779297,0.396484,-0.765625,0.711243,-0.358337,0.325806,-0.509460
28.0855131149292,0.822632,5.519531,9.218750,20.210937,-0.888672,-0.439453,0.115234,0.710449,-0.365417,0.327087,-0.504700
28.105353355407715,0.805054,5.902344,7.234375,7.128906,-1.628906,-0.671875,1.046875,0.711975,-0.376587,0.334167,-0.489441
28.125159978866577,0.786621,5.156250,5.589844,0.667969,-1.457031,-0.697266,1.750000,0.716980,-0.384521,0.342468,-0.469910
28.145347118377686,0.785156,-6.035156,1.410156,-0.019531,-1.134766,-0.867187,1.525391,0.722290,-0.391968,0.347351,-0.451660
28.16559147834778,0.786499,-5.824219,2.714844,3.808594,-1.550781,-1.251953,0.931641,0.725037,-0.404968,0.348694,-0.434448
28.185220956802368,0.793457,-3.113281,0.882812,-0.863281,-1.068359,-1.519531,0.585937,0.727783,-0.417419,0.345093,-0.420715
28.205689668655396,0.798584,-7.296875,-4.257812,-2.375000,-1.056641,-0.957031,-0.445312,0.725586,-0.429871,0.340027,-0.416138
28.2280592918396,0.798828,2.941406,-2.835938,-10.402344,-0.064453,-0.591797,-0.755859,0.723999,-0.435669,0.333801,-0.417847
28.245686769485474,0.797729,9.949219,3.246094,-3.203125,0.128906,-0.056641,0.169922,0.725281,-0.434998,0.332886,-0.417114
28.265443563461304,0.799927,1.523438,0.136719,0.820312,0.078125,-0.050781,0.126953,0.726074,-0.434387,0.332764,-0.416382
28.28580403327942,0.800049,-4.023437,-2.554688,-0.890625,0.117188,-0.214844,-0.332031,0.726196,-0.435303,0.329407,-0.417908
28.305861711502075,0.786621,0.503906,0.281250,0.574219,0.146484,-0.357422,-0.228516,0.726929,-0.436646,0.325256,-0.418518
28.3257098197937,0.772827,-0.242187,0.472656,1.347656,0.011719,-0.404297,-0.099609,0.727844,-0.438477,0.321838,-0.417603
28.34573197364807,0.760986,0.714844,0.433594,0.121094,0.003906,-0.310547,-0.054687,0.728638,-0.439880,0.319275,-0.416687
28.36586308479309,0.737793,-0.242187,-0.714844,-1.503906,0.087891,-0.207031,-0.132812,0.729065,-0.440613,0.316833,-0.417053
28.385728120803833,0.730835,-0.398438,0.082031,0.785156,-0.035156,0.001953,-0.265625,0.727844,-0.441833,0.315857,-0.418701
28.405686855316162,0.736328,0.101563,0.832031,2.273438,-0.316406,0.101563,-0.234375,0.725159,-0.444397,0.316895,-0.419800
28.4259135723114,0.744019,0.039063,0.949219,2.589844,-0.601562,0.183594,-0.111328,0.721436,-0.448364,0.320129,-0.419495
28.44586420059204,0.770142,-0.105469,0.695312,2.324219,-0.712891,0.076172,0.044922,0.718384,-0.452698,0.323853,-0.417236
28.465985536575317,0.782349,2.773438,-0.500000,-2.132813,-0.455078,0.082031,0.421875,0.717712,-0.454224,0.328125,-0.413391
28.485486030578613,0.794800,0.945312,-1.484375,-5.425781,0.072266,0.185547,0.355469,0.718872,-0.451843,0.330811,-0.411926
28.505842924118042,0.814331,0.210937,-1.203125,-5.160156,0.296875,0.417969,0.355469,0.719910,-0.447327,0.333984,-0.412476
28.526052951812744,0.820435,0.425781,-0.214844,2.523438,0.041016,0.501953,-0.214844,0.717468,-0.445801,0.336792,-0.416016
28.546130180358887,0.826050,-1.183594,0.757812,3.175781,-0.312500,0.449219,-0.480469,0.712769,-0.447510,0.339172,-0.420349
28.566245317459106,0.835449,0.042969,0.527344,1.445313,-0.396484,0.355469,-0.322266,0.708557,-0.449829,0.341858,-0.422729
28.586021661758423,0.839355,1.136719,0.324219,-0.062500,-0.281250,0.113281,-0.046875,0.706726,-0.451233,0.343811,-0.422668
28.606094360351562,0.842407,2.050781,0.070312,-1.402344,-0.099609,0.197266,0.351563,0.707031,-0.449951,0.347168,-0.420898
28.626144886016846,0.847656,0.089844,-0.089844,-0.582031,-0.013672,0.287109,0.453125,0.707825,-0.447205,0.351196,-0.419128
28.64608144760132,0.849487,-1.792969,-0.175781,0.109375,-0.013672,0.255859,0.220703,0.707764,-0.445435,0.353943,-0.418823
28.666610717773438,0.851562,-1.253906,-0.097656,0.347656,0.013672,0.312500,-0.015625,0.706482,-0.444336,0.356140,-0.420227
28.686511516571045,0.852295,-1.339844,-0.589844,0.023437,-0.148437,0.294922,-0.328125,0.703491,-0.445007,0.357605,-0.423340
28.70674753189087,0.852661,0.527344,0.078125,-0.210937,-0.103516,0.361328,-0.335938,0.700378,-0.445679,0.358765,-0.426697
28.72615098953247,0.853394,-0.117188,0.589844,1.464844,-0.136719,0.042969,-0.179687,0.698792,-0.447083,0.358887,-0.427734
28.746346950531006,0.854248,0.097656,0.605469,1.449219,-0.240234,-0.123047,0.021484,0.698303,-0.448853,0.359375,-0.426331
28.76688289642334,0.858643,3.011719,-0.179687,0.195312,-0.281250,0.240234,0.353516,0.697754,-0.448608,0.363220,-0.424255
28.786773920059204,0.862915,-0.597656,-0.601562,-3.136719,-0.029297,0.386719,0.234375,0.696899,-0.446594,0.367859,-0.423645
28.807044744491577,0.868164,1.863281,-0.066406,1.117188,-0.117188,0.404297,0.275391,0.696045,-0.444702,0.372253,-0.423340
28.82649564743042,0.874878,-2.847656,-0.488281,-1.855469,-0.111328,0.312500,-0.091797,0.694275,-0.444336,0.374207,-0.424866
28.846708297729492,0.873901,-0.648437,0.140625,-1.378906,0.062500,-0.001953,-0.203125,0.693420,-0.444946,0.373352,-0.426392
28.8667151927948,0.870972,-0.570312,0.753906,3.207031,-0.091797,-0.306641,-0.169922,0.693481,-0.447327,0.370544,-0.426208
28.886521339416504,0.860840,-1.636719,0.261719,-0.390625,0.064453,-0.513672,-0.201172,0.694519,-0.449890,0.366455,-0.425354
28.906590461730957,0.859009,2.238281,-0.042969,-0.140625,0.035156,-0.257813,0.052734,0.695740,-0.450562,0.364868,-0.424072
28.92665433883667,0.861938,2.875000,0.070312,1.316406,-0.037109,0.179687,0.257813,0.695984,-0.449402,0.367188,-0.422913
28.946655988693237,0.878906,-0.933594,-0.386719,-0.652344,-0.113281,0.330078,0.222656,0.695190,-0.447815,0.371704,-0.421997
28.96650743484497,0.884888,2.761719,-0.234375,-0.183594,-0.183594,0.574219,0.335938,0.693420,-0.445740,0.377869,-0.421509
28.986684322357178,0.888306,-2.238281,-0.378906,0.597656,-0.107422,0.363281,-0.064453,0.691040,-0.445374,0.380676,-0.423340
29.006511688232422,0.889282,-2.316406,-0.488281,-2.421875,0.203125,0.060547,-0.507812,0.689697,-0.445435,0.378479,-0.427368
29.027323722839355,0.884521,2.476563,0.546875,-0.062500,0.363281,-0.125000,-0.197266,0.690674,-0.444519,0.375305,-0.429565
29.046446800231934,0.879272,1.257813,1.375000,2.800781,0.074219,-0.140625,-0.015625,0.691345,-0.444580,0.374023,-0.429443
29.06675910949707,0.875977,0.882812,1.039063,3.238281,-0.246094,-0.046875,0.068359,0.690674,-0.446045,0.375183,-0.428040
29.086838722229004,0.879272,0.898437,-0.335938,-0.812500,-0.287109,0.205078,0.119141,0.689270,-0.446655,0.378296,-0.426941
29.106812238693237,0.883789,0.339844,-0.171875,-1.453125,-0.101563,0.269531,0.253906,0.688782,-0.445435,0.382080,-0.425659
29.127026081085205,0.886963,1.882813,0.011719,0.414062,-0.099609,0.236328,0.498047,0.689270,-0.443542,0.386292,-0.423035
29.14719796180725,0.889160,-0.636719,-0.140625,0.589844,-0.019531,0.076172,0.255859,0.689758,-0.442261,0.388672,-0.421387
29.16721272468567,0.890015,-1.468750,-0.265625,-0.511719,0.050781,0.267578,0.097656,0.689209,-0.440613,0.390991,-0.421875
29.187171459197998,0.891479,-1.226563,-0.027344,2.308594,-0.208984,0.339844,-0.156250,0.686340,-0.441040,0.393311,-0.423950
29.207119703292847,0.892334,-2.871094,-0.425781,-0.289063,-0.255859,0.443359,-0.521484,0.681335,-0.442993,0.395203,-0.428223
29.22724223136902,0.893555,-1.113281,-0.003906,0.554687,-0.458984,0.509766,-0.546875,0.675293,-0.445618,0.398010,-0.432373
29.246909618377686,0.894043,2.757813,0.410156,-1.777344,-0.201172,0.408203,-0.158203,0.672058,-0.446106,0.400879,-0.434387
29.267191648483276,0.894531,1.390625,0.074219,-0.367188,-0.031250,0.117188,0.097656,0.671814,-0.445251,0.402222,-0.434265
29.28719401359558,0.893921,1.195313,-0.046875,-1.761719,0.179687,-0.025391,0.203125,0.673401,-0.443420,0.402344,-0.433655
29.307676553726196,0.893311,0.066406,-0.027344,-0.378906,0.095703,0.101563,0.076172,0.673706,-0.442200,0.402832,-0.433899
29.327513933181763,0.893311,-1.687500,0.433594,2.207031,-0.162109,0.066406,-0.113281,0.672363,-0.443359,0.403503,-0.434204
29.347381591796875,0.893311,0.628906,0.144531,0.167969,-0.183594,-0.031250,-0.001953,0.671753,-0.444458,0.404114,-0.433411
29.369269132614136,0.893188,2.574219,-0.085937,-1.648438,-0.046875,0.031250,0.320313,0.672607,-0.443481,0.406189,-0.431152
29.39716076850891,0.893066,2.269531,0.210937,0.941406,-0.119141,0.103516,0.332031,0.673096,-0.442444,0.408813,-0.429077
29.40763258934021,0.895996,-0.402344,-0.285156,-0.917969,0.001953,0.218750,0.103516,0.672546,-0.441223,0.410767,-0.429260
29.42790913581848,0.898071,-1.199219,-0.125000,1.394531,-0.218750,0.419922,-0.154297,0.669373,-0.441406,0.413452,-0.431458
29.447444200515747,0.899780,-3.085938,-0.484375,-0.035156,-0.269531,0.490234,-0.574219,0.664001,-0.443115,0.415649,-0.435852
29.46776819229126,0.903687,0.078125,-0.078125,-0.042969,-0.244141,0.507812,-0.394531,0.659424,-0.443970,0.417969,-0.439697
29.487709760665894,0.903931,-0.308594,-0.636719,-1.214844,0.119141,0.158203,-0.203125,0.658142,-0.443665,0.417175,-0.442627
29.507331132888794,0.901733,-4.140625,-1.984375,-2.535156,0.521484,-0.207031,-0.498047,0.659119,-0.442932,0.411682,-0.447144
29.527613162994385,0.893677,0.753906,-1.695313,-4.160156,0.775391,0.066406,-0.439453,0.660217,-0.439636,0.406860,-0.453125
29.547484159469604,0.890991,1.417969,1.199219,0.687500,0.230469,0.291016,-0.265625,0.659546,-0.437317,0.405945,-0.457153
29.567577362060547,0.888916,2.148438,1.566406,1.835938,0.195312,0.140625,0.087891,0.660095,-0.435120,0.406433,-0.457947
29.587809085845947,0.887329,1.152344,2.019531,4.019531,-0.148437,0.025391,0.232422,0.660461,-0.434998,0.408264,-0.455994
29.60761260986328,0.885254,0.242187,1.117188,3.492188,-0.375000,-0.060547,0.187500,0.660095,-0.436707,0.410156,-0.453125
29.627774000167847,0.884521,-0.546875,-0.792969,-0.742187,-0.181641,-0.080078,0.125000,0.660339,-0.437561,0.411194,-0.451111
29.64785599708557,0.884277,1.093750,-0.722656,-2.238281,0.062500,0.037109,0.289063,0.661560,-0.436157,0.412170,-0.449707
29.667742013931274,0.885010,-2.390625,-0.691406,-0.253906,0.089844,0.017578,0.062500,0.662231,-0.435242,0.412292,-0.449463
29.688173294067383,0.884644,-0.976562,0.343750,1.460938,-0.078125,-0.060547,-0.003906,0.662292,-0.435974,0.412048,-0.448914
29.70803689956665,0.884033,-0.753906,0.265625,1.625000,-0.025391,-0.173828,-0.033203,0.662720,-0.437012,0.410950,-0.448242
29.728416919708252,0.879517,1.269531,-0.195312,-1.304688,0.130859,-0.103516,0.052734,0.663940,-0.436462,0.409851,-0.447998
29.74792790412903,0.877441,0.089844,-0.210937,-0.523437,0.166016,0.003906,0.041016,0.664856,-0.435303,0.409363,-0.448242
29.76809334754944,0.876099,-0.093750,0.355469,1.031250,0.039063,-0.015625,0.037109,0.665283,-0.434998,0.409119,-0.448059
29.788479566574097,0.871216,0.136719,0.519531,1.148438,-0.105469,-0.080078,0.000000,0.665283,-0.435974,0.409119,-0.447205
29.808462142944336,0.870483,0.558594,-0.132812,-0.015625,-0.146484,-0.017578,0.066406,0.665039,-0.436768,0.409912,-0.446045
29.828059911727905,0.870728,0.265625,-0.011719,0.054687,-0.177734,0.029297,0.101563,0.664673,-0.437500,0.411194,-0.444702
29.84811544418335,0.874146,-0.683594,0.113281,0.695312,-0.261719,-0.058594,0.046875,0.664124,-0.439148,0.412292,-0.442871
29.868322372436523,0.878662,1.800781,0.121094,-0.105469,-0.246094,-0.070312,0.289063,0.664368,-0.440063,0.414246,-0.439758
29.888437509536743,0.882812,0.437500,-0.753906,-2.359375,-0.146484,0.173828,0.259766,0.664185,-0.439331,0.416992,-0.438171
29.908194065093994,0.888062,-0.097656,-0.800781,-2.917969,0.064453,0.417969,0.082031,0.662842,-0.437195,0.419922,-0.439453
29.928431749343872,0.895752,-0.265625,-0.453125,1.136719,-0.099609,0.552734,-0.175781,0.659668,-0.436035,0.423096,-0.442383
29.948200225830078,0.898437,-0.050781,0.558594,2.394531,-0.181641,0.414062,-0.193359,0.656616,-0.435913,0.425781,-0.444458
29.968329429626465,0.900024,1.105469,0.679687,0.640625,-0.140625,0.138672,0.097656,0.655579,-0.436401,0.427551,-0.443787
29.988676071166992,0.901123,-2.191406,0.265625,1.859375,-0.304688,-0.359375,0.058594,0.656128,-0.439392,0.427246,-0.440369
30.00822377204895,0.901733,1.488281,0.281250,0.800781,-0.404297,-0.171875,0.597656,0.657776,-0.440308,0.430176,-0.434143
30.028215169906616,0.902100,-2.125000,0.042969,1.640625,-0.449219,-0.013672,0.708984,0.659119,-0.440186,0.434937,-0.427368
30.048535108566284,0.900513,3.554688,0.687500,1.417969,-0.503906,-0.246094,0.894531,0.661560,-0.441223,0.439087,-0.418213
30.06841540336609,0.898682,2.417969,0.210937,1.613281,-0.474609,-0.494141,1.142578,0.666199,-0.441589,0.442627,-0.406494
30.08903431892395,0.895020,0.703125,-0.632812,-3.039063,0.035156,-0.617187,0.894531,0.673462,-0.438904,0.441895,-0.398193
30.108568906784058,0.880005,-7.339844,-2.171875,-20.648437,2.291016,-0.919922,0.453125,0.688538,-0.426270,0.427429,-0.401855
30.128511905670166,0.864136,-13.800781,-3.667969,-13.980469,4.306641,-1.550781,-1.306641,0.707214,-0.408264,0.395691,-0.420227
30.149073600769043,0.845825,5.039062,-5.160156,2.261719,3.962891,-1.121094,-0.824219,0.724304,-0.387085,0.365845,-0.437805
30.176408767700195,0.798950,-0.925781,-3.453125,-11.804688,5.042969,-1.070313,-1.029297,0.741882,-0.359192,0.332703,-0.458191
30.188828945159912,0.760254,3.109375,4.660156,7.570312,4.123047,-0.560547,-0.705078,0.754150,-0.334595,0.306946,-0.474487
30.2086820602417,0.719727,-4.417969,8.042969,20.449219,1.187500,-0.271484,-1.046875,0.754028,-0.330688,0.295227,-0.484619
30.22867774963379,0.680298,-5.343750,7.691406,23.707031,-1.875000,-0.683594,-1.351563,0.743408,-0.351074,0.295166,-0.486755
30.248764276504517,0.713257,1.664063,7.535156,11.109375,-3.082031,-0.410156,-0.650391,0.730774,-0.377136,0.304138,-0.480835
30.273664951324463,0.742432,6.167969,7.062500,-0.679687,-3.146484,-0.359375,0.308594,0.721375,-0.400574,0.317139,-0.467468
30.28873634338379,0.761841,4.007812,3.347656,-8.039063,-1.976563,-0.679687,1.031250,0.720215,-0.414062,0.325623,-0.451416
30.30892825126648,0.791504,2.066406,0.222656,-11.937500,-0.273438,-0.562500,1.285156,0.726013,-0.415527,0.328003,-0.438965
30.32927966117859,0.798584,-4.343750,0.484375,-2.257813,-0.376953,-0.781250,0.535156,0.728760,-0.420837,0.326782,-0.430176
30.348884344100952,0.801636,-6.699219,-7.847656,10.792969,-1.794922,-0.753906,-0.445312,0.723145,-0.436340,0.325867,-0.424866
30.36910367012024,0.803711,-1.277344,-4.683594,-10.863281,-0.355469,-0.644531,-0.748047,0.720154,-0.444824,0.320801,-0.424927
30.38887119293213,0.803833,9.484375,3.914063,-5.085937,-0.216797,-0.183594,0.289063,0.720703,-0.446777,0.321045,-0.421753
30.408852100372314,0.804443,4.691406,2.089844,-0.597656,-0.324219,-0.031250,0.382813,0.720947,-0.448059,0.323853,-0.417908
30.42913794517517,0.810425,-2.710938,-1.179688,-0.234375,-0.292969,0.058594,0.048828,0.719910,-0.449646,0.325684,-0.416504
30.449455738067627,0.812866,0.707031,0.636719,-0.386719,-0.105469,-0.136719,0.113281,0.720215,-0.450745,0.325500,-0.414978
30.4692223072052,0.810547,-1.820313,-0.789062,-0.312500,0.027344,-0.316406,-0.115234,0.721008,-0.452087,0.322754,-0.414246
30.489176273345947,0.798340,-0.917969,-0.101563,-0.554687,0.054687,-0.322266,-0.070312,0.721985,-0.453247,0.319885,-0.413452
30.509307622909546,0.791748,-0.214844,-0.031250,0.269531,-0.005859,-0.207031,-0.054687,0.722351,-0.454346,0.318237,-0.412903
30.531801223754883,0.786011,-0.312500,-0.214844,-0.066406,-0.042969,-0.009766,-0.126953,0.721741,-0.455139,0.317749,-0.413452
30.549195051193237,0.782471,0.167969,0.097656,0.523437,-0.195312,0.121094,-0.072266,0.720276,-0.456177,0.318970,-0.413940
30.569241762161255,0.792725,0.398438,0.351563,1.375000,-0.296875,0.251953,-0.056641,0.718018,-0.457581,0.321472,-0.414429
30.589418411254883,0.799561,-0.328125,0.023437,-0.027344,-0.277344,0.109375,-0.097656,0.716125,-0.459351,0.322937,-0.414612
30.609107971191406,0.803589,0.199219,-0.152344,-0.945312,-0.111328,-0.123047,-0.080078,0.715759,-0.460937,0.322083,-0.414124
30.629547595977783,0.797485,-0.796875,-0.074219,-1.488281,0.140625,-0.404297,-0.007813,0.717651,-0.461609,0.318665,-0.412720
30.64929747581482,0.795288,1.035156,0.136719,-1.304688,0.216797,-0.439453,0.240234,0.720886,-0.461182,0.315918,-0.409607
30.669429540634155,0.798828,1.417969,0.121094,1.351563,0.009766,-0.201172,0.464844,0.723328,-0.460632,0.316467,-0.405518
30.689221143722534,0.815918,-0.042969,-0.796875,0.144531,-0.144531,0.154297,0.271484,0.723450,-0.459839,0.319702,-0.403687
30.70958137512207,0.828125,1.917969,-0.875000,-2.210938,-0.136719,0.695312,0.373047,0.722107,-0.457153,0.326111,-0.404053
30.72948455810547,0.836182,1.070313,-1.218750,-1.519531,0.019531,0.656250,-0.228516,0.719238,-0.454834,0.330139,-0.408386
30.749804496765137,0.842773,0.394531,0.429687,1.660156,0.029297,0.531250,-0.380859,0.716003,-0.453674,0.332275,-0.413574
30.769452571868896,0.844604,0.265625,0.906250,2.066406,-0.050781,0.480469,-0.271484,0.713013,-0.453247,0.334717,-0.417358
30.789303302764893,0.844482,-1.324219,1.449219,2.589844,-0.138672,0.134766,-0.146484,0.711365,-0.454346,0.335449,-0.418396
30.80978274345398,0.842651,-1.046875,0.812500,2.000000,-0.195312,-0.406250,-0.093750,0.711609,-0.457092,0.333374,-0.416626
30.82995843887329,0.844116,3.542969,-0.097656,-1.707031,0.005859,-0.267578,0.347656,0.713867,-0.457153,0.333069,-0.412903
30.849676370620728,0.846069,3.136719,0.308594,0.742187,-0.087891,-0.027344,0.730469,0.716614,-0.455383,0.336121,-0.407532
30.86963653564453,0.845825,0.246094,-0.054687,-0.128906,-0.007813,0.089844,0.791016,0.719421,-0.452881,0.339966,-0.402283
30.889628171920776,0.848145,-2.320313,-0.949219,-2.351563,0.046875,0.091797,0.480469,0.721191,-0.450317,0.342651,-0.399536
30.910288095474243,0.851318,-0.800781,-0.621094,-0.070312,0.083984,0.390625,0.142578,0.720581,-0.448303,0.345520,-0.400574
30.929736375808716,0.853760,-4.777344,-0.375000,2.070313,-0.150391,0.324219,-0.460937,0.717041,-0.449341,0.346985,-0.404480
30.949692964553833,0.855225,-1.210938,0.175781,-0.695312,-0.134766,0.427734,-0.476562,0.713135,-0.450378,0.348022,-0.409241
30.96979546546936,0.855591,1.800781,0.699219,1.027344,-0.175781,0.220703,-0.343750,0.710266,-0.451782,0.348755,-0.411987
30.990041494369507,0.856079,1.132813,0.558594,0.675781,-0.173828,-0.152344,0.029297,0.710083,-0.453186,0.348999,-0.410583
31.01029086112976,0.856812,3.664063,0.140625,-0.027344,-0.099609,-0.039063,0.574219,0.712036,-0.452209,0.351379,-0.406250
31.029778003692627,0.857300,2.203125,-0.058594,-1.398438,-0.007813,0.070312,0.574219,0.714294,-0.449768,0.353943,-0.402771
31.05029296875,0.858887,-2.292969,-1.394531,-3.390625,0.437500,-0.033203,0.083984,0.716370,-0.446960,0.352661,-0.403320
31.070127248764038,0.860718,-3.167969,-1.074219,-0.289063,0.460937,-0.056641,-0.361328,0.717163,-0.445007,0.349243,-0.407043
31.090319395065308,0.860474,-0.203125,0.519531,1.316406,0.214844,0.062500,-0.367188,0.716492,-0.444397,0.347046,-0.410767
31.11036968231201,0.860718,0.773437,1.906250,3.843750,-0.169922,0.050781,-0.207031,0.714783,-0.445923,0.347107,-0.411987
31.130090951919556,0.861694,0.101563,0.781250,2.519531,-0.460937,0.064453,-0.119141,0.712219,-0.448975,0.348816,-0.411682
31.150352716445923,0.863403,1.058594,-1.027344,-1.347656,-0.320313,0.150391,0.039063,0.710449,-0.450623,0.351257,-0.410950
31.170118808746338,0.864868,0.515625,-0.328125,-1.644531,-0.144531,0.128906,0.238281,0.710266,-0.450195,0.354248,-0.409119
31.190300941467285,0.867187,3.250000,0.324219,0.617187,-0.201172,0.082031,0.568359,0.711365,-0.449036,0.358276,-0.404907
31.210693359375,0.869873,-2.699219,-0.750000,-0.777344,-0.171875,-0.042969,0.365234,0.712524,-0.448364,0.360352,-0.401794
31.23039436340332,0.871216,-0.015625,-0.574219,-2.203125,0.123047,0.044922,0.169922,0.713562,-0.446472,0.361023,-0.401367
31.250162363052368,0.871948,0.015625,-0.312500,-0.570312,0.105469,0.205078,0.037109,0.713257,-0.444946,0.362244,-0.402588
31.270167589187622,0.872559,-1.917969,-0.351563,2.078125,-0.080078,0.326172,-0.447266,0.709961,-0.445679,0.363281,-0.406616
31.290515661239624,0.874268,-0.378906,0.406250,1.238281,-0.224609,0.437500,-0.552734,0.705139,-0.447449,0.364929,-0.411621
31.310811042785645,0.875732,0.058594,0.285156,0.226562,-0.224609,0.406250,-0.476562,0.700806,-0.449158,0.366577,-0.415649
31.330182552337646,0.876709,1.281250,0.386719,0.199219,-0.251953,0.185547,-0.121094,0.698486,-0.450500,0.368347,-0.416565
31.3506338596344,0.877075,2.187500,0.285156,0.472656,-0.173828,0.123047,0.193359,0.697754,-0.450562,0.371094,-0.415222
31.37049961090088,0.877075,0.058594,-0.328125,-1.332031,-0.097656,0.208984,0.281250,0.697754,-0.449341,0.374207,-0.413757
31.390738487243652,0.876221,0.542969,-0.074219,-0.597656,0.017578,0.117188,0.310547,0.698608,-0.447571,0.376160,-0.412415
31.410840034484863,0.876343,-1.281250,-0.351563,-1.101563,0.183594,-0.048828,0.253906,0.700562,-0.445557,0.376404,-0.411133
31.43015146255493,0.875732,0.406250,-0.257813,-1.273438,0.322266,-0.121094,0.228516,0.703308,-0.442810,0.375061,-0.410583
31.450939893722534,0.873169,-2.121094,-1.667969,-2.468750,0.621094,-0.056641,-0.134766,0.705688,-0.439148,0.371826,-0.413391
31.470731496810913,0.871094,-0.085937,-0.054687,0.484375,0.457031,0.191406,-0.281250,0.706055,-0.436157,0.369690,-0.417908
31.490734338760376,0.870972,-1.167969,0.277344,0.960937,0.343750,0.199219,-0.378906,0.705139,-0.434448,0.368164,-0.422485
31.510735273361206,0.871094,0.664062,1.082031,2.621094,0.017578,0.082031,-0.259766,0.703918,-0.434814,0.367676,-0.424622
31.53062915802002,0.872559,2.531250,1.546875,3.136719,-0.296875,-0.001953,0.119141,0.702942,-0.436462,0.369263,-0.423035
31.551051139831543,0.873169,-0.929687,-0.113281,0.753906,-0.378906,0.015625,0.044922,0.701538,-0.438660,0.371094,-0.421509
31.570774793624878,0.873291,-1.128906,-1.132813,-2.074219,-0.095703,0.025391,-0.074219,0.700806,-0.439514,0.371399,-0.421631
31.591059684753418,0.872559,0.058594,-0.671875,-2.386719,0.107422,-0.013672,-0.005859,0.701172,-0.438965,0.370972,-0.421997
31.61134362220764,0.872437,0.328125,0.398438,1.082031,0.037109,-0.046875,0.070312,0.701721,-0.438660,0.370850,-0.421448
31.630613327026367,0.871948,-0.011719,0.390625,1.667969,-0.125000,-0.027344,0.066406,0.701538,-0.439270,0.371460,-0.420532
31.651090621948242,0.870605,-0.308594,-0.015625,0.347656,-0.166016,0.017578,0.015625,0.700928,-0.440186,0.372314,-0.419922
31.670971870422363,0.870239,0.082031,-0.160156,-0.277344,-0.037109,0.023437,0.011719,0.700684,-0.440369,0.372742,-0.419739
31.691039323806763,0.869629,-0.148437,-0.167969,-0.507812,0.050781,0.003906,-0.007813,0.700867,-0.440063,0.372559,-0.419983
31.711140632629395,0.867187,0.082031,0.253906,0.746094,-0.025391,-0.009766,0.001953,0.700745,-0.440247,0.372559,-0.419922
31.73092269897461,0.866211,-0.195312,0.261719,1.144531,-0.113281,-0.029297,-0.033203,0.700256,-0.441162,0.372742,-0.419556
31.751164197921753,0.864624,0.343750,0.156250,0.281250,-0.052734,-0.035156,0.037109,0.700256,-0.441589,0.372864,-0.419006
31.771230220794678,0.863159,0.121094,0.039063,-0.093750,-0.031250,-0.029297,0.042969,0.700378,-0.441833,0.372986,-0.418518
31.791393041610718,0.861938,-0.722656,0.000000,0.527344,-0.095703,-0.021484,-0.042969,0.699768,-0.442749,0.373291,-0.418335
31.811538457870483,0.862793,-0.039063,0.246094,1.285156,-0.285156,0.068359,-0.052734,0.698059,-0.444580,0.374695,-0.417969
31.831241846084595,0.865356,-0.230469,0.238281,1.347656,-0.373047,0.164062,-0.058594,0.695557,-0.446716,0.377014,-0.417725
31.85165548324585,0.871216,-0.460937,-0.042969,0.000000,-0.359375,0.113281,-0.056641,0.693359,-0.448853,0.379150,-0.417114
31.87122130393982,0.874390,1.269531,-0.027344,-0.089844,-0.318359,0.042969,0.183594,0.692627,-0.449951,0.381714,-0.414917
31.8911235332489,0.875732,3.027344,0.019531,-1.269531,-0.130859,0.017578,0.527344,0.694092,-0.448730,0.384155,-0.411438
31.911471366882324,0.874512,-1.355469,-0.847656,-2.902344,0.343750,-0.181641,0.208984,0.696960,-0.446472,0.382568,-0.410461
31.931528091430664,0.875122,-2.320313,-0.910156,-1.148438,0.490234,-0.244141,-0.199219,0.698975,-0.445312,0.377808,-0.412781
31.95126247406006,0.876465,-4.507812,-0.574219,1.484375,0.296875,-0.330078,-0.667969,0.698914,-0.446838,0.371948,-0.416626
31.971357583999634,0.880371,3.949219,1.191406,2.648438,-0.056641,-0.076172,-0.222656,0.697815,-0.448608,0.370239,-0.417969
31.991230010986328,0.881226,-0.273438,0.906250,2.296875,-0.359375,0.017578,-0.302734,0.695190,-0.451721,0.370789,-0.418518
32.011497020721436,0.880371,1.894531,-0.296875,0.613281,-0.437500,0.162109,0.031250,0.692688,-0.454102,0.373474,-0.417725
32.031561851501465,0.880371,-1.820313,-0.578125,-1.539063,-0.259766,0.140625,-0.085937,0.690613,-0.455505,0.375122,-0.418091
32.05144119262695,0.881470,-1.269531,-0.832031,-3.125000,0.007813,0.208984,-0.160156,0.689087,-0.455261,0.375916,-0.420227
32.071616411209106,0.881470,-0.296875,-0.792969,-1.324219,0.109375,0.310547,-0.232422,0.687561,-0.453857,0.376709,-0.423462
32.0914421081543,0.881714,1.925781,0.003906,-0.457031,0.136719,0.472656,-0.083984,0.685791,-0.451721,0.379089,-0.426575
32.111475467681885,0.885864,0.753906,1.199219,2.402344,-0.117188,0.443359,-0.025391,0.683533,-0.450684,0.382507,-0.428162
32.13473057746887,0.887817,1.972656,1.246094,1.253906,-0.337891,0.263672,0.128906,0.681396,-0.451477,0.386414,-0.427246
32.15136790275574,0.889648,-0.871094,-1.058594,0.203125,-0.562500,0.160156,0.056641,0.678589,-0.454346,0.389893,-0.425537
32.17198824882507,0.889771,0.402344,-0.460937,-2.972656,-0.199219,-0.070312,0.082031,0.678101,-0.455872,0.390747,-0.423889
32.191548109054565,0.887939,-0.050781,-0.425781,-1.968750,0.072266,-0.339844,0.105469,0.680237,-0.456421,0.388550,-0.421875
32.211639642715454,0.885742,-1.285156,0.171875,-1.203125,0.031250,-0.531250,0.121094,0.683044,-0.457825,0.385193,-0.418884
32.23162651062012,0.886963,-0.449219,-0.285156,-0.253906,-0.064453,-0.419922,0.068359,0.684570,-0.459534,0.382935,-0.416626
32.25179696083069,0.890137,-0.042969,-0.667969,-2.636719,0.093750,0.019531,-0.042969,0.684631,-0.459167,0.382874,-0.416931
32.272079944610596,0.893799,2.671875,-0.019531,0.703125,-0.103516,0.427734,0.148437,0.683167,-0.457642,0.386597,-0.417542
32.29158425331116,0.900513,-0.156250,-0.011719,1.250000,-0.232422,0.496094,0.048828,0.680359,-0.457031,0.391235,-0.418518
32.31209468841553,0.903076,1.023438,0.503906,1.625000,-0.380859,0.431641,0.101563,0.677551,-0.457275,0.395996,-0.418335
32.331857204437256,0.904907,0.144531,0.289063,0.468750,-0.330078,0.164062,0.216797,0.676514,-0.457642,0.399536,-0.416260
32.35147047042847,0.905518,1.898438,0.210937,-1.175781,-0.078125,-0.062500,0.447266,0.678040,-0.456970,0.401184,-0.412903
32.37224364280701,0.903320,-0.230469,-0.371094,-1.835938,0.265625,-0.152344,0.328125,0.681030,-0.454773,0.400330,-0.411194
32.39232587814331,0.899780,-6.625000,-1.710938,-6.425781,0.998047,-0.302734,-0.343750,0.684631,-0.451538,0.392822,-0.416016
32.41241931915283,0.895264,-6.796875,-2.882813,0.886719,0.908203,-0.302734,-1.250000,0.684998,-0.450867,0.381409,-0.426636
32.4333291053772,0.884521,-1.500000,-1.167969,-0.996094,0.685547,0.199219,-1.529297,0.680481,-0.451843,0.373108,-0.440002
32.45290970802307,0.879761,-1.566406,2.332031,5.699219,0.378906,0.417969,-1.281250,0.674622,-0.452332,0.369751,-0.451172
32.47227883338928,0.877563,7.515625,3.667969,5.140625,-0.083984,0.812500,-0.066406,0.671326,-0.449585,0.374023,-0.455261
32.492127895355225,0.872559,3.105469,3.328125,2.765625,-0.218750,0.410156,0.429687,0.670532,-0.447754,0.379578,-0.453613
32.51229453086853,0.871094,0.242187,1.117188,3.671875,-0.507812,0.000000,0.298828,0.669739,-0.449768,0.382996,-0.449951
32.53219985961914,0.869751,-5.035156,-0.308594,3.843750,-0.433594,-0.308594,-0.031250,0.668762,-0.454102,0.383179,-0.446899
32.55225849151611,0.870361,2.312500,-0.906250,-3.304688,-0.246094,-0.130859,0.191406,0.669250,-0.455261,0.384033,-0.444275
32.57238149642944,0.873413,-0.164062,-1.414063,-3.957031,0.154297,0.078125,0.277344,0.670776,-0.453003,0.385742,-0.442749
32.59209632873535,0.876953,2.296875,0.496094,2.171875,-0.083984,0.232422,0.560547,0.671814,-0.450684,0.390076,-0.439697
32.61252045631409,0.882568,-0.488281,0.074219,2.449219,-0.361328,0.291016,0.648437,0.672119,-0.449219,0.396118,-0.435425
32.63237762451172,0.882446,-0.652344,-0.269531,-1.195313,-0.238281,0.259766,0.634766,0.672852,-0.447327,0.401489,-0.431274
32.65251803398132,0.881836,-2.167969,-0.738281,-2.320313,0.037109,-0.089844,0.304688,0.674805,-0.446045,0.402222,-0.428894
32.672805309295654,0.880127,-1.074219,-0.761719,-3.449219,0.369141,-0.343750,0.064453,0.678101,-0.444702,0.398621,-0.428406
32.69271755218506,0.872314,-0.382813,-0.480469,-1.058594,0.572266,-0.582031,-0.234375,0.681702,-0.444336,0.391846,-0.429321
32.71277165412903,0.867432,2.140625,1.269531,3.183594,0.208984,-0.416016,-0.169922,0.683533,-0.445496,0.387085,-0.429565
32.7324423789978,0.863159,-0.082031,0.656250,2.363281,-0.101563,-0.103516,-0.148437,0.682922,-0.447021,0.386292,-0.429626
32.752543210983276,0.864014,1.789063,-0.066406,0.660156,-0.222656,0.322266,0.060547,0.680969,-0.447021,0.389648,-0.429687
32.77281713485718,0.871948,0.917969,-0.164062,0.074219,-0.335938,0.568359,0.113281,0.677612,-0.446533,0.395630,-0.430054
32.79279112815857,0.879761,-0.332031,-0.531250,-1.625000,-0.316406,0.781250,0.078125,0.673523,-0.445312,0.402222,-0.431702
32.81285357475281,0.885498,-2.492188,-0.824219,-2.191406,-0.046875,0.447266,-0.208984,0.670715,-0.444336,0.404480,-0.434814
32.832722663879395,0.883423,-1.527344,-0.976562,-2.589844,0.359375,0.244141,-0.269531,0.670105,-0.442017,0.403809,-0.438782
32.85268688201904,0.882080,2.488281,-0.300781,-2.031250,0.166016,0.279297,-0.076172,0.669495,-0.440247,0.404358,-0.440979
32.8732635974884,0.883667,1.644531,2.347656,3.843750,-0.212891,0.031250,0.103516,0.668457,-0.441528,0.406189,-0.439575
32.892523527145386,0.884766,0.218750,0.335938,4.437500,-0.619141,0.042969,0.148437,0.666382,-0.444702,0.409607,-0.436340
32.91313123703003,0.885986,-1.171875,-0.714844,-1.761719,-0.335938,0.050781,0.226562,0.665833,-0.445679,0.412537,-0.433472
32.93285083770752,0.889893,1.289063,-0.445312,-1.605469,-0.134766,0.126953,0.589844,0.667358,-0.443298,0.416199,-0.429993
32.95321774482727,0.892578,0.746094,-0.355469,-1.988281,0.154297,0.271484,0.554687,0.669128,-0.439087,0.419312,-0.428467
32.97309756278992,0.895142,-4.085937,-0.417969,-0.289063,0.117188,0.314453,0.070312,0.668579,-0.436951,0.421448,-0.429504
32.99360179901123,0.896484,-2.210938,-0.027344,4.031250,-0.158203,0.287109,-0.351563,0.665222,-0.438354,0.422546,-0.432190
33.013245820999146,0.898682,1.425781,0.195312,-0.878906,-0.060547,0.224609,-0.492187,0.661804,-0.440002,0.422363,-0.435974
33.03326749801636,0.899536,1.335938,0.175781,0.371094,-0.113281,0.337891,-0.291016,0.658875,-0.440369,0.423523,-0.438843
33.05292630195618,0.899780,0.621094,0.375000,0.164062,-0.105469,0.218750,-0.136719,0.657043,-0.440674,0.424805,-0.440063
33.073315382003784,0.899536,1.035156,0.808594,3.046875,-0.425781,0.001953,0.078125,0.655701,-0.442810,0.426880,-0.437927
33.09321045875549,0.899170,1.066406,-0.093750,-0.781250,-0.396484,-0.013672,0.250000,0.654968,-0.444458,0.429687,-0.434570
33.113330125808716,0.899170,1.082031,-0.781250,-5.019531,0.027344,0.208984,0.281250,0.655273,-0.442627,0.432129,-0.433594
33.13307452201843,0.901978,-0.125000,-0.570312,-3.250000,0.302734,0.355469,0.164062,0.655457,-0.439026,0.433899,-0.435181
33.153350830078125,0.903076,-1.957031,-0.261719,2.527344,-0.007813,0.275391,-0.291016,0.653076,-0.438965,0.434631,-0.438049
33.17325949668884,0.904175,1.082031,0.328125,1.363281,-0.140625,0.324219,-0.378906,0.649475,-0.440247,0.435608,-0.441101
33.193270444869995,0.905762,0.117188,0.273438,-0.046875,-0.177734,0.250000,-0.238281,0.646851,-0.441101,0.437134,-0.442688
33.21333885192871,0.906006,2.375000,0.582031,0.246094,-0.173828,0.048828,0.105469,0.646362,-0.441345,0.438660,-0.441589
33.23310160636902,0.905640,1.542969,0.160156,0.976562,-0.138672,0.179687,0.361328,0.646484,-0.440002,0.441895,-0.439514
33.253437995910645,0.905640,-3.289063,-0.957031,-2.718750,0.093750,0.300781,0.162109,0.646423,-0.437439,0.443848,-0.440125
33.27352046966553,0.905151,-2.871094,-1.195313,-2.226563,0.382813,0.199219,-0.269531,0.645630,-0.435730,0.442383,-0.444519
33.293407917022705,0.903687,-4.152344,-1.187500,-0.398438,0.345703,0.316406,-0.689453,0.642883,-0.434875,0.440308,-0.451355
33.313552379608154,0.901855,4.136719,0.648437,-2.246094,0.230469,0.404297,-0.138672,0.641724,-0.432007,0.440735,-0.455322
33.333362102508545,0.900146,0.207031,1.410156,4.074219,0.179687,0.152344,0.097656,0.642090,-0.429810,0.441406,-0.456177
33.35364556312561,0.900391,-0.687500,2.234375,8.042969,-0.519531,0.113281,0.041016,0.639954,-0.432068,0.444275,-0.454346
33.37368392944336,0.901001,-0.335938,-0.175781,2.843750,-0.650391,0.183594,0.033203,0.636719,-0.435120,0.448181,-0.452087
33.39377212524414,0.901367,0.953125,-1.117188,-4.085937,-0.166016,0.214844,0.160156,0.635803,-0.434814,0.450806,-0.450989
33.41373872756958,0.899658,-1.730469,-0.093750,0.285156,-0.007813,-0.140625,0.185547,0.637207,-0.435120,0.450623,-0.448975
33.43373084068298,0.897705,-3.230469,0.328125,1.781250,-0.095703,-0.660156,0.027344,0.640137,-0.438049,0.447144,-0.445496
33.453619718551636,0.895630,0.753906,0.519531,-0.035156,-0.150391,-0.453125,0.283203,0.643066,-0.439514,0.445679,-0.441162
33.474167346954346,0.897339,2.523438,-0.062500,-0.058594,-0.154297,-0.039063,0.119141,0.643799,-0.439392,0.446350,-0.439575
33.493730783462524,0.901123,2.089844,-0.347656,-2.378906,0.312500,0.283203,0.113281,0.644165,-0.436157,0.447327,-0.441223
33.514240026474,0.905518,-2.261719,-0.429687,2.203125,0.039063,0.316406,-0.156250,0.642761,-0.434875,0.448364,-0.443542
33.53380084037781,0.906128,-1.230469,0.000000,-0.179687,0.113281,0.123047,-0.300781,0.641418,-0.434937,0.447632,-0.446167
33.55379509925842,0.906250,-0.074219,0.457031,0.691406,-0.068359,0.017578,-0.019531,0.640930,-0.435547,0.447693,-0.446228
33.574092626571655,0.906250,0.433594,0.082031,0.839844,-0.234375,0.031250,0.083984,0.640320,-0.436218,0.449402,-0.444702
33.59415912628174,0.907349,1.351563,-0.835937,-2.808594,-0.023437,0.298828,0.175781,0.639587,-0.434692,0.451965,-0.444641
33.61434292793274,0.908691,-2.269531,-1.296875,-3.152344,0.292969,0.457031,-0.259766,0.637817,-0.432068,0.452393,-0.449219
33.63384413719177,0.910156,-2.132813,-1.449219,-3.476563,0.316406,0.546875,-0.365234,0.635010,-0.429504,0.453125,-0.455017
33.65372085571289,0.910645,2.601563,1.625000,2.554688,-0.169922,0.517578,-0.066406,0.632507,-0.427368,0.455994,-0.457581
33.674376010894775,0.910400,0.609375,0.496094,-0.410156,0.048828,0.298828,0.117188,0.632019,-0.425415,0.457886,-0.458130
33.69404602050781,0.909668,-1.519531,2.035156,7.191406,-0.464844,0.123047,0.035156,0.629883,-0.427612,0.460693,-0.456238
33.71418786048889,0.907471,-0.679687,-0.781250,0.910156,-0.353516,-0.111328,-0.064453,0.628662,-0.430542,0.461670,-0.454163
33.734108209609985,0.906372,0.308594,-0.308594,-0.175781,-0.308594,-0.238281,0.044922,0.628723,-0.433655,0.461365,-0.451477
33.75411558151245,0.904297,-2.242188,-0.261719,-0.261719,-0.277344,-0.544922,-0.162109,0.629456,-0.438477,0.458496,-0.448669
33.774598360061646,0.901245,-0.179687,0.031250,-0.207031,-0.007813,-0.554687,-0.083984,0.631042,-0.441956,0.455139,-0.446411
33.79427623748779,0.901978,0.820312,-0.351563,-1.992188,0.232422,-0.261719,-0.015625,0.632874,-0.442139,0.452637,-0.446228
33.814459800720215,0.903931,-0.375000,-0.207031,0.601562,0.181641,0.031250,-0.078125,0.633484,-0.441101,0.451599,-0.447388
33.83434700965881,0.909302,1.769531,0.328125,2.160156,-0.115234,0.195312,0.087891,0.632874,-0.440491,0.453247,-0.447205
33.85421633720398,0.911011,1.121094,0.476562,2.082031,-0.289063,0.156250,0.167969,0.631958,-0.440613,0.456055,-0.445496
33.874669790267944,0.912476,0.058594,0.093750,-0.277344,-0.210937,0.201172,0.267578,0.631653,-0.439758,0.459167,-0.443604
33.89455819129944,0.913208,0.164062,-0.109375,-1.441406,-0.009766,0.125000,0.349609,0.632812,-0.437500,0.461426,-0.441895
33.91441464424133,0.912231,0.312500,-0.429687,-3.355469,0.453125,0.078125,0.371094,0.636108,-0.432800,0.461060,-0.442078
33.934542655944824,0.909546,-2.062500,-0.699219,-4.156250,1.164063,-0.203125,-0.048828,0.642029,-0.426575,0.454102,-0.446777
33.95455026626587,0.903442,-6.207031,-1.796875,-6.308594,2.189453,-0.542969,-0.453125,0.651672,-0.416565,0.439148,-0.457153
33.97506809234619,0.866577,-0.441406,-2.808594,-5.464844,2.980469,-0.105469,-0.431641,0.662476,-0.399353,0.423035,-0.471863
33.994847774505615,0.839844,1.933594,-0.921875,-2.312500,3.261719,0.390625,-0.148437,0.673218,-0.376404,0.408691,-0.487915
34.014506816864014,0.801392,-0.625000,-0.242187,0.097656,3.492188,0.097656,-0.146484,0.684875,-0.353699,0.391602,-0.502441
34.03931283950806,0.670410,0.285156,5.070312,9.878906,2.906250,-0.769531,-0.029297,0.697998,-0.337646,0.371094,-0.510986
34.05474925041199,0.613037,0.136719,5.578125,8.007813,2.507813,-1.876953,0.218750,0.714294,-0.328430,0.345886,-0.512146
34.075247049331665,0.575317,2.234375,7.234375,8.417969,1.837891,-2.298828,0.630859,0.731079,-0.324585,0.322266,-0.506348
34.09434390068054,0.494873,3.734375,7.398437,8.207031,0.972656,-2.031250,0.960937,0.745605,-0.324768,0.304749,-0.495667
34.11933517456055,0.474976,-0.054687,4.156250,5.953125,0.185547,-2.232422,0.980469,0.757629,-0.330811,0.290833,-0.481628
34.134629249572754,0.441895,0.902344,1.851563,4.503906,-0.587891,-1.904297,1.212891,0.767273,-0.341003,0.282654,-0.463806
34.15520143508911,0.434082,0.382813,-0.156250,3.085938,-1.232422,-2.011719,1.595703,0.775574,-0.355408,0.277954,-0.441528
34.17481017112732,0.464111,-2.667969,-0.667969,1.281250,-1.771484,-2.041016,0.822266,0.778320,-0.375793,0.272461,-0.422791
34.20025897026062,0.487671,-4.980469,-1.058594,-4.089844,-2.146484,-2.072266,-0.298828,0.774719,-0.401306,0.264587,-0.410706
34.21508288383484,0.598267,2.296875,-1.875000,-8.121094,-1.917969,-1.300781,-0.208984,0.769897,-0.421631,0.261719,-0.401245
34.23522162437439,0.646606,6.960937,-2.218750,-8.433594,-1.279297,-0.476562,0.804687,0.768982,-0.431519,0.265198,-0.390015
34.254806995391846,0.680542,2.265625,-3.195313,-10.167969,-0.076172,-0.515625,0.621094,0.772095,-0.432983,0.264648,-0.382629
34.275253772735596,0.705322,-0.054687,-0.460937,0.265625,0.017578,-0.255859,0.236328,0.773987,-0.433044,0.263855,-0.379150
34.29483890533447,0.743408,1.929688,-0.062500,2.019531,-0.404297,0.105469,0.507812,0.773987,-0.434937,0.267456,-0.374512
34.314881563186646,0.756470,-4.398437,-1.894531,3.003906,-0.556641,-0.501953,0.087891,0.773315,-0.440491,0.266296,-0.370178
34.335119009017944,0.765747,-4.125000,-3.035156,0.183594,-0.470703,-0.589844,-0.242187,0.772156,-0.446838,0.262451,-0.367859
34.355106592178345,0.777100,2.113281,1.832031,-1.996094,-0.384766,-0.408203,-0.177734,0.770874,-0.451965,0.259827,-0.365906
34.37543058395386,0.778076,2.531250,1.410156,0.011719,-0.314453,-0.525391,0.146484,0.771240,-0.456116,0.257507,-0.361694
34.40028667449951,0.777710,0.140625,-0.167969,1.636719,-0.439453,-0.585937,0.224609,0.771545,-0.460999,0.255493,-0.356323
34.4151337146759,0.780640,-1.261719,-0.980469,0.949219,-0.447266,-0.375000,-0.039063,0.770325,-0.465820,0.253967,-0.353699
34.43532061576843,0.784302,-0.781250,-1.398438,-0.597656,-0.382813,-0.039063,-0.269531,0.767822,-0.469727,0.253540,-0.354187
34.45543622970581,0.791870,-0.050781,-0.210937,-0.835937,-0.294922,-0.007813,-0.232422,0.765686,-0.472839,0.253418,-0.354858
34.47571086883545,0.796753,0.949219,0.464844,-0.335938,-0.177734,-0.083984,0.013672,0.764954,-0.474609,0.253357,-0.354065
34.49531960487366,0.799927,1.410156,0.210937,0.003906,-0.207031,-0.072266,0.023437,0.764282,-0.476379,0.253784,-0.352905
34.51534843444824,0.800415,1.226563,0.082031,0.632812,-0.335938,0.070312,0.117188,0.762878,-0.478333,0.255981,-0.351624
34.53546905517578,0.803833,-0.382813,-0.843750,-0.300781,-0.341797,0.335938,0.076172,0.760742,-0.479858,0.259827,-0.351440
34.555667877197266,0.808228,-0.925781,-0.054687,0.687500,-0.378906,0.226562,0.021484,0.758484,-0.481812,0.262817,-0.351379
34.57516074180603,0.812012,-0.496094,-0.222656,-0.332031,-0.220703,0.042969,-0.050781,0.757263,-0.483521,0.263489,-0.351257
34.595255851745605,0.812988,-0.136719,-0.054687,-1.425781,-0.017578,-0.263672,-0.085937,0.757629,-0.484558,0.261108,-0.350647
34.61593723297119,0.806885,-0.367188,0.050781,-1.402344,0.183594,-0.455078,-0.056641,0.759460,-0.484985,0.256958,-0.349243
34.63567137718201,0.805298,-0.015625,0.191406,0.398438,0.167969,-0.507812,0.138672,0.762024,-0.484985,0.253601,-0.346069
34.655741691589355,0.806274,2.859375,0.218750,0.757812,-0.091797,0.023437,0.550781,0.763550,-0.484131,0.255798,-0.342346
34.67555546760559,0.812622,-1.972656,-0.890625,-2.140625,-0.019531,0.255859,0.154297,0.763245,-0.483032,0.259399,-0.341797
34.69537544250488,0.819580,1.675781,-0.421875,-0.152344,-0.072266,0.583984,0.179687,0.761841,-0.481384,0.264465,-0.343445
34.71570444107056,0.821899,-5.289062,-0.683594,-1.105469,-0.042969,0.443359,-0.431641,0.759094,-0.481140,0.266541,-0.348206
34.73570227622986,0.823730,-0.140625,0.750000,1.914063,-0.167969,0.388672,-0.167969,0.756714,-0.481750,0.268860,-0.350708
34.7560031414032,0.823608,0.250000,0.765625,2.804688,-0.376953,-0.140625,0.066406,0.755676,-0.484314,0.269592,-0.348877
34.77583122253418,0.825195,1.957031,-0.128906,-2.167969,-0.195312,-0.134766,0.371094,0.756287,-0.485046,0.271179,-0.345337
34.79602789878845,0.830078,1.960938,-0.828125,-3.500000,0.148437,0.181641,0.380859,0.757690,-0.482361,0.274231,-0.343506
34.81587505340576,0.839966,0.128906,-0.730469,-2.183594,0.207031,0.406250,0.283203,0.758301,-0.479126,0.277588,-0.344055
34.83592772483826,0.843262,-4.250000,0.039063,1.945313,-0.058594,0.275391,-0.289063,0.756470,-0.478943,0.278870,-0.347290
34.85616183280945,0.845215,-0.335938,0.007813,0.054687,-0.052734,0.302734,-0.351563,0.754028,-0.479492,0.279785,-0.351074
34.87608504295349,0.847534,0.519531,0.789062,1.113281,-0.187500,0.214844,-0.132812,0.752136,-0.480408,0.281433,-0.352539
34.89649152755737,0.849243,2.261719,0.957031,1.382813,-0.259766,0.070312,0.146484,0.751160,-0.481506,0.283813,-0.351257
34.916887283325195,0.851196,0.468750,-0.289063,-0.832031,-0.203125,0.103516,0.250000,0.750793,-0.481812,0.286560,-0.349365
34.93605089187622,0.854004,1.218750,-0.062500,-1.382813,-0.060547,0.136719,0.347656,0.751160,-0.480835,0.289429,-0.347473
34.95601963996887,0.857422,-0.632812,-0.289063,-0.371094,-0.046875,0.087891,0.207031,0.751404,-0.480164,0.291382,-0.346252
34.97632694244385,0.859131,-1.097656,-0.222656,-0.332031,0.158203,0.164062,0.041016,0.751587,-0.478699,0.292480,-0.347046
34.996562004089355,0.861206,-1.621094,-0.261719,2.109375,-0.072266,0.324219,-0.154297,0.749817,-0.478271,0.294189,-0.349854
35.01610040664673,0.862305,-2.656250,-0.246094,0.179687,-0.207031,0.441406,-0.501953,0.746094,-0.479553,0.295715,-0.354797
35.03610968589783,0.863159,-0.097656,0.316406,0.425781,-0.218750,0.298828,-0.343750,0.742859,-0.481140,0.297241,-0.358215
35.056845903396606,0.865601,2.835938,0.644531,0.781250,-0.253906,0.099609,0.070312,0.741638,-0.482178,0.299316,-0.357544
35.076518058776855,0.866333,3.214844,0.230469,-0.519531,-0.134766,0.044922,0.585937,0.742981,-0.481079,0.302612,-0.353516
35.096287965774536,0.866089,-0.210937,-0.398438,-2.253906,0.105469,0.048828,0.402344,0.744812,-0.478821,0.304138,-0.351440
35.1165189743042,0.865479,-5.027344,-1.410156,-2.714844,0.332031,-0.001953,-0.220703,0.745544,-0.477112,0.302002,-0.354065
35.136300563812256,0.863770,-2.226563,-1.269531,-1.250000,0.408203,0.027344,-0.605469,0.745056,-0.475769,0.298767,-0.359558
35.15686821937561,0.864136,3.414063,1.433594,2.273438,-0.005859,0.544922,-0.279297,0.742432,-0.474792,0.301331,-0.364014
35.17622137069702,0.866821,4.179687,1.296875,-0.171875,0.056641,0.664062,0.166016,0.740479,-0.472717,0.306946,-0.366028
35.19634008407593,0.873779,-0.468750,1.425781,2.703125,-0.544922,0.335938,0.042969,0.737488,-0.474548,0.311401,-0.365967
35.21670842170715,0.877197,-1.375000,-0.796875,0.398438,-0.603516,0.078125,-0.052734,0.734375,-0.478577,0.313721,-0.365051
35.23675560951233,0.879639,-1.253906,-0.917969,-2.550781,-0.285156,-0.203125,-0.179687,0.733093,-0.481628,0.312622,-0.364624
35.25659394264221,0.880737,0.746094,-0.488281,-3.390625,0.113281,-0.357422,-0.042969,0.734436,-0.482483,0.309265,-0.363586
35.27660822868347,0.878174,-0.710937,0.156250,0.093750,0.226562,-0.691406,0.052734,0.737610,-0.483276,0.304199,-0.360413
35.29617714881897,0.874878,1.628906,0.179687,1.746094,-0.035156,-0.642578,0.378906,0.740601,-0.484375,0.301575,-0.354797
35.31709909439087,0.875732,1.175781,-0.816406,-1.652344,-0.078125,-0.099609,0.396484,0.742004,-0.483765,0.303040,-0.351501
35.33641242980957,0.880127,1.332031,-0.988281,-4.390625,0.277344,0.509766,0.402344,0.742615,-0.479675,0.307800,-0.351685
35.356932640075684,0.882568,0.039063,-0.457031,1.937500,-0.136719,0.529297,-0.117188,0.740234,-0.478760,0.311401,-0.354797
35.376792907714844,0.885132,-0.285156,0.093750,0.355469,-0.136719,0.337891,-0.582031,0.736389,-0.480286,0.311829,-0.360352
35.396761417388916,0.886475,-0.324219,0.125000,-0.632812,-0.037109,0.347656,-0.597656,0.732788,-0.481445,0.312073,-0.365906
35.41728448867798,0.886230,2.410156,1.097656,1.449219,-0.080078,0.220703,-0.277344,0.730835,-0.482117,0.312256,-0.368652
35.43680715560913,0.883057,0.460937,0.839844,1.121094,-0.187500,-0.400391,-0.087891,0.731140,-0.484497,0.309570,-0.367249
35.45686221122742,0.876221,5.066406,0.261719,-1.597656,0.056641,-0.626953,0.382813,0.734558,-0.485168,0.306946,-0.361694
35.47677159309387,0.878418,4.363281,-0.058594,-0.128906,0.015625,-0.277344,0.941406,0.738708,-0.482910,0.309082,-0.354492
35.49677610397339,0.882812,-2.605469,-2.121094,-4.265625,0.476562,0.044922,0.205078,0.741577,-0.478760,0.308655,-0.354370
35.51727247238159,0.886475,-7.703125,-3.738281,-4.558594,1.259766,-0.001953,-0.500000,0.745483,-0.470947,0.302002,-0.362244
35.53689670562744,0.883667,-0.921875,-0.507812,-0.042969,1.449219,0.552734,-0.884766,0.747681,-0.460876,0.296204,-0.375305
35.557124376297,0.879761,-0.449219,0.218750,-2.093750,1.250000,0.691406,-0.925781,0.746521,-0.453857,0.293518,-0.388000
35.58234691619873,0.869751,1.984375,3.964844,11.656250,-0.351563,0.550781,-0.751953,0.740784,-0.455933,0.294983,-0.395386
35.59685468673706,0.864868,0.160156,2.625000,1.691406,-0.281250,0.134766,-0.505859,0.737183,-0.458679,0.295349,-0.398682
35.617213010787964,0.859619,6.632812,4.902344,-0.960937,-0.039063,-0.099609,0.423828,0.739136,-0.457886,0.296143,-0.395325
35.637426137924194,0.842163,3.468750,3.906250,-2.707031,0.675781,-0.617187,1.060547,0.747803,-0.452515,0.294067,-0.386719
35.65700316429138,0.832275,2.820313,2.265625,4.597656,0.232422,-0.923828,1.238281,0.755493,-0.451477,0.291626,-0.374634
35.6771399974823,0.824829,-7.980469,-0.824219,15.722656,-0.878906,-0.941406,0.185547,0.755676,-0.459656,0.289063,-0.366211
35.69737243652344,0.823486,2.835938,-0.117188,-4.246094,-0.500000,-0.441406,0.248047,0.755249,-0.464661,0.288696,-0.360962
35.71712064743042,0.823486,-0.050781,-2.199219,-3.140625,-0.363281,-0.044922,0.158203,0.754578,-0.466614,0.289978,-0.358826
35.73768711090088,0.825806,-1.925781,-3.617188,-6.667969,0.283203,0.105469,-0.076172,0.755127,-0.464722,0.289734,-0.360352
35.75750207901001,0.826660,-0.058594,-0.492187,-1.226563,0.183594,0.044922,-0.066406,0.755493,-0.463440,0.289185,-0.361755
35.77748250961304,0.826294,-0.687500,0.964844,2.941406,-0.103516,-0.042969,-0.103516,0.754700,-0.464600,0.288879,-0.362183
35.79778814315796,0.827148,-0.175781,1.054688,2.589844,-0.412109,-0.027344,-0.072266,0.752625,-0.467773,0.289856,-0.361572
35.817113161087036,0.828003,0.667969,0.250000,0.941406,-0.457031,0.056641,-0.007813,0.750427,-0.470886,0.291748,-0.360657
35.837817668914795,0.833252,-0.011719,-0.757812,-1.363281,-0.273438,0.042969,0.029297,0.749084,-0.472595,0.293213,-0.359924
35.85778069496155,0.834717,-0.503906,-0.476562,-1.414063,-0.070312,-0.037109,0.035156,0.748962,-0.473267,0.293335,-0.359192
35.87754487991333,0.833740,-1.007813,0.062500,-0.312500,0.029297,-0.359375,-0.005859,0.750305,-0.473999,0.290527,-0.357666
35.898369789123535,0.829468,0.148437,0.312500,-1.453125,0.093750,-0.654297,0.144531,0.753235,-0.474609,0.286194,-0.354187
35.91751718521118,0.832031,0.261719,-0.160156,0.507812,0.095703,-0.316406,0.375000,0.755920,-0.473694,0.285217,-0.350525
35.93775463104248,0.839600,0.148437,-0.945312,-0.820312,0.070312,0.390625,0.339844,0.756287,-0.470947,0.289185,-0.350037
35.95766997337341,0.858643,-1.695313,-0.980469,0.734375,-0.224609,0.769531,-0.054687,0.753357,-0.469604,0.294800,-0.353577
35.97782826423645,0.862183,-3.000000,-0.238281,-0.878906,-0.130859,0.488281,-0.419922,0.750061,-0.469727,0.297241,-0.358276
35.99770641326904,0.864014,-0.035156,0.628906,0.945312,-0.185547,0.185547,-0.115234,0.748352,-0.470703,0.298523,-0.359558
36.018338441848755,0.864380,0.511719,0.910156,3.789063,-0.453125,-0.160156,0.197266,0.747559,-0.473572,0.299683,-0.356567
36.03786540031433,0.874146,1.589844,-0.519531,-2.308594,-0.244141,0.076172,0.464844,0.747742,-0.473633,0.303040,-0.353210
36.05807399749756,0.881226,1.722656,-1.687500,-5.871094,0.240234,0.369141,0.185547,0.747986,-0.470581,0.305725,-0.354492
36.07811641693115,0.884888,-6.207031,-2.917969,-2.203125,0.630859,0.236328,-0.960937,0.747192,-0.467163,0.301514,-0.364136
36.098087549209595,0.884399,3.406250,-2.253906,-5.234375,1.457031,0.525391,-0.789062,0.748779,-0.457764,0.296753,-0.376526
36.11779570579529,0.881836,2.906250,2.832031,3.273438,0.919922,0.537109,-0.404297,0.749573,-0.450439,0.295593,-0.384583
36.137885332107544,0.877808,1.042969,5.375000,7.312500,-0.222656,0.158203,-0.146484,0.747925,-0.450989,0.296570,-0.386353
36.158082008361816,0.867187,3.648438,3.757813,1.750000,-0.511719,-0.097656,0.158203,0.746704,-0.454285,0.298462,-0.383423
36.178144454956055,0.860229,2.125000,0.910156,-1.335938,-0.136719,-0.337891,0.513672,0.748718,-0.455383,0.299072,-0.377625
36.198272705078125,0.855103,0.839844,-0.046875,3.085938,-0.328125,-0.519531,0.589844,0.751038,-0.457825,0.298645,-0.370361
36.21808576583862,0.845581,-2.433594,-0.300781,2.375000,-0.294922,-0.675781,0.257813,0.752502,-0.461609,0.296265,-0.364502
36.23808789253235,0.841797,-1.558594,-2.046875,-2.390625,-0.162109,-0.388672,0.046875,0.753113,-0.463867,0.294067,-0.362122
36.25845909118652,0.838135,-2.523438,-2.812500,-3.703125,0.197266,-0.095703,-0.337891,0.752991,-0.463989,0.291260,-0.364502
36.27812051773071,0.836304,-0.105469,-0.292969,-0.562500,0.208984,-0.005859,-0.361328,0.752686,-0.463440,0.288757,-0.367859
36.298118591308594,0.835205,0.261719,0.503906,0.328125,0.095703,-0.060547,-0.312500,0.752075,-0.463806,0.286621,-0.370300
36.318398237228394,0.834595,1.089844,0.816406,1.589844,-0.103516,-0.048828,-0.226562,0.750793,-0.465332,0.285828,-0.371582
36.33837699890137,0.835327,1.339844,0.988281,1.867188,-0.359375,0.136719,-0.039063,0.748596,-0.467468,0.287781,-0.371704
36.35863018035889,0.843018,-0.652344,0.296875,0.988281,-0.470703,0.199219,-0.041016,0.745789,-0.470093,0.290894,-0.371704
36.37837266921997,0.847656,0.710937,-0.398438,-0.246094,-0.349609,0.199219,0.052734,0.743774,-0.471802,0.293884,-0.371216
36.39846849441528,0.850952,-0.066406,0.000000,0.046875,-0.289063,0.015625,0.189453,0.743103,-0.473022,0.296204,-0.369202
36.41811680793762,0.855225,2.339844,0.207031,0.011719,-0.248047,0.093750,0.580078,0.743713,-0.472839,0.300354,-0.364807
36.43858480453491,0.856079,1.039063,-0.253906,-0.140625,-0.214844,0.070312,0.613281,0.744690,-0.472107,0.304688,-0.360168
36.458341121673584,0.857910,0.296875,-0.597656,-2.226563,0.009766,0.125000,0.402344,0.745850,-0.470032,0.307861,-0.357788
36.478732109069824,0.863159,-0.351563,-0.199219,-0.480469,0.179687,0.359375,0.287109,0.746277,-0.466736,0.311157,-0.358276
36.49910879135132,0.864990,-5.406250,-0.765625,2.863281,-0.224609,0.554687,-0.388672,0.742493,-0.467346,0.313843,-0.363037
36.518495321273804,0.866455,-5.847656,0.269531,1.628906,-0.351563,0.318359,-0.832031,0.736694,-0.471313,0.314209,-0.369385
36.53859233856201,0.869629,2.378906,0.921875,1.402344,-0.353516,0.302734,-0.406250,0.732544,-0.474243,0.315430,-0.372803
36.55867552757263,0.869873,2.417969,0.253906,-0.468750,-0.248047,-0.144531,-0.087891,0.731567,-0.476440,0.315125,-0.372192
36.57864189147949,0.870361,5.550781,-0.203125,-3.371094,0.128906,0.021484,0.607422,0.734070,-0.473755,0.317444,-0.368713
36.598798513412476,0.870728,2.152344,-0.664062,-3.839844,0.468750,0.310547,0.609375,0.737183,-0.467896,0.320618,-0.367188
36.61872959136963,0.874390,-4.406250,-1.187500,-0.214844,0.248047,0.167969,-0.095703,0.737610,-0.465393,0.320557,-0.369629
36.639042377471924,0.874634,-1.125000,-0.273438,-0.101563,0.224609,0.128906,-0.470703,0.736511,-0.464722,0.318726,-0.374207
36.658833026885986,0.874878,1.800781,1.363281,1.597656,0.033203,0.111328,-0.275391,0.735291,-0.464722,0.318176,-0.377014
36.679266691207886,0.876587,2.128906,1.714844,2.187500,-0.195312,0.060547,-0.037109,0.733887,-0.466064,0.319214,-0.377197
36.698835611343384,0.877441,0.933594,1.710938,3.363281,-0.566406,0.035156,-0.031250,0.731140,-0.469788,0.321411,-0.376099
36.71885538101196,0.877319,-2.101563,-0.972656,-0.589844,-0.558594,0.066406,-0.187500,0.727783,-0.474182,0.322937,-0.375671
36.73935413360596,0.875366,-0.722656,0.101563,0.179687,-0.503906,-0.308594,-0.146484,0.726135,-0.478821,0.321899,-0.373962
36.758808851242065,0.874756,0.746094,-0.179687,-3.460938,-0.052734,-0.375000,0.242187,0.727966,-0.479675,0.320496,-0.370483
36.778645515441895,0.875244,4.671875,-0.011719,-3.589844,0.046875,-0.027344,0.474609,0.730286,-0.477478,0.321777,-0.367676
36.799299240112305,0.881348,1.062500,-0.265625,-1.707031,0.328125,0.371094,0.296875,0.731384,-0.473389,0.324829,-0.368103
36.81888222694397,0.883911,-1.921875,0.031250,3.695313,-0.130859,0.517578,0.058594,0.729309,-0.472107,0.329224,-0.369934
36.84460163116455,0.884766,-4.421875,-0.210937,1.718750,-0.277344,0.433594,-0.408203,0.725281,-0.473633,0.331604,-0.373779
36.85899615287781,0.885742,-0.941406,0.347656,-0.074219,-0.250000,0.169922,-0.335938,0.722412,-0.475647,0.332275,-0.376038
36.87903642654419,0.886353,1.675781,0.402344,0.578125,-0.222656,-0.119141,0.011719,0.721741,-0.477356,0.332520,-0.375061
36.89912557601929,0.887695,2.613281,-0.281250,-2.195313,-0.005859,-0.023437,0.318359,0.722778,-0.476440,0.333984,-0.372803
36.91882038116455,0.890625,2.460938,-0.562500,-2.898438,0.271484,0.292969,0.449219,0.724487,-0.472412,0.337158,-0.371948
36.9393048286438,0.896240,-1.574219,-0.941406,-1.437500,0.242187,0.283203,-0.113281,0.724182,-0.469971,0.337830,-0.374939
36.95909070968628,0.897095,-1.218750,-0.019531,0.871094,0.130859,0.224609,-0.537109,0.722351,-0.469604,0.336487,-0.380127
36.97928047180176,0.896973,2.375000,1.367188,0.164062,0.125000,0.119141,-0.240234,0.721436,-0.469299,0.335815,-0.382813
36.99938154220581,0.895386,1.921875,1.949219,3.199219,-0.212891,-0.013672,-0.025391,0.720276,-0.470947,0.336426,-0.382446
37.01966071128845,0.894165,0.695312,1.511719,3.039063,-0.482422,-0.015625,0.007813,0.718079,-0.474304,0.338318,-0.380737
37.03973150253296,0.893311,-1.601563,-0.871094,0.105469,-0.554687,0.013672,-0.019531,0.715515,-0.478149,0.340454,-0.378845
37.05955266952515,0.894165,0.980469,-0.003906,-0.453125,-0.501953,-0.080078,0.205078,0.714233,-0.481018,0.342529,-0.375610
37.07968997955322,0.894409,1.378906,-0.332031,-2.503906,-0.146484,-0.017578,0.503906,0.715454,-0.480591,0.345337,-0.371399
37.09934186935425,0.894043,3.066406,-0.078125,-2.195313,0.085937,-0.164062,0.691406,0.718323,-0.478638,0.347229,-0.366516
37.11971831321716,0.895142,-2.425781,-0.906250,-3.589844,0.291016,-0.089844,0.183594,0.720337,-0.476807,0.346863,-0.365295
37.139554262161255,0.896606,-0.261719,0.148437,2.238281,0.011719,0.126953,0.007813,0.719910,-0.476257,0.347229,-0.366455
37.15937066078186,0.898437,-4.417969,-0.480469,1.035156,-0.197266,0.123047,-0.750000,0.716125,-0.479248,0.345825,-0.371399
37.17990779876709,0.901978,2.125000,0.128906,-1.132813,-0.216797,0.380859,-0.630859,0.711304,-0.481750,0.345825,-0.377258
37.19968104362488,0.902710,-0.890625,0.042969,-0.679687,-0.150391,0.408203,-0.683594,0.706543,-0.483337,0.346802,-0.383240
37.21932077407837,0.903809,4.359375,0.671875,0.562500,-0.205078,0.568359,-0.126953,0.703186,-0.483337,0.350342,-0.386230
37.240068435668945,0.904175,0.160156,0.535156,0.296875,-0.148437,0.103516,0.068359,0.702332,-0.483459,0.352295,-0.385803
37.25935173034668,0.902710,2.734375,0.191406,-1.980469,-0.005859,-0.056641,0.441406,0.704163,-0.482178,0.354065,-0.382446
37.28003549575806,0.901123,-0.695312,-0.253906,-1.226563,0.205078,-0.228516,0.513672,0.707947,-0.479492,0.354431,-0.378540
37.29962229728699,0.899536,0.140625,-0.324219,-1.875000,0.447266,-0.171875,0.396484,0.711853,-0.475891,0.353333,-0.376709
37.31986594200134,0.895508,-3.207031,-0.625000,-0.886719,0.507812,-0.037109,-0.033203,0.714417,-0.472351,0.351013,-0.378540
37.340115547180176,0.893677,-4.195312,-1.113281,-0.726562,0.666016,0.033203,-0.447266,0.715393,-0.469116,0.347534,-0.383850
37.35973381996155,0.894165,1.824219,-0.976562,1.347656,0.392578,0.435547,-0.376953,0.713867,-0.466614,0.347168,-0.390015
37.38000249862671,0.898437,-0.007813,1.820313,4.097656,-0.218750,0.548828,-0.298828,0.710144,-0.466736,0.350525,-0.393677
37.39980387687683,0.900024,3.960938,2.148438,3.218750,-0.355469,0.419922,0.138672,0.706909,-0.467834,0.355835,-0.393433
37.41985487937927,0.901367,0.562500,0.148437,1.542969,-0.736328,0.287109,0.201172,0.703369,-0.470703,0.361633,-0.391113
37.44026279449463,0.902466,-0.722656,-1.234375,-3.328125,-0.337891,0.214844,0.173828,0.701782,-0.471680,0.365295,-0.389404
37.46068596839905,0.902466,0.117188,-0.277344,-2.300781,-0.058594,-0.066406,0.248047,0.702515,-0.471680,0.366333,-0.387024
37.48031497001648,0.902466,-1.250000,-0.054687,0.195312,-0.046875,-0.255859,0.421875,0.704712,-0.471680,0.366638,-0.382751
37.50027585029602,0.901367,0.703125,0.320313,0.933594,-0.105469,-0.298828,0.580078,0.707092,-0.471619,0.368042,-0.377075
37.520434856414795,0.901123,-2.550781,-0.945312,-2.148438,-0.037109,-0.140625,0.230469,0.708435,-0.471313,0.368408,-0.374451
37.54011869430542,0.902100,-0.628906,-0.648437,-2.859375,0.189453,-0.046875,0.052734,0.709656,-0.469971,0.367432,-0.374817
37.560203075408936,0.903198,0.351563,-0.234375,-0.179687,0.140625,0.017578,-0.441406,0.708801,-0.470215,0.364929,-0.378601
37.580408811569214,0.906128,1.414063,0.320313,2.488281,-0.037109,0.148437,-0.716797,0.705505,-0.472229,0.362793,-0.384216
37.60050439834595,0.907227,0.050781,0.457031,1.062500,-0.203125,0.484375,-0.654297,0.700439,-0.474182,0.363892,-0.389954
37.62022042274475,0.907959,0.945312,0.566406,2.136719,-0.533203,0.580078,-0.298828,0.695129,-0.476379,0.368042,-0.392944
37.64019322395325,0.910400,3.250000,0.980469,1.433594,-0.396484,0.240234,0.117188,0.692749,-0.477661,0.371948,-0.391907
37.66033720970154,0.910156,3.039063,0.144531,-2.687500,-0.083984,0.085937,0.443359,0.693665,-0.476440,0.375183,-0.388733
37.68114185333252,0.909424,0.664062,0.007813,-1.078125,0.109375,-0.111328,0.601562,0.697083,-0.473511,0.376770,-0.384644
37.70041036605835,0.904785,-1.132813,-0.371094,-2.445313,0.402344,-0.267578,0.410156,0.701294,-0.470337,0.375305,-0.382263
37.72068548202515,0.901611,-2.757813,-0.562500,-1.394531,0.800781,-0.199219,-0.007813,0.705261,-0.466125,0.370972,-0.384277
37.74033212661743,0.898193,-5.617187,-1.320313,2.066406,0.640625,-0.085937,-0.673828,0.705872,-0.464233,0.365540,-0.390686
37.760226011276245,0.897095,0.464844,-1.015625,1.574219,0.273438,0.398438,-0.697266,0.702759,-0.463928,0.363953,-0.398071
37.7806122303009,0.899048,2.222656,2.417969,4.238281,-0.433594,0.572266,-0.363281,0.697937,-0.465210,0.367310,-0.401978
37.80036735534668,0.901123,4.484375,1.015625,-0.449219,0.025391,0.443359,0.017578,0.695496,-0.464355,0.371094,-0.403564
37.820695877075195,0.902344,1.265625,1.566406,3.207031,-0.314453,0.314453,0.171875,0.692993,-0.465027,0.375793,-0.402771
37.8404860496521,0.904419,-0.250000,0.671875,5.164062,-0.810547,0.412109,0.146484,0.688782,-0.467834,0.382080,-0.400940
37.8605899810791,0.905396,-0.554687,-0.980469,-1.253906,-0.527344,0.335938,0.162109,0.685791,-0.469604,0.387146,-0.399170
37.8808491230011,0.905640,0.410156,-0.316406,-1.902344,-0.250000,-0.132812,0.236328,0.685913,-0.470947,0.388367,-0.396057
37.90052676200867,0.904419,-1.554688,-0.355469,-2.347656,0.017578,-0.445312,0.158203,0.688538,-0.471436,0.386353,-0.392883
37.92076563835144,0.904663,1.500000,-0.179687,-2.125000,0.201172,-0.164062,0.275391,0.691101,-0.469788,0.385193,-0.391479
37.94066905975342,0.906250,-3.863281,-0.843750,-1.093750,0.158203,0.156250,-0.185547,0.690491,-0.468872,0.385437,-0.393433
37.96084427833557,0.910278,2.773438,0.121094,2.761719,-0.154297,0.441406,-0.027344,0.688171,-0.468201,0.388855,-0.394958
37.980525970458984,0.912598,2.382813,0.582031,0.195312,-0.119141,0.466797,0.224609,0.686584,-0.466736,0.393250,-0.395020
38.00084686279297,0.914185,-1.644531,0.511719,2.003906,-0.291016,0.175781,0.251953,0.685608,-0.467102,0.396790,-0.392822
38.0211706161499,0.915527,-1.285156,0.789062,2.343750,-0.363281,-0.136719,0.357422,0.685608,-0.468811,0.399231,-0.388245
38.04113006591797,0.915527,0.902344,0.480469,1.035156,-0.417969,-0.099609,0.568359,0.686340,-0.469849,0.402405,-0.382385
38.061511754989624,0.914551,0.917969,-0.484375,-0.480469,-0.320313,-0.191406,0.556641,0.688171,-0.470032,0.404663,-0.376404
38.080833435058594,0.901978,1.281250,-0.812500,-5.046875,0.267578,-0.566406,0.572266,0.694702,-0.467407,0.401672,-0.370850
38.10092306137085,0.890381,0.414062,-0.929687,-10.921875,2.251953,-1.277344,0.466797,0.710937,-0.455566,0.385803,-0.371765
38.12138772010803,0.871826,-11.226563,-2.398438,-17.460937,3.931641,-1.419922,-1.039063,0.730042,-0.436401,0.357422,-0.385864
38.14314413070679,0.853638,0.875000,-3.445313,0.652344,3.830078,-1.160156,-0.861328,0.746826,-0.415344,0.329956,-0.401123
38.16151809692383,0.814087,-0.347656,0.398438,-5.167969,3.818359,-0.464844,-1.125000,0.758667,-0.393738,0.306396,-0.418884
38.18164587020874,0.786377,1.355469,4.691406,9.394531,1.066406,-0.130859,-1.279297,0.758057,-0.390137,0.295654,-0.430969
38.201255321502686,0.765503,-3.359375,8.078125,26.343750,-1.794922,-0.101563,-1.216797,0.746765,-0.406555,0.297485,-0.434265
38.22138166427612,0.774414,8.074219,5.539062,-0.160156,-2.187500,0.025391,-0.197266,0.736938,-0.422974,0.306091,-0.429321
38.24629235267639,0.784058,8.335938,5.113281,-5.468750,-1.468750,-0.007813,0.875000,0.734497,-0.430969,0.315552,-0.418579
38.26120686531067,0.789673,4.347656,3.871094,-6.378906,-0.539062,-0.320313,1.326172,0.738159,-0.432678,0.321228,-0.405823
38.28127408027649,0.803223,-6.703125,-3.183594,1.527344,-0.197266,-0.642578,0.921875,0.742798,-0.434143,0.321045,-0.395813
38.30158281326294,0.811279,-10.265625,-8.414063,11.703125,-0.667969,-0.984375,-0.160156,0.743042,-0.442627,0.315186,-0.390625
38.321528673172,0.811768,-4.890625,-0.539062,0.000000,-0.509766,-1.095703,-0.669922,0.741882,-0.452087,0.307251,-0.388367
38.34208917617798,0.809937,10.199219,4.542969,-6.453125,-0.044922,-0.294922,0.322266,0.743286,-0.453735,0.306030,-0.384766
38.361451148986816,0.809692,-3.050781,-3.535156,2.152344,-0.277344,-0.103516,0.134766,0.743164,-0.455383,0.306458,-0.382629
38.381693601608276,0.808838,-2.042969,-1.457031,-3.847656,0.095703,-0.191406,-0.222656,0.743347,-0.456116,0.304321,-0.383057
38.401296615600586,0.804810,3.453125,1.148438,-0.773437,0.142578,-0.138672,0.148437,0.744812,-0.455505,0.302917,-0.382080
38.421321630477905,0.802246,-2.035156,-0.699219,0.812500,0.015625,-0.173828,-0.107422,0.745117,-0.456238,0.301331,-0.381897
38.44205832481384,0.801758,1.089844,0.558594,0.820312,-0.101563,-0.080078,-0.019531,0.744873,-0.457397,0.300964,-0.381287
38.46192789077759,0.801147,0.140625,0.226562,1.027344,-0.154297,-0.109375,0.083984,0.744812,-0.458740,0.300964,-0.379822
38.481730461120605,0.796509,-0.902344,-0.375000,-0.175781,-0.175781,-0.074219,-0.019531,0.744202,-0.460266,0.301208,-0.378967
38.50169563293457,0.799805,0.867187,-0.054687,-0.367188,-0.250000,0.181641,0.056641,0.742737,-0.461304,0.303650,-0.378662
38.5218186378479,0.806396,-0.898437,-0.109375,0.722656,-0.314453,0.341797,0.007813,0.740295,-0.462463,0.307373,-0.378906
38.54151272773743,0.822632,-0.035156,0.343750,1.289063,-0.412109,0.193359,0.101563,0.738464,-0.464111,0.310791,-0.377747
38.56184244155884,0.825806,1.875000,0.320313,-0.875000,-0.230469,0.117188,0.513672,0.739075,-0.463806,0.314453,-0.373840
38.58159255981445,0.826660,2.062500,0.152344,-1.710938,0.052734,-0.121094,0.642578,0.741638,-0.461792,0.316772,-0.369263
38.60164713859558,0.831665,-2.917969,-1.316406,-2.601563,0.142578,0.310547,0.138672,0.741760,-0.459412,0.319336,-0.369751
38.62213063240051,0.841187,-2.242188,-0.804687,4.500000,-0.423828,0.724609,-0.416016,0.736572,-0.460754,0.323242,-0.375061
38.64192175865173,0.848145,-6.097656,-0.335938,0.535156,-0.478516,0.470703,-0.980469,0.729492,-0.465149,0.324829,-0.382141
38.661784648895264,0.859619,3.976563,1.480469,2.214844,-0.568359,0.498047,-0.316406,0.724243,-0.468323,0.328369,-0.385071
38.68182325363159,0.861328,1.101563,0.746094,-0.121094,-0.337891,0.115234,-0.001953,0.722168,-0.470337,0.330750,-0.384460
38.70186233520508,0.861694,2.250000,0.109375,-1.445313,-0.183594,-0.013672,0.437500,0.722839,-0.470215,0.333740,-0.380737
38.72206258773804,0.864868,3.136719,0.035156,-1.152344,-0.171875,0.189453,0.705078,0.724060,-0.468384,0.338501,-0.376465
38.74212837219238,0.869019,-1.667969,-0.664062,-0.746094,-0.044922,0.212891,0.326172,0.724548,-0.466858,0.341431,-0.374817
38.764328718185425,0.872437,-1.437500,-0.558594,-1.089844,0.128906,0.011719,0.062500,0.725220,-0.465698,0.341309,-0.375061
38.782596588134766,0.872314,-3.261719,-1.445313,-2.785156,0.369141,0.005859,-0.373047,0.725769,-0.463928,0.338318,-0.378967
38.802278995513916,0.867676,-1.421875,-1.851563,-3.960938,0.644531,0.140625,-0.494141,0.726135,-0.460999,0.334656,-0.384949
38.822078227996826,0.865479,0.468750,1.425781,3.285156,0.212891,0.150391,-0.339844,0.725342,-0.460144,0.333496,-0.388550
38.842344522476196,0.864258,2.750000,2.921875,5.785156,-0.314453,0.042969,0.087891,0.723877,-0.462097,0.335449,-0.387268
38.86222553253174,0.868530,-0.167969,1.082031,5.480469,-0.941406,0.105469,0.167969,0.720276,-0.466919,0.340576,-0.383728
38.88266205787659,0.874878,0.816406,-2.210938,-2.683594,-0.582031,0.529297,0.271484,0.716858,-0.468262,0.347778,-0.381958
38.902671575546265,0.881592,1.519531,-0.839844,-4.054687,-0.277344,0.650391,0.359375,0.714600,-0.466736,0.354980,-0.381531
38.922245264053345,0.891724,-2.261719,-0.417969,-0.667969,-0.156250,0.533203,0.099609,0.712158,-0.465698,0.359924,-0.382690
38.94237470626831,0.894531,-2.367188,0.097656,0.183594,-0.101563,0.269531,-0.216797,0.709778,-0.466370,0.361511,-0.384705
38.962133169174194,0.895386,-0.406250,0.648437,1.785156,-0.208984,-0.158203,-0.156250,0.708801,-0.469055,0.360291,-0.384460
38.982176303863525,0.891113,-0.777344,0.511719,1.425781,-0.033203,-0.673828,-0.228516,0.710083,-0.472534,0.355103,-0.382568
39.002355098724365,0.886841,1.687500,0.203125,-2.019531,0.191406,-0.759766,0.025391,0.713501,-0.474182,0.349365,-0.379517
39.022294759750366,0.882568,0.285156,-0.195312,0.039063,0.054687,-0.466797,0.070312,0.715820,-0.475037,0.346313,-0.376892
39.0422728061676,0.881592,1.726563,-0.464844,-0.652344,-0.037109,0.107422,0.431641,0.716736,-0.473633,0.348572,-0.374756
39.06263089179993,0.892700,2.664063,-0.250000,-0.863281,-0.078125,0.621094,0.314453,0.715332,-0.471252,0.354614,-0.374817
39.08264493942261,0.897583,-4.890625,-0.730469,-0.187500,-0.242187,0.625000,-0.142578,0.711426,-0.471069,0.359314,-0.377930
39.102707862854004,0.900635,-3.019531,-0.285156,-0.753906,-0.111328,0.482422,-0.519531,0.707397,-0.471619,0.360779,-0.383362
39.122314453125,0.900024,1.867188,0.218750,-1.582031,0.013672,0.351563,-0.333984,0.705261,-0.471069,0.361328,-0.387512
39.14276719093323,0.897339,0.839844,0.105469,-1.261719,0.175781,0.113281,-0.087891,0.705200,-0.469849,0.361206,-0.389221
39.16283702850342,0.894165,1.007813,1.406250,2.992188,-0.130859,0.089844,0.109375,0.704590,-0.470032,0.362915,-0.388550
39.18288516998291,0.890991,-0.644531,-0.269531,2.195313,-0.357422,0.162109,0.105469,0.702820,-0.471313,0.366150,-0.387085
39.20274114608765,0.893677,0.980469,0.128906,0.593750,-0.480469,0.343750,0.384766,0.701050,-0.471558,0.372131,-0.384338
39.22300601005554,0.896606,2.921875,-0.054687,-0.699219,-0.371094,0.609375,0.871094,0.700317,-0.468872,0.381287,-0.379883
39.24364757537842,0.900391,-3.917969,-0.914062,-3.644531,-0.099609,0.373047,0.500000,0.700439,-0.465942,0.386902,-0.377686
39.26265096664429,0.901855,-0.937500,-0.355469,-2.972656,0.162109,0.394531,0.285156,0.700500,-0.462463,0.390198,-0.378357
39.28287744522095,0.902832,-1.464844,-0.402344,0.980469,0.052734,0.394531,-0.181641,0.698669,-0.461304,0.391907,-0.381409
39.30284786224365,0.902832,-0.722656,0.726562,1.718750,-0.027344,0.136719,-0.511719,0.696167,-0.462708,0.390930,-0.385193
39.32290577888489,0.901733,1.750000,0.816406,2.468750,-0.220703,-0.001953,-0.212891,0.694336,-0.465027,0.390686,-0.385986
39.34313678741455,0.900269,0.648437,0.218750,0.402344,-0.250000,-0.111328,-0.080078,0.693359,-0.467346,0.390686,-0.385010
39.363216161727905,0.901367,1.488281,0.007813,-1.167969,-0.185547,0.054687,0.255859,0.693115,-0.467468,0.393250,-0.382751
39.384506940841675,0.909058,1.972656,0.191406,1.300781,-0.332031,0.474609,0.603516,0.691895,-0.465820,0.400330,-0.379517
39.40569996833801,0.912231,-2.878906,-0.429687,-2.906250,-0.117188,0.486328,0.306641,0.690125,-0.463928,0.406250,-0.378723
39.42312502861023,0.914062,-1.453125,-0.386719,1.210938,-0.285156,0.535156,-0.101563,0.686829,-0.463684,0.409851,-0.381104
39.44388175010681,0.914551,-4.480469,-0.292969,-2.933594,-0.080078,0.160156,-0.417969,0.684509,-0.465027,0.409302,-0.384216
39.46311283111572,0.913086,-0.453125,-0.007813,-1.890625,0.093750,-0.242187,-0.314453,0.684753,-0.466797,0.405518,-0.385803
39.483187675476074,0.908936,-1.695313,-0.582031,-3.734375,0.597656,-0.771484,-0.453125,0.689026,-0.467102,0.395447,-0.388184
39.50423288345337,0.899536,-2.925781,-2.070313,-8.218750,1.496094,-0.783203,-0.703125,0.695984,-0.462585,0.381714,-0.394836
39.52356958389282,0.895508,-0.707031,-5.425781,-3.046875,1.773438,-0.158203,-0.857422,0.701904,-0.453491,0.369446,-0.406372
39.547893047332764,0.891968,6.226562,0.667969,-7.449219,2.474609,0.226562,-0.380859,0.710022,-0.437500,0.359253,-0.418884
39.56340408325195,0.886230,0.609375,1.277344,1.097656,2.169922,0.449219,-0.246094,0.716309,-0.421753,0.352356,-0.429993
39.583497762680054,0.880249,-1.652344,3.484375,9.781250,0.556641,0.353516,-0.523437,0.715454,-0.417725,0.349915,-0.437317
39.603238582611084,0.870483,-2.359375,3.890625,11.605469,-0.531250,-0.005859,-0.650391,0.710815,-0.423157,0.349792,-0.439636
39.62355375289917,0.844238,7.585937,3.675781,0.468750,-0.781250,-0.142578,0.201172,0.708984,-0.428406,0.352844,-0.435120
39.64348387718201,0.839111,5.457031,2.183594,-3.222656,-0.412109,-0.218750,0.927734,0.711792,-0.429321,0.356628,-0.426392
39.66318964958191,0.837158,-0.226562,0.710937,-1.804688,-0.107422,-0.634766,0.841797,0.716980,-0.429932,0.356323,-0.417236
39.68382692337036,0.835205,-4.078125,-0.367188,1.996094,-0.312500,-0.900391,0.572266,0.721252,-0.433899,0.353455,-0.408142
39.70325231552124,0.830566,-5.886719,-2.351563,0.917969,-0.294922,-1.154297,0.105469,0.724609,-0.440002,0.346863,-0.401306
39.72343325614929,0.829468,-1.496094,-0.542969,-1.253906,0.099609,-1.111328,-0.134766,0.728271,-0.444336,0.338074,-0.397400
39.74339056015015,0.829224,1.902344,1.210938,0.234375,0.085937,-0.822266,0.005859,0.731384,-0.447205,0.331665,-0.393799
39.76433873176575,0.827637,-0.066406,1.210938,1.878906,-0.240234,-0.705078,0.044922,0.732788,-0.451477,0.327637,-0.389648
39.78386855125427,0.827148,0.023437,-0.683594,-1.214844,-0.373047,-0.425781,0.033203,0.732849,-0.455505,0.325928,-0.386292
39.804306507110596,0.827759,0.160156,-1.546875,-3.824219,-0.019531,-0.169922,0.007813,0.733276,-0.456482,0.324768,-0.385315
39.82372307777405,0.826416,0.039063,-1.363281,-2.890625,0.185547,0.052734,-0.070312,0.733704,-0.455322,0.324097,-0.386353
39.84373092651367,0.825073,0.261719,-0.183594,-0.617187,0.101563,0.011719,0.007813,0.734131,-0.454651,0.323730,-0.386658
39.86433982849121,0.821655,-1.203125,0.277344,1.867188,-0.089844,-0.187500,-0.039063,0.734192,-0.456055,0.322571,-0.385925
39.88427448272705,0.812012,-1.164063,-0.214844,0.585937,-0.173828,-0.191406,-0.193359,0.733398,-0.458435,0.320984,-0.385925
39.90395712852478,0.811035,0.367188,-0.312500,-1.230469,-0.083984,-0.009766,-0.158203,0.732422,-0.459717,0.320557,-0.386658
39.924251556396484,0.814697,0.734375,-0.191406,-1.214844,-0.142578,0.167969,-0.085937,0.731018,-0.460327,0.321777,-0.387512
39.94370412826538,0.824829,1.363281,0.476562,1.117188,-0.173828,0.207031,0.064453,0.729675,-0.460754,0.324280,-0.387451
39.964091062545776,0.827271,0.050781,-0.007813,1.125000,-0.261719,0.283203,0.103516,0.728027,-0.461304,0.327759,-0.387085
39.98370957374573,0.829712,-0.300781,0.085937,0.804687,-0.302734,0.150391,0.076172,0.726440,-0.462891,0.330017,-0.386169
40.003740072250366,0.831909,-2.949219,-0.082031,0.039063,-0.177734,-0.318359,-0.128906,0.726318,-0.465393,0.328247,-0.384827
40.0241494178772,0.840942,5.851562,0.109375,-1.445313,0.031250,-0.093750,0.437500,0.728088,-0.464417,0.329285,-0.381714
40.04409837722778,0.847290,0.093750,-0.941406,-1.792969,0.025391,0.376953,0.384766,0.728455,-0.461487,0.334106,-0.380432
40.064167737960815,0.855957,1.574219,-0.605469,-0.218750,-0.210937,0.679687,0.314453,0.726807,-0.459167,0.340393,-0.380920
40.08434844017029,0.865845,-1.664063,-0.519531,-0.343750,-0.019531,0.447266,-0.148437,0.724548,-0.458191,0.343445,-0.383667
40.10413670539856,0.866821,-0.808594,0.570312,0.714844,-0.041016,0.287109,-0.246094,0.722534,-0.458252,0.344604,-0.386292
40.12427282333374,0.867310,0.210937,0.800781,1.488281,-0.064453,0.019531,-0.068359,0.721680,-0.459229,0.344543,-0.386719
40.14417028427124,0.864380,-1.812500,0.468750,2.242188,-0.175781,-0.375000,-0.121094,0.722107,-0.461792,0.342102,-0.385071
40.164306640625,0.867920,-0.164062,0.203125,-2.089844,-0.052734,-0.361328,0.449219,0.724426,-0.461914,0.342590,-0.380127
40.1842839717865,0.875488,5.707031,1.035156,3.285156,-0.445312,0.623047,1.292969,0.725342,-0.458984,0.353271,-0.372070
40.204259634017944,0.886963,-1.621094,0.992187,3.828125,-0.736328,0.185547,1.066406,0.725220,-0.459656,0.362244,-0.362671
40.229336977005005,0.888672,-1.511719,-0.035156,1.542969,-0.552734,-0.521484,0.730469,0.727173,-0.462708,0.364075,-0.353027
40.2443265914917,0.887329,-1.093750,-0.695312,-5.183594,0.148437,-0.546875,0.468750,0.731812,-0.461548,0.361145,-0.347839
40.26466226577759,0.884766,-4.640625,-0.828125,-7.839844,1.234375,-0.416016,-0.125000,0.737549,-0.455566,0.353394,-0.351501
40.28426504135132,0.883667,-8.753906,-0.597656,2.746094,0.662109,0.093750,-1.251953,0.736023,-0.454407,0.346558,-0.362854
40.30450963973999,0.883789,1.136719,0.007813,6.437500,-0.162109,0.792969,-1.166016,0.728333,-0.456726,0.347900,-0.374023
40.32441830635071,0.888550,1.992188,-0.464844,-0.035156,-0.636719,1.222656,-0.763672,0.718567,-0.458862,0.354980,-0.383423
40.34449052810669,0.895020,1.214844,-1.039063,-3.648438,-0.068359,0.972656,-0.511719,0.713257,-0.457153,0.359192,-0.391479
40.364444732666016,0.894653,-0.468750,-1.390625,-5.578125,0.855469,0.314453,-0.392578,0.714172,-0.451660,0.356628,-0.398499
40.38522243499756,0.892090,0.593750,1.203125,-0.050781,0.527344,0.119141,-0.248047,0.715332,-0.447998,0.354126,-0.402771
40.404712200164795,0.886841,1.078125,2.414063,3.753906,0.177734,-0.003906,-0.072266,0.715515,-0.447327,0.353455,-0.403748
40.424909353256226,0.884766,0.722656,2.699219,6.316406,-0.472656,-0.066406,0.115234,0.714417,-0.450134,0.355286,-0.400940
40.44470429420471,0.883423,2.140625,0.808594,1.542969,-0.548828,-0.117188,0.390625,0.713928,-0.452942,0.358032,-0.396179
40.46483278274536,0.882324,-0.140625,-2.128906,-3.574219,-0.072266,-0.087891,0.240234,0.714844,-0.452942,0.358948,-0.393738
40.48524236679077,0.880981,-0.031250,-0.574219,-1.796875,0.283203,-0.003906,0.160156,0.716675,-0.450623,0.358521,-0.393433
40.50481605529785,0.879272,-1.156250,0.523437,2.109375,0.109375,-0.013672,0.056641,0.717407,-0.449768,0.358276,-0.393250
40.52478623390198,0.878540,-0.859375,0.746094,2.960938,-0.177734,-0.089844,-0.017578,0.716980,-0.451294,0.358215,-0.392395
40.54482865333557,0.877075,0.128906,0.531250,0.917969,-0.162109,-0.152344,0.019531,0.716858,-0.452881,0.357849,-0.391174
40.564911127090454,0.874512,-0.566406,-0.121094,-0.445312,-0.017578,-0.083984,-0.042969,0.716797,-0.453552,0.357361,-0.390808
40.584871768951416,0.871948,0.035156,-0.003906,0.792969,-0.158203,0.037109,0.023437,0.716003,-0.454590,0.358337,-0.390259
40.60475993156433,0.877441,-0.714844,-0.136719,0.910156,-0.332031,0.162109,0.000000,0.713867,-0.456055,0.360962,-0.390137
40.62492871284485,0.885254,0.074219,-0.535156,-0.691406,-0.496094,0.777344,0.027344,0.709351,-0.456360,0.367554,-0.391724
40.64520239830017,0.891357,0.199219,-0.355469,-3.054688,-0.097656,0.716797,-0.042969,0.705688,-0.454956,0.373108,-0.394714
40.66488218307495,0.896362,-0.742187,0.292969,0.777344,-0.068359,0.347656,-0.121094,0.703735,-0.454590,0.375244,-0.396667
40.685306549072266,0.895996,-0.453125,0.921875,1.980469,-0.115234,-0.257813,-0.031250,0.703918,-0.456665,0.373535,-0.395508
40.70514965057373,0.893311,-1.878906,0.472656,1.871094,-0.007813,-0.732422,-0.150391,0.705994,-0.459839,0.368103,-0.393250
40.72549247741699,0.885254,0.433594,0.273438,-0.632812,0.255859,-0.748047,-0.029297,0.709534,-0.461426,0.361877,-0.390747
40.74532628059387,0.881226,1.015625,0.074219,2.898438,-0.123047,-0.443359,0.117188,0.711426,-0.463074,0.359253,-0.387817
40.76510977745056,0.880371,1.148438,-0.425781,-2.847656,-0.007813,0.123047,0.263672,0.711853,-0.461914,0.361206,-0.386597
40.78535604476929,0.895142,2.343750,-0.894531,-1.214844,-0.185547,0.757812,0.375000,0.709656,-0.459229,0.369019,-0.386475
40.805197954177856,0.901733,-3.812500,-0.808594,-1.621094,-0.343750,0.962891,0.193359,0.705078,-0.457458,0.377686,-0.388550
40.82531666755676,0.905518,-4.847656,-0.863281,-1.664063,-0.101563,0.812500,-0.513672,0.699463,-0.456970,0.381714,-0.395264
40.84546637535095,0.906616,-0.804687,0.312500,-0.253906,0.054687,0.537109,-0.552734,0.695740,-0.456299,0.382568,-0.401733
40.865193605422974,0.904785,-0.070312,-0.070312,-2.324219,0.347656,0.125000,-0.314453,0.695435,-0.454773,0.380737,-0.405640
40.885273933410645,0.901855,2.128906,2.218750,3.605469,0.074219,-0.144531,0.013672,0.696106,-0.454773,0.379761,-0.405396
40.90538811683655,0.899292,0.796875,0.769531,3.558594,-0.353516,0.011719,0.126953,0.695068,-0.456665,0.381592,-0.403381
40.925331115722656,0.898560,-0.828125,-0.632812,1.453125,-0.410156,0.007813,0.056641,0.693604,-0.459167,0.383545,-0.401245
40.94549870491028,0.897583,0.296875,-0.117188,-1.132813,-0.250000,-0.193359,0.226562,0.694092,-0.460693,0.384399,-0.397827
40.965744972229004,0.896606,1.617188,0.074219,-2.269531,-0.005859,-0.285156,0.501953,0.696777,-0.460205,0.384705,-0.393311
40.98578071594238,0.897339,0.593750,-0.371094,-2.054688,0.146484,0.068359,0.554687,0.699036,-0.457336,0.386841,-0.390503
41.00550055503845,0.901367,-1.511719,-0.699219,-1.417969,0.263672,0.419922,0.183594,0.699097,-0.453674,0.390198,-0.391418
41.02552771568298,0.904907,-0.109375,-0.250000,1.316406,-0.240234,0.595703,0.074219,0.696167,-0.452454,0.395081,-0.393188
41.047905921936035,0.907959,-3.289063,-0.585937,-2.910156,-0.025391,0.451172,-0.431641,0.692749,-0.452271,0.396912,-0.397522
41.06550407409668,0.908447,1.796875,0.578125,0.078125,0.054687,0.275391,-0.226562,0.690979,-0.451782,0.397461,-0.400574
41.08575963973999,0.907593,0.250000,0.777344,2.144531,-0.111328,-0.041016,-0.019531,0.690308,-0.452942,0.397705,-0.400146
41.10565805435181,0.907349,0.871094,0.871094,3.226563,-0.353516,-0.089844,0.097656,0.689514,-0.455200,0.399109,-0.397583
41.125858545303345,0.908813,2.250000,-0.156250,-1.031250,-0.355469,0.099609,0.330078,0.688904,-0.455627,0.402710,-0.394531
41.14583110809326,0.910767,2.343750,-0.585937,-3.902344,0.017578,0.384766,0.478516,0.689148,-0.452454,0.407288,-0.393066
41.16577124595642,0.913574,-1.132813,-0.601562,-1.875000,0.210937,0.392578,0.242187,0.689148,-0.448914,0.410339,-0.393921
41.18610215187073,0.914062,-1.714844,-0.347656,0.292969,0.158203,0.380859,-0.158203,0.687744,-0.446960,0.411804,-0.397034
41.20597505569458,0.914062,-1.593750,0.617187,3.128906,-0.087891,0.236328,-0.314453,0.685425,-0.447510,0.412354,-0.399841
41.22605085372925,0.913818,0.437500,0.363281,0.441406,-0.123047,0.097656,-0.246094,0.683594,-0.448975,0.412354,-0.401306
41.24580526351929,0.911987,1.179688,0.187500,0.195312,-0.126953,0.005859,-0.007813,0.682922,-0.449951,0.412903,-0.400879
41.266523122787476,0.911865,2.468750,0.226562,0.457031,-0.164062,-0.060547,0.175781,0.682983,-0.450684,0.414246,-0.398499
41.28608059883118,0.911865,1.097656,0.378906,1.191406,-0.339844,-0.078125,0.410156,0.683228,-0.451721,0.416870,-0.394104
41.306379556655884,0.912598,-0.941406,-0.269531,-0.699219,-0.267578,0.072266,0.240234,0.682800,-0.452087,0.419556,-0.391602
41.326162815093994,0.913574,-0.593750,-0.460937,-2.695313,0.007813,0.324219,0.105469,0.681824,-0.450500,0.422119,-0.392456
41.346301317214966,0.914185,-0.539062,-0.386719,-1.875000,-0.111328,0.691406,-0.148437,0.677551,-0.449402,0.426392,-0.396423
41.366493701934814,0.916138,-3.843750,-0.156250,0.476562,-0.410156,1.126953,-0.738281,0.668213,-0.450500,0.432556,-0.404236
41.38621950149536,0.917969,0.023437,0.199219,0.863281,-0.640625,1.503906,-0.708984,0.657166,-0.451294,0.440613,-0.412659
41.40615630149841,0.919556,-0.621094,-0.269531,-2.949219,-0.029297,0.484375,-0.562500,0.652344,-0.451660,0.441772,-0.418701
41.426222801208496,0.916138,0.480469,-4.312500,-9.500000,0.681641,0.222656,-0.529297,0.652771,-0.447205,0.438110,-0.426575
41.44621253013611,0.910156,2.585938,-3.019531,-9.253906,1.869141,0.742187,-0.156250,0.657043,-0.433105,0.433655,-0.438843
41.47151732444763,0.903564,-0.937500,0.542969,-1.453125,1.939453,0.677734,-0.259766,0.661499,-0.418335,0.428223,-0.451721
41.48620843887329,0.890869,-0.656250,-0.863281,-0.937500,2.296875,0.291016,-0.388672,0.667603,-0.403625,0.418335,-0.465210
41.50678038597107,0.881836,-0.976562,0.015625,-0.449219,2.234375,0.087891,-0.707031,0.673218,-0.390747,0.404907,-0.479736
41.5264675617218,0.868042,-2.445313,-1.433594,-6.347656,2.966797,-0.390625,-1.050781,0.680786,-0.377014,0.384033,-0.496887
41.55158281326294,0.851685,-1.898438,-0.121094,-4.667969,3.402344,-0.642578,-1.437500,0.688416,-0.362061,0.357483,-0.516907
41.56649136543274,0.801880,1.605469,1.812500,-2.800781,3.429688,-0.322266,-1.402344,0.694397,-0.345032,0.332092,-0.537109
41.58679389953613,0.764038,2.589844,3.285156,-0.914062,3.437500,-0.279297,-1.257813,0.700073,-0.326660,0.306946,-0.555847
41.606645345687866,0.725220,3.136719,3.804688,0.257813,3.259766,-0.460937,-0.974609,0.706238,-0.309143,0.282715,-0.570740
41.63133096694946,0.635986,4.000000,3.921875,0.937500,2.900391,-0.189453,-0.542969,0.712402,-0.291260,0.262939,-0.581848
41.64651298522949,0.572388,3.921875,3.644531,1.144531,2.425781,0.048828,0.031250,0.719543,-0.273499,0.249634,-0.587463
41.667216300964355,0.510864,10.160156,6.007812,5.054687,1.476563,0.445312,1.337891,0.730286,-0.256714,0.247192,-0.582764
41.68673849105835,0.368408,6.503906,3.699219,1.382813,1.125000,0.583984,2.384766,0.744934,-0.238770,0.251160,-0.570007
41.714219093322754,0.262451,-1.089844,0.605469,-0.312500,1.185547,0.873047,2.339844,0.758423,-0.219360,0.256042,-0.557800
41.726539850234985,0.163940,-6.453125,-0.515625,-1.011719,1.226563,0.535156,1.525391,0.768311,-0.203918,0.255432,-0.550354
41.74688673019409,0.000000,-8.593750,-1.761719,3.222656,1.048828,0.142578,0.445312,0.773132,-0.194824,0.251221,-0.548767
41.766666889190674,0.000000,-3.507813,-0.644531,5.863281,0.390625,-0.304688,0.169922,0.775635,-0.192871,0.247009,-0.547913
41.786914348602295,0.000000,-1.546875,0.417969,3.394531,0.076172,-1.615234,0.236328,0.780762,-0.200562,0.235535,-0.542847
41.806790828704834,0.000000,1.074219,0.503906,5.171875,-0.865234,-2.755859,0.699219,0.790833,-0.222412,0.214172,-0.528442
41.83153963088989,0.000000,1.804688,-6.246094,-5.593750,-0.171875,-5.720703,1.093750,0.805664,-0.247803,0.177795,-0.507751
41.847249269485474,0.000000,1.613281,-4.820312,-3.792969,0.417969,-0.576172,1.105469,0.813538,-0.246460,0.172913,-0.497559
