timestamp,pressure_value,linear_accel_x,linear_accel_y,linear_accel_z,gyro_x,gyro_y,gyro_z,orientation_r,orientation_i,orientation_j,orientation_k
0.008234024047851562,0.060303,-0.117188,-0.046875,-0.214844,0.054687,-0.054687,0.003906,0.408386,-0.311951,0.321716,-0.795288
0.028004884719848633,0.065674,0.152344,0.105469,0.398438,0.009766,-0.083984,0.021484,0.408752,-0.312195,0.321106,-0.795227
0.047736167907714844,0.070679,-0.171875,0.136719,0.320313,-0.037109,-0.167969,0.001953,0.409180,-0.312866,0.320679,-0.794861
0.06831192970275879,0.080444,0.003906,-0.085937,0.023437,0.001953,-0.136719,0.005859,0.409607,-0.314148,0.320374,-0.794312
0.08855104446411133,0.081909,-0.238281,-0.246094,-0.246094,0.054687,-0.134766,-0.023437,0.410095,-0.315186,0.319763,-0.793884
0.10786890983581543,0.082520,0.281250,0.089844,-0.398438,0.070312,-0.083984,-0.023437,0.410522,-0.316101,0.318787,-0.793701
0.1283407211303711,0.068970,0.695312,0.160156,-0.140625,0.068359,-0.046875,0.021484,0.410828,-0.316528,0.317810,-0.793701
0.14794516563415527,0.071045,-0.195312,0.187500,0.582031,-0.003906,-0.037109,-0.015625,0.411316,-0.316650,0.317139,-0.793701
0.16792035102844238,0.071167,-0.277344,0.121094,0.167969,-0.025391,-0.083984,-0.050781,0.411316,-0.317078,0.316895,-0.793640
0.1881389617919922,0.073730,-0.027344,0.160156,0.250000,-0.046875,-0.089844,-0.035156,0.411133,-0.317932,0.316650,-0.793457
0.20853233337402344,0.097900,-0.242187,0.203125,0.457031,-0.093750,-0.158203,-0.027344,0.411011,-0.319031,0.316528,-0.793152
0.22835588455200195,0.098267,0.003906,0.210937,0.488281,-0.128906,-0.187500,-0.029297,0.410950,-0.320740,0.316528,-0.792480
0.24802851676940918,0.100220,0.246094,-0.355469,-0.750000,-0.062500,-0.117188,-0.025391,0.410950,-0.322754,0.316650,-0.791626
0.26868247985839844,0.096069,0.203125,-0.316406,-0.941406,0.048828,-0.017578,-0.025391,0.410950,-0.323975,0.316528,-0.791199
0.2884540557861328,0.091797,0.039063,0.058594,-0.070312,0.046875,-0.037109,-0.017578,0.410950,-0.324097,0.316040,-0.791321
0.3082246780395508,0.085693,-0.003906,0.250000,0.503906,-0.023437,-0.074219,-0.023437,0.411072,-0.324280,0.315491,-0.791382
0.3284294605255127,0.073242,-0.136719,0.144531,0.367188,-0.078125,-0.113281,-0.033203,0.411072,-0.325073,0.315308,-0.791138
0.3489573001861572,0.071289,-0.035156,0.191406,0.160156,-0.107422,-0.132812,-0.019531,0.410950,-0.326355,0.315308,-0.790649
0.36865949630737305,0.074829,-0.167969,0.007813,-0.089844,-0.099609,-0.103516,-0.017578,0.410828,-0.327820,0.315552,-0.790039
0.3893582820892334,0.057373,0.085937,0.214844,0.355469,-0.185547,-0.160156,0.041016,0.410767,-0.329224,0.315857,-0.789368
0.4084742069244385,0.051880,0.144531,0.437500,0.402344,-0.273438,-0.205078,0.062500,0.411011,-0.331238,0.316772,-0.788025
0.4282042980194092,0.074829,0.261719,-0.527344,-0.019531,-0.232422,0.021484,0.042969,0.411194,-0.333496,0.318359,-0.786377
0.44893360137939453,0.085815,-0.574219,-0.199219,0.289063,-0.224609,-0.015625,0.027344,0.410767,-0.334412,0.320374,-0.785400
0.46930956840515137,0.111328,-0.503906,-0.214844,-0.140625,-0.193359,-0.076172,-0.039063,0.410217,-0.335388,0.322083,-0.784546
0.4884805679321289,0.144775,0.597656,-0.199219,-0.960937,-0.087891,-0.021484,-0.013672,0.409607,-0.336792,0.323181,-0.783813
0.5081572532653809,0.185059,0.875000,0.000000,-0.417969,-0.021484,0.037109,0.095703,0.409363,-0.337463,0.323730,-0.783447
0.5286259651184082,0.285278,0.437500,-0.105469,0.042969,0.011719,-0.019531,0.236328,0.409973,-0.337158,0.324219,-0.783020
0.5489661693572998,0.337158,2.156250,-0.136719,-0.433594,0.138672,0.318359,0.460937,0.411987,-0.335876,0.325073,-0.782166
0.5684125423431396,0.363647,-1.511719,0.101563,0.800781,0.056641,0.126953,0.269531,0.414978,-0.331787,0.326660,-0.781677
0.5888965129852295,0.417236,-1.023438,-0.089844,-0.011719,0.033203,0.015625,0.105469,0.416931,-0.329651,0.327515,-0.781189
0.6090145111083984,0.427979,-0.476562,-0.089844,-0.402344,0.031250,-0.005859,-0.007813,0.417847,-0.329041,0.327698,-0.780884
0.6287055015563965,0.438354,-0.832031,0.023437,0.523437,-0.046875,-0.003906,-0.076172,0.417908,-0.328979,0.327454,-0.780945
0.6487526893615723,0.396851,-0.035156,0.023437,0.296875,-0.117188,0.042969,-0.119141,0.417236,-0.329468,0.327576,-0.781067
0.6695435047149658,0.379272,-0.898437,-0.160156,-0.339844,-0.152344,0.076172,-0.304688,0.415833,-0.329895,0.328125,-0.781433
0.688560962677002,0.361694,-0.441406,-0.082031,0.257813,-0.189453,0.064453,-0.339844,0.412903,-0.330811,0.328613,-0.782349
0.7092587947845459,0.325928,-0.265625,0.078125,0.402344,-0.173828,0.035156,-0.302734,0.409363,-0.332397,0.329163,-0.783325
0.7290194034576416,0.332031,1.074219,0.164062,-0.070312,-0.121094,0.031250,-0.130859,0.406189,-0.334229,0.329712,-0.783936
0.7489514350891113,0.342407,-0.082031,0.054687,0.441406,-0.148437,0.015625,-0.080078,0.404480,-0.335144,0.330383,-0.784180
0.7696778774261475,0.373169,0.109375,0.062500,-0.500000,-0.044922,0.025391,0.000000,0.403564,-0.335571,0.331238,-0.784119
0.7895042896270752,0.399536,-0.359375,-0.050781,-0.070312,-0.070312,-0.058594,0.001953,0.403320,-0.335754,0.331604,-0.783997
0.8088879585266113,0.461670,1.312500,-0.531250,0.328125,-0.146484,0.205078,0.187500,0.403320,-0.336243,0.332092,-0.783569
0.8287825584411621,0.497437,1.941406,-0.117188,-1.671875,0.062500,0.519531,0.480469,0.403748,-0.334351,0.334656,-0.783081
0.8492681980133057,0.511597,0.703125,0.156250,-0.875000,0.187500,0.537109,0.529297,0.405762,-0.328674,0.338013,-0.783020
0.8691177368164062,0.503296,-1.156250,0.386719,0.792969,0.191406,0.375000,0.484375,0.408691,-0.321960,0.340576,-0.783142
0.8889362812042236,0.495239,-2.472656,-0.074219,0.847656,0.074219,0.027344,0.136719,0.411743,-0.316956,0.341919,-0.783020
0.9096179008483887,0.488281,-1.238281,0.035156,-0.355469,0.085937,-0.136719,-0.099609,0.413208,-0.315674,0.341736,-0.782837
0.9297301769256592,0.461792,-0.902344,-0.250000,0.371094,0.037109,-0.158203,-0.292969,0.413208,-0.316467,0.340332,-0.783142
0.9490337371826172,0.401611,-1.902344,0.308594,1.046875,-0.126953,-0.568359,-0.652344,0.411560,-0.319092,0.338318,-0.783813
0.9694280624389648,0.283569,1.558594,0.363281,-0.578125,0.023437,-0.560547,-0.458984,0.408325,-0.325623,0.334961,-0.784241
0.9897434711456299,0.249512,0.937500,0.960937,0.410156,-0.048828,-0.677734,-0.285156,0.406616,-0.331726,0.331055,-0.784241
1.009110927581787,0.194824,0.675781,1.152344,0.304688,-0.078125,-0.712891,-0.138672,0.406555,-0.338196,0.327698,-0.782898
1.02960205078125,0.164795,1.101563,-0.687500,-0.269531,-0.007813,-0.408203,0.011719,0.407593,-0.344238,0.325012,-0.780884
1.0497746467590332,0.213135,0.617187,-0.601562,0.367188,-0.119141,-0.089844,0.078125,0.408936,-0.347534,0.323425,-0.779358
1.0691642761230469,0.281982,0.488281,-0.273438,-0.152344,-0.128906,0.138672,0.119141,0.409485,-0.348511,0.324097,-0.778320
1.089406967163086,0.362793,-0.093750,-0.257813,0.484375,-0.259766,0.046875,0.093750,0.409668,-0.347778,0.325989,-0.777771
1.109438419342041,0.525513,-0.039063,-0.832031,-0.359375,-0.283203,0.244141,0.041016,0.409363,-0.348022,0.328491,-0.776794
1.1295747756958008,0.544434,-1.882813,-0.984375,-0.585937,-0.388672,0.261719,-0.150391,0.407654,-0.347412,0.332275,-0.776367
1.149564266204834,0.554199,-2.183594,-1.042969,-1.621094,-0.208984,-0.017578,-0.365234,0.404297,-0.347534,0.335876,-0.776489
1.1703062057495117,0.515503,-0.046875,-1.718750,-2.929688,0.417969,0.218750,-0.322266,0.400940,-0.349365,0.336121,-0.777283
1.1900067329406738,0.487183,1.222656,-0.027344,-1.132813,0.738281,0.634766,-0.208984,0.399170,-0.347168,0.332764,-0.780640
1.2096679210662842,0.428711,0.007813,1.902344,3.246094,0.138672,0.550781,-0.068359,0.397888,-0.340515,0.329102,-0.785767
1.2298719882965088,0.360596,0.980469,3.312500,3.800781,-0.449219,0.234375,0.212891,0.396240,-0.335938,0.330261,-0.788086
1.2500064373016357,0.352417,0.085937,1.296875,-0.300781,-0.269531,0.310547,0.183594,0.395508,-0.334595,0.335205,-0.786926
1.2695562839508057,0.340820,-0.957031,0.164062,0.367188,-0.095703,0.158203,-0.080078,0.395020,-0.332947,0.338989,-0.786255
1.289787769317627,0.328857,-0.394531,0.500000,0.167969,0.126953,-0.066406,-0.207031,0.393677,-0.332336,0.339966,-0.786743
1.3102405071258545,0.319702,0.945312,1.089844,0.613281,0.175781,-0.152344,-0.119141,0.392822,-0.332886,0.338257,-0.787720
1.3299617767333984,0.296509,0.312500,1.429688,2.765625,-0.097656,-0.492187,-0.203125,0.392883,-0.334290,0.335999,-0.788025
1.3500356674194336,0.250000,0.605469,-0.312500,-0.917969,0.046875,-0.501953,-0.230469,0.392700,-0.338806,0.333984,-0.787048
1.370387077331543,0.229370,-0.058594,-0.371094,-0.949219,0.179687,-0.533203,-0.242187,0.392761,-0.343445,0.330872,-0.786316
1.3898770809173584,0.192993,0.468750,0.023437,-0.062500,0.054687,-0.501953,-0.169922,0.393250,-0.347717,0.326721,-0.785950
1.4103102684020996,0.126709,0.324219,0.363281,0.351563,-0.042969,-0.380859,-0.109375,0.393799,-0.351990,0.323669,-0.785034
1.430426836013794,0.098022,0.390625,-0.375000,-0.472656,0.009766,-0.263672,-0.048828,0.394104,-0.355469,0.321960,-0.783997
1.4503254890441895,0.099121,-0.214844,-0.257813,0.000000,0.027344,-0.210937,-0.042969,0.394653,-0.357788,0.320618,-0.783264
1.4699592590332031,0.112671,0.695312,0.007813,0.660156,-0.078125,-0.027344,0.109375,0.395203,-0.359314,0.319641,-0.782654
1.4904215335845947,0.197510,0.453125,0.406250,1.097656,-0.144531,0.015625,0.210937,0.395935,-0.359619,0.320435,-0.781860
1.5105080604553223,0.283691,1.777344,-0.750000,0.003906,-0.066406,0.320313,0.445312,0.397156,-0.359131,0.322327,-0.780640
1.530014991760254,0.377441,1.574219,-0.371094,-0.988281,0.072266,0.677734,0.662109,0.399353,-0.355469,0.325623,-0.779846
1.5504043102264404,0.479492,-0.500000,-0.042969,-0.574219,0.037109,0.494141,0.406250,0.402466,-0.348206,0.329956,-0.779724
1.570878028869629,0.504639,-2.871094,-0.035156,-0.644531,0.107422,0.234375,0.201172,0.404358,-0.342834,0.332825,-0.779907
1.5901596546173096,0.511597,-2.832031,-0.117188,1.066406,0.039063,-0.242187,-0.177734,0.405457,-0.340515,0.333191,-0.780151
1.6103241443634033,0.475830,-1.265625,-0.132812,0.550781,-0.023437,-0.394531,-0.423828,0.405090,-0.342468,0.331421,-0.780212
1.6306586265563965,0.433716,-1.121094,-0.128906,-0.398438,0.091797,-0.400391,-0.546875,0.403137,-0.346924,0.328491,-0.780518
1.6503794193267822,0.345093,0.761719,0.406250,-0.464844,0.046875,-0.296875,-0.474609,0.400574,-0.351440,0.324463,-0.781555
1.6705374717712402,0.199585,1.664063,0.882812,0.390625,-0.056641,-0.257813,-0.273438,0.398132,-0.355103,0.321167,-0.782471
1.6906166076660156,0.160645,2.128906,0.851562,1.273438,-0.251953,-0.103516,0.037109,0.396606,-0.358154,0.319824,-0.782349
1.7104530334472656,0.169678,0.382813,-0.496094,-0.226562,-0.212891,0.242187,0.068359,0.396240,-0.359680,0.321350,-0.781250
1.7305693626403809,0.183228,0.316406,-0.933594,-0.296875,-0.232422,0.392578,0.068359,0.395325,-0.358582,0.324036,-0.781128
1.7509570121765137,0.309937,-0.750000,-0.449219,-0.511719,-0.185547,0.259766,0.066406,0.393921,-0.356323,0.327515,-0.781433
1.7703447341918945,0.405396,-0.097656,-0.687500,0.164062,-0.226562,0.376953,0.123047,0.392761,-0.354736,0.330627,-0.781372
1.790410041809082,0.510864,1.207031,-0.234375,-0.792969,-0.097656,0.529297,0.230469,0.391663,-0.352234,0.334412,-0.781494
1.8109462261199951,0.564819,-0.890625,0.585937,0.187500,-0.007813,0.337891,0.224609,0.391357,-0.347839,0.338135,-0.781982
1.830878734588623,0.567383,0.007813,0.640625,0.832031,0.021484,-0.062500,0.216797,0.392090,-0.344482,0.340271,-0.782166
1.8504960536956787,0.567993,-0.300781,0.527344,0.218750,0.105469,-0.304688,0.201172,0.394043,-0.344177,0.340454,-0.781250
1.8709547519683838,0.550903,-0.421875,0.371094,0.062500,0.054687,-0.306641,0.054687,0.396851,-0.345581,0.339050,-0.779846
1.8910696506500244,0.532349,0.789062,-0.660156,-0.769531,-0.066406,0.115234,-0.058594,0.398376,-0.347351,0.337769,-0.778809
1.910660982131958,0.506470,0.503906,-0.546875,-1.437500,0.019531,0.443359,-0.031250,0.397583,-0.346863,0.338318,-0.779236
1.9310133457183838,0.536743,-1.386719,-0.460937,1.398438,-0.181641,0.291016,-0.154297,0.395752,-0.344055,0.339966,-0.780640
1.951568841934204,0.567627,0.789062,-0.300781,-0.546875,-0.037109,0.421875,0.062500,0.393127,-0.342590,0.342224,-0.781616
1.9703173637390137,0.586548,-0.203125,0.441406,0.691406,-0.033203,0.470703,0.246094,0.392029,-0.339233,0.344604,-0.782654
1.9911723136901855,0.597534,-1.230469,0.519531,1.058594,0.001953,-0.009766,0.140625,0.392273,-0.335327,0.346924,-0.783142
2.0112967491149902,0.601196,0.117188,0.832031,0.140625,0.083984,-0.263672,0.181641,0.393555,-0.334656,0.347229,-0.782654
2.031240463256836,0.600342,-0.433594,0.558594,-0.011719,0.150391,-0.513672,0.130859,0.396118,-0.335876,0.346008,-0.781372
2.050772190093994,0.595581,-0.289063,0.167969,-0.617187,0.185547,-0.607422,0.033203,0.399353,-0.338806,0.343323,-0.779663
2.0712637901306152,0.536987,-0.648437,-0.539062,-0.351563,0.099609,-0.259766,-0.148437,0.401978,-0.342346,0.340088,-0.778137
2.091536283493042,0.412231,-1.472656,-0.332031,-0.121094,0.025391,-0.345703,-0.351563,0.402222,-0.344604,0.337769,-0.778076
2.1113429069519043,0.372803,-0.714844,-1.144531,0.859375,-0.027344,-0.226562,-0.308594,0.400635,-0.347961,0.335510,-0.778320
2.131305694580078,0.373169,0.417969,-2.500000,-2.265625,-0.019531,0.074219,-0.324219,0.398682,-0.351013,0.333984,-0.778625
2.15139102935791,0.395752,3.039063,-2.617188,-5.445312,0.660156,0.914062,-0.048828,0.396240,-0.350769,0.332825,-0.780457
2.170942544937134,0.394653,0.781250,0.019531,1.019531,0.156250,0.921875,0.007813,0.394958,-0.342163,0.331604,-0.785522
2.191612482070923,0.465942,-2.175781,1.558594,1.914063,-0.376953,0.607422,0.072266,0.392639,-0.334167,0.333618,-0.789246
2.2116575241088867,0.478271,-1.707031,0.417969,-0.914062,-0.335938,0.269531,-0.062500,0.389893,-0.330750,0.338440,-0.789978
2.231215238571167,0.490601,-0.433594,-0.027344,-0.007813,-0.126953,0.296875,-0.185547,0.387390,-0.329895,0.342102,-0.789978
2.2515063285827637,0.484863,-0.910156,0.656250,1.148438,-0.005859,-0.037109,-0.314453,0.384521,-0.328979,0.343628,-0.791077
2.2717134952545166,0.469604,-0.167969,1.214844,1.109375,0.070312,-0.244141,-0.292969,0.382202,-0.330261,0.342712,-0.792114
2.2911932468414307,0.447144,1.140625,1.695313,2.421875,-0.056641,-0.410156,-0.150391,0.380981,-0.332886,0.340332,-0.792603
2.311427593231201,0.375366,-0.660156,0.671875,1.019531,-0.177734,-0.652344,-0.236328,0.380859,-0.337097,0.338501,-0.791626
2.3317625522613525,0.341064,-0.203125,-0.296875,-1.222656,-0.003906,-0.626953,-0.304688,0.380676,-0.343445,0.336548,-0.789856
2.3516643047332764,0.289063,-0.082031,-0.546875,-1.429688,0.085937,-0.517578,-0.310547,0.380371,-0.349548,0.333069,-0.788757
2.37148380279541,0.229736,1.570313,-0.257813,0.042969,-0.054687,-0.210937,-0.085937,0.380005,-0.354187,0.329651,-0.788330
2.3916425704956055,0.207520,0.519531,-0.289063,-0.710937,-0.019531,-0.029297,0.017578,0.379883,-0.356384,0.328796,-0.787781
2.411724805831909,0.202759,-0.207031,-0.328125,0.132812,-0.117188,0.082031,-0.064453,0.379883,-0.356689,0.328918,-0.787537
2.431511640548706,0.216675,-0.515625,0.187500,1.238281,-0.281250,0.041016,-0.046875,0.378845,-0.356750,0.329956,-0.787659
2.451885938644409,0.287109,0.558594,0.218750,0.632812,-0.343750,0.089844,0.031250,0.377319,-0.357544,0.332153,-0.787048
2.4723398685455322,0.317993,0.039063,-0.210937,0.183594,-0.257813,-0.048828,0.066406,0.376099,-0.358093,0.335144,-0.786133
2.491888999938965,0.335938,-1.519531,-0.035156,0.496094,-0.189453,-0.357422,-0.039063,0.375732,-0.359436,0.337158,-0.784851
2.5119502544403076,0.344238,-0.683594,0.050781,-0.765625,0.025391,-0.535156,-0.027344,0.375977,-0.362976,0.337158,-0.783081
2.531938314437866,0.353149,1.730469,-0.070312,-1.492188,0.330078,-0.398438,0.222656,0.377808,-0.366760,0.334961,-0.781372
2.5516066551208496,0.380249,1.406250,-0.546875,0.359375,0.181641,-0.099609,0.400391,0.381836,-0.367981,0.332031,-0.780090
2.5720694065093994,0.527954,-0.062500,-0.648437,-0.117188,0.031250,0.089844,0.316406,0.385803,-0.366821,0.331543,-0.778870
2.592135429382324,0.574951,1.519531,-0.210937,-0.683594,0.046875,0.576172,0.384766,0.388245,-0.364441,0.332825,-0.778259
2.611734390258789,0.603149,-1.558594,-0.230469,0.664062,-0.101563,0.634766,0.117188,0.389343,-0.359009,0.335938,-0.778931
2.632091522216797,0.617676,-2.164063,0.050781,0.972656,-0.193359,0.345703,-0.160156,0.387817,-0.354309,0.339478,-0.780273
2.6523282527923584,0.612305,-2.464844,-0.140625,-0.007813,-0.054687,-0.066406,-0.359375,0.384705,-0.352966,0.341675,-0.781494
2.6719484329223633,0.593262,-0.679687,-0.824219,-1.640625,0.498047,0.044922,-0.306641,0.382019,-0.354492,0.340576,-0.782593
2.6919538974761963,0.570435,1.390625,-1.109375,-2.394531,0.937500,0.517578,-0.152344,0.381226,-0.352966,0.335876,-0.785645
2.7121682167053223,0.514282,0.195312,0.804687,2.261719,0.355469,0.447266,-0.058594,0.381409,-0.346375,0.330261,-0.790833
2.7325828075408936,0.474243,-0.226562,1.218750,2.382813,-0.121094,0.310547,0.076172,0.380737,-0.341614,0.328796,-0.793884
2.751964569091797,0.445679,-2.226563,0.031250,0.199219,-0.453125,0.195312,-0.076172,0.379639,-0.339539,0.331299,-0.794250
2.7724478244781494,0.410400,0.386719,0.371094,-0.703125,-0.330078,0.222656,-0.123047,0.377014,-0.339661,0.335449,-0.793701
2.7925055027008057,0.402466,0.042969,0.468750,-0.144531,-0.156250,0.103516,-0.158203,0.374146,-0.339600,0.338440,-0.793823
2.8127849102020264,0.399658,0.058594,0.730469,0.332031,0.025391,-0.062500,-0.125000,0.372009,-0.339844,0.339539,-0.794189
2.8324897289276123,0.390137,0.730469,0.753906,1.042969,0.158203,-0.126953,-0.046875,0.371277,-0.340637,0.338745,-0.794556
2.852548360824585,0.384399,-0.687500,0.554687,2.277344,-0.093750,-0.328125,-0.117188,0.371643,-0.341492,0.337158,-0.794739
2.872140645980835,0.365845,-0.015625,0.054687,-0.257813,-0.013672,-0.396484,-0.109375,0.371643,-0.344543,0.336121,-0.793823
2.89272403717041,0.331909,0.390625,-0.218750,-0.578125,-0.003906,-0.316406,-0.126953,0.371948,-0.348083,0.334534,-0.792847
2.9124231338500977,0.307495,-0.085937,-0.304688,-0.832031,0.078125,-0.251953,-0.179687,0.372009,-0.351013,0.332825,-0.792236
2.932398557662964,0.267944,0.328125,0.179687,0.277344,0.001953,-0.199219,-0.158203,0.371643,-0.353333,0.330811,-0.792236
2.952712297439575,0.234131,0.089844,0.292969,0.609375,-0.126953,-0.251953,-0.115234,0.371094,-0.355469,0.329468,-0.792114
2.9726641178131104,0.207031,0.082031,0.300781,0.457031,-0.158203,-0.242187,-0.097656,0.370483,-0.358215,0.329041,-0.791260
2.9925777912139893,0.178589,0.488281,0.117188,0.171875,-0.142578,-0.109375,-0.017578,0.369995,-0.360840,0.329163,-0.790283
3.0124216079711914,0.163452,0.871094,-0.171875,0.203125,-0.183594,0.062500,0.093750,0.369629,-0.362244,0.329956,-0.789490
3.033022165298462,0.252441,0.945312,-0.257813,-0.355469,-0.123047,0.158203,0.207031,0.369507,-0.362061,0.331970,-0.788818
3.052694797515869,0.320679,-1.042969,-0.500000,0.234375,-0.107422,0.021484,0.228516,0.370056,-0.360779,0.334167,-0.788147
3.0726425647735596,0.438354,3.125000,-0.355469,-2.039063,0.097656,0.634766,0.726562,0.371582,-0.359375,0.336426,-0.787109
3.0930092334747314,0.555786,0.800781,0.089844,-0.890625,0.199219,0.826172,0.767578,0.375244,-0.351929,0.340515,-0.786987
3.1127378940582275,0.579956,-4.957031,0.027344,0.609375,0.041016,0.191406,0.123047,0.378906,-0.343079,0.344116,-0.787598
3.132765531539917,0.586426,-2.398438,-0.062500,0.058594,0.013672,-0.156250,-0.265625,0.379517,-0.340820,0.344604,-0.788025
3.1529502868652344,0.587891,-2.085938,0.304688,0.625000,-0.156250,-0.511719,-0.683594,0.377869,-0.343140,0.343018,-0.788574
3.173095941543579,0.568604,1.792969,0.738281,-0.640625,-0.015625,-0.392578,-0.496094,0.374023,-0.349426,0.340210,-0.788879
3.192852020263672,0.500122,1.078125,1.089844,-0.355469,0.013672,-0.238281,-0.375000,0.371277,-0.354370,0.337158,-0.789246
3.2135252952575684,0.319336,0.550781,0.453125,-0.308594,-0.025391,-0.150391,-0.195312,0.369263,-0.357544,0.334595,-0.789856
3.2330191135406494,0.276367,0.687500,-0.304688,-0.062500,-0.091797,0.044922,0.005859,0.368042,-0.359375,0.333618,-0.789978
3.252809524536133,0.270020,0.519531,-0.480469,0.144531,-0.138672,0.255859,0.062500,0.367493,-0.359314,0.334656,-0.789856
3.273451328277588,0.327637,-0.292969,-0.226562,0.382813,-0.203125,0.220703,0.041016,0.366577,-0.357849,0.336914,-0.789978
3.2934391498565674,0.384155,0.480469,-0.210937,-1.179688,-0.185547,0.339844,0.173828,0.365662,-0.356445,0.339233,-0.790039
3.3127145767211914,0.469727,0.812500,-0.417969,-0.101563,-0.244141,0.517578,0.248047,0.365234,-0.353882,0.342285,-0.790039
3.3330254554748535,0.547852,1.035156,-0.187500,-0.531250,-0.156250,0.662109,0.396484,0.364807,-0.349792,0.346619,-0.790161
3.353135108947754,0.612671,0.289063,0.152344,-0.746094,0.025391,0.591797,0.390625,0.365234,-0.343689,0.351318,-0.790588
3.37308931350708,0.621216,-0.929687,0.664062,0.343750,0.042969,0.148437,0.259766,0.366211,-0.337708,0.354736,-0.791199
3.393080711364746,0.623657,-0.628906,0.550781,0.488281,0.046875,-0.275391,0.150391,0.367859,-0.335327,0.355957,-0.790894
3.4134860038757324,0.620850,0.199219,0.433594,-0.890625,0.232422,-0.443359,0.160156,0.370300,-0.336548,0.354980,-0.789673
3.433708906173706,0.610718,-0.492187,0.296875,-0.714844,0.251953,-0.443359,-0.003906,0.373718,-0.338684,0.352112,-0.788452
3.453672409057617,0.586060,-1.234375,-0.378906,0.187500,0.117188,-0.269531,-0.208984,0.375977,-0.341187,0.348450,-0.787903
3.4734373092651367,0.489624,-0.585937,-0.832031,0.570312,0.033203,-0.300781,-0.298828,0.375854,-0.343933,0.345398,-0.788147
3.493628740310669,0.472046,0.156250,-1.582031,-1.105469,0.078125,-0.003906,-0.269531,0.374695,-0.346985,0.342834,-0.788513
3.5131278038024902,0.479004,1.265625,-1.804688,-2.492188,0.353516,0.537109,-0.132812,0.372925,-0.347351,0.341125,-0.789856
3.5338022708892822,0.478760,1.128906,-1.191406,-1.652344,0.142578,0.703125,-0.050781,0.371155,-0.342712,0.340027,-0.793213
3.5533769130706787,0.485352,-0.851562,1.726563,2.777344,-0.417969,0.400391,-0.105469,0.368713,-0.337097,0.341187,-0.796265
3.5730955600738525,0.495361,-1.312500,0.929687,-0.570312,-0.357422,0.156250,-0.177734,0.365173,-0.335815,0.345276,-0.796631
3.5933313369750977,0.502808,0.937500,-0.171875,-1.890625,-0.027344,0.201172,-0.193359,0.362000,-0.336243,0.348328,-0.796570
3.613818645477295,0.505615,-0.386719,0.308594,0.402344,0.080078,0.009766,-0.224609,0.359619,-0.335632,0.348816,-0.797729
3.6332271099090576,0.505737,1.113281,1.398438,0.960937,0.181641,-0.146484,-0.083984,0.358154,-0.336060,0.347473,-0.798767
3.6533493995666504,0.499146,-0.035156,1.628906,3.046875,-0.189453,-0.449219,-0.048828,0.358337,-0.337158,0.345642,-0.799011
3.6737141609191895,0.458618,-0.199219,0.457031,0.570312,-0.154297,-0.425781,-0.017578,0.358948,-0.341064,0.345276,-0.797241
3.693782091140747,0.424805,0.140625,-0.878906,-1.082031,-0.039063,-0.187500,-0.074219,0.359558,-0.345032,0.344910,-0.795410
3.7135167121887207,0.409546,0.980469,-0.378906,-0.617187,0.007813,0.076172,0.078125,0.359619,-0.346863,0.344482,-0.794800
3.733975648880005,0.467529,1.027344,-0.257813,-0.515625,0.066406,0.267578,0.255859,0.359985,-0.345947,0.344910,-0.794800
3.753892660140991,0.525024,0.761719,-0.203125,0.878906,0.009766,0.328125,0.416016,0.361328,-0.342834,0.346252,-0.794983
3.7736289501190186,0.577271,-2.140625,0.203125,0.863281,-0.033203,0.111328,0.255859,0.363464,-0.338867,0.348572,-0.794678
3.793971538543701,0.614624,-1.289063,0.210937,0.226562,-0.099609,-0.195312,-0.015625,0.364929,-0.337219,0.350098,-0.794067
3.814178943634033,0.620605,-0.371094,0.027344,-0.593750,-0.029297,-0.312500,-0.164062,0.365234,-0.338989,0.350159,-0.793152
3.834028959274292,0.623047,-1.253906,0.019531,0.011719,-0.066406,-0.458984,-0.384766,0.364807,-0.342224,0.348877,-0.792480
3.853994607925415,0.579834,1.472656,0.148437,0.167969,-0.083984,-0.318359,-0.359375,0.363159,-0.347351,0.346497,-0.792114
3.874431610107422,0.516968,-0.062500,-0.011719,0.421875,-0.134766,-0.060547,-0.332031,0.360962,-0.351563,0.344666,-0.792053
3.8939008712768555,0.461670,1.792969,-0.394531,-0.101563,-0.105469,0.093750,-0.056641,0.358337,-0.353638,0.344238,-0.792480
3.91402006149292,0.463867,0.000000,-0.156250,0.136719,-0.097656,0.205078,0.033203,0.356934,-0.353699,0.345093,-0.792725
3.934317111968994,0.537598,0.726562,-0.371094,-0.359375,-0.089844,0.339844,0.134766,0.356079,-0.352356,0.346741,-0.792969
3.954319953918457,0.568359,-0.167969,-0.347656,0.320313,-0.181641,0.490234,0.105469,0.355530,-0.349487,0.349182,-0.793396
3.974299192428589,0.584351,-0.574219,-0.156250,-0.914062,-0.082031,0.439453,-0.021484,0.354248,-0.345825,0.352234,-0.794250
3.9945216178894043,0.583984,-1.132813,-0.109375,0.726562,-0.103516,0.265625,-0.181641,0.352234,-0.342651,0.354492,-0.795532
4.014349937438965,0.576294,0.394531,0.003906,0.000000,-0.015625,0.066406,-0.179687,0.349487,-0.341492,0.355713,-0.796631
4.033996343612671,0.562744,0.062500,-0.039063,-0.152344,0.117188,-0.126953,-0.132812,0.347778,-0.341675,0.355469,-0.797424
4.05470871925354,0.521362,0.292969,-0.187500,-0.945312,0.332031,-0.253906,-0.080078,0.347595,-0.342590,0.353577,-0.797974
4.074421167373657,0.515869,-0.214844,0.156250,-0.132812,0.318359,-0.484375,-0.070312,0.348938,-0.343994,0.349854,-0.798462
4.0941853523254395,0.514526,1.777344,1.128906,0.425781,0.167969,-0.306641,0.146484,0.351074,-0.346619,0.345642,-0.798218
4.11469841003418,0.517090,0.863281,0.984375,1.164063,-0.095703,-0.152344,0.259766,0.353821,-0.348083,0.343689,-0.797180
4.134430885314941,0.528442,1.058594,0.593750,1.148438,-0.246094,0.156250,0.291016,0.355957,-0.348694,0.344910,-0.795471
4.154379367828369,0.546509,0.554687,-1.128906,-0.675781,-0.273438,0.455078,0.201172,0.356812,-0.347168,0.348450,-0.794189
4.174899101257324,0.600586,-0.535156,-0.171875,-0.191406,-0.285156,0.353516,0.125000,0.355957,-0.344116,0.352783,-0.794006
4.194772243499756,0.619141,-0.125000,-0.562500,-0.683594,-0.214844,0.478516,0.111328,0.354736,-0.341675,0.356750,-0.793823
4.214000940322876,0.628052,-0.332031,-0.539062,-0.714844,-0.158203,0.449219,0.042969,0.353149,-0.338257,0.360413,-0.794312
4.234733819961548,0.625122,-1.304688,-0.191406,-1.140625,0.039063,0.154297,-0.089844,0.351440,-0.335266,0.363098,-0.795105
4.254657030105591,0.600220,-0.363281,0.097656,-0.667969,0.230469,-0.093750,-0.138672,0.350281,-0.334167,0.363037,-0.796143
4.274623394012451,0.583618,-0.066406,0.375000,0.304688,0.333984,-0.382813,-0.083984,0.350281,-0.334656,0.360535,-0.797058
4.294484615325928,0.561523,0.187500,0.335938,0.312500,0.347656,-0.613281,0.000000,0.352112,-0.336792,0.356323,-0.797302
4.315019130706787,0.543091,0.601562,1.046875,1.308594,0.095703,-0.437500,0.193359,0.355347,-0.340210,0.351685,-0.796448
4.334874868392944,0.546631,0.921875,0.250000,1.164063,-0.152344,-0.117188,0.294922,0.358582,-0.342590,0.349976,-0.794678
4.354567766189575,0.560913,0.203125,-0.515625,0.199219,-0.250000,0.162109,0.220703,0.360779,-0.343018,0.351563,-0.792847
4.375157356262207,0.623535,0.695312,-0.562500,-0.390625,-0.253906,0.505859,0.236328,0.361145,-0.341675,0.354858,-0.791748
4.3954832553863525,0.640015,0.000000,-0.523437,0.121094,-0.359375,0.384766,0.119141,0.360413,-0.338135,0.359314,-0.791626
4.414532661437988,0.647705,-0.453125,-0.789062,-0.996094,-0.306641,0.488281,-0.017578,0.358704,-0.335632,0.363892,-0.791382
4.435229539871216,0.624390,-1.816406,-0.886719,-1.968750,-0.085937,0.240234,-0.250000,0.355652,-0.333252,0.368042,-0.791809
4.455254077911377,0.614990,0.160156,-1.148438,-5.042969,0.599609,0.111328,-0.111328,0.352783,-0.332153,0.368652,-0.793274
4.474900484085083,0.598633,1.355469,-2.085938,-3.238281,1.216797,0.267578,-0.121094,0.353210,-0.329468,0.364014,-0.796387
4.495361328125,0.520752,1.109375,-0.156250,-0.312500,1.302734,0.404297,-0.027344,0.355164,-0.323486,0.355408,-0.801819
4.515120983123779,0.453735,1.234375,2.636719,5.980469,0.042969,0.273438,0.201172,0.357544,-0.315979,0.346802,-0.807495
4.5346598625183105,0.393311,-1.378906,2.992188,4.503906,-0.583984,0.023437,0.234375,0.358521,-0.313171,0.346924,-0.808105
4.555028915405273,0.358643,0.386719,0.839844,0.492187,-0.578125,0.138672,-0.035156,0.358276,-0.314148,0.352234,-0.805542
4.575449466705322,0.338867,1.113281,0.296875,-2.605469,-0.044922,0.175781,-0.070312,0.356018,-0.314941,0.357056,-0.804138
4.595048904418945,0.326660,0.746094,0.664062,-1.109375,0.425781,0.113281,0.029297,0.354675,-0.314026,0.357849,-0.804687
4.615050792694092,0.314453,-0.949219,1.257813,1.347656,0.507812,-0.257813,0.027344,0.355774,-0.311829,0.354980,-0.806335
4.635420799255371,0.293701,-2.074219,0.835937,3.500000,0.119141,-0.646484,-0.099609,0.358215,-0.312134,0.350403,-0.807129
4.655392646789551,0.292236,0.398438,-0.089844,0.820312,-0.082031,-0.542969,-0.150391,0.359924,-0.316833,0.346802,-0.806091
4.674972295761108,0.294556,0.726562,-0.671875,-0.929687,0.027344,-0.353516,-0.111328,0.360413,-0.321899,0.344910,-0.804687
4.695444583892822,0.290649,-0.093750,-0.457031,-1.339844,0.101563,-0.253906,-0.095703,0.360779,-0.324951,0.343079,-0.804077
4.715729236602783,0.287354,0.257813,0.148437,-0.191406,0.044922,-0.240234,-0.025391,0.361206,-0.327087,0.341125,-0.803894
4.735417127609253,0.268921,0.695312,0.261719,1.011719,-0.070312,-0.162109,0.078125,0.361877,-0.328857,0.339905,-0.803345
4.755620241165161,0.306519,0.472656,0.207031,1.187500,-0.193359,-0.076172,0.189453,0.362793,-0.330139,0.340027,-0.802307
4.775683164596558,0.342651,1.324219,0.132812,0.988281,-0.224609,0.175781,0.332031,0.363892,-0.330566,0.342102,-0.800781
4.795329332351685,0.411743,0.066406,-0.289063,-0.183594,-0.158203,0.322266,0.355469,0.365173,-0.328918,0.345581,-0.799438
4.815903902053833,0.498169,-1.085938,-0.109375,-0.367188,-0.121094,0.128906,0.181641,0.366272,-0.325867,0.349121,-0.798584
4.83563756942749,0.522095,-1.003906,-0.093750,-0.734375,-0.031250,-0.150391,0.025391,0.366882,-0.324646,0.351135,-0.797913
4.855669260025024,0.542725,-0.574219,-0.140625,-0.878906,0.042969,-0.269531,-0.130859,0.367493,-0.325806,0.350891,-0.797302
4.875506401062012,0.555664,-1.925781,0.187500,0.785156,0.001953,-0.546875,-0.394531,0.367493,-0.328430,0.349060,-0.796997
4.895624160766602,0.493896,0.761719,0.355469,0.125000,-0.013672,-0.361328,-0.371094,0.366333,-0.333557,0.346069,-0.796753
4.916024923324585,0.403931,0.300781,0.148437,-0.050781,-0.060547,-0.177734,-0.236328,0.364441,-0.337891,0.343567,-0.796814
4.9357171058654785,0.402588,1.703125,-0.425781,0.339844,-0.080078,0.058594,-0.054687,0.362976,-0.340149,0.342651,-0.796936
4.95577073097229,0.441650,0.417969,-0.187500,0.117188,-0.130859,0.251953,0.005859,0.362061,-0.340149,0.343323,-0.797119
4.975982904434204,0.486206,0.562500,-0.324219,-0.105469,-0.193359,0.500000,0.027344,0.360779,-0.338562,0.345276,-0.797485
4.9957356452941895,0.547852,1.062500,-0.378906,-0.503906,-0.199219,0.775391,0.099609,0.358704,-0.335083,0.348633,-0.798462
5.0159056186676025,0.589478,-0.500000,-0.164062,0.640625,-0.130859,0.541016,-0.007813,0.356140,-0.329346,0.353088,-0.799988
5.035907983779907,0.583374,-0.269531,-0.050781,-1.023438,0.044922,0.265625,-0.050781,0.353760,-0.325439,0.356079,-0.801331
5.055551528930664,0.559937,-0.414062,-0.257813,-1.054688,0.273438,0.007813,-0.066406,0.352539,-0.323242,0.356445,-0.802612
5.076007127761841,0.515869,-0.484375,0.050781,0.007813,0.412109,-0.271484,-0.062500,0.352844,-0.322510,0.354126,-0.803772
5.09644341468811,0.493530,0.160156,-0.089844,-0.812500,0.556641,-0.435547,-0.076172,0.354553,-0.323364,0.349609,-0.804626
5.115966081619263,0.474121,-0.417969,1.042969,1.515625,0.408203,-0.716797,-0.107422,0.357239,-0.325317,0.343445,-0.805359
5.136341571807861,0.420898,1.035156,1.632813,2.058594,0.052734,-0.662109,0.058594,0.360107,-0.329712,0.337585,-0.804749
5.156108140945435,0.416870,0.644531,1.535156,2.000000,-0.343750,-0.634766,0.189453,0.362976,-0.334778,0.334900,-0.802490
5.1761040687561035,0.424927,0.972656,1.066406,1.839844,-0.654297,-0.296875,0.236328,0.365356,-0.340210,0.336060,-0.798645
5.196003437042236,0.452026,0.531250,-1.933594,-2.226563,-0.357422,0.279297,0.103516,0.366028,-0.343872,0.340393,-0.794922
5.2161078453063965,0.557251,0.468750,-0.242187,-0.203125,-0.363281,0.404297,0.154297,0.364807,-0.343079,0.344849,-0.793945
5.2361040115356445,0.608521,0.363281,-0.578125,-0.640625,-0.353516,0.681641,0.162109,0.363281,-0.340454,0.349731,-0.793640
5.256056308746338,0.639893,0.136719,-0.820312,-0.699219,-0.310547,0.578125,0.031250,0.361023,-0.335876,0.355286,-0.794128
5.276353120803833,0.634033,-1.250000,-0.570312,-2.875000,0.001953,0.158203,-0.126953,0.358337,-0.332336,0.359619,-0.794861
5.29639196395874,0.619507,0.656250,-0.906250,-3.957031,0.501953,0.160156,-0.054687,0.356812,-0.331055,0.359802,-0.796021
5.315995931625366,0.602173,0.406250,-1.628906,-3.277344,0.970703,0.373047,-0.070312,0.357300,-0.328247,0.356201,-0.798584
5.336467742919922,0.507202,1.281250,-1.781250,-3.894531,1.000000,0.898437,0.062500,0.358459,-0.321777,0.349854,-0.803467
5.356414794921875,0.436646,-1.605469,1.968750,5.972656,-0.216797,0.580078,0.058594,0.358826,-0.311584,0.345825,-0.809021
5.375986814498901,0.385254,-0.273438,0.324219,-0.058594,-0.353516,0.570312,0.056641,0.356812,-0.306641,0.349182,-0.810364
5.396807432174683,0.305542,-0.402344,-0.417969,-1.320313,-0.021484,0.542969,-0.058594,0.354187,-0.303162,0.353943,-0.810791
5.416642189025879,0.299438,-1.175781,-0.089844,-0.593750,0.259766,0.398438,-0.087891,0.351807,-0.299072,0.355896,-0.812500
5.43624472618103,0.305054,-0.308594,1.742188,1.066406,0.519531,0.078125,-0.025391,0.350525,-0.295349,0.354858,-0.814880
5.456662893295288,0.293945,-0.199219,2.261719,3.332031,0.328125,-0.267578,0.095703,0.351501,-0.292969,0.351013,-0.816956
5.476656198501587,0.286377,-1.796875,1.878906,6.144531,-0.220703,-0.855469,-0.044922,0.353943,-0.294312,0.347717,-0.816833
5.496420860290527,0.292969,-0.273438,0.367188,1.359375,-0.214844,-0.693359,0.001953,0.355957,-0.301331,0.346375,-0.813965
5.516599416732788,0.298462,0.230469,-0.535156,-2.042969,-0.019531,-0.505859,-0.031250,0.357727,-0.307800,0.345459,-0.811157
5.536658048629761,0.274902,0.101563,-0.695312,-1.144531,0.035156,-0.328125,-0.076172,0.359070,-0.312073,0.343811,-0.809631
5.556974411010742,0.270508,-0.558594,-0.703125,-0.523437,0.003906,-0.253906,-0.162109,0.359680,-0.315063,0.342102,-0.808960
5.576736688613892,0.264282,-0.031250,-0.406250,-0.746094,0.039063,-0.066406,-0.177734,0.359253,-0.317505,0.340637,-0.808777
5.5969812870025635,0.224243,0.167969,0.261719,0.050781,0.066406,-0.087891,-0.171875,0.358215,-0.318604,0.339478,-0.809265
5.6169798374176025,0.220703,0.281250,0.757812,1.324219,-0.134766,-0.220703,-0.093750,0.357300,-0.319763,0.338196,-0.809753
5.636304140090942,0.236450,0.171875,0.773437,1.523438,-0.332031,-0.226562,-0.037109,0.356812,-0.322205,0.338196,-0.809021
5.656980037689209,0.278931,-0.089844,0.132812,0.257813,-0.455078,-0.210937,-0.068359,0.356079,-0.325378,0.339966,-0.807312
5.676976919174194,0.322510,0.425781,-0.289063,-0.207031,-0.365234,-0.173828,-0.023437,0.354858,-0.328674,0.342651,-0.805359
5.696762800216675,0.362671,-1.148438,-0.535156,-0.574219,-0.238281,-0.316406,-0.132812,0.353943,-0.331665,0.344727,-0.803650
5.717509746551514,0.402832,0.460937,-0.210937,-0.992187,-0.083984,-0.314453,-0.058594,0.353271,-0.335144,0.345215,-0.802307
5.737089157104492,0.408447,-0.550781,-0.058594,-0.082031,-0.058594,-0.414062,-0.103516,0.353455,-0.338257,0.344604,-0.801208
5.756762742996216,0.417847,-0.109375,-0.066406,-0.625000,0.082031,-0.410156,-0.052734,0.353882,-0.342102,0.343201,-0.799988
5.777373790740967,0.454224,1.632813,-0.074219,-0.480469,0.146484,-0.197266,0.208984,0.355164,-0.345032,0.341125,-0.799011
5.7971718311309814,0.514038,1.832031,-0.527344,-0.148437,0.082031,0.064453,0.341797,0.357910,-0.345215,0.340088,-0.798157
5.816739320755005,0.587402,1.640625,-0.355469,-0.824219,0.031250,0.503906,0.400391,0.360596,-0.343079,0.340942,-0.797485
5.836612224578857,0.615112,0.242187,-0.257813,-0.210937,-0.025391,0.904297,0.378906,0.362122,-0.337769,0.343689,-0.797913
5.857531785964966,0.609741,-1.156250,-0.441406,-0.648437,0.003906,0.919922,0.179687,0.362061,-0.329651,0.347961,-0.799500
5.877569675445557,0.599854,-1.101563,-0.050781,0.781250,-0.103516,0.453125,-0.111328,0.360291,-0.322021,0.351746,-0.801758
5.897032737731934,0.590088,-0.851562,0.250000,-0.031250,0.025391,-0.013672,-0.263672,0.357666,-0.318848,0.353760,-0.803284
5.917449474334717,0.550049,-1.496094,0.539062,0.859375,0.033203,-0.402344,-0.402344,0.355530,-0.319885,0.352661,-0.804321
5.937443494796753,0.502686,0.273438,0.277344,0.144531,0.093750,-0.562500,-0.333984,0.354004,-0.324036,0.349731,-0.804626
5.957197427749634,0.471680,0.441406,0.414062,0.628906,0.062500,-0.632812,-0.162109,0.353577,-0.329346,0.346069,-0.804199
5.977413892745972,0.437744,1.402344,0.722656,0.621094,-0.169922,-0.435547,0.017578,0.354492,-0.334656,0.343018,-0.802917
5.997653007507324,0.447144,1.242188,-0.519531,-0.671875,-0.199219,0.119141,0.095703,0.355469,-0.338440,0.342834,-0.800964
6.0173375606536865,0.465454,0.914062,-0.609375,-0.902344,-0.144531,0.560547,0.123047,0.355103,-0.337891,0.345093,-0.800354
6.039336681365967,0.571411,0.109375,-0.507812,-0.171875,-0.335938,0.578125,0.050781,0.353760,-0.333923,0.348511,-0.801147
6.058050155639648,0.612793,0.617187,-0.093750,-0.871094,-0.130859,0.728516,0.197266,0.351440,-0.329590,0.353027,-0.802063
6.07715368270874,0.639526,-1.218750,0.312500,1.035156,-0.138672,0.232422,0.197266,0.349976,-0.324097,0.356995,-0.803162
6.097684860229492,0.644775,0.859375,0.417969,0.554687,-0.042969,-0.019531,0.361328,0.350281,-0.321777,0.359619,-0.802795
6.117663860321045,0.645996,0.414062,0.378906,-1.183594,0.130859,-0.117188,0.402344,0.353088,-0.320618,0.360962,-0.801392
6.137401342391968,0.646851,-1.929688,-0.691406,-1.164063,0.191406,-0.087891,0.087891,0.356934,-0.319580,0.360779,-0.800232
6.157148122787476,0.643066,-0.910156,-0.914062,-1.203125,0.300781,0.054687,-0.148437,0.358582,-0.319214,0.359192,-0.800293
6.177780389785767,0.601807,-2.421875,-1.375000,0.453125,0.244141,-0.082031,-0.603516,0.357910,-0.318787,0.356628,-0.801941
6.198393821716309,0.553833,-0.804687,-2.187500,-3.281250,0.851562,0.468750,-0.490234,0.354492,-0.319702,0.352417,-0.804932
6.217367887496948,0.481445,1.042969,0.382813,-0.339844,0.839844,0.660156,-0.279297,0.351501,-0.315247,0.345886,-0.810852
6.23797082901001,0.336792,1.785156,2.019531,1.792969,0.482422,0.564453,0.070312,0.349670,-0.307922,0.340576,-0.816650
6.258067607879639,0.313965,1.058594,2.378906,3.195313,-0.070312,0.214844,0.394531,0.349854,-0.301453,0.338684,-0.819763
6.27761173248291,0.301392,-0.925781,1.921875,6.207031,-0.601562,-0.121094,0.183594,0.351685,-0.299072,0.341187,-0.818848
6.297985315322876,0.299194,-0.410156,-0.464844,-0.953125,-0.410156,0.017578,0.054687,0.351929,-0.300964,0.346130,-0.815918
6.317980527877808,0.294678,-0.097656,0.214844,-0.531250,-0.275391,0.060547,-0.003906,0.351074,-0.302246,0.349792,-0.814270
6.3379762172698975,0.299072,-0.210937,0.238281,-0.578125,-0.158203,0.042969,-0.025391,0.350037,-0.302795,0.352173,-0.813477
6.358385801315308,0.304321,0.027344,0.398438,-0.101563,-0.070312,0.074219,-0.021484,0.349243,-0.303040,0.353516,-0.813171
6.378083229064941,0.305176,-0.472656,-0.167969,0.011719,-0.015625,0.089844,-0.091797,0.348511,-0.302795,0.354309,-0.813232
6.398006439208984,0.301270,0.093750,0.132812,-0.300781,0.058594,0.076172,-0.091797,0.347534,-0.302429,0.354431,-0.813721
6.417747259140015,0.285278,-0.226562,0.316406,0.378906,0.007813,-0.009766,-0.142578,0.346619,-0.302063,0.353943,-0.814453
6.438350200653076,0.290283,0.054687,0.148437,-0.386719,0.076172,-0.103516,-0.148437,0.345642,-0.302551,0.353333,-0.814941
6.4579689502716064,0.270630,-0.250000,0.132812,0.140625,0.080078,-0.208984,-0.166016,0.344971,-0.303650,0.351929,-0.815430
6.477976560592651,0.261475,-0.421875,0.039063,0.601562,0.011719,-0.300781,-0.244141,0.344543,-0.305603,0.350159,-0.815674
6.49811863899231,0.254395,-0.421875,0.492187,1.054688,-0.216797,-0.289063,-0.251953,0.343628,-0.308838,0.348389,-0.815552
6.518329381942749,0.276978,0.789062,1.097656,1.851563,-0.537109,-0.371094,-0.083984,0.342041,-0.312988,0.348389,-0.814697
6.538030385971069,0.316162,1.015625,-0.257813,0.078125,-0.503906,-0.166016,0.074219,0.341064,-0.317749,0.350891,-0.812134
6.558517932891846,0.391846,0.734375,-1.328125,-1.445313,-0.250000,0.199219,0.138672,0.340637,-0.320496,0.354431,-0.809692
6.578375339508057,0.450806,0.082031,-0.730469,-1.203125,-0.123047,0.105469,0.183594,0.340332,-0.319580,0.357544,-0.808838
6.598170518875122,0.546143,3.164063,-0.363281,-1.593750,0.062500,0.500000,0.648437,0.341248,-0.317871,0.359802,-0.808105
6.618466854095459,0.602783,-0.117188,-0.078125,-0.453125,0.164062,0.595703,0.671875,0.344727,-0.311646,0.362793,-0.807739
6.638343334197998,0.598511,-2.765625,0.203125,0.542969,0.095703,0.093750,0.281250,0.348389,-0.304504,0.365295,-0.807739
6.658406496047974,0.598022,-1.281250,-0.070312,-0.085937,0.140625,-0.080078,0.046875,0.350647,-0.302063,0.365784,-0.807434
6.6786253452301025,0.578369,-1.160156,-0.824219,-1.066406,0.259766,-0.085937,-0.205078,0.351685,-0.302063,0.364502,-0.807617
6.698659658432007,0.552490,-1.406250,-0.640625,-0.222656,0.222656,0.062500,-0.509766,0.351074,-0.302612,0.361511,-0.809021
6.71804141998291,0.498047,-0.011719,-0.074219,0.433594,0.058594,0.273438,-0.591797,0.347473,-0.303040,0.358459,-0.811768
6.738474369049072,0.445801,0.843750,1.375000,1.660156,-0.246094,0.121094,-0.458984,0.342163,-0.302917,0.357178,-0.814636
6.758790969848633,0.416382,1.910156,0.890625,0.175781,-0.328125,0.072266,-0.208984,0.337219,-0.304321,0.358093,-0.815735
6.778501749038696,0.424683,2.078125,0.691406,0.445312,-0.269531,0.205078,0.183594,0.334351,-0.305359,0.360474,-0.815491
6.798429250717163,0.445068,0.300781,-0.539062,0.476562,-0.210937,0.158203,0.300781,0.334167,-0.304138,0.363770,-0.814575
6.818763017654419,0.571289,0.769531,-0.691406,-1.140625,0.085937,0.457031,0.656250,0.335510,-0.302307,0.366882,-0.813293
6.838554382324219,0.591064,-0.980469,-0.179687,-0.707031,0.277344,0.691406,0.822266,0.339355,-0.295959,0.369690,-0.812744
6.858436107635498,0.593872,-3.996094,-0.300781,0.886719,0.162109,0.214844,0.251953,0.343994,-0.286926,0.372070,-0.812988
6.879066467285156,0.567383,-2.218750,-0.085937,0.441406,0.130859,-0.134766,-0.070312,0.345825,-0.283508,0.372253,-0.813293
6.8994057178497314,0.544922,-2.089844,-0.417969,0.585937,0.158203,-0.328125,-0.318359,0.346191,-0.284363,0.370544,-0.813660
6.918411493301392,0.495483,0.093750,-0.074219,-0.984375,0.441406,-0.333984,-0.373047,0.345398,-0.287354,0.367004,-0.814514
6.939095973968506,0.384766,-0.714844,0.554687,1.082031,0.306641,-0.558594,-0.421875,0.344849,-0.290222,0.361389,-0.816284
6.959099292755127,0.345947,0.816406,1.511719,1.437500,0.000000,-0.621094,-0.244141,0.344360,-0.295166,0.355896,-0.817078
6.978686332702637,0.340454,1.503906,1.757813,1.644531,-0.375000,-0.585937,0.009766,0.344604,-0.301025,0.353027,-0.816101
6.998984098434448,0.357056,0.996094,-0.562500,0.097656,-0.513672,-0.347656,0.123047,0.345581,-0.306946,0.353943,-0.813049
7.019328355789185,0.420898,1.281250,-1.859375,-1.457031,-0.324219,0.255859,0.164062,0.346191,-0.310852,0.357300,-0.809875
7.038987398147583,0.508789,-0.511719,-0.664062,0.085937,-0.425781,0.248047,0.033203,0.345642,-0.309937,0.361267,-0.808655
7.059030532836914,0.573486,-1.453125,-0.730469,0.214844,-0.460937,0.314453,-0.146484,0.343750,-0.309143,0.365540,-0.807861
7.079448699951172,0.612549,-1.277344,-0.937500,-2.187500,-0.230469,0.003906,-0.291016,0.340271,-0.309021,0.369446,-0.807617
7.09913444519043,0.607666,1.765625,-1.335938,-4.195312,0.371094,0.173828,-0.125000,0.337463,-0.310242,0.370300,-0.807922
7.118751287460327,0.593994,1.406250,-1.710938,-4.160156,0.820312,0.533203,-0.009766,0.336914,-0.307983,0.367310,-0.810364
7.139446496963501,0.512329,0.425781,-0.792969,-1.812500,0.595703,0.546875,0.003906,0.337341,-0.301331,0.362488,-0.814819
7.159553289413452,0.473999,0.203125,1.589844,1.421875,0.041016,0.283203,0.046875,0.337219,-0.295288,0.359436,-0.818481
7.179039239883423,0.435303,1.843750,1.480469,-0.585937,0.021484,0.441406,0.277344,0.336914,-0.292175,0.360107,-0.819397
7.199392795562744,0.380737,-1.921875,-0.050781,1.472656,-0.082031,0.246094,-0.058594,0.337280,-0.288025,0.362122,-0.819824
7.21946382522583,0.370361,-2.039063,0.539062,2.449219,-0.152344,0.042969,-0.101563,0.335938,-0.286255,0.363586,-0.820374
7.239309072494507,0.361938,0.445312,1.152344,-0.464844,0.146484,-0.050781,0.011719,0.334656,-0.286743,0.364441,-0.820374
7.259371757507324,0.330566,0.136719,1.511719,1.703125,0.011719,-0.195312,0.091797,0.335327,-0.286682,0.363281,-0.820618
7.279770612716675,0.341675,-1.394531,0.843750,2.269531,-0.142578,-0.388672,0.003906,0.336792,-0.288086,0.362488,-0.819824
7.299273252487183,0.346558,0.105469,-0.910156,-0.378906,-0.058594,-0.193359,-0.050781,0.337769,-0.291504,0.362427,-0.818298
7.319761514663696,0.344482,0.351563,-0.457031,-1.652344,0.089844,-0.144531,-0.068359,0.338013,-0.293579,0.361938,-0.817627
7.339707851409912,0.341187,0.519531,0.132812,-1.207031,0.195312,-0.126953,-0.027344,0.338318,-0.294739,0.360535,-0.817749
7.359272480010986,0.324707,-0.664062,0.375000,0.156250,0.175781,-0.361328,-0.093750,0.339111,-0.295471,0.358398,-0.818054
7.379457950592041,0.327148,-0.226562,0.828125,2.011719,-0.103516,-0.404297,-0.093750,0.340088,-0.298096,0.355774,-0.817871
7.399541139602661,0.325073,0.093750,0.769531,1.714844,-0.298828,-0.501953,-0.078125,0.340576,-0.302124,0.354675,-0.816650
7.41998291015625,0.338989,0.343750,0.195312,1.023438,-0.365234,-0.439453,-0.015625,0.340820,-0.307434,0.355164,-0.814331
7.439385414123535,0.342407,0.230469,-0.539062,-0.519531,-0.298828,-0.222656,-0.011719,0.341125,-0.312256,0.356628,-0.811768
7.459611415863037,0.360229,1.300781,-0.855469,-2.054688,-0.193359,0.218750,0.076172,0.340942,-0.315002,0.358276,-0.810059
7.480058908462524,0.385864,1.363281,-0.539062,-1.257813,-0.035156,0.597656,0.171875,0.340332,-0.313477,0.360474,-0.809875
7.499413728713989,0.453613,-0.687500,-0.507812,0.843750,-0.283203,0.689453,0.068359,0.339294,-0.308533,0.363342,-0.810974
7.519989728927612,0.583252,0.355469,-0.445312,-0.039063,-0.183594,0.683594,0.082031,0.336670,-0.303223,0.368042,-0.811890
7.539923667907715,0.592651,-1.585938,0.152344,0.093750,-0.199219,0.158203,-0.068359,0.334351,-0.298462,0.372009,-0.812866
7.559543609619141,0.596069,0.242187,-0.078125,-2.359375,0.205078,-0.064453,-0.074219,0.332764,-0.297668,0.373657,-0.813049
7.57998514175415,0.562988,-1.136719,-0.109375,0.445312,0.226562,-0.316406,-0.201172,0.332764,-0.298157,0.371887,-0.813660
7.60028862953186,0.530029,-0.480469,-0.148437,-0.343750,0.341797,-0.322266,-0.216797,0.333069,-0.300415,0.368408,-0.814270
7.619919776916504,0.509766,0.601562,1.382813,1.890625,0.103516,-0.410156,-0.136719,0.333557,-0.302979,0.364075,-0.815125
7.640321969985962,0.473389,2.062500,0.882812,0.335938,-0.074219,-0.070312,0.082031,0.334229,-0.306030,0.361633,-0.814758
7.659970045089722,0.458740,0.746094,0.332031,0.628906,-0.193359,0.142578,0.150391,0.334839,-0.306763,0.362244,-0.813965
7.67999529838562,0.476807,0.800781,-0.101563,-0.628906,-0.048828,0.255859,0.222656,0.335083,-0.305664,0.364624,-0.813232
7.69958758354187,0.533569,0.316406,-0.468750,0.128906,0.037109,0.115234,0.292969,0.335938,-0.303101,0.366455,-0.812988
7.720392942428589,0.597778,1.324219,-0.425781,-1.042969,0.173828,0.255859,0.513672,0.338074,-0.300598,0.367432,-0.812622
7.740206241607666,0.610107,0.875000,-0.078125,-0.554687,0.253906,0.335938,0.572266,0.341736,-0.296021,0.368469,-0.812317
7.7600483894348145,0.607788,-2.074219,-0.085937,0.250000,0.187500,0.039063,0.160156,0.345703,-0.290649,0.369141,-0.812256
7.780608892440796,0.577271,0.011719,-0.371094,-0.507812,0.193359,0.029297,0.019531,0.347534,-0.288757,0.368408,-0.812500
7.800542116165161,0.550537,-0.773437,-0.402344,-0.890625,0.298828,-0.003906,-0.138672,0.348145,-0.287964,0.366821,-0.813232
7.820061922073364,0.513550,-0.613281,-0.066406,-0.519531,0.287109,-0.001953,-0.253906,0.347900,-0.287476,0.363953,-0.814758
7.840630769729614,0.404297,-0.351563,0.707031,1.757813,0.066406,-0.191406,-0.222656,0.346741,-0.287598,0.360962,-0.816528
7.860392808914185,0.380859,0.828125,1.167969,1.582031,-0.123047,-0.333984,-0.023437,0.345886,-0.289612,0.359131,-0.817017
7.880056858062744,0.375854,0.441406,0.500000,0.863281,-0.216797,-0.382813,0.085937,0.346497,-0.292908,0.358826,-0.815735
7.9005913734436035,0.379761,0.734375,-0.042969,0.335938,-0.324219,-0.212891,0.150391,0.347839,-0.296387,0.359558,-0.813599
7.9207923412323,0.426880,0.980469,-0.425781,-0.652344,-0.193359,0.142578,0.187500,0.348877,-0.298401,0.361816,-0.811401
7.940171241760254,0.530151,-0.031250,-0.625000,0.367188,-0.224609,0.347656,0.181641,0.349304,-0.297485,0.364563,-0.810303
7.960780382156372,0.622559,-2.250000,-0.355469,2.023438,-0.529297,0.279297,-0.123047,0.348633,-0.295166,0.368347,-0.809753
7.980655193328857,0.637817,0.070312,-0.507812,-1.800781,-0.310547,0.275391,-0.091797,0.345398,-0.294434,0.372986,-0.809265
8.000507116317749,0.633911,-0.644531,-0.421875,-1.515625,0.099609,-0.148437,-0.121094,0.342896,-0.294006,0.375793,-0.809204
8.020172119140625,0.626831,0.300781,-2.070313,-3.937500,0.583984,0.121094,-0.115234,0.342651,-0.294800,0.374390,-0.809631
8.040815114974976,0.597900,1.128906,-1.851563,-4.003906,1.101563,0.519531,-0.095703,0.343018,-0.292053,0.369751,-0.812622
8.060728549957275,0.557495,0.101563,0.148437,0.156250,0.429687,0.562500,-0.119141,0.343323,-0.284790,0.362610,-0.818237
8.08037543296814,0.509644,-1.214844,2.199219,5.457031,-0.166016,0.283203,-0.117188,0.341736,-0.279419,0.360046,-0.821899
8.100998878479004,0.431274,0.960937,0.675781,-0.558594,-0.011719,0.421875,0.058594,0.339478,-0.277527,0.361694,-0.822754
8.121022939682007,0.396484,-2.109375,0.101563,1.656250,-0.023437,0.158203,-0.167969,0.338135,-0.274414,0.363281,-0.823608
8.140503168106079,0.370850,-0.527344,0.667969,1.273438,0.082031,0.041016,-0.162109,0.336304,-0.273499,0.363647,-0.824585
8.17061972618103,0.334473,0.523437,1.679688,1.664063,0.154297,-0.109375,-0.048828,0.335327,-0.274231,0.361206,-0.825745
8.191519737243652,0.308594,-1.007813,0.996094,2.726563,-0.144531,-0.347656,-0.013672,0.336060,-0.277405,0.360901,-0.824524
8.211692094802856,0.306030,0.144531,-0.679687,-0.726562,-0.082031,-0.423828,-0.136719,0.336182,-0.281616,0.359863,-0.823486
8.231106519699097,0.288940,0.582031,-0.382813,-0.824219,-0.058594,-0.259766,-0.171875,0.335632,-0.284485,0.358887,-0.823120
8.251650333404541,0.267700,0.625000,-0.199219,-0.972656,0.013672,-0.128906,-0.109375,0.335266,-0.286011,0.358093,-0.823181
8.271994590759277,0.271729,-0.046875,0.269531,0.156250,-0.027344,-0.150391,-0.083984,0.335022,-0.287720,0.357605,-0.822876
8.291086435317993,0.279907,-0.285156,0.507812,0.960937,-0.173828,-0.277344,-0.105469,0.334656,-0.290894,0.357788,-0.821838
8.311922550201416,0.298218,0.863281,0.730469,1.511719,-0.324219,-0.298828,-0.052734,0.334351,-0.294678,0.359253,-0.819946
8.331478834152222,0.314331,0.148437,0.046875,0.671875,-0.423828,-0.269531,0.019531,0.334229,-0.297913,0.361938,-0.817627
8.352072954177856,0.344849,1.675781,-0.480469,-0.890625,-0.333984,0.056641,0.175781,0.334351,-0.298096,0.365417,-0.815979
8.371104717254639,0.383179,-0.386719,-0.648437,-1.179688,-0.185547,0.283203,0.138672,0.333923,-0.295898,0.368347,-0.815613
8.391967535018921,0.503784,0.597656,-0.425781,0.597656,-0.162109,0.445312,0.101563,0.332458,-0.292480,0.371765,-0.815918
8.41211485862732,0.563843,0.574219,-0.625000,-1.976563,-0.156250,0.734375,0.111328,0.330261,-0.287109,0.375916,-0.816772
8.43198275566101,0.578125,-0.550781,0.351563,0.628906,-0.162109,0.474609,0.093750,0.328979,-0.283386,0.378662,-0.817383
8.451820135116577,0.591675,-0.687500,0.496094,0.773437,0.031250,0.066406,0.068359,0.329285,-0.282532,0.378906,-0.817444
8.472047328948975,0.595093,-0.281250,0.195312,0.820312,-0.054687,-0.189453,0.025391,0.330139,-0.283813,0.378784,-0.816711
8.491376638412476,0.600586,0.605469,-0.023437,-0.468750,-0.025391,-0.105469,0.093750,0.331238,-0.284424,0.378967,-0.815979
8.51214051246643,0.610718,0.843750,-0.363281,-0.359375,0.031250,0.046875,0.242187,0.333252,-0.282715,0.379639,-0.815369
8.532074451446533,0.609863,-1.695313,-0.117188,-0.960937,-0.015625,0.339844,0.517578,0.336121,-0.278625,0.381531,-0.814758
8.551597356796265,0.621826,0.449219,0.074219,0.097656,0.033203,0.207031,0.384766,0.338623,-0.275391,0.382690,-0.814270
8.572221755981445,0.620605,-0.484375,0.199219,0.351563,0.062500,0.132812,0.310547,0.340820,-0.272949,0.383484,-0.813782
8.592045068740845,0.623047,-1.816406,0.312500,0.320313,0.013672,-0.140625,0.080078,0.342163,-0.273438,0.383240,-0.813171
8.61154580116272,0.623047,-0.390625,0.390625,-1.058594,0.000000,-0.279297,0.007813,0.343445,-0.275757,0.381958,-0.812500
8.632229328155518,0.608643,-0.523437,0.175781,-0.253906,0.119141,-0.417969,-0.052734,0.344910,-0.279053,0.379150,-0.812073
8.652442693710327,0.582520,-1.304688,-0.578125,0.472656,0.068359,-0.476562,-0.269531,0.344971,-0.283508,0.375732,-0.812073
8.672306776046753,0.531128,-0.328125,-0.921875,-1.808594,0.265625,-0.421875,-0.314453,0.344666,-0.287292,0.371399,-0.812866
8.69182300567627,0.498901,0.750000,-2.308594,-2.660156,0.375000,-0.265625,-0.304688,0.344177,-0.288818,0.366577,-0.814697
8.712111473083496,0.458862,2.175781,-1.929688,-2.425781,0.646484,0.439453,-0.197266,0.342957,-0.284180,0.362061,-0.818848
8.731993198394775,0.432373,0.753906,0.375000,0.757812,0.677734,0.660156,-0.050781,0.341919,-0.277161,0.359497,-0.822815
8.751929759979248,0.421265,-0.320313,2.167969,5.601562,-0.324219,0.318359,0.019531,0.340149,-0.274963,0.362549,-0.822998
8.772498607635498,0.415405,0.785156,0.355469,-0.964844,-0.242187,0.310547,-0.046875,0.337952,-0.273499,0.365540,-0.822998
8.79243779182434,0.413696,-0.570312,0.800781,1.003906,-0.189453,0.330078,-0.052734,0.335876,-0.271729,0.367859,-0.823425
8.812100648880005,0.415405,-0.339844,0.828125,0.316406,-0.027344,0.109375,-0.125000,0.334473,-0.271179,0.368225,-0.824036
8.833001375198364,0.406372,-0.457031,1.664063,3.132813,0.154297,-0.001953,0.005859,0.334778,-0.270996,0.367249,-0.824402
8.85262656211853,0.400024,-1.144531,0.644531,1.910156,-0.218750,-0.294922,-0.017578,0.335144,-0.273926,0.367676,-0.823059
8.872707843780518,0.393921,-0.128906,-0.671875,-1.070313,-0.244141,-0.369141,-0.109375,0.334961,-0.278137,0.368103,-0.821533
8.892435550689697,0.377075,-0.457031,-0.976562,-1.542969,-0.103516,-0.304688,-0.199219,0.334290,-0.281616,0.367310,-0.820984
8.912806749343872,0.367432,0.453125,-0.464844,-1.359375,0.113281,-0.197266,-0.197266,0.333679,-0.283691,0.365173,-0.821472
8.932236433029175,0.362305,0.453125,-0.027344,-0.234375,0.191406,-0.103516,-0.162109,0.333313,-0.284485,0.362793,-0.822388
8.951987266540527,0.356201,0.273438,0.253906,0.812500,0.158203,-0.041016,-0.115234,0.333008,-0.284912,0.360962,-0.823181
8.972982406616211,0.305664,-0.175781,0.707031,1.320313,0.027344,-0.134766,-0.113281,0.332703,-0.286255,0.360107,-0.823242
8.9927978515625,0.303711,-0.355469,0.953125,1.464844,-0.166016,-0.201172,-0.005859,0.332886,-0.288574,0.360718,-0.822083
9.012250661849976,0.302124,-0.402344,0.070312,1.152344,-0.378906,-0.423828,-0.015625,0.333191,-0.293152,0.362305,-0.819641
9.03269076347351,0.351318,0.363281,-0.656250,-0.578125,-0.369141,-0.353516,-0.035156,0.333130,-0.297485,0.364014,-0.817322
9.052987337112427,0.375488,-0.019531,-0.394531,-0.476562,-0.308594,-0.255859,-0.050781,0.332825,-0.300659,0.365540,-0.815613
9.0723717212677,0.388306,0.898437,-0.378906,-1.410156,-0.156250,-0.046875,0.027344,0.332825,-0.301453,0.366699,-0.814819
9.092823505401611,0.445801,-0.027344,-0.218750,0.046875,-0.021484,0.146484,0.107422,0.333069,-0.300171,0.367737,-0.814697
9.113314151763916,0.511230,-0.101563,-0.242187,0.781250,-0.080078,0.136719,0.125000,0.333496,-0.298645,0.369324,-0.814331
9.13254427909851,0.572510,2.726563,-0.324219,0.628906,-0.164062,0.375000,0.476562,0.335632,-0.294617,0.372681,-0.813416
9.152840614318848,0.620117,-0.281250,0.042969,-0.429687,0.033203,0.375000,0.632812,0.339294,-0.289063,0.375610,-0.812561
9.17305326461792,0.630005,-2.839844,-0.253906,-0.140625,0.056641,0.265625,0.425781,0.341797,-0.285461,0.377136,-0.812073
9.192827224731445,0.630737,-1.296875,-0.414062,-1.113281,0.060547,0.058594,0.033203,0.342224,-0.284790,0.376709,-0.812317
9.21348237991333,0.608276,-1.015625,-0.445312,-0.960937,0.232422,-0.042969,-0.160156,0.341736,-0.284912,0.374207,-0.813599
9.233003616333008,0.583008,-0.382813,-0.179687,-0.386719,0.306641,-0.046875,-0.357422,0.340027,-0.285522,0.370605,-0.815796
9.253318786621094,0.545288,1.136719,0.882812,1.136719,0.296875,0.021484,-0.361328,0.337891,-0.285767,0.367310,-0.818054
9.272829055786133,0.508789,0.484375,1.441406,2.164063,0.044922,-0.050781,-0.201172,0.336609,-0.286804,0.366089,-0.818787
9.293381690979004,0.484009,0.726562,1.191406,1.429688,-0.134766,-0.195312,-0.033203,0.336670,-0.288940,0.366455,-0.817810
9.313319444656372,0.494751,0.636719,-0.308594,0.296875,-0.269531,-0.269531,0.082031,0.337463,-0.291504,0.368042,-0.815918
9.333009243011475,0.505981,0.613281,-0.816406,-1.128906,-0.244141,-0.007813,0.099609,0.337524,-0.292053,0.370361,-0.814636
9.353169202804565,0.573730,0.109375,-0.640625,-0.960937,-0.148437,0.240234,0.083984,0.336792,-0.290588,0.372864,-0.814331
9.373567819595337,0.601807,-1.609375,-0.468750,-0.167969,-0.210937,0.250000,-0.160156,0.334106,-0.289612,0.375183,-0.814697
9.392998695373535,0.618530,0.246094,-0.406250,-1.066406,-0.283203,0.437500,-0.130859,0.330750,-0.287659,0.378052,-0.815430
9.413349628448486,0.631104,-1.386719,0.128906,-0.078125,-0.039063,0.248047,-0.095703,0.328735,-0.286438,0.379028,-0.816223
9.43342638015747,0.621216,-0.460937,-0.156250,-0.613281,0.025391,-0.085937,-0.183594,0.327881,-0.287476,0.377869,-0.816711
9.452996730804443,0.602783,0.429687,-0.101563,-0.988281,0.244141,-0.136719,-0.095703,0.328247,-0.288330,0.375244,-0.817505
9.473674058914185,0.555786,0.542969,0.441406,0.050781,0.304688,-0.283203,-0.095703,0.329468,-0.289978,0.371643,-0.818054
9.493542671203613,0.538452,-0.117188,1.175781,1.730469,0.212891,-0.417969,-0.001953,0.331604,-0.292725,0.368469,-0.817688
9.51279616355896,0.525757,0.808594,1.070313,1.214844,-0.050781,-0.417969,0.035156,0.333313,-0.295959,0.367615,-0.816162
9.534003973007202,0.533691,1.109375,0.250000,0.242187,-0.181641,-0.093750,0.126953,0.334229,-0.296814,0.369263,-0.814758
9.553534984588623,0.580444,0.902344,-0.714844,-1.066406,-0.259766,0.263672,0.220703,0.334412,-0.294861,0.372620,-0.813843
9.573599338531494,0.625854,0.964844,-0.746094,0.484375,-0.220703,0.455078,0.296875,0.334473,-0.290833,0.376831,-0.813354
9.593503713607788,0.648804,-0.886719,-0.515625,0.312500,-0.298828,0.572266,0.285156,0.333862,-0.286133,0.381958,-0.812866
9.614004611968994,0.658081,-1.167969,-0.328125,-0.320313,-0.224609,0.369141,0.152344,0.333069,-0.283325,0.385437,-0.812561
9.633778095245361,0.649658,-0.945312,-1.066406,-3.355469,0.080078,-0.033203,-0.037109,0.333252,-0.283447,0.384521,-0.812866
9.653223514556885,0.634399,0.308594,-1.742188,-3.894531,0.552734,-0.240234,-0.115234,0.334717,-0.283569,0.378845,-0.814880
9.673994064331055,0.596191,0.617187,-3.191406,-6.250000,1.326172,0.134766,-0.164062,0.336548,-0.278748,0.368225,-0.820679
9.693994045257568,0.548340,0.164062,-1.785156,-3.175781,1.742188,0.519531,-0.308594,0.336731,-0.270081,0.355347,-0.829102
9.713075160980225,0.473511,-0.632812,2.066406,6.652344,1.015625,0.683594,-0.500000,0.332947,-0.263062,0.348206,-0.835937
9.733725309371948,0.376465,0.300781,2.937500,8.843750,-0.425781,0.429687,-0.439453,0.326904,-0.262756,0.351563,-0.836975
9.753795385360718,0.354370,-0.375000,1.761719,2.941406,-1.255859,-0.283203,-0.269531,0.322205,-0.269287,0.360229,-0.833008
9.773485898971558,0.329468,0.160156,-0.597656,-5.054687,-0.820312,-0.210937,-0.142578,0.319641,-0.273987,0.365723,-0.830078
9.794052600860596,0.322510,1.578125,1.003906,-2.304688,0.107422,0.060547,-0.042969,0.319336,-0.273621,0.365356,-0.830444
9.81399655342102,0.322998,0.507812,2.589844,1.257813,0.300781,0.148437,0.173828,0.321045,-0.270996,0.363831,-0.831299
9.833537817001343,0.320190,0.355469,2.621094,1.808594,0.162109,-0.031250,0.306641,0.324097,-0.269592,0.363220,-0.830872
9.854192018508911,0.306641,-1.382813,0.484375,1.808594,0.005859,-0.142578,0.312500,0.327148,-0.269775,0.363403,-0.829529
9.874090671539307,0.316406,-1.207031,-0.335938,2.078125,-0.171875,-0.330078,0.140625,0.329102,-0.272522,0.364136,-0.827515
9.894331216812134,0.307617,-0.648437,-0.996094,-0.234375,-0.291016,-0.544922,0.003906,0.330444,-0.277710,0.364624,-0.825073
9.913517713546753,0.300537,0.710937,-1.179688,-1.964844,-0.054687,-0.523437,0.021484,0.332397,-0.282104,0.363281,-0.823364
9.933932781219482,0.272583,0.335938,0.062500,-0.992187,0.273438,-0.347656,0.091797,0.335083,-0.283875,0.360352,-0.822998
9.954354524612427,0.261963,-0.722656,-0.230469,1.250000,0.208984,-0.238281,0.062500,0.336975,-0.285095,0.358093,-0.822754
9.973998546600342,0.263306,-0.476562,-0.695312,0.148437,-0.058594,-0.175781,-0.109375,0.336792,-0.286804,0.357361,-0.822510
9.994117736816406,0.240967,1.117188,-0.207031,-0.625000,0.109375,-0.050781,-0.023437,0.337097,-0.287231,0.356323,-0.822754
10.014394760131836,0.240601,-0.414062,0.214844,0.636719,0.035156,-0.097656,0.039063,0.337830,-0.287781,0.355774,-0.822510
10.034007549285889,0.239380,-1.136719,-0.136719,0.261719,-0.017578,-0.169922,-0.048828,0.337952,-0.289490,0.355164,-0.822083
10.054503917694092,0.203247,-0.148437,0.023437,0.246094,-0.054687,-0.218750,-0.177734,0.337097,-0.291992,0.354492,-0.821838
10.07451581954956,0.173096,0.148437,0.023437,0.003906,-0.107422,-0.138672,-0.189453,0.335754,-0.294250,0.354309,-0.821716
10.09376573562622,0.157593,0.324219,0.445312,0.492187,-0.156250,-0.197266,-0.246094,0.334045,-0.297180,0.354309,-0.821289
10.114391326904297,0.152588,1.082031,0.160156,0.273438,-0.228516,-0.210937,-0.160156,0.332825,-0.300232,0.355164,-0.820374
10.13446593284607,0.190308,1.042969,-0.035156,0.585937,-0.300781,-0.039063,0.033203,0.332336,-0.301392,0.357483,-0.819092
10.154612064361572,0.266846,0.617187,-0.343750,0.003906,-0.253906,0.125000,0.136719,0.332214,-0.300903,0.360352,-0.818054
10.174772500991821,0.376831,-0.949219,-0.011719,0.695312,-0.207031,-0.072266,0.105469,0.332703,-0.301758,0.362244,-0.816711
10.195010662078857,0.455566,1.527344,-0.402344,-1.457031,-0.167969,-0.185547,0.253906,0.335083,-0.302795,0.363525,-0.814819
10.214470386505127,0.538208,1.921875,-0.156250,-1.394531,0.123047,0.068359,0.574219,0.339417,-0.300293,0.364624,-0.813416
10.234567642211914,0.578857,-1.886719,-0.285156,0.250000,-0.031250,0.105469,0.291016,0.341431,-0.298035,0.366272,-0.812683
10.254703283309937,0.617432,0.750000,-0.195312,0.175781,-0.085937,0.359375,0.189453,0.341248,-0.294800,0.368896,-0.812744
10.274623394012451,0.625854,-1.093750,-0.363281,0.597656,-0.156250,0.566406,0.097656,0.339355,-0.290710,0.372437,-0.813354
10.294637680053711,0.629395,-1.968750,-0.269531,-0.335938,-0.220703,0.361328,-0.185547,0.336243,-0.289001,0.374939,-0.814148
10.315130949020386,0.611694,-0.136719,-0.437500,-2.734375,0.148437,0.050781,-0.150391,0.335083,-0.288635,0.373901,-0.815247
10.33514666557312,0.597778,-0.437500,-1.882813,-1.886719,0.500000,-0.115234,-0.119141,0.335693,-0.288269,0.369324,-0.817200
10.354425191879272,0.571411,0.496094,-2.250000,-3.941406,0.951172,0.099609,-0.242187,0.335999,-0.284790,0.361572,-0.821777
10.37486720085144,0.498535,0.957031,0.082031,0.863281,0.998047,0.695312,-0.236328,0.334290,-0.277222,0.355164,-0.827820
10.395019054412842,0.492187,-0.656250,1.722656,3.707031,0.296875,0.683594,-0.302734,0.330322,-0.271729,0.354126,-0.831665
10.4143967628479,0.481812,0.976562,2.894531,2.273438,-0.326172,0.400391,-0.189453,0.326660,-0.269897,0.357300,-0.832336
10.43499755859375,0.453125,0.261719,1.601563,2.015625,-0.343750,0.064453,0.091797,0.326111,-0.270264,0.360657,-0.830994
10.455066919326782,0.425903,-0.589844,0.964844,2.820313,-0.478516,-0.250000,0.154297,0.326965,-0.273376,0.364075,-0.828125
10.474903106689453,0.407837,-0.773437,0.015625,-0.585937,-0.417969,-0.447266,0.082031,0.328125,-0.277710,0.366272,-0.825256
10.494985103607178,0.382935,0.140625,-0.894531,-2.328125,-0.087891,-0.244141,0.115234,0.329712,-0.279785,0.366577,-0.823792
10.515114307403564,0.385864,-0.097656,-1.085938,-0.863281,0.021484,-0.154297,0.062500,0.330811,-0.280701,0.366028,-0.823303
10.535063028335571,0.388550,0.285156,-0.910156,-1.078125,0.152344,0.017578,0.029297,0.331421,-0.280090,0.365051,-0.823669
10.554727554321289,0.393188,-0.121094,0.046875,0.746094,0.062500,0.068359,0.023437,0.331604,-0.279236,0.364807,-0.824036
10.575330972671509,0.424438,0.355469,0.601562,1.335938,-0.105469,0.042969,0.064453,0.331665,-0.278992,0.365967,-0.823547
10.595537662506104,0.456299,0.261719,-0.179687,0.675781,-0.208984,0.050781,0.113281,0.331787,-0.278809,0.368103,-0.822571
10.614559650421143,0.511353,0.019531,0.042969,0.050781,-0.203125,0.072266,0.123047,0.332031,-0.278381,0.370422,-0.821594
10.635534763336182,0.577637,0.546875,0.140625,-0.386719,-0.150391,0.056641,0.173828,0.332703,-0.277893,0.372253,-0.820679
10.655524730682373,0.601807,-0.050781,-0.265625,-0.292969,-0.113281,0.007813,0.068359,0.332947,-0.277832,0.373474,-0.820007
10.674999713897705,0.618774,-0.585937,-0.140625,0.179687,-0.099609,0.001953,0.013672,0.332703,-0.278320,0.374268,-0.819580
10.69544506072998,0.630615,-1.953125,-0.050781,0.488281,-0.193359,-0.208984,-0.257813,0.330872,-0.281372,0.374634,-0.819153
10.715577125549316,0.618164,-0.039063,0.113281,-0.414062,-0.275391,-0.191406,-0.402344,0.327515,-0.285278,0.375061,-0.818970
10.735010862350464,0.589600,0.621094,0.042969,-0.500000,-0.156250,-0.107422,-0.373047,0.324463,-0.288147,0.375122,-0.819153
10.755937814712524,0.585205,0.812500,-0.226562,-0.101563,-0.142578,-0.123047,-0.177734,0.323120,-0.290100,0.375183,-0.818909
10.775383710861206,0.605713,0.000000,0.082031,0.261719,-0.054687,-0.085937,-0.039063,0.322937,-0.291199,0.375244,-0.818604
10.795305967330933,0.622070,2.480469,-0.371094,-0.652344,-0.064453,-0.078125,-0.019531,0.323059,-0.291809,0.375488,-0.818237
10.815603256225586,0.644775,2.031250,0.066406,-1.089844,0.011719,0.345703,0.376953,0.324707,-0.288086,0.377258,-0.818054
10.835620403289795,0.655518,-1.960938,-0.187500,0.343750,0.027344,0.318359,0.275391,0.325806,-0.284180,0.378967,-0.818237
10.855461597442627,0.661743,-0.359375,-0.171875,1.078125,-0.117188,0.300781,0.058594,0.324646,-0.282166,0.380981,-0.818420
10.875322580337524,0.662598,-1.554688,0.281250,0.875000,-0.425781,0.041016,-0.363281,0.320496,-0.284180,0.383545,-0.818176
10.89594316482544,0.659058,1.402344,0.605469,-1.054688,-0.439453,-0.083984,-0.472656,0.315979,-0.287720,0.385437,-0.817810
10.915860652923584,0.656372,1.210938,0.390625,-0.363281,-0.228516,-0.087891,-0.179687,0.314087,-0.289856,0.386475,-0.817322
10.935758590698242,0.657959,0.855469,-0.101563,-0.808594,-0.107422,-0.054687,0.015625,0.314026,-0.290649,0.387146,-0.816711
10.955822706222534,0.675049,1.835938,-0.359375,-0.378906,0.015625,0.015625,0.125000,0.315125,-0.289734,0.387573,-0.816406
10.975839376449585,0.684937,2.246094,-0.230469,0.523437,0.042969,0.304688,0.437500,0.317505,-0.285278,0.389648,-0.816101
10.995359659194946,0.680176,-1.304688,-0.207031,-0.035156,-0.023437,0.484375,0.527344,0.319824,-0.279541,0.392700,-0.815674
11.015783548355103,0.673218,-0.730469,-0.074219,0.195312,-0.052734,0.363281,0.296875,0.320557,-0.276062,0.394653,-0.815613
11.036289930343628,0.665894,-1.031250,-0.667969,-1.308594,0.050781,-0.111328,-0.154297,0.320068,-0.277039,0.393616,-0.816040
11.055210828781128,0.648071,0.906250,-2.246094,-5.125000,0.373047,-0.265625,-0.263672,0.320068,-0.278259,0.388733,-0.817932
11.076338291168213,0.566650,2.476563,-1.632813,-4.109375,1.138672,0.277344,-0.093750,0.321228,-0.273193,0.380432,-0.823059
11.096228122711182,0.512573,0.156250,0.761719,1.640625,0.875000,0.513672,-0.035156,0.321411,-0.266541,0.375061,-0.827637
11.115453720092773,0.426270,-2.531250,1.152344,3.558594,-0.146484,0.341797,0.023437,0.319885,-0.264282,0.376648,-0.828247
11.136017560958862,0.363403,0.097656,0.507812,-0.625000,-0.558594,0.015625,-0.169922,0.317261,-0.266052,0.380432,-0.826965
11.156158208847046,0.360474,1.132813,0.050781,-2.875000,-0.054687,0.056641,-0.050781,0.316467,-0.265930,0.380859,-0.827087
11.176197290420532,0.346436,0.519531,0.308594,-1.843750,0.542969,0.025391,0.070312,0.318237,-0.263916,0.376953,-0.828857
11.195873260498047,0.319458,-1.320313,1.210938,4.527344,0.498047,-0.111328,0.091797,0.320496,-0.263306,0.372925,-0.830017
11.216100454330444,0.292236,-0.769531,0.859375,1.402344,0.011719,-0.488281,-0.074219,0.321838,-0.267151,0.370911,-0.829163
11.236460447311401,0.290039,0.859375,0.484375,-0.296875,-0.011719,-0.484375,-0.046875,0.323120,-0.271240,0.369446,-0.827942
11.25600266456604,0.293457,0.589844,0.214844,-0.011719,-0.082031,-0.314453,0.031250,0.324280,-0.274109,0.369080,-0.826721
11.276350021362305,0.308716,0.375000,-0.617187,-0.371094,-0.109375,-0.226562,-0.001953,0.324768,-0.276306,0.369263,-0.825745
11.296449899673462,0.313965,-0.406250,-0.832031,-1.078125,-0.130859,-0.076172,-0.039063,0.324463,-0.277466,0.369873,-0.825195
11.315942525863647,0.322388,0.742187,-0.257813,-0.656250,0.007813,0.025391,-0.017578,0.324219,-0.277344,0.369934,-0.825317
11.336425304412842,0.336792,0.347656,0.203125,0.417969,-0.007813,0.056641,0.074219,0.324524,-0.276672,0.370483,-0.825134
11.356436491012573,0.347290,0.093750,0.460937,1.214844,-0.205078,-0.039063,0.142578,0.325256,-0.277100,0.372314,-0.823914
11.376076698303223,0.376953,0.300781,-0.500000,-0.363281,-0.212891,-0.050781,0.162109,0.326111,-0.277527,0.374390,-0.822449
11.396490097045898,0.456543,-0.917969,-0.476562,0.472656,-0.185547,-0.060547,0.076172,0.326416,-0.278381,0.375977,-0.821350
11.4168062210083,0.500610,-0.367188,-0.156250,-0.484375,-0.185547,-0.113281,-0.039063,0.325867,-0.280151,0.377075,-0.820435
11.436365365982056,0.533325,-1.078125,-0.062500,0.207031,-0.226562,-0.207031,-0.285156,0.323853,-0.283508,0.377380,-0.819946
11.456608772277832,0.549683,1.093750,0.058594,-0.597656,-0.197266,-0.310547,-0.300781,0.321899,-0.287720,0.377136,-0.819397
11.476776838302612,0.523560,-0.386719,0.011719,-0.421875,-0.058594,-0.275391,-0.251953,0.320740,-0.290955,0.376343,-0.819092
11.496853828430176,0.500244,0.847656,-0.179687,-0.453125,-0.009766,-0.078125,-0.095703,0.320007,-0.292175,0.376099,-0.819031
11.516459226608276,0.490967,-0.308594,0.019531,0.367188,-0.074219,-0.013672,-0.050781,0.319397,-0.292786,0.376465,-0.818909
11.536729335784912,0.565430,0.960937,-0.394531,0.039063,-0.083984,-0.013672,-0.005859,0.319275,-0.292786,0.377319,-0.818542
11.55700135231018,0.613403,3.246094,-0.523437,-0.582031,-0.046875,0.365234,0.408203,0.320923,-0.288330,0.380127,-0.818176
11.576555490493774,0.635864,1.136719,-0.222656,-0.488281,-0.074219,0.666016,0.550781,0.322449,-0.281494,0.384155,-0.818054
11.596834182739258,0.660889,-0.730469,0.480469,-0.304688,-0.080078,0.480469,0.265625,0.322632,-0.276917,0.386902,-0.818237
11.616697549819946,0.666748,-0.898437,0.343750,0.507812,-0.068359,0.177734,0.033203,0.322021,-0.275330,0.388184,-0.818420
11.636535167694092,0.671753,-2.324219,0.273438,1.074219,-0.156250,-0.097656,-0.246094,0.319946,-0.277466,0.388428,-0.818359
11.657135248184204,0.636719,0.156250,0.265625,-1.578125,-0.220703,-0.234375,-0.425781,0.316833,-0.281616,0.387939,-0.818420
11.67702341079712,0.598511,0.312500,-0.207031,-0.226562,0.019531,-0.185547,-0.267578,0.315369,-0.284546,0.386230,-0.818787
11.696534395217896,0.563965,-0.023437,-0.605469,-0.757812,0.066406,-0.382813,-0.193359,0.315369,-0.287903,0.383850,-0.818726
11.717080116271973,0.459229,0.160156,-0.867187,-2.023438,0.283203,-0.214844,-0.154297,0.315613,-0.289246,0.380371,-0.819763
11.73735785484314,0.414551,1.269531,-2.339844,-2.175781,0.416016,0.250000,-0.183594,0.314392,-0.286133,0.377136,-0.822815
11.757264852523804,0.378662,2.015625,-0.625000,-1.566406,0.792969,0.929687,-0.064453,0.312500,-0.276550,0.373657,-0.828369
11.776510238647461,0.359131,-0.488281,1.695313,3.527344,0.558594,0.982422,0.076172,0.310913,-0.266968,0.372253,-0.832764
11.797009468078613,0.379272,-1.125000,1.992188,2.929688,0.001953,0.412109,-0.011719,0.309448,-0.263184,0.373291,-0.834045
11.816943883895874,0.405640,0.203125,1.242188,1.902344,-0.080078,0.066406,0.103516,0.309692,-0.262451,0.374512,-0.833618
11.836612224578857,0.429077,-0.250000,0.968750,2.207031,-0.238281,-0.121094,0.183594,0.310913,-0.263611,0.376587,-0.831848
11.857181549072266,0.445557,-0.910156,-0.132812,-0.210937,-0.382813,-0.255859,0.099609,0.311584,-0.266235,0.379211,-0.829590
11.877683162689209,0.451294,-0.234375,-0.679687,-1.199219,-0.271484,-0.085937,-0.025391,0.311035,-0.268066,0.381226,-0.828308
11.897010803222656,0.461792,0.437500,-0.308594,-0.898437,-0.220703,-0.054687,-0.064453,0.310059,-0.269348,0.382690,-0.827576
11.917439460754395,0.515503,-0.027344,0.250000,0.519531,-0.207031,-0.019531,-0.041016,0.309143,-0.270325,0.384277,-0.826843
11.937753200531006,0.532715,0.156250,-0.617187,-0.339844,-0.134766,0.039063,-0.042969,0.308105,-0.270935,0.385559,-0.826416
11.957152605056763,0.543335,-1.101563,0.281250,1.386719,-0.253906,-0.125000,-0.144531,0.306763,-0.272949,0.386841,-0.825684
11.977574825286865,0.559937,-0.257813,0.113281,0.550781,-0.205078,-0.154297,-0.142578,0.305603,-0.275452,0.387878,-0.824829
11.997508525848389,0.566284,-0.644531,0.007813,-0.406250,-0.183594,-0.222656,-0.101563,0.304993,-0.278381,0.388428,-0.823792
12.017342567443848,0.570923,-0.160156,-0.101563,-0.687500,-0.109375,-0.332031,-0.109375,0.305054,-0.281738,0.387939,-0.822815
12.038012742996216,0.582397,0.625000,-0.148437,-0.839844,0.031250,-0.216797,-0.007813,0.306091,-0.283203,0.386963,-0.822449
12.057665824890137,0.609253,1.187500,-0.308594,-0.113281,0.230469,0.142578,0.373047,0.309082,-0.280273,0.386536,-0.822510
12.07783555984497,0.642090,-0.449219,-0.445312,1.171875,0.070312,0.164062,0.443359,0.312134,-0.276917,0.387634,-0.821960
12.097465991973877,0.665771,-0.312500,-0.199219,-0.472656,-0.082031,0.164062,0.277344,0.313599,-0.274475,0.389587,-0.821350
12.117658853530884,0.684937,-0.179687,0.046875,-0.089844,-0.078125,0.294922,0.140625,0.313293,-0.271851,0.391541,-0.821350
12.137638568878174,0.688477,-1.097656,0.253906,0.429687,-0.197266,0.177734,-0.109375,0.311340,-0.271362,0.393311,-0.821411
12.157599210739136,0.688232,-0.925781,0.488281,0.039063,-0.175781,-0.179687,-0.292969,0.309265,-0.274048,0.393433,-0.821228
12.177781820297241,0.684692,-0.390625,0.437500,-0.640625,0.019531,-0.382813,-0.242187,0.308777,-0.278076,0.391541,-0.820984
12.198020696640015,0.672241,-0.093750,-0.093750,-2.007813,0.304688,-0.578125,-0.193359,0.310181,-0.282288,0.386963,-0.821228
12.217317342758179,0.659058,0.742187,-1.582031,-0.199219,0.636719,-0.400391,-0.039063,0.312866,-0.283691,0.380920,-0.822571
12.237842321395874,0.625610,-0.390625,-2.914063,-2.300781,0.621094,0.199219,-0.041016,0.313416,-0.280029,0.376099,-0.825806
12.257832050323486,0.592651,1.074219,-0.933594,-0.578125,0.808594,0.943359,-0.113281,0.311340,-0.270752,0.372437,-0.831299
12.27743649482727,0.561401,0.484375,2.207031,4.964844,0.058594,0.849609,0.044922,0.308777,-0.263367,0.374390,-0.833740
12.298025846481323,0.563477,-0.878906,1.429688,0.292969,-0.712891,0.277344,0.195312,0.307434,-0.262146,0.380615,-0.831787
12.318067789077759,0.564331,0.839844,-0.093750,-2.800781,-0.312500,0.039063,0.181641,0.307922,-0.261902,0.383911,-0.830200
12.337656021118164,0.557617,-0.425781,0.125000,-0.132812,0.146484,0.041016,0.189453,0.309448,-0.260681,0.383789,-0.830017
12.35800576210022,0.524414,-1.207031,0.640625,2.722656,-0.121094,-0.203125,0.052734,0.310425,-0.262207,0.384094,-0.829102
12.378127098083496,0.515137,0.339844,-0.117188,-0.738281,-0.097656,-0.246094,0.001953,0.310974,-0.264526,0.384216,-0.828064
12.398024559020996,0.503052,-0.218750,-0.683594,-1.105469,-0.085937,-0.132812,-0.041016,0.310913,-0.266052,0.384277,-0.827576
12.41806960105896,0.491211,-0.328125,-0.609375,-0.906250,-0.001953,-0.070312,-0.121094,0.310120,-0.267273,0.383789,-0.827698
12.438581705093384,0.488892,-0.871094,-0.078125,-0.132812,-0.023437,-0.136719,-0.255859,0.308533,-0.269287,0.382874,-0.828064
12.458202362060547,0.480469,0.960937,0.218750,1.054688,-0.015625,-0.087891,-0.251953,0.306763,-0.270935,0.382141,-0.828491
12.477948188781738,0.491333,0.722656,0.140625,1.222656,-0.105469,0.037109,-0.054687,0.305786,-0.271301,0.382996,-0.828369
12.498090505599976,0.532227,0.238281,0.128906,0.824219,-0.187500,0.027344,0.054687,0.305664,-0.271423,0.384705,-0.827637
12.518141508102417,0.589844,0.859375,-0.187500,-0.222656,-0.130859,0.068359,0.259766,0.307068,-0.270020,0.386841,-0.826538
12.53773808479309,0.628540,0.519531,-0.316406,-0.347656,-0.056641,0.337891,0.503906,0.309570,-0.265564,0.389771,-0.825684
12.558555126190186,0.645142,-1.761719,-0.070312,-0.937500,0.048828,0.322266,0.388672,0.311462,-0.261353,0.391602,-0.825439
12.578710794448853,0.647827,-1.894531,-0.222656,-0.332031,0.031250,0.109375,0.070312,0.311707,-0.260010,0.391907,-0.825623
12.597836017608643,0.646118,-0.964844,-0.046875,-0.269531,0.117188,-0.083984,-0.160156,0.310974,-0.260803,0.390442,-0.826355
12.61831784248352,0.610229,-0.425781,-0.046875,-0.667969,0.166016,-0.181641,-0.332031,0.309387,-0.262939,0.387634,-0.827576
12.638283729553223,0.587280,0.738281,0.265625,0.218750,0.230469,-0.076172,-0.343750,0.307312,-0.264465,0.384705,-0.829224
12.658398866653442,0.549316,-1.039063,0.824219,1.531250,0.023437,-0.216797,-0.445312,0.304565,-0.267761,0.382629,-0.830139
12.678781509399414,0.466309,1.777344,0.042969,0.558594,-0.132812,-0.308594,-0.458984,0.301697,-0.272278,0.381653,-0.830200
12.698748588562012,0.475830,1.746094,-0.402344,-0.148437,-0.115234,-0.044922,-0.128906,0.300354,-0.273865,0.382141,-0.829956
12.718576192855835,0.487427,0.542969,-0.386719,0.027344,-0.189453,0.125000,0.058594,0.299866,-0.273193,0.383850,-0.829529
12.73841643333435,0.503540,0.078125,-0.253906,-1.128906,-0.060547,0.205078,0.089844,0.299622,-0.271301,0.385254,-0.829590
12.758661031723022,0.568726,0.589844,-0.371094,-0.222656,-0.013672,0.369141,0.107422,0.299011,-0.267822,0.386841,-0.830200
12.779076337814331,0.617310,0.562500,-0.277344,0.417969,-0.044922,0.519531,0.187500,0.298523,-0.263062,0.389282,-0.830750
12.797996044158936,0.661987,-0.507812,0.281250,1.000000,-0.160156,0.324219,0.277344,0.299133,-0.259888,0.391968,-0.830261
12.818718194961548,0.678223,-0.792969,0.566406,-0.179687,-0.025391,-0.074219,0.240234,0.301208,-0.259460,0.392883,-0.829224
12.838826417922974,0.678223,-0.980469,0.375000,-0.070312,0.138672,-0.115234,0.367188,0.304749,-0.259155,0.392395,-0.828247
12.85847806930542,0.675903,-0.339844,-0.101563,0.218750,0.150391,-0.347656,0.173828,0.307861,-0.260437,0.390747,-0.827454
12.879028797149658,0.645264,-1.281250,-0.261719,-0.210937,0.117188,-0.216797,-0.001953,0.308960,-0.262024,0.389099,-0.827332
12.898839473724365,0.602295,-1.460938,-0.554687,-0.410156,0.076172,-0.132812,-0.277344,0.307373,-0.263977,0.387146,-0.828186
12.918212652206421,0.538452,0.003906,-1.183594,0.425781,0.066406,0.000000,-0.558594,0.303040,-0.265686,0.385315,-0.830139
12.939018249511719,0.508057,3.113281,-1.328125,-2.937500,0.093750,0.298828,-0.392578,0.299072,-0.264282,0.384155,-0.832520
12.959084033966064,0.506958,0.777344,0.085937,0.019531,0.375000,0.542969,-0.076172,0.297119,-0.259521,0.382690,-0.835449
12.978714942932129,0.508423,-0.378906,1.343750,2.300781,-0.033203,0.384766,-0.099609,0.294861,-0.256531,0.383545,-0.836731
12.998953580856323,0.516846,0.074219,0.468750,0.835937,-0.058594,0.359375,-0.046875,0.292847,-0.253967,0.385071,-0.837524
13.019017696380615,0.528564,-0.402344,0.906250,1.429688,-0.158203,0.257813,-0.058594,0.291016,-0.252563,0.386902,-0.837769
13.039417266845703,0.534424,0.281250,1.238281,0.929687,-0.238281,-0.025391,-0.039063,0.290100,-0.253540,0.388855,-0.836853
13.058534145355225,0.544800,0.148437,1.093750,1.308594,-0.435547,-0.134766,-0.003906,0.289429,-0.255859,0.391968,-0.834961
13.079322576522827,0.574341,0.937500,-1.734375,-2.421875,-0.460937,-0.123047,-0.017578,0.288696,-0.257996,0.394958,-0.833130
13.09911036491394,0.582153,-0.671875,-0.191406,0.058594,-0.181641,0.029297,0.052734,0.288635,-0.258423,0.396484,-0.832336
13.118736267089844,0.582764,-1.000000,-0.023437,-0.644531,-0.107422,-0.195312,-0.021484,0.288879,-0.260254,0.396667,-0.831543
13.1396644115448,0.593872,-0.226562,-0.140625,-0.558594,0.011719,-0.220703,-0.011719,0.289673,-0.262268,0.395996,-0.830994
13.159741163253784,0.607788,2.722656,-0.031250,-1.066406,0.099609,-0.216797,0.089844,0.291687,-0.263062,0.394897,-0.830505
13.178610801696777,0.631714,2.441406,-0.261719,0.007813,0.203125,0.138672,0.574219,0.296265,-0.259338,0.395081,-0.830017
13.199311017990112,0.670776,-1.378906,-0.484375,0.175781,0.093750,0.246094,0.591797,0.300171,-0.254517,0.396545,-0.829346
13.219541072845459,0.667114,-0.039063,-0.261719,1.015625,-0.123047,0.414062,0.322266,0.300964,-0.250488,0.399292,-0.828979
13.23896074295044,0.671265,-1.953125,-0.007813,0.703125,-0.283203,0.369141,-0.021484,0.298584,-0.248535,0.402527,-0.828918
13.25939416885376,0.676392,-1.226563,0.214844,-0.628906,-0.398438,0.226562,-0.380859,0.293884,-0.249329,0.405212,-0.828979
13.27949833869934,0.671753,-0.460937,0.519531,-0.589844,-0.171875,-0.189453,-0.392578,0.290710,-0.252808,0.405273,-0.829041
13.299369096755981,0.664673,-0.628906,0.093750,-0.312500,-0.070312,-0.251953,-0.419922,0.288269,-0.256653,0.403809,-0.829468
13.319707870483398,0.641968,0.125000,-0.191406,0.308594,0.082031,-0.375000,-0.373047,0.286865,-0.260742,0.401245,-0.829895
13.339629173278809,0.619385,2.234375,-0.636719,-1.593750,0.185547,-0.251953,-0.101563,0.287415,-0.262451,0.398560,-0.830444
13.359553337097168,0.578125,1.343750,-1.234375,-2.722656,0.595703,0.167969,0.134766,0.289185,-0.259033,0.394714,-0.832764
13.379334688186646,0.547485,0.210937,0.050781,-0.171875,0.566406,0.294922,0.128906,0.290527,-0.254761,0.391235,-0.835266
13.399565935134888,0.522217,0.441406,1.644531,2.523438,0.142578,-0.017578,0.017578,0.291077,-0.254150,0.390137,-0.835754
13.419805526733398,0.520508,0.410156,1.476563,2.371094,-0.203125,-0.080078,0.089844,0.291626,-0.255188,0.391846,-0.834473
13.439396381378174,0.526367,0.289063,1.394531,2.066406,-0.496094,-0.242187,0.154297,0.292542,-0.257813,0.395691,-0.831482
13.46014142036438,0.591064,1.437500,-1.710938,-1.324219,-0.263672,-0.015625,0.269531,0.293884,-0.257935,0.398987,-0.829407
13.47979187965393,0.638672,0.343750,-0.492187,-0.375000,-0.298828,0.115234,0.285156,0.295105,-0.256348,0.402283,-0.827881
13.49929690361023,0.672119,-0.289063,-0.671875,-1.195313,-0.230469,0.361328,0.363281,0.295837,-0.252747,0.406250,-0.826782
13.519963264465332,0.680542,-1.828125,-0.343750,-0.718750,-0.169922,0.470703,0.146484,0.294800,-0.249023,0.409363,-0.826782
13.54008674621582,0.675903,-0.527344,-0.664062,-2.304688,0.082031,0.031250,-0.068359,0.294189,-0.248657,0.408752,-0.827393
13.55943250656128,0.661377,1.027344,-2.089844,-4.406250,0.476562,-0.060547,-0.091797,0.294861,-0.247864,0.404175,-0.829590
13.580021142959595,0.574585,1.128906,-0.785156,-2.195313,1.066406,0.267578,-0.025391,0.295959,-0.242615,0.396729,-0.834351
13.599955081939697,0.506958,-0.121094,0.984375,2.054688,0.728516,0.550781,0.000000,0.295227,-0.236267,0.392883,-0.838257
13.61954951286316,0.458984,-0.839844,0.886719,1.839844,-0.259766,0.378906,-0.232422,0.291321,-0.234375,0.395142,-0.839050
13.640069961547852,0.420410,-0.058594,0.417969,-0.472656,-0.449219,0.173828,-0.314453,0.287109,-0.235352,0.398376,-0.838745
13.660229921340942,0.410889,1.726563,1.000000,-1.000000,-0.066406,0.031250,-0.158203,0.285461,-0.235779,0.398804,-0.838989
13.68009090423584,0.393066,1.128906,1.406250,0.324219,0.187500,0.005859,0.117188,0.286560,-0.235046,0.397827,-0.839233
13.699448347091675,0.364380,-1.300781,0.152344,1.066406,-0.103516,-0.220703,0.037109,0.287476,-0.236877,0.397949,-0.838379
13.720120429992676,0.337158,-0.128906,-0.562500,-0.617187,-0.185547,-0.339844,-0.093750,0.287598,-0.240540,0.398193,-0.837158
13.740302085876465,0.320068,-0.613281,-0.714844,-1.437500,-0.085937,-0.330078,-0.169922,0.287231,-0.244263,0.397461,-0.836609
13.76026177406311,0.317627,-0.707031,-0.777344,-2.132813,0.140625,-0.361328,-0.322266,0.286194,-0.248108,0.394653,-0.837097
13.780289888381958,0.258789,0.265625,0.718750,0.617187,0.201172,-0.355469,-0.417969,0.284668,-0.252258,0.391052,-0.838074
13.800142288208008,0.268188,0.777344,0.976562,1.707031,-0.021484,-0.458984,-0.328125,0.283569,-0.257263,0.389160,-0.837830
13.820018291473389,0.287109,1.097656,0.339844,1.339844,-0.277344,-0.375000,-0.150391,0.283020,-0.261475,0.389832,-0.836426
13.84045958518982,0.306274,1.832031,-1.128906,-1.289063,-0.080078,0.003906,0.064453,0.283203,-0.261597,0.390930,-0.835754
13.860304594039917,0.345703,-0.417969,-0.164062,-0.371094,-0.044922,0.169922,0.197266,0.284058,-0.259705,0.392151,-0.835510
13.880028247833252,0.441772,2.347656,-0.722656,0.589844,-0.003906,0.103516,0.363281,0.286682,-0.256775,0.393738,-0.834778
13.9004545211792,0.595215,1.640625,0.035156,-0.085937,-0.025391,0.570312,0.781250,0.290588,-0.249451,0.397278,-0.833984
13.920417308807373,0.600098,-1.605469,0.023437,0.328125,-0.013672,0.507812,0.591797,0.293335,-0.243469,0.400146,-0.833374
13.940034627914429,0.606567,-2.863281,-0.308594,-0.039063,-0.128906,0.009766,0.027344,0.293213,-0.243530,0.401184,-0.832947
13.960824489593506,0.594971,-2.687500,-0.199219,-0.390625,-0.107422,-0.328125,-0.417969,0.290710,-0.248108,0.400085,-0.833008
13.980815887451172,0.583374,0.769531,-0.421875,-2.308594,0.050781,-0.353516,-0.662109,0.286926,-0.253357,0.396973,-0.834167
14.000762939453125,0.557983,1.089844,0.695312,-0.378906,0.205078,-0.218750,-0.521484,0.283752,-0.256897,0.393494,-0.835876
14.020125150680542,0.490723,1.019531,1.589844,0.910156,-0.013672,-0.298828,-0.529297,0.280579,-0.261475,0.391418,-0.836487
14.04063630104065,0.382202,3.226563,0.152344,1.300781,-0.335938,-0.222656,-0.220703,0.278809,-0.264648,0.392517,-0.835571
14.060606002807617,0.401733,1.847656,-2.007813,-1.449219,-0.093750,0.246094,0.146484,0.278503,-0.262695,0.394714,-0.835205
14.080315113067627,0.448608,-0.855469,-0.484375,0.492187,-0.224609,0.333984,0.087891,0.277283,-0.260071,0.397888,-0.834961
14.101028203964233,0.610229,1.421875,-0.484375,-1.203125,-0.363281,0.433594,0.015625,0.274902,-0.257080,0.401978,-0.834717
14.120582103729248,0.656250,0.679687,0.093750,0.628906,-0.300781,0.769531,0.212891,0.272888,-0.251282,0.406860,-0.834778
14.14022707939148,0.671265,-2.308594,0.773437,0.500000,-0.210937,0.154297,0.152344,0.272888,-0.249695,0.409607,-0.833923
14.1609628200531,0.667480,-0.054687,0.636719,-0.050781,-0.099609,-0.318359,0.144531,0.275085,-0.251953,0.409790,-0.832397
14.180965900421143,0.656006,-0.003906,0.429687,-0.128906,0.158203,-0.574219,0.199219,0.279236,-0.255249,0.407715,-0.831055
14.200561046600342,0.641357,-0.027344,0.078125,-0.175781,0.236328,-0.505859,0.222656,0.283325,-0.257935,0.405273,-0.830017
14.221023082733154,0.647339,-0.683594,-1.187500,0.171875,-0.019531,-0.179687,0.005859,0.284302,-0.259155,0.404846,-0.829529
14.241262197494507,0.668823,1.613281,-0.296875,-0.781250,-0.042969,0.216797,0.087891,0.283813,-0.257019,0.406250,-0.829651
14.260631084442139,0.688477,-0.996094,-0.304688,1.296875,-0.136719,0.513672,0.164062,0.282532,-0.252808,0.409546,-0.829773
14.281027793884277,0.689209,-1.257813,-0.203125,-0.441406,-0.228516,0.466797,0.027344,0.280151,-0.249939,0.412781,-0.829834
14.301027059555054,0.681641,-2.054688,-0.089844,-1.160156,-0.115234,0.000000,-0.232422,0.278076,-0.250854,0.412903,-0.830200
14.321338176727295,0.669434,0.199219,-0.750000,-3.207031,0.353516,-0.113281,-0.238281,0.277283,-0.251465,0.408997,-0.832275
14.340745687484741,0.650513,0.582031,-0.515625,-1.472656,0.931641,0.277344,-0.185547,0.276733,-0.247498,0.401978,-0.836975
14.361124277114868,0.589233,-0.429687,1.406250,3.964844,0.656250,0.519531,-0.195312,0.274597,-0.242554,0.397461,-0.841309
14.381012439727783,0.574829,-0.898437,1.773438,3.488281,0.011719,0.283203,-0.287109,0.271118,-0.241028,0.397339,-0.842896
14.40103530883789,0.572998,0.160156,1.367188,1.941406,-0.228516,0.087891,-0.205078,0.268494,-0.241455,0.398926,-0.842896
14.421093225479126,0.567749,0.847656,1.046875,1.093750,-0.146484,0.066406,0.000000,0.267700,-0.241516,0.400513,-0.842346
14.44146728515625,0.562866,-0.531250,0.152344,0.250000,-0.265625,-0.091797,0.064453,0.267883,-0.242493,0.402527,-0.841064
14.461429357528687,0.559692,-0.070312,-0.554687,-0.714844,-0.201172,-0.052734,0.011719,0.267578,-0.243469,0.404114,-0.840088
14.481546640396118,0.554687,0.417969,0.074219,-0.117188,-0.158203,0.041016,-0.046875,0.266663,-0.243713,0.405518,-0.839661
14.50130581855774,0.554077,0.351563,-0.253906,-0.285156,-0.173828,0.054687,-0.023437,0.265808,-0.243652,0.406921,-0.839294
14.52108883857727,0.560547,0.566406,-0.238281,0.031250,-0.080078,0.169922,0.033203,0.265076,-0.242432,0.408264,-0.839172
14.541578531265259,0.583740,-0.613281,0.007813,0.742187,-0.152344,0.115234,0.005859,0.264404,-0.241638,0.409851,-0.838867
14.56149411201477,0.573242,-1.648438,0.207031,0.335938,-0.142578,-0.025391,0.029297,0.264282,-0.242249,0.410950,-0.838196
14.581717729568481,0.552612,-1.128906,0.253906,-0.015625,-0.115234,-0.373047,-0.107422,0.264587,-0.245911,0.410706,-0.837158
14.601275205612183,0.532959,1.078125,-0.207031,-0.296875,-0.066406,-0.517578,-0.064453,0.265991,-0.250122,0.409485,-0.836060
14.6217782497406,0.542603,1.500000,-0.367188,-1.414063,0.132812,-0.201172,0.150391,0.268188,-0.250793,0.408386,-0.835693
14.641424655914307,0.571411,-0.148437,-0.558594,-0.398438,0.062500,0.117188,0.140625,0.269104,-0.249023,0.408386,-0.835937
14.661096811294556,0.609497,1.492188,-0.359375,0.468750,-0.021484,0.371094,0.183594,0.268982,-0.245300,0.409851,-0.836365
14.681719303131104,0.668701,-0.621094,0.277344,0.707031,-0.123047,0.417969,0.218750,0.268921,-0.241333,0.412476,-0.836243
14.701724767684937,0.672119,-0.574219,0.566406,0.796875,-0.158203,0.117188,0.181641,0.269592,-0.239807,0.414490,-0.835449
14.72143840789795,0.672241,0.484375,0.605469,-0.542969,-0.003906,-0.121094,0.224609,0.271790,-0.239746,0.414917,-0.834595
14.74160122871399,0.667725,-0.160156,0.175781,-0.167969,0.146484,-0.220703,0.220703,0.274658,-0.240112,0.413879,-0.833984
14.762036323547363,0.659790,-1.585938,-0.636719,-0.414062,0.169922,-0.199219,0.074219,0.276367,-0.241211,0.412292,-0.833923
14.781553506851196,0.651611,-1.609375,-0.582031,-0.972656,0.179687,-0.283203,-0.181641,0.276367,-0.243774,0.409363,-0.834595
14.801673650741577,0.595947,0.750000,-1.910156,-2.835938,0.455078,-0.302734,-0.492187,0.274719,-0.246521,0.403748,-0.837097
14.821964979171753,0.565430,3.453125,-2.453125,-5.519531,0.958984,0.298828,-0.316406,0.273071,-0.242859,0.395630,-0.842590
14.842033624649048,0.534424,0.160156,-0.472656,-1.656250,1.416016,0.650391,-0.183594,0.272278,-0.234558,0.385254,-0.849976
14.864510774612427,0.507446,-0.343750,0.648437,1.175781,1.185547,0.564453,-0.222656,0.270996,-0.227295,0.376099,-0.856445
14.88180136680603,0.485352,1.265625,1.511719,1.425781,1.060547,0.523437,-0.130859,0.270264,-0.220337,0.368164,-0.861877
14.901968479156494,0.455444,-0.136719,1.257813,2.511719,0.857422,0.433594,0.050781,0.270752,-0.214233,0.362183,-0.865845
14.92167043685913,0.443848,-0.585937,1.113281,1.464844,0.548828,0.257813,0.044922,0.271362,-0.209900,0.358093,-0.868347
14.942322492599487,0.438599,1.039063,0.687500,2.437500,0.322266,0.335938,0.158203,0.271973,-0.206055,0.356262,-0.869873
14.962035179138184,0.436646,-0.296875,0.335938,1.203125,0.039063,0.076172,-0.017578,0.271729,-0.204956,0.356079,-0.870300
14.981467723846436,0.434448,0.593750,0.460937,-0.402344,-0.031250,0.027344,0.011719,0.271606,-0.204651,0.356323,-0.870239
15.002125263214111,0.411987,0.503906,0.304688,-0.058594,0.023437,0.054687,0.117188,0.272400,-0.203857,0.356628,-0.870117
15.02233099937439,0.397461,0.218750,0.199219,0.437500,-0.033203,-0.023437,0.175781,0.273865,-0.203308,0.357178,-0.869507
15.042325496673584,0.377930,-1.175781,-0.566406,0.132812,0.001953,0.037109,0.177734,0.275146,-0.202515,0.357544,-0.869141
15.062489986419678,0.313599,-0.437500,-0.031250,-0.019531,0.037109,0.005859,-0.013672,0.275085,-0.202209,0.357422,-0.869324
15.082539319992065,0.295898,0.136719,0.113281,0.085937,0.035156,0.044922,-0.005859,0.274902,-0.201904,0.357178,-0.869568
15.101851463317871,0.286133,-0.210937,0.230469,0.238281,0.011719,-0.005859,-0.021484,0.274658,-0.201904,0.357117,-0.869629
15.122693538665771,0.240356,-0.218750,-0.125000,-0.335938,-0.019531,0.013672,-0.025391,0.274231,-0.201843,0.357239,-0.869751
15.142407417297363,0.197876,-0.761719,-0.199219,-0.113281,0.039063,0.042969,-0.085937,0.273315,-0.201721,0.356873,-0.870178
15.161875486373901,0.165405,-1.054688,0.023437,0.261719,0.025391,-0.019531,-0.164062,0.271973,-0.202271,0.356323,-0.870728
15.182785034179688,0.146973,-0.042969,0.136719,0.308594,-0.054687,0.044922,-0.138672,0.270508,-0.202637,0.356567,-0.870972
15.20259714126587,0.140747,-0.011719,-0.277344,-0.640625,-0.087891,0.017578,-0.107422,0.269287,-0.203064,0.357178,-0.871033
15.222831964492798,0.134277,-0.066406,-0.390625,-0.527344,-0.015625,0.023437,-0.107422,0.268127,-0.203247,0.357117,-0.871338
15.24197006225586,0.126953,0.078125,-0.367188,-0.773437,0.099609,0.076172,-0.136719,0.266785,-0.202759,0.356262,-0.872253
15.262844562530518,0.094360,0.234375,-0.238281,-0.191406,0.177734,0.136719,-0.136719,0.265503,-0.201599,0.354797,-0.873474
15.283288717269897,0.068359,1.046875,0.574219,0.542969,0.226562,0.117188,-0.066406,0.264832,-0.200195,0.353149,-0.874695
15.302037239074707,0.041138,-0.011719,0.441406,0.980469,0.109375,0.117188,0.039063,0.264954,-0.198792,0.352356,-0.875305
15.322516202926636,0.004761,0.117188,0.144531,-1.042969,0.246094,0.050781,0.033203,0.265564,-0.197388,0.350525,-0.876160
15.343032121658325,0.000000,0.847656,0.218750,0.058594,0.296875,0.148437,0.140625,0.266785,-0.195068,0.348572,-0.877075
15.362295150756836,0.000000,-0.562500,-0.042969,0.175781,0.236328,-0.011719,0.089844,0.267944,-0.194031,0.346558,-0.877747
15.382708311080933,0.000000,0.250000,-0.050781,-1.097656,0.375000,-0.042969,0.066406,0.269348,-0.192871,0.343445,-0.878784
15.402774095535278,0.000000,0.558594,-0.144531,-0.210937,0.478516,0.140625,0.125000,0.270752,-0.190063,0.339966,-0.880310
15.42238974571228,0.000000,-0.148437,0.183594,0.578125,0.414062,0.087891,0.111328,0.272217,-0.187683,0.336731,-0.881653
15.443044185638428,0.000000,0.031250,0.183594,1.257813,0.341797,0.003906,0.126953,0.273865,-0.186218,0.334106,-0.882446
15.463034629821777,0.000000,-0.183594,0.246094,1.617188,0.162109,-0.003906,0.154297,0.275452,-0.185303,0.333008,-0.882568
15.483096837997437,0.000000,-0.667969,0.296875,2.445313,-0.144531,-0.019531,0.107422,0.276001,-0.185486,0.334473,-0.881775
15.503126859664917,0.000000,-1.296875,1.097656,3.441406,-0.603516,0.003906,-0.103516,0.273987,-0.187500,0.339661,-0.880005
15.52303671836853,0.000000,0.121094,2.234375,5.031250,-1.306641,-0.048828,-0.207031,0.269958,-0.192261,0.350708,-0.875854
15.542877912521362,0.000000,-0.882812,1.359375,2.011719,-1.947266,-0.251953,-0.146484,0.265747,-0.200073,0.366211,-0.869019
15.562602281570435,0.000000,-0.691406,0.066406,-1.867188,-1.730469,-0.425781,-0.216797,0.261902,-0.208740,0.379333,-0.862488
15.583160161972046,0.013184,1.113281,-0.351563,-4.019531,-0.964844,-0.253906,-0.261719,0.258728,-0.214478,0.386658,-0.858826
15.60310173034668,0.047485,0.386719,0.144531,-1.113281,-0.410156,-0.087891,-0.115234,0.257080,-0.217224,0.389832,-0.857178
15.631197690963745,0.078979,-0.589844,0.140625,0.320313,-0.291016,-0.335938,-0.138672,0.256470,-0.221191,0.391357,-0.855652
15.64315915107727,0.090454,-0.675781,0.171875,0.382813,-0.320313,-0.468750,-0.195312,0.255737,-0.226807,0.392395,-0.853882
15.663464546203613,0.115723,0.386719,0.156250,-0.765625,-0.375000,-0.582031,-0.406250,0.253906,-0.234009,0.393188,-0.852173
15.68275499343872,0.136475,1.257813,0.171875,-1.398438,-0.257813,-0.441406,-0.312500,0.252380,-0.239807,0.393616,-0.850769
15.703610897064209,0.140991,-0.128906,-0.226562,-0.121094,-0.292969,-0.353516,-0.246094,0.250977,-0.244629,0.394470,-0.849426
15.723888158798218,0.167725,-0.335938,-0.863281,-1.207031,-0.271484,-0.416016,-0.355469,0.248901,-0.250000,0.394897,-0.848267
15.742761373519897,0.194824,-0.117188,-1.054688,-1.480469,-0.117188,-0.240234,-0.351563,0.246643,-0.253845,0.394348,-0.848083
15.763516187667847,0.231201,0.234375,-0.578125,-0.675781,0.005859,-0.126953,-0.376953,0.244019,-0.256348,0.393066,-0.848694
15.783796548843384,0.237793,0.140625,-0.371094,-1.144531,0.078125,-0.017578,-0.376953,0.241211,-0.257813,0.391357,-0.849854
15.803271293640137,0.236572,0.707031,0.171875,-0.593750,0.185547,0.005859,-0.273438,0.239197,-0.258545,0.389221,-0.851135
15.824041604995728,0.228760,-0.582031,0.183594,0.132812,0.070312,-0.117188,-0.312500,0.237305,-0.260559,0.387390,-0.851868
15.843661546707153,0.220215,0.843750,0.238281,-0.140625,0.091797,-0.226562,-0.308594,0.235901,-0.263367,0.385315,-0.852356
15.863813161849976,0.229126,1.539063,0.523437,0.554687,0.078125,-0.181641,-0.078125,0.236084,-0.265015,0.384094,-0.852356
15.88344693183899,0.230347,1.011719,0.414062,0.441406,0.017578,-0.078125,0.126953,0.237427,-0.265259,0.383972,-0.851990
15.903859615325928,0.247559,-0.937500,-0.039063,1.597656,-0.003906,-0.068359,0.123047,0.238647,-0.265564,0.384277,-0.851379
15.923794507980347,0.260864,-0.613281,0.101563,0.519531,-0.199219,-0.232422,0.005859,0.239258,-0.267883,0.385254,-0.850037
15.94330358505249,0.271484,0.511719,0.468750,-0.015625,-0.138672,-0.324219,0.062500,0.240723,-0.270752,0.385864,-0.848450
15.964120626449585,0.282959,0.449219,0.714844,0.023437,-0.117188,-0.437500,0.193359,0.243652,-0.273865,0.386108,-0.846497
15.9837965965271,0.295776,-0.515625,-0.808594,0.726562,-0.011719,-0.289063,0.183594,0.246155,-0.275879,0.386169,-0.845093
16.003427982330322,0.321167,-0.140625,-0.058594,-0.039063,-0.205078,-0.113281,0.027344,0.246460,-0.277100,0.387512,-0.843994
16.023770570755005,0.364868,0.441406,-0.195312,-0.597656,-0.138672,0.039063,0.039063,0.246216,-0.277100,0.388916,-0.843384
16.044076681137085,0.421021,0.320313,-0.132812,-0.160156,-0.162109,0.199219,0.035156,0.245422,-0.275574,0.390686,-0.843323
16.063536882400513,0.468140,-1.144531,-0.617187,0.773437,-0.248047,0.314453,-0.001953,0.243530,-0.273560,0.393311,-0.843323
16.083971977233887,0.560791,0.367188,-0.277344,-1.187500,-0.380859,0.265625,-0.144531,0.240723,-0.272339,0.396240,-0.843140
16.104223251342773,0.566162,-0.343750,-0.156250,-0.144531,-0.156250,0.279297,-0.023437,0.238770,-0.270691,0.398010,-0.843384
16.123667001724243,0.560547,-1.464844,-0.234375,-0.941406,-0.082031,0.134766,-0.189453,0.236572,-0.270386,0.398315,-0.843933
16.144115447998047,0.530762,-0.363281,0.234375,0.300781,0.146484,-0.058594,-0.208984,0.235474,-0.271423,0.396362,-0.844849
16.16432547569275,0.504517,0.503906,0.085937,-0.527344,0.236328,-0.294922,-0.173828,0.235840,-0.273865,0.393188,-0.845459
16.184043884277344,0.475098,1.277344,0.078125,-0.718750,0.419922,-0.292969,-0.025391,0.237915,-0.275757,0.388977,-0.846191
16.20349621772766,0.442017,0.078125,0.859375,1.257813,0.291016,-0.425781,0.048828,0.240662,-0.278381,0.385803,-0.846008
16.22421884536743,0.402222,0.441406,0.722656,1.289063,-0.060547,-0.400391,0.078125,0.242676,-0.281494,0.385559,-0.844543
16.244096994400024,0.423462,0.675781,-0.554687,-0.136719,-0.257813,-0.138672,0.146484,0.243896,-0.282715,0.387329,-0.842957
16.263782024383545,0.487549,1.222656,-0.488281,-0.152344,-0.160156,0.111328,0.234375,0.245178,-0.281433,0.389404,-0.842041
16.284502029418945,0.584717,1.316406,-0.492187,-0.839844,-0.070312,0.240234,0.460937,0.247925,-0.277527,0.391785,-0.841431
16.304402351379395,0.585571,-1.347656,-0.203125,-0.535156,0.087891,0.449219,0.585937,0.251160,-0.271423,0.393677,-0.841553
16.323734998703003,0.582397,-2.769531,-0.125000,-0.679687,0.101563,0.255859,0.273438,0.252869,-0.267822,0.394165,-0.841980
16.344136714935303,0.568481,-1.375000,-0.371094,-0.093750,0.150391,0.083984,0.066406,0.253357,-0.266724,0.393250,-0.842651
16.364680767059326,0.543091,-1.261719,-1.898438,-2.726563,0.134766,0.003906,-0.285156,0.251221,-0.267151,0.391113,-0.844116
16.384108781814575,0.508301,1.503906,-0.933594,-1.863281,0.511719,0.394531,-0.521484,0.246704,-0.264526,0.386841,-0.848267
16.40463137626648,0.404663,-0.414062,0.949219,1.488281,0.400391,0.716797,-0.476562,0.241089,-0.259766,0.383667,-0.852783
16.42420196533203,0.368530,0.062500,1.914063,1.878906,0.085937,0.435547,-0.484375,0.235535,-0.257507,0.382874,-0.855347
16.444305181503296,0.351074,0.468750,0.917969,0.777344,-0.156250,0.210937,-0.263672,0.232117,-0.257080,0.383850,-0.855957
16.464360237121582,0.334839,1.058594,0.859375,1.031250,-0.099609,-0.029297,-0.080078,0.231201,-0.257874,0.384460,-0.855713
16.484582901000977,0.327881,-0.921875,0.796875,2.074219,-0.212891,-0.228516,-0.015625,0.231262,-0.260437,0.385681,-0.854370
16.504472494125366,0.343872,-0.238281,0.406250,-0.019531,-0.285156,-0.416016,-0.068359,0.231567,-0.264648,0.386963,-0.852417
16.52407431602478,0.337036,0.441406,0.039063,-0.230469,-0.218750,-0.359375,0.005859,0.232422,-0.268311,0.388000,-0.850586
16.544723749160767,0.355591,0.726562,-0.234375,0.089844,-0.240234,-0.328125,0.066406,0.233459,-0.271362,0.389526,-0.848572
16.564611196517944,0.373413,0.171875,-1.246094,-1.632813,-0.228516,-0.179687,0.044922,0.234009,-0.273010,0.390991,-0.847229
16.584620714187622,0.393677,0.457031,-0.511719,-0.820312,-0.031250,0.066406,0.074219,0.234314,-0.272339,0.391602,-0.847107
16.60498833656311,0.419922,-0.277344,-0.156250,0.093750,0.001953,0.152344,0.089844,0.234497,-0.270813,0.392151,-0.847290
16.624643564224243,0.459351,-0.171875,-0.187500,0.734375,-0.003906,0.085937,0.107422,0.235168,-0.269470,0.392761,-0.847229
16.644479990005493,0.523437,1.226563,-0.363281,0.160156,-0.025391,0.066406,0.296875,0.237305,-0.267456,0.394043,-0.846680
16.665086269378662,0.582153,1.718750,0.042969,-0.781250,0.046875,0.341797,0.541016,0.240234,-0.262878,0.395752,-0.846497
16.684691190719604,0.592529,-0.449219,0.058594,0.367188,-0.025391,0.177734,0.179687,0.241089,-0.260315,0.397095,-0.846436
16.704373598098755,0.599487,-0.531250,0.140625,0.406250,-0.037109,0.214844,0.031250,0.240234,-0.258606,0.398376,-0.846558
16.724981546401978,0.608643,-1.207031,-0.003906,0.660156,-0.199219,0.130859,-0.181641,0.237671,-0.258972,0.399841,-0.846497
16.74522089958191,0.611328,-0.964844,0.386719,-0.222656,-0.207031,-0.136719,-0.349609,0.234924,-0.261536,0.400391,-0.846252
16.764596939086914,0.606201,-0.550781,0.035156,-0.710937,-0.041016,-0.083984,-0.238281,0.232910,-0.263367,0.399902,-0.846436
16.784761667251587,0.583984,0.414062,-0.171875,-0.257813,0.037109,0.041016,-0.226562,0.231018,-0.264099,0.399048,-0.847168
16.80553936958313,0.595459,0.121094,-0.093750,1.320313,-0.035156,-0.056641,-0.095703,0.230469,-0.264954,0.398865,-0.847107
16.82555651664734,0.626465,-0.269531,0.105469,1.121094,-0.132812,-0.224609,0.019531,0.231201,-0.266602,0.399536,-0.846069
16.84460186958313,0.649902,2.566406,-0.132812,-0.902344,-0.085937,0.173828,0.445312,0.233826,-0.263977,0.401672,-0.845215
16.864776849746704,0.645508,-1.660156,-0.214844,0.078125,-0.003906,0.275391,0.414062,0.236206,-0.259460,0.403809,-0.844910
16.885228395462036,0.640625,-1.160156,0.058594,-1.164063,0.037109,0.433594,0.308594,0.236938,-0.255127,0.405151,-0.845337
16.90504765510559,0.627686,-3.421875,-0.828125,0.546875,-0.007813,0.158203,-0.148437,0.235168,-0.253845,0.405212,-0.846191
16.925053358078003,0.564575,0.601562,-1.625000,-3.410156,0.203125,0.267578,-0.269531,0.232361,-0.251831,0.403503,-0.848389
16.94525957107544,0.517212,0.808594,0.035156,-0.867187,0.541016,0.523437,-0.203125,0.229858,-0.247498,0.399841,-0.852112
16.964641571044922,0.485962,0.011719,1.175781,1.062500,0.339844,0.359375,-0.205078,0.227478,-0.244385,0.397522,-0.854675
16.985536098480225,0.435303,-0.234375,1.917969,3.574219,-0.248047,0.076172,-0.171875,0.225098,-0.244690,0.398926,-0.854614
17.00530171394348,0.404297,0.042969,0.218750,-0.238281,-0.357422,-0.046875,-0.156250,0.223083,-0.246521,0.401123,-0.853577
17.025056838989258,0.383423,-0.457031,0.523437,-0.339844,-0.083984,-0.119141,-0.171875,0.221985,-0.248352,0.401245,-0.853271
17.04571509361267,0.359863,0.968750,1.007813,0.074219,0.166016,-0.222656,-0.054687,0.222656,-0.250244,0.399597,-0.853333
17.06551718711853,0.350586,-0.074219,1.128906,2.480469,-0.068359,-0.427734,0.005859,0.224243,-0.253967,0.398926,-0.852112
17.085049390792847,0.332886,0.085937,-0.824219,-0.972656,-0.091797,-0.625000,-0.083984,0.225708,-0.259583,0.398071,-0.850403
17.105700492858887,0.328735,-0.566406,-0.910156,-1.410156,0.031250,-0.490234,-0.158203,0.226440,-0.264343,0.396240,-0.849609
17.12596321105957,0.333740,0.558594,-0.519531,-1.722656,0.201172,-0.375000,-0.177734,0.226990,-0.267761,0.393372,-0.849731
17.145580291748047,0.334473,0.976562,0.109375,-0.246094,0.173828,-0.226562,-0.052734,0.227783,-0.269653,0.391174,-0.849915
17.16511845588684,0.325806,0.312500,-0.058594,-0.144531,0.158203,-0.132812,-0.041016,0.228455,-0.270630,0.389343,-0.850281
17.18596339225769,0.327759,-0.839844,0.183594,1.109375,0.119141,-0.171875,-0.072266,0.228760,-0.272217,0.387695,-0.850464
17.205609560012817,0.317749,-0.472656,0.531250,1.050781,-0.005859,-0.314453,-0.171875,0.228516,-0.275452,0.386658,-0.849915
17.22517967224121,0.310669,0.199219,0.460937,1.097656,-0.171875,-0.371094,-0.123047,0.228394,-0.279297,0.386902,-0.848633
17.245845794677734,0.334595,0.781250,-0.296875,-0.664062,-0.162109,-0.175781,-0.037109,0.228333,-0.281311,0.387756,-0.847595
17.26604461669922,0.358643,0.714844,-0.167969,-0.574219,-0.119141,-0.025391,0.042969,0.228455,-0.281433,0.388733,-0.847046
17.28554606437683,0.371460,0.371094,-0.464844,-0.703125,0.001953,0.208984,0.128906,0.228699,-0.279419,0.389648,-0.847229
17.306116819381714,0.458862,-0.902344,-0.187500,1.097656,-0.056641,0.193359,0.091797,0.228516,-0.277649,0.390808,-0.847290
17.32604146003723,0.550659,0.460937,-0.425781,0.898437,-0.212891,-0.005859,0.085937,0.228760,-0.277405,0.392822,-0.846375
17.345813751220703,0.595337,3.230469,-0.300781,-0.121094,-0.265625,0.373047,0.437500,0.230103,-0.273743,0.396606,-0.845459
17.36608123779297,0.626709,-1.570313,0.066406,-0.964844,-0.117188,0.341797,0.353516,0.231445,-0.269592,0.399414,-0.845093
17.38579535484314,0.627075,-1.671875,0.074219,0.109375,-0.011719,0.074219,0.080078,0.231812,-0.268616,0.400085,-0.844971
17.406320810317993,0.625244,-1.136719,-0.234375,-0.296875,-0.015625,-0.136719,-0.103516,0.231384,-0.270447,0.399414,-0.844849
17.42580556869507,0.611816,-1.597656,-0.292969,-0.058594,0.007813,-0.275391,-0.359375,0.229431,-0.274109,0.397644,-0.845093
17.446049690246582,0.552734,-0.128906,-0.457031,-1.605469,0.177734,-0.257813,-0.515625,0.226624,-0.277588,0.394287,-0.846252
17.46598196029663,0.534546,0.890625,0.644531,0.460937,0.263672,0.072266,-0.378906,0.223816,-0.278137,0.391296,-0.848206
17.48604679107666,0.508179,0.675781,0.707031,0.980469,0.046875,0.162109,-0.271484,0.221008,-0.277771,0.390442,-0.849426
17.50621271133423,0.461304,0.781250,0.898437,0.988281,-0.130859,0.123047,-0.173828,0.218689,-0.277527,0.391357,-0.849670
17.525999307632446,0.456909,1.105469,0.890625,0.984375,-0.263672,0.207031,0.005859,0.217102,-0.276367,0.394104,-0.849243
17.545881032943726,0.457153,0.460937,-0.656250,0.003906,-0.187500,0.292969,0.099609,0.216248,-0.273987,0.396790,-0.848999
17.56645655632019,0.491211,-0.328125,-0.011719,0.203125,-0.169922,0.289063,0.175781,0.216125,-0.271301,0.399170,-0.848755
17.58625364303589,0.547852,-0.746094,-0.187500,-0.128906,-0.105469,0.048828,0.183594,0.217224,-0.270386,0.400696,-0.848022
17.60582995414734,0.594971,1.222656,-0.394531,-0.511719,-0.011719,-0.054687,0.371094,0.220642,-0.268860,0.401611,-0.847168
17.62656283378601,0.633667,-1.722656,0.187500,-0.417969,0.300781,0.339844,0.904297,0.227234,-0.262817,0.401978,-0.847168
17.64646816253662,0.635742,-2.519531,-0.195312,-0.191406,0.250000,0.050781,0.486328,0.231873,-0.259644,0.401245,-0.847290
17.666080474853516,0.632935,-3.789063,-0.898437,0.015625,0.146484,-0.103516,-0.060547,0.232422,-0.259949,0.399597,-0.847778
17.686665534973145,0.595947,-0.933594,-0.664062,0.070312,0.121094,-0.078125,-0.279297,0.230530,-0.261230,0.397522,-0.848877
17.706774473190308,0.554810,1.554688,-1.062500,-1.027344,0.375000,0.242187,-0.457031,0.226807,-0.260071,0.394104,-0.851807
17.726470232009888,0.512207,0.750000,1.058594,0.578125,0.369141,0.537109,-0.351563,0.222717,-0.256287,0.391296,-0.855347
17.745986461639404,0.421387,1.074219,2.007813,2.472656,0.011719,0.386719,-0.142578,0.220032,-0.253662,0.391541,-0.856689
17.766519784927368,0.376465,0.359375,1.863281,1.722656,-0.326172,0.140625,0.048828,0.218628,-0.253418,0.395142,-0.855469
17.786726713180542,0.380615,1.433594,-0.082031,-2.136719,-0.517578,-0.218750,-0.230469,0.216492,-0.256348,0.398804,-0.853455
17.806599140167236,0.384155,0.238281,-0.074219,-0.320313,-0.146484,0.048828,-0.037109,0.215393,-0.257019,0.400024,-0.852966
17.826698064804077,0.387573,-0.199219,0.347656,0.421875,-0.033203,-0.087891,-0.089844,0.214844,-0.258118,0.400085,-0.852722
17.84706163406372,0.386108,0.035156,0.625000,0.828125,-0.115234,-0.228516,-0.050781,0.214966,-0.260437,0.400330,-0.851868
17.866448879241943,0.385986,0.304688,-0.402344,-1.292969,-0.054687,-0.226562,-0.076172,0.215088,-0.262756,0.400085,-0.851257
17.886779308319092,0.367065,0.121094,-0.457031,-1.226563,0.076172,-0.171875,-0.078125,0.215210,-0.264465,0.398865,-0.851257
17.906805276870728,0.369507,-1.160156,-0.441406,-0.464844,0.148437,-0.185547,-0.208984,0.214600,-0.266541,0.396729,-0.851746
17.9266037940979,0.366333,0.085937,0.601562,0.269531,0.085937,-0.265625,-0.242187,0.213867,-0.269531,0.394897,-0.851868
17.947070360183716,0.377563,0.777344,0.214844,0.636719,-0.070312,-0.244141,-0.085937,0.213867,-0.271973,0.394653,-0.851196
17.96705961227417,0.389893,1.234375,-0.773437,-0.082031,-0.013672,-0.066406,0.101563,0.214844,-0.272339,0.394958,-0.850708
17.98643922805786,0.412598,-0.847656,-0.410156,1.113281,-0.091797,0.046875,0.136719,0.215637,-0.271729,0.396057,-0.850159
18.007062435150146,0.554443,-1.175781,-0.234375,0.562500,-0.152344,-0.117188,0.095703,0.216736,-0.271973,0.397461,-0.849182
18.027448415756226,0.611816,2.156250,-0.281250,-0.832031,0.007813,0.349609,0.582031,0.219971,-0.267212,0.399719,-0.848816
18.047009706497192,0.633789,-2.093750,0.019531,0.300781,-0.066406,0.468750,0.484375,0.222107,-0.261597,0.402405,-0.848755
18.06667137145996,0.647705,-0.996094,0.273438,0.070312,-0.152344,0.304688,0.181641,0.222168,-0.258606,0.404602,-0.848572
18.087422847747803,0.664673,-0.640625,0.250000,0.785156,-0.208984,0.132812,-0.005859,0.221008,-0.258057,0.406433,-0.848145
18.108288764953613,0.667847,-0.804687,0.265625,0.027344,-0.226562,-0.148437,-0.251953,0.218933,-0.260559,0.407471,-0.847473
18.127475261688232,0.664673,0.398438,0.160156,-0.281250,-0.193359,-0.220703,-0.289063,0.216858,-0.263489,0.407959,-0.846802
18.14752459526062,0.646362,0.878906,-0.148437,-1.503906,-0.007813,0.056641,-0.087891,0.215698,-0.263794,0.408020,-0.846985
18.167279481887817,0.648315,-0.621094,-0.269531,-0.011719,0.003906,-0.017578,-0.062500,0.215271,-0.264282,0.407776,-0.847107
18.1866455078125,0.663574,2.304688,-0.378906,-0.308594,-0.039063,-0.007813,0.082031,0.215942,-0.263977,0.408203,-0.846802
18.20705819129944,0.683228,1.027344,-0.238281,0.226562,-0.074219,0.181641,0.312500,0.217529,-0.261353,0.409973,-0.846313
18.227290630340576,0.684814,-0.472656,0.207031,-0.386719,-0.091797,0.298828,0.255859,0.218262,-0.257996,0.411987,-0.846191
18.246846437454224,0.686279,-1.132813,0.242187,0.984375,0.009766,0.195312,0.078125,0.217957,-0.256042,0.412842,-0.846436
18.26746916770935,0.691284,-0.988281,0.136719,0.425781,-0.117188,0.128906,-0.109375,0.216248,-0.255981,0.413696,-0.846497
18.287462949752808,0.684082,-0.589844,0.250000,0.410156,-0.160156,-0.185547,-0.289063,0.214233,-0.258728,0.413940,-0.846069
18.30713129043579,0.665894,-0.132812,0.273438,-1.367188,0.005859,-0.330078,-0.291016,0.213074,-0.262756,0.412354,-0.845886
18.327704668045044,0.594238,1.117188,-1.066406,-1.558594,0.113281,-0.484375,-0.380859,0.212341,-0.267700,0.409241,-0.846008
18.34768295288086,0.575439,0.164062,-0.921875,-1.398438,0.390625,-0.365234,-0.162109,0.213257,-0.270569,0.405090,-0.846924
18.367775440216064,0.552612,2.714844,-1.781250,-2.792969,0.542969,0.113281,0.031250,0.214355,-0.268066,0.400574,-0.849548
18.387512683868408,0.531128,1.023438,-1.746094,-1.855469,0.884766,0.919922,0.140625,0.214172,-0.258667,0.395874,-0.854675
18.407435178756714,0.511719,-1.402344,1.871094,3.714844,0.152344,0.626953,-0.039063,0.211914,-0.252991,0.395508,-0.857117
18.42750883102417,0.519043,-0.101563,1.812500,2.710938,-0.570312,0.113281,0.007813,0.209961,-0.253357,0.399841,-0.855469
18.44753074645996,0.524414,0.886719,0.011719,-3.632813,-0.318359,-0.109375,-0.044922,0.209290,-0.254639,0.402527,-0.854004
18.46779727935791,0.530518,0.765625,-0.082031,-2.128906,0.167969,0.171875,0.111328,0.209778,-0.252869,0.401917,-0.854675
18.487560033798218,0.524780,0.421875,1.007813,1.746094,0.244141,-0.013672,-0.029297,0.210266,-0.252441,0.399963,-0.855652
18.507253170013428,0.511963,-0.398438,0.882812,2.242188,0.031250,-0.154297,0.021484,0.211060,-0.253723,0.399170,-0.855408
18.52805519104004,0.493286,-0.253906,0.164062,0.089844,-0.066406,-0.359375,-0.031250,0.212097,-0.256836,0.398865,-0.854370
18.54798984527588,0.466064,0.058594,-0.417969,-1.011719,0.037109,-0.310547,-0.015625,0.213135,-0.259521,0.397888,-0.853760
18.567258834838867,0.448120,0.320313,-0.550781,-1.363281,0.095703,-0.205078,-0.144531,0.213074,-0.261536,0.396240,-0.853943
18.587783813476562,0.415649,0.257813,0.039063,-0.269531,0.152344,-0.046875,-0.140625,0.212402,-0.262329,0.394531,-0.854614
18.608314990997314,0.397339,-0.316406,0.406250,0.535156,0.041016,-0.042969,-0.208984,0.210937,-0.263428,0.393616,-0.855103
18.628061532974243,0.379395,0.140625,0.722656,1.132813,-0.140625,-0.109375,-0.205078,0.209229,-0.265320,0.394043,-0.854736
18.64799165725708,0.373413,1.398438,-0.593750,-0.207031,-0.298828,0.015625,-0.093750,0.207581,-0.265808,0.396118,-0.854004
18.668179512023926,0.396851,0.593750,-0.343750,0.375000,-0.177734,0.369141,0.058594,0.206177,-0.263062,0.398621,-0.854065
18.688120365142822,0.440308,-0.355469,-0.097656,0.500000,-0.164062,0.351563,0.109375,0.205139,-0.260193,0.401123,-0.854004
18.707772970199585,0.486572,-2.039063,-0.074219,1.035156,-0.234375,-0.050781,0.007813,0.204895,-0.260803,0.403076,-0.852966
18.72814965248108,0.575562,4.195312,-0.050781,-2.550781,-0.158203,-0.185547,0.185547,0.207153,-0.261353,0.404297,-0.851624
18.74814224243164,0.584961,0.667969,0.226562,-1.898438,0.304688,0.140625,0.720703,0.212952,-0.257080,0.403931,-0.851685
18.76751947402954,0.589111,-2.671875,-0.242187,0.078125,0.322266,0.107422,0.443359,0.217041,-0.254028,0.402588,-0.852234
18.788395404815674,0.589233,-1.714844,-0.457031,-0.062500,0.199219,-0.132812,0.066406,0.218628,-0.254578,0.400757,-0.852539
18.808483839035034,0.574463,-0.898437,-0.593750,-0.500000,0.156250,-0.285156,-0.203125,0.218506,-0.257080,0.398254,-0.852966
18.827945947647095,0.553223,-0.507812,-0.757812,-1.210938,0.222656,-0.171875,-0.392578,0.216553,-0.259583,0.394897,-0.854309
18.84812331199646,0.497437,0.679687,0.421875,0.558594,0.251953,-0.076172,-0.441406,0.213806,-0.261658,0.391418,-0.855896
18.868541717529297,0.444336,0.378906,1.511719,1.292969,0.033203,-0.212891,-0.333984,0.211914,-0.264404,0.389893,-0.856262
18.887850522994995,0.427002,0.683594,1.066406,1.640625,-0.169922,-0.218750,-0.050781,0.211731,-0.266968,0.390747,-0.855103
18.908548831939697,0.436157,0.609375,-1.238281,-0.667969,-0.277344,-0.150391,0.058594,0.212097,-0.268311,0.392578,-0.853760
18.928577661514282,0.449707,1.343750,-0.757812,0.230469,-0.193359,0.238281,0.169922,0.212341,-0.266357,0.394714,-0.853333
18.947991371154785,0.494385,0.027344,-0.359375,-1.187500,-0.066406,0.232422,0.207031,0.212952,-0.263611,0.396362,-0.853271
18.968799829483032,0.608887,0.703125,-0.648437,1.101563,-0.037109,0.257813,0.230469,0.213745,-0.260559,0.398071,-0.853210
18.988884449005127,0.637695,-0.437500,-0.332031,1.117188,-0.304688,0.445312,0.332031,0.213928,-0.256531,0.401855,-0.852600
19.00863242149353,0.645386,-2.246094,-0.074219,0.390625,-0.369141,0.250000,0.046875,0.212585,-0.254944,0.405090,-0.851868
19.028437852859497,0.647339,-2.160156,-0.265625,-1.660156,-0.105469,-0.048828,-0.195312,0.210876,-0.256226,0.405090,-0.851929
19.048814058303833,0.598145,1.085938,-1.500000,-3.625000,0.279297,-0.087891,-0.265625,0.209717,-0.257019,0.401611,-0.853638
19.06848382949829,0.551758,2.097656,-1.324219,-2.699219,0.875000,0.429687,-0.183594,0.208557,-0.252625,0.395081,-0.858276
19.088318824768066,0.524902,0.105469,0.589844,2.316406,0.636719,0.638672,-0.138672,0.206299,-0.246704,0.390625,-0.862549
19.109059810638428,0.503906,0.070312,1.648438,1.910156,-0.013672,0.369141,-0.267578,0.202637,-0.244324,0.390564,-0.864136
19.12850522994995,0.498413,0.804687,1.308594,0.460937,-0.189453,0.199219,-0.167969,0.200012,-0.243530,0.392090,-0.864258
19.148151397705078,0.498291,0.667969,1.250000,0.898437,-0.080078,0.062500,0.064453,0.200012,-0.243103,0.393127,-0.863892
19.168741464614868,0.483032,-0.957031,0.933594,2.746094,-0.265625,-0.244141,0.099609,0.201050,-0.245361,0.394958,-0.862183
19.189061880111694,0.485718,0.835937,-0.527344,-1.902344,-0.279297,-0.433594,-0.027344,0.201904,-0.249451,0.396423,-0.860107
19.208650827407837,0.465332,-0.230469,-0.710937,-1.382813,-0.068359,-0.269531,-0.007813,0.202637,-0.252075,0.396545,-0.859131
19.22905707359314,0.432373,-0.039063,-0.449219,-0.867187,-0.007813,-0.203125,-0.105469,0.202576,-0.254272,0.395935,-0.858826
19.24906587600708,0.420166,0.257813,0.039063,-0.207031,0.001953,-0.208984,-0.113281,0.202332,-0.256470,0.395264,-0.858521
19.268900156021118,0.415649,0.464844,0.039063,0.687500,-0.033203,-0.158203,-0.115234,0.201965,-0.258240,0.395020,-0.858154
19.289127111434937,0.443359,0.101563,0.054687,0.750000,-0.119141,-0.062500,-0.009766,0.201721,-0.259155,0.395813,-0.857605
19.309089183807373,0.473389,0.531250,-0.199219,0.351563,-0.181641,0.029297,0.023437,0.201416,-0.259094,0.397400,-0.856934
19.329179525375366,0.510986,0.640625,-0.218750,-0.406250,-0.132812,0.158203,0.128906,0.201538,-0.257629,0.399109,-0.856567
19.348693370819092,0.566040,0.773437,-0.343750,0.605469,-0.181641,0.191406,0.181641,0.201843,-0.255371,0.401550,-0.856018
19.36919617652893,0.637329,0.031250,-0.265625,-0.488281,-0.210937,0.259766,0.246094,0.202393,-0.252258,0.404602,-0.855408
19.389065742492676,0.645264,-0.421875,-0.003906,-0.835937,-0.128906,0.398438,0.312500,0.203064,-0.248230,0.407104,-0.855225
19.40907597541809,0.637085,-0.871094,-0.035156,-0.460937,-0.035156,0.228516,0.169922,0.203430,-0.245911,0.408020,-0.855408
19.429365873336792,0.610107,-1.125000,-0.472656,0.261719,0.050781,-0.027344,-0.130859,0.202393,-0.246216,0.407349,-0.855835
19.449350357055664,0.582397,-1.609375,-0.648437,-0.550781,0.011719,-0.066406,-0.402344,0.199463,-0.248291,0.405884,-0.856628
19.46866750717163,0.560547,0.902344,0.039063,-0.683594,0.216797,-0.158203,-0.501953,0.196228,-0.251343,0.402832,-0.857910
19.491589069366455,0.531616,0.593750,1.320313,1.355469,-0.056641,-0.171875,-0.476562,0.192810,-0.254700,0.401550,-0.858337
19.509307622909546,0.529785,2.347656,1.695313,0.230469,-0.111328,-0.048828,-0.218750,0.190918,-0.256165,0.401917,-0.858154
19.528721570968628,0.526123,1.039063,0.699219,1.488281,-0.248047,0.068359,0.173828,0.191345,-0.255493,0.404358,-0.857056
19.549389600753784,0.560669,-0.945312,-2.296875,-0.058594,-0.101563,0.150391,0.195312,0.192017,-0.253967,0.406677,-0.856323
19.569801807403564,0.608154,-0.546875,-0.003906,1.433594,-0.292969,-0.105469,0.154297,0.193237,-0.254272,0.409119,-0.854736
19.58900022506714,0.645996,4.734375,-0.125000,-3.140625,0.025391,0.083984,0.621094,0.198303,-0.250610,0.410645,-0.853943
19.6094913482666,0.659424,-0.339844,-0.269531,-2.152344,0.484375,0.542969,1.052734,0.205750,-0.241211,0.410339,-0.855042
19.62938380241394,0.655029,-3.617188,-0.410156,0.832031,0.384766,0.443359,0.615234,0.210083,-0.234314,0.409485,-0.856323
19.649670124053955,0.647339,-4.636719,-0.394531,0.066406,0.228516,0.074219,-0.050781,0.209900,-0.232727,0.407959,-0.857544
19.669075965881348,0.636108,-3.679688,-1.683594,0.625000,0.019531,0.097656,-0.574219,0.204773,-0.234131,0.406433,-0.859131
19.68958568572998,0.601807,2.699219,-0.152344,-0.003906,0.058594,0.216797,-0.843750,0.196899,-0.235596,0.404663,-0.861389
19.709750652313232,0.564575,0.761719,1.472656,1.117188,-0.095703,0.330078,-0.632812,0.189880,-0.235596,0.404785,-0.862915
19.729369640350342,0.543945,0.636719,1.402344,0.027344,-0.248047,0.220703,-0.494141,0.184143,-0.235840,0.406189,-0.863403
19.749555349349976,0.543945,0.714844,0.675781,0.218750,-0.125000,0.322266,-0.181641,0.180969,-0.234375,0.407288,-0.863953
19.769617319107056,0.543823,0.761719,0.953125,0.765625,-0.087891,0.062500,-0.003906,0.180481,-0.233948,0.408081,-0.863831
19.789657831192017,0.541992,-0.472656,0.277344,0.750000,-0.078125,-0.152344,0.101563,0.181580,-0.235107,0.408691,-0.862976
19.81013298034668,0.529419,-1.308594,-0.250000,0.273438,-0.099609,-0.302734,-0.058594,0.182190,-0.237976,0.408875,-0.862000
19.830057859420776,0.527710,-0.046875,-0.136719,-0.277344,-0.044922,-0.304688,-0.066406,0.182617,-0.240967,0.408569,-0.861206
19.849316120147705,0.510864,-0.093750,0.019531,-0.328125,-0.062500,-0.289063,-0.123047,0.182739,-0.244019,0.408325,-0.860413
19.869999647140503,0.519165,1.332031,0.253906,-0.269531,-0.068359,-0.251953,-0.005859,0.183472,-0.246277,0.408386,-0.859619
19.8904869556427,0.540039,0.414062,-0.496094,0.328125,-0.093750,-0.070312,0.060547,0.184082,-0.246704,0.409241,-0.858948
19.910099029541016,0.552612,-0.132812,-0.449219,-0.007813,-0.111328,0.125000,0.134766,0.184326,-0.245483,0.410767,-0.858521
19.929532289505005,0.570435,-0.597656,-0.203125,0.343750,-0.140625,0.238281,0.048828,0.183411,-0.243530,0.412598,-0.858398
19.950357675552368,0.625488,-0.468750,-0.402344,0.644531,-0.298828,0.281250,-0.062500,0.181091,-0.242187,0.415344,-0.857910
19.97022819519043,0.645996,-0.933594,-0.062500,0.691406,-0.412109,0.132812,-0.191406,0.178101,-0.242249,0.418335,-0.857117
19.98996615409851,0.661255,0.566406,0.027344,-0.242187,-0.187500,0.115234,-0.017578,0.176758,-0.241760,0.420227,-0.856567
20.01033329963684,0.668091,-0.144531,0.160156,-0.339844,-0.099609,0.052734,0.056641,0.176819,-0.241455,0.421265,-0.856140
20.030131101608276,0.668823,-0.460937,-0.101563,-0.179687,-0.035156,-0.220703,0.062500,0.178345,-0.242676,0.421326,-0.855408
20.0498366355896,0.664917,2.164063,0.351563,-1.523438,0.304688,0.087891,0.582031,0.183350,-0.239319,0.420471,-0.855774
20.07021999359131,0.658081,-0.484375,-0.031250,-0.152344,0.453125,0.304688,0.775391,0.189819,-0.232788,0.419006,-0.856873
20.090657234191895,0.660645,-0.851562,-0.230469,0.398438,0.320313,0.341797,0.632812,0.194458,-0.226868,0.418274,-0.857727
20.110061168670654,0.662598,-1.816406,-0.269531,0.789062,0.091797,0.281250,0.251953,0.195923,-0.223022,0.418579,-0.858276
20.130338668823242,0.667236,-1.339844,-0.187500,0.828125,-0.062500,0.345703,0.115234,0.195190,-0.219727,0.420044,-0.858582
20.15054178237915,0.662231,-1.667969,-0.054687,0.652344,-0.214844,0.339844,-0.171875,0.191956,-0.217957,0.422119,-0.858765
20.16989231109619,0.657593,-0.941406,-0.039063,-0.046875,-0.203125,0.201172,-0.326172,0.187805,-0.218323,0.423645,-0.858826
20.190528392791748,0.644165,-1.324219,-0.117188,0.101563,-0.187500,-0.140625,-0.457031,0.184082,-0.221619,0.423828,-0.858704
20.21062445640564,0.633057,1.179688,0.089844,-1.050781,0.064453,-0.287109,-0.458984,0.181580,-0.225647,0.421814,-0.859192
20.230514764785767,0.618652,0.058594,0.625000,0.398438,0.203125,-0.291016,-0.314453,0.180603,-0.229492,0.418762,-0.859863
20.250066995620728,0.601929,0.078125,0.785156,-0.078125,0.220703,-0.636719,-0.257813,0.181519,-0.235474,0.415100,-0.859802
20.270546197891235,0.570557,0.714844,1.175781,-0.144531,0.236328,-0.712891,-0.121094,0.183899,-0.241455,0.411865,-0.859192
20.29046392440796,0.572266,2.031250,-0.761719,0.125000,-0.130859,-0.484375,0.181641,0.187073,-0.244995,0.412170,-0.857361
20.310346126556396,0.590698,-0.121094,-2.156250,-0.097656,0.015625,-0.025391,0.257813,0.189148,-0.244446,0.413330,-0.856506
20.330689907073975,0.641846,0.515625,-0.093750,0.421875,-0.244141,0.281250,0.164062,0.188965,-0.241699,0.416077,-0.856018
20.350816011428833,0.660156,-0.777344,-0.484375,-0.328125,-0.197266,0.414062,0.093750,0.187378,-0.238525,0.419189,-0.855713
20.370227575302124,0.676147,-2.148438,-0.597656,0.691406,-0.498047,0.337891,-0.175781,0.183289,-0.237305,0.423401,-0.854858
20.390761375427246,0.678467,-0.328125,-0.445312,-0.808594,-0.605469,0.326172,-0.312500,0.178040,-0.237122,0.427856,-0.853821
20.41115927696228,0.669922,0.843750,-0.359375,-2.968750,-0.214844,0.207031,-0.246094,0.174500,-0.236450,0.429504,-0.853882
20.430495023727417,0.652954,1.183594,-1.003906,-3.382813,0.339844,0.460937,-0.083984,0.172546,-0.232361,0.427429,-0.856445
20.450823307037354,0.629028,0.394531,0.988281,1.351563,0.460937,0.550781,-0.019531,0.171021,-0.227112,0.424622,-0.859619
20.47150444984436,0.633423,0.757812,2.250000,2.820313,0.027344,0.447266,0.019531,0.169556,-0.223206,0.424988,-0.860718
20.490315675735474,0.645386,2.425781,3.601563,2.636719,-0.414062,0.123047,0.292969,0.170959,-0.221436,0.429077,-0.858826
20.511083126068115,0.661377,3.265625,2.238281,-0.148437,-0.404297,-0.113281,0.775391,0.176636,-0.219055,0.433105,-0.856323
20.53080463409424,0.664795,-5.160156,-0.750000,4.363281,0.330078,0.554687,0.494141,0.179321,-0.213135,0.433411,-0.857056
20.551074981689453,0.664307,-1.093750,0.031250,-1.714844,-0.117188,0.027344,-0.003906,0.178772,-0.212158,0.434448,-0.856934
20.570610523223877,0.657471,-2.105469,-0.835937,-1.937500,0.162109,0.121094,-0.167969,0.177246,-0.211975,0.432983,-0.858032
20.59133267402649,0.624756,-1.914063,-0.957031,-0.828125,0.271484,-0.189453,-0.421875,0.175110,-0.214355,0.429260,-0.859741
20.611071586608887,0.594482,2.804688,-1.007813,-3.472656,0.765625,0.091797,-0.242187,0.174194,-0.213440,0.422424,-0.863525
20.630634546279907,0.576660,-0.074219,0.179687,-0.769531,1.058594,0.333984,-0.080078,0.174255,-0.209229,0.413757,-0.868713
20.651464700698853,0.549683,0.437500,0.949219,0.796875,0.962891,0.291016,-0.066406,0.174500,-0.205383,0.405884,-0.873291
20.671324729919434,0.531006,-0.152344,0.988281,2.582031,0.609375,0.191406,-0.035156,0.174744,-0.202759,0.400818,-0.876160
20.690701723098755,0.517334,0.054687,1.187500,2.570313,0.294922,0.076172,0.048828,0.175354,-0.201416,0.398438,-0.877441
20.711222171783447,0.486450,-1.980469,0.265625,2.335938,0.003906,-0.035156,-0.007813,0.175476,-0.201843,0.398254,-0.877441
20.731395959854126,0.469238,0.164062,0.320313,0.710937,-0.158203,-0.183594,-0.099609,0.175110,-0.203857,0.399109,-0.876648
20.750673532485962,0.450684,0.683594,0.066406,-0.332031,-0.136719,-0.123047,-0.031250,0.175110,-0.205322,0.400024,-0.875916
20.771732807159424,0.417603,0.300781,-0.535156,-1.089844,-0.080078,-0.048828,0.062500,0.175537,-0.205627,0.400635,-0.875427
20.791634559631348,0.401367,-0.582031,-0.542969,-0.371094,0.023437,0.039063,-0.013672,0.175354,-0.205261,0.400574,-0.875610
20.81100344657898,0.385376,0.460937,-0.238281,-0.492187,0.046875,0.078125,-0.017578,0.174988,-0.204651,0.400269,-0.875977
20.831538200378418,0.355225,0.046875,0.023437,-0.156250,0.054687,0.048828,-0.025391,0.174744,-0.204163,0.399780,-0.876343
20.851336240768433,0.324463,0.207031,-0.062500,0.105469,0.046875,0.089844,0.068359,0.174988,-0.203125,0.399658,-0.876587
20.87147092819214,0.321777,-0.464844,0.128906,0.488281,-0.005859,0.031250,0.007813,0.174988,-0.202759,0.399841,-0.876587
20.891228199005127,0.328613,-0.011719,-0.207031,0.105469,-0.037109,0.035156,-0.013672,0.174622,-0.202698,0.400085,-0.876526
20.91186785697937,0.334839,-0.757812,-0.285156,0.226562,-0.025391,-0.037109,-0.091797,0.173950,-0.203308,0.400146,-0.876526
20.9317307472229,0.335815,0.316406,0.097656,-0.414062,-0.041016,-0.021484,-0.009766,0.173889,-0.203674,0.400391,-0.876343
20.951342821121216,0.337891,0.199219,0.183594,0.082031,-0.019531,-0.031250,0.019531,0.174133,-0.203918,0.400574,-0.876160
20.97171950340271,0.351196,0.000000,0.039063,0.023437,-0.062500,-0.062500,0.029297,0.174438,-0.204346,0.400940,-0.875793
20.991857051849365,0.347168,-0.496094,-0.277344,-0.140625,0.031250,0.001953,-0.023437,0.174316,-0.204468,0.400696,-0.875916
21.011529684066772,0.343140,0.300781,0.257813,0.242187,0.042969,-0.031250,-0.031250,0.174316,-0.204712,0.400269,-0.876038
21.03200650215149,0.310547,0.062500,0.097656,0.121094,0.021484,-0.060547,0.009766,0.174683,-0.205200,0.400024,-0.875977
21.051628828048706,0.306519,0.253906,0.066406,0.128906,-0.031250,-0.054687,0.011719,0.174927,-0.205566,0.400085,-0.875793
21.071374893188477,0.301880,-0.406250,-0.132812,0.281250,0.011719,0.019531,-0.027344,0.174683,-0.205627,0.400024,-0.875916
21.09172773361206,0.295410,0.468750,0.144531,0.058594,-0.037109,-0.027344,-0.058594,0.174255,-0.206116,0.400085,-0.875854
21.111820697784424,0.277832,0.117188,0.031250,-0.207031,-0.007813,-0.050781,0.003906,0.174438,-0.206543,0.400085,-0.875671
21.13156509399414,0.270142,0.191406,0.144531,-0.125000,-0.009766,-0.050781,0.011719,0.174744,-0.206909,0.400085,-0.875549
21.152252674102783,0.244019,-0.230469,-0.390625,-0.207031,0.039063,0.011719,0.039063,0.175049,-0.206665,0.399841,-0.875671
21.17210578918457,0.245239,0.117188,-0.093750,-0.140625,0.048828,0.025391,-0.017578,0.174988,-0.206360,0.399414,-0.875916
21.191736221313477,0.249634,0.277344,0.167969,-0.230469,0.082031,0.029297,0.001953,0.175049,-0.205994,0.398804,-0.876282
21.211569786071777,0.243652,0.132812,0.273438,0.257813,0.054687,0.007813,0.037109,0.175476,-0.205627,0.398376,-0.876465
21.23210120201111,0.238281,-0.550781,0.000000,0.632812,0.060547,-0.007813,0.056641,0.176025,-0.205505,0.398010,-0.876526
21.25207805633545,0.238037,0.132812,0.121094,0.335938,-0.027344,-0.078125,0.001953,0.176392,-0.206116,0.398071,-0.876343
21.271732330322266,0.227661,0.238281,0.121094,-0.078125,-0.025391,-0.068359,0.029297,0.176819,-0.206665,0.398315,-0.875977
21.292205095291138,0.212769,0.390625,0.281250,0.121094,-0.060547,-0.089844,0.076172,0.177734,-0.207153,0.398743,-0.875488
21.312418699264526,0.212280,-0.644531,-0.476562,-0.214844,-0.009766,-0.035156,0.068359,0.178406,-0.207336,0.398987,-0.875244
21.33172369003296,0.214966,0.324219,-0.140625,-0.179687,0.007813,-0.025391,0.000000,0.178589,-0.207458,0.398865,-0.875244
21.352367877960205,0.222168,0.054687,-0.023437,-0.187500,0.048828,0.005859,0.031250,0.178894,-0.207214,0.398560,-0.875305
21.372690200805664,0.222046,-0.097656,0.050781,0.113281,0.021484,-0.001953,0.021484,0.179138,-0.207092,0.398315,-0.875427
21.391847372055054,0.216797,0.140625,-0.031250,-0.007813,0.042969,0.000000,0.035156,0.179565,-0.206848,0.398071,-0.875488
21.412194967269897,0.202637,-0.199219,-0.140625,0.136719,0.025391,0.027344,0.033203,0.179810,-0.206482,0.397888,-0.875610
21.432352542877197,0.193848,-0.042969,0.007813,0.019531,0.021484,-0.001953,0.013672,0.179993,-0.206360,0.397705,-0.875671
21.452102184295654,0.184082,-0.007813,0.050781,0.058594,-0.001953,-0.001953,0.011719,0.180115,-0.206299,0.397766,-0.875671
21.472662925720215,0.150879,-0.234375,-0.253906,-0.179687,0.011719,0.000000,0.025391,0.180298,-0.206177,0.397705,-0.875671
21.493450164794922,0.144775,-0.429687,-0.031250,0.128906,0.017578,0.000000,-0.029297,0.180176,-0.206238,0.397522,-0.875793
21.513249158859253,0.143555,0.292969,0.121094,-0.101563,0.009766,-0.025391,-0.015625,0.180115,-0.206543,0.397339,-0.875793
21.53216791152954,0.144409,0.253906,0.121094,0.089844,-0.007813,-0.021484,0.009766,0.180359,-0.206726,0.397339,-0.875732
21.55241346359253,0.114624,-0.199219,-0.222656,0.019531,0.005859,-0.019531,0.058594,0.180847,-0.206665,0.397400,-0.875610
21.572691440582275,0.114868,-0.464844,-0.140625,0.210937,-0.023437,-0.007813,-0.025391,0.180725,-0.206848,0.397461,-0.875549
