timestamp,pressure_value,linear_accel_x,linear_accel_y,linear_accel_z,gyro_x,gyro_y,gyro_z,orientation_r,orientation_i,orientation_j,orientation_k
0.007439374923706055,0.822266,0.105469,0.093750,0.156250,0.013672,-0.054687,0.046875,0.827515,-0.386841,-0.370667,0.167908
0.027000904083251953,0.822266,-0.007813,0.023437,0.039063,0.033203,-0.048828,0.035156,0.827332,-0.386780,-0.370911,0.168579
0.046842336654663086,0.821899,-0.085937,0.054687,0.269531,0.029297,-0.025391,0.027344,0.827209,-0.386536,-0.371094,0.169189
0.06724929809570312,0.821899,-0.039063,0.023437,0.468750,-0.041016,0.013672,0.011719,0.827148,-0.386414,-0.371155,0.169556
0.08696722984313965,0.821533,0.390625,0.261719,-0.027344,-0.056641,0.031250,0.056641,0.827026,-0.386780,-0.371033,0.169495
0.10727047920227051,0.820801,0.472656,0.238281,0.523437,-0.107422,-0.007813,0.099609,0.826782,-0.387512,-0.370728,0.169617
0.12720370292663574,0.818848,-0.468750,-0.214844,-0.656250,-0.025391,-0.023437,0.052734,0.826294,-0.388611,-0.370544,0.170044
0.1473081111907959,0.817627,-0.500000,-0.250000,-0.351563,0.011719,-0.031250,-0.007813,0.825989,-0.389038,-0.370605,0.170471
0.16669011116027832,0.817017,-0.316406,0.015625,-0.386719,0.037109,-0.039063,-0.013672,0.825928,-0.388855,-0.370850,0.170593
0.1876084804534912,0.816406,0.679687,0.246094,0.691406,-0.091797,-0.066406,0.046875,0.825867,-0.388611,-0.371094,0.170776
0.20704960823059082,0.816406,0.222656,0.261719,0.257813,-0.119141,-0.083984,0.083984,0.825256,-0.389404,-0.371582,0.171082
0.22690629959106445,0.816406,0.191406,0.246094,0.203125,-0.099609,-0.091797,0.089844,0.824341,-0.390503,-0.372192,0.171692
0.2476487159729004,0.815063,-0.230469,0.214844,-0.273438,-0.050781,-0.130859,0.080078,0.823486,-0.391296,-0.372864,0.172485
0.2677128314971924,0.815430,-0.039063,-0.304688,0.402344,-0.138672,-0.054687,0.048828,0.822632,-0.391907,-0.373657,0.173340
0.28710150718688965,0.815552,0.046875,-0.097656,-0.261719,-0.091797,-0.019531,0.029297,0.821838,-0.393066,-0.374146,0.173523
0.30760693550109863,0.815796,0.390625,0.218750,-0.027344,-0.064453,-0.007813,0.068359,0.821350,-0.393921,-0.374329,0.173523
0.3275482654571533,0.815918,0.175781,0.078125,0.066406,-0.050781,-0.035156,0.072266,0.820923,-0.394653,-0.374329,0.173889
0.34737062454223633,0.816040,-0.589844,-0.265625,-0.394531,0.023437,0.023437,-0.001953,0.820557,-0.395203,-0.374329,0.174316
0.3675558567047119,0.815674,0.023437,0.042969,0.171875,0.015625,0.037109,-0.011719,0.820679,-0.395081,-0.374084,0.174377
0.38761305809020996,0.814941,0.222656,0.234375,0.527344,-0.017578,0.001953,0.005859,0.820862,-0.395020,-0.373840,0.174194
0.4072139263153076,0.814209,0.136719,0.234375,0.257813,-0.041016,-0.054687,0.003906,0.820801,-0.395203,-0.373840,0.174194
0.42763733863830566,0.813477,0.328125,0.085937,0.281250,-0.105469,-0.062500,0.037109,0.820435,-0.395447,-0.374329,0.174316
0.44787120819091797,0.813110,0.300781,0.140625,0.457031,-0.179687,-0.052734,0.074219,0.819702,-0.396362,-0.374878,0.174438
0.4679417610168457,0.813477,0.964844,0.593750,0.613281,-0.251953,-0.046875,0.207031,0.818665,-0.398071,-0.375305,0.174683
0.4875509738922119,0.813965,0.957031,0.527344,1.042969,-0.351563,-0.095703,0.320313,0.817139,-0.400818,-0.375305,0.175598
0.50803542137146,0.816772,-0.218750,-0.031250,-0.027344,-0.417969,-0.097656,0.326172,0.814819,-0.404663,-0.375427,0.177246
0.5281639099121094,0.820190,-0.179687,-0.312500,-0.074219,-0.431641,0.013672,0.273438,0.812195,-0.409058,-0.375549,0.178711
0.5476725101470947,0.824341,-0.097656,-0.335938,0.140625,-0.355469,0.017578,0.210937,0.809937,-0.413635,-0.375183,0.179260
0.5678367614746094,0.835083,-1.074219,-0.449219,-0.660156,-0.228516,-0.066406,0.072266,0.808167,-0.417297,-0.374878,0.179504
0.587907075881958,0.840454,0.003906,-0.050781,-0.207031,-0.144531,-0.056641,0.019531,0.806885,-0.419312,-0.375366,0.179504
0.6082582473754883,0.845215,1.085938,0.195312,0.398438,-0.173828,0.048828,0.101563,0.805969,-0.420593,-0.375916,0.179382
0.6278164386749268,0.853516,0.609375,0.226562,1.156250,-0.273438,0.001953,0.160156,0.805115,-0.422546,-0.375610,0.179382
0.6480543613433838,0.856689,-0.132812,0.019531,-0.613281,-0.132812,0.015625,0.113281,0.803894,-0.425049,-0.375244,0.179687
0.6676549911499023,0.859375,-0.652344,-0.042969,-0.750000,-0.035156,0.017578,0.029297,0.803162,-0.426575,-0.374817,0.179993
0.6878619194030762,0.861328,-0.195312,-0.003906,-0.484375,0.031250,0.025391,-0.001953,0.803040,-0.427063,-0.374634,0.180054
0.7081496715545654,0.862915,0.074219,-0.003906,-0.421875,0.068359,0.060547,0.003906,0.803284,-0.426819,-0.374329,0.180054
0.728090763092041,0.863159,0.351563,0.066406,0.062500,0.058594,0.041016,0.041016,0.803772,-0.426453,-0.373718,0.180115
0.7480149269104004,0.863281,-0.054687,0.101563,0.015625,0.078125,-0.064453,0.072266,0.804077,-0.426147,-0.373169,0.180542
0.7682816982269287,0.863403,0.957031,0.132812,-1.082031,0.267578,0.021484,0.154297,0.804260,-0.425537,-0.372986,0.181763
0.7882132530212402,0.863647,-0.558594,0.093750,0.488281,0.210937,-0.005859,0.099609,0.804993,-0.424011,-0.372009,0.183777
0.8081727027893066,0.863892,0.105469,-0.027344,0.074219,0.175781,-0.013672,0.091797,0.805664,-0.422668,-0.371277,0.185425
0.8286170959472656,0.864990,0.160156,0.011719,-1.128906,0.210937,0.039063,0.095703,0.806152,-0.421753,-0.370667,0.186829
0.8483834266662598,0.865479,-1.324219,-0.226562,0.726562,0.058594,0.017578,-0.025391,0.806702,-0.420898,-0.369934,0.187927
0.8677291870117188,0.866699,-0.136719,-0.156250,-0.832031,0.074219,0.181641,-0.052734,0.807190,-0.420227,-0.369507,0.187927
0.8889098167419434,0.869751,0.804687,-0.273438,0.960937,-0.234375,0.318359,0.080078,0.808167,-0.419983,-0.368103,0.187134
0.9082410335540771,0.871704,-0.503906,0.285156,-1.062500,-0.128906,0.242187,0.042969,0.808350,-0.422241,-0.365784,0.185669
0.928133487701416,0.873901,-0.066406,0.410156,-0.496094,0.007813,0.054687,0.029297,0.808594,-0.424011,-0.363770,0.184509
0.9484264850616455,0.876099,0.015625,0.226562,0.425781,0.025391,-0.083984,0.054687,0.808716,-0.424438,-0.363037,0.184448
0.9687964916229248,0.877197,0.867187,0.109375,-0.457031,0.093750,-0.158203,0.111328,0.808472,-0.424194,-0.363281,0.185425
0.988619327545166,0.878662,-0.074219,-0.042969,0.210937,0.199219,-0.109375,0.169922,0.808350,-0.423401,-0.363525,0.187500
1.0083708763122559,0.880127,-1.062500,-0.195312,-0.250000,0.078125,-0.025391,0.009766,0.808350,-0.422363,-0.363586,0.189697
1.0286340713500977,0.882324,0.316406,0.074219,0.355469,-0.080078,0.056641,0.019531,0.808350,-0.421936,-0.363770,0.190186
1.0486230850219727,0.882812,0.015625,-0.371094,0.640625,-0.189453,0.164062,-0.044922,0.808228,-0.422729,-0.363342,0.189758
1.068284273147583,0.883667,0.132812,0.164062,-0.570312,-0.117188,0.132812,-0.074219,0.808044,-0.424438,-0.362671,0.188049
1.0886332988739014,0.883301,-0.382813,0.125000,-0.179687,0.009766,0.044922,-0.130859,0.808044,-0.425415,-0.362366,0.186340
1.1087226867675781,0.880737,-0.558594,-0.625000,-0.316406,0.253906,0.134766,-0.236328,0.808533,-0.424988,-0.362610,0.185059
1.1286146640777588,0.876587,-1.332031,-1.300781,-1.582031,0.484375,0.068359,-0.384766,0.810486,-0.422119,-0.362244,0.183472
1.1487562656402588,0.872559,2.039063,1.671875,1.378906,0.310547,-0.064453,-0.119141,0.813354,-0.417175,-0.362366,0.182007
1.1690621376037598,0.873657,3.468750,2.015625,2.406250,-0.117188,-0.103516,0.355469,0.814575,-0.414307,-0.362671,0.182495
1.1888189315795898,0.876465,2.781250,1.589844,1.726563,-0.345703,-0.101563,0.699219,0.813171,-0.416138,-0.362244,0.185303
1.209064245223999,0.882568,1.820313,0.632812,0.984375,-0.308594,-0.058594,0.673828,0.810181,-0.421021,-0.360779,0.190125
1.2289254665374756,0.884888,-2.968750,-1.390625,-2.792969,0.000000,0.189453,0.296875,0.807678,-0.425476,-0.358887,0.194458
1.2488882541656494,0.886230,-1.925781,-0.460937,-2.027344,0.191406,0.236328,0.093750,0.807678,-0.426880,-0.356262,0.196106
1.268937587738037,0.888916,1.101563,-0.308594,0.652344,-0.013672,0.222656,0.095703,0.809021,-0.426697,-0.353271,0.196594
1.2892355918884277,0.889893,-0.906250,0.281250,1.664063,-0.193359,0.107422,0.015625,0.809570,-0.427612,-0.351013,0.196411
1.3085622787475586,0.890381,-0.328125,0.257813,0.308594,-0.222656,-0.007813,-0.083984,0.809082,-0.429321,-0.350586,0.195374
1.3287572860717773,0.889771,0.343750,0.382813,0.187500,-0.189453,-0.025391,-0.089844,0.808350,-0.430786,-0.351196,0.194092
1.3492045402526855,0.887207,0.679687,0.359375,-0.289063,-0.080078,0.033203,0.058594,0.807739,-0.431824,-0.351929,0.192932
1.3692386150360107,0.885498,0.449219,0.320313,0.679687,0.083984,-0.113281,0.003906,0.807251,-0.432678,-0.352051,0.192749
1.3891310691833496,0.884033,0.605469,-0.261719,0.468750,0.050781,0.001953,0.125000,0.807190,-0.432251,-0.352417,0.193481
1.4093680381774902,0.883057,-0.519531,-0.031250,-1.535156,0.240234,0.000000,0.130859,0.807312,-0.431946,-0.351807,0.194702
1.4293861389160156,0.884399,-0.890625,-0.199219,-0.781250,0.326172,-0.054687,0.015625,0.807983,-0.430664,-0.350891,0.196411
1.4490830898284912,0.885498,-0.765625,-0.531250,-0.957031,0.419922,0.076172,0.017578,0.809143,-0.428223,-0.350281,0.197937
1.4695994853973389,0.885376,-0.988281,-0.601562,0.644531,0.396484,0.187500,-0.029297,0.811279,-0.424988,-0.348572,0.199280
1.4893059730529785,0.883667,-1.609375,-1.175781,1.660156,0.220703,0.107422,-0.292969,0.813599,-0.422058,-0.346558,0.199524
1.5091488361358643,0.880371,-2.046875,-0.953125,-0.847656,0.287109,0.130859,-0.416016,0.815674,-0.419250,-0.346252,0.197510
1.5295934677124023,0.872314,-0.101563,0.984375,0.648437,0.205078,0.011719,-0.363281,0.817993,-0.415771,-0.346619,0.194580
1.5493650436401367,0.869141,0.609375,0.523437,1.312500,0.089844,-0.089844,-0.216797,0.819519,-0.412964,-0.347595,0.192322
1.5691688060760498,0.866821,1.390625,0.773437,0.464844,0.066406,-0.095703,-0.042969,0.820068,-0.411255,-0.348877,0.191284
1.589216709136963,0.864014,0.187500,-0.039063,-0.042969,0.156250,-0.029297,-0.072266,0.820251,-0.410217,-0.349731,0.191406
1.6096534729003906,0.857178,0.132812,0.054687,0.277344,0.121094,-0.009766,-0.107422,0.820862,-0.408691,-0.350037,0.191528
1.629687786102295,0.854004,0.187500,0.230469,0.617187,-0.033203,-0.054687,-0.193359,0.821472,-0.407349,-0.350403,0.191040
1.6494133472442627,0.849854,1.488281,0.636719,-0.019531,-0.070312,-0.117188,-0.166016,0.821533,-0.406799,-0.351563,0.189636
1.6696250438690186,0.840332,1.496094,0.636719,0.164062,-0.134766,-0.167969,-0.027344,0.821106,-0.406616,-0.353394,0.188477
1.6899049282073975,0.837280,-0.808594,-0.429687,-0.464844,-0.039063,-0.164062,0.005859,0.820190,-0.407043,-0.355103,0.188477
1.7094347476959229,0.835571,-0.289063,0.031250,-0.257813,-0.046875,-0.148437,-0.003906,0.819397,-0.407104,-0.356506,0.189026
1.72963547706604,0.837646,0.929687,0.574219,1.191406,-0.203125,-0.193359,0.140625,0.818604,-0.407349,-0.357849,0.189514
1.749985933303833,0.839478,1.558594,0.781250,1.714844,-0.339844,-0.220703,0.363281,0.816895,-0.409058,-0.359192,0.190796
1.7696192264556885,0.842041,-1.699219,-1.539063,-0.628906,-0.283203,-0.173828,0.253906,0.814087,-0.412598,-0.360168,0.193237
1.7896389961242676,0.853271,-1.523438,-0.664062,-1.453125,-0.179687,-0.097656,0.087891,0.811707,-0.415649,-0.361084,0.195007
1.8097290992736816,0.858765,-1.031250,-0.226562,-1.667969,-0.039063,0.037109,-0.003906,0.810425,-0.417175,-0.361877,0.195496
1.829620122909546,0.864014,0.476562,-0.257813,0.414062,-0.224609,0.076172,0.029297,0.810181,-0.417786,-0.361816,0.195129
1.8500359058380127,0.870850,-0.933594,-0.011719,0.031250,-0.285156,0.060547,-0.023437,0.809570,-0.419739,-0.361450,0.194214
1.8700370788574219,0.873413,0.019531,0.273438,-1.390625,-0.076172,0.056641,-0.037109,0.808716,-0.422058,-0.361511,0.192749
1.8900022506713867,0.875366,-0.058594,0.097656,1.859375,-0.228516,-0.044922,-0.029297,0.808228,-0.423279,-0.361694,0.191711
1.9098858833312988,0.876831,0.125000,0.179687,-1.222656,-0.080078,-0.037109,-0.013672,0.807312,-0.424683,-0.362488,0.190979
1.929823398590088,0.877930,0.433594,0.113281,0.289063,-0.085937,-0.029297,0.041016,0.806885,-0.425232,-0.362915,0.190735
1.9499993324279785,0.877808,0.285156,0.042969,-0.195312,-0.062500,0.027344,0.068359,0.806396,-0.426025,-0.363098,0.190857
1.969923496246338,0.877563,0.070312,0.097656,0.539062,-0.117188,-0.017578,0.072266,0.806030,-0.426880,-0.362793,0.191101
1.9904043674468994,0.875977,-0.339844,0.105469,0.144531,-0.085937,-0.046875,0.042969,0.805359,-0.427917,-0.362854,0.191284
2.0100815296173096,0.875122,0.425781,0.378906,-0.570312,-0.003906,-0.058594,0.068359,0.804749,-0.428650,-0.363159,0.191589
2.0298993587493896,0.874756,1.359375,0.417969,-0.746094,0.205078,-0.070312,0.179687,0.804565,-0.428467,-0.363281,0.192566
2.0502841472625732,0.874023,-1.269531,-0.500000,1.277344,0.136719,-0.029297,0.060547,0.804687,-0.427612,-0.362915,0.194641
2.0705695152282715,0.873779,-0.500000,-0.085937,-2.050781,0.119141,-0.037109,0.001953,0.804932,-0.426819,-0.362671,0.195862
2.089932918548584,0.874023,0.472656,-0.027344,-0.042969,0.183594,0.013672,0.039063,0.805542,-0.425476,-0.362427,0.196716
2.1105592250823975,0.874634,-0.171875,-0.148437,-0.371094,0.177734,0.095703,0.033203,0.806274,-0.424255,-0.361816,0.197510
2.1303086280822754,0.875244,-1.089844,-0.078125,0.019531,0.111328,0.083984,-0.074219,0.807190,-0.423218,-0.360840,0.197876
2.1501264572143555,0.875977,-0.058594,-0.250000,-0.281250,0.037109,0.197266,-0.048828,0.808167,-0.422241,-0.359985,0.197388
2.170067310333252,0.876953,0.332031,0.250000,0.437500,-0.064453,0.171875,-0.023437,0.809082,-0.422119,-0.358643,0.196350
2.190629482269287,0.878662,0.808594,0.488281,0.398438,-0.044922,0.103516,0.039063,0.809509,-0.422791,-0.357544,0.195251
2.210399866104126,0.878784,0.785156,0.378906,0.937500,-0.041016,0.000000,0.183594,0.809509,-0.423462,-0.356812,0.195007
2.2304039001464844,0.878296,1.046875,0.242187,-0.175781,0.109375,-0.078125,0.226562,0.809082,-0.424316,-0.356201,0.196289
2.250845193862915,0.877441,-1.296875,-0.132812,0.164062,0.095703,-0.167969,0.169922,0.808716,-0.424194,-0.355591,0.198853
2.271085262298584,0.877441,-1.554688,-0.476562,-0.621094,0.042969,-0.076172,-0.033203,0.808411,-0.423584,-0.355774,0.201233
2.2904646396636963,0.878052,-0.230469,-0.062500,-0.207031,0.025391,0.017578,-0.015625,0.808472,-0.422852,-0.356262,0.201599
2.310624599456787,0.881104,0.703125,-0.140625,0.332031,-0.023437,0.148437,0.041016,0.808655,-0.422668,-0.356140,0.201477
2.330679178237915,0.882812,-0.582031,0.097656,0.332031,-0.087891,0.113281,0.001953,0.808899,-0.423279,-0.354980,0.201111
2.350687026977539,0.884033,0.230469,-0.011719,-0.320313,-0.091797,0.154297,-0.003906,0.809082,-0.424133,-0.354065,0.200378
2.370800018310547,0.885010,-0.382813,0.179687,-0.058594,0.037109,0.142578,-0.052734,0.809265,-0.425049,-0.353088,0.199341
2.3907625675201416,0.885254,0.429687,0.179687,-0.058594,-0.033203,0.015625,0.005859,0.809753,-0.425293,-0.352234,0.198364
2.410717487335205,0.885254,-0.261719,0.027344,0.023437,-0.025391,-0.070312,0.023437,0.809692,-0.425537,-0.352051,0.198242
2.4308435916900635,0.885132,-0.144531,-0.003906,-0.589844,0.048828,-0.074219,0.021484,0.809387,-0.425659,-0.352478,0.198669
2.4507505893707275,0.885132,0.695312,0.179687,-0.250000,0.121094,-0.089844,0.095703,0.809326,-0.425110,-0.352844,0.199402
2.470625638961792,0.885132,0.867187,0.171875,0.023437,0.302734,0.011719,0.173828,0.809509,-0.424072,-0.352783,0.201050
2.4906251430511475,0.885132,-0.875000,-0.210937,0.957031,0.080078,-0.050781,0.115234,0.810120,-0.422607,-0.351807,0.203186
2.5109167098999023,0.885498,-1.515625,-0.132812,-0.667969,0.113281,-0.066406,-0.015625,0.810120,-0.422119,-0.351563,0.204651
2.5310871601104736,0.885864,0.207031,-0.261719,-1.195313,0.205078,0.072266,0.000000,0.810608,-0.420959,-0.351501,0.205383
2.5508346557617188,0.885864,-0.828125,-0.441406,0.019531,0.201172,0.187500,-0.111328,0.811768,-0.419373,-0.350464,0.205750
2.5711138248443604,0.884521,-0.496094,-0.109375,1.953125,-0.076172,0.074219,-0.208984,0.813354,-0.417908,-0.349182,0.204773
2.591066360473633,0.882690,0.781250,0.531250,0.941406,-0.156250,0.058594,-0.144531,0.813782,-0.417847,-0.349426,0.202576
2.6107592582702637,0.881470,0.878906,0.656250,0.742187,-0.265625,-0.048828,0.017578,0.813538,-0.418762,-0.350098,0.200562
2.631014823913574,0.883179,0.902344,-0.261719,0.757812,-0.404297,-0.005859,0.197266,0.812256,-0.420898,-0.350769,0.200012
2.651093006134033,0.885254,0.101563,-0.140625,-1.035156,-0.250000,0.113281,0.226562,0.810425,-0.424561,-0.350525,0.200317
2.6707355976104736,0.887085,-0.972656,-0.109375,-0.273438,-0.166016,0.023437,0.144531,0.809204,-0.427673,-0.349304,0.200745
2.691622495651245,0.888428,-1.617188,-0.175781,-0.988281,-0.003906,-0.058594,0.000000,0.808289,-0.429504,-0.348877,0.201172
2.7112858295440674,0.888428,-1.011719,-0.460937,-2.082031,0.308594,0.029297,-0.089844,0.808228,-0.429260,-0.349182,0.201477
2.7307615280151367,0.887939,0.093750,-0.230469,0.222656,0.365234,0.103516,-0.113281,0.809814,-0.426575,-0.348633,0.201721
2.7513437271118164,0.884644,-0.273438,-0.234375,0.925781,0.289063,0.042969,-0.195312,0.811951,-0.423340,-0.347656,0.201660
2.771312952041626,0.883301,1.210938,0.816406,0.195312,0.148437,0.046875,0.087891,0.813660,-0.420532,-0.347351,0.201172
2.790961980819702,0.883301,2.285156,0.992187,1.500000,-0.115234,0.003906,0.392578,0.814209,-0.419800,-0.346375,0.202148
2.81117582321167,0.884033,-0.593750,-1.343750,-0.132812,-0.107422,0.011719,0.347656,0.813110,-0.421875,-0.344971,0.204773
2.8316712379455566,0.886353,-2.355469,-0.562500,-1.886719,0.085937,-0.015625,0.111328,0.812012,-0.423828,-0.343628,0.207153
2.851670265197754,0.887207,-0.914062,-0.332031,-1.144531,0.175781,0.083984,0.162109,0.812073,-0.423706,-0.342834,0.208557
2.870988368988037,0.887451,0.097656,0.050781,0.718750,0.001953,0.000000,0.033203,0.812561,-0.423035,-0.341736,0.209900
2.8916969299316406,0.888428,-0.410156,0.167969,0.574219,-0.123047,-0.001953,-0.041016,0.812500,-0.423035,-0.341614,0.210205
2.9116463661193848,0.888184,0.546875,0.074219,1.179688,-0.308594,-0.050781,-0.042969,0.812073,-0.423950,-0.341919,0.209534
2.9316012859344482,0.887939,-0.308594,0.167969,1.011719,-0.232422,0.011719,-0.027344,0.810730,-0.426208,-0.343079,0.208313
2.951641321182251,0.888550,0.082031,0.230469,0.582031,-0.230469,0.037109,0.044922,0.809631,-0.428284,-0.343628,0.207153
2.9722518920898438,0.889526,0.523437,-0.023437,-0.980469,-0.064453,0.140625,0.089844,0.808899,-0.430176,-0.343384,0.206726
2.991379499435425,0.890381,-1.097656,-0.136719,-0.644531,0.000000,0.152344,0.009766,0.808899,-0.431274,-0.342163,0.206482
3.0121076107025146,0.890259,-0.132812,-0.214844,-0.230469,0.062500,0.076172,-0.031250,0.809387,-0.431580,-0.340820,0.205994
3.031651020050049,0.889648,0.144531,-0.109375,-0.023437,0.146484,0.074219,0.009766,0.810059,-0.431152,-0.339905,0.205688
3.0517077445983887,0.887939,0.425781,0.183594,-0.761719,0.335938,0.054687,0.046875,0.811035,-0.430115,-0.338806,0.206055
3.071633815765381,0.886230,0.394531,0.152344,-0.140625,0.341797,-0.019531,0.083984,0.812561,-0.427734,-0.337402,0.207275
3.0921707153320312,0.884277,0.917969,0.679687,0.816406,0.173828,-0.117188,0.250000,0.813782,-0.425232,-0.336487,0.209229
3.1121418476104736,0.884888,-0.207031,-0.300781,1.285156,-0.146484,-0.166016,0.240234,0.813538,-0.424438,-0.336121,0.212219
3.131629467010498,0.886230,-1.027344,-0.468750,-0.832031,-0.130859,-0.001953,0.093750,0.812073,-0.425842,-0.336548,0.214355
3.152195930480957,0.889771,-1.097656,-0.300781,-0.539062,-0.089844,0.019531,-0.019531,0.811218,-0.427185,-0.336548,0.214783
3.172210693359375,0.890869,-0.605469,-0.300781,-0.332031,-0.201172,0.056641,-0.093750,0.810913,-0.428040,-0.336670,0.214233
3.1917803287506104,0.891479,-0.460937,-0.136719,-0.039063,-0.207031,0.128906,-0.134766,0.810547,-0.429260,-0.336914,0.212708
3.2120473384857178,0.892456,0.214844,0.136719,0.558594,-0.228516,0.179687,-0.103516,0.810425,-0.430664,-0.336792,0.210510
3.2322776317596436,0.892944,0.441406,0.175781,-0.890625,-0.093750,0.150391,-0.062500,0.810425,-0.432007,-0.336365,0.208374
3.251882791519165,0.893311,0.796875,0.261719,-0.046875,-0.003906,0.109375,0.003906,0.810791,-0.432678,-0.335571,0.207031
3.272045850753784,0.892822,0.152344,0.144531,0.453125,-0.046875,0.005859,0.054687,0.811035,-0.433044,-0.334717,0.206543
3.2919750213623047,0.892334,0.281250,0.414062,-0.660156,0.142578,-0.113281,0.109375,0.810791,-0.433472,-0.334473,0.206848
3.3119001388549805,0.892090,0.941406,0.496094,0.472656,0.134766,-0.210937,0.166016,0.810669,-0.432861,-0.334534,0.208496
3.3326640129089355,0.891479,0.613281,-0.078125,0.503906,0.234375,-0.208984,0.142578,0.810303,-0.432068,-0.334900,0.211060
3.3526289463043213,0.891479,-0.949219,-0.429687,0.414062,0.107422,-0.207031,0.095703,0.810120,-0.430725,-0.335388,0.213806
3.3721609115600586,0.891724,-0.988281,-0.507812,-1.433594,0.175781,-0.021484,0.000000,0.809814,-0.429749,-0.336182,0.215759
3.3919003009796143,0.892212,-1.148438,-0.175781,-0.117188,0.119141,0.072266,-0.130859,0.810303,-0.428528,-0.336182,0.216370
3.412566900253296,0.893799,0.421875,-0.125000,-0.882812,0.091797,0.300781,-0.044922,0.811401,-0.427307,-0.335571,0.215515
3.4321675300598145,0.894897,-0.511719,0.183594,0.050781,0.062500,0.220703,-0.037109,0.812805,-0.427124,-0.333252,0.214172
3.452077627182007,0.895508,1.140625,0.527344,1.527344,-0.023437,0.017578,0.105469,0.813721,-0.427246,-0.331543,0.213135
3.4723446369171143,0.894897,3.105469,0.464844,0.378906,0.011719,-0.019531,0.355469,0.813599,-0.427673,-0.330688,0.213989
3.4925639629364014,0.894043,-0.726562,0.136719,0.523437,0.208984,0.068359,0.130859,0.812927,-0.428589,-0.329407,0.216614
3.512254238128662,0.892334,-3.253906,-0.851562,0.011719,0.234375,0.130859,-0.226562,0.813660,-0.427551,-0.328064,0.217957
3.5326426029205322,0.885864,-1.953125,-1.781250,-1.046875,0.335938,0.197266,-0.521484,0.815796,-0.424866,-0.327148,0.216553
3.5526487827301025,0.883667,-2.574219,-0.355469,0.460937,0.308594,0.148437,-0.527344,0.818787,-0.421143,-0.327026,0.212769
3.572638988494873,0.882080,1.699219,1.281250,2.789063,0.062500,-0.027344,-0.248047,0.821533,-0.417358,-0.327515,0.208923
3.592839241027832,0.880005,1.371094,0.968750,0.734375,-0.091797,-0.113281,-0.064453,0.822327,-0.415833,-0.328552,0.207153
3.612640142440796,0.878662,0.656250,0.363281,0.300781,-0.130859,-0.144531,-0.095703,0.821716,-0.416138,-0.329956,0.206726
3.632636308670044,0.877075,0.234375,-0.410156,-0.980469,0.023437,-0.083984,-0.164062,0.821045,-0.416382,-0.331726,0.206116
3.6527163982391357,0.876221,1.476563,0.578125,-0.246094,-0.058594,-0.119141,-0.042969,0.821045,-0.415710,-0.333130,0.205261
3.672567367553711,0.877075,1.328125,0.515625,0.468750,-0.179687,-0.119141,0.173828,0.820496,-0.415771,-0.334290,0.205322
3.692570447921753,0.879150,0.464844,0.164062,0.468750,-0.203125,-0.111328,0.248047,0.819092,-0.417419,-0.334900,0.206543
3.712648868560791,0.881104,0.609375,-0.109375,0.269531,-0.121094,-0.076172,0.255859,0.817444,-0.419556,-0.335205,0.208374
3.732841730117798,0.884888,-1.550781,-0.425781,-1.316406,-0.087891,-0.015625,0.121094,0.816040,-0.421387,-0.335083,0.210266
3.7527945041656494,0.886353,-0.578125,-0.230469,-0.933594,0.015625,0.052734,0.017578,0.815430,-0.422363,-0.334900,0.211060
3.7727701663970947,0.888184,0.074219,-0.187500,0.875000,-0.169922,0.041016,0.003906,0.815552,-0.422546,-0.334412,0.210999
3.7933006286621094,0.890991,-0.062500,-0.015625,0.433594,-0.052734,0.126953,0.044922,0.815125,-0.423828,-0.334290,0.210388
3.8131308555603027,0.891846,-0.773437,0.019531,0.402344,-0.134766,0.056641,-0.005859,0.815002,-0.424927,-0.333496,0.209839
3.8326494693756104,0.892334,-0.667969,0.027344,-0.777344,-0.037109,0.048828,-0.089844,0.814758,-0.425903,-0.333252,0.209167
3.853172779083252,0.892090,0.664062,0.105469,0.140625,-0.025391,0.052734,-0.019531,0.814941,-0.426025,-0.333252,0.208130
3.8730454444885254,0.891235,1.675781,0.343750,0.808594,-0.142578,-0.064453,0.146484,0.815002,-0.426331,-0.333069,0.207764
3.892641067504883,0.890381,-0.453125,0.207031,-2.554688,0.126953,-0.042969,0.148437,0.814087,-0.427490,-0.333069,0.208740
3.9132485389709473,0.889893,-0.851562,-0.300781,0.296875,0.128906,-0.085937,0.099609,0.814026,-0.427002,-0.332642,0.210571
3.933055877685547,0.890503,-0.460937,-0.308594,-1.660156,0.302734,0.035156,0.060547,0.814453,-0.425781,-0.332214,0.212280
3.9533679485321045,0.891235,-1.148438,-0.093750,0.914062,0.175781,0.025391,-0.031250,0.815369,-0.424011,-0.331421,0.213379
3.9728000164031982,0.892090,-0.175781,0.082031,0.882812,0.072266,0.203125,-0.003906,0.816284,-0.422791,-0.330627,0.213623
3.9931957721710205,0.894043,1.066406,0.234375,1.058594,-0.044922,0.191406,0.066406,0.817261,-0.422485,-0.328796,0.213196
4.013333797454834,0.894775,0.214844,0.281250,0.246094,-0.042969,0.111328,0.083984,0.817688,-0.423218,-0.327087,0.212769
4.033075332641602,0.895020,0.277344,0.066406,0.285156,-0.025391,0.019531,0.126953,0.817688,-0.424072,-0.325867,0.212891
4.053309440612793,0.894287,0.109375,0.105469,-0.750000,0.083984,-0.062500,0.146484,0.817444,-0.424622,-0.325195,0.213806
4.073630332946777,0.894043,0.046875,0.335938,-0.550781,0.269531,-0.160156,0.189453,0.817444,-0.424011,-0.324829,0.215637
4.09291672706604,0.894043,1.250000,0.925781,-1.058594,0.335938,-0.367188,0.263672,0.817810,-0.421753,-0.324585,0.218994
4.11368727684021,0.892944,-1.437500,-0.507812,1.570313,0.246094,-0.246094,0.037109,0.817566,-0.418945,-0.325745,0.223450
4.133570194244385,0.890381,-2.082031,-0.714844,0.671875,0.027344,-0.041016,-0.232422,0.817505,-0.416687,-0.327393,0.225464
4.153198719024658,0.886841,-5.476562,-0.679687,0.804687,-0.173828,-0.402344,-0.861328,0.818054,-0.415039,-0.329163,0.223999
4.173727989196777,0.876099,-0.691406,-0.664062,2.582031,-0.363281,-0.072266,-0.716797,0.817810,-0.413330,-0.335693,0.218262
4.193705797195435,0.874146,2.621094,-0.968750,-3.500000,0.070312,0.125000,-0.451172,0.817810,-0.413086,-0.340210,0.211609
4.213346004486084,0.873535,-0.144531,0.054687,-2.273438,0.332031,0.263672,-0.359375,0.819519,-0.411194,-0.340820,0.207581
4.233908176422119,0.874878,1.718750,0.773437,0.054687,0.318359,0.308594,-0.146484,0.822388,-0.408081,-0.339478,0.204712
4.253637075424194,0.876343,2.355469,1.441406,1.613281,-0.003906,0.224609,0.201172,0.824951,-0.405640,-0.336975,0.203308
4.273427248001099,0.879272,3.886719,1.976563,2.417969,-0.115234,0.097656,0.474609,0.825378,-0.406677,-0.334290,0.204102
4.293292760848999,0.880859,1.644531,0.429687,1.218750,-0.267578,0.109375,0.642578,0.824219,-0.409546,-0.331665,0.207153
4.313853025436401,0.882080,-2.941406,-1.781250,-1.218750,-0.126953,0.117188,0.304688,0.822449,-0.413513,-0.328857,0.210815
4.333898544311523,0.883423,-2.054688,-0.378906,-1.097656,-0.085937,0.111328,0.146484,0.821533,-0.415894,-0.326904,0.212708
4.353641510009766,0.885254,-0.253906,-0.085937,0.289063,-0.156250,0.234375,0.208984,0.821228,-0.417419,-0.325500,0.213196
4.373868227005005,0.889771,-0.582031,0.097656,-0.117188,-0.166016,0.208984,0.185547,0.820862,-0.419800,-0.323181,0.213379
4.3941497802734375,0.890869,-0.734375,-0.156250,-0.492187,-0.091797,0.166016,0.109375,0.820435,-0.422180,-0.321045,0.213501
4.413727521896362,0.891113,-0.480469,0.050781,-0.414062,0.000000,0.113281,0.146484,0.820312,-0.423523,-0.319580,0.213440
4.434305191040039,0.891113,1.039063,0.082031,-1.082031,0.126953,-0.048828,0.146484,0.820374,-0.424072,-0.318176,0.214233
4.4539573192596436,0.890137,0.265625,0.312500,-0.605469,0.244141,-0.074219,0.158203,0.820496,-0.423462,-0.317383,0.216003
4.473651647567749,0.887695,-0.386719,0.304688,0.406250,0.148437,-0.183594,0.041016,0.820862,-0.421997,-0.316895,0.218262
4.494004011154175,0.883423,-1.253906,-0.425781,1.531250,-0.187500,-0.275391,-0.150391,0.820740,-0.420776,-0.317932,0.219604
4.514367580413818,0.883667,-1.937500,-0.269531,0.484375,-0.275391,-0.300781,-0.312500,0.819519,-0.421021,-0.321106,0.218994
4.533668756484985,0.884888,2.539063,-0.109375,-1.453125,-0.169922,-0.013672,-0.064453,0.818054,-0.421875,-0.325134,0.216919
4.55436110496521,0.888306,-0.382813,0.167969,-0.589844,-0.021484,0.082031,-0.035156,0.817261,-0.423218,-0.326355,0.215515
4.574457168579102,0.890137,0.707031,-0.015625,-0.832031,0.009766,0.195312,0.066406,0.817383,-0.423706,-0.325928,0.214783
4.594024419784546,0.891357,0.699219,-0.253906,-0.398438,0.107422,0.156250,0.056641,0.818054,-0.424011,-0.323975,0.214661
4.613927364349365,0.892822,1.503906,0.058594,0.500000,0.072266,0.173828,0.244141,0.818848,-0.423889,-0.321960,0.214905
4.634389638900757,0.893677,-0.707031,0.183594,-0.261719,0.099609,0.187500,0.171875,0.819214,-0.424316,-0.319519,0.216187
4.654087543487549,0.893799,0.371094,-0.078125,0.644531,-0.011719,0.234375,0.189453,0.819824,-0.424622,-0.316895,0.217224
4.67402195930481,0.894165,-1.265625,0.050781,-0.031250,-0.001953,0.199219,0.115234,0.820190,-0.425720,-0.314087,0.217773
4.694417238235474,0.894531,0.027344,0.050781,-0.078125,-0.001953,0.193359,0.058594,0.820557,-0.426514,-0.311890,0.217896
4.714386940002441,0.894409,0.320313,0.175781,0.488281,-0.048828,0.121094,0.070312,0.820984,-0.427124,-0.310120,0.217590
4.7343902587890625,0.893921,-0.199219,0.058594,0.066406,-0.029297,-0.001953,0.041016,0.821045,-0.427917,-0.308899,0.217468
4.754591703414917,0.891846,1.140625,0.144531,-0.460937,0.029297,-0.095703,0.101563,0.820862,-0.428284,-0.308838,0.217773
4.774575233459473,0.891602,0.828125,0.257813,-1.167969,0.265625,-0.048828,0.246094,0.820557,-0.428101,-0.308899,0.219177
4.794270277023315,0.891602,-1.832031,-0.230469,1.421875,0.142578,-0.025391,0.087891,0.820557,-0.427307,-0.308044,0.221680
4.814452648162842,0.892212,-0.835937,-0.324219,-1.281250,0.083984,-0.035156,-0.099609,0.820740,-0.426636,-0.307617,0.222900
4.834639072418213,0.892578,0.660156,-0.148437,-0.738281,0.203125,0.224609,-0.025391,0.821411,-0.425476,-0.307556,0.222778
4.854274272918701,0.893188,0.750000,0.000000,1.691406,-0.033203,0.263672,0.013672,0.822815,-0.424377,-0.305786,0.222168
4.874366521835327,0.893677,0.316406,0.121094,1.000000,-0.113281,0.259766,-0.003906,0.823486,-0.425171,-0.303711,0.221069
4.894726276397705,0.894897,0.109375,0.242187,-0.339844,-0.119141,0.183594,0.027344,0.823792,-0.426575,-0.301880,0.219727
4.914736032485962,0.895020,0.507812,0.222656,0.703125,-0.089844,-0.009766,0.101563,0.823853,-0.427734,-0.300598,0.218994
4.935368061065674,0.894531,0.636719,0.343750,-1.128906,0.103516,-0.054687,0.208984,0.823303,-0.428650,-0.300415,0.219604
4.9551026821136475,0.893799,0.441406,-0.085937,-1.320313,0.312500,-0.039063,0.255859,0.823059,-0.428284,-0.299866,0.221863
4.9750401973724365,0.893066,-0.718750,-0.339844,-1.406250,0.277344,-0.048828,0.070312,0.823792,-0.426208,-0.298523,0.225037
4.994460582733154,0.892090,-2.871094,-1.097656,-0.050781,0.351563,0.011719,-0.156250,0.824890,-0.423584,-0.297852,0.226929
5.0148093700408936,0.888306,-2.960938,-1.765625,0.199219,0.322266,0.011719,-0.583984,0.826721,-0.420105,-0.297729,0.226624
5.034975290298462,0.884155,-4.484375,-1.843750,-0.269531,0.283203,-0.119141,-0.984375,0.829529,-0.415588,-0.299500,0.222595
5.054759740829468,0.877686,-0.855469,1.304688,1.531250,-0.019531,-0.328125,-0.820312,0.832214,-0.410339,-0.303894,0.216064
5.0751824378967285,0.863525,1.496094,1.148438,0.914062,-0.150391,-0.230469,-0.566406,0.833008,-0.407288,-0.309753,0.210449
5.095066070556641,0.856934,2.089844,1.871094,1.742188,-0.296875,-0.263672,-0.289063,0.832642,-0.406433,-0.314575,0.206238
5.114652156829834,0.851440,2.574219,0.375000,-0.359375,-0.076172,-0.207031,-0.195312,0.831421,-0.407166,-0.318420,0.203918
5.1354820728302,0.833984,1.789063,0.675781,-0.058594,-0.072266,-0.275391,-0.152344,0.830750,-0.406921,-0.321289,0.202820
5.155308246612549,0.824463,2.171875,0.183594,0.019531,-0.177734,-0.267578,0.009766,0.829834,-0.406555,-0.324280,0.202454
5.174936294555664,0.822510,0.902344,-0.250000,-0.929687,-0.212891,-0.238281,0.171875,0.828186,-0.407410,-0.326904,0.203064
5.1950764656066895,0.824829,-1.160156,-0.957031,-1.574219,-0.080078,-0.158203,0.039063,0.826294,-0.409119,-0.328613,0.204590
5.215512037277222,0.833130,-2.484375,-1.222656,-1.410156,0.027344,-0.115234,-0.083984,0.825317,-0.409607,-0.329956,0.205261
5.235084295272827,0.834229,1.414063,0.960937,1.285156,-0.107422,-0.115234,0.076172,0.825134,-0.409058,-0.331238,0.205261
5.255232572555542,0.835449,2.546875,1.257813,1.675781,-0.337891,-0.160156,0.349609,0.824036,-0.410095,-0.332092,0.206055
5.275296211242676,0.848267,-0.140625,-1.414063,0.285156,-0.279297,-0.013672,0.257813,0.821655,-0.413452,-0.332642,0.208130
5.295640230178833,0.855103,-1.910156,-0.347656,-1.652344,-0.095703,0.060547,0.044922,0.819946,-0.416382,-0.332336,0.209412
5.315098524093628,0.861450,-0.093750,-0.265625,-0.496094,-0.046875,0.236328,-0.017578,0.819580,-0.417603,-0.331787,0.209229
5.335403203964233,0.868164,0.664062,-0.074219,-0.015625,-0.015625,0.335938,0.066406,0.820190,-0.418396,-0.330078,0.208008
5.355461120605469,0.870361,0.273438,0.089844,0.542969,-0.041016,0.052734,0.085937,0.820984,-0.419434,-0.327271,0.207153
5.37522029876709,0.870850,0.128906,0.296875,0.835937,-0.070312,-0.203125,0.199219,0.820801,-0.420166,-0.326477,0.207581
5.395648002624512,0.869141,-0.468750,0.496094,-1.140625,0.113281,-0.263672,0.154297,0.819580,-0.420776,-0.327393,0.209717
5.415660619735718,0.866455,0.261719,-0.078125,0.574219,-0.007813,-0.250000,0.085937,0.818848,-0.419861,-0.328674,0.212585
5.435558795928955,0.863281,-1.871094,-0.378906,-0.281250,0.005859,-0.121094,-0.119141,0.818054,-0.419250,-0.330383,0.214233
5.455577611923218,0.856689,-1.488281,-0.472656,-1.039063,-0.117188,0.046875,-0.316406,0.817749,-0.418823,-0.331909,0.213623
5.475811004638672,0.857788,0.808594,-0.058594,-0.718750,-0.113281,0.234375,-0.265625,0.818115,-0.418884,-0.333008,0.210632
5.495213985443115,0.861572,1.375000,0.242187,-0.042969,-0.015625,0.267578,-0.078125,0.818970,-0.419189,-0.332642,0.207275
5.515643835067749,0.866455,0.281250,-0.035156,-0.105469,0.103516,0.316406,-0.052734,0.820068,-0.419373,-0.330811,0.205383
5.535719633102417,0.873901,-0.308594,0.074219,-0.679687,0.146484,0.291016,0.097656,0.821594,-0.419067,-0.328308,0.203979
5.555705547332764,0.875610,1.234375,0.539062,1.433594,0.083984,0.050781,0.324219,0.822754,-0.418823,-0.325500,0.204102
5.575578212738037,0.875977,0.300781,0.363281,0.269531,0.154297,-0.105469,0.386719,0.822693,-0.419250,-0.323486,0.206726
5.595862627029419,0.875000,-1.386719,-0.210937,-0.445312,0.283203,0.033203,0.148437,0.822205,-0.419189,-0.322388,0.210510
5.615877151489258,0.872559,-2.957031,-0.710937,-2.414063,0.275391,0.087891,-0.240234,0.823181,-0.417358,-0.321045,0.212402
5.635759592056274,0.868530,-2.867188,-2.097656,-0.890625,0.316406,0.031250,-0.642578,0.825195,-0.414307,-0.320740,0.210999
5.65595269203186,0.863525,0.535156,0.859375,-0.570312,0.351563,0.083984,-0.464844,0.827759,-0.410034,-0.322266,0.206909
5.676056861877441,0.862427,1.980469,1.109375,0.453125,0.208984,0.017578,-0.173828,0.830322,-0.405823,-0.322998,0.203735
5.695516347885132,0.861816,2.328125,1.257813,1.082031,0.042969,0.033203,0.154297,0.831604,-0.403625,-0.322937,0.203003
5.71599268913269,0.861694,1.214844,0.859375,1.015625,-0.132812,0.029297,0.312500,0.831604,-0.403809,-0.322083,0.204102
5.7359678745269775,0.862793,0.351563,0.132812,0.500000,-0.132812,-0.070312,0.316406,0.830566,-0.405823,-0.320923,0.206177
5.755738973617554,0.865112,-0.105469,0.125000,0.226562,-0.179687,-0.160156,0.347656,0.829102,-0.407898,-0.320435,0.208740
5.776048421859741,0.867310,-0.910156,-1.054688,-0.371094,-0.263672,-0.148437,0.275391,0.827087,-0.410217,-0.320740,0.211609
5.796224594116211,0.872437,-1.500000,-0.562500,-0.753906,-0.195312,-0.042969,0.068359,0.825012,-0.412903,-0.321350,0.213562
5.816295385360718,0.874756,-1.003906,-0.394531,-0.414062,-0.173828,-0.041016,-0.035156,0.823914,-0.414612,-0.321838,0.213806
5.835922956466675,0.876831,-0.007813,-0.148437,-0.277344,-0.083984,0.134766,0.037109,0.823181,-0.415894,-0.322510,0.213196
5.8561272621154785,0.880615,-0.398438,-0.179687,0.265625,-0.152344,0.287109,0.046875,0.823059,-0.417175,-0.321533,0.212524
5.87615180015564,0.881470,-0.058594,0.074219,0.734375,-0.205078,0.234375,0.056641,0.823120,-0.419373,-0.319336,0.211304
5.895873308181763,0.882080,0.617187,0.855469,-0.054687,-0.076172,-0.050781,0.146484,0.822937,-0.421448,-0.317749,0.210327
5.916193246841431,0.882446,1.878906,0.378906,0.566406,0.070312,0.021484,0.341797,0.822205,-0.422546,-0.317383,0.211426
5.936390399932861,0.882202,-1.796875,-0.308594,-0.300781,0.199219,-0.054687,0.166016,0.821899,-0.422913,-0.315857,0.214111
5.956263780593872,0.882202,-2.093750,-0.507812,-0.468750,0.107422,-0.044922,-0.080078,0.822144,-0.421936,-0.315186,0.216125
5.976062774658203,0.883301,-0.195312,-0.179687,-0.261719,0.097656,0.076172,-0.083984,0.822571,-0.420776,-0.315552,0.216125
5.996375560760498,0.884277,0.617187,-0.179687,0.250000,0.046875,0.218750,-0.023437,0.823425,-0.419922,-0.315063,0.215454
6.016286849975586,0.885376,1.367188,0.386719,0.734375,-0.009766,0.171875,0.126953,0.824219,-0.419922,-0.313354,0.214661
6.03664231300354,0.886719,0.402344,0.328125,0.351563,-0.013672,0.019531,0.171875,0.824463,-0.420593,-0.311768,0.214844
6.0565185546875,0.886597,1.515625,0.257813,-0.269531,0.085937,0.017578,0.304688,0.824158,-0.421204,-0.310791,0.216309
6.076434373855591,0.886353,-0.468750,0.113281,-0.523437,0.134766,0.023437,0.265625,0.823914,-0.421387,-0.309265,0.218872
6.09662938117981,0.886108,-2.320313,-0.617187,-1.574219,0.171875,0.072266,-0.064453,0.823975,-0.421143,-0.308044,0.221069
6.116708040237427,0.883423,-1.105469,-0.570312,-0.125000,0.167969,0.164062,-0.208984,0.824951,-0.419861,-0.307129,0.220886
6.136661052703857,0.881348,-0.714844,-0.601562,0.027344,0.281250,0.152344,-0.285156,0.826660,-0.418152,-0.306213,0.219055
6.156927824020386,0.880127,1.386719,0.468750,-0.449219,0.199219,0.140625,0.019531,0.828735,-0.415649,-0.305420,0.217163
6.176645994186401,0.880981,1.839844,1.160156,1.144531,-0.039063,0.044922,0.230469,0.829956,-0.414307,-0.303894,0.217163
6.196752548217773,0.882812,2.093750,1.128906,2.636719,-0.380859,-0.017578,0.462891,0.829285,-0.415649,-0.302673,0.218811
6.216459274291992,0.884888,-1.140625,-1.425781,-0.886719,-0.222656,0.087891,0.320313,0.827148,-0.419495,-0.301453,0.221375
6.237180948257446,0.889038,-0.531250,-0.132812,-0.371094,-0.087891,0.152344,0.269531,0.825745,-0.422485,-0.299744,0.223145
6.256774663925171,0.889648,-0.539062,-0.460937,-1.175781,0.031250,0.119141,0.107422,0.825195,-0.424255,-0.297791,0.224365
6.27670693397522,0.890625,-0.078125,-0.378906,0.042969,-0.054687,0.173828,0.087891,0.825378,-0.424744,-0.296265,0.224854
6.297159671783447,0.891846,-1.488281,-0.015625,0.898437,-0.171875,0.033203,-0.074219,0.825378,-0.425842,-0.294861,0.224609
6.317103862762451,0.892456,0.148437,0.183594,-0.539062,-0.068359,-0.001953,-0.085937,0.825012,-0.427063,-0.295044,0.223450
6.336676836013794,0.892578,1.062500,0.257813,0.242187,-0.046875,-0.050781,0.007813,0.824829,-0.427490,-0.295471,0.222656
6.356871843338013,0.891357,-0.562500,0.074219,0.332031,-0.082031,-0.128906,-0.068359,0.824463,-0.427734,-0.296082,0.222656
6.377485275268555,0.886719,-0.664062,0.257813,-0.539062,0.039063,-0.113281,-0.062500,0.823975,-0.427795,-0.297546,0.222473
6.397410154342651,0.885132,0.769531,0.175781,-0.164062,0.126953,-0.107422,-0.031250,0.823853,-0.427124,-0.298767,0.222534
6.4167640209198,0.884277,1.046875,0.121094,-0.035156,0.189453,-0.050781,0.115234,0.824219,-0.425842,-0.299255,0.223206
6.437138557434082,0.884766,-0.281250,-0.148437,0.292969,0.160156,0.000000,0.142578,0.824524,-0.424622,-0.298889,0.224731
6.45736026763916,0.886230,0.671875,-0.078125,-0.074219,0.119141,-0.005859,0.181641,0.824707,-0.423950,-0.298035,0.226440
6.477163314819336,0.888306,-1.214844,-0.269531,0.332031,0.154297,0.105469,0.146484,0.824768,-0.423523,-0.297119,0.228210
6.49721360206604,0.891357,-1.167969,-0.238281,0.636719,0.072266,0.259766,0.093750,0.825317,-0.423096,-0.295227,0.229431
6.517094135284424,0.892090,0.949219,0.000000,-0.226562,0.054687,0.361328,0.140625,0.826233,-0.423401,-0.292114,0.229614
6.536911487579346,0.893188,-0.230469,0.042969,1.554688,-0.126953,0.207031,0.164062,0.827026,-0.424377,-0.288635,0.229370
6.557366371154785,0.893799,-0.066406,0.289063,0.531250,-0.048828,0.164062,0.150391,0.826843,-0.426086,-0.286499,0.229431
6.5773539543151855,0.893433,-0.382813,0.031250,-0.390625,0.021484,0.080078,0.091797,0.826721,-0.427307,-0.284729,0.229858
6.597089529037476,0.892578,-1.445313,-0.246094,-1.093750,0.162109,0.023437,-0.097656,0.826904,-0.427551,-0.283569,0.230225
6.617505788803101,0.885620,-1.054688,-0.308594,-0.246094,0.216797,-0.078125,-0.179687,0.827759,-0.426147,-0.283508,0.229797
6.637706518173218,0.880371,0.335938,-0.269531,-0.875000,0.353516,-0.142578,-0.164062,0.829041,-0.423462,-0.284241,0.229370
6.657131671905518,0.875488,1.218750,1.269531,0.234375,0.250000,-0.203125,-0.046875,0.830383,-0.419861,-0.285278,0.229675
6.677160739898682,0.872681,1.078125,0.953125,1.644531,-0.085937,-0.218750,0.058594,0.830872,-0.417419,-0.286621,0.230774
6.697590351104736,0.872559,1.003906,1.292969,2.121094,-0.351563,-0.228516,0.238281,0.829712,-0.417786,-0.288391,0.232056
6.717873811721802,0.875366,-1.164063,-0.253906,-1.164063,-0.181641,-0.025391,0.154297,0.827393,-0.420349,-0.289978,0.233704
6.737329959869385,0.878418,-3.218750,-0.628906,-1.539063,0.025391,0.041016,-0.121094,0.826294,-0.421997,-0.289978,0.234680
6.757695198059082,0.881592,-1.210938,-0.792969,-0.398438,-0.050781,0.113281,-0.265625,0.826721,-0.421631,-0.289978,0.233765
6.77787709236145,0.881592,-0.484375,-0.386719,0.023437,0.062500,0.160156,-0.304688,0.827576,-0.421326,-0.290161,0.231018
6.797290325164795,0.881470,1.828125,0.050781,-0.343750,0.191406,0.113281,-0.101563,0.828796,-0.420593,-0.290100,0.228149
6.817665100097656,0.881470,0.351563,-0.632812,-1.058594,0.464844,0.216797,-0.003906,0.830261,-0.418884,-0.288940,0.227295
6.838200569152832,0.880981,-0.132812,0.625000,0.234375,0.357422,0.144531,0.044922,0.832703,-0.415649,-0.286316,0.227661
6.857678174972534,0.880859,2.406250,1.496094,1.687500,0.029297,0.126953,0.337891,0.834412,-0.413269,-0.283997,0.228577
6.877875566482544,0.881470,1.042969,0.617187,1.703125,-0.308594,0.074219,0.576172,0.834106,-0.414307,-0.281433,0.231018
6.897751808166504,0.882446,-2.710938,-1.933594,-1.015625,-0.212891,0.099609,0.267578,0.832092,-0.418152,-0.279114,0.234375
6.917708158493042,0.883179,-2.609375,-0.269531,-1.839844,-0.037109,0.050781,0.011719,0.830811,-0.420776,-0.277771,0.235779
6.93809175491333,0.885498,-0.417969,-0.347656,-0.730469,-0.017578,0.140625,0.052734,0.830627,-0.421387,-0.277283,0.235718
6.957940578460693,0.886475,-0.347656,0.050781,0.195312,-0.105469,0.191406,0.076172,0.830750,-0.422180,-0.276062,0.235413
6.977494478225708,0.887573,0.179687,0.210937,0.886719,-0.119141,0.117188,0.093750,0.830627,-0.423584,-0.274536,0.235046
6.997715950012207,0.887939,-0.253906,-0.078125,-0.398438,-0.031250,0.113281,0.078125,0.830383,-0.424866,-0.273376,0.234985
7.018120527267456,0.886841,0.027344,-0.308594,-1.183594,0.101563,0.044922,-0.062500,0.830383,-0.425659,-0.272095,0.235046
7.038125038146973,0.884644,0.187500,0.050781,0.144531,0.152344,-0.095703,-0.191406,0.830994,-0.424866,-0.271790,0.234619
7.057884454727173,0.881958,1.542969,0.179687,-0.117188,0.240234,-0.048828,-0.044922,0.831848,-0.422913,-0.272827,0.233948
7.0782084465026855,0.881104,0.113281,0.113281,0.195312,0.179687,-0.037109,-0.064453,0.832825,-0.420715,-0.273010,0.234314
7.097970962524414,0.880371,-0.210937,0.171875,0.554687,0.111328,-0.072266,-0.123047,0.833618,-0.418945,-0.273132,0.234436
7.117715358734131,0.878784,0.250000,0.539062,0.355469,0.087891,-0.183594,-0.169922,0.834167,-0.417480,-0.274048,0.234070
7.138265371322632,0.876587,1.894531,1.605469,1.437500,-0.074219,-0.292969,0.068359,0.834351,-0.416016,-0.276062,0.233765
7.1583099365234375,0.877075,4.292969,1.062500,2.441406,-0.224609,-0.257813,0.478516,0.832947,-0.416321,-0.278198,0.235474
7.178117990493774,0.879639,-0.906250,-1.273438,-0.394531,-0.160156,-0.078125,0.244141,0.830322,-0.418762,-0.278992,0.239441
7.198403596878052,0.884155,-2.929688,-0.683594,-1.757813,-0.001953,0.042969,-0.117188,0.828918,-0.420471,-0.279114,0.241272
7.218658447265625,0.884888,-1.390625,-0.921875,-0.222656,-0.095703,0.117188,-0.322266,0.829163,-0.420532,-0.279175,0.240173
7.238011598587036,0.884766,-1.292969,-0.285156,0.367188,0.027344,0.078125,-0.394531,0.829834,-0.420776,-0.279785,0.236816
7.25872278213501,0.883301,0.582031,-0.042969,-1.007813,0.304688,0.230469,-0.212891,0.830933,-0.419983,-0.280640,0.233276
7.278597354888916,0.882935,0.667969,0.699219,0.117188,0.537109,0.232422,-0.070312,0.833435,-0.417175,-0.278931,0.231445
7.298588991165161,0.882690,1.679688,1.503906,1.773438,0.224609,0.115234,0.115234,0.836365,-0.413208,-0.276062,0.231384
7.318467378616333,0.882812,2.578125,1.863281,2.757813,-0.189453,0.033203,0.419922,0.837280,-0.411987,-0.274170,0.232544
7.338736534118652,0.885254,2.746094,1.613281,1.812500,-0.324219,0.074219,0.648437,0.835693,-0.414673,-0.272461,0.235413
7.358477354049683,0.887085,-3.058594,-1.289063,-1.039063,-0.121094,0.105469,0.369141,0.833313,-0.418823,-0.269958,0.239380
7.378481388092041,0.888306,-1.968750,-0.468750,-1.335938,-0.027344,0.099609,0.119141,0.832153,-0.421082,-0.267761,0.241943
7.398719310760498,0.889160,-1.226563,-0.468750,-1.468750,0.066406,0.181641,0.023437,0.832031,-0.421814,-0.266357,0.242554
7.418741703033447,0.889526,0.941406,-0.164062,0.714844,-0.105469,0.148437,0.037109,0.832581,-0.421997,-0.264771,0.242126
7.438245534896851,0.890259,-0.265625,0.304688,-0.320313,0.009766,0.140625,-0.031250,0.832581,-0.423096,-0.263550,0.241516
7.458785057067871,0.891968,0.324219,0.113281,0.753906,-0.029297,0.095703,0.007813,0.832947,-0.423523,-0.262451,0.240784
7.4787890911102295,0.891846,-0.597656,-0.039063,-0.710937,0.052734,0.017578,-0.039063,0.833069,-0.423889,-0.261719,0.240356
7.4986631870269775,0.891235,-0.105469,0.105469,0.363281,-0.001953,-0.138672,0.044922,0.833313,-0.423523,-0.261658,0.240173
7.520569801330566,0.889526,1.089844,0.074219,-0.625000,0.068359,-0.097656,0.195312,0.832886,-0.423340,-0.262451,0.241150
7.539143800735474,0.889160,-0.105469,-0.117188,-0.640625,0.068359,-0.064453,0.142578,0.832520,-0.423035,-0.262268,0.243286
7.558664321899414,0.889282,-2.917969,-0.316406,-0.035156,0.105469,-0.052734,-0.091797,0.832397,-0.422546,-0.262146,0.244751
7.578995943069458,0.889648,0.371094,-0.093750,-0.664062,0.019531,0.042969,-0.035156,0.832764,-0.421509,-0.262756,0.244507
7.599008321762085,0.891479,0.261719,-0.132812,0.609375,-0.099609,0.208984,0.019531,0.833069,-0.421387,-0.262329,0.244080
7.619060039520264,0.891968,0.285156,0.449219,-0.359375,-0.015625,0.183594,0.023437,0.833252,-0.422424,-0.260864,0.243225
7.63875150680542,0.892578,1.152344,0.343750,0.714844,-0.068359,0.070312,0.119141,0.833557,-0.423157,-0.259277,0.242676
7.659280061721802,0.892212,-0.128906,0.167969,0.921875,-0.087891,-0.109375,0.107422,0.833191,-0.424194,-0.258423,0.243164
7.679027080535889,0.891479,1.773438,0.386719,-1.843750,0.197266,-0.070312,0.273438,0.832397,-0.424744,-0.258789,0.244385
7.699999570846558,0.891479,0.464844,0.609375,-0.082031,0.343750,-0.300781,0.275391,0.832336,-0.423584,-0.257996,0.247437
7.719146966934204,0.890869,0.531250,0.121094,0.261719,0.419922,-0.498047,0.267578,0.832214,-0.420898,-0.258423,0.251953
7.73901891708374,0.888306,-3.136719,-1.097656,1.601563,0.273438,-0.478516,-0.019531,0.831970,-0.416931,-0.260498,0.257141
7.758885622024536,0.885132,-6.917969,-1.136719,-2.859375,0.322266,-0.556641,-0.759766,0.831970,-0.413330,-0.263977,0.259399
7.779310464859009,0.871826,-8.601563,-2.136719,1.433594,-0.109375,-0.763672,-1.767578,0.833496,-0.407837,-0.271118,0.255920
7.799259424209595,0.859375,-4.269531,-4.910156,-3.156250,0.578125,-0.445312,-2.281250,0.836060,-0.400879,-0.283813,0.244446
7.819098949432373,0.847412,0.648437,2.378906,4.480469,-0.025391,-0.544922,-2.234375,0.841675,-0.389648,-0.295593,0.228760
7.840383291244507,0.823608,3.773438,2.964844,3.226563,-0.500000,-0.583984,-1.626953,0.844971,-0.381714,-0.308777,0.212097
7.859321117401123,0.814575,6.980469,3.515625,2.117188,-0.595703,-0.083984,-0.468750,0.844666,-0.379761,-0.320313,0.199341
7.879508018493652,0.809204,5.746094,1.984375,0.503906,-0.441406,0.138672,0.154297,0.843140,-0.382751,-0.324280,0.193604
7.898946523666382,0.800293,-1.644531,0.546875,1.589844,-0.451172,0.095703,0.056641,0.841614,-0.387146,-0.323669,0.192566
7.919489145278931,0.768799,-0.296875,-0.304688,-0.316406,-0.242187,0.068359,-0.074219,0.840149,-0.391113,-0.323425,0.191406
7.939656734466553,0.751343,-1.785156,-0.562500,-0.121094,-0.240234,-0.052734,-0.361328,0.839478,-0.393066,-0.323792,0.189575
7.959673643112183,0.734497,-0.328125,-0.273438,-0.429687,-0.203125,-0.208984,-0.373047,0.838989,-0.393738,-0.326111,0.186218
7.979655504226685,0.742554,3.332031,-0.128906,-0.273438,-0.152344,-0.212891,-0.130859,0.838257,-0.393860,-0.329468,0.183411
7.999773025512695,0.748291,2.957031,0.546875,0.054687,-0.443359,-0.142578,0.017578,0.837097,-0.394592,-0.332153,0.182495
8.019421339035034,0.750854,3.507813,0.535156,-1.550781,-0.505859,-0.023437,0.218750,0.834961,-0.397888,-0.333923,0.181763
8.039594888687134,0.746216,0.765625,0.273438,-1.980469,-0.324219,-0.140625,0.031250,0.832520,-0.402588,-0.334229,0.181946
8.060025453567505,0.739990,-3.605469,-2.003906,-2.199219,0.001953,-0.345703,-0.601562,0.830750,-0.404846,-0.336121,0.181458
8.079508304595947,0.731689,0.417969,0.089844,-0.039063,0.019531,-0.193359,-0.509766,0.830627,-0.402588,-0.340942,0.178162
8.099796295166016,0.729858,2.812500,2.027344,1.675781,-0.177734,-0.109375,-0.027344,0.830811,-0.400513,-0.344543,0.174988
8.119659900665283,0.734985,3.210938,1.765625,1.847656,-0.355469,-0.154297,0.347656,0.829712,-0.401672,-0.346008,0.174561
8.13959789276123,0.744385,-1.531250,-1.011719,-1.277344,-0.187500,-0.066406,0.292969,0.827393,-0.405212,-0.346436,0.176697
8.159619569778442,0.753174,-2.425781,-1.343750,-2.265625,0.091797,0.130859,0.023437,0.825928,-0.407593,-0.346130,0.178650
8.180095434188843,0.760498,-1.500000,-0.859375,-1.269531,0.128906,0.128906,-0.109375,0.826599,-0.407288,-0.344910,0.178711
8.199790954589844,0.765991,0.410156,0.312500,0.324219,0.021484,0.005859,0.005859,0.827698,-0.406128,-0.343994,0.177856
8.219506740570068,0.772705,1.136719,0.394531,0.742187,-0.003906,-0.062500,0.097656,0.827881,-0.405884,-0.343872,0.177917
8.240163803100586,0.779541,1.207031,0.488281,0.414062,-0.052734,-0.009766,0.261719,0.827454,-0.406250,-0.343872,0.179016
8.260130882263184,0.783325,-0.441406,-0.253906,-0.855469,0.013672,0.093750,0.220703,0.826843,-0.407410,-0.342957,0.180908
8.279857397079468,0.788086,-0.132812,0.000000,0.613281,-0.166016,0.035156,0.271484,0.826599,-0.408447,-0.341431,0.182434
8.29991888999939,0.796021,1.652344,1.164063,2.222656,-0.427734,-0.033203,0.447266,0.825562,-0.410889,-0.340271,0.184021
8.320147037506104,0.801636,-0.128906,-1.246094,0.777344,-0.416016,-0.142578,0.304688,0.822937,-0.415588,-0.339539,0.186340
8.339910984039307,0.806396,-1.265625,-0.011719,-0.531250,-0.328125,-0.271484,0.154297,0.820007,-0.419983,-0.340210,0.188232
8.360231876373291,0.809937,-1.531250,-0.394531,-0.156250,-0.220703,-0.287109,0.072266,0.817444,-0.422791,-0.342285,0.189453
8.380064964294434,0.809570,-0.382813,0.027344,-0.406250,-0.164062,-0.339844,-0.087891,0.815308,-0.424316,-0.344971,0.190308
8.400859117507935,0.807739,1.507813,-0.187500,-0.351563,-0.162109,-0.109375,0.031250,0.813599,-0.424866,-0.348145,0.190552
8.420237064361572,0.809204,-0.996094,-0.171875,0.652344,-0.275391,-0.238281,-0.052734,0.812317,-0.426086,-0.349670,0.190613
8.440499305725098,0.812622,-0.523437,-0.355469,-0.488281,-0.177734,-0.152344,-0.128906,0.810669,-0.427429,-0.351929,0.190369
8.462331771850586,0.816528,1.078125,-0.078125,-0.550781,-0.039063,0.095703,-0.039063,0.809814,-0.428101,-0.353577,0.189575
8.480071544647217,0.819702,1.171875,-0.187500,0.601562,-0.117188,0.265625,0.080078,0.809875,-0.428711,-0.353149,0.188660
8.50035572052002,0.831299,0.050781,0.355469,-0.824219,-0.003906,0.164062,0.062500,0.810242,-0.430115,-0.351074,0.187866
8.520596027374268,0.835449,-0.429687,0.058594,0.625000,0.015625,0.089844,0.095703,0.810608,-0.430664,-0.349548,0.187622
8.539995193481445,0.837891,-0.582031,-0.171875,-1.214844,0.205078,0.203125,0.140625,0.810974,-0.430969,-0.348022,0.188171
8.560670614242554,0.836914,-1.027344,-0.261719,-0.304688,0.269531,0.177734,-0.015625,0.812256,-0.430115,-0.345642,0.189026
8.580412864685059,0.832764,-1.339844,-0.093750,0.445312,0.263672,0.083984,-0.183594,0.813904,-0.428223,-0.344177,0.188965
8.60026741027832,0.829712,-0.652344,-0.417969,-0.132812,0.332031,-0.099609,-0.355469,0.815674,-0.425537,-0.343933,0.188049
8.620596885681152,0.828247,2.250000,1.257813,0.273438,0.287109,-0.052734,-0.089844,0.817383,-0.421570,-0.345215,0.186951
8.640604972839355,0.829102,2.601563,1.488281,1.867188,-0.041016,-0.058594,0.226562,0.818481,-0.418945,-0.345642,0.187378
8.660109281539917,0.830811,2.847656,1.335938,1.363281,-0.287109,-0.072266,0.480469,0.817749,-0.419861,-0.345154,0.189392
8.680854797363281,0.836548,-0.437500,-1.460938,-0.406250,-0.150391,-0.099609,0.142578,0.815918,-0.422852,-0.344299,0.192200
8.700729608535767,0.839478,-1.937500,-0.562500,-0.191406,-0.146484,-0.111328,-0.041016,0.814758,-0.424255,-0.344543,0.193481
8.720429420471191,0.843628,0.312500,-0.355469,0.421875,-0.294922,-0.042969,-0.046875,0.813904,-0.425110,-0.345703,0.193298
8.740870714187622,0.848511,0.535156,0.156250,-0.535156,-0.318359,-0.062500,-0.017578,0.812805,-0.426819,-0.346619,0.192322
8.760826587677002,0.851196,0.488281,0.210937,-1.753906,-0.115234,0.029297,-0.001953,0.811462,-0.429016,-0.347656,0.191345
8.780419111251831,0.853027,0.105469,0.105469,0.023437,-0.041016,-0.027344,0.000000,0.810852,-0.430176,-0.347900,0.190735
8.800682306289673,0.853882,-0.320313,-0.085937,-0.273438,0.000000,-0.068359,-0.023437,0.810608,-0.430481,-0.348267,0.190674
8.820924758911133,0.854858,0.167969,0.027344,-0.257813,0.015625,-0.056641,0.001953,0.810425,-0.430298,-0.348877,0.190796
8.840862035751343,0.854614,0.207031,0.066406,0.355469,-0.011719,-0.046875,0.044922,0.810242,-0.430115,-0.349243,0.191101
8.860599517822266,0.853882,0.367188,0.257813,-0.640625,0.107422,-0.029297,0.080078,0.809998,-0.430176,-0.349426,0.191650
8.880967378616333,0.850220,0.460937,0.328125,-0.328125,0.275391,-0.107422,0.130859,0.810242,-0.429443,-0.349121,0.192871
8.900931596755981,0.848877,0.238281,0.089844,0.953125,0.169922,-0.107422,0.105469,0.810669,-0.427734,-0.348877,0.195312
8.92060112953186,0.847412,-0.820312,-0.523437,1.265625,0.066406,-0.037109,0.091797,0.810913,-0.426392,-0.348816,0.197327
8.940989017486572,0.847900,-1.132813,-0.253906,-1.492188,0.062500,0.041016,-0.074219,0.810974,-0.425903,-0.348694,0.198303
8.960972547531128,0.850098,0.328125,-0.156250,0.375000,-0.025391,0.125000,-0.046875,0.811340,-0.425598,-0.348633,0.197754
8.981109857559204,0.853027,-0.121094,-0.378906,0.101563,-0.113281,0.291016,0.019531,0.811768,-0.425781,-0.347778,0.196777
9.001010179519653,0.856812,0.437500,0.472656,-0.558594,0.048828,0.123047,0.013672,0.812317,-0.427063,-0.345886,0.195435
9.021060943603516,0.857910,1.074219,0.289063,0.851562,-0.005859,0.009766,0.152344,0.812744,-0.427429,-0.344543,0.195129
9.041117191314697,0.858887,-0.167969,0.027344,-0.535156,0.052734,-0.064453,0.103516,0.812561,-0.427917,-0.343628,0.196228
9.061140537261963,0.858887,0.230469,-0.019531,-0.820312,0.189453,-0.037109,0.136719,0.812500,-0.427673,-0.343262,0.197754
9.081284761428833,0.858398,-2.058594,-0.449219,-0.500000,0.144531,0.041016,-0.066406,0.812866,-0.426636,-0.342651,0.199402
9.101253271102905,0.857300,-0.542969,-0.500000,0.074219,0.128906,0.128906,-0.179687,0.813782,-0.425293,-0.342224,0.199280
9.121024131774902,0.854248,-1.109375,-0.839844,0.167969,0.185547,0.091797,-0.375000,0.815186,-0.423767,-0.341736,0.197693
9.141431331634521,0.851196,-0.859375,-0.082031,-0.332031,0.156250,0.062500,-0.183594,0.816895,-0.421326,-0.342163,0.195068
9.161230564117432,0.852417,2.375000,1.214844,0.871094,0.021484,0.070312,0.199219,0.818115,-0.419617,-0.342102,0.193909
9.181116580963135,0.853882,2.125000,0.976562,0.640625,-0.111328,0.089844,0.447266,0.818115,-0.420105,-0.340637,0.195251
9.201750993728638,0.859253,-0.304688,-0.929687,0.367188,-0.083984,0.023437,0.255859,0.817078,-0.422607,-0.338501,0.197998
9.221856594085693,0.861572,-1.875000,-0.531250,-0.660156,-0.023437,0.042969,0.154297,0.816101,-0.424622,-0.337280,0.199829
9.241085290908813,0.864502,0.761719,-0.363281,0.335938,-0.099609,0.158203,0.191406,0.815674,-0.425598,-0.336426,0.200806
9.261671304702759,0.869019,-0.070312,0.160156,-0.085937,-0.033203,0.222656,0.191406,0.815491,-0.427124,-0.334656,0.201355
9.28166389465332,0.870850,0.824219,0.027344,0.433594,-0.019531,0.220703,0.208984,0.815674,-0.428650,-0.331970,0.201904
9.301726341247559,0.871704,-0.582031,-0.125000,-0.855469,0.060547,0.126953,0.017578,0.815979,-0.429932,-0.329163,0.202576
9.321792602539062,0.868530,-0.667969,-0.363281,-0.523437,0.121094,0.072266,-0.121094,0.816650,-0.429810,-0.327698,0.202393
9.341974020004272,0.865479,-0.613281,-0.230469,-0.289063,0.189453,0.000000,-0.232422,0.817627,-0.428589,-0.327393,0.201477
9.361612796783447,0.861450,-0.675781,-0.164062,-0.785156,0.337891,-0.179687,-0.371094,0.819031,-0.426025,-0.328125,0.200195
9.381818771362305,0.857788,0.800781,1.062500,0.800781,0.111328,-0.248047,-0.082031,0.820435,-0.422058,-0.330322,0.199219
9.401823043823242,0.855835,1.636719,0.761719,1.015625,-0.144531,-0.218750,0.199219,0.820251,-0.420349,-0.332520,0.199890
9.421797275543213,0.858154,-0.769531,-1.589844,-0.714844,-0.080078,-0.117188,0.083984,0.818665,-0.421509,-0.333801,0.201782
9.441665172576904,0.860229,-0.875000,-0.277344,-0.425781,-0.050781,0.000000,-0.001953,0.817566,-0.422485,-0.334534,0.202820
9.462105751037598,0.863159,-0.992187,-0.507812,-0.273438,-0.083984,0.140625,-0.058594,0.817322,-0.423035,-0.334656,0.202637
9.482055425643921,0.863647,-0.960937,-0.269531,-0.449219,-0.080078,0.130859,-0.156250,0.817444,-0.423828,-0.334106,0.201294
9.501726150512695,0.863403,-0.050781,-0.441406,-1.085938,0.125000,0.238281,-0.150391,0.817993,-0.424133,-0.333618,0.199280
9.52217698097229,0.862793,-0.058594,-0.546875,-0.562500,0.400391,0.230469,-0.218750,0.819519,-0.423096,-0.332214,0.197449
9.542213439941406,0.862305,-0.617187,-0.648437,-1.460938,0.443359,0.144531,-0.183594,0.822327,-0.419739,-0.330505,0.195984
9.561678409576416,0.862183,3.453125,1.925781,1.847656,0.199219,0.087891,0.212891,0.824890,-0.415894,-0.329102,0.195496
9.582020998001099,0.864136,2.953125,1.574219,1.640625,-0.074219,0.062500,0.570312,0.825623,-0.415161,-0.327087,0.197449
9.602378129959106,0.866577,0.789062,0.746094,1.093750,-0.156250,-0.021484,0.498047,0.824402,-0.417725,-0.324463,0.201538
9.622225999832153,0.869385,-3.500000,-2.457031,-1.464844,-0.023437,-0.044922,0.119141,0.822815,-0.420349,-0.322937,0.205017
9.641736030578613,0.870972,-0.917969,-0.449219,0.414062,-0.041016,0.042969,-0.003906,0.822327,-0.420837,-0.322693,0.206116
9.66210389137268,0.873901,0.773437,-0.019531,0.691406,-0.156250,0.164062,0.062500,0.822327,-0.421265,-0.322266,0.205933
9.682381868362427,0.875488,1.035156,0.347656,1.250000,-0.136719,0.101563,0.119141,0.822021,-0.423096,-0.321106,0.205261
9.701943635940552,0.877319,0.062500,0.410156,0.398438,-0.208984,-0.082031,0.128906,0.821350,-0.425110,-0.320129,0.205322
9.722243309020996,0.876587,-0.656250,-0.214844,-2.027344,0.046875,-0.099609,0.097656,0.820068,-0.426880,-0.320557,0.206055
9.742331504821777,0.875854,-1.261719,-0.433594,-2.757813,0.419922,0.025391,-0.025391,0.819824,-0.426636,-0.320862,0.207336
9.762076377868652,0.874756,-1.746094,-0.539062,0.835937,0.156250,0.003906,-0.248047,0.821289,-0.423767,-0.320251,0.208130
9.782397031784058,0.871704,-1.210938,-0.140625,1.863281,-0.150391,0.017578,-0.326172,0.822510,-0.421814,-0.320679,0.206726
9.802497148513794,0.872070,2.535156,1.468750,-0.062500,-0.173828,0.039063,-0.132812,0.822754,-0.421814,-0.322083,0.203674
9.821934223175049,0.873901,3.269531,0.910156,1.234375,-0.251953,0.015625,0.187500,0.822327,-0.422913,-0.322754,0.201904
9.84237289428711,0.879028,1.640625,0.265625,0.355469,-0.199219,0.171875,0.304688,0.821045,-0.425537,-0.322144,0.202454
9.862492561340332,0.880493,-0.449219,-0.355469,-0.472656,-0.156250,0.185547,0.244141,0.820007,-0.428589,-0.320129,0.203430
9.882179021835327,0.880981,-1.714844,-0.246094,0.101563,-0.089844,0.046875,0.099609,0.819458,-0.430969,-0.317993,0.204163
9.902929306030273,0.881104,-2.132813,-0.015625,0.078125,-0.060547,-0.111328,-0.083984,0.818970,-0.432129,-0.317383,0.204407
9.92278242111206,0.880981,-0.281250,-0.140625,-0.949219,0.078125,-0.039063,-0.083984,0.818604,-0.432190,-0.318604,0.204102
9.942301511764526,0.880493,-0.058594,-0.277344,-1.796875,0.437500,0.169922,-0.048828,0.819092,-0.430969,-0.318970,0.203857
9.962505578994751,0.878418,-0.593750,-0.238281,1.203125,0.292969,0.068359,-0.113281,0.821228,-0.427979,-0.317383,0.204041
9.982809066772461,0.875854,0.593750,0.066406,-0.699219,0.462891,0.134766,-0.023437,0.823059,-0.425232,-0.316528,0.203857
10.002669095993042,0.875000,1.105469,0.148437,-0.246094,0.294922,0.189453,0.093750,0.825378,-0.421875,-0.314636,0.204468
10.022840976715088,0.875244,1.574219,0.492187,1.414063,-0.042969,0.085937,0.267578,0.826904,-0.420166,-0.312134,0.205505
10.042767763137817,0.878174,-0.019531,-0.250000,0.343750,-0.072266,0.089844,0.261719,0.826660,-0.421326,-0.310303,0.207092
10.062783479690552,0.880005,-0.976562,-0.226562,-0.148437,-0.023437,0.046875,0.187500,0.826111,-0.422791,-0.308655,0.208679
10.082814455032349,0.880859,-0.605469,-0.332031,-0.195312,0.000000,0.005859,0.066406,0.825745,-0.423706,-0.307434,0.209961
10.10313630104065,0.879761,-0.179687,-0.210937,0.886719,-0.140625,0.015625,-0.023437,0.825623,-0.424011,-0.307007,0.210449
10.122915267944336,0.878540,-0.468750,0.035156,1.007813,-0.333984,-0.078125,-0.117188,0.825073,-0.425171,-0.307495,0.209717
10.142735004425049,0.877930,0.425781,0.519531,-0.781250,-0.128906,-0.119141,-0.023437,0.823730,-0.427246,-0.309204,0.208191
10.162936925888062,0.880005,1.882813,0.449219,-0.175781,-0.115234,-0.119141,0.107422,0.822632,-0.428284,-0.310608,0.208130
10.183162689208984,0.881592,-0.132812,-0.070312,-0.710937,0.021484,0.052734,0.078125,0.821777,-0.429138,-0.311157,0.209106
10.202742099761963,0.882935,-0.156250,-0.148437,0.093750,0.031250,0.099609,0.056641,0.821777,-0.429382,-0.310425,0.209595
10.223202466964722,0.882690,-0.675781,-0.148437,0.304688,0.041016,0.009766,0.005859,0.822083,-0.429443,-0.309448,0.209778
10.243232011795044,0.881348,-0.093750,-0.117188,0.023437,0.201172,0.066406,0.113281,0.822327,-0.429138,-0.309082,0.209961
10.262675523757935,0.878418,-0.164062,0.328125,0.207031,0.263672,-0.007813,0.023437,0.823059,-0.427917,-0.308044,0.211060
10.282726287841797,0.876343,1.156250,0.417969,0.359375,0.201172,-0.017578,0.136719,0.824097,-0.425903,-0.307312,0.212219
10.303094387054443,0.875000,0.335938,0.152344,0.371094,0.085937,-0.042969,0.169922,0.824585,-0.424683,-0.306519,0.213989
10.323296070098877,0.876465,0.015625,-0.003906,0.105469,0.001953,-0.025391,0.152344,0.824524,-0.424377,-0.305908,0.215759
10.342857599258423,0.878418,-0.039063,-0.140625,0.152344,-0.074219,-0.007813,0.146484,0.824036,-0.424805,-0.305481,0.217163
10.363677263259888,0.882690,-1.210938,-0.355469,0.128906,-0.126953,0.005859,0.009766,0.823425,-0.425781,-0.305176,0.218079
10.383398532867432,0.883789,-1.187500,-0.570312,0.886719,-0.318359,0.033203,-0.115234,0.822815,-0.426941,-0.305359,0.217712
10.403103590011597,0.885010,0.343750,0.031250,0.312500,-0.228516,0.111328,0.007813,0.821960,-0.429138,-0.305969,0.215942
10.423616409301758,0.887939,0.589844,0.207031,-0.152344,-0.189453,0.085937,0.044922,0.821228,-0.431335,-0.305725,0.214722
10.44369649887085,0.888916,-0.828125,-0.007813,-0.054687,-0.179687,-0.009766,-0.025391,0.820435,-0.433289,-0.305420,0.213989
10.463491678237915,0.889893,-0.023437,0.113281,-0.644531,-0.025391,-0.023437,-0.007813,0.819763,-0.434631,-0.305908,0.213379
10.483359098434448,0.890137,0.628906,0.113281,-0.453125,0.046875,0.015625,0.046875,0.819580,-0.434875,-0.306152,0.213257
10.503170013427734,0.889526,0.261719,0.078125,-0.046875,0.060547,0.031250,0.074219,0.819702,-0.434753,-0.305664,0.213684
10.52346920967102,0.888550,0.582031,0.453125,-0.910156,0.199219,0.007813,0.130859,0.820007,-0.434326,-0.304932,0.214355
10.54343581199646,0.887207,-0.082031,0.105469,1.640625,0.115234,-0.033203,0.171875,0.820374,-0.433472,-0.304138,0.215759
10.563687324523926,0.885132,0.937500,0.105469,-0.484375,0.117188,0.001953,0.126953,0.820435,-0.433105,-0.303345,0.217468
10.583673000335693,0.884766,0.039063,-0.324219,-1.203125,0.222656,0.076172,0.126953,0.820679,-0.432495,-0.302429,0.218933
10.603700637817383,0.884766,-1.898438,-0.292969,0.000000,0.185547,0.035156,-0.013672,0.821411,-0.431519,-0.301086,0.220032
10.623919248580933,0.887451,1.574219,-0.117188,-0.632812,0.324219,0.222656,0.273438,0.822388,-0.430237,-0.299988,0.220581
10.643875360488892,0.888672,1.621094,-0.046875,0.140625,0.263672,0.269531,0.378906,0.823792,-0.428833,-0.296387,0.222717
10.663484811782837,0.888794,-2.890625,-0.562500,0.019531,0.201172,0.044922,-0.033203,0.824951,-0.428101,-0.292358,0.225098
10.6840238571167,0.883789,-3.367188,-1.542969,0.699219,0.042969,-0.191406,-0.568359,0.825928,-0.426575,-0.291748,0.225159
10.703920125961304,0.879761,-2.226563,0.648437,0.371094,-0.111328,-0.208984,-0.605469,0.826721,-0.424438,-0.295349,0.221619
10.723803758621216,0.878418,3.324219,2.179688,0.730469,-0.408203,-0.291016,-0.052734,0.826782,-0.423279,-0.299866,0.217468
10.743855237960815,0.880371,3.324219,1.593750,1.492188,-0.677734,-0.261719,0.400391,0.824402,-0.425781,-0.303345,0.216980
10.764033794403076,0.882324,-1.539063,-2.605469,-2.222656,-0.312500,-0.082031,0.232422,0.820435,-0.431091,-0.305054,0.219055
10.784196138381958,0.884888,-3.140625,-0.285156,-1.492188,-0.085937,-0.164062,-0.046875,0.818359,-0.433960,-0.305542,0.220581
10.804160594940186,0.891724,2.214844,-0.167969,-0.679687,0.039063,0.039063,0.082031,0.817566,-0.434326,-0.306885,0.220886
10.824262142181396,0.893188,0.062500,-0.511719,-1.250000,0.248047,0.253906,0.185547,0.817749,-0.434204,-0.306152,0.221436
10.84374713897705,0.893066,-2.472656,-0.382813,-0.277344,0.279297,0.068359,-0.091797,0.819031,-0.433289,-0.303162,0.222473
10.863691091537476,0.891479,-1.566406,-0.300781,0.058594,0.308594,0.044922,-0.183594,0.820679,-0.431030,-0.302063,0.222412
10.883819341659546,0.884644,-1.628906,0.257813,0.242187,0.304688,-0.103516,-0.523437,0.822510,-0.427917,-0.302246,0.221375
10.904205322265625,0.879883,1.378906,0.738281,1.207031,0.210937,-0.160156,-0.472656,0.824585,-0.423706,-0.304443,0.218628
10.92380428314209,0.874634,2.097656,1.503906,1.351563,0.001953,-0.183594,-0.269531,0.825989,-0.420227,-0.307251,0.216125
10.944064855575562,0.867920,3.214844,1.503906,0.839844,-0.166016,-0.093750,0.066406,0.826050,-0.419006,-0.309814,0.214661
10.964142084121704,0.865845,0.402344,-0.148437,-0.539062,-0.216797,-0.097656,0.220703,0.824951,-0.420288,-0.310791,0.215088
10.984052181243896,0.862915,-2.421875,-1.628906,-1.464844,-0.015625,-0.171875,0.003906,0.823364,-0.422302,-0.311218,0.216492
11.004454851150513,0.861572,-2.691406,-0.714844,-0.882812,0.058594,-0.166016,-0.218750,0.822693,-0.422241,-0.312683,0.217102
11.024523258209229,0.862305,-0.125000,0.074219,-0.031250,-0.066406,-0.148437,-0.089844,0.822754,-0.420898,-0.314758,0.216309
11.043874025344849,0.864868,2.011719,0.320313,0.957031,-0.207031,-0.138672,0.189453,0.822205,-0.420837,-0.316467,0.216064
11.06444239616394,0.875610,-0.457031,-0.292969,-0.316406,-0.156250,-0.025391,0.201172,0.820618,-0.422607,-0.317261,0.217407
11.084458351135254,0.879395,-0.843750,-0.507812,-0.910156,-0.082031,0.210937,0.152344,0.819519,-0.424438,-0.316956,0.218689
11.104361057281494,0.881958,-0.300781,-0.531250,-1.035156,-0.033203,0.304688,0.064453,0.819458,-0.425964,-0.314819,0.218750
11.124434232711792,0.884399,0.050781,0.097656,0.453125,-0.123047,0.314453,0.091797,0.820068,-0.427368,-0.312073,0.217896
11.144805431365967,0.885254,-1.148438,0.640625,0.566406,-0.070312,-0.009766,-0.007813,0.820312,-0.429199,-0.309509,0.216980
11.164255142211914,0.885498,1.539063,0.273438,0.859375,-0.050781,-0.058594,0.171875,0.819946,-0.430115,-0.309326,0.216797
11.184272527694702,0.884644,1.339844,0.089844,-1.140625,0.244141,-0.064453,0.257813,0.819214,-0.430847,-0.309204,0.218262
11.204672813415527,0.883179,-2.089844,-0.539062,0.542969,0.130859,-0.099609,0.056641,0.819336,-0.429810,-0.308289,0.221130
11.224945306777954,0.882812,-1.417969,-0.324219,-1.042969,0.138672,-0.023437,-0.142578,0.819641,-0.428467,-0.308472,0.222351
11.244361162185669,0.883057,0.558594,-0.109375,0.597656,0.019531,0.037109,-0.083984,0.820374,-0.427063,-0.308960,0.221741
11.264684200286865,0.885254,0.292969,0.007813,0.589844,0.037109,0.138672,-0.027344,0.820801,-0.426697,-0.308899,0.220947
11.284876346588135,0.886963,0.996094,0.234375,0.957031,0.027344,0.125000,0.105469,0.821411,-0.426697,-0.307800,0.220215
11.30461311340332,0.887817,0.988281,0.359375,0.066406,0.097656,-0.011719,0.226562,0.821594,-0.427063,-0.306519,0.220642
11.325230121612549,0.887085,0.406250,0.320313,-0.371094,0.089844,-0.087891,0.255859,0.821411,-0.427063,-0.305542,0.222656
11.345087051391602,0.885986,0.054687,-0.062500,-0.003906,0.085937,-0.050781,0.080078,0.821045,-0.426758,-0.304871,0.225342
11.36461091041565,0.885010,-2.566406,-0.722656,-0.851562,0.150391,-0.058594,-0.224609,0.821167,-0.426025,-0.304749,0.226562
11.385200023651123,0.884399,-0.742187,-0.753906,-0.078125,0.191406,0.021484,-0.289063,0.822083,-0.424072,-0.305847,0.225464
11.405191421508789,0.885498,0.460937,-1.097656,-1.160156,0.343750,0.203125,-0.279297,0.823730,-0.421509,-0.306274,0.223572
11.424729347229004,0.886475,0.765625,1.046875,0.468750,0.158203,0.347656,0.054687,0.826233,-0.418701,-0.304871,0.221680
11.444506645202637,0.887329,1.976563,1.406250,2.054688,-0.128906,0.234375,0.277344,0.827759,-0.418213,-0.301697,0.221069
11.465229272842407,0.889526,2.019531,0.871094,1.589844,-0.333984,0.181641,0.466797,0.827271,-0.420715,-0.298828,0.222046
11.485143423080444,0.891113,-1.496094,-1.503906,-1.308594,-0.166016,0.259766,0.281250,0.825684,-0.424805,-0.296021,0.223877
11.50511646270752,0.892334,-1.250000,0.023437,-0.113281,-0.113281,0.195312,0.146484,0.825134,-0.427490,-0.293030,0.224731
11.525225639343262,0.892822,0.050781,0.039063,0.546875,-0.109375,0.076172,0.126953,0.824890,-0.429199,-0.291077,0.224915
11.545317888259888,0.892456,0.144531,0.136719,1.414063,-0.228516,-0.177734,0.173828,0.824341,-0.430603,-0.290161,0.225403
11.564839839935303,0.891357,1.011719,0.285156,0.265625,0.066406,-0.160156,0.367188,0.822632,-0.432495,-0.291138,0.226929
11.58542513847351,0.888794,0.007813,0.093750,-2.816406,0.189453,-0.162109,0.164062,0.821472,-0.432861,-0.291199,0.230286
11.60534405708313,0.887207,-0.875000,-0.269531,-0.953125,0.175781,-0.095703,-0.005859,0.821411,-0.431580,-0.291260,0.232849
11.625049114227295,0.885132,-0.628906,-0.199219,0.691406,0.001953,-0.123047,-0.136719,0.821716,-0.430298,-0.291748,0.233643
11.645434856414795,0.884888,-3.250000,-0.093750,1.445313,-0.263672,-0.119141,-0.361328,0.821594,-0.429687,-0.293640,0.232727
11.665423393249512,0.887451,1.492188,-0.238281,0.035156,-0.187500,0.171875,-0.212891,0.821045,-0.430481,-0.296326,0.229675
11.685073375701904,0.889893,0.917969,0.113281,-0.453125,-0.062500,0.238281,-0.082031,0.821106,-0.431885,-0.296448,0.226685
11.70534372329712,0.892822,-0.617187,0.070312,-0.046875,0.001953,0.142578,-0.093750,0.821716,-0.432617,-0.295166,0.224731
11.725100040435791,0.892944,1.164063,-0.316406,-0.171875,0.117188,0.191406,0.080078,0.822388,-0.432617,-0.294189,0.223511
11.745437383651733,0.892456,0.582031,0.214844,-0.777344,0.177734,0.019531,0.117188,0.823181,-0.432312,-0.292358,0.223633
11.765322208404541,0.891602,0.718750,0.054687,-0.156250,0.240234,0.019531,0.208984,0.823792,-0.431213,-0.291199,0.225098
11.785720825195312,0.890625,0.375000,0.128906,0.882812,0.068359,0.087891,0.220703,0.824341,-0.429993,-0.289612,0.227417
11.80573058128357,0.891724,-0.542969,-0.023437,-0.011719,0.007813,0.154297,0.183594,0.824463,-0.430115,-0.287720,0.229065
11.825241088867188,0.893066,0.156250,0.175781,0.363281,-0.019531,0.177734,0.222656,0.824524,-0.430847,-0.285706,0.229858
11.84582781791687,0.895020,1.000000,-0.070312,-0.027344,0.019531,0.240234,0.423828,0.824402,-0.432190,-0.283264,0.231018
11.865876197814941,0.895142,-0.753906,-0.175781,-2.242188,0.164062,0.201172,0.333984,0.824280,-0.433594,-0.279541,0.233337
11.88532280921936,0.895508,-2.324219,-0.292969,0.414062,0.060547,0.082031,0.007813,0.824707,-0.433655,-0.276245,0.235474
11.906679630279541,0.895386,-0.085937,-0.097656,1.585938,-0.070312,0.066406,0.027344,0.825195,-0.433472,-0.275024,0.235657
11.92578649520874,0.895508,-0.898437,0.062500,0.269531,-0.177734,0.007813,-0.080078,0.825073,-0.434204,-0.274597,0.235229
11.945811748504639,0.895630,0.550781,0.039063,0.222656,-0.244141,-0.039063,-0.066406,0.824585,-0.435303,-0.275208,0.234253
11.96617341041565,0.894409,-0.347656,0.101563,0.378906,-0.253906,-0.025391,-0.093750,0.823730,-0.436646,-0.276367,0.233215
11.986005067825317,0.894287,0.710937,0.308594,-0.914062,-0.150391,0.000000,-0.041016,0.822693,-0.438416,-0.277771,0.231873
12.005684852600098,0.895386,-0.019531,0.199219,0.593750,-0.107422,-0.072266,0.046875,0.822021,-0.439697,-0.278320,0.231201
12.026105165481567,0.897217,-0.011719,-0.089844,-0.308594,-0.023437,0.066406,0.115234,0.821350,-0.440491,-0.278748,0.231567
12.045717477798462,0.898071,2.089844,-0.320313,-2.101563,0.273438,0.455078,0.318359,0.821289,-0.441223,-0.277283,0.232117
12.065860986709595,0.897949,-3.546875,-0.289063,1.472656,0.156250,0.197266,0.029297,0.822815,-0.441101,-0.272034,0.233337
12.085700511932373,0.896118,-0.750000,-0.429687,0.269531,0.138672,-0.001953,-0.146484,0.824036,-0.440369,-0.269531,0.233337
12.106268644332886,0.884644,-2.582031,-1.691406,-1.578125,0.427734,-0.173828,-0.648437,0.825134,-0.438538,-0.269897,0.232300
12.126203536987305,0.877197,-3.597656,-0.988281,-1.878906,0.628906,-0.404297,-1.009766,0.827820,-0.433044,-0.273315,0.229065
12.145743131637573,0.868042,-1.910156,-0.300781,-0.316406,0.689453,-0.466797,-1.291016,0.831665,-0.424194,-0.279419,0.224182
12.166183233261108,0.837769,-1.929688,0.621094,0.496094,0.439453,-0.527344,-1.720703,0.836060,-0.413879,-0.287354,0.217102
12.186382055282593,0.811523,-2.050781,1.652344,0.847656,-0.009766,-0.574219,-2.109375,0.839844,-0.404236,-0.297852,0.206116
12.206203937530518,0.780151,0.015625,1.679688,1.652344,-0.453125,-0.525391,-2.080078,0.842224,-0.396790,-0.311096,0.190796
12.22609257698059,0.723267,7.312500,2.574219,-0.878906,-0.341797,-0.449219,-1.498047,0.842651,-0.392883,-0.324280,0.174377
12.246434450149536,0.701172,8.496094,2.851563,0.804687,-0.298828,-0.349609,-0.638672,0.842285,-0.390320,-0.334351,0.162537
12.266937971115112,0.678467,5.128906,1.617188,1.207031,-0.431641,-0.509766,-0.269531,0.840942,-0.390015,-0.340637,0.157166
12.286741256713867,0.630371,3.128906,0.527344,-0.132812,-0.462891,-0.556641,-0.226562,0.838013,-0.391846,-0.346619,0.155273
12.306400299072266,0.613037,1.394531,0.500000,-0.847656,-0.464844,-0.482422,-0.185547,0.834595,-0.394043,-0.352844,0.153931
12.32584834098816,0.609009,2.113281,0.683594,-0.746094,-0.347656,-0.361328,0.083984,0.831299,-0.396545,-0.358215,0.152771
12.346279382705688,0.607666,1.648438,-0.007813,-0.640625,-0.166016,-0.218750,0.335938,0.828491,-0.399170,-0.361389,0.153625
12.366743803024292,0.604614,-0.144531,-0.535156,-0.492187,0.017578,-0.207031,0.449219,0.826477,-0.401367,-0.362244,0.156677
12.386528491973877,0.596680,-2.519531,-1.507813,-0.800781,0.214844,-0.097656,0.322266,0.825195,-0.402466,-0.362183,0.161072
12.406355142593384,0.595947,-2.863281,-0.539062,-0.257813,0.291016,-0.041016,0.208984,0.825073,-0.401855,-0.361389,0.164917
12.426759004592896,0.625854,0.515625,0.285156,-1.589844,0.603516,-0.007813,0.533203,0.825745,-0.400024,-0.360229,0.168213
12.44720983505249,0.653564,0.097656,0.761719,0.972656,0.498047,-0.285156,0.722656,0.826965,-0.397095,-0.357666,0.174622
12.466255903244019,0.687866,-3.187500,-1.468750,3.710938,0.099609,-0.259766,0.677734,0.826660,-0.395203,-0.356140,0.183289
12.486821174621582,0.728638,-5.882812,-1.910156,2.515625,-0.265625,-0.050781,0.273438,0.824951,-0.396179,-0.355469,0.189941
12.506771802902222,0.743774,-3.820313,-0.531250,1.414063,-0.273438,-0.074219,0.169922,0.823181,-0.399170,-0.355347,0.191895
12.526490688323975,0.763184,-2.472656,-0.125000,0.371094,0.025391,-0.074219,0.085937,0.821594,-0.401550,-0.355774,0.192566
12.546818494796753,0.779663,-0.679687,-0.628906,-0.671875,0.162109,-0.025391,-0.093750,0.821228,-0.401611,-0.356140,0.193542
12.566674709320068,0.781616,0.988281,0.265625,0.562500,0.027344,-0.017578,-0.107422,0.821838,-0.400085,-0.356384,0.193481
12.586464881896973,0.780273,2.375000,1.316406,1.429688,-0.298828,0.035156,0.164062,0.822021,-0.399719,-0.356873,0.192810
12.607017517089844,0.780640,1.648438,1.019531,-0.242187,-0.271484,-0.093750,0.279297,0.820679,-0.402527,-0.356628,0.192993
12.62728500366211,0.784058,-0.226562,-0.542969,-1.152344,-0.189453,-0.109375,0.335938,0.818787,-0.405579,-0.356689,0.194641
12.646618843078613,0.787964,-1.691406,-1.011719,-1.089844,-0.083984,-0.076172,0.136719,0.817017,-0.408020,-0.356689,0.197021
12.66667652130127,0.790405,-1.921875,-0.886719,-0.347656,-0.013672,-0.050781,-0.039063,0.816101,-0.408997,-0.356934,0.198120
12.687228918075562,0.791504,-0.082031,0.031250,0.582031,-0.132812,-0.082031,0.050781,0.815796,-0.409119,-0.357605,0.198059
12.706888437271118,0.793335,2.269531,1.171875,1.230469,-0.238281,-0.146484,0.337891,0.814880,-0.410156,-0.358276,0.198486
12.726543188095093,0.796631,2.074219,1.320313,1.457031,-0.423828,-0.173828,0.621094,0.812622,-0.413147,-0.358643,0.200867
12.747195959091187,0.805298,-0.539062,-1.406250,-0.265625,-0.263672,-0.039063,0.281250,0.809204,-0.418091,-0.358398,0.204712
12.76714563369751,0.810303,-2.921875,-1.687500,-2.121094,-0.115234,0.048828,0.056641,0.807251,-0.421326,-0.358032,0.206421
12.786943197250366,0.814453,-0.390625,-0.300781,0.625000,-0.216797,0.021484,-0.019531,0.806763,-0.422729,-0.357727,0.206177
12.807147026062012,0.826050,-0.351563,0.144531,0.593750,-0.246094,-0.076172,-0.011719,0.805908,-0.424255,-0.358215,0.205261
12.827422618865967,0.831177,0.835937,0.203125,-0.179687,-0.128906,-0.025391,0.044922,0.804749,-0.425964,-0.359192,0.204651
12.846987247467041,0.834717,0.113281,-0.054687,-0.203125,-0.119141,0.048828,0.082031,0.804016,-0.427307,-0.359436,0.204590
12.867403030395508,0.836548,-0.320313,-0.078125,-0.539062,-0.041016,0.072266,0.060547,0.803528,-0.428589,-0.358887,0.204590
12.887399673461914,0.836304,-0.468750,0.035156,0.304688,-0.060547,-0.083984,0.039063,0.803406,-0.429260,-0.358276,0.204712
12.907025814056396,0.835571,0.304688,0.128906,1.093750,0.056641,-0.109375,0.171875,0.802795,-0.429749,-0.358826,0.205200
12.927142143249512,0.833984,-1.234375,-0.484375,1.550781,0.201172,-0.128906,0.246094,0.802429,-0.429260,-0.358826,0.207520
12.94724178314209,0.832031,-1.875000,-0.515625,-1.261719,0.130859,-0.033203,0.027344,0.802490,-0.428101,-0.358337,0.210571
12.967334270477295,0.833008,-1.730469,-0.117188,-0.203125,0.089844,0.003906,-0.136719,0.802734,-0.427185,-0.358459,0.211304
12.987328052520752,0.834961,1.496094,-0.199219,-0.339844,0.048828,0.240234,0.000000,0.803528,-0.426025,-0.358398,0.210693
13.007397174835205,0.839111,-0.511719,0.191406,-0.625000,0.015625,0.337891,0.035156,0.804565,-0.426208,-0.356323,0.209778
13.027296781539917,0.841187,0.000000,0.382813,1.765625,-0.052734,-0.013672,0.003906,0.805603,-0.426758,-0.353943,0.208801
13.047190427780151,0.841919,1.433594,0.007813,-0.257813,0.082031,0.005859,0.171875,0.805542,-0.427002,-0.353821,0.208801
13.067696332931519,0.844238,-0.082031,0.007813,-0.734375,0.072266,-0.148437,0.089844,0.805359,-0.427124,-0.353149,0.210327
13.087638854980469,0.845947,-0.894531,-0.230469,-1.085938,0.121094,-0.132812,-0.050781,0.805115,-0.426453,-0.353516,0.211914
13.107204914093018,0.849609,0.945312,-0.429687,0.859375,-0.041016,0.070312,-0.001953,0.805237,-0.425171,-0.354431,0.212585
13.127718925476074,0.857056,-0.773437,-0.570312,0.531250,-0.240234,0.201172,-0.109375,0.805359,-0.425598,-0.354004,0.211975
13.147680521011353,0.859131,-0.664062,-0.023437,-0.574219,-0.039063,0.154297,-0.140625,0.805420,-0.427429,-0.353088,0.209595
13.167677164077759,0.858398,0.699219,0.425781,0.402344,-0.046875,-0.083984,-0.095703,0.805786,-0.427979,-0.352661,0.207642
13.187707901000977,0.849731,2.156250,0.265625,-1.652344,0.310547,0.083984,0.076172,0.805725,-0.427734,-0.353455,0.207153
13.20781683921814,0.843750,-0.988281,-0.300781,-0.257813,0.378906,-0.001953,-0.109375,0.807007,-0.425720,-0.352295,0.208252
13.227818727493286,0.840454,-1.277344,-0.609375,-0.351563,0.314453,-0.025391,-0.132812,0.808838,-0.422363,-0.351868,0.208801
13.24753189086914,0.839722,1.546875,0.824219,0.679687,0.146484,0.035156,0.087891,0.810303,-0.419434,-0.351868,0.209045
13.267890453338623,0.846680,2.667969,1.308594,1.468750,-0.062500,0.072266,0.414062,0.810791,-0.418701,-0.350952,0.210144
13.287822723388672,0.851807,2.371094,0.281250,0.871094,-0.044922,0.105469,0.486328,0.809937,-0.420715,-0.348755,0.212952
13.307881116867065,0.856934,-2.460938,-1.496094,-0.093750,0.089844,0.130859,0.271484,0.809021,-0.423157,-0.346069,0.216064
13.327954769134521,0.865234,-0.613281,-0.644531,-0.546875,0.115234,0.189453,0.154297,0.809143,-0.423828,-0.343872,0.217834
13.347831964492798,0.867798,0.214844,-0.140625,0.375000,0.027344,0.289063,0.197266,0.809937,-0.424072,-0.341064,0.218872
13.367694854736328,0.869629,-0.207031,-0.007813,1.597656,-0.197266,0.207031,0.128906,0.810547,-0.425293,-0.337708,0.219360
13.388315677642822,0.871216,-0.726562,0.320313,0.367188,-0.226562,0.019531,-0.076172,0.810181,-0.427429,-0.336182,0.218872
13.408436059951782,0.869507,0.828125,0.480469,0.023437,-0.189453,-0.054687,-0.085937,0.809448,-0.429077,-0.336731,0.217468
13.42794418334961,0.866333,0.734375,0.453125,0.046875,-0.097656,-0.132812,-0.005859,0.808655,-0.430176,-0.337830,0.216492
13.448124647140503,0.860962,0.312500,0.566406,-1.410156,0.240234,-0.142578,0.097656,0.808044,-0.430420,-0.338867,0.216736
13.468197584152222,0.861450,0.597656,-0.101563,-0.613281,0.423828,0.021484,0.238281,0.808289,-0.428833,-0.339050,0.218750
13.487725973129272,0.862549,-2.710938,-0.539062,0.171875,0.240234,-0.007813,0.021484,0.809326,-0.426575,-0.337646,0.221558
13.509627103805542,0.864502,-2.089844,-0.675781,-0.378906,0.250000,0.109375,-0.191406,0.810486,-0.424500,-0.336548,0.222961
13.528625011444092,0.864868,-0.660156,-0.851562,1.191406,0.062500,0.175781,-0.166016,0.812317,-0.422180,-0.335571,0.222107
13.547902822494507,0.864624,-2.046875,-1.121094,0.851562,0.273438,-0.050781,-0.500000,0.813721,-0.420837,-0.335205,0.220032
13.568129062652588,0.864502,0.527344,1.199219,0.613281,0.251953,-0.027344,-0.310547,0.815674,-0.417175,-0.336731,0.217346
13.588694334030151,0.862061,-0.093750,0.667969,1.710938,-0.031250,-0.005859,-0.240234,0.817261,-0.414124,-0.337830,0.215637
13.608534574508667,0.859741,0.554687,0.699219,1.617188,-0.203125,-0.041016,-0.183594,0.817627,-0.413513,-0.338928,0.213623
13.628368139266968,0.856323,0.484375,0.394531,0.226562,-0.107422,-0.048828,-0.263672,0.817139,-0.414307,-0.340393,0.211548
13.648247957229614,0.844727,1.742188,0.652344,-0.527344,-0.013672,-0.062500,-0.224609,0.817017,-0.414246,-0.342102,0.209290
13.668449878692627,0.840576,2.636719,0.714844,-0.097656,-0.083984,-0.054687,0.023437,0.817200,-0.413574,-0.343506,0.207825
13.68826699256897,0.837402,2.195313,0.515625,0.632812,-0.292969,-0.074219,0.189453,0.816589,-0.414246,-0.344055,0.207886
13.708696842193604,0.834229,1.687500,0.671875,0.187500,-0.271484,-0.128906,0.322266,0.814758,-0.417114,-0.344360,0.208862
13.728703260421753,0.838379,-2.082031,-1.320313,-0.738281,-0.064453,-0.232422,0.140625,0.812622,-0.419800,-0.344727,0.210937
13.748266696929932,0.844238,-1.007813,-0.585937,-0.906250,0.017578,-0.156250,0.041016,0.811279,-0.420532,-0.345947,0.212891
13.768758058547974,0.857666,-0.210937,-0.117188,0.804687,-0.156250,-0.123047,0.052734,0.810486,-0.420532,-0.347107,0.213928
13.788696527481079,0.863159,0.675781,0.019531,1.500000,-0.285156,-0.093750,0.070312,0.809326,-0.421753,-0.348145,0.214355
13.808352708816528,0.866455,-1.007813,-0.140625,0.222656,-0.376953,-0.046875,-0.007813,0.807617,-0.424194,-0.349182,0.214233
13.828627824783325,0.868774,-0.554687,-0.160156,-1.652344,-0.218750,-0.013672,-0.085937,0.806152,-0.426636,-0.350159,0.213318
13.84889006614685,0.870728,-0.257813,-0.117188,0.132812,-0.082031,0.044922,-0.111328,0.805420,-0.428101,-0.350830,0.211975
13.869014739990234,0.871460,0.847656,0.312500,-0.535156,-0.132812,0.070312,-0.041016,0.805176,-0.429077,-0.351135,0.210449
13.888425350189209,0.871948,0.660156,0.273438,0.960937,-0.074219,0.011719,0.046875,0.804993,-0.429993,-0.351013,0.209534
13.909151077270508,0.871948,-0.410156,-0.023437,-0.058594,-0.052734,-0.039063,0.009766,0.804687,-0.430664,-0.350769,0.209595
13.92889928817749,0.871094,-0.457031,-0.054687,-0.480469,0.011719,-0.021484,-0.007813,0.804321,-0.431091,-0.351074,0.209656
13.948957443237305,0.870361,0.691406,0.136719,-0.136719,0.080078,-0.013672,0.060547,0.804321,-0.430969,-0.351196,0.209778
13.968897581100464,0.868774,1.089844,0.550781,-1.238281,0.296875,-0.074219,0.158203,0.804504,-0.430420,-0.350952,0.210571
13.988973140716553,0.867676,-0.617187,0.320313,1.578125,0.244141,-0.175781,0.158203,0.804810,-0.429138,-0.350586,0.212708
14.008753538131714,0.866577,0.664062,-0.144531,-0.359375,0.115234,-0.060547,0.162109,0.804749,-0.427856,-0.350586,0.215393
14.02900505065918,0.866943,-1.667969,-0.460937,-1.675781,0.121094,0.025391,-0.093750,0.804810,-0.427124,-0.350220,0.217224
14.049313306808472,0.868042,0.347656,-0.167969,-0.406250,0.173828,0.128906,-0.083984,0.805542,-0.425964,-0.350098,0.216980
14.068627834320068,0.869507,1.328125,-0.339844,0.007813,0.125000,0.322266,0.023437,0.807007,-0.424683,-0.348755,0.216370
14.088792324066162,0.871948,-0.210937,0.007813,0.781250,0.003906,0.308594,0.066406,0.808533,-0.424500,-0.345825,0.215698
14.109092235565186,0.872437,0.957031,0.425781,1.156250,-0.025391,0.007813,0.060547,0.809387,-0.425049,-0.343506,0.214966
14.129020929336548,0.872559,1.371094,0.058594,-0.843750,0.091797,0.037109,0.230469,0.809387,-0.425415,-0.342834,0.215454
14.148868560791016,0.872925,-0.207031,0.023437,-0.714844,0.158203,-0.046875,0.199219,0.809387,-0.425537,-0.341492,0.217346
14.169278144836426,0.873779,-2.890625,-0.371094,-0.269531,0.152344,-0.019531,-0.083984,0.809387,-0.424805,-0.341003,0.219299
14.18925166130066,0.874634,0.214844,-0.140625,2.136719,-0.123047,-0.005859,0.009766,0.809875,-0.423706,-0.341125,0.219482
14.208916425704956,0.875488,-0.789062,-0.015625,0.519531,-0.205078,0.056641,-0.054687,0.809509,-0.424500,-0.341370,0.219055
14.229524850845337,0.878540,0.089844,0.375000,-0.843750,-0.015625,0.099609,-0.039063,0.809021,-0.425964,-0.341492,0.217834
14.249241352081299,0.879639,0.480469,0.296875,0.382813,-0.056641,0.044922,-0.005859,0.809204,-0.426392,-0.340942,0.216980
14.269012451171875,0.879883,0.097656,-0.039063,-0.460937,0.005859,0.048828,-0.015625,0.809265,-0.426819,-0.340637,0.216614
14.28965425491333,0.879761,0.640625,0.113281,0.574219,-0.037109,0.019531,0.044922,0.809387,-0.426941,-0.340332,0.216309
14.309523344039917,0.879272,0.304688,0.121094,0.503906,-0.082031,-0.085937,0.078125,0.809204,-0.427429,-0.340027,0.216492
14.329861640930176,0.878540,0.039063,0.136719,0.375000,0.001953,-0.154297,0.087891,0.808472,-0.428101,-0.340515,0.217224
14.349637269973755,0.877441,0.781250,0.089844,-0.972656,0.214844,-0.074219,0.185547,0.807800,-0.428040,-0.341187,0.218628
14.369837284088135,0.877563,-1.042969,-0.207031,-0.238281,0.187500,-0.062500,0.103516,0.807922,-0.427063,-0.340698,0.220825
14.389363765716553,0.877930,-0.492187,-0.222656,-1.160156,0.302734,0.025391,0.076172,0.808350,-0.425720,-0.340210,0.222595
14.40982723236084,0.878906,-0.089844,-0.246094,-0.792969,0.255859,0.154297,0.019531,0.809509,-0.423706,-0.338989,0.224121
14.429792642593384,0.879639,0.691406,-0.023437,1.496094,0.078125,0.261719,0.027344,0.811035,-0.422119,-0.337097,0.224487
14.449506521224976,0.880371,-0.281250,0.128906,1.718750,-0.121094,0.185547,0.019531,0.812073,-0.422180,-0.334839,0.223938
14.469225406646729,0.881104,0.000000,0.414062,0.699219,-0.140625,-0.021484,0.072266,0.812195,-0.423523,-0.333496,0.223083
14.489790201187134,0.882202,1.488281,0.121094,0.171875,0.019531,0.062500,0.208984,0.811584,-0.424744,-0.333191,0.223389
14.509742021560669,0.881348,-1.355469,-0.175781,-1.144531,0.113281,0.027344,0.066406,0.811340,-0.425415,-0.331970,0.224731
14.529701709747314,0.878906,-1.937500,-0.429687,-0.746094,0.148437,0.062500,-0.177734,0.811829,-0.424805,-0.331177,0.225403
14.549969673156738,0.873291,-0.710937,-0.714844,0.882812,-0.087891,0.000000,-0.318359,0.812988,-0.423218,-0.331177,0.224243
14.569943904876709,0.872314,-1.929688,-0.613281,0.839844,-0.216797,-0.041016,-0.335938,0.813416,-0.422668,-0.332703,0.221375
14.589747667312622,0.873413,3.339844,1.546875,0.769531,-0.263672,-0.056641,0.113281,0.812988,-0.423401,-0.334717,0.218384
14.61040186882019,0.878906,1.648438,-0.375000,0.121094,-0.177734,0.005859,0.248047,0.811523,-0.425781,-0.335266,0.218506
14.630576610565186,0.880859,-0.878906,-0.468750,-0.898437,-0.037109,0.000000,0.146484,0.810242,-0.427979,-0.334717,0.219849
14.649956464767456,0.882324,-1.714844,-0.308594,-1.050781,0.042969,-0.029297,-0.009766,0.809753,-0.428772,-0.334229,0.220825
14.670072078704834,0.881714,0.230469,0.031250,-0.253906,0.097656,-0.001953,0.001953,0.809875,-0.428345,-0.334290,0.221069
14.689898252487183,0.880249,0.859375,0.246094,-1.488281,0.339844,0.027344,0.074219,0.810425,-0.427307,-0.333862,0.221619
14.709901809692383,0.878662,-0.511719,-0.046875,0.839844,0.312500,-0.011719,0.023437,0.811707,-0.425049,-0.332703,0.223083
14.730022430419922,0.877686,0.070312,-0.183594,-1.171875,0.250000,0.074219,0.056641,0.812927,-0.422729,-0.331848,0.224304
14.750140190124512,0.877075,0.667969,0.191406,0.246094,0.132812,0.119141,0.119141,0.814148,-0.421021,-0.330383,0.225281
14.770063400268555,0.877930,0.242187,-0.039063,0.339844,0.101563,0.152344,0.138672,0.814819,-0.420532,-0.328674,0.226196
14.790081262588501,0.879395,0.441406,-0.078125,-0.503906,0.142578,0.250000,0.238281,0.815491,-0.420471,-0.326538,0.227051
14.810163497924805,0.882324,0.152344,-0.031250,1.234375,0.097656,0.128906,0.201172,0.816284,-0.420654,-0.323425,0.228333
14.830240249633789,0.882935,-0.621094,-0.109375,0.566406,-0.021484,0.142578,0.058594,0.816589,-0.420959,-0.321411,0.229553
14.849915742874146,0.883423,1.046875,0.058594,1.492188,-0.273438,0.148437,0.101563,0.816772,-0.421692,-0.320007,0.229431
14.870122909545898,0.883301,-0.429687,0.136719,2.167969,-0.433594,-0.019531,0.005859,0.815796,-0.424561,-0.319275,0.228638
14.890506982803345,0.884155,-0.851562,0.015625,-0.144531,-0.240234,-0.048828,0.001953,0.814026,-0.427917,-0.320129,0.227478
14.91045331954956,0.885254,-0.945312,-0.054687,-1.722656,-0.076172,-0.085937,-0.109375,0.812805,-0.429810,-0.321289,0.226746
14.930693864822388,0.887085,-0.277344,-0.253906,-1.683594,0.083984,0.056641,-0.115234,0.812378,-0.429993,-0.322571,0.225891
14.950627326965332,0.887817,1.175781,-0.144531,0.218750,0.015625,0.136719,0.017578,0.813110,-0.429260,-0.322449,0.225098
14.97010064125061,0.888062,-0.070312,0.160156,0.628906,-0.007813,0.003906,0.044922,0.813538,-0.429321,-0.321411,0.224731
14.99073600769043,0.886475,-0.339844,-0.144531,-0.632812,0.076172,-0.015625,0.041016,0.813477,-0.429443,-0.321167,0.225037
15.010696649551392,0.883301,-0.523437,-0.277344,-1.820313,0.373047,0.000000,-0.013672,0.813782,-0.428772,-0.320862,0.225708
15.03068733215332,0.879517,-1.464844,-0.125000,-0.628906,0.466797,-0.148437,-0.150391,0.815308,-0.425781,-0.320251,0.226685
15.050398349761963,0.877319,2.632813,1.753906,1.355469,0.224609,-0.220703,0.017578,0.817017,-0.421509,-0.321045,0.227539
15.070775032043457,0.876587,3.039063,1.492188,1.546875,-0.019531,-0.214844,0.408203,0.817139,-0.419250,-0.322144,0.229492
15.090826511383057,0.877930,0.250000,-0.937500,-0.046875,0.015625,-0.212891,0.335938,0.815613,-0.419922,-0.322327,0.233521
15.110713958740234,0.879883,-2.675781,-1.113281,-1.339844,0.113281,0.000000,0.058594,0.814209,-0.420471,-0.322571,0.237000
15.130945444107056,0.883789,-0.875000,-0.398438,2.128906,-0.119141,0.085937,-0.093750,0.814392,-0.419922,-0.322205,0.237915
15.150745153427124,0.885254,0.375000,-0.039063,0.859375,-0.310547,0.185547,-0.125000,0.814575,-0.420532,-0.322144,0.236389
15.170711517333984,0.886841,0.917969,0.320313,-0.105469,-0.242187,0.197266,-0.019531,0.814209,-0.422791,-0.321899,0.233704
15.190826177597046,0.888184,-0.996094,0.296875,0.691406,-0.076172,0.183594,-0.054687,0.813843,-0.425232,-0.321228,0.231628
15.210792541503906,0.888672,-0.261719,0.000000,0.382813,-0.134766,0.117188,-0.050781,0.813965,-0.426514,-0.320374,0.229980
15.230634450912476,0.888916,0.121094,0.269531,-0.382813,-0.031250,-0.003906,-0.041016,0.814026,-0.427429,-0.319885,0.228760
15.251100301742554,0.887939,1.308594,0.199219,1.011719,-0.083984,-0.123047,0.111328,0.813843,-0.427795,-0.320129,0.228333
15.271031856536865,0.887451,0.933594,0.246094,-0.511719,0.103516,-0.179687,0.261719,0.812927,-0.428406,-0.320801,0.229553
15.290858268737793,0.886841,-0.335938,0.285156,-0.613281,0.347656,-0.238281,0.257813,0.812317,-0.427795,-0.320923,0.232666
15.311301469802856,0.886108,-2.054688,-0.492187,0.734375,0.130859,-0.175781,0.046875,0.812317,-0.425537,-0.320984,0.236694
15.331148624420166,0.886353,-0.796875,-0.691406,-0.503906,0.080078,0.041016,-0.064453,0.812317,-0.424194,-0.321533,0.238403
15.351114749908447,0.886719,-0.718750,-0.054687,-0.253906,0.050781,0.136719,-0.105469,0.812866,-0.423401,-0.321350,0.238098
15.370798826217651,0.887329,0.007813,-0.332031,0.152344,-0.009766,0.261719,-0.089844,0.813843,-0.422913,-0.320496,0.236816
15.39106011390686,0.889038,0.742187,0.304688,-0.214844,0.070312,0.166016,0.019531,0.815002,-0.422974,-0.318848,0.235107
15.411251783370972,0.889526,2.031250,0.511719,2.000000,-0.009766,-0.011719,0.214844,0.815613,-0.423035,-0.317322,0.234802
15.430974245071411,0.889526,0.843750,0.136719,-1.152344,0.128906,-0.003906,0.203125,0.815186,-0.423584,-0.316467,0.236450
15.451332807540894,0.887695,-2.972656,-0.492187,-0.500000,0.255859,0.007813,-0.083984,0.815369,-0.422974,-0.315369,0.238464
15.471385717391968,0.885132,-2.429688,-1.058594,0.535156,0.107422,0.066406,-0.386719,0.816528,-0.420898,-0.315002,0.238464
15.490907430648804,0.880615,-4.445312,-2.644531,-0.476562,0.228516,-0.029297,-0.972656,0.818237,-0.418701,-0.315979,0.235229
15.511640787124634,0.872314,-2.257813,0.226562,-0.898437,0.175781,-0.130859,-0.611328,0.821167,-0.414062,-0.319336,0.228760
15.531415939331055,0.868164,0.914062,1.343750,2.179688,-0.142578,-0.251953,-0.279297,0.822754,-0.410461,-0.322693,0.224670
15.5513014793396,0.864258,0.476562,0.730469,0.195312,-0.201172,-0.167969,-0.185547,0.822205,-0.409912,-0.326050,0.222839
15.571641206741333,0.860718,1.257813,0.554687,1.007813,-0.275391,-0.107422,-0.083984,0.821167,-0.410645,-0.328674,0.221375
15.591689825057983,0.859619,0.613281,-0.164062,-0.406250,-0.128906,-0.121094,-0.177734,0.820007,-0.412170,-0.330566,0.220154
15.610815048217773,0.859253,2.265625,0.410156,-1.347656,0.009766,-0.087891,-0.072266,0.819397,-0.412476,-0.332397,0.218872
15.63120150566101,0.858887,2.878906,0.914062,-0.308594,-0.031250,-0.001953,0.238281,0.819214,-0.412170,-0.333374,0.218750
15.651646852493286,0.860962,2.941406,0.910156,0.476562,-0.222656,0.029297,0.525391,0.818542,-0.413269,-0.332581,0.220581
15.671740293502808,0.862915,1.351563,0.542969,0.742187,-0.109375,0.019531,0.384766,0.816528,-0.416870,-0.330688,0.223938
15.691245317459106,0.866699,-1.406250,-0.191406,-1.195313,-0.009766,0.033203,0.189453,0.815002,-0.419556,-0.329285,0.226501
15.711638689041138,0.872437,-2.320313,-0.230469,-0.273438,0.025391,0.005859,-0.033203,0.814575,-0.420349,-0.328491,0.227722
15.731834173202515,0.874634,-0.519531,-0.238281,0.148437,-0.039063,0.064453,-0.072266,0.814758,-0.420166,-0.328430,0.227539
15.751764059066772,0.876587,0.476562,-0.117188,0.730469,-0.158203,0.134766,-0.013672,0.814880,-0.420593,-0.328247,0.226562
15.772072553634644,0.880493,0.417969,0.167969,0.246094,-0.119141,0.111328,0.046875,0.814697,-0.421997,-0.327576,0.225464
15.791882514953613,0.881226,0.164062,0.136719,0.292969,-0.117188,-0.025391,0.070312,0.814514,-0.423279,-0.326782,0.225037
15.81150770187378,0.880981,0.441406,0.121094,0.746094,-0.107422,-0.117188,0.146484,0.813782,-0.424377,-0.326904,0.225403
15.832269430160522,0.879272,0.347656,0.054687,-1.132813,0.197266,0.001953,0.212891,0.812744,-0.425293,-0.327332,0.226746
15.85209584236145,0.879150,-1.886719,-0.347656,0.660156,0.132812,-0.064453,0.023437,0.813110,-0.424255,-0.326172,0.229004
15.871723890304565,0.879395,0.218750,-0.285156,-1.554688,0.353516,0.125000,0.103516,0.813721,-0.422607,-0.325928,0.230225
15.892082929611206,0.880859,-0.453125,-0.031250,0.304688,0.166016,0.099609,0.000000,0.815063,-0.420593,-0.324463,0.231384
15.911843061447144,0.881836,-0.109375,0.457031,1.339844,0.056641,0.218750,0.107422,0.816223,-0.419556,-0.322449,0.231812
15.931704044342041,0.882812,0.496094,0.234375,0.527344,-0.017578,0.060547,0.136719,0.816895,-0.420044,-0.319946,0.232117
15.952289342880249,0.883545,-1.945313,-0.062500,0.031250,-0.009766,-0.121094,-0.048828,0.816772,-0.420654,-0.319031,0.232727
15.972182989120483,0.885010,-0.628906,0.050781,0.230469,0.011719,-0.121094,0.000000,0.816467,-0.420410,-0.320068,0.232910
15.99214220046997,0.885498,2.074219,0.625000,-0.746094,0.242187,-0.039063,0.287109,0.816162,-0.419922,-0.320801,0.233643
16.0120689868927,0.885498,-0.542969,0.457031,1.093750,0.232422,-0.357422,0.250000,0.816284,-0.418579,-0.319885,0.236938
16.03230118751526,0.884277,-1.242188,-0.324219,-0.636719,0.267578,-0.404297,0.029297,0.815613,-0.416504,-0.321045,0.241211
16.052552700042725,0.882080,-2.324219,-0.156250,-0.308594,0.123047,-0.191406,-0.087891,0.815247,-0.413635,-0.323730,0.243896
16.0722393989563,0.878052,-5.113281,-0.332031,1.078125,-0.003906,-0.353516,-0.558594,0.815308,-0.411377,-0.326111,0.244263
16.0924973487854,0.866577,-1.554688,-0.976562,2.871094,-0.488281,-0.361328,-0.826172,0.815369,-0.408997,-0.331238,0.241150
16.112388372421265,0.863281,1.652344,-1.535156,-2.628906,0.060547,0.173828,-0.597656,0.814636,-0.408691,-0.338013,0.234619
16.132233381271362,0.864746,0.964844,-0.058594,-2.765625,0.271484,0.402344,-0.261719,0.816467,-0.406982,-0.339355,0.229309
16.152419567108154,0.873169,2.000000,0.675781,1.167969,0.275391,0.539062,0.095703,0.819641,-0.404663,-0.336365,0.226501
16.172151565551758,0.875854,3.503906,1.765625,2.625000,-0.195312,0.460937,0.464844,0.822083,-0.404297,-0.331055,0.226013
16.192230939865112,0.878174,2.410156,1.488281,0.886719,-0.464844,0.337891,0.705078,0.821899,-0.408142,-0.325867,0.227295
16.212408542633057,0.882690,1.628906,1.238281,1.199219,-0.279297,0.326172,0.693359,0.819641,-0.414856,-0.321106,0.230225
16.232548475265503,0.884521,-2.582031,-0.101563,-0.417969,-0.044922,0.306641,0.367188,0.817993,-0.420044,-0.316284,0.233398
16.252136945724487,0.885376,-1.628906,-0.285156,-1.519531,0.156250,0.279297,0.156250,0.818115,-0.421997,-0.312134,0.235046
16.272368669509888,0.885254,-0.562500,-0.023437,-0.019531,0.095703,0.136719,0.091797,0.819153,-0.421936,-0.308899,0.235657
16.29275107383728,0.885254,0.578125,0.250000,1.343750,-0.054687,-0.033203,0.113281,0.819702,-0.421753,-0.307251,0.236145
16.312718629837036,0.884888,0.164062,0.222656,-1.167969,0.056641,-0.125000,0.160156,0.819214,-0.422363,-0.307068,0.237061
16.33243751525879,0.884521,0.140625,0.097656,0.273438,0.128906,-0.181641,0.156250,0.818726,-0.421936,-0.307312,0.239197
16.35298252105713,0.882690,-1.867188,-0.398438,-0.156250,0.058594,-0.166016,-0.064453,0.818420,-0.420715,-0.308044,0.241516
16.373318195343018,0.881836,-0.785156,-0.339844,-1.000000,0.060547,-0.164062,-0.214844,0.818359,-0.419556,-0.309448,0.241943
16.392296075820923,0.881958,0.867187,-0.039063,1.750000,-0.292969,-0.183594,-0.300781,0.818420,-0.418274,-0.311829,0.240845
16.41290807723999,0.883911,1.250000,0.035156,-1.503906,-0.072266,0.142578,-0.099609,0.817627,-0.418823,-0.314941,0.238464
16.432849168777466,0.885132,0.757812,0.007813,-0.125000,-0.076172,0.125000,-0.033203,0.817871,-0.419495,-0.314636,0.236877
16.45275115966797,0.886841,-0.878906,-0.031250,0.058594,0.023437,0.154297,-0.064453,0.818176,-0.420105,-0.313782,0.235840
16.47272276878357,0.889160,2.906250,-0.148437,0.417969,-0.003906,0.402344,0.255859,0.818848,-0.420349,-0.312561,0.234863
16.49289846420288,0.890015,-0.042969,0.207031,0.203125,0.003906,0.244141,0.228516,0.819458,-0.421692,-0.308777,0.235168
16.51271343231201,0.890503,0.289063,-0.085937,-0.617187,0.087891,0.238281,0.279297,0.819763,-0.422913,-0.305542,0.236023
16.532841682434082,0.890991,-1.742188,0.066406,-0.257813,0.058594,0.066406,0.095703,0.820190,-0.423523,-0.302734,0.237305
16.553033590316772,0.891602,-0.109375,0.152344,0.386719,0.007813,0.056641,0.083984,0.820374,-0.423584,-0.301453,0.238098
16.573062896728516,0.891357,0.296875,0.039063,-0.312500,0.011719,0.126953,0.062500,0.820435,-0.423889,-0.300415,0.238586
16.592705249786377,0.891113,0.007813,-0.031250,-0.050781,-0.019531,0.089844,0.048828,0.820679,-0.424255,-0.299133,0.238647
16.61350178718567,0.889771,-0.175781,0.039063,0.445312,-0.058594,0.001953,0.054687,0.820801,-0.424744,-0.298157,0.238708
16.63331913948059,0.889038,-0.437500,0.054687,0.316406,-0.091797,-0.136719,0.041016,0.820435,-0.425354,-0.298096,0.238953
16.653116941452026,0.888428,-0.070312,0.062500,0.187500,-0.093750,-0.228516,0.050781,0.819580,-0.425903,-0.299194,0.239624
16.67317032814026,0.887329,0.734375,0.167969,-2.968750,0.410156,-0.070312,0.148437,0.818665,-0.425903,-0.300720,0.240784
16.693182468414307,0.887451,0.828125,-0.183594,0.523437,0.068359,-0.128906,0.054687,0.819275,-0.423828,-0.300110,0.243103
16.71315360069275,0.887817,-1.257813,-0.277344,-1.722656,0.240234,-0.031250,-0.144531,0.819336,-0.422791,-0.300415,0.244324
16.733444690704346,0.888916,1.445313,-0.269531,0.421875,0.173828,0.185547,0.021484,0.820496,-0.420532,-0.300659,0.244080
16.753418445587158,0.889893,1.218750,0.152344,0.937500,-0.013672,0.236328,0.072266,0.821716,-0.419495,-0.298889,0.243896
16.7729754447937,0.890503,0.253906,0.390625,1.347656,-0.052734,0.181641,0.072266,0.822266,-0.420227,-0.296631,0.243591
16.79348587989807,0.890381,-0.535156,0.097656,0.980469,-0.140625,-0.019531,0.056641,0.822266,-0.421387,-0.295166,0.243286
16.81364393234253,0.890137,0.898437,0.183594,-0.917969,0.078125,-0.042969,0.224609,0.821594,-0.422546,-0.295166,0.243530
16.83324885368347,0.890137,2.375000,0.289063,-2.582031,0.496094,0.068359,0.480469,0.821350,-0.422424,-0.294189,0.245789
16.853210926055908,0.889282,-1.246094,-0.406250,0.281250,0.341797,0.085937,0.111328,0.822083,-0.420654,-0.291016,0.250122
16.87349843978882,0.886963,-3.660156,-1.144531,0.894531,0.318359,0.064453,-0.310547,0.823486,-0.418274,-0.288879,0.251892
16.89364790916443,0.882202,-3.562500,-2.300781,1.742188,0.140625,-0.121094,-0.808594,0.825745,-0.414917,-0.288818,0.250000
16.913713932037354,0.875366,-3.410156,0.546875,-0.800781,0.085937,-0.201172,-0.773437,0.828003,-0.411255,-0.292542,0.244446
16.933720588684082,0.868774,1.382813,1.097656,1.332031,-0.132812,-0.289063,-0.369141,0.829529,-0.407898,-0.297119,0.239258
16.953721046447754,0.865479,-0.589844,0.246094,0.183594,-0.119141,-0.371094,-0.429687,0.829163,-0.406921,-0.301392,0.236755
16.973520517349243,0.861328,-0.589844,0.492187,0.972656,-0.253906,-0.429687,-0.556641,0.828491,-0.405823,-0.306641,0.234253
16.993711233139038,0.852539,2.449219,0.398438,-1.210938,-0.025391,-0.181641,-0.330078,0.827637,-0.405029,-0.312561,0.230835
17.013927936553955,0.851074,2.707031,0.582031,0.343750,-0.121094,-0.169922,-0.062500,0.827515,-0.404053,-0.315674,0.228760
17.033753633499146,0.849609,0.847656,0.140625,-0.343750,-0.169922,-0.224609,-0.039063,0.826721,-0.404297,-0.317688,0.228394
17.05406618118286,0.844727,1.058594,0.621094,-0.019531,-0.296875,-0.216797,0.080078,0.825317,-0.405273,-0.319946,0.228577
17.073928594589233,0.844116,-0.871094,-0.464844,-0.656250,-0.191406,-0.255859,0.058594,0.823303,-0.407227,-0.322205,0.229065
17.093711853027344,0.846924,1.445313,-0.347656,0.355469,-0.285156,-0.146484,0.322266,0.821472,-0.408813,-0.324280,0.230103
17.1138334274292,0.852539,-1.128906,-0.898437,-0.062500,-0.189453,-0.048828,0.181641,0.819336,-0.411316,-0.324951,0.232239
17.134143590927124,0.862427,-0.761719,-0.292969,-0.691406,-0.128906,0.068359,0.070312,0.818054,-0.413269,-0.324890,0.233398
17.15395975112915,0.866333,-1.054688,-0.324219,-0.332031,-0.121094,0.171875,0.027344,0.817505,-0.414795,-0.324280,0.233337
17.173707723617554,0.869385,0.816406,-0.156250,-0.371094,-0.068359,0.333984,0.130859,0.817505,-0.416260,-0.322937,0.232544
17.194119453430176,0.872681,0.542969,0.167969,-0.777344,0.070312,0.292969,0.240234,0.818054,-0.417969,-0.319702,0.232117
17.21405553817749,0.873413,1.027344,0.441406,0.273438,0.072266,0.031250,0.304688,0.818665,-0.419006,-0.316101,0.233154
17.233720541000366,0.873413,-0.933594,0.183594,0.601562,0.189453,-0.111328,0.162109,0.818359,-0.419434,-0.314453,0.235535
17.254088163375854,0.869629,-1.828125,-0.324219,2.332031,0.080078,-0.164062,0.126953,0.818420,-0.418213,-0.313965,0.238159
17.274221897125244,0.867554,-2.128906,-0.332031,-1.152344,0.076172,-0.183594,-0.177734,0.818298,-0.416931,-0.314575,0.240112
17.293884992599487,0.864258,-1.503906,-0.269531,0.937500,-0.189453,-0.230469,-0.392578,0.818237,-0.415466,-0.316895,0.239624
17.314396142959595,0.864136,-0.929687,-0.347656,1.539063,-0.396484,-0.072266,-0.345703,0.817688,-0.415344,-0.320557,0.236938
17.334189414978027,0.866821,2.679688,0.281250,-1.910156,-0.044922,0.183594,-0.039063,0.816772,-0.416992,-0.323364,0.233337
17.35372233390808,0.869263,0.671875,0.097656,0.648437,-0.015625,0.210937,0.125000,0.816956,-0.417847,-0.322754,0.231873
17.374306440353394,0.873413,4.058594,0.183594,-1.617188,0.347656,0.427734,0.615234,0.817444,-0.418762,-0.320007,0.232361
17.394716501235962,0.873657,0.031250,0.066406,-1.007813,0.283203,0.105469,0.251953,0.818665,-0.418884,-0.313904,0.236206
17.414169549942017,0.873291,-3.699219,-0.953125,0.156250,0.375000,0.062500,-0.074219,0.819885,-0.417358,-0.310486,0.239136
17.434097290039062,0.871460,-3.820313,-2.035156,0.960937,0.173828,0.029297,-0.599609,0.821777,-0.414429,-0.309448,0.239258
17.454549074172974,0.862305,-3.609375,-0.910156,0.238281,0.050781,-0.068359,-0.824219,0.823914,-0.411194,-0.311340,0.234863
17.47464609146118,0.855591,1.574219,1.617188,1.089844,-0.062500,-0.076172,-0.474609,0.825806,-0.408081,-0.314880,0.228821
17.494375705718994,0.845093,1.113281,0.914062,0.707031,-0.167969,-0.207031,-0.359375,0.826355,-0.406921,-0.317688,0.224915
17.5147385597229,0.827148,0.765625,0.597656,-0.011719,-0.222656,-0.306641,-0.369141,0.825867,-0.406677,-0.321228,0.222168
17.534657955169678,0.822632,1.531250,0.371094,0.003906,-0.218750,-0.250000,-0.232422,0.824829,-0.406616,-0.325684,0.219666
17.55420207977295,0.822632,4.273437,0.835937,-0.644531,-0.080078,-0.105469,0.248047,0.823669,-0.407104,-0.328857,0.218384
17.574710369110107,0.825562,0.101563,0.027344,-0.429687,-0.126953,-0.115234,0.400391,0.822327,-0.408447,-0.329163,0.220398
17.59478783607483,0.827271,-2.226563,-1.207031,-0.636719,-0.111328,-0.058594,0.175781,0.820679,-0.410461,-0.328796,0.223450
17.61449909210205,0.828979,-1.609375,-0.769531,-0.421875,-0.076172,-0.095703,0.039063,0.819641,-0.411743,-0.328796,0.224915
17.635014533996582,0.838379,-0.074219,0.125000,0.710937,-0.144531,-0.136719,0.068359,0.818787,-0.412415,-0.329590,0.225464
17.655006885528564,0.845459,0.355469,-0.203125,-0.093750,-0.179687,-0.037109,0.113281,0.817627,-0.413574,-0.330627,0.226074
17.674362182617188,0.852051,-0.789062,-0.292969,-0.796875,-0.103516,0.037109,0.025391,0.816528,-0.415283,-0.330872,0.226501
17.694968700408936,0.859253,-0.503906,-0.363281,0.023437,-0.121094,0.183594,0.003906,0.816101,-0.416565,-0.330627,0.226196
17.714951992034912,0.860352,0.363281,-0.164062,-1.140625,0.017578,0.224609,0.078125,0.816223,-0.417786,-0.329407,0.225220
17.734548807144165,0.861084,0.625000,0.464844,0.773437,-0.035156,0.009766,0.171875,0.816711,-0.418518,-0.327332,0.225037
17.75445580482483,0.861450,0.617187,0.097656,-0.796875,0.082031,0.007813,0.212891,0.816345,-0.419434,-0.326294,0.226196
17.774925708770752,0.861572,-0.777344,-0.054687,-0.925781,0.083984,-0.076172,0.091797,0.816223,-0.419434,-0.325317,0.228088
17.795116186141968,0.861694,-2.125000,-0.417969,0.328125,0.121094,-0.005859,-0.095703,0.816162,-0.418823,-0.325378,0.229248
17.81471848487854,0.862793,1.046875,-0.117188,1.273438,-0.015625,0.105469,0.011719,0.816711,-0.417786,-0.325562,0.229004
17.835068941116333,0.868164,0.464844,0.042969,0.304688,-0.044922,0.251953,0.072266,0.817017,-0.418152,-0.324585,0.228577
17.854986429214478,0.870361,0.335938,0.328125,-0.085937,-0.041016,0.062500,0.113281,0.817444,-0.419189,-0.322510,0.228149
17.87472891807556,0.871216,0.902344,0.144531,-1.914063,0.103516,0.013672,0.259766,0.817200,-0.420105,-0.321533,0.228699
17.895248413085938,0.870361,-1.250000,0.097656,-0.882812,0.306641,-0.087891,0.134766,0.817078,-0.419983,-0.320435,0.230957
17.915650606155396,0.868652,-1.863281,-0.882812,-0.777344,0.226562,-0.001953,-0.113281,0.817810,-0.417786,-0.319702,0.233215
17.935023069381714,0.866577,-1.398438,-0.753906,0.074219,0.166016,0.076172,-0.224609,0.819031,-0.415527,-0.319641,0.233215
17.955074071884155,0.865356,1.332031,0.968750,0.234375,0.156250,0.091797,-0.232422,0.820435,-0.413574,-0.319702,0.231567
17.97504210472107,0.866821,4.105469,1.621094,0.976562,0.035156,0.175781,0.291016,0.821777,-0.412048,-0.319214,0.230103
17.995299816131592,0.870239,2.351563,0.730469,0.738281,-0.048828,0.199219,0.525391,0.821838,-0.413086,-0.316650,0.231689
18.01515769958496,0.873779,-1.355469,-1.312500,-0.417969,0.021484,0.162109,0.277344,0.821228,-0.415283,-0.313110,0.234741
18.035269260406494,0.877686,-0.121094,-0.230469,0.101563,0.021484,0.212891,0.166016,0.821167,-0.416443,-0.310486,0.236450
18.055253744125366,0.878662,0.968750,0.011719,0.785156,-0.093750,0.216797,0.216797,0.821411,-0.417358,-0.308044,0.237122
18.074987173080444,0.879272,-0.910156,0.074219,0.066406,-0.121094,0.089844,0.062500,0.821167,-0.419128,-0.305786,0.237610
18.09557032585144,0.878662,-1.070313,-0.031250,0.546875,-0.162109,-0.042969,-0.099609,0.820740,-0.420593,-0.305176,0.237305
18.115739107131958,0.876465,0.324219,0.359375,-0.109375,-0.152344,-0.080078,-0.130859,0.820129,-0.421692,-0.306213,0.236206
18.135247230529785,0.874512,1.496094,0.289063,0.257813,-0.074219,-0.128906,0.048828,0.819580,-0.422302,-0.307678,0.235229
18.15571403503418,0.873047,0.578125,0.441406,-1.312500,0.230469,-0.066406,0.166016,0.818909,-0.422546,-0.308716,0.235779
18.17572832107544,0.872314,1.039063,-0.285156,-0.425781,0.134766,0.083984,0.171875,0.819031,-0.421570,-0.308105,0.237793
18.195220947265625,0.872559,-1.351563,-0.207031,0.324219,0.058594,0.027344,0.093750,0.819397,-0.421204,-0.306335,0.239319
18.215840339660645,0.878052,0.503906,-0.109375,-1.039063,0.207031,0.152344,0.162109,0.819641,-0.421021,-0.305481,0.240173
18.2358341217041,0.880615,1.214844,-0.062500,0.609375,0.111328,0.201172,0.228516,0.820312,-0.420471,-0.303223,0.241516
18.255724668502808,0.882080,-0.828125,-0.183594,-0.617187,0.128906,0.417969,0.183594,0.821045,-0.420654,-0.299988,0.242859
18.27571988105774,0.883911,0.070312,-0.175781,1.425781,-0.103516,0.283203,0.107422,0.822205,-0.421204,-0.295959,0.242920
18.295981645584106,0.885254,-1.117188,0.222656,-0.097656,-0.076172,0.138672,0.042969,0.822449,-0.422852,-0.293274,0.242432
18.315658807754517,0.885376,0.675781,0.000000,0.207031,-0.019531,0.210937,0.197266,0.822388,-0.424194,-0.291809,0.242065
18.335736989974976,0.885010,1.335938,-0.031250,-1.578125,0.107422,0.041016,0.083984,0.822510,-0.425171,-0.289490,0.242737
18.35611915588379,0.880615,-0.058594,-0.324219,-0.957031,0.250000,-0.041016,-0.111328,0.823059,-0.424438,-0.288269,0.243530
18.375979900360107,0.876587,-0.941406,-0.316406,0.007813,0.271484,-0.230469,-0.265625,0.824158,-0.421997,-0.288757,0.243408
18.39573097229004,0.873047,0.519531,0.871094,0.023437,0.228516,-0.345703,-0.171875,0.825256,-0.418640,-0.290955,0.243103
18.41647696495056,0.868774,0.695312,0.816406,1.058594,-0.003906,-0.371094,-0.076172,0.825562,-0.415527,-0.294006,0.243652
18.436243057250977,0.868408,1.316406,0.371094,1.140625,-0.308594,-0.291016,0.095703,0.824585,-0.414490,-0.297363,0.244568
18.45575261116028,0.870972,-0.414062,-1.671875,-0.878906,-0.169922,-0.042969,0.054687,0.822632,-0.415955,-0.299927,0.245544
18.476365327835083,0.876953,-1.878906,-0.277344,0.070312,-0.164062,0.009766,-0.130859,0.821533,-0.417419,-0.300903,0.245667
18.496511220932007,0.878662,-1.433594,-0.468750,-1.148438,-0.011719,0.109375,-0.160156,0.821228,-0.418335,-0.301636,0.244141
18.516021966934204,0.878906,0.734375,-0.437500,-0.234375,0.046875,0.132812,-0.072266,0.821777,-0.418274,-0.301575,0.242371
18.536251544952393,0.878174,0.402344,-0.230469,-2.000000,0.351563,0.175781,-0.011719,0.822632,-0.417908,-0.300659,0.241394
18.55630898475647,0.878418,-0.285156,-0.269531,-0.500000,0.388672,0.070312,-0.027344,0.824463,-0.415649,-0.298645,0.241455
18.57574462890625,0.878906,1.191406,0.699219,0.167969,0.234375,0.105469,0.226562,0.826355,-0.412598,-0.296997,0.242249
18.596100568771362,0.879639,2.832031,1.445313,2.304688,-0.117188,0.005859,0.562500,0.826965,-0.411682,-0.294739,0.244446
18.616506338119507,0.880737,-1.027344,-1.410156,0.113281,-0.167969,-0.003906,0.361328,0.825195,-0.414185,-0.292847,0.248352
18.635916709899902,0.881958,-2.863281,-0.507812,-0.781250,-0.091797,0.068359,0.130859,0.823425,-0.416992,-0.291931,0.250793
18.656118392944336,0.883545,-1.156250,-0.300781,-0.500000,-0.158203,0.103516,0.076172,0.822754,-0.418457,-0.291260,0.251221
18.676719665527344,0.886841,-0.320313,0.066406,-1.019531,-0.056641,0.230469,0.078125,0.822327,-0.420166,-0.290222,0.250977
18.69642400741577,0.887085,0.515625,0.000000,0.589844,-0.089844,0.189453,0.134766,0.822388,-0.421692,-0.288208,0.250549
18.716211080551147,0.887207,-0.945312,0.074219,-0.710937,0.023437,0.107422,0.011719,0.822327,-0.423035,-0.286438,0.250488
18.736823797225952,0.885986,-0.531250,-0.078125,-0.414062,0.044922,-0.052734,-0.046875,0.822632,-0.423157,-0.285583,0.250305
18.75685405731201,0.885132,-0.003906,-0.324219,-1.273438,0.269531,-0.078125,-0.039063,0.822876,-0.422424,-0.285950,0.250366
18.776537656784058,0.883301,-1.222656,-0.859375,-0.246094,0.337891,-0.158203,-0.244141,0.823853,-0.419983,-0.286255,0.250916
18.796489477157593,0.879883,-0.203125,0.250000,0.050781,0.201172,-0.091797,-0.191406,0.825317,-0.416321,-0.287537,0.250610
18.81705379486084,0.878418,1.281250,1.117188,0.773437,0.011719,-0.240234,-0.113281,0.826355,-0.413818,-0.288818,0.250000
18.83621835708618,0.877930,1.871094,1.269531,1.039063,-0.169922,-0.294922,0.119141,0.825989,-0.412842,-0.291077,0.250183
18.85672640800476,0.880737,1.847656,0.351563,0.972656,-0.238281,-0.214844,0.337891,0.824097,-0.413879,-0.293518,0.251831
18.877086877822876,0.884277,-1.875000,-2.156250,-1.722656,-0.109375,0.031250,0.103516,0.821899,-0.415955,-0.294434,0.254456
18.89657187461853,0.886719,-1.714844,-0.652344,-0.062500,-0.109375,0.128906,-0.095703,0.821350,-0.416992,-0.294006,0.254944
18.916358470916748,0.887695,-0.687500,-0.460937,-0.253906,-0.082031,0.175781,-0.187500,0.821594,-0.417786,-0.293518,0.253418
18.937224864959717,0.886963,-0.207031,-0.164062,-0.710937,0.115234,0.185547,-0.140625,0.822327,-0.418274,-0.293091,0.250916
18.956915616989136,0.886719,1.488281,-0.425781,-1.496094,0.408203,0.179687,-0.082031,0.823608,-0.417542,-0.291809,0.249329
18.976716995239258,0.886597,1.917969,1.070313,0.648437,0.351563,0.080078,0.099609,0.825867,-0.414734,-0.289673,0.249146
18.998162508010864,0.886719,1.648438,1.292969,1.765625,0.062500,0.025391,0.271484,0.827209,-0.412537,-0.287781,0.250488
19.0169677734375,0.886963,2.324219,1.359375,2.210938,-0.330078,0.066406,0.519531,0.826843,-0.412903,-0.286194,0.252869
19.036722660064697,0.887817,0.535156,-0.347656,0.566406,-0.164062,0.070312,0.363281,0.824646,-0.416748,-0.284363,0.255859
19.056933164596558,0.890381,-2.183594,-0.437500,-0.980469,-0.095703,0.041016,0.093750,0.822998,-0.419678,-0.282898,0.257996
19.077086448669434,0.891357,-0.406250,-0.230469,-0.277344,-0.080078,0.105469,-0.017578,0.822327,-0.421082,-0.282471,0.258240
19.09678030014038,0.892090,0.605469,0.007813,-0.117188,-0.058594,0.160156,0.021484,0.822266,-0.422058,-0.281860,0.257446
19.117105722427368,0.892944,0.312500,0.089844,-0.039063,-0.064453,0.082031,0.072266,0.822388,-0.422974,-0.280701,0.256836
19.13709855079651,0.893066,0.296875,0.023437,-0.062500,-0.093750,0.001953,0.132812,0.822083,-0.424011,-0.279907,0.256958
19.157177448272705,0.892334,-0.691406,0.078125,0.527344,-0.105469,-0.166016,0.097656,0.821350,-0.425110,-0.279785,0.257751
19.177095413208008,0.889893,0.000000,-0.031250,-1.257813,0.085937,-0.150391,0.123047,0.820312,-0.425720,-0.280762,0.259033
19.19735026359558,0.889771,0.246094,-0.046875,-2.628906,0.128906,-0.117188,0.060547,0.820068,-0.424744,-0.281128,0.260925
19.21692705154419,0.889893,1.332031,-0.175781,-1.687500,0.212891,0.017578,-0.085937,0.820312,-0.423157,-0.281555,0.262085
19.236802577972412,0.890259,0.605469,0.105469,1.078125,0.097656,0.111328,-0.015625,0.821289,-0.421448,-0.281494,0.261841
19.257370710372925,0.891724,0.703125,-0.015625,0.410156,0.035156,0.250000,0.054687,0.822144,-0.420837,-0.280334,0.261475
19.277423858642578,0.892578,-0.007813,0.183594,0.710937,-0.046875,0.117188,0.048828,0.822815,-0.421265,-0.278198,0.260986
19.29710555076599,0.893188,-0.566406,0.039063,-0.085937,-0.037109,-0.019531,-0.003906,0.822876,-0.421997,-0.277222,0.260681
19.31744074821472,0.892334,0.660156,0.000000,-0.355469,0.021484,-0.015625,0.072266,0.822693,-0.422302,-0.277344,0.260681
19.33742594718933,0.891846,1.058594,0.199219,0.066406,0.070312,-0.039063,0.210937,0.822449,-0.422363,-0.277222,0.261414
19.357450008392334,0.891602,1.824219,0.449219,-1.464844,0.365234,-0.162109,0.318359,0.822205,-0.422058,-0.276306,0.263611
19.377501487731934,0.892334,-1.355469,0.304688,-0.507812,0.404297,-0.583984,0.105469,0.822327,-0.419678,-0.275696,0.267700
19.39764904975891,0.890381,-1.417969,-0.699219,0.085937,0.369141,-0.570312,-0.113281,0.822266,-0.414856,-0.278748,0.272156
19.417566061019897,0.886353,-4.437500,-1.128906,-0.785156,0.347656,-0.332031,-0.609375,0.822693,-0.409546,-0.283020,0.274475
19.438117265701294,0.874878,-5.957031,-0.968750,-0.703125,-0.410156,-0.693359,-1.693359,0.824707,-0.403931,-0.288147,0.271484
19.45778250694275,0.863770,-0.210937,-1.785156,-4.382812,-0.416016,-0.511719,-2.037109,0.825684,-0.400513,-0.300842,0.259583
19.47727870941162,0.855713,3.343750,0.867187,-1.765625,0.175781,-0.375000,-1.445313,0.827515,-0.396240,-0.314087,0.244019
19.497722625732422,0.841675,3.285156,1.921875,2.242188,-0.011719,-0.205078,-0.894531,0.830383,-0.389648,-0.322327,0.233887
19.527718544006348,0.831421,0.808594,0.503906,2.343750,-0.312500,-0.095703,-0.630859,0.831665,-0.386597,-0.331726,0.221069
19.548285484313965,0.804443,0.476562,0.433594,0.835937,-0.501953,0.138672,-0.476562,0.831238,-0.389343,-0.333557,0.215027
19.568264722824097,0.785400,1.503906,0.871094,0.851562,-0.384766,0.130859,-0.341797,0.830811,-0.391785,-0.334717,0.210266
19.587740182876587,0.768188,1.386719,0.609375,1.527344,-0.396484,-0.050781,-0.302734,0.829712,-0.394104,-0.337036,0.206543
19.608267545700073,0.752319,1.714844,0.605469,1.171875,-0.580078,-0.160156,-0.267578,0.827515,-0.397766,-0.340332,0.203003
19.628506422042847,0.745605,1.722656,-0.031250,0.062500,-0.710937,-0.035156,-0.162109,0.824890,-0.402954,-0.342712,0.199402
19.647875785827637,0.748413,1.109375,-0.988281,-3.156250,-0.556641,0.158203,-0.078125,0.823303,-0.407410,-0.343018,0.196411
19.668925523757935,0.771240,-0.667969,-1.601563,-3.246094,-0.105469,0.289063,0.017578,0.823792,-0.408936,-0.340881,0.194824
19.688661813735962,0.780762,-1.402344,-0.734375,-2.039063,0.210937,0.468750,-0.082031,0.826233,-0.408020,-0.336975,0.193054
19.70837426185608,0.787964,0.582031,0.351563,0.343750,0.244141,0.451172,-0.023437,0.828735,-0.406799,-0.332947,0.192017
19.728502988815308,0.796631,1.863281,1.308594,2.097656,0.197266,0.277344,0.177734,0.829956,-0.406433,-0.329651,0.192993
19.7486674785614,0.800537,0.578125,0.675781,0.550781,0.021484,0.023437,0.378906,0.829590,-0.407410,-0.327698,0.195984
19.768237590789795,0.805542,-0.625000,-0.320313,-0.101563,0.009766,0.001953,0.396484,0.828796,-0.408691,-0.326111,0.199158
19.789076566696167,0.816040,-1.542969,-0.679687,-0.394531,-0.121094,0.037109,0.232422,0.828003,-0.410461,-0.325073,0.200623
19.808539390563965,0.822021,1.324219,-0.007813,-0.421875,-0.072266,0.074219,0.154297,0.827698,-0.411743,-0.323730,0.201477
19.828660249710083,0.826294,0.894531,0.085937,0.472656,0.039063,0.222656,0.332031,0.827759,-0.413025,-0.320801,0.203308
19.848280668258667,0.830078,-0.230469,0.460937,0.433594,-0.033203,0.083984,0.332031,0.827209,-0.414551,-0.318726,0.205566
19.869104862213135,0.832642,-0.574219,-0.019531,0.027344,-0.082031,0.003906,0.244141,0.826416,-0.416016,-0.317810,0.207336
19.888828992843628,0.833252,0.324219,0.042969,0.750000,-0.115234,-0.050781,0.140625,0.825439,-0.417419,-0.317871,0.208374
19.908672094345093,0.833740,0.453125,0.035156,0.398438,-0.189453,-0.117188,0.156250,0.823914,-0.419250,-0.318542,0.209534
19.92920160293579,0.834839,-0.027344,-0.050781,0.175781,-0.218750,-0.156250,0.173828,0.822144,-0.421204,-0.319580,0.210876
19.949178457260132,0.834351,-0.464844,-0.070312,-0.734375,-0.152344,-0.208984,0.087891,0.820618,-0.422302,-0.321533,0.211853
19.96866774559021,0.833496,-0.207031,-0.261719,-0.496094,-0.187500,-0.396484,-0.158203,0.818970,-0.422607,-0.325439,0.211731
19.98912763595581,0.832886,-1.480469,-0.140625,1.320313,-0.097656,-0.248047,-0.121094,0.817627,-0.422913,-0.328796,0.211060
20.00896644592285,0.834961,1.898438,-0.210937,-1.828125,-0.123047,-0.111328,-0.058594,0.816650,-0.423584,-0.330811,0.210327
20.028815507888794,0.839844,-1.179688,-0.246094,0.457031,-0.140625,-0.023437,-0.115234,0.816284,-0.424316,-0.331543,0.209167
20.04903292655945,0.850220,1.042969,-0.046875,-0.257813,-0.082031,0.162109,-0.054687,0.816467,-0.425232,-0.330688,0.207825
20.068976163864136,0.858032,0.328125,0.035156,0.195312,-0.025391,0.121094,0.041016,0.816650,-0.426025,-0.329346,0.207581
20.088910818099976,0.863037,1.187500,-0.148437,-0.746094,0.041016,0.224609,0.246094,0.817017,-0.426697,-0.327026,0.208496
20.109184980392456,0.864502,-1.660156,-0.003906,-0.164062,0.128906,0.058594,0.076172,0.817688,-0.426086,-0.325439,0.209473
20.129663228988647,0.862549,-1.984375,0.257813,0.714844,0.228516,0.099609,0.107422,0.818665,-0.424866,-0.324036,0.210510
20.14949679374695,0.859131,0.882812,0.203125,0.000000,0.158203,-0.027344,-0.017578,0.819275,-0.423401,-0.324036,0.210937
20.168856143951416,0.855591,-0.359375,-0.011719,-0.527344,0.228516,-0.027344,-0.044922,0.820251,-0.421326,-0.323914,0.211487
20.18949270248413,0.851807,-0.175781,-0.187500,-0.382813,0.300781,-0.048828,-0.037109,0.821289,-0.418945,-0.323914,0.212402
20.209292888641357,0.851929,1.792969,0.578125,0.566406,0.105469,-0.072266,0.130859,0.821228,-0.418274,-0.323792,0.214050
20.229358673095703,0.853638,0.179687,-0.402344,0.613281,0.000000,-0.064453,0.224609,0.820496,-0.418945,-0.323364,0.216125
20.249565839767456,0.860596,-0.871094,-0.261719,0.246094,-0.089844,-0.023437,0.164062,0.819763,-0.420044,-0.323120,0.217163
20.269843816757202,0.863037,-1.437500,-0.371094,-0.472656,-0.058594,0.050781,-0.001953,0.819519,-0.420898,-0.322876,0.216797
20.289204359054565,0.864868,-0.601562,0.027344,0.023437,-0.289063,0.068359,-0.085937,0.818848,-0.422974,-0.323059,0.214966
20.30985426902771,0.866699,0.585937,-0.070312,0.593750,-0.162109,0.134766,-0.064453,0.818359,-0.424866,-0.323059,0.213013
20.32972526550293,0.867798,0.195312,-0.015625,-0.718750,-0.212891,0.062500,-0.062500,0.817688,-0.426819,-0.323303,0.211426
20.34946632385254,0.868286,-0.734375,0.218750,-0.625000,-0.085937,0.021484,-0.097656,0.817505,-0.427429,-0.323608,0.210327
20.369399547576904,0.868774,0.523437,0.144531,-0.128906,-0.015625,0.017578,-0.052734,0.817627,-0.427429,-0.323669,0.209839
20.389787673950195,0.868530,0.875000,0.218750,0.792969,0.031250,-0.042969,0.033203,0.817444,-0.427368,-0.323853,0.210388
20.409738302230835,0.867676,0.539062,0.152344,0.855469,-0.062500,-0.154297,0.130859,0.816528,-0.427979,-0.324524,0.211792
20.429813861846924,0.865112,0.187500,0.183594,0.132812,0.275391,-0.058594,0.203125,0.816711,-0.426758,-0.323853,0.214417
20.44983434677124,0.863892,-1.406250,-0.402344,0.761719,0.205078,-0.107422,0.166016,0.816956,-0.425293,-0.323486,0.216858
20.469906330108643,0.863647,-0.902344,-0.214844,-1.261719,0.210937,-0.066406,0.058594,0.817322,-0.423828,-0.323547,0.218323
20.489216089248657,0.864258,-0.562500,-0.453125,1.105469,0.035156,-0.035156,0.000000,0.817566,-0.423035,-0.323669,0.218628
20.509811401367188,0.867676,0.660156,-0.277344,0.007813,0.105469,0.103516,-0.085937,0.818420,-0.422363,-0.322998,0.217896
20.52987790107727,0.869019,-0.355469,-0.316406,0.367188,0.023437,0.292969,-0.023437,0.819458,-0.422668,-0.320862,0.216492
20.54952621459961,0.870117,0.203125,0.371094,0.285156,-0.037109,0.283203,-0.017578,0.820190,-0.423340,-0.318970,0.215271
20.56989049911499,0.872681,1.484375,0.417969,1.738281,-0.050781,0.003906,0.111328,0.819885,-0.424072,-0.318237,0.216003
20.589890956878662,0.873413,-1.000000,-0.062500,-1.066406,0.039063,0.042969,0.289063,0.819580,-0.424683,-0.316833,0.218140
20.609533309936523,0.873047,-1.886719,-0.339844,-1.058594,0.201172,0.042969,0.177734,0.820068,-0.423645,-0.315613,0.219849
20.63009524345398,0.869751,-2.062500,-0.593750,0.015625,0.232422,0.000000,-0.117188,0.821228,-0.421570,-0.315552,0.219666
20.65006422996521,0.868408,-0.714844,-0.632812,-0.093750,0.181641,0.037109,-0.250000,0.822693,-0.419250,-0.315918,0.218201
20.669520139694214,0.868286,3.351563,1.558594,0.816406,0.255859,0.009766,-0.199219,0.824158,-0.416748,-0.315857,0.217529
20.690077781677246,0.870361,3.214844,1.070313,0.785156,0.162109,0.095703,0.261719,0.824585,-0.416443,-0.313782,0.219604
20.71017551422119,0.871460,0.074219,0.019531,0.855469,0.011719,0.105469,0.457031,0.824036,-0.417908,-0.311096,0.222717
20.732808589935303,0.873169,-1.984375,-0.992187,-0.417969,-0.050781,0.123047,0.224609,0.823608,-0.419312,-0.309265,0.223999
20.749675989151,0.874634,-0.925781,-0.132812,0.625000,-0.091797,0.142578,0.103516,0.823425,-0.420654,-0.307983,0.223999
20.770262718200684,0.877441,0.707031,0.152344,0.171875,-0.095703,0.136719,0.050781,0.823242,-0.422119,-0.306763,0.223633
20.790374279022217,0.878296,1.925781,0.058594,0.593750,-0.132812,0.251953,0.257813,0.822998,-0.424316,-0.303894,0.224243
20.80993914604187,0.878906,-0.187500,-0.078125,-0.906250,-0.019531,0.359375,0.292969,0.823242,-0.426208,-0.300049,0.224976
20.830244064331055,0.879028,0.242187,-0.445312,-0.386719,-0.031250,0.250000,0.130859,0.823547,-0.427429,-0.297363,0.224976
20.85015606880188,0.877441,-2.445313,-0.132812,0.257813,-0.005859,0.158203,0.128906,0.823730,-0.428101,-0.295837,0.225098
20.870105743408203,0.875244,-0.937500,-0.109375,-0.242187,0.050781,-0.097656,-0.132812,0.823853,-0.427307,-0.296936,0.224731
20.890714406967163,0.868286,0.792969,0.257813,-0.363281,0.119141,-0.138672,-0.109375,0.824158,-0.425720,-0.298279,0.224792
20.910667657852173,0.866577,-0.089844,0.433594,0.050781,0.128906,-0.263672,-0.082031,0.824158,-0.423828,-0.300476,0.225525
20.929858446121216,0.865845,0.023437,0.273438,0.011719,0.109375,-0.302734,-0.082031,0.823792,-0.422119,-0.303040,0.226501
20.95052170753479,0.865967,0.921875,0.074219,0.332031,0.013672,-0.224609,-0.015625,0.823181,-0.421509,-0.304932,0.227356
20.97073793411255,0.868652,0.308594,-0.300781,0.464844,-0.080078,-0.136719,0.052734,0.822388,-0.421936,-0.306030,0.228088
20.990227937698364,0.871582,-0.886719,-0.402344,-0.546875,-0.121094,-0.019531,0.003906,0.821838,-0.422729,-0.306458,0.227905
21.010730028152466,0.873535,-1.039063,-0.363281,0.304688,-0.085937,0.093750,-0.076172,0.821960,-0.423401,-0.306274,0.226624
21.031010389328003,0.873291,-0.558594,-0.363281,-0.453125,-0.095703,0.134766,-0.144531,0.822327,-0.423828,-0.306152,0.224548
21.050928831100464,0.872437,-0.046875,-0.156250,-1.050781,0.125000,0.068359,-0.181641,0.823303,-0.422729,-0.306030,0.223145
21.070064544677734,0.872314,0.988281,0.320313,-0.640625,0.281250,0.087891,-0.048828,0.824768,-0.420593,-0.305054,0.223206
21.090830087661743,0.871948,0.957031,0.910156,0.691406,0.292969,-0.017578,0.072266,0.825806,-0.418396,-0.304138,0.224731
21.11057949066162,0.872314,1.066406,0.871094,1.250000,0.082031,-0.023437,0.220703,0.825562,-0.418274,-0.303223,0.226868
21.130388975143433,0.873413,0.691406,0.441406,1.000000,-0.132812,-0.027344,0.310547,0.824463,-0.419983,-0.302490,0.229004
21.15080451965332,0.876587,-0.539062,-0.156250,0.058594,-0.062500,0.035156,0.167969,0.823792,-0.421204,-0.301575,0.230103
21.1707444190979,0.878174,-0.703125,-0.253906,-0.441406,-0.044922,0.119141,0.101563,0.823730,-0.422241,-0.300232,0.230286
21.190740823745728,0.879395,-0.257813,-0.324219,0.085937,-0.058594,0.218750,0.052734,0.824036,-0.423218,-0.298462,0.229675
21.211422443389893,0.881226,-0.386719,-0.132812,0.011719,-0.070312,0.181641,0.011719,0.824280,-0.424011,-0.297180,0.228943
21.230829000473022,0.881836,2.226563,0.257813,1.089844,-0.056641,-0.066406,0.023437,0.823853,-0.424561,-0.297363,0.229370
21.250404357910156,0.881836,1.660156,0.160156,-0.710937,0.033203,-0.035156,0.351563,0.823059,-0.425293,-0.296326,0.232178
21.27096676826477,0.880249,-1.527344,-0.070312,-1.652344,0.222656,-0.082031,0.269531,0.822998,-0.424377,-0.295471,0.234985
21.291179656982422,0.878052,-3.542969,-0.898437,-0.375000,0.142578,-0.029297,-0.132812,0.823853,-0.422791,-0.295776,0.234741
21.311051845550537,0.875732,-1.175781,-0.300781,1.617188,0.031250,-0.017578,-0.281250,0.824524,-0.421692,-0.297119,0.232544
21.330933809280396,0.875366,0.640625,0.535156,0.035156,-0.109375,-0.058594,-0.369141,0.824646,-0.421570,-0.299194,0.229614
21.35112452507019,0.878540,3.359375,1.429688,1.253906,-0.242187,0.080078,-0.027344,0.824097,-0.423279,-0.299316,0.228333
21.371453285217285,0.880981,1.980469,0.464844,0.164062,-0.199219,0.099609,0.173828,0.823120,-0.425781,-0.298157,0.228699
21.390769004821777,0.882446,-2.031250,-0.390625,-1.082031,-0.134766,0.083984,0.267578,0.822205,-0.427795,-0.296814,0.229980
21.411369800567627,0.884521,-1.242188,-0.230469,-0.156250,-0.013672,-0.015625,0.082031,0.821838,-0.428223,-0.296631,0.230713
21.43140482902527,0.883911,-0.371094,-0.117188,0.121094,-0.003906,-0.082031,0.003906,0.821594,-0.428101,-0.297180,0.231140
21.450873136520386,0.883057,0.910156,-0.085937,-1.628906,0.103516,0.017578,0.083984,0.822021,-0.427307,-0.296326,0.232178
21.471239805221558,0.880249,-1.671875,-0.140625,1.265625,0.302734,0.072266,0.134766,0.823059,-0.425476,-0.294800,0.233704
21.491008281707764,0.879272,0.628906,0.304688,-0.250000,0.175781,-0.062500,0.011719,0.823608,-0.424011,-0.294617,0.234741
21.511188507080078,0.879517,1.148438,0.382813,0.761719,0.085937,-0.027344,0.160156,0.823608,-0.423584,-0.293823,0.236450
21.531464338302612,0.882324,0.093750,-0.062500,-0.027344,0.113281,0.097656,0.335938,0.823547,-0.423889,-0.291504,0.239014
21.5513596534729,0.883545,-0.648437,-0.093750,0.531250,0.095703,0.074219,0.314453,0.823364,-0.424316,-0.289307,0.241516
21.570802211761475,0.884888,-1.183594,-0.085937,0.453125,-0.015625,0.058594,0.185547,0.822998,-0.425110,-0.288147,0.242737
21.591530323028564,0.885254,-0.257813,-0.183594,0.316406,-0.113281,0.037109,0.044922,0.822449,-0.426331,-0.287964,0.242615
21.611728191375732,0.885498,-0.066406,0.382813,-0.097656,-0.343750,0.015625,-0.015625,0.821289,-0.428772,-0.288574,0.241638
21.631741762161255,0.886719,1.207031,0.292969,-0.585937,-0.251953,-0.023437,0.044922,0.820068,-0.430908,-0.289185,0.241272
21.651283979415894,0.888062,1.007813,0.078125,-0.074219,-0.117188,0.035156,0.177734,0.819214,-0.432373,-0.288696,0.242065
21.671618938446045,0.890137,-2.050781,-0.261719,-1.144531,-0.007813,0.011719,0.046875,0.819092,-0.432678,-0.288330,0.242432
21.691458702087402,0.890625,-0.027344,-0.046875,0.761719,0.070312,0.046875,-0.074219,0.819641,-0.432068,-0.288147,0.241882
21.711398601531982,0.890625,0.078125,-0.312500,0.179687,0.011719,-0.025391,-0.042969,0.819763,-0.431702,-0.288391,0.241699
21.731768131256104,0.887451,0.085937,-0.207031,-0.371094,0.085937,-0.019531,0.037109,0.820068,-0.430969,-0.288391,0.242187
21.751750469207764,0.884033,-1.468750,-0.152344,-0.472656,0.193359,-0.074219,-0.113281,0.820801,-0.429138,-0.288879,0.242187
21.771347522735596,0.880005,-4.718750,-0.804687,-0.800781,0.201172,-0.173828,-0.271484,0.821960,-0.426086,-0.291077,0.241089
21.791802406311035,0.870972,0.367188,0.757812,0.707031,0.214844,-0.250000,-0.666016,0.823608,-0.421997,-0.295227,0.237549
21.811842679977417,0.866455,2.242188,1.222656,1.019531,0.023437,-0.117188,-0.443359,0.824402,-0.420227,-0.297974,0.234558
21.83188486099243,0.861450,3.285156,1.347656,1.359375,-0.148437,-0.058594,-0.132812,0.823975,-0.420776,-0.299500,0.233154
21.8519127368927,0.853271,1.714844,0.175781,-0.496094,-0.144531,-0.027344,-0.001953,0.823242,-0.421936,-0.300049,0.232849
21.872105360031128,0.854248,0.195312,-0.500000,-0.472656,-0.146484,-0.070312,0.167969,0.822205,-0.423218,-0.300232,0.233948
21.891812324523926,0.857910,-3.097656,-1.226563,-1.468750,0.023437,-0.101563,0.039063,0.821838,-0.423096,-0.300781,0.234741
21.912349939346313,0.865845,-0.453125,-0.316406,-1.253906,0.107422,0.003906,-0.056641,0.822327,-0.422241,-0.300781,0.234558
21.93196201324463,0.868530,1.507813,0.417969,1.046875,-0.013672,0.085937,0.037109,0.822388,-0.422668,-0.299988,0.234558
21.952192783355713,0.871704,-0.230469,0.089844,0.179687,-0.091797,0.033203,0.146484,0.821777,-0.423889,-0.299438,0.235229
21.971814393997192,0.876099,-0.792969,-0.324219,0.664062,-0.156250,-0.037109,0.089844,0.820923,-0.425171,-0.299622,0.235657
21.99227547645569,0.881226,-0.546875,-0.421875,-0.546875,-0.121094,0.072266,0.041016,0.820496,-0.426453,-0.299255,0.235352
22.01214623451233,0.882935,0.687500,0.246094,0.578125,-0.152344,0.130859,0.000000,0.820190,-0.428101,-0.298462,0.234314
22.03175139427185,0.883911,0.789062,0.183594,0.335938,-0.117188,0.160156,0.037109,0.819885,-0.429871,-0.297485,0.233521
22.052356481552124,0.885132,-0.859375,0.398438,0.320313,-0.240234,-0.007813,0.005859,0.818970,-0.431580,-0.297729,0.233154
22.072580814361572,0.885132,0.207031,0.062500,-0.230469,-0.093750,-0.115234,0.033203,0.818237,-0.432129,-0.298706,0.233521
22.09174609184265,0.884277,0.312500,-0.007813,-0.644531,0.000000,-0.125000,-0.003906,0.817810,-0.431885,-0.299805,0.234009
22.112343072891235,0.882202,0.847656,0.214844,-0.117188,0.037109,-0.076172,0.037109,0.817749,-0.431396,-0.300049,0.234741
22.13217329978943,0.880981,1.164063,0.621094,-1.574219,0.357422,-0.019531,0.113281,0.818481,-0.429810,-0.299072,0.236450
22.15195918083191,0.879761,-0.429687,-0.308594,1.851563,0.056641,-0.009766,0.111328,0.818665,-0.429016,-0.298523,0.237793
22.172567129135132,0.877563,-0.117188,-0.589844,0.515625,0.208984,-0.076172,0.037109,0.819275,-0.427368,-0.298279,0.239136
22.192434787750244,0.878052,-1.226563,-0.261719,-0.722656,0.126953,-0.005859,0.019531,0.819824,-0.426270,-0.297852,0.239746
22.212687492370605,0.879395,1.093750,-0.046875,-0.695312,0.236328,0.130859,0.052734,0.820984,-0.424866,-0.296082,0.240479
22.23188018798828,0.880859,0.929687,-0.093750,0.859375,0.197266,0.244141,0.226562,0.822144,-0.424316,-0.292419,0.242004
22.252685546875,0.881348,-3.078125,-0.570312,0.726562,0.285156,0.285156,0.210937,0.823486,-0.423462,-0.288818,0.243042
22.272769689559937,0.879883,-1.867188,-0.621094,0.285156,0.115234,0.042969,-0.113281,0.824463,-0.422302,-0.288696,0.242126
22.29231548309326,0.876953,-2.535156,-0.792969,0.484375,-0.009766,-0.177734,-0.503906,0.825134,-0.420349,-0.292114,0.238892
22.31308364868164,0.869385,0.187500,0.910156,0.558594,-0.115234,-0.300781,-0.562500,0.825134,-0.419006,-0.296997,0.235352
22.33268094062805,0.867554,2.425781,1.722656,1.152344,-0.257813,-0.232422,-0.244141,0.823853,-0.419922,-0.300598,0.233582
22.352232456207275,0.869995,4.785156,1.308594,1.144531,-0.402344,-0.173828,0.253906,0.821289,-0.423279,-0.301697,0.235107
22.372780799865723,0.878296,-0.738281,-1.562500,-1.039063,-0.169922,0.050781,0.451172,0.819458,-0.426331,-0.300232,0.237915
22.393211126327515,0.881226,-2.230469,-0.468750,-0.992187,-0.070312,0.068359,0.212891,0.818848,-0.427734,-0.298950,0.239136
22.412696599960327,0.883179,-0.445312,-0.238281,-0.363281,0.089844,0.103516,0.011719,0.819397,-0.427490,-0.297668,0.239197
22.43286371231079,0.884888,1.273438,-0.484375,-1.128906,0.197266,0.191406,0.121094,0.820557,-0.426575,-0.295227,0.239929
22.453060388565063,0.883911,-2.273438,-0.363281,-0.082031,0.306641,0.066406,0.041016,0.822021,-0.424316,-0.293762,0.240723
22.47274684906006,0.882324,0.328125,0.011719,-0.222656,0.417969,-0.041016,-0.199219,0.824036,-0.420288,-0.293945,0.240540
22.492965698242188,0.880493,2.804688,1.851563,1.699219,0.425781,-0.080078,-0.130859,0.825806,-0.416504,-0.293884,0.241211
22.512861728668213,0.880005,4.277344,2.050781,2.230469,0.066406,-0.015625,0.363281,0.825195,-0.416931,-0.292480,0.244385
22.53296208381653,0.880493,2.203125,1.308594,2.128906,-0.357422,-0.019531,0.710937,0.822266,-0.421204,-0.290588,0.249084
22.55278205871582,0.881836,-3.097656,-0.406250,-1.363281,-0.187500,0.041016,0.355469,0.820496,-0.424194,-0.289307,0.251404
22.57316493988037,0.885620,-2.085938,-0.437500,-0.550781,-0.066406,0.082031,0.054687,0.820129,-0.425293,-0.288635,0.251343
22.592902421951294,0.887085,0.097656,-0.324219,-0.121094,-0.064453,0.105469,-0.052734,0.820312,-0.426025,-0.288086,0.250244
22.612982511520386,0.888062,0.113281,-0.238281,-0.542969,-0.052734,0.242187,-0.050781,0.820740,-0.427063,-0.286560,0.248779
22.633089780807495,0.889038,1.007813,0.582031,0.660156,-0.109375,0.095703,-0.001953,0.820557,-0.428101,-0.286011,0.248108
22.65298867225647,0.888428,0.710937,0.128906,0.140625,-0.089844,-0.095703,0.103516,0.819702,-0.428894,-0.286499,0.249084
22.67272186279297,0.887085,0.152344,0.136719,-1.007813,-0.001953,-0.130859,0.152344,0.819031,-0.428833,-0.286804,0.250916
22.69323992729187,0.885132,-1.265625,-0.105469,-0.527344,0.138672,-0.130859,0.083984,0.819153,-0.427551,-0.287231,0.252441
22.713502883911133,0.885254,-0.117188,-0.246094,-0.242187,0.164062,-0.121094,-0.158203,0.819885,-0.425476,-0.288330,0.252319
22.733049392700195,0.885986,1.246094,-0.109375,0.812500,0.093750,0.011719,-0.107422,0.820618,-0.424377,-0.288452,0.251587
22.753677129745483,0.889160,0.289063,0.238281,0.152344,-0.037109,0.115234,-0.068359,0.821045,-0.424622,-0.287720,0.250610
22.773404836654663,0.890137,1.039063,0.312500,0.031250,0.048828,0.164062,0.033203,0.821411,-0.424927,-0.286377,0.250366
22.793036937713623,0.890381,0.640625,0.136719,-1.457031,-0.117188,-0.019531,0.125000,0.820801,-0.425903,-0.285950,0.251160
22.812771797180176,0.890259,0.480469,0.175781,-0.628906,0.148437,0.007813,0.216797,0.820862,-0.425415,-0.284729,0.253296
22.83373522758484,0.889038,-0.796875,-0.101563,0.070312,0.201172,-0.072266,0.203125,0.820923,-0.424316,-0.283997,0.255676
22.853923559188843,0.887939,-2.652344,-0.699219,-0.558594,0.136719,-0.097656,-0.062500,0.821472,-0.422668,-0.284607,0.255981
22.872777938842773,0.887085,-0.476562,-0.652344,0.566406,0.193359,-0.025391,-0.292969,0.822876,-0.420349,-0.285583,0.254272
22.893738269805908,0.888306,1.085938,0.695312,-0.191406,0.207031,0.001953,-0.347656,0.824463,-0.417908,-0.286255,0.252258
22.913761615753174,0.889893,3.398438,1.339844,1.546875,0.089844,0.121094,0.044922,0.825134,-0.417480,-0.285034,0.252197
22.93345618247986,0.890747,1.062500,0.742187,1.015625,-0.093750,0.101563,0.193359,0.824524,-0.419128,-0.283447,0.253174
22.953954696655273,0.892944,-1.289063,-0.875000,-0.222656,-0.210937,0.146484,0.324219,0.823425,-0.421875,-0.281555,0.254456
22.973848819732666,0.893555,-1.089844,-0.238281,-0.746094,-0.134766,0.167969,0.150391,0.822937,-0.423889,-0.279785,0.254639
22.994093656539917,0.894165,-0.328125,-0.222656,-0.007813,-0.093750,0.191406,0.078125,0.822876,-0.425293,-0.278076,0.254333
23.013971090316772,0.894775,-0.269531,0.082031,-0.507812,-0.017578,0.164062,0.050781,0.823059,-0.426147,-0.276550,0.254089
23.033730506896973,0.894287,-0.289063,0.089844,0.250000,-0.001953,0.009766,0.068359,0.822876,-0.426392,-0.276184,0.254517
23.05343508720398,0.893311,0.781250,0.281250,-0.636719,0.103516,-0.105469,0.095703,0.822754,-0.425659,-0.276367,0.256042
23.073758363723755,0.890137,0.875000,0.382813,0.152344,0.175781,-0.169922,0.162109,0.822510,-0.424438,-0.276672,0.258423
23.094120979309082,0.888672,-0.273438,-0.117188,0.535156,0.054687,-0.177734,0.107422,0.821960,-0.423828,-0.277588,0.260193
23.11420488357544,0.887451,-2.964844,-0.613281,-0.054687,-0.078125,-0.218750,-0.148437,0.821411,-0.423401,-0.280212,0.259705
23.133583068847656,0.887939,-0.179687,-0.183594,0.757812,-0.216797,-0.228516,-0.410156,0.820923,-0.423523,-0.284058,0.256958
23.154160737991333,0.892456,2.011719,0.007813,-1.019531,-0.144531,-0.023437,-0.207031,0.820740,-0.424133,-0.285583,0.254761
23.174285650253296,0.893921,0.750000,0.046875,-1.218750,0.003906,0.152344,-0.082031,0.821289,-0.424438,-0.284851,0.253357
23.19353723526001,0.894897,0.449219,0.039063,0.222656,0.060547,0.140625,-0.033203,0.821960,-0.424377,-0.283630,0.252686
23.214169025421143,0.896118,1.125000,0.074219,-0.128906,0.066406,0.150391,0.085937,0.822449,-0.424438,-0.281860,0.252991
23.23383641242981,0.896362,1.292969,0.265625,-0.085937,0.138672,0.160156,0.257813,0.822815,-0.424561,-0.279114,0.254700
23.253816843032837,0.896362,0.835937,0.343750,-0.199219,0.187500,0.189453,0.330078,0.823181,-0.424561,-0.275757,0.257080
23.27429747581482,0.896240,-0.968750,-0.300781,0.160156,0.085937,0.115234,0.400391,0.823059,-0.424927,-0.272705,0.260010
23.294211864471436,0.895996,-0.324219,-0.117188,-1.757813,0.226562,0.169922,0.310547,0.823547,-0.424500,-0.269470,0.262634
23.31375765800476,0.895264,-0.644531,-0.246094,0.300781,0.220703,0.158203,0.296875,0.824158,-0.423767,-0.266418,0.264832
23.334426879882812,0.893921,-2.667969,-0.324219,0.363281,0.083984,0.052734,-0.029297,0.824707,-0.423340,-0.265442,0.264893
23.354392290115356,0.893555,-0.445312,0.066406,1.636719,-0.080078,0.080078,-0.048828,0.824646,-0.424194,-0.265503,0.263733
23.37376046180725,0.892700,0.601562,0.046875,0.578125,-0.291016,-0.005859,-0.148437,0.823730,-0.426208,-0.266907,0.261780
23.39468765258789,0.895020,1.015625,0.566406,-0.800781,-0.224609,0.001953,-0.044922,0.822815,-0.428040,-0.267578,0.260986
23.414485692977905,0.895996,-0.125000,0.113281,-0.140625,-0.085937,-0.039063,0.041016,0.822327,-0.428711,-0.267822,0.261292
23.434136390686035,0.896484,1.023438,0.039063,0.097656,-0.017578,-0.019531,0.000000,0.822205,-0.428833,-0.267883,0.261475
23.453990697860718,0.896851,0.511719,-0.031250,-0.101563,0.025391,0.058594,0.148437,0.822083,-0.429199,-0.266785,0.262390
23.47444772720337,0.895142,0.359375,-0.031250,-0.691406,0.093750,0.070312,0.205078,0.822144,-0.429016,-0.265259,0.263916
23.494730472564697,0.891602,-0.773437,-0.890625,-0.261719,0.199219,-0.011719,0.078125,0.822754,-0.427551,-0.264404,0.265259
23.51385474205017,0.885010,-4.804687,-2.390625,-1.660156,0.333984,-0.115234,-0.166016,0.824463,-0.423950,-0.265259,0.265015
23.535130739212036,0.870728,-4.339844,-0.785156,-1.820313,0.558594,-0.242187,-0.798828,0.828125,-0.416626,-0.269226,0.261047
23.55475091934204,0.865601,-3.328125,-0.097656,-1.125000,0.613281,-0.505859,-1.248047,0.832397,-0.406982,-0.276855,0.254517
23.574244260787964,0.855835,-0.644531,0.574219,0.750000,0.523437,-0.640625,-1.496094,0.836426,-0.396912,-0.286926,0.246033
23.59451651573181,0.830688,-2.886719,1.132813,3.140625,0.167969,-0.814453,-1.789063,0.838928,-0.388367,-0.300598,0.234497
23.62293791770935,0.820435,3.195313,1.527344,-0.144531,-0.384766,-1.042969,-2.208984,0.839355,-0.382385,-0.318176,0.219177
23.634745121002197,0.811646,2.812500,1.417969,-0.003906,-0.466797,-0.898437,-1.972656,0.838867,-0.377991,-0.333984,0.204651
23.654869556427002,0.780518,1.187500,0.039063,1.218750,-0.365234,-0.632812,-1.390625,0.838074,-0.375000,-0.345642,0.193848
23.675212860107422,0.754028,1.183594,0.226562,1.855469,-0.488281,-0.707031,-1.398438,0.836304,-0.372986,-0.357605,0.183167
23.694474458694458,0.723633,1.785156,0.480469,2.167969,-0.738281,-0.863281,-1.339844,0.832825,-0.372742,-0.371155,0.172424
23.714466333389282,0.682007,0.230469,0.109375,0.785156,-0.912109,-1.074219,-1.386719,0.827881,-0.372925,-0.386597,0.161560
23.742675065994263,0.596558,4.246094,2.109375,-1.925781,-0.564453,-1.171875,-1.509766,0.823608,-0.369934,-0.402405,0.151489
23.75454068183899,0.565552,5.757812,1.968750,-1.125000,-0.126953,-0.779297,-1.009766,0.821289,-0.366211,-0.412598,0.145325
23.774444818496704,0.515015,4.265625,2.605469,1.175781,-0.324219,-0.257813,-0.388672,0.819397,-0.367065,-0.416809,0.141785
23.79490613937378,0.460083,3.421875,1.441406,0.410156,-0.697266,-0.289063,0.130859,0.815979,-0.372681,-0.418884,0.140686
23.814908266067505,0.460571,1.484375,-0.457031,0.144531,-0.736328,0.232422,0.373047,0.813416,-0.380310,-0.417236,0.140015
23.834758520126343,0.473877,-0.988281,-1.437500,0.175781,-0.738281,0.093750,0.359375,0.810364,-0.388123,-0.416260,0.139343
23.855396032333374,0.515015,-1.304688,-0.109375,-1.109375,-0.841797,0.234375,0.148437,0.807983,-0.395386,-0.414978,0.136597
23.875535488128662,0.540527,-0.085937,-0.222656,-3.343750,-0.416016,0.300781,0.126953,0.807434,-0.399719,-0.412537,0.134583
23.895078420639038,0.562744,0.269531,0.382813,-2.105469,-0.099609,0.371094,0.138672,0.808411,-0.401672,-0.408875,0.133789
23.914908409118652,0.600952,-0.203125,-0.246094,-2.550781,0.146484,0.759766,0.322266,0.811646,-0.402771,-0.401367,0.133789
23.935227155685425,0.613770,-2.792969,-0.644531,-1.863281,0.400391,1.001953,0.257813,0.816772,-0.401672,-0.392090,0.133484
23.95507025718689,0.619873,-4.171875,-0.437500,-1.390625,0.701172,0.681641,-0.148437,0.822449,-0.396362,-0.385925,0.132446
23.975219249725342,0.631958,2.527344,2.171875,0.175781,0.958984,0.552734,-0.054687,0.828186,-0.389404,-0.380249,0.133667
23.995346069335938,0.637329,2.246094,1.757813,4.046875,0.656250,0.580078,0.630859,0.831848,-0.387390,-0.372437,0.139038
24.020501613616943,0.659058,-1.105469,0.605469,4.308594,-0.123047,0.208984,1.060547,0.830933,-0.392090,-0.366577,0.146423
24.04343056678772,0.672241,-2.773438,0.085937,0.156250,0.582031,-0.224609,0.406250,0.828674,-0.395996,-0.364075,0.154602
24.063571214675903,0.688599,-3.078125,-2.023438,-0.511719,0.542969,-0.005859,0.173828,0.829346,-0.392944,-0.363159,0.160889
24.083524227142334,0.700317,2.121094,-2.660156,5.968750,-0.238281,-0.242187,0.347656,0.830811,-0.389526,-0.361877,0.164429
24.103183269500732,0.716431,2.039063,-3.417969,8.351563,-0.720703,-0.519531,0.189453,0.828491,-0.392151,-0.363159,0.167297
24.123745918273926,0.756592,-2.058594,-0.011719,3.285156,-0.392578,0.082031,0.130859,0.823914,-0.397522,-0.367249,0.168274
24.14368748664856,0.780029,3.378906,4.828125,-6.621094,-0.273438,0.972656,1.369141,0.822327,-0.401917,-0.365906,0.168274
24.16349697113037,0.798340,7.746094,1.945313,1.515625,-0.601562,-0.132812,1.064453,0.821777,-0.410278,-0.354919,0.174194
24.183581829071045,0.821045,-5.085937,-5.316406,6.343750,0.199219,-0.531250,-0.072266,0.817688,-0.417908,-0.352112,0.180908
24.203298807144165,0.829224,-4.664062,-2.488281,-3.601563,0.636719,-0.113281,0.160156,0.816650,-0.415710,-0.355591,0.183838
24.22375226020813,0.834106,-2.511719,-1.449219,1.722656,0.025391,-0.191406,-0.181641,0.818176,-0.411316,-0.355530,0.187256
24.24358868598938,0.844482,-2.695313,-1.355469,0.687500,0.013672,0.023437,-0.171875,0.818237,-0.409729,-0.357300,0.187073
24.26376247406006,0.847656,1.339844,0.542969,-0.968750,0.056641,0.105469,0.052734,0.818604,-0.409058,-0.357849,0.185730
24.28368616104126,0.849976,2.007813,0.820312,0.632812,-0.076172,0.007813,0.238281,0.819031,-0.409058,-0.356750,0.185852
24.30376434326172,0.853271,1.402344,0.957031,2.171875,-0.242187,-0.089844,0.337891,0.818359,-0.410461,-0.355896,0.187500
24.32375407218933,0.853149,0.140625,0.015625,1.222656,-0.400391,-0.107422,0.228516,0.816406,-0.413513,-0.355713,0.189636
24.343756675720215,0.852661,-1.312500,-0.632812,-0.054687,-0.187500,-0.025391,0.019531,0.814087,-0.417114,-0.356323,0.190552
24.364119052886963,0.851807,-1.859375,-0.574219,-2.167969,-0.027344,0.021484,-0.101563,0.813171,-0.418701,-0.356750,0.190186
24.383812189102173,0.852173,0.203125,0.031250,-0.320313,0.013672,0.009766,0.009766,0.813232,-0.418762,-0.357056,0.189270
24.403770923614502,0.852783,1.312500,0.453125,0.750000,-0.179687,-0.029297,0.148437,0.813171,-0.418884,-0.356934,0.189331
24.424062252044678,0.853271,1.070313,0.410156,1.320313,-0.246094,0.035156,0.177734,0.812195,-0.420715,-0.356812,0.189941
24.443894624710083,0.855103,0.609375,0.101563,0.390625,-0.300781,0.001953,0.177734,0.810913,-0.423401,-0.356262,0.190430
24.464757204055786,0.855713,-0.890625,-0.171875,-0.097656,-0.228516,-0.042969,0.060547,0.809387,-0.426331,-0.356079,0.190674
24.483940601348877,0.857544,-1.464844,-0.179687,-0.746094,-0.234375,-0.060547,-0.003906,0.808044,-0.428406,-0.356689,0.190552
24.503860473632812,0.864014,0.066406,0.066406,0.523437,-0.312500,0.070312,0.162109,0.806824,-0.430298,-0.357483,0.190125
24.524275302886963,0.866089,0.625000,-0.054687,-0.546875,-0.265625,0.177734,0.175781,0.805481,-0.433350,-0.356812,0.189941
24.54435920715332,0.867676,-0.859375,-0.093750,-0.562500,-0.242187,-0.005859,0.064453,0.804626,-0.436401,-0.355286,0.189636
24.564178943634033,0.870483,-1.035156,-0.031250,0.167969,-0.173828,-0.072266,0.037109,0.803467,-0.438538,-0.355286,0.189392
24.584227085113525,0.871582,-0.078125,-0.015625,-0.675781,-0.134766,0.005859,0.031250,0.802429,-0.440002,-0.355957,0.189270
24.604490518569946,0.872314,0.503906,0.078125,0.613281,-0.187500,0.033203,0.072266,0.801697,-0.441284,-0.356018,0.189087
24.624611139297485,0.872803,-0.285156,-0.023437,-0.437500,-0.085937,0.015625,-0.001953,0.800964,-0.442932,-0.355835,0.188843
24.644381999969482,0.872437,-0.859375,-0.089844,-1.070313,0.015625,-0.031250,-0.039063,0.800598,-0.443665,-0.355835,0.188477
24.66457200050354,0.871460,-0.062500,-0.015625,-0.687500,0.072266,-0.076172,0.027344,0.800598,-0.443420,-0.356201,0.188477
24.684102296829224,0.870728,0.667969,-0.062500,-2.113281,0.345703,0.103516,0.089844,0.800781,-0.442627,-0.356384,0.189270
24.704692125320435,0.869629,0.488281,0.039063,-0.183594,0.164062,0.115234,0.091797,0.802246,-0.440674,-0.354736,0.190613
24.724340200424194,0.869019,-0.054687,0.105469,1.347656,0.140625,0.078125,0.058594,0.803284,-0.439697,-0.353088,0.191467
24.74469232559204,0.868530,-0.457031,0.183594,0.320313,0.257813,0.050781,0.117188,0.804260,-0.438721,-0.351746,0.192322
24.764304876327515,0.868042,-0.511719,-0.285156,0.539062,0.072266,0.054687,-0.015625,0.805298,-0.437256,-0.350281,0.193787
24.78431010246277,0.867920,-1.921875,-0.367188,-1.015625,0.148437,0.218750,-0.080078,0.806152,-0.436401,-0.349426,0.193848
24.804336071014404,0.868164,1.105469,0.039063,-0.363281,-0.021484,0.142578,0.017578,0.807556,-0.435425,-0.347900,0.192871
24.824763298034668,0.869263,0.812500,0.152344,1.695313,-0.056641,0.023437,-0.017578,0.807983,-0.435852,-0.346741,0.192322
24.84469509124756,0.870361,-0.687500,0.039063,-0.363281,0.003906,-0.017578,-0.062500,0.807922,-0.436279,-0.346680,0.191833
24.86478018760681,0.870972,0.183594,-0.160156,-0.785156,0.035156,0.101563,0.017578,0.807983,-0.435974,-0.346985,0.191528
24.88475775718689,0.870972,0.996094,-0.125000,-0.003906,-0.013672,0.087891,0.017578,0.808472,-0.435791,-0.346191,0.191284
24.904691219329834,0.870850,0.171875,0.265625,0.492187,-0.121094,0.021484,0.039063,0.808655,-0.436279,-0.345398,0.191040
24.92488980293274,0.870605,-0.011719,0.238281,0.468750,-0.140625,-0.089844,0.027344,0.808167,-0.437378,-0.345215,0.190857
24.944826126098633,0.869995,-0.394531,0.023437,0.003906,-0.044922,-0.082031,0.000000,0.807251,-0.438416,-0.346008,0.190979
24.964984893798828,0.869507,-0.011719,-0.093750,-1.398438,0.044922,0.007813,-0.001953,0.806763,-0.438660,-0.346680,0.191223
24.985154628753662,0.869141,0.214844,-0.054687,-0.679687,0.027344,0.046875,0.029297,0.806946,-0.438354,-0.346497,0.191345
25.00480318069458,0.868286,-0.312500,0.062500,0.472656,-0.025391,-0.046875,-0.007813,0.807129,-0.438293,-0.346069,0.191467
25.024847984313965,0.866943,-0.425781,0.023437,0.281250,-0.011719,-0.060547,-0.037109,0.806946,-0.438354,-0.346436,0.191589
25.04481840133667,0.866211,-0.058594,-0.015625,-0.480469,0.062500,0.035156,-0.025391,0.806824,-0.438171,-0.346985,0.191467
25.064826011657715,0.865845,0.398438,-0.023437,-0.640625,-0.013672,0.044922,0.035156,0.807129,-0.437744,-0.346741,0.191406
25.084877014160156,0.865479,0.023437,0.089844,0.585937,-0.064453,0.000000,0.013672,0.807190,-0.438049,-0.346252,0.191406
25.104973554611206,0.864746,-0.359375,0.023437,0.171875,-0.052734,-0.035156,-0.015625,0.806946,-0.438599,-0.346313,0.191345
25.125038385391235,0.863892,-0.289063,-0.015625,-0.277344,0.013672,-0.021484,-0.029297,0.806641,-0.438843,-0.346680,0.191223
25.145020246505737,0.862427,-0.019531,-0.054687,-0.664062,0.048828,0.033203,-0.005859,0.806702,-0.438660,-0.346863,0.191101
25.164757251739502,0.862183,0.363281,0.023437,0.058594,0.013672,0.031250,0.015625,0.807007,-0.438354,-0.346558,0.191101
25.18520712852478,0.862305,0.054687,0.062500,0.585937,-0.023437,0.015625,0.005859,0.807129,-0.438354,-0.346191,0.191101
25.20523738861084,0.861938,-0.128906,0.023437,0.125000,-0.001953,0.023437,-0.005859,0.807129,-0.438599,-0.346008,0.191040
25.225200414657593,0.861572,-0.011719,-0.015625,-0.292969,0.001953,-0.015625,-0.005859,0.807190,-0.438660,-0.345886,0.190918
25.245192527770996,0.860962,-0.175781,0.023437,0.050781,0.042969,-0.003906,-0.029297,0.807190,-0.438538,-0.345947,0.190918
25.265234231948853,0.859863,-0.175781,-0.023437,-0.449219,0.054687,-0.001953,-0.017578,0.807373,-0.438171,-0.346069,0.190857
25.28537678718567,0.859497,0.324219,0.082031,0.035156,0.166016,0.035156,0.048828,0.807739,-0.437500,-0.345947,0.190979
25.305299758911133,0.859497,0.636719,0.000000,-0.839844,0.187500,-0.005859,0.068359,0.808411,-0.436462,-0.345276,0.191711
25.325355052947998,0.860107,-0.121094,-0.039063,0.476562,0.185547,0.011719,0.054687,0.809021,-0.435303,-0.344666,0.192810
25.3455708026886,0.862183,-0.027344,-0.125000,-0.855469,0.082031,0.125000,-0.013672,0.809753,-0.434143,-0.343872,0.193848
25.365224599838257,0.864014,-0.742187,-0.054687,0.730469,-0.248047,0.306641,0.070312,0.810486,-0.433838,-0.342590,0.193542
25.38548970222473,0.866577,1.734375,-0.339844,1.441406,-0.416016,0.158203,-0.042969,0.810242,-0.436584,-0.340698,0.191895
25.40710139274597,0.870972,0.132812,0.335938,-1.835938,-0.089844,0.000000,-0.037109,0.809265,-0.439941,-0.340027,0.189636
25.425280332565308,0.870850,-0.449219,0.460937,0.746094,-0.146484,-0.255859,-0.041016,0.808655,-0.440857,-0.340515,0.188965
25.445470094680786,0.867920,-0.164062,-0.070312,0.250000,0.216797,-0.089844,-0.070312,0.807556,-0.441101,-0.342651,0.189270
25.46576476097107,0.859985,-0.179687,-0.476562,-2.953125,0.183594,-0.037109,-0.195312,0.808167,-0.439148,-0.343445,0.189758
25.48597764968872,0.857178,-0.910156,-0.347656,0.468750,0.173828,-0.015625,-0.208984,0.809265,-0.436890,-0.344116,0.189087
25.505768537521362,0.856079,0.351563,0.425781,-0.058594,0.292969,-0.136719,-0.144531,0.810425,-0.434631,-0.344910,0.188110
25.52584433555603,0.856323,0.707031,0.359375,-0.136719,0.312500,-0.138672,0.103516,0.811462,-0.431641,-0.346008,0.188599
25.546000242233276,0.857056,1.242188,0.687500,0.781250,0.119141,-0.136719,0.216797,0.812012,-0.429260,-0.346252,0.190979
25.565980672836304,0.857788,-0.304688,-0.347656,0.351563,0.078125,-0.039063,0.072266,0.811829,-0.428589,-0.346130,0.193665
25.585761785507202,0.858398,-0.828125,-0.308594,-0.265625,0.042969,-0.023437,0.033203,0.811829,-0.428223,-0.345947,0.194763
25.60581374168396,0.860352,-0.023437,-0.039063,0.144531,0.093750,-0.023437,0.107422,0.811829,-0.427856,-0.345886,0.195435
25.62592077255249,0.861572,1.535156,0.617187,0.898437,-0.072266,0.011719,0.306641,0.811829,-0.427673,-0.345398,0.196716
25.64589762687683,0.862549,1.042969,0.687500,1.410156,-0.214844,0.037109,0.308594,0.810974,-0.429382,-0.344177,0.198792
25.665771484375,0.863770,0.093750,-0.468750,0.175781,-0.154297,0.056641,0.187500,0.809631,-0.432129,-0.342957,0.200378
25.686180114746094,0.864624,-1.089844,-0.523437,-0.382813,-0.033203,0.052734,0.060547,0.808838,-0.434082,-0.341980,0.201111
25.706212759017944,0.866943,0.457031,-0.054687,-0.417969,0.031250,0.183594,0.160156,0.808655,-0.434814,-0.341187,0.201416
25.726057052612305,0.871582,1.375000,-0.078125,-0.128906,0.044922,0.269531,0.236328,0.809082,-0.435547,-0.338928,0.202026
25.746150016784668,0.873291,-0.324219,-0.261719,-0.238281,0.070312,0.371094,0.203125,0.809814,-0.436523,-0.335449,0.202881
25.766188144683838,0.874878,-0.574219,-0.214844,-0.605469,-0.173828,0.279297,0.130859,0.810791,-0.437378,-0.331787,0.203064
25.785967588424683,0.875732,-0.343750,0.308594,1.472656,-0.285156,-0.009766,-0.050781,0.810669,-0.439575,-0.329651,0.202332
25.806368589401245,0.875366,-1.003906,0.175781,-0.015625,-0.322266,-0.158203,-0.128906,0.809509,-0.441833,-0.330139,0.201111
25.826483011245728,0.874146,-0.300781,0.339844,0.238281,-0.140625,-0.138672,-0.054687,0.807983,-0.443542,-0.332458,0.199768
25.84613847732544,0.869507,1.402344,0.308594,-0.992187,-0.011719,-0.218750,0.027344,0.806946,-0.444153,-0.334290,0.199524
25.8664710521698,0.868530,1.085938,0.199219,-0.976562,0.328125,-0.097656,0.173828,0.806274,-0.443848,-0.335693,0.200745
25.88644790649414,0.869263,-0.046875,-0.160156,-3.207031,0.351563,0.039063,0.113281,0.807007,-0.441467,-0.335205,0.203613
25.906309366226196,0.869873,-2.335938,-0.886719,0.507812,0.519531,0.123047,-0.128906,0.808777,-0.438293,-0.333984,0.205627
25.92626667022705,0.869995,-1.464844,-0.621094,-1.878906,0.320313,0.261719,-0.201172,0.811584,-0.434082,-0.332642,0.205688
25.946340084075928,0.869263,-0.523437,-0.699219,1.953125,0.244141,0.109375,-0.294922,0.814270,-0.431152,-0.330872,0.204041
25.96638560295105,0.868286,-1.480469,-0.468750,0.601562,0.171875,-0.025391,-0.287109,0.816223,-0.428528,-0.330688,0.201965
25.98618483543396,0.864868,-0.378906,0.753906,0.347656,0.109375,-0.062500,-0.224609,0.817505,-0.426086,-0.331665,0.200317
26.006280183792114,0.861938,-0.195312,0.617187,0.792969,-0.158203,-0.058594,-0.171875,0.818115,-0.424500,-0.332886,0.199036
26.02655601501465,0.857422,0.769531,0.617187,0.824219,-0.251953,-0.123047,-0.191406,0.817627,-0.424988,-0.334534,0.197388
26.046414136886597,0.843018,0.492187,0.433594,-0.125000,-0.121094,-0.167969,-0.207031,0.816589,-0.426025,-0.336792,0.195496
26.066224098205566,0.837402,1.449219,0.695312,-0.929687,-0.136719,-0.238281,-0.001953,0.815796,-0.426208,-0.339233,0.194214
26.08676767349243,0.834229,2.539063,0.738281,0.335938,-0.099609,-0.179687,0.087891,0.814514,-0.426758,-0.341431,0.194641
26.106842517852783,0.833252,1.855469,0.609375,-0.246094,-0.214844,-0.146484,0.314453,0.813171,-0.427734,-0.342712,0.195923
26.12676477432251,0.833984,0.468750,0.175781,0.328125,-0.177734,-0.117188,0.218750,0.811279,-0.429993,-0.343079,0.198181
26.146835803985596,0.835205,-1.000000,-1.011719,-0.343750,-0.175781,-0.087891,0.158203,0.809509,-0.432129,-0.343506,0.199890
26.166749238967896,0.841797,-0.296875,-0.339844,0.070312,-0.128906,-0.058594,0.126953,0.808228,-0.433777,-0.343872,0.200928
26.186827421188354,0.847900,-0.472656,-0.128906,-0.289063,-0.083984,0.011719,0.054687,0.807312,-0.435120,-0.343933,0.201721
26.20689082145691,0.853882,-0.496094,-0.113281,-0.234375,-0.144531,0.060547,0.005859,0.806824,-0.436035,-0.343811,0.201843
26.22683572769165,0.858887,-0.496094,-0.183594,0.242187,-0.111328,0.185547,-0.025391,0.806458,-0.437256,-0.343506,0.201111
26.246880292892456,0.863281,-0.066406,-0.253906,-0.746094,-0.156250,0.128906,-0.052734,0.806519,-0.438599,-0.342529,0.199707
26.26713800430298,0.864014,0.402344,0.253906,-0.847656,-0.140625,0.039063,-0.035156,0.806458,-0.439758,-0.341919,0.198303
26.286781549453735,0.864746,-0.093750,0.175781,0.425781,-0.126953,-0.005859,-0.025391,0.806274,-0.440491,-0.341858,0.197510
26.306974172592163,0.866333,-0.101563,0.031250,0.515625,-0.041016,-0.029297,-0.019531,0.805847,-0.441162,-0.342285,0.196960
26.327117443084717,0.867554,0.187500,0.109375,-0.425781,-0.031250,-0.046875,0.031250,0.805603,-0.441406,-0.342773,0.196777
26.346885204315186,0.868286,0.347656,0.000000,-0.417969,0.054687,0.011719,0.039063,0.805298,-0.441589,-0.343018,0.197083
26.36716365814209,0.868652,0.050781,-0.039063,-0.808594,0.087891,0.019531,0.064453,0.805420,-0.441345,-0.342712,0.197510
26.387101650238037,0.868286,0.355469,0.109375,0.132812,0.119141,-0.025391,0.101563,0.805786,-0.440857,-0.342163,0.198242
26.406980514526367,0.867676,0.304688,0.261719,0.156250,0.103516,-0.121094,0.103516,0.805969,-0.440186,-0.341736,0.199585
26.42711901664734,0.866699,-0.226562,0.335938,-0.203125,0.072266,-0.062500,0.117188,0.805908,-0.439453,-0.341858,0.201355
26.447238445281982,0.867187,0.472656,-0.503906,-0.140625,0.216797,0.068359,0.115234,0.805908,-0.438904,-0.341614,0.202881
26.46736454963684,0.867920,-0.617187,-0.207031,-1.589844,0.158203,0.064453,-0.115234,0.806641,-0.437866,-0.340515,0.204041
26.487215757369995,0.868530,-2.195313,-0.261719,-0.160156,0.150391,0.253906,-0.015625,0.807861,-0.436340,-0.339844,0.203613
26.507423162460327,0.869873,1.000000,-0.238281,1.328125,-0.015625,0.318359,0.033203,0.809326,-0.435730,-0.337585,0.202881
26.52730131149292,0.870605,-0.960937,0.031250,0.269531,0.035156,0.220703,0.015625,0.810303,-0.436401,-0.335022,0.201782
26.54719853401184,0.871094,0.625000,0.375000,0.214844,-0.046875,-0.007813,0.062500,0.811096,-0.436584,-0.333374,0.201050
26.567408323287964,0.872437,0.519531,0.078125,0.023437,0.033203,-0.046875,0.138672,0.810852,-0.437073,-0.333130,0.201416
26.587367057800293,0.872803,0.390625,0.121094,-1.242188,0.230469,-0.019531,0.205078,0.810608,-0.437012,-0.332825,0.202881
26.607530117034912,0.873291,0.183594,0.046875,-0.121094,0.027344,-0.111328,0.007813,0.810974,-0.435913,-0.331909,0.205200
26.62757420539856,0.873779,-2.191406,-0.382813,0.406250,0.119141,0.160156,-0.042969,0.811035,-0.435181,-0.332214,0.205994
26.647267818450928,0.874512,0.414062,-0.085937,2.183594,-0.261719,0.093750,-0.027344,0.811890,-0.434570,-0.331299,0.205383
26.667770385742188,0.875122,0.152344,0.078125,0.089844,-0.066406,0.160156,-0.017578,0.811584,-0.436218,-0.330811,0.204102
26.687703847885132,0.876465,-0.492187,0.199219,-0.167969,-0.035156,0.048828,-0.025391,0.811768,-0.437073,-0.329895,0.203064
26.707519054412842,0.877075,0.199219,0.277344,0.253906,-0.048828,0.021484,0.023437,0.811768,-0.437439,-0.329651,0.202454
26.727775812149048,0.877563,0.320313,0.015625,-0.468750,-0.027344,-0.003906,0.056641,0.811646,-0.437927,-0.329468,0.202332
26.74797773361206,0.876831,0.445312,0.136719,0.804687,-0.058594,-0.117188,0.111328,0.811340,-0.438354,-0.329407,0.202759
26.767624139785767,0.876465,0.343750,0.261719,0.121094,0.203125,-0.097656,0.298828,0.810608,-0.438721,-0.329773,0.204102
26.787416219711304,0.876709,1.832031,0.375000,-0.933594,0.224609,-0.037109,0.242187,0.810547,-0.437988,-0.328979,0.207336
26.80878257751465,0.877808,-2.734375,-0.390625,-0.738281,0.208984,-0.025391,-0.023437,0.810852,-0.436829,-0.328003,0.210083
26.828077793121338,0.878418,-0.703125,-0.328125,-1.082031,0.226562,0.166016,-0.041016,0.811768,-0.435059,-0.327637,0.210754
26.847761154174805,0.879028,0.484375,0.070312,0.488281,0.001953,0.248047,0.046875,0.813232,-0.433594,-0.326172,0.210449
26.867762565612793,0.879395,1.167969,-0.085937,1.621094,-0.099609,0.152344,0.068359,0.813965,-0.434143,-0.324097,0.209717
26.887781143188477,0.881470,0.269531,0.390625,1.167969,-0.191406,-0.060547,0.121094,0.813843,-0.435486,-0.322815,0.209351
26.908093452453613,0.881592,0.593750,0.144531,0.550781,-0.121094,-0.068359,0.134766,0.812622,-0.437256,-0.323059,0.209900
26.92799735069275,0.881104,-0.394531,-0.058594,-1.160156,0.089844,0.007813,0.076172,0.811646,-0.438416,-0.323364,0.210815
26.947989463806152,0.881226,-0.609375,-0.097656,-1.785156,0.275391,0.066406,0.023437,0.811890,-0.437988,-0.322754,0.211731
26.9679114818573,0.880371,-1.558594,-0.582031,0.656250,0.234375,0.078125,-0.189453,0.813171,-0.436157,-0.321594,0.212341
26.987849712371826,0.878784,-1.773438,-1.300781,-0.457031,0.218750,0.015625,-0.683594,0.814819,-0.433838,-0.321411,0.211121
27.00821042060852,0.874146,-4.632812,-2.140625,0.164062,0.068359,0.013672,-0.564453,0.817139,-0.430115,-0.323547,0.206482
27.027880907058716,0.874268,2.089844,1.804688,0.117188,-0.277344,-0.142578,0.060547,0.818420,-0.427856,-0.325867,0.202209
27.04788303375244,0.875488,5.011719,2.558594,2.886719,-0.623047,-0.193359,0.654297,0.816711,-0.430054,-0.327209,0.202332
27.068065881729126,0.877563,3.671875,1.316406,1.421875,-0.224609,0.007813,0.490234,0.812317,-0.436523,-0.327209,0.206177
27.088239431381226,0.882935,-4.410156,-3.722656,-3.500000,0.158203,0.056641,0.039063,0.809937,-0.440491,-0.325928,0.209229
27.108460903167725,0.884033,-3.558594,-0.437500,-3.632813,0.220703,-0.054687,-0.166016,0.810364,-0.439880,-0.325378,0.209595
27.128185749053955,0.884644,1.816406,-0.046875,0.050781,0.367188,0.076172,0.085937,0.811462,-0.437561,-0.325867,0.209412
27.148102045059204,0.884155,1.449219,0.160156,-0.660156,0.292969,0.013672,0.042969,0.813049,-0.434998,-0.324524,0.210754
27.16835594177246,0.883057,-0.761719,-0.054687,1.507813,0.232422,0.089844,0.044922,0.814392,-0.432678,-0.323364,0.212097
27.188404083251953,0.881226,0.324219,0.015625,0.003906,0.126953,0.033203,0.072266,0.815552,-0.431152,-0.322083,0.212830
27.208164930343628,0.880127,0.800781,0.351563,0.210937,0.128906,0.048828,0.267578,0.816040,-0.430359,-0.321167,0.213806
27.22856640815735,0.880615,1.691406,0.398438,-0.195312,0.076172,0.142578,0.404297,0.816162,-0.430298,-0.319397,0.216064
27.24827814102173,0.881226,0.886719,-0.238281,0.429687,-0.009766,0.138672,0.222656,0.816101,-0.431152,-0.316528,0.218811
27.268329858779907,0.882690,-1.402344,-0.453125,0.078125,-0.062500,0.060547,0.037109,0.815979,-0.432251,-0.314392,0.220154
27.288758993148804,0.882812,-1.347656,-0.214844,0.125000,-0.203125,-0.021484,-0.113281,0.815857,-0.432983,-0.313843,0.220032
27.308639764785767,0.882812,-0.750000,0.031250,2.269531,-0.447266,-0.080078,-0.056641,0.815063,-0.434448,-0.314941,0.218567
27.328317642211914,0.883911,1.531250,0.558594,0.578125,-0.425781,-0.050781,0.123047,0.813171,-0.437317,-0.316589,0.217346
27.348421573638916,0.885132,1.238281,0.285156,1.406250,-0.248047,0.060547,0.093750,0.811218,-0.440613,-0.317200,0.217285
27.368771076202393,0.885864,-1.265625,-0.152344,-1.847656,-0.037109,0.076172,-0.029297,0.810059,-0.442993,-0.317017,0.216980
27.388792991638184,0.885864,-0.613281,-0.183594,-1.265625,0.029297,0.087891,0.005859,0.810120,-0.443481,-0.316528,0.216370
27.40862774848938,0.886230,0.343750,-0.152344,-0.437500,0.050781,0.068359,0.052734,0.810547,-0.443298,-0.315918,0.216064
27.428436040878296,0.885986,0.320313,-0.152344,-0.023437,0.126953,0.005859,0.013672,0.810913,-0.443054,-0.315186,0.216309
27.44877576828003,0.884521,0.214844,0.187500,-0.507812,0.281250,-0.015625,0.082031,0.811462,-0.442200,-0.314636,0.216919
27.46882176399231,0.878540,0.566406,0.207031,0.097656,0.201172,-0.121094,0.058594,0.812317,-0.440247,-0.313965,0.218445
27.4888653755188,0.876099,-0.191406,0.117188,0.648437,0.037109,-0.089844,0.099609,0.812744,-0.438599,-0.314087,0.220032
27.50878143310547,0.875610,0.316406,0.390625,0.640625,-0.083984,-0.064453,0.248047,0.812439,-0.438354,-0.314270,0.221436
27.529234170913696,0.879272,0.921875,-0.273438,0.320313,-0.070312,-0.035156,0.181641,0.811340,-0.439575,-0.313965,0.223389
27.54877758026123,0.881958,-1.308594,-0.296875,-0.707031,-0.017578,0.091797,0.054687,0.810608,-0.440613,-0.313477,0.224731
27.56886911392212,0.883545,-0.718750,-0.218750,-0.554687,-0.136719,0.099609,-0.062500,0.810608,-0.441284,-0.312683,0.224670
27.589044332504272,0.885132,-1.523438,-0.289063,1.613281,-0.369141,0.113281,-0.197266,0.810303,-0.442627,-0.312500,0.223206
27.609066486358643,0.885376,0.523437,0.109375,-1.558594,-0.175781,0.156250,-0.058594,0.809692,-0.444824,-0.313049,0.220337
27.628841161727905,0.885620,1.097656,0.234375,0.296875,-0.058594,0.099609,-0.005859,0.809570,-0.446228,-0.312561,0.218567
27.649275302886963,0.886719,0.300781,0.316406,-0.421875,0.029297,0.068359,-0.015625,0.809631,-0.446960,-0.311890,0.217834
27.668909788131714,0.886719,-0.121094,0.085937,0.257813,0.007813,-0.066406,-0.011719,0.809875,-0.446899,-0.311462,0.217529
27.689348697662354,0.886353,0.175781,0.125000,0.488281,-0.007813,-0.136719,0.031250,0.809814,-0.446655,-0.311951,0.217712
27.709258556365967,0.885498,0.597656,0.164062,0.503906,0.089844,-0.150391,0.136719,0.809204,-0.446594,-0.312988,0.218567
27.729192972183228,0.883911,1.179688,0.625000,-0.699219,0.226562,-0.166016,0.263672,0.808899,-0.445679,-0.313477,0.220825
27.74953007698059,0.883301,-0.902344,-0.074219,0.265625,0.078125,-0.083984,0.146484,0.808960,-0.444031,-0.313293,0.224243
27.769306182861328,0.883057,-2.687500,-0.800781,-0.355469,0.121094,0.039063,-0.158203,0.808838,-0.443359,-0.313293,0.225952
27.789143800735474,0.884766,-1.398438,-0.242187,-1.757813,0.115234,0.177734,-0.113281,0.809753,-0.442200,-0.313232,0.225098
27.809309005737305,0.885864,0.968750,-0.027344,0.281250,0.041016,0.220703,-0.041016,0.811035,-0.441284,-0.312073,0.223755
27.82933282852173,0.887085,0.445312,-0.035156,0.179687,0.044922,0.197266,0.091797,0.812073,-0.441223,-0.310303,0.222656
27.84945034980774,0.888916,1.207031,0.347656,1.082031,0.044922,0.048828,0.210937,0.812622,-0.441589,-0.308289,0.222656
27.869234085083008,0.888916,0.394531,0.277344,-0.035156,0.167969,-0.011719,0.052734,0.812500,-0.441956,-0.307068,0.224060
27.889634132385254,0.887817,-1.054688,-0.074219,-1.167969,0.156250,-0.015625,-0.250000,0.812988,-0.440857,-0.306702,0.224854
27.90977692604065,0.882935,-2.546875,-1.445313,-0.585937,0.244141,-0.078125,-0.615234,0.814331,-0.438660,-0.307495,0.223511
27.92977237701416,0.879639,-3.617188,-1.042969,-0.503906,0.191406,-0.121094,-0.632812,0.816406,-0.434692,-0.310181,0.219666
27.949498414993286,0.878296,0.679687,0.941406,0.582031,-0.007813,-0.078125,-0.294922,0.818237,-0.431030,-0.313354,0.215698
27.96925163269043,0.877441,1.277344,1.148438,1.734375,-0.146484,-0.031250,-0.078125,0.818604,-0.429932,-0.315247,0.213562
27.98944664001465,0.876709,-0.117188,0.390625,0.988281,-0.103516,-0.011719,-0.146484,0.818115,-0.430664,-0.316223,0.212463
28.00978708267212,0.875366,-0.378906,-0.269531,-0.183594,-0.050781,-0.093750,-0.277344,0.817932,-0.431091,-0.317322,0.210937
28.029595613479614,0.872925,0.265625,0.144531,-0.089844,-0.029297,-0.208984,-0.320313,0.817993,-0.430420,-0.319336,0.208984
28.049710988998413,0.865723,0.269531,0.199219,-0.753906,-0.095703,-0.281250,-0.283203,0.817810,-0.429260,-0.322449,0.207214
28.0697762966156,0.864502,1.769531,0.144531,-0.917969,0.025391,-0.199219,-0.146484,0.817200,-0.428406,-0.325989,0.205872
28.089591026306152,0.864258,2.074219,0.289063,-0.058594,-0.027344,-0.150391,0.041016,0.816833,-0.427490,-0.328308,0.205566
28.10958957672119,0.863770,1.914063,0.593750,-0.308594,-0.033203,-0.085937,0.031250,0.816223,-0.427490,-0.329407,0.206360
28.12987232208252,0.861938,-0.652344,-0.277344,0.042969,-0.095703,-0.076172,0.046875,0.815735,-0.427673,-0.330017,0.206970
28.150081872940063,0.860474,0.460937,0.457031,0.753906,-0.234375,-0.144531,0.123047,0.814941,-0.428406,-0.330688,0.207336
28.169710159301758,0.861572,0.660156,0.031250,0.917969,-0.236328,-0.111328,0.207031,0.813293,-0.430359,-0.331665,0.208252
28.18999981880188,0.863281,0.757812,-0.167969,0.496094,-0.164062,-0.058594,0.156250,0.811523,-0.432678,-0.332214,0.209473
28.210331916809082,0.866211,-0.558594,-0.414062,-0.308594,-0.125000,-0.072266,0.105469,0.810242,-0.434387,-0.332458,0.210510
28.22985291481018,0.872192,-1.203125,-0.238281,-1.203125,0.029297,0.046875,-0.003906,0.809326,-0.435486,-0.332764,0.211243
28.250000476837158,0.874756,0.031250,-0.167969,-1.402344,0.050781,0.212891,0.021484,0.809509,-0.435486,-0.332275,0.211182
28.269962310791016,0.875732,0.468750,-0.046875,0.144531,-0.126953,0.234375,0.035156,0.810364,-0.435669,-0.330444,0.210571
28.289973735809326,0.875977,0.109375,-0.152344,1.179688,-0.123047,0.083984,-0.039063,0.810608,-0.437012,-0.328674,0.209473
28.310198307037354,0.876343,-0.542969,0.160156,0.542969,-0.132812,-0.060547,-0.050781,0.810364,-0.438171,-0.328430,0.208435
28.330253839492798,0.877319,0.140625,0.199219,-0.468750,-0.019531,-0.070312,-0.015625,0.809875,-0.438721,-0.329224,0.207886
28.350323915481567,0.878052,0.363281,0.125000,0.152344,-0.056641,-0.078125,0.056641,0.809509,-0.438782,-0.329956,0.208008
28.370338678359985,0.876953,0.707031,0.062500,0.359375,0.017578,-0.005859,0.103516,0.808960,-0.439270,-0.330383,0.208618
28.390433311462402,0.875732,0.644531,0.292969,-2.136719,0.216797,0.000000,0.113281,0.808960,-0.439026,-0.329834,0.209778
28.410286903381348,0.874756,-1.207031,-0.183594,0.851562,0.234375,0.085937,0.111328,0.809692,-0.437744,-0.328796,0.211365
28.430160760879517,0.875366,-0.113281,-0.304688,-1.335938,0.326172,0.201172,0.050781,0.810730,-0.436401,-0.327271,0.212463
28.450356245040894,0.876343,-0.250000,-0.214844,-1.320313,0.173828,0.283203,-0.001953,0.812500,-0.434570,-0.325134,0.212769
28.470317125320435,0.877441,2.261719,-0.070312,0.929687,-0.068359,0.224609,0.056641,0.814026,-0.433838,-0.322632,0.212219
28.490468740463257,0.880371,-0.308594,0.167969,1.718750,0.095703,0.175781,0.058594,0.814636,-0.434814,-0.320190,0.211548
28.51041030883789,0.881714,-0.011719,0.437500,-0.785156,-0.021484,0.025391,0.171875,0.815186,-0.435181,-0.318359,0.211548
28.530277729034424,0.883057,1.093750,0.253906,1.437500,0.214844,-0.066406,0.230469,0.815002,-0.435730,-0.317261,0.212830
28.550774812698364,0.883179,-0.492187,0.484375,-0.503906,0.283203,-0.361328,0.167969,0.815125,-0.434570,-0.316528,0.215698
28.570197582244873,0.882812,-0.460937,0.343750,0.117188,0.316406,-0.576172,-0.017578,0.814819,-0.431885,-0.318298,0.219482
28.59056282043457,0.881592,-1.273438,0.128906,-0.511719,0.097656,-0.357422,-0.050781,0.814392,-0.428040,-0.322205,0.222900
28.610631227493286,0.879395,-1.207031,-0.230469,0.179687,0.019531,-0.230469,-0.208984,0.813904,-0.425720,-0.325439,0.224487
28.630874633789062,0.871948,-3.183594,-0.363281,0.433594,-0.224609,-0.363281,-0.753906,0.813660,-0.424194,-0.328674,0.223572
28.650430917739868,0.867554,-3.816406,-0.585937,1.566406,-0.197266,0.089844,-0.410156,0.813232,-0.423096,-0.334412,0.218689
28.670557737350464,0.866333,3.929688,-0.976562,-1.167969,0.074219,0.310547,-0.279297,0.813477,-0.423340,-0.336365,0.214111
28.69048047065735,0.870361,1.500000,-0.011719,-1.468750,0.126953,0.552734,-0.005859,0.815369,-0.422668,-0.334717,0.210876
28.710779905319214,0.873779,2.695313,1.437500,1.312500,-0.070312,0.443359,0.355469,0.817627,-0.422852,-0.330139,0.208984
28.730746746063232,0.876831,2.558594,1.507813,1.097656,-0.257813,0.255859,0.580078,0.818054,-0.425415,-0.325256,0.209656
28.75080680847168,0.883301,2.324219,1.402344,1.695313,-0.201172,0.242187,0.470703,0.816711,-0.429749,-0.321228,0.212341
28.770795822143555,0.885254,-1.988281,-0.613281,-0.625000,-0.111328,0.195312,0.246094,0.815552,-0.433594,-0.317627,0.214478
28.79109501838684,0.886963,-2.156250,-0.007813,-0.539062,-0.019531,0.138672,0.121094,0.815125,-0.435730,-0.315247,0.215271
28.810860872268677,0.887207,-0.093750,-0.074219,-1.007813,-0.027344,0.097656,0.134766,0.815125,-0.436584,-0.313782,0.215637
28.830766439437866,0.886475,0.703125,0.199219,0.906250,-0.041016,0.048828,0.265625,0.815063,-0.437439,-0.312378,0.216309
28.850788831710815,0.885376,-0.980469,0.191406,0.839844,-0.046875,-0.140625,0.125000,0.814331,-0.438721,-0.311279,0.217896
28.871135473251343,0.882690,-0.390625,0.191406,-1.558594,0.238281,-0.220703,0.025391,0.813599,-0.439087,-0.311646,0.219543
28.891100645065308,0.876221,-1.132813,0.300781,-0.847656,-0.023437,-0.294922,-0.130859,0.813721,-0.437134,-0.312744,0.221252
28.911166191101074,0.874023,-1.371094,-0.472656,1.382813,-0.035156,-0.181641,-0.218750,0.813171,-0.435913,-0.315674,0.221558
28.931168794631958,0.873657,-1.425781,-0.144531,0.601562,-0.242187,-0.072266,-0.298828,0.812805,-0.435181,-0.318542,0.220276
28.950878620147705,0.875977,1.707031,-0.105469,0.488281,-0.117188,0.203125,-0.093750,0.812317,-0.435852,-0.320679,0.217651
28.970893621444702,0.879517,1.390625,0.007813,-1.074219,0.093750,0.296875,0.001953,0.812561,-0.437012,-0.319824,0.215515
28.991085052490234,0.883301,0.199219,0.007813,-1.222656,0.093750,0.365234,0.197266,0.813721,-0.437317,-0.317200,0.214478
29.011258840560913,0.887207,1.953125,0.046875,-1.109375,0.115234,0.185547,0.119141,0.815002,-0.437866,-0.312927,0.214844
29.031293392181396,0.887817,-2.375000,0.277344,1.925781,-0.044922,0.185547,0.224609,0.815796,-0.438110,-0.309998,0.215454
29.05114507675171,0.888306,2.109375,0.140625,0.355469,-0.001953,0.156250,0.115234,0.815735,-0.439392,-0.307922,0.216003
29.07135009765625,0.888550,-1.109375,-0.007813,-0.695312,0.050781,0.101563,0.019531,0.815979,-0.440063,-0.306213,0.216309
29.09113121032715,0.888550,-0.335938,-0.007813,0.445312,0.019531,0.042969,0.013672,0.816467,-0.439941,-0.305176,0.216187
29.111310243606567,0.888672,0.207031,0.140625,0.171875,0.003906,0.052734,0.029297,0.816650,-0.439880,-0.304688,0.216125
29.131377696990967,0.888062,0.531250,0.148437,0.613281,-0.082031,-0.025391,0.095703,0.816711,-0.440125,-0.304199,0.216187
29.15120768547058,0.887085,0.507812,0.156250,0.859375,-0.011719,-0.089844,0.189453,0.816101,-0.440918,-0.304138,0.216858
29.171533584594727,0.886108,2.027344,0.476562,-1.515625,0.166016,-0.169922,0.330078,0.815552,-0.441101,-0.303833,0.219055
29.19154644012451,0.885376,-1.843750,-0.175781,0.996094,0.166016,-0.080078,0.029297,0.815125,-0.440308,-0.303528,0.222595
29.211402893066406,0.885620,-1.726563,-0.605469,-2.234375,0.113281,0.015625,-0.130859,0.815369,-0.439148,-0.303772,0.223755
29.231573581695557,0.886597,-1.359375,-0.238281,-0.105469,0.087891,0.173828,-0.029297,0.816223,-0.437866,-0.303711,0.223206
29.251453638076782,0.887695,0.707031,-0.167969,1.328125,-0.072266,0.230469,0.027344,0.817078,-0.437622,-0.302368,0.222412
29.271312713623047,0.889038,-0.531250,0.453125,-0.480469,-0.037109,0.164062,0.025391,0.817505,-0.438477,-0.300659,0.221436
29.291563510894775,0.889404,0.976562,0.222656,0.699219,-0.001953,0.082031,0.089844,0.817871,-0.438904,-0.299438,0.220886
29.31161332130432,0.889404,0.656250,0.230469,0.277344,-0.042969,-0.062500,0.160156,0.817871,-0.439392,-0.298462,0.221252
29.33161211013794,0.888672,0.871094,0.277344,-1.132813,0.339844,-0.035156,0.332031,0.817322,-0.439880,-0.298096,0.222778
29.35171937942505,0.887817,-0.078125,0.117188,-1.332031,0.244141,-0.058594,0.080078,0.817749,-0.438354,-0.296570,0.226257
29.371899843215942,0.886108,-3.562500,-0.863281,-0.460937,0.275391,-0.019531,-0.394531,0.818726,-0.436035,-0.296204,0.227783
29.39207625389099,0.878540,-3.433594,-1.332031,-0.699219,0.097656,-0.121094,-0.707031,0.820679,-0.432678,-0.297485,0.225464
29.411914825439453,0.873413,-1.484375,0.488281,0.335938,0.058594,-0.125000,-0.527344,0.822266,-0.429565,-0.300964,0.220764
29.4318265914917,0.869873,1.527344,1.109375,0.632812,-0.068359,-0.263672,-0.285156,0.823181,-0.427246,-0.304382,0.217102
29.451850175857544,0.863647,0.996094,1.054688,1.613281,-0.074219,-0.378906,-0.289063,0.822815,-0.426208,-0.307922,0.215576
29.471988677978516,0.860596,-0.394531,0.550781,0.359375,-0.115234,-0.384766,-0.373047,0.821960,-0.425171,-0.312439,0.214539
29.49195408821106,0.857178,1.582031,0.609375,0.167969,-0.126953,-0.185547,-0.134766,0.821106,-0.424194,-0.317078,0.212891
29.512052536010742,0.855591,2.386719,0.343750,0.316406,-0.173828,-0.113281,0.003906,0.820190,-0.424377,-0.319641,0.212097
29.531970024108887,0.855225,1.582031,0.281250,0.039063,-0.189453,-0.078125,0.171875,0.819092,-0.425598,-0.320862,0.212097
29.551907777786255,0.855591,2.140625,0.582031,-0.191406,-0.357422,-0.083984,0.271484,0.817566,-0.427612,-0.321289,0.213135
29.572230100631714,0.856323,1.683594,-0.214844,-0.164062,-0.222656,-0.031250,0.261719,0.815308,-0.431030,-0.321533,0.214661
29.592140197753906,0.862061,-1.429688,-0.910156,-1.121094,-0.066406,0.066406,0.128906,0.813660,-0.433777,-0.321045,0.216125
29.61249589920044,0.865601,-1.632813,-0.320313,-1.527344,-0.007813,0.111328,-0.027344,0.813232,-0.434937,-0.320251,0.216614
29.6322340965271,0.868896,0.367188,-0.054687,-0.578125,0.046875,0.341797,0.058594,0.813721,-0.435120,-0.319214,0.215942
29.652515172958374,0.873535,1.707031,-0.128906,0.738281,0.023437,0.335938,0.210937,0.814758,-0.435791,-0.316162,0.215149
29.67210054397583,0.875366,0.238281,0.269531,0.601562,-0.025391,0.027344,0.193359,0.815308,-0.437073,-0.312744,0.215393
29.69218397140503,0.876221,-0.105469,0.160156,0.441406,0.058594,-0.121094,0.179687,0.815002,-0.437805,-0.311462,0.216919
29.711891651153564,0.875000,-0.511719,0.359375,-1.292969,0.250000,-0.181641,0.132812,0.814697,-0.437317,-0.311340,0.219238
29.73266625404358,0.873535,-0.472656,0.117188,0.984375,0.078125,-0.308594,-0.076172,0.814758,-0.435547,-0.312012,0.221558
29.75246500968933,0.871338,-1.003906,-0.199219,0.683594,-0.111328,-0.216797,-0.255859,0.814331,-0.434204,-0.314331,0.222473
29.772462129592896,0.867798,-1.976563,-0.167969,0.523437,-0.380859,-0.162109,-0.419922,0.813782,-0.433838,-0.317261,0.221008
29.79241681098938,0.865112,1.125000,-0.167969,-0.523437,-0.140625,0.154297,-0.189453,0.812866,-0.434937,-0.320679,0.217468
29.812492847442627,0.866699,1.867188,0.175781,-1.847656,0.050781,0.166016,-0.052734,0.812988,-0.435791,-0.320923,0.214844
29.832343101501465,0.868774,0.226562,0.128906,-0.066406,0.113281,0.367188,0.128906,0.813843,-0.435730,-0.319519,0.213745
29.852629899978638,0.875000,1.585938,-0.253906,-0.496094,0.167969,0.347656,0.320313,0.815247,-0.435913,-0.315735,0.213806
29.872726678848267,0.876343,1.171875,0.484375,-0.394531,0.248047,-0.009766,0.318359,0.816528,-0.436096,-0.310791,0.215759
29.89274573326111,0.876587,-2.144531,0.167969,2.515625,0.126953,-0.085937,0.179687,0.816772,-0.435486,-0.308838,0.218750
29.912608861923218,0.873657,-0.632812,-0.253906,-1.562500,0.130859,-0.074219,-0.208984,0.816772,-0.434692,-0.308655,0.220642
29.932530641555786,0.868530,-3.816406,-0.542969,0.339844,0.113281,-0.083984,-0.523437,0.817627,-0.432800,-0.309753,0.219727
29.952564477920532,0.860352,-3.410156,-1.195313,-0.519531,0.083984,-0.091797,-0.738281,0.818970,-0.430054,-0.312439,0.216125
29.97292470932007,0.848267,0.304688,0.902344,0.773437,-0.154297,-0.076172,-0.375000,0.820496,-0.427124,-0.315918,0.211060
29.99279475212097,0.841919,1.296875,1.078125,2.144531,-0.283203,-0.240234,-0.316406,0.820435,-0.426819,-0.318787,0.207642
30.013126850128174,0.835083,0.039063,0.578125,1.367188,-0.320313,-0.287109,-0.224609,0.819092,-0.427673,-0.322571,0.205200
30.03285503387451,0.826172,1.132813,0.281250,0.132812,-0.222656,-0.232422,-0.189453,0.817383,-0.428894,-0.326477,0.203491
30.052788496017456,0.823608,1.003906,0.136719,-1.160156,-0.117188,-0.119141,-0.058594,0.816040,-0.429565,-0.329529,0.202271
30.072813034057617,0.821899,2.250000,0.601562,-0.667969,-0.208984,-0.136719,0.080078,0.815125,-0.430237,-0.331116,0.201904
30.093127489089966,0.819458,1.675781,0.425781,-0.015625,-0.132812,-0.105469,-0.011719,0.813782,-0.431702,-0.332336,0.202332
30.113107204437256,0.813721,1.285156,0.250000,-0.476562,-0.167969,-0.136719,0.058594,0.812744,-0.432739,-0.333435,0.202454
30.132883071899414,0.810547,-1.289063,-0.269531,-0.093750,-0.097656,-0.259766,-0.105469,0.811462,-0.433899,-0.334839,0.202881
30.15307593345642,0.810059,-1.433594,-0.613281,-0.597656,-0.005859,-0.228516,-0.017578,0.810425,-0.433899,-0.337402,0.202881
30.17301344871521,0.814941,0.695312,0.496094,-0.160156,-0.128906,-0.125000,0.244141,0.809570,-0.433533,-0.339233,0.203796
30.192922592163086,0.823364,1.101563,-0.476562,1.289063,-0.201172,0.027344,0.248047,0.808228,-0.434998,-0.339478,0.205688
30.2130765914917,0.831787,-0.007813,-0.292969,-0.097656,-0.103516,0.181641,0.166016,0.806885,-0.437500,-0.338623,0.206970
30.23327898979187,0.843018,-1.578125,-0.460937,-1.738281,0.023437,0.302734,-0.054687,0.806702,-0.439209,-0.336731,0.207092
30.253177642822266,0.847900,-1.753906,-0.429687,-1.531250,0.005859,0.322266,-0.064453,0.807861,-0.439575,-0.334534,0.205505
30.273058891296387,0.852905,0.558594,0.214844,0.429687,0.054687,0.105469,0.003906,0.809082,-0.439880,-0.332214,0.203674
30.29298186302185,0.857910,0.652344,0.406250,0.957031,-0.019531,-0.027344,0.150391,0.809631,-0.439880,-0.331116,0.203430
30.31318211555481,0.858643,1.164063,0.070312,0.500000,0.082031,0.041016,0.238281,0.809265,-0.440308,-0.330627,0.204651
30.333106994628906,0.858887,0.898437,0.007813,-0.734375,0.019531,-0.025391,-0.017578,0.809143,-0.440552,-0.329529,0.206421
30.353386640548706,0.856323,-1.140625,-0.191406,-1.003906,0.062500,0.023437,-0.113281,0.809265,-0.440186,-0.329529,0.206604
30.37358593940735,0.857422,-0.429687,-0.160156,0.476562,-0.033203,0.050781,-0.037109,0.809814,-0.439453,-0.329712,0.205811
30.3932683467865,0.860474,0.796875,-0.199219,0.515625,0.056641,0.138672,0.064453,0.809998,-0.439575,-0.329468,0.205139
30.413260221481323,0.864014,0.929687,0.222656,-0.613281,0.021484,0.005859,0.140625,0.810425,-0.439636,-0.328247,0.205261
30.43306589126587,0.867432,0.531250,0.191406,0.261719,0.097656,0.033203,0.169922,0.810364,-0.439819,-0.327454,0.206360
30.45352864265442,0.867920,0.371094,0.078125,-0.550781,-0.007813,-0.046875,0.089844,0.810425,-0.439819,-0.326538,0.207825
30.473429441452026,0.867676,-1.000000,-0.031250,0.867187,0.052734,-0.062500,-0.046875,0.810120,-0.439941,-0.326416,0.208740
30.493610858917236,0.865845,-1.238281,-0.074219,-0.406250,0.140625,-0.013672,-0.113281,0.810303,-0.439209,-0.326904,0.208923
30.5136296749115,0.862793,-1.062500,-0.437500,0.031250,0.193359,0.087891,-0.197266,0.811157,-0.437683,-0.327148,0.208435
30.533507108688354,0.859863,-0.671875,-0.890625,-1.152344,0.208984,0.083984,-0.351563,0.812622,-0.435669,-0.327087,0.206970
30.553496837615967,0.858765,-0.863281,-0.230469,-0.230469,0.054687,0.025391,0.060547,0.814331,-0.433289,-0.327332,0.204834
30.573500633239746,0.861572,3.394531,1.914063,0.941406,-0.048828,0.033203,0.394531,0.814575,-0.432983,-0.326843,0.205261
30.59378719329834,0.865845,1.925781,0.062500,0.402344,0.035156,0.220703,0.427734,0.813843,-0.434631,-0.324768,0.208008
30.613787174224854,0.874023,-1.550781,-1.027344,-0.300781,0.023437,0.210937,0.257813,0.813721,-0.436279,-0.321289,0.210632
30.633908987045288,0.876831,-1.566406,-0.359375,-0.476562,0.103516,0.218750,0.044922,0.813965,-0.437195,-0.318420,0.211853
30.653909921646118,0.878174,0.726562,-0.167969,0.417969,-0.013672,0.312500,0.136719,0.814880,-0.437256,-0.316101,0.211731
30.674201250076294,0.879150,1.031250,-0.007813,1.062500,-0.054687,0.218750,0.005859,0.815552,-0.438416,-0.313110,0.211304
30.693805694580078,0.878906,-1.585938,0.230469,-0.402344,-0.117188,0.068359,-0.003906,0.815796,-0.439636,-0.311401,0.210327
30.713796138763428,0.877197,0.566406,0.160156,0.914062,-0.093750,-0.005859,-0.058594,0.815552,-0.440613,-0.311096,0.209595
30.73422384262085,0.874512,-0.636719,-0.023437,-0.179687,-0.138672,-0.113281,-0.203125,0.815247,-0.441162,-0.311646,0.208862
30.75406575202942,0.865234,-1.441406,0.160156,0.187500,-0.044922,-0.166016,-0.244141,0.814819,-0.441284,-0.313660,0.207397
30.77411723136902,0.862671,0.609375,0.230469,-0.554687,0.000000,-0.169922,0.015625,0.814453,-0.440674,-0.316223,0.206055
30.794097661972046,0.863525,1.941406,0.191406,0.410156,0.181641,-0.052734,0.167969,0.814026,-0.440247,-0.317444,0.206848
30.813807487487793,0.868896,0.359375,0.078125,0.082031,0.216797,-0.054687,0.222656,0.814209,-0.439331,-0.316895,0.208984
30.83421039581299,0.870728,0.582031,0.109375,-0.218750,0.087891,-0.005859,0.210937,0.814514,-0.438110,-0.315918,0.211731
30.85415768623352,0.872681,-1.265625,-0.503906,0.410156,0.257813,0.107422,0.263672,0.814697,-0.437561,-0.314636,0.213867
30.874088287353516,0.877808,1.269531,-0.015625,-1.167969,0.083984,0.066406,0.152344,0.815430,-0.436768,-0.312439,0.216125
30.894219398498535,0.879395,-1.300781,-0.277344,-0.503906,0.083984,0.214844,0.097656,0.815796,-0.436584,-0.310913,0.217346
30.914422035217285,0.881104,0.914062,-0.199219,0.316406,-0.068359,0.261719,0.089844,0.816528,-0.436768,-0.308655,0.217407
30.93425703048706,0.883911,-0.464844,-0.113281,1.265625,-0.056641,0.171875,0.060547,0.816895,-0.438110,-0.306030,0.216919
30.954066514968872,0.884644,-0.742187,0.285156,-0.074219,0.005859,0.275391,0.238281,0.817017,-0.439270,-0.304321,0.216492
30.974271535873413,0.884644,-0.464844,0.140625,-0.128906,0.048828,0.076172,0.062500,0.817322,-0.440308,-0.301758,0.216980
30.99452257156372,0.884521,-0.363281,-0.167969,-0.949219,0.156250,0.056641,-0.056641,0.817688,-0.440308,-0.300293,0.217529
31.014375686645508,0.878784,-2.363281,-0.335938,-0.328125,0.210937,-0.068359,-0.318359,0.818604,-0.439026,-0.299866,0.217163
31.03441023826599,0.874634,-1.238281,-0.718750,-0.320313,0.296875,-0.332031,-0.494141,0.820007,-0.436096,-0.301575,0.215515
31.054310083389282,0.871094,1.035156,0.988281,0.230469,0.228516,-0.425781,-0.296875,0.821350,-0.431641,-0.305481,0.213989
31.074469566345215,0.865967,2.250000,1.339844,1.093750,0.023437,-0.431641,0.080078,0.821594,-0.428040,-0.309753,0.214050
31.094343423843384,0.865112,3.269531,1.605469,1.855469,-0.431641,-0.310547,0.505859,0.820068,-0.427368,-0.312866,0.216553
31.114756107330322,0.866455,2.855469,1.210938,2.160156,-0.134766,-0.007813,0.207031,0.816711,-0.431030,-0.314087,0.220398
31.134358644485474,0.874512,-3.898438,-0.453125,-0.910156,-0.021484,0.146484,-0.140625,0.815247,-0.433167,-0.313904,0.221741
31.154648303985596,0.876831,-2.183594,-0.535156,-1.980469,-0.005859,0.250000,-0.175781,0.815796,-0.433350,-0.313538,0.220032
31.17447829246521,0.877563,0.718750,-0.542969,0.875000,0.060547,0.333984,-0.068359,0.816895,-0.433533,-0.312256,0.217407
31.194643020629883,0.877563,0.703125,-0.046875,-0.718750,0.140625,0.333984,0.054687,0.818054,-0.433899,-0.309814,0.215576
31.214818716049194,0.878296,-1.218750,-0.750000,-1.300781,0.390625,0.257813,-0.123047,0.819763,-0.433289,-0.306641,0.214844
31.234798669815063,0.878784,-0.261719,0.359375,-0.421875,0.369141,0.167969,0.029297,0.822388,-0.430420,-0.304199,0.214111
31.254911422729492,0.879028,1.679688,1.207031,0.808594,0.097656,0.035156,0.363281,0.824341,-0.427979,-0.301941,0.214783
31.274860382080078,0.879272,2.804688,1.644531,1.867188,-0.232422,-0.076172,0.500000,0.824097,-0.428345,-0.299927,0.217773
31.294800281524658,0.879883,0.546875,-0.070312,0.949219,-0.234375,0.003906,0.394531,0.821899,-0.431458,-0.298767,0.221436
31.314815044403076,0.881348,-2.570313,-1.707031,-1.265625,-0.138672,0.000000,0.074219,0.820007,-0.434509,-0.297913,0.223755
31.3349130153656,0.885376,-1.632813,-0.238281,-0.828125,-0.062500,0.078125,0.027344,0.819214,-0.435974,-0.297729,0.224060
31.35484266281128,0.886841,-0.625000,-0.230469,-0.429687,-0.109375,0.181641,0.128906,0.819031,-0.436890,-0.297058,0.223877
31.375123023986816,0.888184,0.289063,0.015625,0.144531,-0.093750,0.138672,0.125000,0.818787,-0.438477,-0.295288,0.223816
31.395108222961426,0.888672,-0.789062,0.183594,0.296875,-0.041016,0.048828,0.031250,0.818542,-0.439880,-0.293884,0.223877
31.414966106414795,0.888184,-0.937500,-0.113281,-0.726562,0.158203,0.134766,0.148437,0.818481,-0.440369,-0.293396,0.223816
31.434835195541382,0.887939,0.886719,-0.429687,-1.562500,0.250000,0.046875,-0.003906,0.819092,-0.439758,-0.291870,0.224670
31.45513129234314,0.885620,-1.097656,-0.066406,-0.070312,0.248047,0.041016,-0.105469,0.820312,-0.437866,-0.290894,0.225220
31.475005626678467,0.883667,-0.039063,-0.246094,1.070313,0.119141,-0.074219,-0.253906,0.821716,-0.435669,-0.290649,0.224792
31.49518918991089,0.881592,-1.386719,-0.390625,0.785156,0.203125,-0.107422,-0.289063,0.822693,-0.433533,-0.291931,0.223511
31.515251398086548,0.876587,-0.070312,0.039063,-0.656250,0.125000,-0.218750,-0.191406,0.823792,-0.430908,-0.293762,0.222229
31.53499722480774,0.874023,1.453125,1.203125,0.601562,-0.072266,-0.345703,0.011719,0.824036,-0.428894,-0.296143,0.221985
31.555213451385498,0.872314,2.234375,1.667969,1.550781,-0.341797,-0.244141,0.410156,0.822693,-0.428894,-0.298828,0.223389
31.575263738632202,0.872559,3.085938,1.339844,1.238281,-0.185547,-0.152344,0.501953,0.819702,-0.432129,-0.299927,0.226746
31.594935178756714,0.878296,1.109375,-1.609375,-0.484375,-0.056641,-0.074219,0.164062,0.817261,-0.434875,-0.299683,0.230530
31.615478038787842,0.881104,-3.273438,-0.828125,-2.843750,0.185547,0.160156,-0.207031,0.816589,-0.435425,-0.299683,0.231934
31.63539147377014,0.882690,-1.601563,-0.734375,-1.312500,-0.097656,0.273438,-0.289063,0.818115,-0.434082,-0.298828,0.230225
31.65538763999939,0.881958,-0.484375,-0.484375,1.753906,-0.085937,0.134766,-0.279297,0.819214,-0.434265,-0.298279,0.226624
31.67536234855652,0.881714,1.246094,0.351563,-0.429687,0.056641,-0.035156,-0.150391,0.819946,-0.434143,-0.298584,0.223816
31.69537663459778,0.881226,-0.042969,-0.734375,-0.371094,0.464844,0.169922,-0.128906,0.820801,-0.432739,-0.298889,0.222900
31.7151358127594,0.881226,-0.394531,-0.773437,-1.597656,0.386719,0.091797,-0.126953,0.823242,-0.429321,-0.297485,0.222412
31.735400915145874,0.881714,0.171875,0.832031,0.785156,0.109375,0.033203,0.240234,0.825378,-0.426147,-0.296204,0.222290
31.75564956665039,0.881958,3.503906,2.019531,2.722656,-0.285156,-0.027344,0.628906,0.825317,-0.426208,-0.294739,0.224365
31.77580976486206,0.883667,2.496094,1.003906,1.199219,-0.261719,-0.025391,0.654297,0.822693,-0.430115,-0.292969,0.228760
31.79573392868042,0.885010,-1.691406,-2.726563,-1.253906,-0.054687,0.048828,0.197266,0.820129,-0.433960,-0.291077,0.233093
31.81551504135132,0.886475,-4.335937,-0.605469,-2.507813,0.039063,0.076172,-0.109375,0.819580,-0.435059,-0.289917,0.234436
31.835621118545532,0.888306,0.828125,-0.121094,0.386719,-0.052734,0.152344,-0.019531,0.820251,-0.434631,-0.289429,0.233582
31.855598211288452,0.888428,1.074219,0.000000,1.039063,-0.031250,0.201172,0.052734,0.820496,-0.435303,-0.288391,0.232605
31.87580633163452,0.888672,0.285156,0.308594,-0.570312,-0.058594,0.101563,0.037109,0.820740,-0.436279,-0.286743,0.231995
31.895900011062622,0.888672,-0.390625,0.160156,0.769531,-0.062500,-0.015625,-0.027344,0.820740,-0.436951,-0.285889,0.231689
31.915733098983765,0.887085,0.023437,0.054687,0.281250,-0.083984,-0.068359,0.005859,0.820496,-0.437378,-0.286194,0.231384
31.93581748008728,0.886230,0.898437,0.175781,0.687500,-0.125000,-0.138672,0.144531,0.819885,-0.437988,-0.286987,0.231506
31.955734729766846,0.885620,0.875000,0.156250,-0.292969,0.316406,0.025391,0.333984,0.818970,-0.438660,-0.287415,0.232971
31.975730419158936,0.886108,1.574219,0.070312,-2.898438,0.134766,-0.085937,0.082031,0.819214,-0.437622,-0.285767,0.236023
31.996212244033813,0.886353,-1.359375,-0.437500,-1.351563,0.171875,0.099609,-0.046875,0.819519,-0.436523,-0.285400,0.237488
32.01618719100952,0.886841,0.441406,-0.144531,0.691406,-0.162109,0.072266,-0.054687,0.820374,-0.435547,-0.284607,0.237244
32.03612661361694,0.887939,-0.902344,-0.058594,1.468750,0.003906,0.128906,-0.039063,0.820435,-0.436218,-0.284363,0.236145
32.05593514442444,0.888672,0.402344,0.246094,-0.601562,-0.062500,0.011719,0.005859,0.820740,-0.436523,-0.283752,0.235291
32.07605767250061,0.888916,0.937500,0.093750,-0.179687,-0.007813,0.054687,0.091797,0.820557,-0.437012,-0.283508,0.235107
32.09616994857788,0.888672,0.425781,0.062500,-0.250000,0.009766,0.000000,0.126953,0.820435,-0.437500,-0.282776,0.235596
32.11581754684448,0.888184,0.250000,0.109375,0.210937,0.175781,-0.050781,0.269531,0.820129,-0.437805,-0.282288,0.236694
32.13656544685364,0.888184,1.062500,0.367188,-0.894531,0.359375,-0.224609,0.361328,0.820129,-0.436951,-0.281128,0.239685
32.155975103378296,0.888062,-1.625000,0.160156,0.785156,0.474609,-0.496094,0.238281,0.820190,-0.434387,-0.280701,0.244446
32.176379919052124,0.888306,-0.140625,0.476562,-2.910156,0.515625,-0.595703,0.050781,0.820374,-0.429687,-0.282776,0.249817
32.196338415145874,0.888184,-1.375000,-0.757812,2.128906,0.210937,-0.285156,-0.398438,0.820801,-0.424377,-0.285950,0.253784
32.216280937194824,0.887085,-4.242187,-0.875000,-0.152344,-0.121094,-0.630859,-1.371094,0.821899,-0.420288,-0.290161,0.252319
32.23629593849182,0.878296,-3.824219,-1.433594,4.574219,-0.347656,-0.535156,-1.697266,0.822937,-0.415955,-0.300781,0.243591
32.25652289390564,0.869873,-1.082031,-1.972656,-3.382813,-0.226562,-0.513672,-1.656250,0.823853,-0.412231,-0.313049,0.230957
32.27665305137634,0.862305,-0.277344,1.386719,1.511719,-0.138672,-0.345703,-1.109375,0.825073,-0.407593,-0.324341,0.218872
32.29719686508179,0.849976,2.968750,0.707031,-0.937500,-0.146484,-0.050781,-0.480469,0.825745,-0.404480,-0.331909,0.210632
32.31626844406128,0.843384,3.304688,1.523438,2.386719,-0.382813,0.009766,0.093750,0.825806,-0.404114,-0.334839,0.206482
32.33639883995056,0.835449,1.207031,0.222656,1.109375,-0.269531,0.152344,0.150391,0.824280,-0.407349,-0.335205,0.205688
32.35641264915466,0.817261,-1.285156,-0.589844,-0.660156,-0.039063,0.244141,-0.300781,0.823547,-0.410095,-0.334045,0.205017
32.37679052352905,0.808838,-3.605469,-0.328125,0.089844,-0.275391,0.181641,-0.312500,0.824524,-0.410339,-0.333374,0.201660
32.39637517929077,0.794922,3.535156,0.890625,1.578125,-0.416016,0.203125,-0.019531,0.824646,-0.411865,-0.333496,0.197632
32.41635990142822,0.765137,3.312500,1.234375,1.394531,-0.542969,0.091797,0.056641,0.823669,-0.415588,-0.332886,0.195129
32.43638467788696,0.756104,1.105469,-0.257813,-0.019531,-0.384766,0.068359,-0.218750,0.821777,-0.420166,-0.332947,0.193176
32.456321239471436,0.754517,-0.984375,-1.343750,-2.304688,-0.238281,0.136719,-0.363281,0.820801,-0.422791,-0.333862,0.189880
32.47673535346985,0.754028,0.375000,-0.128906,-2.203125,-0.123047,0.035156,-0.294922,0.820862,-0.423767,-0.334778,0.185730
32.49661612510681,0.751343,1.218750,0.785156,-1.039063,-0.044922,0.052734,-0.066406,0.821045,-0.423950,-0.335815,0.182739
32.516804933547974,0.752075,1.929688,0.628906,-0.378906,-0.013672,0.083984,-0.062500,0.821167,-0.424133,-0.335876,0.181763
32.53681755065918,0.750977,-0.097656,-0.566406,0.417969,0.009766,0.054687,-0.271484,0.821533,-0.424072,-0.335571,0.180725
32.55678057670593,0.745605,-0.828125,0.140625,0.035156,-0.107422,0.005859,-0.144531,0.822205,-0.423340,-0.336121,0.178467
32.57679629325867,0.744263,0.835937,0.945312,1.230469,-0.134766,-0.132812,0.001953,0.822021,-0.423584,-0.336914,0.176941
32.59680962562561,0.746582,0.636719,0.605469,0.496094,0.007813,-0.003906,0.123047,0.821167,-0.424438,-0.337952,0.177002
32.61679720878601,0.750854,1.300781,0.003906,-0.339844,-0.009766,0.007813,0.072266,0.820862,-0.424805,-0.337708,0.177917
32.6368134021759,0.752197,-0.406250,-0.105469,-0.109375,-0.099609,0.035156,0.085937,0.820740,-0.425171,-0.337280,0.178528
32.6570143699646,0.753174,-0.160156,-0.128906,-0.179687,-0.177734,0.031250,0.111328,0.820312,-0.426270,-0.336853,0.178772
32.676817417144775,0.759521,0.015625,0.277344,-0.378906,-0.154297,0.025391,0.250000,0.819458,-0.428162,-0.336304,0.179016
32.6968777179718,0.766357,0.820312,0.464844,-0.085937,-0.119141,0.019531,0.375000,0.818481,-0.430237,-0.335327,0.180420
32.71703743934631,0.776245,1.042969,0.425781,0.503906,-0.158203,0.042969,0.439453,0.817261,-0.432617,-0.333740,0.182983
32.736862659454346,0.796875,-0.464844,-0.945312,0.214844,-0.105469,0.152344,0.251953,0.816101,-0.435303,-0.331726,0.185669
32.75690317153931,0.803589,-1.289063,-0.769531,-0.429687,-0.076172,0.005859,0.093750,0.815613,-0.437134,-0.329712,0.186829
32.777214765548706,0.808472,-0.546875,-0.062500,0.230469,-0.109375,-0.148437,0.060547,0.815125,-0.438110,-0.329346,0.187378
32.797110080718994,0.812378,0.488281,0.105469,0.949219,-0.197266,-0.234375,0.125000,0.814026,-0.438965,-0.330444,0.188171
32.817206382751465,0.815063,0.718750,0.128906,0.812500,-0.253906,-0.283203,0.126953,0.812195,-0.440613,-0.332153,0.189514
32.83727025985718,0.814575,-0.277344,0.046875,-0.128906,-0.130859,-0.220703,-0.029297,0.809998,-0.442444,-0.334290,0.190857
32.85716772079468,0.811890,-2.339844,0.054687,0.339844,-0.236328,-0.250000,-0.279297,0.808533,-0.443115,-0.336792,0.191040
32.87743043899536,0.809570,1.628906,-0.414062,-1.414063,-0.230469,-0.042969,-0.158203,0.807434,-0.443481,-0.339783,0.189514
32.89732527732849,0.812378,-0.761719,-0.062500,0.226562,-0.146484,0.056641,-0.066406,0.806885,-0.444336,-0.340820,0.187927
32.91737675666809,0.818359,0.070312,-0.062500,0.042969,0.095703,0.130859,-0.087891,0.806824,-0.445007,-0.340820,0.186707
32.93759298324585,0.832275,-1.007813,-0.152344,0.066406,0.125000,0.189453,-0.150391,0.807739,-0.444397,-0.340149,0.185486
32.957228899002075,0.837891,0.824219,-0.093750,-0.386719,0.080078,0.232422,-0.019531,0.809082,-0.443420,-0.338989,0.183899
32.97716450691223,0.843994,0.484375,0.128906,0.617187,0.015625,0.111328,0.052734,0.810181,-0.443054,-0.337280,0.182983
32.99737906455994,0.853882,0.769531,0.015625,0.722656,-0.001953,0.136719,0.187500,0.810608,-0.443298,-0.336060,0.182983
33.01749801635742,0.853516,-0.914062,0.031250,-0.011719,0.037109,-0.001953,0.037109,0.810730,-0.443970,-0.334351,0.183838
33.037800788879395,0.851074,-1.289063,-0.199219,-0.488281,0.177734,0.007813,-0.007813,0.810913,-0.443726,-0.333923,0.184326
33.05777025222778,0.840698,0.316406,-0.054687,-0.742187,0.257813,0.015625,-0.082031,0.811707,-0.442322,-0.333679,0.184692
33.07755088806152,0.835205,-0.417969,-0.046875,-0.597656,0.335938,0.027344,-0.080078,0.813049,-0.440063,-0.333374,0.184875
33.097721099853516,0.833618,0.761719,0.886719,0.039063,0.167969,0.003906,0.175781,0.814636,-0.437317,-0.332825,0.185364
33.117608070373535,0.833862,2.472656,1.269531,0.925781,0.050781,-0.046875,0.359375,0.815125,-0.436401,-0.331726,0.187317
33.13757658004761,0.839722,0.839844,-0.507812,0.429687,-0.005859,0.000000,0.216797,0.814636,-0.436951,-0.330444,0.190369
33.1578106880188,0.844849,-1.160156,-0.613281,0.007813,0.070312,0.070312,0.029297,0.814331,-0.437439,-0.329468,0.192200
33.1779625415802,0.847656,-1.144531,-0.500000,0.644531,-0.208984,0.074219,-0.078125,0.814697,-0.437317,-0.328674,0.192383
33.19808602333069,0.850952,-1.035156,-0.183594,1.433594,-0.265625,0.089844,-0.130859,0.814331,-0.438599,-0.328735,0.190796
33.21781897544861,0.853149,0.175781,0.023437,0.136719,-0.275391,0.080078,-0.066406,0.813599,-0.440552,-0.329285,0.188477
33.237863302230835,0.855225,0.816406,0.230469,0.554687,-0.199219,0.080078,-0.054687,0.812744,-0.442810,-0.329529,0.186646
33.25780701637268,0.856934,0.394531,0.121094,-0.718750,-0.134766,0.035156,-0.025391,0.812195,-0.444397,-0.329407,0.185303
33.27779769897461,0.856445,-0.332031,0.023437,0.332031,-0.052734,0.009766,-0.025391,0.811829,-0.445374,-0.329468,0.184509
33.29793691635132,0.854614,0.203125,0.101563,-0.574219,-0.064453,-0.048828,0.052734,0.811584,-0.445923,-0.329651,0.184082
33.317843437194824,0.847534,0.632812,0.144531,0.468750,0.173828,-0.029297,0.154297,0.811157,-0.446350,-0.329712,0.184570
33.33781981468201,0.844360,0.343750,0.292969,-0.511719,0.281250,-0.066406,0.199219,0.811462,-0.445435,-0.329102,0.186462
33.358107805252075,0.842041,0.605469,0.023437,-0.441406,0.236328,-0.162109,0.154297,0.812134,-0.443726,-0.328247,0.189270
33.37785339355469,0.840210,-1.335938,-0.023437,0.605469,0.250000,-0.132812,0.126953,0.812439,-0.441956,-0.328186,0.192078
33.39823937416077,0.842529,-0.332031,-0.300781,-0.835937,0.113281,-0.035156,-0.048828,0.812744,-0.440430,-0.328247,0.194336
33.418349266052246,0.845215,-1.449219,-0.351563,-1.125000,0.103516,0.111328,-0.083984,0.813293,-0.439209,-0.328186,0.194702
33.438153982162476,0.849609,0.199219,-0.359375,0.460937,0.046875,0.103516,-0.107422,0.814209,-0.438354,-0.327637,0.193787
33.45789694786072,0.861084,-0.382813,0.046875,0.023437,0.017578,0.150391,0.042969,0.814941,-0.437927,-0.327026,0.192688
33.478182792663574,0.866455,1.394531,0.199219,0.773437,0.011719,0.089844,0.181641,0.815430,-0.438049,-0.325745,0.192444
33.49818444252014,0.869751,0.660156,0.089844,0.226562,0.117188,0.076172,0.248047,0.815552,-0.438599,-0.324158,0.193542
33.518311738967896,0.871460,0.246094,-0.085937,-0.636719,0.095703,0.033203,0.044922,0.815735,-0.438721,-0.322388,0.195374
33.538535833358765,0.871094,-2.265625,-0.128906,-0.355469,0.119141,0.037109,-0.082031,0.816223,-0.438171,-0.321472,0.196045
33.5584499835968,0.868530,-0.820312,-0.222656,-0.218750,0.134766,0.060547,-0.148437,0.817017,-0.437073,-0.321350,0.195496
33.57830810546875,0.861084,1.121094,-0.207031,-0.585937,0.183594,0.103516,-0.072266,0.818054,-0.435669,-0.321106,0.194580
33.59830021858215,0.859619,-0.066406,0.121094,0.027344,0.134766,0.101563,0.005859,0.819336,-0.434143,-0.320251,0.194153
33.61866545677185,0.859375,0.890625,0.375000,0.234375,-0.076172,0.064453,0.080078,0.820129,-0.433350,-0.319214,0.194092
33.63850021362305,0.859741,0.453125,0.425781,1.121094,-0.105469,0.076172,0.107422,0.820007,-0.434143,-0.318420,0.194275
33.65840435028076,0.860596,0.132812,0.023437,0.132812,-0.052734,0.003906,0.126953,0.819519,-0.435486,-0.317566,0.194580
33.6785364151001,0.864258,0.117188,0.000000,0.027344,-0.013672,0.064453,0.150391,0.819031,-0.436462,-0.317017,0.195312
33.69858145713806,0.868408,-0.003906,-0.300781,-0.585937,0.025391,0.224609,0.154297,0.818909,-0.437256,-0.315857,0.196228
33.71874260902405,0.873535,-0.378906,-0.292969,-0.226562,-0.013672,0.396484,0.136719,0.819397,-0.437866,-0.313354,0.196594
33.738811016082764,0.874756,-0.992187,0.097656,0.402344,-0.066406,0.197266,0.083984,0.820251,-0.438843,-0.310120,0.196045
33.758641481399536,0.875854,0.769531,-0.046875,1.167969,-0.033203,0.138672,0.179687,0.820496,-0.439941,-0.307983,0.195801
33.77880072593689,0.876343,0.042969,0.085937,-0.257813,0.126953,0.041016,0.056641,0.820557,-0.440918,-0.306213,0.196411
33.798821449279785,0.875244,-0.445312,-0.152344,-0.320313,0.128906,-0.064453,-0.099609,0.820984,-0.440247,-0.305481,0.197083
33.819207429885864,0.871704,-1.074219,-0.398438,-0.296875,0.199219,-0.095703,-0.242187,0.821655,-0.438721,-0.306030,0.196960
33.83896780014038,0.861694,-0.433594,-0.308594,-0.281250,0.167969,-0.242187,-0.228516,0.822571,-0.436157,-0.307678,0.196045
33.85882496833801,0.858643,0.281250,1.003906,-0.031250,0.056641,-0.298828,-0.017578,0.822998,-0.433716,-0.310181,0.195801
33.87887525558472,0.857788,2.285156,1.148438,1.320313,-0.140625,-0.220703,0.296875,0.822327,-0.432739,-0.312439,0.197144
33.89907455444336,0.859497,1.964844,-0.199219,0.660156,-0.091797,-0.058594,0.244141,0.820618,-0.434082,-0.313293,0.199951
33.91883444786072,0.862427,-2.449219,-1.527344,-0.769531,0.017578,0.023437,-0.048828,0.819458,-0.435547,-0.313049,0.201843
33.93902373313904,0.864624,-2.761719,-0.566406,-1.730469,-0.099609,0.042969,-0.232422,0.819519,-0.435608,-0.313171,0.201355
33.95909023284912,0.866455,-0.066406,-0.144531,0.085937,-0.072266,0.099609,-0.197266,0.819702,-0.435730,-0.313965,0.199097
33.978947162628174,0.867798,0.707031,0.152344,-0.289063,0.046875,0.078125,-0.132812,0.820129,-0.435791,-0.314209,0.196899
33.99894833564758,0.867310,0.507812,-0.246094,0.031250,0.312500,0.185547,-0.031250,0.820923,-0.435120,-0.313782,0.195679
34.019017696380615,0.867187,0.515625,-0.500000,-1.363281,0.275391,0.017578,-0.080078,0.822754,-0.432983,-0.312195,0.195435
34.03898572921753,0.868042,1.886719,1.039063,0.429687,0.083984,-0.007813,0.152344,0.824158,-0.430542,-0.311584,0.195679
34.05894422531128,0.869141,1.789063,1.316406,1.226563,-0.103516,-0.060547,0.394531,0.824158,-0.430359,-0.310852,0.197266
34.0790159702301,0.871094,2.265625,0.886719,0.867187,-0.115234,-0.039063,0.388672,0.822693,-0.432434,-0.309937,0.200317
34.0992374420166,0.875977,-0.546875,-1.339844,-0.414062,0.025391,-0.009766,0.082031,0.821289,-0.434509,-0.308960,0.203186
34.11918902397156,0.877686,-1.648438,-0.414062,-0.679687,-0.025391,0.136719,-0.039063,0.821167,-0.434631,-0.308533,0.203918
34.1392138004303,0.879761,0.273438,-0.261719,0.613281,-0.103516,0.273438,0.031250,0.821594,-0.434937,-0.307495,0.203125
34.159099102020264,0.881348,0.613281,0.238281,0.375000,-0.064453,0.074219,0.046875,0.822021,-0.435974,-0.305542,0.202026
34.1792414188385,0.882202,0.281250,0.519531,1.074219,-0.220703,-0.134766,0.164062,0.821777,-0.437012,-0.304871,0.201904
34.199363708496094,0.882568,0.453125,0.007813,-0.410156,0.066406,-0.082031,0.308594,0.820190,-0.438904,-0.305603,0.203125
34.21946406364441,0.881592,0.875000,0.062500,-3.214844,0.205078,-0.095703,0.095703,0.819519,-0.439087,-0.305115,0.206116
34.23917031288147,0.880127,-4.144531,-0.644531,-0.871094,0.273438,0.011719,-0.271484,0.820129,-0.437256,-0.304993,0.207947
34.25952386856079,0.877808,-2.039063,-0.675781,-0.988281,-0.056641,0.037109,-0.396484,0.821655,-0.434570,-0.305603,0.206543
34.27954697608948,0.874878,-0.753906,0.066406,-0.253906,-0.095703,0.080078,-0.289063,0.822510,-0.433533,-0.307007,0.203125
34.299485206604004,0.874756,3.382813,1.667969,1.371094,-0.349609,0.062500,0.085937,0.822754,-0.433899,-0.307800,0.200256
34.31932067871094,0.876465,2.371094,1.277344,1.382813,-0.330078,0.089844,0.246094,0.821350,-0.436951,-0.307556,0.199585
34.33939456939697,0.878906,2.000000,-0.246094,0.402344,-0.207031,0.083984,0.201172,0.819641,-0.440735,-0.306519,0.200012
34.35965037345886,0.882690,-1.640625,-0.214844,-1.101563,-0.083984,-0.058594,0.037109,0.818420,-0.443359,-0.305481,0.200623
34.3795530796051,0.883423,-2.328125,-0.246094,-0.585937,0.066406,-0.029297,-0.052734,0.817932,-0.444031,-0.305847,0.200867
34.39993476867676,0.883911,0.421875,-0.214844,-1.023438,0.359375,0.080078,0.113281,0.818237,-0.443176,-0.306030,0.200989
34.41953468322754,0.881714,1.242188,-0.007813,-1.539063,0.199219,-0.031250,-0.009766,0.819580,-0.441101,-0.304565,0.202393
34.439919233322144,0.879761,-0.597656,-0.097656,-0.382813,0.197266,-0.070312,-0.056641,0.820557,-0.439148,-0.304260,0.203247
34.45981502532959,0.876953,0.160156,0.261719,0.390625,0.095703,-0.025391,0.095703,0.821289,-0.437256,-0.304626,0.203735
34.47987103462219,0.876221,1.824219,0.949219,-0.007813,0.087891,0.039063,0.373047,0.821411,-0.436768,-0.304138,0.205078
34.499823331832886,0.877930,2.183594,0.429687,-0.097656,0.134766,0.117188,0.318359,0.821228,-0.437134,-0.302124,0.207947
34.51983380317688,0.879761,-1.851563,-0.558594,-0.207031,0.115234,0.056641,0.119141,0.821411,-0.437256,-0.299683,0.210327
34.53993511199951,0.882202,-0.976562,-0.300781,-0.144531,0.017578,0.023437,0.021484,0.821838,-0.436890,-0.298401,0.211487
34.559746503829956,0.882324,-0.394531,-0.214844,0.957031,-0.275391,-0.007813,-0.072266,0.821838,-0.437073,-0.298035,0.211609
34.57982802391052,0.881836,-0.832031,-0.046875,1.847656,-0.341797,-0.005859,-0.070312,0.820801,-0.439026,-0.298828,0.210327
34.59991121292114,0.881470,1.265625,0.406250,-0.050781,-0.263672,-0.019531,0.054687,0.819458,-0.441467,-0.299866,0.208923
34.619913816452026,0.882080,0.546875,0.125000,0.417969,-0.222656,0.005859,0.003906,0.818176,-0.443787,-0.300354,0.208557
34.64002013206482,0.882812,-1.062500,-0.207031,-0.886719,-0.138672,0.082031,-0.027344,0.817139,-0.445679,-0.300659,0.207886
34.65994715690613,0.883789,-0.410156,-0.199219,-0.640625,0.025391,0.023437,-0.031250,0.816895,-0.446838,-0.300415,0.206970
34.67995309829712,0.885254,0.363281,-0.042969,-0.457031,0.187500,0.080078,0.132812,0.817078,-0.446777,-0.300171,0.206665
34.69999027252197,0.884644,0.492187,-0.167969,-1.292969,0.304688,0.023437,-0.001953,0.817810,-0.445801,-0.298950,0.207642
34.7204053401947,0.883911,-0.960937,-0.074219,-0.457031,0.205078,-0.007813,-0.064453,0.819092,-0.443604,-0.298157,0.208435
34.74019193649292,0.880127,0.292969,0.093750,0.054687,0.181641,-0.031250,-0.025391,0.820129,-0.441650,-0.297974,0.208679
34.76029133796692,0.878174,0.593750,0.500000,0.253906,0.152344,-0.087891,0.095703,0.820862,-0.440002,-0.298035,0.209229
34.78024697303772,0.877563,0.984375,0.527344,0.351563,0.058594,-0.111328,0.308594,0.821045,-0.438904,-0.297913,0.210876
34.80036282539368,0.879639,1.789063,0.812500,0.890625,-0.087891,-0.113281,0.312500,0.820251,-0.439331,-0.297485,0.213867
34.82017993927002,0.881592,-2.652344,-0.621094,-1.355469,0.023437,-0.005859,0.033203,0.818970,-0.440552,-0.297241,0.216492
34.84207463264465,0.884644,-1.574219,-0.390625,-0.273438,-0.062500,-0.007813,-0.101563,0.818787,-0.440674,-0.297241,0.216919
34.86188721656799,0.886475,-0.019531,-0.230469,1.082031,-0.238281,0.042969,-0.089844,0.818726,-0.440857,-0.297729,0.216003
34.8818781375885,0.887329,-0.531250,0.046875,-0.375000,-0.216797,0.144531,-0.150391,0.818115,-0.442505,-0.298157,0.214355
34.9020676612854,0.887573,1.191406,0.292969,-0.242187,-0.128906,0.107422,-0.025391,0.817871,-0.444214,-0.298035,0.212036
34.92196464538574,0.887695,0.281250,0.386719,0.347656,-0.050781,0.009766,0.011719,0.817688,-0.445374,-0.297668,0.210937
34.94181704521179,0.887695,-0.722656,-0.121094,-0.449219,-0.015625,-0.029297,-0.058594,0.817444,-0.445862,-0.297668,0.210693
34.9620144367218,0.887451,0.339844,0.031250,-0.105469,-0.001953,0.007813,-0.025391,0.817383,-0.445801,-0.298157,0.210327
34.98213815689087,0.887207,1.191406,0.148437,0.242187,-0.001953,0.019531,0.089844,0.817444,-0.445801,-0.298157,0.210144
35.00196957588196,0.886719,0.554687,0.308594,-0.378906,0.093750,0.017578,0.126953,0.817383,-0.445984,-0.297607,0.210815
35.022265672683716,0.884277,0.121094,0.148437,-0.289063,0.146484,0.015625,0.130859,0.817566,-0.445618,-0.296753,0.212036
35.04197716712952,0.883545,-0.046875,-0.242187,-0.472656,0.216797,0.056641,0.140625,0.817932,-0.444885,-0.295776,0.213379
35.0617561340332,0.883545,-0.332031,0.085937,-1.171875,0.212891,0.007813,0.126953,0.818787,-0.443604,-0.294373,0.214905
35.08196401596069,0.883911,-0.578125,-0.238281,0.933594,0.308594,0.054687,0.177734,0.819580,-0.442078,-0.293213,0.216492
35.10218691825867,0.884888,-0.964844,-0.207031,0.710937,0.169922,0.091797,0.082031,0.820557,-0.440491,-0.291626,0.218262
35.12241744995117,0.886108,-1.105469,-0.253906,0.296875,0.125000,0.097656,-0.017578,0.821350,-0.439514,-0.290222,0.219055
35.14204812049866,0.886353,0.480469,-0.527344,0.390625,0.001953,0.046875,-0.048828,0.822144,-0.438782,-0.289001,0.219055
35.162752628326416,0.884155,-2.675781,-0.382813,1.324219,-0.070312,-0.154297,-0.390625,0.822449,-0.438599,-0.289124,0.218262
35.182515144348145,0.882690,2.195313,1.363281,1.203125,-0.222656,-0.222656,-0.203125,0.822388,-0.437927,-0.292053,0.215820
35.20214509963989,0.882202,2.210938,1.386719,1.074219,-0.408203,-0.265625,0.101563,0.821228,-0.438599,-0.295288,0.214478
35.22256541252136,0.886108,3.078125,-0.214844,0.070312,-0.224609,-0.031250,0.304688,0.818665,-0.441467,-0.297607,0.215332
35.24275183677673,0.889038,-2.140625,-0.183594,-1.324219,-0.037109,-0.035156,0.091797,0.816772,-0.444214,-0.297363,0.217041
35.26258826255798,0.890381,-1.488281,-0.304688,-0.863281,0.072266,-0.089844,-0.078125,0.816223,-0.444824,-0.297424,0.217834
35.28282618522644,0.891602,0.527344,-0.242187,-0.496094,0.144531,-0.013672,-0.041016,0.816467,-0.443848,-0.298157,0.217957
35.30285692214966,0.891602,-0.179687,-0.257813,0.406250,0.058594,-0.041016,-0.113281,0.817078,-0.442566,-0.298279,0.218018
35.322123765945435,0.891357,1.445313,0.460937,0.171875,0.097656,-0.107422,0.007813,0.817505,-0.441589,-0.298828,0.217712
35.342668294906616,0.891724,1.183594,0.222656,-0.039063,0.160156,-0.128906,0.177734,0.817566,-0.440613,-0.299500,0.218506
35.362961530685425,0.892456,-0.285156,-0.128906,-0.988281,0.238281,-0.099609,0.171875,0.817566,-0.439453,-0.299438,0.220886
35.38249731063843,0.892944,-0.148437,-0.050781,-0.054687,0.126953,0.021484,0.140625,0.817871,-0.437927,-0.298889,0.223450
35.402034282684326,0.893433,1.800781,0.140625,0.781250,-0.019531,0.031250,0.193359,0.818054,-0.437439,-0.297974,0.224915
35.4228150844574,0.894897,0.152344,0.039063,0.828125,-0.095703,-0.046875,0.255859,0.817627,-0.438232,-0.296997,0.226379
35.44294047355652,0.895386,-2.167969,-0.359375,-0.886719,0.021484,0.003906,0.023437,0.816650,-0.439514,-0.296387,0.228210
35.46317148208618,0.895996,-0.750000,-0.089844,-0.902344,0.017578,0.078125,-0.035156,0.816528,-0.439636,-0.296143,0.228577
35.48281717300415,0.896362,-0.523437,-0.207031,1.289063,-0.203125,0.130859,-0.089844,0.816895,-0.439636,-0.295715,0.228027
35.50287914276123,0.896362,0.167969,0.187500,-0.183594,-0.144531,0.117188,-0.062500,0.816772,-0.440857,-0.295410,0.226379
35.522555112838745,0.896240,0.398438,0.156250,0.332031,-0.097656,0.082031,-0.019531,0.816589,-0.442200,-0.294983,0.224976
35.543113470077515,0.895264,-0.589844,-0.027344,-0.734375,-0.003906,0.101563,0.011719,0.816467,-0.443176,-0.294617,0.224060
35.56305551528931,0.895264,-0.351563,0.117188,-0.023437,0.056641,0.093750,0.025391,0.816711,-0.443359,-0.293823,0.223694
35.58262920379639,0.894653,1.648438,0.460937,0.890625,0.015625,0.007813,0.126953,0.817139,-0.443176,-0.293030,0.223633
35.602819204330444,0.893555,2.460938,0.429687,0.382813,0.060547,-0.044922,0.369141,0.816956,-0.443420,-0.292358,0.224731
35.622841358184814,0.893188,-0.796875,-0.136719,-0.113281,0.023437,-0.117188,0.107422,0.816223,-0.443970,-0.291138,0.227844
35.64283084869385,0.892944,-1.117188,-0.183594,-0.894531,0.160156,-0.031250,-0.107422,0.815918,-0.443665,-0.291260,0.229431
35.66291308403015,0.893188,0.707031,-0.042969,0.925781,0.027344,0.048828,-0.066406,0.816650,-0.442200,-0.291626,0.229248
35.68316149711609,0.893799,0.597656,0.070312,0.851562,-0.007813,0.123047,-0.019531,0.817078,-0.441895,-0.291504,0.228516
35.70334029197693,0.894165,-0.703125,0.031250,-0.269531,-0.021484,0.087891,-0.074219,0.817383,-0.442139,-0.290710,0.227722
35.72310543060303,0.894409,0.789062,0.222656,-0.078125,-0.013672,0.042969,0.019531,0.817688,-0.442383,-0.290222,0.226746
35.743311405181885,0.894409,1.808594,0.187500,-0.191406,0.044922,-0.005859,0.208984,0.817749,-0.442627,-0.289734,0.226868
35.76315402984619,0.893921,0.269531,0.156250,0.261719,0.025391,-0.046875,0.214844,0.817444,-0.442810,-0.288879,0.228516
35.78321075439453,0.893433,0.218750,0.011719,-0.707031,0.048828,-0.056641,0.101563,0.817017,-0.442932,-0.288330,0.230591
35.80349779129028,0.892822,-1.359375,-0.382813,-0.406250,0.119141,-0.046875,-0.091797,0.816956,-0.442505,-0.288208,0.231812
35.82360100746155,0.892212,-0.773437,-0.742187,-0.515625,0.175781,0.080078,-0.179687,0.817566,-0.441223,-0.288635,0.231628
35.84347915649414,0.890991,-2.351563,-1.468750,-0.707031,0.244141,0.009766,-0.517578,0.819031,-0.439270,-0.288635,0.230164
35.86340403556824,0.889771,-0.691406,0.789062,0.449219,0.160156,0.019531,-0.158203,0.821106,-0.436096,-0.289917,0.227051
35.88341164588928,0.890503,2.304688,1.210938,1.660156,-0.056641,0.054687,0.210937,0.822144,-0.434448,-0.290222,0.225952
35.90312671661377,0.891479,2.109375,0.820312,0.726562,-0.207031,0.134766,0.443359,0.821655,-0.435669,-0.288818,0.227356
35.923617124557495,0.893799,-0.734375,-0.750000,0.175781,-0.144531,0.187500,0.242187,0.820190,-0.438721,-0.286560,0.229553
35.94388437271118,0.894531,-1.136719,-0.847656,-0.968750,-0.050781,0.150391,0.082031,0.819397,-0.441101,-0.284363,0.230408
35.96327829360962,0.895264,-0.132812,-0.121094,-0.437500,0.013672,0.152344,0.003906,0.819397,-0.442200,-0.282837,0.230286
35.98317003250122,0.895874,2.136719,0.078125,0.082031,0.039063,0.296875,0.232422,0.819885,-0.442566,-0.281311,0.229858
36.003761291503906,0.895996,-0.691406,0.164062,0.527344,-0.041016,0.125000,0.123047,0.820312,-0.443420,-0.278259,0.230347
36.02399015426636,0.895752,0.023437,0.054687,0.535156,-0.013672,-0.056641,0.130859,0.820190,-0.444336,-0.276733,0.230896
36.043172121047974,0.895142,-0.507812,0.246094,-0.882812,0.134766,-0.126953,0.062500,0.819702,-0.444702,-0.276550,0.232117
36.06385660171509,0.892822,-0.246094,0.230469,-0.324219,0.130859,-0.250000,0.007813,0.819702,-0.443604,-0.277100,0.233521
36.08383536338806,0.891724,-0.660156,-0.535156,0.289063,0.052734,-0.253906,-0.119141,0.819519,-0.442200,-0.278687,0.234863
36.103835105895996,0.892212,-1.871094,-0.242187,0.035156,-0.101563,-0.212891,-0.332031,0.819214,-0.441040,-0.281250,0.235046
36.12433075904846,0.893799,0.792969,-0.207031,0.152344,-0.164062,-0.011719,-0.263672,0.818970,-0.440491,-0.284363,0.233093
36.14381146430969,0.894531,-0.089844,0.062500,-0.398438,-0.103516,0.107422,-0.224609,0.818848,-0.441101,-0.286133,0.230408
36.16343688964844,0.895508,0.660156,-0.058594,-1.367188,0.023437,0.142578,-0.148437,0.819214,-0.441528,-0.286499,0.227844
36.1838653087616,0.897095,0.421875,0.207031,0.816406,0.031250,0.076172,-0.042969,0.819946,-0.441345,-0.285950,0.226135
36.20390057563782,0.897949,1.742188,0.015625,0.226562,0.048828,0.152344,0.164062,0.820435,-0.441223,-0.285278,0.225525
36.22358226776123,0.898682,0.683594,0.207031,-0.992187,0.261719,0.136719,0.285156,0.820740,-0.441467,-0.283386,0.226318
36.244075775146484,0.898315,-1.113281,-0.230469,0.074219,0.228516,0.037109,0.037109,0.821472,-0.440674,-0.280701,0.228394
36.264097690582275,0.896851,-0.507812,-0.480469,0.578125,0.160156,0.019531,-0.115234,0.822449,-0.439087,-0.279541,0.229309
36.28358507156372,0.895508,0.968750,0.851562,0.675781,0.000000,0.025391,-0.033203,0.823425,-0.437561,-0.279480,0.228821
36.30384373664856,0.895264,2.687500,0.972656,0.867187,-0.091797,0.021484,0.261719,0.823608,-0.437500,-0.279358,0.228638
36.32436752319336,0.897949,0.472656,-0.312500,-0.089844,0.031250,0.082031,0.238281,0.822876,-0.438721,-0.278198,0.230225
36.344675064086914,0.898926,-1.433594,-0.390625,-0.335938,0.072266,0.140625,0.125000,0.822693,-0.439392,-0.276367,0.231934
36.363893032073975,0.899170,-0.062500,-0.128906,-0.664062,0.166016,0.115234,0.103516,0.823120,-0.439331,-0.274353,0.232727
36.38423776626587,0.898682,-0.699219,0.054687,0.843750,0.072266,-0.035156,0.041016,0.823853,-0.438538,-0.272766,0.233459
36.4043653011322,0.898437,0.496094,-0.066406,-0.167969,0.064453,0.033203,0.064453,0.824097,-0.437927,-0.272400,0.234253
36.42409110069275,0.898560,0.128906,0.015625,0.476562,-0.035156,0.072266,0.023437,0.824280,-0.437683,-0.271729,0.234802
36.444435358047485,0.898437,-0.519531,-0.042969,0.921875,-0.222656,0.054687,-0.060547,0.824158,-0.438354,-0.271179,0.234558
36.46448469161987,0.898560,-0.500000,-0.144531,0.164062,-0.341797,0.003906,-0.117188,0.823547,-0.440063,-0.271484,0.233276
36.48447632789612,0.899292,-0.277344,0.371094,-0.109375,-0.041016,0.013672,0.011719,0.822510,-0.442200,-0.272583,0.231506
36.50448727607727,0.900146,-0.812500,-0.082031,-0.210937,-0.105469,-0.029297,0.009766,0.822021,-0.443115,-0.272888,0.231140
36.52447247505188,0.900391,0.820312,-0.191406,-1.980469,0.109375,0.234375,0.082031,0.821655,-0.443848,-0.272827,0.231140
36.54422211647034,0.900513,1.011719,-0.003906,0.179687,0.083984,0.281250,0.166016,0.822388,-0.443909,-0.270508,0.231140
36.564467430114746,0.900391,0.214844,0.117188,1.121094,-0.041016,0.080078,0.130859,0.823059,-0.444336,-0.267456,0.231445
36.58459258079529,0.896973,-1.000000,-0.417969,-2.105469,0.187500,-0.042969,0.007813,0.822937,-0.445068,-0.266235,0.231995
36.60483765602112,0.891357,-2.203125,-2.058594,-1.621094,0.505859,-0.185547,-0.271484,0.823669,-0.443359,-0.266113,0.232910
36.62484836578369,0.883667,-4.742187,-1.074219,-2.136719,0.667969,-0.230469,-0.789062,0.826111,-0.437927,-0.267639,0.232605
36.6449453830719,0.869385,-0.539062,0.160156,-0.578125,0.634766,-0.384766,-1.027344,0.830017,-0.429993,-0.271545,0.229004
36.664857625961304,0.857544,2.191406,1.273438,0.257813,0.578125,-0.273438,-1.072266,0.834045,-0.421143,-0.277283,0.223877
36.68433356285095,0.844238,2.714844,1.671875,0.656250,0.341797,-0.113281,-0.865234,0.838013,-0.412903,-0.282532,0.217773
36.704894065856934,0.810181,0.558594,0.750000,1.519531,-0.039063,-0.236328,-1.001953,0.840942,-0.407349,-0.286560,0.211670
36.72495937347412,0.785156,-0.300781,0.242187,1.695313,-0.402344,-0.466797,-1.236328,0.842163,-0.404236,-0.292786,0.204102
36.74467587471008,0.757812,0.457031,1.183594,0.160156,-0.435547,-0.789062,-1.492188,0.841736,-0.402710,-0.302612,0.194397
36.76516938209534,0.712402,4.453125,1.484375,2.347656,-0.767578,-0.962891,-1.103516,0.840210,-0.400757,-0.315674,0.183960
36.7853467464447,0.696655,4.847656,1.183594,0.785156,-0.671875,-0.853516,-0.529297,0.836182,-0.401672,-0.329285,0.176208
36.80476140975952,0.683594,5.160156,0.769531,-2.421875,-0.175781,-0.437500,-0.023437,0.831665,-0.403870,-0.339600,0.172974
36.824846267700195,0.676270,0.546875,0.082031,-1.785156,0.115234,-0.212891,0.058594,0.829407,-0.404480,-0.343872,0.173645
36.84501361846924,0.674194,-0.015625,0.035156,-0.445312,0.150391,-0.167969,0.056641,0.828918,-0.403503,-0.345398,0.175415
36.864898681640625,0.667725,-0.050781,-0.003906,0.734375,0.054687,-0.140625,0.138672,0.828796,-0.402222,-0.346313,0.177124
36.88497972488403,0.665161,0.046875,0.242187,0.437500,0.076172,-0.220703,0.359375,0.828247,-0.401978,-0.346863,0.179199
36.905259132385254,0.672729,-0.976562,-0.300781,0.683594,0.060547,-0.246094,0.531250,0.827148,-0.402222,-0.347107,0.183289
36.925211906433105,0.681519,-1.996094,-1.105469,0.699219,-0.089844,-0.224609,0.427734,0.825562,-0.403137,-0.346985,0.188599
36.944894313812256,0.687256,-3.812500,-1.722656,-0.226562,-0.066406,-0.095703,-0.031250,0.823730,-0.404785,-0.347290,0.192505
36.96539282798767,0.699097,-3.957031,-1.089844,-1.187500,-0.021484,0.066406,-0.218750,0.823181,-0.405029,-0.348145,0.192566
36.98521852493286,0.704712,1.812500,1.937500,1.203125,-0.005859,-0.015625,0.105469,0.823547,-0.404724,-0.348633,0.190735
37.00516486167908,0.711426,1.781250,1.417969,1.542969,0.113281,-0.175781,0.496094,0.823242,-0.405090,-0.348389,0.191833
37.025826930999756,0.728516,-2.804688,-0.882812,3.011719,-0.074219,-0.255859,0.253906,0.822144,-0.405579,-0.347839,0.196472
37.04547095298767,0.734741,-3.664063,-0.972656,0.476562,-0.269531,0.021484,0.224609,0.820557,-0.406616,-0.348755,0.199402
37.065117597579956,0.738892,-3.632813,-1.316406,-1.152344,-0.367188,0.082031,-0.017578,0.819031,-0.409546,-0.348450,0.200134
37.085444927215576,0.745972,-1.281250,-0.351563,-1.574219,-0.166016,-0.072266,-0.251953,0.817871,-0.412537,-0.348572,0.198547
37.10560846328735,0.747559,1.230469,0.605469,0.265625,-0.123047,-0.314453,-0.191406,0.817261,-0.413025,-0.350647,0.196289
37.12517738342285,0.744507,2.195313,0.875000,0.273438,-0.218750,-0.337891,0.058594,0.815979,-0.412903,-0.354065,0.195679
37.145522594451904,0.738892,1.000000,0.500000,0.742187,-0.451172,-0.302734,0.238281,0.813721,-0.414368,-0.357117,0.196655
37.1658616065979,0.735718,-0.433594,-0.679687,-1.164063,-0.347656,-0.150391,0.212891,0.810425,-0.418030,-0.359375,0.198181
37.185420513153076,0.736206,-1.296875,-0.914062,-1.335938,-0.146484,-0.076172,0.083984,0.807983,-0.421265,-0.360474,0.199280
37.20551037788391,0.737915,-2.027344,-1.062500,-0.984375,0.031250,-0.031250,-0.140625,0.806946,-0.422607,-0.361084,0.199707
37.22560739517212,0.739014,-0.570312,-0.156250,0.738281,-0.011719,-0.054687,-0.220703,0.807068,-0.421997,-0.361938,0.198853
37.245665550231934,0.736206,0.777344,0.285156,0.164062,-0.003906,-0.078125,-0.123047,0.807312,-0.421143,-0.363281,0.197327
37.26545763015747,0.731323,1.535156,0.441406,0.332031,-0.060547,-0.044922,0.037109,0.807190,-0.420654,-0.364380,0.196655
37.286136627197266,0.723022,0.937500,0.410156,-0.074219,-0.111328,-0.050781,0.156250,0.806702,-0.421143,-0.364746,0.196960
37.30585861206055,0.722656,0.308594,0.097656,0.531250,-0.201172,-0.048828,0.236328,0.805725,-0.422546,-0.364746,0.197998
37.325175762176514,0.727661,0.347656,-0.171875,0.218750,-0.183594,-0.005859,0.250000,0.804321,-0.424866,-0.364441,0.199341
37.34581708908081,0.745605,-0.914062,-0.753906,0.136719,-0.175781,-0.009766,0.130859,0.803040,-0.427185,-0.363892,0.200623
37.36591815948486,0.757690,-0.707031,-0.199219,-1.074219,-0.041016,0.103516,0.027344,0.802124,-0.428894,-0.363586,0.201111
37.38533353805542,0.767944,0.152344,-0.277344,-0.238281,-0.015625,0.169922,0.035156,0.802185,-0.429626,-0.362732,0.200806
37.40597081184387,0.791504,0.183594,-0.300781,0.855469,-0.156250,0.248047,0.087891,0.802612,-0.430359,-0.361206,0.200256
37.426130056381226,0.804077,0.175781,0.105469,1.101563,-0.146484,0.154297,0.119141,0.802673,-0.432373,-0.359192,0.199463
37.4458532333374,0.811401,0.476562,0.121094,0.265625,-0.068359,0.015625,0.154297,0.802368,-0.434326,-0.357605,0.199219
37.465585470199585,0.816284,-0.105469,0.136719,-0.148437,-0.037109,-0.093750,0.160156,0.801880,-0.435486,-0.356689,0.200195
37.48608994483948,0.816895,0.175781,0.144531,-1.800781,0.244141,-0.080078,0.140625,0.801331,-0.435974,-0.356445,0.201843
37.50616216659546,0.813721,-0.820312,0.214844,0.593750,0.070312,-0.212891,0.015625,0.801575,-0.434692,-0.356323,0.203979
37.52578330039978,0.806641,-0.527344,-0.484375,-0.125000,0.027344,-0.207031,-0.099609,0.801270,-0.433411,-0.357788,0.205322
37.54810810089111,0.788086,-0.910156,0.000000,-0.031250,-0.023437,-0.169922,-0.205078,0.800903,-0.432251,-0.359741,0.205627
37.566375494003296,0.776245,-0.152344,-0.199219,1.226563,-0.265625,-0.064453,-0.248047,0.800598,-0.431580,-0.361877,0.204529
37.58595824241638,0.767822,0.128906,-0.199219,0.152344,-0.261719,0.066406,-0.132812,0.799805,-0.432495,-0.363831,0.202087
37.60660362243652,0.783447,-0.031250,0.007813,-0.246094,-0.103516,0.044922,0.023437,0.799255,-0.434082,-0.364441,0.199951
37.62611413002014,0.796753,0.167969,-0.222656,-1.203125,0.046875,0.224609,0.044922,0.799011,-0.434998,-0.364136,0.199341
37.64590120315552,0.806763,0.199219,0.046875,-0.468750,0.121094,0.189453,0.052734,0.799805,-0.435242,-0.362305,0.198914
37.666548013687134,0.820801,0.773437,0.089844,-0.046875,0.117188,0.138672,0.183594,0.800964,-0.434937,-0.360107,0.199097
37.68641185760498,0.824585,0.550781,0.367188,0.488281,0.158203,0.027344,0.296875,0.801697,-0.434814,-0.357849,0.200500
37.70612120628357,0.826294,0.644531,0.105469,-0.339844,0.212891,-0.011719,0.353516,0.801941,-0.434692,-0.355835,0.203308
37.726502895355225,0.828857,-1.500000,-0.269531,-0.179687,0.095703,-0.021484,0.136719,0.802063,-0.434204,-0.354065,0.206726
37.74641180038452,0.830322,-2.324219,-0.421875,-0.386719,0.152344,0.123047,0.027344,0.802246,-0.433777,-0.353394,0.208374
37.76618409156799,0.833374,0.675781,-0.121094,1.046875,-0.046875,0.248047,0.074219,0.802979,-0.433105,-0.352234,0.208557
37.78599166870117,0.837280,0.640625,0.277344,0.027344,-0.037109,0.296875,0.123047,0.803650,-0.433960,-0.350037,0.208130
37.80665445327759,0.844360,0.179687,0.320313,0.250000,-0.015625,0.160156,0.162109,0.804260,-0.435120,-0.347351,0.207825
37.82726526260376,0.848267,0.792969,0.109375,0.585937,0.003906,-0.003906,0.218750,0.804443,-0.436096,-0.345276,0.208435
37.84636449813843,0.850220,0.058594,0.078125,-1.460938,0.210937,-0.017578,0.195312,0.804138,-0.436707,-0.344177,0.210144
37.866607904434204,0.850220,-1.800781,-0.199219,0.890625,0.078125,-0.058594,-0.019531,0.804443,-0.435913,-0.343262,0.212341
37.88684582710266,0.847168,-0.820312,-0.367188,-0.503906,0.138672,0.029297,-0.191406,0.804810,-0.434875,-0.343323,0.212891
37.90639305114746,0.840576,-1.773438,-0.324219,-0.296875,0.167969,-0.208984,-0.515625,0.805786,-0.433044,-0.343994,0.211731
37.926624059677124,0.829834,0.691406,0.617187,-0.191406,0.185547,-0.291016,-0.505859,0.806885,-0.429626,-0.347290,0.209229
37.94667840003967,0.822998,1.792969,1.316406,1.121094,-0.097656,-0.281250,-0.224609,0.807617,-0.426025,-0.351318,0.207092
37.96650767326355,0.820068,1.800781,0.710937,0.984375,-0.318359,-0.195312,0.064453,0.806763,-0.425293,-0.354614,0.206116
37.98695731163025,0.828003,2.636719,1.109375,1.875000,-0.494141,-0.111328,0.353516,0.804443,-0.427856,-0.356628,0.206360
38.00685715675354,0.834717,-1.890625,-1.042969,-0.914062,-0.191406,0.025391,0.119141,0.801575,-0.432312,-0.357056,0.207703
38.02633237838745,0.840576,-0.941406,-0.300781,-1.558594,0.003906,0.173828,0.039063,0.800598,-0.434387,-0.356445,0.208069
38.04651188850403,0.846313,-0.496094,-0.335938,-0.347656,0.046875,0.318359,0.154297,0.801025,-0.435059,-0.354919,0.207764
38.06692719459534,0.852417,1.503906,-0.097656,-0.847656,0.041016,0.115234,0.121094,0.802002,-0.435608,-0.351868,0.207825
38.08692145347595,0.853149,1.421875,0.292969,0.132812,0.097656,0.019531,0.208984,0.802490,-0.435852,-0.349915,0.208679
38.1065936088562,0.853394,-0.164062,0.144531,-0.496094,0.162109,0.027344,0.158203,0.802612,-0.435791,-0.348755,0.210449
38.127230167388916,0.853882,-1.296875,-0.238281,-0.019531,0.099609,0.039063,0.001953,0.802979,-0.435242,-0.347717,0.212036
38.14739418029785,0.854736,-0.636719,-0.445312,-1.046875,0.134766,0.236328,0.017578,0.803589,-0.434509,-0.346863,0.212341
38.166635274887085,0.856079,0.964844,0.246094,0.683594,0.068359,0.255859,0.093750,0.804871,-0.434082,-0.344788,0.211975
38.18685579299927,0.860596,1.507813,0.492187,0.812500,0.068359,0.128906,0.261719,0.805786,-0.434326,-0.342224,0.211975
38.20699501037598,0.861084,0.445312,0.269531,0.953125,0.107422,0.000000,0.269531,0.805969,-0.434937,-0.339966,0.213623
38.226840019226074,0.860596,-0.511719,0.152344,-1.027344,0.128906,-0.087891,0.158203,0.805847,-0.434998,-0.338623,0.216125
38.247373819351196,0.855469,-1.171875,-0.152344,-0.996094,0.093750,-0.109375,-0.072266,0.805847,-0.434265,-0.338379,0.218018
38.26746225357056,0.852051,0.109375,-0.207031,0.269531,-0.087891,-0.132812,-0.134766,0.805969,-0.433289,-0.339233,0.218262
38.28716778755188,0.848755,-1.511719,-0.046875,1.847656,-0.265625,-0.125000,-0.255859,0.805420,-0.433350,-0.341064,0.217346
38.307437896728516,0.844238,0.566406,-0.152344,-0.558594,-0.267578,0.031250,-0.201172,0.804382,-0.434387,-0.343628,0.215027
38.32738900184631,0.845093,1.238281,0.230469,0.187500,-0.048828,0.089844,0.000000,0.804016,-0.435547,-0.344482,0.212769
38.34716844558716,0.847778,-0.207031,-0.074219,-0.472656,0.093750,0.046875,0.085937,0.804138,-0.435974,-0.343994,0.212097
38.36705946922302,0.853760,1.476563,-0.304688,-1.820313,0.359375,0.158203,0.232422,0.804565,-0.435669,-0.342773,0.212952
38.387417793273926,0.861328,1.179688,0.414062,1.195313,0.216797,-0.013672,0.259766,0.805908,-0.434204,-0.340088,0.215210
38.40731120109558,0.863647,0.101563,0.183594,0.906250,0.076172,-0.162109,0.238281,0.806213,-0.433289,-0.338745,0.218018
38.4274628162384,0.865845,0.589844,0.308594,-0.527344,0.107422,-0.158203,0.248047,0.805664,-0.432922,-0.338562,0.221069
38.44739246368408,0.867187,-2.160156,-0.375000,1.250000,0.021484,-0.132812,-0.001953,0.804993,-0.432617,-0.338745,0.223755
38.46748161315918,0.868774,0.007813,-0.191406,0.558594,-0.011719,-0.001953,-0.046875,0.804565,-0.432373,-0.339661,0.224487
38.48730659484863,0.869873,-0.496094,-0.261719,1.894531,-0.332031,0.013672,-0.113281,0.804504,-0.432434,-0.339966,0.224060
38.50784635543823,0.870239,-0.519531,-0.042969,-0.074219,-0.328125,0.017578,-0.154297,0.803406,-0.434692,-0.341064,0.221985
38.5278422832489,0.869873,-1.289063,0.085937,1.167969,-0.265625,-0.035156,-0.271484,0.802063,-0.437256,-0.342834,0.219177
38.54749846458435,0.869507,-0.062500,0.277344,1.613281,-0.152344,-0.121094,-0.146484,0.801270,-0.438416,-0.344727,0.216553
38.56765532493591,0.862793,0.367188,-0.230469,-1.320313,0.083984,-0.082031,-0.095703,0.800842,-0.438416,-0.346375,0.215515
38.58783769607544,0.855835,0.664062,-0.437500,-1.007813,0.306641,-0.007813,-0.091797,0.801147,-0.437195,-0.347229,0.215454
38.60777282714844,0.848389,-2.601563,-1.324219,-0.574219,0.423828,-0.001953,-0.404297,0.802734,-0.434265,-0.347229,0.215515
38.627907276153564,0.840088,0.832031,0.988281,-0.230469,0.464844,0.046875,-0.193359,0.805298,-0.429749,-0.347900,0.214111
38.64784216880798,0.839966,0.976562,0.871094,2.089844,0.210937,0.031250,0.005859,0.807739,-0.425537,-0.347473,0.213867
38.66748762130737,0.840332,1.300781,0.640625,1.453125,0.048828,0.000000,0.126953,0.808838,-0.423767,-0.346741,0.214539
38.68810963630676,0.840210,0.441406,0.265625,0.488281,-0.019531,0.021484,0.080078,0.808838,-0.423706,-0.346069,0.215698
38.70784258842468,0.839966,0.562500,0.234375,-0.125000,-0.035156,-0.023437,0.066406,0.808594,-0.424194,-0.345581,0.216248
38.72810077667236,0.840820,1.347656,0.472656,-0.460937,0.003906,-0.064453,0.199219,0.808289,-0.424683,-0.345459,0.216858
38.747660636901855,0.843140,1.308594,0.191406,-0.109375,-0.087891,-0.031250,0.316406,0.807617,-0.425232,-0.345093,0.218750
38.76826763153076,0.848022,-0.062500,-0.054687,0.222656,-0.113281,0.052734,0.257813,0.806519,-0.426880,-0.344116,0.221008
38.78827381134033,0.849609,-0.628906,-0.527344,-0.496094,-0.117188,0.119141,0.171875,0.805603,-0.428894,-0.342957,0.222473
38.80783820152283,0.851929,-1.140625,-0.359375,0.121094,-0.074219,0.101563,0.046875,0.805176,-0.430542,-0.341553,0.222961
38.82821583747864,0.859619,-0.281250,0.023437,-0.574219,0.015625,0.156250,0.031250,0.805237,-0.431274,-0.340515,0.222778
38.848310470581055,0.862549,-0.019531,-0.199219,0.253906,-0.011719,0.296875,0.089844,0.805786,-0.431641,-0.338989,0.222351
38.86763143539429,0.864990,-0.136719,0.007813,-0.308594,-0.023437,0.355469,0.126953,0.806519,-0.432739,-0.336365,0.221802
38.8880558013916,0.866821,0.332031,0.132812,-0.062500,0.009766,0.265625,0.140625,0.807251,-0.434143,-0.332947,0.221252
38.90831708908081,0.866821,-0.171875,0.445312,0.734375,-0.009766,-0.042969,0.121094,0.807800,-0.435120,-0.330322,0.221313
38.928454875946045,0.865479,0.187500,0.183594,0.472656,0.126953,-0.169922,0.134766,0.807434,-0.435486,-0.330078,0.222351
38.9478805065155,0.863037,-0.500000,0.101563,0.449219,0.132812,-0.304688,0.070312,0.807068,-0.434631,-0.330688,0.224548
38.968491077423096,0.855103,-1.136719,-0.597656,-0.339844,-0.013672,-0.248047,-0.099609,0.806519,-0.433105,-0.332458,0.226746
38.98804807662964,0.851562,-1.929688,-0.144531,0.230469,-0.207031,-0.308594,-0.324219,0.805847,-0.432190,-0.335083,0.226990
39.00842046737671,0.851440,-0.230469,-0.453125,0.558594,-0.328125,-0.121094,-0.275391,0.804749,-0.432007,-0.339050,0.225281
39.028525590896606,0.856934,1.753906,0.093750,-1.269531,-0.169922,0.152344,-0.126953,0.803589,-0.433350,-0.341980,0.222534
39.04867339134216,0.862061,0.460937,0.332031,-0.199219,-0.021484,0.166016,-0.003906,0.803467,-0.434631,-0.342102,0.220215
39.06862783432007,0.866821,1.761719,-0.128906,-0.335938,0.130859,0.306641,0.226562,0.804016,-0.435242,-0.340454,0.219482
39.08886098861694,0.872681,1.542969,-0.082031,-0.957031,0.189453,0.259766,0.417969,0.805054,-0.435791,-0.336670,0.220520
39.10851573944092,0.874023,0.410156,0.230469,1.070313,0.093750,0.005859,0.306641,0.805847,-0.435974,-0.332764,0.223145
39.12852096557617,0.873657,-0.921875,-0.105469,-0.324219,0.119141,-0.058594,0.158203,0.805786,-0.435913,-0.331055,0.226074
39.149298429489136,0.868286,-3.648438,-0.496094,-0.882812,0.179687,0.064453,-0.230469,0.805908,-0.435181,-0.330444,0.227905
39.16886329650879,0.863037,-2.441406,-1.148438,-0.109375,0.117188,0.072266,-0.533203,0.807251,-0.433350,-0.330688,0.226318
39.18837809562683,0.858032,-0.855469,0.289063,0.097656,0.132812,-0.039063,-0.621094,0.809204,-0.430725,-0.332092,0.222290
39.2088406085968,0.848877,0.613281,0.933594,0.425781,0.062500,-0.095703,-0.468750,0.811035,-0.427551,-0.334656,0.217896
39.22893261909485,0.844604,1.515625,1.023438,1.238281,-0.066406,-0.130859,-0.222656,0.811890,-0.425354,-0.337280,0.214722
39.248496532440186,0.840332,2.128906,0.757812,0.878906,-0.068359,-0.103516,-0.123047,0.811768,-0.424683,-0.339417,0.213196
39.26842188835144,0.837158,1.382813,0.410156,-0.292969,-0.048828,-0.015625,-0.027344,0.811401,-0.424622,-0.340820,0.212402
39.28878450393677,0.835327,1.460938,0.250000,-0.179687,0.009766,0.005859,0.115234,0.811218,-0.424866,-0.341187,0.212219
39.3088595867157,0.835937,0.757812,0.152344,0.050781,-0.048828,0.000000,0.166016,0.811035,-0.425232,-0.340698,0.213074
39.328869104385376,0.837036,0.671875,0.207031,0.183594,-0.138672,-0.019531,0.212891,0.810425,-0.426147,-0.340088,0.214233
39.34893608093262,0.839355,0.644531,0.054687,0.136719,-0.195312,-0.005859,0.308594,0.809326,-0.428040,-0.339478,0.215637
39.369077920913696,0.840820,-0.503906,-0.214844,-0.031250,-0.162109,-0.039063,0.250000,0.807861,-0.430542,-0.338684,0.217407
39.3885555267334,0.843262,-0.320313,-0.574219,0.113281,-0.115234,-0.068359,0.146484,0.806519,-0.432556,-0.338318,0.219055
39.40919375419617,0.850098,-0.648437,-0.175781,-0.710937,-0.058594,0.019531,0.046875,0.805481,-0.433899,-0.338379,0.220154
39.42942810058594,0.853882,-0.574219,-0.089844,0.644531,-0.154297,0.054687,-0.039063,0.805115,-0.434570,-0.338196,0.220276
39.449098110198975,0.856079,-0.074219,-0.199219,0.562500,-0.277344,0.083984,-0.046875,0.804749,-0.435730,-0.338257,0.219299
39.46939134597778,0.860352,0.148437,-0.097656,-0.289063,-0.228516,0.027344,-0.064453,0.804077,-0.437622,-0.338379,0.217773
39.48958492279053,0.862793,0.367188,0.015625,0.187500,-0.091797,-0.001953,0.011719,0.803467,-0.439087,-0.338684,0.216675
39.508901596069336,0.864746,-0.703125,0.023437,0.019531,-0.136719,0.009766,-0.046875,0.802979,-0.439880,-0.338928,0.216370
39.529046297073364,0.866699,0.367188,0.015625,-0.902344,0.000000,0.050781,-0.029297,0.802673,-0.440552,-0.339233,0.215637
39.54912066459656,0.867187,-0.023437,0.179687,0.753906,-0.025391,-0.048828,-0.019531,0.802917,-0.440491,-0.339111,0.215210
39.568965435028076,0.868042,0.199219,0.015625,0.070312,-0.009766,-0.052734,-0.007813,0.802734,-0.440491,-0.339539,0.215149
39.58907961845398,0.868530,0.199219,0.015625,-0.003906,-0.011719,-0.019531,0.015625,0.802551,-0.440430,-0.340027,0.215271
39.60964512825012,0.868774,0.125000,0.062500,0.156250,-0.015625,-0.035156,0.027344,0.802368,-0.440491,-0.340210,0.215454
39.629329204559326,0.868042,0.246094,0.101563,-0.074219,0.115234,-0.064453,0.089844,0.802124,-0.440613,-0.340332,0.215820
39.64888262748718,0.866821,0.835937,0.406250,1.656250,0.189453,-0.216797,0.193359,0.802307,-0.439758,-0.340210,0.217285
39.669585943222046,0.865356,0.007813,-0.351563,-0.074219,0.078125,-0.126953,0.222656,0.802002,-0.438599,-0.340515,0.220215
39.6896538734436,0.865234,-2.390625,-0.574219,-0.496094,0.056641,-0.066406,-0.029297,0.801331,-0.438538,-0.340576,0.222595
39.709739685058594,0.865601,-0.910156,-0.242187,-2.394531,0.115234,0.103516,-0.111328,0.801575,-0.437744,-0.340637,0.223206
39.72959804534912,0.867554,0.957031,-0.183594,0.484375,0.080078,0.193359,-0.064453,0.802795,-0.436462,-0.339966,0.222412
39.74977970123291,0.869507,-0.917969,-0.042969,-0.304688,0.087891,0.207031,-0.117188,0.803955,-0.435852,-0.338745,0.221191
39.769288778305054,0.871826,1.941406,-0.121094,0.542969,0.046875,0.294922,0.126953,0.805237,-0.435486,-0.337097,0.219788
39.78961157798767,0.875000,1.296875,0.453125,0.597656,0.046875,0.058594,0.175781,0.806213,-0.435974,-0.334229,0.219727
39.80997633934021,0.874512,-0.304688,0.007813,0.082031,0.019531,0.015625,0.224609,0.806335,-0.436340,-0.332458,0.221191
39.82936906814575,0.872192,-2.085938,-0.230469,-1.394531,0.205078,0.037109,-0.033203,0.806274,-0.436401,-0.331238,0.222961
39.849547147750854,0.868896,-1.726563,-0.597656,0.375000,0.111328,0.025391,-0.232422,0.807312,-0.434875,-0.330688,0.223206
39.870232820510864,0.864136,-1.164063,-1.085938,-0.769531,0.271484,0.027344,-0.330078,0.808533,-0.433105,-0.331055,0.221680
39.88985013961792,0.864990,2.562500,1.292969,0.953125,0.156250,0.060547,-0.039063,0.810303,-0.430176,-0.331543,0.219971
39.90937304496765,0.867798,3.367188,1.300781,1.628906,-0.076172,0.136719,0.349609,0.811279,-0.428955,-0.330872,0.219910
39.929842472076416,0.872925,1.683594,0.882812,1.539063,-0.250000,0.103516,0.457031,0.810669,-0.430969,-0.328613,0.221741
39.95001673698425,0.874756,-1.320313,-1.585938,-0.984375,-0.074219,0.142578,0.134766,0.809204,-0.434265,-0.326233,0.223999
39.969648599624634,0.876221,-0.769531,-0.160156,-0.218750,-0.001953,0.146484,0.005859,0.809021,-0.435608,-0.324585,0.224426
39.99014759063721,0.879395,1.601563,-0.035156,0.148437,0.007813,0.302734,0.177734,0.809448,-0.436096,-0.323242,0.223938
40.00996923446655,0.880737,0.238281,0.054687,0.710937,-0.050781,0.273438,0.162109,0.809937,-0.437256,-0.320374,0.223999
40.03004002571106,0.881348,-0.207031,0.023437,-0.417969,0.070312,0.265625,0.214844,0.810303,-0.438721,-0.317383,0.224060
40.04987049102783,0.880249,-0.550781,0.109375,0.074219,0.015625,0.003906,0.130859,0.810791,-0.439575,-0.314514,0.224670
40.070104360580444,0.879150,0.277344,0.156250,-0.050781,0.058594,-0.070312,0.148437,0.810608,-0.439941,-0.313660,0.225830
40.08994269371033,0.877197,-0.089844,0.269531,-0.410156,0.158203,-0.080078,0.099609,0.810364,-0.439697,-0.313354,0.227478
40.1103138923645,0.870972,-0.359375,-0.113281,0.578125,0.029297,-0.109375,-0.019531,0.810486,-0.438843,-0.313232,0.228943
40.130348920822144,0.869263,-1.261719,-0.199219,0.164062,-0.039063,-0.156250,-0.138672,0.810303,-0.438416,-0.314087,0.229370
40.15021061897278,0.869141,-0.648437,-0.050781,0.339844,-0.074219,-0.027344,-0.181641,0.809937,-0.437988,-0.315979,0.228699
40.169859409332275,0.870361,1.984375,-0.003906,0.011719,-0.085937,0.035156,-0.035156,0.809814,-0.438049,-0.317200,0.227295
40.19035625457764,0.874390,-0.464844,-0.003906,0.019531,-0.107422,0.121094,-0.035156,0.809692,-0.438660,-0.317139,0.226562
40.21028995513916,0.876587,-0.121094,-0.003906,-0.601562,0.076172,0.146484,-0.066406,0.809875,-0.439270,-0.316589,0.225525
40.23000144958496,0.878296,1.265625,-0.050781,0.601562,0.015625,0.162109,0.083984,0.810791,-0.438965,-0.315430,0.224670
40.25030016899109,0.881104,-0.007813,0.300781,0.289063,0.035156,0.068359,0.115234,0.811157,-0.439270,-0.313904,0.224670
40.27057123184204,0.881958,0.753906,0.070312,-0.304688,0.107422,0.117188,0.191406,0.811340,-0.439453,-0.312683,0.225403
40.29024410247803,0.882446,0.148437,0.117188,0.593750,0.041016,0.066406,0.222656,0.811707,-0.439453,-0.310852,0.226746
40.31052374839783,0.882080,0.035156,0.003906,-1.156250,0.156250,0.107422,0.210937,0.811829,-0.439636,-0.308960,0.228516
40.33060431480408,0.882202,-0.425781,-0.113281,0.230469,0.091797,0.076172,0.105469,0.812317,-0.439270,-0.306824,0.230286
40.350274085998535,0.882690,-0.707031,-0.152344,-0.175781,0.056641,0.179687,0.058594,0.812805,-0.438965,-0.305298,0.231201
40.37043213844299,0.883057,0.359375,-0.074219,0.347656,-0.001953,0.203125,0.082031,0.813477,-0.439026,-0.303467,0.231079
40.390838861465454,0.883545,-0.375000,0.078125,0.070312,0.001953,0.152344,0.076172,0.813965,-0.439575,-0.301575,0.230835
40.410303354263306,0.884155,0.878906,-0.066406,-0.136719,0.031250,0.183594,0.152344,0.814270,-0.440186,-0.299805,0.230896
40.43078541755676,0.883057,0.488281,0.164062,-0.078125,0.080078,0.107422,0.107422,0.814636,-0.440796,-0.297668,0.231262
40.45064735412598,0.881836,-0.062500,0.246094,0.757812,0.007813,-0.060547,0.087891,0.814941,-0.440796,-0.296326,0.231934
40.470381021499634,0.880371,-0.136719,0.210937,-0.511719,0.085937,-0.160156,0.048828,0.814697,-0.440735,-0.296265,0.233032
40.49048113822937,0.878540,-0.972656,0.156250,-0.710937,0.138672,-0.328125,-0.185547,0.814514,-0.439636,-0.297241,0.234375
40.510862827301025,0.875977,0.726562,-0.367188,0.445312,-0.019531,-0.283203,-0.250000,0.814514,-0.437378,-0.300232,0.234680
40.531293630599976,0.876221,-1.023438,-0.222656,0.085937,-0.095703,-0.185547,-0.287109,0.814270,-0.436035,-0.303589,0.233887
40.55068826675415,0.877075,1.304688,-0.183594,0.191406,-0.189453,0.078125,-0.146484,0.813904,-0.435669,-0.306274,0.232178
40.57084107398987,0.879272,0.687500,0.316406,-0.988281,-0.025391,0.000000,0.064453,0.813843,-0.436401,-0.306946,0.230164
40.59093523025513,0.879883,1.121094,0.476562,-1.812500,0.078125,-0.140625,0.173828,0.813538,-0.436890,-0.307007,0.230347
40.61079144477844,0.880127,1.582031,0.707031,-0.097656,0.333984,-0.179687,0.400391,0.813049,-0.436401,-0.306946,0.232910
40.63089919090271,0.879028,-1.804688,-0.496094,-0.367188,0.339844,-0.244141,0.181641,0.813171,-0.434204,-0.306030,0.237915
40.65104866027832,0.877319,-5.824219,-1.300781,-2.062500,0.376953,-0.076172,-0.402344,0.813660,-0.431030,-0.306580,0.241150
40.67078113555908,0.874878,-2.074219,-1.738281,1.453125,0.117188,0.083984,-0.607422,0.815796,-0.426941,-0.307983,0.239563
40.691014766693115,0.872925,0.628906,1.019531,0.167969,0.023437,0.197266,-0.531250,0.817993,-0.424133,-0.309570,0.234802
40.71091604232788,0.874146,3.097656,1.210938,1.429688,-0.164062,0.255859,-0.164062,0.819824,-0.422913,-0.310120,0.229736
40.73104166984558,0.875244,0.796875,0.433594,0.941406,-0.109375,0.136719,-0.083984,0.820435,-0.424072,-0.309204,0.226807
40.75079011917114,0.875366,1.179688,0.679687,0.152344,-0.123047,0.007813,0.015625,0.820496,-0.425171,-0.308716,0.225159
40.771320819854736,0.875488,2.230469,1.070313,-0.101563,-0.068359,-0.027344,0.244141,0.820007,-0.426147,-0.308777,0.224976
40.79135727882385,0.876099,2.792969,1.148438,1.070313,-0.214844,-0.076172,0.521484,0.819031,-0.427612,-0.308105,0.226868
40.811206340789795,0.877563,-0.011719,-0.804687,0.078125,-0.109375,-0.021484,0.333984,0.816833,-0.430542,-0.307007,0.230530
40.83137249946594,0.880981,-2.324219,-0.328125,-1.984375,0.062500,0.107422,0.007813,0.815552,-0.432434,-0.305969,0.232849
40.85147142410278,0.881836,0.058594,-0.222656,0.949219,-0.046875,0.164062,-0.019531,0.815979,-0.432434,-0.304932,0.232666
40.870980978012085,0.882446,0.925781,0.175781,0.878906,-0.103516,0.255859,0.076172,0.816406,-0.433105,-0.303711,0.231689
40.89138340950012,0.884644,0.480469,0.070312,-0.230469,-0.068359,0.267578,0.136719,0.816528,-0.434753,-0.301575,0.230896
40.911582469940186,0.884888,0.566406,0.199219,-0.660156,0.025391,0.201172,0.250000,0.816711,-0.436340,-0.298828,0.230713
40.93143129348755,0.884644,-0.039063,0.238281,-0.445312,0.146484,0.042969,0.212891,0.816772,-0.437378,-0.296326,0.231812
40.95151948928833,0.882446,-0.437500,0.054687,0.726562,0.054687,-0.107422,0.095703,0.816833,-0.437195,-0.294983,0.233643
40.97178626060486,0.880127,-0.089844,0.085937,-0.507812,0.072266,-0.177734,-0.003906,0.816589,-0.436768,-0.295105,0.235168
40.99151086807251,0.877808,-1.386719,-0.113281,-0.546875,0.066406,-0.218750,-0.189453,0.816467,-0.435791,-0.296326,0.236084
41.011534452438354,0.875854,-1.328125,-0.199219,0.847656,-0.085937,-0.189453,-0.312500,0.816406,-0.434387,-0.298706,0.235657
41.03171467781067,0.876343,-0.203125,-0.050781,0.343750,-0.117188,0.003906,-0.236328,0.816223,-0.433777,-0.301575,0.233765
41.05153679847717,0.877441,3.781250,0.261719,-0.300781,-0.083984,-0.023437,0.142578,0.816223,-0.434021,-0.302734,0.231873
41.07142758369446,0.878540,0.781250,0.429687,-1.855469,0.103516,-0.154297,0.253906,0.815430,-0.435120,-0.302612,0.232666
41.09178853034973,0.878906,-0.156250,0.347656,-1.074219,0.376953,-0.246094,0.273438,0.814636,-0.434937,-0.302795,0.235535
41.11199593544006,0.878540,-1.171875,-0.789062,-0.890625,0.257813,-0.138672,0.025391,0.814758,-0.432434,-0.302795,0.239624
41.1316134929657,0.877319,-5.128906,-1.171875,-1.781250,0.390625,-0.011719,-0.376953,0.815613,-0.429626,-0.303223,0.241272
41.15162491798401,0.876831,-0.539062,-1.210938,1.152344,0.203125,0.185547,-0.441406,0.817993,-0.425720,-0.303833,0.239502
41.172144651412964,0.877686,1.183594,0.417969,-0.671875,0.279297,0.488281,-0.265625,0.820618,-0.422852,-0.303528,0.235840
41.19169878959656,0.879761,3.675781,1.277344,1.417969,0.046875,0.425781,0.126953,0.823669,-0.420959,-0.300293,0.232727
41.21218490600586,0.882812,1.937500,1.683594,2.378906,-0.220703,0.154297,0.320313,0.824829,-0.421936,-0.296265,0.232117
41.23186993598938,0.883789,2.207031,0.894531,1.238281,-0.419922,0.080078,0.525391,0.823608,-0.425110,-0.294006,0.233398
41.25184655189514,0.885498,-1.355469,-2.152344,-1.253906,-0.205078,0.189453,0.320313,0.821167,-0.429810,-0.291992,0.235962
41.272109031677246,0.888794,-3.031250,-0.207031,-1.191406,-0.119141,0.089844,0.009766,0.819946,-0.432861,-0.289795,0.237305
41.29219698905945,0.889404,-2.343750,-0.390625,0.320313,-0.142578,0.125000,-0.083984,0.819580,-0.434326,-0.289246,0.236572
41.31167411804199,0.890015,1.996094,0.421875,0.792969,-0.123047,0.054687,0.109375,0.819458,-0.435608,-0.288940,0.235107
41.332430362701416,0.890747,0.953125,0.140625,0.941406,-0.210937,-0.033203,0.214844,0.818787,-0.437134,-0.288391,0.235291
41.35222935676575,0.890259,-0.289063,0.046875,-0.253906,-0.126953,-0.119141,0.160156,0.817322,-0.439270,-0.288269,0.236572
41.372191429138184,0.889526,-1.046875,-0.058594,-1.203125,0.089844,-0.107422,0.033203,0.816040,-0.440491,-0.288757,0.237976
41.39214825630188,0.889404,-0.824219,-0.226562,-0.164062,0.199219,-0.117188,-0.007813,0.816101,-0.439514,-0.289063,0.239197
41.41231894493103,0.890137,0.476562,-0.222656,-1.230469,0.279297,0.039063,0.003906,0.816956,-0.437317,-0.289185,0.240295
41.432498931884766,0.890869,-0.250000,-0.042969,0.878906,0.105469,0.154297,-0.025391,0.818176,-0.435242,-0.288452,0.240784
41.452043294906616,0.891357,1.335938,0.109375,0.984375,-0.099609,0.146484,0.007813,0.819031,-0.434692,-0.287109,0.240295
41.4723539352417,0.892334,-0.457031,0.191406,0.113281,-0.082031,0.072266,-0.042969,0.819153,-0.435730,-0.286072,0.239441
41.49255871772766,0.892578,0.300781,0.156250,0.511719,-0.083984,-0.082031,0.009766,0.819031,-0.436462,-0.285950,0.238647
41.512208461761475,0.892578,1.269531,0.093750,0.066406,-0.003906,-0.074219,0.164062,0.818420,-0.436951,-0.286621,0.238892
41.53207302093506,0.892090,0.695312,0.390625,0.953125,0.226562,-0.156250,0.291016,0.818054,-0.436890,-0.286316,0.240723
41.5523476600647,0.891724,-0.210937,0.500000,-0.562500,0.281250,-0.443359,0.212891,0.817932,-0.435364,-0.285889,0.244385
41.572322845458984,0.890991,0.394531,-0.328125,-0.488281,0.273438,-0.445312,0.181641,0.817444,-0.432556,-0.287659,0.248901
41.59264898300171,0.885986,-3.636719,-0.621094,0.148437,0.210937,-0.304688,-0.304688,0.817078,-0.429504,-0.290039,0.252686
41.61263918876648,0.879272,-4.320312,-1.164063,1.757813,0.017578,-0.447266,-0.976562,0.817688,-0.425964,-0.293945,0.252136
41.632513999938965,0.871216,-2.363281,-1.664063,1.484375,-0.355469,-0.308594,-1.281250,0.818604,-0.422363,-0.301636,0.246033
41.65216898918152,0.865723,-0.710937,-1.105469,-1.390625,-0.119141,-0.138672,-1.179688,0.819397,-0.420227,-0.310242,0.236084
41.67233872413635,0.861816,1.636719,1.136719,0.160156,-0.048828,0.089844,-0.542969,0.821106,-0.417297,-0.316345,0.226990
41.69285225868225,0.859985,1.097656,0.937500,1.468750,-0.162109,0.107422,-0.083984,0.822266,-0.416382,-0.318237,0.221863
41.712236642837524,0.859131,0.753906,0.687500,1.187500,-0.248047,0.023437,-0.039063,0.822266,-0.417419,-0.318176,0.220032
41.73259496688843,0.855347,1.453125,0.746094,0.734375,-0.265625,-0.060547,0.019531,0.821411,-0.419312,-0.318665,0.218872
41.752872705459595,0.854370,0.593750,0.113281,-0.261719,-0.142578,-0.134766,-0.093750,0.820129,-0.421326,-0.319702,0.218384
41.77237677574158,0.853027,0.675781,0.003906,-0.996094,-0.076172,-0.126953,-0.134766,0.819275,-0.421997,-0.321350,0.217712
41.792868852615356,0.847168,0.714844,0.152344,-0.289063,-0.097656,-0.171875,-0.164062,0.818848,-0.421875,-0.323242,0.216919
41.81288266181946,0.842163,1.871094,0.378906,0.007813,-0.193359,-0.144531,-0.037109,0.818176,-0.421875,-0.325500,0.216064
41.83337998390198,0.836548,2.140625,0.855469,-0.097656,-0.199219,-0.144531,0.130859,0.816956,-0.423096,-0.327209,0.215881
41.853107929229736,0.825806,-2.281250,-0.890625,-1.261719,0.011719,-0.119141,-0.132812,0.815491,-0.424500,-0.328308,0.216614
41.873265504837036,0.824219,-0.015625,0.359375,0.242187,-0.003906,-0.156250,-0.082031,0.815308,-0.424011,-0.329773,0.216248
41.8925416469574,0.825439,1.785156,0.988281,1.066406,-0.298828,-0.097656,0.255859,0.814941,-0.423584,-0.331238,0.216309
41.91289401054382,0.836670,2.570313,0.886719,1.828125,-0.308594,-0.097656,0.361328,0.812927,-0.426270,-0.331665,0.217834
41.933130502700806,0.844238,-1.964844,-0.328125,-1.000000,-0.283203,-0.054687,0.169922,0.810486,-0.429749,-0.331726,0.219971
41.95271563529968,0.850830,-2.179688,-0.503906,-2.546875,-0.039063,0.140625,-0.064453,0.808899,-0.432251,-0.331848,0.220642
41.97279214859009,0.856445,0.210937,-0.320313,-0.675781,-0.033203,0.207031,-0.011719,0.809204,-0.432739,-0.331055,0.219666
41.993375301361084,0.866943,0.457031,-0.046875,1.039063,0.060547,0.203125,0.052734,0.809753,-0.433472,-0.329590,0.218506
42.01318335533142,0.870239,1.023438,0.191406,1.421875,-0.078125,0.019531,0.189453,0.810242,-0.434143,-0.327820,0.218140
42.03299379348755,0.871704,0.171875,-0.058594,-1.074219,0.076172,0.005859,0.234375,0.809753,-0.435242,-0.326782,0.219299
42.05337047576904,0.869019,-0.628906,-0.058594,-2.148438,0.447266,0.119141,0.140625,0.809692,-0.435303,-0.325500,0.221375
42.073620557785034,0.866211,-2.738281,-0.253906,-0.250000,0.205078,-0.013672,-0.210937,0.811279,-0.432922,-0.323486,0.223022
42.09287643432617,0.862671,0.562500,-0.316406,0.332031,0.117188,0.039063,-0.177734,0.812744,-0.430542,-0.323547,0.222351
42.113272190093994,0.861450,1.085938,0.656250,0.078125,0.117188,0.076172,-0.031250,0.813782,-0.429016,-0.323730,0.221130
42.13323950767517,0.863159,3.382813,0.933594,0.628906,0.046875,0.185547,0.283203,0.814514,-0.428345,-0.322876,0.221008
42.153390407562256,0.865723,0.765625,-0.238281,-0.351563,0.080078,0.259766,0.304688,0.814819,-0.429077,-0.320068,0.222534
42.17364430427551,0.873413,-0.742187,-0.343750,-0.335938,0.046875,0.267578,0.183594,0.815308,-0.429932,-0.316650,0.223999
42.19365096092224,0.875732,-0.105469,-0.183594,0.636719,-0.060547,0.302734,0.173828,0.815918,-0.430725,-0.313416,0.224670
42.21306252479553,0.877808,-0.519531,-0.089844,0.828125,-0.115234,0.244141,0.099609,0.816284,-0.432373,-0.310181,0.224670
42.23357558250427,0.878418,-0.265625,0.152344,0.261719,-0.132812,0.060547,-0.023437,0.816284,-0.434265,-0.308105,0.224060
42.2538628578186,0.877075,0.109375,0.093750,0.628906,-0.197266,0.029297,-0.035156,0.815979,-0.435486,-0.307739,0.223328
42.27347445487976,0.875000,0.179687,0.214844,-0.535156,-0.105469,-0.091797,-0.050781,0.815430,-0.436707,-0.308105,0.222473
42.293529748916626,0.871948,0.277344,0.175781,-0.050781,-0.033203,-0.142578,0.001953,0.814819,-0.437134,-0.309204,0.222168
42.31372046470642,0.869263,0.078125,0.175781,-0.402344,0.189453,-0.074219,0.027344,0.814270,-0.437073,-0.310425,0.222656
42.33364701271057,0.869019,1.320313,-0.105469,0.238281,0.273438,0.017578,0.212891,0.814758,-0.435547,-0.310364,0.223877
42.353285789489746,0.869019,-1.531250,-0.304688,0.980469,0.119141,0.000000,0.107422,0.815430,-0.434143,-0.309082,0.226074
42.37385034561157,0.870728,0.953125,-0.054687,-2.437500,0.232422,0.048828,0.179687,0.815857,-0.433228,-0.307983,0.227661
42.39390802383423,0.873047,-1.812500,-0.300781,0.589844,0.281250,0.162109,0.183594,0.816772,-0.431763,-0.306213,0.229553
42.41338229179382,0.875977,-0.609375,-0.191406,0.886719,0.123047,0.220703,0.154297,0.817932,-0.430481,-0.303711,0.231140
42.4338321685791,0.879150,0.511719,-0.222656,0.902344,-0.101563,0.304688,0.140625,0.818848,-0.430420,-0.300842,0.231873
42.45387387275696,0.879517,-0.652344,0.144531,0.871094,-0.203125,0.154297,0.027344,0.819092,-0.431946,-0.298340,0.231384
42.473657846450806,0.879883,-0.960937,-0.074219,-0.101563,-0.150391,0.060547,-0.113281,0.818665,-0.433899,-0.297485,0.230347
42.49382138252258,0.881592,0.027344,0.117188,0.152344,-0.123047,0.048828,-0.087891,0.818420,-0.434998,-0.297668,0.228821
42.513866662979126,0.881958,0.832031,0.277344,-0.644531,-0.005859,0.050781,-0.001953,0.818237,-0.435852,-0.297791,0.227600
42.533599615097046,0.881958,0.726562,0.167969,0.742187,-0.060547,0.005859,0.052734,0.818237,-0.436218,-0.297546,0.227234
42.55385947227478,0.881714,-0.156250,0.023437,-0.062500,0.003906,0.021484,0.039063,0.817993,-0.436768,-0.297363,0.227417
42.57401776313782,0.880371,0.234375,0.031250,0.437500,-0.039063,-0.074219,0.056641,0.817871,-0.436951,-0.297119,0.227661
42.59379744529724,0.879761,0.359375,0.375000,-0.207031,0.175781,-0.128906,0.107422,0.817383,-0.437317,-0.297546,0.228333
42.61386322975159,0.878906,1.171875,0.367188,-0.773437,0.154297,-0.179687,0.210937,0.817322,-0.436157,-0.297729,0.230347
42.634259939193726,0.878052,-1.171875,-0.437500,-1.320313,0.140625,-0.054687,0.169922,0.817139,-0.435059,-0.297729,0.233154
42.654141902923584,0.878296,-0.925781,-0.105469,-1.503906,0.269531,0.021484,0.054687,0.817200,-0.434326,-0.297058,0.235107
42.67392706871033,0.878540,-1.187500,-0.238281,0.648437,0.164062,0.029297,-0.048828,0.818115,-0.432617,-0.296265,0.236145
42.69425678253174,0.879639,0.488281,-0.222656,-0.875000,0.166016,0.146484,-0.041016,0.819092,-0.431152,-0.295593,0.236267
42.71416115760803,0.880127,0.277344,0.000000,0.890625,0.052734,0.214844,0.001953,0.820312,-0.430115,-0.294128,0.235840
42.73390340805054,0.880249,-0.089844,0.238281,1.085938,-0.072266,0.093750,-0.017578,0.821045,-0.430237,-0.292419,0.235046
42.75433111190796,0.881470,0.605469,0.398438,1.519531,-0.162109,-0.064453,0.097656,0.821045,-0.431030,-0.291870,0.234375
42.7745463848114,0.881836,1.554688,-0.007813,-0.226562,0.023437,0.058594,0.257813,0.820129,-0.432251,-0.291992,0.235107
42.7940776348114,0.881958,-1.906250,-0.238281,-0.546875,0.103516,0.011719,0.029297,0.819824,-0.432861,-0.290649,0.236755
42.81462860107422,0.882812,0.667969,-0.320313,-0.531250,0.072266,0.162109,-0.007813,0.820251,-0.432251,-0.289917,0.237244
42.834574937820435,0.883423,-0.281250,-0.191406,2.746094,-0.273438,0.119141,-0.058594,0.820740,-0.432434,-0.288879,0.236511
42.85441780090332,0.884399,-0.894531,0.054687,-0.371094,-0.107422,0.101563,-0.119141,0.820190,-0.434631,-0.288574,0.234802
42.87393760681152,0.885132,0.582031,0.332031,1.453125,-0.136719,-0.154297,-0.082031,0.820068,-0.435669,-0.288757,0.233093
42.89480113983154,0.881470,-0.558594,-0.281250,-1.128906,0.011719,-0.144531,-0.111328,0.819336,-0.436157,-0.290466,0.232544
42.91480278968811,0.876587,-0.289063,-0.613281,-1.566406,0.240234,-0.177734,-0.226562,0.819214,-0.435303,-0.292175,0.232361
42.934799909591675,0.869995,-3.328125,-1.308594,-1.031250,0.328125,-0.203125,-0.460937,0.820374,-0.432129,-0.294189,0.231812
42.95451474189758,0.861084,0.203125,0.527344,0.738281,0.130859,-0.142578,-0.216797,0.822021,-0.428040,-0.296875,0.230164
42.97469472885132,0.859131,0.308594,0.351563,0.578125,0.103516,-0.123047,-0.156250,0.822754,-0.425720,-0.298767,0.229309
42.994292974472046,0.858032,0.937500,0.609375,1.152344,-0.046875,-0.107422,-0.091797,0.823120,-0.424255,-0.300232,0.228760
43.01468372344971,0.855225,-0.050781,0.074219,0.562500,-0.128906,-0.093750,-0.169922,0.822876,-0.424072,-0.301575,0.228271
43.03466844558716,0.853027,0.675781,0.113281,-0.332031,-0.142578,-0.121094,-0.189453,0.822449,-0.424377,-0.303345,0.226868
43.05463647842407,0.852173,0.988281,0.074219,-0.769531,-0.076172,-0.154297,-0.154297,0.821899,-0.424683,-0.305420,0.225464
43.074883699417114,0.852051,1.457031,0.152344,-0.746094,-0.011719,-0.130859,0.019531,0.821411,-0.424561,-0.307495,0.224670
43.09513068199158,0.851562,1.808594,0.503906,-0.187500,-0.150391,-0.089844,0.185547,0.820862,-0.424561,-0.308533,0.225281
43.11468458175659,0.852051,0.875000,-0.375000,0.113281,-0.177734,-0.064453,0.275391,0.819580,-0.426025,-0.308777,0.226746
43.13487005233765,0.858643,-1.085938,-0.734375,0.070312,-0.099609,-0.132812,0.173828,0.817993,-0.428101,-0.308777,0.228638
43.15506100654602,0.863525,-0.839844,-0.144531,-0.882812,0.052734,-0.076172,0.105469,0.816833,-0.429077,-0.309204,0.230347
43.174920320510864,0.866699,-0.757812,-0.382813,-1.433594,0.126953,0.093750,0.021484,0.816589,-0.428894,-0.309204,0.231628
43.1948676109314,0.869385,0.808594,-0.238281,0.804687,0.021484,0.253906,0.060547,0.817322,-0.428223,-0.308044,0.231873
43.214927673339844,0.871948,0.109375,-0.031250,1.843750,-0.259766,0.222656,0.066406,0.817932,-0.428894,-0.305786,0.231384
43.23518633842468,0.873047,-0.679687,0.292969,-0.390625,-0.119141,0.070312,0.005859,0.817566,-0.431152,-0.304382,0.230408
43.25486969947815,0.874390,-0.562500,0.183594,0.085937,-0.103516,-0.013672,-0.019531,0.817200,-0.432312,-0.304077,0.229797
43.27488136291504,0.875000,0.625000,-0.039063,-0.589844,-0.052734,0.029297,0.033203,0.816833,-0.433105,-0.304382,0.229370
43.295002937316895,0.874023,0.480469,0.007813,-0.312500,-0.007813,0.003906,0.083984,0.816528,-0.433716,-0.304199,0.229370
43.315104961395264,0.872925,-0.003906,0.093750,-0.285156,0.085937,-0.037109,0.097656,0.816345,-0.434021,-0.303894,0.229980
43.335535764694214,0.872437,-0.070312,-0.066406,-0.835937,0.156250,-0.007813,0.046875,0.816345,-0.433594,-0.303528,0.231140
43.35545897483826,0.873901,1.140625,0.292969,-0.738281,0.402344,0.134766,0.199219,0.817017,-0.432312,-0.302734,0.232239
43.37501001358032,0.875732,-0.691406,-0.214844,1.859375,0.072266,0.103516,0.103516,0.818420,-0.430298,-0.300232,0.234375
43.39536929130554,0.877686,-1.902344,-0.343750,-1.042969,0.082031,0.203125,-0.050781,0.819031,-0.429810,-0.298584,0.235107
43.41546177864075,0.878418,1.636719,-0.078125,0.585937,-0.062500,0.205078,0.041016,0.820007,-0.429626,-0.296875,0.234192
43.43490505218506,0.880005,-0.484375,0.167969,0.105469,-0.070312,0.052734,0.013672,0.820251,-0.430664,-0.295288,0.233459
43.45488882064819,0.882202,0.320313,0.062500,0.074219,-0.048828,0.023437,0.058594,0.820068,-0.431519,-0.294800,0.233093
43.475438833236694,0.883423,0.796875,0.031250,-0.578125,0.031250,0.041016,0.087891,0.819885,-0.432129,-0.294373,0.233337
43.495525598526,0.883545,-0.566406,0.023437,-0.468750,0.089844,0.005859,0.060547,0.819885,-0.432251,-0.293579,0.233887
43.515334367752075,0.884521,0.128906,0.101563,0.785156,0.031250,-0.121094,0.074219,0.820068,-0.431824,-0.293213,0.234619
43.535524129867554,0.884521,0.121094,0.144531,0.800781,-0.037109,-0.277344,0.105469,0.819641,-0.431580,-0.293823,0.235840
43.55564999580383,0.883789,0.121094,0.375000,-0.261719,0.318359,-0.291016,0.183594,0.818420,-0.431458,-0.295654,0.237793
43.575347661972046,0.883667,-1.914063,-0.105469,2.179688,0.250000,-0.498047,0.048828,0.818237,-0.428955,-0.296936,0.241394
43.595706939697266,0.881226,-0.699219,-0.437500,-0.433594,0.181641,-0.453125,-0.109375,0.817932,-0.425659,-0.299744,0.244812
43.61552405357361,0.877197,-2.515625,-0.347656,0.035156,0.095703,-0.462891,-0.445312,0.817566,-0.422729,-0.303711,0.246277
43.635660886764526,0.871826,-3.613281,-0.699219,0.441406,-0.097656,-0.404297,-0.882812,0.817688,-0.419556,-0.309082,0.244690
43.65567493438721,0.866699,4.097656,-1.191406,-0.171875,-0.222656,0.046875,-0.445312,0.818054,-0.416992,-0.315552,0.239380
43.675678730010986,0.867676,-1.968750,-1.703125,-2.660156,0.216797,0.240234,-0.529297,0.818604,-0.416748,-0.318054,0.234619
43.69529914855957,0.869629,0.441406,0.148437,-1.437500,0.351563,0.550781,-0.347656,0.821411,-0.414246,-0.317505,0.230103
43.71659564971924,0.875854,3.507813,1.847656,1.789063,0.041016,0.486328,0.169922,0.825012,-0.411987,-0.313782,0.226196
43.737545013427734,0.878296,3.683594,2.109375,2.085938,-0.220703,0.343750,0.609375,0.826355,-0.413208,-0.309021,0.225708
43.755502223968506,0.880371,1.796875,1.117188,1.281250,-0.449219,0.246094,0.812500,0.825134,-0.417542,-0.304260,0.228455
43.77525734901428,0.882202,-0.554687,-0.941406,-0.156250,-0.244141,0.187500,0.580078,0.822205,-0.424194,-0.299866,0.232666
43.79597854614258,0.885254,-4.695312,-1.871094,-1.750000,-0.123047,0.177734,0.146484,0.820251,-0.428711,-0.296387,0.235657
43.81572365760803,0.886841,1.441406,-0.089844,0.363281,-0.130859,0.255859,0.242187,0.819824,-0.430786,-0.294312,0.235901
43.83587026596069,0.888306,-0.917969,0.285156,-0.011719,-0.130859,0.146484,0.138672,0.819458,-0.432983,-0.291809,0.236328
43.85585904121399,0.890015,0.347656,0.070312,0.281250,-0.162109,0.080078,0.103516,0.818909,-0.435059,-0.290100,0.236572
43.876370906829834,0.890137,-1.261719,-0.105469,-0.195312,-0.218750,-0.029297,-0.070312,0.818237,-0.436768,-0.289429,0.236511
43.89592885971069,0.889771,0.851562,0.214844,-0.500000,-0.107422,-0.134766,-0.121094,0.817444,-0.438049,-0.290527,0.235535
43.916139125823975,0.888550,1.097656,0.292969,0.480469,-0.105469,-0.148437,0.013672,0.816772,-0.438416,-0.292480,0.234802
43.9364492893219,0.887573,0.789062,0.078125,-0.109375,-0.068359,-0.138672,0.080078,0.815857,-0.438904,-0.293884,0.235229
43.956058979034424,0.886230,-0.359375,0.269531,-0.949219,0.109375,-0.119141,0.031250,0.815063,-0.439270,-0.294800,0.236267
43.976141691207886,0.883179,-0.015625,0.222656,-0.851562,0.212891,-0.011719,0.056641,0.815063,-0.438416,-0.295227,0.237305
43.99667143821716,0.883667,-0.343750,-0.289063,0.996094,0.064453,-0.074219,0.078125,0.815613,-0.437134,-0.294678,0.238525
44.01590585708618,0.885376,0.792969,-0.027344,-1.558594,0.281250,0.072266,0.208984,0.815796,-0.436279,-0.294250,0.239868
44.03640961647034,0.889404,0.332031,-0.144531,0.742187,0.126953,0.177734,0.103516,0.816528,-0.435120,-0.292419,0.241821
44.056204319000244,0.890869,1.175781,-0.265625,0.171875,0.062500,0.406250,0.146484,0.817322,-0.434875,-0.290039,0.242371
44.076141357421875,0.891357,-1.566406,-0.035156,0.179687,0.009766,0.333984,0.015625,0.818420,-0.435486,-0.286316,0.241882
44.095887184143066,0.892334,0.265625,0.269531,0.738281,-0.033203,0.195312,0.091797,0.819397,-0.436279,-0.283325,0.240845
44.11680579185486,0.892822,1.414063,0.238281,0.664062,-0.009766,0.068359,0.152344,0.819641,-0.437317,-0.281250,0.240662
44.13662075996399,0.892334,1.132813,0.093750,-0.871094,0.068359,-0.013672,0.210937,0.819397,-0.438049,-0.279968,0.241516
44.156031370162964,0.890381,-1.304688,0.093750,-0.074219,0.074219,-0.142578,0.068359,0.819092,-0.438049,-0.279236,0.243286
44.17662239074707,0.885620,-0.246094,-0.144531,-0.578125,0.121094,-0.261719,-0.058594,0.818909,-0.437256,-0.279724,0.244873
44.19687008857727,0.883911,-2.636719,0.109375,0.464844,-0.048828,-0.310547,-0.250000,0.818787,-0.435547,-0.281921,0.245667
44.21643877029419,0.882324,-0.332031,-0.281250,-0.472656,-0.062500,-0.175781,-0.281250,0.818420,-0.434387,-0.285583,0.244873
44.23670244216919,0.883423,0.070312,-0.050781,0.546875,-0.144531,0.017578,-0.228516,0.818237,-0.433899,-0.288391,0.243042
44.257033586502075,0.884888,1.128906,-0.089844,-0.046875,-0.107422,0.177734,-0.121094,0.818237,-0.434387,-0.289673,0.240784
44.276302099227905,0.887085,0.363281,0.175781,-1.207031,0.017578,0.125000,-0.005859,0.818604,-0.434998,-0.289124,0.238953
44.296874046325684,0.890869,1.421875,0.062500,-0.761719,0.136719,0.203125,0.169922,0.819092,-0.435059,-0.288025,0.238342
44.31687808036804,0.892212,0.523437,0.093750,0.347656,0.113281,0.132812,0.238281,0.819824,-0.434937,-0.285461,0.239258
44.33660936355591,0.892822,-0.308594,0.132812,-0.058594,0.185547,0.074219,0.240234,0.820190,-0.434875,-0.283020,0.240967
44.35633325576782,0.893188,0.343750,0.332031,1.074219,0.019531,-0.007813,0.269531,0.820435,-0.434448,-0.281311,0.242920
44.376873254776,0.893799,-2.109375,-0.273438,-0.042969,0.015625,-0.062500,0.166016,0.819946,-0.434814,-0.280212,0.245300
44.39692425727844,0.894531,0.023437,-0.121094,-0.941406,0.121094,0.052734,0.158203,0.819519,-0.434814,-0.279663,0.247131
44.41695499420166,0.895020,-0.757812,-0.050781,0.468750,0.033203,0.103516,0.060547,0.819702,-0.434509,-0.278625,0.248291
44.436875343322754,0.895630,1.066406,-0.042969,-0.160156,0.005859,0.175781,0.080078,0.820007,-0.434692,-0.277283,0.248596
44.45689678192139,0.895752,-0.015625,-0.082031,0.214844,-0.021484,0.212891,0.070312,0.820312,-0.435303,-0.275391,0.248474
44.47663640975952,0.896240,-0.406250,-0.105469,0.753906,-0.125000,0.275391,0.078125,0.820557,-0.436279,-0.273499,0.248047
44.4968786239624,0.897461,0.992187,0.171875,-0.234375,-0.054687,0.222656,0.150391,0.820618,-0.438049,-0.271179,0.247314
44.51733446121216,0.897339,-1.125000,0.148437,0.222656,-0.029297,0.169922,0.158203,0.820618,-0.439453,-0.268982,0.247253
44.53673195838928,0.897217,-1.390625,0.156250,-0.128906,-0.011719,0.091797,0.056641,0.820496,-0.440552,-0.267212,0.247559
44.557143688201904,0.897339,0.855469,0.085937,0.562500,-0.060547,0.142578,0.150391,0.820557,-0.441162,-0.265930,0.247742
44.57721018791199,0.897461,0.566406,0.019531,0.371094,0.035156,0.326172,0.349609,0.820312,-0.442383,-0.264221,0.248108
44.597228050231934,0.897095,1.601563,-0.011719,-1.410156,-0.011719,0.115234,0.095703,0.820374,-0.443726,-0.260498,0.249451
44.61731266975403,0.895386,0.113281,-0.167969,-1.070313,0.089844,0.083984,-0.029297,0.820496,-0.444275,-0.258667,0.249939
44.63753128051758,0.892334,-1.792969,-0.210937,0.375000,0.078125,-0.132812,-0.259766,0.821106,-0.443726,-0.258240,0.249512
44.65711307525635,0.888062,-3.234375,-0.519531,-1.457031,0.363281,-0.367188,-0.527344,0.821899,-0.441650,-0.260315,0.248230
44.676878690719604,0.883789,0.246094,0.949219,0.230469,0.320313,-0.457031,-0.466797,0.823669,-0.436707,-0.264709,0.246521
44.69728088378906,0.875610,1.976563,1.027344,1.011719,0.142578,-0.416016,-0.302734,0.825012,-0.431763,-0.269531,0.245544
44.717674255371094,0.874756,3.195313,1.640625,1.914063,-0.210937,-0.255859,0.130859,0.825195,-0.428894,-0.273804,0.245239
44.73727774620056,0.877075,4.695312,1.886719,2.789063,-0.271484,-0.105469,0.585937,0.823059,-0.430664,-0.275940,0.246887
44.75764179229736,0.886841,-3.621094,-0.191406,-1.437500,-0.087891,0.013672,0.246094,0.820251,-0.434143,-0.275330,0.250732
44.77751350402832,0.889404,-3.921875,-0.382813,-1.523438,0.099609,0.140625,-0.171875,0.819397,-0.435425,-0.274292,0.252380
44.7972731590271,0.890137,-0.066406,-0.589844,0.222656,-0.054687,0.232422,-0.201172,0.820496,-0.434814,-0.273499,0.250916
44.81787919998169,0.887573,-0.695312,-0.207031,1.312500,-0.042969,0.136719,-0.263672,0.821411,-0.435059,-0.272827,0.248169
44.837653160095215,0.886963,0.742187,-1.882813,-3.027344,0.525391,0.208984,-0.146484,0.822327,-0.434875,-0.272705,0.245483
44.85727834701538,0.886353,-1.148438,0.457031,0.582031,0.544922,0.166016,-0.207031,0.825378,-0.431030,-0.270630,0.244385
44.877455949783325,0.883179,2.734375,1.371094,0.296875,0.402344,0.277344,0.130859,0.828735,-0.426331,-0.268433,0.243774
44.89759421348572,0.882446,2.460938,1.859375,2.667969,0.007813,0.238281,0.410156,0.830566,-0.424316,-0.264893,0.244690
44.91740679740906,0.882812,0.878906,0.542969,0.898437,-0.064453,0.218750,0.460937,0.830444,-0.425659,-0.261108,0.247009
44.93788003921509,0.882324,1.976563,1.156250,1.191406,-0.263672,0.099609,0.617187,0.829529,-0.427979,-0.257568,0.249878
44.9578800201416,0.882812,2.214844,0.789062,1.437500,-0.312500,0.037109,0.775391,0.827026,-0.432068,-0.254700,0.253845
44.9778151512146,0.883545,-1.742188,-2.886719,-1.988281,-0.046875,0.089844,0.367188,0.823975,-0.436584,-0.251892,0.258850
44.99862837791443,0.883667,-5.046875,-0.238281,-0.269531,0.105469,-0.154297,-0.044922,0.822937,-0.438232,-0.249634,0.261597
45.017993211746216,0.879639,-3.773438,-0.183594,0.871094,0.044922,-0.250000,-0.494141,0.823181,-0.436890,-0.250671,0.261963
45.03788900375366,0.875610,-1.753906,-0.781250,0.640625,0.091797,-0.275391,-0.763672,0.824036,-0.434631,-0.254761,0.259155
45.05794358253479,0.871216,-2.273438,-3.511719,-4.484375,0.792969,-0.216797,-1.132813,0.826111,-0.430481,-0.259705,0.254517
45.07817554473877,0.849976,-1.917969,-0.402344,-2.496094,0.996094,-0.582031,-1.517578,0.831482,-0.420654,-0.264954,0.248047
45.09817552566528,0.830078,-2.281250,-0.988281,-1.609375,1.199219,-0.667969,-1.814453,0.837708,-0.407104,-0.273376,0.240356
45.1176974773407,0.799316,-4.917969,-1.179688,-2.417969,1.435547,-0.867187,-2.533203,0.845032,-0.390076,-0.283630,0.230835
45.138187408447266,0.661133,-5.925781,-0.488281,-0.464844,1.179688,-1.281250,-3.308594,0.853394,-0.369019,-0.297607,0.216675
45.158642530441284,0.574707,-0.468750,0.339844,0.312500,1.058594,-1.058594,-3.609375,0.860657,-0.346252,-0.317383,0.196716
45.17786717414856,0.405884,4.265625,1.503906,-1.742188,1.359375,-0.101563,-3.068359,0.867615,-0.323181,-0.336121,0.172852
45.19808268547058,0.000000,4.519531,1.289063,-1.054688,1.652344,1.257813,-2.548828,0.876526,-0.300842,-0.344116,0.151001
45.21850085258484,0.000000,2.527344,-0.675781,-0.089844,1.757813,2.669922,-2.308594,0.889282,-0.279114,-0.338074,0.130249
45.23889446258545,0.000000,1.585938,-0.820312,4.527344,1.380859,2.660156,-1.921875,0.904846,-0.259338,-0.319580,0.108765
45.2581684589386,0.000000,-0.753906,-1.488281,1.800781,1.291016,1.587891,-1.861328,0.918213,-0.243042,-0.299866,0.089111
45.2780818939209,0.000000,-2.093750,-1.042969,2.906250,0.912109,0.958984,-2.031250,0.927551,-0.227112,-0.288086,0.071533
45.298715353012085,0.000000,-1.191406,-0.457031,3.929688,0.509766,1.251953,-2.001953,0.933655,-0.213623,-0.282471,0.053162
45.31897711753845,0.000000,1.835938,0.289063,1.476563,0.505859,1.847656,-1.697266,0.939148,-0.203674,-0.274475,0.033386
45.33819794654846,0.000000,1.449219,1.195313,-0.328125,0.785156,1.855469,-1.314453,0.945374,-0.194763,-0.260986,0.015381
45.358224630355835,0.000000,1.867188,1.964844,-0.371094,0.779297,1.992188,-0.847656,0.951599,-0.184448,-0.245789,0.001404
45.37843942642212,0.000000,1.941406,2.117188,-0.222656,0.511719,2.248047,-0.480469,0.957703,-0.175049,-0.228088,-0.008545
45.39890480041504,0.000000,0.269531,2.214844,-0.964844,0.203125,2.263672,-0.322266,0.963379,-0.168945,-0.207642,-0.015991
45.41868877410889,0.000000,0.488281,2.250000,-1.359375,0.066406,3.279297,-0.271484,0.968323,-0.165833,-0.185303,-0.022705
45.43801760673523,0.000000,1.117188,1.183594,-1.769531,0.054687,3.294922,-0.197266,0.973755,-0.163879,-0.155029,-0.030334
45.4591543674469,0.000000,0.976562,1.253906,-1.664063,-0.041016,3.259766,-0.277344,0.978333,-0.162170,-0.122864,-0.037720
45.47934055328369,0.000000,-0.363281,0.566406,-1.382813,-0.078125,1.873047,-0.455078,0.981567,-0.161011,-0.092468,-0.045593
45.498358488082886,0.000000,0.691406,-0.132812,-1.304688,-0.033203,0.931641,-0.533203,0.982788,-0.160461,-0.074402,-0.053101
45.51886701583862,0.000000,2.074219,0.585937,-0.902344,-0.009766,0.472656,-0.330078,0.983154,-0.159973,-0.065552,-0.059753
45.53871560096741,0.000000,2.371094,0.558594,0.816406,-0.156250,0.484375,-0.134766,0.983215,-0.159790,-0.060730,-0.063904
45.558170318603516,0.000000,0.406250,0.542969,-0.496094,-0.087891,0.337891,-0.046875,0.983154,-0.160889,-0.056335,-0.066101
45.57830214500427,0.000000,-0.332031,0.464844,-0.371094,-0.041016,0.027344,-0.105469,0.983154,-0.161621,-0.053101,-0.067200
45.59889483451843,0.000000,-0.636719,0.710937,0.402344,-0.167969,-0.244141,-0.203125,0.982971,-0.162170,-0.052979,-0.068359
45.619033098220825,0.000000,0.105469,0.781250,0.339844,-0.185547,-0.316406,-0.134766,0.982422,-0.163818,-0.055481,-0.069885
45.638530015945435,0.000000,0.355469,0.191406,-0.179687,-0.146484,-0.138672,-0.087891,0.981873,-0.165771,-0.058472,-0.070862
45.659146308898926,0.000000,0.378906,0.296875,0.179687,-0.205078,0.015625,-0.062500,0.981445,-0.167419,-0.059875,-0.071594
45.67894792556763,0.000000,0.808594,0.367188,-0.265625,-0.259766,0.048828,-0.005859,0.981079,-0.169434,-0.059631,-0.072327
45.698708295822144,0.000000,-0.656250,-0.296875,0.257813,-0.375000,-0.146484,-0.031250,0.980591,-0.172119,-0.059143,-0.072632
45.71942615509033,0.000000,-0.050781,-0.503906,-1.175781,-0.234375,-0.167969,-0.060547,0.979858,-0.175720,-0.060181,-0.072937
45.73914408683777,0.000000,0.500000,-0.507812,-0.929687,-0.123047,-0.097656,-0.019531,0.979309,-0.178162,-0.061646,-0.073364
45.75926637649536,0.000000,0.093750,-0.539062,-0.261719,-0.087891,-0.107422,-0.025391,0.979004,-0.179565,-0.062561,-0.073486
45.779460430145264,0.000000,0.117188,-0.371094,0.128906,-0.085937,-0.070312,-0.011719,0.978760,-0.180542,-0.063538,-0.073608
45.7988977432251,0.000000,0.597656,-0.308594,0.136719,-0.140625,0.011719,0.070312,0.978516,-0.181519,-0.064148,-0.073669
45.81865954399109,0.000000,0.554687,-0.476562,0.222656,-0.132812,0.134766,0.208984,0.978333,-0.182983,-0.063782,-0.072998
45.83932709693909,0.000000,-0.171875,-1.027344,-0.085937,-0.011719,0.117188,0.220703,0.978333,-0.184204,-0.062073,-0.071350
45.85929584503174,0.000000,-0.902344,-0.882812,-0.554687,0.169922,-0.248047,0.171875,0.978516,-0.184387,-0.060791,-0.069397
45.87918496131897,0.000000,0.109375,-0.425781,-0.667969,0.320313,-0.535156,0.199219,0.978821,-0.183044,-0.062988,-0.067078
45.898903608322144,0.000000,0.621094,-0.210937,0.167969,0.294922,-0.308594,0.306641,0.979187,-0.180542,-0.067444,-0.064026
45.91927528381348,0.000000,0.351563,-0.097656,0.191406,0.361328,-0.375000,0.384766,0.979675,-0.177979,-0.070496,-0.060181
45.939276695251465,0.000000,0.011719,-0.289063,-0.125000,0.476562,-0.572266,0.369141,0.980225,-0.174927,-0.074219,-0.055481
45.95900368690491,0.000000,-0.371094,-0.007813,0.128906,0.396484,-0.494141,0.279297,0.980774,-0.170959,-0.079346,-0.050537
45.97951674461365,0.000000,-0.687500,-0.031250,-0.285156,0.378906,-0.576172,0.158203,0.981140,-0.167542,-0.084045,-0.046631
45.999226331710815,0.000000,0.109375,0.003906,-0.984375,0.511719,-0.609375,0.193359,0.981384,-0.164124,-0.089355,-0.043762
46.019097089767456,0.000000,1.222656,0.457031,-0.226562,0.507812,-0.630859,0.326172,0.981750,-0.159729,-0.095093,-0.040344
46.039499282836914,0.000000,0.386719,0.660156,0.320313,0.357422,-0.753906,0.318359,0.981995,-0.155396,-0.101135,-0.035706
46.06023597717285,0.000000,-0.265625,0.699219,0.640625,0.175781,-0.740234,0.244141,0.981873,-0.152527,-0.108154,-0.031128
46.079349517822266,0.000000,0.269531,0.183594,-0.484375,0.199219,-0.666016,0.265625,0.981384,-0.151123,-0.115051,-0.027283
46.09969735145569,0.000000,-0.453125,-0.144531,0.183594,0.148437,-0.628906,0.208984,0.980957,-0.149780,-0.121277,-0.023560
46.11981821060181,0.000000,-1.128906,0.390625,0.988281,-0.041016,-0.550781,0.041016,0.980469,-0.148804,-0.127197,-0.020447
46.139424085617065,0.000000,-0.582031,0.339844,0.988281,-0.212891,-0.492187,-0.054687,0.979675,-0.149414,-0.132568,-0.019226
46.159605264663696,0.000000,0.289063,0.132812,-0.511719,-0.068359,-0.470703,0.041016,0.978699,-0.151367,-0.137512,-0.019165
46.17990040779114,0.000000,0.457031,-0.632812,-1.023438,0.169922,-0.261719,0.171875,0.977966,-0.152161,-0.141907,-0.018127
46.19991087913513,0.000000,-0.292969,-0.398438,-0.382813,0.300781,-0.203125,0.169922,0.977844,-0.150879,-0.144348,-0.015930
46.21929597854614,0.000000,-0.792969,-0.101563,0.382813,0.222656,-0.330078,0.056641,0.977966,-0.148315,-0.146118,-0.013611
