timestamp,pressure_value,linear_accel_x,linear_accel_y,linear_accel_z,gyro_x,gyro_y,gyro_z,orientation_r,orientation_i,orientation_j,orientation_k
0.015107870101928711,0.000000,-0.378906,0.164062,0.304688,-0.171875,-0.115234,0.023437,0.418396,-0.386902,0.265869,-0.777527
0.034967660903930664,0.000000,0.300781,-0.128906,-0.515625,-0.095703,-0.066406,0.054687,0.418457,-0.388367,0.266724,-0.776489
0.05473732948303223,0.000000,0.277344,-0.113281,-0.421875,-0.066406,-0.015625,0.074219,0.418762,-0.389160,0.267395,-0.775696
0.07481026649475098,0.000000,-0.218750,-0.097656,-0.214844,-0.082031,-0.099609,0.021484,0.419250,-0.389526,0.268005,-0.775024
0.09500718116760254,0.000000,0.003906,-0.011719,0.031250,-0.107422,-0.064453,-0.003906,0.419434,-0.390503,0.268311,-0.774292
0.11433076858520508,0.000000,-0.121094,0.078125,0.289063,-0.142578,-0.085937,-0.005859,0.419312,-0.391541,0.268799,-0.773682
0.13513445854187012,0.000000,0.101563,0.093750,-0.070312,-0.134766,-0.083984,0.023437,0.419067,-0.392822,0.269531,-0.772949
0.15482497215270996,0.000000,0.285156,0.148437,-0.121094,-0.144531,-0.066406,0.058594,0.419006,-0.394043,0.270325,-0.772095
0.17463111877441406,0.019043,-0.097656,0.019531,0.101563,-0.183594,-0.083984,0.029297,0.419128,-0.395081,0.271362,-0.771118
0.19487881660461426,0.068604,-0.402344,-0.082031,0.406250,-0.191406,-0.105469,-0.001953,0.418945,-0.396423,0.272461,-0.770142
0.21502685546875,0.150146,0.164062,-0.171875,-0.257813,-0.125000,-0.009766,0.021484,0.418579,-0.397827,0.273438,-0.769226
0.2355947494506836,0.157227,-0.058594,-0.117188,-0.203125,-0.097656,0.050781,0.031250,0.418396,-0.398438,0.274475,-0.768677
0.25479936599731445,0.176147,-0.312500,-0.070312,-0.082031,-0.080078,0.039063,0.033203,0.418213,-0.398438,0.275452,-0.768372
0.2753467559814453,0.246582,-0.464844,-0.140625,-0.226562,-0.041016,0.005859,0.001953,0.418152,-0.398376,0.276306,-0.768188
0.2949562072753906,0.291260,-0.464844,-0.019531,0.316406,-0.037109,-0.064453,0.017578,0.418091,-0.398621,0.276672,-0.767944
0.31539440155029297,0.313599,1.406250,-0.125000,-0.695312,0.216797,0.207031,0.371094,0.418701,-0.398804,0.276794,-0.767517
0.3352081775665283,0.344604,-1.558594,0.066406,1.304688,0.042969,0.015625,0.218750,0.421570,-0.395996,0.277283,-0.767212
0.3554656505584717,0.360107,-0.507812,0.003906,-0.535156,0.025391,-0.031250,0.064453,0.423584,-0.394897,0.277710,-0.766479
0.3751652240753174,0.360107,0.066406,0.082031,-0.304688,0.001953,-0.019531,0.029297,0.424316,-0.394958,0.277710,-0.766052
0.3955364227294922,0.376221,0.027344,0.003906,0.277344,-0.082031,-0.050781,-0.023437,0.424683,-0.395020,0.277710,-0.765808
0.4151804447174072,0.385620,-1.414063,-0.062500,0.417969,-0.210937,-0.121094,-0.251953,0.424316,-0.395874,0.278015,-0.765442
0.43499279022216797,0.350464,-1.636719,0.175781,1.320313,-0.425781,-0.175781,-0.488281,0.421875,-0.398560,0.278198,-0.765381
0.45559239387512207,0.327393,1.601563,0.066406,-0.468750,-0.236328,0.058594,-0.210937,0.417419,-0.402466,0.278809,-0.765564
0.47574353218078613,0.332397,1.289063,-0.117188,-0.835937,-0.167969,0.070312,-0.076172,0.414673,-0.403564,0.280090,-0.765991
0.49491357803344727,0.340210,0.406250,0.082031,-0.675781,-0.042969,0.138672,0.003906,0.413330,-0.403687,0.281372,-0.766174
0.515406608581543,0.354858,-0.656250,-0.031250,0.089844,-0.037109,-0.044922,0.000000,0.412842,-0.403137,0.282104,-0.766418
0.5357420444488525,0.367798,0.523437,-0.437500,0.050781,-0.097656,0.548828,0.244141,0.412903,-0.403198,0.282410,-0.766235
0.5556714534759521,0.377075,3.078125,-0.757812,-1.429688,0.189453,1.025391,0.529297,0.413330,-0.398743,0.285706,-0.767151
0.5751760005950928,0.398804,-1.585938,0.484375,0.093750,0.203125,0.519531,0.349609,0.415161,-0.389282,0.290283,-0.769287
0.5956273078918457,0.437744,-0.234375,0.453125,1.035156,0.109375,0.171875,0.171875,0.417175,-0.382690,0.292969,-0.770508
0.6158182621002197,0.440796,-2.105469,0.214844,0.730469,0.027344,-0.103516,-0.050781,0.418396,-0.380310,0.293701,-0.770752
0.635551929473877,0.397339,-0.957031,-0.136719,0.000000,0.050781,-0.257813,-0.173828,0.418457,-0.381226,0.292725,-0.770630
0.6559293270111084,0.293091,-1.140625,0.058594,0.140625,0.050781,-0.484375,-0.318359,0.418152,-0.383545,0.290527,-0.770447
0.6762511730194092,0.204834,-0.453125,0.257813,-0.105469,0.121094,-0.601562,-0.371094,0.417358,-0.387878,0.286926,-0.770081
0.6954946517944336,0.140503,1.007813,0.304688,-0.273438,0.111328,-0.650391,-0.244141,0.416748,-0.393066,0.282104,-0.769592
0.7158689498901367,0.108032,0.644531,0.664062,0.578125,-0.042969,-0.681641,-0.101563,0.417175,-0.398315,0.277588,-0.768250
0.7358667850494385,0.111816,0.421875,0.402344,1.214844,-0.226562,-0.535156,0.015625,0.418152,-0.403931,0.274719,-0.765869
0.7557432651519775,0.138062,0.230469,-0.371094,-0.140625,-0.193359,-0.250000,0.027344,0.418823,-0.408752,0.274109,-0.763123
0.7758297920227051,0.234375,0.421875,-0.156250,0.097656,-0.251953,0.109375,0.076172,0.419006,-0.411560,0.274719,-0.761353
0.7962560653686523,0.317993,-0.152344,-0.207031,-0.820312,-0.103516,0.240234,0.101563,0.418396,-0.411621,0.277039,-0.760742
0.8154542446136475,0.384033,-0.902344,-0.308594,0.343750,-0.123047,0.041016,0.042969,0.418091,-0.410217,0.279175,-0.760925
0.8357424736022949,0.464722,0.589844,-0.597656,-0.085937,-0.177734,0.382813,0.125000,0.417847,-0.409973,0.280579,-0.760620
0.8558151721954346,0.528931,0.652344,-0.687500,-1.394531,0.023437,0.433594,0.078125,0.417175,-0.407593,0.283569,-0.761169
0.8762829303741455,0.532349,-3.015625,-0.843750,0.703125,-0.179687,-0.054687,-0.244141,0.416504,-0.404419,0.285645,-0.762451
0.8957440853118896,0.494995,-0.671875,-1.515625,-2.429688,0.226562,-0.027344,-0.462891,0.414429,-0.405701,0.285278,-0.763062
0.9162983894348145,0.380371,1.203125,-2.347656,-4.929687,1.027344,0.611328,-0.417969,0.412292,-0.405701,0.281128,-0.765747
0.9363460540771484,0.365356,1.703125,0.054687,-0.640625,0.689453,1.021484,-0.212891,0.411255,-0.398499,0.274658,-0.772400
0.9558417797088623,0.348877,0.484375,2.148438,2.167969,0.216797,0.880859,-0.052734,0.409729,-0.388672,0.272461,-0.778992
0.9764175415039062,0.357178,1.085938,2.191406,3.261719,-0.246094,0.832031,0.185547,0.407776,-0.380859,0.274292,-0.783203
0.9958126544952393,0.359009,0.152344,2.171875,2.464844,-0.402344,0.384766,0.271484,0.406189,-0.375061,0.279846,-0.784851
1.0162644386291504,0.361084,-0.367188,1.285156,2.328125,-0.509766,-0.050781,0.242187,0.405701,-0.372925,0.285583,-0.784058
1.0362505912780762,0.384033,0.000000,-0.109375,-1.500000,-0.412109,-0.175781,0.205078,0.405823,-0.374451,0.290405,-0.781494
1.0563344955444336,0.390259,0.046875,-0.722656,-2.328125,-0.099609,-0.136719,0.160156,0.406433,-0.376770,0.293579,-0.778870
1.0764365196228027,0.391602,-0.023437,-0.675781,-1.476563,0.044922,-0.115234,0.076172,0.407654,-0.377808,0.294495,-0.777405
1.0965228080749512,0.379272,-0.804687,-0.367188,-0.015625,-0.023437,-0.171875,-0.066406,0.408752,-0.378418,0.294006,-0.776733
1.1165716648101807,0.363281,0.093750,-0.140625,0.421875,-0.089844,-0.080078,-0.083984,0.408691,-0.379822,0.293335,-0.776306
1.1360106468200684,0.359375,-0.359375,0.367188,0.609375,-0.205078,-0.220703,-0.099609,0.408020,-0.381287,0.293335,-0.775940
1.1560313701629639,0.342529,0.031250,0.265625,0.148437,-0.222656,-0.121094,-0.062500,0.407104,-0.383911,0.293762,-0.774963
1.1769001483917236,0.344238,0.632812,-0.062500,-0.703125,-0.132812,-0.017578,0.041016,0.406250,-0.385925,0.294678,-0.774048
1.1967487335205078,0.366089,0.312500,-0.152344,0.226562,-0.093750,0.191406,0.107422,0.406128,-0.386414,0.295776,-0.773499
1.2166459560394287,0.380005,-0.421875,-0.136719,0.578125,-0.128906,0.103516,0.119141,0.406067,-0.385193,0.297668,-0.773376
1.2368841171264648,0.468872,-0.230469,-0.382813,0.441406,-0.126953,0.183594,0.199219,0.406189,-0.384460,0.299622,-0.772949
1.256826639175415,0.528320,2.003906,-0.398438,-1.191406,0.126953,0.523437,0.486328,0.406921,-0.382507,0.302124,-0.772522
1.2762491703033447,0.547241,-1.804688,-0.121094,-0.011719,0.105469,0.214844,0.242187,0.409363,-0.377258,0.304749,-0.772766
1.2968146800994873,0.549561,-2.453125,-0.199219,0.171875,0.025391,-0.142578,-0.126953,0.410950,-0.374634,0.305603,-0.772949
1.316819429397583,0.535522,-0.738281,-0.136719,0.218750,-0.013672,-0.287109,-0.333984,0.410583,-0.375732,0.304504,-0.773010
1.3367493152618408,0.511597,-2.351563,0.023437,0.640625,-0.044922,-0.464844,-0.533203,0.408875,-0.379272,0.302063,-0.773132
1.3568475246429443,0.393433,0.871094,0.683594,0.019531,-0.041016,-0.214844,-0.470703,0.406067,-0.384399,0.298645,-0.773437
1.3770534992218018,0.358887,0.984375,1.355469,0.925781,-0.277344,-0.056641,-0.351563,0.402893,-0.387756,0.296387,-0.774231
1.3965933322906494,0.289429,1.605469,1.503906,1.644531,-0.519531,-0.103516,-0.019531,0.399414,-0.390381,0.296997,-0.774536
1.4168596267700195,0.286499,1.574219,0.351563,0.445312,-0.236328,0.091797,0.111328,0.397583,-0.392944,0.300232,-0.772888
1.4371213912963867,0.350586,-0.261719,-0.574219,-0.765625,-0.214844,0.253906,0.080078,0.397034,-0.393066,0.303284,-0.771912
1.4568169116973877,0.388184,-0.222656,-0.632812,-1.531250,-0.119141,0.351563,0.050781,0.396118,-0.391663,0.306091,-0.771973
1.4767498970031738,0.450073,-0.109375,-0.839844,-0.191406,-0.218750,0.394531,0.070312,0.394958,-0.389404,0.308655,-0.772766
1.5070183277130127,0.570923,0.117188,0.226562,-0.675781,-0.033203,0.544922,0.197266,0.393188,-0.382324,0.315247,-0.774475
1.5279407501220703,0.589478,-1.183594,0.656250,0.773437,-0.019531,0.210937,0.101563,0.393250,-0.380432,0.316833,-0.774719
1.5478150844573975,0.589478,0.890625,0.632812,-0.933594,-0.074219,-0.152344,0.126953,0.394653,-0.381165,0.317078,-0.773560
1.567322015762329,0.588135,-0.144531,0.363281,-0.062500,0.152344,-0.330078,0.203125,0.397644,-0.382324,0.315613,-0.772095
1.5878262519836426,0.559448,-0.648437,-0.257813,0.445312,0.091797,-0.250000,0.062500,0.399231,-0.383484,0.314392,-0.771179
1.6083650588989258,0.531250,0.785156,-0.601562,-1.066406,-0.007813,0.195312,-0.001953,0.398743,-0.382202,0.314941,-0.771851
1.627307415008545,0.520630,-0.648437,-0.488281,1.140625,0.009766,0.298828,-0.015625,0.397644,-0.380066,0.316223,-0.772949
1.647810697555542,0.585937,-0.218750,-0.394531,-0.222656,-0.171875,0.189453,-0.050781,0.396179,-0.379211,0.318054,-0.773315
1.6676571369171143,0.601196,1.445313,0.035156,-1.003906,-0.005859,0.316406,0.150391,0.396179,-0.376831,0.319824,-0.773743
1.6876029968261719,0.604126,-0.347656,0.234375,-0.062500,0.085937,0.181641,0.228516,0.397705,-0.374268,0.320923,-0.773804
1.7080111503601074,0.611328,-0.269531,0.847656,0.535156,0.103516,0.000000,0.210937,0.399780,-0.373047,0.320984,-0.773315
1.7280659675598145,0.612549,-0.437500,0.500000,1.109375,0.083984,-0.322266,0.109375,0.401917,-0.374573,0.319702,-0.771973
1.7476253509521484,0.607666,-0.593750,0.308594,0.058594,0.007813,-0.464844,-0.001953,0.403625,-0.377869,0.317627,-0.770325
1.7681341171264648,0.555420,-0.003906,0.292969,-0.621094,0.144531,-0.539062,-0.066406,0.405151,-0.381653,0.314392,-0.768982
1.788132905960083,0.504517,-0.328125,-1.175781,-0.292969,0.048828,-0.384766,-0.140625,0.405396,-0.384705,0.312073,-0.768250
1.8082435131072998,0.486816,-0.878906,-1.507813,-1.671875,0.089844,-0.189453,-0.244141,0.404358,-0.386536,0.309998,-0.768799
1.8278353214263916,0.498047,0.390625,-3.660156,-4.070312,0.283203,0.197266,-0.349609,0.402405,-0.384399,0.307129,-0.771973
1.8482909202575684,0.499146,2.515625,-2.519531,-3.804688,0.744141,0.906250,-0.169922,0.401062,-0.375793,0.304321,-0.778015
1.867952823638916,0.492554,0.101563,1.546875,1.886719,0.253906,0.884766,-0.115234,0.398621,-0.367981,0.305359,-0.782654
1.8875038623809814,0.497192,-0.187500,2.519531,2.113281,-0.074219,0.818359,0.099609,0.396423,-0.361938,0.309570,-0.784912
1.9081737995147705,0.498291,-1.578125,2.101563,0.980469,-0.292969,0.351563,0.107422,0.395264,-0.359436,0.313721,-0.784973
1.9284980297088623,0.497314,0.304688,1.457031,-0.445312,-0.011719,0.236328,0.164062,0.395569,-0.357422,0.315430,-0.785034
1.9477574825286865,0.504761,-0.316406,1.148438,2.742188,0.035156,-0.130859,0.035156,0.396423,-0.358154,0.314819,-0.784485
1.968372106552124,0.510986,0.406250,1.394531,2.875000,-0.175781,-0.466797,0.021484,0.397461,-0.362488,0.314209,-0.782288
1.9885327816009521,0.506104,-0.171875,0.421875,-0.148437,-0.267578,-0.724609,-0.039063,0.398438,-0.368896,0.313171,-0.779114
2.0078465938568115,0.495972,0.285156,-0.734375,-2.839844,0.060547,-0.554687,-0.093750,0.399536,-0.373413,0.310364,-0.777527
2.0284318923950195,0.456177,-0.203125,-1.027344,-0.074219,0.101563,-0.435547,-0.179687,0.399841,-0.376953,0.307251,-0.776917
2.048818349838257,0.444702,0.828125,-0.917969,-0.976562,0.003906,-0.187500,-0.173828,0.399170,-0.378845,0.305847,-0.776917
2.068476438522339,0.430908,0.277344,-0.246094,-1.070313,0.042969,0.068359,-0.107422,0.398315,-0.378540,0.305420,-0.777710
2.0888473987579346,0.423340,-0.445312,0.335938,1.734375,-0.046875,0.144531,-0.031250,0.397278,-0.377808,0.306213,-0.778259
2.1087517738342285,0.441162,0.054687,0.945312,2.355469,-0.335938,0.095703,-0.052734,0.395386,-0.378479,0.309021,-0.777771
2.1285316944122314,0.474121,0.453125,-0.242187,-0.621094,-0.357422,0.128906,0.013672,0.393677,-0.378906,0.312500,-0.777039
2.1479992866516113,0.521851,-0.296875,0.019531,1.171875,-0.341797,0.125000,0.027344,0.392273,-0.379211,0.315491,-0.776367
2.1688449382781982,0.551514,-0.503906,-0.074219,-0.843750,-0.310547,-0.125000,-0.035156,0.391235,-0.381409,0.317261,-0.775146
2.188887596130371,0.551880,-0.734375,0.085937,-1.332031,-0.154297,-0.302734,-0.085937,0.390991,-0.384644,0.316833,-0.773804
2.2082314491271973,0.546143,0.550781,0.050781,-0.582031,-0.025391,-0.472656,-0.058594,0.392212,-0.388306,0.314636,-0.772278
2.2288434505462646,0.552124,0.871094,0.148437,-0.726562,0.220703,-0.521484,0.105469,0.395264,-0.390808,0.311707,-0.770630
2.2490007877349854,0.575073,1.027344,-0.503906,-1.406250,0.023437,-0.228516,0.109375,0.397278,-0.391846,0.310852,-0.769409
2.2684147357940674,0.604980,1.871094,-0.503906,-1.011719,0.132812,0.068359,0.277344,0.399536,-0.389709,0.311401,-0.769104
2.288752317428589,0.642212,0.292969,-0.554687,0.285156,0.134766,0.529297,0.421875,0.401428,-0.384155,0.314148,-0.769836
2.309150457382202,0.645386,-1.453125,-0.265625,1.179688,-0.089844,0.619141,0.220703,0.400696,-0.379211,0.318115,-0.770996
2.3286361694335938,0.642944,-2.664063,-0.324219,0.199219,-0.296875,0.406250,-0.150391,0.397156,-0.377747,0.321411,-0.772156
2.3491334915161133,0.619263,-0.257813,-0.906250,-2.183594,-0.232422,0.015625,-0.404297,0.393311,-0.379150,0.321716,-0.773315
2.3688275814056396,0.604126,1.414063,-2.304688,-5.332031,0.464844,0.253906,-0.310547,0.391663,-0.376343,0.318420,-0.776917
2.3891401290893555,0.578979,1.687500,-0.351563,-1.621094,0.775391,0.777344,-0.128906,0.390930,-0.368408,0.315125,-0.782349
2.408233404159546,0.552979,-0.019531,2.714844,2.292969,-0.019531,0.449219,0.066406,0.390137,-0.364502,0.316772,-0.783936
2.4290692806243896,0.471436,0.382813,0.644531,-1.015625,-0.251953,0.148437,0.259766,0.390503,-0.363281,0.320129,-0.783020
2.449273109436035,0.455200,-2.781250,-0.570312,0.679687,-0.074219,0.183594,0.000000,0.389709,-0.362244,0.321533,-0.783264
2.4690849781036377,0.451538,0.218750,0.843750,1.031250,-0.054687,-0.035156,-0.150391,0.388489,-0.363098,0.321289,-0.783569
2.4893083572387695,0.416260,-0.039063,0.867187,2.417969,0.089844,-0.144531,-0.089844,0.388306,-0.364502,0.320068,-0.783569
2.508988618850708,0.396606,-0.464844,0.562500,0.511719,-0.210937,-0.441406,-0.203125,0.387451,-0.368835,0.319092,-0.782288
2.5289220809936523,0.385620,0.453125,-0.289063,-1.871094,-0.003906,-0.443359,-0.212891,0.387085,-0.373291,0.316650,-0.781372
2.5496761798858643,0.370728,-0.246094,-0.320313,-0.738281,0.111328,-0.550781,-0.240234,0.387329,-0.377808,0.312866,-0.780579
2.568922758102417,0.346680,0.472656,0.230469,0.320313,0.093750,-0.591797,-0.220703,0.387756,-0.382629,0.309204,-0.779480
2.588813304901123,0.320313,0.910156,0.375000,0.472656,-0.097656,-0.410156,-0.132812,0.387634,-0.386597,0.307861,-0.778137
2.6095004081726074,0.349854,1.132813,-0.519531,-0.222656,-0.187500,-0.080078,0.031250,0.387390,-0.387695,0.308960,-0.777283
2.6298587322235107,0.379028,0.996094,-0.695312,-0.222656,-0.060547,0.261719,0.177734,0.387756,-0.385803,0.311035,-0.777222
2.6491198539733887,0.449829,-0.117188,-0.402344,0.628906,-0.103516,0.089844,0.175781,0.388489,-0.384644,0.313049,-0.776611
2.6695892810821533,0.606079,1.656250,-0.488281,-1.417969,-0.048828,0.263672,0.371094,0.390320,-0.381531,0.315796,-0.776123
2.6893296241760254,0.623901,0.085937,-0.289063,-1.210938,0.181641,0.558594,0.482422,0.392822,-0.375488,0.318237,-0.776794
2.7096807956695557,0.637329,-3.175781,0.285156,0.183594,0.132812,0.093750,0.119141,0.393921,-0.373596,0.318176,-0.777161
2.7292542457580566,0.635498,-1.085938,-0.195312,0.257813,0.058594,-0.216797,-0.187500,0.393433,-0.375610,0.316162,-0.777283
2.7498326301574707,0.615479,-1.218750,-0.343750,-0.644531,0.072266,-0.431641,-0.351563,0.392334,-0.379639,0.312439,-0.777405
2.7696056365966797,0.596436,0.503906,-0.054687,-0.605469,0.255859,-0.468750,-0.466797,0.391052,-0.383911,0.307007,-0.778076
2.7893011569976807,0.559692,0.746094,1.488281,0.863281,0.089844,-0.388672,-0.416016,0.389343,-0.387756,0.303406,-0.778442
2.809847116470337,0.426392,1.781250,1.539063,2.031250,-0.275391,-0.193359,-0.167969,0.387634,-0.390747,0.304260,-0.777466
2.8295741081237793,0.414917,0.921875,-1.820313,-1.824219,-0.507812,0.017578,0.152344,0.386780,-0.391724,0.308105,-0.775879
2.849046468734741,0.426514,0.992187,-1.492188,-0.949219,-0.123047,0.478516,0.191406,0.386414,-0.388367,0.311340,-0.776489
2.870012044906616,0.527954,-0.589844,-0.144531,-1.050781,-0.025391,0.494141,0.166016,0.385986,-0.384155,0.314331,-0.777588
2.8899543285369873,0.594482,0.957031,-1.031250,1.847656,-0.171875,0.613281,0.128906,0.384399,-0.379272,0.318970,-0.778870
2.909465789794922,0.640991,-0.933594,0.125000,-0.757812,-0.332031,0.757812,0.218750,0.382568,-0.374146,0.324951,-0.779785
2.9296228885650635,0.664917,-0.824219,0.417969,-0.375000,-0.164062,0.353516,0.158203,0.382019,-0.370972,0.328552,-0.780090
2.949944496154785,0.668457,0.570312,0.203125,-1.281250,0.060547,0.263672,0.201172,0.382813,-0.368225,0.330017,-0.780334
2.969310760498047,0.664795,0.234375,0.546875,0.859375,0.109375,-0.148437,0.132812,0.384644,-0.368286,0.329285,-0.779724
2.990011215209961,0.650269,-0.203125,0.425781,0.089844,0.119141,-0.371094,0.082031,0.386963,-0.370117,0.327454,-0.778503
3.0098717212677,0.633667,-0.308594,0.257813,-0.292969,0.181641,-0.357422,0.052734,0.389160,-0.372131,0.324768,-0.777588
3.030308246612549,0.597290,-1.406250,-0.648437,1.085938,0.177734,-0.402344,-0.126953,0.389893,-0.375000,0.321716,-0.777100
3.0497589111328125,0.529175,0.753906,-1.046875,-0.804687,-0.009766,-0.347656,-0.277344,0.388855,-0.378174,0.319641,-0.776917
3.0703542232513428,0.468872,0.339844,-1.492188,-2.046875,0.158203,-0.023437,-0.187500,0.387695,-0.378357,0.318176,-0.778015
3.0901975631713867,0.453369,0.199219,-1.898438,-1.257813,0.103516,0.486328,-0.224609,0.385071,-0.374695,0.318237,-0.781067
3.1098432540893555,0.441772,-0.519531,0.953125,0.839844,0.210937,0.878906,0.052734,0.383240,-0.367554,0.319946,-0.784668
3.1302330493927,0.473022,-0.832031,1.113281,1.144531,-0.017578,0.650391,0.019531,0.381470,-0.362244,0.322632,-0.786865
3.149963855743408,0.484009,-0.953125,1.750000,2.968750,-0.294922,0.253906,0.101563,0.380188,-0.361084,0.325500,-0.786865
3.170088768005371,0.498779,-1.281250,-0.320313,-0.691406,-0.080078,-0.064453,-0.166016,0.378967,-0.362366,0.325500,-0.786865
3.19010329246521,0.496826,0.855469,1.386719,2.339844,0.101563,-0.205078,-0.179687,0.378479,-0.364319,0.323669,-0.786926
3.2102479934692383,0.491089,-0.402344,0.476562,0.664062,-0.175781,-0.404297,-0.158203,0.377869,-0.368469,0.322815,-0.785645
3.2301206588745117,0.480957,0.796875,0.332031,-0.390625,-0.199219,-0.423828,-0.179687,0.377075,-0.373108,0.322205,-0.784058
3.250563621520996,0.454468,0.988281,0.617187,-0.558594,-0.251953,-0.333984,-0.058594,0.376831,-0.376648,0.322510,-0.782410
3.270333766937256,0.456421,1.425781,-0.941406,-0.875000,0.013672,0.037109,0.130859,0.377747,-0.376038,0.323120,-0.781982
3.2899580001831055,0.483032,-0.105469,-0.328125,-0.445312,0.117188,0.292969,0.281250,0.379578,-0.372375,0.324341,-0.782349
3.310621976852417,0.594238,1.261719,-0.242187,-0.125000,0.214844,0.410156,0.480469,0.382507,-0.367004,0.325867,-0.782776
3.3304548263549805,0.619141,-2.031250,0.070312,0.871094,0.123047,0.271484,0.306641,0.384521,-0.363220,0.327148,-0.783081
3.3505163192749023,0.640259,-1.144531,0.300781,0.957031,-0.048828,-0.044922,0.017578,0.384705,-0.363647,0.327393,-0.782654
3.370391368865967,0.650269,-2.054688,0.308594,0.964844,-0.189453,-0.359375,-0.234375,0.383423,-0.367859,0.326599,-0.781677
3.3908255100250244,0.654907,-0.335938,0.308594,0.351563,-0.259766,-0.583984,-0.417969,0.381104,-0.374573,0.325073,-0.780273
3.4108288288116455,0.640503,0.914062,-0.035156,-0.273438,-0.265625,-0.394531,-0.349609,0.378723,-0.379639,0.324280,-0.779297
3.4301559925079346,0.593506,-0.445312,-0.339844,-0.433594,-0.115234,-0.080078,-0.238281,0.376648,-0.381897,0.323792,-0.779419
3.4508588314056396,0.554565,0.796875,-0.378906,-0.187500,-0.128906,-0.017578,-0.154297,0.374939,-0.382996,0.323975,-0.779602
3.470832586288452,0.569458,0.804687,-0.113281,-0.535156,-0.054687,0.156250,-0.044922,0.373840,-0.382263,0.324890,-0.780090
3.4903087615966797,0.595215,0.261719,-0.179687,0.332031,-0.107422,0.246094,0.037109,0.372986,-0.380371,0.326843,-0.780640
3.51082706451416,0.628296,-0.863281,-0.242187,-0.449219,-0.097656,0.494141,0.125000,0.371887,-0.376709,0.329590,-0.781738
3.530963897705078,0.630859,-0.113281,0.074219,-0.671875,-0.037109,0.619141,0.046875,0.370117,-0.372070,0.332214,-0.783691
3.550180196762085,0.616821,-0.601562,0.179687,0.359375,0.031250,0.484375,-0.001953,0.368591,-0.368164,0.333801,-0.785645
3.5708062648773193,0.536987,-1.007813,-0.050781,0.343750,0.068359,0.136719,-0.070312,0.367920,-0.366821,0.333496,-0.786682
3.5911178588867188,0.496094,-0.609375,-0.464844,-1.257813,0.248047,-0.138672,-0.062500,0.368652,-0.367188,0.330750,-0.787292
3.6103930473327637,0.488159,0.031250,-0.402344,-0.777344,0.445312,-0.185547,-0.171875,0.369629,-0.367554,0.326111,-0.788635
3.630828857421875,0.477173,0.882812,0.851562,0.750000,0.417969,-0.214844,-0.101563,0.371033,-0.368103,0.321838,-0.789490
3.6514878273010254,0.480225,1.089844,1.609375,1.476563,0.109375,-0.263672,0.078125,0.372925,-0.369446,0.320129,-0.788635
3.6709840297698975,0.480103,0.914062,1.218750,1.968750,-0.105469,-0.257813,0.246094,0.375244,-0.371155,0.320923,-0.786438
3.690537214279175,0.485474,0.054687,-0.144531,0.773437,-0.404297,-0.214844,0.326172,0.376892,-0.372986,0.324219,-0.783386
3.711458444595337,0.537109,-0.558594,-2.179688,-1.308594,-0.162109,0.158203,0.138672,0.376831,-0.372314,0.327148,-0.782532
3.7311508655548096,0.586060,-0.125000,-0.234375,-0.105469,-0.246094,0.251953,0.105469,0.375854,-0.370789,0.330505,-0.782288
3.7505228519439697,0.624878,0.234375,-0.441406,-0.597656,-0.195312,0.398438,0.076172,0.374512,-0.368103,0.333862,-0.782837
3.77101731300354,0.647461,-0.402344,-0.125000,-1.921875,-0.068359,0.482422,0.107422,0.373535,-0.364624,0.336243,-0.783875
3.7913527488708496,0.644287,-1.496094,0.140625,0.894531,0.046875,0.144531,-0.027344,0.372986,-0.363220,0.336426,-0.784729
3.8110032081604004,0.627808,-0.753906,0.050781,-0.109375,0.089844,-0.044922,-0.123047,0.372559,-0.363647,0.335205,-0.785217
3.831404209136963,0.579468,0.433594,0.179687,-0.269531,0.140625,-0.242187,-0.091797,0.373291,-0.365234,0.332703,-0.785217
3.851508617401123,0.556274,0.308594,-0.003906,-0.605469,0.363281,-0.421875,-0.005859,0.375854,-0.367249,0.328430,-0.784851
3.8708930015563965,0.539185,-0.425781,-0.386719,0.367188,0.400391,-0.519531,-0.011719,0.378845,-0.369690,0.323547,-0.784302
3.89140248298645,0.534058,0.785156,0.562500,1.132813,0.095703,-0.275391,0.056641,0.380615,-0.371277,0.321899,-0.783386
3.9112439155578613,0.554199,0.261719,1.242188,2.558594,-0.253906,-0.019531,0.138672,0.380798,-0.372070,0.324402,-0.781860
3.9309189319610596,0.593384,0.187500,-1.343750,-1.027344,-0.519531,0.160156,0.164062,0.379822,-0.372009,0.329102,-0.780396
3.9517669677734375,0.654907,-0.117188,-0.578125,1.187500,-0.398438,0.234375,0.091797,0.378479,-0.371216,0.333130,-0.779724
3.9719045162200928,0.664673,-0.070312,-0.929687,-0.812500,-0.244141,0.289063,0.103516,0.377258,-0.369568,0.336792,-0.779541
3.991844654083252,0.659668,-0.582031,-0.667969,-1.003906,-0.234375,0.595703,0.078125,0.375122,-0.366089,0.340820,-0.780457
4.011374473571777,0.646118,-2.343750,-0.515625,-0.996094,-0.128906,0.142578,-0.150391,0.373047,-0.365295,0.342102,-0.781250
4.031670570373535,0.611816,1.023438,-0.960937,-2.519531,0.123047,0.160156,-0.099609,0.372192,-0.363953,0.341003,-0.782776
4.052048683166504,0.590088,0.457031,-0.066406,0.007813,0.677734,0.287109,-0.125000,0.372559,-0.359863,0.336853,-0.786316
4.071102619171143,0.560303,-0.406250,1.957031,3.230469,0.384766,0.328125,-0.048828,0.372375,-0.356445,0.334839,-0.788757
4.092066287994385,0.485352,-0.445312,1.542969,0.050781,-0.056641,-0.017578,-0.085937,0.371643,-0.356628,0.335022,-0.788940
4.111617565155029,0.474976,-0.156250,0.277344,0.488281,-0.070312,0.007813,-0.033203,0.370972,-0.357117,0.335266,-0.788940
4.131291389465332,0.449097,0.296875,0.417969,0.371094,0.033203,-0.105469,-0.300781,0.369263,-0.358704,0.333618,-0.789734
4.152060508728027,0.430908,0.531250,1.218750,1.390625,0.220703,-0.242187,-0.304688,0.368530,-0.361023,0.330017,-0.790527
4.171841382980347,0.418335,0.324219,1.425781,2.027344,0.078125,-0.562500,-0.224609,0.368835,-0.365845,0.326477,-0.789673
4.191402196884155,0.412109,0.414062,0.605469,-0.117188,-0.027344,-0.677734,-0.214844,0.369324,-0.371887,0.323425,-0.787842
4.2118377685546875,0.350586,0.335938,-0.320313,-0.335938,-0.050781,-0.550781,-0.128906,0.369812,-0.376831,0.321289,-0.786133
4.232135057449341,0.314575,0.003906,-0.167969,-0.375000,-0.099609,-0.410156,-0.175781,0.369446,-0.380920,0.320007,-0.784851
4.251482009887695,0.301880,1.132813,0.269531,0.523437,-0.201172,-0.224609,-0.031250,0.369263,-0.383484,0.320557,-0.783508
4.271965503692627,0.369751,1.007813,-0.781250,-0.582031,-0.103516,0.060547,0.171875,0.369995,-0.382996,0.322205,-0.782715
4.292293310165405,0.452393,0.917969,-0.601562,-0.398438,-0.070312,0.189453,0.259766,0.371338,-0.380554,0.324402,-0.782349
4.312194108963013,0.518066,0.996094,-0.265625,-0.789062,0.123047,0.519531,0.511719,0.373901,-0.374695,0.327393,-0.782715
4.331604242324829,0.580200,-2.117188,0.171875,0.589844,0.066406,0.445312,0.373047,0.375488,-0.369934,0.329895,-0.783142
4.352148771286011,0.637329,-1.652344,0.218750,0.167969,-0.039063,0.031250,0.031250,0.375610,-0.369568,0.330627,-0.782959
4.372195720672607,0.644409,-0.363281,0.187500,-0.152344,-0.070312,-0.148437,-0.027344,0.375610,-0.370972,0.330444,-0.782349
4.391554594039917,0.647095,-2.160156,0.332031,0.921875,-0.099609,-0.339844,-0.232422,0.374573,-0.374878,0.329163,-0.781555
4.41236686706543,0.615601,0.421875,0.210937,-0.414062,-0.177734,-0.457031,-0.367188,0.372681,-0.380066,0.327332,-0.780762
4.432600498199463,0.567139,1.164063,-0.113281,-0.609375,-0.042969,-0.228516,-0.244141,0.371338,-0.382874,0.325928,-0.780579
4.452023267745972,0.552002,0.281250,-0.257813,-0.382813,-0.027344,0.039063,0.005859,0.370972,-0.382996,0.326111,-0.780579
4.472266435623169,0.615723,0.031250,-0.187500,0.062500,-0.001953,0.099609,0.052734,0.371033,-0.382019,0.326843,-0.780762
4.492235422134399,0.645020,0.882812,-0.472656,-0.128906,-0.128906,0.353516,0.107422,0.370239,-0.379272,0.329407,-0.781372
4.512238025665283,0.662598,0.039063,-0.300781,0.199219,-0.181641,0.648437,0.085937,0.368286,-0.374695,0.333191,-0.782898
4.532466888427734,0.668091,-1.628906,0.097656,0.988281,-0.060547,0.521484,0.041016,0.366455,-0.370911,0.335876,-0.784424
4.552553415298462,0.663208,-1.101563,-0.058594,-0.503906,-0.162109,0.134766,-0.171875,0.364380,-0.370605,0.336914,-0.785095
4.572508811950684,0.650391,-0.804687,0.003906,0.078125,-0.013672,-0.126953,-0.214844,0.363098,-0.372375,0.335754,-0.785400
4.592381715774536,0.628174,-0.644531,-0.164062,-0.175781,0.052734,-0.351563,-0.287109,0.362305,-0.375671,0.332947,-0.785339
4.61245322227478,0.571777,0.367188,-0.289063,-1.156250,0.353516,-0.353516,-0.179687,0.363342,-0.378052,0.328186,-0.785706
4.632649183273315,0.539429,0.289063,0.921875,0.949219,0.486328,-0.552734,-0.158203,0.365845,-0.381104,0.321899,-0.785706
4.652290344238281,0.519409,1.304688,1.386719,0.136719,0.371094,-0.650391,0.003906,0.369324,-0.384583,0.317017,-0.784302
4.6727728843688965,0.499146,2.074219,1.757813,1.746094,-0.031250,-0.462891,0.326172,0.373108,-0.387390,0.316711,-0.781311
4.692501544952393,0.512939,-0.394531,-2.554688,-1.628906,-0.464844,-0.222656,0.402344,0.375183,-0.389160,0.320190,-0.778015
4.712254047393799,0.541992,0.585937,-1.109375,-0.089844,-0.138672,0.382813,0.171875,0.375000,-0.386658,0.323547,-0.777954
4.732922315597534,0.635376,-0.605469,-0.156250,-0.003906,-0.263672,0.443359,0.171875,0.373901,-0.383545,0.327942,-0.778137
4.752870321273804,0.662231,0.117188,-0.578125,0.195312,-0.291016,0.537109,0.136719,0.371887,-0.380371,0.332764,-0.778625
4.772262096405029,0.673218,-1.023438,-0.386719,-1.191406,-0.388672,0.443359,-0.027344,0.368958,-0.378296,0.337158,-0.779175
4.793152332305908,0.665039,-1.722656,-0.406250,-0.785156,-0.300781,0.226562,-0.164062,0.366028,-0.377991,0.339294,-0.779724
4.8130271434783936,0.650024,0.046875,-0.777344,-2.976563,0.072266,0.048828,-0.222656,0.364319,-0.378113,0.338257,-0.780945
4.83254599571228,0.628418,0.343750,-1.597656,-2.871094,0.441406,0.179687,-0.222656,0.363708,-0.375610,0.334351,-0.784119
4.852773427963257,0.562622,0.160156,0.792969,0.480469,0.998047,0.490234,-0.197266,0.364136,-0.369263,0.328064,-0.789551
4.872911691665649,0.521484,0.929687,3.242188,5.527344,0.382813,0.427734,0.023437,0.364319,-0.364807,0.326355,-0.792297
4.893022298812866,0.496216,-0.648437,1.808594,2.027344,-0.220703,0.074219,0.097656,0.364136,-0.364319,0.328491,-0.791687
4.913168668746948,0.471924,-1.031250,-0.011719,0.558594,-0.121094,0.074219,0.007813,0.363586,-0.364319,0.329651,-0.791443
4.933359146118164,0.460937,0.937500,0.738281,0.367188,0.031250,-0.074219,-0.126953,0.363037,-0.365112,0.328674,-0.791748
4.953366994857788,0.449585,0.175781,0.882812,2.128906,0.085937,-0.207031,-0.050781,0.363403,-0.366943,0.327209,-0.791321
4.972717761993408,0.440063,-0.468750,0.621094,1.148438,-0.197266,-0.431641,-0.158203,0.363037,-0.371216,0.326477,-0.789856
4.993338346481323,0.430298,0.710937,-0.328125,-0.917969,-0.138672,-0.312500,-0.115234,0.362549,-0.374573,0.326172,-0.788574
5.013411521911621,0.417358,0.226562,-0.742187,-1.195313,-0.146484,-0.134766,-0.095703,0.361755,-0.376465,0.326416,-0.787964
5.032521963119507,0.412720,0.441406,-0.082031,-0.367188,-0.093750,0.000000,-0.076172,0.360779,-0.377075,0.326965,-0.787842
5.053223133087158,0.426758,0.574219,0.660156,0.574219,-0.181641,0.074219,0.017578,0.360046,-0.377075,0.328613,-0.787537
5.072936534881592,0.446899,-0.339844,-0.203125,1.250000,-0.199219,0.111328,0.066406,0.359375,-0.376831,0.330811,-0.786987
5.092771053314209,0.453735,-1.058594,0.050781,1.398438,-0.234375,0.048828,0.011719,0.358459,-0.377502,0.332947,-0.786194
5.113364934921265,0.453735,-1.367188,0.109375,0.082031,-0.253906,-0.292969,-0.052734,0.358032,-0.380920,0.333740,-0.784424
5.133078098297119,0.453125,-0.394531,0.074219,-1.480469,-0.046875,-0.615234,-0.082031,0.359131,-0.385925,0.331909,-0.782227
5.1530232429504395,0.463257,1.214844,-0.324219,-1.050781,0.214844,-0.527344,0.068359,0.362244,-0.389160,0.328735,-0.780579
5.173776149749756,0.561523,1.105469,-0.710937,-0.257813,0.240234,-0.343750,0.289063,0.366394,-0.390076,0.326599,-0.779053
5.1935999393463135,0.615723,1.160156,-0.664062,-0.855469,0.160156,0.027344,0.376953,0.369751,-0.388245,0.326782,-0.778320
5.2130420207977295,0.650024,0.488281,-0.457031,-0.718750,0.138672,0.482422,0.324219,0.371338,-0.382935,0.328857,-0.779358
5.232847452163696,0.659302,-2.152344,0.058594,1.648438,0.005859,0.802734,0.289063,0.370911,-0.376099,0.332764,-0.781189
5.253560304641724,0.670776,-2.335938,0.187500,0.187500,-0.181641,0.515625,-0.017578,0.368469,-0.372803,0.335754,-0.782654
5.273599624633789,0.669434,-2.417969,0.304688,1.664063,-0.236328,0.066406,-0.347656,0.364868,-0.374084,0.336487,-0.783386
5.293779373168945,0.665405,-0.789062,0.210937,-0.125000,-0.130859,-0.308594,-0.466797,0.361755,-0.378540,0.334717,-0.783447
5.313838958740234,0.640991,1.054688,0.148437,-1.136719,0.023437,-0.521484,-0.419922,0.360291,-0.383667,0.331055,-0.783142
5.333778142929077,0.618530,1.511719,0.753906,-0.679687,0.248047,-0.458984,-0.273438,0.360657,-0.387329,0.326782,-0.783020
5.353127717971802,0.602173,2.644531,1.644531,1.183594,-0.011719,-0.257813,0.091797,0.362122,-0.389282,0.326050,-0.781677
5.373873472213745,0.593506,1.296875,0.449219,-0.410156,-0.187500,-0.037109,0.285156,0.363586,-0.388733,0.328186,-0.780396
5.393840551376343,0.602539,-1.312500,-0.082031,1.789063,0.003906,0.541016,0.142578,0.363037,-0.384766,0.330811,-0.781494
5.413343667984009,0.630615,0.535156,-0.363281,-0.085937,-0.212891,0.380859,0.078125,0.361633,-0.382019,0.334167,-0.782043
5.433818578720093,0.691772,0.621094,-0.363281,-0.480469,-0.220703,0.582031,0.189453,0.360474,-0.377747,0.338379,-0.782898
5.454073429107666,0.692383,-0.640625,0.343750,0.082031,-0.070312,0.484375,0.195312,0.360168,-0.373535,0.341431,-0.783691
5.473685026168823,0.691528,0.417969,0.593750,-0.632812,-0.001953,0.291016,0.283203,0.361450,-0.370544,0.343323,-0.783752
5.493774175643921,0.689697,0.082031,0.058594,-0.417969,0.162109,-0.109375,0.291016,0.364685,-0.369446,0.342834,-0.782898
5.51401948928833,0.684692,-1.683594,-0.609375,-0.718750,0.248047,-0.205078,0.171875,0.367432,-0.369507,0.340881,-0.782471
5.534274578094482,0.677246,-2.761719,-1.050781,0.148437,0.130859,-0.142578,-0.244141,0.366699,-0.370789,0.338379,-0.783325
5.553579092025757,0.659912,0.652344,-2.378906,-2.750000,0.158203,0.048828,-0.550781,0.363159,-0.371033,0.335144,-0.786194
5.573972225189209,0.587646,2.031250,-0.144531,0.253906,0.519531,0.583984,-0.392578,0.359863,-0.366699,0.332092,-0.791016
5.594144344329834,0.542114,-0.878906,1.480469,1.777344,0.089844,0.376953,-0.275391,0.356934,-0.363831,0.331726,-0.793823
5.6137754917144775,0.521606,1.503906,2.300781,1.644531,-0.283203,0.175781,0.013672,0.355469,-0.363586,0.333862,-0.793701
5.6341636180877686,0.482178,0.691406,0.035156,-1.273438,-0.189453,0.007813,0.183594,0.356140,-0.363708,0.335938,-0.792480
5.654232978820801,0.456787,-1.523438,-0.609375,0.875000,0.015625,-0.037109,0.117188,0.357056,-0.363647,0.336182,-0.791992
5.6739630699157715,0.437744,-1.207031,-0.386719,1.117188,-0.033203,-0.125000,-0.150391,0.356384,-0.365234,0.335388,-0.791931
5.694423198699951,0.420288,0.230469,0.625000,-0.296875,0.074219,-0.183594,-0.203125,0.355652,-0.367004,0.333435,-0.792236
5.714000463485718,0.380981,0.207031,0.601562,1.332031,0.152344,-0.123047,-0.111328,0.355652,-0.368042,0.331421,-0.792603
5.733865261077881,0.349731,-0.429687,-0.289063,0.277344,0.011719,-0.271484,-0.191406,0.355103,-0.370728,0.329590,-0.792358
5.754483938217163,0.291138,0.074219,-0.304688,-0.160156,0.003906,-0.347656,-0.251953,0.354309,-0.374207,0.327454,-0.791992
5.774604558944702,0.286987,0.316406,-0.058594,-0.558594,0.025391,-0.314453,-0.220703,0.353699,-0.377319,0.325317,-0.791626
5.794000864028931,0.280029,0.394531,0.343750,0.222656,0.001953,-0.228516,-0.136719,0.353394,-0.379761,0.323792,-0.791199
5.814611911773682,0.242310,0.164062,0.308594,0.828125,-0.033203,-0.300781,-0.107422,0.353394,-0.382385,0.322876,-0.790344
5.834623575210571,0.236694,0.675781,0.476562,1.097656,-0.181641,-0.191406,0.019531,0.353394,-0.384521,0.323669,-0.789001
5.854851484298706,0.273315,0.308594,-0.457031,0.218750,-0.234375,-0.058594,0.085937,0.353333,-0.385437,0.325623,-0.787720
5.874276876449585,0.312988,-0.128906,-0.457031,0.125000,-0.222656,0.091797,0.136719,0.353333,-0.385071,0.328186,-0.786865
5.894780874252319,0.435547,1.621094,-0.695312,-1.175781,-0.109375,0.195312,0.291016,0.354675,-0.382690,0.330933,-0.786255
5.914353847503662,0.503174,1.785156,-0.132812,-1.765625,0.158203,0.541016,0.605469,0.357971,-0.376892,0.333435,-0.786560
5.93429970741272,0.548462,-2.511719,-0.089844,-0.312500,0.126953,0.289063,0.375000,0.360474,-0.373169,0.334412,-0.786743
5.954657316207886,0.579102,-1.210938,-0.441406,1.128906,0.068359,-0.050781,-0.046875,0.360657,-0.373169,0.333679,-0.786987
5.974782466888428,0.578735,-1.656250,0.003906,0.652344,-0.052734,-0.167969,-0.273438,0.358948,-0.375610,0.332397,-0.787109
5.994680881500244,0.574585,-0.316406,-0.171875,-0.386719,-0.054687,-0.298828,-0.421875,0.356445,-0.379272,0.330261,-0.787415
6.015047073364258,0.507202,0.617187,0.644531,0.156250,-0.037109,-0.044922,-0.386719,0.353394,-0.381165,0.328918,-0.788452
6.034914016723633,0.448853,1.304688,1.097656,0.402344,-0.162109,0.140625,-0.347656,0.349731,-0.381775,0.329468,-0.789551
6.053860187530518,0.414673,1.773438,1.425781,1.246094,-0.328125,0.136719,-0.050781,0.347717,-0.381958,0.332214,-0.789185
6.074860334396362,0.441528,0.968750,-0.265625,-0.683594,-0.181641,0.128906,0.210937,0.347900,-0.380981,0.335144,-0.788391
6.0950798988342285,0.469727,-0.332031,-0.042969,-0.402344,-0.197266,0.201172,0.167969,0.347961,-0.379517,0.337891,-0.787842
6.114499568939209,0.542725,1.214844,-0.707031,-0.976562,-0.093750,0.111328,0.197266,0.348938,-0.377625,0.340088,-0.787415
6.134853839874268,0.618042,2.351563,-0.484375,-1.191406,0.117188,0.623047,0.609375,0.351868,-0.370605,0.343445,-0.787964
6.1550514698028564,0.619141,-1.453125,-0.046875,-0.496094,0.185547,0.654297,0.519531,0.354431,-0.363159,0.346191,-0.789062
6.175182342529297,0.617676,-1.457031,-0.125000,0.031250,0.199219,0.255859,0.224609,0.356018,-0.359436,0.346558,-0.789917
6.194481134414673,0.612549,-2.078125,-0.339844,0.078125,0.222656,0.005859,0.005859,0.356567,-0.358765,0.344910,-0.790710
6.21503210067749,0.588623,-0.449219,-0.339844,-0.167969,0.183594,-0.136719,-0.261719,0.355774,-0.360229,0.341858,-0.791748
6.23551607131958,0.557983,-1.039063,0.148437,0.007813,0.263672,-0.375000,-0.421875,0.354675,-0.363586,0.337158,-0.792664
6.254660367965698,0.504639,1.117188,1.289063,0.246094,0.181641,-0.517578,-0.369141,0.354187,-0.368103,0.332581,-0.792725
6.274929761886597,0.415527,1.316406,1.351563,1.187500,0.039063,-0.464844,-0.171875,0.354492,-0.372314,0.330078,-0.791687
6.295449733734131,0.404541,0.972656,0.882812,1.726563,-0.271484,-0.490234,0.056641,0.355408,-0.376709,0.330688,-0.788940
6.31505012512207,0.403198,1.253906,-1.375000,-0.609375,-0.289063,-0.060547,0.166016,0.355835,-0.377686,0.333252,-0.787170
6.33545708656311,0.462524,-1.226563,-0.089844,0.554687,-0.152344,0.236328,0.162109,0.355774,-0.376160,0.335876,-0.786865
6.355058670043945,0.520386,-0.914062,-0.601562,0.585937,-0.203125,0.035156,0.041016,0.355042,-0.376221,0.338013,-0.786194
6.374850273132324,0.568359,-0.320313,-1.031250,0.902344,-0.404297,0.267578,-0.039063,0.352356,-0.376160,0.341614,-0.785889
6.396031141281128,0.595215,-1.687500,-0.593750,-0.937500,-0.369141,0.156250,-0.240234,0.348938,-0.376648,0.343811,-0.786255
6.415368556976318,0.577515,0.574219,-1.542969,-3.679688,0.240234,0.230469,-0.136719,0.347900,-0.374451,0.342041,-0.788513
6.434974670410156,0.549927,0.757812,-0.539062,-1.246094,0.732422,0.455078,-0.113281,0.348145,-0.369080,0.337769,-0.792786
6.455060720443726,0.524048,0.292969,1.632813,1.378906,0.517578,0.357422,-0.017578,0.348877,-0.364624,0.334961,-0.795715
6.475528001785278,0.466553,1.058594,3.066406,3.640625,-0.121094,0.068359,0.240234,0.350098,-0.363342,0.336060,-0.795288
6.495456218719482,0.456177,-1.347656,-0.535156,0.828125,0.037109,0.083984,0.019531,0.350098,-0.362793,0.336304,-0.795410
6.5151684284210205,0.455200,0.238281,0.761719,1.832031,-0.007813,-0.029297,-0.154297,0.349121,-0.363586,0.335571,-0.795837
6.535781383514404,0.437622,0.421875,0.875000,1.394531,-0.009766,-0.253906,-0.121094,0.348816,-0.366089,0.334656,-0.795166
6.555861473083496,0.416626,-0.285156,0.492187,1.601563,-0.257813,-0.373047,-0.113281,0.348267,-0.370117,0.334778,-0.793518
6.574913024902344,0.399902,1.199219,0.230469,-1.414063,-0.166016,-0.294922,-0.140625,0.347595,-0.373474,0.334595,-0.792297
6.596044063568115,0.345215,0.097656,0.046875,-0.769531,-0.123047,-0.214844,-0.056641,0.347351,-0.375793,0.334534,-0.791321
6.6158294677734375,0.326660,0.347656,-0.562500,-0.910156,-0.042969,-0.111328,-0.080078,0.346985,-0.376953,0.334412,-0.791016
6.635208606719971,0.334473,1.566406,-0.089844,0.078125,-0.033203,0.156250,0.154297,0.347595,-0.375427,0.335632,-0.790955
6.655683279037476,0.442261,-0.093750,-0.488281,1.335938,-0.019531,0.187500,0.285156,0.349182,-0.373108,0.337524,-0.790527
6.6758482456207275,0.514893,1.656250,-0.117188,-1.140625,0.019531,0.330078,0.464844,0.351685,-0.369080,0.340088,-0.790222
6.695262670516968,0.576904,-2.136719,-0.027344,0.363281,0.039063,0.238281,0.332031,0.353699,-0.365906,0.341919,-0.790039
6.7161545753479,0.622925,-1.359375,0.058594,-0.128906,-0.001953,-0.050781,0.058594,0.354309,-0.366028,0.342102,-0.789612
6.735852241516113,0.627686,-0.808594,-0.019531,0.031250,0.007813,-0.136719,-0.042969,0.354431,-0.367310,0.341309,-0.789246
6.755936145782471,0.620483,-1.378906,0.347656,0.867187,-0.058594,-0.347656,-0.255859,0.353394,-0.370850,0.339905,-0.788696
6.7754225730896,0.614380,0.886719,-0.003906,-0.554687,-0.068359,-0.265625,-0.250000,0.351990,-0.374207,0.338562,-0.788330
6.796590328216553,0.512085,-0.453125,-0.402344,0.816406,-0.048828,-0.341797,-0.349609,0.350220,-0.378113,0.336609,-0.788086
6.8162572383880615,0.478394,1.207031,-0.648437,-1.496094,-0.054687,-0.195312,-0.236328,0.348816,-0.380798,0.335266,-0.787964
6.835848331451416,0.450928,-0.117188,-0.441406,-0.898437,0.121094,-0.031250,-0.166016,0.348083,-0.381165,0.333557,-0.788818
6.856118679046631,0.420044,0.515625,-0.433594,-1.101563,0.273438,0.087891,-0.103516,0.347961,-0.380005,0.331299,-0.790405
6.87626051902771,0.415771,-0.378906,0.445312,0.804687,0.281250,0.042969,-0.158203,0.347717,-0.379272,0.328613,-0.791992
6.8955934047698975,0.420288,0.546875,1.226563,1.328125,0.152344,-0.087891,-0.166016,0.347351,-0.380066,0.326538,-0.792664
6.916297674179077,0.409302,0.785156,1.503906,1.433594,-0.060547,-0.253906,-0.031250,0.347778,-0.382324,0.326050,-0.791565
6.936250925064087,0.388550,0.421875,1.144531,1.343750,-0.230469,-0.390625,0.113281,0.348999,-0.385803,0.327087,-0.788879
6.955657482147217,0.366333,0.683594,-1.406250,-1.863281,-0.429687,-0.369141,0.207031,0.350220,-0.389099,0.329590,-0.785706
6.976321697235107,0.424194,0.421875,-1.031250,-0.929687,-0.195312,0.134766,0.189453,0.350586,-0.388489,0.332336,-0.784729
6.996359825134277,0.465454,-0.179687,0.027344,-0.347656,-0.152344,0.273438,0.162109,0.350342,-0.386353,0.335144,-0.784668
7.0160603523254395,0.515869,-0.171875,-0.707031,0.664062,-0.232422,0.320313,0.130859,0.349304,-0.384338,0.338745,-0.784546
7.036408424377441,0.560547,-0.667969,-0.171875,-1.410156,-0.388672,0.349609,0.044922,0.347107,-0.382751,0.343018,-0.784424
7.056682348251343,0.561157,-1.304688,-0.195312,-1.058594,-0.134766,0.253906,-0.035156,0.345276,-0.381470,0.344971,-0.785034
7.076364755630493,0.547729,-0.238281,-0.324219,-1.917969,0.080078,0.162109,-0.134766,0.343933,-0.380493,0.344482,-0.786316
7.095855951309204,0.520264,-0.800781,-0.250000,-0.347656,0.250000,0.015625,-0.214844,0.343262,-0.380005,0.341858,-0.787964
7.116485595703125,0.479004,0.488281,-0.570312,-1.878906,0.476562,0.031250,-0.093750,0.344238,-0.378540,0.337646,-0.790100
7.1364641189575195,0.474609,0.289063,0.621094,0.691406,0.734375,-0.019531,-0.050781,0.346619,-0.376404,0.331848,-0.792480
7.156183958053589,0.450195,0.785156,1.464844,1.710938,0.453125,-0.097656,0.056641,0.349121,-0.375366,0.328125,-0.793457
7.176875114440918,0.451660,0.687500,1.625000,2.160156,0.044922,-0.126953,0.175781,0.351135,-0.375610,0.327881,-0.792542
7.196788787841797,0.467285,0.441406,1.218750,2.445313,-0.287109,-0.148437,0.308594,0.353027,-0.376953,0.330750,-0.789856
7.216581583023071,0.487061,-0.246094,-1.085938,-0.296875,-0.580078,-0.240234,0.347656,0.354370,-0.379150,0.335266,-0.786316
7.236790418624878,0.550537,0.519531,-1.656250,-1.902344,-0.216797,0.115234,0.226562,0.354980,-0.378723,0.338623,-0.784790
7.257062196731567,0.584717,-0.269531,-0.523437,-1.628906,-0.130859,0.191406,0.193359,0.355286,-0.376953,0.341187,-0.784363
7.276415824890137,0.614136,-0.281250,-0.617187,-0.187500,-0.113281,0.410156,0.183594,0.354980,-0.373535,0.343994,-0.784912
7.296692848205566,0.648437,-1.960938,-0.355469,1.996094,-0.175781,0.480469,0.056641,0.352966,-0.370483,0.347412,-0.785767
7.3168745040893555,0.639893,-1.593750,-0.339844,-0.644531,-0.318359,0.205078,-0.195312,0.349609,-0.370544,0.349854,-0.786133
7.336642026901245,0.627563,-0.273438,-0.828125,-3.121094,0.109375,0.017578,-0.248047,0.348022,-0.370728,0.348145,-0.787537
7.356906890869141,0.561279,-0.414062,-2.457031,-3.359375,0.736328,0.199219,-0.238281,0.348022,-0.367493,0.342102,-0.791687
7.376859903335571,0.521851,1.042969,0.300781,-0.023437,1.117188,0.515625,-0.320313,0.347778,-0.360901,0.334412,-0.798096
7.396852254867554,0.488403,-0.664062,2.152344,3.437500,0.587891,0.470703,-0.220703,0.346313,-0.356262,0.331299,-0.802124
7.416571140289307,0.473267,-2.238281,2.683594,5.531250,-0.501953,-0.113281,-0.273438,0.342896,-0.358887,0.333801,-0.801392
7.4371373653411865,0.461670,0.167969,0.230469,-1.148438,-0.613281,-0.074219,-0.214844,0.339172,-0.362366,0.337280,-0.799927
7.456869840621948,0.456299,1.746094,0.390625,-1.656250,-0.226562,-0.039063,-0.236328,0.336792,-0.364014,0.338196,-0.799805
7.476300477981567,0.447021,1.746094,1.152344,0.062500,0.138672,0.042969,-0.021484,0.336792,-0.363831,0.337463,-0.800171
7.497369050979614,0.427246,-0.039063,1.425781,2.726563,-0.150391,-0.281250,0.039063,0.337402,-0.366089,0.337585,-0.798828
7.517273187637329,0.412476,-0.230469,-0.718750,-0.734375,-0.037109,-0.302734,-0.074219,0.337708,-0.368958,0.336670,-0.797791
7.536645174026489,0.385376,-0.914062,-0.472656,-0.441406,0.041016,-0.333984,-0.210937,0.337341,-0.372131,0.334473,-0.797363
7.557271242141724,0.367188,0.285156,0.351563,0.230469,0.025391,-0.375000,-0.205078,0.337097,-0.375671,0.332397,-0.796692
7.5772576332092285,0.345459,0.660156,0.675781,0.738281,-0.146484,-0.382813,-0.041016,0.337463,-0.379456,0.332092,-0.794922
7.596797466278076,0.325684,0.906250,0.667969,0.128906,-0.291016,-0.447266,0.070312,0.338440,-0.383545,0.333252,-0.791992
7.617321729660034,0.325806,1.656250,-0.355469,-0.769531,-0.330078,-0.285156,0.283203,0.340271,-0.385376,0.335876,-0.789246
7.637377738952637,0.364380,1.437500,-2.164063,-2.476563,0.027344,0.455078,0.382813,0.341614,-0.381042,0.338867,-0.789429
7.657124280929565,0.417847,-0.531250,-0.984375,1.445313,-0.169922,0.650391,0.248047,0.340942,-0.375671,0.343079,-0.790527
7.677318572998047,0.526367,-0.914062,-0.261719,-0.898437,-0.224609,0.617187,0.140625,0.339172,-0.371155,0.347351,-0.791565
7.69769287109375,0.559448,-0.089844,-0.019531,-0.570312,-0.164062,0.507812,0.066406,0.337402,-0.367493,0.350525,-0.792664
7.717629909515381,0.579712,-0.871094,0.371094,0.003906,-0.035156,0.113281,0.044922,0.337158,-0.366394,0.351440,-0.792847
7.737356424331665,0.589844,-0.191406,0.066406,0.058594,0.019531,-0.160156,0.031250,0.337891,-0.367432,0.351013,-0.792236
7.757437229156494,0.595215,0.875000,-0.164062,-0.515625,0.037109,-0.142578,0.039063,0.338928,-0.368164,0.350464,-0.791687
7.777390956878662,0.603027,0.988281,-0.195312,0.035156,0.109375,0.019531,0.222656,0.340942,-0.366821,0.350525,-0.791443
7.796988248825073,0.619263,0.945312,0.042969,0.082031,0.117188,0.242187,0.400391,0.343689,-0.363525,0.351440,-0.791321
7.817885398864746,0.636719,-1.636719,-0.023437,0.164062,0.093750,0.199219,0.316406,0.345764,-0.360901,0.352112,-0.791321
7.837671279907227,0.641235,0.347656,0.289063,-0.156250,0.091797,0.074219,0.199219,0.347351,-0.359558,0.352234,-0.791199
7.85739278793335,0.644287,-0.839844,0.203125,0.417969,0.041016,-0.144531,0.031250,0.348511,-0.359924,0.351501,-0.790833
7.877897500991821,0.641968,0.257813,0.464844,-0.203125,0.119141,-0.203125,0.025391,0.349731,-0.361023,0.350037,-0.790466
7.897676944732666,0.635620,-0.625000,0.257813,0.484375,0.160156,-0.371094,-0.035156,0.351196,-0.363647,0.347412,-0.789734
7.917474269866943,0.620239,-1.046875,-0.378906,0.660156,0.109375,-0.548828,-0.193359,0.351868,-0.367981,0.344238,-0.788818
7.937891721725464,0.528931,-0.867187,-0.984375,-1.628906,0.089844,-0.382813,-0.296875,0.351074,-0.371704,0.341248,-0.788757
7.9578938484191895,0.503174,0.472656,-1.734375,-1.230469,0.105469,0.048828,-0.300781,0.348938,-0.372192,0.339294,-0.790344
7.977126836776733,0.494629,1.929688,-1.906250,-3.597656,0.259766,0.455078,-0.316406,0.346069,-0.368286,0.337463,-0.794189
7.997790098190308,0.477661,1.121094,0.375000,0.925781,0.605469,0.992187,-0.080078,0.344116,-0.359314,0.336060,-0.799683
8.017698764801025,0.477417,-0.527344,1.863281,2.011719,0.179687,0.671875,0.019531,0.342773,-0.353271,0.337463,-0.802368
8.038163661956787,0.491333,-0.242187,2.429688,1.769531,-0.324219,0.144531,0.205078,0.342712,-0.351685,0.340820,-0.801697
8.057531118392944,0.499023,-1.511719,0.023437,1.875000,0.007813,0.218750,0.117188,0.342773,-0.349976,0.342102,-0.801880
8.078007221221924,0.506470,-0.417969,0.484375,1.230469,-0.078125,-0.007813,-0.111328,0.341797,-0.350464,0.342224,-0.802002
8.098172903060913,0.501343,0.386719,0.707031,0.511719,0.072266,-0.185547,-0.119141,0.341614,-0.352173,0.340820,-0.801941
8.118054151535034,0.498047,0.269531,1.320313,2.191406,-0.111328,-0.335938,-0.058594,0.341919,-0.355286,0.340149,-0.800720
8.138228416442871,0.486572,-0.089844,-0.625000,-1.097656,-0.134766,-0.421875,-0.083984,0.342102,-0.359375,0.339478,-0.799072
8.158251523971558,0.471069,-0.343750,-0.742187,-1.140625,-0.052734,-0.371094,-0.173828,0.341675,-0.363098,0.338074,-0.798218
8.17779278755188,0.457031,-0.031250,-0.296875,-1.460938,-0.011719,-0.240234,-0.285156,0.340271,-0.365906,0.336365,-0.798218
8.198341608047485,0.366577,0.687500,0.406250,-0.726562,0.033203,-0.134766,-0.220703,0.339050,-0.367859,0.334839,-0.798523
8.218807697296143,0.292847,0.753906,0.636719,1.488281,-0.097656,-0.242187,-0.171875,0.338074,-0.370544,0.334412,-0.797852
8.237864017486572,0.256714,1.085938,-0.027344,0.578125,-0.236328,-0.193359,0.003906,0.337891,-0.372742,0.335510,-0.796448
8.258195877075195,0.317383,0.531250,-0.343750,1.113281,-0.251953,0.031250,0.162109,0.338074,-0.372986,0.338074,-0.795166
8.280078887939453,0.362305,-0.468750,-0.539062,0.140625,-0.251953,0.093750,0.156250,0.338196,-0.372375,0.341003,-0.794128
8.298435926437378,0.452515,2.421875,-0.664062,-1.589844,-0.123047,0.310547,0.390625,0.339783,-0.368896,0.344421,-0.793640
8.318249464035034,0.565552,0.429687,-0.132812,-2.035156,0.228516,0.726562,0.673828,0.343018,-0.360901,0.347717,-0.794434
8.338332414627075,0.581299,-2.960938,-0.003906,0.324219,0.119141,0.398438,0.375000,0.345032,-0.356018,0.349365,-0.795105
8.358575344085693,0.585327,-1.605469,-0.085937,-0.273438,0.117188,0.087891,0.037109,0.345459,-0.354675,0.348816,-0.795715
8.37824821472168,0.581909,-1.070313,-0.148437,0.476562,0.125000,-0.080078,-0.193359,0.344666,-0.355286,0.346985,-0.796570
8.398377180099487,0.536255,-1.101563,0.078125,0.398438,0.089844,-0.228516,-0.363281,0.342834,-0.357971,0.344238,-0.797363
8.418446779251099,0.490112,0.820312,0.355469,-0.335938,0.111328,-0.214844,-0.396484,0.340881,-0.360596,0.341309,-0.798279
8.438246726989746,0.453735,1.281250,0.906250,0.160156,0.089844,-0.121094,-0.205078,0.340027,-0.362061,0.339539,-0.798767
8.458560705184937,0.431152,0.757812,0.195312,0.949219,-0.142578,-0.158203,0.056641,0.340393,-0.363464,0.340210,-0.797668
8.478631734848022,0.448730,1.218750,-0.734375,-0.511719,-0.203125,0.128906,0.160156,0.340393,-0.362671,0.342834,-0.796875
8.498248100280762,0.484375,-0.449219,-0.355469,0.605469,-0.271484,0.384766,0.128906,0.339233,-0.360107,0.346436,-0.796997
8.518744707107544,0.537842,-0.574219,-0.410156,-0.757812,-0.214844,0.335938,0.007813,0.337280,-0.358154,0.349487,-0.797424
8.5388662815094,0.557373,-0.968750,-0.433594,-0.433594,-0.212891,0.337891,-0.044922,0.334778,-0.356567,0.352234,-0.797913
8.566935300827026,0.569214,0.363281,-0.070312,-1.101563,-0.324219,0.205078,-0.226562,0.331482,-0.356567,0.354309,-0.798401
8.579082012176514,0.550049,0.339844,-0.078125,-1.093750,-0.058594,0.080078,-0.191406,0.329346,-0.356750,0.354248,-0.799255
8.599032402038574,0.530640,-0.621094,-0.140625,-0.304688,0.121094,-0.068359,-0.185547,0.328552,-0.357544,0.352417,-0.800049
8.619194984436035,0.510254,0.328125,-0.250000,-1.285156,0.220703,-0.275391,-0.173828,0.328979,-0.359375,0.348999,-0.800537
8.638422012329102,0.482788,0.320313,0.117188,-0.566406,0.535156,-0.359375,-0.083984,0.331360,-0.361023,0.343445,-0.801208
8.65909719467163,0.447998,0.464844,1.121094,1.363281,0.347656,-0.482422,-0.001953,0.334167,-0.363586,0.339233,-0.800659
8.678991556167603,0.440308,1.339844,0.976562,1.082031,-0.025391,-0.326172,0.126953,0.336182,-0.365723,0.338806,-0.799011
8.698262691497803,0.445190,0.242187,0.675781,1.566406,-0.308594,-0.144531,0.253906,0.337463,-0.367126,0.341675,-0.796631
8.71896481513977,0.505371,0.703125,-1.496094,-1.382813,-0.292969,0.064453,0.210937,0.337830,-0.366760,0.345154,-0.795105
8.739128112792969,0.543945,0.773437,-0.355469,-0.140625,-0.216797,0.292969,0.275391,0.338196,-0.364197,0.348755,-0.794556
8.758662223815918,0.583130,-0.089844,-0.667969,0.386719,-0.087891,0.410156,0.347656,0.339050,-0.360229,0.352295,-0.794434
8.779258728027344,0.621216,-0.882812,-0.398438,-0.121094,-0.130859,0.472656,0.283203,0.339111,-0.355835,0.356140,-0.794678
8.799128293991089,0.618774,-1.457031,-0.347656,-1.820313,-0.085937,0.515625,0.189453,0.338501,-0.351807,0.358948,-0.795471
8.818960428237915,0.605103,-2.078125,-0.390625,-0.187500,0.023437,0.060547,-0.066406,0.337891,-0.351318,0.358521,-0.796204
8.839334964752197,0.575806,-0.125000,-2.210938,-3.269531,0.330078,-0.105469,-0.232422,0.337463,-0.351501,0.354675,-0.797974
8.859295845031738,0.537598,0.296875,-1.734375,-3.371094,0.912109,0.197266,-0.367188,0.336975,-0.348145,0.347290,-0.802917
8.878880262374878,0.464600,1.078125,1.320313,2.378906,0.843750,0.537109,-0.269531,0.335815,-0.342407,0.341858,-0.808167
8.899473190307617,0.346191,-0.753906,2.812500,5.183594,-0.208984,0.216797,-0.115234,0.333496,-0.341187,0.343079,-0.809082
8.91929030418396,0.345703,0.050781,0.117188,-0.839844,-0.271484,0.138672,-0.056641,0.331604,-0.341309,0.345337,-0.808899
8.939241647720337,0.334961,-0.531250,0.070312,-0.156250,-0.048828,0.101563,-0.121094,0.330078,-0.340881,0.345764,-0.809509
8.958932161331177,0.338989,0.906250,0.781250,0.929687,0.154297,0.041016,-0.119141,0.329529,-0.340637,0.344238,-0.810486
8.979498147964478,0.323242,0.339844,1.148438,1.964844,0.169922,-0.246094,-0.066406,0.330261,-0.342407,0.342102,-0.810364
8.999394655227661,0.326416,-0.351563,0.691406,0.058594,-0.111328,-0.582031,-0.103516,0.331055,-0.347473,0.340576,-0.808533
9.01919674873352,0.320801,-0.128906,-0.121094,-1.160156,-0.037109,-0.669922,-0.136719,0.331970,-0.353333,0.338196,-0.806580
9.039857149124146,0.280762,0.406250,-0.710937,-0.667969,0.048828,-0.519531,-0.181641,0.332336,-0.358093,0.335510,-0.805420
9.059885263442993,0.271118,0.105469,-0.804687,-0.300781,0.000000,-0.345703,-0.203125,0.331909,-0.361633,0.333557,-0.804871
9.078980922698975,0.253784,0.394531,0.175781,-0.398438,0.003906,-0.269531,-0.210937,0.331116,-0.364441,0.331848,-0.804626
9.09985876083374,0.232788,0.203125,0.359375,0.464844,-0.023437,-0.201172,-0.125000,0.330627,-0.366699,0.330872,-0.804199
9.119996070861816,0.231201,-0.343750,0.281250,1.156250,-0.162109,-0.283203,-0.150391,0.329712,-0.369995,0.330872,-0.803101
9.139495849609375,0.216187,0.421875,0.660156,1.511719,-0.423828,-0.251953,-0.119141,0.328125,-0.373657,0.332947,-0.801147
9.15959095954895,0.292847,1.417969,-0.789062,-1.070313,-0.437500,-0.056641,0.056641,0.327026,-0.375000,0.336426,-0.799500
9.179935932159424,0.317871,0.945312,-0.175781,-0.171875,-0.269531,0.345703,0.201172,0.326538,-0.372803,0.340271,-0.799133
9.199206113815308,0.350220,-1.121094,-0.289063,0.464844,-0.208984,0.125000,0.218750,0.326965,-0.371948,0.343079,-0.798157
9.220199346542358,0.462402,-1.859375,-0.265625,0.625000,-0.210937,-0.324219,0.082031,0.328186,-0.374207,0.344055,-0.796143
9.239802598953247,0.484863,2.250000,-0.019531,-1.878906,0.173828,-0.150391,0.396484,0.332275,-0.373474,0.343872,-0.794922
9.259867429733276,0.493530,-1.625000,0.019531,0.257813,0.369141,-0.001953,0.480469,0.337097,-0.370850,0.343140,-0.794434
9.279334545135498,0.516479,-1.957031,-0.324219,0.746094,0.025391,-0.099609,0.080078,0.338440,-0.370605,0.342957,-0.794006
9.300267934799194,0.549438,2.039063,-0.195312,-0.457031,-0.007813,0.310547,0.130859,0.338196,-0.367920,0.344604,-0.794678
9.319905519485474,0.570557,-0.726562,-0.171875,1.679688,-0.136719,0.591797,0.117188,0.336487,-0.363403,0.348328,-0.795837
9.339536428451538,0.583374,-0.550781,0.242187,-0.156250,-0.285156,0.587891,0.050781,0.333801,-0.359680,0.352600,-0.796814
9.359872341156006,0.583374,-1.062500,0.164062,-0.933594,-0.076172,0.332031,-0.021484,0.332153,-0.357544,0.354187,-0.797729
9.38037657737732,0.559570,-0.917969,-0.500000,-1.222656,0.134766,0.060547,-0.119141,0.331421,-0.356995,0.352844,-0.798889
9.399672031402588,0.521240,-0.027344,-1.667969,-2.589844,0.376953,0.011719,-0.224609,0.330872,-0.356140,0.349060,-0.801147
9.420197010040283,0.424805,0.921875,-2.343750,-4.765625,0.863281,0.361328,-0.269531,0.330566,-0.351379,0.342529,-0.806213
9.439949750900269,0.389038,-0.144531,-0.117188,1.191406,0.990234,0.488281,-0.230469,0.330322,-0.345276,0.335571,-0.811768
9.459631204605103,0.357178,0.562500,2.242188,4.148437,0.175781,0.242187,-0.046875,0.329590,-0.343262,0.335266,-0.813110
9.480313777923584,0.307129,0.546875,1.058594,-0.816406,-0.695312,-0.109375,0.125000,0.328613,-0.345032,0.340881,-0.810425
9.50044059753418,0.320313,-1.117188,-0.503906,-1.480469,-0.365234,0.080078,0.142578,0.328064,-0.345459,0.344727,-0.808777
9.51988673210144,0.345825,-0.156250,-0.183594,0.218750,-0.138672,0.060547,-0.021484,0.327271,-0.345581,0.346008,-0.808594
9.540519952774048,0.331421,-0.171875,0.382813,0.792969,0.027344,-0.062500,-0.060547,0.327087,-0.346130,0.345337,-0.808655
9.56030559539795,0.314087,0.300781,1.136719,1.828125,0.146484,-0.257813,-0.005859,0.328186,-0.347961,0.343628,-0.808167
9.58027982711792,0.306152,-0.671875,0.101563,0.250000,-0.029297,-0.433594,-0.058594,0.329163,-0.351440,0.342102,-0.806946
9.600158214569092,0.284058,0.144531,-0.449219,-0.804687,0.074219,-0.416016,-0.121094,0.329773,-0.355164,0.339600,-0.806091
9.620573282241821,0.268188,0.425781,-0.097656,-0.382813,0.177734,-0.435547,-0.187500,0.330383,-0.358643,0.336243,-0.805725
9.640548706054688,0.236572,0.050781,0.175781,-0.078125,0.187500,-0.412109,-0.162109,0.331116,-0.361877,0.332764,-0.805359
9.659917116165161,0.216919,0.457031,0.390625,0.582031,0.105469,-0.404297,-0.109375,0.331909,-0.365173,0.330200,-0.804626
9.680432796478271,0.156982,0.054687,0.152344,0.496094,0.007813,-0.410156,-0.078125,0.332581,-0.368530,0.328552,-0.803467
9.701028108596802,0.132446,-0.128906,-0.191406,-0.054687,-0.019531,-0.277344,-0.046875,0.333069,-0.371094,0.327576,-0.802551
9.720265865325928,0.122314,0.613281,0.265625,0.382813,-0.035156,-0.205078,-0.025391,0.333435,-0.372864,0.327209,-0.801697
9.740808963775635,0.142700,0.382813,0.281250,0.644531,-0.121094,-0.150391,0.111328,0.334290,-0.374146,0.328003,-0.800415
9.76080060005188,0.158813,0.093750,-0.191406,-0.589844,-0.128906,-0.107422,0.134766,0.335205,-0.374817,0.329285,-0.799194
9.780700922012329,0.173218,-0.074219,-0.128906,-0.167969,-0.066406,0.048828,0.193359,0.336243,-0.374207,0.330627,-0.798523
9.800878286361694,0.266235,0.453125,-0.191406,-0.390625,-0.070312,0.068359,0.158203,0.336975,-0.373230,0.332031,-0.798035
9.820899248123169,0.288452,-0.281250,-0.257813,0.375000,-0.066406,0.175781,0.113281,0.336914,-0.371948,0.333557,-0.798035
9.840138912200928,0.311768,-1.835938,0.023437,1.066406,-0.232422,-0.029297,-0.126953,0.335144,-0.373413,0.335022,-0.797546
9.86092209815979,0.338867,0.117188,0.000000,-0.792969,-0.296875,-0.109375,-0.189453,0.332825,-0.376038,0.336182,-0.796753
9.881062984466553,0.295288,-0.425781,-0.027344,-0.066406,-0.228516,-0.134766,-0.244141,0.330566,-0.378418,0.336609,-0.796387
9.900892496109009,0.239990,0.613281,-0.113281,-0.347656,-0.113281,-0.072266,-0.203125,0.328857,-0.379761,0.336670,-0.796448
9.920602321624756,0.233521,0.343750,-0.152344,-0.125000,-0.021484,0.060547,-0.011719,0.328308,-0.379761,0.336975,-0.796509
9.941125631332397,0.273682,0.988281,-0.191406,-0.609375,-0.042969,-0.035156,-0.048828,0.327942,-0.380127,0.337097,-0.796448
9.96103835105896,0.292358,2.414063,-0.257813,-1.289063,0.058594,0.187500,0.156250,0.328796,-0.377686,0.337830,-0.796936
9.980401992797852,0.337769,-0.742187,-0.097656,0.363281,0.097656,0.359375,0.242187,0.329895,-0.373657,0.339050,-0.797852
10.001537561416626,0.392822,0.156250,-0.011719,-0.441406,0.064453,0.351563,0.148437,0.330017,-0.370178,0.340332,-0.798889
10.021158456802368,0.378662,-1.382813,-0.089844,1.226563,0.005859,0.259766,0.044922,0.329285,-0.367981,0.341431,-0.799744
10.040405511856079,0.366333,-1.167969,0.187500,0.714844,-0.205078,0.150391,-0.222656,0.326416,-0.368042,0.342834,-0.800293
10.06118392944336,0.315063,1.390625,0.269531,-0.761719,-0.199219,0.214844,-0.179687,0.323486,-0.367798,0.344299,-0.800964
10.081550359725952,0.300903,0.394531,0.308594,-0.113281,-0.080078,0.158203,-0.074219,0.322144,-0.367188,0.345093,-0.801453
10.100465297698975,0.283569,-0.531250,-0.027344,0.355469,-0.048828,-0.013672,0.007813,0.321960,-0.367432,0.345459,-0.801208
10.120880126953125,0.316406,-0.394531,-0.058594,-0.394531,-0.062500,-0.128906,-0.021484,0.322083,-0.368652,0.345459,-0.800659
10.141211748123169,0.374756,0.019531,-0.171875,-0.195312,0.007813,-0.169922,0.000000,0.322693,-0.369751,0.345093,-0.800049
10.160956144332886,0.427124,2.800781,-0.273438,-0.171875,0.031250,0.171875,0.312500,0.324646,-0.367493,0.346313,-0.799744
10.181286334991455,0.465942,-1.171875,0.050781,-0.097656,0.138672,0.384766,0.394531,0.326782,-0.362976,0.347900,-0.800293
10.201447010040283,0.464600,-1.746094,0.394531,0.214844,0.121094,0.226562,0.146484,0.327637,-0.360413,0.348328,-0.800903
10.221676111221313,0.435669,-1.027344,-0.148437,0.554687,0.037109,-0.083984,-0.062500,0.327515,-0.361023,0.347473,-0.801025
10.241244077682495,0.367676,-1.359375,-0.832031,-0.289063,0.111328,-0.210937,-0.246094,0.326660,-0.362976,0.344910,-0.801575
10.261494874954224,0.229370,0.066406,-3.062500,-4.281250,0.513672,-0.101563,-0.482422,0.325012,-0.363159,0.338806,-0.804749
10.28168797492981,0.167114,2.746094,-1.003906,-2.058594,1.054688,0.714844,-0.445312,0.322876,-0.356201,0.331543,-0.811768
10.301212310791016,0.093506,0.578125,1.566406,2.484375,0.574219,0.847656,-0.150391,0.320923,-0.348206,0.328979,-0.817017
10.32164454460144,0.076782,0.527344,2.503906,3.121094,-0.117188,0.392578,0.095703,0.320190,-0.344543,0.331421,-0.817871
10.341615676879883,0.096069,-2.566406,0.445312,1.296875,-0.603516,0.244141,0.505859,0.321106,-0.343079,0.337891,-0.815491
10.361323356628418,0.132935,-1.164063,-0.566406,-0.386719,-0.505859,-0.066406,0.160156,0.321045,-0.344299,0.342285,-0.813171
10.382140398025513,0.178955,-0.007813,-0.015625,-1.406250,-0.126953,-0.007813,0.031250,0.320923,-0.344849,0.343506,-0.812439
10.401877403259277,0.199707,-0.167969,0.812500,-0.531250,0.123047,-0.130859,-0.025391,0.321655,-0.345520,0.342163,-0.812439
10.42111849784851,0.217041,-0.574219,0.734375,2.203125,0.058594,-0.250000,0.078125,0.323181,-0.347351,0.341003,-0.811523
10.441653966903687,0.219727,-1.011719,-0.414062,0.402344,-0.103516,-0.453125,-0.072266,0.323853,-0.351563,0.340027,-0.809937
10.462028741836548,0.211426,-0.437500,-0.304688,-0.746094,0.015625,-0.511719,-0.207031,0.324036,-0.356262,0.337769,-0.808716
10.481477975845337,0.209839,0.726562,0.382813,0.214844,-0.035156,-0.511719,-0.062500,0.325073,-0.360657,0.336182,-0.807007
10.501670837402344,0.228760,0.546875,-0.289063,-0.351563,-0.121094,-0.398438,0.093750,0.326599,-0.363892,0.336243,-0.804932
10.521976709365845,0.239258,-0.140625,-1.234375,-1.410156,-0.109375,-0.099609,0.091797,0.327332,-0.364746,0.336975,-0.803894
10.541959047317505,0.251221,0.496094,-0.304688,-0.500000,0.037109,0.126953,0.080078,0.327759,-0.363586,0.337402,-0.804077
10.561717748641968,0.272705,-0.238281,0.167969,0.660156,-0.076172,0.066406,0.160156,0.328491,-0.362732,0.338684,-0.803650
10.582022666931152,0.335938,-0.187500,0.117188,0.644531,-0.136719,-0.029297,0.109375,0.329041,-0.363037,0.340088,-0.802673
10.60231637954712,0.358276,-0.195312,-0.328125,-0.023437,-0.175781,-0.144531,0.070312,0.329346,-0.364441,0.341309,-0.801392
10.621820449829102,0.385864,-0.093750,-0.281250,-0.679687,-0.123047,-0.128906,-0.015625,0.329102,-0.366394,0.341675,-0.800476
10.642301797866821,0.399292,0.664062,-0.167969,-0.464844,-0.244141,-0.449219,-0.357422,0.327209,-0.371277,0.340942,-0.799316
10.66196084022522,0.352905,0.851562,0.015625,-1.031250,-0.095703,-0.369141,-0.279297,0.325623,-0.375305,0.339722,-0.798584
10.681694746017456,0.262573,-0.503906,0.125000,0.218750,-0.101563,-0.267578,-0.265625,0.324341,-0.378235,0.338623,-0.798157
10.702268123626709,0.236450,1.546875,-0.449219,0.003906,-0.058594,-0.039063,-0.013672,0.324036,-0.379089,0.338623,-0.797852
10.722177505493164,0.259033,-0.097656,-0.113281,-0.265625,-0.021484,0.009766,-0.001953,0.324036,-0.379089,0.338806,-0.797791
10.741484642028809,0.292358,1.332031,-0.527344,-0.070312,-0.007813,-0.001953,0.085937,0.324707,-0.378540,0.339294,-0.797607
10.762382745742798,0.405518,1.734375,-0.457031,-0.410156,-0.017578,0.466797,0.343750,0.325867,-0.373840,0.342041,-0.798157
10.782142877578735,0.456421,1.070313,-0.121094,-0.187500,0.021484,0.812500,0.505859,0.327026,-0.366089,0.346130,-0.799500
10.801838874816895,0.490845,0.222656,0.125000,-0.121094,-0.013672,0.597656,0.259766,0.327087,-0.359863,0.349426,-0.800903
10.821603298187256,0.515015,-1.039063,0.371094,0.230469,-0.021484,0.550781,0.207031,0.326721,-0.355103,0.351929,-0.802063
10.842360973358154,0.534668,-0.710937,0.492187,0.453125,-0.062500,0.173828,0.044922,0.326355,-0.353577,0.353088,-0.802368
10.86223840713501,0.529053,0.132812,0.386719,0.621094,-0.078125,-0.039063,0.017578,0.326355,-0.354004,0.353516,-0.802002
10.881959199905396,0.519287,-0.542969,0.164062,-0.234375,-0.107422,-0.183594,-0.064453,0.326050,-0.355896,0.353516,-0.801270
10.902468919754028,0.390137,-4.136719,0.492187,1.734375,-0.095703,-0.535156,-0.435547,0.324036,-0.361633,0.351624,-0.800354
10.922879934310913,0.271606,2.992188,-0.355469,-1.230469,-0.119141,-0.492187,-0.402344,0.321960,-0.367493,0.349854,-0.799316
10.942207336425781,0.238892,-1.843750,-0.324219,0.617187,-0.142578,-0.539062,-0.324219,0.320862,-0.372559,0.348389,-0.798035
10.962659358978271,0.195801,-1.179688,-1.000000,-2.804688,0.027344,-0.322266,-0.173828,0.320435,-0.375793,0.346313,-0.797607
10.98288869857788,0.164673,1.347656,-1.507813,-2.238281,0.357422,-0.091797,-0.263672,0.319946,-0.375732,0.342651,-0.799377
11.002079248428345,0.122192,2.523438,-2.718750,-3.007813,0.583984,0.800781,-0.019531,0.319275,-0.367859,0.339844,-0.804504
11.022820711135864,0.199585,0.734375,-1.410156,-1.671875,0.865234,1.226563,0.003906,0.318359,-0.356140,0.337158,-0.811279
11.042300462722778,0.254517,-0.031250,2.597656,2.226563,0.191406,0.660156,0.048828,0.317383,-0.349548,0.337769,-0.814270
11.06238317489624,0.301636,1.457031,2.558594,2.863281,-0.218750,0.277344,0.361328,0.318237,-0.346985,0.341492,-0.813477
11.083029985427856,0.331055,-1.714844,0.007813,-0.394531,-0.281250,0.041016,0.259766,0.319153,-0.346375,0.345032,-0.811829
11.102916717529297,0.337646,-0.421875,-0.320313,-0.347656,-0.066406,0.140625,0.087891,0.319214,-0.345215,0.346558,-0.811646
11.122876644134521,0.332642,-0.597656,0.605469,0.992187,-0.052734,0.052734,0.078125,0.319397,-0.344788,0.347473,-0.811401
11.14248538017273,0.326294,-0.421875,0.308594,0.203125,-0.056641,-0.121094,-0.011719,0.319519,-0.345886,0.347656,-0.810791
11.162982940673828,0.307129,-0.234375,0.355469,0.781250,-0.164062,-0.156250,-0.021484,0.319275,-0.347717,0.348267,-0.809875
11.183079481124878,0.300537,-0.382813,-0.441406,-0.566406,-0.152344,-0.087891,-0.111328,0.318115,-0.349182,0.348877,-0.809448
11.202661991119385,0.265259,0.414062,0.007813,-0.882812,-0.033203,0.080078,-0.169922,0.316467,-0.349243,0.348816,-0.810059
11.223376750946045,0.197998,0.167969,0.191406,-0.199219,0.035156,0.105469,-0.121094,0.315186,-0.348938,0.348389,-0.810913
11.243080377578735,0.193237,-0.238281,0.375000,0.343750,0.001953,-0.066406,-0.132812,0.314392,-0.349731,0.347778,-0.811157
11.262490510940552,0.185425,0.621094,0.406250,0.082031,0.021484,-0.130859,-0.037109,0.314453,-0.350952,0.347046,-0.810913
11.28305721282959,0.172241,-0.953125,-0.144531,0.429687,0.011719,-0.205078,-0.130859,0.314148,-0.353088,0.345825,-0.810547
11.30323576927185,0.171753,0.527344,0.308594,0.460937,-0.066406,-0.314453,-0.199219,0.313416,-0.356323,0.344788,-0.809875
11.32318902015686,0.165649,0.480469,0.359375,0.742187,-0.212891,-0.269531,-0.097656,0.312805,-0.359558,0.345154,-0.808533
11.343217134475708,0.206543,0.179687,-0.160156,-0.042969,-0.236328,-0.250000,-0.054687,0.312378,-0.362427,0.346130,-0.807007
11.36329960823059,0.228271,0.324219,0.093750,-0.011719,-0.173828,-0.111328,0.031250,0.312317,-0.363953,0.347229,-0.805847
11.382812261581421,0.259644,-0.226562,-0.195312,-0.050781,-0.158203,-0.187500,0.013672,0.312500,-0.365784,0.348022,-0.804626
11.403297901153564,0.279419,-0.554687,-0.074219,0.058594,-0.099609,-0.259766,-0.011719,0.312988,-0.368347,0.347900,-0.803345
11.42351222038269,0.289917,-0.832031,0.078125,-0.171875,-0.039063,-0.453125,-0.078125,0.313782,-0.371948,0.346619,-0.801880
11.443275213241577,0.309448,-0.015625,-0.242187,-0.394531,0.095703,-0.242187,0.029297,0.315125,-0.373718,0.345276,-0.801147
11.462891101837158,0.330688,0.882812,-0.511719,-0.210937,0.089844,-0.033203,0.101563,0.316528,-0.373352,0.344604,-0.801025
11.48294711112976,0.418701,3.183594,-0.386719,-1.097656,0.230469,0.263672,0.425781,0.319519,-0.369690,0.345032,-0.801392
11.503686428070068,0.474487,1.031250,-0.296875,-0.746094,0.044922,0.140625,0.281250,0.321716,-0.366638,0.346252,-0.801392
11.52302861213684,0.525269,-0.652344,0.140625,-0.050781,0.054687,0.435547,0.335938,0.322937,-0.362671,0.348022,-0.801880
11.54357099533081,0.567993,-1.347656,0.156250,1.375000,-0.123047,0.234375,0.091797,0.322449,-0.360779,0.349915,-0.802124
11.563214778900146,0.574829,-1.601563,0.324219,1.375000,-0.275391,0.031250,-0.169922,0.320190,-0.362000,0.351563,-0.801758
11.583292007446289,0.575928,-0.210937,0.410156,0.738281,-0.285156,-0.330078,-0.218750,0.318481,-0.366150,0.352112,-0.800293
11.603885412216187,0.530273,0.132812,0.148437,-0.406250,-0.273438,-0.529297,-0.261719,0.317322,-0.371704,0.351807,-0.798340
11.623703479766846,0.475952,0.222656,-0.386719,-2.128906,-0.060547,-0.423828,-0.166016,0.317261,-0.375854,0.350281,-0.797119
11.643176555633545,0.415039,0.101563,-0.695312,-2.722656,0.255859,-0.328125,-0.146484,0.318176,-0.377930,0.346802,-0.797302
11.663813352584839,0.312012,1.156250,-1.812500,-2.492188,0.509766,0.029297,-0.072266,0.319397,-0.375977,0.342468,-0.799561
11.68349027633667,0.269409,1.167969,-2.167969,-3.117188,0.914062,0.857422,0.062500,0.320251,-0.366577,0.337891,-0.805542
11.70339822769165,0.260864,0.296875,-0.582031,0.203125,1.132813,1.294922,-0.019531,0.319885,-0.352966,0.333313,-0.813599
11.723249912261963,0.274536,0.367188,2.066406,4.796875,0.373047,0.875000,0.125000,0.319214,-0.344177,0.333496,-0.817566
11.743813514709473,0.289429,1.035156,1.992188,3.082031,-0.468750,0.390625,0.324219,0.318848,-0.341187,0.339783,-0.816345
11.763896465301514,0.307251,-1.636719,-0.398438,-1.296875,-0.851562,0.250000,0.423828,0.318420,-0.340210,0.348572,-0.813232
11.783408641815186,0.325684,-0.882812,-0.964844,-2.675781,-0.382813,0.398438,0.146484,0.317078,-0.337646,0.353516,-0.812683
11.803818702697754,0.335205,0.480469,0.031250,-1.878906,0.089844,0.498047,0.095703,0.316406,-0.333191,0.354797,-0.814209
11.824203491210938,0.350220,-0.644531,1.433594,1.796875,0.238281,0.140625,0.097656,0.317383,-0.330994,0.353821,-0.815186
11.843493938446045,0.353271,-1.234375,0.707031,2.378906,0.011719,-0.238281,0.062500,0.318665,-0.332703,0.353027,-0.814331
11.863892793655396,0.366089,-0.753906,-0.441406,-0.109375,-0.095703,-0.392578,-0.113281,0.318848,-0.336426,0.352112,-0.813110
11.884159564971924,0.363037,-0.328125,-0.601562,-0.507812,0.001953,-0.394531,-0.197266,0.318726,-0.340515,0.350098,-0.812317
11.90366268157959,0.335205,0.539062,0.015625,-1.128906,0.060547,-0.572266,-0.263672,0.318726,-0.345642,0.346924,-0.811523
11.924254417419434,0.265137,-0.015625,-0.015625,-1.195313,0.150391,-0.527344,-0.263672,0.318909,-0.350403,0.343079,-0.811035
11.94409990310669,0.214355,0.195312,0.261719,0.390625,0.140625,-0.496094,-0.279297,0.318726,-0.355042,0.339478,-0.810669
11.96404480934143,0.158569,-0.242187,0.015625,1.117188,-0.044922,-0.447266,-0.306641,0.317749,-0.359924,0.337280,-0.809814
11.984076023101807,0.074951,0.199219,0.398438,1.695313,-0.216797,-0.599609,-0.261719,0.316833,-0.366089,0.336304,-0.807800
12.004451513290405,0.112549,1.535156,-0.113281,0.046875,-0.353516,-0.371094,-0.080078,0.316101,-0.370483,0.337524,-0.805542
12.023651361465454,0.160522,0.804687,-0.039063,0.324219,-0.328125,-0.042969,0.087891,0.315735,-0.371643,0.340149,-0.804077
12.044707536697388,0.289185,0.355469,-0.812500,-1.070313,-0.181641,0.132812,0.158203,0.316040,-0.370361,0.342773,-0.803406
12.06432032585144,0.350220,2.058594,-0.351563,-2.035156,0.031250,0.519531,0.552734,0.318726,-0.364380,0.345947,-0.803711
12.084330320358276,0.373413,-0.718750,-0.105469,-1.132813,0.285156,0.851562,0.730469,0.322449,-0.354980,0.348694,-0.805237
12.103906393051147,0.417847,-3.628906,-0.019531,1.156250,0.140625,0.304688,0.271484,0.324219,-0.350708,0.349548,-0.806030
12.12471055984497,0.458740,-1.808594,-0.066406,0.660156,0.025391,-0.035156,-0.099609,0.323547,-0.351318,0.348999,-0.806274
12.144643068313599,0.460815,-1.953125,0.148437,0.628906,-0.162109,-0.416016,-0.451172,0.320801,-0.356689,0.347290,-0.805725
12.16406798362732,0.434570,1.230469,0.500000,-0.992187,-0.156250,-0.623047,-0.625000,0.317566,-0.364014,0.344421,-0.804993
12.184367895126343,0.361572,1.703125,0.898437,-0.417969,-0.052734,-0.375000,-0.388672,0.315430,-0.368774,0.342102,-0.804687
12.204735279083252,0.294312,0.804687,0.929687,0.265625,-0.126953,-0.179687,-0.263672,0.313477,-0.371338,0.341736,-0.804382
12.224067211151123,0.272827,1.289063,-0.433594,-0.523437,-0.195312,0.156250,0.009766,0.312317,-0.370667,0.343811,-0.804260
12.244550704956055,0.332153,0.500000,-0.902344,-0.265625,-0.101563,0.363281,0.189453,0.312012,-0.367737,0.346436,-0.804626
12.264508247375488,0.402222,-0.910156,-0.187500,1.046875,-0.203125,0.310547,0.111328,0.311157,-0.365356,0.349426,-0.804749
12.284265279769897,0.473877,0.378906,-0.511719,-1.023438,-0.138672,0.375000,0.142578,0.310364,-0.362366,0.352539,-0.805054
12.304919004440308,0.563110,-0.156250,-0.050781,-0.410156,-0.261719,0.529297,0.220703,0.309509,-0.358276,0.356628,-0.805420
12.324818134307861,0.569092,-1.113281,0.546875,0.289063,-0.146484,0.193359,0.158203,0.309570,-0.356445,0.359009,-0.805176
12.344228267669678,0.576660,-0.605469,0.515625,-0.234375,-0.033203,-0.169922,0.074219,0.310669,-0.357361,0.359192,-0.804199
12.364887237548828,0.570557,0.367188,0.324219,-0.531250,0.095703,-0.396484,0.105469,0.313293,-0.359619,0.357605,-0.802917
12.385179996490479,0.554443,-0.781250,0.042969,-0.316406,0.289063,-0.322266,0.216797,0.316833,-0.361023,0.354980,-0.802063
12.404680967330933,0.525879,-0.769531,-0.210937,0.273438,0.283203,-0.228516,0.003906,0.318542,-0.362061,0.352234,-0.802124
12.424577474594116,0.480835,-1.425781,-0.734375,-0.664062,0.177734,-0.089844,-0.238281,0.317810,-0.362854,0.349976,-0.803040
12.445237398147583,0.412720,-0.062500,-1.605469,-0.433594,0.185547,0.156250,-0.193359,0.316162,-0.361694,0.348267,-0.804932
12.464905023574829,0.364136,2.218750,-1.796875,-3.460938,0.214844,0.542969,-0.242187,0.313538,-0.356995,0.347107,-0.808533
12.484437227249146,0.312012,2.988281,-0.414062,-3.218750,0.796875,1.146484,0.103516,0.312927,-0.345886,0.345093,-0.814453
12.505009174346924,0.298950,-0.593750,1.472656,2.011719,0.447266,0.863281,0.242187,0.313477,-0.336121,0.344849,-0.818420
12.52488660812378,0.297852,-0.441406,1.316406,3.968750,0.304688,0.707031,0.302734,0.314392,-0.328735,0.346191,-0.820496
12.544270992279053,0.303345,-1.976563,0.699219,2.292969,-0.234375,0.269531,0.232422,0.314697,-0.326111,0.349426,-0.820068
12.565155029296875,0.327393,-0.164062,0.398438,1.273438,-0.388672,-0.041016,0.117188,0.314575,-0.327026,0.352844,-0.818298
12.585238933563232,0.321899,0.312500,0.253906,-0.058594,-0.349609,-0.042969,0.130859,0.314636,-0.327942,0.355957,-0.816528
12.604718923568726,0.320679,-0.324219,0.085937,-0.906250,-0.150391,-0.009766,0.125000,0.315125,-0.328064,0.357605,-0.815613
12.625345706939697,0.321899,-0.851562,-0.027344,-0.492187,0.000000,0.072266,0.015625,0.315002,-0.327576,0.357788,-0.815735
12.645219802856445,0.292236,-0.359375,0.261719,-0.242187,0.117188,0.054687,-0.123047,0.314270,-0.327271,0.356812,-0.816589
12.664907217025757,0.287720,-0.164062,0.554687,1.214844,0.015625,-0.117188,-0.089844,0.313965,-0.328491,0.355835,-0.816650
12.685677289962769,0.287354,0.136719,-0.335938,-0.457031,0.003906,-0.253906,-0.162109,0.313538,-0.330994,0.354492,-0.816345
12.70531678199768,0.267700,0.050781,-0.234375,-0.109375,0.062500,-0.185547,-0.167969,0.313049,-0.332947,0.352844,-0.816467
12.725550174713135,0.241821,-0.339844,-0.296875,-0.187500,0.091797,-0.179687,-0.222656,0.312195,-0.334839,0.351013,-0.816833
12.74523639678955,0.231079,0.777344,0.414062,0.203125,0.037109,-0.121094,-0.134766,0.311707,-0.336060,0.349976,-0.816956
12.765389204025269,0.209229,-0.210937,0.152344,0.671875,-0.023437,-0.023437,0.056641,0.312012,-0.336304,0.350220,-0.816650
12.785348892211914,0.217041,-0.019531,0.359375,0.570312,-0.117188,-0.105469,0.031250,0.312256,-0.337402,0.351074,-0.815735
12.805365800857544,0.213013,0.125000,0.109375,0.378906,-0.205078,-0.097656,0.052734,0.312256,-0.338684,0.352539,-0.814575
12.825913906097412,0.283203,-0.312500,-0.128906,0.925781,-0.291016,-0.097656,-0.017578,0.311523,-0.340454,0.354431,-0.813232
12.845470666885376,0.322144,0.046875,-0.289063,-0.628906,-0.296875,-0.171875,-0.046875,0.310730,-0.342834,0.356140,-0.811829
12.865213394165039,0.342896,-0.128906,-0.164062,-0.675781,-0.181641,-0.130859,-0.080078,0.309998,-0.344727,0.356934,-0.810974
12.885911464691162,0.332275,-0.582031,-0.042969,-0.453125,-0.083984,-0.210937,-0.066406,0.309937,-0.346985,0.356689,-0.810120
12.905979633331299,0.342529,-0.246094,-0.050781,-0.511719,0.041016,-0.376953,-0.070312,0.310791,-0.350037,0.355042,-0.809204
12.925101041793823,0.359131,1.730469,-0.363281,-0.972656,0.097656,-0.271484,0.023437,0.312500,-0.351501,0.353516,-0.808594
12.945626258850098,0.415649,1.976563,-0.402344,-0.972656,0.212891,0.066406,0.308594,0.315735,-0.349121,0.353027,-0.808594
12.965823888778687,0.470093,1.253906,-0.121094,0.054687,0.199219,0.378906,0.605469,0.319641,-0.343933,0.354248,-0.808716
12.985976934432983,0.521362,0.242187,-0.371094,-0.175781,0.056641,0.519531,0.394531,0.321106,-0.338684,0.356750,-0.809265
13.005299806594849,0.548462,-2.070313,0.300781,1.468750,-0.146484,0.460937,0.099609,0.319641,-0.335144,0.359924,-0.809875
13.02587604522705,0.565186,-1.312500,0.480469,0.343750,-0.269531,0.292969,-0.212891,0.316162,-0.334839,0.362427,-0.810303
13.045955896377563,0.556763,-0.324219,0.402344,-0.269531,-0.160156,-0.089844,-0.269531,0.313538,-0.337158,0.363098,-0.810059
13.06582498550415,0.536743,-0.441406,-0.019531,-0.039063,-0.123047,-0.246094,-0.273438,0.311707,-0.340820,0.362427,-0.809570
13.086026668548584,0.428833,1.496094,-0.664062,-1.945313,0.021484,-0.197266,-0.312500,0.310059,-0.343384,0.360474,-0.809937
13.10616660118103,0.373169,0.046875,-0.425781,-0.183594,0.265625,-0.019531,-0.193359,0.309570,-0.343140,0.357849,-0.811401
13.1256103515625,0.320679,2.652344,-0.925781,-2.230469,0.501953,0.341797,0.089844,0.310608,-0.339050,0.355103,-0.813904
13.14623761177063,0.305786,-1.000000,-0.527344,-0.410156,0.578125,0.191406,-0.003906,0.311829,-0.335815,0.351318,-0.816467
13.165969610214233,0.318237,0.816406,2.070313,1.843750,0.095703,-0.142578,-0.076172,0.312195,-0.336853,0.349731,-0.816589
13.185825824737549,0.332886,0.867187,1.984375,2.949219,-0.263672,-0.324219,0.080078,0.312988,-0.340210,0.351318,-0.814148
13.205899953842163,0.374512,0.437500,0.019531,0.628906,-0.572266,-0.339844,0.132812,0.313354,-0.343628,0.355225,-0.810913
13.226369857788086,0.430420,1.671875,-1.503906,-1.242188,-0.318359,0.181641,0.214844,0.313538,-0.342834,0.358948,-0.809509
13.2454252243042,0.487305,-0.117188,-0.632812,-1.609375,-0.173828,0.119141,0.232422,0.314453,-0.341431,0.361572,-0.808594
13.266271829605103,0.583984,0.925781,-0.839844,-0.660156,-0.042969,0.300781,0.367188,0.316040,-0.338013,0.364136,-0.808289
13.286039590835571,0.594116,0.070312,-0.625000,-0.144531,-0.126953,0.646484,0.365234,0.316406,-0.332275,0.367676,-0.808838
13.306257247924805,0.591431,-1.867188,-0.316406,-1.132813,0.085937,0.433594,0.119141,0.316162,-0.328369,0.368530,-0.810181
13.325901985168457,0.580078,0.339844,-1.238281,-3.113281,0.373047,-0.089844,-0.140625,0.316589,-0.327942,0.364746,-0.811890
13.346467733383179,0.494751,0.621094,-2.886719,-5.230469,1.039063,0.082031,-0.169922,0.318298,-0.324463,0.355896,-0.816589
13.366416692733765,0.420288,-0.222656,-1.925781,-2.578125,1.636719,0.484375,-0.308594,0.319275,-0.316833,0.343506,-0.824463
13.386543035507202,0.311523,1.734375,2.921875,4.765625,1.177734,0.621094,-0.230469,0.319031,-0.308838,0.335327,-0.830872
13.406396865844727,0.188232,0.601562,3.718750,7.257812,0.126953,0.466797,0.095703,0.318542,-0.304504,0.336365,-0.832275
13.426485776901245,0.158203,-0.968750,2.035156,3.671875,-0.968750,-0.111328,0.273438,0.318237,-0.307068,0.344421,-0.828125
13.446251153945923,0.169189,-1.238281,-0.269531,-0.546875,-0.943359,-0.220703,0.158203,0.317444,-0.311096,0.351807,-0.823792
13.466500043869019,0.192017,1.039063,0.117188,-2.175781,-0.332031,-0.005859,0.082031,0.317261,-0.312073,0.354797,-0.822205
13.48661732673645,0.193481,-0.050781,0.613281,-0.054687,0.146484,0.050781,0.154297,0.318726,-0.310852,0.354431,-0.822266
13.50607681274414,0.187256,-0.500000,0.765625,3.011719,0.042969,-0.105469,0.158203,0.320557,-0.311279,0.354004,-0.821594
13.526826858520508,0.198608,-1.308594,-0.144531,0.558594,-0.109375,-0.312500,0.003906,0.321289,-0.314209,0.354004,-0.820251
13.546645164489746,0.203857,-0.191406,-0.066406,-0.867187,-0.091797,-0.419922,-0.181641,0.321045,-0.318481,0.352844,-0.819153
13.566556692123413,0.201416,-0.160156,-0.167969,-1.148438,0.025391,-0.478516,-0.226562,0.320984,-0.323181,0.350220,-0.818481
13.586835861206055,0.135254,-0.539062,-0.078125,-0.050781,0.121094,-0.574219,-0.312500,0.320740,-0.328552,0.346558,-0.817932
13.606721878051758,0.085205,-0.472656,0.398438,0.445312,-0.019531,-0.603516,-0.427734,0.319397,-0.335144,0.343384,-0.817200
13.626831531524658,0.000000,1.527344,0.789062,1.789063,-0.277344,-0.607422,-0.357422,0.317688,-0.341980,0.342651,-0.815308
13.64652156829834,0.000000,1.480469,-0.867187,-0.769531,-0.439453,-0.380859,-0.062500,0.317017,-0.346436,0.344543,-0.812866
13.666898250579834,0.113037,0.644531,-0.558594,0.351563,-0.271484,-0.048828,0.117188,0.317200,-0.347473,0.346924,-0.811340
13.686921119689941,0.173584,0.339844,-0.640625,-0.699219,-0.179687,0.093750,0.189453,0.317810,-0.346619,0.349365,-0.810425
13.706326484680176,0.273071,1.367188,-0.144531,-0.988281,-0.042969,0.433594,0.490234,0.320068,-0.341736,0.352600,-0.810242
13.726913452148438,0.380981,-0.914062,-0.195312,0.304688,0.072266,0.541016,0.552734,0.322693,-0.335510,0.355652,-0.810425
13.747119426727295,0.414185,-2.199219,0.042969,-0.468750,0.013672,0.222656,0.246094,0.323975,-0.332947,0.357117,-0.810364
13.766725301742554,0.442261,-2.937500,-0.035156,1.164063,-0.097656,-0.257813,-0.181641,0.323181,-0.335632,0.356506,-0.809814
13.787114381790161,0.424927,-1.382813,0.425781,-0.167969,-0.140625,-0.351563,-0.394531,0.320801,-0.340576,0.354980,-0.809387
13.80768871307373,0.406006,0.851562,0.554687,-0.078125,-0.150391,-0.533203,-0.560547,0.317749,-0.347107,0.352600,-0.808838
13.826502799987793,0.348022,1.066406,0.609375,-0.312500,-0.113281,-0.302734,-0.421875,0.315002,-0.351379,0.351074,-0.808777
13.847955465316772,0.269897,1.417969,0.347656,0.332031,-0.216797,0.054687,-0.246094,0.312134,-0.352417,0.351929,-0.809021
13.867218494415283,0.322388,1.300781,-0.679687,-0.445312,-0.132812,0.443359,0.021484,0.310181,-0.349487,0.354614,-0.809875
13.886900424957275,0.391235,-0.304688,-0.417969,1.003906,-0.203125,0.542969,0.144531,0.308716,-0.345093,0.358337,-0.810669
13.907338857650757,0.541748,0.714844,-0.417969,-0.257813,-0.248047,0.728516,0.240234,0.307190,-0.339417,0.363220,-0.811462
13.92716908454895,0.557983,0.359375,-0.117188,0.375000,-0.234375,0.708984,0.292969,0.306396,-0.333862,0.367676,-0.812073
13.947644710540771,0.566895,-0.398438,0.554687,-0.007813,-0.109375,0.119141,0.158203,0.307007,-0.332092,0.369507,-0.811707
13.966830730438232,0.567017,0.296875,0.402344,-0.496094,0.078125,-0.250000,0.146484,0.309265,-0.332947,0.368958,-0.810791
13.987390518188477,0.535400,-0.046875,0.363281,-0.734375,0.250000,-0.353516,0.220703,0.312927,-0.334351,0.366943,-0.809692
14.007372379302979,0.513794,-0.796875,0.050781,0.453125,0.121094,-0.371094,0.060547,0.315063,-0.336426,0.365295,-0.808777
14.026907444000244,0.490723,0.390625,-0.179687,-0.687500,-0.035156,0.003906,0.009766,0.315247,-0.336731,0.365356,-0.808533
14.047092914581299,0.558105,0.207031,-0.093750,0.691406,-0.044922,0.041016,0.033203,0.315186,-0.336365,0.366089,-0.808411
14.06757402420044,0.588989,0.074219,-0.339844,1.218750,-0.234375,0.054687,0.070312,0.314819,-0.336121,0.368286,-0.807617
14.086934089660645,0.597900,1.042969,-0.460937,-0.488281,-0.205078,0.259766,0.164062,0.314453,-0.334290,0.371277,-0.807129
14.107560396194458,0.578491,-1.832031,-0.515625,-1.179688,-0.134766,0.335938,0.085937,0.313477,-0.332092,0.373535,-0.807373
14.127617835998535,0.565918,0.160156,-0.492187,-3.738281,0.134766,0.164062,-0.091797,0.312744,-0.330505,0.372620,-0.808777
14.14691948890686,0.542969,0.398438,-1.289063,-3.347656,0.648437,0.167969,-0.070312,0.313599,-0.327087,0.367737,-0.812073
14.167703628540039,0.433350,0.781250,-2.218750,-3.812500,1.187500,0.492187,-0.093750,0.314758,-0.319946,0.359680,-0.818054
14.187482595443726,0.339600,0.261719,1.648438,3.078125,1.093750,0.732422,-0.099609,0.314819,-0.311218,0.352905,-0.824280
14.20771336555481,0.290527,-0.457031,2.773438,5.652344,0.308594,0.460937,-0.005859,0.314026,-0.306702,0.351929,-0.826721
14.227473735809326,0.263916,-0.707031,1.902344,3.187500,-0.492187,0.060547,0.015625,0.312439,-0.307190,0.356018,-0.825378
14.248114109039307,0.261597,-0.480469,0.308594,-0.222656,-0.554687,0.054687,-0.029297,0.310364,-0.308533,0.360535,-0.823730
14.267967939376831,0.258789,0.863281,0.378906,-0.605469,-0.277344,0.033203,-0.017578,0.309265,-0.309204,0.362854,-0.822876
14.287364959716797,0.250977,-0.242187,0.148437,-0.144531,0.029297,-0.013672,0.035156,0.309509,-0.309143,0.363037,-0.822693
14.308103561401367,0.259521,-0.722656,0.230469,1.679688,-0.105469,-0.154297,-0.007813,0.309692,-0.310730,0.363159,-0.821960
14.328449249267578,0.259644,0.546875,-0.066406,-1.093750,-0.085937,-0.220703,-0.085937,0.309570,-0.313049,0.362976,-0.821228
14.34750771522522,0.248291,-0.441406,-0.570312,-1.007813,0.005859,-0.167969,-0.062500,0.309631,-0.314758,0.362061,-0.820984
14.368154525756836,0.242554,0.246094,-0.250000,-0.750000,0.142578,-0.167969,-0.130859,0.309570,-0.316101,0.360168,-0.821289
14.387924909591675,0.243774,0.183594,0.199219,0.554687,0.062500,-0.113281,-0.103516,0.309326,-0.317261,0.359009,-0.821472
14.407533407211304,0.252197,0.277344,0.054687,0.769531,-0.134766,-0.091797,-0.082031,0.308472,-0.318787,0.359436,-0.820984
14.428486347198486,0.270142,-0.359375,0.414062,1.273438,-0.273438,-0.050781,-0.121094,0.306763,-0.320496,0.361267,-0.820129
14.447903633117676,0.295166,0.191406,0.339844,0.617187,-0.462891,-0.056641,-0.148437,0.304382,-0.322693,0.364197,-0.818909
14.467897176742554,0.323608,0.398438,-0.011719,-0.062500,-0.369141,0.089844,-0.105469,0.301941,-0.323547,0.367126,-0.818176
14.488263368606567,0.347412,-0.109375,-0.027344,0.175781,-0.330078,0.089844,-0.126953,0.299683,-0.324341,0.369629,-0.817566
14.508086204528809,0.342651,-0.636719,0.113281,-0.390625,-0.246094,-0.181641,-0.062500,0.299011,-0.326782,0.370728,-0.816345
14.52790904045105,0.341675,-0.023437,-0.156250,-0.742187,-0.068359,-0.388672,-0.027344,0.299927,-0.330017,0.370117,-0.814941
14.548102617263794,0.352539,0.726562,-0.394531,-1.632813,0.142578,-0.269531,0.091797,0.302002,-0.331482,0.368530,-0.814331
14.568369626998901,0.374146,1.570313,-0.863281,-0.550781,0.187500,0.060547,0.154297,0.303589,-0.329712,0.367920,-0.814697
14.588258028030396,0.405640,0.460937,-0.355469,0.558594,0.162109,0.453125,0.265625,0.304504,-0.325012,0.369080,-0.815735
14.607903718948364,0.468262,-0.496094,-0.148437,0.765625,-0.044922,0.445312,0.193359,0.304260,-0.320618,0.371582,-0.816406
14.62870740890503,0.550415,-0.472656,0.480469,-0.046875,-0.082031,0.349609,0.158203,0.303955,-0.317444,0.373901,-0.816711
14.648254156112671,0.565552,0.324219,0.609375,1.261719,-0.037109,0.052734,0.130859,0.304749,-0.316406,0.375061,-0.816284
14.668037176132202,0.570923,-0.695312,0.511719,-0.148437,-0.017578,-0.140625,0.251953,0.307068,-0.316895,0.375366,-0.815063
14.688418865203857,0.576782,-0.203125,0.320313,-0.683594,0.128906,-0.333984,0.173828,0.310059,-0.318604,0.373840,-0.813965
14.708991765975952,0.574463,-0.417969,-0.011719,-0.652344,0.236328,-0.408203,0.076172,0.312744,-0.320923,0.371155,-0.813293
14.728318452835083,0.563721,-1.238281,-0.906250,-0.761719,0.054687,-0.380859,-0.113281,0.313477,-0.324036,0.368958,-0.812744
14.748594760894775,0.473022,-0.843750,-0.632812,-2.007813,0.189453,-0.130859,-0.296875,0.312012,-0.325806,0.366089,-0.813904
14.768326044082642,0.416138,0.566406,-1.167969,0.335938,0.138672,0.130859,-0.421875,0.308838,-0.325562,0.363953,-0.816162
14.788341045379639,0.388428,2.382813,-1.550781,-2.117188,0.318359,0.425781,-0.132812,0.307251,-0.321594,0.362122,-0.819153
14.808899641036987,0.390991,1.472656,0.347656,0.246094,0.677734,0.621094,0.138672,0.308167,-0.314148,0.359253,-0.822998
14.828534126281738,0.392090,-0.210937,1.242188,2.957031,0.392578,0.632812,0.332031,0.309631,-0.306885,0.359192,-0.825195
14.848496437072754,0.397461,-2.015625,0.875000,1.378906,-0.113281,0.396484,0.171875,0.309326,-0.302979,0.361877,-0.825562
14.86804723739624,0.416260,-0.171875,0.792969,0.859375,-0.238281,0.363281,0.058594,0.307800,-0.300903,0.365112,-0.825500
14.888944864273071,0.429687,-0.523437,0.246094,-0.167969,-0.355469,0.015625,-0.052734,0.306274,-0.301636,0.367798,-0.824585
14.908711671829224,0.421753,0.320313,0.062500,-0.996094,-0.085937,0.050781,-0.060547,0.305298,-0.301819,0.368530,-0.824585
14.928234577178955,0.406982,-0.292969,0.562500,0.566406,0.072266,0.048828,-0.044922,0.304749,-0.301514,0.368347,-0.824951
14.949040412902832,0.384888,-0.738281,0.417969,1.863281,-0.193359,-0.089844,-0.101563,0.303711,-0.302979,0.369202,-0.824402
14.96899127960205,0.373535,-0.148437,-0.878906,-0.957031,-0.119141,-0.015625,-0.134766,0.302246,-0.304016,0.369690,-0.824341
14.988372325897217,0.351563,0.441406,-0.156250,-1.187500,0.001953,0.068359,-0.207031,0.300415,-0.304138,0.369324,-0.825134
15.008915185928345,0.319336,0.625000,0.437500,-0.089844,0.064453,0.089844,-0.107422,0.299194,-0.303711,0.368896,-0.825928
15.029236078262329,0.325073,-0.074219,0.324219,0.562500,-0.029297,0.062500,-0.080078,0.298218,-0.303467,0.368958,-0.826355
15.048529624938965,0.330444,-0.457031,-0.027344,1.050781,0.044922,0.093750,-0.080078,0.297302,-0.303040,0.368774,-0.826904
15.069175243377686,0.326172,0.019531,0.316406,0.367188,-0.060547,-0.037109,-0.099609,0.296448,-0.303772,0.368835,-0.826965
15.089539527893066,0.306519,0.507812,0.394531,-0.351563,-0.023437,-0.076172,-0.021484,0.296448,-0.304565,0.368713,-0.826660
15.109042406082153,0.294556,0.117188,0.394531,-0.160156,-0.005859,-0.125000,0.027344,0.297119,-0.305542,0.368469,-0.826233
15.129088401794434,0.268066,0.417969,0.632812,0.699219,0.019531,-0.205078,0.082031,0.298584,-0.306946,0.368103,-0.825317
15.14929723739624,0.277710,-0.402344,-0.003906,1.464844,-0.154297,-0.316406,0.119141,0.300110,-0.309448,0.368713,-0.823547
15.169604301452637,0.314331,-0.457031,-0.894531,1.097656,-0.304688,-0.181641,-0.001953,0.299866,-0.311829,0.370667,-0.821838
15.189006328582764,0.367065,-0.187500,-0.460937,0.386719,-0.404297,0.132812,-0.005859,0.298035,-0.312378,0.374268,-0.820679
15.209492206573486,0.535400,0.906250,-0.453125,-0.804687,-0.564453,0.242187,-0.046875,0.295166,-0.311951,0.379150,-0.819641
15.22900128364563,0.583130,0.109375,-0.414062,-1.347656,-0.357422,0.476562,0.021484,0.292480,-0.309387,0.383545,-0.819519
15.24892807006836,0.607056,-0.347656,-0.199219,-1.457031,-0.156250,0.291016,0.074219,0.291321,-0.307251,0.385986,-0.819580
15.269540071487427,0.597656,-0.417969,-0.246094,-0.972656,0.119141,0.072266,-0.009766,0.291321,-0.306274,0.385376,-0.820251
15.28944182395935,0.581177,-1.015625,-0.007813,0.097656,0.255859,-0.089844,-0.103516,0.291565,-0.306519,0.382813,-0.821289
15.308752059936523,0.557129,0.125000,0.058594,-0.601562,0.361328,-0.162109,-0.160156,0.291931,-0.307556,0.378845,-0.822571
15.329603910446167,0.532715,-0.593750,0.593750,1.175781,0.339844,-0.408203,-0.203125,0.292786,-0.310852,0.374512,-0.823059
15.349377632141113,0.526123,2.589844,1.320313,0.871094,-0.085937,-0.548828,-0.136719,0.293457,-0.315552,0.373230,-0.821594
15.36885690689087,0.532959,0.996094,-0.226562,-0.613281,-0.259766,-0.064453,0.181641,0.294312,-0.316467,0.375366,-0.819946
15.389358758926392,0.612549,0.812500,-0.953125,-0.140625,-0.138672,0.068359,0.255859,0.295898,-0.315308,0.377625,-0.818787
15.409667491912842,0.627808,1.097656,-0.699219,-1.187500,0.011719,0.103516,0.492187,0.299622,-0.311890,0.379639,-0.817810
15.428919792175293,0.621826,-3.839844,-0.691406,-0.179687,0.298828,0.542969,0.767578,0.304321,-0.304810,0.380981,-0.818115
15.449652194976807,0.609619,-3.117188,-0.437500,-1.160156,0.253906,0.353516,0.261719,0.305908,-0.300415,0.380371,-0.819397
15.469752311706543,0.598633,-1.523438,-1.257813,-2.273438,0.466797,0.037109,-0.216797,0.305542,-0.298889,0.375977,-0.822144
15.489657402038574,0.581665,0.675781,-2.503906,-4.949219,1.134766,0.234375,-0.324219,0.305237,-0.294800,0.366760,-0.827881
15.509363174438477,0.552490,0.253906,0.113281,-0.175781,1.468750,0.523437,-0.378906,0.304321,-0.287476,0.355286,-0.835754
15.529685974121094,0.413818,-1.640625,1.066406,3.167969,1.144531,0.626953,-0.523437,0.300964,-0.281067,0.346252,-0.842957
15.549925088882446,0.335449,-1.003906,1.296875,3.894531,0.378906,0.341797,-0.734375,0.294922,-0.279358,0.341797,-0.847412
15.569700002670288,0.299805,1.382813,1.402344,3.765625,-0.220703,0.039063,-0.470703,0.290222,-0.281250,0.342346,-0.848206
15.590123414993286,0.291626,1.078125,0.890625,1.148438,-0.589844,-0.226562,-0.095703,0.288452,-0.285095,0.346252,-0.845947
15.60999321937561,0.308228,0.808594,1.046875,-0.175781,-0.603516,-0.283203,0.171875,0.289124,-0.288269,0.351013,-0.842712
15.629515886306763,0.323608,1.023438,0.839844,-1.246094,-0.285156,0.035156,0.451172,0.291931,-0.287292,0.354736,-0.840454
15.650097846984863,0.379272,0.414062,1.324219,-0.925781,0.082031,0.259766,0.638672,0.296509,-0.282959,0.356873,-0.839417
15.669920921325684,0.382324,-0.800781,1.476563,1.593750,-0.011719,0.212891,0.673828,0.301331,-0.278870,0.359436,-0.838013
15.689535140991211,0.381104,-1.949219,0.335938,3.003906,-0.251953,0.060547,0.560547,0.304871,-0.277466,0.363281,-0.835510
15.710109949111938,0.386230,-2.722656,-0.695312,2.394531,-0.660156,-0.353516,0.111328,0.305298,-0.281433,0.367981,-0.831970
15.730373620986938,0.370117,0.179687,-1.636719,-1.035156,-0.593750,-0.314453,-0.109375,0.304016,-0.286011,0.371460,-0.829346
15.749685287475586,0.336792,0.539062,-0.449219,-3.402344,-0.019531,-0.101563,-0.060547,0.303711,-0.287292,0.371277,-0.829041
15.770289421081543,0.301025,0.003906,-0.097656,-1.406250,0.251953,0.001953,-0.033203,0.304077,-0.286743,0.369263,-0.830078
15.790409803390503,0.300049,-0.656250,-0.312500,0.519531,0.158203,0.097656,-0.093750,0.303467,-0.285828,0.367798,-0.831238
15.810492515563965,0.298462,-0.203125,-0.527344,-0.042969,0.160156,0.083984,-0.156250,0.302307,-0.285217,0.366333,-0.832520
15.82958197593689,0.292236,-0.191406,0.414062,0.968750,0.134766,-0.013672,-0.117188,0.301697,-0.285400,0.364868,-0.833313
15.850359201431274,0.301758,-0.144531,0.476562,0.593750,0.025391,-0.146484,-0.125000,0.301208,-0.286865,0.363831,-0.833435
15.870174884796143,0.309937,0.046875,0.714844,0.886719,-0.099609,-0.154297,-0.121094,0.300415,-0.289063,0.363953,-0.832886
15.889747142791748,0.325317,-0.421875,0.773437,1.363281,-0.296875,-0.277344,-0.134766,0.299500,-0.292419,0.365234,-0.831543
15.910556554794312,0.354858,0.398438,-0.542969,-0.621094,-0.265625,-0.136719,-0.042969,0.298828,-0.294556,0.366699,-0.830322
15.930479049682617,0.379761,-0.261719,-0.410156,-0.253906,-0.146484,-0.056641,-0.005859,0.298523,-0.295715,0.367676,-0.829590
15.949955224990845,0.411255,-0.468750,-0.210937,0.191406,-0.128906,-0.175781,0.003906,0.298950,-0.297424,0.368225,-0.828613
15.970850706100464,0.527466,0.863281,-0.535156,-0.644531,-0.027344,-0.152344,0.230469,0.301208,-0.297546,0.368835,-0.827454
15.990418434143066,0.548462,-0.613281,-0.328125,0.183594,0.054687,0.275391,0.505859,0.304260,-0.293823,0.370605,-0.826904
16.01037907600403,0.565308,-1.515625,0.003906,0.726562,-0.125000,0.255859,0.205078,0.304688,-0.291443,0.372986,-0.826477
16.03063130378723,0.597046,-0.386719,0.066406,-0.550781,-0.226562,0.150391,-0.041016,0.303101,-0.290955,0.375122,-0.826294
16.05092191696167,0.600220,-1.023438,-0.003906,-0.335938,-0.183594,0.117188,-0.244141,0.300171,-0.291321,0.376221,-0.826721
16.07017707824707,0.599243,-0.074219,0.457031,-0.320313,-0.142578,0.031250,-0.351563,0.296814,-0.292603,0.376465,-0.827393
16.090677499771118,0.583008,1.203125,0.218750,0.292969,0.031250,0.144531,-0.232422,0.294373,-0.292603,0.376160,-0.828369
16.11094355583191,0.593750,-0.191406,0.218750,1.113281,-0.054687,-0.052734,-0.074219,0.293701,-0.293396,0.376404,-0.828247
16.131048679351807,0.619751,2.957031,-0.292969,-0.472656,-0.144531,-0.175781,0.152344,0.295288,-0.294250,0.377563,-0.826843
16.150052309036255,0.627808,0.371094,-0.347656,-0.742187,-0.037109,0.169922,0.535156,0.298706,-0.291321,0.379700,-0.825684
16.171212911605835,0.633789,-3.292969,-0.332031,-0.632812,-0.025391,0.103516,0.248047,0.300415,-0.289307,0.380859,-0.825195
16.19106960296631,0.623535,-0.011719,-0.609375,-1.308594,0.089844,0.158203,0.064453,0.300598,-0.287903,0.380554,-0.825806
16.210350513458252,0.608276,0.308594,-1.566406,-2.964844,0.289063,-0.009766,-0.183594,0.299927,-0.287170,0.377747,-0.827576
16.23092246055603,0.541870,1.734375,-1.500000,-3.441406,0.771484,0.339844,-0.189453,0.299255,-0.282715,0.372192,-0.831848
16.25103449821472,0.463501,0.265625,1.066406,2.867188,0.720703,0.716797,-0.048828,0.298096,-0.275574,0.368347,-0.836426
16.270495891571045,0.394775,-1.640625,1.710938,3.503906,-0.033203,0.281250,-0.142578,0.295898,-0.273438,0.368713,-0.837708
16.298935890197754,0.298584,0.281250,0.804687,1.679688,-0.136719,0.207031,-0.136719,0.293518,-0.272766,0.370300,-0.838013
16.310309410095215,0.275146,-0.417969,0.753906,0.531250,-0.332031,0.126953,-0.142578,0.291077,-0.273132,0.372803,-0.837646
16.330623626708984,0.256226,1.062500,0.636719,-1.269531,-0.023437,0.001953,-0.087891,0.290283,-0.273376,0.372803,-0.837891
16.35102868080139,0.244629,0.878906,0.730469,0.164062,0.248047,-0.003906,0.089844,0.291443,-0.272766,0.371338,-0.838318
16.3711097240448,0.241333,-0.332031,-0.335938,-0.171875,-0.041016,-0.259766,0.005859,0.292358,-0.274719,0.370789,-0.837585
16.39056897163391,0.240234,-0.257813,-0.421875,-0.578125,0.033203,-0.287109,-0.046875,0.293030,-0.277283,0.369507,-0.837097
16.411580562591553,0.228271,-0.664062,-0.246094,-0.539062,0.082031,-0.351563,-0.146484,0.293335,-0.280457,0.367371,-0.836853
16.431512117385864,0.219849,-0.007813,-0.078125,-0.578125,0.150391,-0.375000,-0.173828,0.293640,-0.283752,0.364624,-0.836853
16.45113515853882,0.215576,-0.261719,0.519531,0.960937,0.078125,-0.376953,-0.144531,0.293945,-0.287292,0.362488,-0.836426
16.470717906951904,0.210815,0.011719,0.214844,1.000000,-0.142578,-0.408203,-0.189453,0.293518,-0.291565,0.361877,-0.835388
16.49129891395569,0.258545,0.417969,-0.421875,-0.226562,-0.162109,-0.312500,-0.164062,0.292725,-0.295288,0.361938,-0.834351
16.51152515411377,0.309204,1.199219,-0.445312,0.582031,-0.201172,-0.134766,-0.029297,0.292419,-0.297058,0.362915,-0.833374
16.530853509902954,0.331909,-0.394531,-0.160156,-0.015625,-0.093750,0.033203,0.119141,0.292908,-0.296753,0.364136,-0.832764
16.551510095596313,0.471436,-1.074219,-0.105469,0.839844,-0.107422,-0.037109,0.078125,0.293457,-0.297241,0.365173,-0.831970
16.5715754032135,0.565918,0.035156,-0.343750,0.804687,-0.191406,-0.232422,0.064453,0.294312,-0.298767,0.366577,-0.830505
16.59140658378601,0.611328,3.039063,-0.535156,-0.062500,-0.208984,0.306641,0.414062,0.296143,-0.295715,0.370056,-0.829407
16.61133074760437,0.643066,-2.289063,-0.003906,-0.804687,-0.050781,0.437500,0.525391,0.298462,-0.290771,0.372986,-0.829041
16.631599187850952,0.652832,-0.980469,0.277344,0.183594,-0.031250,0.228516,0.193359,0.299194,-0.288391,0.374451,-0.828918
16.650956630706787,0.664795,-0.304688,0.093750,0.144531,-0.058594,0.085937,0.037109,0.299011,-0.287659,0.375427,-0.828796
16.67185354232788,0.669189,-0.195312,-0.164062,0.046875,-0.080078,0.091797,-0.060547,0.297607,-0.287720,0.376221,-0.828918
16.691565990447998,0.653931,-3.132813,0.250000,-0.023437,-0.214844,-0.238281,-0.529297,0.293701,-0.292175,0.375854,-0.828918
16.71147918701172,0.637207,2.949219,-0.425781,-2.566406,-0.021484,-0.386719,-0.474609,0.291077,-0.297424,0.373352,-0.829102
16.7319233417511,0.574585,1.328125,-0.933594,-2.843750,0.427734,-0.308594,-0.121094,0.292236,-0.299316,0.368591,-0.830139
16.751917600631714,0.533447,0.878906,-1.714844,-2.812500,0.773437,0.068359,-0.011719,0.294067,-0.295898,0.362122,-0.833557
16.771703958511353,0.493774,-0.667969,0.410156,2.972656,1.302734,0.974609,0.021484,0.294434,-0.285034,0.355042,-0.840271
16.79131579399109,0.469727,-1.316406,2.929688,6.175781,0.427734,0.660156,-0.072266,0.292908,-0.278320,0.353088,-0.843811
16.812079668045044,0.453613,0.390625,2.871094,4.687500,-0.449219,0.103516,0.068359,0.291870,-0.278076,0.356934,-0.842651
16.831937074661255,0.457520,0.324219,1.132813,0.890625,-0.574219,0.009766,0.140625,0.291321,-0.279114,0.361816,-0.840454
16.85147476196289,0.442627,0.691406,-0.078125,-1.968750,-0.111328,0.080078,0.054687,0.291321,-0.278503,0.363281,-0.840027
16.8721661567688,0.405273,0.109375,0.726562,1.816406,0.091797,0.103516,0.164062,0.292358,-0.277222,0.363342,-0.840027
16.892093896865845,0.394287,-1.132813,-0.070312,0.148437,-0.078125,-0.201172,0.062500,0.293396,-0.278503,0.363586,-0.839111
16.911683320999146,0.378174,0.238281,-0.453125,-1.230469,0.021484,-0.117188,0.031250,0.294067,-0.279358,0.363098,-0.838806
16.931915044784546,0.355225,-0.121094,-0.238281,-0.632812,0.140625,-0.037109,-0.076172,0.294006,-0.279541,0.361694,-0.839417
16.951913356781006,0.352539,-0.375000,0.121094,0.531250,0.142578,-0.027344,-0.123047,0.293396,-0.279907,0.360107,-0.840149
16.9712917804718,0.320435,-0.496094,0.414062,0.804687,0.031250,-0.162109,-0.197266,0.292480,-0.281860,0.358765,-0.840393
16.99204182624817,0.273926,0.050781,0.527344,0.675781,-0.054687,-0.281250,-0.203125,0.291626,-0.284973,0.357910,-0.840027
17.01214599609375,0.279785,0.242187,-0.039063,0.707031,-0.166016,-0.197266,-0.115234,0.290833,-0.287781,0.358337,-0.839172
17.031697988510132,0.291992,0.757812,-0.359375,0.171875,-0.244141,-0.199219,-0.064453,0.290283,-0.290222,0.359497,-0.838013
17.05170726776123,0.333252,0.566406,-0.269531,-0.410156,-0.173828,-0.039063,0.035156,0.290222,-0.291016,0.360901,-0.837158
17.072328805923462,0.415771,-0.769531,-0.285156,0.296875,-0.101563,0.035156,0.070312,0.290527,-0.290955,0.362061,-0.836609
17.092323064804077,0.495605,1.976563,-0.496094,-0.265625,-0.113281,-0.091797,0.154297,0.291809,-0.290894,0.363342,-0.835632
17.112037420272827,0.571533,2.359375,-0.312500,-0.425781,-0.025391,0.384766,0.535156,0.294617,-0.286438,0.365967,-0.835022
17.13251543045044,0.646240,-2.128906,0.246094,0.257813,-0.085937,0.253906,0.330078,0.296204,-0.283142,0.368286,-0.834534
17.152292251586914,0.663452,0.238281,0.031250,0.531250,-0.052734,0.125000,0.074219,0.296143,-0.281860,0.369568,-0.834412
17.172375917434692,0.672119,-2.011719,-0.105469,1.468750,-0.148437,0.164062,-0.050781,0.294495,-0.281555,0.371338,-0.834351
17.19282865524292,0.670288,-0.609375,0.214844,-0.820312,-0.312500,-0.060547,-0.349609,0.291382,-0.283691,0.372681,-0.834106
17.212518453598022,0.665527,0.667969,0.523437,0.082031,-0.154297,-0.101563,-0.138672,0.290222,-0.285217,0.373047,-0.833801
17.231750965118408,0.667847,0.238281,-0.312500,0.472656,-0.050781,-0.082031,0.039063,0.290588,-0.285950,0.373352,-0.833252
17.252436637878418,0.672607,2.628906,-0.328125,-0.171875,-0.105469,0.158203,0.244141,0.291748,-0.284119,0.375244,-0.832703
17.27297329902649,0.670898,-0.984375,0.042969,-0.214844,-0.080078,0.267578,0.244141,0.292480,-0.281006,0.377502,-0.832458
17.292214155197144,0.672607,-0.554687,0.250000,-0.554687,-0.054687,0.199219,0.089844,0.292297,-0.279053,0.379028,-0.832458
17.312684774398804,0.672485,-1.328125,0.140625,0.457031,-0.138672,0.136719,-0.080078,0.290771,-0.278809,0.380310,-0.832520
17.333120346069336,0.671631,-1.382813,0.066406,-0.207031,-0.218750,-0.148437,-0.304688,0.288330,-0.281555,0.380615,-0.832275
17.353021383285522,0.663574,-0.320313,-0.058594,-1.027344,-0.048828,-0.240234,-0.365234,0.286011,-0.285522,0.379150,-0.832397
17.372182607650757,0.643921,-1.386719,-0.519531,-1.562500,0.169922,-0.484375,-0.447266,0.284729,-0.290039,0.375366,-0.833008
17.39273762702942,0.590454,0.289063,-1.531250,-1.394531,0.441406,-0.167969,-0.164062,0.285034,-0.290771,0.370850,-0.834656
17.41291832923889,0.555298,2.160156,-1.722656,-2.898438,0.703125,0.343750,-0.097656,0.285034,-0.286072,0.365784,-0.838562
17.432315826416016,0.525391,1.863281,0.152344,0.707031,0.808594,1.011719,0.164062,0.285034,-0.275574,0.362427,-0.843506
17.452855110168457,0.509888,-0.171875,2.257813,3.746094,0.201172,0.673828,0.269531,0.285339,-0.268372,0.363708,-0.845154
17.47317337989807,0.516113,-0.292969,0.628906,0.660156,-0.435547,0.158203,0.259766,0.285767,-0.266846,0.368469,-0.843445
17.492661952972412,0.516846,-1.218750,-0.074219,0.378906,-0.451172,0.080078,0.181641,0.285767,-0.266968,0.372742,-0.841492
17.513307571411133,0.503540,-0.769531,-0.050781,-1.046875,-0.234375,-0.085937,-0.035156,0.285278,-0.268188,0.374451,-0.840515
17.53324317932129,0.486572,0.839844,0.167969,-1.437500,0.078125,0.017578,0.027344,0.285522,-0.267883,0.374146,-0.840698
17.55224370956421,0.464111,-0.914062,-0.058594,0.363281,0.007813,0.005859,0.033203,0.285706,-0.267578,0.374084,-0.840698
17.573145627975464,0.449341,-0.109375,-0.632812,-0.320313,-0.060547,0.078125,-0.078125,0.284607,-0.267456,0.374573,-0.840881
17.593249797821045,0.448853,-0.347656,-0.250000,0.015625,-0.062500,0.115234,-0.166016,0.282715,-0.267151,0.375061,-0.841431
17.612597703933716,0.441772,0.609375,-0.023437,-0.175781,-0.037109,0.169922,-0.115234,0.281006,-0.266479,0.375427,-0.842102
17.63318681716919,0.435913,-0.277344,-0.074219,0.015625,-0.015625,0.134766,-0.160156,0.279175,-0.265991,0.375488,-0.842834
17.653318166732788,0.437988,0.750000,0.421875,0.292969,-0.068359,0.132812,-0.167969,0.277161,-0.265625,0.375977,-0.843384
17.67318296432495,0.436768,0.554687,0.351563,-0.167969,-0.033203,0.109375,-0.052734,0.276245,-0.265015,0.376343,-0.843689
17.692616939544678,0.435669,0.917969,0.660156,0.140625,-0.003906,0.066406,0.085937,0.276611,-0.264343,0.376831,-0.843567
17.71325922012329,0.454712,-0.300781,-0.320313,-0.304688,-0.095703,-0.068359,0.074219,0.277222,-0.264771,0.377625,-0.842896
17.733572006225586,0.473999,0.226562,-0.121094,-0.058594,-0.066406,-0.054687,0.033203,0.277588,-0.265259,0.378113,-0.842407
17.752935647964478,0.498779,0.082031,-0.265625,-0.203125,-0.042969,-0.037109,0.058594,0.278137,-0.265442,0.378540,-0.841980
17.773527145385742,0.574219,-0.031250,-0.105469,0.187500,-0.025391,-0.091797,0.093750,0.279053,-0.266174,0.378723,-0.841309
17.793712854385376,0.598877,-0.476562,-0.019531,0.632812,-0.056641,-0.298828,0.019531,0.280273,-0.268555,0.378479,-0.840271
17.81295418739319,0.616821,1.621094,0.031250,-0.003906,-0.025391,-0.259766,0.154297,0.282593,-0.269958,0.378296,-0.839111
17.833452939987183,0.629517,2.464844,0.261719,-1.261719,0.208984,0.125000,0.513672,0.286560,-0.267212,0.378235,-0.838684
17.85351800918579,0.625244,-1.703125,-0.203125,0.593750,0.117188,0.046875,0.267578,0.288940,-0.265503,0.377991,-0.838562
17.873234510421753,0.615112,-0.683594,-0.593750,-0.910156,0.058594,-0.072266,-0.052734,0.289001,-0.265869,0.377075,-0.838806
17.893560647964478,0.569580,-0.675781,-0.425781,-0.847656,0.134766,-0.044922,-0.232422,0.287659,-0.266724,0.375183,-0.839844
17.913397073745728,0.543457,-0.316406,-0.207031,-1.421875,0.257813,-0.064453,-0.343750,0.285706,-0.267761,0.372009,-0.841614
17.932963609695435,0.509033,0.300781,0.054687,-0.113281,0.261719,-0.072266,-0.365234,0.283569,-0.269165,0.368652,-0.843323
17.953598022460938,0.408691,1.160156,1.531250,1.839844,0.039063,-0.218750,-0.310547,0.281982,-0.271790,0.366943,-0.843811
17.973680019378662,0.398560,1.480469,0.542969,1.183594,-0.140625,-0.150391,-0.023437,0.281799,-0.273621,0.367493,-0.843018
17.993857860565186,0.421875,0.414062,-0.269531,0.984375,-0.210937,-0.060547,0.087891,0.282104,-0.274353,0.369324,-0.841858
18.01331377029419,0.441162,0.363281,-0.351563,-0.746094,-0.203125,0.060547,0.150391,0.282593,-0.273865,0.371643,-0.840820
18.03400444984436,0.542114,0.371094,-0.558594,-0.511719,-0.117188,0.101563,0.201172,0.283508,-0.272400,0.373657,-0.840149
18.055255889892578,0.599365,1.589844,-0.574219,-0.511719,-0.097656,0.449219,0.394531,0.284790,-0.267639,0.376648,-0.839844
18.07398271560669,0.622437,-0.820312,-0.386719,-0.648437,-0.048828,0.626953,0.318359,0.284973,-0.261414,0.380066,-0.840210
18.09385871887207,0.624634,-2.082031,-0.105469,-1.574219,-0.103516,0.466797,0.216797,0.284729,-0.257263,0.382568,-0.840454
18.11399483680725,0.617920,-0.320313,-0.472656,-3.093750,0.214844,-0.058594,-0.007813,0.285583,-0.256714,0.380676,-0.841187
18.133390188217163,0.596191,1.105469,-1.324219,-3.738281,0.718750,-0.042969,0.064453,0.287903,-0.254639,0.374390,-0.843872
18.153958559036255,0.524048,-0.058594,-2.125000,-3.902344,1.359375,0.337891,-0.050781,0.289490,-0.248169,0.364258,-0.849670
18.173996210098267,0.461914,-0.703125,2.230469,5.769531,1.037109,0.593750,-0.154297,0.288696,-0.241272,0.357056,-0.854980
18.19357419013977,0.423096,-0.273438,2.960938,6.917969,-0.033203,0.208984,-0.109375,0.286865,-0.240051,0.357605,-0.855713
18.2141432762146,0.413208,0.125000,1.542969,0.960937,-0.656250,-0.181641,-0.072266,0.285339,-0.243286,0.362610,-0.853210
18.23423194885254,0.399902,0.386719,0.480469,-1.343750,-0.429687,-0.099609,0.029297,0.284851,-0.245117,0.365906,-0.851379
18.253838300704956,0.395508,0.468750,0.710937,0.753906,0.070312,0.019531,0.072266,0.285522,-0.244812,0.365967,-0.851257
18.274285078048706,0.385498,-0.863281,0.441406,1.296875,-0.023437,-0.144531,0.119141,0.286926,-0.245605,0.365906,-0.850525
18.294307231903076,0.377319,0.070312,-0.386719,0.097656,-0.107422,-0.234375,0.060547,0.287903,-0.247742,0.366333,-0.849426
18.314600706100464,0.374756,-1.277344,-0.906250,-0.101563,-0.166016,-0.240234,-0.119141,0.287415,-0.250488,0.366699,-0.848633
18.33393907546997,0.368408,0.093750,-0.253906,-1.042969,-0.050781,-0.109375,-0.242187,0.285706,-0.252563,0.366211,-0.848816
18.354387760162354,0.355835,-0.261719,0.152344,-0.242187,0.027344,-0.080078,-0.273438,0.283752,-0.254272,0.365051,-0.849487
18.37430763244629,0.360107,-0.140625,0.210937,0.265625,0.013672,-0.171875,-0.306641,0.281799,-0.256714,0.363770,-0.849915
18.394041776657104,0.342896,0.035156,0.082031,0.425781,-0.023437,-0.232422,-0.277344,0.280212,-0.259705,0.362610,-0.850037
18.414681434631348,0.294434,0.824219,0.617187,1.054688,-0.074219,-0.185547,-0.218750,0.278870,-0.262390,0.362183,-0.849792
18.43446636199951,0.301758,0.714844,0.449219,1.253906,-0.265625,-0.183594,-0.062500,0.278320,-0.264771,0.363586,-0.848694
18.45400881767273,0.324585,0.355469,-0.199219,0.343750,-0.277344,-0.099609,0.011719,0.278015,-0.266357,0.365845,-0.847290
18.474619150161743,0.389893,0.753906,-0.167969,-0.152344,-0.269531,0.054687,0.095703,0.277893,-0.266479,0.368469,-0.846130
18.494547843933105,0.447876,-0.101563,-0.406250,-0.273438,-0.210937,0.015625,0.126953,0.278442,-0.266418,0.370667,-0.845032
18.514013528823853,0.542603,2.050781,-0.605469,-0.406250,-0.173828,0.052734,0.251953,0.279846,-0.265137,0.373108,-0.843933
18.534597396850586,0.587402,0.597656,-0.414062,-0.488281,-0.125000,0.468750,0.449219,0.281555,-0.260254,0.376526,-0.843323
18.554716110229492,0.592163,-1.402344,0.101563,-0.957031,-0.021484,0.310547,0.300781,0.282776,-0.256836,0.378540,-0.843079
18.574156522750854,0.590332,-0.718750,-0.128906,-1.078125,0.068359,0.117188,0.146484,0.283691,-0.255554,0.378601,-0.843140
18.594763040542603,0.550781,-1.078125,-0.535156,-1.062500,0.183594,-0.068359,-0.048828,0.283997,-0.255493,0.376709,-0.843872
18.614784002304077,0.506348,-0.414062,-0.437500,-1.347656,0.363281,-0.007813,-0.183594,0.283386,-0.255188,0.373169,-0.845764
18.634928226470947,0.471924,-0.121094,-0.574219,-1.152344,0.476562,0.193359,-0.292969,0.281494,-0.253357,0.369263,-0.848633
18.654303789138794,0.441162,-0.281250,1.785156,3.882813,0.119141,0.255859,-0.253906,0.278748,-0.252197,0.368286,-0.850342
18.674809455871582,0.467285,0.089844,1.660156,1.828125,-0.367188,-0.164062,-0.263672,0.276245,-0.254883,0.370300,-0.849487
18.695082187652588,0.498535,2.312500,0.230469,-0.542969,-0.343750,0.060547,0.031250,0.275391,-0.255493,0.373230,-0.848267
18.71440553665161,0.535156,0.199219,-0.304688,0.445312,-0.259766,0.117188,0.140625,0.275635,-0.254761,0.375854,-0.847229
18.734943151474,0.585937,0.367188,-0.054687,-1.019531,-0.158203,-0.175781,0.166016,0.277527,-0.255798,0.377075,-0.845764
18.75499939918518,0.601929,4.070312,0.031250,-2.074219,0.156250,-0.187500,0.562500,0.283325,-0.254517,0.376831,-0.844360
18.774439334869385,0.610840,-0.132812,-0.175781,-1.218750,0.478516,0.072266,0.873047,0.291016,-0.250000,0.375549,-0.843628
18.79497265815735,0.613281,-3.886719,-0.804687,0.398438,0.259766,-0.097656,0.283203,0.294617,-0.248535,0.373840,-0.843628
18.81505060195923,0.597046,-1.750000,-1.304688,-1.375000,0.320313,0.082031,-0.101563,0.294128,-0.247498,0.371094,-0.845276
18.834588527679443,0.572144,-1.875000,-2.101563,-1.558594,0.335938,0.281250,-0.587891,0.289368,-0.245789,0.367310,-0.849060
18.855154514312744,0.459473,1.949219,-1.007813,-1.753906,0.701172,0.646484,-0.623047,0.283508,-0.240967,0.362244,-0.854614
18.87546992301941,0.422241,-0.148437,2.210938,2.710938,0.185547,0.505859,-0.316406,0.279541,-0.237488,0.360901,-0.857422
18.89505672454834,0.400146,0.921875,2.050781,2.023438,-0.302734,0.103516,-0.056641,0.277832,-0.237610,0.363220,-0.856995
18.914644956588745,0.392334,-0.019531,0.355469,-0.382813,-0.310547,0.054687,0.037109,0.276978,-0.237976,0.366272,-0.855835
18.935381174087524,0.399902,-1.527344,-0.078125,0.179687,-0.191406,0.042969,-0.142578,0.275513,-0.238403,0.367676,-0.855591
18.95561957359314,0.391968,-0.187500,0.734375,1.679688,-0.072266,-0.044922,0.033203,0.275635,-0.239197,0.368347,-0.855042
18.97462248802185,0.393555,0.523437,0.074219,-1.039063,-0.218750,-0.257813,0.082031,0.276794,-0.241333,0.369568,-0.853516
18.995440006256104,0.387939,-0.320313,-0.644531,-1.484375,-0.044922,-0.125000,0.117188,0.278015,-0.242310,0.369873,-0.852783
19.015475034713745,0.380371,-1.375000,-1.000000,-0.296875,0.025391,-0.091797,-0.115234,0.277588,-0.243530,0.369141,-0.852844
19.03501296043396,0.377808,0.300781,0.480469,0.089844,0.025391,-0.148437,-0.193359,0.276550,-0.245422,0.368103,-0.853088
19.055201530456543,0.379395,-0.222656,1.054688,0.570312,-0.035156,-0.255859,-0.175781,0.276062,-0.248413,0.367249,-0.852783
19.075522661209106,0.375366,0.949219,1.414063,0.753906,-0.132812,-0.417969,-0.087891,0.276367,-0.252380,0.367188,-0.851562
19.094748497009277,0.384155,0.820312,-0.714844,-0.437500,-0.150391,-0.162109,0.003906,0.276611,-0.254272,0.368042,-0.850525
19.115612506866455,0.432373,0.328125,-0.460937,0.121094,-0.208984,0.050781,0.009766,0.276062,-0.254333,0.369812,-0.849915
19.135430097579956,0.477417,0.199219,-0.515625,0.343750,-0.244141,0.191406,0.019531,0.274963,-0.253357,0.372498,-0.849365
19.154876470565796,0.557861,0.007813,-0.367188,-0.515625,-0.287109,0.314453,0.033203,0.273376,-0.251282,0.375854,-0.849060
19.17552900314331,0.615479,1.343750,-0.269531,-1.511719,-0.140625,0.503906,0.119141,0.272156,-0.247314,0.378662,-0.849365
19.1953706741333,0.624023,-1.398438,0.699219,0.207031,-0.023437,0.332031,0.130859,0.272034,-0.244324,0.380005,-0.849670
19.21537733078003,0.623413,-0.792969,0.277344,1.906250,-0.023437,-0.205078,0.031250,0.273132,-0.245667,0.379822,-0.848999
19.235004425048828,0.621582,1.449219,0.367188,-0.652344,0.001953,-0.359375,0.183594,0.276245,-0.247742,0.379272,-0.847656
19.256022453308105,0.625610,2.242188,0.707031,-0.398438,0.210937,-0.236328,0.605469,0.282471,-0.247131,0.378296,-0.846191
19.27593469619751,0.631714,-1.375000,-1.085938,0.925781,0.181641,-0.099609,0.533203,0.287537,-0.245667,0.378174,-0.844971
19.295248985290527,0.634277,0.167969,-0.304688,-0.644531,-0.035156,0.062500,0.201172,0.289124,-0.244141,0.379211,-0.844360
19.315990447998047,0.641968,0.304688,-0.222656,-0.929687,-0.009766,0.394531,0.171875,0.289001,-0.240540,0.380798,-0.844727
19.336053609848022,0.644653,-0.980469,-0.328125,0.527344,-0.097656,0.425781,-0.003906,0.287292,-0.237305,0.382568,-0.845459
19.355264902114868,0.637207,-2.289063,-0.128906,0.695312,-0.177734,0.257813,-0.220703,0.284180,-0.236633,0.383972,-0.846069
19.375874280929565,0.621094,-0.914062,0.367188,-0.308594,-0.197266,-0.134766,-0.414062,0.280945,-0.239624,0.383972,-0.846313
19.39596438407898,0.607422,0.535156,0.316406,-0.726562,0.009766,-0.300781,-0.359375,0.279053,-0.243591,0.382141,-0.846619
19.41572093963623,0.590088,-0.289063,0.246094,-0.125000,0.130859,-0.417969,-0.333984,0.278259,-0.247925,0.378845,-0.847107
19.436246871948242,0.549805,0.347656,0.703125,0.464844,0.324219,-0.468750,-0.230469,0.278931,-0.252197,0.374390,-0.847595
19.45599937438965,0.533813,0.046875,1.410156,1.738281,0.173828,-0.800781,-0.140625,0.281067,-0.258789,0.370544,-0.846619
19.475428819656372,0.527344,1.976563,1.042969,1.257813,-0.244141,-0.595703,0.009766,0.282837,-0.264099,0.370422,-0.844421
19.496519565582275,0.555420,1.906250,-1.539063,-2.097656,-0.031250,-0.033203,0.173828,0.284180,-0.264404,0.371460,-0.843445
19.51624894142151,0.590576,0.812500,-0.398438,-0.312500,-0.238281,0.207031,0.160156,0.284302,-0.262573,0.374268,-0.842712
19.536097288131714,0.622192,0.238281,-0.589844,0.390625,-0.218750,0.455078,0.207031,0.283630,-0.258728,0.378052,-0.842407
19.555596590042114,0.646606,-1.414063,-0.742187,-0.160156,-0.326172,0.583984,0.064453,0.281311,-0.254761,0.382507,-0.842407
19.576479196548462,0.653076,-2.871094,-0.296875,0.453125,-0.294922,0.175781,-0.166016,0.278442,-0.254395,0.385193,-0.842224
19.59632158279419,0.639160,0.753906,-0.976562,-2.640625,-0.132812,0.173828,-0.287109,0.275208,-0.254272,0.386047,-0.842957
19.61565899848938,0.619263,2.230469,-1.339844,-5.253906,0.417969,0.398438,-0.156250,0.273499,-0.250000,0.383118,-0.846130
19.6361346244812,0.573242,2.296875,-0.175781,-1.972656,1.035156,0.753906,0.142578,0.274292,-0.241089,0.377441,-0.851013
19.656349658966064,0.581299,0.312500,2.863281,4.250000,0.341797,0.339844,0.296875,0.276489,-0.235901,0.376221,-0.852234
19.675761461257935,0.598267,1.968750,3.578125,2.886719,-0.400391,0.042969,0.585937,0.280518,-0.234375,0.381042,-0.849243
19.696182250976562,0.632080,0.500000,-1.691406,0.097656,-0.792969,0.033203,0.853516,0.285583,-0.232239,0.388184,-0.844910
19.716302633285522,0.643677,-4.238281,-3.750000,1.402344,-0.191406,0.505859,0.359375,0.286438,-0.229126,0.392578,-0.843445
19.736330270767212,0.644043,-5.765625,0.210937,1.792969,-0.572266,-0.386719,-0.310547,0.284058,-0.234131,0.395691,-0.841370
19.756444931030273,0.627930,-2.128906,-1.875000,-6.312500,0.000000,-0.326172,-0.486328,0.281311,-0.238831,0.393433,-0.842041
19.776530504226685,0.604614,4.160156,-2.617188,-8.382813,1.029297,0.005859,-0.562500,0.279236,-0.237793,0.383911,-0.847412
19.795960426330566,0.567749,1.808594,-1.199219,-2.121094,1.603516,0.513672,-0.183594,0.279480,-0.230530,0.371216,-0.854980
19.816664934158325,0.481567,1.187500,1.234375,0.703125,1.625000,0.082031,-0.179687,0.281311,-0.225525,0.357239,-0.861633
19.836551904678345,0.444458,0.789062,1.937500,2.730469,1.388672,0.203125,-0.017578,0.283386,-0.219971,0.345947,-0.866943
19.856640815734863,0.419189,-1.054688,1.789063,3.484375,0.835937,0.283203,-0.048828,0.283997,-0.215393,0.339294,-0.870544
19.87595772743225,0.403564,0.332031,2.101563,4.019531,0.265625,0.144531,-0.027344,0.283936,-0.213623,0.337341,-0.871765
19.89694857597351,0.403198,-1.171875,0.792969,2.566406,-0.296875,-0.111328,0.041016,0.283936,-0.215088,0.339417,-0.870544
19.91674280166626,0.392822,-1.523438,0.019531,1.109375,-0.542969,-0.263672,-0.091797,0.283020,-0.219177,0.343079,-0.868408
19.936493396759033,0.394653,1.187500,-0.269531,-1.078125,-0.500000,-0.257813,-0.134766,0.281738,-0.223083,0.346313,-0.866577
19.957056283950806,0.400391,0.910156,-0.382813,-1.300781,-0.298828,-0.052734,-0.001953,0.281250,-0.224609,0.348816,-0.865295
19.976956605911255,0.387939,0.289063,-0.238281,-0.953125,-0.248047,-0.080078,-0.001953,0.281006,-0.225952,0.350769,-0.864258
19.996154308319092,0.372559,0.398438,-0.867187,-1.773438,-0.171875,-0.042969,0.023437,0.280884,-0.226685,0.351990,-0.863586
20.01726508140564,0.350342,-0.980469,-0.875000,-0.710937,0.019531,0.062500,-0.109375,0.279968,-0.226624,0.351868,-0.864014
20.037004947662354,0.307007,0.382813,0.113281,0.050781,0.019531,0.041016,-0.144531,0.278748,-0.226807,0.351379,-0.864502
20.056737184524536,0.289063,0.402344,0.687500,0.664062,0.003906,-0.027344,-0.095703,0.278137,-0.227356,0.351135,-0.864685
20.07698106765747,0.265259,0.359375,0.468750,0.906250,-0.082031,-0.056641,0.007813,0.278198,-0.228088,0.351685,-0.864258
20.09706473350525,0.256592,-0.882812,-0.085937,1.054688,-0.193359,-0.101563,-0.029297,0.277954,-0.229614,0.352905,-0.863403
20.116875171661377,0.255005,0.128906,0.101563,0.250000,-0.248047,-0.107422,-0.066406,0.277283,-0.231445,0.354553,-0.862488
20.136871814727783,0.252197,0.312500,0.000000,-0.675781,-0.179687,-0.023437,-0.046875,0.276672,-0.232300,0.355896,-0.861877
20.1573429107666,0.251709,0.273438,-0.058594,-0.390625,-0.105469,0.041016,-0.007813,0.276184,-0.232361,0.356873,-0.861572
20.1770441532135,0.245361,-0.457031,-0.015625,-0.039063,-0.097656,0.031250,-0.035156,0.275696,-0.232483,0.357727,-0.861389
20.196934461593628,0.241455,0.187500,-0.089844,-0.183594,-0.062500,-0.033203,-0.003906,0.275635,-0.232971,0.358154,-0.861084
20.21719765663147,0.207397,0.066406,-0.128906,-0.414062,-0.035156,-0.015625,-0.054687,0.275269,-0.233398,0.358215,-0.861084
20.23716163635254,0.204834,0.515625,0.062500,-0.492187,0.009766,-0.009766,-0.039063,0.275024,-0.233582,0.358032,-0.861206
20.256744623184204,0.184814,0.097656,0.054687,-0.308594,0.042969,0.037109,-0.037109,0.274780,-0.233337,0.357666,-0.861450
20.277379751205444,0.179687,0.601562,0.054687,0.019531,0.035156,0.056641,0.033203,0.274902,-0.232666,0.357544,-0.861633
20.297371864318848,0.178833,-0.355469,0.015625,0.367188,0.039063,0.013672,-0.031250,0.274841,-0.232605,0.357178,-0.861877
20.31702494621277,0.188354,0.632812,0.316406,-0.093750,0.013672,-0.050781,-0.007813,0.275024,-0.232971,0.356873,-0.861816
20.33720850944519,0.186523,-0.250000,0.277344,0.210937,0.001953,-0.048828,0.019531,0.275452,-0.233337,0.356750,-0.861633
20.357593297958374,0.189331,0.203125,0.171875,0.183594,-0.050781,-0.072266,0.039063,0.276001,-0.233948,0.356995,-0.861206
20.37720012664795,0.182251,-0.515625,-0.359375,0.191406,0.000000,-0.021484,0.054687,0.276550,-0.234070,0.357056,-0.860962
20.397618770599365,0.192993,-0.027344,-0.089844,-0.078125,-0.023437,-0.042969,-0.021484,0.276611,-0.234436,0.357056,-0.860840
20.417871713638306,0.187256,0.234375,-0.050781,-0.347656,0.011719,-0.019531,0.017578,0.276855,-0.234619,0.356934,-0.860718
20.437036275863647,0.184082,-0.187500,0.062500,0.000000,0.003906,-0.039063,0.001953,0.277161,-0.234863,0.356750,-0.860657
20.457885026931763,0.182007,0.125000,-0.058594,-0.046875,0.048828,0.009766,0.029297,0.277527,-0.234619,0.356445,-0.860779
20.47773313522339,0.182495,0.164062,0.093750,0.289063,0.039063,0.009766,0.029297,0.277893,-0.234314,0.356140,-0.860840
20.497663974761963,0.181030,0.171875,0.054687,0.175781,0.009766,-0.005859,0.048828,0.278381,-0.234131,0.356140,-0.860718
20.517624616622925,0.179687,-0.050781,-0.058594,-0.054687,0.015625,0.007813,0.023437,0.278687,-0.233948,0.356018,-0.860718
20.537742376327515,0.176392,0.179687,0.171875,0.089844,0.009766,-0.013672,0.017578,0.278992,-0.234009,0.355896,-0.860657
20.5578773021698,0.177612,0.140625,0.132812,0.136719,-0.009766,-0.027344,0.042969,0.279541,-0.234070,0.356018,-0.860413
20.577313899993896,0.176758,0.074219,-0.136719,-0.171875,-0.001953,-0.031250,0.056641,0.280090,-0.234131,0.356079,-0.860168
20.598063707351685,0.174805,-0.308594,-0.289063,0.058594,-0.007813,0.001953,0.017578,0.280334,-0.234131,0.356140,-0.860046
20.617727994918823,0.171875,0.226562,0.093750,0.097656,-0.015625,-0.013672,0.017578,0.280579,-0.234253,0.356262,-0.859924
20.637290000915527,0.169556,-0.234375,-0.167969,-0.125000,-0.009766,-0.025391,0.033203,0.281006,-0.234436,0.356323,-0.859741
20.658032655715942,0.164307,-0.273438,-0.214844,-0.046875,0.003906,-0.031250,0.001953,0.281189,-0.234680,0.356140,-0.859619
20.677699327468872,0.161499,-0.125000,-0.058594,-0.007813,0.013672,-0.029297,-0.017578,0.281311,-0.234985,0.355896,-0.859619
20.697381258010864,0.160034,0.257813,0.246094,0.375000,-0.003906,-0.037109,0.013672,0.281616,-0.235291,0.355835,-0.859497
