timestamp,pressure_value,linear_accel_x,linear_accel_y,linear_accel_z,gyro_x,gyro_y,gyro_z,orientation_r,orientation_i,orientation_j,orientation_k
0.012792587280273438,0.000000,-0.117188,-0.082031,-0.015625,0.021484,-0.031250,-0.005859,0.564880,-0.387512,0.191650,-0.702881
0.03276371955871582,0.000000,-0.003906,0.035156,0.175781,0.001953,-0.025391,-0.005859,0.565063,-0.387573,0.191284,-0.702759
0.05291342735290527,0.000000,-0.234375,0.062500,0.136719,-0.007813,-0.054687,-0.005859,0.565186,-0.387817,0.191040,-0.702576
0.07251310348510742,0.000000,-0.085937,-0.003906,0.101563,-0.011719,-0.064453,-0.009766,0.565308,-0.388306,0.190674,-0.702332
0.09296298027038574,0.000000,-0.203125,-0.082031,0.023437,-0.023437,-0.076172,-0.025391,0.565430,-0.388855,0.190308,-0.702026
0.1128849983215332,0.000000,0.019531,-0.074219,-0.082031,-0.007813,-0.066406,-0.027344,0.565430,-0.389526,0.189880,-0.701721
0.1325089931488037,0.000000,-0.109375,-0.074219,-0.074219,-0.007813,-0.078125,-0.039063,0.565430,-0.390137,0.189453,-0.701538
0.15263819694519043,0.000000,0.003906,-0.148437,-0.183594,0.009766,-0.048828,-0.058594,0.565369,-0.390808,0.188904,-0.701355
0.17291927337646484,0.000000,0.066406,-0.035156,-0.222656,0.027344,-0.041016,-0.072266,0.565247,-0.391174,0.188293,-0.701477
0.19289350509643555,0.000000,-0.066406,0.109375,0.167969,0.023437,-0.042969,-0.089844,0.565002,-0.391479,0.187561,-0.701660
0.21253395080566406,0.000000,-0.011719,0.371094,0.359375,-0.027344,-0.111328,-0.095703,0.564636,-0.391846,0.186829,-0.701965
0.23304200172424316,0.000000,-0.113281,0.484375,0.753906,-0.132812,-0.228516,-0.109375,0.564087,-0.393005,0.186035,-0.701965
0.2529611587524414,0.000000,-0.550781,0.109375,0.523437,-0.150391,-0.302734,-0.162109,0.563293,-0.395508,0.185120,-0.701416
0.27255773544311523,0.000000,0.398438,-0.281250,-0.441406,-0.099609,-0.187500,-0.126953,0.562317,-0.398621,0.183899,-0.700806
0.29312634468078613,0.000000,-0.062500,-0.433594,-0.695312,-0.001953,-0.134766,-0.150391,0.561401,-0.400757,0.182922,-0.700500
0.31333160400390625,0.000000,-0.261719,-0.375000,-0.726562,0.089844,-0.226562,-0.246094,0.560669,-0.402039,0.181519,-0.700745
0.3328380584716797,0.000000,-0.859375,-0.414062,-0.960937,0.205078,-0.169922,-0.324219,0.559753,-0.403381,0.178772,-0.701416
0.35295963287353516,0.000000,0.492187,-0.082031,-0.519531,0.263672,-0.164062,-0.289063,0.558777,-0.404053,0.175110,-0.702759
0.3734891414642334,0.000000,0.277344,-0.062500,-0.472656,0.318359,-0.265625,-0.259766,0.558228,-0.404358,0.171021,-0.703979
0.3930807113647461,0.000000,0.207031,-0.125000,-0.312500,0.351563,-0.250000,-0.273438,0.558228,-0.404907,0.166138,-0.704895
0.4133167266845703,0.000000,0.105469,-0.195312,-0.222656,0.318359,-0.136719,-0.294922,0.558167,-0.405151,0.161194,-0.705933
0.43337368965148926,0.000000,-0.132812,0.324219,0.398438,0.263672,-0.041016,-0.281250,0.557739,-0.404785,0.156982,-0.707397
0.4528639316558838,0.000000,0.210937,0.402344,0.214844,0.257813,-0.156250,-0.195312,0.557068,-0.404175,0.153564,-0.709045
0.4730391502380371,0.000000,0.718750,0.324219,0.464844,0.169922,-0.111328,-0.027344,0.557007,-0.404114,0.150269,-0.709839
0.49335241317749023,0.000000,0.058594,-0.191406,0.222656,0.093750,-0.009766,0.000000,0.557678,-0.404053,0.148193,-0.709778
0.5129632949829102,0.000000,0.535156,-0.089844,-0.605469,0.115234,0.257813,0.017578,0.558167,-0.403320,0.147461,-0.709961
0.5329258441925049,0.000000,0.886719,0.167969,0.167969,0.101563,0.396484,0.197266,0.558594,-0.400940,0.148132,-0.710815
0.5535366535186768,0.000000,1.218750,0.406250,0.847656,0.070312,0.628906,0.433594,0.559875,-0.397278,0.150330,-0.711365
0.5732243061065674,0.000000,0.035156,0.628906,0.472656,0.042969,0.699219,0.568359,0.562378,-0.391846,0.154968,-0.711426
0.5929050445556641,0.000000,-1.210938,0.468750,0.746094,-0.107422,0.468750,0.369141,0.565369,-0.385925,0.160706,-0.711060
0.613640308380127,0.000000,0.109375,0.363281,0.355469,-0.214844,0.294922,0.302734,0.567017,-0.382446,0.165649,-0.710449
0.6334149837493896,0.000000,-0.050781,0.074219,-0.250000,-0.154297,0.269531,0.253906,0.567993,-0.380859,0.170044,-0.709534
0.6531906127929688,0.000000,-0.140625,-0.210937,-0.449219,-0.103516,0.320313,0.187500,0.568726,-0.379395,0.173645,-0.708862
0.6739020347595215,0.014648,0.273438,-0.039063,-0.234375,-0.042969,0.361328,0.201172,0.569275,-0.377319,0.176880,-0.708740
0.6938316822052002,0.000000,-0.230469,0.175781,0.515625,-0.089844,0.298828,0.171875,0.569946,-0.374756,0.179993,-0.708740
0.7132003307342529,0.000000,-0.605469,0.320313,0.792969,-0.193359,0.173828,0.125000,0.570312,-0.372986,0.182922,-0.708618
0.7331118583679199,0.000000,-0.308594,0.160156,0.507812,-0.228516,0.054687,0.136719,0.570312,-0.372620,0.185730,-0.708069
0.7537646293640137,0.006592,0.222656,0.085937,-0.003906,-0.167969,0.095703,0.205078,0.570435,-0.373169,0.188171,-0.707092
0.773705005645752,0.017578,0.652344,0.300781,-0.035156,-0.148437,0.062500,0.287109,0.571167,-0.373108,0.190613,-0.705811
0.7936675548553467,0.013062,-0.656250,0.117188,0.800781,-0.296875,-0.070312,0.160156,0.572449,-0.373169,0.193115,-0.704102
0.8138327598571777,0.024170,0.976562,0.238281,-0.234375,-0.292969,0.025391,0.255859,0.572815,-0.374695,0.195496,-0.702332
0.8338851928710938,0.015381,-0.417969,0.058594,-0.460937,-0.191406,-0.167969,0.251953,0.573547,-0.375916,0.198364,-0.700256
0.8539948463439941,0.030518,-0.019531,-0.148437,-0.621094,-0.109375,-0.205078,0.246094,0.575012,-0.377563,0.199768,-0.697754
0.8741395473480225,0.053833,-0.058594,-0.156250,-0.015625,-0.218750,-0.185547,0.175781,0.576721,-0.379211,0.200317,-0.695312
0.8937692642211914,0.052368,0.210937,0.234375,0.375000,-0.341797,-0.121094,0.130859,0.577576,-0.381409,0.201355,-0.693054
0.913705587387085,0.062744,0.531250,0.281250,-0.144531,-0.324219,-0.103516,0.193359,0.577637,-0.383911,0.203430,-0.691101
0.9339265823364258,0.065063,0.234375,0.023437,-0.671875,-0.193359,-0.171875,0.193359,0.578003,-0.386169,0.205627,-0.688843
0.954010009765625,0.068115,0.234375,-0.261719,-0.718750,-0.132812,-0.144531,0.136719,0.578979,-0.388000,0.206726,-0.686646
0.9735915660858154,0.080811,-0.339844,-0.007813,0.378906,-0.208984,-0.158203,0.058594,0.579712,-0.389587,0.207336,-0.684937
0.9944820404052734,0.093140,-0.394531,0.214844,0.394531,-0.328125,-0.230469,0.011719,0.579712,-0.391907,0.208008,-0.683472
1.014183759689331,0.094727,0.148437,0.109375,0.152344,-0.371094,-0.322266,0.017578,0.579102,-0.395264,0.208923,-0.681702
1.0338406562805176,0.097656,-0.425781,0.070312,-0.039063,-0.396484,-0.408203,0.005859,0.578552,-0.399536,0.209656,-0.679504
1.0538501739501953,0.091675,-0.062500,-0.027344,-0.105469,-0.439453,-0.433594,-0.005859,0.577881,-0.404602,0.209961,-0.676941
1.0741186141967773,0.089233,0.390625,-0.250000,-0.441406,-0.355469,-0.396484,0.021484,0.577087,-0.409973,0.210388,-0.674255
1.0944676399230957,0.091919,-0.070312,-0.601562,-0.761719,-0.218750,-0.304688,-0.037109,0.576599,-0.414673,0.210510,-0.671753
1.1245486736297607,0.125610,0.066406,-0.039063,-0.125000,-0.185547,-0.208984,-0.070312,0.575378,-0.420898,0.209656,-0.669189
1.1454181671142578,0.145996,0.343750,0.089844,0.066406,-0.187500,-0.220703,-0.029297,0.574951,-0.423401,0.209473,-0.668030
1.16619873046875,0.174072,-0.046875,-0.085937,-0.253906,-0.107422,-0.111328,0.050781,0.575134,-0.424805,0.209595,-0.666931
1.1852619647979736,0.199585,0.226562,-0.230469,-0.429687,-0.066406,-0.066406,0.064453,0.575500,-0.425476,0.209839,-0.666077
1.2043993473052979,0.216309,-0.386719,-0.148437,-0.382813,-0.015625,-0.066406,0.058594,0.576050,-0.425781,0.209839,-0.665466
1.2246673107147217,0.285400,0.089844,-0.148437,-0.507812,0.056641,0.015625,0.076172,0.576965,-0.425110,0.209900,-0.665100
1.2452306747436523,0.335083,3.046875,-0.109375,-0.628906,0.208984,0.292969,0.382813,0.579834,-0.421021,0.211914,-0.664551
1.2646327018737793,0.373535,-1.628906,-0.292969,0.410156,0.214844,0.589844,0.648437,0.583801,-0.414673,0.216187,-0.663696
1.285034418106079,0.432739,-0.832031,-0.132812,-0.632812,0.132812,0.425781,0.417969,0.586304,-0.410217,0.219299,-0.663269
1.3052904605865479,0.470093,-1.128906,-0.046875,0.460937,0.011719,0.218750,0.160156,0.587219,-0.408203,0.220947,-0.663147
1.3243346214294434,0.499146,-0.882812,-0.078125,0.554687,-0.142578,0.119141,0.031250,0.586731,-0.408142,0.222351,-0.663147
1.3452064990997314,0.506958,-2.117188,0.367188,0.410156,-0.253906,-0.123047,-0.261719,0.584473,-0.410767,0.222168,-0.663513
1.3650436401367188,0.486938,-0.832031,0.519531,0.343750,-0.224609,-0.302734,-0.425781,0.581726,-0.414795,0.220276,-0.664124
1.385439395904541,0.461670,1.632813,0.062500,-0.699219,-0.087891,-0.224609,-0.222656,0.580200,-0.417664,0.218567,-0.664185
1.4047722816467285,0.466309,0.921875,-0.093750,-0.187500,-0.060547,-0.134766,-0.083984,0.579712,-0.419128,0.217773,-0.663940
1.4252288341522217,0.514282,1.441406,-0.351563,-0.308594,-0.021484,0.097656,0.035156,0.579956,-0.418030,0.218994,-0.664001
1.4453785419464111,0.533691,2.687500,-0.269531,-1.351563,0.156250,0.648437,0.472656,0.581970,-0.412598,0.223328,-0.664246
1.4648900032043457,0.551392,-0.707031,0.093750,-0.082031,0.076172,0.359375,0.365234,0.583862,-0.408875,0.226440,-0.663818
1.4853613376617432,0.580688,0.082031,0.093750,0.296875,0.023437,0.046875,0.097656,0.584534,-0.408081,0.227234,-0.663452
1.5052697658538818,0.584229,-0.339844,0.261719,0.730469,-0.083984,0.033203,0.015625,0.584290,-0.408386,0.227905,-0.663208
1.5247704982757568,0.584473,-1.410156,0.117188,0.726562,-0.195312,-0.042969,-0.146484,0.582520,-0.410645,0.227844,-0.663452
1.5459365844726562,0.542725,-2.296875,0.109375,-0.605469,-0.175781,-0.378906,-0.509766,0.579468,-0.415405,0.224548,-0.664246
1.5653643608093262,0.514526,1.363281,-0.605469,-0.835937,-0.013672,-0.564453,-0.496094,0.577576,-0.420105,0.219543,-0.664673
1.5849928855895996,0.495605,1.738281,-0.484375,-0.269531,0.210937,-0.300781,-0.136719,0.577759,-0.421448,0.216125,-0.664673
1.6054415702819824,0.474487,1.234375,-0.652344,-0.968750,0.183594,0.271484,0.011719,0.578308,-0.418274,0.216309,-0.666199
1.6255488395690918,0.441162,0.828125,-0.851562,-2.226563,0.521484,0.814453,0.087891,0.579102,-0.410461,0.217834,-0.669800
1.6453402042388916,0.439941,0.003906,1.621094,1.855469,0.138672,0.476562,0.011719,0.578918,-0.406250,0.219666,-0.671997
1.664855718612671,0.437134,0.257813,0.980469,0.402344,-0.033203,0.126953,0.056641,0.578918,-0.405334,0.220886,-0.672119
1.6857712268829346,0.427734,0.761719,1.039063,1.886719,-0.171875,-0.050781,0.128906,0.579285,-0.406311,0.222290,-0.670776
1.7056677341461182,0.438354,0.984375,1.164063,1.246094,-0.406250,-0.068359,0.251953,0.579590,-0.407959,0.225281,-0.668518
1.7250702381134033,0.467773,0.480469,-0.644531,-1.085938,-0.111328,0.384766,0.228516,0.579895,-0.405945,0.229065,-0.668213
1.7458741664886475,0.513794,-0.277344,-0.406250,-1.527344,0.001953,0.445312,0.246094,0.580444,-0.402527,0.232666,-0.668518
1.765967845916748,0.522217,0.347656,-0.398438,-0.527344,0.046875,0.457031,0.212891,0.580994,-0.398804,0.235840,-0.669189
1.785163164138794,0.526367,-0.671875,-0.160156,0.234375,-0.050781,0.406250,0.074219,0.580444,-0.396240,0.238525,-0.670227
1.8058850765228271,0.522217,-1.566406,0.183594,0.929687,-0.074219,0.056641,-0.177734,0.578918,-0.396606,0.238892,-0.671204
1.8260746002197266,0.515137,-0.289063,0.300781,0.109375,-0.115234,-0.152344,-0.269531,0.577148,-0.398865,0.237793,-0.671814
1.8452403545379639,0.504395,0.031250,0.300781,0.171875,-0.048828,-0.343750,-0.173828,0.576538,-0.401917,0.235352,-0.671326
1.8661084175109863,0.500977,0.832031,0.023437,-0.601562,-0.005859,-0.533203,-0.158203,0.576782,-0.405640,0.231873,-0.670044
1.8861470222473145,0.522949,3.070313,-0.222656,-1.183594,0.140625,-0.337891,0.062500,0.578735,-0.406677,0.229492,-0.668579
1.9055562019348145,0.555176,2.550781,-0.222656,-0.503906,0.277344,0.216797,0.572266,0.582886,-0.402893,0.230774,-0.666870
1.925849437713623,0.605469,-0.593750,-0.437500,0.843750,0.117188,0.328125,0.472656,0.585632,-0.398926,0.234009,-0.665710
1.946380376815796,0.619629,-1.230469,-0.144531,0.109375,-0.080078,0.478516,0.279297,0.586121,-0.395813,0.238159,-0.665649
1.9659981727600098,0.625977,-3.664063,-0.742187,0.203125,-0.150391,0.222656,0.017578,0.585327,-0.395386,0.240051,-0.665894
1.9859304428100586,0.622070,-1.062500,-1.253906,-2.234375,0.027344,-0.466797,-0.291016,0.584595,-0.398438,0.236572,-0.666016
2.0062713623046875,0.589966,0.054687,-2.886719,-2.941406,0.439453,-0.173828,-0.265625,0.584900,-0.397888,0.231262,-0.667847
2.0259082317352295,0.555298,0.820312,1.421875,3.203125,0.734375,0.080078,-0.365234,0.585144,-0.394470,0.226013,-0.671509
2.045902967453003,0.513184,-0.480469,1.246094,2.484375,-0.138672,0.191406,-0.107422,0.583679,-0.393860,0.227234,-0.672729
2.0658442974090576,0.436768,0.246094,0.597656,-1.433594,-0.361328,0.388672,0.033203,0.581604,-0.393311,0.231689,-0.673340
2.0861096382141113,0.403076,-0.585937,0.796875,-1.171875,-0.099609,0.388672,-0.017578,0.580200,-0.391357,0.234680,-0.674622
2.1058411598205566,0.372070,0.085937,1.593750,0.882812,0.048828,0.218750,-0.031250,0.579651,-0.389709,0.235474,-0.675781
2.1262919902801514,0.250000,-0.082031,1.109375,0.597656,0.115234,-0.009766,-0.111328,0.579346,-0.389404,0.234070,-0.676697
2.1462817192077637,0.174805,0.429687,0.964844,1.273438,0.236328,-0.208984,-0.279297,0.578857,-0.390198,0.230713,-0.677856
2.165909767150879,0.115356,0.972656,0.917969,2.175781,-0.074219,-0.304688,-0.228516,0.577820,-0.393005,0.228271,-0.677917
2.1868252754211426,0.043823,0.351563,-0.546875,-0.558594,-0.087891,-0.431641,-0.228516,0.576904,-0.396973,0.225525,-0.677307
2.206469774246216,0.056519,0.273438,-0.628906,-1.371094,-0.074219,-0.419922,-0.228516,0.576050,-0.400574,0.222656,-0.676819
2.2259020805358887,0.049194,0.285156,-0.722656,-1.554688,0.080078,-0.263672,-0.212891,0.575562,-0.402527,0.219604,-0.677124
2.246933937072754,0.008667,-0.351563,-0.562500,-0.375000,0.164062,-0.240234,-0.238281,0.575134,-0.403748,0.216187,-0.677795
2.266594648361206,0.000000,0.160156,0.101563,0.738281,0.050781,-0.185547,-0.253906,0.574158,-0.405334,0.213623,-0.678589
2.286381721496582,0.000000,0.269531,0.132812,0.597656,-0.041016,-0.162109,-0.197266,0.572998,-0.407166,0.212097,-0.678894
2.3063859939575195,0.006714,-0.363281,0.332031,0.792969,-0.156250,-0.244141,-0.189453,0.571716,-0.410034,0.210937,-0.678650
2.327047109603882,0.017090,0.632812,0.265625,0.179687,-0.171875,-0.199219,-0.115234,0.570679,-0.412598,0.210449,-0.678040
2.346351146697998,0.000000,-0.203125,0.320313,0.601562,-0.156250,-0.216797,-0.025391,0.570251,-0.415161,0.210205,-0.676941
2.3664326667785645,0.000000,0.304688,0.187500,0.042969,-0.244141,-0.318359,-0.029297,0.569763,-0.418579,0.209961,-0.675354
2.3868484497070312,0.047119,0.585937,-0.515625,-0.460937,-0.173828,-0.208984,0.031250,0.569641,-0.421021,0.210022,-0.673889
2.4069736003875732,0.074585,-0.738281,-0.195312,0.144531,-0.166016,-0.228516,-0.031250,0.569458,-0.423096,0.209839,-0.672791
2.4263916015625,0.108032,-0.320313,-0.300781,-0.605469,-0.066406,-0.078125,0.046875,0.569641,-0.424011,0.209900,-0.672058
2.447197437286377,0.148560,-0.402344,-0.148437,-0.214844,-0.003906,-0.068359,0.021484,0.569946,-0.424500,0.209656,-0.671570
2.466850757598877,0.232422,0.226562,-0.300781,-0.070312,0.015625,-0.033203,0.052734,0.570801,-0.423950,0.209778,-0.671143
2.4865198135375977,0.295410,3.628906,-0.214844,-1.007813,0.212891,0.544922,0.492187,0.573486,-0.419128,0.212769,-0.670959
2.507439613342285,0.387573,-1.089844,0.066406,0.140625,0.074219,0.281250,0.279297,0.575256,-0.416077,0.214966,-0.670654
2.5271828174591064,0.414307,-0.261719,-0.007813,-0.554687,0.027344,0.085937,0.080078,0.575806,-0.415100,0.215698,-0.670532
2.5465502738952637,0.426758,0.246094,-0.199219,-0.058594,0.009766,0.082031,0.035156,0.575867,-0.414612,0.216187,-0.670654
2.5675501823425293,0.414429,-1.187500,-0.156250,0.535156,-0.113281,-0.029297,-0.126953,0.574585,-0.415833,0.216248,-0.670959
2.5869007110595703,0.387939,0.449219,0.152344,-0.812500,-0.164062,-0.068359,-0.265625,0.572510,-0.417786,0.215698,-0.671692
2.6072165966033936,0.361206,-0.171875,0.191406,0.625000,-0.085937,-0.115234,-0.191406,0.571167,-0.419434,0.214783,-0.672119
2.6267428398132324,0.356201,0.925781,0.113281,-0.207031,-0.023437,-0.107422,-0.042969,0.570923,-0.420410,0.214172,-0.671875
2.647087812423706,0.360229,-0.003906,-0.039063,-0.316406,0.031250,0.042969,-0.001953,0.570984,-0.420105,0.214233,-0.672058
2.666975498199463,0.382935,1.523438,-0.421875,-0.261719,0.027344,0.117188,0.064453,0.571411,-0.418579,0.215210,-0.672241
2.6866211891174316,0.421265,2.105469,-0.222656,-1.351563,0.152344,0.677734,0.425781,0.573364,-0.412842,0.219299,-0.672852
2.707066774368286,0.488403,-1.031250,0.050781,0.324219,0.140625,0.531250,0.373047,0.575134,-0.407837,0.222900,-0.673218
2.727074384689331,0.516846,-1.421875,0.136719,0.316406,-0.041016,0.160156,0.091797,0.575378,-0.406555,0.224609,-0.673218
2.746899127960205,0.524902,-2.164063,0.191406,1.078125,-0.142578,-0.087891,-0.054687,0.574524,-0.408142,0.224731,-0.672913
2.7675492763519287,0.520386,-1.339844,0.230469,0.164062,-0.210937,-0.361328,-0.369141,0.572021,-0.412598,0.222839,-0.673035
2.787529230117798,0.476929,0.167969,0.066406,-0.546875,-0.191406,-0.363281,-0.419922,0.569336,-0.417053,0.220215,-0.673340
2.8070926666259766,0.454346,0.359375,-0.253906,-0.566406,0.021484,-0.351563,-0.236328,0.568542,-0.419983,0.216919,-0.673279
2.8274590969085693,0.422607,0.671875,-1.089844,-1.753906,0.166016,-0.429687,-0.195312,0.569031,-0.421814,0.212708,-0.673096
2.847529411315918,0.401245,2.082031,-2.148438,-4.238281,0.626953,0.310547,0.001953,0.570740,-0.416382,0.210205,-0.675781
2.867522954940796,0.364014,-0.164062,-1.015625,-0.703125,0.851562,0.992187,-0.054687,0.571777,-0.405823,0.209900,-0.681396
2.886852979660034,0.328735,0.109375,1.902344,2.367188,0.224609,0.708984,-0.054687,0.571045,-0.399536,0.211914,-0.685120
2.907836675643921,0.332764,0.222656,1.488281,2.015625,-0.097656,0.361328,0.007813,0.570068,-0.397522,0.214539,-0.686279
2.927402973175049,0.335938,0.269531,1.597656,2.589844,-0.238281,-0.060547,0.074219,0.569702,-0.399170,0.216187,-0.685120
2.9474122524261475,0.329468,0.246094,1.000000,0.820312,-0.412109,-0.332031,0.111328,0.569519,-0.403381,0.217529,-0.682373
2.967874765396118,0.328369,-0.750000,-0.644531,-0.863281,-0.375000,-0.412109,0.044922,0.569214,-0.408203,0.217834,-0.679687
2.987792730331421,0.325684,-0.164062,-0.316406,-0.675781,-0.263672,-0.472656,-0.089844,0.568604,-0.413025,0.216736,-0.677612
3.0070199966430664,0.324341,0.281250,-0.414062,-0.593750,-0.179687,-0.429687,-0.070312,0.568298,-0.416931,0.215393,-0.675903
3.027780771255493,0.346436,0.066406,-0.398438,-0.246094,-0.128906,-0.197266,-0.025391,0.567993,-0.419067,0.215088,-0.674927
3.047736406326294,0.363770,-0.003906,-0.230469,-0.238281,-0.099609,0.035156,0.029297,0.567688,-0.419495,0.216003,-0.674622
3.066986322402954,0.400146,1.062500,-0.492187,-0.125000,-0.058594,0.138672,0.093750,0.567871,-0.418274,0.217957,-0.674561
3.087857484817505,0.502197,2.726563,-0.316406,-1.558594,0.109375,0.623047,0.433594,0.569885,-0.412598,0.222534,-0.674927
3.1081044673919678,0.520630,-0.511719,0.183594,-0.394531,0.220703,0.660156,0.494141,0.572266,-0.406433,0.226562,-0.675232
3.1275084018707275,0.520752,-0.878906,-0.199219,-0.554687,-0.021484,0.062500,-0.011719,0.572266,-0.405762,0.227051,-0.675537
3.1480371952056885,0.487305,-3.015625,-0.636719,0.761719,0.001953,-0.179687,-0.255859,0.570618,-0.408020,0.224731,-0.676270
3.168104887008667,0.465698,-1.656250,-0.820312,-1.066406,-0.099609,-0.587891,-0.820312,0.566467,-0.413574,0.219238,-0.678223
3.187873363494873,0.417969,1.757813,0.976562,-0.308594,0.015625,-0.414062,-0.636719,0.562744,-0.418396,0.213989,-0.680054
3.2072932720184326,0.337158,3.929688,1.753906,1.355469,-0.445312,-0.562500,-0.552734,0.558838,-0.425293,0.211731,-0.679687
3.2279417514801025,0.310059,2.308594,-0.183594,-0.589844,-0.519531,-0.228516,0.136719,0.557800,-0.429382,0.213989,-0.677307
3.248046636581421,0.340698,-0.183594,-1.800781,-1.179688,-0.154297,0.115234,0.169922,0.558167,-0.429382,0.216248,-0.676270
3.2678496837615967,0.360840,-0.296875,-0.691406,-2.542969,0.099609,0.183594,0.169922,0.559265,-0.427307,0.217407,-0.676331
3.288327932357788,0.352173,-0.074219,-0.898437,-0.238281,0.292969,0.441406,0.187500,0.560608,-0.422607,0.218750,-0.677673
3.3078601360321045,0.333130,-1.027344,-0.644531,0.343750,0.179687,0.609375,0.083984,0.560730,-0.417053,0.221191,-0.680237
3.327672004699707,0.320190,0.628906,-0.171875,-0.808594,0.294922,0.785156,0.023437,0.560364,-0.410400,0.223877,-0.683716
3.348780632019043,0.334717,0.351563,1.554688,2.074219,-0.021484,0.490234,0.134766,0.560242,-0.406616,0.227051,-0.685059
3.3679680824279785,0.371948,0.562500,0.886719,0.953125,-0.048828,0.226562,0.205078,0.560791,-0.404968,0.229614,-0.684631
3.3878519535064697,0.400513,-0.472656,0.421875,0.753906,-0.220703,0.046875,0.205078,0.561218,-0.405273,0.232056,-0.683350
3.4086039066314697,0.418091,-0.121094,-0.238281,-0.378906,-0.152344,0.017578,0.105469,0.561279,-0.405884,0.233582,-0.682373
3.428391933441162,0.408813,-0.503906,-0.078125,-0.171875,-0.101563,-0.062500,0.029297,0.561279,-0.406799,0.234009,-0.681702
3.4479799270629883,0.380493,-0.648437,0.039063,0.195312,-0.039063,-0.261719,-0.035156,0.561523,-0.408691,0.232849,-0.680725
3.4688518047332764,0.339600,-0.191406,-0.312500,-1.050781,0.039063,-0.279297,-0.029297,0.562134,-0.410461,0.230896,-0.679871
3.4885268211364746,0.345215,0.605469,-0.589844,-0.644531,0.111328,-0.101563,0.035156,0.563049,-0.410461,0.229614,-0.679504
3.5086305141448975,0.355835,0.531250,-0.750000,-1.058594,0.164062,0.171875,0.121094,0.564148,-0.408081,0.230103,-0.679932
3.528033971786499,0.398682,0.308594,-0.101563,0.578125,0.132812,0.472656,0.234375,0.565186,-0.403748,0.232666,-0.680725
3.548471212387085,0.479004,0.136719,0.214844,0.898437,0.048828,0.419922,0.242187,0.566040,-0.399658,0.236084,-0.681274
3.5685949325561523,0.500977,0.039063,0.113281,-0.480469,0.076172,0.501953,0.289063,0.567017,-0.395264,0.239807,-0.681763
3.588393211364746,0.521362,-0.167969,0.804687,0.425781,0.070312,0.226562,0.259766,0.568298,-0.393005,0.241516,-0.681335
3.608220338821411,0.536499,0.699219,0.582031,0.093750,-0.060547,-0.271484,0.085937,0.569458,-0.394653,0.240723,-0.679687
3.628692388534546,0.528809,-0.527344,0.312500,-1.031250,0.042969,-0.435547,0.042969,0.570923,-0.397156,0.238281,-0.677917
3.648437023162842,0.484863,-0.437500,-0.542969,-0.800781,0.142578,-0.406250,-0.050781,0.571960,-0.399414,0.234802,-0.676880
3.669037103652954,0.426880,-1.343750,-0.453125,-0.496094,0.125000,-0.361328,-0.195312,0.572021,-0.401428,0.231384,-0.676819
3.6887524127960205,0.431030,-1.062500,-0.964844,0.308594,0.076172,-0.005859,-0.125000,0.571167,-0.401672,0.230347,-0.677734
3.7083168029785156,0.428467,0.441406,-0.898437,-0.937500,-0.054687,0.312500,-0.246094,0.568909,-0.399963,0.231567,-0.680298
3.728851318359375,0.408447,1.078125,-0.730469,-1.578125,0.177734,0.748047,-0.064453,0.567261,-0.394226,0.234253,-0.684021
3.7491791248321533,0.406006,-0.191406,-0.207031,0.437500,0.146484,0.724609,-0.060547,0.565735,-0.388855,0.236938,-0.687500
3.769261360168457,0.425537,0.070312,1.085938,0.414062,0.027344,0.355469,-0.089844,0.564392,-0.386414,0.238464,-0.689453
3.788717746734619,0.438477,-0.367188,0.781250,1.074219,-0.054687,0.056641,-0.113281,0.563232,-0.386536,0.238586,-0.690247
3.808892250061035,0.435181,-0.031250,0.398438,0.367188,-0.087891,-0.169922,-0.210937,0.561890,-0.388733,0.237488,-0.690491
3.8294317722320557,0.416748,-0.578125,0.710937,-0.121094,-0.158203,-0.439453,-0.214844,0.560791,-0.393188,0.235168,-0.689636
3.8485260009765625,0.381958,0.070312,0.367188,0.062500,-0.164062,-0.759766,-0.291016,0.559875,-0.399841,0.231262,-0.687927
3.8689332008361816,0.298096,0.691406,-0.039063,0.132812,-0.242187,-0.701172,-0.207031,0.559082,-0.406128,0.228088,-0.685852
3.889538049697876,0.299072,1.339844,-1.105469,-0.675781,-0.089844,-0.277344,-0.042969,0.559082,-0.408936,0.226929,-0.684631
3.9087984561920166,0.310303,-0.222656,-0.484375,-0.210937,-0.056641,-0.058594,0.095703,0.559570,-0.409424,0.227356,-0.683838
3.9291908740997314,0.420166,0.812500,-0.398438,0.089844,0.027344,0.105469,0.160156,0.560486,-0.408020,0.228699,-0.683411
3.9491477012634277,0.484497,2.449219,-0.335938,-0.027344,0.039063,0.611328,0.480469,0.562683,-0.402649,0.233521,-0.683228
3.9685380458831787,0.531372,1.093750,0.335938,-0.355469,0.142578,0.830078,0.728516,0.565979,-0.395142,0.239685,-0.682739
3.989018201828003,0.575439,-1.410156,0.054687,-0.027344,0.000000,0.320313,0.376953,0.567810,-0.391602,0.243286,-0.681946
4.0096635818481445,0.585815,-0.082031,-0.015625,0.011719,-0.074219,0.089844,0.074219,0.567871,-0.390930,0.244873,-0.681702
4.028787851333618,0.591187,-0.496094,-0.082031,-0.003906,-0.140625,0.099609,-0.019531,0.566956,-0.391113,0.246094,-0.681946
4.049504041671753,0.579102,-2.343750,-0.074219,0.488281,-0.212891,-0.023437,-0.332031,0.564026,-0.393127,0.246338,-0.683105
4.0692458152771,0.586426,1.785156,0.238281,-0.027344,-0.187500,0.015625,-0.308594,0.561218,-0.394775,0.246582,-0.684387
4.089210510253906,0.608032,0.152344,0.031250,1.722656,-0.158203,0.085937,0.027344,0.560364,-0.395142,0.248291,-0.684265
4.1089513301849365,0.628418,3.257813,-0.402344,-1.382813,-0.126953,0.289063,0.304688,0.561279,-0.393005,0.251770,-0.683472
4.129423141479492,0.636963,0.210937,-0.050781,-1.796875,0.121094,0.400391,0.437500,0.563416,-0.389099,0.254578,-0.682922
4.1493659019470215,0.626099,-0.546875,-1.683594,-2.832031,0.226562,-0.056641,-0.001953,0.564575,-0.387756,0.252869,-0.683350
4.169230937957764,0.605347,-1.117188,-3.101563,-3.269531,0.705078,-0.054687,-0.181641,0.566101,-0.384338,0.247498,-0.685974
4.18952488899231,0.514282,-0.121094,-0.761719,-0.582031,0.923828,0.345703,-0.250000,0.566895,-0.377747,0.242615,-0.690735
4.209690570831299,0.437256,1.191406,1.890625,3.277344,0.226562,0.476562,0.023437,0.566406,-0.373718,0.243652,-0.692871
4.2295002937316895,0.353882,-1.082031,-0.164062,-2.191406,-0.392578,0.085937,-0.015625,0.564697,-0.374634,0.246948,-0.692627
4.24984884262085,0.223999,-0.906250,0.527344,-0.921875,-0.058594,0.087891,-0.166016,0.563049,-0.375061,0.247192,-0.693665
4.269786834716797,0.204712,-0.089844,1.070313,0.488281,0.083984,-0.191406,-0.304688,0.561829,-0.376465,0.244446,-0.694885
4.289619445800781,0.189331,0.867187,1.175781,0.511719,0.320313,-0.402344,-0.246094,0.562256,-0.378174,0.239075,-0.695496
4.309933185577393,0.128662,0.859375,1.636719,3.914063,0.298828,-0.570312,-0.136719,0.563416,-0.381104,0.233704,-0.694763
4.329848527908325,0.122559,-0.085937,0.617187,0.902344,-0.185547,-0.658203,-0.158203,0.563232,-0.386719,0.230530,-0.692871
4.349301338195801,0.102051,0.488281,-0.218750,-0.574219,-0.203125,-0.507812,-0.175781,0.562378,-0.391663,0.228577,-0.691467
4.371291637420654,0.085205,0.640625,-0.585937,-0.765625,-0.193359,-0.210937,-0.101563,0.561340,-0.394531,0.228210,-0.690735
4.390214920043945,0.083496,-0.585937,-0.492187,-0.265625,-0.160156,-0.140625,-0.099609,0.560303,-0.396729,0.228027,-0.690369
4.4099602699279785,0.083862,-0.175781,0.042969,0.109375,-0.126953,-0.248047,-0.126953,0.559448,-0.399414,0.227173,-0.689819
4.429750204086304,0.092773,-0.105469,0.050781,-0.121094,-0.123047,-0.312500,-0.107422,0.558899,-0.402405,0.225830,-0.688965
4.450179815292358,0.093872,0.183594,-0.285156,-0.164062,-0.060547,-0.308594,-0.091797,0.558594,-0.405273,0.224182,-0.688049
4.469863653182983,0.106689,0.550781,0.210937,0.257813,-0.132812,-0.373047,-0.136719,0.557983,-0.408630,0.222717,-0.687073
4.489500999450684,0.114990,0.441406,0.187500,0.335938,-0.175781,-0.218750,-0.054687,0.557312,-0.411255,0.222473,-0.686096
4.510187149047852,0.160645,0.035156,-0.246094,-0.015625,-0.177734,-0.164062,-0.021484,0.556763,-0.413391,0.222778,-0.685242
4.530211448669434,0.199341,0.027344,-0.308594,-0.183594,-0.117188,-0.068359,0.011719,0.556458,-0.414612,0.223145,-0.684570
4.549713373184204,0.272339,1.722656,-0.531250,-1.097656,-0.007813,-0.125000,0.085937,0.557312,-0.414856,0.223267,-0.683716
4.570383310317993,0.453247,1.109375,-0.261719,-0.859375,0.119141,0.302734,0.353516,0.559326,-0.411743,0.225342,-0.683289
4.590094089508057,0.485840,-1.707031,0.058594,0.808594,0.042969,0.189453,0.181641,0.560242,-0.409729,0.227112,-0.683167
4.610406875610352,0.512573,-0.843750,0.222656,0.832031,-0.134766,-0.037109,-0.054687,0.559204,-0.410889,0.227844,-0.683044
4.630594491958618,0.516602,-0.445312,0.312500,0.167969,-0.320313,-0.277344,-0.296875,0.556702,-0.414856,0.227356,-0.682861
4.650588750839233,0.489746,0.480469,0.398438,-0.742187,-0.195312,-0.265625,-0.263672,0.554626,-0.418335,0.226196,-0.682800
4.669870138168335,0.455078,0.722656,0.015625,-0.390625,-0.046875,-0.091797,-0.121094,0.553711,-0.419556,0.225708,-0.682922
4.690141916275024,0.475952,0.226562,-0.207031,0.230469,-0.062500,0.009766,-0.003906,0.553345,-0.419739,0.226257,-0.682922
4.710576772689819,0.513428,4.726562,-0.734375,-2.214844,0.003906,0.466797,0.238281,0.554260,-0.415344,0.229919,-0.683716
4.7302234172821045,0.540161,2.101563,0.238281,-0.851562,0.353516,1.351563,0.847656,0.558105,-0.403137,0.237915,-0.685120
4.749676704406738,0.550659,-1.691406,0.597656,0.699219,0.308594,0.900391,0.826172,0.562744,-0.393127,0.244263,-0.684937
4.770690202713013,0.567627,-1.890625,0.445312,0.660156,0.220703,0.333984,0.525391,0.566284,-0.388428,0.246582,-0.683838
4.790405035018921,0.570068,-1.546875,0.214844,0.500000,0.060547,-0.226562,0.169922,0.568359,-0.388916,0.245483,-0.682251
4.80986475944519,0.561768,0.140625,0.238281,-1.222656,0.154297,-0.406250,0.046875,0.570007,-0.390869,0.242249,-0.680908
4.830851316452026,0.423096,-2.070313,-0.175781,-0.457031,0.205078,-0.521484,-0.244141,0.570190,-0.393799,0.237122,-0.680847
4.850785970687866,0.357300,0.593750,-1.187500,0.816406,0.169922,-0.550781,-0.628906,0.568054,-0.397888,0.230957,-0.682373
4.869999647140503,0.346313,0.394531,-1.175781,-0.019531,0.029297,-0.156250,-0.427734,0.565308,-0.400085,0.228027,-0.684387
4.890610694885254,0.344604,0.402344,-0.851562,-0.648437,-0.017578,0.230469,-0.441406,0.561829,-0.399231,0.227783,-0.687805
4.910680770874023,0.358032,1.390625,-0.378906,-0.542969,0.103516,0.763672,-0.277344,0.558411,-0.394714,0.230164,-0.692383
4.930252552032471,0.357544,0.027344,1.507813,1.210938,-0.236328,0.519531,-0.277344,0.554565,-0.392944,0.233398,-0.695374
4.950939655303955,0.359619,0.859375,1.117188,0.753906,-0.285156,0.101563,-0.166016,0.551819,-0.394226,0.235535,-0.696106
4.970644235610962,0.386108,0.300781,0.773437,0.929687,-0.425781,-0.105469,-0.101563,0.549805,-0.397217,0.237488,-0.695435
4.990853548049927,0.407227,0.976562,-0.085937,-0.660156,-0.271484,-0.064453,-0.017578,0.548584,-0.399475,0.238953,-0.694519
5.0108559131622314,0.425903,-0.511719,-0.320313,-0.890625,-0.263672,-0.152344,-0.058594,0.547485,-0.402039,0.239624,-0.693726
5.030920505523682,0.447266,0.269531,-0.007813,-0.246094,-0.154297,-0.130859,-0.095703,0.546570,-0.404053,0.239563,-0.693237
5.051001071929932,0.445435,-0.167969,0.078125,0.121094,-0.082031,-0.111328,-0.011719,0.546326,-0.405396,0.239502,-0.692688
5.070680141448975,0.438110,-0.367188,0.039063,-0.023437,-0.029297,-0.085937,-0.001953,0.546448,-0.406067,0.239136,-0.692322
5.091138601303101,0.438110,1.179688,-0.382813,-1.152344,0.066406,0.039063,0.074219,0.547302,-0.405029,0.239075,-0.692261
5.111030340194702,0.469360,1.640625,-0.351563,-0.468750,0.251953,0.292969,0.373047,0.550049,-0.401306,0.240295,-0.691895
5.130990028381348,0.528442,-0.632812,-0.382813,0.386719,0.126953,0.058594,0.355469,0.552734,-0.399170,0.241211,-0.690613
5.151516914367676,0.611572,-0.847656,-0.183594,0.082031,-0.027344,-0.066406,0.103516,0.553528,-0.399292,0.241760,-0.689697
5.17134690284729,0.625488,-2.027344,0.558594,0.234375,-0.255859,-0.044922,-0.078125,0.552307,-0.401184,0.242493,-0.689392
5.190811634063721,0.621582,-0.566406,0.191406,-0.015625,-0.269531,-0.394531,-0.312500,0.550293,-0.405518,0.240906,-0.688965
5.21130108833313,0.583862,-0.812500,-0.167969,-0.941406,-0.050781,-0.437500,-0.269531,0.549194,-0.409485,0.237671,-0.688599
5.231608867645264,0.555176,-0.007813,-0.687500,-0.898437,0.109375,-0.443359,-0.240234,0.549011,-0.412292,0.233765,-0.688416
5.250667095184326,0.524536,1.445313,-1.601563,-2.046875,0.261719,-0.009766,-0.019531,0.549988,-0.410767,0.231750,-0.689331
5.271211385726929,0.413452,0.519531,-0.375000,-0.109375,0.509766,0.576172,0.103516,0.551208,-0.404297,0.231995,-0.692017
5.291135549545288,0.365479,0.195312,1.730469,2.226563,0.119141,0.601562,0.189453,0.551392,-0.399597,0.235657,-0.693359
5.311192035675049,0.361816,-1.980469,1.714844,1.355469,-0.460937,0.097656,0.128906,0.550293,-0.400330,0.240112,-0.692261
5.331234693527222,0.363525,-0.171875,-0.191406,-1.550781,-0.087891,0.126953,-0.001953,0.549561,-0.400024,0.241394,-0.692566
5.351475715637207,0.327759,0.308594,0.804687,1.062500,0.281250,0.003906,-0.123047,0.549805,-0.399048,0.239258,-0.693726
5.371500730514526,0.309204,0.378906,1.753906,2.976563,0.056641,-0.300781,-0.050781,0.550354,-0.400818,0.236816,-0.693115
5.391186952590942,0.291626,-0.253906,0.558594,0.250000,-0.001953,-0.470703,-0.070312,0.550964,-0.404053,0.233948,-0.691650
5.411594390869141,0.256592,-0.621094,-0.613281,-0.429687,0.115234,-0.384766,-0.107422,0.551514,-0.406372,0.230652,-0.690979
5.431591033935547,0.251831,0.406250,-0.753906,-0.554687,0.156250,-0.261719,-0.132812,0.551880,-0.407654,0.227661,-0.690979
5.450888633728027,0.251221,0.035156,-0.386719,-0.109375,0.125000,-0.119141,-0.083984,0.552002,-0.408020,0.225830,-0.691223
5.471874952316284,0.240479,-0.101563,-0.132812,0.003906,0.058594,-0.072266,-0.105469,0.551636,-0.408447,0.224548,-0.691711
5.491539001464844,0.221802,0.058594,0.359375,0.656250,0.025391,-0.117188,-0.134766,0.551086,-0.409424,0.223206,-0.692017
5.511120557785034,0.200195,-0.027344,0.351563,0.335938,-0.019531,-0.242187,-0.130859,0.550598,-0.411499,0.221619,-0.691711
5.531859874725342,0.174194,0.468750,0.273438,0.433594,-0.103516,-0.265625,-0.099609,0.550049,-0.414001,0.220398,-0.690979
5.551871061325073,0.170166,0.324219,0.128906,0.082031,-0.119141,-0.212891,-0.052734,0.549622,-0.416260,0.219971,-0.690125
5.5713584423065186,0.149536,-0.074219,-0.164062,0.039063,-0.150391,-0.183594,-0.021484,0.549255,-0.418274,0.220032,-0.689148
5.591931104660034,0.165894,0.214844,-0.261719,-0.312500,-0.146484,-0.109375,0.021484,0.549011,-0.419617,0.220520,-0.688354
5.611496448516846,0.184937,-0.074219,-0.324219,-0.039063,-0.082031,0.019531,0.054687,0.549011,-0.419983,0.221313,-0.687927
5.632145881652832,0.197021,-0.765625,-0.246094,-0.105469,-0.042969,0.011719,0.000000,0.548889,-0.419983,0.221802,-0.687866
5.651125907897949,0.260742,3.613281,-0.390625,-1.035156,0.130859,0.376953,0.302734,0.550598,-0.415955,0.224426,-0.688049
5.6721601486206055,0.444580,-0.453125,0.042969,0.703125,0.162109,0.732422,0.595703,0.553467,-0.409302,0.229248,-0.688171
5.691857814788818,0.502075,-1.484375,0.097656,0.113281,-0.007813,0.337891,0.255859,0.554504,-0.406311,0.232239,-0.688110
5.711206674575806,0.532593,-1.156250,0.113281,0.648437,-0.085937,0.142578,0.064453,0.554260,-0.405823,0.233765,-0.688110
5.732130527496338,0.557251,-1.507813,0.238281,0.734375,-0.224609,-0.191406,-0.212891,0.552368,-0.408630,0.233521,-0.687988
5.751939058303833,0.535156,0.023437,0.281250,-0.398438,-0.283203,-0.339844,-0.345703,0.549805,-0.412903,0.232239,-0.687988
5.771521091461182,0.484863,0.160156,0.320313,-0.453125,-0.095703,-0.173828,-0.263672,0.547913,-0.415405,0.230835,-0.688416
5.792205095291138,0.440308,0.531250,-0.175781,0.230469,-0.109375,-0.191406,-0.179687,0.546692,-0.417664,0.229797,-0.688416
5.812368631362915,0.459351,0.324219,-0.285156,-0.558594,-0.074219,-0.085937,-0.041016,0.546326,-0.418701,0.229614,-0.688110
5.831603765487671,0.493408,2.562500,-0.468750,-0.812500,0.048828,0.183594,0.195312,0.547485,-0.416382,0.231445,-0.687988
5.852508068084717,0.568115,2.167969,0.113281,-1.218750,0.234375,0.642578,0.582031,0.550537,-0.410034,0.235596,-0.687927
5.872207164764404,0.584717,-1.484375,-0.105469,-0.605469,0.078125,0.433594,0.390625,0.552551,-0.405579,0.238831,-0.687866
5.891531229019165,0.583740,-1.589844,-0.605469,-0.023437,0.119141,0.302734,0.140625,0.553162,-0.402771,0.240173,-0.688538
5.911916255950928,0.572266,-1.949219,-1.992188,-2.253906,0.253906,0.042969,-0.191406,0.552795,-0.401123,0.237976,-0.690613
5.9324541091918945,0.497925,-0.785156,-3.089844,-3.773438,0.804687,0.316406,-0.445312,0.552063,-0.395691,0.232605,-0.696045
5.952377796173096,0.386353,0.007813,1.230469,2.464844,0.904297,0.689453,-0.517578,0.550354,-0.387756,0.228271,-0.703369
5.971972942352295,0.317871,0.554687,2.261719,3.175781,0.201172,0.476562,-0.388672,0.547363,-0.383789,0.228149,-0.707825
5.992209434509277,0.277466,1.542969,2.929688,4.765625,-0.564453,0.361328,0.044922,0.544556,-0.384399,0.233459,-0.707947
6.01287579536438,0.276001,-1.125000,0.945312,0.500000,-0.748047,0.027344,0.064453,0.542175,-0.387634,0.238892,-0.706238
6.032083749771118,0.273926,0.078125,0.289063,-0.035156,-0.283203,0.128906,-0.017578,0.540527,-0.388550,0.241638,-0.705994
6.052425384521484,0.271606,-0.042969,0.640625,-0.218750,-0.117188,0.042969,-0.080078,0.539490,-0.389038,0.242249,-0.706299
6.07271671295166,0.273926,1.398438,0.769531,-0.199219,0.146484,-0.025391,-0.060547,0.539551,-0.388855,0.241272,-0.706726
6.092553615570068,0.275879,0.347656,0.968750,1.656250,-0.103516,-0.117188,-0.015625,0.539307,-0.390076,0.241211,-0.706238
6.1125688552856445,0.275024,0.253906,-0.316406,-0.726562,-0.132812,-0.160156,-0.017578,0.539062,-0.391907,0.241150,-0.705444
6.132871866226196,0.277344,-0.695312,-0.421875,-0.394531,-0.074219,-0.158203,-0.064453,0.538696,-0.393677,0.240540,-0.704956
6.152256488800049,0.284546,-0.199219,-0.476562,-0.800781,0.003906,-0.228516,-0.130859,0.538269,-0.395569,0.238770,-0.704834
6.172877550125122,0.280640,-0.519531,-0.378906,-0.066406,0.054687,-0.246094,-0.177734,0.537842,-0.397461,0.236389,-0.704895
6.192867040634155,0.282104,0.230469,0.179687,0.171875,0.037109,-0.291016,-0.181641,0.537354,-0.399780,0.233887,-0.704773
6.212804317474365,0.285889,0.328125,0.371094,0.921875,-0.033203,-0.287109,-0.115234,0.537048,-0.402344,0.232056,-0.704163
6.232413053512573,0.287109,-0.292969,0.148437,0.425781,-0.111328,-0.365234,-0.117188,0.536621,-0.405518,0.230591,-0.703125
6.252986192703247,0.289429,0.769531,0.187500,0.187500,-0.156250,-0.251953,-0.054687,0.536133,-0.408386,0.229980,-0.702087
6.2728111743927,0.293579,0.210937,-0.140625,0.191406,-0.164062,-0.222656,-0.054687,0.535645,-0.410828,0.229797,-0.701111
6.2924885749816895,0.296753,0.507812,-0.195312,-0.007813,-0.189453,-0.058594,0.003906,0.534973,-0.412292,0.230774,-0.700439
6.312995910644531,0.338257,0.066406,-0.171875,0.167969,-0.199219,0.132812,0.000000,0.533813,-0.412476,0.232910,-0.700439
6.333001136779785,0.367432,0.609375,0.015625,0.105469,-0.259766,0.375000,0.052734,0.532288,-0.411011,0.237000,-0.701111
6.35245943069458,0.433105,-0.140625,-0.269531,0.476562,-0.152344,0.666016,0.187500,0.531250,-0.407104,0.242371,-0.702332
6.373167991638184,0.499634,1.312500,0.070312,-0.929687,-0.117188,0.583984,0.283203,0.531555,-0.402710,0.247253,-0.703003
6.3930652141571045,0.508301,0.492187,0.191406,-1.550781,0.177734,0.482422,0.437500,0.533813,-0.397888,0.250183,-0.703003
6.412808656692505,0.512207,-2.695313,-0.078125,0.695312,0.058594,-0.001953,0.093750,0.534912,-0.396729,0.250366,-0.702698
6.433004379272461,0.489380,-0.320313,0.031250,0.152344,0.078125,-0.015625,0.029297,0.535400,-0.396484,0.249817,-0.702637
6.453153610229492,0.446289,-1.039063,0.253906,0.656250,0.007813,-0.160156,-0.083984,0.535339,-0.397705,0.248474,-0.702515
6.472877502441406,0.401733,-0.648437,0.351563,-0.214844,0.050781,-0.339844,-0.193359,0.534973,-0.400269,0.245728,-0.702271
6.493247747421265,0.338867,-0.890625,0.136719,0.113281,0.082031,-0.566406,-0.230469,0.535156,-0.404175,0.241577,-0.701416
6.513560771942139,0.353149,2.011719,-0.253906,-0.757812,0.130859,-0.498047,0.017578,0.536926,-0.406738,0.238098,-0.699707
6.533888578414917,0.364624,0.804687,-0.300781,-0.085937,0.216797,-0.134766,0.259766,0.539795,-0.406311,0.236755,-0.698242
6.552928447723389,0.406738,-0.125000,-0.253906,0.750000,0.013672,-0.005859,0.205078,0.541260,-0.405579,0.237427,-0.697266
6.5732409954071045,0.545776,1.519531,-0.230469,0.089844,-0.095703,0.386719,0.210937,0.541260,-0.403259,0.240845,-0.697388
6.5936009883880615,0.568848,-1.300781,-0.382813,0.804687,-0.392578,0.507812,0.042969,0.539001,-0.401611,0.246216,-0.698242
6.612672567367554,0.581177,-2.679688,-0.375000,-2.007813,-0.220703,0.208984,-0.195312,0.536255,-0.402039,0.248169,-0.699402
6.633669853210449,0.548706,-0.062500,-1.515625,-2.750000,0.154297,-0.250000,-0.234375,0.535767,-0.403015,0.244873,-0.700378
6.653392314910889,0.529907,-0.101563,-1.589844,-2.648438,0.923828,0.015625,-0.277344,0.537292,-0.398804,0.237610,-0.704102
6.672976732254028,0.481934,0.320313,0.585937,0.734375,1.103516,0.349609,-0.322266,0.538391,-0.391418,0.230957,-0.709595
6.693494081497192,0.318481,1.027344,2.167969,2.550781,0.474609,0.615234,-0.166016,0.537842,-0.384949,0.230469,-0.713745
6.713319301605225,0.270630,0.730469,2.410156,3.101563,-0.380859,0.554687,0.191406,0.536377,-0.382141,0.236450,-0.714355
6.741063117980957,0.221191,-0.808594,0.640625,0.207031,-0.578125,0.484375,0.093750,0.533752,-0.381592,0.243225,-0.714355
6.7535600662231445,0.195923,0.632812,0.570312,-0.886719,-0.451172,0.250000,-0.009766,0.531433,-0.382019,0.247681,-0.714355
6.773643255233765,0.170654,0.027344,0.343750,-1.164063,0.021484,0.107422,-0.025391,0.531067,-0.381226,0.248047,-0.714905
6.79347038269043,0.153198,0.632812,0.914062,0.359375,0.378906,-0.046875,-0.042969,0.532104,-0.380005,0.245422,-0.715698
6.8138744831085205,0.115967,-0.632812,0.863281,1.707031,-0.005859,-0.333984,0.009766,0.533020,-0.382141,0.243530,-0.714539
6.833504676818848,0.105103,-0.242187,-0.195312,-0.312500,-0.099609,-0.568359,-0.027344,0.533752,-0.386597,0.241089,-0.712402
6.853950023651123,0.072388,-0.589844,-0.699219,-1.007813,0.023437,-0.525391,-0.115234,0.534302,-0.390564,0.237671,-0.710999
6.873488903045654,0.016357,-0.125000,-0.648437,-0.773437,0.121094,-0.476562,-0.154297,0.534790,-0.393616,0.233826,-0.710205
6.8940160274505615,0.000000,0.007813,-0.320313,-0.382813,0.083984,-0.363281,-0.123047,0.535095,-0.396118,0.230652,-0.709595
6.9138617515563965,0.000000,0.578125,-0.027344,-0.375000,0.042969,-0.226562,-0.103516,0.535095,-0.397827,0.228699,-0.709290
6.933446407318115,0.000000,0.203125,0.242187,0.332031,0.009766,-0.197266,-0.039063,0.535278,-0.399231,0.227478,-0.708740
6.954066753387451,0.038574,0.687500,0.515625,0.851562,-0.091797,-0.177734,0.044922,0.535645,-0.400818,0.227417,-0.707642
6.9738852977752686,0.087280,0.097656,-0.027344,0.417969,-0.167969,-0.042969,0.189453,0.536316,-0.401611,0.229004,-0.706177
6.993633508682251,0.114624,0.167969,-0.457031,-0.250000,-0.140625,-0.009766,0.207031,0.537354,-0.401794,0.230835,-0.704651
7.014033555984497,0.291748,0.496094,-0.363281,-0.609375,-0.007813,0.136719,0.332031,0.539185,-0.400391,0.232849,-0.703369
7.034344673156738,0.321899,-0.406250,-0.195312,0.156250,-0.031250,0.166016,0.257813,0.540466,-0.398926,0.234802,-0.702576
7.053438186645508,0.356079,-0.476562,0.050781,0.085937,-0.048828,-0.007813,0.095703,0.540955,-0.398987,0.235474,-0.701904
7.074282169342041,0.373901,-0.300781,0.019531,0.179687,-0.080078,-0.146484,0.009766,0.541016,-0.400513,0.235291,-0.701111
7.093997240066528,0.378784,-0.730469,0.027344,0.417969,-0.158203,-0.302734,-0.113281,0.540222,-0.403748,0.234253,-0.700195
7.114534854888916,0.370850,-0.691406,-0.039063,0.273438,-0.240234,-0.308594,-0.269531,0.538147,-0.407654,0.233032,-0.699951
7.133871555328369,0.328247,0.289063,-0.230469,0.121094,-0.222656,-0.115234,-0.318359,0.535461,-0.410461,0.232544,-0.700562
7.154330253601074,0.333618,0.992187,-0.179687,-0.460937,-0.193359,0.033203,-0.160156,0.533447,-0.411438,0.233459,-0.701172
7.174190998077393,0.362305,-0.125000,-0.324219,0.031250,-0.126953,0.324219,-0.023437,0.531982,-0.410034,0.235779,-0.702332
7.194164514541626,0.388550,-0.195312,-0.039063,0.941406,-0.150391,0.378906,0.044922,0.531006,-0.407654,0.238831,-0.703430
7.2141735553741455,0.425171,0.429687,0.160156,-0.628906,0.044922,0.566406,0.224609,0.531433,-0.403320,0.242126,-0.704468
7.234455108642578,0.435791,-0.652344,0.242187,0.496094,0.097656,0.333984,0.246094,0.532410,-0.400269,0.244141,-0.704773
7.253958463668823,0.447510,-0.757812,0.015625,-0.156250,-0.017578,0.007813,-0.025391,0.532227,-0.399963,0.244629,-0.704956
7.274808406829834,0.434937,0.300781,-0.093750,0.589844,-0.152344,0.076172,-0.083984,0.530701,-0.400696,0.245544,-0.705322
7.294818639755249,0.411377,-0.132812,0.039063,-0.167969,-0.294922,-0.033203,-0.332031,0.527405,-0.403076,0.246216,-0.706238
7.313874959945679,0.413696,1.738281,0.007813,-0.804687,-0.185547,0.146484,-0.193359,0.525024,-0.403503,0.247559,-0.707275
7.334378957748413,0.489502,-1.125000,0.089844,1.195313,-0.083984,0.005859,0.019531,0.524719,-0.403381,0.248779,-0.707153
7.35463809967041,0.526611,3.226563,-0.277344,-1.019531,0.080078,0.361328,0.455078,0.527283,-0.399658,0.251526,-0.706421
7.373894453048706,0.531738,-2.363281,-0.312500,0.375000,0.291016,0.332031,0.593750,0.531433,-0.394409,0.253601,-0.705505
7.394668817520142,0.526855,-2.093750,-0.359375,-0.539062,0.164062,0.103516,0.158203,0.533020,-0.392273,0.253601,-0.705505
7.414720296859741,0.506714,-0.570312,-0.613281,-0.226562,0.164062,0.083984,-0.091797,0.532776,-0.391174,0.252380,-0.706726
7.434647560119629,0.454834,-2.066406,-0.722656,-0.171875,0.128906,0.019531,-0.396484,0.530640,-0.390808,0.250183,-0.709290
7.453948020935059,0.393066,0.832031,0.382813,0.003906,0.246094,0.357422,-0.349609,0.528198,-0.388184,0.248901,-0.712952
7.474484443664551,0.299438,0.761719,1.160156,1.609375,0.128906,0.355469,-0.181641,0.526550,-0.385498,0.249084,-0.715637
7.494624137878418,0.299316,0.625000,1.085938,1.097656,0.039063,0.160156,-0.003906,0.526184,-0.384094,0.249634,-0.716431
7.514434814453125,0.294189,0.324219,0.863281,1.382813,-0.050781,-0.035156,0.082031,0.526550,-0.384399,0.250183,-0.715820
7.5348639488220215,0.293213,0.289063,0.312500,0.187500,-0.220703,-0.128906,0.097656,0.526733,-0.386108,0.251526,-0.714294
7.555202484130859,0.297974,-0.089844,-0.500000,-0.355469,-0.199219,-0.074219,0.113281,0.526917,-0.387451,0.252930,-0.712891
7.574462652206421,0.317871,0.386719,-0.437500,-0.523437,-0.140625,-0.021484,0.119141,0.527222,-0.388123,0.254211,-0.711853
7.5951762199401855,0.391724,0.480469,-0.343750,-0.433594,-0.099609,0.009766,0.089844,0.527466,-0.388245,0.255432,-0.711182
7.615015745162964,0.415771,0.011719,-0.175781,0.074219,-0.080078,0.134766,0.101563,0.527466,-0.387512,0.257080,-0.710999
7.634544372558594,0.440796,-0.421875,-0.046875,0.425781,-0.126953,0.185547,0.029297,0.526672,-0.387024,0.258972,-0.711182
7.654893398284912,0.447510,-1.023438,-0.078125,0.074219,-0.177734,0.013672,-0.138672,0.524902,-0.388245,0.259827,-0.711487
7.675263404846191,0.433838,-0.585937,0.277344,-0.011719,-0.169922,-0.216797,-0.246094,0.523071,-0.391235,0.258972,-0.711487
7.694539785385132,0.410522,0.339844,0.046875,-0.164062,-0.070312,-0.380859,-0.216797,0.522156,-0.394897,0.256775,-0.710999
7.715681076049805,0.408325,-0.335938,-0.113281,-0.484375,-0.011719,-0.437500,-0.142578,0.522217,-0.398254,0.254028,-0.710022
7.735067129135132,0.434814,1.210938,-0.167969,-0.605469,0.105469,-0.240234,0.009766,0.523499,-0.399231,0.252075,-0.709290
7.75543212890625,0.465332,1.925781,-0.175781,-0.039063,0.283203,0.136719,0.357422,0.526672,-0.396057,0.252197,-0.708618
7.774643659591675,0.509888,-0.855469,-0.406250,0.179687,0.203125,0.250000,0.429687,0.529785,-0.391846,0.253967,-0.708008
7.795383930206299,0.550415,0.195312,-0.128906,-0.890625,0.138672,0.449219,0.300781,0.531189,-0.387451,0.256470,-0.708496
7.815169334411621,0.558716,-0.867187,0.136719,0.648437,0.035156,0.371094,0.103516,0.531067,-0.384583,0.258484,-0.709412
7.834965944290161,0.552612,-1.351563,0.097656,-0.187500,-0.080078,0.001953,-0.177734,0.529602,-0.385132,0.258301,-0.710266
7.85529351234436,0.493652,0.394531,-0.070312,-0.714844,0.025391,-0.140625,-0.261719,0.528198,-0.386597,0.256470,-0.711182
7.875648736953735,0.474121,0.441406,-0.015625,-0.273438,0.130859,-0.119141,-0.148437,0.527893,-0.387024,0.254456,-0.711853
7.894880771636963,0.467651,1.023438,0.160156,0.164062,0.126953,0.029297,0.009766,0.528381,-0.386230,0.253723,-0.712219
7.9156506061553955,0.498169,0.511719,0.121094,0.460937,0.054687,0.070312,0.130859,0.529297,-0.385071,0.254211,-0.711975
7.935584783554077,0.513794,0.441406,0.058594,0.101563,0.007813,0.162109,0.201172,0.530334,-0.383362,0.255676,-0.711609
7.955294847488403,0.521851,-0.398438,0.058594,-0.175781,0.039063,0.136719,0.183594,0.531372,-0.381836,0.256958,-0.711243
7.975943565368652,0.547485,-0.691406,0.265625,0.570312,-0.068359,-0.029297,0.068359,0.531677,-0.382080,0.257629,-0.710632
7.9955854415893555,0.551636,-0.742187,0.128906,0.824219,-0.130859,-0.072266,-0.023437,0.531006,-0.383606,0.257996,-0.710144
8.01512098312378,0.545898,-1.160156,-0.085937,0.531250,-0.289063,-0.279297,-0.273438,0.528687,-0.387512,0.257751,-0.709839
8.035563707351685,0.510742,-0.671875,-0.269531,-0.636719,-0.306641,-0.203125,-0.466797,0.524841,-0.391663,0.257324,-0.710571
8.056175708770752,0.523804,0.738281,-0.488281,-0.636719,-0.230469,-0.015625,-0.308594,0.521790,-0.393860,0.257568,-0.711548
8.075624465942383,0.532593,0.109375,-0.804687,-1.566406,0.017578,0.064453,-0.097656,0.520874,-0.393555,0.257507,-0.712402
8.095407485961914,0.545532,2.203125,-0.820312,-2.078125,0.244141,0.324219,0.099609,0.521729,-0.389404,0.257874,-0.713867
8.11553692817688,0.510986,-0.132812,-0.789062,-1.781250,0.533203,0.837891,0.248047,0.523376,-0.380554,0.258972,-0.717102
8.135883331298828,0.500366,-1.339844,0.113281,0.421875,0.535156,0.478516,0.003906,0.524109,-0.374451,0.257996,-0.720093
8.155165910720825,0.490723,-0.652344,1.539063,2.687500,0.166016,0.050781,-0.052734,0.524292,-0.373047,0.256836,-0.721130
8.175820589065552,0.474487,0.566406,1.152344,1.531250,0.066406,-0.089844,0.029297,0.524902,-0.373291,0.256104,-0.720764
8.196069717407227,0.478638,0.679687,0.949219,1.371094,-0.152344,-0.208984,0.142578,0.525940,-0.375122,0.256653,-0.718933
8.215561866760254,0.486328,0.429687,0.250000,0.339844,-0.201172,-0.167969,0.228516,0.527222,-0.376648,0.257996,-0.716675
8.236028671264648,0.512695,-0.039063,-0.722656,-0.910156,-0.080078,-0.021484,0.224609,0.528503,-0.376770,0.259277,-0.715210
8.25597882270813,0.528564,-0.894531,-0.246094,0.093750,-0.058594,0.021484,0.146484,0.529236,-0.376587,0.260315,-0.714355
8.275562286376953,0.538696,-0.089844,-0.167969,-0.359375,-0.062500,-0.039063,0.046875,0.529419,-0.377136,0.260864,-0.713806
8.296168088912964,0.554687,-0.460937,0.121094,0.667969,-0.162109,-0.099609,-0.056641,0.528625,-0.378906,0.261230,-0.713318
8.316028118133545,0.561768,-0.683594,-0.015625,0.195312,-0.380859,-0.281250,-0.302734,0.525940,-0.383240,0.261230,-0.712952
8.336062669754028,0.558472,0.949219,-0.296875,-0.675781,-0.294922,-0.099609,-0.281250,0.523132,-0.386292,0.261536,-0.713196
8.355876922607422,0.562866,-0.035156,-0.558594,-0.652344,-0.164062,0.054687,-0.179687,0.521057,-0.387329,0.262207,-0.713928
8.376281023025513,0.566650,0.281250,-0.718750,-1.550781,0.007813,0.222656,-0.128906,0.519592,-0.386108,0.262756,-0.715515
8.396411657333374,0.554443,0.503906,-0.359375,-0.871094,0.189453,0.339844,-0.048828,0.519043,-0.382690,0.263000,-0.717590
8.415816307067871,0.537964,0.289063,-0.253906,-0.984375,0.398438,0.449219,0.000000,0.519409,-0.377563,0.262573,-0.720215
8.436603307723999,0.507690,-0.062500,0.941406,1.441406,0.310547,0.265625,0.031250,0.520020,-0.374084,0.261841,-0.721863
8.456356287002563,0.508301,-0.128906,1.132813,1.625000,0.052734,-0.005859,0.027344,0.520447,-0.373657,0.261536,-0.721924
8.47594952583313,0.504883,0.023437,0.679687,0.949219,-0.056641,-0.101563,0.050781,0.520813,-0.374573,0.261658,-0.721130
8.49637222290039,0.509521,-0.031250,0.437500,0.570312,-0.222656,-0.181641,0.035156,0.520752,-0.376770,0.262451,-0.719727
8.516388893127441,0.518066,0.382813,-0.343750,-0.585937,-0.185547,-0.093750,0.046875,0.520630,-0.378235,0.263489,-0.718628
8.53590440750122,0.532471,-0.175781,-0.175781,-0.343750,-0.103516,0.007813,0.087891,0.520813,-0.378479,0.264587,-0.717957
8.556342363357544,0.559570,0.269531,-0.476562,-0.417969,-0.015625,0.033203,0.119141,0.521606,-0.377869,0.265442,-0.717407
8.576434850692749,0.577271,1.640625,-0.121094,-0.750000,0.117188,0.244141,0.328125,0.523560,-0.374939,0.267029,-0.716919
8.59598684310913,0.591431,-1.101563,-0.078125,0.730469,0.011719,0.146484,0.234375,0.524841,-0.373108,0.268616,-0.716309
8.616574764251709,0.604370,-0.355469,0.046875,0.203125,-0.031250,0.033203,0.083984,0.525146,-0.372925,0.269409,-0.715881
8.636518001556396,0.604980,-1.375000,0.101563,0.339844,-0.152344,-0.074219,-0.080078,0.524353,-0.374390,0.269592,-0.715698
8.656643867492676,0.605347,0.070312,0.175781,-0.128906,-0.150391,-0.164062,-0.207031,0.522766,-0.376770,0.269043,-0.715820
8.67664098739624,0.599487,-0.082031,0.070312,0.316406,-0.144531,-0.144531,-0.187500,0.521423,-0.378845,0.268555,-0.715881
8.696703672409058,0.594238,0.320313,-0.007813,-0.210937,-0.015625,-0.072266,-0.035156,0.521240,-0.379639,0.268188,-0.715759
8.717026472091675,0.594604,1.531250,-0.160156,-0.570312,0.058594,0.019531,0.091797,0.522156,-0.378662,0.268372,-0.715515
8.736025094985962,0.601440,2.171875,-0.160156,0.234375,0.158203,0.369141,0.412109,0.524658,-0.374207,0.270813,-0.715088
8.756886720657349,0.600952,0.886719,0.199219,0.378906,0.136719,0.515625,0.695312,0.528809,-0.367493,0.275330,-0.713806
8.776386260986328,0.593384,-1.406250,0.746094,0.007813,0.257813,0.662109,0.943359,0.534302,-0.359497,0.280029,-0.711975
8.796895265579224,0.599976,-1.750000,0.175781,0.312500,0.205078,0.080078,0.605469,0.539185,-0.355713,0.281494,-0.709595
8.816924333572388,0.596436,-0.453125,0.132812,-0.437500,0.179687,-0.242187,0.417969,0.543335,-0.355164,0.280396,-0.707153
8.837295532226562,0.583862,-0.308594,-0.304688,-1.226563,0.226562,-0.255859,0.158203,0.546021,-0.355408,0.277954,-0.705872
8.856492042541504,0.571167,-4.531250,0.085937,0.414062,0.187500,-0.457031,-0.195312,0.546387,-0.358337,0.273254,-0.705933
8.876873254776001,0.433716,-2.789063,-0.765625,0.589844,0.117188,-0.855469,-0.855469,0.543335,-0.365784,0.265198,-0.707581
8.897165298461914,0.423584,1.257813,-1.726563,-0.605469,0.009766,-0.828125,-0.783203,0.540100,-0.373108,0.257874,-0.708923
8.916894912719727,0.430176,1.863281,-2.371094,-2.367188,0.333984,-0.191406,-0.417969,0.538635,-0.373657,0.252930,-0.711548
8.9369535446167,0.402344,0.347656,0.554687,2.363281,0.511719,0.578125,-0.392578,0.536316,-0.368408,0.251221,-0.716614
8.956886053085327,0.386597,0.003906,1.859375,3.191406,0.000000,0.689453,-0.251953,0.532532,-0.364624,0.254395,-0.720215
8.977404594421387,0.385254,-1.867188,1.390625,1.125000,-0.759766,0.289063,-0.253906,0.527466,-0.366272,0.260376,-0.721008
8.996903657913208,0.394531,0.898437,-0.031250,-2.390625,-0.421875,0.341797,-0.216797,0.523437,-0.366699,0.264343,-0.722290
9.017089605331421,0.384521,-0.066406,0.781250,1.140625,-0.058594,0.238281,-0.255859,0.520630,-0.366150,0.265259,-0.724243
9.037030696868896,0.372925,0.382813,0.917969,0.558594,-0.033203,-0.003906,-0.296875,0.518372,-0.367065,0.264343,-0.725708
9.057008981704712,0.348877,0.429687,1.207031,0.488281,0.060547,-0.185547,-0.345703,0.516479,-0.369141,0.262024,-0.726868
9.077722549438477,0.322144,0.742187,1.371094,2.183594,-0.257813,-0.312500,-0.265625,0.514526,-0.373230,0.261108,-0.726501
9.097336769104004,0.318604,0.367188,-0.675781,-1.238281,-0.296875,-0.378906,-0.187500,0.513062,-0.377869,0.260498,-0.725342
9.117038011550903,0.302490,0.187500,-0.867187,-1.746094,-0.099609,-0.328125,-0.179687,0.512207,-0.381165,0.258972,-0.724731
9.142380237579346,0.289673,0.218750,-0.652344,-0.968750,0.042969,-0.193359,-0.150391,0.511658,-0.382996,0.257080,-0.724854
9.157338619232178,0.283447,-0.957031,-0.324219,0.164062,-0.013672,-0.226562,-0.265625,0.510376,-0.385254,0.255127,-0.725281
9.177038431167603,0.285156,0.796875,1.183594,1.812500,-0.175781,-0.156250,-0.191406,0.508728,-0.387878,0.254883,-0.725098
9.197455406188965,0.291504,0.917969,0.996094,1.460938,-0.404297,-0.263672,-0.025391,0.507751,-0.391663,0.256287,-0.723267
9.21742582321167,0.322876,-0.214844,-0.191406,0.414062,-0.371094,-0.304688,0.064453,0.507446,-0.395630,0.257629,-0.720825
9.237674951553345,0.333618,-0.160156,-0.550781,-0.757812,-0.261719,-0.253906,0.009766,0.507202,-0.398743,0.258118,-0.719116
9.257251024246216,0.336914,-0.339844,-0.351563,-1.042969,-0.037109,-0.173828,0.011719,0.507629,-0.400391,0.257446,-0.718140
9.277891397476196,0.346558,-0.589844,0.023437,-0.468750,0.054687,-0.279297,-0.035156,0.508545,-0.401855,0.255432,-0.717407
9.297567129135132,0.359497,0.664062,-0.109375,0.406250,0.121094,-0.164062,0.068359,0.510071,-0.402039,0.253967,-0.716736
9.31727910041809,0.404541,2.113281,-0.492187,-0.484375,0.179687,0.218750,0.339844,0.512634,-0.398926,0.254883,-0.716309
9.337310075759888,0.504883,0.000000,-0.214844,-0.148437,0.208984,0.421875,0.480469,0.515686,-0.393921,0.257263,-0.716064
9.357820749282837,0.547241,-2.156250,-0.292969,0.128906,0.085937,0.244141,0.193359,0.516907,-0.390808,0.259033,-0.716248
9.377655267715454,0.565186,-0.171875,-0.128906,0.464844,-0.066406,0.318359,0.021484,0.515869,-0.389099,0.261047,-0.717163
9.397961854934692,0.569336,-2.195313,0.152344,1.414063,-0.261719,0.058594,-0.291016,0.512878,-0.390564,0.261902,-0.718201
9.41790509223938,0.556641,-0.214844,0.382813,-0.492187,-0.222656,-0.218750,-0.423828,0.509583,-0.394409,0.260742,-0.718933
9.437233448028564,0.525635,0.023437,0.144531,-0.062500,-0.160156,-0.373047,-0.458984,0.506592,-0.399048,0.258240,-0.719360
9.45778489112854,0.415405,0.066406,0.253906,0.070312,-0.199219,-0.390625,-0.494141,0.503357,-0.403809,0.255859,-0.719788
9.47836971282959,0.372070,1.437500,0.253906,0.246094,-0.115234,-0.128906,-0.232422,0.501526,-0.406189,0.255066,-0.720032
9.497572660446167,0.375732,0.539062,-0.085937,-0.226562,-0.109375,-0.103516,-0.007813,0.501282,-0.407349,0.255310,-0.719482
9.517908096313477,0.401001,0.488281,-0.269531,-1.003906,0.001953,0.062500,0.105469,0.501892,-0.406616,0.255981,-0.719177
9.537829637527466,0.475708,1.613281,-0.527344,-0.589844,0.138672,0.378906,0.320313,0.504028,-0.402222,0.258179,-0.719360
9.55816102027893,0.530396,1.160156,0.121094,-0.062500,0.283203,0.857422,0.750000,0.508301,-0.392822,0.263306,-0.719727
9.577826023101807,0.558105,-2.562500,0.683594,0.925781,0.287109,0.798828,0.839844,0.512878,-0.384155,0.268250,-0.719299
9.598001480102539,0.605957,-2.230469,-0.183594,1.175781,-0.013672,0.152344,0.236328,0.514404,-0.381897,0.270264,-0.718689
9.618214845657349,0.614746,0.214844,0.062500,-0.578125,-0.078125,0.152344,0.054687,0.514038,-0.381165,0.271851,-0.718750
9.637410640716553,0.615723,-2.507813,-0.007813,0.425781,-0.304688,0.005859,-0.265625,0.511169,-0.383179,0.272827,-0.719360
9.65790867805481,0.584961,0.394531,0.039063,-1.019531,-0.310547,-0.101563,-0.498047,0.506775,-0.386841,0.272644,-0.720581
9.678321123123169,0.591675,1.851563,-0.027344,-0.230469,-0.193359,0.085937,-0.298828,0.503784,-0.388062,0.273254,-0.721741
9.697957038879395,0.620972,0.753906,0.179687,0.054687,-0.056641,0.089844,0.023437,0.503235,-0.387756,0.274536,-0.721863
9.718245029449463,0.636230,3.812500,-0.343750,-3.132813,-0.134766,0.246094,0.228516,0.503967,-0.385376,0.277588,-0.721436
9.738182783126831,0.634033,-3.125000,-0.105469,-1.082031,0.244141,0.519531,0.449219,0.506348,-0.379944,0.279846,-0.721741
9.75782322883606,0.619751,-1.300781,-0.789062,-0.554687,0.236328,0.117188,0.056641,0.507446,-0.377380,0.279175,-0.722595
9.778886556625366,0.542847,-0.742187,-1.476563,-0.847656,0.322266,0.257813,-0.095703,0.507263,-0.373779,0.277710,-0.725159
9.798216104507446,0.476685,0.691406,0.828125,0.261719,0.613281,0.816406,-0.171875,0.506042,-0.365967,0.276794,-0.730347
9.818125247955322,0.424927,-0.171875,2.589844,2.910156,0.308594,0.582031,-0.123047,0.504822,-0.360413,0.277039,-0.733826
9.838161945343018,0.353638,0.410156,1.898438,2.222656,-0.125000,0.082031,0.060547,0.504517,-0.360046,0.278015,-0.733887
9.858734607696533,0.350586,-0.457031,0.250000,-0.335938,0.025391,-0.167969,-0.054687,0.504700,-0.361206,0.277100,-0.733521
9.878626823425293,0.343140,-0.640625,0.382813,0.843750,-0.126953,-0.226562,-0.019531,0.504761,-0.363586,0.276489,-0.732544
9.897965908050537,0.340210,-0.121094,-0.453125,-0.992187,-0.126953,-0.396484,-0.099609,0.504639,-0.367249,0.275146,-0.731262
9.918630838394165,0.325806,0.246094,0.046875,-0.664062,-0.078125,-0.330078,-0.121094,0.504395,-0.370483,0.273499,-0.730408
9.93896198272705,0.327148,0.046875,-0.300781,-0.640625,-0.029297,-0.314453,-0.107422,0.504395,-0.373047,0.271973,-0.729675
9.958014488220215,0.334351,0.375000,-0.109375,0.363281,-0.031250,-0.099609,0.009766,0.504639,-0.373962,0.271729,-0.729187
9.978559970855713,0.393799,0.660156,0.167969,0.601562,-0.054687,-0.023437,0.117188,0.505432,-0.373901,0.272461,-0.728333
9.99895691871643,0.449585,1.296875,-0.238281,-0.710937,0.072266,0.136719,0.320313,0.507568,-0.371765,0.273987,-0.727356
10.01819634437561,0.485474,0.054687,0.230469,0.195312,0.048828,0.101563,0.355469,0.509949,-0.370056,0.275269,-0.726135
10.039095878601074,0.534912,-0.074219,-0.335938,-0.480469,-0.093750,-0.191406,0.039063,0.510559,-0.371399,0.275146,-0.725037
10.059009313583374,0.535889,-2.199219,0.093750,1.046875,-0.117188,-0.181641,-0.181641,0.509155,-0.374268,0.274414,-0.724854
10.078270435333252,0.535156,-1.187500,-0.121094,1.000000,-0.375000,-0.345703,-0.494141,0.505371,-0.379517,0.273621,-0.725037
10.099346399307251,0.502930,1.406250,-0.152344,-1.335938,-0.220703,-0.017578,-0.300781,0.502441,-0.381714,0.273865,-0.725830
10.119251251220703,0.494141,0.257813,-0.421875,-0.578125,-0.035156,0.148437,-0.103516,0.501099,-0.381104,0.274475,-0.726868
10.138354778289795,0.490112,0.367188,-0.503906,-0.246094,0.046875,0.316406,-0.037109,0.500061,-0.378662,0.275696,-0.728394
10.15925121307373,0.450806,0.312500,-0.359375,-0.562500,0.099609,0.650391,0.007813,0.498779,-0.373596,0.278076,-0.730957
10.180519104003906,0.432251,-0.445312,0.152344,-0.578125,0.197266,0.453125,-0.048828,0.497803,-0.369629,0.278809,-0.733398
10.198994398117065,0.429810,0.460937,0.320313,0.164062,0.123047,0.025391,-0.136719,0.497192,-0.368958,0.277710,-0.734558
10.219939231872559,0.417847,0.246094,0.660156,0.507812,0.050781,-0.066406,-0.111328,0.496765,-0.369507,0.276611,-0.734985
10.238882541656494,0.408447,0.710937,0.859375,0.761719,-0.109375,-0.158203,-0.085937,0.496155,-0.371399,0.276306,-0.734497
10.259412050247192,0.420288,0.847656,0.296875,0.339844,-0.191406,-0.125000,-0.003906,0.495850,-0.373169,0.277100,-0.733582
10.278629302978516,0.443481,0.015625,-0.062500,-0.058594,-0.167969,-0.037109,0.072266,0.495911,-0.374023,0.278381,-0.732605
10.299257516860962,0.507935,0.660156,-0.390625,-0.699219,-0.087891,0.025391,0.162109,0.496704,-0.373535,0.279907,-0.731689
10.319200992584229,0.528198,1.785156,-0.527344,-0.875000,0.074219,0.408203,0.400391,0.498657,-0.369446,0.282654,-0.731384
10.338670253753662,0.543091,-0.457031,-0.222656,-0.570312,0.146484,0.396484,0.355469,0.500488,-0.365173,0.284851,-0.731445
10.359428644180298,0.543823,-2.257813,-0.527344,0.578125,0.031250,0.048828,-0.027344,0.500305,-0.364746,0.284790,-0.731812
10.379060506820679,0.527954,-3.394531,-1.210938,-0.449219,-0.009766,-0.345703,-0.472656,0.497925,-0.368042,0.281433,-0.733093
10.398671865463257,0.523071,0.812500,-1.312500,-3.390625,0.369141,-0.203125,-0.683594,0.494751,-0.370300,0.275574,-0.736328
10.419563055038452,0.486694,0.976562,2.871094,2.953125,-0.019531,-0.427734,-0.638672,0.491089,-0.375000,0.271362,-0.737915
10.439494609832764,0.456177,3.195313,2.828125,2.335938,-0.546875,-0.470703,-0.390625,0.487671,-0.382202,0.271545,-0.736450
10.458880424499512,0.456787,2.789063,0.539062,0.699219,-0.765625,-0.435547,0.173828,0.487122,-0.388062,0.275208,-0.732361
10.479057312011719,0.473633,-0.351563,-3.339844,-3.093750,-0.152344,0.013672,0.236328,0.488159,-0.388550,0.277588,-0.730530
10.499831199645996,0.492310,-1.269531,-1.460938,-2.007813,0.076172,0.132812,0.162109,0.489197,-0.386780,0.278198,-0.730530
10.519266366958618,0.486450,-0.570312,-1.371094,-0.691406,0.273438,0.408203,0.058594,0.489502,-0.382446,0.278381,-0.732544
10.53941559791565,0.482666,-0.324219,-0.875000,-0.429687,0.357422,0.583984,-0.087891,0.488770,-0.376648,0.278442,-0.736023
10.559544324874878,0.479248,1.515625,1.027344,1.308594,0.228516,0.626953,0.099609,0.488464,-0.370972,0.280090,-0.738464
10.579686641693115,0.481689,0.765625,0.843750,-0.808594,-0.085937,0.302734,0.148437,0.488525,-0.368286,0.282654,-0.738770
10.598971605300903,0.482788,-0.414062,0.277344,0.171875,0.039063,0.246094,0.207031,0.489380,-0.365967,0.284119,-0.738831
10.619742631912231,0.486938,-0.007813,0.667969,2.050781,-0.007813,0.021484,0.085937,0.489990,-0.365540,0.284729,-0.738403
10.639896631240845,0.490601,0.109375,0.453125,0.511719,-0.150391,-0.105469,0.093750,0.490356,-0.366638,0.285583,-0.737244
10.659228563308716,0.491577,0.031250,-0.457031,-1.128906,-0.048828,-0.056641,0.019531,0.490540,-0.367249,0.285767,-0.736755
10.679978370666504,0.490479,0.136719,-0.152344,-0.324219,0.023437,-0.009766,0.005859,0.490662,-0.367249,0.285583,-0.736755
10.699897766113281,0.483032,-0.835937,0.070312,0.984375,-0.033203,-0.080078,-0.058594,0.490356,-0.368225,0.285217,-0.736633
10.719747304916382,0.476562,0.046875,0.589844,1.140625,-0.214844,-0.169922,-0.113281,0.489258,-0.370728,0.285461,-0.736023
10.740066528320312,0.424438,-0.183594,-0.007813,0.304688,-0.287109,-0.156250,-0.121094,0.487732,-0.373535,0.286255,-0.735291
10.759899377822876,0.374878,0.367188,0.015625,-0.183594,-0.224609,-0.125000,-0.115234,0.486511,-0.375916,0.286865,-0.734680
10.78037428855896,0.363159,-0.308594,-0.359375,-0.812500,-0.099609,-0.179687,-0.027344,0.486389,-0.377625,0.286743,-0.733948
10.799836158752441,0.359619,0.574219,-0.480469,-2.054688,0.150391,-0.097656,0.064453,0.487427,-0.377563,0.285706,-0.733643
10.819966077804565,0.381104,0.367188,-0.601562,-0.421875,0.150391,0.039063,0.107422,0.488770,-0.376221,0.285156,-0.733643
10.840100765228271,0.445068,0.480469,-0.265625,0.082031,0.115234,0.234375,0.212891,0.490051,-0.373535,0.286011,-0.733826
10.859401226043701,0.515747,0.597656,-0.105469,1.015625,0.035156,0.394531,0.269531,0.490906,-0.370117,0.288574,-0.734009
10.880369424819946,0.575806,-0.449219,0.222656,0.398438,-0.058594,0.298828,0.222656,0.491455,-0.367554,0.291321,-0.733887
10.900743961334229,0.596191,-1.175781,0.546875,0.433594,-0.015625,0.173828,0.197266,0.492249,-0.366150,0.292786,-0.733398
10.919448614120483,0.610229,0.738281,0.277344,-0.484375,-0.013672,-0.210937,0.089844,0.493591,-0.367004,0.292175,-0.732300
10.940039873123169,0.600342,0.078125,0.347656,-0.914062,0.167969,-0.207031,0.132812,0.495605,-0.367676,0.290283,-0.731384
10.960586786270142,0.572632,-0.457031,-0.296875,-0.546875,0.203125,-0.253906,-0.054687,0.496643,-0.368896,0.287170,-0.731262
10.97980523109436,0.524292,-0.488281,-0.894531,0.750000,0.128906,-0.339844,-0.281250,0.496033,-0.371094,0.283875,-0.731873
11.00018858909607,0.488647,0.621094,-0.910156,-0.363281,0.056641,0.054687,-0.222656,0.494385,-0.371277,0.282898,-0.733276
11.020425796508789,0.474121,0.718750,-0.656250,-0.976562,0.083984,0.359375,-0.160156,0.492493,-0.368591,0.283508,-0.735718
11.040108442306519,0.458008,0.531250,-0.488281,-0.679687,0.162109,0.591797,-0.119141,0.490417,-0.364136,0.284546,-0.738831
11.060034990310669,0.465210,-0.082031,1.250000,1.246094,0.080078,0.337891,-0.257813,0.487915,-0.361938,0.284790,-0.741516
11.080234050750732,0.458984,0.691406,1.125000,1.214844,-0.072266,0.066406,-0.189453,0.485901,-0.362427,0.285034,-0.742493
11.100671529769897,0.445557,-0.507812,0.757812,0.531250,-0.214844,-0.175781,-0.220703,0.484009,-0.365112,0.285095,-0.742371
11.120175838470459,0.415161,0.757812,0.628906,0.378906,-0.232422,-0.185547,-0.148437,0.482483,-0.368164,0.285400,-0.741760
11.140708684921265,0.429443,0.542969,-0.351563,-0.500000,-0.212891,-0.156250,-0.011719,0.481995,-0.370300,0.286194,-0.740723
11.160587787628174,0.454102,0.441406,-0.406250,-0.207031,-0.132812,-0.029297,0.115234,0.482483,-0.370850,0.287292,-0.739685
11.180172681808472,0.502686,0.925781,-0.695312,-0.253906,-0.015625,0.111328,0.283203,0.484253,-0.368958,0.289124,-0.738770
11.200634717941284,0.575195,2.292969,-0.335938,-0.875000,0.177734,0.527344,0.671875,0.488159,-0.362793,0.292480,-0.737915
11.220834255218506,0.585815,-1.949219,-0.488281,0.257813,0.222656,0.349609,0.550781,0.491882,-0.357422,0.294678,-0.737244
11.240112066268921,0.589111,-2.605469,-0.191406,0.824219,0.105469,0.160156,0.167969,0.492981,-0.355469,0.295227,-0.737244
11.260892152786255,0.572632,-1.687500,-0.160156,0.515625,0.021484,-0.183594,-0.177734,0.492310,-0.356995,0.293518,-0.737610
11.280915260314941,0.556030,-1.000000,-0.695312,-1.230469,0.216797,-0.238281,-0.369141,0.490967,-0.358826,0.289551,-0.739136
11.300198078155518,0.524292,-0.542969,0.867187,0.976562,0.248047,-0.369141,-0.511719,0.489197,-0.361938,0.284180,-0.740906
11.320640563964844,0.459473,0.582031,1.171875,0.656250,0.064453,-0.638672,-0.468750,0.487793,-0.367432,0.278870,-0.741089
11.340904235839844,0.440063,1.750000,1.011719,0.496094,0.015625,-0.605469,-0.212891,0.487854,-0.372375,0.275269,-0.739990
11.360579490661621,0.428833,0.265625,0.621094,1.199219,-0.263672,-0.373047,0.054687,0.488159,-0.376404,0.275452,-0.737671
11.380232334136963,0.436523,1.089844,0.023437,0.023437,-0.509766,-0.255859,0.123047,0.487854,-0.380066,0.278259,-0.734924
11.400973081588745,0.509644,0.281250,-1.378906,-0.996094,-0.380859,0.138672,0.140625,0.487061,-0.380798,0.282288,-0.733521
11.421353101730347,0.558228,-0.554687,-0.496094,0.843750,-0.398438,0.220703,0.113281,0.485718,-0.380676,0.286560,-0.732849
11.440529346466064,0.594727,-1.558594,-0.769531,0.375000,-0.265625,0.330078,0.054687,0.484009,-0.379883,0.290222,-0.732971
11.4609055519104,0.618652,-1.449219,-1.015625,-1.691406,-0.330078,0.109375,-0.166016,0.481506,-0.380798,0.292236,-0.733276
11.48124885559082,0.612183,0.785156,-1.421875,-3.476563,0.144531,-0.005859,-0.154297,0.480774,-0.380554,0.290588,-0.734558
11.500840663909912,0.595459,0.125000,-1.406250,-2.062500,0.541016,0.222656,-0.173828,0.480713,-0.377136,0.287537,-0.737610
11.520999670028687,0.553589,0.113281,1.632813,1.675781,0.242187,0.312500,-0.136719,0.479614,-0.374207,0.286926,-0.739990
11.541202306747437,0.527710,0.734375,0.945312,-1.433594,-0.072266,0.156250,-0.046875,0.478699,-0.373047,0.287903,-0.740784
11.560832738876343,0.499268,0.925781,0.730469,-1.289063,0.302734,0.205078,0.132812,0.480042,-0.370056,0.287170,-0.741760
11.581038475036621,0.421753,-0.953125,0.718750,1.445313,0.414062,-0.050781,0.078125,0.482300,-0.368103,0.284119,-0.742371
11.601440906524658,0.383057,-0.316406,1.218750,2.125000,0.466797,-0.314453,0.113281,0.485596,-0.368225,0.279602,-0.741943
11.620605945587158,0.359741,-0.148437,0.621094,0.890625,0.226562,-0.640625,0.062500,0.488708,-0.371338,0.275146,-0.739990
11.64140772819519,0.333008,0.273438,-0.382813,-0.089844,0.107422,-0.531250,0.082031,0.491089,-0.374390,0.272095,-0.738037
11.661410093307495,0.328003,0.324219,-0.804687,-0.347656,0.070312,-0.220703,0.052734,0.492249,-0.375671,0.270691,-0.737061
11.681247472763062,0.328857,0.203125,0.304688,0.234375,-0.072266,-0.068359,0.000000,0.492249,-0.376587,0.270874,-0.736572
11.700945615768433,0.333252,0.355469,0.289063,0.535156,-0.162109,-0.070312,0.068359,0.492310,-0.377686,0.271912,-0.735535
11.721465110778809,0.348755,0.449219,-0.308594,-0.253906,-0.136719,-0.060547,0.119141,0.492859,-0.378296,0.273132,-0.734436
11.741432905197144,0.366455,0.722656,-0.292969,-0.675781,-0.031250,0.095703,0.201172,0.493958,-0.377197,0.274658,-0.733704
11.76117992401123,0.398071,-0.253906,-0.199219,-0.003906,0.046875,0.193359,0.253906,0.495361,-0.375122,0.276184,-0.733215
11.78158450126648,0.478882,-0.484375,-0.039063,0.449219,0.017578,0.136719,0.216797,0.496582,-0.373596,0.277405,-0.732727
11.80160641670227,0.493896,-0.773437,0.121094,0.457031,-0.066406,-0.033203,0.074219,0.497009,-0.373840,0.278015,-0.732056
11.821592330932617,0.503296,-0.222656,-0.062500,0.011719,-0.062500,-0.125000,-0.003906,0.496948,-0.375183,0.277832,-0.731506
11.841897249221802,0.496704,-0.699219,-0.089844,0.433594,-0.158203,-0.263672,-0.230469,0.495422,-0.378235,0.277039,-0.731262
11.861679553985596,0.481567,-0.082031,0.031250,0.050781,-0.189453,-0.193359,-0.292969,0.492981,-0.381531,0.276489,-0.731384
11.881333827972412,0.466309,0.992187,-0.199219,-1.226563,-0.107422,-0.001953,-0.203125,0.490967,-0.383057,0.276489,-0.731995
11.901907205581665,0.485962,-0.558594,-0.160156,0.437500,-0.123047,-0.029297,-0.166016,0.489502,-0.384033,0.276672,-0.732361
11.921578407287598,0.502441,-0.296875,-0.265625,0.398438,0.013672,0.017578,-0.027344,0.489136,-0.383972,0.276672,-0.732605
11.94102954864502,0.531738,1.503906,-0.230469,-0.765625,0.023437,0.158203,0.091797,0.489563,-0.382263,0.277649,-0.732849
11.962042093276978,0.564697,1.667969,0.308594,-0.660156,0.191406,0.408203,0.378906,0.491699,-0.377991,0.279419,-0.732971
11.981904983520508,0.570312,-1.511719,0.230469,0.894531,0.050781,0.099609,0.164062,0.492798,-0.376343,0.280212,-0.732788
12.002028465270996,0.575684,0.113281,0.078125,0.128906,0.007813,0.109375,0.011719,0.492554,-0.375610,0.280762,-0.733154
12.02184247970581,0.574585,-0.968750,-0.183594,0.863281,-0.123047,0.125000,-0.115234,0.490784,-0.375732,0.281738,-0.733887
12.042258739471436,0.555542,-1.828125,-0.023437,0.671875,-0.326172,-0.009766,-0.435547,0.486755,-0.377869,0.282593,-0.735107
12.062466859817505,0.552979,1.328125,0.101563,-0.882812,-0.181641,0.169922,-0.242187,0.483887,-0.378357,0.283630,-0.736389
12.081433057785034,0.561890,0.187500,0.070312,0.781250,-0.082031,0.041016,0.015625,0.483521,-0.378418,0.284546,-0.736267
12.10204029083252,0.613159,2.003906,-0.218750,-0.757812,-0.062500,0.117188,0.248047,0.484863,-0.377014,0.286377,-0.735352
12.122432947158813,0.619507,1.617188,0.132812,-1.562500,0.201172,0.375000,0.550781,0.488220,-0.372375,0.288513,-0.734680
12.14163851737976,0.621948,-0.910156,-0.257813,-0.769531,0.248047,0.255859,0.373047,0.490906,-0.368652,0.289307,-0.734436
12.162285566329956,0.603638,-1.246094,-0.343750,0.433594,0.134766,0.035156,-0.035156,0.491089,-0.367493,0.288757,-0.735107
12.182400941848755,0.578857,-2.757813,-0.742187,0.664062,0.011719,0.005859,-0.332031,0.488586,-0.368347,0.287476,-0.736877
12.201839447021484,0.553467,0.281250,-0.933594,-1.648438,0.031250,0.123047,-0.589844,0.484253,-0.368713,0.285767,-0.740173
12.22247838973999,0.482422,1.593750,-0.093750,-1.191406,0.214844,0.378906,-0.380859,0.481018,-0.366394,0.284729,-0.743835
12.24221158027649,0.453491,1.117188,0.964844,0.210937,0.015625,0.109375,-0.220703,0.479187,-0.365845,0.284241,-0.745483
12.261766910552979,0.438843,1.046875,1.070313,0.816406,0.101563,0.017578,0.021484,0.479492,-0.365417,0.283752,-0.745667
12.282535076141357,0.407959,0.160156,1.363281,2.148438,-0.160156,-0.156250,0.105469,0.480103,-0.366943,0.284485,-0.744263
12.302669286727905,0.380615,0.003906,-0.550781,-0.253906,-0.271484,-0.222656,0.109375,0.480469,-0.369446,0.285828,-0.742249
12.322431802749634,0.358887,-0.347656,-0.843750,-0.605469,-0.222656,-0.041016,0.019531,0.479858,-0.370911,0.287292,-0.741333
12.342042684555054,0.347290,-0.437500,-0.671875,-0.730469,-0.189453,-0.044922,-0.101563,0.478577,-0.372253,0.288330,-0.741150
12.36242127418518,0.413086,-0.093750,-0.390625,-0.367188,-0.154297,0.074219,-0.083984,0.477234,-0.372620,0.289490,-0.741333
12.382493734359741,0.493774,1.093750,-0.410156,0.710937,-0.070312,0.214844,0.078125,0.476807,-0.371094,0.291687,-0.741516
12.401739358901978,0.564209,0.644531,0.148437,-0.292969,-0.074219,0.437500,0.289063,0.477356,-0.367615,0.295166,-0.741516
12.422775268554688,0.610229,-0.074219,0.507812,-0.230469,0.056641,0.271484,0.390625,0.479675,-0.364319,0.297363,-0.740784
12.442906856536865,0.613037,-0.878906,0.539062,-0.445312,0.203125,-0.062500,0.314453,0.482605,-0.363037,0.296997,-0.739685
12.46189022064209,0.615601,0.171875,0.031250,-0.101563,0.087891,-0.326172,0.080078,0.484619,-0.364380,0.295227,-0.738403
12.482423782348633,0.592529,-0.863281,0.406250,-0.445312,0.119141,-0.304688,0.023437,0.485901,-0.366211,0.292908,-0.737549
12.502626419067383,0.566650,-0.070312,-0.488281,0.519531,0.005859,-0.267578,-0.160156,0.485718,-0.368469,0.290894,-0.737366
12.522731304168701,0.546997,0.398438,-0.335938,-0.199219,-0.023437,-0.037109,-0.134766,0.484619,-0.369385,0.290344,-0.737854
12.542720556259155,0.567139,0.652344,-0.480469,-0.148437,-0.160156,0.048828,-0.197266,0.482666,-0.370056,0.290955,-0.738525
12.562917470932007,0.589111,0.312500,-0.519531,-0.332031,-0.119141,0.244141,-0.099609,0.480652,-0.369080,0.292664,-0.739624
12.582505464553833,0.590454,0.093750,-0.464844,-0.109375,-0.144531,0.501953,-0.078125,0.478210,-0.366272,0.295593,-0.741516
12.603229999542236,0.568115,0.570312,-0.121094,-0.867187,-0.044922,0.648437,-0.080078,0.475525,-0.362000,0.298706,-0.744019
12.623029947280884,0.556763,-0.144531,0.609375,1.300781,-0.025391,0.613281,-0.050781,0.473022,-0.357849,0.301880,-0.746399
12.642835140228271,0.538574,-0.027344,0.421875,-0.238281,-0.115234,0.437500,-0.089844,0.470764,-0.355225,0.304443,-0.747986
12.662316083908081,0.529785,0.968750,0.699219,0.480469,-0.021484,0.259766,0.052734,0.470154,-0.353271,0.306091,-0.748657
12.68301272392273,0.522461,-0.078125,0.285156,0.480469,-0.064453,0.093750,0.105469,0.470337,-0.352417,0.307434,-0.748413
12.703145503997803,0.518677,0.019531,0.101563,-0.171875,-0.009766,0.062500,0.105469,0.470886,-0.351746,0.308167,-0.748047
12.722389698028564,0.518188,-0.394531,0.148437,0.480469,0.019531,-0.039063,0.099609,0.471802,-0.351685,0.308289,-0.747437
12.742902040481567,0.499146,-0.476562,0.003906,0.187500,-0.009766,-0.232422,0.089844,0.473083,-0.353088,0.307678,-0.746216
12.763241529464722,0.486816,-0.921875,-0.113281,0.398438,-0.021484,-0.304688,0.021484,0.474060,-0.355225,0.306519,-0.745056
12.782648801803589,0.481812,-0.371094,-0.539062,-0.597656,0.025391,-0.152344,-0.025391,0.474365,-0.356506,0.305481,-0.744690
12.80292296409607,0.508911,1.304688,-0.273438,-0.023437,0.033203,-0.039063,-0.039063,0.474426,-0.356628,0.305115,-0.744751
12.823179483413696,0.535767,0.257813,-0.003906,0.128906,0.021484,0.060547,0.130859,0.475220,-0.355835,0.305664,-0.744446
12.842911958694458,0.569580,-0.070312,0.050781,0.390625,-0.015625,-0.023437,0.140625,0.476318,-0.355591,0.306030,-0.743652
12.86324667930603,0.612915,0.304688,0.210937,0.082031,0.029297,-0.033203,0.236328,0.478271,-0.355042,0.306335,-0.742554
12.883592367172241,0.625122,-0.484375,0.363281,0.273438,0.021484,-0.105469,0.167969,0.479919,-0.355103,0.306213,-0.741516
12.903175830841064,0.629272,0.121094,0.441406,0.128906,0.027344,-0.193359,0.095703,0.481201,-0.356384,0.305420,-0.740356
12.922914505004883,0.628784,-0.683594,-0.058594,0.640625,-0.025391,-0.326172,-0.003906,0.482178,-0.358948,0.303711,-0.739258
12.943351745605469,0.590332,-1.414063,-0.761719,-1.503906,0.070312,-0.419922,-0.171875,0.482483,-0.362183,0.300171,-0.738892
12.963382244110107,0.556396,-1.570313,-1.476563,-2.445313,0.343750,-0.558594,-0.404297,0.482361,-0.365723,0.293640,-0.739807
12.982913732528687,0.530762,0.250000,-4.082031,-4.632812,0.816406,-0.234375,-0.519531,0.482239,-0.364563,0.284363,-0.744080
13.003493070602417,0.495239,0.703125,-3.652344,-5.503906,1.683594,0.494141,-0.619141,0.482117,-0.355103,0.272278,-0.753235
13.0232994556427,0.481323,-0.117188,0.718750,1.632813,1.609375,0.751953,-0.742187,0.480042,-0.343689,0.261169,-0.763672
13.051453351974487,0.462036,1.460938,3.230469,4.640625,1.119141,0.906250,-0.710937,0.476196,-0.333435,0.254456,-0.772888
13.063662767410278,0.459229,1.492188,3.136719,4.531250,0.572266,0.748047,-0.480469,0.472534,-0.326111,0.251892,-0.779053
13.08344054222107,0.458496,1.792969,3.488281,5.097656,0.185547,0.435547,-0.125000,0.471008,-0.322144,0.251892,-0.781616
13.102909564971924,0.436768,0.550781,4.300781,5.855469,-0.013672,0.015625,0.142578,0.471924,-0.321899,0.252747,-0.780884
13.123537302017212,0.376709,0.476562,4.414062,4.785156,-0.417969,-0.466797,0.423828,0.475098,-0.326294,0.255066,-0.776367
13.143531084060669,0.363159,0.628906,3.667969,1.898438,-0.501953,-0.775391,0.722656,0.480957,-0.332703,0.257446,-0.769226
13.16364860534668,0.332031,0.175781,1.613281,-1.488281,-0.164062,-0.992187,0.914062,0.489929,-0.338562,0.257019,-0.761108
13.183729887008667,0.247070,0.078125,1.261719,-0.429687,0.267578,-1.029297,1.087891,0.501587,-0.342468,0.253784,-0.752808
13.20373797416687,0.218384,-0.351563,1.027344,1.425781,0.220703,-1.089844,1.205078,0.513977,-0.346619,0.250916,-0.743469
13.224356174468994,0.205933,-0.980469,0.375000,1.894531,-0.197266,-1.193359,1.195313,0.525146,-0.353394,0.250244,-0.732605
13.243732452392578,0.160400,-1.394531,-2.949219,-2.832031,-0.398438,-1.203125,1.060547,0.534363,-0.361206,0.250427,-0.721985
13.263732433319092,0.127319,-1.308594,-3.972656,-4.003906,-0.072266,-0.869141,0.771484,0.541870,-0.365906,0.248962,-0.714539
13.284005403518677,0.125854,-0.972656,-2.726563,-2.714844,0.306641,-0.583984,0.474609,0.547913,-0.367432,0.245483,-0.710327
13.30649733543396,0.147705,-0.035156,-1.355469,-0.960937,0.244141,-0.427734,0.396484,0.552551,-0.368286,0.243042,-0.707092
13.324018239974976,0.164795,-1.214844,-0.234375,0.769531,-0.203125,-0.330078,0.382813,0.555359,-0.370911,0.243958,-0.703247
13.344048976898193,0.173462,-1.015625,-0.386719,-0.812500,-0.615234,-0.341797,0.289063,0.555969,-0.375854,0.247253,-0.698914
13.363582372665405,0.182983,-1.171875,-0.683594,-2.464844,-0.660156,-0.279297,0.173828,0.555481,-0.380859,0.250854,-0.695312
13.384199619293213,0.220337,-0.796875,-1.402344,-3.359375,-0.404297,-0.087891,0.060547,0.554626,-0.383484,0.253296,-0.693665
13.404228925704956,0.245361,0.007813,-1.554688,-1.988281,0.029297,0.085937,-0.072266,0.554016,-0.383057,0.253357,-0.694397
13.42348575592041,0.264404,0.085937,-0.742187,-0.023437,0.214844,0.111328,-0.099609,0.553833,-0.381470,0.252075,-0.695862
13.444332599639893,0.272949,-0.820312,-0.117188,0.476562,0.216797,-0.019531,-0.156250,0.553589,-0.380798,0.249878,-0.697144
13.464589357376099,0.276733,-0.289063,0.511719,1.082031,0.119141,-0.158203,-0.207031,0.553040,-0.381714,0.247437,-0.697998
13.483747720718384,0.280396,-0.507812,0.265625,0.101563,0.035156,-0.292969,-0.201172,0.552551,-0.384094,0.244629,-0.698059
13.504437685012817,0.287231,0.218750,-0.179687,0.574219,0.068359,-0.445312,-0.222656,0.552307,-0.387329,0.240967,-0.697754
13.524314403533936,0.283325,0.539062,-0.226562,-0.175781,0.042969,-0.367188,-0.158203,0.552246,-0.389954,0.238037,-0.697327
13.544850826263428,0.279175,0.425781,-0.117188,0.253906,-0.031250,-0.162109,-0.109375,0.551819,-0.391541,0.236633,-0.697266
13.564266920089722,0.265747,-0.152344,0.265625,0.308594,-0.048828,-0.134766,-0.148437,0.550964,-0.393311,0.235596,-0.697327
13.584418058395386,0.268433,-0.089844,0.265625,0.269531,-0.121094,-0.283203,-0.150391,0.550110,-0.396179,0.234314,-0.696777
13.604330778121948,0.271851,0.367188,0.250000,0.203125,-0.154297,-0.308594,-0.068359,0.549744,-0.399414,0.233398,-0.695557
13.623771667480469,0.283569,0.519531,0.542969,0.832031,-0.246094,-0.326172,0.033203,0.549744,-0.402893,0.233337,-0.693604
13.64460563659668,0.328979,0.214844,-0.652344,-0.132812,-0.201172,-0.171875,0.062500,0.549744,-0.405090,0.234070,-0.692017
13.664265632629395,0.349121,0.000000,-0.324219,-0.378906,-0.148437,0.021484,0.089844,0.549744,-0.405640,0.235413,-0.691223
13.684302806854248,0.376587,-0.406250,-0.390625,-0.562500,-0.044922,0.009766,0.107422,0.550354,-0.405396,0.236328,-0.690613
13.704427719116211,0.473999,2.117188,-0.527344,-0.601562,0.107422,0.425781,0.431641,0.552734,-0.401123,0.239319,-0.690125
13.724378824234009,0.533203,-1.664063,-0.015625,1.382813,0.115234,0.457031,0.521484,0.555542,-0.396118,0.243225,-0.689453
13.743930578231812,0.579834,-0.699219,0.000000,-0.292969,-0.082031,0.130859,0.160156,0.556213,-0.394836,0.245483,-0.688843
13.764762878417969,0.624756,-0.730469,0.136719,-0.125000,-0.109375,0.046875,0.044922,0.555786,-0.395264,0.246582,-0.688538
13.785007238388062,0.628418,-1.425781,0.078125,1.148438,-0.255859,-0.154297,-0.224609,0.553772,-0.398071,0.246460,-0.688538
13.804239988327026,0.623047,0.003906,0.277344,-0.316406,-0.167969,-0.197266,-0.279297,0.551758,-0.401001,0.245422,-0.688843
13.824303388595581,0.610718,1.207031,-0.039063,-0.347656,0.021484,-0.023437,-0.054687,0.551208,-0.401733,0.244812,-0.689026
13.844695329666138,0.603760,-1.214844,-0.046875,1.078125,-0.054687,-0.050781,-0.072266,0.550842,-0.402466,0.244690,-0.689026
13.864850759506226,0.620361,1.105469,-0.222656,-0.070312,-0.019531,0.029297,0.111328,0.551453,-0.402161,0.245422,-0.688477
13.8840491771698,0.632446,0.082031,0.062500,-0.574219,-0.011719,0.150391,0.224609,0.552490,-0.400513,0.247314,-0.687866
13.905170202255249,0.650146,-0.851562,0.183594,0.496094,-0.011719,0.031250,0.041016,0.552734,-0.400024,0.248108,-0.687683
13.924741744995117,0.647705,-0.187500,0.039063,0.050781,-0.062500,-0.035156,-0.041016,0.551941,-0.401184,0.247986,-0.687683
13.944851398468018,0.638428,-3.261719,-0.042969,1.292969,-0.257813,-0.291016,-0.464844,0.548889,-0.405273,0.246277,-0.688354
13.9655442237854,0.553467,-0.152344,0.015625,-0.550781,-0.117188,-0.373047,-0.500000,0.545898,-0.409485,0.243164,-0.689331
13.985639810562134,0.493896,0.878906,-0.496094,-0.273438,0.042969,-0.242187,-0.357422,0.544189,-0.411804,0.240234,-0.690369
14.004390001296997,0.465210,1.179688,-0.636719,-0.718750,0.138672,0.035156,-0.115234,0.543823,-0.410950,0.239075,-0.691528
14.025402069091797,0.426758,1.273438,-0.781250,-1.601563,0.365234,0.472656,0.064453,0.544495,-0.405884,0.239258,-0.693909
14.044979095458984,0.428345,-0.320313,1.140625,1.820313,0.300781,0.478516,0.041016,0.544861,-0.401123,0.239990,-0.696167
14.064521074295044,0.442383,0.402344,1.226563,1.199219,-0.044922,0.171875,0.066406,0.544861,-0.399658,0.241455,-0.696533
14.085464477539062,0.491455,0.777344,0.980469,1.023438,-0.132812,0.078125,0.166016,0.545166,-0.399597,0.243591,-0.695557
14.105401039123535,0.509399,0.433594,-0.878906,-0.574219,-0.367188,0.019531,0.240234,0.545349,-0.400513,0.246948,-0.693665
14.125142812728882,0.537354,0.304688,-0.617187,-1.164063,-0.179687,0.267578,0.212891,0.545410,-0.399414,0.250549,-0.692932
14.144927501678467,0.557861,0.480469,-0.402344,-1.785156,-0.060547,0.335938,0.214844,0.545776,-0.396973,0.253662,-0.692932
14.165640830993652,0.581665,-0.335938,-0.367188,-0.890625,0.035156,0.337891,0.164062,0.546204,-0.393982,0.255920,-0.693481
14.185506820678711,0.590576,-2.253906,0.171875,0.972656,-0.003906,0.335938,0.041016,0.545532,-0.391968,0.257690,-0.694519
14.204911231994629,0.588745,-0.703125,0.437500,1.093750,-0.048828,0.054687,-0.156250,0.544006,-0.392456,0.257996,-0.695312
14.2252836227417,0.552856,-0.117188,0.292969,-0.156250,-0.050781,-0.085937,-0.115234,0.543030,-0.393982,0.257385,-0.695435
14.245260953903198,0.526123,-1.011719,0.207031,0.367188,-0.031250,-0.332031,-0.146484,0.542908,-0.396851,0.255005,-0.694824
14.265002012252808,0.508179,2.355469,-0.074219,-1.769531,0.078125,-0.578125,-0.146484,0.543884,-0.400208,0.250977,-0.693542
14.285597324371338,0.549927,3.382813,-0.320313,-0.316406,0.371094,-0.132812,0.335938,0.547607,-0.398804,0.249084,-0.692078
14.30543565750122,0.596069,-0.558594,-0.589844,1.101563,0.210937,0.093750,0.408203,0.551270,-0.395691,0.250000,-0.690674
14.324939250946045,0.639893,0.175781,0.039063,0.433594,0.058594,0.267578,0.375000,0.553284,-0.392639,0.252686,-0.689819
14.345929145812988,0.662354,-2.250000,-0.433594,0.480469,-0.195312,0.427734,0.167969,0.552612,-0.390625,0.256714,-0.690063
14.365494728088379,0.659302,-2.832031,-0.757812,-0.570312,-0.253906,0.183594,-0.189453,0.549988,-0.391235,0.258606,-0.691101
14.38534164428711,0.645630,-0.597656,-1.738281,-2.972656,-0.076172,-0.128906,-0.384766,0.547607,-0.392639,0.256775,-0.692871
14.405434370040894,0.568237,0.445312,-3.140625,-6.324219,0.863281,0.310547,-0.375000,0.547302,-0.387329,0.251343,-0.698059
14.425657749176025,0.512085,0.421875,2.027344,5.078125,1.009766,0.615234,-0.435547,0.546387,-0.379395,0.246765,-0.704712
14.445617437362671,0.461060,0.214844,2.410156,3.109375,-0.138672,0.373047,-0.220703,0.543701,-0.377319,0.248718,-0.707214
14.46548318862915,0.385010,2.109375,1.531250,-1.070313,-0.333984,0.386719,0.140625,0.542236,-0.376038,0.253540,-0.707275
14.485739946365356,0.303101,-0.863281,0.726562,1.296875,-0.300781,0.363281,0.125000,0.541077,-0.374878,0.257996,-0.707214
14.505903244018555,0.307617,0.945312,0.750000,0.246094,-0.189453,0.099609,-0.037109,0.539917,-0.375122,0.259827,-0.707275
14.525302410125732,0.305542,0.093750,1.125000,0.699219,0.048828,-0.083984,-0.021484,0.540161,-0.375549,0.259094,-0.707153
14.545929908752441,0.295288,0.683594,1.507813,2.207031,-0.021484,-0.250000,0.046875,0.540955,-0.377563,0.257874,-0.705933
14.566126585006714,0.277100,-0.757812,0.453125,0.378906,-0.113281,-0.535156,-0.033203,0.541687,-0.381714,0.255737,-0.703918
14.585769653320312,0.264771,-0.093750,-0.636719,-0.953125,0.072266,-0.447266,-0.072266,0.542542,-0.384766,0.252502,-0.702759
14.606322765350342,0.219116,-0.699219,-0.621094,-0.808594,0.152344,-0.447266,-0.158203,0.543152,-0.387268,0.248535,-0.702271
14.625929594039917,0.210693,0.394531,-0.500000,0.062500,0.177734,-0.302734,-0.150391,0.543457,-0.388977,0.245056,-0.702332
14.645926713943481,0.176636,-0.187500,-0.054687,0.292969,0.060547,-0.222656,-0.158203,0.543213,-0.390442,0.242859,-0.702515
14.666479110717773,0.131714,-0.304688,0.003906,0.300781,0.037109,-0.132812,-0.115234,0.542786,-0.391602,0.241272,-0.702698
14.686167240142822,0.105347,-0.273438,-0.003906,0.617187,-0.015625,-0.158203,-0.177734,0.541931,-0.393311,0.239746,-0.702942
14.70579195022583,0.068115,-0.406250,0.187500,0.753906,-0.097656,-0.207031,-0.242187,0.540344,-0.395874,0.238342,-0.703186
14.726194381713867,0.028687,-0.046875,0.433594,0.570312,-0.212891,-0.287109,-0.257813,0.538452,-0.399536,0.237427,-0.702942
14.746358394622803,0.000000,0.871094,0.414062,0.042969,-0.261719,-0.197266,-0.115234,0.537109,-0.402771,0.237549,-0.702026
14.766602516174316,0.008179,0.031250,-0.175781,-0.171875,-0.255859,-0.306641,-0.025391,0.536560,-0.406067,0.237732,-0.700500
14.785730600357056,0.044800,0.519531,-0.542969,-0.945312,-0.138672,-0.058594,0.001953,0.536133,-0.407471,0.238281,-0.699829
14.806856632232666,0.140137,0.031250,-0.183594,-0.093750,-0.087891,0.054687,0.033203,0.535950,-0.407532,0.239258,-0.699585
14.826290607452393,0.213989,-0.500000,-0.367188,0.382813,-0.089844,-0.056641,0.048828,0.536133,-0.407959,0.239990,-0.698975
14.845670223236084,0.298462,2.867188,-0.429687,-1.402344,0.046875,0.208984,0.300781,0.537842,-0.405701,0.242004,-0.698303
14.866028785705566,0.447998,0.363281,0.113281,-0.484375,0.150391,0.423828,0.484375,0.540466,-0.401306,0.244995,-0.697754
14.886419534683228,0.495850,-2.082031,0.085937,0.617187,0.000000,0.101563,0.154297,0.541382,-0.399963,0.246338,-0.697327
14.9059898853302,0.523193,-0.578125,-0.015625,0.703125,-0.048828,0.115234,0.027344,0.540894,-0.399597,0.247498,-0.697510
14.926679611206055,0.520142,-1.375000,0.136719,0.535156,-0.187500,0.029297,-0.253906,0.538391,-0.400940,0.248230,-0.698425
14.946923732757568,0.504517,-0.351563,0.335938,-0.238281,-0.210937,-0.046875,-0.341797,0.535461,-0.403076,0.248291,-0.699402
14.96635389328003,0.490479,1.082031,0.144531,-0.222656,-0.072266,-0.033203,-0.099609,0.534424,-0.404053,0.248230,-0.699646
14.98654294013977,0.529419,0.117188,-0.304688,0.089844,-0.037109,-0.125000,0.005859,0.534668,-0.404724,0.248047,-0.699158
15.00674843788147,0.551025,3.679688,-0.414062,-1.195313,0.115234,0.220703,0.330078,0.536743,-0.401978,0.249756,-0.698486
15.026960849761963,0.583008,-1.070313,0.324219,0.152344,0.117188,0.257813,0.412109,0.539246,-0.398743,0.251953,-0.697693
15.04694390296936,0.627197,0.066406,0.148437,0.042969,-0.050781,0.046875,0.089844,0.539612,-0.398376,0.252991,-0.697205
15.066927433013916,0.631592,-2.203125,0.164062,1.410156,-0.173828,0.023437,-0.066406,0.538269,-0.399536,0.253845,-0.697266
15.086593866348267,0.627197,-0.320313,0.093750,-0.773437,-0.214844,-0.203125,-0.373047,0.535461,-0.402832,0.253113,-0.697815
15.106592178344727,0.592896,-0.742187,0.078125,-1.058594,-0.054687,-0.281250,-0.369141,0.533447,-0.405701,0.250610,-0.698608
15.127046823501587,0.487793,1.433594,-0.640625,0.476562,0.130859,-0.367188,-0.394531,0.532166,-0.408081,0.246826,-0.699524
15.14717435836792,0.465942,1.027344,-0.597656,-0.695312,0.166016,-0.023437,-0.128906,0.531799,-0.407715,0.245178,-0.700623
15.166287899017334,0.435303,1.339844,-0.703125,-1.417969,0.298828,0.417969,0.025391,0.532104,-0.403137,0.245239,-0.703003
15.18698501586914,0.393799,-0.234375,-0.675781,-0.832031,0.486328,0.675781,0.011719,0.532471,-0.396118,0.245605,-0.706604
15.20686650276184,0.387329,-0.042969,1.562500,1.414063,0.189453,0.404297,-0.031250,0.532104,-0.392395,0.246155,-0.708679
15.22640347480774,0.393555,0.578125,1.261719,0.921875,-0.031250,-0.025391,0.023437,0.532288,-0.392395,0.246399,-0.708496
15.246977090835571,0.401367,0.929687,0.933594,1.285156,-0.097656,-0.099609,0.160156,0.533142,-0.393494,0.247192,-0.706970
15.26720905303955,0.419312,-0.218750,0.933594,1.644531,-0.324219,-0.253906,0.166016,0.533691,-0.396179,0.248840,-0.704468
15.28652572631836,0.452515,-0.011719,-0.757812,-0.691406,-0.193359,-0.076172,0.158203,0.534180,-0.397583,0.250610,-0.702698
15.307289361953735,0.523071,-0.289063,-0.582031,-1.250000,-0.105469,0.015625,0.158203,0.534973,-0.397461,0.252014,-0.701660
15.327441453933716,0.556885,1.929688,-0.421875,-1.320313,0.119141,0.222656,0.335938,0.537292,-0.394409,0.253723,-0.700989
15.347261667251587,0.576660,0.238281,-0.191406,-0.531250,0.248047,0.394531,0.476562,0.540283,-0.389648,0.255859,-0.700562
15.366694211959839,0.593018,-2.535156,-0.199219,0.332031,0.048828,0.060547,0.119141,0.541199,-0.388489,0.256165,-0.700378
15.387080430984497,0.589233,-1.945313,-0.550781,0.117188,-0.009766,-0.222656,-0.253906,0.539917,-0.390686,0.253906,-0.700989
15.407405614852905,0.574585,-2.242188,-1.394531,-1.253906,0.003906,-0.375000,-0.707031,0.536255,-0.394653,0.249084,-0.703308
15.427177429199219,0.564087,0.675781,-0.546875,-1.757813,0.250000,-0.257813,-0.806641,0.532104,-0.397705,0.242920,-0.706848
15.44728422164917,0.516724,2.535156,2.589844,2.050781,-0.277344,-0.406250,-0.625000,0.528015,-0.403137,0.240112,-0.707825
15.467475891113281,0.513184,3.921875,2.214844,1.457031,-0.568359,-0.314453,-0.007813,0.526428,-0.408264,0.242126,-0.705383
15.48727035522461,0.510864,0.542969,-1.277344,-0.320313,-0.396484,-0.105469,0.378906,0.527405,-0.410217,0.245728,-0.702271
15.50774073600769,0.511475,-1.027344,-1.792969,-0.527344,-0.167969,0.097656,0.187500,0.528015,-0.409973,0.248047,-0.701172
15.527729034423828,0.509521,-0.652344,-1.332031,-2.121094,0.080078,0.113281,0.076172,0.528564,-0.408203,0.248779,-0.701477
15.546904563903809,0.506714,-0.789062,-1.277344,0.000000,0.240234,0.470703,0.027344,0.528442,-0.403748,0.249695,-0.703857
15.567861795425415,0.516113,0.285156,-1.500000,-1.550781,0.355469,0.822266,-0.076172,0.527527,-0.396301,0.251343,-0.708191
15.587495803833008,0.513916,1.667969,0.421875,0.234375,0.330078,0.951172,0.111328,0.527161,-0.388000,0.254211,-0.712036
15.606994867324829,0.523437,1.054688,1.449219,-0.457031,0.072266,0.423828,0.158203,0.527649,-0.383789,0.256592,-0.713074
15.627326488494873,0.539795,-0.500000,0.878906,1.894531,0.083984,0.195312,0.275391,0.529175,-0.381592,0.257935,-0.712646
15.647678136825562,0.538452,-0.726562,0.519531,1.925781,-0.156250,-0.115234,0.066406,0.529480,-0.382751,0.258850,-0.711426
15.667862176895142,0.535034,0.113281,0.476562,0.355469,-0.236328,-0.117188,0.068359,0.529419,-0.384644,0.260193,-0.710022
15.686935901641846,0.531128,0.113281,0.199219,-0.093750,-0.267578,-0.109375,0.076172,0.529236,-0.386658,0.261719,-0.708496
15.707931995391846,0.532593,0.230469,-0.574219,-0.746094,-0.216797,-0.099609,0.095703,0.529297,-0.388184,0.263123,-0.707092
15.727941751480103,0.533936,-0.421875,-0.289063,0.234375,-0.164062,-0.068359,0.037109,0.529114,-0.389465,0.264038,-0.706116
15.747637748718262,0.530884,-0.484375,0.070312,0.121094,-0.171875,-0.158203,-0.041016,0.528687,-0.391541,0.264221,-0.705261
15.768181800842285,0.492187,-0.984375,0.156250,-0.117188,-0.103516,-0.267578,-0.031250,0.528748,-0.394226,0.263184,-0.704102
15.787837266921997,0.458984,0.535156,-0.042969,-1.132813,0.015625,-0.447266,-0.074219,0.529480,-0.397339,0.260376,-0.702820
15.807727575302124,0.438843,-0.433594,-0.402344,-0.789062,0.181641,-0.388672,-0.046875,0.530762,-0.399170,0.257324,-0.701965
15.828166723251343,0.461548,0.281250,-0.804687,-0.574219,0.132812,-0.126953,-0.013672,0.531555,-0.399353,0.255737,-0.701843
15.847865104675293,0.489380,1.421875,-0.312500,0.082031,0.121094,0.179687,0.070312,0.532104,-0.397217,0.256226,-0.702454
15.867626905441284,0.542114,-0.003906,-0.113281,0.910156,0.000000,0.371094,0.181641,0.532471,-0.394165,0.258789,-0.702942
15.887930870056152,0.631104,0.679687,0.332031,0.671875,-0.107422,0.433594,0.232422,0.532654,-0.391296,0.262329,-0.703125
15.90843677520752,0.648926,-0.289063,0.539062,0.589844,-0.076172,0.271484,0.208984,0.533203,-0.389343,0.264893,-0.702820
15.927566051483154,0.658569,-0.421875,0.468750,-0.171875,-0.023437,-0.019531,0.146484,0.534241,-0.389160,0.265442,-0.701904
15.948219060897827,0.656982,-0.246094,0.238281,-0.476562,0.044922,-0.216797,0.072266,0.535522,-0.390137,0.264282,-0.700806
15.968478679656982,0.644043,-0.429687,0.101563,-1.410156,0.197266,-0.271484,-0.021484,0.536682,-0.391052,0.261719,-0.700378
15.988577365875244,0.608887,-1.546875,-0.648437,0.417969,0.126953,-0.220703,-0.191406,0.536377,-0.392273,0.258972,-0.700989
16.007763862609863,0.561523,0.496094,-0.902344,0.003906,-0.007813,-0.156250,-0.384766,0.534241,-0.393738,0.257080,-0.702454
16.02839684486389,0.528809,0.679687,-0.871094,-0.890625,0.039063,0.253906,-0.226562,0.532043,-0.392639,0.257202,-0.704712
16.04822301864624,0.514282,0.625000,-0.867187,-1.398438,0.136719,0.443359,-0.189453,0.530090,-0.389160,0.257813,-0.707886
16.067872524261475,0.506348,-0.230469,1.171875,1.343750,0.246094,0.582031,-0.203125,0.528137,-0.384705,0.258362,-0.711609
16.08835482597351,0.500000,0.335938,1.738281,1.949219,-0.044922,0.185547,-0.167969,0.526306,-0.383972,0.258911,-0.713135
16.108932495117188,0.489258,0.351563,0.867187,-0.019531,-0.142578,-0.128906,-0.115234,0.525269,-0.385864,0.258850,-0.712891
16.128150463104248,0.460815,0.304688,0.843750,1.062500,-0.177734,-0.291016,-0.074219,0.524841,-0.388977,0.258301,-0.711670
16.14870023727417,0.440796,1.062500,-0.519531,-0.792969,-0.087891,-0.191406,0.068359,0.525452,-0.390625,0.258240,-0.710388
16.168376207351685,0.485840,-0.171875,-0.511719,0.394531,-0.007813,0.056641,0.203125,0.526794,-0.389832,0.259277,-0.709412
16.18786597251892,0.538452,2.265625,-0.449219,-0.132812,0.060547,0.240234,0.464844,0.529785,-0.386475,0.261963,-0.708069
16.208423376083374,0.613037,1.007813,0.148437,-0.523437,0.183594,0.500000,0.738281,0.534180,-0.380432,0.265930,-0.706543
16.228463649749756,0.632080,-2.347656,-0.191406,0.640625,0.080078,0.232422,0.433594,0.536804,-0.377197,0.268372,-0.705383
16.257933139801025,0.652954,0.050781,0.132812,-0.656250,-0.126953,0.144531,-0.082031,0.536804,-0.376526,0.269531,-0.705261
16.278337955474854,0.651489,-1.902344,0.062500,0.832031,-0.310547,-0.044922,-0.423828,0.535217,-0.376770,0.270630,-0.705933
16.297478914260864,0.650146,1.191406,0.117188,-0.667969,-0.166016,0.123047,-0.232422,0.531494,-0.379333,0.271057,-0.707214
16.318017959594727,0.666504,1.812500,0.164062,-0.234375,-0.033203,0.111328,0.113281,0.528931,-0.380066,0.272034,-0.708374
16.338050603866577,0.668701,0.250000,-0.082031,1.574219,-0.068359,0.294922,0.404297,0.528870,-0.379456,0.273743,-0.708069
16.357871294021606,0.670410,-1.480469,-0.074219,-1.636719,0.189453,0.251953,0.353516,0.530640,-0.376648,0.276978,-0.706970
16.378225326538086,0.657471,-2.484375,-0.968750,0.058594,0.181641,0.031250,-0.062500,0.533020,-0.372925,0.278381,-0.706665
16.398511171340942,0.644897,-3.378906,-2.441406,-1.531250,0.628906,-0.019531,-0.484375,0.533081,-0.371948,0.276672,-0.707764
16.418002367019653,0.612549,0.371094,-0.703125,-1.234375,0.791016,0.455078,-0.414062,0.532104,-0.369751,0.271057,-0.711792
16.438358306884766,0.492187,0.527344,1.601563,4.035156,-0.082031,0.435547,-0.244141,0.530762,-0.363892,0.266357,-0.717590
16.45844602584839,0.386353,-1.812500,1.011719,-0.339844,-0.382813,0.287109,-0.361328,0.527649,-0.361877,0.267273,-0.720581
16.47831082344055,0.280640,0.976562,0.414062,-3.425781,-0.060547,0.419922,-0.212891,0.523193,-0.362366,0.270142,-0.722473
16.49849247932434,0.259033,-0.164062,1.039063,0.855469,0.199219,-0.007813,-0.169922,0.520325,-0.360596,0.271729,-0.724854
16.518674850463867,0.259766,0.050781,1.148438,2.425781,0.431641,-0.486328,-0.136719,0.519836,-0.360046,0.269592,-0.726257
16.53806757926941,0.267212,0.960937,2.089844,3.160156,0.427734,-0.755859,0.023437,0.521667,-0.361694,0.263672,-0.726318
16.558045148849487,0.261108,2.046875,2.417969,3.390625,-0.037109,-0.664062,0.228516,0.525146,-0.364746,0.257202,-0.724548
16.578630924224854,0.232544,-0.144531,-0.058594,-0.238281,-0.156250,-0.654297,0.152344,0.528381,-0.369080,0.254333,-0.721008
16.59894895553589,0.223389,-0.230469,-0.953125,-1.042969,-0.054687,-0.515625,0.082031,0.530640,-0.374146,0.252502,-0.717407
16.618356466293335,0.215088,-0.085937,-1.144531,-1.441406,0.074219,-0.351563,0.023437,0.532349,-0.377808,0.250488,-0.714905
16.63883876800537,0.228516,-0.500000,-1.007813,-1.324219,0.171875,-0.251953,-0.076172,0.533630,-0.379944,0.248108,-0.713684
16.658551454544067,0.229492,-0.355469,0.082031,1.082031,0.011719,-0.265625,-0.125000,0.534363,-0.381165,0.245361,-0.713440
16.678416967391968,0.227295,-0.140625,-0.003906,0.214844,-0.050781,-0.197266,-0.179687,0.534241,-0.383179,0.243286,-0.713196
16.69862151145935,0.199951,0.546875,0.074219,0.269531,-0.070312,-0.146484,-0.134766,0.533264,-0.385315,0.241882,-0.713196
16.718744039535522,0.196777,0.238281,0.464844,0.566406,-0.179687,-0.230469,-0.074219,0.532410,-0.387146,0.241150,-0.713074
16.738492727279663,0.178833,-0.152344,0.097656,0.078125,-0.240234,-0.326172,-0.119141,0.531677,-0.389954,0.240784,-0.712219
16.758967876434326,0.143677,0.101563,0.082031,-0.089844,-0.259766,-0.335938,-0.136719,0.530762,-0.393738,0.240356,-0.710999
16.778934240341187,0.134033,-0.070312,-0.125000,-0.386719,-0.238281,-0.277344,-0.154297,0.529541,-0.397705,0.239868,-0.709839
16.798561096191406,0.130005,0.464844,0.121094,0.511719,-0.251953,-0.158203,-0.013672,0.528198,-0.401367,0.239624,-0.708862
16.818827867507935,0.208740,0.503906,-0.429687,0.003906,-0.154297,0.015625,0.089844,0.527405,-0.403809,0.240479,-0.707764
16.838940143585205,0.247559,-0.898437,-0.300781,0.097656,-0.121094,-0.005859,0.068359,0.527344,-0.404480,0.241943,-0.706970
16.85844087600708,0.311157,1.332031,-0.781250,-1.058594,0.064453,0.468750,0.423828,0.527588,-0.404480,0.243164,-0.706299
16.87868857383728,0.388428,2.882813,-0.453125,-1.687500,0.091797,0.644531,0.521484,0.529724,-0.400146,0.246460,-0.706116
16.89894962310791,0.516846,-1.742188,0.054687,0.011719,-0.011719,0.158203,0.123047,0.532043,-0.394409,0.250671,-0.706055
16.91893196105957,0.552979,0.164062,0.031250,0.632812,-0.164062,0.115234,0.007813,0.532593,-0.392822,0.252441,-0.705933
16.938928604125977,0.564575,-1.886719,0.160156,0.386719,-0.269531,-0.136719,-0.298828,0.531677,-0.392883,0.254089,-0.705994
16.95916509628296,0.540039,-0.917969,0.285156,0.082031,-0.119141,-0.093750,-0.242187,0.529236,-0.395508,0.254089,-0.706360
16.979129791259766,0.520508,0.402344,0.015625,-0.093750,-0.033203,-0.015625,-0.066406,0.527283,-0.397461,0.253601,-0.706909
16.998945474624634,0.516968,-0.218750,-0.097656,0.296875,-0.044922,0.025391,-0.025391,0.526611,-0.398010,0.253479,-0.707092
17.018969535827637,0.535767,0.332031,-0.128906,-0.246094,0.011719,0.279297,0.148437,0.526306,-0.398071,0.253845,-0.707214
17.039690017700195,0.564209,2.316406,-0.312500,-0.593750,0.132812,0.652344,0.546875,0.526855,-0.395508,0.255798,-0.707520
17.05894160270691,0.585327,-0.675781,0.238281,-0.292969,0.154297,0.462891,0.556641,0.529419,-0.389282,0.260193,-0.707458
17.079189777374268,0.608032,0.214844,0.246094,-0.265625,0.144531,0.349609,0.498047,0.532715,-0.383606,0.263855,-0.706726
17.099576711654663,0.612915,-1.390625,0.406250,-0.179687,0.068359,-0.009766,0.230469,0.535828,-0.379211,0.266235,-0.705811
17.119445323944092,0.618164,-1.312500,0.140625,0.746094,0.023437,-0.164062,0.046875,0.537781,-0.378174,0.266541,-0.704773
17.13953447341919,0.595703,-0.687500,0.390625,-0.871094,0.173828,-0.375000,-0.050781,0.538879,-0.379028,0.265442,-0.703918
17.159478902816772,0.555542,-1.414063,-0.160156,1.015625,0.066406,-0.505859,-0.291016,0.539978,-0.381104,0.262146,-0.703186
17.179269790649414,0.463989,-2.222656,-0.277344,-0.808594,0.066406,-0.433594,-0.585937,0.539490,-0.385010,0.257568,-0.703125
17.199300527572632,0.408691,-0.417969,-0.996094,0.394531,-0.031250,-0.027344,-0.396484,0.536926,-0.389099,0.252747,-0.704590
17.21952795982361,0.402222,0.320313,-0.476562,-0.378906,-0.003906,0.251953,-0.318359,0.534058,-0.390625,0.251038,-0.706543
17.239777326583862,0.404053,1.320313,-0.566406,-1.453125,0.173828,0.623047,-0.185547,0.531250,-0.389343,0.251160,-0.709290
17.259440422058105,0.399902,0.566406,-0.015625,0.214844,-0.009766,0.597656,-0.177734,0.528870,-0.384888,0.252625,-0.712952
17.27975630760193,0.430176,-0.171875,1.484375,2.253906,-0.207031,0.265625,-0.093750,0.526062,-0.381226,0.255188,-0.716064
17.29959487915039,0.442017,1.039063,0.773437,0.386719,-0.130859,0.160156,0.074219,0.524048,-0.380371,0.257751,-0.717102
17.319318532943726,0.457397,-0.445312,0.687500,1.488281,-0.287109,-0.064453,0.039063,0.523499,-0.379944,0.259827,-0.716980
17.339664936065674,0.469971,-0.101563,-0.207031,-0.082031,-0.212891,-0.044922,-0.017578,0.522888,-0.381531,0.261658,-0.715942
17.35987639427185,0.481567,-0.421875,-0.261719,-0.273438,-0.214844,-0.056641,-0.083984,0.522034,-0.383118,0.262939,-0.715271
17.379546880722046,0.505859,-0.562500,0.062500,-0.011719,-0.158203,-0.138672,-0.121094,0.520752,-0.384827,0.263733,-0.714905
17.399874210357666,0.500000,0.792969,-0.082031,-0.339844,-0.060547,-0.083984,-0.017578,0.519775,-0.386719,0.263855,-0.714600
17.419787645339966,0.482788,-0.984375,-0.007813,-0.054687,-0.056641,-0.156250,-0.082031,0.519531,-0.387817,0.263733,-0.714233
17.43979835510254,0.478760,0.363281,-0.128906,-0.621094,0.066406,-0.136719,-0.035156,0.519226,-0.389343,0.262939,-0.713928
17.459465503692627,0.492432,1.714844,-0.406250,-0.753906,0.189453,0.027344,0.246094,0.519653,-0.390015,0.261719,-0.713684
17.479931116104126,0.570435,1.621094,-0.246094,-0.093750,0.144531,0.011719,0.375000,0.521973,-0.388367,0.261597,-0.712952
17.49995231628418,0.610596,-0.597656,-0.281250,-0.066406,0.023437,0.005859,0.160156,0.525024,-0.386414,0.262329,-0.711487
17.519556999206543,0.644043,-0.718750,0.269531,0.816406,-0.144531,0.146484,0.009766,0.526245,-0.385498,0.263184,-0.710754
17.539957523345947,0.657959,-1.417969,0.398438,0.886719,-0.257813,-0.046875,-0.218750,0.525330,-0.385376,0.264954,-0.710876
17.560210466384888,0.655518,-0.054687,0.562500,-0.453125,-0.076172,-0.253906,-0.173828,0.523132,-0.387512,0.265625,-0.711060
17.579941511154175,0.644043,-1.039063,0.101563,0.421875,-0.019531,-0.375000,-0.224609,0.521973,-0.390503,0.264282,-0.710815
17.60024666786194,0.589478,-0.449219,-0.414062,-0.261719,0.119141,-0.283203,-0.138672,0.521423,-0.393738,0.261658,-0.710388
17.619956493377686,0.557495,-0.066406,-0.703125,-0.308594,0.132812,-0.003906,-0.142578,0.521545,-0.395447,0.258850,-0.710388
17.640007734298706,0.534546,2.300781,-0.652344,-1.273438,0.250000,0.589844,0.078125,0.521240,-0.394836,0.257385,-0.711426
17.65995764732361,0.515015,0.312500,-0.367188,-0.042969,0.107422,0.730469,-0.050781,0.520996,-0.389587,0.258789,-0.713989
17.680050134658813,0.519043,0.574219,0.812500,0.640625,0.046875,0.564453,0.023437,0.519470,-0.383850,0.261597,-0.717224
17.69994068145752,0.521851,-0.109375,0.820312,0.738281,-0.048828,0.164062,0.046875,0.518250,-0.379700,0.264282,-0.719299
17.720396041870117,0.531860,0.175781,0.558594,-0.027344,-0.046875,-0.042969,0.058594,0.518005,-0.378479,0.265625,-0.719604
17.740331649780273,0.529541,0.175781,0.261719,-0.203125,-0.062500,-0.083984,0.007813,0.518372,-0.378723,0.265991,-0.719116
17.759958505630493,0.527344,-0.152344,0.152344,0.316406,-0.150391,-0.144531,-0.091797,0.518372,-0.379761,0.266052,-0.718567
17.780255794525146,0.524658,-0.148437,0.054687,0.425781,-0.212891,-0.136719,-0.097656,0.517517,-0.381775,0.266113,-0.718079
17.800798177719116,0.550415,0.136719,-0.121094,-0.195312,-0.154297,-0.111328,-0.041016,0.516479,-0.383972,0.266541,-0.717468
17.82088017463684,0.559814,-0.070312,-0.191406,-0.210937,-0.052734,-0.097656,0.017578,0.515930,-0.385681,0.266907,-0.716858
17.84035062789917,0.562622,1.355469,-0.296875,-0.785156,0.074219,0.103516,0.156250,0.516113,-0.386536,0.266846,-0.716248
17.8604838848114,0.590698,1.816406,-0.222656,-0.156250,0.119141,0.392578,0.421875,0.517334,-0.384888,0.267517,-0.716003
17.880598306655884,0.611572,-0.433594,0.062500,0.347656,0.007813,0.181641,0.283203,0.519653,-0.380859,0.269897,-0.715576
17.900608777999878,0.631226,0.132812,-0.152344,0.265625,-0.009766,0.189453,0.232422,0.521423,-0.378357,0.272095,-0.714783
17.920780181884766,0.652588,0.019531,0.000000,-0.316406,0.011719,0.136719,0.097656,0.522461,-0.376465,0.273987,-0.714294
17.940614700317383,0.656982,-0.308594,-0.175781,0.601562,-0.126953,0.125000,-0.041016,0.522766,-0.375244,0.275085,-0.714294
17.960883855819702,0.658081,-1.550781,0.023437,-0.066406,-0.152344,-0.064453,-0.267578,0.521667,-0.375122,0.276306,-0.714661
17.980952501296997,0.641113,-0.839844,0.332031,0.148437,-0.083984,-0.117188,-0.253906,0.519531,-0.376953,0.276123,-0.715393
18.00131106376648,0.610107,-0.242187,0.054687,0.089844,-0.039063,-0.121094,-0.226562,0.517639,-0.379028,0.275146,-0.716064
18.02030110359192,0.598267,1.304688,-0.027344,0.097656,-0.023437,-0.052734,0.007813,0.516357,-0.380493,0.274109,-0.716553
18.04103922843933,0.627441,0.429687,-0.097656,-0.210937,0.029297,-0.033203,0.136719,0.516418,-0.381042,0.273926,-0.716309
18.06094717979431,0.655640,2.039063,-0.359375,-0.386719,0.179687,0.509766,0.640625,0.517761,-0.380188,0.274475,-0.715576
18.080878257751465,0.665527,-2.578125,-0.187500,1.113281,-0.001953,0.269531,0.351563,0.521179,-0.374939,0.277832,-0.714600
18.100615739822388,0.669312,-1.210938,-0.527344,-1.093750,0.083984,0.226562,0.074219,0.523071,-0.371460,0.280579,-0.713928
18.121204137802124,0.647217,-1.234375,-1.500000,-0.539062,0.093750,0.253906,-0.166016,0.523254,-0.369202,0.281555,-0.714600
18.14097023010254,0.626587,-1.472656,-2.160156,-2.250000,0.582031,0.441406,-0.316406,0.521912,-0.367065,0.281189,-0.716797
18.160443544387817,0.576416,0.519531,0.136719,-0.691406,0.537109,0.804687,-0.230469,0.520447,-0.361816,0.278625,-0.721497
18.181071519851685,0.411377,0.445312,1.808594,3.093750,-0.128906,0.697266,-0.101563,0.518372,-0.354309,0.278748,-0.726685
18.20107936859131,0.339233,-0.609375,0.734375,-0.875000,0.058594,0.546875,-0.117188,0.515381,-0.349548,0.282532,-0.729614
18.220879554748535,0.312012,0.070312,0.644531,-0.054687,0.115234,0.240234,-0.136719,0.513123,-0.345825,0.284607,-0.732178
18.241032361984253,0.300659,0.332031,1.578125,1.523438,0.189453,-0.011719,-0.123047,0.511841,-0.343689,0.284607,-0.734070
18.261300086975098,0.281494,0.804687,1.812500,2.035156,0.105469,-0.156250,0.011719,0.511658,-0.343201,0.282776,-0.735229
18.28095555305481,0.252441,0.437500,2.019531,3.675781,-0.271484,-0.505859,0.083984,0.512451,-0.344116,0.281250,-0.734741
18.301466703414917,0.239136,-0.582031,-0.898437,-1.156250,-0.226562,-0.607422,0.017578,0.513550,-0.348694,0.280823,-0.731934
18.32158350944519,0.247070,-0.269531,-1.339844,-2.382813,0.011719,-0.496094,-0.091797,0.514587,-0.354065,0.279480,-0.729187
18.340945720672607,0.250244,0.167969,-1.011719,-1.687500,0.140625,-0.343750,-0.128906,0.515381,-0.357910,0.276550,-0.727905
18.361762046813965,0.244385,-0.402344,-0.500000,-0.542969,0.171875,-0.365234,-0.191406,0.515930,-0.360229,0.273193,-0.727600
18.38143253326416,0.228394,0.109375,0.160156,0.980469,0.119141,-0.359375,-0.175781,0.516174,-0.362488,0.269531,-0.727722
18.401108503341675,0.210937,0.191406,0.457031,1.339844,-0.044922,-0.328125,-0.156250,0.516235,-0.364990,0.266174,-0.727600
18.42094659805298,0.205811,0.285156,0.617187,0.835937,-0.185547,-0.369141,-0.117188,0.515869,-0.368103,0.264160,-0.727051
18.441195249557495,0.185425,0.230469,0.210937,0.117188,-0.181641,-0.316406,-0.093750,0.515320,-0.371887,0.263184,-0.725830
18.461883544921875,0.209351,-0.132812,-0.246094,-0.503906,-0.087891,-0.287109,-0.156250,0.514771,-0.375427,0.262390,-0.724670
18.48133373260498,0.219116,0.281250,0.144531,0.292969,-0.156250,-0.230469,-0.130859,0.514099,-0.378479,0.261108,-0.724060
18.501707553863525,0.234009,0.164062,-0.148437,0.054687,-0.207031,-0.171875,-0.125000,0.513245,-0.381348,0.260376,-0.723450
18.521533489227295,0.274658,0.265625,-0.351563,0.289063,-0.253906,0.160156,-0.029297,0.512024,-0.383728,0.260681,-0.722961
18.54122805595398,0.343262,0.164062,-0.519531,0.296875,-0.187500,0.507812,0.125000,0.510681,-0.383667,0.263000,-0.723083
18.561506271362305,0.499146,0.242187,-0.304688,0.132812,-0.167969,0.533203,0.197266,0.509705,-0.380737,0.267029,-0.723816
18.581501960754395,0.572754,0.445312,-0.015625,0.050781,-0.044922,0.392578,0.353516,0.509277,-0.377380,0.271301,-0.724304
18.601444721221924,0.598389,0.730469,0.300781,-1.085938,0.203125,0.205078,0.496094,0.510803,-0.373779,0.274719,-0.723816
18.62188720703125,0.609253,-1.582031,0.414062,0.800781,0.183594,-0.255859,0.322266,0.514404,-0.370300,0.276001,-0.722595
18.641666173934937,0.610840,-0.902344,0.101563,0.300781,0.099609,-0.542969,0.142578,0.518066,-0.370178,0.274719,-0.720459
18.661787033081055,0.607178,-1.085938,0.093750,-0.328125,0.072266,-0.621094,-0.097656,0.520874,-0.373169,0.271667,-0.718018
18.681447505950928,0.588867,0.414062,-0.222656,-0.738281,0.003906,-0.234375,-0.205078,0.522095,-0.377197,0.267883,-0.716492
18.702277898788452,0.528076,-0.320313,-0.421875,0.808594,-0.158203,-0.015625,-0.277344,0.521362,-0.379517,0.265686,-0.716614
18.721807956695557,0.552612,2.062500,-0.453125,-0.257813,-0.115234,0.310547,-0.003906,0.519226,-0.380554,0.265747,-0.717590
18.74173378944397,0.596802,-0.437500,-0.398438,0.554687,-0.091797,0.328125,0.068359,0.517822,-0.379272,0.268066,-0.718445
18.762492656707764,0.652222,0.890625,-0.878906,-0.140625,-0.056641,0.394531,0.074219,0.516968,-0.377197,0.270874,-0.719116
18.78217053413391,0.646851,-1.421875,-1.453125,-2.117188,0.152344,0.187500,-0.160156,0.516174,-0.374634,0.273438,-0.720032
18.801543951034546,0.636841,0.246094,-1.808594,-3.023438,0.597656,0.281250,-0.232422,0.515259,-0.372498,0.272583,-0.722107
18.821991682052612,0.592529,0.714844,0.000000,0.062500,0.294922,0.289063,-0.177734,0.514954,-0.368408,0.269165,-0.725708
18.84228777885437,0.562500,0.300781,1.308594,2.558594,-0.435547,0.093750,-0.050781,0.514038,-0.365417,0.268250,-0.728210
18.861941814422607,0.526001,0.746094,-0.109375,-2.957031,-0.201172,0.320313,0.033203,0.512024,-0.366272,0.271362,-0.728027
18.88214874267578,0.443359,-0.593750,-0.144531,-2.128906,0.179687,0.458984,-0.080078,0.510620,-0.364990,0.274353,-0.728516
18.902345418930054,0.386353,-0.140625,0.703125,-0.152344,0.335938,0.318359,-0.113281,0.509521,-0.361145,0.275208,-0.730957
18.922091007232666,0.362061,0.097656,1.355469,1.707031,0.296875,-0.027344,-0.005859,0.509094,-0.357605,0.273987,-0.733398
18.94217872619629,0.327881,0.625000,1.390625,1.628906,0.333984,-0.283203,0.119141,0.510193,-0.356201,0.271667,-0.734192
18.962064266204834,0.313232,0.027344,0.953125,2.925781,0.009766,-0.406250,0.111328,0.512817,-0.356384,0.268616,-0.733398
18.98195242881775,0.298828,-0.511719,0.074219,-0.164062,0.039063,-0.349609,0.042969,0.514832,-0.358704,0.266602,-0.731567
19.002363204956055,0.276489,0.332031,-0.433594,-0.730469,0.027344,-0.294922,-0.031250,0.516174,-0.361084,0.264648,-0.730164
19.02260398864746,0.241699,-0.207031,-0.363281,-0.414062,0.054687,-0.259766,-0.095703,0.516907,-0.363098,0.262817,-0.729309
19.042542934417725,0.220947,-0.335938,-0.074219,-0.339844,0.146484,-0.394531,-0.128906,0.517212,-0.365051,0.260559,-0.728943
19.06224250793457,0.206909,0.089844,0.523437,1.324219,-0.066406,-0.531250,-0.093750,0.517761,-0.367615,0.257202,-0.728394
19.082599878311157,0.202759,0.289063,0.503906,1.066406,-0.154297,-0.416016,-0.013672,0.518250,-0.371826,0.254639,-0.726868
19.102554321289062,0.198853,0.179687,-0.402344,-0.277344,-0.162109,-0.218750,-0.011719,0.518616,-0.375732,0.253479,-0.724976
19.122244834899902,0.189331,0.042969,-0.539062,-0.863281,-0.056641,-0.103516,-0.027344,0.518555,-0.378235,0.253296,-0.723816
19.142650842666626,0.185181,0.218750,-0.269531,-0.273438,-0.035156,-0.128906,0.001953,0.518494,-0.379456,0.253113,-0.723267
19.162948846817017,0.201416,-0.097656,-0.035156,-0.191406,-0.035156,-0.085937,0.050781,0.518738,-0.380493,0.252747,-0.722656
19.18226170539856,0.233032,0.371094,0.128906,0.164062,-0.035156,-0.050781,0.125000,0.519226,-0.381165,0.252686,-0.721985
19.20282530784607,0.330811,0.625000,0.066406,0.324219,-0.039063,-0.021484,0.230469,0.520203,-0.381409,0.253174,-0.721008
19.222662925720215,0.366577,0.265625,-0.117188,-0.128906,-0.003906,0.009766,0.195312,0.521729,-0.381104,0.254211,-0.719666
19.242958545684814,0.394897,-0.500000,-0.179687,-0.265625,-0.105469,-0.193359,0.001953,0.522949,-0.380920,0.255066,-0.718567
19.2629554271698,0.425171,0.289063,-0.054687,-0.242187,-0.087891,-0.183594,-0.015625,0.523132,-0.382690,0.254944,-0.717529
19.282938957214355,0.435669,-0.707031,0.066406,0.468750,-0.203125,-0.250000,-0.201172,0.523071,-0.384583,0.254517,-0.716736
19.302505493164062,0.429932,-0.769531,0.035156,0.324219,-0.177734,-0.068359,-0.251953,0.521606,-0.387695,0.253967,-0.716309
19.322630405426025,0.404175,0.738281,-0.300781,-0.386719,-0.117188,0.175781,-0.173828,0.519287,-0.389832,0.253906,-0.716858
19.34295082092285,0.384399,0.210937,-0.214844,-0.226562,-0.119141,0.222656,-0.076172,0.517151,-0.389832,0.255005,-0.718018
19.363157272338867,0.416626,0.109375,-0.246094,-0.570312,-0.021484,0.279297,0.000000,0.515564,-0.389099,0.256714,-0.718933
19.38296675682068,0.441162,-0.335938,-0.046875,0.347656,-0.119141,0.119141,0.009766,0.514648,-0.387695,0.258240,-0.719788
19.403477668762207,0.530396,2.507813,-0.109375,-0.960937,-0.003906,0.400391,0.275391,0.514160,-0.386963,0.259827,-0.719971
19.42321252822876,0.551025,-0.386719,0.367188,-0.679687,0.103516,0.328125,0.296875,0.514954,-0.383728,0.262756,-0.720093
19.442888736724854,0.567627,-0.675781,0.519531,0.484375,-0.005859,0.039063,0.126953,0.516541,-0.380188,0.265076,-0.719971
19.463303327560425,0.581787,-0.898437,0.039063,0.425781,-0.021484,0.044922,0.011719,0.517334,-0.379456,0.265930,-0.719482
19.483495235443115,0.569946,-1.632813,0.000000,0.777344,-0.101563,0.000000,-0.152344,0.517151,-0.379456,0.266296,-0.719482
19.502958297729492,0.546265,-1.050781,-0.070312,0.457031,-0.232422,-0.078125,-0.330078,0.515747,-0.380188,0.266602,-0.720032
19.52312421798706,0.508667,0.281250,-0.128906,0.113281,-0.187500,0.054687,-0.189453,0.512817,-0.382446,0.266846,-0.720764
19.54316806793213,0.545898,1.191406,0.031250,-0.828125,-0.072266,-0.037109,0.015625,0.510681,-0.383728,0.267578,-0.721375
19.563019037246704,0.588013,1.929688,-0.152344,-0.203125,-0.099609,0.076172,0.236328,0.510437,-0.384338,0.268188,-0.720947
19.58295488357544,0.635864,1.386719,0.167969,-1.359375,0.125000,0.203125,0.439453,0.511658,-0.383667,0.269836,-0.719849
19.603171586990356,0.639038,-0.851562,0.101563,-0.203125,0.085937,0.097656,0.212891,0.514648,-0.380798,0.271423,-0.718689
19.623340606689453,0.633423,-2.296875,0.062500,0.632812,0.015625,0.011719,-0.117188,0.516174,-0.379272,0.271973,-0.718140
19.643064737319946,0.616211,-1.554688,-0.718750,0.058594,-0.041016,0.115234,-0.310547,0.515442,-0.379272,0.271606,-0.718811
19.663532495498657,0.526001,0.175781,-0.964844,-1.558594,0.074219,0.406250,-0.406250,0.512817,-0.379333,0.271240,-0.720764
19.683234930038452,0.457275,1.722656,-0.859375,-2.195313,0.312500,0.636719,-0.240234,0.509338,-0.377075,0.271179,-0.724487
19.703407287597656,0.393066,0.289063,0.757812,0.652344,0.105469,0.255859,-0.128906,0.506958,-0.371948,0.271240,-0.728760
19.723289728164673,0.355469,0.636719,0.980469,0.445312,0.056641,-0.007813,-0.011719,0.505737,-0.369751,0.271301,-0.730713
19.743500232696533,0.342529,0.636719,0.781250,1.097656,-0.019531,-0.101563,0.087891,0.505859,-0.369507,0.270874,-0.730896
19.762962341308594,0.338013,0.289063,0.835937,0.968750,-0.162109,-0.164062,0.130859,0.506714,-0.370117,0.270813,-0.730042
19.7840416431427,0.349487,-0.015625,0.406250,0.347656,-0.148437,-0.097656,0.134766,0.507507,-0.371643,0.271545,-0.728394
19.80373501777649,0.373901,0.312500,-0.488281,-0.472656,-0.132812,0.007813,0.173828,0.508179,-0.372742,0.272766,-0.726929
19.823353052139282,0.405518,0.230469,-0.628906,-1.039063,-0.027344,0.113281,0.179687,0.508972,-0.372864,0.274414,-0.725708
19.843889713287354,0.494263,-0.027344,-0.656250,-0.777344,0.007813,0.201172,0.142578,0.509827,-0.371765,0.275879,-0.725098
19.864104509353638,0.535889,-0.226562,-0.230469,0.257813,-0.033203,0.230469,0.046875,0.510254,-0.369995,0.277466,-0.725098
19.8833167552948,0.546997,-1.246094,0.125000,0.992187,-0.156250,0.068359,-0.113281,0.509766,-0.368591,0.279114,-0.725525
19.903469562530518,0.548218,-0.808594,0.359375,0.515625,-0.177734,-0.185547,-0.216797,0.508301,-0.369019,0.280151,-0.725952
19.92396640777588,0.536133,-0.457031,0.367188,0.250000,-0.132812,-0.345703,-0.224609,0.506714,-0.371643,0.279724,-0.725891
19.944055795669556,0.522583,0.089844,0.214844,-0.179687,-0.050781,-0.396484,-0.126953,0.505615,-0.375244,0.278137,-0.725342
19.963546752929688,0.502686,-0.246094,0.132812,-0.621094,0.099609,-0.484375,-0.085937,0.505615,-0.378723,0.275879,-0.724426
19.98394799232483,0.513550,1.207031,-0.304688,-0.394531,0.173828,-0.146484,0.107422,0.506531,-0.381836,0.272705,-0.723328
20.004300355911255,0.528687,2.671875,-0.503906,-1.113281,0.212891,0.291016,0.345703,0.508423,-0.381714,0.271240,-0.722656
20.023621320724487,0.572876,0.500000,-0.343750,-0.082031,0.089844,0.357422,0.259766,0.510742,-0.377930,0.272522,-0.722534
20.04395604133606,0.620605,0.753906,-0.066406,0.347656,-0.005859,0.535156,0.300781,0.512146,-0.373901,0.274963,-0.722717
20.06396460533142,0.629272,-1.000000,-0.058594,0.285156,-0.095703,0.537109,0.101563,0.512695,-0.369385,0.278625,-0.723267
20.083789110183716,0.627686,-0.675781,0.300781,0.093750,-0.083984,0.294922,-0.017578,0.511719,-0.365784,0.282104,-0.724426
20.104102849960327,0.634155,-0.269531,0.500000,0.363281,-0.054687,0.050781,0.011719,0.510559,-0.363953,0.284241,-0.725342
20.124533891677856,0.639526,0.457031,-0.027344,-0.089844,-0.056641,0.039063,0.054687,0.510193,-0.363708,0.285156,-0.725342
20.14395046234131,0.640137,0.289063,-0.097656,-0.355469,-0.009766,0.105469,0.087891,0.510254,-0.363525,0.285950,-0.725037
20.16441535949707,0.644165,-0.191406,0.062500,-0.472656,0.023437,0.031250,0.017578,0.510498,-0.362732,0.286743,-0.724976
20.184453010559082,0.643311,-0.277344,0.246094,0.300781,-0.025391,-0.052734,-0.042969,0.510620,-0.362305,0.286865,-0.725037
20.204238414764404,0.636963,-0.003906,0.054687,0.347656,-0.083984,-0.132812,-0.117188,0.510376,-0.363037,0.286560,-0.724976
20.22381091117859,0.629517,-2.058594,-0.089844,0.265625,-0.167969,-0.134766,-0.470703,0.509277,-0.364990,0.285950,-0.724976
20.24413537979126,0.619873,0.332031,-0.167969,0.601562,-0.291016,-0.003906,-0.330078,0.505920,-0.367920,0.285156,-0.726196
20.26433038711548,0.617065,0.156250,-0.386719,-0.148437,-0.150391,0.181641,-0.130859,0.502686,-0.369873,0.285828,-0.727173
20.28397011756897,0.613892,0.203125,-0.617187,-2.601563,0.191406,0.162109,-0.048828,0.500854,-0.369629,0.286865,-0.728149
20.30451226234436,0.590210,0.453125,-0.527344,-0.691406,0.250000,0.330078,0.070312,0.500549,-0.367737,0.286499,-0.729492
20.32444739341736,0.568115,1.117188,-0.863281,-1.109375,0.427734,0.773437,0.156250,0.500977,-0.363586,0.286682,-0.731201
20.344271659851074,0.514771,-0.031250,0.152344,0.269531,0.544922,0.810547,0.150391,0.501404,-0.355591,0.287903,-0.734314
20.364631175994873,0.465210,-0.796875,1.484375,1.785156,0.355469,0.232422,0.091797,0.502136,-0.346863,0.288391,-0.737793
20.384595155715942,0.465088,0.070312,1.460938,1.628906,0.154297,-0.078125,0.154297,0.503357,-0.342834,0.287415,-0.739197
20.404478073120117,0.467773,0.339844,1.316406,1.851563,-0.025391,-0.246094,0.191406,0.505188,-0.342224,0.286499,-0.738647
20.425345420837402,0.460083,-0.042969,0.296875,0.609375,-0.105469,-0.228516,0.197266,0.507202,-0.343506,0.286133,-0.736816
20.444960117340088,0.450195,-0.542969,-0.445312,-0.199219,-0.111328,-0.203125,0.119141,0.508850,-0.345154,0.286377,-0.734802
20.46446990966797,0.464233,0.023437,-0.550781,-0.414062,-0.072266,-0.138672,0.095703,0.509949,-0.346802,0.286621,-0.733154
20.48467707633972,0.501343,-0.175781,-0.078125,0.031250,-0.148437,-0.126953,0.035156,0.510742,-0.348022,0.286865,-0.731934
20.50470733642578,0.514648,-0.074219,0.062500,0.292969,-0.191406,-0.134766,-0.046875,0.510864,-0.349609,0.287354,-0.730896
20.52445387840271,0.529663,-1.156250,-0.152344,0.914062,-0.316406,-0.269531,-0.250000,0.510193,-0.351990,0.287720,-0.730103
20.54441785812378,0.548096,-0.777344,-0.089844,0.015625,-0.333984,-0.263672,-0.373047,0.508118,-0.356079,0.287659,-0.729553
20.565123081207275,0.570190,0.195312,-0.191406,-0.585937,-0.193359,0.001953,-0.212891,0.505127,-0.360474,0.287476,-0.729553
20.584972381591797,0.583740,0.304688,-0.566406,-0.960937,-0.058594,0.240234,-0.107422,0.502808,-0.362122,0.288025,-0.730103
20.60475778579712,0.587280,-0.148437,-0.574219,-0.816406,0.054687,0.341797,-0.103516,0.501038,-0.361206,0.289124,-0.731384
20.624763250350952,0.574707,0.625000,-0.464844,-0.234375,0.082031,0.560547,-0.027344,0.499390,-0.358765,0.290222,-0.733276
20.644994497299194,0.566650,0.105469,-0.097656,-0.082031,0.154297,0.496094,0.023437,0.497925,-0.354492,0.292114,-0.735596
20.66443109512329,0.563477,-0.144531,0.921875,0.558594,0.154297,0.144531,0.078125,0.497253,-0.350159,0.293457,-0.737549
20.685226678848267,0.560059,0.015625,0.683594,1.128906,0.009766,-0.064453,0.076172,0.497803,-0.348083,0.293518,-0.738159
20.704967260360718,0.559937,0.062500,0.183594,-0.023437,-0.001953,0.011719,0.039063,0.498535,-0.348022,0.293335,-0.737732
20.725082635879517,0.559204,-0.246094,0.230469,0.367188,-0.107422,-0.042969,-0.005859,0.498779,-0.348022,0.293518,-0.737488
20.74562692642212,0.565674,-0.097656,0.023437,0.437500,-0.183594,-0.115234,0.019531,0.498535,-0.348877,0.294067,-0.737061
20.76533603668213,0.581421,-0.382813,-0.343750,-0.191406,-0.121094,-0.167969,0.027344,0.498413,-0.350586,0.294800,-0.736084
20.784956216812134,0.596436,0.734375,-0.257813,-1.253906,0.085937,-0.027344,0.210937,0.498779,-0.352112,0.294922,-0.735046
20.80536961555481,0.640625,0.929687,-0.257813,-0.617187,0.062500,0.031250,0.267578,0.500610,-0.351440,0.294983,-0.734070
20.825148105621338,0.655396,-0.265625,-0.097656,0.300781,-0.080078,0.074219,0.095703,0.502502,-0.350220,0.295593,-0.733154
20.844810247421265,0.662720,0.101563,0.031250,0.039063,-0.126953,0.117188,0.003906,0.502869,-0.349609,0.296753,-0.732666
20.86518669128418,0.665283,-1.636719,-0.105469,1.027344,-0.201172,0.042969,-0.189453,0.501953,-0.349609,0.298279,-0.732727
20.88539409637451,0.669312,0.023437,0.132812,-0.593750,-0.099609,0.021484,-0.113281,0.499756,-0.350952,0.299316,-0.733154
20.905187368392944,0.667114,-0.191406,0.363281,0.410156,-0.050781,-0.152344,-0.087891,0.498474,-0.351868,0.299561,-0.733459
20.92505717277527,0.667725,0.750000,-0.097656,-0.695312,0.056641,-0.095703,0.027344,0.498230,-0.353088,0.298889,-0.733337
20.945648431777954,0.661011,-0.175781,0.011719,-0.203125,0.060547,-0.083984,0.042969,0.498779,-0.353577,0.298096,-0.733032
20.96573519706726,0.662354,-0.054687,0.039063,0.164062,0.085937,-0.001953,0.142578,0.499573,-0.353699,0.297363,-0.732727
20.98536992073059,0.663086,1.542969,0.085937,0.148437,0.152344,0.199219,0.451172,0.501099,-0.352600,0.297363,-0.732178
21.00567865371704,0.672363,0.457031,-0.179687,0.699219,0.072266,0.294922,0.583984,0.504150,-0.349243,0.298889,-0.731140
21.025609731674194,0.671143,0.972656,0.332031,0.062500,0.128906,0.316406,0.667969,0.507751,-0.345032,0.301758,-0.729431
21.04517126083374,0.665649,-0.007813,0.234375,-0.464844,0.085937,0.267578,0.564453,0.511963,-0.340027,0.304810,-0.727539
21.065587759017944,0.667725,-1.125000,0.187500,0.125000,0.085937,-0.080078,0.289063,0.515503,-0.336182,0.307068,-0.725891
21.08590078353882,0.663452,-1.117188,0.109375,-0.078125,0.099609,-0.269531,0.097656,0.518127,-0.335510,0.306946,-0.724426
21.10543155670166,0.655151,-0.304688,0.171875,-0.851562,0.173828,-0.388672,-0.027344,0.520020,-0.336609,0.305237,-0.723267
21.125542163848877,0.635864,-1.101563,-0.011719,0.359375,0.175781,-0.376953,-0.251953,0.521484,-0.338562,0.301819,-0.722717
21.145748376846313,0.523804,-1.433594,-0.191406,0.351563,0.082031,-0.300781,-0.541016,0.521362,-0.341248,0.297607,-0.723328
21.1655011177063,0.468384,0.800781,-0.625000,0.894531,-0.066406,-0.210937,-0.361328,0.518860,-0.344666,0.293640,-0.725098
21.185734748840332,0.442505,0.453125,-0.640625,-0.359375,0.060547,-0.265625,-0.308594,0.516724,-0.347534,0.291504,-0.726135
21.20611548423767,0.410522,-0.312500,-1.898438,-1.554688,0.187500,-0.162109,-0.414062,0.515320,-0.350037,0.288635,-0.727051
21.22597098350525,0.404785,1.402344,-1.417969,-2.300781,0.529297,0.277344,-0.314453,0.513611,-0.350952,0.284973,-0.729248
21.24554681777954,0.385376,0.484375,0.406250,1.500000,0.132812,0.345703,-0.146484,0.512268,-0.347656,0.281555,-0.733093
21.265682697296143,0.319458,0.964844,2.167969,4.871094,-0.529297,0.123047,-0.054687,0.510498,-0.345276,0.282410,-0.735168
21.28597378730774,0.308838,0.140625,-0.695312,-2.507813,-0.250000,0.248047,-0.062500,0.507935,-0.346497,0.286865,-0.734619
21.305792570114136,0.301758,-0.574219,-0.191406,-1.320313,0.003906,0.220703,-0.195312,0.505798,-0.346191,0.289673,-0.735107
21.325968503952026,0.290283,0.261719,0.796875,0.472656,-0.029297,0.134766,-0.177734,0.503723,-0.345215,0.290283,-0.736755
21.34619450569153,0.294556,0.285156,0.902344,0.820312,-0.015625,0.052734,-0.150391,0.501892,-0.344788,0.290527,-0.738098
21.365686416625977,0.296631,0.597656,0.886719,-0.222656,0.154297,-0.009766,-0.101563,0.500610,-0.344849,0.290283,-0.739014
21.386029481887817,0.286987,0.398438,1.253906,2.250000,0.042969,-0.128906,-0.017578,0.500427,-0.344421,0.288879,-0.739929
21.406039714813232,0.274048,-1.250000,0.687500,2.238281,-0.164062,-0.367188,-0.085937,0.500732,-0.345459,0.287659,-0.739746
21.426198720932007,0.240723,0.503906,-0.144531,-0.605469,-0.066406,-0.289063,-0.091797,0.500610,-0.348877,0.286743,-0.738525
21.44596576690674,0.208496,0.144531,-0.535156,-1.281250,0.027344,-0.181641,-0.156250,0.500427,-0.351563,0.285522,-0.737854
21.466513633728027,0.126953,-0.011719,-0.429687,-0.597656,0.093750,-0.132812,-0.173828,0.499939,-0.353271,0.283875,-0.738037
21.486311435699463,0.116577,0.148437,-0.183594,0.277344,0.070312,-0.121094,-0.125000,0.499390,-0.354248,0.281921,-0.738647
21.5059916973114,0.110352,0.187500,0.199219,0.894531,-0.060547,-0.140625,-0.103516,0.498901,-0.355225,0.280457,-0.739075
21.526479482650757,0.121826,0.125000,0.320313,0.613281,-0.148437,-0.160156,-0.062500,0.498352,-0.356812,0.279846,-0.738953
21.546677827835083,0.123535,-0.410156,0.066406,0.269531,-0.224609,-0.230469,-0.113281,0.497742,-0.358948,0.279846,-0.738281
21.56638216972351,0.128418,0.507812,0.121094,-0.226562,-0.177734,-0.265625,-0.070312,0.496826,-0.361938,0.279907,-0.737427
21.586655139923096,0.180298,0.121094,-0.128906,-0.417969,-0.111328,-0.294922,-0.072266,0.496399,-0.364868,0.279663,-0.736389
21.606723070144653,0.201782,-0.269531,-0.007813,-0.394531,-0.060547,-0.302734,-0.080078,0.496216,-0.367676,0.278931,-0.735352
21.626535654067993,0.199585,-0.507812,0.070312,0.203125,-0.041016,-0.310547,-0.111328,0.496155,-0.370544,0.277588,-0.734497
21.646741151809692,0.186279,0.082031,-0.015625,-0.195312,0.046875,-0.322266,-0.066406,0.496094,-0.373474,0.275879,-0.733704
21.666813611984253,0.206909,0.449219,-0.062500,-0.117188,0.097656,-0.044922,0.089844,0.496582,-0.375549,0.273926,-0.733032
21.686187267303467,0.246704,0.128906,-0.453125,0.019531,0.103516,0.054687,0.195312,0.497742,-0.375305,0.273254,-0.732605
21.706489086151123,0.384766,2.035156,-0.484375,-0.855469,0.185547,0.316406,0.490234,0.499451,-0.373718,0.273682,-0.732117
21.726381540298462,0.478638,1.394531,0.023437,-0.242187,0.109375,0.353516,0.404297,0.502563,-0.369324,0.275879,-0.731384
21.746973991394043,0.529297,-2.089844,-0.429687,0.804687,-0.037109,0.376953,0.173828,0.504822,-0.364868,0.278687,-0.731018
21.76642918586731,0.560669,-1.773438,0.121094,0.730469,-0.138672,0.175781,-0.062500,0.504883,-0.361877,0.281494,-0.731384
21.786783456802368,0.574097,-2.464844,-0.015625,1.375000,-0.275391,-0.169922,-0.417969,0.503357,-0.361572,0.283142,-0.731934
21.8068208694458,0.559326,-0.679687,0.253906,-0.730469,-0.132812,-0.244141,-0.437500,0.500000,-0.364929,0.282715,-0.732727
21.826961755752563,0.535156,0.488281,0.121094,-0.355469,-0.068359,-0.304688,-0.453125,0.496887,-0.368652,0.280884,-0.733704
21.847038507461548,0.430664,0.816406,0.296875,-0.449219,-0.027344,-0.271484,-0.382813,0.494141,-0.372375,0.278320,-0.734619
21.866983652114868,0.372681,1.519531,0.406250,-0.316406,-0.011719,-0.080078,-0.162109,0.491943,-0.375366,0.276001,-0.735474
21.88635516166687,0.364136,1.128906,0.320313,0.179687,-0.015625,0.062500,0.089844,0.490906,-0.376587,0.275208,-0.735840
21.90697717666626,0.376709,1.128906,0.222656,0.132812,0.003906,0.146484,0.205078,0.491211,-0.376099,0.275818,-0.735657
21.92718744277954,0.422852,1.199219,-0.421875,-0.234375,0.117188,0.447266,0.435547,0.492432,-0.374207,0.277283,-0.735229
21.946630716323853,0.501709,1.664063,-0.089844,-0.089844,0.154297,0.777344,0.740234,0.494812,-0.369202,0.280273,-0.735046
21.96703839302063,0.567871,0.164062,0.191406,-0.066406,0.111328,0.542969,0.609375,0.498474,-0.361023,0.285400,-0.734680
21.987390756607056,0.592773,-1.742188,0.285156,1.074219,-0.070312,0.033203,0.140625,0.501587,-0.355042,0.289429,-0.733887
22.006964445114136,0.614136,0.230469,-0.128906,-0.792969,-0.031250,0.103516,0.009766,0.502380,-0.354187,0.290955,-0.733154
22.028127908706665,0.615601,-1.355469,-0.082031,0.777344,-0.171875,0.052734,-0.218750,0.501831,-0.353882,0.291748,-0.733337
22.048131704330444,0.606812,-1.136719,-0.343750,0.011719,-0.250000,-0.099609,-0.404297,0.499573,-0.354980,0.292358,-0.734131
22.067113399505615,0.608276,1.765625,0.125000,-0.640625,-0.201172,0.146484,-0.238281,0.496094,-0.357666,0.292480,-0.735107
22.086982488632202,0.616577,1.125000,0.285156,-0.457031,0.023437,0.210937,0.085937,0.493469,-0.358215,0.293640,-0.736145
22.107548713684082,0.625244,-0.445312,0.023437,1.152344,-0.072266,0.177734,0.111328,0.493164,-0.356628,0.294983,-0.736633
22.127275228500366,0.626343,1.601563,-0.113281,-0.730469,0.054687,0.291016,0.279297,0.493286,-0.354980,0.296936,-0.736511
22.14695954322815,0.621338,-0.980469,0.003906,0.046875,0.074219,0.132812,0.183594,0.494446,-0.351990,0.298950,-0.736389
22.16718888282776,0.620605,0.285156,-0.113281,0.003906,0.058594,0.115234,0.185547,0.495667,-0.349976,0.299866,-0.736145
22.187561988830566,0.624023,1.304688,0.085937,-0.136719,0.046875,0.205078,0.263672,0.496887,-0.348145,0.300781,-0.735840
22.207165002822876,0.629639,-1.957031,-0.144531,0.164062,0.033203,0.160156,0.033203,0.498169,-0.345947,0.302124,-0.735474
22.22764301300049,0.613647,-1.531250,-0.343750,-0.035156,0.029297,0.111328,-0.134766,0.498047,-0.344604,0.302734,-0.735901
22.247631311416626,0.594482,-1.175781,-0.425781,-0.351563,0.041016,-0.025391,-0.332031,0.496826,-0.344055,0.302612,-0.737061
22.26705765724182,0.580933,0.613281,-0.027344,-0.632812,0.123047,-0.013672,-0.251953,0.494690,-0.344910,0.301086,-0.738708
22.28751015663147,0.541138,0.734375,0.253906,0.039063,0.119141,-0.007813,-0.119141,0.493225,-0.345215,0.299316,-0.740234
22.307276487350464,0.535156,0.843750,0.738281,0.949219,0.015625,-0.001953,0.029297,0.492737,-0.345093,0.298035,-0.741150
22.327335357666016,0.533936,-0.066406,0.324219,0.492187,-0.033203,-0.009766,0.052734,0.492920,-0.344971,0.297852,-0.741150
22.347282886505127,0.533203,0.367188,0.253906,0.382813,-0.082031,0.019531,0.093750,0.493225,-0.345032,0.298340,-0.740723
22.367932558059692,0.543091,-0.082031,0.039063,-0.031250,-0.066406,0.033203,0.099609,0.493530,-0.344971,0.299316,-0.740173
22.38783597946167,0.552979,0.253906,0.007813,-0.214844,-0.019531,0.039063,0.164062,0.493958,-0.344727,0.300293,-0.739563
22.407537698745728,0.568237,0.125000,-0.097656,0.132812,-0.001953,0.042969,0.187500,0.494934,-0.344055,0.301208,-0.738892
22.427614212036133,0.596069,-1.007813,-0.050781,0.484375,-0.091797,-0.072266,0.013672,0.496033,-0.343445,0.301941,-0.738098
22.447839498519897,0.607300,-0.144531,-0.160156,-0.304688,-0.068359,-0.074219,-0.054687,0.496094,-0.344116,0.302368,-0.737549
22.467596292495728,0.616333,-1.562500,-0.226562,0.835937,-0.238281,-0.210937,-0.312500,0.495483,-0.345520,0.302307,-0.737366
22.488122940063477,0.607178,-0.261719,-0.105469,-0.386719,-0.187500,-0.103516,-0.427734,0.493103,-0.348816,0.301880,-0.737610
22.507972240447998,0.603394,0.843750,-0.328125,-0.324219,-0.113281,0.169922,-0.230469,0.489746,-0.351746,0.301392,-0.738647
22.52761459350586,0.605591,0.214844,-0.394531,0.101563,-0.111328,0.173828,-0.240234,0.486816,-0.352173,0.302124,-0.740051
22.548038959503174,0.587769,0.757812,-0.363281,-1.199219,0.023437,0.343750,-0.103516,0.484192,-0.351807,0.303223,-0.741516
22.568192720413208,0.571167,0.910156,-0.179687,-0.695312,0.105469,0.599609,0.039063,0.482300,-0.349487,0.304504,-0.743347
22.58765172958374,0.548706,0.375000,-0.167969,-1.867188,0.375000,0.492187,0.076172,0.481262,-0.344604,0.306274,-0.745544
22.608286380767822,0.532959,-0.195312,0.652344,0.382813,0.035156,0.097656,-0.015625,0.481384,-0.339294,0.306396,-0.747864
22.627981662750244,0.538452,0.406250,0.421875,-0.152344,0.015625,-0.066406,-0.037109,0.481201,-0.338074,0.306335,-0.748535
22.647664308547974,0.540771,0.156250,0.453125,0.699219,-0.072266,-0.134766,-0.027344,0.481079,-0.338684,0.305969,-0.748474
22.66800332069397,0.539917,-0.136719,0.078125,-0.398438,-0.048828,-0.195312,-0.019531,0.481079,-0.339966,0.305603,-0.748047
22.688268184661865,0.532715,0.183594,0.085937,0.078125,-0.087891,-0.173828,-0.013672,0.481262,-0.341736,0.305054,-0.747375
22.708143711090088,0.535889,0.511719,0.132812,0.062500,-0.085937,-0.140625,0.078125,0.481445,-0.343506,0.304810,-0.746521
22.728119134902954,0.556396,0.835937,-0.074219,-0.179687,-0.013672,-0.009766,0.224609,0.482117,-0.344666,0.305054,-0.745422
22.748515605926514,0.605347,0.765625,-0.226562,-0.578125,0.091797,0.062500,0.376953,0.483826,-0.344116,0.305847,-0.744324
22.768353939056396,0.620483,1.281250,-0.562500,-0.105469,0.109375,0.214844,0.369141,0.486694,-0.341614,0.306946,-0.743103
22.787978887557983,0.628052,-1.894531,-0.601562,0.570312,-0.021484,0.136719,-0.046875,0.488953,-0.338623,0.308289,-0.742493
22.80823802947998,0.619751,-2.664063,-0.488281,0.578125,-0.091797,-0.109375,-0.455078,0.488159,-0.338074,0.308716,-0.743042
22.828625917434692,0.616089,-0.566406,-0.472656,-1.023438,0.128906,-0.074219,-0.480469,0.484924,-0.340332,0.307434,-0.744629
22.848047256469727,0.609497,0.957031,-0.050781,-1.347656,0.050781,-0.306641,-0.439453,0.481934,-0.342041,0.304626,-0.746948
22.86865782737732,0.573364,0.816406,1.320313,0.593750,-0.146484,-0.304688,-0.419922,0.479614,-0.345215,0.301392,-0.748291
22.88856267929077,0.543091,0.570312,1.019531,1.375000,-0.349609,-0.203125,-0.304688,0.476807,-0.349426,0.299683,-0.748840
22.908217906951904,0.521118,2.261719,0.554687,0.195312,-0.306641,-0.097656,0.054687,0.474121,-0.353210,0.300110,-0.748596
22.92852807044983,0.519531,0.507812,-0.410156,0.625000,-0.175781,0.003906,0.099609,0.473511,-0.355347,0.302002,-0.747192
22.94856905937195,0.527710,-0.472656,-0.355469,-0.699219,-0.044922,0.027344,0.082031,0.473572,-0.356018,0.303711,-0.746155
22.968430995941162,0.533569,-0.648437,-0.503906,-0.355469,0.011719,0.070312,-0.003906,0.473877,-0.355774,0.304443,-0.745789
22.988402366638184,0.525269,-0.695312,-0.750000,-0.132812,0.035156,0.152344,-0.156250,0.473572,-0.355225,0.304749,-0.746094
23.00861883163452,0.510132,0.164062,-0.765625,-1.335938,0.126953,0.109375,-0.261719,0.472046,-0.354553,0.304565,-0.747437
23.02865958213806,0.509155,2.164063,-0.640625,-2.117188,0.439453,0.521484,-0.005859,0.470337,-0.353394,0.303345,-0.749573
23.048588752746582,0.495239,1.054688,0.460937,0.210937,0.281250,0.507812,0.169922,0.470154,-0.347900,0.302490,-0.752563
23.068724632263184,0.515137,0.320313,1.570313,1.976563,-0.101563,0.230469,0.173828,0.470764,-0.342346,0.303345,-0.754456
23.088704347610474,0.537354,-0.445312,0.605469,1.273438,-0.250000,0.115234,0.087891,0.470886,-0.340332,0.305786,-0.754272
23.108225107192993,0.549194,0.296875,1.175781,1.390625,-0.359375,-0.019531,0.101563,0.470398,-0.340393,0.308472,-0.753479
23.129493951797485,0.560913,-0.382813,0.808594,1.582031,-0.494141,-0.197266,0.080078,0.469849,-0.342102,0.311523,-0.751770
23.14919900894165,0.564087,-0.046875,-0.285156,-0.562500,-0.292969,-0.148437,0.074219,0.469360,-0.345337,0.314636,-0.749329
23.168670892715454,0.566040,-0.015625,-0.500000,-1.601563,-0.058594,-0.166016,0.078125,0.469360,-0.347656,0.316284,-0.747498
23.189191579818726,0.542114,-0.214844,-0.468750,-1.503906,0.191406,-0.152344,0.093750,0.470276,-0.348755,0.316040,-0.746521
23.20897126197815,0.533203,-0.367188,-0.449219,0.003906,0.185547,-0.107422,0.058594,0.471985,-0.348694,0.314331,-0.746155
23.229029178619385,0.526001,0.261719,-0.195312,0.136719,0.164062,0.128906,0.126953,0.473450,-0.348206,0.312866,-0.746155
23.248600721359253,0.534790,-0.207031,-0.050781,0.839844,0.005859,0.185547,0.082031,0.474365,-0.346313,0.312744,-0.746460
23.269110679626465,0.583374,0.015625,0.234375,0.617187,-0.078125,0.111328,0.082031,0.474426,-0.344604,0.313904,-0.746765
23.28916025161743,0.614380,0.582031,0.210937,0.585937,-0.080078,0.121094,0.187500,0.474365,-0.343811,0.315491,-0.746460
23.30898404121399,0.630249,0.011719,0.105469,-0.562500,-0.005859,0.123047,0.253906,0.474976,-0.342896,0.317139,-0.745789
23.32918095588684,0.638428,-0.250000,0.339844,-0.609375,0.132812,0.009766,0.240234,0.476501,-0.341309,0.318298,-0.745056
23.349034547805786,0.637085,-0.496094,0.066406,-0.324219,0.166016,-0.068359,0.123047,0.478516,-0.339905,0.318237,-0.744446
23.369171857833862,0.625610,0.089844,-0.140625,-0.234375,0.234375,-0.064453,0.052734,0.480103,-0.339233,0.317261,-0.744141
23.389370679855347,0.591675,-1.390625,-0.011719,-0.449219,0.068359,-0.134766,-0.181641,0.481262,-0.338623,0.315491,-0.744446
23.40904951095581,0.560669,-1.253906,-0.761719,0.347656,0.027344,-0.119141,-0.388672,0.480652,-0.339600,0.313354,-0.745300
23.428985357284546,0.547241,0.875000,-0.777344,-1.117188,0.089844,0.144531,-0.292969,0.478333,-0.341064,0.311401,-0.746887
23.449663639068604,0.538452,1.335938,-0.542969,-1.308594,0.273438,0.410156,-0.113281,0.476013,-0.340454,0.310486,-0.749023
23.469647645950317,0.524292,1.027344,-0.582031,-0.832031,0.244141,0.519531,-0.128906,0.474548,-0.336609,0.310059,-0.751892
23.48910355567932,0.521606,0.019531,1.863281,2.476563,-0.136719,0.210937,-0.134766,0.472778,-0.332336,0.310303,-0.754822
23.50974202156067,0.536255,0.046875,1.160156,1.394531,-0.322266,0.001953,-0.103516,0.470642,-0.331665,0.311829,-0.755798
23.529653310775757,0.533813,0.261719,0.652344,0.683594,-0.318359,-0.066406,0.017578,0.468750,-0.333374,0.313965,-0.755371
23.549174785614014,0.533081,0.406250,0.070312,0.156250,-0.173828,-0.105469,0.103516,0.468018,-0.335327,0.315918,-0.754150
23.56949019432068,0.549072,1.273438,-0.496094,-0.871094,0.001953,0.115234,0.285156,0.468506,-0.336426,0.317139,-0.752808
23.58958411216736,0.610352,1.101563,-0.664062,0.464844,-0.003906,0.384766,0.544922,0.470215,-0.334717,0.318726,-0.751831
23.609817028045654,0.624634,1.515625,0.082031,-0.832031,0.097656,0.425781,0.664062,0.473145,-0.330200,0.322144,-0.750549
23.629533767700195,0.627563,-2.097656,-0.218750,0.761719,-0.013672,0.230469,0.212891,0.476624,-0.324768,0.325562,-0.749268
23.650004148483276,0.622070,-1.730469,-0.058594,0.070312,0.007813,0.013672,-0.103516,0.477539,-0.322266,0.327393,-0.748901
23.669982194900513,0.615356,-2.750000,-0.417969,0.578125,-0.031250,-0.322266,-0.505859,0.476562,-0.322571,0.327087,-0.749573
23.68938684463501,0.602295,-0.500000,-0.250000,-1.300781,0.232422,-0.357422,-0.470703,0.473999,-0.326294,0.324158,-0.750854
23.70978856086731,0.554443,1.113281,0.593750,-0.550781,0.169922,-0.488281,-0.386719,0.472229,-0.329712,0.319336,-0.752563
23.729496240615845,0.530396,1.894531,1.457031,0.843750,-0.062500,-0.460937,-0.158203,0.471375,-0.333801,0.314636,-0.753235
23.74945569038391,0.518311,2.046875,0.859375,1.496094,-0.302734,-0.277344,0.140625,0.471375,-0.338074,0.312561,-0.752197
23.771171808242798,0.559326,1.304688,-0.507812,0.242187,-0.263672,0.144531,0.234375,0.472107,-0.341003,0.313965,-0.749817
23.79039454460144,0.590942,0.402344,-1.437500,-0.808594,-0.210937,0.279297,0.111328,0.472351,-0.340637,0.317322,-0.748413
23.80975842475891,0.617920,-1.722656,-0.683594,0.640625,-0.333984,0.218750,-0.115234,0.471497,-0.339294,0.320618,-0.748169
23.82996392250061,0.649780,-0.417969,-0.593750,-2.132813,0.013672,0.044922,-0.099609,0.469055,-0.339417,0.323364,-0.748474
23.85022211074829,0.639648,-0.058594,-0.761719,-2.187500,0.333984,-0.033203,-0.072266,0.468079,-0.339478,0.323181,-0.749146
23.8696346282959,0.624390,0.437500,-1.589844,-2.585938,0.734375,0.246094,-0.042969,0.468689,-0.338074,0.320129,-0.750671
23.889390468597412,0.600952,0.562500,1.804688,3.718750,0.103516,0.382813,0.087891,0.469849,-0.333252,0.316284,-0.753723
23.909916639328003,0.535522,-1.121094,0.929687,0.621094,-0.074219,0.279297,0.021484,0.469666,-0.329712,0.316956,-0.755127
23.930476665496826,0.510498,0.136719,0.171875,-0.066406,-0.117188,0.144531,-0.058594,0.468567,-0.328003,0.319031,-0.755676
23.949769496917725,0.488159,0.664062,0.667969,-0.367188,0.050781,-0.033203,-0.015625,0.467407,-0.327332,0.320374,-0.756165
23.97019052505493,0.437988,0.472656,1.000000,0.339844,0.250000,-0.134766,0.111328,0.467529,-0.327393,0.319763,-0.756287
23.990258932113647,0.415894,-0.578125,1.210938,2.324219,0.023437,-0.429687,0.121094,0.469360,-0.327332,0.317871,-0.755981
24.010048627853394,0.386597,-0.695312,-0.167969,-0.082031,0.121094,-0.466797,0.033203,0.471680,-0.329712,0.316040,-0.754272
24.030506134033203,0.320313,-0.097656,-0.375000,-1.007813,0.181641,-0.453125,-0.050781,0.473755,-0.332581,0.312988,-0.752991
24.050245761871338,0.307251,0.347656,-0.359375,-0.527344,0.158203,-0.273438,-0.050781,0.475281,-0.335144,0.309509,-0.752319
24.070201635360718,0.299805,0.859375,-0.023437,-0.031250,0.103516,-0.072266,0.021484,0.476196,-0.336609,0.306885,-0.752136
24.09042239189148,0.319458,0.292969,0.277344,0.574219,-0.001953,0.000000,0.117188,0.476929,-0.336670,0.305847,-0.752075
24.110369443893433,0.330078,-0.218750,0.101563,0.964844,-0.146484,0.019531,0.173828,0.477661,-0.336365,0.306335,-0.751587
24.130367755889893,0.346924,-0.390625,-0.382813,-0.007813,-0.078125,-0.041016,0.144531,0.478455,-0.336365,0.307922,-0.750427
24.150431632995605,0.408325,-0.734375,-0.136719,0.195312,-0.136719,-0.166016,0.017578,0.479248,-0.336792,0.308838,-0.749390
24.170635223388672,0.432495,-0.406250,-0.359375,-0.625000,-0.058594,-0.195312,-0.087891,0.479492,-0.338318,0.309021,-0.748413
24.19031810760498,0.456055,-1.117188,-0.128906,0.738281,-0.166016,-0.339844,-0.294922,0.479065,-0.340515,0.308289,-0.747986
24.210404634475708,0.477173,0.152344,-0.195312,-0.058594,-0.185547,-0.126953,-0.312500,0.477356,-0.344360,0.307068,-0.747864
24.230616331100464,0.428345,0.609375,0.078125,-0.769531,-0.068359,0.203125,-0.253906,0.474731,-0.346985,0.306824,-0.748413
24.250597715377808,0.425537,0.535156,-0.265625,0.109375,-0.126953,0.357422,-0.128906,0.471924,-0.346680,0.307556,-0.750000
24.270338773727417,0.450317,-0.199219,0.011719,0.218750,-0.021484,0.255859,0.050781,0.469543,-0.344910,0.309692,-0.751404
24.29077124595642,0.550781,0.375000,-0.089844,1.000000,-0.121094,0.156250,0.207031,0.468811,-0.343201,0.311401,-0.751953
24.310516357421875,0.578247,2.414063,-0.265625,-1.468750,0.089844,0.525391,0.521484,0.469482,-0.341614,0.313660,-0.751282
24.330288410186768,0.583374,0.433594,0.386719,-0.703125,0.080078,0.291016,0.330078,0.471863,-0.336121,0.316956,-0.750916
24.351088285446167,0.596558,-1.183594,0.125000,0.640625,-0.056641,-0.044922,0.001953,0.473633,-0.332642,0.318787,-0.750610
24.37098741531372,0.597046,0.464844,-0.019531,-0.472656,-0.021484,0.060547,-0.027344,0.473694,-0.332764,0.319153,-0.750366
24.390636682510376,0.593018,-1.199219,-0.019531,0.148437,-0.070312,-0.035156,-0.244141,0.473083,-0.332825,0.319397,-0.750610
24.411337852478027,0.531738,-1.136719,-0.171875,0.281250,-0.089844,0.060547,-0.367188,0.471008,-0.334106,0.319153,-0.751465
24.431021213531494,0.505493,0.125000,-0.105469,0.523437,-0.125000,-0.003906,-0.275391,0.467834,-0.335327,0.318848,-0.752991
24.450623512268066,0.518677,1.289063,0.171875,-0.074219,-0.066406,0.054687,-0.044922,0.465454,-0.336426,0.318909,-0.753967
24.470630168914795,0.547119,0.421875,0.066406,0.164062,-0.066406,0.011719,0.115234,0.464600,-0.336670,0.319519,-0.754150
24.490994930267334,0.625000,1.113281,0.003906,0.593750,-0.025391,0.148437,0.306641,0.465149,-0.336365,0.320618,-0.753418
24.510567665100098,0.635254,0.847656,0.105469,-0.042969,0.046875,0.273438,0.406250,0.466797,-0.334473,0.322571,-0.752502
24.530694484710693,0.632812,-1.839844,0.218750,-0.593750,0.107422,0.064453,0.183594,0.468994,-0.331055,0.324646,-0.751709
24.551345825195312,0.610229,-1.289063,-0.363281,0.117188,0.111328,-0.007813,0.011719,0.470459,-0.329224,0.325073,-0.751404
24.571191787719727,0.589111,-1.152344,-0.531250,-0.289063,0.158203,0.041016,-0.195312,0.470825,-0.328857,0.324280,-0.751709
24.590986251831055,0.544800,0.566406,-1.519531,-2.671875,0.392578,0.474609,-0.300781,0.469666,-0.328186,0.322754,-0.753357
24.611413955688477,0.462524,0.925781,-0.250000,-0.652344,0.410156,0.550781,-0.228516,0.467346,-0.323975,0.321045,-0.757324
24.63135051727295,0.456665,-0.246094,1.601563,2.480469,-0.056641,0.218750,-0.185547,0.465027,-0.318970,0.319885,-0.761353
24.650994777679443,0.449219,0.015625,1.335938,1.187500,0.035156,0.093750,-0.074219,0.462891,-0.317810,0.320435,-0.762939
24.67133927345276,0.426025,-0.101563,0.714844,1.402344,0.048828,-0.005859,-0.031250,0.461975,-0.317261,0.320374,-0.763672
24.691328525543213,0.405029,0.273438,1.097656,1.609375,-0.132812,-0.156250,0.058594,0.461914,-0.317261,0.320068,-0.763916
24.711074113845825,0.382202,-0.039063,0.812500,0.484375,-0.222656,-0.230469,0.070312,0.462402,-0.318787,0.320435,-0.762817
24.73169231414795,0.399536,-0.332031,0.386719,0.414062,-0.240234,-0.269531,-0.003906,0.462891,-0.321411,0.321289,-0.761108
24.751457691192627,0.425781,0.066406,-0.894531,-0.496094,-0.199219,-0.111328,-0.064453,0.462830,-0.324402,0.321960,-0.759521
24.770992517471313,0.441528,-0.800781,-0.886719,-0.742187,-0.134766,0.064453,-0.150391,0.461975,-0.326538,0.322693,-0.758850
24.79134964942932,0.484741,0.304688,-0.449219,0.039063,-0.160156,0.208984,-0.107422,0.460205,-0.327271,0.323608,-0.759216
24.81148624420166,0.546509,0.554687,-0.097656,-0.488281,-0.101563,0.320313,0.093750,0.458374,-0.326782,0.325317,-0.759827
24.831634998321533,0.591919,0.390625,-0.003906,0.929687,-0.138672,0.291016,0.246094,0.457642,-0.324646,0.327759,-0.760132
24.851333618164062,0.610840,-1.195313,0.332031,0.492187,-0.080078,-0.044922,0.228516,0.458069,-0.322449,0.330750,-0.759460
24.87167978286743,0.624634,1.371094,0.339844,-0.539062,0.095703,-0.072266,0.355469,0.459778,-0.321838,0.332397,-0.757996
24.89181089401245,0.623169,-1.585938,0.074219,-0.128906,0.119141,-0.341797,0.173828,0.462769,-0.320923,0.332642,-0.756409
24.91212749481201,0.618896,-0.191406,-0.085937,-0.058594,0.126953,-0.335938,0.058594,0.465637,-0.322021,0.330994,-0.754944
24.931710243225098,0.599487,-1.312500,0.011719,0.242187,0.060547,-0.304688,-0.169922,0.467468,-0.323975,0.328613,-0.754028
24.951582670211792,0.590576,0.367188,-0.339844,-0.296875,0.037109,-0.017578,-0.275391,0.467346,-0.326233,0.326416,-0.754028
24.971556425094604,0.572144,1.574219,-0.425781,1.015625,-0.142578,0.117188,-0.291016,0.465393,-0.327454,0.325073,-0.755310
24.992092847824097,0.591309,0.761719,-0.156250,0.179687,-0.123047,0.175781,-0.097656,0.462646,-0.328186,0.325195,-0.756653
25.011993169784546,0.612061,-0.109375,-0.300781,0.378906,-0.132812,0.218750,-0.041016,0.460876,-0.327820,0.326538,-0.757324
25.032063007354736,0.623413,1.078125,-0.515625,-0.378906,-0.117188,0.488281,0.046875,0.459412,-0.326782,0.328552,-0.757812
25.051886320114136,0.604980,0.070312,0.339844,-0.386719,-0.039063,0.460937,0.023437,0.457825,-0.323608,0.331604,-0.758789
25.071988821029663,0.600098,0.152344,0.503906,0.363281,-0.078125,0.380859,0.009766,0.456360,-0.320129,0.334167,-0.760010
25.09151792526245,0.597778,-0.429687,0.355469,0.570312,-0.146484,0.312500,-0.064453,0.454834,-0.317627,0.336487,-0.760925
25.112062454223633,0.598267,0.132812,0.257813,-0.539062,-0.091797,0.308594,-0.105469,0.452881,-0.316040,0.338745,-0.761780
25.13199543952942,0.595947,-0.902344,0.226562,0.816406,-0.181641,0.060547,-0.185547,0.450684,-0.314697,0.340576,-0.762817
25.15175175666809,0.596558,0.183594,0.351563,0.312500,-0.156250,-0.089844,-0.101563,0.448608,-0.315430,0.341675,-0.763245
25.1720027923584,0.590210,-0.152344,0.175781,-0.164062,-0.064453,-0.220703,-0.080078,0.447571,-0.317200,0.342102,-0.762939
25.192090272903442,0.537231,-0.078125,0.019531,-0.156250,0.070312,-0.292969,-0.011719,0.447510,-0.319397,0.341492,-0.762329
25.212316274642944,0.511597,0.671875,-0.253906,-0.277344,0.148437,-0.185547,0.152344,0.448608,-0.321289,0.339844,-0.761597
25.232155799865723,0.510742,-0.812500,-0.531250,0.402344,0.021484,-0.080078,0.052734,0.450684,-0.321716,0.338379,-0.760864
25.25199055671692,0.588501,1.433594,-0.414062,-0.179687,-0.001953,0.126953,0.208984,0.451660,-0.321655,0.338135,-0.760376
25.272425413131714,0.631714,0.539062,-0.199219,0.632812,-0.083984,0.267578,0.306641,0.452698,-0.320129,0.339539,-0.759827
25.29198670387268,0.648437,0.347656,0.582031,-0.171875,0.015625,0.210937,0.367188,0.453918,-0.317566,0.342163,-0.758972
25.312270402908325,0.654053,-1.128906,0.773437,0.203125,0.101563,-0.222656,0.251953,0.455994,-0.315002,0.343872,-0.758057
25.332098960876465,0.652710,-0.332031,0.265625,0.109375,0.156250,-0.441406,0.158203,0.458984,-0.315125,0.343018,-0.756531
25.3521888256073,0.638184,-0.792969,0.128906,-1.175781,0.339844,-0.476562,-0.015625,0.462097,-0.317017,0.340271,-0.755066
25.372512817382812,0.582520,-2.296875,-1.113281,-1.566406,0.464844,-0.542969,-0.384766,0.464600,-0.319275,0.335327,-0.754822
25.39241933822632,0.525879,-1.019531,-1.890625,-2.527344,0.771484,-0.328125,-0.617187,0.464966,-0.322327,0.328003,-0.756531
25.41206455230713,0.504761,1.882813,-3.714844,-3.718750,1.345703,0.275391,-0.527344,0.464050,-0.322693,0.318726,-0.760864
25.432274341583252,0.492432,0.125000,-2.070313,-2.609375,1.458984,0.611328,-0.597656,0.463318,-0.316284,0.308105,-0.768372
25.452289819717407,0.461304,0.316406,1.578125,2.425781,1.111328,0.689453,-0.539062,0.461426,-0.306885,0.297974,-0.777283
25.473169326782227,0.406494,0.953125,2.410156,3.312500,0.708984,0.550781,-0.308594,0.458618,-0.297974,0.290833,-0.785034
25.49204659461975,0.340820,1.406250,2.753906,3.898438,0.416016,0.234375,0.017578,0.456787,-0.291321,0.286804,-0.790100
25.51277232170105,0.292847,1.277344,3.222656,4.632812,0.115234,-0.181641,0.318359,0.457458,-0.287598,0.284668,-0.791809
25.53271508216858,0.264648,-0.523437,2.968750,4.238281,-0.187500,-0.625000,0.447266,0.460693,-0.287659,0.283875,-0.790161
25.55239200592041,0.222290,0.257813,2.554688,1.871094,-0.166016,-0.857422,0.625000,0.465515,-0.291992,0.283691,-0.785889
25.57299280166626,0.180542,0.585937,2.019531,0.683594,-0.056641,-1.013672,0.755859,0.472351,-0.297607,0.282715,-0.779968
25.592931032180786,0.170410,-1.113281,1.628906,1.234375,-0.044922,-1.300781,0.763672,0.480835,-0.303772,0.280579,-0.773132
25.612318515777588,0.163818,0.378906,0.351563,-1.054688,0.111328,-1.199219,0.900391,0.490234,-0.311523,0.277100,-0.765442
25.633056640625,0.118896,-0.519531,-0.167969,-0.695312,0.123047,-1.091797,0.857422,0.500671,-0.317810,0.273132,-0.757446
25.65299129486084,0.121094,-1.109375,-0.527344,-0.546875,0.029297,-0.960937,0.740234,0.510437,-0.323120,0.269409,-0.750000
25.67298674583435,0.105347,-0.558594,-0.667969,-0.593750,-0.001953,-0.914062,0.644531,0.518738,-0.328186,0.266479,-0.743103
25.69241213798523,0.067993,-0.390625,-0.828125,-1.089844,0.009766,-0.794922,0.589844,0.525940,-0.333191,0.263855,-0.736694
25.714157581329346,0.068726,-0.351563,-1.003906,-0.761719,-0.001953,-0.628906,0.537109,0.532410,-0.337402,0.261658,-0.730957
25.73306632041931,0.083740,-0.695312,-0.703125,-0.300781,-0.201172,-0.546875,0.486328,0.537964,-0.340698,0.260071,-0.725830
25.752976655960083,0.081665,-0.359375,-0.113281,0.492187,-0.312500,-0.603516,0.437500,0.542297,-0.344604,0.260071,-0.720764
25.772934436798096,0.089722,-1.070313,-0.496094,-2.250000,-0.134766,-0.726562,0.294922,0.546082,-0.349487,0.260193,-0.715515
25.793009757995605,0.095825,-0.039063,-0.472656,-2.058594,-0.072266,-0.511719,0.291016,0.549622,-0.354431,0.258423,-0.710999
25.812820196151733,0.094971,0.230469,-0.402344,-0.902344,-0.314453,-0.246094,0.257813,0.552673,-0.357849,0.257202,-0.707336
25.833302974700928,0.103760,-1.953125,-1.632813,0.410156,-0.677734,-0.181641,-0.019531,0.553894,-0.360901,0.258911,-0.704163
25.853487491607666,0.108643,-0.507812,-2.109375,-2.597656,-0.437500,-0.150391,-0.185547,0.552063,-0.365723,0.262268,-0.701904
25.872693300247192,0.114014,0.656250,-2.253906,-3.218750,0.082031,0.085937,-0.154297,0.549683,-0.369446,0.263855,-0.701294
25.893348217010498,0.113770,-0.546875,-1.281250,-1.417969,0.234375,0.064453,-0.259766,0.548584,-0.369080,0.263123,-0.702576
25.91329336166382,0.113892,0.562500,0.933594,0.535156,0.222656,0.039063,-0.248047,0.547485,-0.368042,0.260925,-0.704773
25.933001279830933,0.110596,-0.003906,1.261719,1.324219,0.011719,-0.166016,-0.160156,0.546570,-0.367432,0.258545,-0.706726
25.95329236984253,0.061768,-0.250000,0.449219,0.503906,0.005859,-0.421875,-0.126953,0.545959,-0.368835,0.256775,-0.707031
25.973356246948242,0.063721,-0.082031,-0.785156,0.597656,0.083984,-0.306641,-0.142578,0.546082,-0.371887,0.254211,-0.706360
25.99310326576233,0.059937,-0.097656,0.121094,0.242187,0.074219,-0.253906,-0.177734,0.546143,-0.374023,0.251404,-0.706177
26.01333522796631,0.077515,0.652344,0.878906,0.832031,-0.132812,-0.210937,-0.074219,0.545837,-0.375854,0.248901,-0.706238
26.033522367477417,0.107056,0.750000,0.593750,0.453125,-0.205078,-0.250000,0.042969,0.545532,-0.378296,0.248169,-0.705505
26.053598165512085,0.131470,-0.230469,0.089844,0.308594,-0.257813,-0.263672,0.023437,0.545593,-0.381104,0.248352,-0.703796
26.073001623153687,0.159424,0.250000,-0.652344,-0.679687,-0.142578,-0.138672,0.082031,0.545593,-0.384216,0.248779,-0.702026
26.093840837478638,0.229736,-0.007813,-0.332031,-0.320313,-0.054687,-0.015625,0.105469,0.545959,-0.385681,0.249329,-0.700684
26.113556385040283,0.298584,-1.148438,-0.582031,-0.007813,-0.041016,0.009766,0.080078,0.546509,-0.386108,0.249878,-0.699890
26.133540868759155,0.369019,2.722656,-0.613281,-0.949219,0.142578,0.537109,0.537109,0.547241,-0.385376,0.251038,-0.699280
26.153200149536133,0.490601,-1.613281,-0.175781,0.667969,-0.013672,0.300781,0.271484,0.549683,-0.380493,0.254578,-0.698730
26.173603057861328,0.524902,-0.714844,0.023437,-0.175781,-0.054687,0.167969,0.089844,0.550903,-0.377686,0.257324,-0.698364
26.193445205688477,0.546387,-0.433594,0.160156,1.179688,-0.285156,-0.019531,-0.089844,0.550903,-0.376709,0.259033,-0.698181
26.213654041290283,0.541626,-1.628906,0.117188,1.089844,-0.291016,-0.175781,-0.300781,0.549316,-0.378540,0.260437,-0.697937
26.233983755111694,0.515747,0.300781,0.285156,-0.777344,-0.187500,-0.109375,-0.281250,0.546570,-0.382141,0.260681,-0.698120
26.253559350967407,0.448242,0.445312,-0.089844,-0.480469,-0.087891,-0.089844,-0.113281,0.544067,-0.384949,0.260315,-0.698608
26.273998737335205,0.467896,-0.074219,-0.281250,-0.316406,-0.050781,-0.160156,-0.080078,0.543091,-0.386536,0.259827,-0.698669
26.294071197509766,0.531250,-0.527344,-0.351563,0.148437,0.021484,0.289063,0.300781,0.542847,-0.387878,0.259216,-0.698303
26.313349723815918,0.566528,-1.207031,0.000000,0.125000,0.033203,0.255859,0.324219,0.544189,-0.385681,0.261169,-0.697815
26.333603858947754,0.591431,-0.648437,0.132812,-0.234375,-0.021484,0.138672,0.103516,0.545959,-0.382629,0.263550,-0.697144
26.354256629943848,0.620361,-0.410156,0.140625,0.617187,-0.117188,0.019531,-0.062500,0.546265,-0.381531,0.264954,-0.697021
26.374130249023438,0.622437,-1.429688,0.109375,0.417969,-0.203125,-0.138672,-0.351563,0.545166,-0.382324,0.265625,-0.697205
26.39398431777954,0.614258,-0.167969,0.148437,-0.242187,-0.089844,-0.216797,-0.326172,0.542603,-0.385010,0.264954,-0.697937
26.4141263961792,0.549805,-0.046875,-0.328125,-0.953125,0.101563,-0.273438,-0.226562,0.540649,-0.387878,0.263000,-0.698608
26.43460774421692,0.528931,-0.136719,-0.589844,-0.730469,0.201172,-0.164062,-0.160156,0.540100,-0.389893,0.260010,-0.699036
26.45373845100403,0.513062,0.437500,-0.582031,-0.585937,0.398438,0.292969,0.042969,0.540222,-0.390137,0.257324,-0.699829
26.473933219909668,0.492920,0.191406,-0.207031,0.164062,0.486328,0.673828,0.050781,0.541199,-0.385803,0.256226,-0.701904
26.494462490081787,0.491089,-0.625000,2.000000,3.355469,-0.093750,0.228516,0.019531,0.541687,-0.379089,0.256653,-0.705017
26.513826847076416,0.496704,0.699219,1.906250,1.425781,-0.251953,0.037109,0.164062,0.541138,-0.377441,0.258423,-0.705627
26.53447675704956,0.531860,0.929687,1.074219,1.367188,-0.398438,0.029297,0.220703,0.541199,-0.378235,0.261108,-0.704224
26.55430841445923,0.561157,0.164062,-1.070313,-1.093750,-0.197266,0.263672,0.152344,0.541199,-0.379211,0.264587,-0.702332
26.573999166488647,0.584473,0.218750,-0.320313,-1.574219,-0.054687,0.257813,0.181641,0.540955,-0.378296,0.267822,-0.701782
26.594538688659668,0.622070,0.550781,-0.570312,-1.550781,0.027344,0.326172,0.150391,0.541260,-0.376221,0.270447,-0.701660
26.61457371711731,0.626221,-1.289063,-0.226562,-0.187500,-0.023437,0.171875,-0.072266,0.541504,-0.373657,0.272522,-0.702087
26.634126901626587,0.623779,-0.996094,0.195312,0.898437,-0.128906,-0.005859,-0.203125,0.540405,-0.372742,0.273499,-0.703003
26.6543390750885,0.614746,-0.382813,0.316406,0.148437,-0.103516,-0.234375,-0.230469,0.538635,-0.373901,0.273621,-0.703674
26.674378395080566,0.563477,-0.253906,0.316406,0.410156,-0.050781,-0.345703,-0.218750,0.537354,-0.376526,0.272522,-0.703735
26.694403648376465,0.517212,-0.910156,0.230469,-0.265625,0.031250,-0.478516,-0.160156,0.536560,-0.379822,0.270142,-0.703430
26.714269876480103,0.492554,1.441406,-0.089844,-0.632812,0.150391,-0.398438,0.078125,0.536926,-0.383423,0.266724,-0.702515
26.734721183776855,0.554443,2.222656,-0.242187,-0.300781,0.134766,-0.115234,0.380859,0.539124,-0.385193,0.263916,-0.700928
26.75463891029358,0.608276,0.449219,-0.425781,0.332031,-0.011719,0.177734,0.412109,0.542542,-0.384277,0.263611,-0.698914
26.7744140625,0.645630,-0.386719,-0.210937,0.707031,-0.111328,0.437500,0.316406,0.544983,-0.382019,0.265991,-0.697388
26.794904232025146,0.676758,-1.792969,-0.332031,0.371094,-0.230469,0.390625,0.042969,0.545532,-0.378906,0.270325,-0.696960
26.81506633758545,0.674438,-2.636719,-0.671875,-1.375000,-0.085937,0.068359,-0.257813,0.544067,-0.377380,0.273865,-0.697571
26.834217309951782,0.661865,-0.843750,-1.382813,-2.308594,0.404297,0.009766,-0.328125,0.541931,-0.377869,0.273865,-0.698975
26.8548424243927,0.611694,0.050781,-1.792969,-2.886719,0.998047,0.326172,-0.333984,0.541138,-0.376221,0.269897,-0.701965
26.874886751174927,0.564819,0.257813,0.199219,-0.101563,0.904297,0.572266,-0.234375,0.541565,-0.369751,0.263733,-0.707458
26.894124031066895,0.524048,0.925781,2.425781,3.046875,0.267578,0.550781,0.052734,0.541626,-0.361694,0.260071,-0.712830
26.914339065551758,0.484253,0.898437,2.347656,1.367188,-0.017578,0.501953,0.228516,0.541626,-0.355957,0.261292,-0.715332
26.934723138809204,0.394287,-1.023438,1.148438,2.601563,-0.257813,0.189453,0.058594,0.541748,-0.352051,0.264709,-0.715881
26.95448660850525,0.349121,0.636719,1.179688,1.054688,-0.152344,-0.041016,0.072266,0.540955,-0.351624,0.267761,-0.715515
26.974672317504883,0.334473,0.011719,1.031250,0.570312,0.011719,-0.265625,0.064453,0.541077,-0.352600,0.268799,-0.714600
26.994996547698975,0.319946,0.437500,1.238281,2.449219,-0.324219,-0.490234,0.025391,0.542114,-0.354553,0.267944,-0.713135
27.015019416809082,0.320435,0.261719,-0.574219,-2.125000,-0.140625,-0.503906,-0.050781,0.542603,-0.359375,0.267456,-0.710571
27.03499674797058,0.299683,-0.109375,-0.957031,-1.457031,0.035156,-0.322266,-0.109375,0.543091,-0.363892,0.265503,-0.708618
27.055007219314575,0.219604,-0.277344,-0.890625,-0.921875,0.164062,-0.269531,-0.162109,0.543396,-0.366272,0.263062,-0.708069
27.075233459472656,0.193604,-0.484375,-0.347656,-0.277344,0.150391,-0.304688,-0.240234,0.543518,-0.367859,0.259949,-0.708313
27.09474754333496,0.137085,-0.027344,0.351563,0.175781,0.123047,-0.345703,-0.308594,0.543213,-0.369812,0.256287,-0.708862
27.11501121520996,0.000000,0.277344,0.328125,0.449219,0.011719,-0.369141,-0.300781,0.542358,-0.372375,0.252441,-0.709534
27.13518977165222,0.000000,0.335938,-0.062500,0.246094,-0.052734,-0.437500,-0.224609,0.541321,-0.375732,0.249146,-0.709717
27.155014038085938,0.000000,0.320313,-0.417969,0.000000,-0.042969,-0.136719,-0.107422,0.540649,-0.379456,0.246399,-0.709229
27.175295114517212,0.000000,0.191406,0.195312,0.246094,-0.078125,-0.021484,-0.025391,0.540100,-0.381042,0.245483,-0.709106
27.19503879547119,0.000000,-0.207031,0.210937,0.605469,-0.171875,-0.083984,-0.062500,0.539673,-0.381775,0.245728,-0.708923
27.215026378631592,0.000000,-0.347656,0.390625,0.796875,-0.277344,-0.140625,-0.093750,0.538818,-0.383484,0.246216,-0.708496
27.235476970672607,0.000000,0.320313,0.218750,0.394531,-0.250000,-0.144531,-0.013672,0.537598,-0.386169,0.247009,-0.707703
27.255411386489868,0.040527,-0.078125,-0.398438,-0.179687,-0.212891,-0.078125,0.013672,0.536865,-0.388550,0.247986,-0.706604
27.275512218475342,0.083862,-0.003906,-0.429687,-0.929687,-0.070312,-0.019531,0.031250,0.536438,-0.390137,0.249084,-0.705688
27.294981956481934,0.123413,-0.187500,-0.269531,-0.578125,0.021484,-0.031250,0.093750,0.536499,-0.390686,0.249573,-0.705200
27.315510988235474,0.226685,0.808594,-0.527344,-0.640625,0.162109,0.271484,0.375000,0.537415,-0.390198,0.249817,-0.704651
27.335422039031982,0.267212,-1.316406,0.160156,0.253906,0.078125,0.138672,0.314453,0.539795,-0.386902,0.251648,-0.703979
27.355077505111694,0.299561,-0.894531,0.062500,0.324219,-0.046875,0.062500,0.078125,0.541809,-0.384583,0.253418,-0.703064
27.375670433044434,0.371338,-0.039063,0.031250,-0.320313,-0.083984,0.103516,-0.015625,0.542114,-0.384033,0.254517,-0.702698
27.395830154418945,0.375854,-0.230469,-0.230469,0.300781,-0.152344,0.060547,-0.189453,0.541382,-0.383850,0.255615,-0.703003
27.415313720703125,0.367554,0.320313,0.152344,-0.601562,-0.046875,0.068359,-0.183594,0.539551,-0.384460,0.256348,-0.703796
27.435689449310303,0.342896,-0.152344,0.269531,0.515625,-0.054687,0.015625,-0.091797,0.537903,-0.384705,0.256409,-0.704895
27.4559428691864,0.347046,0.343750,0.039063,0.093750,-0.009766,-0.027344,-0.007813,0.537231,-0.384766,0.256409,-0.705444
27.475537061691284,0.349854,-0.843750,0.078125,0.593750,0.019531,0.158203,0.099609,0.537170,-0.385010,0.256287,-0.705383
27.49571442604065,0.367310,0.445312,-0.070312,-0.195312,0.060547,0.294922,0.285156,0.537659,-0.383545,0.257385,-0.705383
27.515778303146362,0.394653,-0.363281,-0.054687,0.179687,-0.025391,0.152344,0.248047,0.539062,-0.380554,0.259705,-0.705078
27.53555703163147,0.463745,0.074219,-0.199219,-0.558594,-0.009766,0.166016,0.207031,0.540344,-0.378662,0.261780,-0.704346
27.555695056915283,0.517578,0.449219,0.085937,-0.058594,-0.087891,0.021484,0.041016,0.541321,-0.377136,0.263489,-0.703796
27.57602286338806,0.563965,-1.175781,0.101563,0.625000,-0.224609,-0.087891,-0.191406,0.541199,-0.377319,0.264587,-0.703369
27.596077919006348,0.566650,-0.531250,0.156250,-0.449219,-0.150391,-0.216797,-0.304688,0.539307,-0.379517,0.265015,-0.703430
27.615357875823975,0.544189,-1.421875,0.382813,0.386719,-0.099609,-0.388672,-0.343750,0.537109,-0.382874,0.263855,-0.703735
27.636451244354248,0.452026,0.804687,-0.242187,-1.558594,0.119141,-0.248047,-0.208984,0.535522,-0.386597,0.261292,-0.703918
27.656009912490845,0.422241,0.113281,-0.582031,-0.386719,0.212891,-0.074219,-0.115234,0.535156,-0.388062,0.258423,-0.704407
27.675506591796875,0.388306,1.855469,-0.765625,-1.125000,0.369141,0.429687,0.093750,0.535400,-0.387451,0.256348,-0.705322
27.69608163833618,0.342896,0.945312,-1.074219,-1.609375,0.425781,0.726562,0.048828,0.536255,-0.382263,0.256287,-0.707520
27.71632480621338,0.352783,-0.289063,1.507813,1.937500,-0.015625,0.421875,-0.025391,0.536316,-0.375183,0.257507,-0.710815
27.736064434051514,0.371338,-0.347656,0.941406,0.710937,-0.105469,0.054687,-0.052734,0.535156,-0.372253,0.259644,-0.712524
27.75622534751892,0.416504,0.562500,0.757812,0.726562,-0.152344,-0.126953,0.007813,0.534302,-0.372375,0.260559,-0.712708
27.77638292312622,0.432129,0.003906,0.828125,1.234375,-0.310547,-0.259766,-0.009766,0.534119,-0.374146,0.261047,-0.711792
27.795993328094482,0.435059,0.476562,-0.566406,-0.925781,-0.244141,-0.183594,0.003906,0.533630,-0.377563,0.261780,-0.710083
27.816206455230713,0.460205,0.125000,-0.542969,-0.625000,-0.103516,-0.048828,0.062500,0.533264,-0.380127,0.262451,-0.708679
27.836462020874023,0.495361,-0.097656,-0.304688,-0.386719,-0.011719,-0.005859,0.142578,0.533447,-0.380981,0.263123,-0.707825
27.856273651123047,0.529541,1.144531,-0.414062,-0.632812,0.146484,0.302734,0.392578,0.534485,-0.380493,0.263916,-0.707031
27.875993490219116,0.547607,-1.878906,-0.031250,0.636719,0.058594,0.134766,0.207031,0.536804,-0.377197,0.265747,-0.706360
27.896772861480713,0.570190,-1.679688,-0.144531,0.062500,0.005859,-0.150391,-0.107422,0.538147,-0.375427,0.266724,-0.705872
27.916367292404175,0.560791,-0.855469,-0.421875,-0.425781,0.060547,-0.242187,-0.326172,0.537964,-0.376587,0.265564,-0.705933
27.936778783798218,0.548462,-1.492188,-0.644531,-0.304688,0.066406,-0.322266,-0.535156,0.536438,-0.378906,0.262634,-0.706848
27.956289291381836,0.510620,-0.046875,1.554688,1.902344,-0.216797,-0.494141,-0.525391,0.533936,-0.382324,0.258606,-0.708435
27.97646927833557,0.487183,1.765625,1.265625,0.242187,-0.345703,-0.207031,-0.300781,0.530701,-0.387756,0.255676,-0.708984
27.99642562866211,0.452759,2.511719,0.367188,-0.046875,-0.187500,0.048828,0.142578,0.527893,-0.391785,0.255859,-0.708740
28.017505407333374,0.455933,0.320313,-0.597656,0.281250,-0.099609,0.001953,0.134766,0.527771,-0.392639,0.257751,-0.707703
28.036792278289795,0.450439,-0.812500,-0.625000,-1.097656,0.025391,0.101563,0.044922,0.528381,-0.392700,0.259094,-0.706726
28.056074142456055,0.437134,0.050781,-0.828125,-0.968750,0.134766,0.292969,0.021484,0.528625,-0.391663,0.259583,-0.706970
28.076688766479492,0.405884,0.097656,-0.648437,-0.085937,0.136719,0.458984,0.003906,0.528503,-0.388916,0.260315,-0.708252
28.096639156341553,0.419678,0.445312,-0.320313,-0.531250,0.238281,0.654297,0.115234,0.527954,-0.384766,0.261902,-0.710388
28.11617112159729,0.420288,0.421875,1.011719,1.250000,0.074219,0.511719,0.236328,0.528015,-0.378845,0.264099,-0.712708
28.136399030685425,0.441406,0.082031,1.132813,0.730469,-0.066406,0.265625,0.246094,0.528625,-0.374207,0.266968,-0.713623
28.15677547454834,0.473267,-0.292969,0.699219,1.089844,-0.179687,0.066406,0.167969,0.529419,-0.371948,0.269714,-0.713135
28.17701268196106,0.491821,-0.660156,0.539062,1.664063,-0.291016,-0.056641,0.103516,0.529785,-0.371948,0.272034,-0.711975
28.19674849510193,0.504761,-0.453125,-0.312500,-0.410156,-0.222656,-0.076172,0.035156,0.529663,-0.373535,0.274109,-0.710449
28.217024087905884,0.507080,-0.429687,-0.171875,-0.875000,-0.097656,-0.134766,-0.019531,0.529419,-0.375122,0.275391,-0.709351
28.236859560012817,0.495117,0.164062,-0.097656,-0.667969,-0.001953,-0.144531,0.007813,0.529358,-0.376587,0.275391,-0.708618
28.25694489479065,0.478271,-0.738281,-0.335938,-0.441406,0.025391,-0.240234,-0.074219,0.529785,-0.377747,0.274597,-0.708008
28.277015209197998,0.436157,0.300781,-0.378906,-0.746094,0.103516,-0.097656,-0.042969,0.530090,-0.379211,0.272949,-0.707581
28.29717469215393,0.447754,0.332031,-0.234375,-0.265625,0.121094,0.025391,0.009766,0.530457,-0.379578,0.271484,-0.707703
28.316728115081787,0.471802,1.121094,-0.203125,-0.050781,0.074219,0.126953,0.119141,0.531006,-0.378723,0.270813,-0.708008
28.33724355697632,0.546631,-0.070312,-0.136719,0.085937,0.062500,0.158203,0.160156,0.531799,-0.377197,0.271240,-0.708069
28.35710382461548,0.575928,0.234375,0.332031,0.570312,0.042969,0.125000,0.212891,0.532776,-0.375427,0.272034,-0.707947
28.376641750335693,0.604004,0.167969,0.253906,0.250000,0.039063,0.097656,0.232422,0.534180,-0.373718,0.273132,-0.707397
28.397294759750366,0.622681,-0.261719,0.332031,0.242187,0.037109,-0.064453,0.130859,0.535767,-0.372314,0.274048,-0.706604
28.417258501052856,0.622437,-0.675781,0.179687,-0.304688,0.105469,-0.126953,0.083984,0.537109,-0.372009,0.273926,-0.705750
28.436810970306396,0.609619,-0.421875,0.093750,-0.386719,0.148437,-0.255859,-0.013672,0.538391,-0.372314,0.272705,-0.705078
28.457014799118042,0.588501,-1.003906,-0.351563,0.410156,0.066406,-0.224609,-0.177734,0.539490,-0.373413,0.270325,-0.704590
28.477449893951416,0.498047,-0.675781,-0.367188,-0.472656,0.027344,-0.082031,-0.308594,0.539246,-0.375000,0.267822,-0.704895
28.49759840965271,0.467529,-0.601562,-0.613281,0.562500,-0.054687,0.179687,-0.281250,0.537415,-0.376221,0.266113,-0.706299
28.517160892486572,0.440186,0.539062,-0.238281,-0.632812,0.005859,0.312500,-0.216797,0.534851,-0.376038,0.266174,-0.708313
28.537487745285034,0.418823,0.433594,-0.062500,-0.457031,0.044922,0.316406,-0.162109,0.532532,-0.374390,0.266968,-0.710632
28.55768394470215,0.423218,0.441406,0.429687,0.253906,-0.005859,0.187500,-0.107422,0.530701,-0.372437,0.267761,-0.712708
28.57735800743103,0.436890,0.289063,0.660156,0.761719,-0.113281,0.078125,-0.082031,0.529358,-0.371460,0.268433,-0.713928
28.597546100616455,0.443848,-0.101563,0.093750,-0.113281,-0.083984,0.097656,-0.105469,0.528137,-0.371582,0.269287,-0.714478
28.61765217781067,0.462158,0.632812,0.253906,0.394531,-0.066406,0.121094,0.042969,0.526978,-0.371582,0.270142,-0.715027
28.63708782196045,0.495239,0.425781,0.144531,0.085937,-0.035156,-0.031250,0.166016,0.526794,-0.370972,0.271240,-0.715027
28.657585382461548,0.568848,2.281250,-0.257813,-0.832031,0.058594,0.244141,0.406250,0.527832,-0.370544,0.272156,-0.714111
28.67765712738037,0.585449,-0.335938,0.132812,-0.367188,0.132812,0.312500,0.460937,0.530212,-0.367676,0.274353,-0.713013
28.69725012779236,0.593140,-0.710937,0.062500,0.222656,0.056641,0.158203,0.296875,0.533081,-0.363586,0.276855,-0.712036
28.717851161956787,0.610840,-1.359375,-0.050781,0.175781,0.011719,0.021484,0.103516,0.534912,-0.361389,0.278381,-0.711182
28.737369537353516,0.612793,-0.003906,-0.082031,-0.359375,0.007813,0.072266,0.011719,0.535645,-0.360840,0.278809,-0.710693
28.757346391677856,0.612305,-0.695312,-0.121094,0.445312,-0.083984,0.082031,-0.105469,0.535522,-0.360352,0.279297,-0.710876
28.777541637420654,0.612183,-0.328125,0.039063,0.230469,-0.126953,0.041016,-0.148437,0.534363,-0.360474,0.279907,-0.711487
28.79774785041809,0.610107,0.003906,-0.027344,0.476562,-0.128906,0.109375,-0.134766,0.532776,-0.361145,0.280518,-0.712097
28.817948818206787,0.611206,-0.121094,0.093750,0.187500,-0.132812,-0.001953,-0.115234,0.531067,-0.361633,0.281494,-0.712708
28.8377423286438,0.616089,0.398438,0.101563,-0.335938,-0.056641,-0.097656,0.000000,0.529846,-0.362549,0.281982,-0.712952
28.858017444610596,0.612915,0.437500,-0.113281,-0.242187,0.001953,0.019531,0.140625,0.529846,-0.363586,0.281982,-0.712463
28.87802791595459,0.607788,1.710938,-0.074219,-0.757812,0.054687,0.162109,0.246094,0.530762,-0.362976,0.282654,-0.711792
28.897491216659546,0.611816,-0.449219,-0.027344,0.613281,-0.027344,0.179687,0.232422,0.532288,-0.360718,0.284119,-0.711182
28.91828155517578,0.618652,0.210937,-0.136719,0.347656,-0.080078,0.199219,0.185547,0.533386,-0.358948,0.285950,-0.710510
28.938015699386597,0.621704,0.574219,-0.113281,0.277344,-0.080078,0.169922,0.126953,0.533936,-0.357422,0.288330,-0.709961
28.95801591873169,0.621338,-2.445313,-0.488281,-0.640625,-0.070312,0.105469,-0.150391,0.533936,-0.356262,0.290222,-0.709717
28.97829556465149,0.605469,-2.031250,-1.375000,-1.906250,0.060547,-0.080078,-0.484375,0.532349,-0.356445,0.290466,-0.710754
28.998210430145264,0.584961,1.183594,-2.441406,-4.871094,0.785156,0.128906,-0.427734,0.529785,-0.357361,0.287659,-0.713379
29.017810106277466,0.547729,-0.281250,-1.257813,-1.757813,0.869141,0.187500,-0.478516,0.528870,-0.354126,0.281372,-0.718140
29.03825354576111,0.440674,0.460937,-0.140625,-0.921875,0.599609,0.412109,-0.183594,0.528137,-0.349243,0.274536,-0.723694
29.058090686798096,0.411865,0.125000,2.121094,1.925781,-0.261719,0.257813,0.146484,0.527527,-0.344360,0.272278,-0.727295
29.078008890151978,0.398315,0.738281,0.558594,0.347656,-0.359375,0.478516,0.255859,0.527039,-0.342712,0.276001,-0.727051
29.097768306732178,0.375977,-1.925781,0.718750,1.468750,-0.380859,0.097656,0.042969,0.526306,-0.341064,0.281616,-0.726257
29.118540048599243,0.379395,0.574219,1.085938,-0.234375,0.109375,-0.117188,0.115234,0.525269,-0.341736,0.284973,-0.725342
29.138630867004395,0.372070,-0.277344,1.210938,2.148438,0.357422,-0.353516,0.093750,0.526672,-0.341797,0.284058,-0.724609
29.1581449508667,0.354614,-1.023438,1.851563,3.644531,-0.031250,-0.830078,0.019531,0.529419,-0.342651,0.280334,-0.723694
29.178828716278076,0.320679,-0.664062,0.664062,-0.031250,0.013672,-0.880859,-0.046875,0.531738,-0.348145,0.276245,-0.720947
29.198654651641846,0.296875,0.125000,-0.644531,-0.539062,0.003906,-0.591797,-0.166016,0.533752,-0.354492,0.271423,-0.718201
29.21795105934143,0.267334,0.375000,-0.546875,-1.058594,0.085937,-0.441406,-0.181641,0.534302,-0.359131,0.267578,-0.716919
29.23869013786316,0.225220,0.226562,-0.292969,-0.246094,0.015625,-0.333984,-0.181641,0.534485,-0.362488,0.263916,-0.716431
29.25873041152954,0.185669,0.050781,-0.414062,-0.421875,-0.015625,-0.185547,-0.253906,0.534119,-0.365234,0.261292,-0.716248
29.27847170829773,0.164185,-0.363281,-0.316406,-0.183594,-0.048828,-0.271484,-0.357422,0.532715,-0.367371,0.259460,-0.716858
29.298539400100708,0.148193,0.152344,0.917969,1.699219,-0.324219,-0.501953,-0.335938,0.530701,-0.370667,0.257202,-0.717529
29.31841015815735,0.166870,1.093750,0.687500,1.027344,-0.427734,-0.416016,-0.146484,0.528381,-0.376526,0.255798,-0.716614
29.338642120361328,0.171875,1.054688,-0.277344,-0.242187,-0.316406,-0.156250,-0.007813,0.526794,-0.382080,0.256165,-0.714783
29.358951330184937,0.266968,0.320313,-0.589844,-0.433594,-0.189453,-0.011719,0.082031,0.525940,-0.384888,0.257507,-0.713379
29.378591060638428,0.310181,0.886719,-0.726562,-1.296875,0.000000,0.150391,0.240234,0.525879,-0.385803,0.258972,-0.712402
29.39880895614624,0.360107,2.714844,-0.597656,-1.222656,0.103516,0.582031,0.507812,0.527161,-0.383728,0.261047,-0.711792
29.41840648651123,0.427002,-1.742188,0.109375,-0.019531,-0.005859,0.291016,0.218750,0.529419,-0.378418,0.264771,-0.711609
29.439104080200195,0.530762,-0.472656,0.000000,0.433594,-0.087891,0.222656,0.062500,0.530273,-0.375671,0.267334,-0.711548
29.459012508392334,0.546875,-1.488281,0.054687,0.449219,-0.201172,0.089844,-0.181641,0.529663,-0.374512,0.269348,-0.711792
29.47849130630493,0.547241,-0.339844,0.253906,-0.179687,-0.109375,-0.029297,-0.181641,0.527588,-0.375366,0.270508,-0.712463
29.499300003051758,0.522583,0.285156,0.140625,-0.289063,-0.007813,-0.021484,-0.089844,0.525940,-0.376709,0.270386,-0.713013
29.519020080566406,0.515381,0.085937,0.101563,0.257813,0.007813,0.013672,0.003906,0.525269,-0.377197,0.270081,-0.713318
29.538604021072388,0.520508,0.832031,-0.207031,0.218750,0.003906,0.128906,0.158203,0.525208,-0.377197,0.270203,-0.713379
29.559041261672974,0.567627,1.828125,-0.343750,-0.113281,0.048828,0.478516,0.472656,0.526062,-0.375671,0.271545,-0.713013
29.5790274143219,0.576416,1.117188,0.324219,-0.488281,0.099609,0.404297,0.505859,0.528198,-0.371033,0.275208,-0.712463
29.598716974258423,0.578735,-1.507813,0.292969,0.253906,0.091797,0.037109,0.343750,0.531128,-0.366333,0.278442,-0.711487
29.619187831878662,0.589600,-0.597656,0.101563,-0.210937,0.085937,-0.158203,0.146484,0.533691,-0.364563,0.279297,-0.710083
29.639147758483887,0.588013,-0.613281,-0.019531,-0.105469,0.076172,-0.197266,0.001953,0.535400,-0.364868,0.278503,-0.708984
29.65895366668701,0.574341,-0.343750,0.117188,-0.917969,0.150391,-0.292969,-0.134766,0.536316,-0.365906,0.276794,-0.708435
29.678916931152344,0.536865,-1.140625,-0.175781,0.156250,0.103516,-0.294922,-0.339844,0.536621,-0.367615,0.273743,-0.708496
29.699188232421875,0.419678,-0.269531,-0.464844,0.738281,-0.031250,-0.234375,-0.361328,0.535400,-0.370178,0.270264,-0.709473
29.719191551208496,0.414795,1.136719,-0.671875,-0.441406,0.033203,0.023437,-0.216797,0.533508,-0.372498,0.267944,-0.710510
29.73918390274048,0.406372,0.089844,-0.652344,-0.191406,0.058594,0.197266,-0.191406,0.531860,-0.372803,0.267212,-0.711853
29.75946021080017,0.387695,1.527344,-0.285156,-1.148438,0.207031,0.558594,-0.056641,0.530212,-0.371338,0.267273,-0.713806
29.77925682067871,0.383057,0.128906,0.925781,1.304688,0.001953,0.482422,-0.039063,0.528992,-0.366760,0.268494,-0.716614
29.798771381378174,0.403687,-0.261719,1.324219,1.578125,-0.207031,0.193359,-0.041016,0.527466,-0.363464,0.270813,-0.718567
29.819528818130493,0.468994,1.109375,0.230469,-0.128906,-0.113281,0.304688,0.039063,0.525879,-0.362854,0.273315,-0.719055
29.8392276763916,0.494751,-0.660156,0.550781,1.480469,-0.107422,0.064453,0.052734,0.524963,-0.361389,0.275757,-0.719604
29.859039783477783,0.502319,-0.933594,0.109375,0.507812,-0.121094,-0.101563,-0.011719,0.524658,-0.361389,0.277100,-0.719299
29.87960147857666,0.494385,-0.367188,-0.074219,-0.242187,-0.048828,-0.093750,-0.019531,0.524353,-0.362671,0.277588,-0.718628
29.89943265914917,0.504517,0.281250,-0.152344,-0.511719,0.048828,-0.054687,0.123047,0.524414,-0.363586,0.277466,-0.718201
29.91959309577942,0.540283,1.082031,-0.304688,-0.328125,0.066406,0.021484,0.306641,0.525574,-0.363281,0.277466,-0.717529
29.93966579437256,0.612183,-0.367188,-0.519531,0.015625,-0.033203,-0.013672,0.205078,0.527771,-0.362000,0.278259,-0.716248
29.959550857543945,0.630249,0.898437,-0.398438,-0.832031,-0.039063,0.195312,0.140625,0.529236,-0.361145,0.279358,-0.715149
29.9794864654541,0.644409,-1.000000,0.109375,0.675781,-0.171875,0.037109,-0.103516,0.529480,-0.359863,0.281006,-0.714966
29.99931788444519,0.644531,-0.199219,0.429687,-0.558594,-0.119141,-0.150391,-0.218750,0.527954,-0.360901,0.282104,-0.715149
30.019960641860962,0.637207,-0.867187,0.355469,0.078125,-0.074219,-0.312500,-0.250000,0.526306,-0.363342,0.281555,-0.715332
30.04007911682129,0.623169,-0.214844,0.308594,-0.136719,0.011719,-0.357422,-0.197266,0.525146,-0.366516,0.279541,-0.715332
30.0595383644104,0.605347,0.257813,-0.121094,-0.273438,0.035156,-0.339844,-0.142578,0.524841,-0.369507,0.276855,-0.715088
30.080045461654663,0.557739,0.753906,-0.632812,-1.125000,0.173828,-0.031250,-0.066406,0.524963,-0.371765,0.274353,-0.714783
30.09973645210266,0.536987,0.656250,-1.003906,-1.007813,0.236328,0.468750,-0.062500,0.525024,-0.371277,0.272827,-0.715576
30.119393348693848,0.510132,1.109375,-0.613281,-0.773437,0.253906,0.755859,0.003906,0.524231,-0.367065,0.273376,-0.718140
30.140234231948853,0.489502,0.550781,0.183594,0.789062,-0.062500,0.738281,0.082031,0.523071,-0.360413,0.275696,-0.721436
30.1600182056427,0.504883,-0.566406,0.351563,0.511719,-0.121094,0.425781,0.021484,0.521484,-0.355286,0.279846,-0.723511
30.179616451263428,0.518311,0.011719,0.320313,-0.054687,-0.050781,0.218750,0.019531,0.520020,-0.352600,0.283081,-0.724609
30.20015525817871,0.520874,0.218750,0.714844,-0.406250,0.035156,-0.031250,0.058594,0.519409,-0.351318,0.284607,-0.725159
30.22017502784729,0.520874,0.140625,0.558594,0.703125,-0.023437,-0.087891,0.042969,0.519897,-0.351196,0.284546,-0.724854
30.24002456665039,0.520752,-0.593750,0.101563,0.222656,-0.062500,-0.152344,-0.048828,0.520264,-0.351807,0.284485,-0.724304
30.261265993118286,0.506592,-0.097656,0.335938,0.238281,-0.130859,-0.257813,-0.080078,0.520142,-0.353333,0.283997,-0.723816
30.2801616191864,0.512085,-0.375000,0.000000,0.191406,-0.099609,-0.273438,-0.080078,0.519775,-0.356018,0.283264,-0.723022
30.30002784729004,0.527954,0.320313,-0.375000,-0.089844,-0.080078,-0.160156,-0.015625,0.519592,-0.358765,0.282410,-0.722168
30.319824695587158,0.538086,0.660156,-0.097656,-0.542969,0.011719,-0.052734,0.101563,0.519714,-0.360352,0.282043,-0.721497
30.340087890625,0.590332,1.777344,-0.480469,-0.511719,0.109375,0.218750,0.394531,0.520630,-0.360291,0.282227,-0.720703
30.360328912734985,0.622437,0.906250,0.070312,0.156250,-0.021484,0.150391,0.292969,0.523071,-0.357422,0.283875,-0.719727
30.38020968437195,0.644531,-1.734375,-0.113281,0.421875,-0.058594,0.144531,0.115234,0.524719,-0.355347,0.285767,-0.718811
30.4004807472229,0.654419,-0.746094,0.046875,0.546875,-0.136719,0.132812,-0.027344,0.524963,-0.354309,0.287354,-0.718567
30.420289754867554,0.653931,-0.601562,-0.050781,0.140625,-0.154297,0.052734,-0.179687,0.524048,-0.354065,0.288818,-0.718750
30.44002604484558,0.648315,-0.910156,0.222656,-0.183594,-0.068359,-0.080078,-0.197266,0.522095,-0.355042,0.289429,-0.719421
30.460785627365112,0.618652,0.660156,0.023437,-0.710937,-0.054687,-0.125000,-0.191406,0.520569,-0.356628,0.288818,-0.719971
30.48055338859558,0.612305,0.828125,0.062500,-0.167969,0.046875,-0.050781,-0.001953,0.519592,-0.358093,0.287842,-0.720398
30.50004005432129,0.617187,0.292969,0.207031,0.515625,0.031250,-0.054687,0.128906,0.519836,-0.358398,0.287170,-0.720337
30.520529985427856,0.645630,1.917969,-0.242187,0.046875,0.041016,0.412109,0.566406,0.521179,-0.357971,0.287292,-0.719543
30.540292263031006,0.649902,-1.257813,-0.105469,0.238281,0.093750,0.564453,0.634766,0.524170,-0.353394,0.290833,-0.718140
30.56035304069519,0.662109,-3.132813,-0.480469,-0.472656,0.066406,0.275391,0.144531,0.527283,-0.347412,0.295105,-0.717102
30.58052968978882,0.653931,-2.367188,-1.148438,-0.613281,0.210937,0.070312,-0.251953,0.527771,-0.344604,0.296692,-0.717407
30.600679636001587,0.641602,-1.769531,-1.753906,-2.828125,0.748047,-0.003906,-0.423828,0.526672,-0.343567,0.294495,-0.719604
30.620527505874634,0.616333,0.496094,0.214844,-0.378906,0.828125,0.230469,-0.330078,0.526123,-0.340820,0.288147,-0.723877
30.6403911113739,0.576660,0.996094,1.300781,1.296875,0.566406,0.337891,-0.181641,0.525879,-0.335754,0.282104,-0.728760
30.660373210906982,0.462036,1.675781,2.300781,3.625000,-0.214844,0.277344,0.128906,0.525574,-0.330994,0.279236,-0.732300
30.68109107017517,0.417969,-1.011719,1.582031,2.562500,-0.433594,0.039063,0.029297,0.525085,-0.329590,0.281738,-0.732361
30.700552701950073,0.395508,0.941406,0.519531,-0.289063,-0.335938,-0.017578,0.033203,0.523865,-0.331421,0.285095,-0.731079
30.721017122268677,0.377197,0.253906,0.511719,0.363281,-0.197266,-0.091797,0.066406,0.523071,-0.333252,0.287537,-0.729858
30.741021871566772,0.379761,-0.328125,0.304688,0.777344,-0.189453,-0.162109,-0.005859,0.523132,-0.334778,0.288757,-0.728577
30.76071000099182,0.373901,-0.324219,0.183594,0.941406,-0.318359,-0.177734,-0.125000,0.522888,-0.337036,0.289429,-0.727539
30.78104829788208,0.369873,0.480469,-0.636719,-1.703125,-0.189453,-0.097656,-0.130859,0.521484,-0.340088,0.290283,-0.726685
30.801034212112427,0.370483,0.464844,-0.750000,-1.695313,0.042969,0.023437,-0.078125,0.520264,-0.342163,0.290710,-0.726440
30.820720672607422,0.370483,0.074219,-0.527344,-0.945312,0.142578,0.074219,-0.091797,0.519775,-0.342102,0.290222,-0.726990
30.84124255180359,0.355957,-0.515625,-0.167969,0.687500,0.025391,-0.001953,-0.187500,0.519348,-0.341370,0.289246,-0.728088
30.861178159713745,0.343506,0.609375,0.328125,-0.148437,-0.029297,0.001953,-0.146484,0.518127,-0.341675,0.288574,-0.729065
30.88062047958374,0.338867,0.554687,0.246094,-0.230469,0.033203,0.033203,-0.070312,0.517029,-0.342163,0.288269,-0.729736
30.90096139907837,0.346436,0.472656,0.550781,0.457031,-0.042969,-0.021484,0.009766,0.516541,-0.342041,0.288025,-0.730225
30.921040296554565,0.327515,0.128906,0.328125,0.015625,-0.097656,-0.023437,-0.029297,0.516479,-0.342346,0.288147,-0.730042
30.94166135787964,0.342529,-0.117188,-0.113281,-0.156250,-0.210937,-0.052734,-0.123047,0.515930,-0.343323,0.288696,-0.729797
30.960790157318115,0.349365,1.406250,-0.289063,-0.820312,-0.078125,0.169922,0.015625,0.514709,-0.344788,0.289551,-0.729675
30.98137640953064,0.416626,0.281250,-0.054687,0.222656,-0.130859,0.287109,0.064453,0.514038,-0.344116,0.290955,-0.729858
31.00157380104065,0.466309,-0.210937,-0.421875,0.375000,-0.111328,0.339844,0.039063,0.513245,-0.342590,0.293335,-0.730164
31.02103543281555,0.523071,0.074219,-0.023437,0.605469,-0.074219,0.298828,0.199219,0.512390,-0.340454,0.296143,-0.730652
31.04116678237915,0.603760,1.539063,0.156250,0.652344,-0.060547,0.357422,0.488281,0.512695,-0.337952,0.299133,-0.730347
31.061371088027954,0.614136,0.277344,0.554687,-0.820312,0.078125,0.134766,0.521484,0.515015,-0.334473,0.302612,-0.728943
31.081197023391724,0.615723,-1.113281,0.324219,0.160156,0.078125,-0.109375,0.326172,0.518616,-0.331604,0.304382,-0.726929
31.101574182510376,0.622681,-1.113281,-0.250000,-0.261719,0.072266,-0.306641,0.087891,0.521606,-0.331116,0.304260,-0.725098
31.121588468551636,0.614258,-1.000000,-0.027344,-0.339844,0.074219,-0.380859,-0.142578,0.523376,-0.332703,0.302429,-0.723816
31.141407012939453,0.597656,-0.464844,-0.281250,-1.027344,0.087891,-0.306641,-0.382813,0.523865,-0.335266,0.299500,-0.723511
31.16173005104065,0.556641,-1.210938,-0.222656,0.894531,-0.109375,-0.164062,-0.373047,0.522278,-0.338196,0.296265,-0.724609
31.18144655227661,0.598633,1.785156,0.253906,0.917969,-0.152344,0.015625,0.000000,0.519958,-0.340881,0.294922,-0.725586
31.201135635375977,0.642212,0.191406,-0.375000,1.488281,-0.291016,0.134766,0.117188,0.519287,-0.341675,0.295959,-0.725220
31.221466541290283,0.670898,0.773437,-0.726562,-0.136719,-0.154297,0.302734,0.101563,0.518860,-0.341553,0.299072,-0.724365
31.241867780685425,0.669312,-1.699219,-0.726562,-1.746094,0.117188,0.013672,-0.189453,0.518127,-0.340210,0.301819,-0.724365
31.26157832145691,0.659912,0.261719,-2.265625,-3.640625,0.699219,0.093750,-0.265625,0.517273,-0.339600,0.300415,-0.725830
31.281209468841553,0.645020,0.667969,-1.027344,-1.437500,0.775391,0.320313,-0.214844,0.517395,-0.336304,0.295166,-0.729431
31.301515817642212,0.567627,0.453125,0.464844,0.652344,0.335938,0.351563,-0.083984,0.517517,-0.330872,0.290344,-0.733765
31.32218623161316,0.510742,0.789062,1.683594,2.746094,-0.099609,0.189453,0.056641,0.517029,-0.327148,0.289429,-0.736145
31.34235954284668,0.429932,1.527344,0.582031,-2.320313,0.191406,0.212891,0.279297,0.516785,-0.325684,0.291016,-0.736328
31.361855030059814,0.298096,0.179687,0.558594,0.000000,0.283203,0.210937,0.277344,0.518799,-0.322327,0.291687,-0.736145
31.38207173347473,0.284058,-3.023438,0.351563,3.082031,0.093750,-0.199219,-0.037109,0.520935,-0.319153,0.291382,-0.736084
31.401522397994995,0.269287,-0.105469,1.070313,1.234375,0.095703,-0.234375,0.031250,0.521790,-0.319885,0.289734,-0.735901
31.421915531158447,0.270996,0.109375,0.910156,1.234375,0.074219,-0.273438,0.078125,0.523010,-0.321045,0.287903,-0.735168
31.4420325756073,0.269409,-0.152344,0.679687,1.816406,-0.126953,-0.373047,0.056641,0.524536,-0.322510,0.286255,-0.734070
31.461460828781128,0.269287,-0.656250,0.511719,1.480469,-0.269531,-0.416016,-0.050781,0.525635,-0.325806,0.285278,-0.732239
31.482041120529175,0.285034,-0.375000,-0.578125,-0.703125,-0.158203,-0.298828,-0.138672,0.525635,-0.330200,0.284851,-0.730469
31.502308130264282,0.275269,-0.238281,-0.101563,0.027344,-0.181641,-0.267578,-0.203125,0.524902,-0.333740,0.284058,-0.729675
31.52164912223816,0.259155,0.074219,0.136719,-0.058594,-0.169922,-0.343750,-0.189453,0.523682,-0.337280,0.283203,-0.729248
31.541975498199463,0.244751,0.546875,-0.230469,-0.171875,-0.111328,-0.244141,-0.134766,0.522766,-0.341003,0.282043,-0.728638
31.56239914894104,0.245117,0.554687,-0.078125,0.003906,-0.103516,-0.162109,-0.042969,0.522095,-0.343872,0.281128,-0.728088
31.58215880393982,0.255005,0.425781,-0.023437,0.050781,-0.097656,-0.072266,0.037109,0.521912,-0.345703,0.280884,-0.727478
31.602249145507812,0.276001,0.125000,-0.246094,-0.164062,-0.044922,-0.003906,0.064453,0.522034,-0.346619,0.281311,-0.726746
31.62242579460144,0.344849,0.410156,-0.316406,-0.117188,0.013672,-0.019531,0.166016,0.522522,-0.346802,0.281799,-0.726196
31.64230489730835,0.384766,-0.257813,0.039063,0.375000,-0.003906,-0.033203,0.207031,0.523865,-0.346375,0.282227,-0.725220
31.662270545959473,0.439697,-0.816406,-0.117188,0.113281,-0.027344,-0.152344,0.056641,0.525452,-0.346069,0.282715,-0.724060
31.682289123535156,0.509644,0.089844,-0.109375,-0.109375,-0.021484,-0.138672,0.029297,0.526306,-0.346924,0.282410,-0.723083
31.702590465545654,0.523804,-0.050781,-0.031250,-0.093750,-0.078125,-0.220703,-0.138672,0.526794,-0.348145,0.281921,-0.722412
31.72227382659912,0.519653,-0.949219,-0.023437,0.390625,-0.146484,-0.238281,-0.308594,0.526245,-0.350281,0.280884,-0.722107
31.7424259185791,0.464478,0.683594,-0.175781,-1.117188,-0.035156,0.001953,-0.265625,0.524353,-0.353210,0.279785,-0.722534
31.76236653327942,0.470947,0.308594,-0.101563,0.574219,-0.111328,0.128906,-0.140625,0.522156,-0.354431,0.279297,-0.723694
31.78233027458191,0.486084,1.003906,-0.015625,-0.144531,-0.076172,0.142578,-0.033203,0.520447,-0.354492,0.280151,-0.724548
31.802192211151123,0.521118,-0.750000,0.144531,1.125000,-0.097656,-0.005859,-0.005859,0.519653,-0.353943,0.281189,-0.724976
31.822969913482666,0.590942,2.566406,-0.296875,-0.398438,-0.044922,0.382813,0.304688,0.519348,-0.354126,0.281982,-0.724792
31.842101573944092,0.609985,0.562500,0.246094,-0.765625,0.025391,0.312500,0.283203,0.520203,-0.351440,0.284851,-0.724365
31.862290859222412,0.619873,-0.449219,0.109375,0.710937,0.001953,0.146484,0.121094,0.521484,-0.348083,0.287659,-0.723999
31.88271141052246,0.628174,0.257813,-0.199219,0.062500,-0.052734,0.128906,-0.025391,0.521851,-0.346619,0.289124,-0.723816
31.9030282497406,0.622681,-1.160156,-0.296875,0.804687,-0.224609,0.123047,-0.234375,0.521057,-0.346130,0.290100,-0.724243
31.922304391860962,0.609985,-1.628906,-0.167969,0.191406,-0.250000,0.035156,-0.392578,0.518372,-0.347107,0.291321,-0.725220
31.94328212738037,0.609619,1.414063,0.148437,-1.019531,-0.080078,0.072266,-0.048828,0.514954,-0.348999,0.292053,-0.726501
31.962692737579346,0.630005,0.386719,-0.074219,0.757812,-0.095703,0.027344,0.126953,0.513977,-0.349243,0.292786,-0.726746
31.982186555862427,0.651245,2.945313,0.171875,-1.195313,0.105469,0.253906,0.529297,0.514709,-0.348755,0.294128,-0.725891
32.00273275375366,0.651245,-0.484375,0.140625,-0.460937,0.138672,0.140625,0.335938,0.517761,-0.345337,0.296387,-0.724426
32.02304744720459,0.642944,-1.707031,-0.441406,0.558594,0.123047,0.025391,-0.011719,0.520203,-0.342651,0.297546,-0.723511
32.04289436340332,0.619995,-0.566406,-1.308594,-0.429687,0.193359,0.175781,-0.197266,0.520508,-0.341553,0.296997,-0.723999
32.063055753707886,0.517334,-0.851562,-2.082031,-2.714844,0.519531,0.541016,-0.394531,0.519165,-0.339844,0.295593,-0.726379
32.08304452896118,0.462280,2.414063,-0.078125,-0.242187,0.193359,0.847656,-0.160156,0.516602,-0.334534,0.293884,-0.731323
32.10274815559387,0.424927,-0.804687,1.675781,2.464844,-0.150391,0.324219,-0.154297,0.513672,-0.328369,0.295593,-0.735474
32.122719049453735,0.409912,0.753906,1.003906,-0.433594,-0.070312,0.154297,0.044922,0.511230,-0.326904,0.297913,-0.736938
32.143046140670776,0.387207,-0.183594,0.429687,0.171875,0.134766,-0.001953,0.046875,0.510742,-0.325989,0.299377,-0.737000
32.16333723068237,0.368286,0.164062,1.003906,2.515625,-0.197266,-0.173828,0.023437,0.511414,-0.325378,0.299011,-0.737000
32.18278932571411,0.362915,-1.101563,0.613281,1.246094,-0.134766,-0.244141,-0.031250,0.511597,-0.327271,0.299316,-0.735901
32.203218936920166,0.347778,-0.222656,-0.144531,-1.074219,-0.025391,-0.281250,-0.048828,0.511719,-0.329956,0.298950,-0.734802
32.223355770111084,0.355591,0.160156,-0.296875,-0.761719,0.042969,-0.298828,0.001953,0.512146,-0.332336,0.297546,-0.734009
32.242884397506714,0.366577,0.796875,-0.113281,0.160156,0.003906,-0.187500,0.111328,0.513184,-0.334290,0.295776,-0.733032
32.26373863220215,0.380249,0.925781,0.007813,-0.062500,-0.076172,0.007813,0.175781,0.514648,-0.335266,0.295227,-0.731873
32.28316521644592,0.386597,-0.046875,-0.437500,-0.015625,-0.068359,0.111328,0.119141,0.515747,-0.335022,0.296082,-0.730835
32.303037881851196,0.422974,-0.136719,-0.312500,-0.085937,-0.082031,0.128906,0.076172,0.516113,-0.334351,0.297546,-0.730286
32.32351303100586,0.523315,0.078125,-0.265625,-0.421875,-0.101563,0.128906,0.005859,0.515991,-0.333618,0.299072,-0.730042
32.34345602989197,0.542847,-0.257813,-0.328125,-0.023437,-0.162109,0.056641,-0.162109,0.515381,-0.333130,0.300476,-0.730164
32.363038778305054,0.550171,-0.726562,0.253906,0.082031,-0.162109,-0.140625,-0.285156,0.513550,-0.333984,0.301331,-0.730713
32.38367509841919,0.539062,0.136719,0.570312,-0.007813,-0.072266,-0.300781,-0.189453,0.511475,-0.336548,0.300903,-0.731140
32.403520822525024,0.528442,-0.628906,0.183594,0.285156,0.000000,-0.531250,-0.181641,0.510803,-0.339722,0.299133,-0.730896
32.42303705215454,0.526733,1.675781,-0.031250,-1.171875,0.164062,-0.388672,-0.015625,0.511047,-0.343811,0.296082,-0.730042
32.44326186180115,0.531372,2.011719,-0.265625,0.230469,0.117188,-0.017578,0.236328,0.512573,-0.345825,0.293152,-0.729187
32.46358108520508,0.587036,1.308594,-0.464844,-0.597656,0.115234,0.234375,0.376953,0.514832,-0.344604,0.292786,-0.728333
32.48338556289673,0.603271,-0.214844,-0.421875,-0.085937,0.013672,0.435547,0.330078,0.517151,-0.341492,0.294189,-0.727600
32.50349164009094,0.620483,-1.187500,-0.097656,0.617187,-0.070312,0.554687,0.169922,0.518372,-0.337341,0.297241,-0.727417
32.52370524406433,0.634399,-0.542969,0.375000,0.464844,-0.142578,0.416016,0.033203,0.517822,-0.333252,0.301086,-0.728088
32.544068336486816,0.636963,-0.777344,0.398438,0.480469,-0.140625,0.093750,0.031250,0.516479,-0.331055,0.304260,-0.728760
32.56355118751526,0.642944,0.042969,0.292969,-0.039063,-0.042969,0.056641,0.175781,0.516052,-0.330811,0.305847,-0.728516
32.58388042449951,0.644775,-0.648437,0.109375,0.039063,0.015625,-0.017578,0.189453,0.517029,-0.330200,0.306885,-0.727661
32.60403609275818,0.649780,-0.449219,0.031250,-0.230469,-0.001953,-0.072266,0.033203,0.518433,-0.329651,0.307373,-0.726685
32.623473167419434,0.654907,-0.156250,-0.074219,0.046875,-0.091797,-0.085937,-0.171875,0.518860,-0.330017,0.307312,-0.726257
32.64380097389221,0.659424,-1.742188,0.011719,1.339844,-0.275391,-0.083984,-0.431641,0.517456,-0.331787,0.307007,-0.726562
32.66405534744263,0.652466,0.429687,-0.128906,-0.296875,-0.253906,0.039063,-0.457031,0.513794,-0.335205,0.306946,-0.727600
32.6833770275116,0.653564,1.585938,-0.457031,-0.582031,-0.132812,0.197266,-0.164062,0.509827,-0.337524,0.307373,-0.729187
32.70419454574585,0.652832,-0.679687,-0.648437,-0.726562,0.044922,0.056641,-0.134766,0.507385,-0.337646,0.308533,-0.730286
32.72412300109863,0.642822,0.933594,-0.976562,-1.867188,0.355469,0.238281,0.044922,0.506409,-0.337280,0.308289,-0.731323
32.74367094039917,0.621338,0.843750,-0.617187,-1.472656,0.675781,0.683594,0.123047,0.507141,-0.333374,0.306946,-0.733093
32.76403999328613,0.570679,0.187500,0.933594,2.019531,0.294922,0.744141,0.169922,0.508179,-0.324890,0.305908,-0.736633
32.78445339202881,0.497925,-1.656250,1.386719,2.875000,-0.121094,0.242187,-0.050781,0.508057,-0.317871,0.307739,-0.739014
32.80423712730408,0.499512,-0.890625,1.218750,1.253906,-0.191406,-0.064453,-0.044922,0.506714,-0.316589,0.309814,-0.739624
32.82404136657715,0.501709,0.777344,0.730469,-1.031250,0.111328,-0.275391,0.107422,0.506104,-0.317993,0.310547,-0.739136
32.84402871131897,0.501465,0.847656,0.828125,1.335938,0.048828,-0.341797,0.255859,0.508057,-0.319092,0.309021,-0.737976
32.864187479019165,0.496338,-1.550781,-0.390625,0.847656,0.031250,-0.431641,0.033203,0.510986,-0.320618,0.307434,-0.735901
32.884323596954346,0.482422,-0.906250,-1.058594,-1.460938,0.158203,-0.322266,-0.091797,0.512756,-0.323303,0.305176,-0.734497
32.90436601638794,0.472290,0.269531,0.113281,-0.625000,0.156250,-0.230469,-0.099609,0.513611,-0.325195,0.302124,-0.734314
32.92403221130371,0.472168,0.652344,0.175781,0.585937,0.080078,-0.195312,0.009766,0.514160,-0.326416,0.299561,-0.734436
32.94398093223572,0.477295,0.835937,0.246094,1.054688,-0.013672,-0.113281,0.111328,0.515076,-0.327393,0.298035,-0.733948
32.964513301849365,0.490234,-0.007813,-0.062500,0.250000,0.013672,-0.093750,0.128906,0.516174,-0.328003,0.297729,-0.733032
32.984508752822876,0.500366,0.085937,0.105469,0.410156,-0.066406,-0.078125,0.166016,0.517456,-0.328247,0.297668,-0.732056
33.00428295135498,0.508423,-0.167969,-0.230469,-0.156250,-0.058594,-0.060547,0.101563,0.518677,-0.328613,0.298157,-0.730835
33.024112939834595,0.519775,-0.750000,-0.105469,0.363281,-0.132812,-0.175781,-0.005859,0.519409,-0.329224,0.298523,-0.729919
33.0449857711792,0.550049,-0.328125,0.101563,-0.070312,-0.164062,-0.316406,-0.169922,0.519409,-0.331116,0.298462,-0.729004
33.06433391571045,0.565308,0.375000,-0.265625,-0.070312,-0.152344,-0.197266,-0.173828,0.518677,-0.334473,0.297668,-0.728333
33.08440113067627,0.577148,-0.246094,-0.406250,-0.171875,-0.156250,-0.076172,-0.212891,0.517395,-0.337219,0.297180,-0.728149
33.104891300201416,0.594482,0.031250,-0.359375,-0.222656,-0.152344,0.167969,-0.207031,0.515564,-0.339172,0.297180,-0.728577
33.12463068962097,0.601562,0.222656,-0.425781,-0.476562,-0.097656,0.345703,-0.191406,0.513062,-0.339417,0.298401,-0.729736
33.14434599876404,0.606689,0.207031,-0.074219,-0.214844,-0.023437,0.343750,-0.093750,0.510315,-0.338013,0.300293,-0.731567
33.16498041152954,0.582275,0.199219,-0.042969,0.199219,-0.005859,0.363281,-0.013672,0.508423,-0.335876,0.302002,-0.733154
33.184765100479126,0.555542,0.476562,-0.121094,-0.054687,0.082031,0.404297,0.095703,0.507263,-0.333191,0.303772,-0.734436
33.20436096191406,0.541870,0.125000,0.300781,0.167969,-0.044922,-0.037109,-0.052734,0.506897,-0.330078,0.305298,-0.735474
33.22521758079529,0.545654,0.949219,0.453125,-0.476562,-0.033203,-0.087891,-0.005859,0.506653,-0.330261,0.305298,-0.735535
33.24504017829895,0.547852,0.406250,0.347656,0.031250,-0.117188,-0.054687,0.007813,0.506653,-0.331116,0.305115,-0.735229
33.26449179649353,0.552856,0.292969,0.437500,0.289063,-0.132812,-0.052734,0.046875,0.506531,-0.332031,0.305664,-0.734680
33.28511333465576,0.567139,-0.320313,-0.351563,-0.269531,-0.087891,-0.042969,0.056641,0.506592,-0.332947,0.306519,-0.733887
33.304983615875244,0.572754,0.261719,-0.152344,-0.605469,0.025391,-0.048828,0.132812,0.506897,-0.333496,0.307068,-0.733154
33.324599266052246,0.582886,0.753906,-0.187500,-0.230469,0.072266,0.048828,0.291016,0.508179,-0.333313,0.307190,-0.732361
33.344658851623535,0.604736,1.042969,-0.335938,0.105469,-0.019531,0.064453,0.253906,0.510254,-0.331665,0.307983,-0.731262
33.36498427391052,0.636108,-0.074219,-0.136719,-0.507812,-0.042969,0.037109,0.107422,0.511902,-0.330444,0.309265,-0.730164
33.385212421417236,0.644653,-0.132812,-0.203125,-0.230469,-0.056641,0.091797,0.009766,0.512390,-0.330017,0.310303,-0.729553
33.40459942817688,0.648926,-1.175781,0.070312,0.398438,-0.083984,-0.050781,-0.181641,0.511902,-0.329773,0.311218,-0.729614
33.42514514923096,0.641846,-0.496094,0.148437,-0.238281,-0.070312,-0.171875,-0.275391,0.510498,-0.331055,0.311035,-0.730103
33.4455041885376,0.626465,0.199219,0.187500,-0.078125,-0.033203,-0.191406,-0.271484,0.508789,-0.333374,0.309814,-0.730713
33.46462106704712,0.625366,0.882812,0.187500,0.437500,-0.044922,-0.189453,-0.062500,0.507385,-0.335876,0.308228,-0.731262
33.48517441749573,0.637939,0.675781,-0.121094,-0.128906,-0.003906,-0.130859,0.048828,0.507324,-0.337585,0.307312,-0.730896
33.50541615486145,0.649658,0.699219,-0.035156,-0.128906,0.058594,0.162109,0.359375,0.508179,-0.338196,0.306946,-0.730164
33.52505707740784,0.657715,1.226563,0.242187,0.351563,0.048828,0.406250,0.646484,0.510437,-0.335815,0.308533,-0.729065
33.54505777359009,0.657837,0.808594,0.402344,-0.214844,0.123047,0.400391,0.802734,0.514099,-0.330688,0.312134,-0.727234
33.56526017189026,0.652344,-0.605469,0.371094,-0.507812,0.177734,0.154297,0.691406,0.519104,-0.324707,0.315735,-0.724854
33.58537197113037,0.648804,-1.437500,0.093750,0.113281,0.160156,-0.132812,0.451172,0.524048,-0.320557,0.317505,-0.722351
33.605408668518066,0.647705,-1.535156,-0.171875,-0.355469,0.119141,-0.427734,0.185547,0.528259,-0.319336,0.317139,-0.719971
33.626115560531616,0.639893,0.117188,0.035156,-1.527344,0.259766,-0.455078,0.046875,0.531372,-0.320801,0.314758,-0.718079
33.64507031440735,0.623901,-1.062500,-0.378906,-0.132812,0.232422,-0.542969,-0.181641,0.533875,-0.322693,0.310669,-0.717163
33.665382385253906,0.600586,-1.984375,-0.265625,-0.769531,0.259766,-0.470703,-0.589844,0.534912,-0.325806,0.305359,-0.717285
33.685622215270996,0.424438,-0.074219,-1.042969,0.902344,0.117188,-0.390625,-0.703125,0.533020,-0.329651,0.299072,-0.719543
33.7054648399353,0.403564,1.257813,-0.757812,0.097656,0.064453,-0.261719,-0.431641,0.529663,-0.333984,0.293762,-0.722229
33.72527456283569,0.390015,1.355469,-1.714844,-2.242188,0.484375,0.230469,-0.259766,0.527466,-0.336487,0.290466,-0.723999
33.746044397354126,0.364868,1.101563,-1.718750,-2.457031,0.572266,0.607422,-0.128906,0.526428,-0.333313,0.287415,-0.727478
33.7655234336853,0.341919,-0.855469,0.648437,3.105469,-0.345703,0.623047,-0.066406,0.525330,-0.326843,0.286743,-0.731445
33.78544783592224,0.341187,-0.265625,0.015625,-0.550781,-0.558594,0.496094,-0.093750,0.522034,-0.323975,0.291992,-0.732971
33.80584907531738,0.373413,0.625000,0.335938,-2.457031,-0.322266,0.498047,-0.046875,0.518127,-0.323303,0.298279,-0.733521
33.825663805007935,0.375000,0.371094,0.390625,-1.214844,-0.078125,0.398438,-0.083984,0.515259,-0.321472,0.302979,-0.734436
33.845536947250366,0.377686,-0.500000,0.773437,1.000000,0.027344,0.183594,-0.191406,0.513123,-0.319336,0.305298,-0.735901
33.865581035614014,0.356201,0.171875,1.187500,1.191406,0.060547,0.097656,-0.166016,0.511230,-0.318359,0.305542,-0.737488
33.88581347465515,0.340454,0.394531,1.515625,0.824219,0.191406,-0.027344,-0.048828,0.509949,-0.317810,0.304993,-0.738831
33.9053418636322,0.325684,0.515625,1.593750,2.554688,-0.234375,-0.310547,-0.085937,0.510010,-0.317627,0.303711,-0.739441
33.92606043815613,0.288086,-0.578125,-0.343750,-0.929687,-0.166016,-0.384766,-0.216797,0.509644,-0.320923,0.303345,-0.738403
33.94587182998657,0.212402,-0.664062,-0.726562,-1.519531,0.042969,-0.300781,-0.359375,0.508606,-0.325195,0.301880,-0.737854
33.96570682525635,0.156372,-0.148437,-0.492187,-1.414063,0.191406,-0.322266,-0.332031,0.507080,-0.328369,0.298828,-0.738708
33.98585224151611,0.111816,0.769531,-0.140625,-0.355469,0.164062,-0.365234,-0.230469,0.506226,-0.330872,0.294800,-0.739807
34.00605893135071,0.081421,0.699219,0.035156,0.523437,0.037109,-0.306641,-0.134766,0.506104,-0.333435,0.291077,-0.740234
34.02623438835144,0.091919,0.078125,-0.132812,-0.085937,0.021484,-0.183594,-0.128906,0.506104,-0.335815,0.288696,-0.740112
34.045902967453,0.087158,-0.074219,-0.015625,0.539062,-0.115234,-0.183594,-0.099609,0.505737,-0.337646,0.287109,-0.740112
34.06620192527771,0.138428,0.414062,0.535156,0.964844,-0.224609,-0.238281,-0.066406,0.505127,-0.340027,0.286682,-0.739624
34.08635330200195,0.149170,0.269531,-0.015625,0.281250,-0.212891,-0.187500,-0.031250,0.504578,-0.343018,0.286865,-0.738586
34.10576796531677,0.177002,0.367188,0.199219,0.082031,-0.179687,-0.169922,0.027344,0.504150,-0.345520,0.287415,-0.737427
34.126338958740234,0.210571,-0.460937,-0.093750,-0.230469,-0.087891,-0.296875,-0.060547,0.504150,-0.347656,0.287903,-0.736267
34.14631104469299,0.220947,-0.929687,0.105469,-0.023437,0.072266,-0.310547,-0.009766,0.504272,-0.350281,0.286987,-0.735291
34.165823459625244,0.225952,0.503906,-0.437500,-0.054687,0.091797,-0.183594,0.103516,0.505188,-0.352356,0.285217,-0.734375
34.18640160560608,0.317017,0.433594,-0.484375,-0.414062,0.103516,0.033203,0.244141,0.506714,-0.352966,0.284058,-0.733459
34.20638918876648,0.373413,1.531250,-0.359375,-0.316406,0.044922,0.160156,0.349609,0.508728,-0.351624,0.284180,-0.732666
34.226341009140015,0.472412,-0.152344,-0.351563,-0.636719,0.019531,0.212891,0.259766,0.510925,-0.349121,0.285828,-0.731689
34.24640154838562,0.524170,0.261719,-0.269531,-0.269531,0.027344,0.392578,0.220703,0.512329,-0.346558,0.287781,-0.731140
34.266448974609375,0.563721,-1.644531,-0.191406,0.367188,-0.046875,0.277344,-0.042969,0.512817,-0.343201,0.290039,-0.731506
34.28640389442444,0.552612,-1.144531,0.152344,0.566406,-0.074219,0.017578,-0.291016,0.511658,-0.341553,0.291565,-0.732483
34.30637502670288,0.534668,-0.226562,0.312500,0.253906,-0.222656,-0.214844,-0.457031,0.509033,-0.342773,0.291504,-0.733765
34.326483964920044,0.458130,0.527344,0.160156,-0.828125,-0.105469,-0.162109,-0.417969,0.505676,-0.346497,0.290466,-0.734741
34.34652805328369,0.382202,-0.554687,0.152344,0.078125,-0.140625,-0.111328,-0.427734,0.502563,-0.349670,0.288879,-0.736023
34.366504192352295,0.367188,2.519531,0.269531,-0.488281,-0.001953,0.097656,-0.005859,0.499634,-0.352112,0.287842,-0.737244
34.38664507865906,0.380249,-0.117188,0.113281,0.628906,-0.070312,0.070312,0.109375,0.499084,-0.351807,0.288330,-0.737610
34.4065158367157,0.411133,1.546875,-0.367188,-0.296875,0.013672,0.310547,0.355469,0.499512,-0.350891,0.289612,-0.737183
34.4263436794281,0.489014,2.062500,-0.199219,0.101563,0.082031,0.603516,0.660156,0.501282,-0.347473,0.292358,-0.736572
34.446996450424194,0.539673,-0.011719,0.316406,-0.398438,0.072266,0.373047,0.443359,0.504333,-0.341064,0.296814,-0.735657
34.46675205230713,0.558716,-1.203125,0.023437,-0.300781,-0.015625,0.078125,0.130859,0.506714,-0.336609,0.299927,-0.734863
34.48653841018677,0.565552,-0.269531,-0.089844,-0.300781,0.000000,0.091797,-0.001953,0.507385,-0.335449,0.300964,-0.734436
34.50677561759949,0.560303,-0.500000,0.023437,0.437500,-0.107422,0.003906,-0.154297,0.507141,-0.334839,0.301514,-0.734741
34.52676701545715,0.564575,-0.996094,-0.304688,0.687500,-0.179687,-0.076172,-0.263672,0.505615,-0.335754,0.301880,-0.735168
34.5465567111969,0.574707,1.652344,0.078125,-0.511719,-0.080078,0.105469,-0.074219,0.503418,-0.337769,0.302063,-0.735718
34.56635403633118,0.584595,0.203125,0.164062,-0.359375,0.021484,0.083984,0.042969,0.502197,-0.337830,0.302856,-0.736206
34.5868182182312,0.591309,-0.828125,0.207031,0.949219,-0.044922,-0.054687,0.017578,0.502136,-0.337219,0.303345,-0.736328
34.60704731941223,0.587769,0.839844,-0.011719,-0.121094,0.017578,0.048828,0.205078,0.502380,-0.337524,0.303589,-0.735901
34.62647271156311,0.590576,1.394531,0.140625,0.136719,0.056641,0.210937,0.388672,0.503723,-0.336426,0.304382,-0.735168
34.64724779129028,0.584717,-1.492188,-0.195312,0.246094,0.005859,0.142578,0.222656,0.505920,-0.333923,0.305969,-0.734131
34.667057275772095,0.582886,0.015625,-0.312500,-0.843750,0.093750,0.187500,0.126953,0.507202,-0.331909,0.307434,-0.733521
34.68724966049194,0.568481,-1.468750,-0.203125,-0.550781,0.117188,0.041016,-0.123047,0.507751,-0.329956,0.307983,-0.733765
34.70712757110596,0.507446,-0.957031,-0.535156,-0.804687,0.144531,0.015625,-0.312500,0.507080,-0.329346,0.307068,-0.734924
34.72731637954712,0.476929,1.148438,-0.304688,-0.960937,0.265625,0.175781,-0.218750,0.505371,-0.329102,0.305176,-0.737000
34.746697425842285,0.460449,0.453125,0.476562,0.808594,0.121094,0.117188,-0.091797,0.504028,-0.327515,0.303345,-0.739380
34.76766633987427,0.466431,0.804687,1.273438,1.453125,-0.017578,0.007813,0.044922,0.503418,-0.326233,0.302795,-0.740601
34.787487506866455,0.474121,0.160156,0.523437,1.078125,-0.148437,-0.072266,0.082031,0.503601,-0.326172,0.303101,-0.740356
34.8068790435791,0.491333,0.132812,0.230469,0.304688,-0.181641,-0.033203,0.130859,0.503967,-0.327087,0.304077,-0.739319
34.82737851142883,0.546875,0.531250,-0.089844,-0.015625,-0.140625,0.021484,0.201172,0.504456,-0.327820,0.305664,-0.737976
34.84777474403381,0.563232,-0.050781,-0.375000,-0.156250,-0.060547,-0.013672,0.146484,0.505310,-0.327820,0.307373,-0.736633
34.866978883743286,0.579102,-0.304688,-0.289063,-0.332031,-0.039063,-0.064453,0.062500,0.506226,-0.327881,0.308289,-0.735657
34.88726043701172,0.589233,-0.273438,-0.175781,-0.140625,-0.050781,-0.056641,-0.044922,0.506653,-0.328369,0.308472,-0.735046
34.907583236694336,0.604614,-0.496094,-0.050781,0.144531,-0.115234,-0.113281,-0.240234,0.506348,-0.329224,0.308411,-0.734924
34.9276077747345,0.603271,-1.945313,-0.195312,0.988281,-0.220703,-0.121094,-0.455078,0.504395,-0.331421,0.308105,-0.735413
34.94729685783386,0.604492,1.226563,-0.152344,-0.253906,-0.156250,0.148437,-0.230469,0.500916,-0.334412,0.307800,-0.736572
34.96763825416565,0.616089,-0.085937,-0.144531,-0.054687,-0.101563,0.181641,-0.156250,0.498230,-0.334900,0.308655,-0.737793
34.987565994262695,0.605713,0.183594,-0.144531,-0.398438,0.023437,0.101563,-0.064453,0.496338,-0.334412,0.309631,-0.738892
35.007391929626465,0.581177,0.121094,0.222656,0.007813,0.113281,0.179687,0.015625,0.495483,-0.333679,0.309937,-0.739685
35.02771496772766,0.456421,0.542969,0.054687,-0.375000,0.181641,0.333984,0.082031,0.495422,-0.331665,0.310120,-0.740540
35.04757738113403,0.401611,-0.734375,0.554687,0.796875,0.039063,0.085937,-0.027344,0.495544,-0.328491,0.310547,-0.741699
35.06734848022461,0.404175,0.117188,0.390625,0.328125,-0.009766,0.091797,-0.035156,0.495239,-0.327515,0.310669,-0.742310
35.08765983581543,0.433350,0.078125,0.007813,0.070312,-0.105469,0.046875,-0.070312,0.494629,-0.327087,0.311096,-0.742676
35.10778331756592,0.480469,0.335938,0.062500,0.238281,-0.140625,0.027344,-0.023437,0.493713,-0.327393,0.311829,-0.742859
35.12754583358765,0.521973,0.308594,-0.042969,-0.320313,-0.083984,0.039063,0.058594,0.493042,-0.327881,0.312805,-0.742676
35.14791131019592,0.572632,0.101563,-0.027344,-0.085937,-0.033203,0.007813,0.142578,0.493103,-0.327820,0.313721,-0.742249
35.167893409729004,0.588379,0.921875,-0.179687,-0.128906,0.095703,0.271484,0.447266,0.494141,-0.327148,0.314636,-0.741455
35.1874475479126,0.595825,-1.703125,-0.242187,0.414062,0.056641,0.191406,0.294922,0.496704,-0.323669,0.316589,-0.740479
35.2076997756958,0.593994,-2.378906,-0.281250,0.062500,0.039063,-0.074219,-0.066406,0.498413,-0.321167,0.317993,-0.739807
35.22799897193909,0.575684,-0.992187,-0.488281,-0.675781,0.107422,-0.144531,-0.294922,0.498291,-0.321533,0.317200,-0.740051
35.24810528755188,0.563843,-0.082031,-0.250000,-0.722656,0.164062,-0.212891,-0.476562,0.496948,-0.322998,0.314758,-0.741394
35.267860651016235,0.552734,0.468750,1.097656,0.574219,0.037109,-0.263672,-0.472656,0.494629,-0.325317,0.311035,-0.743469
35.28806161880493,0.496704,0.765625,1.472656,1.515625,-0.253906,-0.150391,-0.357422,0.492004,-0.328491,0.308105,-0.745056
35.308125257492065,0.499023,1.691406,0.382813,0.406250,-0.173828,0.000000,0.025391,0.489197,-0.331604,0.307861,-0.745605
35.3278534412384,0.507324,-1.105469,-0.558594,-0.078125,-0.066406,-0.134766,0.082031,0.488708,-0.332764,0.308899,-0.744995
35.34807467460632,0.522217,-0.261719,-0.671875,-1.457031,0.085937,0.011719,0.039063,0.489441,-0.333679,0.309082,-0.744019
35.36807441711426,0.521973,0.601562,-0.687500,-0.867187,0.156250,0.285156,0.044922,0.489990,-0.332947,0.308716,-0.744141
35.388145446777344,0.504883,-0.781250,-0.128906,0.710937,0.054687,0.234375,-0.041016,0.489929,-0.330200,0.309021,-0.745300
35.408060789108276,0.480469,1.203125,0.253906,-0.214844,0.023437,0.279297,0.083984,0.489197,-0.328186,0.309692,-0.746399
35.42807722091675,0.489014,0.683594,0.253906,0.066406,0.025391,0.294922,0.210937,0.489075,-0.325745,0.311035,-0.746948
35.447903871536255,0.507812,-0.296875,0.421875,0.566406,-0.080078,0.136719,0.162109,0.489685,-0.322937,0.312927,-0.747009
35.468218088150024,0.537964,-0.113281,0.437500,-0.039063,-0.117188,0.070312,0.140625,0.490295,-0.321655,0.314697,-0.746460
35.48838806152344,0.558350,-0.632812,0.308594,0.863281,-0.248047,-0.029297,0.029297,0.490601,-0.321411,0.316345,-0.745605
35.50806164741516,0.565430,-0.058594,0.070312,0.527344,-0.289063,-0.033203,-0.005859,0.490173,-0.322632,0.318176,-0.744568
35.5282347202301,0.573242,-0.496094,-0.125000,-0.113281,-0.226562,-0.109375,-0.054687,0.489319,-0.324341,0.320007,-0.743591
35.548585176467896,0.563110,-0.406250,0.003906,-0.390625,-0.103516,-0.236328,-0.058594,0.488586,-0.326416,0.320923,-0.742737
35.56867575645447,0.544189,0.207031,-0.300781,-1.187500,0.060547,-0.269531,-0.025391,0.488586,-0.328857,0.320374,-0.741943
35.58818554878235,0.540405,0.300781,-0.457031,-0.648437,0.083984,-0.126953,0.011719,0.489319,-0.330750,0.318726,-0.741333
35.608675479888916,0.566162,0.492187,-0.355469,-0.433594,0.078125,0.064453,0.044922,0.490051,-0.331299,0.317566,-0.741089
35.62850642204285,0.591553,0.941406,-0.281250,0.246094,-0.019531,0.123047,0.130859,0.490479,-0.330383,0.317627,-0.741272
35.6481511592865,0.620728,0.093750,0.308594,-0.050781,-0.015625,0.025391,0.212891,0.491028,-0.329102,0.318787,-0.740906
35.66869235038757,0.648560,0.285156,0.281250,-0.089844,0.042969,0.000000,0.261719,0.492432,-0.328308,0.319885,-0.739868
35.68844652175903,0.654541,0.054687,0.355469,-0.058594,0.056641,-0.056641,0.193359,0.494385,-0.327271,0.320496,-0.738770
35.70857787132263,0.657959,-0.929687,0.125000,0.199219,0.082031,-0.080078,0.087891,0.496216,-0.326721,0.320374,-0.737854
35.728530406951904,0.639771,-1.046875,-0.265625,-0.074219,0.058594,-0.085937,-0.046875,0.497253,-0.326721,0.319763,-0.737427
35.7488169670105,0.617676,-1.238281,-0.281250,-0.628906,0.117188,-0.130859,-0.228516,0.497437,-0.327148,0.318604,-0.737610
35.768781661987305,0.590210,-0.398438,-0.769531,-0.558594,0.130859,-0.015625,-0.238281,0.496582,-0.328186,0.316345,-0.738647
35.78853940963745,0.578369,0.539062,-0.718750,-0.046875,0.187500,0.197266,-0.212891,0.495300,-0.328369,0.314514,-0.740234
35.8087432384491,0.552856,0.621094,-0.488281,-1.019531,0.345703,0.416016,-0.171875,0.493713,-0.326599,0.313416,-0.742493
35.82906675338745,0.544800,-0.367188,0.589844,1.230469,0.076172,0.357422,-0.226562,0.492126,-0.322693,0.312378,-0.745728
35.84868144989014,0.537964,-0.136719,1.558594,2.082031,-0.150391,0.185547,-0.210937,0.489624,-0.320496,0.312805,-0.748108
35.86899781227112,0.499268,0.546875,0.996094,0.343750,-0.277344,0.109375,-0.115234,0.486938,-0.320374,0.314270,-0.749329
35.88926339149475,0.522095,0.890625,0.378906,0.687500,-0.240234,-0.066406,0.142578,0.485046,-0.321167,0.316345,-0.749329
35.90871071815491,0.553833,-0.207031,-0.394531,0.269531,-0.169922,-0.134766,0.283203,0.485291,-0.322571,0.318359,-0.747742
35.92900061607361,0.625244,2.847656,-0.792969,-1.035156,0.007813,0.310547,0.810547,0.487488,-0.322815,0.320190,-0.745361
35.94919681549072,0.646118,1.507813,0.074219,-0.359375,0.048828,0.324219,0.820312,0.492249,-0.318359,0.323914,-0.742554
35.96865177154541,0.648437,-2.464844,-0.722656,-1.332031,0.109375,0.187500,0.375000,0.497253,-0.313232,0.327576,-0.739807
35.9890832901001,0.640137,-3.406250,-0.609375,-0.085937,0.062500,-0.087891,-0.207031,0.499634,-0.310364,0.328857,-0.738831
36.009432792663574,0.627075,-1.960938,-0.132812,0.222656,0.056641,-0.320313,-0.558594,0.498718,-0.311157,0.327454,-0.739746
36.0290629863739,0.603027,-1.328125,-0.042969,-0.125000,0.121094,-0.466797,-0.548828,0.495972,-0.314941,0.323730,-0.741638
36.04964876174927,0.536255,0.460937,1.425781,0.835937,-0.023437,-0.585937,-0.406250,0.493713,-0.319702,0.318909,-0.743164
36.06958770751953,0.528809,2.437500,1.058594,1.488281,-0.263672,-0.335938,-0.021484,0.492554,-0.325256,0.315125,-0.743164
36.089094161987305,0.545166,1.816406,-0.371094,-0.074219,-0.216797,-0.013672,0.166016,0.492554,-0.329041,0.315002,-0.741577
36.109041690826416,0.579834,1.011719,-0.570312,-0.167969,-0.185547,0.244141,0.205078,0.493042,-0.329651,0.317078,-0.740051
36.12955665588379,0.652832,-1.460938,-0.699219,0.164062,-0.250000,0.339844,0.025391,0.493042,-0.328308,0.320313,-0.739258
36.149354696273804,0.670166,-0.625000,-0.632812,-1.078125,-0.076172,0.216797,-0.058594,0.491394,-0.326904,0.323975,-0.739380
36.16905903816223,0.667480,-0.425781,-0.378906,-2.281250,0.250000,0.044922,0.005859,0.489990,-0.325867,0.325623,-0.740051
36.18945932388306,0.635132,1.289063,-0.339844,-1.195313,0.476562,0.238281,0.230469,0.490723,-0.324097,0.324219,-0.740967
36.20965909957886,0.599854,0.335938,0.585937,1.882813,0.136719,0.375000,0.322266,0.492981,-0.319519,0.322754,-0.742065
36.22913479804993,0.548828,-2.351563,-0.250000,0.652344,-0.035156,0.324219,0.005859,0.494446,-0.315186,0.324158,-0.742371
36.249654054641724,0.418823,-0.906250,-0.449219,-1.050781,0.091797,0.318359,-0.103516,0.493469,-0.312744,0.326050,-0.743225
36.269572257995605,0.375122,-0.261719,1.066406,0.039063,0.212891,-0.019531,-0.115234,0.492004,-0.310547,0.326477,-0.744934
36.289438009262085,0.347290,0.558594,1.218750,0.574219,0.384766,-0.171875,-0.005859,0.491882,-0.309814,0.324585,-0.746155
36.30978727340698,0.296509,0.082031,1.218750,2.753906,0.119141,-0.402344,0.027344,0.493469,-0.309326,0.321045,-0.746826
36.32951998710632,0.283936,-1.871094,0.597656,1.691406,0.148437,-0.691406,-0.121094,0.495300,-0.311646,0.317871,-0.745972
36.34934139251709,0.290527,-0.097656,-0.320313,-0.593750,0.253906,-0.675781,-0.154297,0.497070,-0.316284,0.313110,-0.744934
36.37006950378418,0.276978,-0.082031,-0.160156,-0.179687,0.175781,-0.621094,-0.205078,0.498718,-0.320618,0.307434,-0.744263
36.38981342315674,0.283081,0.550781,-0.183594,-0.027344,0.082031,-0.441406,-0.101563,0.499695,-0.324890,0.302429,-0.743835
36.40972352027893,0.278076,1.039063,0.082031,0.363281,0.017578,-0.269531,-0.025391,0.500488,-0.328064,0.299316,-0.743164
36.42978858947754,0.270752,0.757812,0.046875,0.679687,-0.025391,-0.103516,0.068359,0.501160,-0.330017,0.297791,-0.742493
36.44940900802612,0.314819,0.257813,0.437500,0.847656,-0.150391,-0.109375,0.138672,0.501831,-0.330811,0.297668,-0.741699
36.4696888923645,0.350586,0.320313,-0.343750,-0.125000,-0.072266,-0.048828,0.212891,0.502808,-0.331787,0.298584,-0.740234
36.48979353904724,0.385864,-0.164062,-0.406250,0.035156,-0.095703,-0.121094,0.093750,0.504089,-0.332031,0.299500,-0.738831
36.51000738143921,0.438354,0.023437,-0.281250,-0.707031,-0.056641,-0.107422,0.003906,0.504822,-0.332947,0.299988,-0.737732
36.530062198638916,0.457520,-0.230469,0.031250,0.031250,-0.082031,-0.189453,-0.083984,0.504944,-0.334045,0.299927,-0.737183
36.54975867271423,0.477295,-0.976562,-0.039063,0.062500,-0.107422,-0.281250,-0.234375,0.504639,-0.336121,0.299255,-0.736755
36.57024884223938,0.443115,0.308594,-0.191406,0.277344,-0.119141,-0.060547,-0.300781,0.503418,-0.339172,0.298096,-0.736694
36.59000301361084,0.419312,0.867187,-0.273438,0.628906,-0.119141,0.056641,-0.318359,0.501038,-0.341187,0.297241,-0.737671
36.60989832878113,0.427002,1.550781,-0.113281,-0.589844,-0.027344,0.292969,-0.029297,0.498352,-0.342102,0.297119,-0.739136
36.630351543426514,0.463623,-0.257813,-0.113281,0.285156,-0.042969,0.205078,0.025391,0.497070,-0.340515,0.298523,-0.740173
36.65033221244812,0.498291,-0.562500,-0.144531,0.859375,-0.062500,0.300781,0.207031,0.496521,-0.338989,0.300049,-0.740601
36.67009401321411,0.525391,1.843750,0.597656,-0.925781,0.142578,0.435547,0.564453,0.497131,-0.336182,0.302673,-0.740417
36.689735889434814,0.537109,-2.390625,0.156250,1.117188,-0.015625,0.074219,0.240234,0.500000,-0.331177,0.305664,-0.739563
36.710312366485596,0.566650,-1.257813,-0.066406,-0.148437,-0.013672,0.078125,0.007813,0.501526,-0.329529,0.307129,-0.738647
36.73033809661865,0.568237,0.437500,-0.105469,-0.605469,-0.072266,0.121094,-0.083984,0.501282,-0.329041,0.307739,-0.738708
36.750159740448,0.567383,-0.812500,-0.328125,0.445312,-0.185547,0.066406,-0.314453,0.499939,-0.328979,0.308411,-0.739441
36.77064275741577,0.521484,-0.558594,-0.136719,-0.406250,-0.167969,-0.054687,-0.359375,0.496948,-0.330444,0.308777,-0.740601
36.79027247428894,0.536377,0.472656,0.062500,-0.160156,-0.039063,0.041016,-0.046875,0.494080,-0.332581,0.308533,-0.741638
36.81030225753784,0.564209,1.460938,0.453125,-0.152344,-0.089844,-0.126953,0.029297,0.493286,-0.333191,0.308655,-0.741882
36.83041024208069,0.624023,2.832031,-0.179687,-0.375000,-0.103516,0.216797,0.339844,0.493652,-0.333862,0.309143,-0.741150
36.850295305252075,0.635254,0.292969,0.410156,-1.523438,0.082031,0.251953,0.367188,0.495178,-0.331726,0.311829,-0.739990
36.87052130699158,0.638306,-2.035156,-0.121094,0.917969,-0.007813,0.017578,0.011719,0.497192,-0.328308,0.313965,-0.739197
36.89081835746765,0.611084,-1.355469,-0.203125,-0.429687,0.056641,0.025391,-0.115234,0.497314,-0.327820,0.314392,-0.739197
36.91046118736267,0.575562,-1.386719,-0.488281,0.101563,0.005859,0.056641,-0.343750,0.496399,-0.327820,0.313721,-0.740051
36.93063974380493,0.514771,0.414062,-0.496094,-0.941406,0.091797,0.222656,-0.333984,0.493713,-0.328308,0.312927,-0.742004
36.950520515441895,0.419189,1.707031,0.125000,-0.898437,0.146484,0.173828,-0.138672,0.490967,-0.327271,0.312256,-0.744568
36.97107481956482,0.402466,-0.031250,1.035156,1.132813,-0.095703,-0.044922,-0.103516,0.489685,-0.325989,0.311646,-0.746216
36.99042463302612,0.385620,0.687500,0.476562,0.382813,-0.134766,0.001953,-0.029297,0.488708,-0.326843,0.311768,-0.746399
37.0102481842041,0.374146,0.542969,-0.234375,0.320313,-0.148437,0.113281,0.033203,0.487976,-0.327576,0.312805,-0.746155
37.03076434135437,0.394165,0.136719,-0.335938,-0.085937,-0.111328,0.134766,0.042969,0.487305,-0.327393,0.314575,-0.745911
37.05120539665222,0.410522,-0.183594,-0.402344,-0.421875,-0.074219,0.150391,0.001953,0.486755,-0.326782,0.316162,-0.745850
37.070486307144165,0.442993,0.332031,-0.312500,-0.718750,-0.035156,0.144531,0.050781,0.486084,-0.326111,0.317505,-0.746033
37.09074783325195,0.599731,0.675781,-0.035156,0.160156,-0.080078,0.123047,0.218750,0.485840,-0.325134,0.318726,-0.746094
37.11090397834778,0.626831,0.156250,0.132812,0.980469,-0.076172,0.111328,0.324219,0.486755,-0.323853,0.320618,-0.745239
37.13075137138367,0.639648,-1.093750,0.378906,-0.398438,0.052734,-0.060547,0.283203,0.488525,-0.322449,0.322754,-0.743774
37.15108513832092,0.644775,-0.730469,0.148437,0.253906,0.037109,-0.267578,0.115234,0.490967,-0.321777,0.323059,-0.742310
37.17120409011841,0.642822,-0.800781,-0.011719,-0.519531,0.093750,-0.253906,-0.023437,0.492737,-0.323059,0.321777,-0.741150
37.19069051742554,0.633911,0.277344,0.050781,-0.718750,0.136719,-0.205078,-0.111328,0.493774,-0.324524,0.319702,-0.740723
37.21117377281189,0.597656,0.246094,-0.312500,-0.152344,0.074219,-0.050781,-0.125000,0.494019,-0.325623,0.317627,-0.741028
37.23126268386841,0.594604,0.804687,-0.156250,0.375000,0.000000,0.125000,-0.023437,0.493469,-0.326050,0.316528,-0.741638
37.250842332839966,0.615234,0.179687,-0.425781,0.414062,-0.099609,0.187500,0.015625,0.492859,-0.325317,0.317017,-0.742126
37.27120399475098,0.653320,0.648437,-0.523437,0.000000,-0.140625,0.515625,0.097656,0.492004,-0.324036,0.318848,-0.742493
37.29118466377258,0.651001,-0.117188,-0.011719,-0.917969,-0.093750,0.667969,-0.013672,0.490479,-0.320862,0.322449,-0.743286
37.31100416183472,0.644897,-0.437500,0.273438,0.160156,-0.152344,0.763672,-0.162109,0.487854,-0.316467,0.326599,-0.745117
37.33085632324219,0.641602,-0.699219,0.402344,0.277344,-0.134766,0.371094,-0.234375,0.483826,-0.312073,0.330872,-0.747681
37.35123610496521,0.637085,-1.179688,0.523437,1.250000,-0.080078,-0.064453,-0.191406,0.480347,-0.310608,0.333130,-0.749573
37.37162494659424,0.634033,-0.628906,0.140625,0.652344,-0.087891,-0.179687,-0.060547,0.478821,-0.311829,0.333252,-0.750000
37.39121079444885,0.624878,-0.437500,0.226562,-0.058594,-0.027344,-0.312500,-0.060547,0.478638,-0.313721,0.332764,-0.749512
37.411346197128296,0.606689,0.019531,-0.003906,0.109375,-0.005859,-0.312500,0.021484,0.479004,-0.316467,0.331421,-0.748718
37.431609869003296,0.615112,0.886719,-0.195312,-0.808594,0.011719,-0.136719,0.148437,0.480225,-0.318604,0.330078,-0.747620
37.45107293128967,0.635376,1.515625,-0.531250,-0.878906,-0.023437,0.074219,0.222656,0.481689,-0.319275,0.329712,-0.746521
37.47160577774048,0.684448,0.417969,-0.179687,-0.425781,-0.001953,0.199219,0.248047,0.483032,-0.318298,0.330811,-0.745605
37.4913444519043,0.692017,-0.445312,0.019531,0.062500,0.013672,0.171875,0.236328,0.484192,-0.316101,0.332336,-0.745056
37.511008501052856,0.697388,-0.222656,0.863281,0.406250,0.056641,-0.271484,0.166016,0.485535,-0.314453,0.333435,-0.744446
37.53155779838562,0.700073,0.250000,0.164062,-0.972656,0.130859,-0.347656,0.115234,0.487671,-0.315369,0.332458,-0.743042
37.55173325538635,0.686401,-0.812500,-0.203125,-1.023438,0.228516,-0.406250,-0.025391,0.489990,-0.317078,0.330200,-0.741821
37.571279525756836,0.659668,-1.847656,-0.769531,-0.710937,0.333984,-0.423828,-0.306641,0.491760,-0.319153,0.326477,-0.741455
37.59207606315613,0.584595,-1.804688,-0.593750,-1.562500,0.457031,-0.414062,-0.541016,0.491882,-0.321716,0.320923,-0.742676
37.61149072647095,0.552612,2.421875,-2.406250,-3.257813,0.876953,0.027344,-0.328125,0.490906,-0.323792,0.313843,-0.745422
37.63120436668396,0.528198,-0.054687,-1.312500,-1.238281,1.082031,0.246094,-0.357422,0.490906,-0.320740,0.306274,-0.749878
37.65136694908142,0.491211,-0.152344,-0.019531,0.527344,0.851562,0.289063,-0.380859,0.490906,-0.314758,0.298401,-0.755554
37.67200827598572,0.415161,0.097656,0.675781,0.871094,0.658203,0.349609,-0.314453,0.489868,-0.309448,0.292053,-0.760925
37.69160771369934,0.410278,0.652344,1.097656,1.351563,0.500000,0.414062,-0.191406,0.488464,-0.304504,0.287781,-0.765381
37.71263408660889,0.400757,-0.207031,1.078125,2.738281,0.246094,0.306641,-0.142578,0.487305,-0.299622,0.285400,-0.768982
37.732067823410034,0.335083,0.382813,1.714844,3.441406,-0.066406,0.134766,0.056641,0.486084,-0.296387,0.284668,-0.771240
37.75204586982727,0.310303,0.667969,2.359375,4.132812,-0.312500,-0.251953,0.218750,0.485901,-0.295654,0.285889,-0.771179
37.77165913581848,0.308838,0.742187,1.664063,-0.355469,0.027344,-0.396484,0.371094,0.487488,-0.298157,0.287354,-0.768677
37.79209494590759,0.270752,0.835937,1.968750,1.128906,0.164062,-0.412109,0.541016,0.491455,-0.300049,0.286560,-0.765686
37.8118679523468,0.261963,-0.375000,1.929688,1.933594,0.123047,-0.587891,0.601562,0.497192,-0.301025,0.284912,-0.762207
37.83154296875,0.254150,0.445312,1.425781,1.042969,0.140625,-0.587891,0.707031,0.503845,-0.302979,0.282898,-0.757812
37.85214805603027,0.191040,-1.078125,0.476562,1.015625,0.099609,-0.847656,0.619141,0.511169,-0.305054,0.280823,-0.752869
37.87207508087158,0.143921,0.246094,-0.101563,-0.097656,0.199219,-0.777344,0.634766,0.518555,-0.308838,0.277649,-0.747375
37.89189958572388,0.119507,-0.496094,-0.335938,0.125000,0.164062,-0.789062,0.603516,0.526001,-0.312012,0.274048,-0.742187
37.912550926208496,0.071167,-0.480469,-0.453125,0.019531,0.160156,-0.771484,0.566406,0.533203,-0.315308,0.270508,-0.737000
37.93215274810791,0.068359,-0.496094,-0.957031,-1.445313,0.212891,-0.634766,0.460937,0.539917,-0.318542,0.266907,-0.731934
37.95189714431763,0.062988,-0.519531,-0.515625,-1.070313,0.152344,-0.630859,0.365234,0.545715,-0.320984,0.263367,-0.727905
37.97183609008789,0.058716,-0.437500,-0.359375,-0.757812,0.027344,-0.593750,0.318359,0.550598,-0.323730,0.259949,-0.724243
37.992146492004395,0.085083,-0.812500,-0.660156,-0.925781,-0.126953,-0.501953,0.175781,0.554382,-0.326965,0.257507,-0.720703
38.01240086555481,0.122314,-0.007813,-0.046875,-0.808594,-0.244141,-0.439453,0.173828,0.556702,-0.330872,0.256104,-0.717651
38.033390045166016,0.139648,-0.031250,0.156250,-0.285156,-0.357422,-0.464844,0.218750,0.558350,-0.335022,0.255981,-0.714478
38.05257606506348,0.163940,-0.882812,0.285156,-0.589844,-0.404297,-0.646484,0.173828,0.559875,-0.339905,0.256470,-0.710754
38.072519302368164,0.170044,-0.472656,-1.550781,-0.781250,-0.363281,-0.484375,0.097656,0.561401,-0.346069,0.256348,-0.706665
38.0923068523407,0.167480,-1.132813,-1.851563,-0.441406,-0.402344,-0.324219,-0.074219,0.562012,-0.351379,0.256531,-0.703430
38.112659215927124,0.205688,-0.558594,-1.312500,-1.109375,-0.283203,-0.109375,-0.130859,0.561035,-0.355957,0.257202,-0.701660
38.13254690170288,0.211548,0.699219,-0.246094,-0.722656,-0.279297,-0.031250,-0.007813,0.559570,-0.358765,0.258057,-0.701111
38.1525137424469,0.217773,-0.703125,-0.093750,-1.207031,-0.259766,-0.251953,-0.039063,0.558594,-0.360840,0.259583,-0.700256
38.17273783683777,0.213013,0.414062,-0.765625,-1.050781,-0.080078,-0.214844,-0.041016,0.558105,-0.363953,0.259888,-0.698914
38.19265532493591,0.212646,-0.507812,-1.617188,-0.746094,0.072266,-0.126953,-0.144531,0.558105,-0.366089,0.258911,-0.698181
38.21257972717285,0.225098,-0.582031,-0.628906,0.058594,0.000000,-0.158203,-0.207031,0.557800,-0.367126,0.257202,-0.698547
38.23243308067322,0.220947,0.441406,-0.101563,-0.277344,0.011719,-0.123047,-0.150391,0.556885,-0.368652,0.255432,-0.699097
38.25274872779846,0.218750,0.218750,-0.003906,-0.164062,0.035156,-0.050781,-0.093750,0.556213,-0.369812,0.254028,-0.699524
38.27301812171936,0.212280,0.195312,0.390625,0.425781,-0.066406,-0.142578,-0.044922,0.555908,-0.370361,0.253113,-0.699829
38.2926607131958,0.214111,-0.058594,0.511719,0.796875,-0.240234,-0.197266,-0.046875,0.555725,-0.371948,0.252502,-0.699341
38.312865257263184,0.253906,0.847656,-0.375000,-0.277344,-0.201172,-0.037109,0.011719,0.555176,-0.374573,0.252747,-0.698303
38.33307099342346,0.271118,0.171875,-0.550781,-0.328125,-0.117188,0.162109,0.044922,0.554626,-0.375916,0.253845,-0.697571
38.352335929870605,0.295898,0.328125,-0.421875,-0.636719,-0.052734,0.326172,0.058594,0.554138,-0.375366,0.255615,-0.697632
38.37321591377258,0.363037,-0.707031,-0.375000,-0.109375,-0.083984,0.337891,0.029297,0.553528,-0.373413,0.257996,-0.698303
38.39307689666748,0.407715,0.039063,-0.121094,0.925781,-0.123047,0.349609,0.134766,0.552673,-0.371338,0.260559,-0.699158
38.41241192817688,0.474487,0.285156,0.238281,0.015625,-0.046875,0.232422,0.248047,0.552307,-0.369263,0.263672,-0.699341
38.43265438079834,0.530762,0.765625,0.445312,-0.183594,0.062500,0.009766,0.355469,0.553284,-0.367371,0.266174,-0.698608
38.45286202430725,0.538696,-0.941406,0.597656,-0.375000,0.068359,-0.390625,0.222656,0.555908,-0.366394,0.266724,-0.696838
38.473034620285034,0.534790,-0.281250,-0.246094,-0.941406,0.111328,-0.488281,0.056641,0.558777,-0.368103,0.264771,-0.694397
38.493300914764404,0.499023,0.054687,-0.113281,-0.750000,0.121094,-0.359375,-0.019531,0.560913,-0.370728,0.261475,-0.692566
38.513254165649414,0.450317,-0.167969,-0.511719,-0.949219,0.160156,-0.099609,-0.152344,0.562134,-0.372437,0.258545,-0.691711
38.53318977355957,0.402832,-0.738281,-0.031250,0.421875,-0.044922,0.027344,-0.345703,0.561829,-0.372803,0.256531,-0.692566
38.55267834663391,0.380371,1.101563,-0.222656,0.695312,-0.123047,0.140625,-0.173828,0.559509,-0.373474,0.255676,-0.694275
38.57313823699951,0.433350,-0.125000,-0.175781,0.214844,-0.115234,-0.076172,-0.035156,0.557556,-0.373779,0.256409,-0.695435
38.59331178665161,0.482910,0.410156,-0.421875,0.507812,-0.091797,0.089844,0.164062,0.557007,-0.374939,0.257019,-0.695068
38.613173723220825,0.516235,1.851563,-0.328125,-1.109375,0.035156,0.375000,0.185547,0.557434,-0.374451,0.258850,-0.694336
38.63328671455383,0.527954,0.039063,0.589844,0.406250,-0.025391,0.363281,0.085937,0.557800,-0.371338,0.261536,-0.694702
38.65355110168457,0.527100,-0.074219,0.523437,0.550781,-0.033203,0.187500,0.027344,0.557434,-0.368774,0.263794,-0.695435
38.67308473587036,0.519897,-0.250000,0.300781,0.175781,-0.007813,0.066406,0.021484,0.557068,-0.367554,0.265137,-0.695923
38.693548917770386,0.512939,-0.128906,0.183594,-0.023437,0.027344,0.031250,0.042969,0.557007,-0.367065,0.265625,-0.695984
38.71343684196472,0.520996,-0.121094,0.031250,0.246094,0.000000,0.009766,0.056641,0.557312,-0.366638,0.265808,-0.695923
38.733235597610474,0.525879,0.355469,-0.160156,-0.175781,0.007813,-0.005859,0.087891,0.557739,-0.366394,0.266113,-0.695618
38.75347685813904,0.548340,-0.640625,-0.152344,-0.101563,-0.005859,-0.019531,0.003906,0.558350,-0.366272,0.266296,-0.695129
38.77360916137695,0.557983,0.117188,-0.191406,-0.320313,-0.115234,-0.060547,-0.150391,0.558350,-0.366516,0.266235,-0.695007
38.79319167137146,0.560181,-1.507813,-0.105469,0.933594,-0.271484,-0.134766,-0.384766,0.557129,-0.367798,0.266113,-0.695374
38.8137366771698,0.563110,0.925781,-0.136719,-1.453125,-0.107422,0.054687,-0.236328,0.554199,-0.370667,0.265747,-0.696289
38.833871364593506,0.580078,1.011719,0.093750,-0.183594,-0.052734,0.158203,-0.019531,0.552063,-0.371643,0.265930,-0.697388
38.853450775146484,0.606689,0.191406,-0.199219,0.628906,-0.117188,0.142578,0.111328,0.551208,-0.371033,0.267151,-0.697937
38.873231410980225,0.618896,2.285156,0.468750,-0.988281,0.087891,0.199219,0.433594,0.551453,-0.369995,0.269165,-0.697510
38.89401412010193,0.608765,-2.027344,0.015625,0.453125,0.066406,-0.017578,0.191406,0.553833,-0.367554,0.270996,-0.696228
38.91385817527771,0.589233,-0.816406,-0.296875,-0.281250,0.089844,0.113281,0.054687,0.555481,-0.366577,0.271240,-0.695312
38.93321704864502,0.562500,-0.027344,-0.343750,-0.527344,0.091797,0.386719,-0.054687,0.555847,-0.365112,0.271545,-0.695679
38.95381140708923,0.528931,0.371094,0.078125,0.789062,-0.095703,0.523437,-0.064453,0.554810,-0.362122,0.273071,-0.697510
38.974088191986084,0.525757,-0.132812,0.199219,0.214844,-0.130859,0.357422,-0.093750,0.552673,-0.359253,0.276184,-0.699463
38.993443965911865,0.524536,0.234375,0.253906,-0.199219,-0.085937,0.234375,-0.056641,0.550598,-0.357727,0.278687,-0.700867
39.01391863822937,0.530029,-0.062500,0.406250,0.726562,-0.074219,0.097656,-0.042969,0.549194,-0.356689,0.280334,-0.701782
39.034099102020264,0.526245,-0.445312,0.195312,0.468750,-0.103516,-0.029297,-0.046875,0.548279,-0.356628,0.281311,-0.702209
39.053719997406006,0.510498,-0.195312,0.085937,-0.246094,-0.023437,-0.113281,-0.041016,0.547729,-0.357422,0.281738,-0.702026
39.07392382621765,0.489868,-0.867187,-0.035156,-0.503906,0.083984,-0.302734,-0.048828,0.547668,-0.358521,0.281189,-0.701782
39.09385824203491,0.500122,1.781250,-0.234375,-0.781250,0.162109,-0.210937,0.164062,0.548462,-0.360229,0.278992,-0.701111
39.113622426986694,0.518433,1.429688,-0.367188,-0.687500,0.212891,0.029297,0.386719,0.550720,-0.360352,0.277344,-0.699951
39.13367056846619,0.567017,-0.308594,-0.449219,0.046875,0.095703,0.044922,0.236328,0.553955,-0.358154,0.277283,-0.698547
39.154094219207764,0.625122,0.000000,-0.335938,-0.316406,0.072266,0.203125,0.107422,0.555908,-0.356384,0.277832,-0.697693
39.17386603355408,0.632568,-2.207031,0.132812,1.898438,-0.154297,0.123047,-0.164062,0.556274,-0.354492,0.278870,-0.697937
39.1937952041626,0.637207,-1.687500,0.292969,0.437500,-0.222656,-0.210937,-0.429687,0.554382,-0.355042,0.279785,-0.698792
39.21463227272034,0.632202,0.011719,0.492187,-0.167969,-0.150391,-0.417969,-0.367188,0.551331,-0.358826,0.278687,-0.699707
39.23424696922302,0.611694,0.148437,-0.050781,-0.519531,-0.085937,-0.437500,-0.404297,0.549255,-0.363403,0.276184,-0.700012
39.25415015220642,0.590698,1.937500,-0.019531,-0.878906,0.060547,-0.216797,-0.097656,0.547546,-0.367676,0.273193,-0.700256
39.274136781692505,0.617065,0.429687,0.125000,0.914062,0.031250,-0.126953,0.093750,0.547546,-0.369385,0.271240,-0.700134
39.29435086250305,0.629883,1.027344,-0.175781,0.531250,0.060547,0.033203,0.388672,0.548706,-0.369751,0.270691,-0.699219
39.314276933670044,0.643311,3.328125,-0.121094,-0.535156,0.144531,0.271484,0.662109,0.551636,-0.367920,0.272034,-0.697388
39.3341805934906,0.655029,-2.867188,-0.992187,-0.175781,0.070312,0.072266,0.214844,0.555725,-0.363831,0.274658,-0.695251
39.35457229614258,0.646606,-0.699219,-1.191406,-1.617188,0.224609,0.169922,0.013672,0.557495,-0.362000,0.275391,-0.694519
39.37385630607605,0.627197,-0.906250,-2.121094,-3.027344,0.595703,0.460937,-0.183594,0.557861,-0.359375,0.274719,-0.695862
39.39432954788208,0.540894,0.207031,-1.195313,-1.128906,0.384766,0.646484,-0.179687,0.557373,-0.353577,0.272949,-0.699829
39.414698362350464,0.465454,0.214844,1.992188,2.617188,-0.150391,0.468750,-0.093750,0.555847,-0.347534,0.273071,-0.704041
39.434463024139404,0.385132,-0.105469,0.589844,-1.980469,0.064453,0.269531,-0.097656,0.553589,-0.345093,0.275574,-0.706055
39.4543035030365,0.323364,0.484375,0.031250,-1.167969,0.212891,0.228516,-0.136719,0.552307,-0.343018,0.276306,-0.707764
39.47508382797241,0.313721,-1.265625,0.972656,3.183594,-0.033203,-0.113281,-0.218750,0.551331,-0.341003,0.275696,-0.709717
39.49492788314819,0.315063,1.035156,0.925781,0.242187,0.099609,-0.113281,-0.066406,0.550110,-0.342224,0.274658,-0.710510
39.51434063911438,0.321777,0.949219,1.332031,1.796875,-0.023437,-0.175781,0.095703,0.550232,-0.342773,0.273193,-0.710693
39.53465509414673,0.330688,-1.304688,0.351563,1.359375,-0.138672,-0.347656,-0.050781,0.551208,-0.343994,0.272461,-0.709656
39.555166244506836,0.337158,-0.628906,-0.292969,-0.488281,-0.103516,-0.310547,-0.115234,0.551331,-0.347107,0.271423,-0.708374
39.57446837425232,0.341309,0.242187,0.097656,-0.378906,-0.121094,-0.277344,-0.097656,0.551025,-0.350220,0.270142,-0.707642
39.595083236694336,0.346191,0.109375,0.343750,0.226562,-0.177734,-0.347656,-0.058594,0.550659,-0.353149,0.269104,-0.706848
39.61490225791931,0.351563,0.070312,0.222656,0.656250,-0.210937,-0.261719,-0.060547,0.550476,-0.356750,0.268311,-0.705505
39.63449716567993,0.362061,0.117188,-0.718750,-0.191406,-0.199219,-0.105469,-0.126953,0.549866,-0.359924,0.268188,-0.704346
39.65520930290222,0.418335,0.828125,-0.621094,-0.507812,-0.177734,0.144531,-0.072266,0.548584,-0.362122,0.268616,-0.704102
39.675023317337036,0.459106,0.976562,-0.304688,-0.500000,-0.125000,0.337891,0.054687,0.547058,-0.362305,0.270386,-0.704529
39.69450616836548,0.551392,0.035156,-0.441406,0.007813,-0.162109,0.417969,0.171875,0.546082,-0.360596,0.273193,-0.705078
39.715078830718994,0.630371,0.105469,-0.035156,0.468750,-0.087891,0.322266,0.322266,0.545715,-0.358215,0.276794,-0.705139
39.735111951828,0.631958,-0.156250,0.554687,-0.691406,0.117188,0.078125,0.412109,0.546875,-0.355530,0.280090,-0.704285
39.75468635559082,0.626465,-0.910156,0.285156,0.089844,0.132812,-0.179687,0.263672,0.549866,-0.353271,0.281189,-0.702698
39.77466440200806,0.620850,-1.617188,0.007813,0.246094,0.056641,-0.392578,-0.013672,0.552612,-0.353088,0.280212,-0.700989
39.795432329177856,0.601929,-0.523437,-0.082031,-0.332031,0.070312,-0.318359,-0.212891,0.553833,-0.355286,0.277771,-0.699890
39.81538987159729,0.571411,-0.011719,-0.050781,0.015625,0.015625,-0.070312,-0.287109,0.553467,-0.357544,0.275085,-0.700073
39.83464217185974,0.543457,0.808594,-0.480469,0.710937,-0.113281,0.128906,-0.103516,0.551819,-0.358765,0.273743,-0.701355
39.85519623756409,0.613403,1.085938,-0.234375,0.113281,-0.138672,0.076172,0.027344,0.550415,-0.358765,0.274597,-0.702087
39.87542414665222,0.651123,-0.355469,-0.535156,0.054687,-0.111328,0.017578,0.078125,0.550049,-0.358765,0.275940,-0.701843
39.894649028778076,0.655396,-0.691406,-1.414063,-2.710938,0.253906,0.062500,-0.001953,0.550232,-0.358826,0.276794,-0.701355
39.91556739807129,0.638550,-1.191406,-2.550781,-2.953125,0.687500,0.191406,-0.242187,0.550842,-0.356934,0.275330,-0.702393
39.93531560897827,0.621460,0.265625,-0.898437,-0.562500,0.423828,0.392578,-0.220703,0.551025,-0.352600,0.271118,-0.706055
39.95517635345459,0.593262,-0.609375,1.921875,1.679688,-0.363281,0.185547,-0.214844,0.549805,-0.348572,0.269531,-0.709595
39.975566148757935,0.536377,1.738281,1.078125,-2.609375,-0.179687,0.318359,0.005859,0.546875,-0.348877,0.272034,-0.710754
39.99564790725708,0.502930,0.910156,0.660156,-1.781250,0.154297,0.378906,0.126953,0.545410,-0.347595,0.274963,-0.711426
40.015111446380615,0.470703,-0.691406,0.789062,1.488281,0.126953,0.042969,0.017578,0.545593,-0.344238,0.276367,-0.712341
40.03567433357239,0.411133,0.375000,1.195313,1.542969,0.244141,-0.199219,0.091797,0.546204,-0.342896,0.275757,-0.712769
40.05543851852417,0.380493,-0.722656,1.445313,3.375000,-0.080078,-0.492187,0.072266,0.548035,-0.342957,0.273560,-0.712158
40.07528495788574,0.372437,-1.250000,0.511719,0.472656,-0.119141,-0.623047,-0.058594,0.549683,-0.346558,0.271423,-0.710022
40.095486640930176,0.354248,0.441406,-0.523437,-1.652344,0.005859,-0.410156,-0.125000,0.550476,-0.351563,0.268799,-0.707886
40.115761280059814,0.287598,-0.433594,-0.574219,-0.570312,0.056641,-0.240234,-0.281250,0.550659,-0.354797,0.265991,-0.707214
40.13585066795349,0.205078,0.261719,0.019531,-0.148437,0.033203,-0.160156,-0.253906,0.549622,-0.356934,0.263306,-0.707947
40.15543603897095,0.155273,0.750000,0.359375,0.816406,-0.109375,-0.244141,-0.128906,0.548401,-0.358765,0.261353,-0.708679
40.175493240356445,0.105225,0.789062,-0.093750,0.035156,-0.082031,-0.167969,-0.070312,0.547729,-0.361206,0.260193,-0.708374
40.195778131484985,0.092041,0.152344,-0.046875,0.218750,-0.179687,-0.150391,-0.025391,0.547363,-0.363037,0.259766,-0.707886
40.21547055244446,0.133057,0.648437,-0.796875,-0.492187,-0.050781,0.099609,0.074219,0.546997,-0.364807,0.260132,-0.707153
40.23575568199158,0.258789,-1.066406,-0.175781,0.472656,-0.066406,-0.148437,0.060547,0.547058,-0.364624,0.261108,-0.706848
40.255690574645996,0.352051,0.000000,-0.390625,0.519531,-0.033203,0.232422,0.414062,0.547668,-0.365356,0.261292,-0.705872
40.275354862213135,0.400635,-0.617187,0.246094,-0.070312,0.048828,0.310547,0.505859,0.549866,-0.363220,0.263855,-0.704346
40.29609727859497,0.518433,-1.269531,0.214844,0.152344,-0.017578,0.089844,0.267578,0.552734,-0.359680,0.266907,-0.702759
40.3158392906189,0.548828,-1.437500,-0.078125,-0.347656,-0.025391,0.042969,-0.001953,0.554199,-0.358398,0.268494,-0.701660
40.33592104911804,0.552979,0.332031,-0.191406,-0.386719,-0.085937,0.140625,-0.074219,0.554138,-0.358154,0.268982,-0.701660
40.35582447052002,0.547241,-1.335938,-0.222656,0.136719,-0.185547,0.064453,-0.378906,0.552734,-0.358154,0.269897,-0.702393
40.3762788772583,0.524414,0.960937,-0.175781,-0.460937,-0.167969,0.250000,-0.261719,0.549500,-0.359497,0.270386,-0.704102
40.39546036720276,0.547241,1.511719,0.062500,-0.605469,-0.048828,0.337891,0.009766,0.546448,-0.359375,0.271912,-0.705933
40.416024923324585,0.588623,-0.496094,0.335938,0.855469,-0.175781,-0.060547,0.056641,0.545349,-0.357666,0.273865,-0.706848
40.43618965148926,0.638062,3.773438,0.054687,-2.039063,0.009766,0.316406,0.494141,0.545471,-0.358032,0.275391,-0.706055
40.4563627243042,0.642700,-1.066406,0.175781,-0.375000,0.083984,0.140625,0.406250,0.547852,-0.355103,0.278320,-0.704468
40.47593832015991,0.636597,-2.289063,-0.511719,-0.199219,0.085937,0.019531,0.029297,0.550537,-0.352478,0.279785,-0.703125
40.49662971496582,0.598999,-1.570313,-0.566406,-0.914062,0.164062,0.164062,-0.195312,0.551086,-0.351624,0.279419,-0.703308
40.516241788864136,0.542847,-0.898437,-1.324219,-1.257813,0.226562,0.468750,-0.460937,0.549683,-0.350098,0.278503,-0.705444
40.5356285572052,0.498291,1.914063,0.160156,-0.671875,0.271484,0.658203,-0.246094,0.546143,-0.346619,0.278137,-0.710083
40.55652570724487,0.409546,0.527344,1.753906,2.093750,-0.060547,0.242187,-0.095703,0.543396,-0.341797,0.278931,-0.714172
40.58680200576782,0.391479,0.351563,0.289063,-0.097656,0.068359,0.101563,0.005859,0.541748,-0.339294,0.280396,-0.716064
40.607176542282104,0.376099,-0.460937,0.644531,1.789063,-0.062500,-0.031250,-0.015625,0.541565,-0.339783,0.280457,-0.715942
40.62623047828674,0.359619,0.015625,0.574219,0.082031,-0.087891,-0.134766,-0.060547,0.541199,-0.341492,0.280212,-0.715515
40.647186040878296,0.387939,-0.054687,0.582031,0.312500,-0.134766,-0.269531,-0.046875,0.541138,-0.344238,0.279663,-0.714478
40.66709518432617,0.388916,0.406250,-0.128906,-0.078125,-0.138672,-0.302734,-0.003906,0.541321,-0.347229,0.279053,-0.713074
40.68722581863403,0.391357,-0.593750,-0.406250,0.773437,-0.259766,-0.255859,-0.103516,0.540527,-0.350647,0.279114,-0.712036
40.70643496513367,0.399048,1.269531,-0.886719,-1.265625,-0.228516,-0.060547,-0.074219,0.539368,-0.352295,0.280212,-0.711670
40.72726106643677,0.455933,-0.585937,-0.296875,0.121094,-0.087891,0.187500,0.011719,0.538574,-0.351624,0.281982,-0.711914
40.74722242355347,0.529785,0.710937,-0.367188,-0.828125,-0.080078,0.220703,0.044922,0.538086,-0.350342,0.283997,-0.712097
40.766486406326294,0.591309,0.859375,0.039063,1.011719,-0.087891,0.230469,0.271484,0.539062,-0.348328,0.286560,-0.711365
40.78709363937378,0.627197,-0.257813,0.621094,0.082031,0.044922,0.136719,0.394531,0.541565,-0.346191,0.288269,-0.709778
40.8071072101593,0.627930,-1.269531,0.355469,-0.046875,0.113281,-0.169922,0.296875,0.544434,-0.345886,0.287781,-0.707886
40.826821088790894,0.627563,-0.902344,-0.074219,0.457031,0.015625,-0.324219,0.076172,0.546021,-0.347473,0.286255,-0.706543
40.84776592254639,0.619019,0.070312,-0.191406,-0.453125,-0.005859,-0.107422,-0.062500,0.545898,-0.348694,0.285278,-0.706421
40.867435455322266,0.589844,-0.468750,-0.457031,-0.261719,0.003906,0.007813,-0.220703,0.544312,-0.349426,0.284607,-0.707581
40.886863231658936,0.573120,0.503906,-0.503906,0.199219,-0.035156,0.093750,-0.253906,0.542236,-0.349609,0.284546,-0.709106
40.907469034194946,0.603027,0.582031,-0.312500,0.121094,-0.050781,0.080078,-0.058594,0.541443,-0.349243,0.285156,-0.709595
40.92765188217163,0.624634,1.753906,-0.648437,-0.308594,0.013672,0.273438,0.208984,0.541992,-0.346619,0.287292,-0.709595
40.94694471359253,0.624756,-0.535156,0.492187,-0.414062,0.123047,0.503906,0.187500,0.542358,-0.342102,0.289856,-0.710510
40.96752309799194,0.625366,-0.640625,1.179688,1.675781,0.046875,0.318359,0.091797,0.542175,-0.339478,0.291443,-0.711243
40.98736763000488,0.625122,-0.523437,0.382813,0.226562,-0.060547,0.023437,-0.046875,0.541687,-0.339478,0.291992,-0.711365
41.00772786140442,0.613525,0.355469,0.500000,0.351563,-0.056641,-0.003906,-0.027344,0.541321,-0.339905,0.292236,-0.711365
41.027097940444946,0.602783,0.316406,-0.218750,0.015625,-0.042969,-0.015625,0.007813,0.541321,-0.340271,0.292480,-0.711121
41.04786014556885,0.632812,-0.332031,-0.136719,0.519531,-0.042969,-0.078125,0.083984,0.542114,-0.340576,0.292725,-0.710205
41.06763005256653,0.644653,2.339844,-0.121094,-0.292969,0.007813,0.037109,0.388672,0.544678,-0.339233,0.294189,-0.708313
41.08712553977966,0.637329,0.710937,0.078125,0.160156,0.031250,0.195312,0.548828,0.548035,-0.336304,0.296631,-0.706055
41.1078622341156,0.640015,-1.769531,-0.226562,-0.230469,0.019531,-0.033203,0.300781,0.550293,-0.335449,0.297363,-0.704468
41.12773656845093,0.645142,-0.246094,-0.335938,-0.722656,-0.021484,-0.072266,-0.017578,0.550537,-0.335815,0.297058,-0.704224
41.14710545539856,0.646240,-0.812500,0.195312,-0.070312,0.019531,0.009766,-0.156250,0.549377,-0.336426,0.296326,-0.705139
41.16807293891907,0.631836,-1.925781,-0.042969,0.320313,-0.056641,-0.148437,-0.490234,0.546265,-0.338989,0.294495,-0.707092
41.18777322769165,0.600830,0.234375,-0.433594,-0.277344,-0.064453,-0.080078,-0.593750,0.542175,-0.341553,0.292725,-0.709717
41.20718741416931,0.595337,1.613281,-0.281250,1.003906,-0.121094,0.105469,-0.345703,0.538940,-0.342590,0.292908,-0.711609
41.227903604507446,0.646606,1.128906,-0.113281,-0.015625,-0.146484,0.304688,-0.109375,0.536743,-0.341431,0.295288,-0.712830
41.24759864807129,0.659546,1.468750,0.101563,0.414062,-0.156250,0.513672,0.126953,0.535645,-0.338684,0.299133,-0.713379
41.267396688461304,0.668823,0.089844,0.460937,0.039063,-0.144531,0.138672,0.150391,0.535950,-0.337830,0.301331,-0.712585
41.28803253173828,0.671021,0.542969,0.617187,-1.035156,0.042969,-0.132812,0.285156,0.538391,-0.337769,0.301331,-0.710815
41.308107137680054,0.662964,-0.484375,-0.003906,-0.437500,0.152344,-0.273438,0.232422,0.541382,-0.337952,0.299683,-0.709106
41.328165769577026,0.642822,-0.406250,-0.171875,-0.191406,0.140625,-0.136719,0.091797,0.542908,-0.337830,0.298279,-0.708618
41.347694635391235,0.621582,-0.070312,-0.378906,-0.285156,0.111328,0.083984,-0.089844,0.542542,-0.336975,0.297546,-0.709595
41.368046283721924,0.569702,0.210937,-0.359375,0.000000,0.119141,0.173828,-0.078125,0.541992,-0.335327,0.297485,-0.710876
41.38818597793579,0.550659,0.933594,-0.558594,-0.402344,0.099609,0.275391,0.021484,0.541687,-0.332764,0.298218,-0.711975
41.40760111808777,0.543579,-0.519531,0.539062,0.640625,0.140625,0.357422,0.023437,0.541199,-0.329651,0.299255,-0.713379
41.4282386302948,0.558838,-0.230469,0.730469,0.289063,-0.017578,0.251953,-0.066406,0.540100,-0.328125,0.300293,-0.714417
41.448285818099976,0.564941,0.613281,0.652344,0.593750,-0.015625,0.044922,-0.029297,0.539734,-0.327942,0.300659,-0.714661
41.4675874710083,0.567871,0.277344,0.593750,0.992187,-0.070312,-0.027344,0.074219,0.540161,-0.328247,0.301208,-0.713989
41.48842263221741,0.595093,-0.007813,-0.394531,0.121094,-0.083984,-0.019531,0.162109,0.541138,-0.328430,0.302185,-0.712769
41.508484840393066,0.622192,1.304688,-0.113281,-0.300781,-0.058594,0.019531,0.273438,0.542969,-0.327698,0.303589,-0.711060
41.52776336669922,0.641357,0.261719,0.019531,-0.031250,0.007813,0.029297,0.478516,0.546326,-0.325928,0.305237,-0.708618
41.54832649230957,0.638184,-0.714844,0.062500,-0.109375,0.019531,-0.031250,0.419922,0.549377,-0.324890,0.306213,-0.706299
41.568628549575806,0.640503,-0.976562,-0.242187,-0.300781,0.011719,-0.158203,0.134766,0.550781,-0.325562,0.305847,-0.705078
41.58835220336914,0.644409,-0.500000,-0.058594,-0.609375,0.013672,-0.044922,-0.085937,0.550354,-0.326355,0.305054,-0.705383
41.60813283920288,0.651855,-2.351563,0.019531,0.824219,-0.097656,-0.218750,-0.433594,0.547852,-0.329346,0.303162,-0.706787
41.62879824638367,0.631348,-0.398438,-0.066406,-0.531250,-0.083984,-0.185547,-0.652344,0.543640,-0.332947,0.300537,-0.709412
41.64863991737366,0.613647,1.714844,-0.265625,1.246094,-0.060547,-0.128906,-0.673828,0.539185,-0.335938,0.298462,-0.712219
41.66796255111694,0.625610,1.765625,0.085937,-0.039063,-0.179687,0.136719,-0.255859,0.536316,-0.336792,0.299438,-0.713623
41.68867111206055,0.668091,1.125000,-0.050781,0.542969,-0.099609,0.378906,0.033203,0.534973,-0.334717,0.302429,-0.714294
41.70861887931824,0.678101,0.503906,0.402344,0.710937,-0.187500,0.441406,0.175781,0.534424,-0.332275,0.306335,-0.714233
41.728105783462524,0.683350,0.507812,0.570312,-0.390625,-0.115234,0.064453,0.216797,0.535522,-0.331665,0.308167,-0.712891
41.748696088790894,0.680786,-0.199219,0.300781,-0.507812,0.083984,-0.259766,0.322266,0.538757,-0.332092,0.307434,-0.710571
41.769153118133545,0.669434,-0.398438,-0.210937,-0.707031,0.148437,-0.304688,0.240234,0.541809,-0.332642,0.305603,-0.708801
41.78858423233032,0.652344,-1.250000,-0.601562,-0.156250,0.115234,-0.080078,-0.007813,0.542542,-0.332703,0.304260,-0.708801
41.80870771408081,0.596069,-0.734375,-0.503906,-0.007813,0.105469,0.068359,-0.173828,0.541443,-0.332458,0.303284,-0.710205
41.82888460159302,0.576538,0.281250,-0.855469,0.398438,0.003906,0.136719,-0.269531,0.539246,-0.332092,0.303101,-0.712097
41.84817409515381,0.562866,0.390625,-0.519531,-0.562500,0.000000,0.228516,-0.244141,0.536926,-0.331055,0.303772,-0.714050
41.869186878204346,0.560425,1.457031,0.027344,-0.031250,-0.050781,0.322266,-0.033203,0.535461,-0.329285,0.305420,-0.715210
41.88903760910034,0.560669,0.750000,0.371094,0.152344,0.025391,0.250000,-0.017578,0.534729,-0.327332,0.306641,-0.716187
41.90921950340271,0.555420,-0.250000,0.625000,0.832031,0.044922,0.271484,0.052734,0.534363,-0.325195,0.307922,-0.716858
41.92838096618652,0.557373,-0.589844,0.738281,0.558594,0.029297,0.056641,-0.005859,0.534363,-0.324524,0.308105,-0.717102
41.94927978515625,0.549194,0.406250,0.859375,1.179688,-0.044922,-0.078125,0.070312,0.534973,-0.325073,0.307983,-0.716431
41.96924543380737,0.543701,-0.167969,-0.519531,-0.546875,0.009766,-0.103516,0.044922,0.535645,-0.325623,0.307556,-0.715881
41.988792181015015,0.540405,-0.726562,-0.296875,-0.468750,0.046875,-0.128906,-0.056641,0.535889,-0.326416,0.306458,-0.715820
42.00914740562439,0.537476,0.046875,0.308594,0.027344,0.025391,-0.111328,-0.099609,0.535583,-0.327454,0.305237,-0.716064
42.02928948402405,0.542358,-0.062500,0.507812,0.464844,-0.078125,-0.117188,-0.125000,0.534851,-0.329163,0.304810,-0.716003
42.048768281936646,0.555054,0.804687,-0.156250,0.031250,-0.191406,-0.140625,-0.025391,0.534546,-0.331116,0.305298,-0.715149
42.06930613517761,0.598267,0.273438,-0.562500,-0.023437,-0.082031,-0.048828,0.128906,0.535339,-0.331726,0.306030,-0.713928
42.089303970336914,0.630737,0.230469,-0.363281,-0.398438,-0.054687,-0.099609,0.212891,0.537109,-0.331421,0.306885,-0.712402
42.108757972717285,0.653198,1.535156,-0.242187,-0.914062,0.070312,0.169922,0.410156,0.539490,-0.329041,0.308533,-0.710999
42.129334449768066,0.671387,-0.386719,-0.386719,-0.222656,-0.039063,0.115234,0.113281,0.539856,-0.327881,0.309937,-0.710632
42.14929676055908,0.672852,-1.214844,0.003906,0.328125,-0.095703,0.193359,-0.062500,0.538574,-0.327332,0.311340,-0.711243
42.16903877258301,0.673340,-1.140625,0.316406,0.230469,-0.142578,-0.001953,-0.275391,0.536316,-0.328613,0.311523,-0.712219
42.1896231174469,0.665894,1.171875,0.355469,-0.566406,0.003906,-0.037109,-0.091797,0.535583,-0.329529,0.311096,-0.712524
42.20964765548706,0.663086,0.085937,-0.093750,-0.253906,-0.054687,-0.138672,-0.005859,0.535889,-0.330750,0.310730,-0.711975
42.22952198982239,0.667236,0.691406,0.058594,0.335938,-0.027344,-0.136719,0.085937,0.536865,-0.331543,0.310608,-0.710937
42.2487952709198,0.673828,1.789063,-0.300781,0.335938,-0.046875,0.058594,0.347656,0.539062,-0.330078,0.312683,-0.708984
42.26958107948303,0.654175,2.832031,0.335938,-0.121094,-0.027344,0.375000,0.781250,0.543152,-0.325562,0.317322,-0.705872
42.29028367996216,0.644897,0.238281,0.425781,-0.812500,-0.050781,0.302734,0.876953,0.548279,-0.320862,0.322021,-0.701965
42.30886507034302,0.641846,-2.132813,0.359375,-0.484375,0.062500,0.072266,0.707031,0.553162,-0.317810,0.324219,-0.698547
42.329633951187134,0.643555,-1.691406,-0.070312,-0.023437,0.082031,-0.244141,0.322266,0.556519,-0.317810,0.323547,-0.696167
42.34987688064575,0.634033,-1.613281,-0.039063,-1.992188,0.103516,-0.373047,0.042969,0.558411,-0.319580,0.320740,-0.695129
42.369670152664185,0.617065,-0.398438,-0.117188,-0.683594,0.261719,-0.496094,-0.173828,0.559570,-0.322144,0.315430,-0.695435
42.38960790634155,0.499756,-3.195313,-0.203125,0.390625,0.292969,-0.630859,-0.566406,0.558655,-0.326477,0.308044,-0.697388
42.409897804260254,0.401611,-1.707031,-0.742187,-0.355469,0.261719,-0.693359,-0.837891,0.556091,-0.332153,0.300171,-0.700256
42.42944121360779,0.395508,0.089844,-0.964844,-0.554687,0.097656,-0.437500,-0.378906,0.554810,-0.336121,0.295288,-0.701416
42.44984006881714,0.402710,0.625000,-1.179688,-0.140625,0.111328,-0.285156,-0.324219,0.553833,-0.338135,0.291992,-0.702637
42.469788551330566,0.394043,1.316406,-0.574219,-0.070312,0.099609,0.197266,-0.158203,0.552429,-0.337097,0.291870,-0.704285
42.48957943916321,0.390747,0.152344,0.101563,0.671875,-0.232422,0.312500,-0.058594,0.550354,-0.336304,0.294678,-0.705139
42.50987482070923,0.409790,0.894531,0.156250,-2.062500,-0.166016,0.230469,-0.097656,0.548523,-0.335693,0.296814,-0.705933
42.52973484992981,0.418213,0.390625,0.609375,-0.476562,0.099609,0.312500,0.005859,0.547913,-0.333191,0.297791,-0.707153
42.55004930496216,0.417236,-0.312500,0.851562,1.062500,0.167969,0.193359,-0.035156,0.547668,-0.330994,0.297546,-0.708496
42.56985330581665,0.412598,-0.222656,1.210938,1.652344,0.179687,-0.037109,-0.070312,0.547913,-0.330505,0.295776,-0.709290
42.590176820755005,0.380737,0.191406,1.527344,2.507813,0.265625,-0.318359,-0.064453,0.549072,-0.331726,0.292358,-0.709229
42.60998606681824,0.346313,-0.992187,0.308594,0.570312,-0.064453,-0.478516,-0.091797,0.549683,-0.335388,0.289673,-0.708191
42.62955141067505,0.308105,-0.074219,-0.851562,-0.984375,-0.029297,-0.410156,-0.195312,0.549316,-0.338928,0.286987,-0.707825
42.650235414505005,0.260498,-0.679687,-0.875000,-1.144531,0.080078,-0.242187,-0.296875,0.548279,-0.341125,0.283936,-0.708801
42.6701455116272,0.243774,0.070312,0.359375,0.417969,0.158203,-0.271484,-0.394531,0.546753,-0.343384,0.280090,-0.710388
42.699594497680664,0.213989,0.242187,0.031250,0.617187,-0.023437,-0.214844,-0.207031,0.545166,-0.346619,0.276550,-0.711487
42.71949625015259,0.222778,0.855469,0.257813,0.519531,-0.066406,-0.121094,-0.025391,0.544250,-0.348938,0.274658,-0.711731
42.739951372146606,0.253540,0.347656,0.152344,0.496094,-0.130859,-0.066406,0.031250,0.544128,-0.350281,0.274353,-0.711365
42.759727001190186,0.277832,0.089844,0.023437,0.441406,-0.148437,0.080078,0.097656,0.544006,-0.351257,0.275085,-0.710632
42.77967357635498,0.335938,0.394531,-0.296875,0.152344,-0.123047,0.144531,0.195312,0.544006,-0.351318,0.276855,-0.709900
42.799532890319824,0.416748,1.468750,0.109375,-0.261719,-0.068359,0.304688,0.406250,0.544678,-0.350098,0.279419,-0.708984
42.819987058639526,0.538330,-1.914063,-0.144531,-0.070312,-0.068359,0.109375,0.126953,0.546143,-0.347717,0.282654,-0.707764
42.840107917785645,0.558105,-0.128906,-0.097656,-0.523437,-0.033203,0.052734,0.031250,0.546570,-0.346802,0.284363,-0.707153
42.85969281196594,0.567749,-0.503906,-0.128906,0.281250,-0.060547,0.105469,-0.050781,0.546509,-0.346375,0.285156,-0.707092
42.88011193275452,0.548950,-1.476563,-0.199219,0.414062,-0.175781,0.087891,-0.298828,0.545532,-0.346191,0.285950,-0.707642
42.90016841888428,0.516479,-0.093750,-0.007813,-0.531250,-0.095703,0.207031,-0.277344,0.542725,-0.346985,0.286621,-0.709106
42.91980814933777,0.506470,1.218750,0.000000,0.082031,-0.082031,0.267578,-0.150391,0.539917,-0.346741,0.287598,-0.710999
42.940388917922974,0.560913,-0.269531,0.355469,0.664062,-0.058594,0.162109,0.015625,0.537781,-0.345764,0.289307,-0.712402
42.95991897583008,0.596802,-0.335938,0.023437,1.371094,-0.183594,0.023437,0.074219,0.537048,-0.345276,0.290588,-0.712708
42.97949504852295,0.625122,3.457031,-0.218750,-0.949219,-0.050781,0.361328,0.486328,0.537109,-0.345337,0.292480,-0.711853
43.00027084350586,0.635864,0.265625,0.292969,-1.117188,0.046875,0.199219,0.291016,0.539185,-0.341980,0.296143,-0.710388
43.02139711380005,0.634399,-0.636719,-0.511719,-1.355469,0.044922,0.230469,0.085937,0.540710,-0.339172,0.298401,-0.709595
43.040334939956665,0.616699,-0.796875,-0.718750,-0.699219,0.164062,0.269531,-0.062500,0.540833,-0.336914,0.299622,-0.710083
43.06040072441101,0.537476,-1.757813,-1.164063,-0.730469,0.257813,0.398438,-0.363281,0.539978,-0.334290,0.299683,-0.711914
43.08042764663696,0.503540,0.406250,-1.035156,-2.261719,0.490234,0.646484,-0.255859,0.537354,-0.330872,0.298889,-0.715881
43.09990668296814,0.475464,-0.445312,1.531250,2.500000,0.146484,0.367188,-0.203125,0.535034,-0.324890,0.298096,-0.720642
43.120208978652954,0.469604,0.472656,1.402344,0.683594,0.041016,0.017578,-0.056641,0.533081,-0.322021,0.298218,-0.723328
43.14038109779358,0.448608,1.046875,0.820312,0.210937,0.091797,-0.087891,0.113281,0.532776,-0.321594,0.297852,-0.723877
43.160343170166016,0.443237,-0.414062,0.628906,1.597656,-0.052734,-0.222656,0.068359,0.533936,-0.321594,0.297119,-0.723328
43.18015480041504,0.442383,-0.007813,0.175781,-0.042969,-0.037109,-0.171875,0.062500,0.534973,-0.323059,0.296509,-0.722168
43.200923681259155,0.421509,-0.207031,0.421875,0.968750,-0.199219,-0.234375,0.085937,0.535767,-0.324524,0.296143,-0.721008
43.220696449279785,0.430420,0.281250,0.101563,0.125000,-0.193359,-0.185547,0.160156,0.536499,-0.326843,0.296570,-0.719299
43.240520000457764,0.451172,0.605469,-0.441406,0.011719,-0.244141,-0.031250,0.158203,0.537537,-0.328796,0.297546,-0.717224
43.26080298423767,0.537354,0.007813,-0.878906,-1.144531,-0.132812,0.066406,0.060547,0.537964,-0.329895,0.299438,-0.715637
43.280821800231934,0.564087,0.097656,-0.402344,-0.523437,-0.097656,0.117188,0.017578,0.537842,-0.330017,0.300964,-0.715027
43.30024981498718,0.588501,-0.707031,-0.359375,-0.507812,-0.076172,0.007813,-0.167969,0.537292,-0.329712,0.302246,-0.715027
43.320955991744995,0.602295,-1.863281,-0.003906,0.695312,-0.117188,-0.160156,-0.310547,0.535767,-0.330688,0.302368,-0.715698
43.34104371070862,0.591553,-0.449219,0.500000,0.496094,-0.123047,-0.289063,-0.302734,0.533569,-0.333435,0.301453,-0.716431
43.3603572845459,0.583130,0.250000,0.421875,0.597656,-0.134766,-0.324219,-0.130859,0.531982,-0.336975,0.299744,-0.716614
43.38083219528198,0.575073,-0.152344,0.011719,-0.566406,0.037109,-0.298828,-0.015625,0.531555,-0.340393,0.298218,-0.715942
43.40090298652649,0.594238,2.515625,0.117188,-1.125000,0.156250,0.011719,0.478516,0.532776,-0.342163,0.296509,-0.714966
43.42054748535156,0.624023,-0.585937,-0.496094,0.152344,0.060547,0.089844,0.417969,0.536377,-0.340210,0.296814,-0.713013
43.440391540527344,0.647217,-0.445312,-0.457031,-0.429687,0.027344,0.214844,0.208984,0.539307,-0.337952,0.298035,-0.711365
43.460930824279785,0.668701,0.218750,-0.257813,0.097656,-0.066406,0.291016,0.080078,0.540344,-0.335754,0.299683,-0.710999
43.481147050857544,0.669556,-0.867187,0.132812,0.527344,-0.095703,0.162109,-0.076172,0.539856,-0.333801,0.301880,-0.711304
43.500492811203,0.670898,-0.636719,0.109375,0.312500,-0.136719,0.056641,-0.158203,0.538513,-0.333374,0.303345,-0.711914
43.52117323875427,0.671997,-0.789062,0.261719,-0.160156,-0.091797,-0.099609,-0.210937,0.536804,-0.334290,0.303955,-0.712524
43.541192054748535,0.671021,0.402344,0.078125,-0.382813,-0.031250,-0.087891,-0.154297,0.535339,-0.335938,0.303406,-0.713074
43.56088852882385,0.668823,-0.386719,0.003906,0.078125,0.019531,-0.052734,-0.052734,0.534424,-0.337158,0.302612,-0.713501
43.58105492591858,0.660522,-0.593750,-0.082031,0.269531,-0.007813,-0.068359,-0.052734,0.534180,-0.337769,0.302002,-0.713684
43.601221561431885,0.662598,0.585937,0.070312,-0.117188,0.039063,-0.003906,0.101563,0.534119,-0.338379,0.301514,-0.713684
43.62076711654663,0.673218,2.679688,0.148437,-0.628906,0.148437,0.169922,0.458984,0.535156,-0.337585,0.301636,-0.713196
43.64115881919861,0.682617,0.304688,-0.074219,0.847656,-0.029297,0.103516,0.306641,0.538147,-0.334534,0.303101,-0.711792
43.661269664764404,0.686279,-0.214844,-0.105469,-0.644531,0.005859,0.136719,0.169922,0.539978,-0.332764,0.304871,-0.710449
43.68104648590088,0.689941,-0.656250,-0.265625,-0.109375,-0.029297,0.156250,-0.007813,0.540771,-0.331238,0.306091,-0.710083
43.70135736465454,0.683228,-1.730469,-0.097656,0.589844,-0.119141,0.066406,-0.296875,0.539978,-0.330444,0.307007,-0.710571
43.72167181968689,0.676025,-0.621094,0.058594,-0.132812,-0.048828,0.035156,-0.300781,0.537537,-0.331360,0.307312,-0.711914
43.74122333526611,0.663086,0.644531,0.203125,0.222656,-0.019531,-0.041016,-0.142578,0.535156,-0.332397,0.306824,-0.713440
43.761404037475586,0.661621,0.511719,0.171875,0.414062,-0.021484,-0.099609,0.023437,0.534180,-0.333130,0.306274,-0.714050
43.781535387039185,0.678467,0.453125,-0.097656,0.078125,0.029297,0.050781,0.261719,0.534607,-0.333679,0.306030,-0.713562
43.80149984359741,0.689087,-0.160156,-0.089844,0.519531,-0.023437,0.283203,0.408203,0.536377,-0.332275,0.307068,-0.712463
43.82119369506836,0.700562,-0.832031,-0.148437,-0.621094,-0.070312,0.232422,0.228516,0.538269,-0.329163,0.310181,-0.711121
43.84151530265808,0.707031,-0.410156,0.019531,-0.460937,-0.058594,0.169922,0.070312,0.538940,-0.327087,0.312866,-0.710388
43.861454486846924,0.709229,-0.585937,0.066406,0.199219,-0.072266,0.087891,-0.107422,0.538696,-0.326050,0.314392,-0.710388
43.88162899017334,0.706421,-1.167969,-0.203125,-0.437500,-0.070312,-0.146484,-0.322266,0.537354,-0.326416,0.315002,-0.710999
43.901580572128296,0.684570,-2.382813,-0.792969,-2.054688,0.232422,-0.531250,-0.597656,0.535339,-0.328979,0.313293,-0.712097
43.92151951789856,0.652466,-0.046875,-1.667969,-2.949219,0.703125,-0.318359,-0.535156,0.533508,-0.332825,0.307190,-0.714294
43.94136333465576,0.625854,2.847656,-2.855469,-3.437500,1.082031,0.156250,-0.132812,0.533203,-0.332764,0.298767,-0.718140
43.961607933044434,0.581421,0.226562,1.132813,2.015625,0.664062,0.294922,-0.017578,0.535034,-0.326904,0.291565,-0.722412
43.98188757896423,0.554077,1.292969,2.187500,4.660156,-0.285156,0.375000,0.265625,0.536316,-0.321289,0.288696,-0.725098
44.0013542175293,0.536621,-0.925781,0.781250,0.261719,-0.392578,0.386719,0.208984,0.536255,-0.318970,0.292786,-0.724548
44.02165198326111,0.535889,0.683594,1.140625,0.003906,-0.421875,0.291016,0.267578,0.535522,-0.317627,0.298401,-0.723389
44.041850090026855,0.529419,-0.257813,0.851562,-0.132812,-0.265625,-0.001953,0.216797,0.535217,-0.317078,0.303711,-0.721619
44.06167149543762,0.528687,-0.082031,0.246094,-0.894531,0.244141,-0.146484,0.154297,0.536072,-0.317627,0.306152,-0.719727
44.081623792648315,0.521362,-0.554687,0.644531,2.492188,-0.011719,-0.298828,0.058594,0.538147,-0.317200,0.304626,-0.718994
44.102062463760376,0.482666,-0.941406,0.621094,1.589844,-0.062500,-0.410156,-0.001953,0.539551,-0.319031,0.303040,-0.717834
44.12184691429138,0.452393,-0.527344,-0.765625,-1.542969,0.072266,-0.294922,-0.095703,0.540527,-0.322144,0.301270,-0.716431
44.14192819595337,0.415527,-0.820312,-0.742187,-0.785156,0.105469,-0.283203,-0.250000,0.540955,-0.324280,0.298889,-0.716125
44.16219520568848,0.343018,0.113281,-0.304688,-0.878906,0.140625,-0.179687,-0.289063,0.540405,-0.326355,0.295837,-0.716858
44.18212342262268,0.321899,0.113281,0.566406,0.816406,-0.150391,-0.275391,-0.320313,0.539307,-0.328003,0.293030,-0.718140
44.20158290863037,0.317993,0.769531,0.589844,1.359375,-0.367188,-0.279297,-0.216797,0.537354,-0.331604,0.291626,-0.718506
44.22221565246582,0.346924,1.042969,-0.488281,-0.078125,-0.277344,-0.017578,-0.027344,0.535461,-0.335754,0.292114,-0.717773
44.24215579032898,0.362671,0.125000,-0.457031,-0.117188,-0.167969,0.009766,0.066406,0.534363,-0.337585,0.293823,-0.717041
44.26176714897156,0.401245,0.070312,-0.558594,-0.722656,0.011719,0.111328,0.269531,0.534363,-0.338196,0.295349,-0.716125
44.282063007354736,0.557617,0.761719,-0.433594,-0.613281,0.027344,0.251953,0.384766,0.535889,-0.336792,0.296814,-0.715027
44.30218482017517,0.599854,-1.910156,-0.121094,0.000000,-0.044922,0.037109,0.089844,0.537781,-0.334229,0.298950,-0.713928
44.32197451591492,0.626953,0.136719,-0.187500,0.398438,-0.169922,0.033203,-0.062500,0.538269,-0.333740,0.299988,-0.713379
44.34224033355713,0.633789,-1.343750,-0.097656,0.191406,-0.167969,0.017578,-0.226562,0.537231,-0.334473,0.300964,-0.713379
44.36253118515015,0.625977,0.113281,0.292969,-0.285156,-0.072266,0.015625,-0.207031,0.535095,-0.335999,0.301392,-0.714111
44.382134199142456,0.605835,1.167969,0.261719,0.062500,-0.009766,0.066406,0.013672,0.533386,-0.336914,0.301392,-0.714905
44.40216636657715,0.589844,-0.507812,-0.082031,0.097656,-0.011719,0.005859,-0.005859,0.533081,-0.336731,0.301758,-0.715088
44.422234773635864,0.614380,0.097656,-0.003906,0.097656,0.005859,0.261719,0.320313,0.533142,-0.336609,0.302002,-0.715027
44.44239664077759,0.635620,0.796875,0.210937,0.359375,-0.037109,0.412109,0.666016,0.534729,-0.333801,0.304504,-0.714111
44.46196985244751,0.645142,-0.718750,0.417969,0.398438,-0.068359,0.203125,0.554687,0.537964,-0.329285,0.309021,-0.711792
44.48282790184021,0.659546,-1.406250,0.164062,-0.558594,-0.007813,-0.025391,0.265625,0.541016,-0.326538,0.312195,-0.709351
44.5026319026947,0.662720,-1.281250,0.125000,-0.214844,0.041016,-0.132812,-0.013672,0.542969,-0.325928,0.313049,-0.707825
44.522318840026855,0.657471,-0.625000,0.308594,-0.757812,0.132812,-0.287109,-0.117188,0.543518,-0.326599,0.312134,-0.707458
44.54276466369629,0.623413,-1.437500,-0.027344,0.031250,0.169922,-0.500000,-0.328125,0.543945,-0.328369,0.309265,-0.707581
44.56264066696167,0.595459,-0.160156,-0.777344,-0.101563,0.234375,-0.429687,-0.339844,0.543701,-0.331726,0.304626,-0.708191
44.58247089385986,0.572998,-0.707031,-0.847656,-1.113281,0.142578,-0.117188,-0.339844,0.543213,-0.334412,0.299988,-0.709351
44.60258650779724,0.549438,0.089844,-0.871094,-0.285156,0.080078,0.226562,-0.406250,0.541504,-0.335449,0.297119,-0.711304
44.62269949913025,0.552002,2.042969,-0.398438,-0.890625,0.203125,0.587891,-0.193359,0.538513,-0.334412,0.296387,-0.714417
44.64234924316406,0.556274,0.441406,0.468750,0.792969,-0.060547,0.519531,-0.177734,0.535889,-0.330139,0.297363,-0.717896
44.66264891624451,0.568604,-0.261719,1.402344,2.105469,-0.123047,0.265625,-0.085937,0.533081,-0.327209,0.299683,-0.720398
44.68270206451416,0.564819,0.097656,0.523437,-0.042969,0.056641,0.101563,0.011719,0.531372,-0.326050,0.301636,-0.721375
44.70287203788757,0.559448,-0.550781,0.753906,1.765625,-0.160156,-0.082031,-0.023437,0.531128,-0.325256,0.302063,-0.721680
44.72235584259033,0.550049,0.167969,0.390625,0.144531,-0.136719,-0.083984,0.023437,0.530823,-0.326477,0.302612,-0.721191
44.74292278289795,0.533936,0.128906,0.179687,0.210937,-0.156250,-0.052734,0.054687,0.530762,-0.327759,0.303284,-0.720337
44.76325035095215,0.549927,0.207031,-0.343750,-0.195312,-0.158203,-0.037109,0.085937,0.530823,-0.328918,0.304321,-0.719360
44.782602071762085,0.574829,0.222656,-0.664062,-0.523437,-0.109375,0.015625,0.089844,0.531067,-0.329651,0.305481,-0.718323
44.803056716918945,0.634033,0.214844,-0.347656,-0.355469,-0.080078,0.156250,0.136719,0.531372,-0.329712,0.306702,-0.717590
44.8233699798584,0.647949,-0.472656,-0.257813,-0.039063,-0.078125,0.328125,0.048828,0.531494,-0.328674,0.308472,-0.717163
44.84285569190979,0.652710,-0.894531,0.093750,0.046875,-0.103516,0.269531,-0.072266,0.530579,-0.326660,0.311035,-0.717651
44.86306166648865,0.646851,-2.058594,0.265625,0.636719,-0.154297,-0.066406,-0.281250,0.528870,-0.325745,0.312866,-0.718506
44.88294434547424,0.634399,0.421875,0.500000,0.582031,-0.109375,-0.173828,-0.160156,0.526794,-0.327576,0.312927,-0.719177
44.90289902687073,0.621216,-0.476562,0.089844,-0.160156,-0.089844,-0.351563,-0.173828,0.525757,-0.330139,0.312256,-0.719116
44.92312741279602,0.600952,0.144531,0.089844,-0.835937,0.031250,-0.394531,-0.103516,0.525330,-0.333557,0.310486,-0.718567
44.94341707229614,0.601807,1.914063,-0.109375,-0.757812,0.138672,-0.167969,0.193359,0.526001,-0.336426,0.308044,-0.717834
44.963332176208496,0.620361,1.375000,-0.156250,0.000000,0.056641,-0.021484,0.343750,0.528198,-0.336609,0.306763,-0.716675
44.98338603973389,0.646484,-0.683594,-0.531250,-0.121094,-0.042969,0.082031,0.228516,0.530823,-0.335510,0.307312,-0.715027
45.00318241119385,0.684692,0.597656,-0.371094,-0.542969,-0.035156,0.333984,0.212891,0.532227,-0.334167,0.308838,-0.713928
45.02312517166138,0.690674,-0.949219,-0.277344,-0.359375,0.009766,0.240234,0.033203,0.532593,-0.331543,0.311340,-0.713806
45.04359698295593,0.686035,-1.515625,-0.324219,-0.328125,0.046875,0.220703,-0.164062,0.532104,-0.329590,0.312805,-0.714417
45.063493967056274,0.664062,-0.382813,-0.074219,-0.453125,0.068359,0.181641,-0.320313,0.530457,-0.328430,0.313049,-0.716064
45.08342432975769,0.650513,0.628906,0.363281,-0.093750,0.115234,0.177734,-0.251953,0.527954,-0.327698,0.312500,-0.718506
45.10311555862427,0.633179,0.734375,0.386719,0.582031,0.078125,0.103516,-0.144531,0.525940,-0.326660,0.311829,-0.720703
45.12328362464905,0.607910,-0.039063,0.300781,0.183594,0.052734,0.052734,-0.070312,0.524841,-0.325928,0.311340,-0.722046
45.14319062232971,0.594360,0.191406,0.675781,0.558594,0.013672,0.007813,0.009766,0.524414,-0.325439,0.310974,-0.722778
45.16327238082886,0.589478,0.113281,0.261719,0.839844,-0.126953,-0.007813,0.027344,0.524414,-0.325317,0.311035,-0.722778
45.183769941329956,0.590088,0.000000,-0.097656,0.558594,-0.201172,0.001953,-0.015625,0.524231,-0.325928,0.311951,-0.722229
45.204126834869385,0.604980,-0.535156,-0.539062,-0.070312,-0.134766,0.121094,-0.050781,0.523499,-0.326965,0.313293,-0.721741
45.22319054603577,0.626465,0.136719,0.042969,-0.328125,-0.023437,0.183594,0.046875,0.522461,-0.326904,0.314697,-0.721924
45.2434298992157,0.653564,0.476562,-0.292969,0.167969,-0.033203,0.195312,0.183594,0.522095,-0.325623,0.316040,-0.722168
45.2637403011322,0.692261,0.500000,0.179687,0.867187,-0.041016,0.101563,0.294922,0.522705,-0.323914,0.317932,-0.721619
45.284210443496704,0.699463,0.210937,0.339844,0.023437,0.031250,-0.001953,0.349609,0.524414,-0.322388,0.319763,-0.720276
45.303563833236694,0.701050,-0.640625,0.140625,-0.109375,0.109375,-0.183594,0.199219,0.527039,-0.321167,0.320435,-0.718628
45.32412362098694,0.692993,-0.285156,-0.363281,-0.468750,0.105469,-0.101563,0.035156,0.529358,-0.321167,0.319458,-0.717346
45.343918561935425,0.684204,-0.378906,-0.074219,-1.019531,0.164062,-0.085937,-0.105469,0.530396,-0.321167,0.318176,-0.717163
45.3638699054718,0.671509,-0.531250,-0.242187,0.535156,0.091797,-0.054687,-0.291016,0.530334,-0.321289,0.316528,-0.717896
45.38407111167908,0.640137,0.609375,-0.402344,0.957031,-0.056641,-0.009766,-0.269531,0.528748,-0.322144,0.314880,-0.719360
45.404139280319214,0.650391,1.050781,-0.089844,0.503906,-0.125000,0.208984,-0.095703,0.526672,-0.323242,0.314270,-0.720642
45.4237265586853,0.666626,-0.320313,-0.308594,0.289063,-0.152344,0.187500,-0.115234,0.524902,-0.322876,0.315674,-0.721497
45.44440174102783,0.678833,0.738281,-0.226562,-0.699219,-0.076172,0.302734,0.054687,0.523254,-0.322388,0.317383,-0.722229
45.46406555175781,0.674438,-0.632812,-0.449219,-0.621094,0.023437,0.363281,0.001953,0.522400,-0.320374,0.319458,-0.722778
45.483601808547974,0.661499,0.058594,-0.035156,-0.644531,0.085937,0.388672,-0.042969,0.521301,-0.317627,0.321350,-0.723938
45.50379490852356,0.643066,0.320313,0.410156,-0.937500,0.175781,0.218750,-0.015625,0.520081,-0.314514,0.322632,-0.725586
45.52411699295044,0.640747,0.113281,0.855469,0.574219,0.095703,0.013672,0.101563,0.519897,-0.312073,0.322510,-0.726868
45.543922662734985,0.633301,-0.261719,0.394531,0.917969,-0.023437,-0.095703,0.134766,0.520813,-0.311157,0.322266,-0.726685
45.56416392326355,0.629272,-0.332031,-0.132812,-0.156250,-0.017578,-0.103516,0.076172,0.522034,-0.311401,0.322266,-0.725708
45.58424234390259,0.630249,0.136719,-0.058594,-0.347656,0.013672,-0.019531,0.126953,0.522949,-0.311951,0.322144,-0.724915
45.604312896728516,0.640015,0.972656,0.101563,-0.269531,-0.027344,0.025391,0.273438,0.523987,-0.311646,0.322388,-0.724121
45.62417030334473,0.656372,-0.121094,-0.273438,0.464844,-0.042969,0.064453,0.302734,0.525818,-0.310669,0.323547,-0.722717
45.64435577392578,0.669189,-0.542969,0.242187,0.320313,-0.087891,-0.011719,0.173828,0.527588,-0.309509,0.325134,-0.721191
45.664570808410645,0.671631,-0.796875,-0.093750,-0.476562,-0.048828,-0.042969,0.015625,0.528687,-0.309326,0.326172,-0.719971
45.684409379959106,0.675293,-0.476562,-0.210937,-0.164062,-0.085937,-0.089844,-0.240234,0.528748,-0.309814,0.326416,-0.719666
45.70438027381897,0.678833,-0.730469,-0.316406,0.550781,-0.181641,-0.050781,-0.447266,0.526978,-0.311646,0.325928,-0.720337
45.724926710128784,0.675049,-0.078125,-0.070312,-0.261719,-0.138672,0.042969,-0.382813,0.523499,-0.314453,0.325500,-0.721924
45.74439597129822,0.680420,1.390625,-0.140625,0.144531,-0.097656,0.183594,-0.136719,0.520203,-0.316162,0.325684,-0.723450
45.764479875564575,0.689331,-0.132812,-0.402344,-0.382813,-0.019531,0.082031,-0.039063,0.518250,-0.316040,0.326904,-0.724365
45.78445386886597,0.688477,0.792969,-0.363281,-0.773437,0.060547,0.195312,0.068359,0.517517,-0.315613,0.327515,-0.724792
45.80426359176636,0.683350,1.554688,-0.339844,-1.066406,0.208984,0.464844,0.244141,0.517578,-0.313477,0.328430,-0.725220
45.82442021369934,0.643799,0.453125,0.324219,-0.699219,0.255859,0.388672,0.257813,0.518433,-0.308472,0.329956,-0.726074
45.84457731246948,0.639038,-0.933594,0.929687,1.539063,0.058594,0.087891,0.193359,0.519775,-0.303772,0.330933,-0.726624
45.86442589759827,0.642700,-0.542969,0.472656,0.425781,-0.017578,-0.183594,0.136719,0.521118,-0.302246,0.331482,-0.726135
45.88437294960022,0.644653,1.359375,0.210937,-0.492187,-0.003906,-0.046875,0.281250,0.522705,-0.302856,0.331299,-0.724792
45.90462613105774,0.653809,-0.769531,-0.210937,0.433594,-0.093750,-0.152344,0.052734,0.524780,-0.302551,0.331665,-0.723267
45.9247887134552,0.661377,1.023438,0.617187,0.351563,-0.250000,0.001953,0.031250,0.525452,-0.303711,0.331970,-0.722107
45.94443655014038,0.668335,0.308594,0.234375,0.667969,-0.312500,0.035156,0.080078,0.524963,-0.305054,0.333740,-0.721069
45.964738845825195,0.676025,-0.488281,-1.082031,-0.636719,-0.150391,-0.009766,-0.013672,0.524475,-0.306091,0.336243,-0.719849
45.984715700149536,0.675903,-0.847656,-0.468750,-1.667969,0.103516,-0.167969,-0.064453,0.524109,-0.306885,0.337219,-0.719299
46.00434184074402,0.674194,-0.050781,-1.464844,-3.019531,0.541016,-0.289063,-0.130859,0.524597,-0.307739,0.335144,-0.719543
46.024649143218994,0.661865,1.144531,-2.250000,-3.593750,1.066406,0.044922,-0.103516,0.526245,-0.307007,0.329529,-0.721252
46.04512691497803,0.649292,-0.480469,-0.925781,-1.515625,1.201172,0.074219,-0.230469,0.528503,-0.301941,0.321716,-0.725281
46.06489872932434,0.626099,-0.589844,0.265625,0.496094,1.091797,0.128906,-0.248047,0.530151,-0.295776,0.312805,-0.730469
46.08524227142334,0.555664,0.558594,0.785156,1.031250,0.994141,0.232422,-0.113281,0.531250,-0.289673,0.304810,-0.735474
46.10566449165344,0.543945,-0.160156,0.781250,1.316406,0.806641,0.216797,-0.113281,0.532532,-0.283142,0.298279,-0.739807
46.12489295005798,0.527222,-0.535156,0.804687,1.531250,0.568359,0.099609,-0.160156,0.533325,-0.277649,0.293091,-0.743347
46.14547657966614,0.502563,-0.398438,1.164063,2.042969,0.251953,-0.037109,-0.101563,0.533447,-0.274292,0.289001,-0.746094
46.165470361709595,0.499146,0.007813,0.992187,1.683594,-0.021484,-0.136719,-0.031250,0.533508,-0.273499,0.286682,-0.747253
46.185285806655884,0.495972,0.015625,0.273438,0.394531,-0.068359,-0.154297,-0.015625,0.533569,-0.274597,0.285950,-0.747070
46.20513701438904,0.488647,0.113281,0.019531,0.175781,-0.121094,-0.121094,-0.033203,0.533691,-0.276184,0.285645,-0.746521
46.22581434249878,0.466064,-0.253906,-0.117188,0.121094,-0.054687,-0.103516,-0.031250,0.533508,-0.277832,0.285706,-0.746033
46.24548673629761,0.461548,0.191406,-0.195312,-0.300781,0.031250,-0.097656,0.003906,0.533447,-0.278992,0.285461,-0.745728
46.264875650405884,0.460815,0.183594,-0.164062,-0.195312,0.058594,-0.109375,0.021484,0.533875,-0.279541,0.284729,-0.745544
46.28544020652771,0.463745,-0.523437,-0.285156,-0.156250,0.056641,-0.093750,-0.046875,0.534424,-0.280090,0.283813,-0.745300
46.30633521080017,0.458374,0.226562,-0.179687,-0.437500,0.140625,-0.042969,-0.039063,0.534546,-0.280518,0.282715,-0.745422
46.32513356208801,0.446289,-0.253906,0.296875,0.464844,0.107422,-0.183594,-0.070312,0.534790,-0.280396,0.281372,-0.745850
46.34520244598389,0.424316,0.472656,0.250000,0.343750,0.082031,-0.179687,-0.001953,0.535095,-0.281250,0.279419,-0.746033
46.36551475524902,0.418579,0.140625,0.156250,0.105469,0.074219,-0.271484,-0.011719,0.535767,-0.282227,0.277771,-0.745728
46.38547873497009,0.411255,-0.710937,-0.085937,-0.058594,0.111328,-0.326172,-0.058594,0.536682,-0.283752,0.275757,-0.745239
46.40533375740051,0.378174,-0.343750,0.117188,-0.101563,0.130859,-0.361328,-0.128906,0.537476,-0.285828,0.272888,-0.744934
46.42593836784363,0.361450,0.437500,0.226562,0.656250,0.007813,-0.267578,-0.113281,0.537903,-0.288147,0.269775,-0.744873
46.44518709182739,0.370483,0.351563,0.179687,-0.027344,0.013672,-0.234375,-0.035156,0.537903,-0.290344,0.267822,-0.744751
46.46526265144348,0.369385,0.855469,0.140625,0.210937,0.007813,-0.250000,0.046875,0.538330,-0.292236,0.266357,-0.744202
46.48553919792175,0.356689,-0.125000,-0.281250,-0.285156,0.068359,-0.195312,0.052734,0.539368,-0.293823,0.265076,-0.743286
46.505908250808716,0.354370,-0.093750,-0.171875,-0.140625,0.072266,-0.115234,0.009766,0.540466,-0.294800,0.263672,-0.742615
46.52538871765137,0.358154,0.195312,-0.187500,-0.265625,0.095703,0.025391,0.003906,0.541138,-0.295166,0.262512,-0.742371
46.545660734176636,0.349854,0.750000,0.148437,0.113281,0.015625,0.013672,0.052734,0.541443,-0.294617,0.261963,-0.742615
46.566187381744385,0.344482,0.328125,0.234375,0.378906,-0.062500,-0.021484,0.080078,0.541870,-0.294312,0.262024,-0.742371
46.585620164871216,0.344849,-0.230469,-0.218750,-0.179687,-0.048828,-0.029297,0.042969,0.542297,-0.294556,0.262573,-0.741699
46.606086015701294,0.359741,-0.968750,-0.527344,-0.523437,0.019531,-0.029297,-0.052734,0.542542,-0.294983,0.262878,-0.741272
46.62579846382141,0.362793,0.058594,-0.304688,-0.492187,0.058594,0.041016,-0.058594,0.542358,-0.295166,0.262451,-0.741455
46.64540958404541,0.364624,0.367188,0.226562,0.187500,0.035156,0.037109,-0.023437,0.542053,-0.294800,0.262085,-0.742004
46.666175365448,0.358521,-0.015625,0.226562,0.417969,-0.019531,0.041016,0.007813,0.541931,-0.294495,0.261963,-0.742310
46.68614149093628,0.355225,-0.507812,0.042969,0.386719,-0.072266,-0.005859,-0.025391,0.541809,-0.294250,0.262268,-0.742310
46.705944776535034,0.360962,0.671875,0.316406,0.394531,-0.107422,-0.027344,0.041016,0.541565,-0.294739,0.262695,-0.742187
46.72612452507019,0.361572,0.058594,0.074219,0.187500,-0.123047,-0.078125,0.056641,0.541626,-0.295471,0.263428,-0.741577
46.74613428115845,0.360962,0.175781,-0.066406,-0.218750,-0.117188,-0.054687,0.056641,0.541870,-0.296509,0.264099,-0.740723
46.76587986946106,0.350098,-0.484375,-0.394531,-0.355469,-0.031250,-0.050781,-0.005859,0.542114,-0.297485,0.264709,-0.739990
46.785852909088135,0.347534,0.203125,-0.093750,-0.085937,0.046875,-0.015625,0.029297,0.542175,-0.297974,0.264709,-0.739746
46.806265115737915,0.338745,0.011719,-0.019531,-0.054687,0.046875,-0.050781,0.025391,0.542542,-0.297852,0.264343,-0.739624
46.82630133628845,0.333496,0.050781,-0.066406,-0.179687,0.058594,-0.015625,0.019531,0.543030,-0.297852,0.263794,-0.739441
46.84598660469055,0.329346,-0.261719,-0.109375,0.195312,0.048828,-0.031250,-0.015625,0.543457,-0.297668,0.263306,-0.739441
46.866416454315186,0.321167,0.464844,0.339844,0.351563,0.021484,-0.019531,0.050781,0.543640,-0.297668,0.262756,-0.739441
46.886250257492065,0.324585,0.089844,0.234375,0.464844,-0.046875,-0.056641,0.062500,0.544128,-0.297607,0.262634,-0.739197
46.905791997909546,0.321777,0.167969,0.050781,0.050781,-0.044922,-0.062500,0.078125,0.544617,-0.298096,0.262817,-0.738525
46.92636966705322,0.308716,0.128906,-0.058594,-0.093750,-0.019531,-0.052734,0.074219,0.545227,-0.298584,0.263062,-0.737793
46.94631385803223,0.299805,0.019531,-0.363281,-0.593750,0.056641,-0.027344,0.046875,0.545898,-0.298889,0.263123,-0.737183
46.966426610946655,0.290771,0.097656,-0.179687,-0.300781,0.089844,0.021484,0.035156,0.546509,-0.298645,0.262756,-0.737000
46.98663783073425,0.280151,-0.085937,-0.003906,-0.003906,0.074219,0.021484,0.017578,0.546997,-0.297974,0.262268,-0.737061
47.00666642189026,0.271729,0.000000,0.066406,0.257813,0.046875,0.015625,0.011719,0.547363,-0.297363,0.261902,-0.737183
47.02607774734497,0.280151,-0.039063,0.179687,0.363281,0.007813,0.007813,0.013672,0.547607,-0.296936,0.261658,-0.737244
47.04635143280029,0.281860,-0.156250,0.179687,0.128906,0.013672,0.005859,0.019531,0.547729,-0.296814,0.261658,-0.737183
47.066630840301514,0.286011,-0.070312,0.300781,0.593750,-0.060547,-0.007813,0.035156,0.547974,-0.296692,0.261658,-0.737061
47.086368560791016,0.287354,0.160156,0.308594,0.562500,-0.119141,-0.044922,0.035156,0.548096,-0.296997,0.262146,-0.736633
47.106197118759155,0.289307,0.152344,-0.058594,-0.148437,-0.121094,-0.039063,0.021484,0.548157,-0.297913,0.262878,-0.735962
47.12695932388306,0.296143,-0.109375,-0.273438,-0.476562,-0.046875,-0.013672,0.011719,0.548157,-0.298767,0.263550,-0.735413
47.14676856994629,0.295654,-0.109375,-0.347656,-0.515625,0.011719,0.021484,-0.015625,0.548157,-0.299133,0.263794,-0.735168
47.16667866706848,0.295532,0.082031,-0.117188,-0.093750,0.011719,0.007813,0.000000,0.548096,-0.299011,0.263794,-0.735229
47.18659496307373,0.292114,0.082031,0.035156,0.019531,-0.011719,0.017578,0.021484,0.548157,-0.298889,0.263794,-0.735229
47.20679593086243,0.291992,-0.253906,-0.042969,0.019531,-0.007813,0.009766,-0.005859,0.548279,-0.298767,0.263977,-0.735168
47.22632336616516,0.290161,0.015625,0.035156,0.136719,-0.031250,0.013672,0.000000,0.548279,-0.298767,0.264099,-0.735107
47.247209787368774,0.291016,-0.214844,0.042969,0.218750,-0.042969,0.000000,-0.027344,0.548157,-0.298828,0.264343,-0.735046
47.26716995239258,0.290039,0.160156,0.042969,-0.039063,-0.023437,0.005859,-0.011719,0.547913,-0.299133,0.264587,-0.735046
47.28660750389099,0.287964,0.128906,0.089844,0.191406,-0.046875,-0.005859,0.019531,0.547791,-0.299255,0.264771,-0.735046
47.30718946456909,0.287720,0.050781,-0.027344,-0.078125,-0.021484,-0.005859,0.023437,0.547852,-0.299500,0.265076,-0.734802
47.32742619514465,0.287842,-0.023437,-0.132812,-0.187500,-0.013672,0.009766,0.003906,0.547974,-0.299622,0.265259,-0.734558
47.34676814079285,0.285278,0.050781,0.058594,0.234375,-0.048828,0.005859,0.011719,0.548035,-0.299622,0.265442,-0.734436
47.36698651313782,0.281250,0.015625,-0.011719,-0.062500,-0.041016,0.007813,0.011719,0.547974,-0.299866,0.265869,-0.734253
47.387205839157104,0.280396,-0.093750,-0.039063,-0.054687,-0.027344,-0.005859,0.001953,0.547974,-0.299988,0.266174,-0.734070
47.40693426132202,0.279419,-0.054687,-0.078125,-0.093750,0.009766,-0.005859,-0.001953,0.548035,-0.300171,0.266357,-0.733948
47.426700592041016,0.281006,-0.140625,0.074219,0.214844,-0.015625,-0.021484,-0.025391,0.548035,-0.300232,0.266235,-0.733887
47.44735813140869,0.285522,0.207031,0.074219,0.066406,-0.023437,-0.007813,0.000000,0.547974,-0.300537,0.266174,-0.733887
47.467387676239014,0.284790,-0.101563,-0.031250,0.105469,-0.027344,-0.023437,-0.021484,0.547974,-0.300720,0.266235,-0.733765
47.487082719802856,0.285400,-0.183594,-0.031250,0.074219,-0.023437,-0.017578,-0.005859,0.547852,-0.301086,0.266235,-0.733704
47.50739884376526,0.285767,-0.078125,-0.109375,-0.078125,-0.013672,-0.013672,-0.001953,0.547791,-0.301392,0.266296,-0.733582
47.527508020401,0.286133,0.050781,-0.101563,-0.246094,0.007813,0.007813,-0.003906,0.547791,-0.301575,0.266296,-0.733521
47.54714870452881,0.284546,0.128906,-0.054687,-0.125000,0.007813,0.001953,0.000000,0.547852,-0.301514,0.266235,-0.733521
47.56771969795227,0.286499,-0.101563,0.019531,-0.011719,-0.015625,-0.001953,0.011719,0.547974,-0.301453,0.266174,-0.733459
47.587562561035156,0.285645,-0.109375,-0.093750,-0.078125,-0.007813,0.000000,0.007813,0.548096,-0.301514,0.266235,-0.733337
47.60719704627991,0.284912,-0.101563,-0.046875,-0.003906,-0.009766,0.003906,-0.003906,0.548157,-0.301575,0.266296,-0.733215
