pressure,accel_x,accel_y,accel_z,gyro_x,gyro_y,gyro_z
0.519531,-0.117188,0.148437,1.171875,-0.283203,-0.318359,0.019531
0.519165,-0.746094,-1.062500,-1.449219,-0.041016,-0.017578,-0.146484
0.525269,-0.273438,-0.726562,-1.050781,0.058594,-0.011719,0.005859
0.533813,0.914062,0.539062,-0.710937,0.017578,0.033203,0.064453
0.537231,-0.417969,-0.148437,0.167969,-0.150391,0.078125,-0.121094
0.542603,-2.003906,-1.070313,1.257813,-0.318359,0.052734,-0.582031
0.551270,-2.390625,-1.214844,0.156250,-0.179687,-0.074219,-0.341797
0.570557,2.277344,-0.394531,-0.886719,-0.148437,0.230469,0.328125
0.581543,2.023438,1.941406,1.144531,-0.447266,0.091797,0.443359
0.600220,-1.964844,-0.093750,2.929688,-0.347656,-0.136719,-0.005859
0.599731,0.171875,-0.875000,-2.187500,0.375000,0.025391,-0.042969
0.590332,0.898437,-1.742188,-5.113281,1.015625,0.322266,-0.072266
0.550903,-0.050781,0.148437,-0.007813,0.681641,0.439453,-0.007813
0.535645,-0.902344,1.250000,3.421875,0.017578,0.386719,0.097656
0.526001,-0.171875,0.945312,3.644531,-0.093750,0.205078,0.083984
0.513672,-0.753906,0.195312,0.570312,0.283203,0.138672,0.162109
0.479004,0.386719,1.488281,0.636719,0.042969,-0.017578,0.312500
0.456909,1.125000,0.906250,1.855469,-0.433594,0.142578,0.164062
0.445801,-1.218750,-1.046875,1.863281,-0.281250,0.232422,-0.228516
0.471313,-1.925781,-1.238281,-1.667969,-0.066406,-0.564453,0.103516
0.510132,1.660156,0.464844,0.601562,-0.128906,-0.025391,0.265625
0.541870,0.695312,-0.769531,-0.523437,-0.189453,0.302734,0.029297
0.561890,-1.906250,-0.523437,0.203125,-0.240234,0.240234,-0.181641
0.566406,-1.003906,-0.410156,0.066406,-0.027344,0.031250,-0.261719
0.571045,0.382813,-0.125000,-1.003906,0.148437,0.007813,-0.169922
0.581665,0.773437,0.308594,0.242187,0.015625,0.054687,-0.074219
0.589478,0.996094,1.070313,1.230469,-0.259766,-0.035156,0.005859
0.595215,0.457031,0.777344,1.730469,-0.251953,-0.042969,-0.074219
0.604248,-0.324219,-0.929687,-1.535156,0.074219,-0.083984,-0.041016
0.605469,0.472656,-0.593750,-1.687500,0.199219,0.015625,-0.005859
0.606567,0.082031,0.042969,-0.453125,0.126953,-0.091797,0.007813
0.605835,0.082031,0.265625,0.390625,0.029297,-0.083984,-0.005859
0.606812,0.035156,0.492187,1.117188,-0.134766,-0.222656,0.044922
0.605957,0.257813,0.472656,1.300781,-0.181641,-0.294922,0.109375
0.606079,0.410156,0.140625,0.285156,-0.199219,-0.074219,0.041016
0.606079,-0.011719,-0.292969,-0.359375,-0.119141,0.050781,-0.099609
0.605469,-0.179687,0.082031,-0.734375,-0.130859,-0.017578,-0.173828
0.604980,-0.816406,0.148437,0.398438,-0.228516,-0.173828,-0.240234
0.609253,0.210937,0.218750,1.210938,-0.359375,-0.185547,-0.214844
0.614624,0.093750,0.035156,1.054688,-0.228516,-0.099609,-0.013672
0.626221,0.347656,-0.570312,-1.191406,-0.111328,-0.242187,-0.029297
0.640625,-1.316406,-0.179687,-0.125000,-0.023437,-0.339844,0.097656
0.657227,1.289063,-0.777344,-0.699219,0.240234,-0.031250,0.626953
0.675659,3.980469,-0.960937,-1.726563,0.298828,0.279297,0.568359
0.707520,-1.773438,0.421875,0.617187,0.085937,0.533203,0.341797
0.711548,-0.085937,0.671875,0.824219,-0.044922,0.554687,0.044922
0.708130,-1.148438,0.835937,1.195313,-0.285156,0.414062,-0.167969
0.699585,-4.066406,0.949219,2.324219,-0.541016,0.023437,-0.716797
0.672241,-1.105469,0.503906,0.378906,-0.500000,-0.265625,-0.550781
0.672363,2.089844,-0.937500,-1.632813,0.001953,-0.341797,-0.052734
0.681519,1.703125,-0.906250,-2.515625,0.158203,-0.148437,0.046875
0.700928,4.164062,-0.980469,-1.734375,0.302734,0.470703,0.484375
0.716309,1.546875,-0.421875,-0.433594,0.220703,0.777344,0.437500
0.726929,-0.398438,0.070312,0.156250,0.037109,0.863281,0.439453
0.740601,-0.425781,0.222656,1.417969,-0.304688,0.646484,0.207031
0.741211,-1.972656,1.097656,0.406250,-0.214844,0.164062,-0.105469
0.737671,-0.671875,0.531250,-0.039063,-0.115234,-0.208984,-0.228516
0.712646,-2.140625,0.589844,-0.535156,-0.128906,-0.642578,-0.652344
0.694458,-2.429688,0.468750,-0.339844,-0.091797,-0.751953,-0.472656
0.683960,1.546875,-0.714844,0.273438,-0.019531,-0.490234,-0.152344
0.659790,0.953125,-0.890625,-1.863281,0.246094,-0.109375,-0.128906
0.660522,0.363281,-1.019531,-2.628906,0.638672,0.693359,0.419922
0.671753,4.976562,-1.257813,-3.222656,0.070312,0.580078,-0.113281
0.679199,-3.281250,-0.269531,2.222656,-0.177734,0.427734,-0.263672
0.686279,3.605469,0.902344,-0.281250,-0.005859,0.294922,0.125000
0.690063,1.300781,2.027344,0.117188,-0.062500,-0.169922,0.357422
0.689209,1.617188,2.296875,2.406250,-0.322266,-0.310547,0.302734
0.686646,-4.613281,-1.648438,-1.660156,-0.066406,-0.220703,-0.144531
0.687988,1.601563,-0.582031,-1.933594,0.062500,-0.035156,-0.003906
0.694702,-0.207031,-0.859375,-1.214844,0.085937,-0.001953,0.039063
0.717773,0.031250,-0.246094,-0.003906,-0.070312,0.169922,0.115234
0.731201,0.789062,-0.230469,0.875000,-0.218750,0.517578,0.158203
0.736694,0.347656,-0.238281,0.093750,-0.339844,0.472656,-0.013672
0.733765,-1.777344,0.160156,0.644531,-0.333984,0.095703,-0.214844
0.722656,-1.339844,0.476562,0.226562,-0.125000,-0.363281,-0.242187
0.710083,-1.093750,0.492187,-1.062500,0.103516,-0.814453,-0.322266
0.700562,-0.085937,0.000000,-1.390625,0.216797,-0.722656,-0.132812
0.700439,1.574219,-0.906250,-0.093750,0.369141,-0.285156,0.171875
0.715454,2.011719,-0.683594,-1.320313,0.347656,0.228516,0.468750
0.731812,-0.285156,-0.128906,0.714844,0.121094,0.388672,0.259766
0.755737,0.320313,-0.261719,1.613281,-0.144531,0.908203,0.236328
0.754517,-0.847656,-0.074219,1.839844,-0.855469,0.613281,-0.316406
0.746704,-4.128906,0.214844,4.218750,-0.623047,0.052734,-1.103516
0.724976,1.316406,-1.785156,-8.125000,0.302734,0.603516,-0.826172
0.719971,3.062500,1.187500,2.246094,0.158203,0.601562,-0.251953
0.716919,3.062500,1.148438,2.160156,0.082031,0.414062,0.337891
0.708252,3.398438,1.820313,1.921875,-0.042969,0.113281,0.373047
0.703857,-0.714844,0.902344,3.648438,-0.390625,-0.154297,0.210937
0.700073,-0.500000,0.289063,1.027344,-0.367188,-0.187500,0.105469
0.705688,-0.375000,-0.246094,-1.152344,-0.099609,-0.150391,0.027344
0.711914,-0.414062,-0.925781,-1.925781,0.027344,0.062500,0.048828
0.720093,0.128906,-0.421875,-0.671875,0.029297,0.148437,0.074219
0.727417,-0.230469,-0.230469,0.921875,-0.087891,-0.007813,0.082031
0.741089,-0.535156,-0.136719,1.128906,-0.103516,0.136719,0.232422
0.747437,1.304688,-0.382813,0.050781,0.031250,0.630859,0.226562
0.752075,0.269531,-0.011719,0.417969,-0.101563,0.667969,0.085937
0.751221,-1.281250,0.421875,1.304688,-0.439453,0.324219,-0.187500
0.744629,-1.980469,0.476562,1.496094,-0.339844,0.041016,-0.314453
0.734131,-0.687500,0.316406,-0.242187,-0.289063,-0.488281,-0.449219
0.730469,2.101563,-0.656250,-2.761719,0.093750,-0.128906,-0.003906
0.734985,1.464844,-0.398438,-0.921875,0.130859,-0.003906,0.041016
0.744385,0.550781,-0.136719,-0.371094,0.193359,0.345703,0.193359
0.762817,1.488281,-0.281250,0.296875,0.089844,0.855469,0.298828
0.767456,-0.140625,-0.066406,1.328125,-0.285156,0.833984,0.240234
0.768555,-1.175781,0.234375,2.183594,-0.375000,0.292969,-0.083984
0.762817,-2.078125,0.484375,0.070312,-0.367188,-0.058594,-0.218750
0.754395,-0.394531,0.332031,-1.054688,-0.087891,-0.388672,-0.259766
0.743896,-1.000000,0.625000,-1.152344,-0.171875,-0.718750,-0.558594
0.726562,-1.625000,0.355469,1.539063,-0.126953,-0.562500,-0.287109
0.716553,2.695313,-0.808594,0.031250,0.058594,-0.109375,-0.013672
0.719727,0.160156,-0.273438,-1.417969,0.199219,0.238281,0.052734
0.727905,1.648438,-0.250000,-1.050781,0.156250,0.685547,0.228516
0.746094,1.363281,-0.128906,1.324219,-0.328125,0.525391,0.009766
0.745483,-2.273438,0.125000,3.589844,-0.568359,0.117188,-0.166016
0.739624,-0.613281,0.339844,-1.664063,-0.222656,-0.021484,-0.181641
0.727905,1.386719,0.101563,-2.085938,0.080078,-0.203125,0.001953
0.728027,-0.542969,-0.089844,0.261719,0.101563,-0.195312,-0.007813
0.731934,0.101563,-0.210937,-0.621094,0.158203,0.074219,0.195312
0.749878,1.863281,-0.312500,-0.421875,0.128906,0.255859,0.203125
0.753662,-2.304688,0.355469,0.496094,0.025391,0.384766,0.119141
0.752319,1.449219,-0.105469,0.726562,-0.158203,0.287109,-0.048828
0.720825,-1.875000,0.285156,1.683594,-0.300781,-0.056641,-0.359375
0.692383,-3.046875,-0.343750,-1.210938,-0.148437,-0.078125,-0.697266
0.683105,1.945313,-0.839844,-4.222656,0.107422,0.513672,-0.082031
0.685547,4.406250,1.050781,-0.132812,0.013672,0.287109,0.306641
0.695679,1.824219,1.917969,2.144531,-0.238281,-0.062500,0.087891
0.700439,-1.835938,0.261719,2.257813,-0.289063,-0.195312,-0.064453
0.699707,-0.367188,-0.304688,-2.007813,-0.042969,-0.298828,-0.134766
0.690308,-0.511719,-0.121094,-1.890625,0.164062,-0.628906,-0.056641
0.686890,-0.062500,-0.171875,-0.750000,0.244141,-0.580078,0.033203
0.688599,2.097656,-0.375000,-3.039063,0.523437,0.050781,0.259766
0.713013,0.605469,-0.457031,-0.933594,0.324219,0.568359,0.121094
0.734741,-0.136719,-0.121094,0.218750,-0.162109,0.835937,0.248047
0.748169,0.968750,-0.250000,4.003906,-0.576172,0.507812,0.068359
0.754761,-0.984375,0.441406,1.324219,-0.507812,-0.054687,0.003906
0.753296,-0.878906,0.738281,-0.773437,-0.261719,-0.828125,-0.074219
0.750244,-0.656250,0.171875,-0.710937,0.392578,-0.476562,0.216797
0.743652,3.175781,-0.488281,-5.546875,0.507812,-0.027344,0.101563
0.737549,-0.382813,-0.242187,0.082031,0.332031,0.410156,-0.050781
0.731079,-0.480469,0.003906,1.117188,0.156250,0.328125,-0.417969
0.716187,-3.867188,0.378906,1.988281,-0.269531,-0.095703,-0.980469
0.650269,-2.980469,-0.679687,1.769531,-0.144531,-0.009766,-0.599609
0.630127,3.121094,1.484375,-0.890625,0.046875,-0.044922,-0.123047
0.611816,3.296875,2.054688,1.800781,-0.316406,-0.187500,0.224609
0.619141,0.011719,-0.527344,3.386719,-0.402344,-0.347656,-0.144531
0.636475,-3.246094,-1.316406,0.562500,-0.158203,-0.375000,-0.041016
0.652222,-0.050781,-0.503906,-1.750000,0.027344,-0.187500,0.066406
0.689453,1.710938,-0.613281,-0.511719,0.031250,0.232422,0.476562
0.718262,2.945313,-0.496094,-0.152344,-0.033203,0.505859,0.574219
0.735962,1.300781,-0.171875,0.500000,-0.062500,0.464844,0.488281
0.748413,-1.117188,0.484375,-0.066406,-0.003906,0.197266,0.203125
0.746460,-2.632813,0.664062,0.222656,0.066406,0.361328,0.041016
0.744995,-0.121094,0.472656,-1.578125,0.005859,0.570312,-0.015625
0.738525,0.824219,0.242187,0.445312,-0.392578,-0.101563,-0.500000
0.728271,-3.316406,0.410156,1.929688,-0.199219,-0.324219,-0.302734
0.732178,4.359375,-0.746094,-3.292969,0.082031,-0.007813,0.027344
0.740601,1.066406,-0.218750,-0.625000,0.142578,0.150391,0.082031
0.754639,0.972656,-0.257813,-0.082031,0.095703,0.185547,0.230469
0.762207,0.859375,-0.242187,0.957031,0.033203,0.423828,0.414062
0.765259,1.445313,-0.171875,-0.429687,0.039063,0.607422,0.228516
0.766357,-0.882812,0.265625,0.609375,-0.220703,0.546875,0.074219
0.763550,-1.601563,0.593750,1.906250,-0.435547,0.121094,-0.169922
0.743164,-3.527344,0.640625,2.031250,-0.410156,-0.501953,-0.498047
0.736206,1.750000,-0.683594,-3.039063,0.070312,-0.285156,-0.255859
0.736450,1.535156,-0.515625,-0.980469,0.261719,-0.148437,0.060547
0.736572,2.644531,-0.714844,-2.628906,0.605469,0.382813,0.304688
0.736450,-0.792969,-0.738281,-0.617187,0.441406,0.496094,-0.230469
0.723877,-4.136719,-0.304688,-0.441406,0.533203,-0.212891,-1.171875
0.699951,0.410156,0.617187,-1.085938,0.835937,-0.664062,-1.197266
0.636841,1.394531,3.789063,4.390625,0.064453,-0.607422,-0.707031
0.593506,5.156250,3.136719,0.539062,0.298828,-0.406250,0.257813
0.560425,1.074219,1.566406,2.707031,0.173828,-0.902344,0.837891
0.535400,-4.687500,-2.484375,1.941406,0.003906,-0.978516,0.085937
0.524414,-6.023437,-1.589844,0.375000,-0.271484,-1.072266,-0.330078
0.511475,4.394531,1.199219,0.929687,-0.378906,-0.505859,0.337891
0.521240,2.222656,1.070313,0.402344,-0.404297,-0.228516,0.613281
0.597534,-0.296875,-0.835937,2.035156,-0.470703,-0.337891,0.357422
0.638672,-2.656250,-1.324219,0.390625,-0.503906,-0.234375,0.230469
0.659302,0.031250,-0.613281,-3.468750,-0.033203,-0.150391,0.052734
0.659790,-1.156250,-0.312500,-2.375000,0.304688,-0.033203,-0.080078
0.654785,0.054687,-0.687500,-2.367188,0.548828,0.195312,-0.103516
0.649170,0.929687,-2.085938,-3.039063,0.728516,0.580078,-0.478516
0.647095,-5.386719,-3.656250,-6.457031,1.058594,0.857422,-0.589844
0.654541,3.386719,1.859375,4.785156,0.117188,0.703125,0.263672
0.657349,0.500000,2.050781,0.632812,-0.089844,0.591797,0.556641
0.666748,0.625000,2.105469,0.570312,0.273438,0.414062,0.623047
0.670166,-0.550781,0.359375,2.023438,0.830078,0.414062,0.535156
0.672607,-1.976563,2.632813,6.285156,0.566406,0.056641,0.187500
0.670776,-1.324219,2.527344,8.285156,-0.320313,-0.443359,0.003906
0.658447,-0.015625,0.558594,0.289063,-0.166016,-0.501953,0.037109
0.656494,0.503906,-0.773437,-1.570313,-0.101563,-0.326172,0.150391
0.656860,-1.761719,-1.457031,-2.582031,0.080078,-0.121094,-0.099609
0.656128,-0.523437,-0.367188,-0.519531,0.019531,0.015625,-0.207031
0.651855,-0.453125,0.535156,0.867187,-0.054687,-0.193359,-0.230469
0.647339,1.937500,1.031250,2.039063,-0.402344,-0.185547,0.058594
0.650269,0.175781,-0.605469,0.386719,-0.392578,-0.138672,0.099609
0.664185,-0.398438,-0.675781,-0.746094,-0.287109,-0.033203,0.041016
0.675537,-0.554687,-0.468750,-0.585937,-0.195312,-0.068359,0.023437
0.695679,0.796875,-0.527344,0.511719,-0.197266,-0.083984,0.136719
0.709717,1.714844,-0.566406,-0.339844,-0.207031,0.285156,0.328125
0.723267,0.421875,-0.105469,-1.335938,-0.248047,0.904297,0.343750
0.728149,-0.218750,0.421875,0.011719,-0.361328,0.685547,-0.001953
0.719360,-1.367188,0.363281,-1.648438,-0.289063,0.289063,-0.292969
0.704102,-1.269531,0.644531,-0.968750,-0.191406,-0.072266,-0.517578
0.687500,-0.675781,-0.191406,0.847656,-0.275391,-0.244141,-0.457031
0.694702,2.449219,-0.933594,-1.832031,0.095703,-0.320313,-0.019531
0.702759,1.363281,-0.511719,0.261719,0.095703,-0.458984,0.167969
0.713745,2.488281,-1.093750,-0.773437,0.226562,-0.062500,0.601562
0.741089,3.089844,-0.550781,-2.507813,0.423828,0.679687,0.888672
0.745972,0.218750,-0.226562,0.117188,0.248047,0.976562,0.847656
0.750854,-4.210937,2.011719,2.300781,-0.021484,0.460937,0.447266
0.742920,-2.312500,1.308594,2.515625,-0.251953,-0.337891,-0.021484
0.734863,-0.406250,0.312500,-1.253906,0.087891,-0.748047,-0.146484
0.725952,-1.562500,0.648437,-4.417969,0.539062,-0.759766,-0.314453
0.711426,-1.519531,0.316406,2.968750,0.078125,-0.455078,-0.599609
0.703613,-0.847656,-0.074219,2.179688,-0.375000,-0.177734,-0.765625
0.708252,1.902344,-0.863281,-0.093750,-0.308594,0.312500,-0.246094
0.741577,3.832031,-1.054688,-1.750000,-0.302734,0.806641,-0.039063
0.749756,0.039063,0.039063,1.777344,-0.558594,0.644531,-0.085937
0.749023,-2.160156,0.792969,1.625000,-0.634766,-0.222656,-0.261719
0.739990,0.085937,0.292969,-2.191406,-0.175781,-0.269531,-0.181641
0.715942,0.566406,-0.296875,-2.847656,0.089844,-0.419922,-0.279297
0.707520,0.718750,-0.367188,-0.562500,0.177734,-0.501953,-0.228516
0.707642,1.101563,-0.464844,0.601562,0.160156,-0.382813,-0.027344
0.713135,2.761719,-0.695312,-2.035156,0.480469,0.183594,0.414062
0.718018,1.277344,-0.191406,-0.679687,0.275391,0.535156,0.294922
0.719971,-1.921875,0.324219,2.167969,-0.162109,0.597656,-0.037109
0.715942,-2.660156,0.093750,3.507813,-0.716797,0.216797,-0.423828
0.702881,-1.671875,-0.074219,-0.773437,-0.246094,-0.042969,-0.619141
0.693237,0.308594,-1.011719,-5.222656,0.242187,0.103516,-0.357422
0.686768,3.375000,1.425781,0.343750,0.298828,0.216797,0.234375
0.688232,1.101563,1.570313,3.078125,-0.035156,0.005859,0.431641
0.692627,-2.085938,-1.085938,1.332031,-0.101563,-0.062500,0.017578
0.706299,-0.355469,-0.390625,-0.191406,-0.064453,0.052734,0.046875
0.718384,-0.421875,-0.191406,0.277344,-0.041016,-0.039063,0.052734
0.727783,0.742187,-0.250000,0.636719,-0.103516,0.037109,0.162109
0.733765,1.746094,-0.343750,-0.875000,-0.019531,0.667969,0.269531
0.749634,1.226563,-0.164062,-0.828125,-0.113281,0.843750,0.199219
0.749878,-2.855469,0.507812,3.101563,-0.509766,0.423828,-0.103516
0.745972,-1.738281,0.484375,0.000000,-0.480469,-0.041016,-0.298828
0.735840,-0.460937,0.316406,-0.726562,-0.210937,-0.267578,-0.285156
0.735840,-0.476562,-0.417969,-0.019531,-0.066406,-0.472656,-0.171875
0.733032,-0.605469,-0.320313,-1.269531,0.070312,-0.605469,-0.142578
0.717529,2.050781,-0.609375,-5.476562,0.818359,0.179687,0.087891
0.718628,3.714844,-0.949219,-4.460937,0.912109,0.824219,0.080078
0.713867,-5.679687,-2.175781,1.238281,0.400391,0.611328,-0.876953
0.705688,3.835938,0.925781,2.070313,-0.207031,0.308594,-0.507812
0.703857,3.367188,1.585938,1.550781,-0.316406,0.296875,0.091797
0.703247,2.121094,2.113281,-0.718750,0.201172,0.140625,0.474609
0.701172,-1.777344,1.035156,4.167969,0.304688,0.050781,0.447266
0.698120,-2.894531,1.210938,6.750000,-0.392578,-0.433594,0.095703
0.688354,-0.898437,-0.152344,-0.648437,-0.261719,-0.519531,-0.013672
0.681519,0.144531,-0.988281,-2.882813,-0.037109,-0.384766,-0.050781
0.671143,-0.039063,-0.496094,-1.175781,0.048828,-0.160156,-0.078125
0.669312,0.011719,-0.007813,0.902344,-0.095703,-0.048828,-0.080078
0.669556,0.617187,0.308594,1.437500,-0.259766,-0.083984,0.013672
0.685059,-0.929687,-0.214844,0.500000,-0.269531,-0.238281,-0.099609
0.688965,0.265625,0.093750,-0.671875,-0.164062,-0.267578,-0.099609
0.691528,-0.171875,-0.015625,-0.160156,-0.107422,-0.412109,-0.060547
0.680420,-0.753906,-0.050781,0.066406,-0.068359,-0.722656,-0.062500
0.676025,-0.105469,-0.480469,-1.449219,0.193359,-0.697266,0.068359
0.673218,2.898438,-0.511719,-1.812500,0.464844,0.019531,0.390625
0.699341,-0.871094,0.261719,1.574219,0.140625,0.400391,0.218750
0.718872,0.488281,0.054687,1.394531,-0.125000,0.832031,0.230469
0.725464,-0.132812,0.078125,0.859375,-0.412109,0.847656,-0.062500
0.723511,-1.632813,0.707031,0.214844,-0.638672,0.171875,-0.341797
0.710571,0.933594,0.585937,-2.132813,-0.189453,-0.068359,-0.263672
0.710327,0.156250,-0.003906,-0.878906,0.037109,-0.292969,-0.146484
0.712769,0.785156,-0.703125,-1.535156,0.195312,-0.089844,0.021484
0.731812,1.253906,-0.210937,0.269531,0.212891,0.066406,0.132812
0.741333,1.582031,-0.121094,1.257813,0.062500,0.513672,0.281250
0.755005,-1.273438,0.019531,0.988281,-0.101563,0.357422,0.210937
0.760620,0.820312,-0.496094,-1.242188,0.130859,0.605469,0.185547
0.755615,-1.921875,-0.386719,-5.289062,0.583984,0.525391,-0.062500
0.740723,-4.964844,-2.996094,-8.257813,1.734375,0.298828,-0.943359
0.716431,1.000000,-0.648437,-5.710937,2.019531,0.199219,-0.574219
0.705566,7.328125,2.277344,4.320312,0.982422,-0.242187,0.609375
0.687378,2.320313,1.847656,1.101563,0.703125,-0.328125,1.228516
0.671265,-0.347656,0.441406,1.160156,0.792969,-0.181641,1.230469
0.674438,-1.003906,0.562500,3.242188,0.388672,-0.636719,0.951172
0.674194,-4.445312,1.777344,5.910156,-0.439453,-0.707031,0.566406
0.663696,-3.347656,-1.410156,-0.667969,-0.585937,-0.388672,0.175781
0.649658,-4.468750,-2.734375,-3.953125,-0.144531,-0.097656,-0.552734
0.641235,-2.714844,-1.687500,-1.871094,-0.103516,-0.062500,-0.865234
0.644897,-0.496094,1.500000,3.257813,-0.492187,-0.226562,-0.400391
0.659058,2.804688,0.550781,-1.359375,0.015625,-0.150391,0.103516
0.663574,0.753906,0.488281,0.714844,0.052734,-0.220703,0.195312
0.663818,-1.285156,-0.156250,0.117188,-0.044922,-0.140625,-0.031250
0.657227,-0.144531,0.234375,0.257813,-0.246094,-0.037109,-0.029297
0.652344,-0.566406,-0.359375,0.234375,-0.255859,-0.158203,-0.044922
0.645630,-1.253906,0.031250,0.488281,-0.279297,-0.388672,-0.171875
0.638428,0.343750,0.656250,1.195313,-0.402344,-0.363281,0.009766
0.642456,0.699219,-0.269531,0.238281,-0.449219,-0.224609,0.261719
0.656616,-1.363281,-1.226563,-1.523438,-0.285156,-0.064453,0.015625
0.697144,1.769531,-0.359375,-1.699219,-0.154297,0.251953,0.193359
0.715576,0.285156,-0.367188,-0.503906,-0.179687,0.216797,0.314453
0.727417,0.601562,0.019531,-0.210937,-0.085937,0.503906,0.435547
0.732178,-1.437500,0.691406,0.675781,-0.099609,0.390625,0.150391
0.737183,-0.828125,0.660156,0.492187,-0.136719,0.410156,-0.017578
0.735352,-0.652344,0.546875,0.777344,-0.212891,-0.169922,-0.380859
0.727173,-0.343750,0.054687,-1.628906,-0.238281,-0.503906,-0.648437
0.705688,0.535156,-0.550781,-0.246094,-0.220703,-0.474609,-0.466797
0.710815,3.011719,-1.023438,-2.238281,0.085937,-0.097656,-0.031250
0.718994,0.910156,-0.335938,-1.066406,0.128906,0.125000,0.167969
0.740601,1.441406,-0.433594,0.304688,0.027344,0.552734,0.398438
0.747681,-0.593750,0.062500,1.121094,-0.125000,0.847656,0.304688
0.748901,-0.269531,0.132812,0.843750,-0.273438,1.009766,0.220703
0.740601,-1.480469,0.625000,0.683594,-0.458984,0.402344,-0.089844
0.735596,0.234375,0.433594,-1.132813,-0.138672,0.056641,-0.199219
0.726929,-3.089844,0.714844,-1.175781,-0.089844,-0.390625,-0.601562
0.711182,-0.773437,-0.441406,0.855469,-0.107422,-0.630859,-0.464844
0.714966,3.035156,-0.765625,-0.875000,0.080078,-0.125000,-0.041016
0.721191,0.167969,-0.042969,-0.230469,0.101563,0.115234,0.003906
0.729980,1.964844,-0.417969,0.687500,-0.001953,0.408203,0.230469
0.751709,0.425781,-0.472656,0.457031,-0.046875,0.601562,0.300781
0.756226,-0.523437,-0.019531,-0.625000,-0.101563,0.767578,0.332031
0.756836,-0.859375,0.347656,2.316406,-0.230469,0.716797,0.132812
0.748169,-2.890625,0.562500,1.519531,-0.507812,0.365234,-0.228516
0.741211,-2.562500,0.687500,1.812500,-0.617187,-0.146484,-0.455078
0.727051,0.058594,0.324219,-2.765625,-0.214844,-0.634766,-0.564453
0.685791,2.277344,-0.250000,-0.660156,0.033203,-0.697266,-0.298828
0.681396,1.839844,-0.378906,-0.589844,0.242187,-0.451172,-0.015625
0.684448,1.488281,-0.234375,-0.453125,0.279297,-0.175781,0.171875
0.709717,-0.105469,-0.203125,-0.335938,0.212891,0.050781,0.064453
0.721313,1.679688,-0.625000,-0.566406,0.230469,0.263672,0.199219
0.738159,1.007813,-0.148437,-0.316406,0.173828,0.757812,0.285156
0.754028,-0.714844,0.332031,3.550781,-0.291016,0.613281,0.169922
0.752197,-2.300781,0.855469,1.468750,-0.449219,0.185547,-0.160156
0.748047,-1.312500,0.171875,-0.140625,-0.507812,-0.052734,-0.380859
0.738770,-1.398438,0.082031,-1.316406,-0.341797,-0.171875,-0.525391
0.719116,1.363281,-0.546875,-1.308594,-0.091797,-0.054687,-0.220703
0.719849,1.855469,-0.480469,-1.156250,0.083984,0.103516,0.046875
0.723999,0.738281,-0.089844,1.156250,-0.085937,0.375000,0.146484
0.740234,-0.640625,0.003906,0.039063,-0.101563,0.263672,0.105469
0.745605,0.929687,0.066406,-0.781250,0.039063,0.128906,0.140625
0.746582,-0.816406,0.488281,-0.261719,0.087891,0.007813,0.031250
0.747192,0.585937,0.179687,0.359375,0.066406,0.400391,0.042969
0.746582,-1.667969,0.441406,1.515625,-0.257813,0.222656,-0.302734
0.740479,-4.902344,0.699219,5.234375,-0.623047,-0.585937,-0.535156
0.730469,2.460938,-0.695312,-2.808594,0.050781,-0.183594,-0.095703
0.722290,0.414062,-0.640625,-2.925781,0.414062,0.199219,-0.044922
0.713745,2.054688,-1.000000,-1.003906,0.521484,0.585937,0.125000
0.703369,-3.644531,-0.234375,0.601562,0.353516,0.193359,-0.255859
0.699219,0.636719,1.386719,2.785156,0.000000,0.029297,-0.011719
0.699097,0.550781,1.632813,2.515625,-0.337891,-0.285156,0.087891
0.698853,0.906250,-0.250000,1.195313,-0.296875,-0.386719,0.050781
0.717896,-0.636719,-1.152344,-1.386719,-0.091797,-0.164062,0.089844
0.726318,1.019531,-0.488281,-1.195313,0.064453,0.056641,0.111328
0.736572,1.496094,-0.289063,0.296875,0.031250,0.558594,0.269531
0.756836,-0.777344,0.425781,1.761719,-0.136719,0.494141,0.128906
0.757690,-0.898437,0.488281,1.308594,-0.244141,0.169922,0.027344
0.754883,-0.664062,-0.003906,-1.128906,-0.175781,0.240234,-0.097656
0.744141,-0.792969,0.296875,-0.468750,-0.195312,0.195312,-0.287109
0.736572,-3.367188,0.585937,2.093750,-0.476562,-0.455078,-0.519531
0.739014,4.359375,-0.832031,-2.183594,0.029297,0.029297,0.066406
0.744995,-0.351563,-0.148437,-1.214844,0.046875,-0.042969,-0.046875
0.740234,0.414062,-0.195312,-0.910156,0.187500,0.240234,-0.033203
0.731445,-1.003906,-0.519531,-0.261719,0.201172,-0.009766,-0.115234
0.711670,-0.214844,-0.824219,-2.476563,0.687500,0.230469,-0.167969
0.709106,1.074219,1.171875,2.769531,0.621094,0.414062,-0.193359
0.704590,1.113281,2.292969,5.066406,0.017578,0.123047,-0.011719
0.700562,1.128906,2.437500,5.382812,-0.509766,-0.193359,0.187500
0.706055,-0.097656,1.035156,4.296875,-0.708984,-0.416016,-0.037109
0.723022,1.554688,-0.777344,-4.445312,-0.308594,-0.076172,0.021484
0.735107,-0.007813,-0.378906,-2.015625,0.009766,0.060547,0.070312
0.758545,1.410156,-0.289063,0.726562,-0.070312,0.369141,0.257813
0.763550,1.449219,-0.187500,0.542969,-0.154297,0.775391,0.271484
0.766724,-1.335938,0.417969,0.207031,-0.271484,0.677734,0.130859
0.764160,-0.953125,0.171875,-0.929687,-0.113281,0.341797,-0.005859
0.756958,-1.972656,0.242187,0.781250,-0.257813,-0.208984,-0.308594
0.748657,-2.601563,0.488281,-0.031250,-0.074219,-0.656250,-0.388672
0.741821,1.359375,-0.488281,-0.058594,0.046875,-0.337891,-0.123047
0.746948,-0.289063,-0.312500,-0.281250,0.056641,-0.152344,-0.080078
0.753540,0.972656,-0.687500,1.042969,-0.177734,-0.029297,0.132812
0.766724,1.710938,-0.761719,0.187500,-0.185547,0.052734,0.423828
0.776978,0.250000,0.082031,1.328125,-0.076172,-0.425781,0.523437
0.771606,-0.042969,0.789062,0.492187,0.156250,-0.734375,0.541016
0.766846,1.164063,1.308594,-2.195313,0.724609,-0.898437,0.507812
0.757812,-1.011719,0.648437,-1.390625,0.457031,-0.529297,0.148437
0.755737,-0.554687,-0.906250,-3.132813,0.468750,0.146484,-0.025391
0.755737,0.488281,-0.769531,-6.890625,1.197266,0.468750,-0.095703
0.737549,-3.074219,-1.000000,-4.035156,1.390625,0.193359,-0.714844
0.731079,-0.171875,-3.257813,-1.136719,1.189453,0.324219,-0.427734
0.729004,2.394531,0.925781,5.718750,-0.273438,0.052734,0.187500
0.723389,2.640625,0.390625,-3.644531,0.199219,0.031250,0.601562
0.725342,2.406250,0.710937,-3.921875,0.876953,-0.257813,0.705078
0.722900,-3.210938,2.871094,7.500000,0.492187,-1.105469,0.072266
0.703979,2.105469,3.480469,3.472656,-0.095703,-1.277344,0.339844
0.682617,-0.546875,0.789062,-1.519531,0.480469,-1.054688,0.423828
0.654907,-1.015625,-3.468750,4.492187,0.755859,-0.833984,0.492187
0.654053,-7.089844,-2.351563,-0.808594,0.746094,-1.179688,-0.273438
0.650757,4.246094,1.546875,4.425781,-0.134766,-0.232422,-0.068359
0.659302,-1.214844,-1.171875,1.070313,-0.162109,0.193359,0.273438
0.663086,-0.769531,-0.277344,-0.218750,-0.142578,-0.013672,0.091797
0.666748,-1.085938,0.039063,0.832031,-0.089844,0.044922,-0.041016
0.669556,-0.417969,0.660156,1.332031,-0.271484,-0.007813,-0.150391
0.675903,2.593750,0.589844,0.902344,-0.375000,-0.232422,0.244141
0.684937,-2.875000,-0.781250,0.253906,-0.361328,-0.251953,0.466797
0.712891,-0.625000,-0.402344,-0.015625,-0.470703,-0.105469,-0.041016
0.723877,-0.554687,-0.242187,-2.171875,-0.326172,0.332031,-0.169922
0.725098,-2.457031,0.445312,1.312500,-0.380859,-0.113281,-0.312500
0.713379,-1.019531,0.230469,-2.699219,-0.335938,-0.855469,-0.472656
0.701782,0.582031,-0.496094,-1.824219,-0.054687,-1.144531,-0.451172
0.691162,2.226563,-0.566406,-2.589844,0.330078,-0.939453,-0.144531
0.689575,2.777344,-0.687500,0.269531,0.527344,-0.349609,0.210937
0.725952,2.457031,-0.550781,-1.027344,0.460937,0.453125,0.552734
0.744019,0.414062,-0.082031,1.812500,0.250000,1.171875,0.714844
0.754883,-3.605469,0.492187,3.164063,-0.218750,1.214844,0.244141
0.745850,-3.910156,1.558594,2.179688,-1.009766,0.738281,-0.314453
0.727661,-0.152344,0.984375,-2.117188,-0.951172,-0.066406,-0.697266
0.694214,-1.847656,1.390625,-2.464844,-0.462891,-0.363281,-0.927734
0.624023,-0.273438,0.214844,-1.351563,-0.279297,-0.855469,-0.951172
0.632080,2.031250,-1.531250,-1.070313,0.070312,-0.539062,-0.185547
0.656982,0.929687,-0.917969,-1.093750,0.244141,-0.203125,0.085937
0.716675,1.773438,-0.664062,-0.273438,0.294922,0.251953,0.419922
0.739746,1.277344,-0.433594,0.277344,0.189453,0.373047,0.601562
0.754639,1.105469,0.125000,0.375000,0.097656,0.843750,0.763672
0.761353,-2.292969,1.070313,2.328125,-0.216797,1.320313,0.638672
0.761841,-2.101563,1.382813,1.582031,-0.453125,0.904297,0.113281
0.759033,-2.707031,0.769531,0.265625,-0.558594,0.337891,-0.304688
0.752808,-2.066406,0.441406,-1.386719,-0.396484,-0.460937,-0.621094
0.736450,2.566406,-1.089844,-2.136719,-0.281250,-0.673828,-0.630859
0.739014,2.972656,-0.753906,-1.996094,0.166016,0.009766,-0.015625
0.743530,0.390625,-0.027344,1.195313,0.041016,0.187500,0.076172
0.755737,0.699219,-0.324219,0.972656,-0.005859,0.302734,0.152344
0.761108,0.386719,-0.332031,-0.851562,-0.152344,0.513672,0.296875
0.764648,-1.273438,-0.011719,-0.925781,0.027344,0.341797,0.185547
0.768066,-1.335938,0.726562,0.589844,0.087891,0.500000,0.208984
0.766479,-0.546875,0.417969,1.984375,-0.033203,0.406250,0.001953
0.763184,-3.425781,0.761719,1.945313,-0.347656,0.058594,-0.306641
0.743286,-1.722656,0.402344,0.515625,-0.562500,-0.240234,-0.611328
0.742310,2.101563,-0.265625,-1.445313,-0.070312,-0.144531,-0.189453
0.742432,0.078125,0.082031,1.335938,0.046875,0.134766,0.005859
0.744263,0.410156,-0.027344,0.093750,-0.052734,0.238281,0.062500
0.755249,-0.417969,-0.101563,-0.421875,-0.021484,0.255859,0.041016
0.757935,0.117188,-0.019531,-0.175781,-0.033203,-0.140625,0.001953
0.756104,0.492187,0.019531,-0.734375,0.001953,-0.140625,0.033203
0.760498,0.468750,-0.085937,-0.242187,0.041016,0.000000,0.064453
0.766968,0.339844,-0.117188,0.093750,0.007813,0.132812,0.105469
0.770386,-0.058594,0.003906,-0.535156,-0.019531,0.123047,0.140625
0.774658,0.128906,0.050781,-0.597656,0.082031,0.150391,0.091797
0.770874,-0.261719,-0.062500,-0.144531,0.083984,0.353516,0.080078
0.758423,-1.917969,-0.355469,-0.730469,0.169922,0.337891,-0.130859
0.711670,-3.007813,-1.289063,-3.257813,-0.048828,-0.087891,-0.623047
0.693481,3.531250,0.683594,-0.945312,0.394531,0.097656,-0.835937
0.674438,1.363281,1.394531,3.039063,0.181641,0.283203,-0.498047
0.663818,2.742188,0.906250,3.085938,-0.255859,0.236328,-0.097656
0.667358,1.449219,0.789062,1.898438,-0.203125,-0.037109,0.322266
0.670288,-1.445313,-0.265625,0.550781,-0.330078,-0.179687,0.410156
0.672607,-1.562500,-0.808594,-1.117188,-0.378906,-0.111328,0.058594
0.678711,-0.535156,-0.464844,-2.121094,-0.117188,-0.019531,-0.064453
0.687622,-0.136719,-0.156250,-0.039063,0.076172,-0.316406,-0.019531
0.689819,-0.007813,-0.203125,1.121094,0.048828,-0.564453,0.033203
0.684082,-0.105469,-0.203125,-0.718750,0.039063,-0.580078,0.046875
0.685913,0.820312,-0.433594,-1.738281,0.257813,-0.261719,0.128906
0.697754,1.320313,-0.402344,0.503906,0.445312,0.773437,0.177734
0.728149,-1.765625,0.265625,5.507812,0.001953,1.117188,0.220703
0.744019,-1.535156,0.304688,2.402344,-0.566406,0.402344,0.015625
0.751465,1.054688,0.378906,0.167969,-0.365234,-0.013672,0.207031
0.743286,-0.371094,0.003906,-2.925781,-0.105469,-0.333984,0.042969
0.733154,-0.699219,-0.019531,-3.882813,0.238281,0.033203,-0.103516
0.715942,-1.996094,0.093750,-1.105469,0.701172,-0.103516,-0.423828
0.665283,-2.320313,-0.910156,2.671875,0.300781,-0.050781,-0.810547
0.626465,0.210937,1.058594,3.101563,-0.033203,0.052734,-0.679687
0.599731,-0.265625,1.476563,2.335938,-0.539062,-0.408203,-0.744141
0.584106,4.109375,1.675781,1.183594,-0.677734,-0.427734,-0.298828
0.616577,1.871094,-1.203125,-0.457031,-0.404297,-0.304688,0.083984
0.656128,-0.527344,-0.726562,-2.937500,-0.267578,-0.460937,0.042969
0.681519,2.628906,-1.476563,-2.804688,0.083984,-0.369141,0.150391
0.734253,4.847656,-1.375000,-0.468750,0.285156,0.386719,0.886719
0.755737,-1.242188,0.292969,1.359375,0.060547,0.767578,0.755859
0.761719,-1.539063,0.847656,1.234375,-0.136719,0.859375,0.544922
0.758545,-3.765625,1.054688,-0.210937,-0.132812,0.101563,0.056641
0.748047,0.101563,0.433594,-1.230469,-0.021484,-0.166016,-0.152344
0.726318,-1.285156,1.000000,-1.597656,0.136719,-0.378906,-0.410156
0.710693,-0.476562,-0.035156,2.722656,-0.146484,-0.523437,-0.529297
0.726562,4.730469,-1.531250,-1.964844,-0.283203,-0.253906,-0.156250
0.744263,-0.753906,-0.289063,-0.824219,-0.044922,0.175781,0.113281
0.769775,1.867188,-0.347656,-0.953125,0.048828,0.500000,0.238281
0.775513,0.000000,0.066406,1.835938,-0.082031,0.734375,0.267578
0.774414,-2.449219,0.472656,1.390625,-0.353516,0.478516,0.052734
0.771118,-1.468750,0.402344,-0.746094,-0.361328,-0.009766,-0.138672
0.760376,-0.429687,0.203125,-0.578125,-0.101563,0.054687,-0.146484
0.749634,-2.429688,0.523437,0.871094,-0.150391,0.048828,-0.330078
0.740723,2.757813,-0.792969,-0.738281,-0.259766,-0.070312,-0.335938
0.745728,0.910156,-0.148437,-1.304688,0.089844,-0.072266,-0.005859
0.746826,0.640625,-0.101563,-0.531250,-0.023437,-0.125000,0.019531
0.750488,0.582031,-0.171875,-0.191406,0.017578,0.046875,0.082031
0.760254,1.625000,-0.425781,0.433594,-0.019531,0.279297,0.214844
0.766724,-0.957031,0.250000,-0.722656,-0.019531,0.533203,0.177734
0.768433,0.085937,0.179687,0.003906,-0.021484,0.490234,0.087891
0.761230,-0.187500,0.187500,0.042969,-0.021484,0.500000,0.068359
0.742065,-4.160156,0.863281,1.648438,-0.144531,0.394531,-0.218750
0.723877,-2.476563,0.105469,0.328125,-0.462891,-0.396484,-0.705078
0.730835,2.558594,-0.523437,-2.093750,-0.232422,-0.384766,-0.267578
0.737793,0.441406,-0.074219,-0.414062,0.064453,-0.054687,0.027344
0.744995,0.933594,-0.179687,-0.292969,0.095703,0.166016,0.097656
0.754883,1.187500,-0.386719,0.394531,-0.003906,0.482422,0.246094
0.769287,0.031250,0.050781,1.269531,0.050781,0.591797,0.240234
0.771118,-1.023438,0.496094,0.671875,-0.193359,0.566406,0.162109
0.768799,-1.898438,0.511719,1.765625,-0.292969,0.333984,-0.064453
0.747070,-1.570313,0.359375,0.816406,-0.527344,-0.009766,-0.332031
0.736694,0.683594,-0.046875,-2.039063,-0.345703,-0.343750,-0.402344
0.724854,0.972656,-0.292969,-1.085938,0.083984,-0.478516,-0.230469
0.704590,0.433594,-0.085937,-0.726562,0.183594,-0.531250,-0.060547
0.698608,0.964844,-0.058594,-0.335938,0.308594,-0.228516,0.021484
0.700806,-0.722656,-0.101563,-0.312500,0.101563,-0.027344,0.046875
0.710083,0.464844,-0.265625,-1.761719,0.183594,-0.062500,0.033203
0.721802,2.281250,-0.722656,-1.265625,0.332031,0.205078,0.189453
0.734863,1.386719,-0.242187,0.707031,0.251953,0.812500,0.417969
0.741943,-1.460938,0.976562,4.636719,-0.236328,0.720703,0.080078
0.741577,-2.519531,0.687500,0.703125,-0.693359,0.121094,-0.179687
0.735840,-1.250000,0.343750,-2.414063,-0.562500,-0.060547,-0.414062
0.724976,0.351563,-0.195312,-3.785156,-0.136719,-0.173828,-0.468750
0.697632,2.335938,-0.601562,0.574219,0.199219,-0.189453,-0.238281
0.699707,-0.003906,-0.187500,1.101563,0.097656,-0.066406,0.058594
0.706787,0.011719,-0.109375,-0.476562,0.031250,0.005859,0.035156
0.722168,0.527344,-0.109375,-1.527344,0.183594,0.220703,0.058594
0.728760,1.667969,-0.339844,0.125000,0.339844,0.701172,0.179687
0.734741,-1.054688,0.250000,4.578125,-0.027344,0.945312,0.240234
0.741699,-2.957031,1.230469,2.667969,-0.544922,0.349609,-0.089844
0.740356,-0.304688,0.355469,-0.132812,-0.453125,-0.037109,-0.185547
0.731201,-1.539063,0.105469,-1.464844,-0.361328,-0.375000,-0.396484
0.702515,0.187500,-0.578125,-0.175781,-0.083984,-1.021484,-0.417969
0.696167,1.804688,-0.562500,-2.964844,0.394531,-1.373047,-0.097656
0.711060,4.457031,-1.261719,-3.753906,0.667969,0.136719,0.335938
0.729980,1.945313,-0.363281,0.312500,0.443359,0.808594,0.283203
0.765747,-0.734375,0.347656,4.238281,0.031250,1.171875,0.433594
0.773193,-3.015625,0.695312,3.023438,-0.468750,0.554687,0.089844
0.771851,-0.105469,0.402344,0.464844,-0.306641,0.029297,0.056641
0.756836,2.167969,-0.515625,-4.906250,0.025391,-0.587891,-0.019531
0.753906,-0.113281,-0.441406,-3.683594,0.937500,-0.275391,0.216797
0.752930,-4.000000,-1.175781,0.878906,1.242188,-0.417969,-0.111328
0.747681,-4.332031,-1.937500,2.101563,1.275391,-0.441406,-0.628906
0.746338,0.167969,0.949219,5.921875,1.193359,-0.257813,0.279297
0.742798,0.296875,2.152344,5.667969,1.285156,-0.701172,0.648437
0.727295,-1.070313,2.949219,3.398438,1.343750,-1.406250,0.916016
0.720337,-3.570313,1.859375,0.371094,1.283203,-1.513672,0.941406
0.713379,-1.968750,1.117188,-4.773437,1.330078,-1.429688,0.511719
0.703491,4.324219,2.445313,-2.578125,1.949219,-1.296875,0.632812
0.698975,4.148437,1.496094,3.949219,1.457031,-1.167969,1.378906
0.692749,-5.980469,-6.394531,-11.460938,-0.818359,-1.734375,0.464844
0.669189,2.941406,-2.375000,-16.511719,0.996094,-0.576172,-0.279297
0.657959,2.507813,2.015625,7.210937,-0.589844,-1.607422,0.205078
0.648560,3.031250,0.625000,-0.636719,-1.041016,-1.207031,0.529297
0.647339,-0.218750,-2.402344,-7.398437,-0.091797,-0.525391,0.195312
0.644897,-1.652344,-3.031250,-6.082031,0.523437,-0.326172,-0.031250
0.643188,0.722656,1.320313,3.496094,0.240234,-0.355469,0.296875
0.654419,0.511719,0.957031,4.085937,-0.259766,-0.320313,0.585937
0.666382,-1.582031,-0.972656,0.433594,-0.068359,-0.169922,0.402344
0.684814,-0.484375,-2.261719,-2.750000,0.445312,0.353516,0.277344
0.687378,-3.785156,-0.007813,1.769531,0.125000,0.281250,-0.246094
0.686646,-1.503906,0.949219,0.382813,-0.195312,0.175781,-0.494141
0.681274,3.015625,1.085938,-0.207031,-0.220703,0.050781,-0.158203
0.681519,1.675781,1.597656,1.042969,-0.429687,-0.263672,0.208984
0.681274,-1.265625,0.320313,3.054688,-0.802734,-0.484375,0.166016
0.680542,-1.480469,-1.117188,-1.148438,-0.621094,-0.285156,-0.093750
0.678833,-0.777344,-1.261719,-3.714844,-0.236328,0.185547,-0.216797
0.683350,-0.308594,-0.160156,-2.320313,-0.142578,0.003906,-0.162109
0.697876,0.878906,-0.429687,0.617187,-0.058594,-0.175781,0.070312
0.717041,-1.007813,-0.183594,1.511719,-0.175781,-0.390625,0.126953
0.728882,4.296875,-1.207031,-1.875000,0.191406,0.246094,0.634766
0.748657,-2.406250,0.285156,-0.726562,0.285156,0.568359,0.373047
0.760620,-0.023437,0.683594,2.214844,0.015625,0.595703,0.240234
0.760742,-1.132813,0.960937,2.144531,-0.171875,0.435547,0.017578
0.757446,-1.406250,0.546875,2.558594,-0.482422,0.185547,-0.445312
0.728027,-1.156250,-0.089844,-0.816406,-0.421875,-0.226562,-0.722656
0.724854,2.847656,-1.117188,-1.667969,-0.058594,-0.197266,-0.251953
0.729004,1.023438,-0.328125,-0.234375,0.023437,-0.083984,-0.042969
0.744995,0.847656,-0.203125,0.449219,0.021484,0.183594,0.240234
0.762939,0.046875,-0.449219,-2.019531,0.205078,0.662109,0.375000
0.775757,1.816406,-0.710937,-0.695312,0.169922,1.070313,0.572266
0.780518,-1.687500,0.515625,2.050781,-0.185547,0.810547,0.291016
0.780762,-1.750000,1.421875,3.085938,-0.269531,0.250000,-0.037109
0.778320,-2.578125,0.929687,1.871094,-0.449219,-0.171875,-0.314453
0.772339,-2.894531,0.871094,-0.578125,-0.388672,-0.796875,-0.744141
0.740723,0.367188,-0.441406,-1.648438,-0.070312,-0.921875,-0.583984
0.729492,0.832031,-0.855469,-0.062500,0.021484,-0.667969,-0.216797
0.720459,2.324219,-1.000000,-3.593750,0.431641,0.113281,-0.015625
0.723999,1.777344,-0.664062,-0.855469,0.539062,0.775391,0.257813
0.729858,-2.191406,0.378906,4.613281,-0.177734,0.509766,-0.046875
0.731323,-0.835937,-0.152344,0.777344,-0.068359,0.322266,0.056641
0.728638,1.050781,1.703125,0.843750,-0.007813,0.109375,0.267578
0.729126,0.214844,0.929687,1.343750,-0.097656,-0.042969,0.230469
0.731323,-2.121094,-0.394531,1.191406,-0.257813,0.007813,-0.048828
0.745972,-0.136719,-0.234375,-1.093750,-0.130859,0.093750,-0.074219
0.761597,1.164063,-0.425781,-1.046875,0.015625,0.228516,0.039063
0.771973,-0.113281,-0.234375,1.113281,-0.119141,0.351563,0.050781
0.777100,-0.320313,0.050781,1.656250,-0.435547,0.365234,-0.074219
0.777100,-0.589844,0.371094,0.125000,-0.201172,0.062500,-0.111328
0.774414,-0.152344,0.097656,0.234375,-0.115234,-0.251953,-0.107422
0.769531,-1.433594,0.242187,-1.144531,0.060547,-0.677734,-0.250000
0.752441,-1.519531,0.125000,-0.667969,0.148437,-0.808594,-0.220703
0.749634,2.035156,-0.578125,-0.101563,0.380859,-0.410156,0.105469
0.751099,1.421875,-0.351563,0.218750,0.406250,0.072266,0.378906
0.763916,-0.375000,0.277344,-0.218750,0.285156,0.437500,0.253906
0.775269,0.929687,-0.011719,2.859375,-0.068359,0.666016,0.287109
0.784058,-0.656250,0.140625,3.089844,-0.458984,0.421875,0.085937
0.780762,-1.492188,0.050781,-1.835938,-0.386719,0.064453,-0.152344
0.770630,-0.679687,-0.656250,-5.214844,0.072266,0.314453,-0.384766
0.754883,-4.230469,-1.375000,-1.414063,0.046875,0.390625,-1.224609
0.727783,-2.976563,-1.640625,-2.167969,0.281250,0.576172,-0.787109
0.726562,3.734375,1.914063,1.570313,0.496094,0.642578,0.164062
0.725220,1.332031,2.039063,4.457031,0.144531,0.408203,0.406250
0.726074,-2.097656,1.187500,5.996094,-0.568359,0.054687,0.064453
0.726196,-0.406250,0.937500,2.648438,-0.638672,-0.109375,0.173828
0.725708,1.195313,0.292969,-1.546875,-0.371094,-0.220703,0.314453
0.726685,-1.269531,-0.929687,-1.406250,-0.091797,-0.158203,0.013672
0.737793,-1.707031,-0.289063,-0.121094,-0.068359,-0.048828,-0.107422
0.745361,0.343750,-0.562500,-0.296875,-0.111328,0.019531,0.005859
0.754761,-0.996094,-0.125000,0.531250,-0.166016,-0.220703,-0.015625
0.762939,1.417969,-0.304688,-0.816406,-0.042969,0.042969,0.160156
0.769897,1.894531,-0.402344,-1.773438,0.121094,0.531250,0.263672
0.778320,0.484375,-0.042969,-0.855469,-0.013672,0.849609,0.242187
0.779907,-1.910156,0.664062,2.859375,-0.328125,0.394531,-0.005859
0.777710,-0.800781,0.289063,0.167969,-0.408203,0.226562,-0.171875
0.770996,-1.867188,0.363281,0.378906,-0.259766,-0.056641,-0.371094
0.748047,-1.117188,-0.109375,0.363281,-0.355469,-0.412109,-0.529297
0.749756,3.992188,-0.707031,-2.609375,0.146484,-0.195312,0.009766
0.755493,0.437500,0.019531,0.792969,0.072266,-0.013672,0.105469
0.763916,1.625000,-0.308594,-0.625000,0.107422,0.521484,0.259766
0.784912,0.250000,-0.257813,0.222656,0.025391,0.810547,0.255859
0.789673,-1.265625,0.152344,0.460937,-0.046875,0.693359,0.162109
0.789551,-1.343750,0.441406,2.527344,-0.433594,0.367188,-0.062500
0.781982,-2.171875,0.718750,-0.289063,-0.441406,-0.044922,-0.337891
0.771973,-0.648437,0.472656,-0.125000,-0.419922,-0.464844,-0.464844
0.749878,-0.457031,-0.085937,-1.242188,-0.119141,-0.818359,-0.443359
0.730957,3.242188,-1.222656,-1.578125,0.097656,-0.171875,-0.029297
0.732544,-0.253906,-0.347656,-1.535156,0.234375,0.027344,0.007813
0.741089,0.812500,0.105469,0.441406,0.207031,0.382813,0.111328
0.765747,0.078125,-0.011719,1.460938,0.005859,0.433594,0.105469
0.777954,1.289063,-0.484375,1.152344,-0.259766,0.972656,0.171875
0.780762,-2.125000,0.074219,2.058594,-0.623047,0.117188,-0.212891
0.776367,1.449219,0.343750,-2.148438,0.001953,-0.042969,-0.093750
0.769897,0.593750,0.187500,1.269531,-0.001953,-0.226562,0.017578
0.768921,0.085937,-0.234375,-0.476562,0.080078,-0.156250,0.062500
0.771118,0.644531,-0.261719,-0.875000,0.203125,0.000000,0.304688
0.780640,-0.250000,0.058594,-0.664062,0.255859,0.369141,0.259766
0.781372,-1.542969,0.558594,2.039063,0.037109,0.203125,0.035156
0.777466,-1.398438,0.250000,1.425781,-0.058594,0.027344,-0.142578
0.754395,-0.242187,-0.652344,-1.613281,-0.025391,0.162109,-0.349609
0.741455,-0.511719,-0.578125,-1.507813,-0.058594,0.218750,-0.712891
0.738770,3.179688,1.222656,0.628906,-0.138672,0.380859,-0.277344
0.740967,3.464844,1.765625,1.656250,-0.085937,0.242187,0.294922
0.737671,-4.011719,-1.031250,3.785156,-0.535156,-0.058594,0.296875
0.734375,-0.425781,-0.085937,-1.902344,-0.367188,-0.265625,-0.103516
0.719604,-0.894531,-0.441406,-2.730469,0.029297,-0.474609,-0.128906
0.718262,0.566406,-0.601562,-1.488281,0.203125,-0.494141,-0.009766
0.718506,0.285156,-0.492187,-0.023437,0.230469,-0.291016,0.117188
0.726807,-0.265625,-0.109375,0.847656,0.240234,0.103516,0.183594
0.746338,0.976562,-0.265625,-1.367188,0.263672,0.656250,0.175781
0.759644,-0.074219,-0.285156,2.117188,-0.294922,0.921875,0.076172
0.769287,-2.218750,0.082031,3.863281,-0.582031,0.384766,-0.019531
0.779175,0.171875,0.765625,-0.089844,-0.380859,-0.214844,0.099609
0.778076,-0.109375,0.406250,-0.898437,-0.130859,-0.525391,0.076172
0.773560,0.722656,-0.207031,-3.871094,0.382813,-0.216797,0.066406
0.767578,0.113281,-0.238281,-3.613281,0.750000,-0.039063,-0.029297
0.761841,-0.617187,-0.433594,2.558594,0.439453,0.248047,-0.121094
0.756470,-3.070313,-0.929687,3.042969,-0.021484,0.242187,-0.537109
0.749756,0.187500,0.332031,1.011719,-0.234375,0.123047,-0.464844
0.742432,0.796875,1.250000,0.753906,-0.380859,-0.003906,-0.537109
0.727783,1.675781,1.996094,-0.343750,-0.332031,0.000000,-0.398438
0.670044,2.718750,1.390625,0.593750,-0.226562,-0.263672,0.117188
0.677490,1.011719,-1.375000,2.777344,-0.226562,-0.312500,-0.023437
0.696167,-2.445313,-1.789063,-1.003906,-0.070312,0.009766,0.042969
0.716675,-0.605469,-0.289063,-0.699219,0.056641,-0.160156,0.027344
0.747559,2.902344,-0.808594,1.031250,-0.044922,0.050781,0.494141
0.768555,1.425781,-0.070312,-0.324219,0.027344,0.392578,0.478516
0.779907,-0.593750,0.386719,-0.707031,-0.144531,0.548828,0.375000
0.782959,-2.507813,0.640625,-1.214844,0.009766,0.507812,0.150391
0.780396,-0.738281,0.382813,-0.074219,-0.029297,0.562500,-0.005859
0.778076,0.386719,0.042969,1.250000,-0.468750,0.423828,-0.210937
0.765625,-0.304688,-0.195312,-0.562500,-0.650391,-0.398438,-0.595703
0.764282,4.039062,-0.402344,-3.671875,0.128906,-0.189453,0.025391
0.770630,-0.519531,0.105469,1.812500,-0.001953,-0.185547,0.050781
0.783813,1.066406,-0.156250,-0.789062,0.082031,0.005859,0.177734
0.790405,0.761719,-0.109375,-1.003906,0.123047,0.191406,0.218750
0.795654,-0.257813,0.097656,-0.417969,0.183594,0.453125,0.193359
0.798218,-0.085937,0.066406,0.699219,0.076172,0.660156,0.111328
0.798828,-1.082031,0.296875,2.437500,-0.234375,0.166016,-0.033203
0.794067,-1.144531,0.191406,-1.773438,-0.175781,-0.175781,-0.189453
0.786011,-0.085937,-0.562500,-3.671875,0.222656,-0.193359,-0.253906
0.766357,1.343750,-1.058594,-4.273437,0.822266,0.029297,0.066406
0.765503,3.453125,-2.195313,-6.582031,1.716797,0.589844,0.031250
0.767456,-1.074219,-0.718750,-2.582031,1.777344,0.687500,-0.488281
0.766235,1.644531,1.652344,4.781250,0.966797,0.330078,-0.417969
0.756470,0.898437,1.929688,4.136719,0.324219,-0.462891,-0.171875
0.740601,5.074219,1.957031,0.289063,0.595703,-0.654297,0.755859
0.702881,1.460938,1.691406,1.476563,1.031250,-1.144531,1.425781
0.690186,-6.867187,-0.132812,6.027344,0.904297,-1.808594,0.718750
0.683716,-7.304687,1.468750,7.347656,-0.126953,-1.675781,0.107422
0.647095,5.082031,0.828125,1.871094,0.085937,-0.804687,0.609375
0.631348,-1.902344,-1.593750,-0.304688,-0.027344,-0.244141,0.312500
0.636963,-1.789063,-1.960938,-3.199219,0.248047,0.326172,0.027344
0.671875,-1.242188,0.328125,2.773438,-0.193359,0.107422,-0.066406
0.682129,0.375000,1.816406,4.644531,-0.603516,0.070312,0.097656
0.690552,-0.730469,0.339844,0.839844,-0.732422,-0.052734,0.003906
0.695679,1.578125,0.585937,-0.414062,-0.652344,-0.167969,0.162109
0.703247,-0.378906,-0.527344,-1.707031,-0.382813,0.015625,-0.048828
0.712891,-1.082031,-0.519531,-2.011719,-0.320313,0.054687,-0.210937
0.723389,0.457031,-0.593750,-0.464844,-0.214844,-0.089844,-0.103516
0.744141,-0.707031,-0.171875,0.457031,-0.207031,-0.246094,-0.078125
0.746582,-0.195312,-0.242187,-0.683594,-0.044922,-0.074219,0.035156
0.750854,4.113281,-0.839844,-2.640625,0.187500,0.552734,0.351563
0.769043,-1.578125,0.324219,1.105469,0.060547,0.828125,0.132812
0.774170,-0.644531,0.156250,2.292969,-0.279297,0.701172,0.019531
0.774658,-2.589844,0.554687,2.820313,-0.669922,0.275391,-0.316406
0.762085,-1.140625,0.343750,0.894531,-0.533203,-0.083984,-0.396484
0.754028,0.589844,0.257813,-1.757813,-0.222656,-0.255859,-0.312500
0.748413,0.527344,-0.562500,-1.679688,0.050781,-0.148437,-0.125000
0.756836,1.093750,-0.492187,-0.621094,0.099609,0.087891,-0.027344
0.767212,0.195312,-0.265625,0.425781,0.076172,0.294922,0.158203
0.778687,0.191406,-0.515625,0.656250,-0.031250,0.339844,0.333984
0.786377,2.367188,-0.859375,-0.808594,-0.044922,0.869141,0.582031
0.794922,-1.453125,0.136719,0.371094,-0.089844,0.328125,0.460937
0.793457,-1.472656,0.941406,1.496094,0.046875,-0.667969,0.279297
0.785889,1.542969,0.804687,-0.722656,0.283203,-0.966797,0.345703
0.769897,-1.000000,0.488281,-2.054688,0.570312,-1.009766,0.097656
0.767456,0.761719,0.257813,-1.613281,0.490234,-0.169922,-0.021484
0.769043,-1.921875,-0.308594,1.210938,0.175781,-0.177734,-0.378906
0.766357,-1.085938,-0.316406,1.296875,-0.076172,-0.164062,-0.462891
0.758545,1.042969,-1.375000,-0.992187,-0.031250,0.138672,-0.308594
0.751099,-0.714844,-1.972656,-0.128906,-0.007813,0.777344,-0.482422
0.753784,-1.472656,-2.878906,-4.605469,0.023437,1.119141,-0.640625
0.754395,0.050781,2.882813,3.953125,-0.490234,0.527344,-0.583984
0.752197,2.425781,3.035156,3.984375,-0.867187,0.310547,-0.253906
0.739258,2.378906,2.707031,3.289063,-0.806641,-0.312500,0.123047
0.734009,0.164062,-0.324219,0.121094,-0.744141,-0.812500,0.406250
0.730225,-4.960937,-3.089844,-4.679687,-0.208984,-0.574219,-0.230469
0.730103,0.824219,-0.722656,-4.378906,0.181641,-0.041016,-0.156250
0.728149,0.277344,-0.476562,-1.500000,0.177734,-0.025391,-0.027344
0.727905,-0.550781,0.250000,1.433594,-0.044922,-0.701172,0.000000
0.725708,2.843750,-0.515625,-1.750000,0.230469,-0.296875,0.287109
0.725220,-0.449219,-0.125000,-0.449219,0.203125,0.148437,0.154297
0.742920,0.132812,-0.011719,-1.054688,0.234375,0.667969,0.121094
0.761597,-1.058594,0.152344,3.699219,-0.224609,0.857422,0.054687
0.776733,-2.652344,0.710937,2.890625,-0.732422,0.212891,-0.228516
0.779053,-0.011719,0.234375,-0.210937,-0.435547,-0.095703,-0.173828
0.778442,0.925781,-0.023437,-2.339844,-0.121094,-0.287109,-0.056641
0.767700,-0.433594,-0.378906,-2.632813,0.220703,-0.210937,-0.058594
0.759644,1.675781,-1.050781,-3.714844,0.701172,0.414062,0.066406
0.755127,-1.242188,-1.289063,-0.238281,0.539062,0.716797,-0.371094
0.756836,-4.785156,0.179687,3.277344,0.027344,0.353516,-0.451172
0.754150,1.046875,1.847656,3.269531,-0.207031,0.000000,-0.119141
0.749512,3.035156,2.531250,3.843750,-0.660156,-0.179687,0.279297
0.750244,1.246094,-0.011719,1.011719,-0.453125,-0.136719,0.181641
0.767090,-2.882813,-1.894531,-2.527344,-0.150391,-0.048828,0.123047
0.772461,-0.648437,-0.203125,-1.101563,0.097656,-0.060547,0.021484
0.775269,1.367188,-0.125000,0.562500,0.029297,0.285156,0.142578
0.789307,0.773437,-0.222656,0.023437,-0.035156,0.761719,0.216797
0.794800,2.183594,-0.382813,0.367188,-0.152344,1.259766,0.207031
0.798584,-2.343750,0.750000,1.753906,-0.341797,0.388672,-0.031250
0.795776,-0.750000,0.488281,0.152344,-0.269531,-0.251953,-0.162109
0.791382,-2.511719,0.796875,1.519531,-0.267578,-0.570312,-0.388672
0.785522,-0.015625,0.375000,-2.082031,-0.093750,-0.664062,-0.419922
0.773437,0.378906,-0.867187,-1.312500,0.048828,-0.386719,-0.125000
0.761963,-0.777344,-1.011719,-5.312500,0.630859,-0.232422,-0.125000
0.755005,6.714844,-2.203125,-9.617188,1.775391,1.175781,0.509766
0.753784,-5.273437,-1.929688,-0.703125,0.878906,0.912109,-0.949219
0.751953,3.460938,2.269531,5.156250,-0.248047,0.703125,-0.712891
0.748657,2.027344,1.785156,2.027344,-0.445312,0.390625,-0.384766
0.743652,2.707031,2.835938,2.765625,-0.587891,0.265625,0.154297
0.735840,2.847656,2.125000,1.777344,0.058594,-0.119141,0.484375
0.734009,-1.878906,0.730469,4.070312,-0.462891,-0.578125,0.507812
0.728149,-4.171875,-2.371094,-1.687500,-0.318359,-0.373047,-0.072266
0.720825,0.480469,-0.554687,-2.445313,-0.117188,-0.074219,-0.029297
0.719727,0.082031,-0.523437,-2.820313,-0.023437,-0.056641,-0.003906
0.722168,-0.769531,0.203125,2.035156,-0.203125,-0.296875,-0.044922
0.726807,-0.816406,0.171875,1.968750,-0.382813,-0.466797,-0.187500
0.725586,-0.964844,-0.011719,0.437500,-0.380859,-0.644531,-0.191406
0.724121,0.359375,-0.546875,-1.890625,-0.033203,-0.621094,-0.101563
0.713623,1.699219,-0.640625,-1.664063,0.292969,-0.488281,0.113281
0.718628,3.464844,-0.707031,-1.914063,0.546875,-0.023437,0.507812
0.729614,-1.437500,0.378906,1.304688,0.144531,0.484375,0.275391
0.748779,1.328125,-0.054687,1.347656,-0.179687,1.021484,0.162109
0.770264,-2.875000,0.761719,2.910156,-0.593750,0.447266,-0.207031
0.765137,-1.082031,0.664062,1.441406,-0.607422,-0.021484,-0.337891
0.757812,0.386719,0.511719,-1.542969,-0.283203,-0.232422,-0.271484
0.752930,0.261719,0.113281,-1.343750,-0.044922,-0.222656,-0.058594
0.751221,-0.003906,-0.355469,-2.164063,0.255859,0.087891,0.033203
0.755371,0.429687,0.019531,0.691406,0.167969,0.203125,0.085937
0.773682,0.042969,0.144531,2.363281,-0.107422,0.115234,0.132812
0.780884,-0.332031,-0.171875,-2.042969,-0.058594,0.378906,0.222656
0.784912,0.449219,-0.468750,-1.820313,0.080078,0.615234,0.167969
0.773926,-1.542969,-0.210937,-4.519531,0.615234,0.390625,-0.074219
0.768921,-1.679688,-1.636719,-4.660156,1.464844,0.189453,-0.623047
0.764771,1.597656,0.406250,-1.082031,1.945313,-0.291016,-0.806641
0.754272,7.539062,1.835938,4.453125,1.000000,-0.015625,0.169922
0.744263,4.277344,2.785156,2.558594,0.656250,-0.488281,0.890625
0.737183,2.156250,1.285156,0.113281,0.880859,-0.822266,1.076172
0.736572,-2.875000,2.535156,6.964844,0.431641,-1.388672,0.750000
0.736206,2.027344,2.574219,5.472656,-0.509766,-1.072266,0.972656
0.736450,-1.777344,-0.781250,-1.910156,0.097656,-0.910156,0.751953
0.736328,-2.351563,-1.523438,-1.582031,0.304688,-0.623047,0.466797
0.742187,-2.664063,-0.433594,1.101563,0.128906,-0.216797,0.218750
0.742920,-3.324219,-0.503906,2.257813,-0.341797,0.210937,-0.261719
0.742432,-1.523438,-0.550781,0.273438,-0.328125,0.177734,-0.421875
0.727905,0.910156,-0.171875,-1.382813,-0.117188,-0.199219,-0.146484
0.723389,-0.156250,0.593750,1.652344,-0.375000,-0.226562,-0.119141
0.718750,1.355469,0.921875,1.480469,-0.630859,0.039063,-0.080078
0.719727,-0.355469,0.339844,0.777344,-0.542969,-0.146484,-0.193359
0.728638,-0.355469,-1.089844,-1.750000,-0.267578,-0.304688,-0.044922
0.739624,0.242187,-0.554687,-1.199219,-0.117188,-0.083984,-0.027344
0.756104,-0.179687,-0.242187,0.972656,-0.214844,0.056641,0.021484
0.764893,2.312500,-0.593750,0.910156,-0.236328,0.226562,0.263672
0.773315,0.304688,-0.292969,-1.656250,-0.103516,0.529297,0.308594
0.778076,-1.953125,0.726562,-0.347656,-0.033203,0.482422,0.076172
0.780029,-0.550781,0.503906,1.546875,-0.220703,0.486328,-0.107422
0.776245,-0.472656,0.390625,0.601562,-0.208984,0.134766,-0.230469
0.771118,-2.843750,0.535156,0.679687,-0.234375,-0.240234,-0.455078
0.761108,1.578125,-0.792969,-1.929688,-0.031250,0.044922,-0.187500
0.763794,0.488281,-0.261719,-0.750000,0.107422,0.076172,-0.031250
0.767456,-0.046875,0.082031,1.156250,-0.009766,-0.089844,0.029297
0.777954,0.855469,-0.101563,0.351563,-0.039063,0.164062,0.142578
0.785522,-0.007813,-0.394531,0.242187,-0.087891,0.595703,0.193359
0.789795,-0.046875,0.058594,0.210937,-0.203125,0.642578,0.126953
0.788574,-1.820313,0.488281,0.289063,-0.261719,0.363281,-0.056641
0.785278,-0.566406,0.488281,0.933594,-0.310547,0.099609,-0.302734
0.779663,-1.906250,0.589844,-0.078125,-0.351563,-0.269531,-0.580078
0.755981,0.734375,-0.621094,-0.871094,-0.203125,-0.472656,-0.402344
0.758789,3.031250,-0.906250,-2.417969,0.138672,-0.107422,0.009766
0.766724,-0.035156,-0.062500,0.175781,0.121094,0.052734,0.150391
0.776489,0.832031,-0.246094,0.085937,0.125000,0.583984,0.298828
0.791260,-1.203125,0.191406,0.886719,-0.001953,0.697266,0.148437
0.792847,0.515625,-0.054687,2.121094,-0.308594,0.648437,0.101563
0.794067,-1.371094,0.238281,-0.285156,-0.292969,0.388672,-0.085937
0.790039,-1.609375,0.281250,0.757812,-0.519531,0.101563,-0.289063
0.786865,-0.128906,-0.062500,0.214844,-0.482422,0.052734,-0.345703
0.781128,-0.453125,0.429687,0.371094,-0.191406,-0.339844,-0.226562
0.766479,1.093750,0.304688,-1.566406,0.009766,-0.605469,-0.228516
0.759033,-1.082031,0.398438,-0.425781,0.199219,-0.650391,-0.152344
0.755127,1.222656,-0.585937,-1.296875,0.308594,-0.449219,0.058594
0.750854,0.531250,-0.515625,-1.062500,0.406250,-0.117188,0.169922
0.760132,1.550781,-0.476562,-1.492188,0.408203,0.623047,0.431641
0.772461,-2.222656,0.464844,3.203125,-0.064453,0.753906,0.212891
0.780518,0.152344,0.222656,2.757813,-0.494141,0.775391,0.035156
0.786865,-2.980469,0.710937,1.824219,-0.621094,0.203125,-0.208984
0.785645,0.445312,-0.085937,-1.976563,-0.345703,0.207031,-0.253906
0.783081,-1.761719,-0.023437,-1.308594,-0.312500,-0.074219,-0.478516
0.769653,1.238281,-0.652344,-1.253906,-0.113281,0.009766,-0.230469
0.770386,2.003906,-0.468750,-1.460938,-0.011719,0.210937,-0.009766
0.771118,0.640625,0.152344,-0.562500,0.154297,0.140625,0.109375
0.774048,-0.195312,0.304688,1.835938,-0.015625,-0.109375,0.062500
0.771606,0.750000,-0.031250,-0.695312,0.070312,0.056641,0.087891
0.770874,-0.109375,0.121094,-0.839844,0.119141,0.400391,0.042969
0.782837,-0.460937,0.230469,1.519531,-0.001953,0.439453,-0.025391
0.785889,-3.777344,0.757812,2.953125,-0.384766,-0.183594,-0.417969
0.781250,-1.042969,-0.214844,0.976562,-0.410156,-0.421875,-0.423828
0.772461,1.964844,-1.152344,-3.464844,0.261719,-0.052734,-0.093750
0.766235,3.519531,-1.250000,-3.597656,0.646484,0.669922,0.246094
0.765381,-2.953125,-0.039063,2.031250,0.466797,0.720703,-0.048828
0.764893,-2.613281,0.769531,4.562500,-0.087891,0.224609,-0.306641
0.761353,1.996094,2.148438,2.832031,-0.287109,-0.162109,-0.080078
0.760254,1.484375,1.906250,2.496094,-0.527344,-0.513672,0.144531
0.755371,-2.218750,-2.207031,-2.441406,-0.255859,-0.478516,-0.095703
0.760376,1.949219,-1.082031,-2.816406,0.041016,0.019531,0.115234
0.766479,-0.859375,-0.507812,-2.195313,0.144531,0.189453,0.076172
0.775269,1.007813,-0.347656,1.832031,-0.054687,0.207031,0.220703
0.790894,-0.429687,-0.054687,-0.593750,-0.037109,0.335938,0.201172
0.791748,0.667969,-0.031250,-0.550781,-0.001953,0.402344,0.230469
0.790039,-1.332031,0.621094,-0.265625,-0.007813,0.263672,-0.005859
0.787231,-0.742187,0.359375,0.714844,-0.126953,0.171875,-0.078125
0.783813,-1.855469,0.304688,0.468750,-0.277344,0.087891,-0.384766
0.775635,-2.953125,0.406250,2.246094,-0.648437,-0.505859,-0.589844
0.766235,2.695313,-0.945312,-2.968750,0.240234,-0.072266,0.023437
0.766724,0.257813,-0.843750,-1.921875,0.449219,0.224609,0.039063
0.766724,1.460938,-1.136719,-2.406250,0.712891,0.843750,0.156250
0.766357,-5.464844,-0.425781,1.660156,0.337891,0.337891,-0.466797
0.762695,1.667969,2.035156,3.652344,-0.013672,0.076172,-0.066406
0.759033,1.589844,1.972656,4.187500,-0.435547,-0.246094,0.177734
0.755127,-0.230469,0.113281,2.214844,-0.667969,-0.433594,0.091797
0.760864,-1.605469,-1.511719,-2.972656,-0.287109,-0.179687,-0.025391
0.767456,1.117188,-0.921875,-2.863281,-0.068359,-0.056641,0.062500
0.773560,1.746094,-0.339844,-1.140625,0.037109,0.250000,0.138672
0.788696,2.007813,-0.437500,-1.621094,0.164062,0.740234,0.322266
0.795776,-0.628906,0.113281,0.207031,0.046875,0.865234,0.207031
0.797241,-0.941406,0.238281,1.421875,-0.314453,0.662109,0.035156
0.794312,-3.046875,0.671875,1.546875,-0.562500,-0.031250,-0.304688
0.789917,-0.152344,0.453125,-0.820312,-0.365234,-0.218750,-0.333984
0.786377,1.632813,-0.253906,-3.843750,0.113281,-0.253906,-0.205078
0.785156,-0.132812,-0.507812,-1.515625,0.208984,-0.345703,-0.093750
0.786743,1.417969,-0.628906,0.984375,0.058594,-0.361328,0.099609
0.791016,2.460938,-0.796875,0.222656,-0.039063,-0.029297,0.478516
0.793579,0.390625,-0.445312,-0.265625,-0.041016,0.093750,0.515625
0.789307,-0.578125,-0.214844,-1.199219,0.179687,0.242187,0.552734
0.784058,-2.617188,1.800781,3.519531,0.166016,-0.529297,0.261719
0.776978,0.519531,1.734375,3.328125,0.222656,-1.015625,0.162109
0.767212,0.003906,1.179688,-0.902344,0.228516,-0.890625,-0.111328
0.765381,-0.441406,-0.382813,-2.738281,0.419922,-0.724609,-0.166016
0.762817,3.441406,-2.078125,-9.699219,1.103516,0.113281,0.121094
0.760986,1.199219,-1.925781,-7.238281,1.464844,0.666016,-0.023437
0.759644,-5.781250,-2.839844,0.113281,0.882812,0.201172,-0.619141
0.753052,1.800781,1.289063,0.281250,-0.007813,-0.111328,0.007813
0.752808,3.042969,0.378906,-4.089844,0.869141,-0.054687,0.412109
0.746826,-0.003906,2.757813,3.785156,1.212891,-0.660156,0.667969
0.742554,-1.023438,1.941406,6.191406,0.880859,-1.064453,0.578125
0.739624,0.332031,1.410156,5.625000,-0.232422,-0.859375,0.496094
0.725952,-0.640625,-0.753906,-1.460938,-0.064453,-0.835937,0.539062
0.723877,-3.718750,-1.613281,-0.351563,0.267578,-0.464844,0.642578
0.722168,-4.988281,-1.191406,2.062500,-0.042969,-0.017578,-0.037109
0.718140,-0.816406,-0.171875,-0.609375,-0.152344,0.255859,-0.410156
0.727417,0.449219,-0.296875,-0.019531,-0.097656,0.574219,-0.207031
0.731689,0.425781,1.152344,2.492188,-0.343750,0.396484,-0.404297
0.732910,1.972656,1.367188,2.164063,-0.701172,0.326172,-0.316406
0.724365,1.253906,0.945312,0.636719,-0.845703,0.066406,-0.183594
0.720459,2.640625,0.953125,-1.425781,-0.482422,-0.152344,0.123047
0.721191,-1.875000,-0.039063,-0.718750,-0.177734,-0.234375,-0.142578
0.717041,-1.531250,-0.164062,0.464844,-0.187500,-0.421875,-0.279297
0.714111,-0.285156,-0.285156,0.113281,-0.193359,-0.869141,-0.263672
0.712036,-0.062500,-0.324219,0.613281,-0.273438,-0.966797,-0.179687
0.725220,3.375000,-0.851562,-2.582031,0.089844,-0.447266,0.085937
0.742432,3.992188,-0.753906,-2.921875,0.476562,0.437500,0.580078
0.758423,-0.531250,0.226562,0.203125,0.466797,1.367188,0.644531
0.778809,-1.902344,0.718750,4.175781,-0.181641,1.599609,0.216797
0.777588,-3.910156,1.046875,2.125000,-0.835937,0.453125,-0.308594
0.764160,-0.832031,0.535156,-2.515625,-0.806641,-0.345703,-0.736328
0.713379,-1.441406,0.902344,-3.816406,-0.283203,-0.673828,-0.890625
0.696045,-1.222656,0.257813,-0.609375,-0.212891,-1.060547,-0.982422
0.697510,2.355469,-1.105469,0.808594,0.099609,-0.523437,-0.210937
0.707397,-0.535156,-0.339844,0.601562,0.052734,-0.398438,0.025391
0.747314,4.593750,-0.847656,-0.960937,0.136719,0.095703,0.480469
0.760498,2.027344,-0.355469,-1.578125,0.216797,0.408203,0.570312
0.773193,0.101563,0.007813,1.640625,0.154297,1.214844,0.714844
0.786743,-2.656250,0.828125,3.031250,-0.351563,1.453125,0.501953
0.784912,-3.574219,1.394531,1.492188,-0.484375,0.501953,-0.005859
0.778931,-1.566406,0.628906,-0.804687,-0.458984,-0.083984,-0.333984
0.761230,-1.085938,-0.046875,-1.347656,-0.388672,-0.533203,-0.669922
0.757080,3.722656,-1.113281,-2.664063,-0.154297,-0.576172,-0.445312
0.759399,2.582031,-0.660156,-2.363281,0.292969,0.064453,0.087891
0.768799,0.183594,0.023437,2.171875,0.148437,0.167969,0.085937
0.772705,-0.054687,-0.269531,1.519531,-0.128906,0.244141,0.068359
0.773437,1.179688,-0.277344,-1.191406,-0.201172,0.136719,0.257813
0.773437,0.898437,0.007813,-2.765625,0.167969,0.246094,0.312500
0.774414,-0.625000,0.382813,1.171875,0.353516,0.384766,0.158203
0.775391,-0.625000,0.375000,3.140625,0.095703,0.574219,0.039063
0.776123,-2.792969,0.566406,2.855469,-0.253906,0.257813,-0.232422
0.764526,-2.632813,0.406250,1.394531,-0.603516,-0.314453,-0.582031
0.758911,5.164062,-1.066406,-4.457031,-0.425781,-0.355469,-0.507812
0.761230,0.312500,-0.117188,-0.121094,0.125000,0.308594,0.023437
0.769531,-0.199219,0.039063,1.648438,-0.009766,0.332031,0.031250
0.777100,0.367188,-0.175781,0.339844,-0.126953,0.306641,0.080078
0.780029,-0.097656,0.070312,-1.500000,-0.064453,0.125000,0.134766
0.776245,-0.042969,-0.054687,-1.609375,0.156250,0.101563,0.074219
0.772461,-0.335938,-0.031250,-0.128906,0.255859,0.216797,0.009766
0.767578,-1.156250,0.113281,2.000000,0.062500,0.140625,-0.111328
0.736206,-2.941406,0.199219,-0.015625,-0.171875,-0.359375,-0.472656
0.727905,4.378906,-0.960937,-4.113281,-0.083984,-0.443359,-0.628906
0.731689,5.382812,1.261719,0.039063,0.326172,0.324219,0.246094
0.738159,-1.968750,-0.015625,2.980469,0.041016,0.021484,0.187500
0.750610,-1.417969,0.000000,0.636719,-0.171875,-0.021484,0.132812
0.755127,-1.089844,-0.179687,-0.535156,-0.201172,-0.261719,0.003906
0.764282,1.601563,-0.429687,-0.679687,-0.171875,-0.339844,0.093750
0.786621,3.785156,-0.851562,-2.359375,0.050781,0.281250,0.511719
0.788940,-1.628906,0.199219,0.261719,0.255859,0.816406,0.408203
0.785767,-3.843750,0.343750,1.722656,0.210937,0.644531,0.023437
0.754395,-5.007812,-0.039063,2.128906,-0.173828,0.095703,-0.527344
0.739624,-2.921875,-1.390625,-3.503906,0.105469,-0.255859,-1.134766
0.732300,4.132812,0.617187,-0.019531,0.285156,0.437500,-0.541016
0.732178,1.964844,1.671875,3.261719,0.232422,0.335938,-0.015625
0.727051,0.781250,1.894531,4.289062,-0.250000,-0.039063,0.232422
0.724121,0.351563,0.480469,2.382813,-0.414062,-0.199219,0.271484
0.720337,0.230469,-0.246094,-2.855469,-0.423828,-0.291016,0.064453
0.722290,-0.781250,-1.425781,-2.750000,-0.041016,-0.224609,0.041016
0.729370,0.367188,-0.324219,-1.148438,0.171875,-0.222656,0.056641
0.734131,0.242187,-0.171875,1.042969,0.132812,-0.314453,0.121094
0.727783,0.042969,-0.164062,-0.273438,0.001953,-0.388672,0.097656
0.725830,2.097656,-0.460937,-2.160156,0.259766,-0.287109,0.224609
0.735962,-0.683594,-0.269531,-1.863281,0.246094,0.500000,0.082031
0.762817,2.722656,-0.523437,1.421875,0.013672,1.193359,0.304688
0.775757,-0.800781,0.089844,1.085938,-0.701172,0.568359,0.003906
0.780151,-0.718750,0.621094,-1.242188,-0.544922,0.035156,0.074219
0.764282,0.054687,0.214844,-1.992188,-0.171875,-0.466797,-0.048828
0.753662,0.843750,-0.316406,-4.804687,0.380859,-0.119141,-0.025391
0.743164,-1.753906,-0.730469,1.707031,0.951172,0.267578,-0.230469
0.728516,-5.871094,-1.207031,4.285156,0.406250,0.121094,-0.929687
0.715210,3.636719,2.644531,3.972656,-0.351563,-0.201172,-0.822266
0.698364,1.457031,1.824219,0.988281,-0.466797,-0.494141,-0.525391
0.677246,2.843750,1.574219,1.750000,-0.548828,-0.617187,-0.164062
0.682617,-1.234375,-4.093750,-1.582031,-0.587891,-0.398438,0.099609
0.706543,-0.128906,-1.023438,-1.210938,-0.349609,-0.193359,0.068359
0.723022,2.519531,-1.062500,-1.601563,0.156250,-0.181641,0.021484
0.742065,2.667969,-0.531250,1.906250,0.251953,0.283203,0.464844
0.753662,0.539062,-0.171875,2.289063,-0.074219,0.470703,0.568359
0.763184,-1.488281,0.613281,-0.824219,-0.072266,0.728516,0.535156
0.763550,-1.203125,0.214844,-0.964844,-0.001953,0.660156,0.316406
0.751343,-2.558594,0.437500,-0.625000,0.162109,0.351563,0.052734
0.733765,-3.710938,0.589844,1.750000,0.056641,-0.062500,-0.435547
0.705200,-2.441406,1.558594,1.449219,-0.125000,-0.917969,-0.972656
0.711792,2.906250,-2.214844,-1.765625,-0.187500,-0.560547,0.201172
0.732666,-0.687500,-0.394531,-0.433594,0.208984,-0.095703,0.238281
0.758301,0.011719,-0.277344,-2.019531,0.117188,0.361328,0.138672
0.769531,0.390625,-0.148437,-0.007813,0.183594,0.900391,0.169922
0.773071,-2.421875,0.359375,3.171875,-0.251953,0.576172,-0.019531
0.763550,0.609375,0.105469,-1.078125,-0.541016,-0.052734,-0.250000
0.749146,-0.101563,0.296875,-1.097656,-0.380859,0.158203,-0.195312
0.747192,0.289063,-0.171875,-2.539063,-0.146484,-0.033203,-0.203125
0.750244,-1.382813,0.050781,0.714844,0.232422,0.128906,0.099609
0.762207,0.617187,-0.179687,0.691406,0.140625,-0.033203,0.046875
0.767944,2.207031,-0.390625,0.347656,0.064453,0.332031,0.234375
0.770508,-0.843750,0.312500,0.570312,0.023437,0.470703,0.207031
0.766479,-0.207031,0.160156,0.621094,-0.023437,0.306641,0.041016
0.762329,-0.039063,0.015625,-0.613281,-0.070312,0.207031,0.000000
0.756592,-1.507813,0.113281,-0.472656,-0.019531,0.375000,-0.126953
0.735840,-5.710937,0.886719,2.730469,-0.515625,-0.394531,-0.818359
0.741943,5.335937,-0.738281,-4.125000,-0.328125,-0.476562,-0.337891
0.751221,-0.871094,0.066406,1.679688,0.175781,0.007813,0.154297
0.760864,0.417969,0.000000,0.371094,-0.005859,0.056641,0.082031
0.765503,0.894531,-0.324219,1.015625,-0.107422,0.300781,0.208984
0.776245,-0.101563,-0.062500,-2.902344,-0.072266,0.603516,0.271484
0.777466,-0.453125,0.207031,-0.105469,0.042969,0.626953,0.091797
0.775391,-0.558594,0.175781,1.992188,-0.576172,0.244141,-0.298828
0.767212,-3.500000,0.566406,4.093750,-0.884766,-0.027344,-0.546875
0.758301,0.589844,-0.308594,-3.742188,-0.111328,-0.087891,-0.220703
0.759644,2.839844,-0.199219,-3.781250,0.203125,0.015625,0.082031
0.761719,1.507813,0.023437,0.281250,0.123047,0.347656,0.099609
0.761353,0.503906,-0.054687,0.316406,-0.144531,0.298828,-0.027344
0.758423,-1.511719,0.296875,1.886719,-0.414062,-0.195312,-0.296875
0.755249,-2.101563,0.406250,0.742187,-0.085937,-0.560547,-0.277344
0.749268,0.570312,0.046875,-2.828125,0.158203,-0.871094,-0.453125
0.722046,-1.492188,0.417969,-1.371094,0.291016,-0.587891,-0.093750
0.711670,1.218750,-0.523437,1.171875,0.271484,-0.605469,0.171875
0.698853,1.527344,-0.562500,-0.933594,0.359375,0.181641,0.429687
0.715088,1.632813,-0.394531,-0.390625,0.179687,0.636719,0.322266
0.727173,0.179687,0.082031,0.371094,-0.166016,0.906250,0.111328
0.739746,-0.859375,0.449219,2.468750,-0.486328,0.503906,-0.078125
0.741333,-1.695313,0.429687,1.550781,-0.349609,0.126953,-0.333984
0.737915,-0.316406,0.238281,-2.683594,-0.160156,0.128906,-0.111328
0.734863,1.207031,-0.109375,-1.218750,0.056641,-0.123047,-0.017578
0.737671,0.703125,-0.347656,-1.257813,0.250000,0.072266,0.070312
0.745239,0.753906,-0.238281,-1.613281,0.326172,0.419922,0.156250
0.750977,0.839844,-0.085937,-0.394531,0.169922,0.496094,0.164062
0.756348,0.398438,0.183594,1.273438,-0.162109,0.298828,0.031250
0.759888,-0.882812,0.000000,1.687500,-0.349609,0.382813,-0.126953
0.758789,-1.117188,-0.175781,0.148437,-0.669922,0.173828,-0.402344
0.754395,-1.894531,0.472656,0.914062,-0.441406,-0.064453,-0.416016
0.727783,-0.285156,0.812500,-1.496094,-0.044922,-0.421875,-0.441406
0.707520,-0.562500,-0.070312,0.433594,0.029297,-0.966797,-0.242187
0.701050,0.835937,-0.585937,-0.144531,0.419922,-0.802734,0.095703
0.701538,2.000000,-0.867187,-3.492188,0.462891,0.109375,0.375000
0.718994,0.300781,0.058594,0.632812,0.162109,0.691406,0.212891
0.740112,0.300781,-0.007813,1.160156,0.000000,0.751953,0.236328
0.764282,-0.539062,0.015625,1.246094,-0.134766,0.652344,0.246094
0.768799,0.648437,0.039063,0.640625,-0.275391,0.537109,0.138672
0.770874,-1.648438,0.597656,0.984375,-0.093750,-0.351563,-0.060547
0.768555,-1.527344,0.414062,-1.152344,0.146484,-0.605469,-0.080078
0.755981,0.886719,-0.484375,-3.855469,1.253906,-0.324219,0.035156
0.752197,0.718750,-0.707031,-7.429687,1.306641,-0.453125,-0.535156
0.750000,-3.097656,-2.132813,1.167969,1.845703,-0.404297,-0.312500
0.747803,5.136719,0.414062,0.117188,2.117188,-0.376953,0.435547
0.737549,2.386719,3.371094,4.867187,2.417969,-0.886719,1.193359
0.727539,2.496094,3.292969,4.578125,2.101563,-1.722656,1.449219
0.711670,-6.503906,1.589844,8.039063,1.484375,-2.203125,0.792969
0.690063,-3.144531,1.152344,4.878906,1.076172,-2.064453,0.982422
0.678589,0.011719,1.410156,-3.785156,1.521484,-1.894531,1.169922
0.663574,0.042969,1.378906,-3.871094,1.785156,-1.423828,1.734375
0.662476,-0.328125,-1.753906,10.191406,-0.738281,-1.386719,0.873047
0.615723,-10.578125,-4.308594,1.500000,-0.087891,-0.777344,-0.283203
0.603760,0.855469,-3.269531,-14.339844,0.021484,-0.816406,-0.115234
0.599976,1.691406,-0.910156,-2.902344,-0.552734,-1.195313,-0.210937
0.592773,1.757813,0.195312,-1.335938,-1.185547,-0.880859,-0.435547
0.595459,0.589844,-0.492187,-5.152344,-0.326172,-0.574219,-0.300781
0.605713,5.214844,-1.871094,-6.691406,0.541016,-0.759766,-0.099609
0.606812,0.968750,-1.421875,-3.398438,0.429687,-0.556641,0.019531
0.607056,-0.179687,2.003906,6.937500,-0.449219,-0.412109,0.171875
0.605957,0.441406,1.707031,3.898438,-0.449219,-0.503906,0.394531
0.624390,-0.683594,-1.105469,-1.125000,-0.033203,-0.468750,0.580078
0.636963,0.210937,-0.812500,-2.535156,-0.316406,0.214844,0.314453
0.647705,-4.199219,-1.648438,-2.312500,-0.193359,0.363281,-0.013672
0.654053,1.074219,-0.328125,-0.671875,0.019531,0.189453,0.416016
0.671631,2.828125,0.621094,-0.925781,0.195312,0.123047,0.302734
0.676514,-0.871094,-0.242187,-0.265625,-0.138672,-0.001953,-0.001953
0.672119,0.164062,0.929687,1.210938,-0.242187,-0.058594,-0.103516
0.656006,-0.417969,0.093750,-0.625000,-0.173828,-0.330078,-0.062500
0.650269,0.582031,0.363281,0.242187,-0.228516,-0.302734,-0.080078
0.645630,-0.289063,0.023437,0.035156,-0.414062,-0.140625,-0.222656
0.639404,-0.296875,0.339844,0.574219,-0.367188,-0.269531,-0.257813
0.643066,0.066406,0.339844,0.085937,-0.351563,-0.257813,-0.101563
0.656738,0.574219,-0.878906,0.000000,-0.160156,0.138672,0.044922
0.682495,1.578125,-0.832031,-1.746094,-0.060547,0.121094,0.044922
0.696289,0.257813,-0.394531,0.171875,-0.136719,0.130859,0.318359
0.713867,3.800781,-1.000000,-0.167969,0.029297,0.503906,0.519531
0.739624,-0.519531,-0.265625,-2.167969,0.062500,0.746094,0.447266
0.742310,0.273438,0.035156,-0.621094,-0.072266,0.433594,0.152344
0.740601,-1.128906,0.769531,-0.843750,-0.001953,0.431641,-0.003906
0.737061,0.121094,0.351563,1.347656,-0.287109,0.179687,-0.351563
0.709717,-3.257813,0.871094,1.753906,-0.291016,-0.173828,-0.683594
0.697998,-1.621094,0.457031,0.023437,-0.267578,-0.345703,-0.464844
0.703613,5.687500,-1.414063,-2.863281,0.091797,-0.072266,0.017578
0.722778,-1.753906,-0.179687,-0.218750,0.050781,0.019531,0.066406
0.737427,1.640625,-0.515625,-0.535156,0.070312,0.660156,0.449219
0.756958,-0.210937,-0.332031,-1.164063,0.136719,1.009766,0.519531
0.773193,2.003906,-0.453125,-0.199219,-0.130859,1.207031,0.480469
0.775024,-2.996094,1.355469,1.636719,-0.351563,0.625000,-0.017578
0.772827,-2.957031,1.386719,1.652344,-0.503906,0.017578,-0.333984
0.757202,-1.402344,0.925781,0.542969,-0.429687,-0.480469,-0.576172
0.738281,-1.527344,0.796875,-0.878906,-0.220703,-0.960937,-0.642578
0.728638,0.011719,-0.093750,-1.500000,0.027344,-0.845703,-0.386719
0.715942,1.394531,-1.207031,-1.312500,0.216797,-0.335938,-0.132812
0.710449,0.476562,-0.539062,-1.765625,0.332031,0.310547,0.015625
0.715454,2.835938,-0.746094,-0.894531,0.392578,0.583984,0.173828
0.717651,-0.558594,-0.523437,0.144531,0.082031,0.507812,0.003906
0.719849,-1.675781,-0.878906,1.539063,0.001953,0.609375,0.072266
0.718018,1.925781,1.886719,1.039063,-0.119141,0.412109,0.230469
0.716675,0.156250,2.113281,1.792969,-0.220703,0.031250,0.306641
0.722168,0.894531,1.109375,2.406250,-0.388672,-0.173828,-0.042969
0.727539,-3.367188,-1.003906,0.789062,-0.259766,-0.183594,-0.083984
0.736206,0.785156,-0.613281,-2.210938,0.005859,0.105469,0.027344
0.755493,0.335938,-0.261719,-1.339844,0.062500,0.345703,0.097656
0.763428,1.253906,-0.179687,-0.535156,-0.001953,0.621094,0.128906
0.767334,0.390625,-0.015625,0.527344,-0.261719,0.312500,-0.074219
0.756104,-1.480469,0.421875,0.085937,-0.345703,-0.156250,-0.273438
0.744385,-1.265625,0.296875,-0.398438,0.068359,-0.642578,-0.251953
0.734741,-0.464844,0.121094,-2.027344,0.136719,-0.982422,-0.234375
0.726074,-0.359375,-0.179687,0.019531,0.226562,-0.562500,-0.078125
0.731567,1.972656,-0.277344,-0.894531,0.285156,-0.093750,0.212891
0.744751,2.890625,-0.585937,-1.699219,0.337891,0.470703,0.429687
0.758179,0.179687,0.003906,0.929687,0.033203,0.869141,0.433594
0.781494,1.546875,-0.078125,2.007813,-0.380859,0.664062,0.056641
0.779907,-0.812500,0.031250,2.734375,-0.556641,0.041016,-0.279297
0.766235,-3.878906,-0.078125,-2.933594,0.207031,-0.140625,-0.509766
0.746582,-0.363281,-2.054688,-9.054688,1.591797,0.240234,-0.593750
0.741455,0.371094,-2.753906,-10.570313,1.230469,0.511719,-0.097656
0.734253,1.375000,2.167969,5.406250,0.480469,0.144531,0.216797
0.727051,2.226563,2.230469,4.519531,0.013672,-0.130859,0.472656
0.724854,0.058594,1.886719,4.316406,-0.042969,-0.179687,0.308594
0.721191,-1.136719,0.339844,2.394531,-0.162109,-0.144531,-0.044922
0.707642,-0.605469,0.507812,1.867188,-0.460937,-0.107422,-0.015625
0.704590,0.035156,-0.273438,-0.398438,-0.142578,0.042969,-0.007813
0.705200,0.191406,-1.101563,-3.132813,-0.244141,0.230469,-0.099609
0.707642,-0.421875,0.132812,0.492187,-0.390625,0.097656,-0.019531
0.708862,1.039063,1.113281,1.464844,-0.585937,-0.076172,0.158203
0.712280,0.398438,1.351563,2.640625,-0.490234,-0.310547,-0.191406
0.715210,-3.082031,-1.421875,-0.929687,-0.292969,-0.199219,-0.103516
0.729736,0.984375,-0.644531,-2.152344,-0.142578,-0.160156,-0.023437
0.733643,-0.410156,-0.171875,-0.121094,-0.167969,-0.148437,0.050781
0.739014,2.320313,-0.621094,-0.398438,-0.037109,0.333984,0.248047
0.751343,0.425781,-0.371094,-1.187500,-0.054687,0.777344,0.220703
0.756104,0.421875,0.039063,-0.238281,-0.117188,0.574219,0.003906
0.759521,-0.765625,0.429687,1.078125,-0.484375,0.375000,-0.214844
0.746216,-1.968750,0.398438,1.042969,-0.363281,-0.019531,-0.458984
0.742187,-1.609375,0.457031,-1.230469,-0.097656,-0.261719,-0.251953
0.741211,1.363281,-0.398438,-1.574219,0.017578,-0.238281,-0.005859
0.746338,-0.003906,-0.046875,0.363281,0.013672,-0.093750,0.019531
0.754395,1.605469,-0.125000,-1.160156,0.166016,0.414062,0.134766
0.767212,1.125000,-0.085937,-1.339844,0.142578,1.015625,0.263672
0.779541,-0.660156,-0.109375,1.394531,-0.191406,0.683594,0.134766
0.778198,-2.433594,0.671875,2.050781,-0.230469,0.091797,-0.085937
0.772095,-0.796875,0.566406,0.542969,-0.304688,-0.138672,-0.183594
0.759766,-0.679687,0.488281,1.640625,-0.205078,-0.558594,-0.380859
0.733032,-0.812500,0.128906,-1.730469,0.089844,-0.884766,-0.335938
0.727295,1.812500,-0.554687,-1.597656,0.201172,-0.291016,-0.064453
0.726318,0.937500,-0.453125,0.585937,0.044922,0.005859,-0.060547
0.744873,-0.109375,-0.117188,0.269531,-0.037109,0.275391,-0.029297
0.753540,1.398438,-0.195312,-0.394531,-0.050781,0.714844,0.099609
0.759033,1.109375,-0.414062,-0.019531,-0.173828,0.554687,0.066406
0.760254,-1.917969,0.058594,0.652344,-0.250000,-0.152344,-0.037109
0.759399,-0.812500,0.527344,1.000000,0.013672,-0.173828,0.111328
0.759033,1.222656,-0.308594,0.585937,0.035156,0.019531,0.244141
0.764526,-0.347656,-0.023437,-0.839844,0.117188,0.386719,0.251953
0.768433,0.054687,0.144531,-1.031250,0.158203,0.310547,0.025391
0.766724,-1.070313,0.253906,-0.054687,0.052734,0.193359,-0.091797
0.757324,-2.765625,-0.675781,1.003906,-0.269531,0.085937,-0.585937
0.734619,-4.277344,-1.558594,-0.933594,-0.017578,0.361328,-0.810547
0.732544,3.445313,0.601562,-2.070313,-0.103516,0.537109,-0.210937
0.733643,3.246094,1.773438,1.316406,-0.191406,0.113281,0.070312
0.722168,3.078125,2.179688,2.644531,-0.517578,-0.203125,0.416016
0.717285,-1.941406,-0.453125,3.648438,-0.380859,-0.384766,-0.166016
0.716797,-2.632813,-1.050781,-2.109375,0.105469,-0.406250,-0.162109
0.710571,-0.640625,-0.867187,-5.113281,0.250000,-0.361328,-0.042969
0.709106,0.667969,-0.085937,-0.363281,0.417969,-0.208984,0.169922
0.715454,2.332031,-0.054687,0.441406,0.166016,-0.007813,0.166016
0.728516,-0.968750,0.066406,0.906250,0.267578,0.175781,0.105469
0.738281,-0.054687,-0.285156,-2.066406,0.480469,0.691406,0.361328
0.744629,0.949219,-0.238281,1.171875,-0.050781,1.015625,0.183594
0.756470,-3.171875,0.734375,6.539062,-0.626953,0.523437,-0.066406
0.767578,-0.917969,0.812500,2.773438,-0.603516,-0.353516,0.080078
0.772461,0.109375,0.542969,1.464844,-0.339844,-0.560547,0.160156
0.772217,1.171875,-0.343750,-3.917969,0.175781,-0.205078,0.101563
0.765137,-0.273438,-0.230469,-4.156250,0.521484,0.123047,-0.013672
0.753540,-1.425781,-0.070312,-1.226563,0.750000,-0.099609,-0.162109
0.740845,-0.843750,0.449219,-0.597656,0.240234,0.031250,-0.453125
0.722778,-2.523438,-0.945312,-0.531250,0.105469,0.453125,-0.787109
0.709961,0.976562,-0.371094,-1.421875,-0.105469,0.328125,-0.738281
0.689453,-0.187500,1.000000,2.289063,-0.535156,-0.171875,-0.523437
0.651123,1.296875,1.925781,3.984375,-0.347656,-0.205078,-0.054687
0.646362,2.460938,1.296875,1.378906,-0.466797,-0.468750,0.269531
0.646851,-0.480469,-0.117188,1.289063,-0.097656,-0.421875,-0.197266
0.665649,-3.316406,-2.410156,-3.628906,0.119141,-0.050781,-0.019531
0.680176,1.195313,-1.078125,-2.937500,0.144531,0.029297,0.033203
0.702515,0.437500,-0.273438,2.171875,-0.175781,-0.078125,0.207031
0.732178,0.699219,-0.515625,2.316406,-0.201172,0.218750,0.568359
0.743774,2.753906,-0.531250,-0.914062,0.015625,0.529297,0.621094
0.754272,1.230469,-0.054687,-2.035156,0.046875,0.677734,0.478516
0.761353,-1.839844,0.972656,-0.296875,0.060547,0.515625,0.056641
0.761353,-0.718750,0.597656,0.574219,-0.171875,0.597656,-0.007813
0.756348,-0.343750,0.183594,1.777344,-0.433594,-0.033203,-0.531250
0.742676,-4.070312,0.542969,1.042969,-0.277344,-0.392578,-0.552734
0.748779,5.750000,-1.164063,-4.132812,0.273438,0.052734,0.101563
0.758179,0.464844,-0.062500,0.816406,-0.005859,-0.205078,0.111328
0.767700,0.593750,0.136719,1.941406,0.041016,0.185547,0.306641
0.787964,0.382813,-0.109375,-1.308594,0.125000,0.433594,0.349609
0.792603,0.269531,-0.167969,-1.675781,0.291016,0.541016,0.263672
0.787476,-0.425781,-0.285156,-0.375000,0.027344,0.388672,0.068359
0.753662,-2.242188,-0.359375,0.765625,0.648437,-0.228516,-0.746094
0.747681,-1.554688,-2.269531,-10.492188,1.494141,-0.205078,-0.792969
0.742065,6.195312,2.339844,2.910156,0.648437,-0.228516,-0.001953
0.727783,4.769531,1.562500,3.191406,0.697266,-0.287109,0.947266
0.721191,5.769531,2.007813,0.746094,0.830078,-0.511719,1.048828
0.719482,-5.531250,-0.304688,2.531250,0.898437,-1.072266,0.333984
0.715942,-4.359375,0.316406,3.433594,0.384766,-0.730469,0.234375
0.706299,2.175781,1.410156,5.378906,-0.330078,-0.322266,0.064453
0.700073,-2.812500,0.445312,3.382813,-0.552734,0.085937,-0.304688
0.699951,0.054687,-0.617187,-1.628906,-0.412109,0.156250,-0.326172
0.702026,0.972656,0.730469,0.992187,-0.490234,-0.164062,-0.109375
0.702026,1.554688,1.289063,1.433594,-0.656250,-0.371094,0.072266
0.702271,0.781250,1.597656,1.988281,-0.539062,-0.339844,-0.091797
0.719238,-0.667969,-0.929687,-1.765625,-0.373047,-0.062500,-0.003906
0.731201,1.164063,-1.058594,-2.468750,-0.064453,0.179687,0.078125
0.738403,-0.468750,-0.324219,-1.578125,-0.115234,-0.027344,0.140625
0.747559,0.175781,-0.261719,0.847656,-0.003906,0.486328,0.455078
0.751709,0.734375,-0.269531,-1.335938,0.035156,0.861328,0.425781
0.757812,-0.937500,0.113281,0.082031,-0.175781,1.031250,0.169922
0.761719,-1.886719,0.710937,1.949219,-0.423828,0.638672,-0.199219
0.749756,-2.148438,0.605469,1.859375,-0.701172,-0.021484,-0.652344
0.724976,-2.726563,1.019531,-1.742188,-0.400391,-0.763672,-0.843750
0.712158,1.394531,-0.214844,-2.925781,0.019531,-0.501953,-0.398438
0.719360,2.457031,-1.050781,-1.003906,0.066406,-0.167969,-0.113281
0.733398,0.703125,-0.570312,0.031250,0.029297,0.068359,0.306641
0.750610,3.437500,-1.121094,-1.437500,0.189453,0.224609,0.789062
0.759033,2.507813,-0.644531,-0.375000,0.460937,0.406250,1.220703
0.757690,2.441406,0.527344,-1.703125,0.263672,0.109375,0.951172
0.760864,-1.492188,1.082031,2.761719,-0.060547,-0.005859,0.421875
0.757080,-1.414063,0.621094,-0.609375,-0.019531,0.089844,0.050781
0.757080,-1.125000,0.171875,-1.343750,0.226562,0.064453,-0.070312
0.754395,-0.917969,0.148437,-2.378906,0.322266,-0.226562,-0.587891
0.747070,-3.625000,1.003906,0.480469,-0.294922,-0.029297,-0.642578
0.757080,4.058594,-1.093750,0.902344,-0.332031,0.500000,-0.148437
0.770508,0.105469,-0.238281,-0.078125,-0.386719,0.466797,-0.177734
0.778687,-0.019531,-0.152344,-0.429687,-0.595703,0.291016,-0.535156
0.769043,-2.867188,0.566406,1.316406,-0.796875,0.068359,-0.701172
0.754028,-1.921875,0.550781,1.472656,-0.625000,-0.685547,-0.753906
0.738403,0.296875,0.128906,-3.089844,-0.109375,-1.066406,-0.541016
0.705811,1.246094,-0.707031,-1.687500,0.371094,-0.621094,-0.068359
0.691284,2.578125,-1.042969,-2.996094,0.689453,0.005859,0.269531
0.692139,3.269531,-0.164062,0.234375,0.470703,0.138672,0.357422
0.735352,-0.500000,0.218750,2.062500,0.144531,0.365234,0.310547
0.748413,0.082031,-0.140625,1.386719,-0.011719,0.945312,0.410156
0.759766,1.656250,-0.031250,0.437500,-0.437500,0.923828,0.101563
0.763428,-3.492188,0.910156,1.882813,-0.503906,0.029297,-0.341797
0.755737,-1.125000,0.304688,-0.429687,-0.287109,-0.257813,-0.496094
0.745117,-1.648438,0.054687,-1.164063,-0.199219,-0.375000,-0.667969
0.721924,-1.457031,-0.332031,-0.984375,0.273438,0.136719,-0.107422
0.721924,3.199219,-0.976562,-5.292969,0.609375,0.523437,0.121094
0.722656,0.289063,0.726562,2.246094,0.091797,0.269531,0.093750
0.721313,-0.093750,1.339844,3.808594,-0.171875,0.001953,0.230469
0.725830,-1.746094,-0.402344,1.386719,-0.244141,-0.281250,-0.021484
0.735596,0.152344,-0.421875,-1.660156,-0.019531,0.134766,0.013672
0.749634,0.472656,-0.570312,-1.976563,0.062500,0.066406,0.068359
0.765747,-0.507812,-0.261719,0.191406,-0.076172,0.332031,0.205078
0.767700,0.039063,0.105469,0.605469,-0.148437,0.511719,0.218750
0.770508,0.414062,0.054687,-0.222656,-0.226562,0.875000,0.023437
0.771851,-1.109375,-0.046875,1.132813,-0.916016,0.322266,-0.439453
0.768677,-4.601562,1.042969,4.726562,-0.472656,-0.443359,-0.406250
0.763672,1.089844,0.390625,-1.789063,-0.058594,-1.029297,-0.308594
0.748779,-0.230469,-0.101563,-0.171875,0.253906,-0.650391,-0.173828
0.742310,1.621094,-1.003906,-4.714844,0.789062,0.113281,0.138672
0.735596,2.496094,-1.144531,-5.351562,1.292969,1.009766,0.365234
0.744507,-2.726563,-1.234375,1.277344,0.679687,0.597656,-0.421875
0.742676,-6.039062,-0.035156,6.714844,-0.125000,0.167969,-0.337891
0.736084,4.296875,1.621094,1.488281,0.064453,0.242187,0.023437
0.734741,2.144531,1.464844,-0.328125,-0.283203,0.105469,0.253906
0.736084,-0.835937,0.664062,3.648438,-0.369141,-0.078125,0.078125
0.733521,-1.515625,0.082031,0.867187,-0.367188,-0.078125,0.083984
0.733765,-0.167969,0.304688,1.589844,-0.408203,-0.128906,0.015625
0.740112,-1.242188,-0.707031,-0.984375,-0.021484,0.128906,0.058594
0.745972,0.230469,-0.203125,-1.375000,0.035156,0.304688,0.031250
0.751221,0.214844,0.226562,0.941406,-0.228516,0.101563,-0.046875
0.750854,-0.828125,0.617187,2.734375,-0.378906,-0.314453,-0.091797
0.746826,-0.398438,0.167969,1.898438,-0.253906,-0.667969,-0.208984
0.737427,-0.117188,-0.253906,-2.304688,0.093750,-0.666016,-0.146484
0.720459,0.941406,-0.691406,-2.917969,0.277344,-0.353516,0.015625
0.720947,1.109375,-0.402344,-1.667969,0.414062,0.138672,0.312500
0.731689,2.687500,-0.394531,-0.054687,0.109375,0.361328,0.214844
0.751831,0.871094,0.007813,1.546875,-0.126953,0.630859,0.173828
0.757446,-1.125000,0.175781,0.820312,-0.248047,0.783203,0.007813
0.761841,-0.199219,0.191406,1.253906,-0.408203,0.353516,-0.195312
0.764893,-1.660156,0.542969,1.027344,-0.296875,0.097656,-0.291016
0.766479,1.863281,-0.347656,-2.199219,0.070312,0.058594,-0.066406
0.770630,-0.253906,-0.429687,-1.296875,0.138672,-0.128906,0.005859
0.774902,-0.136719,-0.125000,-0.039063,0.181641,-0.179687,0.173828
0.778198,1.441406,-0.199219,-0.332031,0.259766,0.345703,0.197266
0.781616,1.609375,-0.546875,-1.050781,0.152344,0.804687,0.148437
0.778076,-2.386719,-0.355469,0.937500,0.005859,0.117188,-0.552734
0.766602,-4.265625,-1.328125,-3.542969,1.353516,-0.326172,-0.869141
0.763184,-0.132812,-2.363281,-10.734375,1.841797,-0.351563,-0.564453
0.758179,7.429687,2.648438,5.218750,0.853516,-0.371094,0.646484
0.736084,6.425781,4.320312,7.003906,0.371094,-0.916016,1.638672
0.724243,4.929687,3.234375,2.828125,0.644531,-0.982422,1.480469
0.722778,-1.820313,-0.984375,0.519531,0.664062,-1.398438,0.929687
0.713623,-5.226562,0.417969,1.066406,0.687500,-1.720703,0.169922
0.707397,-4.042969,-0.617187,0.046875,0.777344,-1.130859,0.250000
0.701294,2.339844,-0.535156,0.859375,0.505859,-0.611328,0.363281
0.693726,-0.296875,0.183594,2.558594,-0.087891,-0.490234,0.150391
0.680664,-2.535156,0.621094,3.800781,-0.486328,-0.162109,-0.406250
0.676636,-2.488281,-0.480469,-0.984375,-0.472656,0.021484,-0.591797
0.666260,1.250000,1.074219,-0.531250,-0.371094,-0.230469,-0.427734
0.631714,1.363281,0.953125,-0.562500,-0.580078,-0.453125,-0.251953
0.635132,1.710938,0.125000,1.324219,-0.703125,-0.349609,0.222656
0.655029,2.472656,-0.050781,1.457031,-0.453125,-0.357422,-0.017578
0.695923,-3.054688,-1.742188,-1.726563,-0.294922,-0.089844,0.119141
0.708740,1.492188,-0.832031,-2.781250,0.011719,0.460937,0.349609
0.719360,2.640625,-0.761719,-2.093750,-0.048828,0.837891,0.367188
0.724365,-1.882813,0.417969,2.441406,-0.222656,0.226562,0.041016
0.723511,-2.628906,1.246094,1.910156,-0.265625,0.132812,-0.052734
0.722534,-0.062500,0.144531,-1.925781,-0.126953,0.265625,-0.285156
0.715698,-2.429688,0.359375,-0.660156,-0.199219,-0.126953,-0.550781
0.718506,-1.144531,-0.093750,0.949219,-0.052734,-0.185547,-0.210937
0.724609,2.792969,-0.609375,-1.550781,0.080078,-0.001953,0.021484
0.732178,0.265625,-0.148437,0.234375,0.064453,0.150391,0.109375
0.742798,1.597656,-0.449219,-0.246094,0.046875,0.587891,0.394531
0.746948,1.425781,-0.195312,-1.175781,0.031250,0.875000,0.271484
0.748779,-0.296875,0.089844,0.355469,-0.191406,0.472656,0.041016
0.746460,-1.445313,0.519531,1.265625,-0.324219,0.185547,-0.162109
0.741333,-0.226562,0.257813,0.492187,-0.326172,0.097656,-0.339844
0.736084,-2.265625,0.375000,-0.003906,-0.199219,-0.279297,-0.427734
0.732422,-0.359375,-0.148437,-1.480469,-0.115234,-0.359375,-0.265625
0.737793,2.402344,-0.394531,-1.359375,0.083984,0.027344,-0.001953
0.745239,0.183594,0.019531,0.671875,-0.015625,0.144531,0.042969
0.758423,0.773437,-0.125000,-0.070312,-0.119141,0.300781,0.251953
0.763550,1.792969,-0.683594,0.558594,0.111328,0.773437,0.359375
0.768433,-0.980469,0.152344,0.906250,-0.138672,0.828125,0.115234
0.764404,-1.828125,0.480469,3.441406,-0.525391,0.250000,-0.171875
0.757446,-2.457031,0.804687,0.960937,-0.365234,-0.037109,-0.328125
0.747681,-0.375000,0.449219,-0.460937,-0.345703,-0.429687,-0.546875
0.736938,0.128906,-0.023437,-1.257813,-0.041016,-0.757812,-0.353516
0.722290,1.914063,-0.476562,-1.035156,0.125000,-0.421875,-0.015625
0.720703,0.886719,-0.562500,-0.902344,0.289063,-0.074219,0.179687
0.728027,1.714844,-0.378906,-0.828125,0.207031,0.050781,0.234375
0.744263,0.296875,-0.179687,-0.757812,0.343750,0.312500,0.310547
0.748413,0.703125,-0.093750,-0.453125,0.121094,0.705078,0.201172
0.754883,0.093750,0.257813,0.929687,-0.388672,0.763672,-0.031250
0.757080,-1.523438,0.273438,3.765625,-0.613281,0.007813,-0.326172
0.756958,0.542969,0.058594,-0.976562,-0.308594,0.001953,-0.171875
0.754883,-0.421875,0.175781,-1.417969,-0.246094,0.123047,-0.316406
0.752075,-0.468750,-0.300781,-0.843750,-0.427734,0.230469,-0.234375
0.758545,0.503906,-0.714844,0.308594,0.041016,0.232422,0.072266
0.760376,0.679687,0.289063,0.253906,0.060547,0.089844,0.132812
0.760498,-0.597656,0.679687,1.156250,-0.025391,-0.068359,0.009766
0.759277,0.015625,0.257813,0.542969,0.060547,0.175781,0.021484
0.759521,0.527344,-0.007813,-1.019531,0.123047,0.494141,0.013672
0.763306,-1.593750,0.480469,1.421875,-0.201172,0.029297,-0.296875
0.755981,-2.675781,0.511719,2.988281,-0.447266,-0.498047,-0.552734
0.753418,-0.707031,-0.238281,-0.175781,0.003906,-0.085937,-0.080078
0.750488,2.792969,-0.898437,-2.464844,0.427734,0.292969,0.140625
0.739746,2.218750,-1.218750,-3.792969,0.824219,0.654297,0.089844
0.741455,-2.722656,-0.492187,-0.441406,0.228516,0.437500,-0.195312
0.741821,-0.691406,1.621094,4.230469,-0.250000,0.068359,-0.025391
0.738892,1.222656,1.933594,3.917969,-0.458984,-0.236328,0.185547
0.739502,0.089844,0.832031,3.980469,-0.503906,-0.501953,-0.183594
0.744873,-2.937500,-1.472656,-1.792969,-0.312500,-0.263672,-0.039063
0.756958,0.976562,-0.777344,-2.519531,-0.005859,-0.054687,0.023437
0.760132,-0.324219,-0.460937,-2.605469,0.130859,0.263672,0.292969
0.765625,1.125000,-0.179687,-1.273438,0.125000,0.443359,0.289063
0.770874,-0.996094,0.613281,2.472656,-0.156250,0.041016,0.041016
0.772827,-1.250000,0.656250,2.097656,-0.183594,0.121094,0.029297
0.773926,-0.468750,-0.062500,-1.441406,-0.019531,0.242187,-0.066406
0.774780,-0.851562,0.238281,-0.843750,-0.187500,0.144531,-0.326172
0.769287,-1.902344,0.449219,2.429688,-0.601562,-0.318359,-0.501953
0.767944,-1.312500,0.136719,3.042969,-0.292969,-0.363281,-0.154297
0.764526,1.476563,-0.589844,-3.773438,0.171875,-0.113281,-0.031250
0.752441,0.894531,-0.761719,-4.265625,0.654297,0.634766,0.255859
0.751099,2.417969,-1.082031,-2.804688,0.455078,0.705078,0.044922
0.750000,-3.242188,-0.261719,2.042969,0.082031,0.132812,-0.474609
0.743164,2.863281,2.218750,2.738281,-0.205078,-0.107422,-0.076172
0.739746,1.429688,1.691406,2.050781,-0.412109,-0.306641,0.128906
0.734741,1.351563,2.027344,3.445313,-0.435547,-0.529297,-0.099609
0.742920,-2.476563,-1.589844,-0.957031,-0.091797,-0.253906,0.074219
0.751709,0.234375,-0.890625,-2.718750,0.208984,0.222656,0.103516
0.760864,0.570312,-0.386719,-1.578125,0.099609,0.628906,0.240234
0.771362,1.378906,-0.214844,1.992188,-0.031250,0.810547,0.273438
0.783325,0.007813,0.230469,0.207031,-0.126953,0.859375,0.156250
0.783325,-0.648437,-0.023437,1.460938,-0.439453,0.703125,-0.046875
0.780640,-2.535156,0.191406,0.527344,-0.486328,-0.113281,-0.423828
0.762939,0.851562,0.296875,-2.765625,0.089844,-0.365234,-0.294922
0.757812,0.781250,0.273438,-2.742188,0.046875,-0.460937,-0.132812
0.756226,0.996094,-0.699219,-0.988281,0.152344,-0.087891,-0.083984
0.767334,0.257813,-0.597656,-1.851563,0.099609,0.337891,0.275391
0.781128,2.621094,-1.351563,1.164063,-0.130859,0.289063,0.462891
0.787476,-0.464844,-0.691406,0.828125,-0.078125,0.187500,0.564453
0.780640,0.210937,0.246094,-0.925781,0.224609,-0.462891,0.599609
0.770020,-1.589844,1.656250,1.976563,0.669922,-1.396484,0.574219
0.765015,-0.242187,2.460938,1.863281,0.267578,-1.318359,0.119141
0.762085,-0.570312,2.109375,4.511719,-0.212891,-0.642578,-0.224609
0.764282,1.082031,-1.460938,-7.101562,0.490234,-0.199219,-0.205078
0.762573,0.621094,-1.929688,-10.550781,1.468750,0.523437,0.111328
0.759033,1.917969,-1.617188,-6.078125,0.666016,0.138672,-0.558594
0.742310,-5.355469,-2.246094,5.097656,0.480469,0.199219,-0.636719
0.737671,3.054688,1.550781,3.906250,-0.099609,-0.029297,-0.314453
0.731201,1.597656,0.953125,-2.453125,0.621094,0.029297,0.173828
0.729736,4.371094,1.382813,-3.417969,0.984375,-0.318359,0.402344
0.727051,0.886719,1.695313,0.667969,0.453125,-0.695312,0.529297
0.710815,3.847656,3.203125,7.019531,-0.238281,-0.810547,1.097656
0.707642,0.085937,1.621094,2.210938,-0.037109,-0.541016,1.025391
0.705322,-1.972656,-1.757813,-2.921875,0.751953,-0.250000,0.548828
0.709717,-2.988281,-3.449219,-4.355469,0.673828,-0.326172,-0.031250
0.693359,-5.042969,0.753906,5.351562,-0.341797,-0.123047,-0.636719
0.688232,-3.500000,0.273438,2.640625,-0.226562,-0.228516,-0.265625
0.694214,4.347656,1.070313,-0.761719,0.117188,0.015625,0.517578
0.702637,3.843750,0.066406,0.179687,-0.269531,-0.103516,0.300781
0.703613,-1.597656,0.496094,1.382813,-0.519531,0.195312,-0.007813
0.707886,-1.472656,-0.203125,-0.843750,-0.541016,0.283203,-0.363281
0.715698,-0.699219,-0.347656,-1.394531,-0.488281,0.117188,-0.320313
0.705566,0.968750,0.121094,-0.136719,-0.390625,-0.443359,-0.380859
0.699097,-0.726562,0.457031,1.144531,-0.304688,-0.904297,-0.330078
0.692261,0.082031,-0.007813,-1.382813,0.017578,-1.029297,-0.230469
0.671143,0.554687,-0.492187,-1.992188,0.357422,-0.695312,-0.169922
0.670410,-0.156250,-0.601562,-2.941406,0.361328,-0.386719,0.244141
0.684937,3.074219,-0.714844,-0.445312,0.531250,0.373047,0.775391
0.730957,3.714844,-0.578125,-1.128906,0.369141,1.109375,0.701172
0.745605,-1.164063,0.191406,0.414062,-0.119141,1.572266,0.218750
0.751343,-3.136719,0.558594,3.839844,-0.773437,0.712891,-0.392578
0.737427,-5.871094,1.347656,4.128906,-0.980469,-0.298828,-0.882812
0.713501,-0.894531,0.996094,-0.171875,-0.710937,-0.583984,-1.000000
0.680786,-0.218750,1.140625,-2.078125,-0.302734,-0.826172,-1.019531
0.644897,3.925781,-0.761719,-1.539063,0.052734,-0.603516,-0.255859
0.656616,3.265625,-1.519531,-1.292969,0.095703,-0.240234,-0.029297
0.672485,-1.316406,-0.531250,0.785156,0.005859,-0.095703,-0.003906
0.697144,0.191406,-0.601562,-0.554687,0.275391,0.587891,0.621094
0.731934,1.226563,-0.292969,0.308594,0.199219,0.603516,0.703125
0.734741,0.855469,-0.125000,1.027344,0.060547,0.898437,0.740234
0.742798,-1.507813,0.847656,1.140625,-0.392578,0.894531,0.226562
0.749268,-2.265625,1.003906,2.472656,-0.322266,0.376953,-0.144531
0.747314,-1.375000,0.406250,-0.039063,-0.441406,-0.082031,-0.562500
0.737427,-4.582031,1.070313,0.964844,-0.533203,-0.648437,-0.908203
0.725952,0.074219,-0.117188,-0.656250,-0.089844,-0.226562,-0.169922
0.728760,5.726562,-1.359375,-2.839844,0.076172,0.123047,0.052734
0.737183,0.265625,0.031250,0.242187,0.080078,0.296875,0.101563
0.752441,0.527344,-0.085937,-0.449219,0.019531,0.283203,0.074219
0.756714,-0.976562,0.000000,1.289063,-0.166016,0.193359,0.275391
0.757812,1.492188,-0.773437,1.058594,0.109375,0.613281,0.640625
0.761963,-2.058594,0.644531,-2.136719,0.250000,0.406250,0.152344
0.765015,-1.636719,0.957031,1.984375,-0.095703,0.457031,0.003906
0.762695,-3.437500,0.773437,2.183594,-0.416016,0.177734,-0.351563
0.744507,-1.761719,0.253906,-0.687500,-0.429687,-0.207031,-0.634766
0.738892,-0.957031,-0.160156,-1.988281,-0.152344,-0.341797,-0.400391
0.739380,1.347656,-0.214844,-0.265625,0.107422,0.207031,0.003906
0.740967,-0.675781,0.128906,1.863281,-0.134766,0.144531,-0.025391
0.750977,0.335938,-0.132812,-0.808594,0.017578,-0.029297,0.052734
0.757080,-0.308594,-0.085937,-0.472656,0.093750,0.046875,0.074219
0.761475,1.257813,-0.429687,-0.167969,0.099609,0.349609,0.244141
0.769531,-0.710937,0.046875,0.781250,0.025391,0.406250,0.201172
0.774170,0.578125,0.101563,0.675781,-0.001953,0.300781,0.173828
0.771973,-2.550781,0.683594,0.082031,0.101563,0.035156,-0.042969
0.754272,-2.257813,-0.183594,-0.820312,0.125000,0.121094,-0.259766
0.729736,-4.429687,-0.117188,1.238281,-0.156250,-0.093750,-0.898437
0.707886,1.730469,-1.488281,-3.328125,0.246094,0.273438,-0.589844
0.707520,5.437500,1.125000,-0.027344,0.158203,0.226562,0.070312
0.708618,1.398438,1.507813,3.644531,-0.154297,-0.042969,0.253906
0.706543,-1.328125,0.242187,2.367188,-0.472656,-0.175781,0.142578
0.709473,-0.707031,-0.570312,-0.917969,-0.285156,-0.044922,-0.041016
0.714355,-0.214844,-0.828125,-3.203125,0.031250,-0.021484,0.000000
0.717773,0.128906,0.089844,0.382813,0.132812,-0.152344,0.070312
0.720215,-0.523437,0.167969,1.738281,-0.013672,-0.441406,0.060547
0.702637,-0.699219,-0.093750,0.023437,0.111328,-0.582031,0.070312
0.690186,1.308594,-0.484375,-2.136719,0.501953,-0.074219,0.361328
0.697876,-0.750000,-0.109375,-0.390625,0.585937,0.789062,0.326172
0.729370,-0.765625,0.234375,3.941406,0.023437,1.076172,0.162109
0.742187,-3.007813,0.421875,6.402344,-0.767578,0.458984,-0.152344
0.753540,-0.824219,0.191406,2.019531,-0.673828,-0.044922,0.025391
0.753906,0.164062,0.292969,-2.535156,-0.136719,-0.394531,0.054687
0.748535,0.851562,-0.199219,-3.832031,0.291016,-0.046875,0.062500
0.745361,0.019531,-0.152344,-2.804688,0.574219,0.195312,-0.099609
0.706787,-3.062500,0.015625,-0.265625,0.494141,0.046875,-0.648437
0.669800,-1.132813,0.371094,0.785156,0.218750,-0.007813,-1.109375
0.630005,2.769531,2.019531,2.132813,-0.248047,-0.197266,-0.750000
0.593384,-0.023437,1.519531,3.160156,-0.554687,-0.580078,-0.654297
0.592651,3.585938,2.093750,0.871094,-0.603516,-0.332031,0.126953
0.614502,-3.609375,-4.683594,-0.457031,-0.498047,-0.251953,0.267578
0.671021,-1.003906,-0.472656,-0.531250,-0.388672,-0.460937,0.121094
0.711670,1.984375,-1.242188,-4.476562,0.189453,0.095703,0.515625
0.723267,3.421875,-1.187500,-1.789063,0.171875,0.732422,0.857422
0.735840,-2.589844,0.542969,1.527344,0.064453,0.771484,0.517578
0.751221,-2.027344,0.695312,2.535156,-0.246094,0.343750,0.210937
0.738770,-2.941406,1.085938,-1.164063,-0.033203,-0.064453,-0.189453
0.723511,0.117188,0.335938,-1.429688,0.177734,-0.265625,-0.421875
0.682373,-0.015625,0.425781,1.378906,0.080078,-0.785156,-0.593750
0.685181,4.269531,-0.890625,1.664063,-0.089844,-0.271484,0.066406
0.705688,1.070313,-0.531250,0.125000,-0.101563,0.035156,0.140625
0.750488,1.132813,-0.390625,-1.398438,0.044922,0.683594,0.300781
0.760376,-1.089844,0.312500,1.136719,-0.023437,0.826172,0.148437
0.761841,-1.226563,0.097656,1.910156,-0.304688,0.494141,-0.011719
0.749390,-3.078125,0.343750,2.125000,-0.529297,0.009766,-0.302734
0.741333,-0.414062,0.070312,-1.320313,-0.292969,-0.107422,-0.386719
0.737061,1.484375,-0.332031,-1.359375,0.017578,-0.203125,-0.136719
0.741333,0.785156,-0.101563,0.332031,0.035156,-0.175781,0.021484
0.755127,0.175781,0.015625,0.417969,0.058594,-0.091797,0.113281
0.760620,1.363281,-0.277344,-0.906250,0.142578,0.291016,0.308594
0.764038,-0.062500,0.046875,0.484375,0.113281,0.527344,0.279297
0.768311,-0.910156,0.367188,0.812500,-0.011719,0.525391,0.097656
0.765869,-1.621094,0.492187,2.148438,-0.226562,0.285156,-0.080078
0.759644,-1.937500,0.453125,-0.136719,-0.281250,0.228516,-0.275391
0.733398,-1.308594,0.390625,-1.542969,-0.259766,-0.115234,-0.597656
0.729248,1.085938,-0.714844,-0.722656,-0.101563,-0.242187,-0.275391
0.736572,2.593750,-0.406250,-0.019531,0.074219,-0.203125,0.052734
0.754517,0.718750,-0.054687,-0.003906,-0.041016,-0.009766,0.066406
0.761719,1.093750,-0.238281,-0.671875,0.009766,0.441406,0.154297
0.768433,0.925781,-0.414062,-0.027344,-0.046875,0.646484,0.259766
0.774780,-0.375000,-0.207031,-1.929688,0.121094,0.626953,0.232422
0.773682,-1.566406,0.683594,0.804687,0.101563,0.501953,0.085937
0.769531,-2.132813,0.726562,4.445312,-0.457031,0.066406,-0.212891
0.760132,-1.554688,0.535156,0.324219,-0.498047,-0.230469,-0.455078
0.728760,-0.660156,0.167969,-1.964844,-0.234375,-0.488281,-0.515625
0.715942,2.464844,-0.535156,-1.121094,0.150391,-0.306641,-0.021484
0.705933,-0.316406,0.097656,-0.085937,0.234375,-0.476562,0.003906
0.700928,1.628906,-0.101563,-0.714844,0.140625,-0.054687,0.085937
0.715332,-0.652344,-0.175781,0.601562,0.152344,0.074219,0.074219
0.733154,2.812500,-0.550781,-0.734375,0.302734,0.654297,0.431641
0.761597,0.171875,0.269531,1.378906,0.041016,0.990234,0.357422
0.767212,-1.925781,0.742187,1.500000,-0.150391,0.644531,0.074219
0.765137,-2.273438,0.652344,4.039062,-0.646484,-0.121094,-0.273438
0.749023,0.269531,-0.039063,-3.214844,-0.281250,-0.382813,-0.279297
0.741333,0.589844,-0.246094,-3.742188,0.154297,-0.318359,-0.212891
0.737671,1.515625,-0.460937,-1.820313,0.287109,-0.058594,0.029297
0.736816,1.148438,-0.316406,0.132812,0.259766,-0.113281,0.105469
0.748535,0.980469,-0.132812,-0.871094,0.277344,0.318359,0.152344
0.759033,1.234375,-0.324219,0.765625,0.160156,0.707031,0.281250
0.765625,-0.316406,0.046875,1.652344,-0.189453,0.880859,0.109375
0.764648,-2.054688,0.328125,1.777344,-0.539062,0.445312,-0.285156
0.756226,-0.832031,0.757812,1.011719,-0.722656,0.173828,-0.496094
0.746216,0.222656,0.636719,0.164062,-0.541016,-0.169922,-0.490234
0.698242,-1.312500,0.843750,-1.613281,-0.125000,-1.136719,-0.531250
0.681396,-0.601562,-0.230469,-0.460937,0.117188,-1.193359,-0.175781
0.689453,1.902344,-1.082031,-2.683594,0.480469,-0.310547,0.277344
0.727905,1.890625,-0.582031,-2.164063,0.556641,0.691406,0.398438
0.753784,0.007813,0.113281,0.988281,0.183594,0.917969,0.308594
0.764771,-0.519531,0.367188,3.027344,-0.201172,0.607422,0.177734
0.771729,-2.632813,0.476562,1.265625,-0.416016,-0.041016,-0.041016
0.774292,1.855469,0.382813,-0.296875,-0.283203,-0.427734,0.082031
0.773071,-0.703125,0.515625,-1.015625,-0.083984,-0.662109,0.003906
0.760254,0.421875,-0.335938,-2.847656,0.384766,-0.099609,-0.056641
0.749268,-2.281250,-0.851562,-3.621094,1.019531,0.226562,-0.302734
0.738892,-4.890625,-3.566406,1.937500,1.210938,-0.326172,-0.861328
0.737427,-1.289063,-2.035156,0.210937,1.873047,-0.675781,-0.400391
0.726929,2.308594,0.726562,3.707031,1.804688,-1.107422,0.074219
0.716309,1.664063,3.507813,2.546875,2.218750,-1.511719,0.736328
0.709106,2.109375,4.812500,0.503906,3.033203,-2.150391,1.468750
0.714478,2.074219,3.992188,4.039062,2.685547,-2.396484,1.593750
0.706543,-5.046875,3.816406,9.000000,0.693359,-2.257813,1.359375
0.694214,-0.417969,-1.582031,-0.925781,0.371094,-2.234375,1.359375
0.660278,-1.695313,-5.000000,-3.085938,0.287109,-2.078125,0.845703
0.654663,-1.406250,-5.574219,-10.976563,0.916016,-1.046875,0.423828
0.661621,1.093750,-2.132813,-7.234375,0.027344,-0.816406,0.583984
0.658325,-1.503906,-0.507812,0.875000,-1.210938,-0.710937,0.251953
0.654297,-0.148437,-2.675781,-10.632813,0.138672,-0.248047,-0.031250
0.653198,-0.113281,-3.000000,-6.679687,0.787109,-0.076172,-0.330078
0.653076,2.988281,3.421875,4.273437,0.429687,-0.361328,0.078125
0.660889,1.671875,1.757813,6.304687,-0.361328,-0.533203,0.576172
0.664307,-1.707031,-0.921875,0.132812,-0.082031,-0.675781,0.484375
0.672607,0.371094,-2.507813,-5.230469,0.562500,-0.259766,0.472656
0.685791,-1.199219,0.781250,1.449219,0.353516,-0.244141,0.339844
0.688965,-1.398438,-0.230469,1.960938,-0.212891,-0.121094,0.105469
0.687866,-1.058594,-0.921875,-2.648438,0.080078,-0.015625,-0.105469
0.685059,1.605469,-0.285156,-1.593750,0.294922,-0.423828,0.148437
0.682129,1.621094,1.101563,2.085938,0.187500,-0.431641,0.488281
0.684937,-2.375000,0.414062,3.242188,-0.316406,-0.412109,0.177734
0.685547,-1.167969,-0.742187,-0.664062,-0.179687,-0.291016,0.023437
0.683838,-0.253906,-1.269531,-1.863281,-0.042969,-0.136719,0.021484
0.683716,1.523438,0.535156,-0.046875,-0.048828,-0.025391,0.232422
0.696777,1.332031,0.652344,1.507813,-0.210937,-0.048828,0.386719
0.707764,-0.222656,-0.187500,1.171875,-0.253906,0.000000,0.246094
0.718140,-0.957031,-0.847656,-0.054687,-0.242187,-0.097656,0.173828
0.725342,-0.414062,-0.320313,-1.378906,-0.175781,-0.136719,0.052734
0.735107,0.359375,-0.156250,-1.132813,-0.056641,0.134766,0.037109
0.738892,0.691406,-0.074219,-0.078125,-0.103516,0.470703,0.042969
0.743652,-0.781250,0.210937,1.226563,-0.306641,0.398438,-0.238281
0.732666,-5.117187,1.277344,2.523438,-0.808594,-0.023437,-1.005859
0.710205,-2.648438,0.945312,0.664062,-1.136719,-0.279297,-1.511719
0.688965,2.878906,-0.789062,-1.667969,-0.646484,-0.552734,-0.683594
0.706909,6.886719,-2.011719,-4.968750,0.001953,-0.242187,0.005859
0.719360,2.609375,-0.750000,-1.183594,0.033203,-0.224609,0.140625
0.729248,3.828125,-1.101563,-1.945313,0.240234,0.363281,0.638672
0.748047,2.308594,-0.617187,-0.183594,0.269531,0.667969,0.951172
0.757324,0.234375,-0.171875,-1.296875,0.322266,0.923828,0.804687
0.764038,-4.375000,1.507813,2.625000,0.046875,0.546875,0.253906
0.747437,-2.511719,0.824219,2.273438,-0.189453,0.109375,-0.187500
0.722656,-3.640625,0.718750,0.679687,0.001953,-0.798828,-0.744141
0.693604,-3.246094,-0.203125,-2.652344,0.548828,-1.029297,-0.744141
0.666382,3.902344,0.789062,0.390625,0.607422,-0.755859,-0.189453
0.618042,1.839844,-0.191406,1.714844,0.269531,-0.423828,0.177734
0.614746,3.417969,0.828125,0.367188,-0.025391,0.070312,0.621094
0.642090,-0.156250,-0.011719,2.218750,-0.042969,-0.138672,0.015625
0.703247,0.402344,-0.148437,-0.539062,-0.025391,0.205078,0.134766
0.720581,0.324219,-0.210937,0.871094,-0.175781,0.583984,0.123047
0.736084,0.816406,-0.101563,2.234375,-0.425781,1.072266,0.068359
0.755127,-1.472656,-0.187500,0.800781,-0.775391,0.466797,-0.216797
0.751343,0.121094,-0.132812,-3.117188,-0.445312,-0.054687,-0.347656
0.751099,2.082031,-0.101563,-3.058594,0.105469,0.162109,-0.060547
0.748169,0.785156,0.148437,-0.031250,0.130859,0.130859,0.021484
0.746582,-0.285156,0.273438,3.625000,-0.130859,-0.218750,-0.003906
0.744141,1.906250,-0.515625,-1.210938,-0.025391,-0.105469,0.220703
0.749268,1.937500,-0.417969,-1.855469,0.160156,0.449219,0.339844
0.755493,-1.570313,0.289063,0.542969,-0.031250,0.542969,0.082031
0.756104,-0.468750,0.335938,1.675781,-0.185547,0.298828,0.009766
0.756714,-0.351563,0.191406,-0.175781,-0.216797,0.087891,-0.101563
0.756714,-1.027344,0.074219,-0.882812,-0.203125,0.175781,-0.300781
0.753784,-2.277344,0.050781,0.964844,-0.441406,-0.167969,-0.509766
0.754028,2.542969,-0.261719,-2.679688,0.080078,-0.025391,-0.019531
0.757202,0.871094,0.003906,0.406250,0.125000,0.121094,0.103516
0.760498,1.101563,-0.218750,0.683594,0.023437,0.373047,0.230469
0.763794,0.320313,-0.230469,-0.015625,-0.042969,0.541016,0.205078
0.770508,-0.773437,0.089844,-0.046875,-0.095703,0.457031,0.128906
0.770874,-0.617187,0.214844,-0.023437,-0.085937,0.306641,0.017578
0.769531,-0.535156,0.191406,1.667969,-0.203125,0.187500,-0.109375
0.760132,-1.363281,0.390625,2.058594,-0.332031,-0.003906,-0.195312
0.754028,0.062500,0.152344,-0.687500,-0.144531,-0.128906,-0.195312
0.747925,0.109375,0.031250,-1.468750,0.078125,-0.218750,-0.162109
0.731201,-1.066406,0.082031,-0.191406,0.121094,-0.595703,-0.183594
0.724121,1.347656,-0.238281,-0.441406,0.269531,-0.416016,0.001953
0.723633,-0.039063,-0.210937,0.191406,0.195312,-0.224609,0.107422
0.729126,1.101563,-0.363281,-0.671875,0.183594,0.251953,0.185547
0.753418,1.242188,-0.308594,-0.636719,0.117188,0.859375,0.257813
0.764404,-0.511719,0.082031,1.476563,-0.166016,0.947266,0.068359
0.770264,-3.531250,0.519531,1.777344,-0.669922,0.097656,-0.367188
0.758057,0.542969,0.335938,-2.429688,-0.269531,-0.130859,-0.378906
0.747925,-1.156250,0.726562,-0.136719,-0.267578,-0.478516,-0.648437
0.723267,-2.515625,0.785156,-0.328125,-0.113281,-0.677734,-0.906250
0.670166,5.050781,-1.835938,-0.761719,0.005859,-0.365234,-0.259766
0.682983,-0.335938,-0.695312,-0.871094,0.125000,-0.189453,-0.037109
0.690063,0.621094,-0.433594,-0.226562,0.126953,0.025391,0.156250
0.728882,3.542969,-1.089844,-0.511719,0.201172,0.517578,0.732422
0.748169,-0.078125,-0.148437,-1.019531,0.195312,0.816406,0.804687
0.758545,-0.328125,0.406250,0.718750,0.099609,0.998047,0.630859
0.762573,-3.046875,0.628906,1.421875,-0.099609,0.638672,0.158203
0.754272,-4.082031,0.398438,0.734375,-0.369141,0.265625,-0.433594
0.742310,-3.500000,-1.863281,-4.101562,-0.080078,0.203125,-1.060547
0.736816,3.378906,-0.417969,-1.113281,0.076172,0.554687,-0.609375
0.739624,5.375000,1.750000,1.128906,-0.017578,0.542969,0.197266
0.740601,3.332031,1.980469,2.484375,-0.152344,0.337891,0.500000
0.741455,-2.234375,0.199219,4.554687,-0.642578,0.220703,0.158203
0.745117,-1.109375,-0.054687,1.117188,-0.794922,0.091797,-0.089844
0.744629,-1.253906,-0.843750,-3.738281,-0.314453,-0.222656,-0.134766
0.740601,-0.191406,-0.039063,-1.492188,-0.130859,-0.378906,-0.173828
0.729736,-0.007813,-0.015625,-2.105469,0.136719,-0.453125,-0.203125
0.727295,0.320313,-0.382813,-0.496094,0.240234,-0.410156,-0.087891
0.721191,0.601562,-0.546875,1.238281,0.132812,-0.404297,0.007813
0.718506,-0.429687,-0.132812,-0.617187,0.347656,-0.142578,0.240234
0.729736,-0.332031,0.105469,1.933594,0.117188,0.300781,0.300781
0.742798,-0.820312,0.082031,0.285156,-0.046875,0.541016,0.128906
0.763550,1.351563,-0.246094,-0.183594,-0.195312,0.835937,0.103516
0.764038,-1.644531,0.285156,2.285156,-0.492187,0.326172,-0.169922
0.762451,-0.703125,0.476562,-0.734375,-0.277344,0.091797,-0.257813
0.760498,1.488281,-0.070312,-1.644531,0.041016,0.076172,-0.119141
0.759888,-0.128906,-0.343750,-0.207031,0.089844,0.105469,-0.031250
0.762939,0.175781,-0.199219,-0.414062,0.078125,-0.089844,0.005859
0.769775,1.144531,-0.160156,-0.457031,0.087891,-0.023437,0.111328
0.777466,1.175781,-0.308594,-0.445312,0.107422,0.234375,0.181641
0.778076,-0.273438,-0.343750,-0.789062,0.082031,0.507812,0.164062
0.772705,-0.050781,-0.652344,-0.453125,0.134766,0.261719,-0.187500
0.758423,-2.027344,-2.000000,-4.953125,0.595703,-0.019531,-0.644531
0.751221,1.585938,-0.976562,-7.160156,1.449219,-0.003906,-0.443359
0.745483,4.175781,0.722656,-1.679688,1.283203,-0.019531,0.253906
0.729248,0.453125,1.472656,5.433594,0.462891,-0.183594,0.667969
0.720703,-0.609375,0.546875,1.839844,0.203125,-0.179687,0.558594
0.716553,-2.640625,-0.242187,1.941406,0.083984,-0.173828,0.097656
0.694580,-4.097656,-0.382813,0.781250,0.224609,-0.296875,-0.351563
0.684082,2.406250,1.695313,3.312500,0.050781,-0.267578,0.021484
0.667969,-1.792969,0.597656,2.675781,-0.349609,-0.375000,-0.107422
0.650391,-0.238281,0.460937,0.863281,-0.550781,-0.214844,-0.226562
0.616699,-0.691406,-0.066406,-0.730469,-0.439453,-0.232422,-0.535156
0.585937,0.449219,0.984375,1.011719,-0.443359,-0.492187,-0.609375
0.554199,2.531250,0.437500,1.343750,-0.603516,-0.625000,-0.164062
0.556885,0.230469,-2.488281,-1.035156,-0.390625,-0.144531,-0.160156
0.593140,0.683594,-0.718750,-0.980469,-0.183594,0.232422,-0.021484
0.613403,0.007813,-0.289063,-1.769531,0.050781,0.240234,0.044922
0.669312,-0.003906,-0.472656,1.125000,-0.013672,-0.050781,0.193359
0.693848,3.750000,-1.078125,1.476563,-0.103516,0.271484,0.781250
0.709106,2.656250,-0.347656,-1.503906,-0.037109,0.625000,0.857422
0.729980,-1.277344,0.742187,-0.441406,0.017578,0.472656,0.464844
0.732544,-1.964844,0.613281,-0.132812,0.005859,0.445312,0.101563
0.736572,-0.738281,0.191406,0.515625,-0.101563,0.623047,-0.041016
0.746216,-0.500000,0.082031,1.750000,-0.322266,0.193359,-0.214844
0.748047,-1.859375,0.230469,-1.062500,-0.339844,-0.248047,-0.482422
0.747314,1.585938,-0.437500,-1.359375,-0.210937,-0.007813,-0.330078
0.748413,0.476562,-0.214844,-0.406250,-0.107422,0.066406,-0.136719
0.757202,2.085938,-0.207031,0.027344,-0.060547,-0.095703,0.117188
0.762939,2.324219,-0.375000,-1.855469,0.070312,0.394531,0.447266
0.770264,-0.515625,-0.160156,-1.121094,0.097656,0.900391,0.324219
0.779907,-0.769531,0.253906,2.394531,-0.222656,0.585937,0.041016
0.776978,-3.296875,0.796875,2.578125,-0.462891,0.044922,-0.205078
0.769043,-0.546875,0.500000,-0.132812,-0.476562,-0.072266,-0.361328
0.749146,-0.089844,0.183594,-1.515625,-0.246094,-0.302734,-0.363281
0.741577,0.613281,-0.398438,-0.804687,-0.046875,-0.392578,-0.101563
0.735229,1.160156,-0.414062,-2.289063,0.238281,-0.320313,-0.054687
0.725952,0.605469,-0.046875,0.636719,0.269531,-0.205078,0.013672
0.724731,-0.480469,-0.015625,0.933594,0.117188,-0.326172,-0.005859
0.730835,0.660156,-0.175781,-0.328125,0.132812,-0.025391,0.058594
0.751831,0.929687,-0.292969,-0.906250,0.224609,0.453125,0.298828
0.763428,-1.851563,0.304688,1.375000,0.091797,0.843750,0.240234
0.768433,-1.089844,0.246094,3.175781,-0.402344,0.660156,0.021484
0.768066,-2.777344,0.605469,1.578125,-0.574219,0.167969,-0.277344
0.765625,-0.914062,0.261719,-0.070312,-0.416016,0.003906,-0.376953
0.760986,0.093750,0.015625,-2.328125,-0.005859,-0.208984,-0.347656
0.757446,0.921875,-0.390625,-0.015625,0.082031,-0.158203,-0.117188
0.757446,1.535156,-0.476562,-0.261719,0.089844,0.128906,-0.005859
0.759155,0.093750,-0.167969,-0.128906,0.015625,0.257813,0.085937
0.765503,0.171875,-0.277344,-1.121094,0.027344,0.417969,0.126953
0.768921,-0.824219,0.046875,1.808594,-0.332031,0.601562,-0.009766
0.765015,-1.046875,0.175781,0.843750,-0.511719,0.119141,-0.253906
0.760498,-1.398438,0.750000,0.070312,-0.199219,-0.125000,-0.125000
0.757690,-0.417969,-0.128906,1.539063,-0.027344,-0.269531,0.007813
0.760010,3.441406,-0.949219,0.023437,-0.001953,0.152344,0.515625
0.768066,1.558594,-0.105469,-1.929688,0.162109,0.361328,0.517578
0.772827,-1.792969,0.453125,0.453125,0.093750,0.435547,0.484375
0.775269,-1.242188,0.171875,0.710937,0.000000,0.457031,0.316406
0.772339,-1.761719,0.808594,0.312500,0.005859,-0.148437,0.080078
0.766968,-0.625000,0.500000,0.453125,-0.042969,-0.197266,-0.021484
0.756470,-2.621094,0.867187,-1.687500,0.199219,-0.279297,-0.349609
0.751587,-0.531250,0.582031,0.863281,0.164062,-0.310547,-0.607422
0.744873,-0.546875,0.453125,2.464844,-0.105469,-0.542969,-0.601562
0.743774,2.468750,-1.019531,1.601563,-0.216797,-0.082031,-0.294922
0.747070,-0.558594,-0.605469,-0.097656,-0.281250,0.388672,-0.281250
0.744751,1.113281,-0.644531,0.199219,-0.548828,0.595703,-0.187500
0.748779,1.011719,-0.511719,-1.953125,-0.300781,0.322266,0.068359
0.750854,1.816406,0.191406,-2.578125,0.236328,-0.062500,0.201172
0.744995,1.238281,0.152344,-2.625000,0.597656,-0.234375,0.310547
0.743286,-1.070313,0.277344,-1.710938,0.935547,-0.117188,0.150391
0.740234,-2.265625,-0.500000,2.730469,0.433594,0.070312,-0.261719
0.738159,-4.328125,-1.750000,1.136719,0.230469,0.115234,-0.634766
0.738647,4.062500,1.132813,0.675781,0.052734,0.339844,-0.013672
0.741089,-0.703125,0.457031,2.429688,-0.291016,0.302734,-0.060547
0.736084,-1.062500,0.425781,1.644531,-0.439453,-0.005859,-0.244141
0.728516,1.562500,1.085938,-1.796875,-0.183594,0.082031,0.068359
0.722534,0.054687,1.078125,3.078125,-0.455078,-0.230469,0.244141
0.729614,-2.839844,-2.597656,-0.269531,-0.425781,-0.167969,-0.011719
0.741455,0.261719,-0.621094,-2.238281,-0.210937,0.001953,0.039063
0.758179,1.191406,-1.019531,-2.074219,0.013672,0.398438,0.507812
0.770996,0.144531,-0.128906,-0.835937,0.162109,0.615234,0.632812
0.778320,-2.023438,0.214844,0.710937,0.052734,0.548828,0.492187
0.775879,0.699219,0.062500,-0.035156,-0.025391,0.511719,0.427734
0.771606,-3.398438,1.304688,1.660156,-0.056641,-0.095703,-0.062500
0.767944,0.484375,0.386719,0.382813,-0.126953,-0.208984,-0.119141
0.752197,-2.886719,1.003906,-2.046875,0.146484,-0.507812,-0.585937
0.744141,-1.167969,0.722656,1.593750,-0.042969,-0.572266,-0.708984
0.736694,1.574219,-0.015625,1.242188,-0.291016,-0.626953,-0.634766
0.732056,1.375000,-0.765625,-2.074219,-0.083984,0.089844,-0.300781
0.742798,0.539062,-0.675781,-0.050781,-0.132812,0.433594,-0.205078
0.750366,0.691406,-0.332031,0.515625,-0.267578,0.361328,-0.082031
0.756226,0.007813,-0.359375,-0.121094,-0.132812,-0.064453,0.103516
0.749878,0.843750,0.128906,-1.171875,0.041016,-0.246094,0.316406
0.745117,0.921875,0.144531,-3.300781,0.505859,-0.138672,0.322266
0.738647,-1.414063,-0.101563,-1.171875,0.484375,0.330078,0.042969
0.727905,-1.484375,-0.246094,0.265625,0.306641,0.417969,-0.179687
0.725708,-3.914063,-0.683594,0.488281,0.089844,0.097656,-0.759766
0.723145,2.964844,1.109375,0.902344,-0.080078,0.138672,-0.462891
0.707886,1.921875,1.132813,0.945312,-0.208984,0.136719,-0.123047
0.704102,3.179688,1.539063,1.746094,-0.232422,0.082031,0.332031
0.712402,-0.925781,-0.859375,2.027344,-0.423828,-0.089844,0.371094
0.746582,-0.757812,-0.941406,-1.402344,-0.183594,-0.003906,0.160156
0.754639,-0.265625,-0.515625,-2.246094,0.048828,0.142578,0.128906
0.761597,0.394531,-0.308594,-1.250000,0.099609,0.513672,0.236328
0.770142,-0.164062,-0.175781,0.558594,-0.037109,0.986328,0.269531
0.781006,-0.996094,0.343750,1.933594,-0.273438,0.654297,0.093750
0.780762,-3.058594,0.628906,1.507813,-0.482422,0.150391,-0.263672
0.776245,-1.210938,0.453125,1.875000,-0.732422,-0.158203,-0.595703
0.757202,-0.265625,0.277344,-3.675781,-0.269531,-0.765625,-0.623047
0.757568,3.941406,-1.394531,-2.730469,0.185547,-0.552734,0.001953
0.758545,-0.910156,-0.398438,0.890625,0.091797,-0.330078,0.101563
0.776733,3.335938,-1.332031,-1.085938,0.093750,0.500000,0.554687
0.782471,2.671875,-0.527344,-1.414063,0.273438,0.714844,0.812500
0.785278,-1.515625,0.804687,0.867187,0.238281,0.257813,0.576172
0.776123,-1.921875,1.558594,4.007812,-0.054687,-0.869141,0.208984
0.760498,0.691406,1.273438,-0.949219,-0.003906,-1.283203,0.232422
0.749512,-0.902344,0.046875,-3.484375,0.476562,-0.554687,-0.021484
0.755371,-0.988281,-0.648437,-3.644531,0.468750,0.035156,-0.234375
0.761475,0.023437,-1.808594,-2.414063,0.871094,0.414062,-0.154297
0.757446,-2.253906,-2.460938,-0.792969,0.853516,0.443359,-0.437500
0.754150,1.636719,0.503906,0.328125,0.886719,0.281250,-0.441406
0.741089,1.429688,2.140625,5.972656,-0.037109,-0.328125,-0.216797
0.726929,1.160156,0.761719,0.812500,0.044922,-0.378906,0.046875
0.718628,2.234375,1.300781,-1.480469,0.443359,-0.667969,0.388672
0.706909,2.156250,0.984375,-0.238281,0.990234,-0.783203,0.685547
0.707520,-3.027344,0.945312,5.964844,0.056641,-0.638672,0.396484
0.700439,0.035156,0.296875,3.730469,-0.269531,-0.203125,0.255859
0.688599,-0.992187,-1.871094,-3.449219,0.187500,-0.179687,0.125000
0.687866,-0.859375,-0.808594,-0.355469,0.451172,-0.035156,0.095703
0.692749,-1.394531,0.156250,1.835938,0.378906,0.009766,-0.019531
0.693237,0.941406,1.320313,2.441406,0.277344,0.044922,-0.033203
0.689575,1.746094,1.269531,2.875000,0.041016,-0.281250,0.113281
0.681274,-0.597656,0.089844,-0.546875,0.119141,-0.570312,0.115234
0.670288,-1.480469,-0.679687,0.164062,0.056641,-0.478516,-0.060547
0.665771,-0.906250,-0.378906,0.347656,-0.148437,-0.011719,-0.263672
0.662109,-0.265625,-0.050781,-0.625000,-0.203125,0.128906,-0.380859
0.659912,1.996094,0.171875,-0.339844,-0.076172,-0.074219,-0.066406
0.660400,2.031250,0.832031,0.792969,-0.158203,-0.107422,0.119141
0.655884,-0.242187,1.320313,3.019531,-0.595703,-0.265625,-0.019531
0.653076,0.476562,-1.312500,0.085937,-0.753906,-0.060547,0.000000
0.684692,-0.839844,-0.601562,-2.289063,-0.398438,-0.056641,-0.068359
0.697510,0.652344,-0.769531,-2.125000,-0.119141,-0.019531,0.052734
0.704956,-1.378906,-0.652344,-2.156250,0.035156,-0.042969,0.070312
0.727295,3.000000,-0.476562,0.402344,-0.056641,0.269531,0.464844
0.737183,-2.945313,0.656250,0.117188,-0.054687,0.224609,0.109375
0.742310,-0.171875,0.664062,0.539062,-0.095703,0.220703,-0.044922
0.740723,0.839844,0.367188,0.886719,-0.169922,0.285156,-0.064453
0.735718,-2.003906,0.464844,0.335938,-0.212891,-0.052734,-0.490234
0.732178,-1.660156,-0.015625,1.371094,-0.460937,-0.361328,-0.648437
0.737793,2.390625,-0.835937,-1.234375,-0.066406,-0.181641,-0.099609
0.742798,2.804688,-0.835937,-3.300781,0.123047,0.000000,0.066406
0.752441,2.476563,-0.636719,-0.253906,0.171875,0.599609,0.333984
0.760620,0.027344,-0.222656,1.093750,-0.105469,0.986328,0.351563
0.770508,-0.992187,0.343750,0.824219,-0.285156,0.560547,0.169922
0.768066,-1.496094,0.710937,2.726563,-0.210937,0.236328,0.013672
0.767822,-0.261719,0.222656,1.476563,-0.345703,0.232422,-0.109375
0.760498,-2.093750,0.230469,0.144531,-0.511719,0.269531,-0.437500
0.754150,-1.527344,0.292969,-0.476562,-0.306641,-0.134766,-0.583984
0.750488,0.324219,-0.007813,-2.765625,-0.013672,-0.597656,-0.400391
0.740356,1.632813,-0.300781,-0.042969,0.117188,-0.470703,-0.064453
0.732178,0.296875,-0.078125,-0.183594,0.175781,-0.333984,0.015625
0.726807,1.101563,-0.125000,-0.390625,0.187500,-0.271484,0.117188
0.736694,-0.039063,-0.156250,0.132812,0.238281,0.007813,0.244141
0.748779,0.699219,-0.253906,0.683594,0.087891,0.705078,0.392578
0.760132,-0.113281,0.039063,0.250000,-0.097656,1.125000,0.255859
0.763184,-1.804688,0.558594,2.839844,-0.394531,0.503906,-0.076172
0.763672,-1.390625,0.535156,1.132813,-0.496094,0.199219,-0.273438
0.760376,-0.839844,0.343750,-1.257813,-0.308594,-0.042969,-0.421875
0.755981,-0.191406,0.167969,-1.019531,-0.160156,-0.240234,-0.423828
0.748413,1.050781,-0.468750,-1.300781,0.062500,-0.146484,-0.187500
0.748169,0.421875,-0.292969,0.070312,0.087891,-0.039063,0.041016
0.747803,-0.304688,-0.062500,0.023437,0.070312,-0.080078,0.023437
0.760254,2.054688,-0.515625,-0.621094,0.119141,0.466797,0.287109
0.771973,0.992187,-0.144531,0.398438,-0.066406,0.736328,0.232422
0.776978,-0.539062,0.253906,0.457031,-0.074219,0.742187,0.181641
0.776245,-1.136719,0.343750,0.742187,-0.177734,0.460937,-0.019531
0.769775,-1.640625,0.507812,1.269531,-0.367188,0.121094,-0.226562
0.763550,-0.027344,0.316406,-0.183594,-0.214844,0.013672,-0.236328
0.758789,1.031250,-0.687500,-1.011719,-0.132812,-0.273438,-0.150391
0.763428,-0.601562,-0.304688,-1.332031,0.042969,-0.134766,-0.080078
0.769409,0.644531,-0.207031,-1.277344,0.199219,0.150391,0.011719
0.777344,1.796875,-0.246094,-0.492187,0.142578,0.507812,0.097656
0.780518,0.695312,-0.207031,1.414063,-0.101563,0.646484,0.128906
0.781616,-1.671875,-0.070312,0.910156,-0.398438,0.335938,-0.025391
0.781738,0.156250,0.214844,-1.503906,-0.119141,-0.044922,-0.005859
0.776367,-0.851562,0.714844,0.750000,-0.160156,-0.214844,-0.017578
0.772705,-1.335938,0.605469,1.195313,-0.339844,-0.251953,-0.185547
0.768799,-1.222656,0.148437,-0.480469,-0.294922,-0.634766,-0.304688
0.752197,0.285156,-0.894531,-2.164063,0.011719,-0.617187,-0.158203
0.725708,0.085937,-1.078125,-5.996094,0.833984,-0.105469,-0.136719
0.710205,8.328125,-1.488281,-5.386719,1.638672,1.193359,0.562500
0.720215,-9.257813,-0.906250,3.093750,1.083984,0.849609,-0.494141
0.709229,-2.171875,0.101563,4.179687,0.142578,0.224609,-0.601562
0.692505,3.027344,1.941406,2.933594,-0.056641,-0.335938,-0.423828
0.651123,3.222656,0.960937,0.871094,0.339844,-0.496094,-0.005859
0.643799,4.113281,2.722656,2.511719,0.363281,-0.417969,0.744141
0.641235,4.390625,1.582031,0.027344,0.617187,-0.042969,1.181641
0.658936,-5.433594,-0.140625,6.792969,-0.138672,-0.630859,0.191406
0.656250,0.164062,-0.785156,-1.695313,0.019531,-0.392578,0.046875
0.652710,-1.542969,-0.472656,-0.554687,-0.078125,-0.226562,-0.064453
0.654907,0.785156,-0.402344,-1.425781,0.013672,0.070312,-0.031250
0.664795,0.347656,0.714844,1.355469,-0.376953,-0.009766,-0.072266
0.670532,0.246094,0.671875,1.984375,-0.582031,-0.335938,-0.068359
0.681030,-0.871094,-0.992187,-0.742187,-0.453125,-0.572266,-0.121094
0.710205,1.128906,-0.851562,-1.796875,-0.208984,-0.285156,0.080078
0.719971,0.062500,-0.691406,-4.054687,0.142578,0.289063,0.060547
0.735718,1.656250,-0.308594,0.468750,0.126953,0.847656,0.242187
0.763672,-0.457031,-0.246094,1.656250,-0.148437,0.962891,0.205078
0.767456,-1.144531,-0.070312,1.863281,-0.523437,0.835937,0.046875
0.767822,-1.601563,0.488281,0.308594,-0.648437,0.085937,-0.357422
0.757568,0.109375,0.726562,-0.921875,-0.529297,-0.232422,-0.529297
0.744751,-0.855469,0.886719,-0.746094,-0.363281,-0.365234,-0.736328
0.733521,2.175781,-0.859375,-1.203125,-0.070312,-0.500000,-0.191406
0.735229,1.171875,-0.980469,-1.234375,0.080078,-0.552734,-0.052734
0.740356,6.726562,-1.808594,-3.085938,0.462891,0.345703,0.738281
0.754395,-0.503906,-0.500000,-0.054687,0.371094,0.625000,0.894531
0.770386,3.515625,-0.398438,0.093750,0.072266,1.212891,0.966797
0.782715,-4.210937,0.386719,0.777344,-0.025391,1.087891,0.750000
0.780640,-3.304688,1.695313,2.921875,-0.179687,0.164062,0.320313
0.768188,-1.902344,1.863281,2.125000,-0.085937,-0.927734,0.017578
0.729248,-1.015625,1.679688,-2.386719,0.609375,-1.511719,-0.359375
0.723267,-0.972656,1.011719,-0.539062,0.275391,-0.755859,-0.466797
0.733154,-1.902344,-0.878906,-0.562500,-0.060547,-0.121094,-0.703125
0.760864,0.457031,-1.027344,0.312500,-0.296875,0.425781,-0.542969
0.770752,2.500000,-0.851562,-1.660156,-0.335938,0.957031,-0.257813
0.774902,-2.402344,0.453125,5.628906,-0.722656,0.660156,-0.429687
0.760986,-0.050781,0.859375,2.273438,-0.958984,-0.210937,-0.439453
0.742798,0.781250,0.828125,-1.796875,-0.378906,-0.376953,-0.320313
0.719971,-0.339844,0.542969,-1.644531,-0.162109,-0.382813,-0.488281
0.691528,2.355469,-1.140625,-0.992187,0.119141,-0.656250,-0.251953
0.698608,1.453125,-1.035156,-1.820313,0.283203,-0.419922,0.173828
0.699219,0.562500,-0.738281,-1.710938,0.625000,0.066406,0.376953
0.705688,1.914063,-0.078125,0.390625,0.242187,0.648437,0.326172
0.742310,0.023437,0.312500,1.699219,-0.025391,0.697266,0.033203
0.755127,-0.574219,0.214844,2.097656,-0.380859,0.798828,-0.054687
0.761841,-2.035156,0.613281,1.132813,-0.638672,0.556641,-0.410156
0.762207,-0.972656,0.277344,1.113281,-0.710937,0.242187,-0.460937
0.758789,1.617188,-0.261719,-0.878906,-0.373047,0.085937,-0.185547
0.757324,-0.148437,0.054687,-0.632812,-0.062500,0.179687,-0.062500
0.744751,-2.085938,0.390625,1.253906,-0.322266,0.173828,-0.396484
0.728638,-1.234375,0.406250,0.496094,-0.166016,-0.283203,-0.302734
0.723145,0.058594,-0.023437,-0.339844,0.054687,-0.667969,-0.044922
0.691040,1.128906,-0.109375,-1.964844,0.406250,-0.521484,0.085937
0.682617,0.324219,-0.125000,0.886719,0.177734,-0.332031,0.123047
0.688110,0.386719,-0.269531,-0.285156,0.281250,0.085937,0.298828
0.701538,1.332031,-0.183594,-0.984375,0.300781,0.679687,0.337891
0.735962,-0.988281,0.511719,1.347656,0.142578,1.021484,0.164062
0.747803,-0.964844,0.375000,4.406250,-0.554687,0.810547,-0.087891
0.748169,-3.906250,0.734375,3.687500,-0.779297,-0.113281,-0.562500
0.729858,3.253906,-0.460937,-2.464844,-0.330078,0.015625,-0.234375
0.729492,0.433594,-0.390625,-3.070313,0.095703,0.220703,-0.111328
0.730469,0.367188,-0.285156,-0.113281,0.011719,0.406250,-0.019531
0.738037,0.226562,-0.160156,1.480469,-0.162109,0.253906,-0.046875
0.744751,1.078125,-0.167969,-0.289063,0.097656,0.001953,0.128906
0.746338,1.269531,-0.117188,0.269531,0.117188,0.181641,0.318359
0.745117,-1.027344,0.468750,-0.855469,0.144531,0.226562,0.050781
0.748779,-0.429687,0.390625,0.589844,0.072266,0.449219,0.035156
0.750488,-1.410156,0.304688,1.714844,-0.154297,0.269531,-0.119141
0.747070,-2.675781,0.480469,1.480469,-0.492187,0.068359,-0.501953
0.745239,-0.378906,-0.140625,-0.042969,-0.601562,0.050781,-0.521484
0.742310,1.175781,-0.644531,-0.125000,-0.074219,-0.109375,-0.099609
0.735718,-0.867187,-0.613281,-3.101563,0.421875,-0.087891,-0.048828
0.701660,0.703125,-2.269531,-4.343750,1.029297,0.455078,-0.099609
0.699707,-6.800781,-2.960938,-2.992188,1.105469,0.269531,-0.980469
0.696655,-0.628906,0.542969,1.664063,0.667969,0.441406,-0.578125
0.687378,1.132813,2.089844,4.320312,0.146484,0.224609,-0.289063
0.688599,2.191406,2.121094,4.089844,-0.312500,0.134766,-0.005859
0.689453,0.867187,0.726562,0.789062,-0.257813,0.160156,0.005859
0.696045,1.019531,1.312500,2.742188,-0.644531,-0.185547,0.468750
0.709961,4.476562,2.386719,4.019531,-1.003906,-0.074219,1.197266
0.733398,-3.441406,-2.230469,4.082031,-1.109375,-0.667969,0.390625
0.762085,-1.769531,-1.761719,-1.636719,-0.824219,-0.291016,0.425781
0.766113,-0.851562,-0.406250,-7.082031,-0.166016,0.265625,0.306641
0.768188,-2.375000,-0.320313,-3.511719,0.287109,0.376953,0.041016
0.749268,-4.144531,-0.359375,-1.367188,0.460937,0.019531,-0.349609
0.715576,-1.109375,-0.269531,-1.429688,0.806641,-0.001953,-0.507812
0.674683,-5.574219,-4.484375,-10.554688,1.960938,0.644531,-1.460938
0.654419,6.175781,-0.957031,-6.808594,2.541016,1.943359,-0.863281
0.576538,4.578125,-0.988281,-5.847656,3.195313,2.603516,0.023437
0.506836,0.914062,1.476563,1.226563,2.775391,2.644531,0.371094
0.487671,-0.605469,5.027344,6.734375,2.037109,1.519531,0.529297
0.491089,-0.027344,5.527344,7.363281,1.281250,-0.060547,0.648437
0.467529,4.050781,4.546875,7.730469,0.267578,-0.494141,1.263672
0.447632,2.183594,2.335938,4.703125,-0.130859,-0.650391,1.341797
0.339233,-1.722656,-0.167969,-0.160156,-0.193359,-0.855469,1.048828
0.190918,-0.917969,-1.562500,-3.007813,0.189453,-0.902344,0.851562
0.109009,-0.933594,-2.335938,-4.601562,0.757812,-0.544922,0.667969
0.000000,0.503906,-1.753906,-2.089844,0.595703,0.359375,0.789062
0.000000,-0.085937,-0.687500,-3.035156,1.003906,0.761719,0.826172
0.000000,0.816406,0.503906,1.402344,0.935547,0.824219,0.958984
