pressure,accel_x,accel_y,accel_z,gyro_x,gyro_y,gyro_z
0.737061,-3.371094,0.937500,1.796875,-0.626953,-0.291016,-0.740234
0.719238,-1.835938,0.992187,0.488281,-0.177734,-0.333984,-0.269531
0.719238,2.429688,-0.910156,-2.667969,0.175781,-0.132812,-0.013672
0.719116,0.714844,-0.421875,-2.527344,0.314453,0.177734,0.097656
0.719727,1.257813,-0.359375,-1.410156,0.154297,0.480469,0.535156
0.733276,3.082031,-1.187500,0.464844,0.191406,0.869141,0.662109
0.739624,1.421875,-0.679687,-1.039063,0.187500,1.044922,0.419922
0.748047,-0.925781,0.585937,1.289063,-0.363281,0.570312,0.031250
0.755737,-2.949219,1.421875,4.480469,-0.359375,0.203125,-0.173828
0.755859,-1.562500,1.167969,1.187500,-0.388672,-0.230469,-0.285156
0.747803,1.097656,0.488281,0.199219,-0.205078,-0.847656,-0.714844
0.715698,-2.199219,0.832031,-1.542969,-0.080078,-0.740234,-0.332031
0.704346,2.761719,-1.390625,-0.593750,0.246094,-0.363281,-0.187500
0.690796,-0.105469,-0.582031,-3.234375,0.455078,0.146484,0.042969
0.683105,2.179688,-1.101563,-2.164063,0.460937,0.503906,0.236328
0.686035,0.617187,-0.390625,0.171875,0.103516,0.398438,-0.027344
0.686157,-1.980469,-0.351563,2.000000,-0.201172,0.306641,-0.251953
0.685425,-1.988281,-0.281250,1.593750,0.046875,0.121094,0.208984
0.692871,1.542969,0.867187,-0.054687,0.021484,-0.132812,0.515625
0.692261,1.636719,2.093750,2.269531,-0.101563,-0.232422,0.066406
0.697876,-2.949219,-1.054688,1.265625,0.019531,-0.078125,0.080078
0.706299,0.382813,-0.164062,-1.164063,0.130859,0.125000,0.076172
0.717773,-0.253906,-0.703125,-1.636719,0.033203,0.425781,0.076172
0.732910,0.496094,-0.203125,1.187500,-0.199219,0.599609,-0.007813
0.757324,-0.496094,-0.074219,1.011719,-0.666016,0.302734,-0.199219
0.755493,-0.941406,0.203125,2.605469,-0.599609,-0.150391,-0.347656
0.750610,-2.175781,0.523437,1.988281,-0.201172,-0.263672,-0.259766
0.737549,0.671875,0.210937,-1.804688,0.142578,-0.751953,-0.156250
0.729736,0.003906,-0.035156,-1.496094,0.318359,-0.843750,0.003906
0.726196,-0.093750,-0.171875,-0.414062,0.476562,-0.365234,0.306641
0.736450,2.855469,-0.558594,-1.726563,0.406250,0.111328,0.365234
0.753052,0.679687,-0.089844,-0.101563,0.363281,0.775391,0.353516
0.775513,1.875000,-0.148437,-1.207031,-0.271484,1.076172,0.154297
0.793335,-1.054688,0.093750,3.101563,-1.000000,0.222656,-0.335938
0.791382,-3.054688,0.316406,5.250000,-0.154297,-0.128906,-0.494141
0.785400,-0.144531,-0.945312,-8.386719,1.681641,0.412109,-0.599609
0.784302,0.265625,-3.109375,-13.730469,1.882813,0.685547,-0.267578
0.779419,2.035156,-0.773437,-4.726562,1.240234,0.574219,0.234375
0.772217,2.199219,1.261719,2.046875,0.322266,0.019531,0.425781
0.760010,0.312500,2.425781,6.757812,-0.421875,-0.453125,0.222656
0.734985,-2.058594,1.316406,5.531250,-0.580078,-0.302734,0.164062
0.731567,-0.152344,0.640625,0.937500,-0.267578,-0.001953,-0.162109
0.731079,-1.460938,0.023437,0.917969,0.197266,0.302734,-0.007813
0.729004,2.015625,0.273438,-0.714844,-0.267578,-0.103516,0.039063
0.724243,-0.230469,1.316406,4.457031,-0.398438,-0.195312,0.035156
0.721436,-0.503906,0.421875,1.339844,-0.330078,-0.285156,-0.035156
0.716675,-0.175781,-0.167969,-1.074219,-0.222656,-0.220703,0.062500
0.711548,0.917969,0.085937,-0.695312,-0.191406,-0.347656,0.050781
0.704956,-0.160156,0.328125,-0.335938,-0.378906,-0.164062,0.027344
0.696167,0.359375,0.582031,0.500000,-0.392578,-0.035156,-0.134766
0.706543,-0.460937,-0.933594,-0.308594,-0.322266,-0.080078,-0.068359
0.714111,0.136719,-0.234375,-0.707031,-0.187500,-0.089844,-0.013672
0.718384,0.281250,-0.335938,-1.195313,-0.037109,-0.082031,0.060547
0.727295,-0.109375,-0.250000,-1.441406,0.048828,0.175781,0.351563
0.738159,1.761719,-0.390625,-0.644531,0.091797,0.554687,0.351563
0.744873,0.046875,0.140625,-0.375000,-0.023437,0.714844,0.068359
0.754517,-1.796875,0.500000,0.480469,-0.388672,0.539062,-0.101563
0.752808,-0.417969,0.324219,2.019531,-0.677734,0.156250,-0.458984
0.747803,-2.203125,0.859375,1.722656,-0.488281,-0.277344,-0.464844
0.736206,0.429687,0.363281,-1.164063,-0.201172,-0.314453,-0.146484
0.738647,0.964844,-0.687500,-1.539063,0.025391,-0.185547,-0.003906
0.741455,2.058594,-0.679687,-2.035156,0.205078,0.281250,0.164062
0.760864,2.375000,-0.378906,-1.562500,0.248047,0.679687,0.263672
0.772705,0.683594,-0.257813,-0.765625,-0.042969,0.937500,0.320313
0.778931,0.613281,-0.312500,1.406250,-0.330078,0.648437,0.072266
0.780640,-1.636719,0.210937,1.324219,-0.478516,0.136719,-0.150391
0.777588,-1.351563,0.960937,1.691406,-0.289063,0.017578,-0.060547
0.774414,1.199219,0.242187,-1.082031,-0.187500,-0.316406,-0.253906
0.768188,-0.785156,0.281250,-0.613281,-0.007813,-0.402344,-0.339844
0.753662,-2.281250,0.410156,-1.601563,0.033203,-0.152344,-0.150391
0.752075,1.714844,-0.609375,-0.082031,0.117188,0.167969,0.001953
0.752563,0.941406,-0.312500,-0.886719,0.187500,0.693359,0.082031
0.762695,0.972656,-0.203125,-1.410156,-0.386719,0.476562,-0.091797
0.767212,0.085937,-0.203125,1.417969,-0.580078,-0.021484,-0.169922
0.766479,-1.222656,0.316406,0.628906,-0.025391,-0.421875,-0.021484
0.765503,0.812500,0.441406,-2.097656,-0.068359,-0.562500,0.074219
0.761108,0.175781,0.125000,1.222656,0.185547,-0.023437,0.298828
0.763428,1.265625,-0.355469,-1.484375,0.275391,0.494141,0.400391
0.781860,0.230469,0.128906,-0.894531,0.128906,0.541016,0.175781
0.786499,-1.574219,0.363281,0.589844,-0.029297,0.322266,-0.105469
0.785400,-1.574219,0.210937,1.156250,-0.271484,0.169922,-0.349609
0.761841,-2.250000,-0.140625,1.164063,-0.359375,-0.041016,-0.919922
0.742432,-3.492188,-1.089844,-1.617188,-0.001953,0.199219,-0.767578
0.728271,1.523438,-0.210937,-3.746094,0.115234,0.449219,0.095703
0.722046,6.019531,1.367188,-0.957031,0.056641,0.117188,0.560547
0.720459,3.640625,2.117188,1.109375,-0.357422,-0.302734,0.246094
0.723877,-3.636719,-0.777344,4.097656,-0.302734,-0.490234,-0.017578
0.728516,-1.437500,-0.371094,-0.144531,-0.060547,-0.568359,-0.068359
0.728394,-1.363281,-0.402344,-2.363281,0.187500,-0.605469,-0.003906
0.731812,-0.136719,-0.531250,-2.824219,0.457031,-0.289063,0.164062
0.728394,1.453125,-0.656250,-1.796875,0.531250,0.316406,0.238281
0.748169,0.789062,-0.363281,-1.183594,0.316406,0.904297,0.367188
0.762817,1.449219,-0.289063,0.222656,-0.332031,0.898437,0.080078
0.772461,0.363281,0.195312,2.312500,-0.791016,0.220703,-0.119141
0.776733,-1.941406,0.265625,2.589844,-0.447266,-0.423828,0.064453
0.775024,0.683594,0.457031,-1.246094,0.048828,-0.517578,0.218750
0.771973,0.640625,0.250000,-1.734375,0.435547,-0.113281,0.117188
0.768433,-1.222656,-0.210937,-2.863281,0.697266,0.496094,-0.025391
0.763794,-0.125000,-0.355469,-2.031250,0.365234,0.550781,-0.322266
0.755127,-1.382813,-0.171875,1.746094,0.035156,0.019531,-0.943359
0.743530,-4.808594,-0.472656,2.570313,-0.367188,-0.302734,-0.886719
0.687988,0.472656,1.679688,1.851563,-0.511719,-0.509766,-0.593750
0.654297,2.089844,1.480469,1.050781,-0.375000,-0.447266,0.197266
0.649658,4.820312,1.410156,-0.250000,-0.300781,0.009766,0.060547
0.678589,2.585938,-0.496094,0.898437,-0.132812,-0.066406,0.042969
0.689087,0.363281,-0.519531,-1.406250,0.017578,-0.113281,0.068359
0.696411,-0.433594,-0.398438,-1.113281,0.050781,0.105469,0.466797
0.729858,1.511719,-1.070313,-0.507812,0.013672,0.294922,0.695312
0.744019,4.003906,-0.937500,-0.074219,0.082031,0.732422,0.482422
0.755127,-1.109375,0.378906,-0.585937,-0.210937,0.613281,0.154297
0.762695,-2.179688,0.984375,2.117188,-0.148437,0.488281,-0.013672
0.761719,-0.562500,0.664062,-0.160156,-0.357422,0.314453,-0.251953
0.760498,-0.746094,0.394531,0.531250,-0.437500,-0.234375,-0.691406
0.750000,-3.535156,0.601562,0.429687,-0.103516,-0.156250,-0.189453
0.756836,3.578125,-1.066406,-1.964844,0.056641,-0.080078,0.041016
0.763550,1.496094,-0.347656,-1.183594,0.099609,0.111328,0.171875
0.770264,1.363281,-0.035156,-0.203125,0.085937,0.138672,0.259766
0.784058,0.476562,-0.132812,0.070312,0.058594,0.263672,0.234375
0.789429,-0.121094,-0.078125,0.003906,-0.107422,0.578125,0.203125
0.791016,0.171875,-0.402344,0.546875,-0.238281,0.349609,-0.115234
0.782471,-1.933594,0.296875,0.562500,-0.228516,-0.191406,-0.667969
0.763672,-3.980469,-0.292969,-2.074219,1.066406,-0.404297,-1.625000
0.745483,-5.402344,-3.359375,-8.386719,1.298828,-0.693359,-1.689453
0.709229,-1.921875,0.726562,-2.828125,0.773437,-0.486328,-0.312500
0.701050,5.039062,2.816406,3.437500,0.535156,-0.849609,0.763672
0.693115,4.089844,3.265625,3.472656,0.039063,-1.341797,1.316406
0.688599,3.140625,2.769531,4.417969,-1.041016,-1.466797,1.289063
0.712402,0.730469,2.082031,6.468750,-0.832031,-0.396484,-0.072266
0.751221,-7.789062,-5.199219,3.667969,-0.048828,0.257813,0.255859
0.768311,-0.546875,-1.062500,-7.253906,0.343750,-0.300781,0.058594
0.762329,-2.203125,-0.441406,-3.132813,0.914062,0.359375,0.060547
0.752686,-0.355469,-1.039063,-5.761719,0.931641,0.751953,-0.265625
0.737183,0.746094,-2.050781,-3.707031,1.296875,0.660156,-0.677734
0.730225,0.761719,-0.539062,-2.460938,0.634766,0.402344,0.425781
0.727905,6.417969,2.496094,3.195313,0.300781,0.455078,0.894531
0.724121,3.332031,1.851563,2.066406,-0.199219,-0.001953,0.591797
0.726074,-1.246094,0.191406,3.828125,-0.091797,-0.080078,0.603516
0.726196,0.609375,1.324219,0.265625,-0.199219,0.138672,0.285156
0.727051,-1.074219,0.375000,1.769531,-0.189453,0.021484,-0.296875
0.715698,-4.453125,-0.144531,2.414063,0.222656,-0.125000,-0.029297
0.715088,-0.578125,-0.359375,-1.800781,-0.189453,-0.111328,0.125000
0.713745,-0.839844,0.269531,2.621094,-0.363281,0.156250,-0.089844
0.712891,-1.375000,-0.558594,0.707031,-0.291016,0.207031,-0.146484
0.712769,-0.148437,0.062500,-0.632812,-0.154297,-0.025391,-0.208984
0.712524,-0.250000,-0.011719,-1.109375,-0.257813,-0.248047,-0.103516
0.708496,0.792969,1.359375,0.769531,-0.332031,-0.363281,-0.054687
0.712891,0.953125,0.605469,1.277344,-0.351563,-0.015625,-0.009766
0.723755,-0.449219,-0.910156,-0.031250,-0.339844,0.099609,0.050781
0.734253,-0.175781,-0.542969,-0.175781,-0.242187,-0.027344,-0.007813
0.741577,-1.164063,-0.218750,-0.789062,-0.046875,0.130859,0.109375
0.748169,0.992187,-0.281250,-1.656250,0.062500,0.453125,0.361328
0.754272,1.734375,-0.714844,-1.324219,0.083984,1.035156,0.259766
0.771484,0.554687,-0.355469,0.625000,-0.349609,1.093750,0.074219
0.776489,-1.289063,0.554687,2.546875,-0.931641,0.306641,-0.544922
0.775513,-4.726562,1.156250,4.218750,-0.703125,-0.126953,-0.779297
0.759033,-2.578125,0.726562,0.054687,-0.376953,-0.527344,-0.671875
0.750488,0.203125,0.003906,-1.476563,0.042969,-0.373047,0.019531
0.745239,4.828125,-1.437500,-2.140625,0.099609,-0.220703,0.136719
0.743286,-0.359375,-0.250000,-0.433594,0.261719,0.373047,0.585937
0.756958,3.152344,-0.722656,-1.343750,0.140625,0.357422,0.550781
0.767334,-0.632812,-0.187500,0.890625,-0.017578,0.236328,0.746094
0.769043,1.093750,-0.437500,1.003906,0.003906,0.185547,0.812500
0.764038,-0.421875,-0.175781,0.078125,0.031250,-0.310547,0.513672
0.757202,-1.343750,0.484375,0.347656,0.158203,-0.638672,0.265625
0.750977,-1.843750,1.050781,-0.210937,0.361328,-0.509766,0.099609
0.740601,0.722656,0.781250,-1.398438,0.800781,-0.470703,-0.339844
0.743774,-2.195313,1.003906,-3.761719,0.099609,0.019531,-0.478516
0.748535,-0.671875,-0.093750,3.078125,-0.089844,0.412109,-0.462891
0.764648,0.519531,-0.628906,1.445313,-0.472656,0.511719,-0.408203
0.770142,0.222656,-0.339844,1.832031,-0.828125,0.707031,-0.500000
0.774414,-0.363281,-0.070312,1.585938,-1.169922,0.384766,-0.740234
0.768188,-1.414063,0.167969,2.093750,-1.021484,-0.341797,-0.667969
0.756104,-0.035156,0.816406,-0.589844,-0.279297,-0.564453,-0.417969
0.745483,1.800781,0.000000,-3.437500,0.140625,-0.667969,-0.384766
0.732056,-0.054687,-0.117188,-1.796875,0.410156,-0.412109,-0.111328
0.727661,0.257813,-0.234375,-3.214844,0.408203,-0.109375,0.101563
0.727173,0.585937,-0.433594,-0.992187,0.449219,0.357422,0.308594
0.742554,2.242188,-0.289063,-0.695312,0.201172,0.673828,0.294922
0.756104,0.214844,-0.011719,0.925781,-0.242187,0.539062,0.113281
0.762207,-0.796875,0.355469,3.246094,-0.521484,0.130859,-0.226562
0.762207,-2.320313,0.335938,1.589844,-0.324219,0.197266,-0.462891
0.748535,-1.457031,-0.218750,-2.222656,0.060547,0.353516,-0.482422
0.745972,-0.214844,-1.023438,-3.332031,0.369141,0.500000,-0.023437
0.744019,1.945313,-0.027344,-2.906250,0.189453,0.207031,0.386719
0.740234,2.191406,1.820313,3.207031,-0.119141,-0.152344,0.162109
0.742187,-1.671875,0.234375,3.207031,-0.279297,-0.097656,0.076172
0.746094,-0.820312,-0.203125,1.644531,-0.226562,-0.191406,0.046875
0.762451,-0.167969,-0.378906,-0.562500,-0.117188,-0.078125,0.037109
0.768921,-0.207031,-0.285156,-1.296875,0.015625,0.353516,0.193359
0.776733,1.312500,-0.660156,-1.527344,0.021484,0.906250,0.343750
0.784302,1.464844,-0.523437,-1.167969,-0.208984,0.761719,0.089844
0.787598,-0.140625,0.191406,0.687500,-0.585937,0.500000,-0.238281
0.787476,-2.523438,0.742187,2.109375,-0.542969,0.162109,-0.417969
0.777710,-1.304688,0.671875,0.609375,-0.232422,-0.244141,-0.296875
0.773682,-0.019531,0.695312,-1.347656,-0.011719,-0.669922,-0.101563
0.767334,1.296875,-0.347656,-1.546875,0.271484,-0.443359,-0.011719
0.750488,0.144531,-0.402344,-2.781250,0.728516,0.308594,0.085937
0.731934,1.601563,-0.617187,-4.496094,1.273438,1.064453,0.292969
0.735107,1.550781,-0.921875,-5.492187,0.802734,0.582031,-0.474609
0.737061,-7.812500,-0.910156,2.113281,0.318359,0.082031,-0.503906
0.727295,2.292969,0.691406,1.343750,0.441406,0.132812,0.160156
0.721924,4.160156,1.003906,-1.164063,0.689453,0.158203,0.900391
0.717285,4.007812,0.964844,-1.839844,0.632812,-0.191406,1.023438
0.708618,-3.210938,0.140625,2.925781,0.132812,-0.873047,0.000000
0.696899,-8.375000,0.117188,5.660156,0.210937,-0.859375,0.140625
0.684692,-0.015625,0.753906,1.117188,0.320313,-0.636719,0.447266
0.686279,3.707031,0.117188,0.222656,-0.021484,-0.150391,0.138672
0.693359,-2.199219,-0.480469,1.035156,-0.257813,0.423828,-0.277344
0.697266,-1.593750,-0.328125,-0.597656,-0.353516,0.099609,-0.107422
0.715210,1.195313,0.562500,0.757812,-0.505859,-0.164062,0.189453
0.722534,1.652344,1.351563,2.324219,-0.591797,-0.126953,0.046875
0.730835,-1.816406,-0.816406,0.671875,-0.638672,-0.001953,-0.150391
0.736084,-0.636719,-0.054687,0.433594,-0.460937,-0.238281,-0.150391
0.735352,0.058594,-0.308594,-1.003906,-0.367188,-0.587891,-0.332031
0.729370,-2.578125,0.386719,-0.640625,-0.140625,-0.783203,-0.253906
0.720947,0.027344,-0.507812,-2.601563,0.019531,-0.714844,-0.109375
0.698120,0.875000,-0.515625,-1.410156,0.404297,-0.304688,0.101563
0.698975,1.496094,-0.265625,-3.042969,0.615234,0.285156,0.414062
0.708374,2.988281,-0.457031,-1.550781,0.355469,0.810547,0.246094
0.749512,-0.218750,0.121094,0.585937,-0.105469,1.140625,0.173828
0.756958,-0.164062,0.128906,3.226563,-0.472656,0.476562,-0.095703
0.762207,-2.714844,0.496094,3.132813,-0.558594,-0.039063,-0.361328
0.762573,-1.664063,0.367188,2.757813,-0.126953,0.000000,-0.156250
0.765747,0.984375,-0.140625,-2.250000,0.148437,-0.050781,-0.023437
0.769531,1.000000,-0.300781,-1.898438,0.222656,-0.023437,0.068359
0.780396,0.578125,-0.117188,-0.820312,0.203125,0.087891,0.220703
0.787231,1.414063,-0.039063,-0.054687,0.027344,0.322266,0.244141
0.793823,0.582031,-0.226562,0.949219,-0.031250,0.625000,0.109375
0.798096,-0.582031,-0.125000,-0.437500,-0.529297,0.175781,-0.277344
0.790405,-2.062500,-0.039063,2.367188,0.001953,-0.164062,-0.435547
0.778564,-2.898438,-0.093750,-2.980469,1.630859,-0.074219,-0.695312
0.769409,-1.460938,-2.871094,-11.785156,1.900391,0.031250,-0.513672
0.757202,1.121094,-0.015625,-1.585938,1.238281,0.031250,0.613281
0.750610,7.027344,2.601563,5.488281,0.867187,-0.371094,0.992187
0.747192,3.589844,2.785156,3.308594,0.212891,-0.730469,0.701172
0.743042,-2.789063,1.027344,5.003906,-0.166016,-0.949219,0.306641
0.738281,-2.277344,0.453125,3.035156,-0.101563,-0.876953,0.119141
0.726196,-2.707031,-0.097656,0.492187,0.099609,-0.361328,0.296875
0.717529,2.582031,-0.382813,-1.335938,-0.179687,-0.119141,0.152344
0.715454,-0.773437,0.285156,2.632813,-0.353516,-0.068359,-0.259766
0.714355,-3.089844,-0.113281,1.539063,-0.361328,-0.146484,-0.179687
0.709473,-0.300781,-0.007813,0.222656,-0.474609,-0.304688,-0.062500
0.704224,1.238281,0.929687,0.691406,-0.453125,-0.353516,-0.148437
0.694580,-0.101563,0.269531,-0.511719,-0.478516,-0.250000,-0.037109
0.690796,0.777344,0.054687,-0.187500,-0.388672,-0.179687,0.019531
0.726318,-0.121094,-1.414063,-0.023437,-0.404297,-0.193359,0.105469
0.739258,-0.195312,-0.464844,0.015625,-0.179687,0.220703,0.400391
0.747314,2.832031,-0.730469,-2.613281,0.074219,0.636719,0.279297
0.767334,-0.531250,-0.085937,-2.718750,-0.005859,0.720703,0.148437
0.770874,0.886719,0.011719,0.273438,-0.187500,0.339844,-0.013672
0.772095,-0.078125,0.250000,1.851563,-0.240234,0.240234,-0.144531
0.768921,-0.875000,0.257813,0.210937,-0.425781,-0.232422,-0.664062
0.767212,-3.960938,0.855469,0.765625,-0.181641,-0.197266,-0.292969
0.768311,0.839844,-0.394531,-0.964844,0.021484,-0.158203,-0.062500
0.773315,1.375000,-0.285156,-1.468750,0.125000,0.099609,0.076172
0.774414,1.183594,-0.140625,-0.863281,0.095703,0.386719,0.246094
0.777954,1.492188,-0.324219,-0.144531,-0.033203,0.621094,0.316406
0.787354,0.609375,-0.226562,0.695312,-0.097656,0.660156,0.166016
0.789307,-1.109375,0.257813,1.406250,-0.433594,0.373047,-0.015625
0.790161,-1.257813,0.359375,1.683594,-0.205078,0.361328,-0.197266
0.789307,-1.609375,0.250000,-1.156250,-0.234375,0.042969,-0.384766
0.782715,-0.644531,0.242187,-0.375000,-0.236328,-0.326172,-0.433594
0.777466,-0.308594,-0.125000,-0.820312,0.146484,-0.027344,-0.009766
0.776855,3.398438,-0.636719,-1.906250,0.046875,0.001953,0.003906
0.783203,-0.277344,0.082031,0.796875,-0.001953,0.179687,0.082031
0.787842,0.769531,0.011719,0.328125,0.025391,0.357422,0.158203
0.792358,0.839844,-0.171875,-1.035156,-0.056641,0.638672,0.222656
0.796753,0.589844,-0.386719,0.144531,-0.490234,0.685547,0.080078
0.795898,0.093750,-0.277344,2.273438,-0.541016,0.269531,-0.228516
0.791870,-3.117188,0.437500,0.261719,-0.332031,0.074219,-0.269531
0.783691,0.566406,0.406250,-1.812500,-0.115234,-0.076172,-0.199219
0.780640,0.535156,0.398438,-0.480469,-0.083984,-0.589844,-0.324219
0.773315,-0.980469,0.457031,0.371094,0.146484,-0.683594,-0.121094
0.749390,-0.179687,-0.171875,-0.531250,0.496094,-0.453125,0.050781
0.746460,1.621094,-0.386719,-2.484375,0.529297,-0.052734,0.386719
0.749634,2.488281,-0.468750,-0.105469,0.275391,0.441406,0.171875
0.759888,-0.554687,0.074219,0.515625,0.093750,0.878906,0.179687
0.781616,0.074219,0.191406,-0.230469,-0.287109,0.429687,0.052734
0.789307,-1.855469,0.250000,2.191406,-0.599609,0.042969,-0.197266
0.789551,-2.191406,0.429687,2.023438,-0.433594,0.181641,-0.230469
0.783203,0.421875,-0.062500,-2.472656,-0.324219,-0.074219,-0.414062
0.777100,-1.816406,0.230469,-0.781250,-0.166016,0.123047,-0.175781
0.777588,2.265625,-0.773437,-0.960937,0.041016,0.234375,0.054687
0.787720,0.847656,-0.355469,-1.421875,0.162109,0.511719,0.291016
0.791992,2.128906,-0.574219,-0.773437,0.054687,0.566406,0.253906
0.794312,0.796875,-0.023437,-0.812500,-0.160156,0.095703,0.017578
0.796021,-0.550781,0.863281,3.082031,-0.376953,0.078125,-0.074219
0.797729,-0.320313,0.421875,1.933594,-0.517578,-0.029297,-0.351563
0.796997,-1.070313,0.277344,0.660156,-0.425781,-0.107422,-0.523437
0.793457,-4.238281,0.988281,0.378906,0.015625,-0.037109,-0.236328
0.791992,1.398438,-1.097656,-4.199219,0.341797,0.214844,-0.062500
0.788696,0.695312,-0.546875,-2.324219,0.226562,0.175781,-0.044922
0.786377,0.425781,-0.300781,-0.082031,0.339844,0.294922,0.009766
0.771484,-0.179687,-0.277344,-0.035156,0.357422,0.236328,-0.121094
0.768799,-1.128906,0.121094,0.031250,0.105469,0.031250,0.121094
0.762939,1.750000,1.484375,1.699219,-0.197266,-0.173828,0.222656
0.763184,1.398438,1.730469,2.796875,-0.330078,-0.269531,-0.037109
0.770386,0.203125,-0.132812,1.136719,-0.226562,0.046875,0.097656
0.781982,0.816406,-0.578125,-0.542969,-0.144531,-0.115234,0.082031
0.794312,-0.898437,-0.246094,-0.472656,-0.007813,0.035156,0.201172
0.794556,0.609375,-0.269531,-1.023438,0.031250,0.351563,0.259766
0.795288,0.542969,-0.062500,0.640625,-0.048828,0.226562,-0.005859
0.794556,-2.445313,0.750000,0.800781,-0.255859,0.285156,-0.060547
0.794434,-0.015625,0.261719,1.839844,-0.306641,0.353516,-0.150391
0.796021,-0.207031,0.230469,0.601562,-0.406250,0.035156,-0.437500
0.794312,-3.035156,0.343750,0.707031,-0.464844,-0.326172,-0.525391
0.790894,-0.003906,-0.175781,-1.105469,0.068359,0.066406,-0.105469
0.788208,3.437500,-0.957031,-3.625000,0.328125,0.208984,-0.037109
0.782349,0.832031,-0.324219,-2.605469,0.310547,0.369141,-0.068359
0.762939,-0.234375,-0.843750,-0.386719,0.664062,0.503906,-0.330078
0.760864,-1.851563,-1.042969,-2.734375,0.283203,0.222656,0.048828
0.759766,2.480469,2.019531,2.640625,-0.173828,-0.248047,0.388672
0.760620,1.742188,2.187500,3.824219,-0.488281,-0.578125,0.128906
0.769287,-3.703125,-1.671875,2.277344,-0.359375,-0.226562,0.085937
0.778076,1.031250,-0.484375,-1.683594,0.103516,0.115234,0.119141
0.789185,0.050781,-0.738281,-4.109375,0.283203,0.423828,0.281250
0.793335,1.054688,-0.468750,-2.968750,0.083984,0.792969,0.291016
0.797485,-0.652344,0.046875,1.656250,-0.509766,0.890625,0.150391
0.800415,-0.718750,0.199219,3.492188,-0.570312,0.388672,-0.210937
0.798950,-2.984375,0.527344,0.964844,-0.603516,0.191406,-0.394531
0.794800,-1.101563,0.421875,-0.687500,-0.248047,-0.339844,-0.490234
0.784058,-0.757812,0.519531,-1.582031,-0.068359,-0.511719,-0.240234
0.782715,1.578125,-0.078125,-0.601562,0.099609,-0.152344,-0.025391
0.785645,1.621094,-0.812500,-1.457031,-0.005859,0.001953,0.193359
0.790894,-0.406250,-0.468750,-0.585937,-0.085937,0.070312,0.490234
0.799927,1.074219,-0.781250,-0.617187,0.029297,-0.085937,0.531250
0.798218,-0.839844,-0.351563,-0.531250,0.160156,-0.468750,0.537109
0.793213,0.585937,0.156250,0.550781,0.152344,-0.970703,0.304688
0.777100,-1.109375,1.250000,2.035156,0.330078,-1.283203,0.169922
0.771606,-0.121094,2.101563,1.027344,0.376953,-0.648437,0.000000
0.776123,1.257813,1.433594,0.023437,0.251953,-0.410156,-0.125000
0.786133,-0.273438,-0.773437,0.023437,0.755859,0.314453,0.027344
0.786377,0.789062,-1.792969,-5.050781,1.125000,0.500000,-0.064453
0.782227,-1.062500,-1.347656,-1.453125,0.742187,0.269531,-0.535156
0.770996,-3.269531,-2.300781,2.027344,0.312500,0.126953,-0.326172
0.765381,-0.925781,-0.046875,1.375000,-0.058594,-0.144531,0.091797
0.754028,3.578125,2.433594,4.929687,0.361328,-0.357422,0.421875
0.737549,2.875000,1.566406,-1.957031,1.083984,-0.355469,0.396484
0.743774,1.011719,-0.277344,-2.011719,0.544922,-0.617187,0.037109
0.747803,-1.707031,0.363281,2.511719,-0.589844,-0.341797,0.140625
0.738647,-0.464844,1.949219,8.550781,-0.568359,-0.138672,0.255859
0.718262,0.007813,-0.792969,-1.742188,0.203125,0.183594,0.074219
0.713867,-1.308594,-2.753906,-5.273437,0.386719,0.248047,0.121094
0.713623,-0.242187,-1.351563,-2.519531,0.189453,-0.037109,0.025391
0.708496,-0.601562,0.960937,1.558594,0.228516,-0.228516,-0.052734
0.701294,0.261719,0.792969,1.234375,0.314453,-0.531250,-0.419922
0.690186,-1.785156,0.417969,1.125000,-0.179687,-0.917969,-0.798828
0.673706,-3.925781,0.433594,4.324219,-0.357422,-0.531250,-0.068359
0.674438,4.839844,0.109375,-1.238281,-0.156250,-0.185547,0.115234
0.675293,0.234375,-0.562500,-1.632813,-0.177734,0.103516,0.001953
0.682739,-0.265625,-0.546875,-0.570312,-0.357422,0.101563,-0.101563
0.686035,-1.691406,-0.273438,0.304688,-0.441406,0.019531,-0.058594
0.688232,-0.464844,-0.027344,1.019531,-0.566406,-0.123047,-0.210937
0.694092,-0.449219,0.339844,1.210938,-0.525391,-0.291016,-0.236328
0.695068,-0.187500,0.003906,-0.027344,-0.347656,-0.826172,-0.193359
0.696045,-1.484375,-0.042969,-0.785156,0.083984,-1.369141,-0.132812
0.686646,-0.921875,-0.617187,-3.882813,0.976562,-0.677734,0.337891
0.675415,4.160156,-1.437500,-7.406250,1.220703,0.640625,0.927734
0.691650,5.777344,-1.281250,-3.351563,0.755859,1.236328,0.781250
0.714844,0.296875,0.320313,1.386719,0.138672,1.457031,0.314453
0.763062,-2.972656,0.679687,4.417969,-0.642578,1.476563,-0.056641
0.767090,-2.042969,0.527344,4.644531,-1.228516,0.324219,-0.869141
0.760742,-6.121094,1.195313,4.386719,-1.105469,-0.191406,-1.277344
0.708130,-3.734375,1.179688,2.214844,-0.152344,-0.685547,-1.173828
0.684570,1.519531,1.519531,-5.082031,-0.041016,-0.867187,-0.419922
0.666748,4.242187,1.183594,-0.171875,0.130859,-0.259766,0.283203
0.682007,6.132812,-0.734375,-0.429687,0.087891,-0.035156,0.167969
0.697998,-2.421875,-2.523438,-1.710938,0.123047,0.058594,0.218750
0.718140,0.789062,-0.371094,-0.617187,0.078125,0.267578,0.517578
0.744141,2.031250,-0.839844,0.503906,-0.060547,0.492187,0.603516
0.754150,1.121094,-0.363281,0.769531,-0.072266,0.746094,0.576172
0.760498,0.562500,0.000000,-0.347656,-0.031250,0.884766,0.292969
0.766235,-1.878906,0.496094,-0.335938,-0.201172,0.447266,-0.025391
0.768921,-1.968750,0.781250,1.386719,-0.238281,0.302734,-0.265625
0.764893,-0.941406,0.359375,-0.335938,-0.478516,-0.207031,-0.761719
0.757568,-2.515625,0.687500,1.250000,-0.453125,-0.472656,-0.539062
0.744629,3.167969,-0.621094,-0.863281,0.074219,-0.142578,0.035156
0.746948,3.542969,-0.746094,-3.296875,0.226562,0.240234,0.242187
0.750366,1.726563,-0.277344,-1.175781,0.173828,0.542969,0.201172
0.764771,0.941406,-0.164062,-1.359375,-0.121094,0.421875,0.261719
0.770264,-0.445312,-0.179687,2.156250,-0.078125,0.242187,0.294922
0.771240,-0.191406,0.046875,-0.074219,0.109375,0.367188,0.142578
0.774414,0.476562,0.222656,-1.207031,0.007813,0.650391,0.011719
0.776001,-2.089844,0.605469,-0.878906,-0.382813,0.238281,-0.406250
0.773437,-4.152344,0.671875,2.859375,-0.498047,-0.478516,-0.642578
0.759399,-2.343750,0.421875,0.429687,0.000000,-0.044922,-0.201172
0.757690,3.355469,-0.707031,-3.488281,0.080078,0.138672,-0.064453
0.755371,2.152344,-0.531250,-2.050781,-0.013672,0.039063,0.044922
0.756592,0.281250,0.121094,1.191406,-0.023437,-0.076172,0.101563
0.765381,0.402344,0.050781,0.507812,-0.019531,0.007813,0.103516
0.770508,-0.156250,-0.093750,0.066406,0.037109,0.429687,0.169922
0.775513,0.375000,-0.238281,-0.609375,-0.070312,0.853516,0.271484
0.781494,0.835937,-0.332031,0.609375,-0.101563,0.312500,0.005859
0.780151,-2.265625,0.566406,0.804687,-0.285156,0.017578,-0.232422
0.776855,-1.355469,0.605469,1.167969,-0.349609,-0.140625,-0.421875
0.760132,-1.601563,0.636719,1.605469,-0.189453,-0.291016,-0.511719
0.752930,-0.421875,0.230469,-1.542969,0.173828,0.015625,0.083984
0.755371,4.203125,-1.335938,-2.156250,0.162109,-0.097656,0.125000
0.760010,-0.308594,-0.109375,0.242187,0.218750,0.318359,0.263672
0.763428,0.496094,-0.062500,-0.417969,0.093750,0.283203,0.085937
0.765137,-1.226563,0.050781,1.250000,-0.060547,0.306641,0.130859
0.759033,-0.085937,-0.746094,1.265625,-0.066406,0.281250,-0.173828
0.750244,-1.707031,-0.164062,-0.972656,-0.205078,0.279297,-0.546875
0.741577,-1.371094,0.503906,0.101563,-0.310547,0.240234,-0.625000
0.720215,0.425781,0.734375,0.546875,-0.101563,0.015625,-0.357422
0.715088,0.992187,0.968750,-0.542969,-0.142578,-0.162109,0.304688
0.724609,5.136719,1.398438,0.898437,-0.257813,-0.363281,0.070312
0.735596,-0.640625,-0.492187,0.570312,-0.015625,-0.685547,0.023437
0.718872,-1.238281,-0.324219,-1.886719,0.460937,-0.582031,0.271484
0.713135,1.621094,-0.484375,-3.296875,0.591797,0.089844,0.507812
0.720337,3.675781,-0.554687,-3.414063,0.203125,0.609375,0.111328
0.748169,-0.675781,0.175781,1.089844,-0.119141,1.097656,0.152344
0.759888,1.234375,-0.355469,2.605469,-0.769531,0.580078,-0.148437
0.765747,-2.582031,0.281250,4.796875,-0.652344,0.044922,-0.113281
0.764160,-1.746094,0.082031,0.570312,0.039063,-0.458984,0.068359
0.759277,0.765625,0.480469,-1.710938,0.341797,-0.527344,0.130859
0.754883,0.488281,-0.015625,-1.812500,0.710937,-0.208984,0.064453
0.749268,0.566406,-0.039063,-2.863281,0.478516,0.425781,-0.132812
0.744263,-0.734375,-0.386719,-1.753906,0.091797,0.458984,-0.675781
0.737183,-4.445312,-0.890625,2.218750,-0.324219,-0.091797,-1.019531
0.731689,-1.406250,0.867187,2.601563,-0.359375,-0.468750,-1.009766
0.685425,0.644531,2.109375,0.812500,-0.404297,-0.785156,-0.632812
0.660156,0.933594,1.894531,0.386719,-0.578125,-0.761719,0.537109
0.662964,6.617187,0.539062,1.996094,-0.367188,-0.347656,0.015625
0.724609,-5.957031,-4.417969,-1.441406,0.083984,-0.083984,0.142578
0.734009,1.722656,-0.542969,-3.230469,0.134766,0.199219,0.548828
0.741211,-0.808594,-0.894531,-2.863281,-0.080078,0.662109,0.914062
0.771118,-0.375000,-0.164062,0.496094,-0.126953,0.869141,0.667969
0.775269,-1.273438,0.605469,-0.292969,-0.138672,0.503906,0.193359
0.775269,-1.808594,0.765625,0.160156,-0.039063,0.015625,-0.138672
0.762695,-3.324219,0.957031,0.464844,0.132812,-0.421875,-0.544922
0.746094,-2.515625,1.003906,-1.050781,-0.058594,-0.796875,-0.650391
0.734497,-0.734375,1.054688,1.179688,-0.074219,-0.085937,-0.052734
0.745850,4.359375,-1.035156,-0.269531,-0.009766,0.195312,0.199219
0.759766,2.757813,-0.875000,0.230469,0.251953,0.822266,0.367188
0.777222,2.187500,-0.402344,-2.132813,0.015625,0.908203,0.214844
0.786499,-1.089844,0.160156,1.160156,-0.556641,0.542969,-0.048828
0.787109,-2.070313,0.335938,5.023437,-0.619141,-0.007813,-0.273438
0.779175,-2.125000,0.390625,2.113281,-0.144531,-0.062500,-0.152344
0.772827,1.398438,-0.261719,-3.523438,0.076172,-0.037109,-0.097656
0.771973,-0.078125,-0.230469,-1.824219,0.156250,0.144531,0.029297
0.773315,1.109375,-0.238281,-0.746094,0.060547,-0.150391,0.064453
0.775879,0.042969,-0.007813,0.503906,0.068359,0.031250,0.208984
0.781372,1.238281,-0.230469,-0.382813,0.093750,0.417969,0.197266
0.783081,0.328125,-0.031250,-0.609375,-0.101563,0.539062,0.115234
0.782349,0.238281,0.070312,1.230469,-0.283203,0.333984,-0.140625
0.779907,-1.472656,0.421875,1.144531,-0.185547,0.238281,-0.248047
0.774902,-0.261719,0.183594,-1.136719,-0.226562,-0.140625,-0.572266
0.763184,-3.242188,0.656250,0.585937,-0.126953,0.064453,-0.246094
0.762817,2.003906,-0.515625,-0.367188,-0.068359,0.156250,-0.107422
0.765137,0.878906,-0.292969,-1.003906,0.060547,-0.003906,0.080078
0.768311,0.691406,-0.023437,-0.140625,0.087891,0.158203,0.099609
0.770386,0.281250,-0.140625,-0.460937,-0.042969,0.425781,0.177734
0.774902,0.585937,-0.363281,0.160156,-0.365234,0.740234,0.253906
0.778076,-0.222656,-0.015625,0.832031,-0.347656,0.380859,-0.023437
0.778198,-2.046875,0.820312,-0.683594,-0.169922,0.289063,-0.158203
0.777832,-0.316406,0.367188,-0.628906,-0.494141,0.169922,-0.408203
0.770996,-1.847656,0.820312,2.433594,-0.183594,-0.187500,-0.351563
0.762207,0.535156,-0.222656,-1.906250,-0.019531,-0.386719,-0.080078
0.753906,1.101563,-0.429687,-0.636719,0.142578,-0.339844,-0.009766
0.748413,0.195312,-0.167969,-1.023438,0.201172,-0.021484,0.001953
0.744141,0.648437,-0.292969,-1.652344,0.179687,-0.265625,-0.078125
0.722656,-1.093750,0.304688,0.007813,0.490234,-0.593750,0.046875
0.724243,0.906250,-0.015625,-1.500000,0.251953,-0.222656,0.220703
0.727051,2.027344,-0.714844,0.687500,0.306641,0.503906,0.328125
0.752197,0.992187,-0.093750,-0.660156,0.142578,0.955078,0.212891
0.766602,0.042969,0.296875,2.035156,-0.306641,0.826172,0.054687
0.774658,-1.335938,0.390625,3.648438,-0.947266,0.267578,-0.443359
0.773193,-3.515625,0.558594,3.773438,-0.820312,-0.068359,-0.611328
0.747314,-2.683594,0.519531,0.925781,-0.316406,-0.328125,-0.474609
0.738037,1.496094,0.046875,-3.562500,0.246094,-0.109375,0.021484
0.741333,3.250000,-0.859375,-3.156250,0.382813,-0.267578,0.119141
0.744507,-0.003906,-0.101563,-0.582031,0.402344,0.126953,0.205078
0.750488,1.207031,-0.222656,-0.484375,0.455078,0.763672,0.230469
0.760498,1.113281,0.007813,-0.937500,0.136719,0.898437,0.218750
0.779907,-0.070312,0.007813,2.339844,-0.513672,0.445312,-0.117188
0.781372,-2.160156,0.480469,4.222656,-0.738281,0.250000,-0.345703
0.781250,-3.074219,0.687500,3.460938,-0.673828,-0.126953,-0.445312
0.758545,-0.570312,0.457031,-0.683594,-0.095703,-0.767578,-0.253906
0.744995,0.425781,-0.316406,-3.062500,0.376953,-1.000000,-0.222656
0.732544,-0.199219,-0.109375,-2.925781,0.396484,-0.064453,0.082031
0.738281,1.562500,-0.984375,-1.906250,0.410156,0.423828,0.218750
0.755859,0.953125,-0.148437,0.718750,0.201172,0.583984,0.457031
0.770142,1.988281,-0.324219,1.660156,-0.058594,0.644531,0.373047
0.782837,-0.484375,0.242187,1.144531,-0.394531,0.509766,0.169922
0.795654,-0.363281,0.246094,2.929688,-0.287109,0.128906,0.019531
0.798096,-0.941406,0.121094,-1.441406,-0.074219,-0.556641,-0.031250
0.795532,-0.500000,0.277344,-1.050781,0.306641,-0.562500,-0.050781
0.774902,-0.070312,-0.144531,-1.894531,1.490234,0.517578,-0.035156
0.767578,0.296875,-0.851562,-6.578125,1.285156,0.593750,-1.537109
0.764771,-12.980469,-4.316406,2.472656,0.777344,0.021484,-1.703125
0.767334,-1.226563,1.050781,2.636719,0.115234,0.482422,-0.345703
0.765625,9.351563,3.875000,1.921875,-0.457031,0.060547,0.033203
0.762817,4.148437,2.332031,3.242188,-1.070313,-0.533203,0.525391
0.751953,2.296875,2.601563,4.324219,-1.787109,-0.847656,1.250000
0.759277,3.652344,3.187500,6.789062,-1.615234,-0.730469,0.574219
0.778931,3.734375,2.527344,5.257812,-0.988281,-0.136719,0.562500
0.796021,-11.000000,-7.035156,-7.074219,0.238281,0.611328,0.218750
0.792480,-1.359375,-1.164063,-10.175781,0.777344,0.611328,-0.267578
0.782715,-4.585937,-0.574219,-5.152344,0.609375,0.009766,-0.376953
0.764893,-2.640625,0.046875,1.210938,1.419922,-0.332031,-0.609375
0.736084,-5.804687,-2.070313,-3.558594,1.017578,-1.107422,-1.859375
0.713867,-7.363281,0.222656,5.218750,0.546875,-1.460938,-1.427734
0.682251,2.058594,1.746094,3.710938,0.392578,-0.816406,0.128906
0.659790,8.109375,3.488281,1.496094,0.367188,-0.460937,0.939453
0.658325,1.199219,1.015625,-0.570312,-0.085937,-0.333984,0.441406
0.664795,-2.890625,-1.335938,2.195313,-0.386719,-0.242187,0.529297
0.683472,0.000000,0.472656,0.128906,-0.703125,-0.099609,1.566406
0.705811,5.742187,3.019531,1.722656,-0.505859,-0.404297,0.507812
0.740356,-14.605469,-7.765625,-2.542969,-0.097656,-0.080078,0.574219
0.730347,5.648437,0.335938,-3.312500,0.250000,0.187500,-0.134766
0.710205,-6.273437,-0.539062,-3.269531,0.775391,0.324219,-0.185547
0.703003,-5.378906,-1.312500,-1.179688,0.542969,-0.285156,-0.771484
0.696777,-8.843750,-2.363281,4.000000,0.884766,-0.988281,-0.906250
0.681641,-0.871094,0.148437,2.800781,1.791016,-0.839844,0.113281
0.678467,4.429687,0.582031,0.449219,2.195313,-1.130859,0.515625
0.679199,1.410156,0.542969,3.753906,2.519531,-1.531250,0.943359
0.669922,0.937500,2.226563,2.398438,3.007813,-1.892578,1.630859
0.648560,2.218750,3.390625,0.136719,2.658203,-1.898438,2.308594
0.613403,3.070313,4.390625,1.058594,1.449219,-1.453125,1.763672
0.575073,-0.281250,2.929688,3.023438,-0.392578,-2.125000,0.617187
0.573608,-2.585938,-3.343750,7.023437,-1.019531,-2.535156,0.216797
0.555176,0.992187,-5.457031,-3.851563,0.888672,-0.867187,0.296875
0.552124,2.542969,-3.019531,-21.269531,0.214844,0.085937,0.611328
0.566040,5.164062,-0.191406,-10.437500,-0.984375,-0.476562,-0.220703
0.578613,-5.949219,0.015625,1.992188,-0.414062,-0.416016,-0.355469
0.595825,0.820312,-1.156250,-4.816406,-0.091797,0.294922,-0.177734
0.605957,2.878906,-0.781250,-3.398438,-0.255859,0.406250,-0.337891
0.613281,-0.699219,-0.683594,-1.199219,-0.279297,-0.142578,0.283203
0.626709,3.785156,0.828125,0.792969,-0.285156,-0.318359,0.447266
0.637207,0.734375,-0.074219,2.195313,-0.115234,-0.388672,0.214844
0.631226,-2.105469,-0.757812,0.820312,0.292969,0.199219,0.248047
0.628174,0.531250,-1.046875,-4.023437,0.109375,0.240234,0.052734
0.643921,-1.882813,0.109375,0.250000,0.158203,0.029297,-0.123047
0.646973,-1.230469,-0.019531,-0.585937,-0.125000,-0.212891,-0.101563
0.646851,0.093750,0.730469,1.875000,-0.298828,-0.251953,-0.187500
0.667603,-0.445312,0.355469,2.160156,-0.289063,-0.201172,-0.025391
0.684204,2.160156,-0.527344,0.160156,-0.222656,-0.306641,0.054687
0.691284,-0.070312,-0.203125,-0.542969,0.007813,0.048828,0.367188
0.714111,1.515625,-0.593750,-1.117188,0.019531,0.550781,0.199219
0.724609,1.894531,-0.140625,-1.800781,-0.101563,0.957031,0.199219
0.734741,0.371094,0.148437,0.437500,-0.250000,0.462891,0.015625
0.735107,-1.406250,0.433594,0.972656,-0.398438,-0.009766,-0.275391
0.732422,-2.218750,0.363281,1.117188,-0.453125,-0.169922,-0.660156
0.724609,-2.378906,0.500000,-0.113281,-0.464844,-0.191406,-0.498047
0.732056,1.457031,-1.062500,-0.289063,-0.056641,-0.271484,-0.031250
0.737549,2.671875,-0.648437,-2.332031,0.111328,0.105469,0.216797
0.744873,1.800781,-0.410156,-1.253906,0.205078,0.796875,0.611328
0.753296,3.160156,-1.062500,-1.890625,0.074219,1.078125,0.615234
0.769897,0.203125,-0.062500,1.289063,-0.148437,0.669922,0.349609
0.767334,-1.914063,0.519531,1.632813,-0.111328,0.388672,-0.001953
0.760498,-1.625000,1.117188,1.070313,-0.292969,0.277344,-0.195312
0.742676,-0.511719,0.855469,1.156250,-0.347656,-0.179687,-0.728516
0.732666,-3.332031,1.371094,-0.253906,-0.126953,-0.843750,-0.896484
0.719360,-2.019531,0.472656,-1.738281,-0.042969,-0.599609,-0.302734
0.720703,2.351563,-1.000000,-1.507813,0.199219,-0.164062,0.033203
0.721924,0.789062,-0.519531,-2.105469,0.343750,0.498047,0.140625
0.722900,1.617188,-0.410156,-1.238281,0.408203,0.673828,0.048828
0.707031,-0.042969,-1.031250,-1.402344,0.505859,0.234375,-0.728516
0.706909,-4.777344,-1.613281,0.609375,0.546875,0.701172,0.193359
0.708984,8.742188,1.839844,0.140625,0.480469,0.419922,0.761719
0.724609,2.476563,3.339844,1.992188,-0.230469,-0.005859,0.695312
0.727173,0.609375,2.636719,6.097656,-0.734375,-0.248047,0.289063
0.734497,-2.996094,0.832031,4.421875,-0.576172,0.058594,-0.097656
0.749023,0.175781,-0.281250,-1.261719,-0.378906,0.179687,0.037109
0.776611,0.750000,-0.601562,-1.191406,-0.410156,0.029297,-0.039063
0.781860,-0.933594,-0.148437,0.160156,-0.380859,-0.019531,-0.066406
0.783325,-0.023437,-0.054687,-0.152344,-0.365234,0.044922,-0.296875
0.771729,-1.503906,0.152344,-1.660156,-0.263672,-0.148437,-0.480469
0.759521,-1.000000,0.433594,-0.648437,0.048828,-0.759766,-0.427734
0.747070,-0.527344,0.480469,-1.750000,0.240234,-0.925781,-0.025391
0.733765,2.070313,-0.625000,-1.093750,0.533203,-0.359375,0.486328
0.738892,5.050781,-0.746094,-1.582031,0.253906,0.375000,0.593750
0.753174,0.554687,-0.062500,0.875000,0.201172,0.781250,0.218750
0.785278,-2.195313,0.449219,-1.632813,-0.023437,1.039063,0.173828
0.791016,2.781250,-0.636719,-0.085937,-0.402344,0.347656,-0.400391
0.782715,-4.359375,0.011719,0.503906,0.640625,0.085937,-1.052734
0.765259,-3.367188,-2.617188,-8.015625,0.968750,0.218750,-0.496094
0.758423,3.214844,-0.175781,-4.753906,0.640625,0.062500,0.279297
0.748657,4.976562,2.136719,0.652344,0.070312,-0.064453,0.332031
0.743286,-1.453125,0.421875,4.878906,0.070312,-0.271484,0.416016
0.724731,0.386719,0.875000,0.535156,0.396484,-0.033203,0.398438
0.725708,0.632812,-0.218750,-1.449219,-0.148437,0.064453,0.068359
0.726929,-1.664063,-0.019531,2.320313,-0.341797,-0.041016,-0.109375
0.724609,-0.332031,0.570312,1.515625,-0.558594,-0.324219,0.050781
0.720459,0.839844,1.175781,2.597656,-0.730469,-0.533203,0.078125
0.719604,0.281250,0.953125,2.515625,-0.498047,-0.191406,-0.113281
0.732666,-1.636719,-1.476563,-1.648438,-0.193359,0.070312,0.044922
0.744263,0.847656,-0.425781,-2.093750,-0.167969,-0.078125,0.093750
0.751953,-0.363281,-0.218750,0.113281,-0.003906,0.232422,0.320313
0.759521,1.773438,-0.425781,-0.949219,-0.035156,0.513672,0.187500
0.765381,0.449219,-0.210937,-1.128906,-0.160156,0.625000,0.044922
0.769409,-1.289063,0.273438,0.632812,-0.322266,0.419922,-0.234375
0.770264,-1.882813,0.320313,0.710937,-0.376953,0.207031,-0.429687
0.766235,-1.417969,0.351563,0.597656,-0.279297,-0.257813,-0.425781
0.762817,-0.460937,0.335938,-0.222656,-0.015625,-0.185547,-0.042969
0.761230,2.097656,-0.324219,-0.988281,0.097656,0.027344,0.193359
0.764648,1.628906,-0.285156,-0.796875,0.294922,0.718750,0.267578
0.774048,1.613281,-0.238281,-2.183594,0.146484,1.013672,0.265625
0.784668,2.191406,-0.484375,-1.464844,-0.279297,0.169922,0.009766
0.785889,-1.851563,0.632812,3.406250,-0.367188,-0.103516,-0.123047
0.781128,-1.226563,0.496094,1.164063,-0.250000,-0.033203,-0.240234
0.772583,0.007813,0.199219,-0.773437,-0.242187,-0.207031,-0.455078
0.750854,-0.898437,0.296875,-0.875000,-0.080078,-0.482422,-0.316406
0.746216,0.625000,-0.339844,-1.164063,0.199219,-0.050781,-0.001953
0.744751,2.042969,-0.812500,-1.914063,0.218750,0.240234,0.056641
0.752319,0.402344,-0.171875,-0.851562,0.095703,0.673828,0.130859
0.760010,0.472656,0.089844,1.300781,-0.560547,0.603516,-0.095703
0.767944,-1.808594,0.296875,3.960938,-0.435547,-0.013672,-0.250000
0.762329,-1.902344,0.007813,-0.652344,0.142578,-0.281250,-0.005859
0.758667,0.941406,0.042969,-2.449219,0.000000,-0.328125,0.023437
0.753906,-0.070312,-0.109375,0.675781,-0.001953,-0.181641,0.041016
0.756104,0.179687,-0.070312,-0.296875,0.070312,0.074219,0.314453
0.766602,1.546875,-0.437500,-0.296875,0.152344,0.464844,0.408203
0.774170,3.546875,-0.414062,-1.730469,0.107422,0.423828,0.132812
0.776855,-0.183594,-0.015625,-0.207031,-0.015625,0.597656,-0.015625
0.770386,-1.332031,-0.398438,0.820312,-0.355469,0.318359,-0.464844
0.761108,-3.292969,0.207031,1.453125,-0.310547,0.263672,-0.730469
0.753418,-2.078125,-0.207031,0.039063,-0.343750,0.039063,-0.697266
0.734131,0.687500,0.976562,-0.566406,-0.250000,0.103516,0.093750
0.733154,5.414062,1.230469,0.246094,0.037109,0.070312,0.324219
0.747070,4.148437,0.464844,0.406250,-0.113281,-0.406250,0.207031
0.747437,-2.722656,-1.082031,1.234375,0.191406,-0.527344,0.037109
0.746216,-0.667969,-0.156250,-3.550781,0.384766,-0.693359,0.041016
0.745850,-0.578125,-0.246094,-1.339844,0.486328,-0.613281,0.253906
0.751099,1.167969,-0.300781,-1.199219,0.507812,0.332031,0.269531
0.761597,0.351563,-0.531250,0.160156,0.345703,1.255859,0.218750
0.773437,0.703125,-0.429687,1.976563,-0.560547,0.974609,-0.003906
0.786743,-2.941406,0.433594,6.210937,-0.939453,0.029297,-0.250000
0.786255,-3.476563,0.855469,4.464844,-0.378906,-0.650391,-0.031250
0.781372,0.843750,0.542969,-0.457031,-0.035156,-0.767578,0.150391
0.776001,1.808594,-0.207031,-3.375000,0.626953,-0.181641,0.265625
0.771484,0.933594,-0.468750,-5.605469,0.732422,0.296875,0.033203
0.770996,-0.757812,-0.191406,-2.820313,0.453125,0.607422,-0.201172
0.770142,-2.007813,-0.277344,0.839844,0.009766,0.003906,-0.845703
0.754517,-5.660156,-0.292969,4.066406,-0.332031,-0.185547,-0.912109
0.735962,0.656250,1.246094,1.613281,-0.248047,-0.203125,-0.679687
0.705200,2.363281,1.734375,-1.281250,-0.408203,-0.417969,-0.085937
0.682739,1.425781,1.367188,0.949219,-0.160156,0.146484,0.095703
0.710693,-1.664063,-3.804688,-0.886719,-0.410156,-0.089844,0.015625
0.734009,-1.539063,0.164062,2.578125,-0.294922,-0.527344,0.054687
0.743774,-0.398438,-0.394531,-0.714844,-0.189453,-0.105469,0.699219
0.753540,0.707031,-0.808594,-0.179687,0.224609,0.486328,0.822266
0.764771,1.375000,-0.164062,-3.457031,0.298828,0.802734,0.541016
0.780518,-0.605469,0.574219,-0.917969,0.107422,0.656250,0.152344
0.784302,-2.812500,1.050781,1.757813,-0.148437,0.808594,-0.080078
0.786621,-1.386719,0.566406,1.394531,-0.703125,0.384766,-0.431641
0.781860,-3.148438,0.500000,2.875000,-0.613281,-0.437500,-0.824219
0.761963,-3.417969,1.011719,-0.863281,0.169922,-0.220703,-0.019531
0.766846,3.308594,-0.582031,-3.964844,0.240234,-0.275391,0.152344
0.771606,4.617187,-0.890625,-3.031250,0.222656,0.214844,0.408203
0.788818,2.519531,-0.375000,-0.570312,0.291016,0.490234,0.341797
0.798706,-0.007813,0.214844,-1.023438,0.378906,0.619141,0.277344
0.803223,0.316406,-0.085937,-1.058594,0.091797,0.208984,0.144531
0.794189,-0.625000,-0.085937,2.398438,0.150391,-0.068359,-0.179687
0.778320,-2.839844,-0.351563,-2.101563,1.220703,-0.234375,-1.091797
0.764038,-4.816406,-2.238281,-7.625000,1.681641,0.457031,-0.591797
0.752319,-1.304688,-2.625000,-12.226563,1.431641,0.097656,0.234375
0.744385,2.160156,1.894531,2.929688,0.984375,-0.484375,0.980469
0.733765,4.679687,2.281250,2.816406,1.347656,-0.785156,0.824219
0.732178,-0.343750,-0.101563,-0.656250,-0.138672,-0.587891,0.169922
0.732056,-7.734375,0.640625,7.074219,-0.544922,-0.689453,0.226562
0.722656,-0.742187,1.531250,3.429688,-0.291016,-0.791016,0.343750
0.712524,0.429687,1.128906,0.996094,-0.101563,-0.408203,0.279297
0.708618,0.214844,-0.328125,0.222656,-0.369141,-0.345703,-0.300781
0.702515,-3.761719,-0.351563,2.246094,-0.449219,-0.234375,-0.187500
0.695312,2.074219,0.078125,-0.691406,-0.320313,-0.453125,0.136719
0.691528,1.667969,0.324219,-0.675781,-0.259766,-0.433594,0.439453
0.691406,1.992188,0.109375,0.398438,-0.488281,-0.283203,-0.025391
0.697876,-1.085938,-0.070312,2.023438,-0.501953,0.029297,-0.023437
0.724731,1.265625,-0.242187,-0.753906,-0.351563,-0.042969,0.031250
0.740356,0.152344,-0.363281,-1.558594,0.015625,0.701172,0.183594
0.757812,1.839844,-0.621094,-3.902344,-0.197266,1.037109,0.150391
0.769775,1.312500,-0.523437,-0.179687,-0.812500,0.500000,-0.189453
0.768555,-2.058594,0.648437,5.238281,-0.910156,-0.205078,-0.457031
0.765137,-2.519531,1.062500,0.855469,-0.468750,-0.101563,-0.490234
0.760620,-0.085937,0.113281,-2.957031,0.011719,-0.136719,-0.253906
0.752319,-0.421875,-0.148437,-3.605469,0.117188,-0.388672,-0.060547
0.747437,-0.414062,-0.117188,0.828125,0.240234,-0.242187,0.236328
0.742432,2.367188,-0.390625,-0.878906,0.404297,0.349609,0.578125
0.748413,2.636719,-0.757812,-1.785156,0.240234,0.443359,0.667969
0.757690,1.226563,-0.230469,-0.269531,0.218750,0.302734,0.742187
0.764771,0.140625,-0.105469,-0.070312,0.052734,0.300781,0.740234
0.771118,-0.023437,0.015625,1.574219,-0.070312,-0.015625,0.458984
0.763672,-1.906250,0.292969,0.832031,0.214844,-0.396484,0.429687
0.740845,-0.187500,0.546875,-0.660156,0.224609,-0.773437,0.121094
0.670288,-1.511719,0.898437,1.214844,0.765625,-0.828125,-0.201172
0.667725,-1.117188,0.976562,-3.519531,0.271484,-0.681641,-0.800781
0.682983,-4.972656,1.281250,1.652344,-0.511719,-0.111328,-0.660156
0.722534,0.625000,-0.031250,6.003906,-0.330078,0.644531,-0.144531
0.747192,3.382813,-1.304688,-3.671875,-0.144531,1.050781,-0.078125
0.760986,0.378906,-0.718750,-3.289063,-0.738281,1.416016,-0.218750
0.766846,1.062500,-0.550781,1.507813,-0.947266,0.511719,-0.468750
0.762695,-3.035156,0.589844,4.113281,-0.753906,-0.085937,-0.583984
0.756714,-1.304688,1.027344,0.261719,-0.363281,-0.582031,-0.500000
0.744507,-0.074219,0.324219,-1.238281,-0.060547,-1.146484,-0.500000
0.722778,-1.824219,0.222656,-0.746094,0.332031,-0.681641,-0.240234
0.715698,0.984375,-0.468750,-2.753906,0.402344,-0.232422,0.044922
0.717041,1.605469,-0.574219,-1.585938,0.650391,0.433594,0.580078
0.743774,4.753906,-0.660156,-2.562500,0.207031,0.380859,0.175781
0.754028,-1.664063,0.351563,1.847656,-0.101563,0.798828,0.220703
0.761841,-0.414062,0.320313,2.128906,-0.388672,0.406250,-0.087891
0.766357,-2.734375,0.421875,2.039063,-0.458984,0.111328,-0.384766
0.762695,-2.414063,-0.070312,0.300781,-0.222656,0.146484,-0.546875
0.758179,-1.523438,-0.398438,-2.257813,0.250000,0.291016,-0.304688
0.750244,3.507813,0.558594,-2.550781,0.271484,0.185547,0.111328
0.744507,2.128906,1.796875,0.789062,-0.017578,-0.035156,0.345703
0.743774,2.136719,1.355469,3.218750,-0.128906,0.099609,0.128906
0.755615,-2.121094,-1.265625,0.812500,-0.148437,-0.185547,0.064453
0.760132,-1.562500,-0.101563,0.214844,-0.126953,-0.257813,0.136719
0.761108,0.812500,-0.316406,-0.425781,0.039063,0.658203,0.335938
0.765625,2.476563,-0.675781,-1.929688,-0.212891,1.167969,0.238281
0.776489,1.089844,-0.296875,-0.351563,-0.660156,0.898437,-0.066406
0.778076,-1.816406,0.531250,2.957031,-0.460937,0.162109,-0.345703
0.776733,-2.238281,0.582031,-1.316406,-0.201172,-0.363281,-0.431641
0.770020,-0.976562,0.566406,-0.988281,-0.037109,-0.847656,-0.363281
0.763794,0.578125,0.351563,-0.539062,0.013672,-0.609375,-0.097656
0.757324,2.789063,-1.164063,-0.324219,0.308594,-0.302734,0.042969
0.739258,0.503906,-0.597656,-3.527344,1.021484,0.513672,0.191406
0.738770,1.679688,-0.890625,-6.441406,1.156250,1.144531,0.218750
0.746460,3.003906,-1.441406,-6.101562,0.183594,0.308594,-0.931641
0.748657,-6.363281,-0.285156,5.410156,-0.177734,0.218750,-0.109375
0.747803,6.695312,1.812500,1.425781,-0.078125,0.042969,0.298828
0.745483,2.207031,1.644531,0.371094,0.207031,0.078125,0.537109
0.743896,2.554688,1.558594,-0.375000,0.152344,0.027344,0.255859
0.741821,-2.011719,0.664062,3.300781,-0.328125,-0.109375,-0.046875
0.736084,-2.117188,0.976562,4.277344,-0.546875,-0.279297,0.025391
0.730469,0.085937,0.425781,2.214844,-0.347656,0.013672,-0.218750
0.736084,-0.738281,-0.964844,-1.261719,-0.279297,0.308594,-0.226562
0.741699,0.730469,-0.164062,-1.421875,-0.097656,-0.015625,-0.078125
0.747681,0.984375,-0.007813,-0.246094,-0.189453,-0.630859,-0.136719
0.739380,-1.203125,0.375000,1.523438,0.056641,-0.992187,-0.111328
0.721802,-1.195313,0.031250,0.644531,0.414062,-0.738281,0.173828
0.712402,2.082031,-0.789062,-1.738281,0.457031,-0.109375,0.359375
0.727539,1.292969,-0.753906,-1.492188,0.378906,0.859375,0.470703
0.746094,3.355469,-0.476562,-1.449219,-0.093750,1.132813,0.169922
0.756836,-3.175781,0.457031,1.550781,-0.806641,0.601562,-0.296875
0.768433,-4.117187,0.789062,4.839844,-0.736328,-0.125000,-0.470703
0.767090,-1.652344,0.460937,-0.277344,-0.189453,-0.091797,-0.275391
0.765747,2.000000,0.070312,-4.105469,0.140625,-0.271484,0.000000
0.762451,1.625000,-0.132812,-2.597656,0.218750,-0.222656,0.111328
0.764526,0.390625,-0.214844,-0.421875,0.181641,-0.087891,0.234375
0.771606,0.914062,-0.253906,-0.023437,0.279297,0.548828,0.339844
0.779907,1.628906,-0.437500,-1.417969,0.035156,0.611328,0.126953
0.780151,0.871094,-0.535156,0.113281,-0.056641,0.171875,-0.298828
0.768311,-2.031250,-0.343750,-0.675781,0.726562,-0.066406,-0.744141
0.757568,-3.007813,-1.894531,-6.042969,1.806641,-0.160156,-0.363281
0.739746,2.988281,-1.414063,-8.957031,1.357422,-0.347656,0.193359
0.732178,1.761719,0.914062,-2.234375,0.441406,-0.306641,0.623047
0.726685,1.082031,1.570313,5.441406,0.244141,-0.775391,0.570312
0.718140,-0.750000,0.804687,2.902344,0.562500,-1.005859,0.496094
0.714233,-0.917969,0.046875,0.125000,0.234375,-0.808594,0.568359
0.710449,0.824219,0.628906,0.093750,-0.023437,-0.511719,0.320313
0.701660,-1.757813,-0.296875,1.167969,-0.310547,-0.177734,0.023437
0.692383,-1.031250,-0.035156,1.757813,-0.058594,-0.287109,-0.095703
0.687866,-2.671875,-0.218750,-0.250000,0.035156,0.001953,-0.109375
0.693970,-1.429688,0.652344,1.589844,-0.509766,-0.173828,-0.345703
0.687744,-1.804688,1.074219,3.964844,-0.603516,-0.488281,-0.193359
0.675537,0.613281,1.046875,1.257813,-0.449219,-0.720703,0.134766
0.672363,1.601563,0.386719,0.164062,-0.125000,-0.335938,-0.017578
0.688965,-1.410156,-1.421875,-2.042969,-0.126953,0.019531,0.044922
0.699341,0.839844,-0.609375,-1.046875,-0.113281,0.421875,0.125000
0.722168,0.445312,-0.332031,-1.015625,-0.267578,0.005859,0.236328
0.745117,1.339844,-0.562500,2.140625,-0.259766,0.255859,0.316406
0.746216,0.437500,-0.062500,-1.343750,-0.128906,0.384766,0.035156
0.746216,-1.644531,0.773437,-1.066406,-0.123047,0.529297,0.011719
0.746094,0.601562,0.281250,-0.164062,-0.308594,0.218750,-0.349609
0.743408,-0.539062,0.281250,0.832031,-0.494141,-0.318359,-0.888672
0.735840,-2.226563,0.257813,0.863281,-0.382813,-0.398438,-0.490234
0.734619,2.226563,-0.851562,-1.246094,0.144531,-0.080078,0.080078
0.739258,4.058594,-0.976562,-3.546875,0.189453,0.333984,0.283203
0.746582,1.339844,-0.355469,-0.789062,0.101563,0.910156,0.419922
0.765625,0.636719,-0.062500,0.484375,-0.222656,0.863281,0.189453
0.768433,-2.050781,0.351563,2.089844,-0.220703,0.087891,-0.044922
0.767700,-2.203125,0.671875,0.949219,-0.205078,0.056641,-0.126953
0.761963,-0.953125,0.261719,0.023437,-0.191406,0.142578,-0.365234
0.756104,-2.695313,0.480469,-0.230469,-0.439453,-0.306641,-0.625000
0.751709,-1.839844,-0.156250,0.460937,-0.097656,-0.214844,-0.187500
0.746948,2.679688,-0.476562,-1.691406,0.162109,0.013672,0.089844
0.752197,2.824219,-0.292969,-2.273438,0.085937,0.318359,0.173828
0.759644,1.058594,-0.054687,0.453125,0.019531,0.632812,0.242187
0.767212,0.773437,-0.238281,0.128906,-0.060547,0.650391,0.277344
0.776978,0.859375,-0.246094,0.886719,-0.083984,0.535156,0.154297
0.780029,-0.132812,0.128906,0.480469,-0.564453,0.535156,-0.113281
0.778687,-1.703125,0.261719,3.585938,-0.779297,0.074219,-0.562500
0.764893,-3.511719,0.660156,0.812500,-0.464844,-0.291016,-0.523437
0.756592,-0.160156,0.613281,-0.917969,0.056641,-0.857422,-0.451172
0.743164,0.757812,0.351563,-1.863281,0.330078,-1.017578,-0.169922
0.720581,1.582031,-0.566406,-1.472656,0.611328,-0.320313,0.314453
0.722168,4.074219,-0.964844,-2.179688,0.666016,0.234375,0.486328
0.731079,0.839844,-0.355469,-0.738281,0.455078,0.849609,0.363281
0.747681,2.757813,-0.347656,-1.570313,-0.101563,1.128906,0.242187
0.766846,-0.121094,0.246094,3.984375,-0.707031,0.460937,-0.146484
0.769165,-3.390625,0.765625,4.558594,-0.673828,0.082031,-0.308594
0.767456,-1.621094,0.519531,1.371094,-0.490234,0.191406,-0.451172
0.761108,-0.687500,0.070312,-2.800781,-0.333984,0.132812,-0.320313
0.759277,0.445312,-0.320313,-2.089844,0.085937,0.230469,0.031250
0.761719,2.277344,-0.406250,-2.082031,0.222656,0.263672,0.113281
0.767334,0.957031,0.015625,-1.636719,-0.013672,0.552734,0.201172
0.769775,0.476562,-0.093750,1.570313,-0.003906,0.363281,0.007813
0.771240,-1.429688,0.683594,0.343750,-0.273438,-0.054687,-0.107422
0.769531,-0.402344,0.566406,3.113281,-0.306641,-0.261719,-0.322266
0.765503,-2.289063,0.460937,1.152344,-0.183594,-0.273438,-0.601562
0.759888,-0.535156,0.199219,-1.851563,-0.175781,-0.267578,-0.277344
0.743652,2.425781,-1.164063,-1.128906,0.640625,0.197266,0.171875
0.734863,2.609375,-1.343750,-6.433594,0.890625,1.031250,0.417969
0.741089,3.480469,-1.281250,-3.394531,0.259766,0.634766,-0.275391
0.749634,-3.593750,1.339844,5.820312,-0.283203,-0.005859,-0.191406
0.745239,1.050781,1.964844,4.492187,-0.500000,-0.597656,0.070312
0.738159,1.027344,1.781250,2.664063,-0.582031,-0.753906,-0.064453
0.736816,1.148438,1.187500,3.554688,-0.269531,-0.289063,0.033203
0.750244,1.261719,-0.750000,-3.757813,0.156250,-0.091797,0.083984
0.754761,0.265625,-0.589844,-3.621094,0.265625,0.214844,0.265625
0.760376,1.371094,-0.359375,-1.445313,0.166016,0.398438,0.171875
0.769531,0.507812,0.183594,0.722656,-0.130859,0.480469,0.093750
0.771606,-0.640625,0.382813,2.898438,-0.382813,0.367188,-0.052734
0.772461,-1.148438,0.246094,1.832031,-0.634766,0.167969,-0.414062
0.771240,-2.664063,0.453125,1.289063,-0.662109,-0.205078,-0.605469
0.770508,-1.992188,0.558594,0.679687,0.136719,-0.089844,-0.019531
0.772339,3.769531,-0.875000,-3.718750,0.460937,-0.103516,0.029297
0.760132,-0.148437,-0.277344,-2.636719,0.751953,0.566406,0.232422
0.753784,1.609375,-1.105469,-3.109375,0.632812,0.638672,-0.134766
0.751465,0.253906,-0.906250,0.089844,-0.048828,0.082031,-0.410156
0.745605,0.636719,1.988281,5.214844,-0.402344,-0.183594,-0.039063
0.730591,2.398438,2.027344,3.078125,-0.628906,-0.455078,0.242187
0.723755,1.355469,1.796875,2.261719,-0.542969,-0.482422,-0.037109
0.730835,1.085938,0.265625,1.949219,-0.261719,-0.277344,0.111328
0.751831,0.917969,-1.003906,-4.070312,0.275391,0.208984,0.128906
0.756958,-0.023437,-0.691406,-5.144531,0.380859,0.957031,0.410156
0.768799,2.031250,-0.613281,-2.464844,0.000000,1.019531,0.316406
0.783691,1.351563,-0.062500,0.937500,-0.287109,0.681641,0.119141
0.782959,-2.308594,0.660156,1.507813,-0.458984,0.423828,-0.210937
0.779785,-2.093750,0.484375,1.554688,-0.443359,0.074219,-0.458984
0.767456,-2.140625,0.750000,0.660156,-0.279297,-0.666016,-0.523437
0.762817,-0.863281,0.382813,-1.246094,0.169922,-0.232422,-0.007813
0.763306,2.589844,-1.125000,-2.730469,-0.019531,-0.207031,0.111328
0.768677,-0.183594,-0.636719,0.679687,-0.039063,-0.242187,0.539062
0.769531,2.660156,-1.371094,-0.761719,0.107422,-0.216797,0.847656
0.772095,1.429688,-1.007813,-1.015625,0.392578,-0.292969,0.945312
0.770020,-0.460937,0.625000,-0.730469,0.701172,-1.187500,0.326172
0.748779,-5.339844,1.949219,1.183594,0.867187,-1.353516,0.404297
0.748535,1.585938,2.085938,3.648438,0.142578,-0.435547,0.025391
0.751831,1.617188,1.648438,2.867188,0.275391,0.021484,-0.320313
0.757446,-1.792969,-1.054688,-5.160156,0.714844,0.242187,-0.351563
0.752197,0.378906,-1.953125,-7.085937,0.773437,0.357422,-0.570312
0.741821,-1.335938,-2.605469,-2.937500,0.652344,0.277344,-0.335938
0.728271,-0.175781,-2.382813,-4.519531,0.117188,-0.171875,-0.136719
0.718018,-0.050781,1.789063,2.812500,0.091797,-0.312500,0.050781
0.707031,1.226563,1.199219,0.875000,0.617187,-0.220703,0.015625
0.688110,1.027344,1.109375,-0.949219,0.867187,-0.492187,-0.218750
0.688232,-2.621094,-0.554687,0.062500,0.156250,-0.501953,0.593750
0.690430,5.531250,2.601563,6.562500,-0.535156,-0.591797,0.550781
0.680908,-1.453125,1.582031,3.578125,-0.380859,-0.292969,0.167969
0.674194,-1.738281,-0.609375,-0.941406,0.121094,-0.119141,-0.347656
0.665527,-3.722656,-2.761719,-4.539062,0.177734,-0.359375,-0.134766
0.663574,1.003906,0.730469,1.007813,0.052734,-0.232422,0.457031
0.671997,2.925781,1.421875,1.933594,-0.312500,0.031250,0.271484
0.680298,1.425781,0.472656,2.531250,-0.347656,0.042969,-0.144531
0.683960,-0.222656,0.066406,0.289063,-0.322266,0.033203,-0.273438
0.688965,-1.316406,-0.117188,-0.769531,-0.400391,-0.156250,-0.455078
0.684204,-1.730469,0.144531,-0.062500,-0.205078,-0.339844,-0.408203
0.685303,0.566406,0.089844,-1.101563,-0.060547,-1.099609,-0.314453
0.675293,0.035156,-0.125000,0.285156,0.302734,-1.326172,-0.134766
0.662231,0.421875,-0.800781,-2.984375,0.570312,-0.703125,0.199219
0.653687,1.640625,-1.015625,-1.957031,1.060547,0.259766,1.023438
0.700195,5.902344,-1.390625,-4.992187,0.789062,0.943359,1.074219
0.725586,0.207031,0.378906,0.710937,0.191406,1.458984,0.720703
0.741577,-1.421875,0.574219,3.613281,-0.423828,1.867188,0.224609
0.773315,-1.910156,0.656250,3.292969,-1.332031,0.791016,-0.703125
0.766724,-4.835937,1.203125,6.437500,-1.472656,-0.322266,-1.361328
0.746948,-2.441406,1.449219,-1.281250,-0.583984,-0.919922,-1.230469
0.720459,0.941406,0.789062,-5.917969,0.037109,-1.070313,-0.654297
0.689819,2.636719,-0.277344,-3.910156,0.304688,-0.388672,0.017578
0.692017,4.128906,-1.582031,-2.996094,0.408203,0.123047,0.142578
0.692627,0.531250,-0.402344,-1.359375,0.306641,0.400391,0.451172
0.721069,2.125000,-0.441406,1.054688,-0.003906,0.488281,0.552734
0.732666,0.234375,-0.515625,2.636719,-0.138672,0.888672,0.773437
0.740356,0.878906,-0.339844,1.328125,-0.353516,0.914062,0.357422
0.756226,-1.390625,0.445312,0.261719,-0.189453,0.576172,-0.001953
0.760132,-2.156250,0.898437,-1.058594,-0.126953,0.441406,-0.181641
0.756470,-0.042969,0.437500,-0.882812,-0.541016,0.027344,-0.796875
0.742920,-3.820313,1.148438,2.300781,-0.605469,-0.476562,-0.605469
0.740479,1.585938,-0.453125,-0.257813,-0.011719,-0.142578,0.068359
0.744141,4.519531,-1.027344,-3.589844,0.207031,0.291016,0.103516
0.754517,-0.214844,-0.300781,-2.078125,0.062500,0.625000,0.162109
0.760132,1.792969,-0.261719,-0.617187,-0.152344,0.316406,0.089844
0.764404,-1.070313,0.175781,1.121094,-0.128906,-0.193359,0.015625
0.765381,-1.132813,0.078125,-0.234375,0.201172,0.156250,0.160156
0.765503,1.367188,-0.304688,-2.714844,0.324219,0.630859,0.164062
0.767456,1.535156,-0.375000,-2.878906,-0.074219,0.642578,-0.001953
0.768677,-0.832031,0.390625,3.976563,-0.431641,0.218750,-0.283203
0.761108,-2.394531,0.507812,2.687500,-0.394531,-0.197266,-0.619141
0.755737,-3.207031,0.691406,1.121094,-0.048828,-0.025391,-0.142578
0.757446,0.429687,-0.093750,-1.804688,0.060547,-0.226562,0.046875
0.761597,-0.335938,0.054687,0.300781,0.091797,0.058594,0.189453
0.765015,1.625000,-0.128906,-0.539062,0.107422,0.191406,0.232422
0.769165,0.714844,-0.238281,-0.410156,0.074219,0.373047,0.156250
0.769287,-0.695312,-0.144531,-0.183594,-0.064453,0.287109,0.078125
0.765137,-1.183594,0.167969,0.707031,0.056641,0.123047,-0.246094
0.756958,-2.101563,0.246094,-1.140625,0.082031,-0.029297,-0.548828
0.727295,-1.398438,0.054687,-0.082031,0.226562,0.072266,-0.769531
0.716919,-2.468750,-0.546875,-0.453125,0.197266,0.171875,-0.281250
0.708374,3.156250,0.769531,0.000000,0.066406,0.042969,0.146484
0.704346,2.160156,1.062500,1.347656,-0.039063,0.031250,0.375000
0.701416,2.207031,1.046875,1.492188,-0.150391,-0.062500,-0.058594
0.699585,-1.371094,-0.308594,1.707031,-0.035156,0.091797,-0.078125
0.696411,0.460937,-0.500000,-1.722656,0.013672,0.027344,0.007813
0.702637,0.335938,0.105469,-0.812500,-0.060547,-0.041016,0.134766
0.703247,0.773437,0.496094,0.566406,-0.179687,0.029297,0.064453
0.704956,-0.972656,-0.214844,1.125000,-0.398438,0.113281,-0.074219
0.717041,-0.734375,0.265625,1.472656,-0.568359,0.066406,-0.126953
0.731689,-0.136719,0.359375,1.160156,-0.410156,-0.234375,-0.082031
0.740723,0.460937,-0.246094,-0.523437,-0.156250,-0.679687,-0.080078
0.734253,-0.507812,-0.308594,-2.386719,0.347656,-0.734375,-0.072266
0.721802,-0.285156,-0.476562,-4.175781,0.603516,-0.527344,0.167969
0.702637,1.214844,-0.652344,-1.433594,0.882812,0.453125,0.589844
0.720581,5.316406,-0.691406,-4.066406,0.187500,0.734375,0.105469
0.735352,-0.660156,0.343750,2.710938,-0.578125,1.019531,0.005859
0.747681,-0.894531,0.054687,5.601562,-0.972656,0.361328,-0.261719
0.754395,-2.871094,0.390625,3.035156,-0.306641,-0.234375,-0.109375
0.747070,-0.566406,0.031250,-1.406250,0.242187,-0.468750,0.132812
0.743286,1.488281,-0.160156,-2.187500,0.882812,0.009766,0.396484
0.742065,2.972656,-0.128906,-4.753906,0.531250,0.441406,-0.037109
0.740601,-2.417969,0.031250,0.312500,0.021484,0.304688,-0.460937
0.735718,-2.089844,0.191406,3.062500,-0.257813,-0.183594,-0.828125
0.725952,-1.281250,0.296875,1.015625,-0.392578,-0.433594,-0.773437
0.686768,0.671875,1.582031,1.066406,-0.501953,-0.570312,-0.439453
0.678833,1.574219,1.359375,0.683594,-0.152344,-0.283203,-0.013672
0.693726,3.824219,-0.355469,0.281250,-0.111328,-0.314453,0.023437
0.720703,-1.402344,-0.847656,0.171875,-0.101563,-0.414062,0.048828
0.726685,-0.460937,-0.332031,-0.269531,-0.072266,0.125000,0.488281
0.738647,1.933594,-1.082031,-0.851562,-0.070312,0.792969,0.822266
0.761963,4.609375,-1.359375,-0.191406,-0.140625,0.917969,0.664062
0.762451,-0.015625,0.398438,0.546875,-0.080078,0.501953,0.257813
0.760498,-2.687500,1.058594,0.464844,-0.041016,-0.060547,-0.291016
0.751709,-4.878906,0.867187,0.074219,0.210937,-0.658203,-0.638672
0.721191,-0.980469,0.406250,0.703125,-0.033203,-0.861328,-0.427734
0.706055,3.277344,0.996094,2.089844,-0.003906,-0.173828,0.000000
0.708008,2.562500,-1.136719,-0.691406,0.101563,0.312500,0.267578
0.745117,3.246094,-0.773437,-0.820312,0.119141,1.037109,0.289063
0.761841,-0.238281,-0.367188,-1.160156,-0.402344,0.837891,0.070312
0.769531,-2.453125,0.304688,4.437500,-0.548828,0.136719,-0.191406
0.764282,-2.281250,0.136719,0.242187,-0.328125,-0.015625,-0.242187
0.758057,-0.898437,0.136719,-0.992187,-0.064453,-0.199219,-0.183594
0.755615,-0.332031,-0.101563,-1.832031,0.048828,-0.162109,0.005859
0.753052,0.949219,-0.183594,-0.476562,0.107422,-0.218750,0.064453
0.752319,-0.046875,-0.109375,-0.390625,0.132812,0.279297,0.376953
0.754395,2.003906,-0.476562,-0.523437,0.142578,0.623047,0.236328
0.761108,1.355469,-0.269531,-1.015625,-0.041016,0.533203,0.087891
0.762695,-1.226563,0.515625,1.757813,-0.394531,0.269531,-0.197266
0.761353,-1.667969,0.484375,2.484375,-0.556641,-0.015625,-0.646484
0.732178,-2.726563,0.589844,1.140625,-0.513672,-0.488281,-0.957031
0.720581,-3.074219,1.035156,-0.015625,-0.214844,-0.207031,-0.332031
0.722168,3.964844,-1.226563,-1.683594,0.173828,-0.025391,0.066406
0.733032,2.101563,-0.613281,-1.945313,0.060547,0.371094,0.216797
0.754761,0.484375,-0.230469,0.628906,-0.072266,0.652344,0.302734
0.767212,1.550781,-0.167969,0.046875,-0.027344,0.580078,0.169922
0.771362,-0.675781,0.238281,0.250000,-0.199219,0.390625,0.017578
0.771606,-1.289063,0.136719,1.031250,-0.316406,0.306641,-0.109375
0.768677,-1.089844,-0.046875,0.511719,-0.320313,0.353516,-0.125000
0.767700,1.660156,-0.238281,-1.515625,-0.271484,0.535156,-0.066406
0.769531,0.214844,0.160156,0.015625,-0.335938,0.365234,-0.134766
0.769653,-0.171875,0.285156,0.367188,-0.085937,0.175781,-0.181641
0.766479,-0.332031,0.125000,-1.355469,-0.308594,-0.164062,-0.517578
0.755005,-1.621094,0.175781,1.593750,-0.230469,-0.634766,-0.398438
0.739258,-0.148437,-0.277344,0.023437,-0.042969,-0.933594,-0.197266
0.712891,0.269531,-0.140625,-0.722656,0.488281,-0.564453,0.138672
0.694092,1.984375,-0.421875,-2.562500,0.556641,-0.029297,0.287109
0.700562,1.464844,-0.308594,-1.699219,0.525391,0.517578,0.117188
0.710571,-1.171875,-0.007813,-0.550781,0.328125,0.759766,0.136719
0.728638,0.371094,0.089844,1.085938,-0.253906,0.353516,0.082031
0.754517,-0.687500,0.250000,4.519531,-0.539062,0.410156,0.093750
0.760010,0.878906,-0.101563,1.398438,-0.718750,0.523437,-0.162109
0.763184,-1.933594,0.542969,0.621094,-0.359375,0.304688,-0.238281
0.757935,-0.683594,0.054687,-2.273438,-0.318359,-0.076172,-0.457031
0.749512,-1.859375,0.535156,-0.273438,-0.019531,-0.357422,-0.330078
0.741211,-0.359375,0.054687,-1.031250,0.251953,-0.455078,-0.115234
0.715332,1.386719,-0.285156,-1.101563,0.333984,-0.328125,0.000000
0.712524,0.167969,-0.078125,-0.839844,0.419922,0.138672,0.169922
0.718506,2.207031,-0.355469,-0.199219,0.558594,0.761719,0.316406
0.752930,1.964844,-0.277344,-1.082031,-0.056641,1.337891,0.398438
0.761841,1.007813,-0.261719,4.171875,-1.164063,0.613281,-0.208984
0.761230,-4.468750,0.742187,7.234375,-1.050781,-0.210937,-0.453125
0.757812,-5.097656,1.265625,4.160156,-0.187500,-0.458984,-0.171875
0.740601,1.265625,-0.527344,-5.277344,0.138672,-0.798828,-0.105469
0.734741,-0.582031,-0.199219,-2.082031,0.593750,-0.322266,0.160156
0.737793,2.156250,-0.367188,-3.621094,0.501953,0.027344,0.205078
0.751099,1.792969,-0.222656,-1.164063,0.458984,0.419922,0.087891
0.757202,-2.332031,0.039063,1.394531,0.193359,0.144531,0.181641
0.756836,0.656250,-0.429687,3.199219,-0.074219,-0.253906,-0.039063
0.749512,-2.906250,0.421875,3.363281,0.164062,-0.082031,-0.066406
0.745850,0.457031,0.191406,-0.644531,0.755859,0.062500,0.029297
0.740723,0.683594,-0.644531,-3.558594,0.917969,-0.023437,-0.468750
0.726074,-4.089844,-1.703125,0.199219,1.312500,-0.431641,-0.566406
0.718262,-3.468750,-0.968750,1.421875,1.951172,-1.201172,0.101563
0.717407,-0.335938,-0.105469,2.269531,1.876953,-1.646484,0.990234
0.714844,1.609375,3.605469,9.546875,1.316406,-2.205078,1.326172
0.701172,-1.554688,3.613281,9.183594,1.587891,-2.550781,1.494141
0.681396,-1.148438,2.066406,2.609375,2.132813,-2.796875,1.623047
0.647461,-0.320313,0.851562,0.289063,2.166016,-2.662109,1.660156
0.643066,1.160156,-0.699219,0.363281,0.615234,-1.980469,1.208984
0.630249,-0.921875,-0.531250,5.164062,0.414062,-1.517578,0.460937
0.603394,-3.410156,-1.679688,-3.070313,0.701172,-1.255859,0.175781
0.582886,-2.308594,-2.113281,-7.996094,0.218750,-1.285156,0.611328
0.586914,3.671875,-0.589844,-0.648437,-0.296875,-0.814453,0.689453
0.602295,1.101563,-1.140625,-0.968750,-0.347656,-0.542969,0.052734
0.604614,-2.937500,-1.578125,-1.308594,0.566406,-0.490234,-0.285156
0.605347,0.753906,-1.023438,-5.683594,0.917969,-0.587891,0.076172
0.614136,2.500000,1.281250,-0.789062,0.023437,-0.546875,0.105469
0.614868,-0.664062,1.648438,5.285156,-0.472656,-0.591797,0.125000
0.612183,-0.105469,0.414062,5.847656,0.095703,-0.541016,0.013672
0.602051,0.101563,-0.789062,-3.804688,0.488281,-0.455078,-0.029297
0.605591,0.406250,0.109375,-2.320313,-0.009766,-0.380859,-0.078125
0.601440,-0.351563,0.160156,1.609375,-0.138672,-0.513672,-0.271484
0.604004,-2.484375,-0.691406,2.675781,0.003906,-0.406250,0.109375
0.610840,2.609375,0.718750,0.195312,-0.353516,-0.382813,0.222656
0.616699,0.203125,1.019531,2.218750,-0.720703,0.085937,0.066406
0.622681,0.066406,0.796875,2.328125,-0.578125,0.107422,-0.269531
0.633545,-1.710938,-1.554688,-0.574219,-0.376953,-0.287109,-0.281250
0.629639,-1.328125,0.015625,-0.687500,-0.248047,-0.191406,-0.148437
0.631348,0.921875,-0.449219,-1.000000,-0.193359,-0.060547,0.015625
0.639404,0.832031,-0.710937,-0.492187,-0.226562,-0.394531,-0.066406
0.668091,-1.757813,-0.203125,0.414062,0.142578,0.089844,0.722656
0.683105,7.089844,-1.820313,-3.960938,0.443359,0.796875,0.781250
0.701050,-0.453125,-0.035156,-2.992188,0.195312,1.062500,0.402344
0.725342,-2.179688,0.695312,-0.296875,-0.156250,0.820312,-0.013672
0.726807,-2.371094,1.160156,3.371094,-0.400391,0.654297,-0.208984
0.726685,-1.917969,0.718750,1.902344,-0.765625,-0.359375,-0.958984
0.703613,-6.449219,1.429688,2.109375,-0.578125,-0.617187,-0.882812
0.694824,-0.191406,0.042969,-1.097656,-0.011719,-0.048828,-0.146484
0.703003,3.343750,-1.445313,-3.929688,0.138672,-0.015625,-0.007813
0.713379,-0.187500,-0.148437,-0.152344,0.134766,-0.048828,0.218750
0.733521,1.246094,-0.457031,-0.160156,0.236328,0.531250,0.683594
0.743164,4.175781,-1.144531,-0.593750,0.234375,1.132813,0.716797
0.749878,0.843750,-0.824219,-2.355469,-0.283203,1.062500,0.347656
0.762085,-3.425781,1.300781,4.160156,-0.500000,0.390625,-0.089844
0.762939,-2.191406,1.476563,2.953125,-0.531250,0.193359,-0.310547
0.758789,-0.484375,0.839844,0.699219,-0.458984,-0.412109,-0.716797
0.735229,-2.953125,0.894531,0.753906,-0.101563,-1.089844,-0.757812
0.723999,0.101563,-0.417969,-2.949219,0.455078,-0.722656,-0.291016
0.709717,2.808594,-1.621094,-4.765625,0.666016,0.275391,-0.056641
0.697510,0.582031,-1.550781,-3.195313,0.453125,0.541016,-0.068359
0.702881,2.566406,-1.972656,0.226562,-0.007813,0.335938,0.355469
0.703003,3.218750,1.441406,2.921875,-0.181641,0.179687,0.320313
0.705933,0.117188,0.714844,1.878906,-0.210937,0.046875,0.068359
0.703369,-1.652344,0.824219,0.945312,-0.279297,-0.019531,0.248047
0.701294,0.945312,1.078125,0.292969,-0.115234,-0.214844,-0.003906
0.708496,-2.257813,-0.851562,-0.890625,-0.001953,-0.087891,0.062500
0.720581,0.222656,-0.617187,-0.984375,0.025391,0.207031,0.039063
0.733521,-0.609375,-0.234375,-0.523437,-0.126953,0.638672,0.111328
0.746582,1.230469,-0.339844,-0.132812,-0.369141,0.591797,-0.021484
0.759155,-0.792969,0.066406,0.703125,-0.509766,-0.021484,-0.300781
0.755981,-2.800781,0.582031,1.636719,-0.197266,-0.078125,-0.210937
0.747681,0.601562,0.304688,-1.441406,0.074219,-0.484375,-0.091797
0.731689,1.296875,-0.125000,-2.292969,0.265625,-0.820312,-0.031250
0.722778,-0.015625,-0.445312,-0.468750,0.548828,-0.472656,0.337891
0.723022,2.039063,-0.617187,-1.687500,0.455078,0.105469,0.464844
0.741943,1.785156,-0.445312,0.007813,0.224609,0.417969,0.281250
0.755493,1.351563,-0.125000,-0.699219,-0.095703,1.044922,0.390625
0.767944,1.558594,-0.292969,2.203125,-0.562500,0.576172,-0.150391
0.767944,-4.542969,0.265625,2.828125,-0.343750,0.052734,-0.525391
0.757812,-2.777344,-0.156250,-0.324219,1.111328,0.384766,-0.712891
0.753418,0.156250,-2.828125,-10.968750,1.287109,0.796875,-0.501953
0.749390,1.773438,0.101563,-0.812500,0.666016,0.482422,-0.078125
0.741577,1.343750,1.281250,3.847656,0.283203,0.181641,0.427734
0.735718,3.035156,1.722656,3.203125,0.000000,-0.076172,0.357422
0.727173,-1.988281,0.531250,2.304688,0.195312,0.037109,0.146484
0.720581,-0.531250,0.238281,1.109375,0.005859,-0.107422,0.115234
0.719116,-0.046875,1.550781,2.781250,-0.794922,-0.367188,0.095703
0.714600,-0.238281,1.726563,5.929687,-0.769531,-0.371094,-0.023437
0.701294,-0.570312,-1.046875,-1.917969,-0.310547,-0.136719,-0.248047
0.693481,-1.105469,-1.406250,-3.917969,-0.021484,-0.136719,-0.197266
0.685547,0.226562,0.226562,-2.964844,-0.156250,-0.136719,-0.109375
0.693970,0.500000,0.218750,0.007813,-0.185547,0.023437,-0.027344
0.712524,0.410156,-0.281250,1.339844,-0.232422,-0.152344,0.070312
0.718262,-0.128906,-0.410156,0.500000,-0.275391,-0.212891,0.126953
0.728516,-0.511719,-0.117188,0.675781,-0.210937,0.224609,0.287109
0.737183,2.285156,-0.394531,-0.511719,-0.097656,0.787109,0.140625
0.746704,-0.867187,0.058594,-1.292969,-0.226562,0.900391,0.029297
0.751099,-0.261719,0.226562,1.066406,-0.781250,0.318359,-0.250000
0.750977,-2.000000,0.441406,3.933594,-0.474609,0.111328,-0.382813
0.746216,-1.589844,0.488281,-0.960937,-0.191406,-0.222656,-0.322266
0.745728,-0.492187,-0.054687,-1.750000,0.144531,-0.095703,-0.025391
0.751221,2.035156,-0.644531,-1.695313,0.214844,-0.003906,0.128906
0.756348,0.339844,-0.195312,-0.523437,0.238281,0.564453,0.333984
0.762329,3.199219,-0.414062,-0.894531,0.041016,0.792969,0.294922
0.772705,-0.605469,-0.093750,1.703125,-0.197266,0.312500,0.218750
0.773315,-1.457031,0.015625,1.902344,-0.314453,0.277344,0.076172
0.772461,-0.695312,0.277344,1.347656,-0.212891,0.417969,-0.044922
0.770752,-0.863281,0.445312,0.183594,-0.404297,0.125000,-0.376953
0.765747,-2.289063,0.875000,2.046875,-0.345703,-0.470703,-0.542969
0.758179,-0.996094,0.582031,0.625000,-0.189453,-1.035156,-0.636719
0.737305,-2.562500,0.390625,-0.722656,0.078125,-0.494141,-0.037109
0.727051,2.628906,-0.906250,-0.292969,0.230469,0.056641,0.068359
0.726807,0.898437,-0.562500,-1.984375,0.353516,0.837891,0.308594
0.743774,2.753906,-0.476562,-1.617188,-0.296875,1.203125,0.277344
0.767334,0.296875,-0.183594,2.378906,-0.558594,0.281250,-0.160156
0.767578,-2.175781,0.375000,2.761719,-0.542969,-0.298828,-0.310547
0.761108,-0.730469,0.582031,-0.347656,0.015625,-0.244141,-0.060547
0.754883,1.941406,-0.308594,-3.355469,0.121094,-0.150391,-0.048828
0.750488,-0.449219,-0.199219,-0.589844,0.175781,-0.164062,0.109375
0.744385,0.394531,-0.207031,-0.761719,0.167969,0.107422,0.304688
0.753418,1.652344,-0.316406,-0.316406,0.173828,0.453125,0.339844
0.757446,0.382813,-0.292969,-0.332031,0.007813,0.652344,0.250000
0.755371,0.000000,-0.312500,0.441406,-0.240234,0.195312,-0.396484
0.743164,-3.429688,0.566406,1.222656,-0.472656,0.019531,-0.800781
0.734497,-1.925781,0.085937,-0.203125,-0.119141,0.214844,-0.630859
0.721558,2.296875,0.488281,-2.890625,-0.166016,0.232422,-0.296875
0.708862,1.199219,0.191406,-0.316406,-0.269531,0.080078,0.152344
0.710205,1.847656,0.773437,1.230469,-0.050781,-0.328125,0.224609
0.717041,-0.792969,-0.796875,0.121094,-0.164062,-0.812500,0.070312
0.718140,-1.421875,0.246094,2.253906,0.085937,-0.833984,-0.029297
0.692261,-0.695312,0.015625,-0.640625,0.521484,-0.656250,0.078125
0.675537,0.460937,-0.691406,-3.199219,0.771484,0.082031,0.224609
0.667603,1.687500,-0.812500,-3.011719,0.615234,1.076172,0.451172
0.718994,2.593750,-0.363281,-0.300781,-0.232422,1.382813,0.238281
0.737183,0.628906,0.238281,4.574219,-1.162109,0.830078,-0.244141
0.743164,-3.261719,0.503906,4.515625,-0.767578,-0.273438,-0.080078
0.738159,0.734375,0.390625,-1.609375,0.121094,-0.738281,0.117188
0.732666,0.988281,0.484375,-5.058594,0.802734,-0.365234,0.380859
0.732422,2.375000,-0.207031,-2.390625,0.876953,0.130859,0.107422
0.737793,-1.906250,0.191406,0.523437,0.289063,0.439453,-0.173828
0.738403,-1.667969,-0.039063,3.625000,-0.154297,0.060547,-0.724609
0.734985,-3.792969,0.113281,2.628906,-0.257813,0.007813,-0.798828
0.714233,-2.308594,-1.011719,1.011719,-0.423828,-0.193359,-0.669922
0.686401,0.253906,1.324219,0.882812,-0.380859,-0.228516,-0.503906
0.662842,1.593750,1.246094,-0.074219,-0.371094,-0.287109,0.121094
0.653442,3.078125,1.128906,0.472656,-0.154297,-0.109375,-0.125000
0.682983,1.699219,-1.304688,1.652344,-0.292969,-0.187500,0.029297
0.690186,-0.062500,-0.675781,0.054687,-0.218750,-0.464844,-0.027344
0.688721,-1.386719,-0.242187,-0.757812,0.087891,0.048828,0.591797
0.721924,2.496094,-1.019531,-1.820313,0.238281,0.634766,0.693359
0.737427,5.625000,-0.851562,-2.574219,0.218750,0.847656,0.539062
0.745361,0.769531,0.105469,0.121094,-0.060547,0.974609,0.294922
0.745361,-1.371094,0.558594,2.328125,-0.142578,0.568359,-0.039063
0.738525,-3.035156,0.652344,0.625000,-0.457031,0.226562,-0.357422
0.733154,-1.507813,0.351563,3.167969,-0.439453,-0.216797,-0.539062
0.735840,0.089844,0.214844,-0.085937,0.011719,-0.007813,-0.126953
0.745117,2.257813,-0.757812,-2.636719,0.148437,-0.240234,0.078125
0.750244,1.101563,-0.343750,-1.113281,0.283203,0.156250,0.384766
0.759033,1.714844,-0.214844,-0.796875,0.412109,0.369141,0.269531
0.763062,-0.828125,0.175781,-1.527344,0.333984,0.769531,0.455078
0.764771,2.406250,-0.621094,0.003906,0.103516,0.453125,0.105469
0.762451,-2.296875,0.238281,0.597656,0.076172,-0.074219,-0.474609
0.738647,-4.234375,0.492187,2.039063,0.816406,-0.107422,-0.570312
0.733398,1.148438,-1.769531,-6.097656,0.968750,-0.056641,0.154297
0.731812,4.664062,0.417969,-1.988281,0.574219,0.042969,0.537109
0.728638,3.386719,1.007813,1.097656,0.539062,-0.148437,0.648437
0.727417,0.722656,0.218750,1.171875,0.818359,-0.365234,0.388672
0.726807,-2.457031,-0.578125,-0.828125,0.597656,-0.425781,-0.025391
0.724487,-3.113281,0.296875,2.218750,0.187500,-0.437500,-0.099609
0.721069,-1.351563,0.800781,3.957031,-0.115234,-0.263672,0.082031
0.717407,0.500000,1.605469,4.210937,-0.173828,-0.091797,-0.035156
0.699463,-0.617187,0.234375,1.253906,-0.330078,-0.212891,-0.251953
0.686646,-1.414063,0.585937,1.269531,-0.578125,-0.226562,-0.171875
0.673584,0.214844,1.101563,1.289063,-0.523437,-0.292969,-0.021484
0.691040,1.531250,1.324219,1.710938,-0.394531,0.134766,0.003906
0.714722,1.171875,-0.425781,-0.632812,-0.244141,0.113281,0.085937
0.729370,0.125000,-0.554687,-1.222656,-0.166016,-0.003906,0.080078
0.737305,-1.171875,-0.187500,-0.148437,-0.013672,0.730469,0.357422
0.754639,2.828125,-0.781250,-1.917969,-0.113281,1.302734,0.281250
0.761475,-0.648437,-0.140625,0.640625,-0.720703,0.611328,-0.177734
0.758423,-3.144531,0.703125,4.148437,-0.568359,-0.060547,-0.447266
0.744995,-3.406250,0.949219,1.531250,-0.271484,-0.148437,-0.449219
0.739380,0.492187,0.214844,-1.839844,0.039063,-0.339844,-0.324219
0.734741,0.562500,-0.285156,-1.648438,0.072266,-0.343750,-0.095703
0.737549,0.507812,-0.835937,0.199219,0.142578,-0.011719,0.400391
0.743652,1.968750,-0.636719,-0.292969,0.132812,0.136719,0.550781
0.751221,-0.121094,-0.492187,0.437500,0.050781,0.097656,0.980469
0.759888,1.972656,-0.664062,-0.132812,0.142578,-0.037109,0.759766
0.749268,-1.078125,0.164062,-1.582031,0.064453,-0.375000,0.361328
0.738770,-0.902344,0.976562,1.675781,-0.150391,-1.027344,-0.025391
0.699951,-2.335938,0.867187,2.804688,0.328125,-0.525391,-0.109375
0.704224,1.234375,0.601562,-4.066406,0.380859,0.160156,-0.527344
0.721313,-1.308594,0.585937,-2.636719,-0.134766,0.054687,-0.830078
0.741333,-2.148438,0.148437,2.847656,-0.394531,0.433594,-0.367188
0.751465,3.851563,-1.035156,-0.605469,-0.179687,1.027344,-0.195312
0.761963,1.207031,-0.460937,-1.910156,-0.757812,0.496094,-0.500000
0.764526,-1.812500,0.582031,3.347656,-0.958984,-0.144531,-0.552734
0.754639,-1.937500,0.765625,2.492188,-0.509766,-0.666016,-0.574219
0.740967,-1.863281,0.308594,-1.429688,0.046875,-0.986328,-0.427734
0.723755,0.464844,-0.414062,-3.425781,0.400391,-0.855469,-0.210937
0.688965,0.433594,-0.492187,-2.773438,0.882812,0.240234,0.511719
0.690674,3.726563,-1.171875,-3.726563,0.773437,0.835937,0.458984
0.702026,-1.367188,0.242187,0.675781,0.230469,0.886719,0.232422
0.723999,-1.324219,0.050781,2.781250,-0.294922,0.408203,-0.109375
0.725098,-1.843750,0.375000,4.035156,-0.687500,-0.054687,-0.357422
0.723022,-3.683594,0.566406,2.996094,-0.416016,0.066406,-0.404297
0.715820,0.464844,0.421875,-2.765625,-0.226562,0.271484,-0.322266
0.715088,1.269531,0.335938,-1.164063,0.041016,0.085937,-0.281250
0.708374,-0.617187,0.007813,-1.355469,0.123047,-0.029297,0.285156
0.710205,2.449219,0.226562,-1.023438,0.095703,0.050781,0.205078
0.719238,-1.035156,-0.683594,0.484375,-0.033203,0.054687,0.201172
0.725464,-0.156250,-0.125000,0.589844,-0.123047,0.062500,0.175781
0.732788,-0.160156,0.046875,1.027344,-0.048828,0.507812,0.246094
0.748535,0.429687,-0.238281,-0.820312,-0.087891,1.136719,0.296875
0.756104,1.011719,-0.484375,0.000000,-0.412109,1.076172,0.109375
0.761475,-1.519531,0.093750,1.292969,-0.744141,0.015625,-0.414062
0.754517,-4.269531,1.148438,2.843750,-0.373047,-0.316406,-0.490234
0.748169,-2.410156,0.882812,1.273438,-0.066406,-0.630859,-0.404297
0.741699,0.324219,0.085937,-1.183594,0.144531,-0.375000,-0.091797
0.728149,1.976563,-0.703125,-1.488281,0.324219,-0.351563,0.009766
0.715820,0.812500,-0.675781,-1.613281,0.843750,0.437500,0.154297
0.708862,0.437500,-0.398438,-2.894531,1.070313,1.033203,0.312500
0.721436,0.574219,-0.667969,-1.218750,0.318359,0.369141,-0.595703
0.722534,-7.339844,-0.644531,3.816406,-0.121094,0.189453,-0.015625
0.720703,2.964844,1.468750,2.867188,-0.349609,0.173828,0.214844
0.715088,-0.097656,0.304688,1.210938,-0.240234,0.246094,-0.148437
0.714111,-2.417969,-0.515625,-0.554687,-0.138672,0.257813,-0.078125
0.717896,0.406250,0.671875,0.601562,-0.150391,-0.009766,0.033203
0.718628,0.453125,1.062500,2.300781,-0.423828,-0.277344,0.181641
0.722046,0.308594,0.933594,3.351563,-0.583984,-0.312500,-0.097656
0.725342,-2.800781,-1.050781,0.710937,-0.212891,0.257813,-0.044922
0.727905,1.195313,-0.621094,-3.425781,-0.003906,0.207031,-0.167969
0.744385,0.628906,-0.285156,-3.785156,0.011719,-0.281250,-0.083984
0.748291,-0.847656,0.128906,1.148438,0.017578,-0.839844,-0.126953
0.741211,-0.484375,-0.031250,0.167969,0.197266,-0.976562,-0.107422
0.715698,-0.781250,-0.199219,-0.925781,0.535156,-0.291016,0.423828
0.708862,2.925781,-0.707031,-2.656250,0.529297,0.578125,0.583984
0.717041,1.179688,-0.238281,-0.734375,0.248047,1.261719,0.398438
0.751099,-0.226562,0.039063,1.308594,-0.494141,0.867187,-0.009766
0.754883,-2.109375,0.757812,5.343750,-0.843750,-0.048828,-0.474609
0.750488,-4.585937,1.203125,3.308594,-0.392578,-0.318359,-0.435547
0.736206,0.125000,0.359375,-2.695313,0.000000,-0.441406,-0.339844
0.732666,0.835937,0.031250,-2.863281,0.343750,-0.001953,0.136719
0.734253,3.832031,-1.296875,-3.117188,0.314453,-0.042969,0.189453
0.739990,-0.511719,-0.230469,-0.949219,0.222656,0.158203,0.423828
0.763062,1.917969,-0.300781,-0.523437,0.158203,0.601562,0.410156
0.768311,0.402344,-0.160156,0.058594,-0.011719,0.503906,0.132812
0.768921,-1.425781,-0.144531,0.687500,0.115234,0.041016,-0.267578
0.753906,-3.265625,0.000000,-0.371094,0.962891,-0.277344,-0.367188
0.747559,-0.601562,-2.085938,-6.992187,1.740234,-0.496094,-0.455078
0.742554,-0.058594,-1.031250,-7.265625,1.652344,-0.154297,0.375000
0.733154,6.812500,0.347656,-1.843750,1.068359,-0.691406,0.626953
0.726074,1.726563,1.234375,2.617188,0.671875,-0.845703,0.589844
0.714233,-0.839844,0.917969,3.535156,0.175781,-1.214844,0.572266
0.689819,0.164062,2.039063,4.937500,0.210937,-1.480469,0.386719
0.684204,-1.507813,1.304688,2.800781,0.574219,-1.208984,0.531250
0.682129,0.140625,0.382813,-0.144531,0.333984,-0.773437,0.505859
0.678589,-1.000000,0.160156,2.199219,-0.091797,-0.304688,-0.039063
0.671631,-3.757813,-0.328125,2.605469,-0.312500,-0.007813,-0.357422
0.664429,-3.347656,0.015625,0.964844,-0.482422,-0.128906,-0.439453
0.653320,-0.496094,0.589844,0.867187,-0.330078,-0.134766,-0.703125
0.617920,-0.867187,-0.082031,-1.277344,-0.589844,-0.123047,-0.521484
0.610596,0.746094,0.160156,1.222656,-0.365234,-0.300781,0.355469
0.615723,5.042969,0.644531,-0.140625,-0.533203,-0.466797,0.892578
0.650391,3.859375,1.449219,0.421875,-0.564453,-0.287109,0.080078
0.671997,-5.769531,-2.492188,-0.648437,-0.308594,0.306641,0.097656
0.695312,1.523438,-0.265625,-3.144531,-0.046875,0.568359,0.232422
0.723267,-0.269531,-0.632812,-2.769531,-0.003906,0.603516,0.414062
0.729370,3.089844,-1.089844,-1.054688,-0.013672,0.359375,0.099609
0.730713,-1.515625,0.687500,0.402344,-0.138672,0.412109,-0.031250
0.730469,-0.601562,0.464844,1.074219,-0.292969,0.111328,-0.343750
0.726562,-1.183594,0.617187,1.320313,-0.214844,-0.240234,-0.562500
0.722534,-1.914063,0.257813,-0.433594,-0.259766,-0.242187,-0.490234
0.729980,0.503906,-0.539062,-0.101563,-0.021484,-0.091797,-0.033203
0.732422,3.644531,-0.738281,-1.878906,-0.009766,0.001953,0.126953
0.735718,0.007813,-0.125000,-0.378906,0.072266,0.542969,0.455078
0.740601,1.074219,-0.140625,-1.664063,0.023437,0.746094,0.289063
0.746338,-0.816406,0.191406,0.656250,-0.257813,0.552734,0.138672
0.746094,-1.007813,0.222656,1.812500,-0.195312,0.148437,-0.041016
0.745605,-1.742188,0.429687,-1.062500,-0.277344,0.152344,-0.203125
0.741577,-0.417969,0.007813,-0.339844,-0.427734,-0.046875,-0.578125
0.735718,-3.453125,0.765625,0.933594,-0.201172,-0.220703,-0.464844
0.727783,0.355469,-0.140625,-1.609375,0.119141,0.031250,-0.035156
0.725464,2.300781,-0.769531,-1.097656,0.080078,0.001953,-0.005859
0.726562,0.152344,0.027344,0.726562,-0.001953,0.123047,0.125000
0.732544,1.234375,-0.007813,0.671875,-0.058594,0.312500,0.228516
0.752686,1.167969,-0.187500,0.203125,-0.050781,0.683594,0.316406
0.760986,0.507812,-0.269531,-0.554687,-0.189453,1.101563,0.205078
0.766602,-1.375000,-0.167969,0.234375,-0.521484,0.537109,-0.152344
0.767212,-3.074219,0.398438,1.949219,-0.773437,0.158203,-0.500000
0.762207,-3.027344,0.757812,2.195313,-0.556641,0.050781,-0.539062
0.754639,-0.316406,0.527344,-0.335938,-0.244141,-0.433594,-0.488281
0.743408,-0.449219,0.773437,-1.371094,0.082031,-0.820312,-0.291016
0.718140,1.472656,-0.359375,-1.492188,0.437500,-0.544922,-0.087891
0.708496,0.949219,-0.621094,-2.546875,0.527344,-0.044922,0.310547
0.713989,2.679688,-0.644531,-1.109375,0.402344,0.244141,0.496094
0.739868,0.765625,0.023437,0.875000,0.146484,0.460937,0.328125
0.750977,-0.582031,0.066406,0.621094,-0.125000,0.800781,0.220703
0.758911,-0.273438,-0.101563,0.796875,-0.580078,0.816406,-0.068359
0.762085,-1.007813,0.000000,1.164063,-0.718750,0.160156,-0.419922
0.755737,-1.253906,0.519531,-0.292969,-0.335938,0.214844,-0.242187
0.750610,1.468750,0.144531,-2.136719,-0.085937,0.251953,-0.185547
0.753052,0.257813,0.136719,-1.738281,-0.097656,0.148437,-0.042969
0.753906,0.476562,-0.484375,0.246094,0.025391,0.128906,0.044922
0.754272,0.609375,0.101563,-1.054688,0.048828,0.064453,0.021484
0.755249,0.042969,0.214844,-0.113281,0.001953,0.230469,0.029297
0.756348,0.507812,0.062500,0.175781,-0.117188,0.576172,-0.095703
0.759888,0.417969,0.175781,0.621094,-0.535156,-0.158203,-0.533203
0.760864,-3.261719,0.628906,2.039063,-0.171875,-0.400391,-0.156250
0.762207,2.238281,-0.796875,-2.800781,0.392578,0.291016,-0.021484
0.760132,2.191406,-1.003906,-4.847656,0.052734,0.472656,-0.218750
0.751587,-0.367188,-0.980469,-3.093750,0.333984,0.175781,-0.736328
0.746338,-3.300781,-1.527344,-2.574219,0.324219,0.218750,0.042969
0.746216,5.230469,1.933594,0.464844,-0.033203,-0.197266,0.453125
0.741699,2.941406,2.410156,3.148438,-0.572266,-0.535156,0.515625
0.730469,1.082031,2.625000,6.035156,-0.402344,-0.550781,-0.074219
0.734863,-4.609375,-2.222656,-2.671875,0.060547,-0.160156,0.000000
0.734985,1.527344,-0.644531,-4.148437,0.277344,0.042969,-0.015625
0.744629,-0.917969,-0.925781,-2.992188,0.132812,0.111328,0.109375
0.751709,-0.222656,-0.285156,-0.121094,-0.095703,0.435547,0.205078
0.758667,0.785156,0.078125,1.925781,-0.136719,0.171875,0.058594
0.765259,-0.738281,0.597656,0.890625,-0.236328,0.230469,0.019531
0.765625,0.117188,0.308594,0.445312,-0.259766,0.357422,-0.152344
0.766479,-0.410156,0.160156,0.347656,-0.636719,-0.136719,-0.644531
0.767456,-3.039063,0.882812,2.285156,-0.380859,-0.423828,-0.257813
0.769287,2.105469,-0.734375,-0.683594,0.054687,-0.193359,-0.068359
0.764771,2.503906,-0.925781,-3.855469,0.542969,0.318359,0.031250
0.755371,2.613281,-0.910156,-4.023437,0.521484,0.789062,0.125000
0.745728,0.332031,-0.398438,0.203125,-0.048828,0.429687,-0.230469
0.737549,-2.589844,0.390625,4.101562,-0.152344,-0.060547,-0.197266
0.731445,-1.476563,0.679687,2.031250,-0.179687,-0.166016,0.070312
0.722046,1.425781,0.957031,1.113281,-0.335938,-0.365234,-0.072266
0.722656,-1.464844,-0.214844,1.105469,-0.175781,-0.080078,0.101563
0.727295,1.746094,-0.917969,-0.882812,0.056641,-0.113281,0.064453
0.741577,-0.964844,-0.566406,-2.285156,0.154297,0.173828,0.183594
0.752563,1.808594,-0.292969,-0.699219,0.201172,0.525391,0.291016
0.761963,1.257813,0.023437,-0.332031,-0.111328,0.845703,0.232422
0.771729,-0.042969,0.117188,2.054688,-0.746094,0.681641,-0.080078
0.769043,-0.593750,0.031250,3.589844,-0.691406,0.128906,-0.427734
0.764282,-1.277344,0.476562,-1.367188,-0.589844,0.015625,-0.421875
0.760864,0.738281,0.093750,-0.843750,-0.248047,-0.304688,-0.361328
0.760864,-0.382813,0.390625,-1.824219,0.087891,-0.150391,0.097656
0.759155,3.914063,-0.957031,-2.863281,0.263672,-0.173828,0.097656
0.757812,0.476562,-0.382813,-1.539063,0.175781,0.068359,0.382813
0.764648,1.886719,-0.957031,0.300781,0.037109,-0.068359,0.578125
0.767700,0.363281,-0.687500,0.582031,-0.039063,-0.244141,0.763672
0.765503,-0.269531,-0.296875,0.519531,0.238281,-0.546875,0.546875
0.754517,-0.796875,0.593750,-0.996094,0.281250,-1.111328,0.253906
0.742798,-2.835938,1.230469,2.093750,0.781250,-1.027344,0.226562
0.737183,2.289063,1.296875,-0.988281,0.591797,-0.451172,-0.056641
0.752930,-0.347656,1.613281,-0.742187,0.488281,-0.218750,-0.281250
0.756592,-1.082031,-1.109375,-4.175781,1.242188,0.132812,-0.230469
0.755493,0.671875,-1.675781,-9.257813,1.294922,0.466797,-0.373047
0.754272,1.230469,-2.996094,-2.332031,0.500000,0.269531,-0.144531
0.749268,-1.453125,-1.050781,0.171875,0.087891,0.064453,0.064453
0.742065,-0.410156,1.230469,0.621094,0.154297,-0.195312,0.287109
0.736938,1.335938,1.316406,0.996094,0.914062,-0.468750,0.498047
0.724609,1.183594,1.398438,-0.812500,1.208984,-0.470703,0.578125
0.728149,1.554688,0.441406,-1.542969,-0.441406,-0.587891,0.230469
0.722778,-3.019531,2.703125,10.156250,-0.621094,-0.255859,0.187500
0.706543,-0.644531,0.226562,0.589844,-0.271484,-0.017578,-0.042969
0.703613,-1.554688,-1.992188,-2.074219,0.000000,0.253906,-0.320313
0.701050,-2.000000,-1.960938,-4.027344,-0.326172,0.369141,-0.714844
0.687134,-2.218750,0.265625,2.062500,-0.804687,0.056641,-0.695312
0.671021,0.515625,1.589844,3.671875,-0.726562,-0.347656,-0.281250
0.664917,1.839844,2.058594,1.859375,-0.525391,-0.437500,-0.117188
0.677002,3.761719,1.699219,1.273438,-0.437500,-0.416016,-0.482422
0.673828,-1.578125,-0.070312,-0.140625,-0.287109,-0.619141,-0.455078
0.671387,-0.847656,-0.628906,-1.167969,-0.093750,-1.060547,-0.292969
0.642700,0.125000,-0.722656,-0.789062,0.201172,-1.009766,0.009766
0.632568,0.429687,-0.546875,-1.187500,1.197266,0.134766,0.949219
0.657227,7.753906,-1.695313,-6.160156,0.865234,1.199219,1.019531
0.698608,1.179688,0.019531,0.531250,0.246094,1.453125,0.687500
0.752563,-1.515625,0.871094,2.550781,-0.541016,1.464844,0.074219
0.762939,-4.453125,1.035156,4.531250,-1.160156,0.705078,-0.705078
0.766602,-5.273437,1.066406,3.390625,-1.417969,-0.175781,-1.275391
0.737671,-4.316406,1.019531,2.722656,-0.539062,-0.650391,-1.300781
0.708862,-0.769531,0.734375,-2.820313,0.078125,-0.945312,-0.830078
0.683594,3.609375,0.800781,-1.347656,0.345703,-0.617187,0.255859
0.672974,6.765625,-0.156250,-1.156250,0.306641,-0.083984,0.074219
0.695435,-1.171875,-2.292969,0.078125,0.093750,0.160156,0.109375
0.715454,-0.273438,0.003906,1.195313,-0.033203,0.058594,0.197266
0.742187,1.089844,-0.601562,1.101563,-0.164062,0.462891,0.609375
0.751465,2.437500,-0.746094,0.636719,-0.058594,0.554687,0.679687
0.755493,0.152344,-0.382813,-1.273438,-0.001953,1.074219,0.580078
0.762085,0.492187,-0.023437,-1.488281,-0.119141,0.865234,0.207031
0.765747,-2.984375,1.242188,0.777344,-0.248047,0.439453,-0.201172
0.764771,-2.082031,0.828125,1.480469,-0.335938,-0.039063,-0.626953
0.759644,-2.441406,0.890625,1.207031,-0.363281,-0.634766,-0.910156
0.743286,-4.167969,1.339844,1.109375,-0.039063,-0.197266,-0.052734
0.744995,4.503906,-1.335938,-2.261719,0.193359,0.103516,0.158203
0.745728,0.910156,-0.531250,-2.078125,0.169922,0.648437,0.220703
0.763550,1.500000,-0.101563,-0.613281,-0.082031,0.490234,0.162109
0.768433,0.031250,0.144531,2.003906,-0.179687,-0.009766,0.265625
0.766846,1.105469,-0.367188,1.359375,0.152344,0.339844,0.373047
0.762085,1.089844,-0.078125,-2.867188,0.234375,0.609375,0.197266
0.762817,0.753906,0.167969,-1.652344,-0.044922,0.650391,0.035156
0.765259,-2.265625,0.667969,1.765625,-0.578125,0.197266,-0.474609
0.764893,-4.906250,0.867187,3.234375,-0.623047,-0.392578,-0.751953
0.758789,-2.113281,0.269531,-0.019531,-0.294922,-0.107422,-0.369141
0.753540,3.187500,-0.558594,-2.761719,0.158203,0.261719,0.017578
0.754517,2.429688,-0.500000,-2.835938,-0.128906,0.111328,-0.027344
0.754272,-1.156250,0.230469,2.695313,0.062500,-0.109375,0.039063
0.755127,0.031250,-0.183594,-1.394531,-0.015625,-0.222656,0.109375
0.757446,-0.507812,-0.175781,0.609375,0.251953,0.300781,0.419922
0.766724,2.683594,-0.582031,-0.976562,0.349609,0.632812,0.261719
0.771118,-0.191406,0.343750,-0.187500,0.083984,0.412109,0.080078
0.773071,-1.324219,0.535156,2.828125,-0.228516,0.097656,-0.130859
0.769287,-1.382813,0.390625,3.167969,-0.291016,-0.054687,-0.498047
0.761353,-2.824219,0.566406,1.296875,-0.414062,-0.312500,-0.691406
0.753296,-0.644531,-0.230469,0.304688,-0.197266,-0.214844,-0.220703
0.752930,2.832031,-0.597656,-1.535156,0.109375,-0.060547,0.103516
0.753662,3.167969,-0.714844,-2.753906,0.191406,0.191406,0.132812
0.757324,-0.292969,-0.054687,-0.531250,-0.011719,0.408203,0.255859
0.773315,0.980469,-0.316406,1.683594,0.076172,0.158203,0.166016
0.774780,-1.035156,-0.023437,0.097656,0.251953,0.279297,0.148437
0.770264,-0.113281,-0.136719,-1.636719,0.236328,0.492187,-0.072266
0.752075,0.156250,-0.605469,-0.980469,-0.320313,0.253906,-0.791016
0.737793,-4.226562,0.589844,3.777344,-0.240234,0.070312,-0.728516
0.719971,1.011719,0.878906,0.140625,-0.193359,-0.158203,-0.462891
0.702759,1.867188,1.109375,-0.441406,-0.433594,-0.115234,0.234375
0.708130,1.757813,0.960937,1.890625,-0.189453,-0.337891,0.164062
0.723999,-2.617188,-1.382813,-0.578125,-0.062500,-0.605469,0.099609
0.727661,-0.433594,-0.589844,-0.628906,0.339844,-0.582031,0.027344
0.695190,-1.031250,-0.285156,-1.894531,0.613281,-0.375000,0.259766
0.689331,1.878906,-0.636719,-1.960938,0.683594,0.251953,0.451172
0.696777,2.320313,-0.339844,-1.519531,0.474609,0.962891,0.292969
0.726562,-0.621094,0.007813,-0.402344,-0.205078,0.994141,0.107422
0.741699,-0.652344,0.281250,3.042969,-0.662109,0.476562,-0.171875
0.750732,-1.378906,0.421875,1.531250,-0.855469,0.363281,-0.169922
0.753052,-0.457031,-0.152344,0.851562,-0.023437,-0.339844,0.119141
0.747925,1.648438,0.023437,-4.585937,0.439453,-0.328125,0.296875
0.740845,0.382813,0.261719,-1.820313,0.640625,0.357422,0.027344
0.734253,-3.093750,-0.031250,-0.089844,0.431641,0.222656,-0.367188
0.722290,-2.226563,0.046875,1.515625,0.140625,-0.179687,-0.888672
0.710937,-3.593750,-0.031250,2.042969,-0.222656,-0.423828,-0.843750
0.692627,-0.425781,1.269531,1.683594,-0.421875,-0.761719,-0.634766
0.642212,1.417969,1.144531,1.066406,-0.558594,-0.736328,-0.226562
0.634644,2.527344,0.484375,1.328125,-0.273438,-0.273438,-0.052734
0.662598,0.796875,-2.226563,-1.480469,-0.193359,-0.195312,0.060547
0.711426,0.328125,-0.984375,-0.125000,0.052734,-0.136719,0.035156
0.720581,-0.101563,-0.593750,-1.515625,-0.007813,0.275391,0.599609
0.730835,4.199219,-1.335938,0.542969,-0.173828,0.765625,0.871094
0.751465,2.125000,-0.808594,0.042969,-0.148437,0.773437,0.533203
0.755493,-0.625000,0.375000,-0.460937,-0.185547,0.658203,0.277344
0.756104,-2.046875,0.652344,0.273438,0.033203,-0.097656,-0.271484
0.733398,-4.070312,0.843750,-0.960937,0.095703,-0.525391,-0.441406
0.723145,-0.500000,0.656250,0.234375,0.097656,-0.714844,-0.376953
0.717651,-0.648437,1.386719,-0.835937,0.130859,-0.443359,-0.007813
0.726440,2.460938,-0.722656,0.601562,-0.025391,-0.011719,0.175781
0.740112,1.015625,-1.011719,0.550781,0.156250,0.464844,0.181641
0.755127,0.554687,-0.394531,-2.207031,0.046875,0.986328,0.205078
0.767334,0.355469,-0.078125,-0.371094,-0.380859,0.826172,-0.001953
0.771851,-2.359375,0.250000,3.015625,-0.705078,0.087891,-0.292969
0.768066,-2.359375,0.343750,1.875000,-0.640625,-0.197266,-0.458984
0.761353,-1.398438,0.265625,-0.578125,-0.246094,-0.134766,-0.396484
0.748657,-0.792969,0.214844,-2.750000,0.236328,0.058594,0.093750
0.749023,2.554688,-0.531250,-1.378906,0.140625,-0.273438,0.080078
0.746704,-1.117188,0.000000,1.164063,0.123047,-0.062500,0.324219
0.750610,1.742188,-0.371094,0.582031,0.197266,0.242187,0.285156
0.754150,1.308594,-0.156250,-0.437500,0.199219,0.457031,0.181641
0.754639,0.175781,0.082031,0.105469,-0.015625,0.667969,0.029297
0.746948,-1.121094,0.046875,1.343750,-0.423828,0.333984,-0.197266
0.727783,-1.449219,0.128906,2.984375,-0.486328,-0.119141,-0.566406
0.707520,-2.539063,0.656250,1.789063,-0.386719,-0.242187,-0.609375
0.704102,0.640625,0.058594,-1.910156,0.234375,0.121094,0.074219
0.725830,4.421875,-1.074219,-3.410156,0.146484,-0.123047,0.121094
0.735840,0.722656,-0.300781,0.621094,0.208984,0.396484,0.242187
0.746216,-0.003906,-0.062500,0.121094,-0.025391,0.750000,0.251953
0.772705,0.144531,0.058594,1.929688,-0.283203,0.496094,0.152344
0.777222,-1.210938,0.121094,1.933594,-0.226562,0.312500,0.023437
0.777222,-0.484375,0.191406,0.531250,-0.140625,0.496094,0.003906
0.776123,-0.191406,-0.144531,0.140625,-0.644531,0.361328,-0.384766
0.772583,-3.257813,0.207031,2.496094,-0.708984,0.248047,-0.474609
0.766602,-0.867187,0.320313,0.136719,-0.162109,0.087891,-0.207031
0.764648,2.074219,0.046875,-2.835938,-0.115234,-0.371094,-0.314453
0.755981,-1.496094,0.406250,1.632813,-0.001953,-0.617187,-0.322266
0.741089,-0.378906,0.074219,-0.382813,0.263672,-0.921875,-0.250000
0.700806,-0.390625,-0.031250,-1.828125,0.539062,-0.666016,0.089844
0.692017,1.816406,-0.445312,-1.972656,0.312500,0.167969,0.302734
0.705444,0.843750,-0.253906,0.843750,0.232422,1.119141,0.429687
0.746582,2.722656,-0.554687,-0.445312,-0.292969,1.009766,0.185547
0.756348,-1.574219,0.472656,2.546875,-0.656250,0.437500,-0.177734
0.759521,-2.636719,0.535156,2.242188,-0.519531,0.300781,-0.273438
0.755737,0.250000,0.046875,-1.632813,-0.460937,0.271484,-0.406250
0.742798,-0.449219,0.542969,0.519531,-0.345703,-0.025391,-0.455078
0.737915,-1.054688,0.441406,-0.214844,-0.001953,-0.402344,-0.125000
0.736938,3.082031,-0.644531,-2.679688,0.228516,-0.738281,-0.089844
0.710693,0.152344,-0.085937,-1.261719,0.609375,-0.423828,0.072266
0.695312,1.347656,-0.445312,-3.414063,0.285156,0.291016,0.080078
0.694946,1.250000,-0.347656,0.375000,0.275391,0.664062,0.085937
0.725830,-0.445312,0.019531,0.175781,-0.054687,0.484375,0.158203
0.736694,-0.312500,-0.011719,2.402344,-0.312500,0.453125,0.142578
0.748535,-0.027344,0.089844,2.058594,-0.347656,0.505859,0.175781
0.765869,0.281250,0.015625,1.390625,-0.191406,0.121094,0.279297
0.766846,0.296875,-0.292969,-0.316406,0.050781,-0.730469,0.080078
0.761963,-1.687500,0.453125,-0.851562,0.585937,-0.230469,0.205078
0.757690,1.796875,-0.160156,-3.960938,0.681641,-0.099609,-0.019531
0.757690,-2.222656,0.121094,0.554687,0.978516,-0.140625,-0.011719
0.757446,0.726562,-0.230469,-3.875000,0.912109,-0.634766,-0.185547
0.755371,-3.703125,-1.671875,1.839844,1.287109,-1.152344,-0.265625
0.746216,-2.433594,-1.109375,1.285156,1.957031,-1.359375,0.515625
0.739258,2.484375,-0.242187,1.671875,2.716797,-1.396484,0.978516
0.737793,1.449219,-0.214844,0.191406,2.158203,-2.322266,1.244141
0.725952,-1.949219,3.500000,11.218750,1.839844,-3.046875,1.736328
0.710937,0.218750,4.250000,7.476562,2.572266,-3.003906,1.957031
0.697998,-0.027344,2.976563,-0.761719,1.847656,-2.134766,1.466797
0.685303,-1.449219,1.527344,-1.921875,0.980469,-1.994141,1.308594
0.673706,1.242188,0.496094,0.292969,-0.230469,-2.566406,1.273438
0.660522,2.843750,-3.226563,5.550781,0.705078,-1.945313,0.236328
0.638672,-3.808594,-5.472656,-8.625000,1.332031,-0.298828,0.169922
0.650146,0.312500,-4.046875,-18.957031,-0.105469,-0.193359,0.115234
0.653442,-0.906250,-0.261719,4.257812,-1.021484,-0.419922,0.205078
0.658203,-0.054687,-0.570312,2.445313,-0.417969,-0.466797,-0.042969
0.662720,-2.953125,-1.472656,-4.257812,0.400391,-0.203125,-0.201172
0.666626,-1.191406,-1.929688,-2.457031,0.341797,-0.271484,0.248047
0.675293,3.082031,1.628906,2.628906,-0.154297,-0.558594,0.550781
0.677002,1.277344,2.160156,3.382813,-0.431641,-0.410156,0.447266
0.679932,0.910156,0.621094,1.515625,-0.240234,-0.197266,0.117188
0.680664,-1.949219,-0.250000,0.039063,0.140625,0.003906,0.234375
0.688965,0.910156,-1.070313,-2.828125,0.175781,-0.169922,0.421875
0.694946,0.574219,0.054687,-0.039063,-0.052734,-0.080078,0.285156
0.694580,-0.472656,0.675781,2.105469,-0.306641,-0.152344,-0.046875
0.694946,1.011719,0.777344,0.964844,-0.445312,-0.291016,0.101563
0.710693,-0.835937,-0.992187,-1.324219,-0.230469,-0.238281,0.035156
0.718872,1.710938,-0.468750,-2.687500,0.041016,0.226562,0.113281
0.729248,0.570312,0.027344,0.867187,0.082031,0.433594,0.162109
0.738159,-0.960937,0.195312,2.390625,-0.156250,0.035156,0.115234
0.740601,-0.878906,0.019531,0.746094,-0.212891,-0.009766,0.021484
0.741943,-0.527344,-0.164062,-1.421875,-0.115234,0.410156,-0.132812
0.739990,-4.640625,0.777344,4.316406,-0.796875,0.271484,-0.820312
0.719849,-2.132813,1.597656,1.484375,-1.025391,-0.306641,-1.238281
0.701416,-0.605469,0.847656,-1.199219,-0.791016,-0.656250,-1.224609
0.680542,3.023438,-0.925781,-1.367188,-0.343750,-0.277344,-0.417969
0.707397,-0.406250,-0.578125,-0.300781,0.056641,-0.183594,0.068359
0.721069,5.746094,-1.398438,-1.359375,0.257813,0.269531,0.769531
0.729492,3.597656,-1.015625,-2.156250,0.439453,0.648437,1.218750
0.746948,-0.343750,0.167969,-0.414062,0.419922,0.863281,0.945312
0.755615,-1.714844,0.750000,2.464844,0.111328,0.765625,0.609375
0.759521,-5.855469,1.472656,2.871094,-0.232422,0.050781,-0.162109
0.746704,-0.847656,0.496094,0.851562,-0.250000,-0.203125,-0.355469
0.727295,-2.980469,0.804687,-0.582031,0.029297,-0.962891,-0.998047
0.706787,3.031250,-0.109375,-3.562500,0.673828,-1.371094,-0.902344
0.673828,8.000000,1.925781,0.222656,0.613281,-0.974609,0.310547
0.677002,2.996094,-1.113281,3.417969,0.015625,-0.326172,0.521484
0.696533,-2.929688,-0.929687,0.199219,0.072266,0.425781,0.146484
0.719238,0.203125,-0.265625,1.562500,-0.201172,0.929687,0.216797
0.761353,-0.746094,0.074219,1.753906,-0.423828,0.988281,0.128906
0.768433,-1.304688,-0.078125,2.007813,-0.613281,0.423828,-0.058594
0.769653,-1.140625,0.113281,1.632813,-0.867187,0.208984,-0.173828
0.764160,1.132813,-0.140625,-2.257813,-0.494141,0.248047,-0.177734
0.763184,-0.300781,0.062500,-1.957031,-0.187500,0.265625,-0.183594
0.761719,-0.132812,0.082031,-1.382813,0.160156,-0.078125,-0.105469
0.755371,1.285156,0.000000,0.792969,-0.005859,-0.121094,0.052734
0.750732,1.277344,-0.183594,0.511719,-0.056641,-0.136719,0.152344
0.750488,2.480469,-0.390625,-1.257813,0.089844,0.085937,0.402344
0.753662,-0.703125,-0.023437,-0.906250,0.101563,0.400391,0.228516
0.757080,-1.308594,0.144531,0.269531,-0.097656,0.664062,0.068359
0.761108,-1.773438,0.382813,1.941406,-0.357422,0.371094,-0.123047
0.765015,-0.640625,0.078125,-1.398438,-0.304688,0.363281,-0.257813
0.762207,-2.105469,0.484375,-0.027344,-0.466797,0.228516,-0.667969
0.760376,-1.894531,0.031250,-0.859375,-0.074219,0.089844,-0.205078
0.762207,0.078125,0.144531,0.769531,0.083984,0.056641,0.107422
0.759399,0.597656,0.113281,0.523437,0.066406,0.130859,0.160156
0.762085,0.332031,-0.070312,-0.546875,0.083984,0.398438,0.152344
0.768555,0.628906,-0.320313,-0.335938,-0.001953,0.703125,0.222656
0.774414,-0.593750,0.085937,1.402344,-0.253906,0.542969,0.216797
0.775146,-0.402344,0.375000,-0.441406,-0.177734,0.353516,0.111328
0.775635,-0.792969,0.269531,0.132812,-0.107422,0.382813,-0.039063
0.773071,-0.722656,0.238281,1.871094,-0.466797,0.322266,-0.277344
0.770020,-1.468750,0.421875,0.433594,-0.353516,-0.078125,-0.457031
0.765015,0.324219,0.359375,-0.578125,-0.085937,-0.656250,-0.353516
0.739990,0.507812,0.000000,-0.476562,0.150391,-0.898437,-0.148437
0.730957,2.343750,-0.367188,-2.085938,0.544922,-0.472656,0.183594
0.729370,0.644531,-0.492187,0.617187,0.361328,-0.009766,0.228516
0.745605,-0.464844,-0.230469,-1.414063,0.400391,0.558594,0.132812
0.762329,1.257813,-0.343750,-0.812500,0.263672,0.886719,0.261719
0.772461,-1.679688,0.398438,3.261719,-0.261719,0.673828,0.181641
0.778076,-2.960938,0.843750,3.753906,-0.638672,0.167969,-0.218750
0.775146,-1.445313,0.667969,0.914062,-0.652344,-0.136719,-0.486328
0.768555,-0.695312,0.652344,-0.863281,-0.375000,-0.294922,-0.611328
0.757202,-3.003906,1.203125,-1.011719,-0.138672,-0.755859,-1.048828
0.713013,2.660156,-0.714844,-1.117188,0.027344,-0.750000,-0.693359
0.714722,4.550781,-1.933594,-0.328125,0.078125,-0.189453,0.035156
0.722534,-0.437500,-0.363281,0.589844,0.123047,-0.185547,0.123047
0.739258,3.679688,-0.875000,-0.734375,0.201172,0.210937,0.554687
0.762329,2.179688,-0.515625,-0.078125,0.220703,0.533203,0.904297
0.771118,-2.023438,0.031250,-3.031250,0.427734,0.867187,0.773437
0.770386,1.238281,-0.160156,-0.281250,0.167969,0.789062,0.359375
0.766602,-1.648438,0.109375,-2.085938,0.310547,0.341797,0.023437
0.761963,-3.136719,-1.394531,-3.449219,0.849609,0.056641,-0.488281
0.750488,-1.261719,-0.156250,-1.667969,0.880859,0.326172,-0.662109
0.745117,1.765625,0.906250,1.707031,0.478516,0.455078,-0.027344
0.743408,0.035156,1.160156,5.414062,-0.353516,0.234375,0.449219
0.735352,-1.894531,-0.546875,-0.015625,-0.578125,0.150391,0.177734
0.735107,-0.445312,-1.472656,-3.945313,-0.041016,0.410156,-0.027344
0.735596,-0.593750,0.367188,0.421875,-0.164062,0.019531,-0.001953
0.734497,1.148438,1.078125,1.449219,-0.128906,-0.185547,0.234375
0.730469,-2.414063,0.023437,1.519531,-0.066406,-0.193359,-0.097656
0.725098,-0.500000,0.242187,1.195313,-0.109375,-0.244141,-0.160156
0.720459,-0.664062,0.503906,1.214844,-0.291016,-0.326172,-0.201172
0.716797,1.796875,0.167969,-0.554687,-0.279297,-0.259766,0.078125
0.715820,0.187500,0.503906,-0.269531,-0.257813,-0.275391,0.080078
0.717407,-2.140625,-1.140625,-0.324219,-0.181641,-0.298828,-0.244141
0.722290,-0.234375,0.265625,0.734375,-0.181641,-0.439453,-0.173828
0.719360,-0.566406,-0.460937,0.156250,-0.162109,-0.751953,-0.089844
0.704346,0.660156,-0.269531,-3.101563,0.273438,-0.498047,0.033203
0.706787,2.550781,-0.582031,-1.453125,0.304688,0.095703,0.210937
0.725342,1.511719,-0.269531,-0.222656,0.132812,0.572266,0.218750
0.747925,0.031250,-0.031250,1.093750,-0.009766,0.626953,0.107422
0.763672,-0.140625,-0.015625,1.992188,-0.285156,0.671875,0.017578
0.760742,-2.984375,0.574219,3.078125,-0.660156,0.169922,-0.367188
0.757568,-1.468750,0.582031,-1.179688,-0.250000,-0.083984,-0.240234
0.755249,0.796875,-0.382813,-1.109375,-0.007813,-0.187500,-0.041016
0.756470,0.253906,-0.308594,-1.031250,0.105469,-0.062500,0.058594
0.761353,2.402344,-0.335938,-0.949219,0.177734,0.222656,0.332031
0.768921,0.363281,-0.015625,0.542969,0.115234,0.248047,0.335938
0.776123,-1.191406,-0.046875,-0.921875,0.205078,0.263672,0.166016
0.774780,0.281250,-0.574219,-0.316406,0.070312,0.464844,0.070312
0.768799,-3.992188,-0.136719,-1.589844,0.214844,0.181641,-0.546875
0.751343,-2.878906,-1.417969,-3.652344,0.980469,0.052734,-0.710937
0.744751,3.648438,1.054688,-0.359375,0.919922,-0.121094,-0.138672
0.739990,3.511719,0.507812,1.187500,0.671875,-0.140625,0.375000
0.735107,-1.167969,-0.335938,2.703125,0.263672,-0.400391,0.285156
0.731689,1.964844,0.203125,-1.191406,0.511719,-0.480469,0.500000
0.732178,1.316406,0.332031,1.207031,0.630859,-0.400391,0.757812
0.727051,-1.480469,0.890625,3.601563,0.345703,-0.457031,0.544922
0.719727,-3.339844,0.699219,3.144531,0.095703,-0.431641,0.078125
0.712402,0.082031,0.863281,2.148438,-0.203125,-0.376953,0.042969
0.700806,-1.832031,0.105469,-0.042969,-0.335938,-0.376953,-0.244141
0.677246,-0.761719,-0.316406,-0.843750,-0.304688,-0.255859,-0.453125
0.671143,-2.179688,-1.085938,-1.878906,-0.064453,-0.117188,-0.777344
0.653076,0.062500,1.191406,1.027344,-0.140625,-0.228516,-0.818359
0.602051,0.324219,1.832031,2.437500,-0.416016,-0.583984,-0.744141
0.575928,1.753906,1.585938,2.753906,-0.726562,-0.898437,-0.394531
0.567505,2.480469,0.812500,1.226563,-0.775391,-0.830078,0.083984
0.594727,-1.761719,-2.035156,-3.773438,-0.306641,-0.160156,-0.208984
0.624390,2.222656,-0.957031,-2.371094,-0.115234,0.494141,0.066406
0.655640,-0.269531,-0.480469,-0.941406,-0.031250,0.109375,0.085937
0.680664,-2.062500,-0.359375,0.800781,-0.107422,-0.246094,0.255859
0.697632,4.261719,-0.871094,-3.796875,0.220703,0.298828,0.990234
0.716553,-0.714844,0.558594,0.214844,0.203125,0.712891,0.888672
0.735474,-2.996094,0.824219,0.820312,0.070312,0.726562,0.531250
0.739990,-2.363281,0.734375,0.074219,-0.035156,0.626953,0.085937
0.742676,-0.761719,0.320313,1.191406,-0.191406,0.619141,-0.095703
0.744141,-0.242187,0.246094,0.609375,-0.269531,0.451172,-0.193359
0.743530,-2.863281,0.390625,0.496094,-0.404297,-0.156250,-0.591797
0.745850,-0.871094,-0.238281,-0.046875,-0.083984,-0.154297,-0.097656
0.749023,0.730469,-0.125000,-0.503906,0.060547,0.033203,0.064453
0.759766,1.917969,-0.355469,-0.804687,0.128906,0.421875,0.279297
0.768188,2.101563,-0.589844,0.082031,-0.029297,0.951172,0.439453
0.773437,-1.941406,0.167969,0.457031,-0.259766,0.777344,0.125000
0.775757,-1.929688,0.375000,0.273438,-0.289063,0.408203,-0.134766
0.773193,-1.066406,0.500000,1.804688,-0.556641,0.324219,-0.359375
0.767822,-1.242188,0.343750,0.468750,-0.542969,0.222656,-0.625000
0.753540,-1.507813,0.597656,0.589844,-0.292969,-0.435547,-0.431641
0.748901,1.359375,-0.070312,-2.128906,0.189453,-0.439453,-0.042969
0.738525,-0.214844,0.097656,-1.332031,0.462891,-0.453125,-0.054687
0.731079,1.960938,-0.183594,-0.074219,0.339844,-0.240234,0.164062
0.738159,-0.359375,-0.148437,2.667969,0.226562,-0.123047,0.244141
0.746582,0.468750,-0.597656,-1.257813,0.269531,0.414062,0.308594
0.758179,1.652344,-0.316406,-0.363281,0.212891,0.906250,0.441406
0.775146,-1.847656,0.246094,2.523438,-0.394531,0.906250,0.136719
0.776611,-2.964844,0.574219,3.054688,-0.609375,0.388672,-0.232422
0.775513,-1.562500,0.589844,0.234375,-0.736328,-0.003906,-0.537109
0.766357,0.066406,0.343750,-3.269531,-0.265625,-0.255859,-0.601562
0.762451,0.929687,-0.183594,-1.347656,-0.035156,-0.175781,-0.214844
0.761963,3.183594,-0.988281,-0.925781,0.111328,0.066406,0.064453
0.766113,0.992187,-0.453125,0.890625,-0.103516,0.517578,0.138672
0.772949,-0.093750,-0.390625,0.101563,-0.316406,0.800781,0.091797
0.776245,-1.207031,-0.406250,0.031250,-0.449219,0.449219,-0.039063
0.771118,-0.062500,0.347656,-0.207031,-0.070312,-0.025391,0.201172
0.768066,0.742187,-0.175781,0.675781,0.001953,-0.035156,0.343750
0.765991,0.859375,-0.257813,0.445312,-0.007813,0.152344,0.451172
0.766724,0.445312,0.093750,-0.496094,0.015625,0.224609,0.412109
0.765137,-1.898438,0.769531,-0.062500,0.138672,0.005859,0.232422
0.762085,-0.347656,0.425781,1.042969,0.011719,-0.068359,0.050781
0.759644,0.117188,0.109375,-0.574219,0.044922,0.179687,-0.058594
0.755493,-2.066406,0.699219,-0.367188,0.160156,-0.140625,-0.505859
0.750977,-1.554688,0.570312,2.597656,-0.117188,-0.539062,-0.853516
0.743286,1.121094,0.191406,0.023437,-0.156250,-0.687500,-0.835937
0.739868,2.996094,-1.289063,0.753906,-0.353516,-0.183594,-0.365234
0.747803,2.476563,-1.218750,-1.437500,-0.199219,0.431641,-0.089844
0.752930,1.535156,-0.597656,-0.441406,-0.210937,0.515625,0.011719
0.754883,0.617187,-0.312500,-0.105469,-0.152344,0.171875,0.216797
0.749512,-0.226562,0.324219,-1.941406,0.246094,-0.228516,0.216797
0.739258,-0.472656,0.167969,-0.281250,0.466797,-0.378906,0.320313
0.724731,-1.046875,0.238281,-1.070313,0.816406,-0.033203,0.326172
0.719971,-1.207031,-0.070312,0.750000,0.607422,0.375000,0.023437
0.711182,-2.238281,-0.140625,2.101563,0.103516,0.562500,-0.431641
0.705322,-4.035156,-1.457031,1.328125,-0.039063,0.580078,-0.853516
0.707642,3.144531,1.175781,-0.121094,-0.064453,0.443359,-0.351563
0.706177,3.343750,2.019531,2.292969,-0.250000,0.093750,0.183594
0.700073,2.171875,1.953125,1.527344,-0.255859,-0.087891,0.468750
0.698975,0.273438,0.246094,3.167969,-0.525391,-0.136719,0.093750
0.712524,1.414063,-0.292969,-1.242188,-0.494141,-0.242187,0.111328
0.730713,1.191406,-0.796875,-1.929688,-0.277344,-0.134766,0.326172
0.755493,3.277344,-0.972656,-2.949219,0.005859,0.316406,0.705078
0.762939,0.515625,-0.433594,-2.085938,0.095703,0.583984,0.591797
0.765991,-1.445313,0.667969,0.082031,0.166016,0.326172,0.375000
0.757080,-1.058594,0.867187,2.203125,0.062500,-0.193359,0.089844
0.744385,-1.511719,0.753906,1.843750,-0.109375,-0.341797,-0.089844
0.735718,0.863281,0.324219,-0.007813,0.158203,-0.076172,-0.232422
0.740845,-2.449219,0.882812,-1.035156,0.367188,-0.187500,-0.775391
0.736328,-0.546875,0.460937,4.003906,-0.035156,-0.492187,-0.916016
0.728882,-0.410156,-0.351563,4.175781,-0.638672,-0.445312,-0.824219
0.738403,1.945313,-0.925781,1.480469,-0.759766,0.205078,-0.300781
0.749146,3.632813,-0.949219,-6.078125,0.001953,0.595703,0.146484
0.754272,0.261719,-0.437500,0.578125,-0.048828,0.632812,0.304688
0.754761,0.226562,-0.031250,-1.187500,0.169922,0.082031,0.316406
0.747559,-1.199219,0.707031,0.492187,0.224609,-0.691406,0.269531
0.746826,1.167969,0.054687,-3.785156,0.878906,-0.328125,0.404297
0.747314,-4.117187,-0.128906,1.593750,0.400391,0.291016,-0.195312
0.748779,0.289063,-0.550781,0.117188,0.003906,0.794922,-0.222656
0.749878,-1.589844,-0.222656,4.265625,-0.388672,0.128906,-0.564453
0.748413,3.636719,0.796875,-1.039063,-0.105469,0.125000,-0.171875
0.736450,1.023438,1.562500,1.285156,-0.175781,-0.054687,-0.003906
0.728760,1.375000,1.738281,2.765625,-0.470703,-0.042969,0.080078
0.731812,-1.875000,-1.187500,0.269531,-0.421875,-0.179687,-0.136719
0.747070,0.761719,-0.789062,-1.300781,-0.269531,-0.218750,0.097656
0.752075,0.433594,-0.351563,-2.617188,0.029297,0.001953,0.175781
0.756714,2.285156,-0.414062,-2.542969,0.269531,0.494141,0.363281
0.776001,0.328125,-0.281250,1.761719,0.087891,1.154297,0.431641
0.780396,-2.957031,0.207031,1.761719,-0.277344,1.154297,0.091797
0.779785,-3.707031,0.996094,3.753906,-0.730469,0.218750,-0.404297
0.774658,-1.914063,0.613281,-0.437500,-0.601562,-0.027344,-0.552734
0.762939,1.597656,-0.167969,-1.347656,-0.214844,-0.513672,-0.263672
0.754395,1.906250,-0.550781,-1.949219,0.105469,-0.472656,0.076172
0.747070,-0.523437,-0.441406,-2.074219,0.294922,-0.171875,0.050781
0.756348,2.949219,-0.941406,-2.265625,0.521484,0.384766,0.625000
0.767700,-0.519531,-0.527344,2.246094,0.279297,-0.050781,0.767578
0.771118,1.667969,0.109375,0.304688,0.195312,-0.162109,1.048828
0.764526,-3.585938,0.847656,0.375000,0.173828,-0.488281,0.492187
0.753540,-3.121094,1.476563,3.316406,0.007813,-1.171875,0.140625
0.734009,-0.800781,0.871094,-0.335938,0.238281,-1.046875,0.025391
0.729248,0.402344,0.488281,-3.882813,0.638672,-0.326172,-0.255859
0.739258,-0.894531,0.011719,-0.132812,0.437500,-0.355469,-0.427734
0.743530,-0.597656,-0.847656,0.226562,0.324219,-0.324219,-0.228516
0.732178,0.351563,-2.105469,-4.800781,0.578125,0.441406,0.035156
0.733154,-3.761719,-2.550781,-3.300781,0.662109,0.703125,-0.587891
0.736938,1.363281,0.375000,2.390625,-0.005859,0.345703,-0.359375
0.735474,1.109375,1.675781,2.367188,-0.167969,-0.072266,-0.056641
0.722900,1.929688,1.117188,-0.996094,0.158203,-0.095703,0.337891
0.718750,-0.476562,0.000000,-0.667969,0.761719,-0.246094,0.277344
0.717651,-1.472656,0.382813,3.722656,0.550781,-0.478516,0.082031
0.723267,-0.070312,1.980469,6.058594,0.052734,-0.630859,0.201172
0.713989,-2.109375,-0.453125,-0.363281,-0.250000,-0.175781,-0.029297
0.699829,-1.097656,-1.785156,-1.234375,-0.207031,0.027344,-0.197266
0.688232,-1.289063,-1.726563,-3.156250,0.203125,0.060547,-0.177734
0.683472,1.691406,-0.332031,-1.171875,0.238281,0.062500,-0.048828
0.682007,0.179687,0.953125,2.726563,-0.095703,-0.025391,-0.103516
0.680908,0.664062,0.695312,1.101563,-0.207031,-0.039063,-0.050781
0.675781,-1.121094,0.167969,1.003906,-0.298828,-0.148437,-0.251953
0.669067,-1.351563,0.734375,0.199219,-0.353516,-0.375000,-0.470703
0.650513,1.378906,-0.578125,-0.320313,-0.363281,-0.406250,-0.324219
0.653687,2.917969,-0.761719,-0.832031,-0.208984,-0.175781,0.144531
0.665894,0.683594,-0.203125,-0.140625,-0.138672,-0.074219,0.103516
0.682007,0.292969,-0.253906,-0.347656,-0.130859,0.314453,0.193359
0.720581,0.046875,-0.230469,-0.714844,-0.007813,0.421875,0.218750
0.735229,-3.421875,-0.062500,1.937500,-0.193359,-0.369141,0.041016
0.742187,3.273438,-0.835937,0.648437,-0.185547,-0.048828,0.519531
0.747681,0.679687,-0.375000,-2.039063,0.039063,0.494141,0.367188
0.755371,-2.941406,0.933594,1.167969,-0.007813,0.433594,-0.091797
0.759399,0.820312,0.324219,2.273438,-0.246094,0.460937,-0.111328
0.760376,-2.562500,0.859375,1.812500,-0.333984,-0.261719,-0.640625
0.748779,-4.617187,1.300781,-0.039063,-0.435547,-0.666016,-1.031250
0.737427,5.808594,-1.878906,-2.242188,-0.169922,-0.261719,-0.296875
0.742676,1.035156,-0.812500,-1.796875,0.064453,0.031250,0.015625
0.749268,1.210938,-0.429687,-1.339844,0.138672,0.460937,0.148437
0.762695,1.871094,-0.445312,0.398438,-0.082031,0.943359,0.396484
0.776489,-0.218750,-0.628906,1.117188,-0.431641,1.087891,0.410156
0.775635,-0.628906,-0.023437,-0.437500,-0.484375,0.734375,0.308594
0.774048,-1.679688,1.003906,-0.804687,-0.365234,0.476562,-0.015625
0.771484,-0.230469,0.937500,0.722656,-0.201172,0.191406,-0.238281
0.759033,-2.554688,1.082031,2.730469,-0.380859,-0.427734,-0.496094
0.754028,-2.632813,1.011719,-0.722656,-0.210937,-0.890625,-0.775391
0.745850,0.269531,-0.238281,-2.292969,0.085937,-0.728516,-0.607422
0.728271,1.714844,-1.195313,-2.546875,0.269531,-0.347656,-0.113281
0.719849,1.746094,-1.074219,-4.117187,0.714844,0.443359,0.064453
0.719849,3.914063,-0.890625,0.691406,0.419922,1.048828,0.384766
0.717651,-5.238281,0.214844,4.910156,-0.156250,0.412109,-0.371094
0.717285,3.777344,1.429688,-0.835937,-0.054687,0.175781,-0.039063
0.720825,1.656250,1.554688,0.687500,-0.009766,-0.033203,0.267578
0.723999,0.964844,1.011719,1.863281,-0.187500,-0.158203,0.298828
0.729248,-2.390625,-1.156250,0.175781,-0.173828,-0.082031,0.041016
0.736084,0.230469,-0.558594,-0.996094,-0.097656,0.158203,0.142578
0.760620,0.937500,-0.312500,-1.441406,0.025391,0.615234,0.199219
0.769165,0.171875,-0.078125,0.074219,-0.117188,0.857422,0.126953
0.773560,-1.941406,0.406250,3.699219,-0.664062,0.285156,-0.216797
0.773804,-1.000000,0.460937,-0.933594,-0.679687,-0.208984,-0.421875
0.765015,0.453125,0.117188,-2.378906,-0.191406,-0.291016,-0.324219
0.759277,-0.429687,0.007813,-2.109375,0.123047,-0.703125,-0.285156
0.750000,0.613281,-0.199219,-0.394531,0.175781,-0.562500,-0.060547
0.735962,1.085938,-0.031250,-0.890625,0.341797,-0.273438,0.080078
0.735107,1.800781,-0.300781,0.218750,0.304688,-0.015625,0.291016
0.740845,0.062500,-0.101563,0.164062,0.216797,0.269531,0.357422
0.758057,2.109375,-0.343750,0.054687,0.046875,0.671875,0.363281
0.762329,-2.042969,0.523437,1.742188,-0.269531,0.728516,0.015625
0.765015,-1.246094,0.460937,1.449219,-0.488281,0.373047,-0.158203
0.761475,-0.578125,0.476562,0.246094,-0.414062,0.275391,-0.277344
0.756470,-0.113281,0.125000,-2.792969,-0.095703,0.195312,-0.322266
0.753906,1.105469,-0.398438,-0.148437,0.115234,-0.167969,-0.136719
0.753662,-0.878906,-0.214844,1.621094,-0.009766,-0.486328,-0.068359
0.751465,0.390625,-0.105469,-0.562500,0.093750,-0.261719,0.009766
0.755615,1.750000,-0.183594,-1.199219,0.171875,0.333984,0.138672
0.766602,1.464844,-0.222656,1.343750,0.021484,0.804687,0.226562
0.779053,-1.136719,0.078125,2.308594,-0.369141,0.585937,0.121094
0.776733,-1.144531,0.492187,0.546875,-0.355469,0.199219,-0.068359
0.774170,-0.730469,0.222656,-1.765625,-0.105469,0.240234,-0.101563
0.767456,-2.054688,0.636719,1.113281,-0.253906,0.113281,-0.351563
0.766724,-0.320313,0.156250,-1.046875,-0.048828,-0.109375,-0.343750
0.767456,1.136719,-0.664062,-0.386719,0.083984,-0.214844,-0.042969
0.763062,0.585937,-0.328125,-0.539062,0.185547,-0.123047,0.017578
0.764771,2.031250,-0.289063,-0.320313,0.220703,0.589844,0.205078
0.771362,0.386719,-0.167969,1.984375,-0.189453,0.832031,0.146484
0.772339,-3.160156,0.699219,3.550781,-0.509766,0.152344,-0.189453
0.770996,-0.148437,0.597656,0.050781,-0.242187,0.130859,-0.064453
0.770874,-2.050781,0.523437,1.703125,-0.310547,-0.279297,-0.189453
0.758057,0.078125,0.023437,-0.238281,-0.203125,-0.644531,-0.121094
0.748413,0.253906,-0.214844,-3.371094,0.291016,-0.583984,-0.060547
0.739258,1.550781,-0.574219,-2.730469,0.458984,0.158203,0.097656
0.737427,0.992187,-0.328125,-3.851563,0.892578,0.875000,0.156250
0.746094,-0.089844,-0.214844,0.695312,0.644531,0.718750,0.039063
0.725586,-6.500000,-0.269531,4.441406,0.050781,-0.292969,-0.787109
0.708984,4.558594,0.839844,-2.683594,0.568359,-0.121094,-0.468750
0.700562,2.414063,1.253906,-0.250000,0.654297,0.052734,-0.017578
0.698730,1.363281,1.183594,2.023438,0.503906,-0.083984,0.207031
0.694092,-0.199219,1.199219,2.820313,0.496094,-0.410156,0.109375
0.687988,-1.609375,0.285156,2.511719,0.470703,-0.654297,-0.058594
0.686035,0.519531,1.019531,2.671875,0.179687,-0.705078,0.082031
0.681396,2.480469,0.785156,1.992188,-0.244141,-0.419922,0.505859
0.677856,1.171875,0.195312,0.101563,-0.226562,-0.216797,0.578125
0.691528,-1.125000,-0.824219,0.101563,-0.257813,0.076172,0.382813
0.717529,-0.808594,-0.984375,-0.984375,-0.179687,0.386719,0.121094
0.760620,0.316406,-0.378906,1.128906,-0.468750,0.656250,0.134766
0.771729,0.128906,-0.324219,2.425781,-0.496094,0.873047,0.216797
0.776978,-2.277344,0.214844,-0.746094,-0.353516,0.792969,0.037109
0.774536,-3.003906,0.718750,1.207031,-0.492187,0.158203,-0.408203
0.751099,-4.117187,0.812500,0.957031,-0.556641,-0.175781,-0.955078
0.731079,-1.039063,0.105469,-0.734375,-0.144531,-0.103516,-1.103516
0.707520,2.777344,1.101563,-0.144531,0.011719,-0.337891,-0.746094
0.670898,4.722656,1.261719,1.164063,-0.115234,-0.406250,0.066406
0.674683,1.988281,-1.089844,0.285156,-0.003906,-0.009766,0.101563
0.700073,-0.562500,-1.105469,1.496094,-0.142578,-0.230469,0.236328
0.730591,-0.164062,-0.507812,0.687500,-0.193359,-0.789062,0.279297
0.733887,3.132813,-0.957031,-1.878906,0.013672,-0.597656,0.691406
0.738647,2.660156,-1.171875,-5.367187,0.578125,0.363281,1.099609
0.753174,-0.808594,0.484375,-0.203125,0.384766,0.630859,0.566406
0.755371,-2.890625,0.515625,2.246094,0.072266,0.392578,0.251953
0.755981,-1.777344,0.164062,0.421875,0.023437,0.074219,0.007813
0.754395,0.175781,0.125000,-0.972656,0.093750,0.205078,-0.031250
0.755127,-0.359375,0.222656,-0.750000,0.085937,0.517578,-0.164062
0.757202,-1.671875,0.933594,2.203125,-0.169922,0.271484,-0.351563
0.757202,-0.628906,0.453125,0.933594,-0.263672,0.007813,-0.423828
0.761597,4.339844,-1.117188,-1.128906,-0.031250,0.253906,0.160156
0.766846,-0.371094,-0.070312,-0.652344,0.080078,0.349609,0.126953
0.771729,0.281250,-0.070312,1.062500,-0.021484,0.523437,0.142578
0.782104,-1.394531,0.062500,1.773438,-0.314453,0.400391,-0.042969
0.781494,-1.984375,0.156250,1.792969,-0.554687,0.111328,-0.310547
0.778198,-1.074219,0.164062,-0.191406,-0.455078,0.181641,-0.277344
0.772827,-0.195312,0.199219,-0.796875,-0.363281,0.283203,-0.355469
0.767700,-1.328125,0.382813,-0.203125,-0.285156,0.011719,-0.470703
0.759521,1.253906,-0.023437,-1.285156,0.058594,-0.494141,-0.169922
0.737305,-0.074219,0.261719,0.507812,0.326172,-0.939453,-0.144531
0.719604,1.218750,-0.492187,-0.371094,0.443359,-0.611328,0.074219
0.711304,1.746094,-0.335938,1.058594,0.251953,-0.287109,0.248047
0.730225,0.562500,-0.136719,-0.656250,0.142578,0.242187,0.208984
0.750366,0.324219,-0.320313,-1.226563,0.119141,0.867187,0.343750
0.764771,-1.695313,0.207031,1.609375,-0.193359,1.259766,0.195312
0.773560,-2.933594,0.812500,5.218750,-0.896484,0.720703,-0.232422
0.772583,-2.437500,0.644531,1.128906,-0.896484,0.082031,-0.439453
0.770752,-0.285156,0.253906,-2.265625,-0.494141,0.328125,-0.498047
0.766724,0.179687,0.000000,-1.304688,-0.220703,0.031250,-0.462891
0.758057,1.265625,-0.246094,-0.468750,0.021484,-0.423828,-0.166016
0.752075,0.414062,-0.144531,0.210937,0.105469,-0.648437,-0.115234
0.741821,0.949219,-0.351563,0.074219,0.197266,-0.492187,0.007813
0.706299,1.089844,-0.246094,-1.933594,0.484375,-0.265625,0.152344
0.709717,1.242188,-0.246094,0.496094,0.345703,0.134766,0.285156
0.722778,1.226563,0.023437,-0.464844,0.199219,0.406250,0.164062
0.752563,0.824219,-0.199219,1.609375,-0.009766,0.898437,0.113281
0.763184,-2.617188,0.507812,4.007812,-0.625000,0.773437,-0.203125
0.766113,-2.226563,0.523437,2.078125,-0.865234,0.339844,-0.425781
0.754761,-0.488281,0.339844,-0.570312,-0.667969,0.099609,-0.541016
0.750610,3.488281,-0.703125,-4.550781,0.244141,-0.029297,0.056641
0.747803,-0.988281,0.015625,1.171875,0.146484,-0.113281,0.039063
0.743286,2.175781,-0.398438,-0.195312,0.162109,0.164062,0.285156
0.759521,0.011719,0.148437,-0.625000,0.177734,0.253906,0.140625
0.765137,-0.730469,0.222656,1.207031,0.103516,0.181641,0.052734
0.766846,-0.210937,0.222656,1.687500,-0.095703,0.328125,-0.011719
0.770874,0.074219,0.191406,1.031250,-0.232422,0.519531,-0.097656
0.775635,-1.828125,0.500000,1.445313,-0.478516,0.179687,-0.431641
0.776978,1.558594,-0.820312,-3.023438,-0.068359,-0.183594,-0.205078
0.766846,0.308594,-0.566406,-2.722656,0.300781,0.050781,-0.099609
0.759033,-0.242187,-0.828125,-2.082031,0.304688,0.546875,-0.277344
0.746704,-2.406250,-1.472656,-0.636719,1.091797,0.548828,-0.859375
0.740967,3.046875,1.542969,-0.167969,1.525391,0.835937,-0.714844
0.741455,4.027344,3.695313,5.988281,0.671875,0.503906,0.011719
0.740967,3.019531,3.519531,8.625000,-0.318359,-0.179687,0.519531
0.738892,1.449219,3.230469,8.027344,-0.888672,-0.593750,0.771484
0.742554,0.882812,1.429688,7.199219,-1.880859,-1.013672,0.980469
0.764893,-5.972656,-4.027344,-2.648438,-1.609375,-0.654297,0.222656
0.776733,1.136719,0.148437,-5.546875,-0.722656,-0.126953,0.228516
0.774902,0.101563,-1.015625,-10.164063,0.443359,0.289063,0.083984
0.760254,-0.906250,-1.039063,-11.425781,1.744141,0.892578,-0.125000
0.746826,1.945313,-2.312500,-3.843750,2.302734,1.066406,0.041016
0.717651,-10.429688,-4.355469,-4.687500,3.246094,0.257813,-1.642578
0.682373,-5.824219,-1.007813,-6.031250,3.546875,1.050781,-1.281250
0.621582,4.996094,1.804688,0.828125,3.261719,2.083984,-0.228516
0.510986,2.210938,3.300781,5.046875,2.593750,1.480469,0.343750
0.463257,3.449219,5.101562,5.972656,1.917969,0.638672,1.025391
0.437866,2.695313,4.191406,4.781250,1.273438,0.175781,1.369141
0.377075,-1.035156,2.449219,6.050781,0.533203,-0.394531,1.425781
0.293457,-1.539063,1.070313,3.125000,0.226562,-0.644531,1.257813
0.233643,-2.027344,1.097656,1.632813,0.031250,-1.189453,1.205078
0.195801,1.558594,0.882812,0.230469,-0.003906,-1.609375,1.480469
0.133789,-0.027344,-0.125000,-0.929687,0.140625,-1.406250,1.480469
0.126099,-5.894531,-2.132813,-2.109375,0.281250,-1.320313,0.824219
0.122559,-3.421875,-1.121094,-1.105469,0.464844,-1.097656,-0.111328
0.097534,-0.421875,0.039063,1.000000,0.291016,-0.560547,-0.517578
0.024902,-0.089844,0.445312,2.019531,0.003906,-0.458984,-0.572266
0.000000,0.406250,0.316406,0.832031,-0.199219,-0.693359,-0.574219
0.000000,-0.179687,-0.972656,-1.210938,-0.261719,-0.396484,-0.650391
0.000000,1.183594,-1.250000,-2.335938,-0.007813,0.228516,-0.574219
0.000000,1.308594,-0.707031,-2.324219,0.443359,0.507812,-0.351563
0.000000,0.750000,1.605469,2.777344,0.376953,0.859375,-0.296875
0.000000,0.851562,0.425781,2.410156,-0.191406,0.519531,-0.046875
0.000000,-0.382813,-1.234375,-1.292969,-0.203125,0.529297,0.044922
0.000000,-1.707031,-1.726563,-3.464844,0.437500,1.042969,-0.291016
0.000000,1.328125,-0.796875,1.390625,0.746094,0.548828,-0.148437
0.000000,-2.386719,0.332031,1.367188,0.375000,1.275391,-0.257813
0.000000,-1.218750,-0.023437,0.667969,0.183594,0.826172,-0.375000
0.000000,-0.765625,-0.597656,-0.718750,0.328125,0.671875,-0.498047
