pressure,accel_x,accel_y,accel_z,gyro_x,gyro_y,gyro_z
0.736084,0.218750,-0.312500,-1.378906,-0.011719,0.189453,-0.031250
0.739136,0.187500,-0.121094,-0.515625,-0.001953,0.150391,-0.005859
0.739746,-0.066406,0.070312,0.390625,-0.054687,0.085937,-0.054687
0.736938,-0.441406,0.261719,0.656250,-0.199219,0.140625,-0.093750
0.737915,-0.296875,0.347656,0.710937,-0.322266,0.212891,-0.091797
0.739624,0.441406,0.507812,0.550781,-0.312500,0.283203,-0.085937
0.762329,0.324219,-0.550781,-0.375000,-0.099609,0.316406,-0.027344
0.775635,0.304688,-1.078125,-1.292969,-0.128906,0.009766,-0.001953
0.781250,-0.609375,0.039063,0.925781,-0.238281,-0.244141,-0.123047
0.793457,-1.851563,0.054687,2.125000,-0.031250,-0.300781,0.093750
0.799561,1.414063,-0.519531,-1.429688,0.310547,-0.078125,0.595703
0.806274,2.523438,-0.570312,-1.398438,0.562500,-0.083984,0.695312
0.817383,1.906250,-0.058594,-2.121094,0.335938,-0.042969,0.445312
0.822144,-1.531250,-0.089844,-0.500000,0.316406,0.162109,0.234375
0.827148,-0.625000,0.257813,-0.906250,0.242187,0.357422,0.199219
0.831665,0.578125,0.300781,0.066406,0.050781,0.414062,0.117188
0.833130,1.062500,0.148437,0.664062,-0.708984,0.208984,-0.693359
0.831299,-3.214844,0.273438,3.613281,-0.458984,0.101563,-0.501953
0.829346,2.246094,-0.187500,-1.816406,-0.269531,-0.162109,-0.267578
0.832031,-0.382813,-0.187500,-0.406250,-0.062500,-0.220703,-0.154297
0.833740,0.765625,-0.117188,-1.695313,-0.226562,-0.267578,0.105469
0.836670,3.332031,-0.687500,-0.414062,0.060547,-0.074219,0.527344
0.847168,2.636719,-0.281250,-1.531250,-0.042969,-0.212891,0.251953
0.852051,-1.625000,0.328125,-0.007813,0.166016,0.042969,0.259766
0.855347,0.781250,0.113281,-0.878906,0.201172,0.275391,0.218750
0.859985,2.054688,0.113281,-0.230469,-0.203125,0.425781,-0.052734
0.859131,-1.535156,0.320313,2.421875,-0.947266,0.140625,-0.716797
0.851562,-4.410156,0.757812,4.261719,-0.759766,0.179687,-0.892578
0.819336,-2.750000,0.718750,0.714844,-0.578125,-0.156250,-0.765625
0.810181,-0.316406,-0.683594,-0.714844,0.105469,-0.158203,-0.226562
0.800537,2.585938,-1.128906,-3.292969,0.353516,-0.027344,0.003906
0.795532,0.402344,-0.929687,-1.410156,0.890625,0.152344,0.029297
0.793213,2.023438,-1.917969,-3.398438,0.644531,-0.054687,0.238281
0.795532,1.472656,2.054688,3.183594,0.312500,-0.263672,0.630859
0.800537,1.949219,2.171875,2.542969,-0.021484,-0.271484,0.767578
0.823486,1.468750,1.488281,1.847656,-0.363281,-0.261719,0.615234
0.838867,0.222656,1.175781,1.902344,-0.169922,0.058594,0.162109
0.850708,1.710938,-0.363281,-1.316406,-0.037109,0.271484,0.097656
0.861328,-0.328125,-0.203125,-1.398438,-0.154297,0.482422,-0.089844
0.862183,-0.832031,-0.195312,-0.617187,-0.484375,0.345703,-0.330078
0.861572,-1.730469,0.417969,2.203125,-0.447266,0.158203,-0.345703
0.851807,1.281250,0.167969,-0.257813,-0.238281,-0.050781,-0.251953
0.847534,-0.589844,0.234375,-0.324219,-0.064453,-0.380859,-0.207031
0.846924,-1.066406,-0.195312,0.136719,0.351563,-0.451172,0.123047
0.850586,-0.660156,-0.171875,-1.257813,0.472656,-0.279297,0.550781
0.861450,1.253906,-0.476562,-0.386719,0.111328,-0.222656,0.316406
0.865356,-0.972656,-0.195312,1.691406,0.162109,0.052734,0.259766
0.868408,1.011719,-0.023437,-1.074219,-0.169922,0.234375,-0.017578
0.863770,-0.605469,-0.046875,-0.250000,-0.683594,0.158203,-1.009766
0.860474,-6.871094,-2.812500,0.625000,0.433594,0.519531,-1.441406
0.853271,-0.554687,-4.621094,-8.039063,0.722656,0.708984,-1.697266
0.821899,-1.371094,-1.769531,-4.128906,0.472656,0.525391,-1.365234
0.811646,-0.761719,-0.984375,-0.867187,-0.419922,-0.007813,-0.714844
0.799927,1.546875,3.820313,6.074219,-0.636719,-0.187500,-0.146484
0.771606,1.855469,3.406250,1.156250,-0.335938,-0.140625,0.564453
0.750000,3.218750,3.574219,-1.660156,0.046875,-0.222656,1.099609
0.731689,2.875000,4.089844,-1.007813,0.287109,-0.228516,0.890625
0.729858,-1.878906,-1.664063,2.363281,0.238281,-0.542969,0.390625
0.729614,-2.335938,-1.476563,4.484375,-0.083984,-0.798828,0.341797
0.728027,-0.574219,1.992188,4.234375,0.013672,-0.380859,0.542969
0.728027,1.292969,1.839844,-0.769531,0.046875,-0.097656,0.300781
0.727295,-1.101563,-2.800781,-1.265625,0.164062,0.214844,-0.218750
0.728271,-2.250000,-3.191406,-2.125000,0.265625,0.369141,-0.068359
0.731079,0.812500,-0.351563,-3.105469,-0.058594,0.337891,-0.115234
0.744751,0.167969,0.937500,1.031250,-0.388672,0.236328,0.021484
0.757568,0.835937,1.066406,2.417969,-0.496094,0.148437,0.013672
0.772339,0.164062,0.523437,1.062500,-0.246094,0.439453,-0.144531
0.793579,-1.445313,-2.953125,-3.359375,-0.017578,0.314453,-0.123047
0.804687,0.476562,0.226562,-0.386719,-0.113281,-0.082031,-0.048828
0.809204,-1.402344,0.140625,2.976563,-0.373047,-0.400391,-0.177734
0.813965,-2.980469,0.226562,3.363281,-0.048828,-0.267578,0.179687
0.819458,2.703125,-0.519531,-1.601563,0.292969,-0.167969,0.208984
0.825195,-0.214844,-0.171875,-1.433594,0.457031,0.255859,0.294922
0.833496,2.246094,-0.132812,-3.058594,0.433594,0.406250,0.269531
0.835327,0.660156,0.308594,-0.593750,-0.031250,0.433594,0.128906
0.834473,1.300781,0.195312,1.710938,-0.501953,0.156250,-0.503906
0.831787,-1.675781,0.050781,-0.136719,-0.060547,0.126953,-0.050781
0.833008,2.476563,-0.371094,-2.164063,0.046875,0.056641,0.011719
0.836548,-0.578125,-0.140625,-0.140625,-0.244141,-0.246094,-0.148437
0.840820,-3.015625,0.011719,2.402344,-0.187500,-0.199219,0.164062
0.853149,2.785156,-0.703125,-2.285156,0.175781,0.046875,0.285156
0.858521,1.359375,-0.226562,-3.695313,0.294922,0.214844,0.271484
0.862183,0.457031,0.316406,-2.093750,0.259766,0.447266,0.304688
0.862061,2.355469,0.289063,-0.367188,-0.482422,0.302734,-0.171875
0.858154,-3.609375,0.792969,5.320312,-0.605469,-0.005859,-0.425781
0.849487,-1.816406,0.578125,2.148438,-0.154297,0.101563,-0.220703
0.823486,2.003906,-0.300781,-2.402344,-0.033203,-0.083984,-0.310547
0.813721,-2.984375,-0.203125,-0.539062,0.359375,-0.013672,-0.019531
0.813232,1.621094,-1.453125,-2.898438,0.683594,0.142578,-0.009766
0.814697,-0.394531,-1.644531,-1.812500,-0.003906,0.175781,-0.164062
0.820557,-1.398438,0.652344,2.941406,-0.318359,0.048828,-0.041016
0.826050,0.960937,2.156250,3.074219,-0.535156,-0.091797,0.253906
0.835083,1.855469,2.234375,2.492188,-0.246094,-0.128906,-0.091797
0.854736,-3.558594,-3.082031,-1.664063,-0.294922,-0.136719,0.031250
0.861816,1.796875,0.003906,0.359375,-0.140625,-0.214844,0.009766
0.866943,-1.621094,-0.277344,-0.660156,0.066406,-0.242187,0.253906
0.870361,1.289063,-0.609375,-1.554688,0.451172,-0.048828,0.400391
0.870728,1.214844,-0.410156,-3.066406,0.521484,0.091797,0.324219
0.869507,1.015625,0.042969,-2.054688,0.263672,0.146484,0.054687
0.862549,-1.550781,0.562500,1.859375,0.111328,0.248047,-0.138672
0.854736,-1.417969,0.281250,1.457031,-0.224609,0.253906,-0.791016
0.844971,-4.156250,-0.707031,1.878906,-0.220703,0.445312,-0.476562
0.822632,2.117188,0.632812,-1.023438,-0.501953,0.333984,-0.226562
0.818848,1.253906,1.972656,1.105469,-0.179687,0.136719,-0.156250
0.822632,-0.179687,-2.722656,-1.941406,-0.126953,-0.072266,-0.054687
0.824829,-0.335938,-0.296875,0.121094,0.132812,-0.164062,-0.027344
0.827881,-0.855469,-0.687500,-1.980469,0.470703,0.005859,0.318359
0.831543,1.503906,-1.078125,-2.984375,0.294922,0.066406,0.105469
0.834717,-1.980469,-0.472656,1.328125,0.050781,0.033203,-0.015625
0.842773,-0.554687,0.250000,1.757813,-0.294922,-0.066406,0.150391
0.846802,1.214844,2.101563,2.625000,-0.371094,-0.062500,0.134766
0.850952,0.546875,1.605469,1.804688,-0.355469,0.037109,0.013672
0.852905,0.363281,-0.054687,0.863281,-0.294922,-0.037109,-0.003906
0.852539,-0.441406,-0.195312,0.175781,-0.347656,-0.292969,-0.126953
0.853394,-1.652344,-0.132812,0.628906,-0.136719,-0.335938,-0.150391
0.856812,-1.507813,-0.316406,0.191406,0.617187,-0.019531,0.345703
0.859009,3.972656,-0.753906,-5.117187,0.392578,-0.025391,0.148437
0.863159,-1.964844,-0.117188,0.941406,0.216797,-0.007813,0.208984
0.872925,1.476563,-0.195312,0.656250,-0.220703,-0.230469,0.103516
0.875000,-1.574219,0.542969,3.738281,-0.343750,-0.296875,0.072266
0.875366,-0.425781,0.417969,1.691406,-0.261719,-0.408203,0.064453
0.874878,-0.554687,0.250000,0.621094,0.302734,-0.031250,0.173828
0.872070,2.250000,-0.277344,-5.117187,0.607422,0.337891,0.142578
0.867432,0.335938,-0.214844,-2.289063,0.623047,0.425781,-0.126953
0.858032,-1.167969,0.281250,-0.625000,-0.238281,0.423828,-0.882812
0.843140,-5.082031,0.074219,6.332031,-0.193359,0.441406,-0.636719
0.838135,-0.019531,-1.007813,-0.140625,-0.308594,0.417969,-0.511719
0.832397,-0.417969,0.347656,0.210937,-0.392578,0.554687,-0.429687
0.830444,0.796875,0.636719,0.113281,-0.556641,0.246094,0.128906
0.841797,1.945313,1.304688,2.273438,-0.218750,-0.074219,-0.007813
0.853638,-1.285156,-1.199219,-0.214844,-0.427734,-0.427734,-0.076172
0.868896,-0.398438,-0.449219,0.398438,0.128906,-0.416016,0.525391
0.874756,4.238281,-0.914062,-3.746094,0.417969,-0.263672,0.744141
0.877686,1.687500,-0.531250,-2.226563,0.691406,-0.082031,0.927734
0.877319,2.347656,-0.117188,-2.039063,0.476562,-0.050781,0.464844
0.875732,-1.906250,0.742187,0.664062,0.166016,0.160156,0.140625
0.875732,-0.742187,0.781250,0.878906,0.042969,0.324219,0.089844
0.875366,0.828125,0.207031,0.777344,-0.460937,0.121094,-0.468750
0.877075,-3.246094,0.589844,2.441406,-0.531250,0.066406,-0.337891
0.880005,1.085938,-0.621094,-1.035156,0.013672,-0.021484,-0.046875
0.882690,0.863281,-0.390625,-3.671875,0.054687,0.035156,0.179687
0.886353,0.718750,-0.582031,-0.453125,0.396484,0.062500,0.312500
0.886108,3.234375,-0.492187,-2.414063,0.365234,0.070312,0.169922
0.884644,-0.894531,-0.347656,0.195312,0.644531,0.117188,-0.675781
0.877197,-5.246094,-3.457031,-1.398438,0.859375,0.328125,-1.095703
0.869873,-2.015625,-3.351563,-3.003906,0.617187,0.169922,-1.283203
0.857056,-0.886719,-1.050781,-1.695313,0.132812,0.097656,-1.380859
0.810303,-0.277344,1.789063,3.335938,-0.902344,-0.500000,-1.001953
0.783936,-0.019531,3.031250,5.914062,-0.871094,-0.617187,-0.373047
0.756226,1.355469,2.730469,0.523437,-0.166016,-0.439453,0.644531
0.729980,4.902344,2.863281,-3.750000,0.617187,-0.408203,1.101563
0.701294,0.843750,1.125000,-1.597656,0.880859,-0.677734,0.984375
0.707031,-0.593750,-0.941406,4.246094,-0.376953,-0.878906,0.851562
0.703735,-0.394531,2.910156,10.761719,-0.300781,-0.566406,0.488281
0.703125,-1.718750,1.113281,2.304688,0.062500,-0.107422,0.277344
0.703491,0.390625,-1.421875,-4.277344,0.107422,0.214844,0.087891
0.706299,-0.238281,-1.136719,-2.117188,0.109375,0.376953,-0.044922
0.731689,-1.093750,-0.953125,-1.128906,-0.207031,0.445312,0.009766
0.744873,0.468750,0.531250,0.601562,-0.296875,0.453125,-0.160156
0.763306,-1.164063,-0.910156,0.503906,-0.322266,0.482422,-0.164062
0.799316,0.148437,-0.640625,1.117188,-0.115234,0.193359,-0.027344
0.810547,-1.195313,-0.480469,0.089844,-0.269531,-0.125000,-0.171875
0.822021,-0.128906,-0.355469,1.230469,-0.199219,-0.291016,-0.027344
0.830688,1.410156,-0.656250,-0.964844,0.367188,0.054687,0.484375
0.845337,4.437500,-0.753906,-4.199219,0.404297,0.189453,0.339844
0.850586,-0.320313,0.089844,-2.199219,0.437500,0.466797,0.216797
0.854492,0.355469,0.339844,-1.535156,-0.064453,0.585937,0.080078
0.853760,-0.867187,0.464844,3.750000,-0.617187,0.248047,-0.580078
0.848999,-5.671875,1.121094,4.937500,-0.306641,0.148437,-0.349609
0.845215,1.191406,0.117188,-0.441406,-0.070312,-0.089844,-0.121094
0.849243,0.203125,-0.417969,-1.289063,-0.197266,-0.513672,-0.208984
0.856812,-2.601563,-0.273438,1.859375,-0.083984,-0.587891,0.646484
0.864624,5.003906,-1.351563,-0.070312,0.166016,-0.750000,1.089844
0.871094,1.460938,-0.445312,0.597656,0.462891,-0.625000,1.056641
0.867920,-1.656250,0.542969,-1.863281,0.720703,-0.425781,0.808594
0.861816,-0.050781,0.414062,-2.152344,0.519531,-0.062500,0.416016
0.851807,-0.531250,0.566406,-0.316406,0.054687,0.417969,0.041016
0.847656,-0.679687,0.750000,1.183594,0.361328,0.568359,-0.402344
0.838379,-3.191406,1.148438,-2.066406,-0.261719,0.572266,-0.976562
0.831421,-2.730469,0.058594,3.902344,-0.376953,0.339844,-0.806641
0.827515,0.253906,-0.707031,0.171875,-0.453125,0.423828,-0.583984
0.831177,1.093750,-1.039063,-1.046875,-0.437500,0.417969,-0.433594
0.836182,0.351563,-0.011719,0.371094,-0.421875,0.300781,-0.318359
0.845581,0.617187,0.449219,0.640625,-0.343750,0.320313,-0.277344
0.850464,-0.093750,0.531250,0.832031,-0.185547,0.162109,-0.060547
0.853882,0.738281,0.339844,0.816406,-0.246094,-0.027344,-0.101563
0.856445,-1.453125,0.050781,1.308594,-0.273438,-0.158203,-0.187500
0.857178,-1.292969,-0.101563,0.519531,-0.083984,-0.244141,-0.128906
0.858276,-0.488281,-0.265625,-1.164063,0.472656,-0.291016,0.365234
0.866699,1.074219,-0.531250,-1.664063,0.433594,-0.220703,0.380859
0.870483,-2.683594,0.128906,0.917969,0.171875,-0.074219,0.253906
0.873291,0.601562,0.050781,0.734375,0.130859,0.125000,0.113281
0.876465,0.097656,0.328125,-0.324219,0.105469,0.388672,0.203125
0.875488,1.484375,0.171875,-0.441406,-0.398438,0.322266,-0.394531
0.872192,-4.359375,0.335938,2.042969,-0.230469,0.152344,-0.335938
0.870117,0.648437,0.218750,-0.054687,-0.128906,-0.009766,-0.083984
0.873291,0.710937,-0.242187,0.808594,-0.269531,-0.228516,-0.201172
0.876831,-1.464844,0.144531,1.617188,-0.042969,-0.193359,0.134766
0.881714,3.253906,-0.769531,-2.089844,0.246094,0.070312,0.333984
0.888794,1.812500,-0.371094,-3.093750,0.322266,0.148437,0.251953
0.890015,0.335938,0.089844,-1.464844,0.171875,0.107422,0.132812
0.890015,-0.078125,0.320313,0.359375,0.048828,-0.013672,0.087891
0.888916,-0.367188,-0.101563,1.214844,-0.181641,0.103516,-0.009766
0.888184,-0.320313,-0.285156,0.753906,-0.296875,0.175781,-0.246094
0.886353,-1.746094,0.144531,0.441406,0.027344,0.167969,-0.333984
0.877319,-0.523437,-0.253906,-0.882812,1.298828,0.140625,-0.777344
0.876465,-2.363281,-5.167969,-6.218750,1.357422,0.158203,-0.964844
0.874512,-1.492188,-1.425781,-0.937500,1.291016,0.425781,-0.796875
0.871094,1.187500,0.312500,-1.843750,0.791016,0.478516,-0.787109
0.855347,0.343750,-0.035156,-0.714844,0.248047,0.158203,-0.748047
0.845825,0.218750,3.156250,4.242187,-0.470703,-0.126953,-0.210937
0.840942,2.484375,4.839844,5.320312,-0.953125,-0.437500,0.472656
0.830811,2.050781,5.218750,4.496094,-1.308594,-0.607422,1.353516
0.822266,4.878906,7.042969,4.109375,-0.289063,-0.302734,1.109375
0.822388,-0.781250,-7.117187,-3.347656,-0.474609,-0.339844,-0.148437
0.821289,-7.933594,-5.140625,3.738281,-0.275391,-0.167969,0.314453
0.816528,0.937500,1.941406,-1.882813,-0.080078,-0.173828,0.333984
0.814819,3.089844,0.101563,-3.722656,-0.085937,-0.201172,0.175781
0.809570,-0.632812,-0.757812,-0.242187,0.042969,-0.060547,0.033203
0.806396,-0.480469,-0.863281,-1.304688,0.083984,0.035156,-0.070312
0.802124,-0.746094,-0.910156,-1.007813,0.076172,0.113281,-0.078125
0.800049,0.242187,-0.226562,-0.496094,0.048828,0.091797,0.052734
0.799683,0.859375,0.531250,0.179687,-0.015625,0.042969,0.023437
0.798584,-0.242187,0.300781,0.707031,-0.007813,0.064453,-0.101563
0.794922,-0.710937,-0.390625,0.203125,-0.048828,0.144531,-0.125000
0.786377,-0.113281,-0.242187,-0.066406,-0.242187,0.167969,-0.095703
0.791260,0.156250,0.789062,1.511719,-0.248047,0.027344,-0.027344
0.800415,0.039063,-0.074219,1.015625,-0.185547,0.113281,-0.078125
0.822388,-0.617187,-0.785156,-0.140625,-0.085937,-0.029297,-0.015625
0.834961,-0.625000,-0.210937,0.632812,-0.230469,-0.343750,-0.001953
0.843506,-1.062500,-0.281250,1.859375,0.109375,-0.193359,0.310547
0.855713,2.660156,-0.562500,-1.550781,0.457031,0.119141,0.345703
0.857788,1.644531,-0.519531,-4.585937,0.416016,0.285156,-0.394531
0.856934,-8.203125,-4.832031,0.269531,1.052734,0.242187,-2.070313
0.855225,-7.484375,-6.343750,-2.867188,1.457031,0.634766,-1.636719
0.853027,3.710938,0.117188,-4.691406,0.835937,0.816406,-1.609375
0.850586,1.363281,0.382813,-0.960937,0.566406,0.703125,-1.224609
0.837036,2.671875,3.289063,0.070312,0.363281,0.371094,-0.439453
0.830078,2.937500,4.050781,2.781250,-0.078125,-0.056641,0.388672
0.816528,2.714844,4.765625,3.816406,-0.564453,-0.220703,1.113281
0.800659,4.273437,5.792969,3.312500,-0.910156,-0.423828,1.146484
0.779907,-1.753906,0.132812,3.289063,-1.099609,-0.656250,0.873047
0.769653,-2.152344,-0.765625,2.957031,-0.361328,-0.595703,0.880859
0.754028,-0.074219,-0.511719,-1.812500,-0.044922,-0.421875,1.107422
0.747070,1.578125,0.121094,-2.828125,-0.480469,-0.482422,0.878906
0.746338,-2.472656,-0.078125,1.968750,-0.460937,-0.398438,0.160156
0.748047,-3.652344,-3.140625,-0.097656,-0.117188,-0.148437,-0.054687
0.747681,-0.871094,-2.160156,-2.757813,0.191406,0.013672,-0.035156
0.747803,0.996094,-1.285156,-3.566406,0.095703,0.041016,0.017578
0.747925,0.078125,0.117188,0.890625,-0.113281,0.039063,-0.017578
0.753418,-0.304688,0.535156,1.726563,-0.146484,-0.015625,0.015625
0.761108,-0.152344,0.589844,1.328125,-0.240234,0.007813,0.132812
0.772339,1.128906,0.492187,0.324219,-0.312500,0.021484,0.201172
0.785645,0.585937,0.148437,-0.105469,-0.119141,0.181641,-0.021484
0.808350,-0.847656,-1.167969,-1.636719,-0.160156,0.394531,-0.146484
0.813965,0.078125,-0.433594,-0.148437,-0.343750,0.183594,-0.214844
0.816772,-0.777344,0.410156,1.054688,-0.349609,-0.025391,-0.218750
0.813232,-0.917969,0.226562,1.261719,-0.271484,-0.097656,-0.250000
0.812134,-0.726562,-0.304688,-0.292969,-0.125000,-0.148437,-0.230469
0.813110,-0.695312,-0.351563,-1.132813,0.263672,-0.183594,0.060547
0.822266,0.687500,-0.367188,-2.007813,0.457031,-0.111328,0.482422
0.830200,2.414063,-0.210937,-0.484375,0.320313,-0.037109,0.279297
0.835693,-0.550781,0.285156,-0.125000,0.296875,0.066406,0.183594
0.845215,-0.402344,0.210937,-0.289063,0.257813,0.343750,0.287109
0.846558,2.140625,-0.058594,-1.500000,-0.257813,0.226562,-0.146484
0.845947,-3.644531,0.515625,3.949219,-0.523437,-0.054687,-0.287109
0.851074,-1.890625,0.445312,2.867188,-0.099609,-0.017578,-0.072266
0.854980,0.226562,-0.265625,-1.671875,-0.113281,-0.185547,-0.099609
0.859741,-0.296875,-0.378906,-0.730469,0.119141,-0.048828,0.314453
0.862305,4.253906,-1.261719,-3.089844,0.652344,0.187500,0.494141
0.863037,1.695313,-0.562500,-5.656250,0.523437,0.232422,-0.136719
0.862061,-0.968750,-1.007813,0.515625,0.958984,0.388672,-1.349609
0.859009,-8.585938,-4.917969,-2.734375,0.316406,0.216797,-1.427734
0.845093,-0.964844,0.656250,4.250000,-0.667969,-0.181641,-1.298828
0.835571,-0.910156,2.316406,4.042969,-0.433594,-0.187500,-0.751953
0.829468,1.515625,2.429688,0.613281,-0.107422,0.058594,-0.041016
0.819702,4.250000,1.296875,-4.871094,0.011719,0.007813,0.773437
0.808228,3.468750,5.242187,1.226563,0.248047,-0.019531,1.578125
0.800659,3.457031,5.343750,1.324219,-0.056641,-0.384766,1.509766
0.807495,2.367188,1.531250,5.492187,-0.349609,-0.736328,0.291016
0.810059,-3.531250,-2.566406,0.515625,0.173828,-0.146484,0.375000
0.811523,2.843750,-0.390625,-7.007812,-0.306641,-0.197266,-0.113281
0.812866,-3.652344,0.085937,-0.375000,-0.281250,0.187500,-0.246094
0.814819,0.300781,-1.363281,0.265625,-0.185547,0.214844,-0.132812
0.813843,1.664063,1.394531,1.804688,-0.626953,0.267578,-0.236328
0.819458,-1.179688,0.953125,3.046875,-0.179687,0.455078,-0.125000
0.835083,0.710937,-2.082031,-3.312500,0.029297,0.367188,0.037109
0.839966,1.425781,-0.511719,-0.425781,-0.119141,0.041016,-0.089844
0.844604,-3.960938,-0.128906,3.000000,-0.326172,-0.267578,-0.220703
0.855835,-1.890625,-0.320313,1.781250,0.048828,-0.203125,0.410156
0.862305,4.695312,-0.871094,-2.000000,0.375000,-0.101563,0.707031
0.866455,3.371094,-0.351563,-3.574219,0.437500,-0.078125,0.398438
0.870483,-1.144531,0.515625,-0.769531,0.330078,0.205078,0.191406
0.871460,0.164062,0.433594,-0.609375,0.193359,0.359375,0.255859
0.871216,1.953125,0.347656,0.707031,-0.367188,0.255859,-0.369141
0.857788,-1.050781,0.660156,2.261719,-0.753906,0.228516,-1.103516
0.841309,-2.539063,1.066406,0.875000,-0.482422,0.515625,-0.707031
0.831909,4.453125,-0.472656,-3.007813,-0.232422,0.160156,-0.265625
0.837402,0.343750,-0.910156,-0.410156,-0.203125,-0.111328,-0.130859
0.852539,-0.175781,-0.796875,0.449219,-0.347656,-0.289063,-0.207031
0.858154,0.273438,-0.710937,0.367188,0.167969,-0.138672,0.492187
0.866211,4.796875,-1.078125,-3.578125,0.468750,-0.031250,0.810547
0.875244,2.835938,-0.320313,-3.097656,0.558594,-0.001953,0.603516
0.876587,-0.539062,0.386719,-2.101563,0.337891,0.093750,0.281250
0.876953,-0.777344,1.007813,1.574219,0.134766,0.351563,0.265625
0.875244,1.761719,0.632812,1.554688,-0.023437,0.341797,0.025391
0.872192,0.472656,0.441406,0.519531,-0.570312,0.189453,-0.753906
0.865723,-4.468750,0.546875,2.437500,-0.589844,0.349609,-0.869141
0.848755,0.699219,-0.273438,-1.628906,-0.183594,0.257813,-0.394531
0.850098,1.121094,-1.062500,-1.390625,-0.107422,-0.087891,-0.224609
0.852173,-0.335938,-0.265625,1.304688,-0.343750,-0.324219,-0.199219
0.865112,-3.992188,0.070312,3.507813,0.224609,-0.078125,0.621094
0.871948,4.503906,-0.863281,-3.597656,0.449219,-0.173828,0.822266
0.876221,1.191406,-0.105469,-1.152344,0.398438,-0.146484,0.572266
0.878784,-0.816406,0.187500,-1.207031,0.273438,0.041016,0.351563
0.883179,0.097656,0.164062,-1.960938,0.027344,0.234375,0.173828
0.883423,-0.039063,0.785156,2.222656,-0.169922,0.361328,0.001953
0.882080,-0.230469,0.410156,1.257813,-0.445312,0.302734,-0.466797
0.876587,-2.542969,0.531250,1.433594,-0.279297,0.197266,-0.291016
0.873779,-1.371094,0.496094,0.722656,-0.123047,0.189453,-0.230469
0.869385,-0.820312,0.140625,0.156250,-0.029297,0.074219,-0.146484
0.865479,-0.187500,-0.250000,0.050781,-0.164062,-0.232422,-0.242187
0.867554,-1.863281,-0.257813,1.605469,0.099609,-0.291016,0.035156
0.872681,-1.261719,-0.148437,0.296875,0.279297,-0.201172,0.490234
0.884277,2.027344,-0.523437,-1.097656,0.263672,-0.042969,0.324219
0.886841,-0.859375,-0.085937,-1.558594,0.207031,0.113281,0.199219
0.888550,0.644531,0.257813,-0.296875,-0.027344,0.312500,0.132812
0.888794,0.734375,0.226562,0.781250,-0.150391,0.341797,-0.154297
0.885620,-0.972656,0.195312,0.582031,-0.275391,0.255859,-0.294922
0.881836,-0.875000,0.195312,0.898437,-0.210937,0.289063,-0.318359
0.878052,0.437500,0.121094,-0.496094,-0.058594,0.095703,-0.136719
0.878418,-0.652344,-0.234375,0.125000,-0.130859,-0.287109,-0.169922
0.880737,-2.246094,0.140625,2.253906,-0.150391,-0.322266,-0.042969
0.884033,-0.730469,-0.203125,0.656250,0.128906,-0.134766,0.291016
0.887573,3.769531,-0.609375,-2.425781,0.250000,-0.062500,0.308594
0.887939,-0.667969,0.394531,-0.312500,0.166016,-0.027344,0.167969
0.887817,0.273438,0.128906,0.316406,0.109375,0.095703,0.072266
0.885986,0.031250,0.242187,-0.136719,0.123047,0.271484,0.136719
0.884033,1.289063,0.089844,-0.203125,0.007813,0.240234,-0.115234
0.880493,-2.703125,0.511719,1.410156,-0.257813,0.062500,-0.498047
0.878174,-2.136719,0.265625,1.195313,-0.298828,0.126953,-0.230469
0.878052,2.144531,-0.585937,0.238281,-0.330078,0.099609,-0.291016
0.879761,-0.339844,-0.507812,-0.562500,-0.091797,-0.056641,-0.115234
0.882690,0.625000,-0.085937,-0.417969,-0.183594,-0.240234,-0.039063
0.888672,-0.667969,-0.234375,1.574219,0.000000,-0.201172,0.267578
0.891724,1.945313,-0.257813,-0.722656,0.125000,0.000000,0.406250
0.893799,1.808594,-0.039063,-1.496094,0.019531,-0.037109,0.150391
0.895630,-0.152344,0.242187,0.105469,0.000000,0.054687,0.025391
0.895264,-0.253906,0.328125,-0.316406,0.021484,0.212891,0.072266
0.894043,0.875000,0.097656,-0.332031,0.097656,0.347656,0.062500
0.888428,1.097656,0.058594,-0.507812,-0.101563,0.201172,-0.312500
0.885498,-2.449219,0.472656,1.335938,-0.193359,0.134766,-0.382813
0.882080,0.222656,0.113281,0.082031,-0.361328,0.164062,-0.277344
0.881470,0.679687,-0.468750,0.769531,-0.267578,0.074219,-0.259766
0.884399,-0.621094,-0.347656,-0.492187,-0.042969,-0.091797,-0.080078
0.886597,-1.058594,0.187500,1.093750,-0.302734,-0.287109,-0.125000
0.890869,-0.867187,-0.078125,2.414063,-0.070312,-0.199219,0.216797
0.894653,1.605469,-0.371094,-1.218750,0.105469,-0.191406,0.347656
0.896606,2.136719,-0.277344,-1.824219,0.230469,-0.115234,0.296875
0.898193,-0.156250,0.042969,-1.417969,0.283203,0.089844,0.248047
0.899902,1.078125,0.042969,-1.570313,0.119141,0.187500,0.138672
0.900024,-0.453125,0.472656,1.187500,0.011719,0.376953,0.099609
0.899048,1.042969,0.207031,0.578125,-0.382813,0.216797,-0.339844
0.892700,-3.125000,0.558594,2.410156,-0.332031,0.134766,-0.371094
0.890503,0.343750,0.359375,-0.222656,-0.082031,0.078125,-0.134766
0.890503,1.425781,-0.378906,-1.511719,0.052734,-0.107422,0.029297
0.893921,0.074219,-0.460937,-0.093750,-0.238281,-0.654297,-0.193359
0.893555,-2.835938,-0.156250,2.789063,-0.203125,-0.746094,0.345703
0.893799,3.437500,-1.050781,-0.144531,0.306641,-0.576172,1.054688
0.890259,4.589844,-1.156250,-3.324219,0.726562,-0.462891,1.343750
0.885498,2.195313,-0.183594,-1.722656,0.675781,-0.349609,1.093750
0.880981,-1.187500,0.851562,1.125000,0.498047,-0.119141,0.513672
0.874634,-2.488281,0.867187,0.136719,0.410156,0.705078,0.019531
0.859253,-0.542969,0.707031,-0.265625,0.750000,0.919922,-0.609375
0.840698,-1.953125,0.828125,-2.367188,0.580078,0.814453,-1.265625
0.817993,-3.003906,0.601562,1.707031,0.294922,0.546875,-1.171875
0.803345,0.632812,-2.855469,1.828125,0.517578,0.281250,-0.716797
0.805420,2.738281,-2.648438,-1.792969,0.472656,-0.103516,-0.593750
0.801758,-0.265625,-1.433594,-0.734375,-0.160156,-0.197266,-0.630859
0.783691,-0.988281,-0.300781,3.039063,-0.761719,-0.589844,-0.826172
0.762085,-2.050781,-0.554687,1.332031,-0.828125,-0.941406,-0.957031
0.735718,-1.562500,0.011719,1.199219,-0.656250,-0.904297,-0.527344
0.672974,1.007813,0.312500,-2.625000,-0.617187,-1.080078,0.082031
0.636475,2.738281,2.527344,0.464844,-0.621094,-1.251953,0.408203
0.594604,0.820312,2.820313,1.089844,-0.113281,-1.128906,0.318359
0.520142,0.343750,1.242188,1.039063,0.783203,-0.625000,0.175781
0.468872,1.707031,-0.183594,-0.937500,0.703125,-0.580078,0.222656
0.440430,0.667969,1.425781,2.976563,0.582031,1.003906,0.554687
0.415527,1.433594,0.351563,2.207031,0.595703,-0.302734,0.548828
0.432129,1.742188,1.546875,-2.460938,0.273438,-0.259766,-0.064453
0.473755,-3.421875,-1.476563,-0.085937,0.062500,0.236328,-0.044922
0.534912,1.496094,0.183594,-0.683594,-0.134766,0.355469,0.134766
0.654907,1.726563,0.835937,-0.515625,-0.386719,0.244141,0.054687
0.695679,-0.730469,-0.136719,0.296875,-0.527344,-0.144531,0.089844
0.717896,-0.410156,0.589844,1.062500,-0.386719,-0.228516,0.093750
0.758667,0.328125,-0.289063,0.460937,-0.265625,-0.115234,-0.158203
0.772949,-1.335938,-1.921875,-0.785156,-0.349609,-0.199219,-0.326172
0.783569,-0.234375,0.605469,0.664062,-0.419922,-0.017578,-0.384766
0.794434,0.308594,-0.281250,-0.253906,-0.201172,-0.068359,-0.244141
0.798218,0.292969,-0.136719,-0.007813,-0.220703,-0.089844,-0.205078
0.804810,-0.773437,-0.335938,1.285156,-0.207031,-0.033203,-0.373047
0.813477,-3.019531,0.023437,1.945313,0.357422,0.076172,0.265625
0.830078,5.277344,-0.980469,-3.554688,0.791016,0.259766,0.677734
0.836670,2.046875,-0.589844,-2.667969,0.812500,0.263672,0.708984
0.843384,-0.242187,-0.304688,-0.785156,0.630859,0.312500,0.580078
0.858765,1.570313,-0.097656,-1.585938,0.287109,0.400391,0.259766
0.866821,-0.253906,0.363281,1.175781,0.117188,0.531250,0.226562
0.872192,1.003906,0.523437,0.691406,-0.291016,0.269531,-0.113281
0.873535,-0.019531,0.339844,1.089844,-0.833984,-0.052734,-0.751953
0.869507,-4.996094,0.843750,4.363281,-0.638672,0.136719,-0.562500
0.864502,2.136719,0.031250,-0.812500,-0.445312,0.251953,-0.529297
0.851196,-0.394531,-0.066406,-0.566406,-0.232422,0.150391,-0.292969
0.850708,0.507812,-0.199219,-0.421875,-0.187500,0.078125,-0.132812
0.852173,-0.250000,-0.281250,1.585938,-0.316406,-0.246094,-0.294922
0.859375,-3.500000,-0.015625,1.980469,-0.154297,-0.125000,0.015625
0.866455,1.234375,-0.855469,-0.171875,0.488281,0.273438,0.765625
0.872559,7.289062,-1.179688,-6.433594,0.369141,0.113281,0.691406
0.874390,-0.660156,-0.218750,0.683594,0.382813,0.187500,0.441406
0.877075,-0.972656,0.683594,-1.378906,0.195312,0.267578,0.195312
0.877563,-0.144531,0.769531,0.625000,0.197266,0.435547,0.234375
0.876587,1.281250,0.468750,-0.277344,-0.101563,0.109375,-0.072266
0.872437,0.554687,0.277344,0.074219,-0.324219,-0.027344,-0.353516
0.873047,-1.589844,-0.496094,-0.070312,0.035156,0.205078,-0.052734
0.874023,2.101563,-0.570312,-2.355469,-0.056641,0.003906,-0.089844
0.880005,-1.269531,-0.113281,1.054688,-0.232422,-0.205078,-0.126953
0.883789,-0.832031,0.195312,1.769531,-0.187500,-0.132812,0.009766
0.886597,1.335938,-0.218750,-1.394531,0.001953,-0.062500,0.021484
0.887695,0.292969,-0.019531,-2.289063,0.197266,0.169922,0.085937
0.887085,1.257813,-0.019531,-1.546875,0.058594,0.205078,0.115234
0.885010,1.296875,0.179687,-0.316406,-0.357422,-0.119141,-0.306641
0.883057,-3.539063,0.753906,2.949219,-0.269531,-0.130859,-0.171875
0.884521,0.421875,-0.058594,0.500000,-0.085937,-0.056641,-0.011719
0.886597,1.640625,-0.433594,-1.316406,-0.234375,-0.267578,-0.148437
0.888306,-2.910156,-0.089844,1.757813,0.025391,0.087891,0.238281
0.890869,3.218750,-0.761719,-2.128906,0.218750,0.154297,0.257813
0.891724,0.468750,0.011719,-1.468750,0.138672,0.083984,0.076172
0.891113,0.117188,0.441406,-0.550781,0.140625,0.173828,0.126953
0.891113,0.980469,0.097656,-0.468750,0.066406,0.218750,0.115234
0.890869,0.093750,0.132812,0.453125,0.039063,0.228516,0.041016
0.890259,-0.257813,0.097656,0.082031,-0.105469,0.097656,-0.322266
0.883667,-1.804688,0.316406,0.230469,-0.203125,0.312500,-0.369141
0.881470,0.492187,-0.425781,0.082031,-0.445312,0.248047,-0.398438
0.883667,-1.125000,-0.480469,1.179688,-0.066406,0.105469,-0.052734
0.889404,1.339844,-0.203125,-0.660156,-0.314453,-0.218750,-0.060547
0.893066,-1.394531,0.371094,1.816406,-0.232422,-0.384766,0.130859
0.895874,1.347656,-0.371094,-1.554688,0.050781,-0.232422,0.312500
0.897339,1.601563,-0.234375,-2.664063,0.107422,-0.171875,0.146484
0.898193,-0.558594,0.089844,-1.667969,0.261719,0.160156,0.169922
0.897339,0.812500,-0.062500,-1.621094,0.111328,0.207031,0.013672
0.895264,-0.957031,0.058594,0.859375,-0.207031,0.056641,-0.453125
0.884155,-2.933594,0.042969,1.695313,0.236328,0.126953,-0.679687
0.873047,-1.347656,-0.960937,-1.867188,0.111328,0.349609,-0.585937
0.858521,1.675781,0.960937,-0.734375,-0.300781,0.347656,-0.322266
0.844849,1.582031,1.312500,2.542969,-0.453125,-0.044922,0.357422
0.849609,3.054688,1.449219,1.250000,-0.220703,-0.021484,-0.152344
0.856445,-3.664063,-3.191406,-0.710937,0.080078,0.001953,0.013672
0.864990,1.117188,-0.847656,-1.566406,0.128906,-0.048828,0.044922
0.865479,-0.539062,-0.585937,0.285156,0.082031,-0.001953,0.037109
0.866699,-0.148437,-0.777344,0.460937,0.183594,0.113281,-0.187500
0.871826,-1.312500,-0.949219,-0.097656,0.136719,0.234375,-0.097656
0.875000,-0.132812,-1.007813,-1.140625,-0.248047,0.046875,0.121094
0.878296,0.718750,1.941406,2.152344,-0.324219,-0.005859,0.242187
0.880615,0.785156,1.328125,0.636719,-0.507812,-0.101563,0.277344
0.884033,1.218750,1.796875,1.542969,-0.316406,-0.037109,-0.019531
0.885254,-2.699219,-1.660156,0.148437,-0.244141,-0.228516,-0.021484
0.885986,-1.480469,-0.457031,1.039063,-0.013672,-0.330078,-0.097656
0.885254,-1.281250,-0.371094,-2.015625,0.345703,-0.148437,0.134766
0.885620,0.769531,-0.691406,-2.406250,0.343750,0.000000,0.222656
0.887573,1.988281,-0.585937,-2.578125,0.240234,0.132812,0.154297
0.893311,-0.007813,-0.011719,-0.554687,-0.042969,0.117188,0.136719
0.895264,0.453125,0.066406,2.203125,-0.269531,0.066406,0.113281
0.896851,-0.636719,0.242187,2.109375,-0.339844,-0.275391,-0.023437
0.896240,-0.437500,0.570312,1.429688,0.068359,-0.148437,0.087891
0.894043,2.074219,-0.253906,-4.531250,0.757812,0.296875,0.302734
0.891479,2.308594,-0.652344,-5.796875,0.503906,0.230469,-0.111328
0.880005,-0.757812,-0.492187,-1.300781,0.048828,0.308594,-1.408203
0.871826,-6.191406,-2.378906,3.195313,-0.443359,0.193359,-1.169922
0.863647,2.156250,2.238281,1.179688,-0.119141,0.183594,-0.792969
0.858032,1.777344,-0.292969,-3.230469,-0.238281,0.300781,-0.605469
0.845459,1.531250,0.320313,0.148437,-0.058594,0.144531,-0.146484
0.839722,0.871094,1.785156,-0.046875,0.066406,-0.060547,0.478516
0.833252,2.886719,3.820313,2.160156,-0.234375,-0.328125,0.576172
0.812134,0.097656,2.351563,3.847656,-0.169922,-0.179687,0.279297
0.801392,-1.386719,-0.894531,-0.304688,-0.246094,0.083984,0.062500
0.795654,-0.328125,-1.054688,-1.453125,-0.037109,0.320313,-0.113281
0.804565,-0.789062,-2.160156,-2.402344,-0.068359,0.207031,0.056641
0.819458,0.222656,-0.980469,1.511719,-0.230469,-0.054687,-0.130859
0.832886,-2.765625,-0.519531,1.789063,-0.466797,-0.404297,-0.042969
0.861572,0.843750,-1.039063,1.492188,0.074219,-0.287109,0.583984
0.867554,4.000000,-0.800781,-4.347656,0.441406,0.060547,0.882812
0.869751,3.015625,-0.480469,-4.386719,0.759766,0.185547,0.804687
0.869141,0.320313,0.125000,-3.574219,0.535156,0.167969,0.474609
0.862061,-2.160156,0.898437,2.996094,0.050781,0.017578,-0.044922
0.856201,-2.687500,0.906250,3.210938,0.189453,-0.064453,-0.656250
0.847168,-3.632813,-0.894531,-0.324219,0.121094,0.095703,-0.529297
0.829224,-0.171875,0.156250,-0.890625,-0.142578,0.009766,-0.054687
0.829590,0.980469,1.167969,1.675781,-0.386719,-0.089844,0.300781
0.841187,1.378906,0.843750,2.031250,-0.091797,-0.044922,-0.125000
0.867798,-2.437500,-1.722656,-1.164063,0.208984,0.107422,0.097656
0.874756,2.480469,-0.984375,-2.089844,-0.142578,0.113281,-0.054687
0.879395,-1.601563,-0.179687,2.039063,-0.332031,-0.033203,-0.271484
0.883423,-2.476563,0.250000,0.953125,-0.306641,0.101563,-0.158203
0.884888,0.488281,-0.164062,-0.378906,-0.056641,0.091797,-0.015625
0.886475,-0.132812,-0.011719,-0.527344,-0.162109,-0.027344,0.138672
0.892456,0.792969,-0.148437,1.214844,-0.013672,0.029297,0.332031
0.895264,1.324219,-0.203125,-0.906250,0.050781,0.121094,0.404297
0.896606,0.621094,0.058594,-0.960937,0.166016,0.052734,0.218750
0.897095,0.445312,0.257813,-2.878906,0.240234,0.152344,0.140625
0.895874,0.253906,0.218750,-0.734375,0.181641,0.275391,0.197266
0.894287,1.222656,0.152344,0.437500,-0.195312,0.126953,-0.234375
0.889526,-2.363281,0.679687,2.328125,-0.265625,0.007813,-0.634766
0.872803,-3.746094,0.738281,2.335938,-0.007813,0.248047,-0.392578
0.870728,2.535156,-1.089844,-2.781250,-0.044922,0.078125,-0.160156
0.875732,-0.675781,-0.769531,0.773437,-0.164062,-0.044922,0.007813
0.889893,0.160156,-0.386719,1.511719,-0.251953,-0.070312,0.208984
0.895264,-0.707031,-0.289063,3.394531,-0.138672,-0.025391,0.292969
0.897949,0.519531,0.089844,-0.519531,0.107422,0.062500,0.240234
0.898560,0.605469,0.195312,-2.425781,0.253906,0.171875,0.121094
0.897827,-0.589844,0.312500,-1.738281,0.238281,0.341797,0.167969
0.896484,1.289063,0.226562,-0.613281,-0.021484,0.322266,0.007813
0.891113,-1.613281,0.464844,2.253906,-0.320313,0.085937,-0.431641
0.886108,-3.093750,0.343750,1.609375,-0.320313,0.056641,-0.562500
0.882446,-1.226563,0.281250,0.246094,-0.197266,0.113281,-0.216797
0.882080,1.640625,-0.656250,-1.207031,0.099609,0.025391,0.027344
0.889648,0.406250,-0.195312,-1.085938,-0.355469,-0.136719,0.076172
0.894531,-1.402344,-0.378906,4.652344,-0.005859,-0.125000,0.351563
0.897827,1.457031,-0.460937,-0.777344,0.142578,-0.066406,0.273438
0.901123,1.433594,-0.093750,-3.820313,0.291016,0.138672,0.296875
0.902100,2.007813,0.000000,-1.812500,0.134766,0.207031,0.212891
0.903076,0.109375,0.343750,1.082031,-0.005859,0.298828,0.138672
0.902466,0.226562,0.359375,0.898437,-0.437500,0.054687,-0.265625
0.900513,-1.039063,0.289063,1.894531,-0.478516,0.089844,-0.359375
0.896973,0.402344,0.214844,-0.371094,-0.185547,0.125000,-0.417969
0.878296,0.203125,0.398438,-1.597656,0.001953,0.054687,-0.392578
0.873901,-0.589844,0.210937,-0.066406,-0.175781,-0.281250,-0.191406
0.874756,-0.796875,-0.261719,1.644531,-0.046875,-0.275391,-0.070312
0.878784,0.390625,-0.617187,-0.796875,0.310547,-0.097656,0.443359
0.891357,3.785156,-0.914062,-3.113281,0.275391,-0.089844,0.423828
0.895874,0.125000,-0.277344,-0.242187,0.099609,0.074219,0.277344
0.898193,0.789062,0.152344,-0.539062,0.193359,0.324219,0.230469
0.899414,0.843750,0.359375,-0.585937,-0.113281,0.445312,0.041016
0.899048,0.125000,0.433594,1.542969,-0.476562,0.201172,-0.330078
0.897461,-3.097656,0.789062,3.687500,-0.250000,0.156250,-0.304688
0.890747,0.386719,0.289063,-0.976562,-0.054687,0.080078,-0.113281
0.889893,0.277344,-0.484375,-0.777344,-0.064453,-0.150391,-0.103516
0.891968,-1.378906,-0.414062,0.226562,-0.117188,-0.273438,-0.078125
0.897583,-2.144531,-0.300781,0.917969,0.152344,-0.080078,0.271484
0.899780,2.300781,-0.371094,-2.140625,0.150391,-0.013672,0.291016
0.901245,0.460937,0.058594,0.097656,0.189453,0.115234,0.173828
0.901978,0.054687,0.382813,-1.113281,0.134766,0.359375,0.158203
0.901611,0.824219,0.265625,-0.433594,-0.257813,0.312500,-0.152344
0.900513,-2.562500,0.613281,2.539063,-0.312500,0.236328,-0.240234
0.898315,0.066406,0.457031,0.609375,-0.222656,0.226562,-0.289063
0.893188,0.300781,0.230469,-1.031250,-0.126953,0.216797,-0.132812
0.892456,-0.144531,-0.046875,1.054688,-0.162109,-0.048828,-0.025391
0.893188,-0.761719,-0.468750,0.578125,-0.167969,-0.298828,-0.205078
0.895020,-2.632813,-0.230469,-0.253906,0.039063,-0.238281,-0.005859
0.896851,0.546875,-0.546875,-1.757813,0.097656,-0.121094,0.232422
0.898560,3.710938,-0.730469,-1.640625,-0.214844,-0.234375,0.197266
0.899780,-0.250000,0.136719,0.796875,-0.253906,-0.021484,0.187500
0.900269,0.234375,0.007813,0.199219,0.009766,-0.027344,0.111328
0.899780,0.300781,0.375000,-1.125000,0.021484,0.056641,0.007813
0.893921,-1.070313,0.527344,0.367188,0.927734,0.521484,0.214844
0.889526,3.089844,-0.511719,-8.406250,1.298828,0.460937,-0.082031
0.884521,-1.558594,-0.851562,-1.378906,0.736328,0.111328,-1.318359
0.873657,-9.320313,-4.078125,4.917969,1.306641,0.300781,-0.876953
0.865112,-0.109375,-0.710937,-2.726563,0.964844,0.369141,-0.595703
0.856934,-0.156250,0.742187,3.636719,0.636719,0.347656,-0.583984
0.847290,-0.714844,0.855469,2.761719,0.373047,0.193359,-0.367188
0.826416,1.152344,1.734375,3.886719,0.039063,-0.216797,-0.095703
0.818604,0.125000,3.035156,6.082031,0.621094,-0.312500,0.289063
0.810913,1.527344,3.296875,1.339844,0.675781,-0.689453,0.736328
0.780762,0.808594,4.351562,6.410156,0.654297,-1.248047,0.800781
0.755249,-1.773438,3.515625,6.503906,0.687500,-1.648438,0.820312
0.699951,-1.152344,2.183594,4.601562,0.701172,-1.794922,0.753906
0.679810,-1.097656,-0.414062,0.734375,0.597656,-1.867188,0.644531
0.656250,-0.953125,-0.996094,-0.328125,0.373047,-1.812500,0.625000
0.657471,-0.433594,-1.507813,-0.820312,0.361328,-1.593750,0.705078
0.681763,0.332031,-1.789063,-2.687500,0.621094,-1.189453,0.542969
0.703125,-1.445313,-2.359375,-5.007812,0.386719,-0.861328,0.669922
0.727295,0.675781,-0.433594,-2.515625,0.117188,-0.968750,0.812500
0.734863,-1.238281,-0.148437,-0.214844,-0.533203,-1.000000,0.519531
0.742310,-3.191406,-2.812500,-3.597656,-0.650391,-0.824219,-0.101563
0.747314,0.796875,-2.523438,-7.511719,-0.078125,-0.316406,-0.125000
0.752441,3.480469,-1.187500,-5.671875,0.373047,-0.136719,0.263672
0.758667,0.828125,-0.085937,-1.851563,0.437500,-0.267578,0.185547
0.757324,-1.953125,-0.339844,1.957031,0.246094,-0.312500,-0.160156
0.750122,0.582031,-0.027344,0.531250,0.097656,0.101563,-0.179687
0.735962,1.417969,0.226562,-0.027344,0.001953,0.191406,-0.076172
0.731079,0.351563,0.570312,0.386719,-0.097656,0.091797,0.019531
0.724487,0.093750,-0.140625,-0.488281,-0.019531,-0.001953,0.085937
0.721313,0.574219,0.144531,-0.449219,-0.015625,0.003906,0.205078
0.722900,0.652344,0.402344,0.484375,-0.203125,0.007813,0.322266
0.728149,-2.089844,-2.574219,-1.765625,-0.308594,0.125000,0.123047
0.749878,0.628906,-0.207031,1.519531,-0.253906,0.359375,-0.117188
0.758667,-0.632812,0.097656,-0.554687,-0.154297,0.335938,-0.169922
0.771851,0.132812,-0.285156,-0.296875,-0.011719,0.185547,0.019531
0.787598,-5.429687,0.257813,4.601562,-0.369141,-0.392578,-0.179687
0.794800,-3.636719,-0.421875,1.746094,-0.529297,-0.595703,-0.460937
0.804565,5.433594,-1.035156,-5.246094,0.412109,-0.261719,0.373047
0.816162,6.492187,-0.597656,-5.769531,0.833984,0.140625,0.751953
0.831299,-1.804688,0.511719,-0.085937,0.484375,0.091797,0.302734
0.835815,2.394531,0.238281,-2.808594,0.652344,0.523437,0.289063
0.840454,3.078125,0.222656,0.000000,0.513672,0.656250,0.525391
0.843262,-1.011719,0.628906,6.082031,-0.351563,0.292969,-0.091797
0.841309,-1.218750,0.144531,-0.046875,-0.511719,-0.105469,-0.478516
0.838135,0.824219,-0.820312,-2.917969,-0.175781,-0.042969,-0.236328
0.837769,-1.398438,-0.253906,-0.519531,-0.029297,-0.185547,-0.251953
0.838867,-1.863281,-0.335938,1.894531,-0.257813,-0.162109,-0.033203
0.845825,1.980469,-0.093750,-1.949219,0.021484,0.019531,0.281250
0.859741,0.375000,0.429687,-0.976562,0.101563,0.052734,0.208984
0.865112,1.218750,0.312500,-2.519531,0.382813,0.257813,0.238281
0.868530,3.332031,0.046875,-1.839844,0.230469,0.464844,0.396484
0.867798,-4.972656,0.906250,4.796875,-0.468750,0.347656,-0.242187
0.863647,-1.656250,0.566406,1.425781,-0.458984,0.119141,-0.546875
0.852661,-0.125000,0.328125,0.500000,-0.294922,0.101563,-0.544922
0.836914,-0.226562,-0.500000,-1.277344,-0.029297,0.054687,-0.316406
0.795288,-0.257813,-0.636719,-0.671875,0.156250,0.078125,-0.158203
0.778687,-0.179687,-1.511719,-0.441406,0.351563,0.087891,-0.064453
0.774292,0.128906,-1.210938,-3.187500,0.746094,0.015625,0.103516
0.794067,2.250000,1.507813,2.011719,0.310547,-0.156250,0.576172
0.813354,0.644531,1.246094,1.820313,-0.021484,-0.333984,0.720703
0.829102,-3.125000,-1.425781,-0.867187,0.039063,-0.152344,0.078125
0.855103,1.210938,0.039063,0.574219,-0.009766,0.091797,0.093750
0.863281,1.910156,-0.175781,-3.164063,-0.001953,0.400391,0.117188
0.868164,-3.214844,0.292969,2.894531,-0.507812,0.273438,-0.308594
0.871338,-0.257813,0.726562,1.968750,-0.648437,0.162109,-0.392578
0.869019,-0.429687,0.542969,-0.343750,-0.363281,0.058594,-0.330078
0.865723,0.957031,0.000000,-1.230469,-0.109375,-0.056641,-0.103516
0.863159,-2.921875,-0.074219,1.230469,-0.185547,-0.365234,-0.261719
0.865601,1.437500,-0.589844,-2.339844,0.281250,-0.273438,0.099609
0.871094,5.324219,-0.886719,-3.277344,0.433594,-0.054687,0.492187
0.875244,0.519531,0.000000,-0.648437,0.289063,-0.076172,0.277344
0.877197,1.480469,-0.335938,-0.066406,0.126953,0.068359,0.291016
0.874634,-2.863281,-0.472656,2.093750,-0.412109,0.035156,-0.228516
0.871094,-6.773437,-3.468750,-0.832031,0.162109,0.234375,-1.291016
0.861572,-1.390625,-3.765625,-5.523437,0.576172,0.511719,-1.175781
0.849731,-1.656250,0.792969,3.484375,-0.093750,0.220703,-1.113281
0.838989,1.746094,2.738281,3.355469,-0.746094,-0.103516,-0.632812
0.815674,2.562500,1.996094,-1.238281,-0.632812,0.142578,-0.121094
0.804932,2.832031,1.695313,-0.847656,-0.330078,0.250000,0.406250
0.796875,-0.789062,0.066406,-0.027344,0.009766,0.158203,0.498047
0.793701,-1.285156,0.824219,1.617188,0.292969,0.027344,0.443359
0.791992,1.710938,3.078125,3.152344,0.296875,-0.265625,0.828125
0.789062,-1.296875,0.152344,2.054688,0.035156,-0.585937,0.736328
0.786377,-0.218750,-1.132813,-0.226562,-0.160156,-0.501953,0.478516
0.792480,-0.914062,-1.867188,-2.300781,-0.271484,-0.125000,0.072266
0.793945,-1.265625,-1.515625,-3.933594,-0.083984,0.322266,-0.158203
0.797729,0.503906,-0.445312,1.300781,-0.146484,0.355469,0.007813
0.824829,-1.320313,-0.050781,3.476563,-0.214844,0.177734,-0.050781
0.837280,-1.593750,0.031250,1.550781,-0.248047,-0.052734,-0.125000
0.843506,-3.441406,0.000000,2.195313,-0.457031,-0.378906,-0.359375
0.859619,6.593750,-0.832031,-5.125000,0.041016,-0.068359,0.287109
0.863403,1.531250,-0.281250,-4.367187,0.542969,0.056641,0.523437
0.866455,-0.925781,0.371094,-0.433594,0.396484,0.025391,0.191406
0.869141,-0.437500,0.324219,1.039063,0.378906,0.275391,0.232422
0.869751,0.515625,0.398438,1.250000,0.294922,0.408203,0.318359
0.870239,-2.562500,0.214844,3.164063,-0.175781,0.345703,-0.025391
0.869141,-3.589844,0.453125,1.816406,-0.478516,0.091797,-0.457031
0.868164,-0.265625,-0.320313,-0.585937,-0.076172,0.041016,-0.169922
0.868286,-2.894531,0.093750,2.484375,-0.093750,-0.169922,-0.171875
0.869507,-1.496094,-0.175781,2.433594,-0.308594,-0.326172,-0.205078
0.876465,3.667969,-0.695312,-2.031250,0.019531,-0.080078,0.187500
0.880249,2.414063,-0.187500,-3.281250,0.267578,0.082031,0.333984
0.882812,1.121094,0.386719,-0.242187,0.277344,0.210937,0.224609
0.885254,2.261719,0.394531,0.386719,0.234375,0.408203,0.337891
0.884644,-2.410156,0.636719,3.511719,-0.451172,0.187500,-0.218750
0.882812,-5.414062,0.792969,4.093750,-0.447266,-0.046875,-0.445312
0.871582,0.000000,-0.632812,-2.078125,-0.029297,-0.093750,-0.277344
0.865967,-0.964844,-0.773437,-0.777344,0.091797,0.005859,-0.240234
0.858765,0.503906,-1.414063,-1.007813,0.236328,0.222656,-0.242187
0.854858,-1.289063,-1.101563,-0.281250,-0.037109,0.150391,-0.291016
0.854492,1.761719,1.695313,1.246094,-0.304688,0.042969,-0.052734
0.857666,2.390625,1.687500,0.679687,-0.283203,-0.093750,0.375000
0.864868,-1.488281,-0.957031,0.753906,-0.175781,-0.191406,-0.093750
0.881104,-1.433594,-0.367188,2.550781,-0.201172,-0.253906,0.031250
0.885498,1.378906,-0.542969,-2.093750,0.009766,-0.091797,0.246094
0.888184,0.335938,-0.371094,-1.562500,0.189453,-0.007813,0.275391
0.889282,0.222656,0.019531,-2.421875,0.320313,0.052734,0.193359
0.888428,0.644531,0.011719,-0.609375,0.333984,0.162109,0.134766
0.885254,0.253906,0.070312,-0.226562,0.316406,0.324219,0.015625
0.877075,-3.773438,-0.226562,2.675781,-0.099609,0.349609,-0.601562
0.868530,-0.949219,1.226563,0.875000,-0.181641,0.365234,-0.615234
0.855103,2.503906,1.746094,0.546875,-0.398438,0.285156,-0.171875
0.847290,-1.515625,-2.175781,-1.320313,-0.148437,0.072266,-0.078125
0.851440,0.199219,-0.710937,-0.035156,-0.066406,-0.058594,-0.013672
0.853760,-0.804687,-0.597656,-1.484375,0.062500,-0.130859,-0.062500
0.854614,1.562500,-0.910156,-1.144531,0.212891,-0.123047,0.125000
0.858521,0.511719,-0.226562,-0.113281,0.242187,-0.031250,0.251953
0.865112,-1.226563,0.507812,2.417969,-0.111328,-0.099609,0.085937
0.872314,0.550781,1.535156,1.925781,-0.261719,-0.119141,0.169922
0.882324,0.109375,0.140625,0.730469,-0.179687,-0.060547,0.101563
0.885010,0.039063,-0.066406,0.160156,-0.218750,-0.033203,0.074219
0.886108,-0.687500,-0.011719,0.273438,-0.197266,-0.148437,-0.015625
0.884766,-1.476563,0.109375,0.167969,-0.187500,-0.255859,-0.109375
0.884521,1.785156,-0.664062,-2.304688,0.162109,-0.228516,0.015625
0.885010,1.449219,-0.519531,-2.722656,0.388672,-0.097656,0.228516
0.887939,-0.015625,-0.449219,-0.660156,0.253906,0.033203,0.179687
0.890015,0.179687,-0.210937,0.496094,0.025391,0.113281,0.169922
0.891968,-0.871094,0.691406,1.554688,-0.259766,-0.003906,0.074219
0.893188,-0.367188,0.753906,1.253906,-0.255859,-0.152344,0.005859
0.892944,0.429687,0.265625,-0.613281,-0.019531,-0.140625,0.066406
0.892090,2.171875,-0.117188,-4.406250,0.517578,0.009766,0.208984
0.885986,-0.363281,-0.074219,-0.714844,0.603516,0.085937,0.072266
0.878662,-2.281250,-0.343750,0.644531,0.392578,0.230469,-0.339844
0.870850,-3.429688,-1.484375,1.734375,0.064453,0.455078,-0.847656
0.863037,0.496094,0.675781,0.636719,-0.173828,0.458984,-0.630859
0.847778,0.406250,0.566406,0.750000,-0.324219,0.500000,-0.546875
0.839600,1.371094,1.976563,2.085938,-0.527344,0.376953,-0.267578
0.836182,2.382813,1.148438,2.546875,-0.650391,0.003906,0.365234
0.858765,-1.425781,-1.644531,-0.250000,-0.333984,-0.189453,-0.099609
0.868774,-0.402344,-0.789062,-1.203125,-0.328125,-0.380859,-0.146484
0.876709,4.203125,-1.031250,-2.835938,0.142578,-0.357422,0.472656
0.890137,2.414063,-0.187500,-1.593750,0.433594,-0.212891,0.710937
0.891968,0.222656,0.148437,-0.414062,0.492187,-0.072266,0.763672
0.891479,-2.093750,0.632812,0.816406,0.255859,0.031250,0.406250
0.890747,-0.203125,0.714844,-0.761719,0.195312,0.191406,0.156250
0.889893,2.074219,0.179687,-0.433594,0.166016,0.421875,0.220703
0.889038,-2.171875,0.226562,2.140625,-0.615234,0.027344,-0.507812
0.889893,2.371094,-0.109375,-1.152344,-0.599609,-0.140625,-0.376953
0.894653,1.335938,-0.410156,-3.472656,-0.015625,-0.109375,-0.027344
0.897339,-1.207031,-0.476562,1.507813,-0.164062,-0.164062,0.056641
0.899780,2.863281,-0.738281,-2.835938,0.439453,0.070312,0.492187
0.898926,-1.894531,-0.242187,1.523438,0.392578,0.037109,0.271484
0.896973,-6.445312,-2.839844,1.519531,0.289063,-0.027344,-0.867187
0.893921,-6.050781,-3.765625,0.609375,0.058594,-0.083984,-1.601563
0.878418,-0.902344,-0.796875,-0.695312,-0.017578,0.017578,-1.558594
0.861816,1.785156,1.492188,-1.269531,-0.146484,0.009766,-1.255859
0.848633,3.023438,1.812500,-0.484375,-0.279297,-0.103516,-0.552734
0.820923,2.363281,2.156250,-0.976562,-0.195312,-0.203125,0.078125
0.801147,3.167969,3.765625,0.839844,0.058594,-0.367188,0.671875
0.779297,2.128906,0.710937,-0.539062,0.732422,-0.253906,0.992187
0.756348,0.773437,0.824219,4.707031,0.675781,-0.519531,1.009766
0.753052,-2.289063,0.367188,5.144531,0.289063,-0.798828,0.601562
0.750000,-1.660156,0.398438,2.265625,0.128906,-0.501953,0.357422
0.747437,0.632812,-1.050781,-2.179688,0.162109,-0.111328,0.253906
0.750366,-0.339844,-0.773437,-1.121094,0.019531,0.183594,0.089844
0.754517,-0.117188,0.542969,0.671875,-0.253906,0.287109,0.105469
0.762939,-1.265625,0.199219,2.058594,-0.634766,0.414062,0.021484
0.788452,-2.187500,-2.839844,-1.121094,-0.306641,0.375000,-0.292969
0.809326,0.171875,-0.265625,1.218750,-0.273438,-0.060547,-0.113281
0.826416,-2.242188,-0.257813,0.046875,-0.210937,-0.152344,-0.232422
0.850464,3.996094,-0.988281,-2.113281,0.113281,-0.066406,0.244141
0.859741,2.449219,-0.058594,-3.203125,0.503906,0.187500,0.519531
0.865479,0.121094,0.675781,-0.269531,0.298828,0.224609,0.251953
0.875122,-0.589844,0.597656,0.656250,0.328125,0.373047,0.263672
0.875610,-3.652344,0.531250,4.183594,-0.080078,0.580078,0.072266
0.873291,-5.292969,0.992187,4.070312,-0.681641,0.029297,-0.619141
0.868408,2.519531,-0.082031,-1.820313,-0.300781,-0.078125,-0.269531
0.862793,-0.460937,-0.433594,-1.242188,-0.113281,-0.195312,-0.160156
0.865723,-0.546875,-0.742187,0.625000,-0.068359,-0.384766,-0.105469
0.871460,3.562500,-1.183594,-0.453125,0.126953,-0.447266,0.568359
0.884888,3.285156,-0.320313,-0.101563,0.263672,-0.320313,1.019531
0.882690,0.839844,0.539062,-1.976563,0.550781,-0.253906,1.089844
0.870850,-2.007813,0.617187,-0.562500,0.564453,-0.240234,0.761719
0.863403,-0.558594,0.734375,-0.855469,0.439453,-0.009766,0.376953
0.855957,0.144531,0.386719,-0.359375,0.214844,0.375000,0.054687
0.847900,-2.113281,0.761719,-2.820313,0.326172,0.353516,-0.443359
0.833618,-2.582031,-0.117188,2.957031,-0.369141,0.064453,-0.806641
0.822266,-1.230469,-0.351563,0.355469,-0.597656,0.228516,-1.029297
0.815796,1.250000,-1.117188,-1.277344,-0.500000,0.507812,-0.789062
0.826904,2.972656,0.070312,-0.355469,-0.470703,0.396484,-0.214844
0.835205,-0.054687,-0.687500,-0.707031,-0.197266,0.333984,-0.162109
0.841309,-0.054687,0.468750,1.726563,-0.300781,0.304688,-0.193359
0.842651,-0.988281,0.394531,1.261719,-0.341797,0.218750,-0.230469
0.847656,0.015625,-0.242187,0.664062,-0.341797,-0.308594,-0.152344
0.852905,-1.210938,-0.359375,-0.859375,-0.320313,-0.437500,-0.349609
0.860229,5.898437,-1.046875,-5.246094,0.472656,-0.115234,0.392578
0.870483,3.347656,-0.164062,-3.386719,0.587891,0.056641,0.566406
0.875000,-2.265625,0.492187,2.609375,0.238281,-0.044922,0.195312
0.878052,1.824219,0.226562,-0.984375,0.240234,0.121094,0.240234
0.880859,0.585937,0.156250,1.191406,0.046875,0.271484,0.226562
0.879272,-2.968750,0.515625,2.078125,-0.408203,0.167969,-0.306641
0.876099,-3.207031,0.269531,1.101563,-0.384766,0.193359,-0.478516
0.864502,0.691406,-0.156250,-0.460937,-0.117188,0.140625,-0.199219
0.864990,-2.359375,-0.121094,2.601563,-0.244141,-0.240234,-0.197266
0.869751,-1.488281,-0.195312,1.132813,-0.169922,-0.240234,-0.015625
0.881470,4.660156,-0.726562,-4.078125,0.080078,0.058594,0.244141
0.884399,0.851562,0.242187,-2.324219,0.302734,0.130859,0.255859
0.885742,1.597656,0.441406,-0.234375,0.259766,0.232422,0.291016
0.885742,-0.003906,0.484375,1.757813,-0.148437,0.226562,0.080078
0.882080,-3.429688,0.648437,3.675781,-0.386719,0.007813,-0.326172
0.879395,0.652344,-0.347656,-1.769531,-0.281250,-0.048828,-0.306641
0.877686,1.195313,-0.664062,-2.875000,0.107422,0.070312,-0.035156
0.881714,-0.296875,-0.363281,-0.125000,0.011719,-0.097656,0.019531
0.885132,-0.367188,-0.320313,2.113281,0.037109,-0.216797,0.238281
0.887085,1.058594,-0.140625,-2.382813,0.324219,-0.125000,0.369141
0.887329,-1.437500,-0.496094,-0.355469,0.294922,-0.050781,0.029297
0.885620,-5.468750,-3.859375,-1.695313,0.468750,0.146484,-1.099609
0.882812,1.714844,0.343750,-0.273438,0.267578,0.212891,-1.164063
0.867920,-0.351563,0.441406,0.421875,-0.125000,0.373047,-1.121094
0.857178,0.421875,0.832031,1.031250,-0.410156,0.078125,-0.931641
0.846558,3.007813,2.648438,0.968750,-0.636719,-0.105469,-0.289063
0.834229,4.167969,3.308594,-3.347656,-0.314453,0.054687,0.470703
0.817627,3.074219,2.035156,-2.222656,0.474609,0.054687,1.107422
0.807495,-0.714844,-0.988281,2.457031,0.742187,-0.138672,0.871094
0.801392,-2.515625,0.843750,7.832031,0.060547,-0.652344,0.525391
0.798096,1.660156,0.109375,-1.199219,-0.023437,-0.517578,0.511719
0.805542,0.996094,-1.246094,-1.496094,-0.107422,-0.238281,0.535156
0.812378,-1.171875,-1.484375,-1.972656,-0.087891,-0.003906,0.234375
0.823364,-0.773437,-0.703125,-1.121094,-0.152344,0.273438,-0.021484
0.830078,-1.003906,-0.777344,1.414063,-0.173828,0.335938,-0.232422
0.836060,-0.796875,0.218750,1.707031,-0.302734,0.125000,-0.246094
0.844482,-1.410156,0.027344,1.921875,-0.419922,-0.271484,-0.267578
0.847412,-1.863281,-0.234375,0.972656,-0.378906,-0.251953,-0.330078
0.849121,2.746094,-0.710937,-3.875000,0.138672,-0.335938,-0.107422
0.860474,4.679687,-1.023438,-3.531250,0.576172,-0.015625,0.505859
0.866455,0.781250,0.046875,-2.097656,0.587891,0.134766,0.433594
0.871094,-0.503906,0.585937,1.691406,0.261719,0.179687,0.201172
0.873413,2.046875,0.210937,0.371094,0.203125,0.353516,0.310547
0.872803,-4.625000,0.445312,3.796875,-0.421875,0.351563,-0.281250
0.873413,-2.335938,-0.011719,1.214844,-0.373047,0.054687,-0.333984
0.875366,2.707031,-0.511719,-2.375000,0.087891,0.080078,0.017578
0.880005,-2.566406,-0.097656,2.695313,-0.218750,-0.238281,-0.222656
0.882568,2.269531,-0.855469,-2.277344,0.009766,-0.203125,0.099609
0.885010,5.234375,-0.808594,-6.652344,0.615234,-0.017578,0.570312
0.883545,0.125000,-0.464844,-0.210937,0.257813,-0.082031,0.134766
0.881836,-7.195312,-4.144531,-1.214844,0.433594,0.068359,-1.367188
0.879395,2.226563,0.050781,0.714844,0.205078,0.041016,-1.210938
0.866821,-0.144531,2.417969,4.203125,-0.492187,-0.056641,-1.177734
0.852905,-0.417969,1.304688,-1.957031,-0.230469,0.234375,-0.839844
0.834229,2.660156,2.023438,-1.160156,0.167969,0.085937,-0.197266
0.800781,3.843750,4.207031,1.015625,0.259766,0.039063,0.550781
0.790161,2.503906,4.433594,3.027344,0.093750,-0.212891,1.068359
0.782227,1.121094,2.160156,2.675781,-0.121094,-0.285156,1.046875
0.778931,-3.261719,-2.675781,1.078125,-0.316406,-0.183594,0.392578
0.781006,-2.093750,-0.988281,-0.960937,-0.423828,-0.013672,-0.027344
0.774902,0.082031,0.222656,-2.320313,-0.402344,0.257813,-0.074219
0.772583,0.402344,-0.136719,-0.492187,-0.433594,0.464844,-0.134766
0.795410,0.593750,-0.453125,2.136719,-0.126953,0.294922,-0.087891
0.813721,-2.179688,-0.039063,1.730469,-0.236328,-0.095703,-0.177734
0.828857,-1.722656,-0.460937,1.097656,-0.177734,-0.257813,-0.007813
0.851562,4.261719,-1.011719,-1.851563,0.412109,-0.046875,0.646484
0.857300,1.531250,0.054687,-1.894531,0.585937,0.039063,0.763672
0.860352,-2.281250,0.492187,0.777344,0.306641,0.082031,0.357422
0.862427,1.457031,0.570312,-0.507812,0.289063,0.251953,0.257813
0.862427,0.437500,0.539062,0.738281,0.146484,0.328125,0.228516
0.859741,-5.527344,0.843750,2.992188,-0.335938,0.140625,-0.453125
0.856323,-0.710937,0.171875,-0.601562,-0.410156,0.240234,-0.742187
0.831665,0.996094,-0.558594,-1.574219,-0.250000,0.376953,-0.607422
0.819580,-0.753906,-0.421875,0.312500,-0.355469,0.076172,-0.458984
0.822876,0.273438,-0.265625,0.457031,-0.164062,-0.099609,-0.134766
0.842163,-2.449219,-0.265625,1.777344,-0.341797,-0.269531,-0.187500
0.851562,2.992188,-1.019531,-0.820312,-0.039063,-0.066406,0.339844
0.859863,2.441406,-0.335938,-2.750000,0.289063,-0.003906,0.550781
0.869385,1.816406,0.363281,-2.261719,0.666016,0.148437,0.699219
0.870605,-2.863281,0.875000,2.714844,0.205078,0.101563,0.187500
0.870239,0.667969,0.644531,0.992187,0.148437,0.248047,0.253906
0.867065,-3.000000,0.421875,1.718750,-0.101563,0.394531,-0.025391
0.860718,-6.281250,1.105469,2.953125,-0.609375,0.115234,-0.875000
0.849121,3.078125,-0.457031,-2.164063,-0.289063,0.292969,-0.531250
0.838257,2.550781,-0.820312,-1.621094,-0.123047,0.187500,-0.201172
0.841064,-2.761719,0.023437,2.878906,-0.128906,-0.203125,-0.132812
0.848267,-0.777344,-0.789062,2.687500,-0.365234,-0.363281,-0.058594
0.857788,5.882812,-0.640625,-4.757812,0.285156,-0.167969,0.558594
0.872681,1.101563,-0.382813,-2.277344,0.373047,-0.091797,0.550781
0.876465,1.234375,0.046875,-0.417969,0.310547,0.046875,0.375000
0.880005,0.214844,0.371094,0.800781,0.195312,0.105469,0.304688
0.884277,-0.152344,0.500000,0.882812,-0.048828,0.246094,0.160156
0.884277,-1.285156,0.500000,1.925781,-0.281250,0.203125,-0.199219
0.883179,-0.671875,0.203125,0.945312,-0.556641,0.193359,-0.419922
0.875244,0.238281,0.386719,-1.964844,-0.185547,0.150391,-0.363281
0.867920,-0.261719,-0.128906,0.226562,-0.060547,0.044922,-0.183594
0.865112,-0.683594,-0.441406,1.132813,-0.173828,-0.218750,-0.214844
0.872925,2.718750,-0.785156,-1.417969,-0.111328,-0.277344,-0.025391
0.879150,4.023437,-0.578125,-3.722656,0.378906,-0.042969,0.562500
0.884399,-1.347656,0.316406,-1.171875,0.166016,-0.029297,0.207031
0.888794,-0.582031,0.085937,0.976562,0.291016,0.166016,0.277344
0.889404,-0.027344,0.203125,1.484375,0.191406,0.312500,0.234375
0.889160,-3.445313,0.449219,3.781250,-0.400391,0.185547,-0.210937
0.888550,-0.910156,0.371094,0.144531,-0.326172,0.044922,-0.277344
0.885132,0.386719,0.140625,-0.929687,-0.230469,0.167969,-0.316406
0.883179,0.820312,-0.363281,-0.046875,0.025391,0.056641,-0.082031
0.883301,-2.027344,0.011719,2.226563,-0.138672,-0.193359,-0.136719
0.886353,-1.148438,-0.105469,0.933594,-0.105469,-0.216797,-0.058594
0.888550,2.582031,-0.738281,-1.472656,0.093750,-0.015625,0.335938
0.890503,0.070312,0.273438,-0.460937,0.179687,-0.001953,0.318359
0.893188,-0.425781,0.394531,-0.562500,0.160156,0.027344,0.138672
0.893555,0.898437,0.355469,-0.218750,0.132812,0.175781,0.126953
0.893311,1.089844,0.125000,-0.257813,0.113281,0.310547,0.119141
0.891357,-1.558594,0.203125,0.125000,0.046875,0.304688,-0.087891
0.888550,-1.878906,0.101563,0.761719,-0.126953,0.257813,-0.369141
0.885376,-0.433594,-0.250000,1.667969,-0.333984,0.238281,-0.419922
0.884277,-0.242187,-0.289063,0.710937,-0.326172,0.224609,-0.228516
0.887207,0.355469,0.058594,-0.945312,-0.080078,0.013672,-0.064453
0.889771,-1.125000,-0.203125,1.652344,-0.207031,-0.154297,-0.054687
0.892334,1.296875,-0.417969,-0.929687,0.017578,-0.062500,0.275391
0.897949,3.191406,-0.402344,-2.859375,0.248047,0.003906,0.414062
0.899902,-1.062500,0.417969,1.070313,0.037109,-0.037109,0.205078
0.901001,-0.117188,0.347656,0.335938,0.009766,0.033203,0.111328
0.900879,-0.093750,0.203125,-0.332031,0.070312,0.134766,0.070312
0.900757,1.125000,0.011719,-1.207031,0.169922,0.240234,0.150391
0.900024,-0.761719,0.234375,0.203125,0.164062,0.259766,0.048828
0.895630,-2.332031,0.035156,1.949219,-0.039063,0.164062,-0.275391
0.891235,-2.585938,0.546875,1.277344,-0.234375,0.101563,-0.531250
0.887329,2.218750,-0.695312,-0.839844,-0.175781,0.195312,-0.228516
0.886108,-1.207031,-0.082031,1.398438,-0.271484,0.115234,-0.185547
0.887573,1.042969,-0.234375,-1.152344,-0.058594,0.142578,-0.023437
0.889160,-0.218750,-0.195312,-0.195312,-0.078125,0.050781,-0.037109
0.891235,0.937500,0.164062,-0.898437,-0.070312,0.009766,0.095703
0.894287,-2.125000,0.105469,2.390625,-0.273438,-0.181641,-0.046875
0.896362,0.347656,-0.070312,-0.628906,-0.154297,-0.158203,0.078125
0.899780,2.171875,-0.257813,-2.304688,0.046875,-0.078125,0.232422
0.903809,-0.523437,0.105469,-0.605469,0.046875,-0.109375,0.156250
0.904663,1.804688,-0.003906,-2.078125,0.197266,0.074219,0.230469
0.905273,-0.824219,0.312500,0.421875,0.097656,0.017578,0.121094
0.905884,0.703125,0.082031,-0.292969,0.167969,0.123047,0.169922
0.906128,0.632812,-0.031250,-0.023437,0.171875,0.205078,0.210937
0.905762,-2.207031,0.394531,1.820313,-0.089844,0.123047,-0.046875
0.903442,-1.925781,0.394531,1.125000,-0.228516,0.169922,-0.277344
0.900513,0.648437,0.195312,-0.859375,-0.136719,0.281250,-0.333984
0.896240,-0.808594,-0.433594,2.250000,-0.242187,0.052734,-0.210937
0.896362,-1.031250,-0.011719,1.062500,-0.201172,-0.281250,-0.164062
0.897583,-2.011719,-0.125000,1.761719,-0.289063,-0.523437,-0.144531
0.898804,3.457031,-0.753906,-1.246094,0.134766,-0.406250,0.417969
0.900635,-0.914062,-0.101563,1.210938,0.101563,-0.482422,0.609375
0.898804,1.007813,-0.175781,-1.929688,0.361328,-0.400391,0.773437
0.894409,2.476563,0.390625,-2.957031,0.589844,-0.158203,0.859375
0.887817,-2.296875,0.941406,2.925781,0.300781,-0.015625,0.414062
0.876343,-0.910156,0.550781,-2.292969,0.441406,0.478516,0.007813
0.870728,-1.511719,0.312500,-2.449219,0.617187,0.470703,-0.386719
0.858521,-2.816406,0.187500,0.667969,0.244141,0.371094,-1.070313
0.813110,-5.488281,-2.148438,3.148438,0.095703,0.289063,-1.875000
0.798706,4.460937,-0.222656,-2.054688,0.179687,0.232422,-1.275391
0.791138,5.222656,0.234375,0.097656,0.023437,-0.011719,-0.339844
0.787720,-0.859375,0.007813,2.152344,-0.781250,-0.478516,-0.433594
0.780762,-2.562500,-0.007813,2.371094,-1.146484,-0.740234,-0.583984
0.766235,3.500000,1.171875,-3.843750,-0.720703,-0.640625,-0.062500
0.754883,2.972656,2.062500,-2.089844,-0.087891,-0.558594,0.554687
0.734741,0.125000,1.152344,-0.511719,0.748047,-0.615234,0.687500
0.724487,-1.000000,0.222656,0.500000,1.158203,-0.742187,0.658203
0.716309,-0.019531,1.992188,5.609375,0.427734,-0.744141,0.685547
0.708618,0.113281,0.300781,0.550781,0.208984,-0.445312,0.566406
0.721436,0.398438,-0.367188,-0.351563,0.031250,-0.265625,0.392578
0.736206,-1.187500,-0.304688,-1.027344,-0.179687,0.050781,-0.025391
0.774658,-1.871094,-0.839844,-0.144531,-0.457031,0.375000,-0.490234
0.797119,0.609375,-0.351563,0.976562,-0.667969,0.740234,-0.529297
0.812988,0.617187,-0.281250,-1.347656,-0.509766,0.503906,-0.396484
0.827637,-1.335938,0.093750,1.527344,-0.337891,0.117188,-0.300781
0.831787,-2.839844,0.054687,2.855469,-0.423828,-0.310547,-0.330078
0.834595,-3.277344,-0.074219,0.582031,-0.304688,-0.392578,-0.480469
0.847168,6.445312,-1.539063,-5.585937,0.615234,-0.210937,0.666016
0.854004,-0.164062,0.101563,-1.039063,0.943359,-0.060547,0.941406
0.857178,-0.988281,0.929687,0.988281,0.548828,0.082031,0.646484
0.861450,-0.054687,0.707031,0.214844,0.355469,0.199219,0.412109
0.868896,2.363281,0.347656,0.687500,-0.169922,0.423828,0.302734
0.869629,-5.191406,0.707031,2.535156,-0.642578,0.187500,-0.537109
0.869385,0.859375,0.402344,-0.925781,-0.699219,0.279297,-0.673828
0.856567,0.503906,0.035156,-2.011719,-0.386719,0.404297,-0.572266
0.850464,0.417969,-0.210937,0.730469,-0.138672,0.136719,-0.279297
0.850464,-3.359375,-0.019531,2.625000,-0.240234,-0.173828,-0.207031
0.859131,-1.820313,-0.527344,1.246094,-0.353516,-0.371094,-0.294922
0.867798,6.230469,-1.292969,-5.281250,0.394531,-0.111328,0.548828
0.874390,3.308594,-0.296875,-2.562500,0.566406,0.021484,0.701172
0.877441,-1.378906,0.679687,1.152344,0.333984,-0.001953,0.441406
0.878540,0.367188,0.578125,0.117188,0.171875,0.126953,0.230469
0.879028,1.218750,0.226562,-0.933594,0.228516,0.287109,0.257813
0.878418,0.433594,0.042969,-0.175781,0.023437,0.156250,0.078125
0.876343,-3.199219,0.312500,1.929688,-0.509766,0.033203,-0.460937
0.876099,1.878906,-0.492187,-1.691406,-0.234375,0.123047,-0.207031
0.877563,0.605469,-0.265625,-0.417969,-0.154297,0.050781,-0.087891
0.885132,-2.136719,0.082031,1.218750,-0.177734,-0.060547,-0.074219
0.888428,2.007813,-0.292969,-1.714844,-0.023437,0.031250,0.167969
0.891602,0.898437,0.105469,-2.386719,0.203125,0.083984,0.214844
0.894897,0.515625,0.144531,-0.042969,0.179687,0.140625,0.167969
0.895264,0.125000,0.304688,0.339844,0.056641,0.185547,0.130859
0.895142,-2.687500,0.503906,2.222656,-0.337891,0.191406,-0.167969
0.892212,-0.226562,0.160156,-0.808594,-0.248047,0.054687,-0.263672
0.890503,-0.074219,-0.046875,-0.625000,-0.107422,0.025391,-0.199219
0.890137,0.515625,-0.468750,0.347656,-0.080078,-0.087891,-0.085937
0.893799,-1.363281,-0.085937,2.035156,-0.263672,-0.302734,-0.207031
0.896118,3.019531,-0.808594,-0.898437,-0.085937,-0.171875,0.226562
0.897827,2.269531,-0.093750,-4.246094,0.214844,-0.023437,0.320313
0.898804,1.167969,0.175781,-0.687500,0.212891,0.019531,0.125000
0.899658,2.578125,0.058594,-0.953125,0.218750,0.228516,0.197266
0.899292,0.132812,0.296875,0.570312,0.107422,0.259766,0.166016
0.899292,-1.996094,0.335938,1.585938,-0.267578,0.093750,-0.291016
0.899170,-4.632812,0.558594,2.992188,-0.427734,0.101563,-0.400391
0.899048,-0.121094,-0.253906,-0.523437,-0.335938,0.175781,-0.275391
0.899658,1.359375,-0.292969,-1.246094,0.019531,0.091797,-0.023437
0.900269,-2.019531,0.234375,1.941406,-0.171875,-0.158203,-0.175781
0.900635,-0.671875,-0.062500,1.253906,-0.136719,-0.101563,-0.011719
0.902344,2.429688,-0.324219,-4.394531,0.351563,0.027344,0.349609
0.904297,-0.941406,0.097656,-0.148437,0.310547,-0.042969,0.214844
0.904297,0.937500,0.058594,-0.433594,0.294922,0.109375,0.185547
0.902832,0.156250,-0.187500,-1.023438,0.128906,0.187500,-0.111328
0.897827,-2.742188,-0.640625,0.078125,-0.021484,0.142578,-0.708984
0.893921,3.464844,2.074219,-0.988281,0.148437,0.220703,-0.328125
0.885864,0.222656,2.347656,1.816406,-0.072266,0.265625,-0.300781
0.876099,0.101563,1.054688,2.796875,-0.447266,0.005859,0.136719
0.873901,-2.667969,-2.921875,-1.707031,-0.236328,0.042969,-0.136719
0.876587,0.859375,-0.816406,-4.503906,0.144531,-0.001953,-0.003906
0.876953,-0.375000,-0.601562,-1.468750,0.255859,-0.078125,0.060547
0.876343,-0.085937,-0.378906,0.867187,0.283203,-0.056641,0.224609
0.876587,-2.910156,-0.488281,1.531250,0.113281,-0.062500,-0.140625
0.875977,0.550781,0.875000,1.578125,-0.146484,-0.044922,-0.103516
0.875854,1.585938,1.191406,-0.039063,-0.208984,0.052734,0.068359
0.876953,1.625000,2.074219,1.878906,-0.322266,0.023437,0.386719
0.878662,-4.050781,-1.957031,1.082031,-0.306641,-0.046875,-0.039063
0.882324,-0.542969,0.089844,0.417969,-0.292969,-0.263672,-0.078125
0.885742,-2.230469,-0.515625,1.152344,-0.210937,-0.365234,-0.156250
0.888184,3.531250,-0.976562,-4.769531,0.298828,-0.160156,0.183594
0.890625,0.828125,-0.054687,-1.496094,0.449219,0.021484,0.318359
0.896362,-0.433594,0.144531,2.523438,0.068359,-0.052734,0.203125
0.898926,0.867187,0.066406,3.359375,-0.207031,-0.074219,0.201172
0.901245,-0.226562,0.273438,0.839844,-0.259766,-0.162109,0.082031
0.902466,-0.234375,0.097656,-1.113281,-0.052734,-0.152344,0.050781
0.901733,1.312500,-0.285156,-3.855469,0.398438,0.087891,0.125000
0.900146,1.437500,-0.355469,-5.414062,0.945312,0.347656,0.179687
0.891846,-5.250000,-1.980469,5.054687,0.457031,0.162109,-0.382813
0.884644,-9.652344,-2.925781,4.566406,-0.207031,0.234375,-1.878906
0.877808,3.246094,2.261719,1.156250,-0.591797,-0.080078,-1.146484
0.870239,4.804687,-0.085937,-3.921875,-0.242187,0.224609,-0.642578
0.865479,0.789062,1.960938,1.257813,-0.267578,0.199219,-0.457031
0.854980,2.031250,3.402344,-0.097656,-0.023437,0.105469,0.033203
0.820923,4.207031,4.113281,-0.710937,0.357422,0.039063,0.753906
0.798950,2.218750,2.718750,3.050781,0.005859,-0.175781,0.667969
0.778809,-3.652344,-1.976563,0.007813,0.017578,-0.248047,-0.089844
0.758057,-0.128906,-0.152344,-0.390625,-0.185547,-0.097656,-0.195312
0.745850,1.343750,-0.335938,-1.269531,-0.224609,0.044922,-0.068359
0.750488,0.429687,-1.085938,-0.746094,-0.208984,0.205078,0.009766
0.763184,-0.171875,-0.128906,1.320313,-0.119141,0.107422,-0.025391
0.803223,-1.953125,-0.429687,1.460938,-0.212891,-0.154297,-0.148437
0.822754,-1.386719,-0.199219,1.914063,-0.365234,-0.511719,-0.126953
0.842041,0.597656,-0.972656,1.078125,0.007813,-0.353516,0.443359
0.866089,3.113281,-0.312500,-4.691406,0.548828,-0.162109,0.886719
0.868530,0.957031,0.066406,-2.882813,0.785156,0.066406,0.884766
0.867676,-2.031250,0.761719,0.867187,0.513672,0.128906,0.484375
0.858276,-0.902344,0.609375,0.445312,0.339844,0.199219,0.126953
0.849976,-4.312500,-0.945312,2.218750,0.171875,0.193359,-0.425781
0.839355,-2.078125,1.566406,2.671875,-0.175781,-0.027344,-0.666016
0.827393,3.000000,2.390625,0.605469,-0.253906,-0.072266,0.001953
0.836060,3.921875,1.058594,0.332031,-0.466797,-0.125000,0.500000
0.853149,-2.566406,-2.347656,-0.781250,-0.250000,-0.021484,-0.080078
0.867310,2.652344,-0.355469,-4.964844,0.191406,0.246094,0.126953
0.878662,0.535156,-0.539062,0.531250,-0.177734,0.248047,-0.064453
0.881226,-3.890625,0.082031,2.539063,-0.568359,0.037109,-0.365234
0.883301,0.773437,0.234375,0.386719,-0.296875,-0.089844,-0.146484
0.887573,-0.972656,-0.074219,0.578125,-0.218750,-0.146484,-0.144531
0.890259,1.937500,-0.601562,-0.347656,-0.029297,-0.003906,0.253906
0.893066,3.601563,-0.378906,-2.441406,0.119141,0.025391,0.384766
0.897217,0.160156,0.519531,-1.000000,0.111328,-0.007813,0.197266
0.897705,-0.246094,0.210937,-0.753906,0.140625,0.082031,0.062500
0.897217,1.585938,-0.171875,-2.148438,0.343750,0.248047,0.183594
0.894653,-0.128906,0.273438,1.113281,0.277344,0.310547,0.166016
0.891602,-3.476563,0.503906,3.640625,-0.208984,0.253906,-0.255859
0.886841,-3.324219,0.648437,2.484375,-0.552734,0.126953,-0.685547
0.880737,1.738281,-0.132812,-1.375000,-0.283203,0.179687,-0.310547
0.880249,0.695312,-0.371094,-1.261719,0.148437,0.197266,0.048828
0.884521,-2.097656,-0.179687,2.859375,-0.083984,-0.138672,-0.042969
0.890015,1.546875,-0.585937,0.867187,-0.136719,-0.107422,0.205078
0.900146,2.437500,-0.363281,-1.468750,0.150391,0.013672,0.417969
0.902710,0.195312,0.187500,-1.191406,0.173828,0.076172,0.232422
0.903442,0.738281,0.535156,-0.750000,0.259766,0.175781,0.197266
0.901978,0.824219,0.386719,1.511719,0.074219,0.187500,0.214844
0.899414,-0.921875,0.472656,1.546875,-0.296875,0.074219,-0.246094
0.895752,-0.242187,-0.039063,-0.601562,-0.480469,-0.060547,-0.601562
0.889404,3.218750,-0.824219,-3.007813,-0.087891,0.183594,-0.205078
0.889160,-0.089844,-0.257813,0.578125,0.031250,0.111328,-0.033203
0.891113,-0.519531,0.203125,1.542969,-0.166016,-0.072266,-0.109375
0.897461,2.843750,-0.777344,-1.644531,-0.130859,0.039063,0.132812
0.901245,2.207031,-0.347656,-4.531250,0.326172,0.167969,0.375000
0.903198,-0.296875,0.042969,-0.390625,0.273438,0.175781,0.277344
0.904785,-0.332031,0.425781,0.750000,0.066406,0.183594,0.146484
0.905518,0.464844,0.175781,-0.765625,0.037109,0.318359,0.091797
0.905029,-1.550781,0.250000,0.675781,-0.123047,0.277344,-0.171875
0.903809,-0.656250,0.433594,-0.390625,-0.164062,0.236328,-0.267578
0.896851,0.890625,0.105469,-1.871094,0.037109,0.228516,-0.250000
0.891113,-0.226562,-0.378906,1.457031,-0.031250,0.072266,-0.263672
0.888550,-0.687500,-0.425781,1.664063,-0.136719,-0.132812,-0.140625
0.889893,-2.144531,-0.050781,1.097656,-0.195312,-0.210937,-0.230469
0.891113,2.558594,-0.472656,-2.000000,0.335938,0.015625,0.349609
0.893677,-1.132813,-0.078125,0.859375,0.253906,-0.031250,0.355469
0.899658,1.031250,-0.101563,-1.593750,0.302734,0.025391,0.435547
0.900879,-0.441406,0.511719,-0.882812,0.105469,0.080078,0.140625
0.901978,-1.144531,0.593750,2.242188,0.027344,0.214844,0.111328
0.901855,-2.007813,0.335938,1.300781,-0.117188,0.220703,-0.083984
0.901123,-2.125000,0.144531,0.941406,-0.287109,0.087891,-0.318359
0.899536,2.722656,-0.171875,-3.203125,-0.060547,0.240234,-0.119141
0.897583,-0.730469,-0.218750,0.207031,-0.044922,-0.037109,-0.093750
0.895996,-1.527344,0.011719,1.460938,-0.183594,-0.253906,-0.173828
0.897217,0.453125,-0.292969,-0.128906,-0.107422,-0.242187,-0.042969
0.899170,3.582031,-0.746094,-2.660156,0.128906,0.029297,0.279297
0.901733,0.601562,-0.003906,-1.894531,0.244141,0.144531,0.218750
0.902222,0.839844,0.226562,0.242187,0.166016,0.302734,0.203125
0.901611,-1.542969,0.496094,2.250000,-0.226562,0.246094,-0.136719
0.897583,-2.500000,0.695312,3.332031,-0.408203,0.160156,-0.351563
0.892944,1.214844,0.464844,-0.519531,-0.388672,0.187500,-0.349609
0.889160,0.257813,-0.378906,0.675781,-0.328125,0.019531,-0.150391
0.887451,-0.886719,-0.371094,-0.035156,-0.269531,-0.160156,-0.121094
0.887451,-2.582031,-0.246094,0.070312,-0.253906,-0.349609,-0.248047
0.887817,1.335938,-0.746094,-2.195313,0.035156,-0.177734,0.134766
0.888062,-0.625000,0.074219,1.296875,-0.064453,-0.119141,0.183594
0.891357,-0.273438,0.597656,2.617188,-0.300781,-0.277344,0.146484
0.892944,-0.382813,0.550781,2.664063,-0.289063,-0.330078,0.132812
0.892944,2.843750,-0.238281,-4.437500,0.160156,0.021484,0.212891
0.888550,0.507812,0.023437,-4.167969,0.701172,0.330078,0.175781
0.883057,-0.417969,-0.253906,-0.609375,0.792969,0.236328,-0.144531
0.876099,-6.726562,-3.312500,1.890625,0.832031,-0.037109,-1.156250
0.864868,3.398438,0.906250,-2.085938,1.003906,0.148437,-0.970703
0.856079,1.183594,1.203125,3.441406,0.597656,0.197266,-0.589844
0.850098,-0.144531,1.714844,6.289062,0.099609,0.039063,-0.314453
0.844482,0.953125,2.593750,2.558594,0.691406,0.099609,0.087891
0.835693,1.406250,4.410156,7.328125,0.853516,-0.167969,0.736328
0.824463,0.050781,4.386719,7.089844,0.607422,-0.550781,1.005859
0.795654,-0.117188,2.464844,4.070312,0.574219,-0.830078,1.052734
0.781372,-2.113281,-0.507812,0.996094,0.853516,-1.021484,0.736328
0.768066,-0.031250,-0.148437,-0.136719,0.986328,-1.148438,0.615234
0.757568,0.117188,0.164062,0.687500,0.751953,-1.292969,0.652344
0.735474,0.031250,0.140625,0.644531,0.285156,-1.341797,0.689453
0.726807,-0.750000,-1.328125,-1.269531,0.107422,-1.353516,0.429687
0.726196,-0.382813,-1.957031,-2.785156,0.046875,-1.238281,0.287109
0.732666,-0.429687,-0.945312,-3.273438,0.003906,-1.111328,0.351563
0.740601,0.718750,-0.515625,-2.750000,-0.193359,-0.861328,0.503906
0.747437,-1.273438,-1.339844,-2.593750,-0.505859,-0.832031,0.316406
0.758667,-2.492188,-2.726563,-3.210938,-0.847656,-0.667969,-0.080078
0.764526,-0.070312,-2.917969,-9.093750,0.218750,-0.230469,-0.265625
0.765503,4.011719,-1.125000,-5.542969,0.880859,-0.048828,0.156250
0.747437,1.316406,1.378906,1.835938,0.384766,-0.140625,0.175781
0.743042,-0.433594,0.460937,1.328125,0.035156,-0.140625,0.121094
0.740723,-0.785156,-0.917969,-0.156250,-0.007813,0.001953,-0.087891
0.742554,-0.265625,-1.117188,-0.503906,-0.021484,0.166016,-0.238281
0.739624,0.363281,-0.253906,-1.820313,0.087891,0.228516,-0.162109
0.735474,0.210937,0.726562,1.214844,-0.060547,0.267578,-0.107422
0.732300,-0.058594,0.687500,1.375000,-0.166016,0.164062,-0.044922
0.735596,0.648437,0.359375,0.707031,-0.234375,0.195312,0.009766
0.752441,-1.460938,-2.550781,-2.746094,-0.197266,0.267578,-0.064453
0.778076,-0.425781,-0.207031,0.257813,-0.085937,0.105469,-0.048828
0.815674,-0.769531,-0.093750,1.105469,-0.117188,-0.060547,-0.050781
0.827759,-4.339844,0.070312,4.355469,-0.533203,-0.406250,-0.318359
0.838623,0.386719,-0.566406,0.640625,0.080078,-0.240234,0.244141
0.853760,3.335938,-0.207031,-4.445312,0.675781,0.076172,0.732422
0.857300,-0.773437,-0.039063,-0.710937,0.548828,0.154297,0.437500
0.860840,0.902344,0.300781,-1.546875,0.566406,0.343750,0.365234
0.862671,1.265625,0.492187,0.535156,0.269531,0.400391,0.416016
0.860718,-3.527344,0.542969,2.957031,-0.146484,0.281250,0.050781
0.858398,-4.710937,0.398438,2.421875,-0.462891,0.001953,-0.472656
0.855713,-0.023437,-0.175781,0.152344,-0.333984,-0.052734,-0.271484
0.853882,0.167969,-0.367188,-0.640625,-0.187500,-0.222656,-0.214844
0.857544,1.089844,-0.828125,0.292969,-0.214844,-0.218750,-0.001953
0.865723,3.371094,-0.496094,-3.136719,0.097656,-0.005859,0.417969
0.877319,0.554687,0.324219,-1.468750,0.105469,0.021484,0.220703
0.880981,-0.902344,0.683594,-0.296875,0.130859,0.185547,0.214844
0.884521,1.695313,0.203125,-0.242187,0.197266,0.388672,0.347656
0.883423,-5.980469,0.859375,5.195312,-0.566406,0.197266,-0.445312
0.879028,-2.542969,0.746094,1.996094,-0.460937,0.052734,-0.585937
0.866089,-1.101563,-0.511719,-2.140625,-0.101563,0.021484,-0.613281
0.831055,1.003906,-1.171875,-1.660156,0.232422,0.001953,-0.306641
0.823730,1.054688,-1.324219,-0.320313,0.291016,0.041016,-0.050781
0.827515,-1.957031,-1.546875,-0.035156,0.433594,-0.037109,-0.175781
0.838257,2.066406,1.769531,1.496094,0.179687,-0.150391,0.210937
0.844116,1.570313,1.140625,1.113281,0.041016,-0.246094,0.507812
0.854736,2.113281,1.503906,0.484375,-0.123047,-0.203125,0.748047
0.866089,-5.628906,-2.957031,-1.253906,-0.292969,-0.074219,0.072266
0.881348,2.714844,-0.414062,-3.046875,0.099609,0.181641,0.255859
0.885864,-0.449219,-0.019531,0.945312,0.023437,0.330078,0.193359
0.888916,-1.511719,0.300781,1.687500,-0.253906,0.406250,-0.128906
0.889160,-2.347656,0.699219,3.542969,-0.482422,0.134766,-0.386719
0.886230,0.285156,0.394531,-1.070313,-0.318359,0.144531,-0.332031
0.879883,-0.765625,0.308594,-0.730469,-0.164062,0.007813,-0.367188
0.869995,0.421875,-0.742187,0.363281,-0.046875,-0.251953,-0.125000
0.873291,-1.984375,-0.210937,0.312500,0.298828,-0.486328,0.150391
0.879395,1.648438,-0.750000,-0.945312,0.320313,-0.179687,0.503906
0.887573,0.714844,-0.195312,-0.984375,0.275391,-0.019531,0.396484
0.889282,0.578125,-0.074219,-0.375000,0.121094,0.105469,0.271484
0.888916,-1.597656,-0.511719,1.949219,-0.546875,0.103516,-0.367188
0.886963,-4.152344,-5.476562,-6.292969,0.244141,0.330078,-1.460938
0.882935,2.250000,-0.367188,-0.765625,0.310547,0.533203,-1.287109
0.875244,-2.097656,1.828125,5.140625,-0.587891,0.302734,-1.373047
0.865356,0.312500,0.316406,-0.886719,-0.539062,0.244141,-0.841797
0.846802,0.894531,2.562500,-0.824219,-0.414062,0.087891,-0.318359
0.836914,3.742188,3.421875,-1.644531,0.023437,0.201172,0.431641
0.826782,3.609375,4.714844,0.625000,0.160156,0.052734,1.109375
0.799927,0.554687,1.453125,2.730469,0.416016,-0.289063,0.919922
0.796387,-2.402344,0.191406,3.343750,0.193359,-0.703125,0.414062
0.789307,0.585937,0.742187,-0.839844,0.119141,-0.562500,0.332031
0.774780,1.804688,0.046875,-2.085938,0.121094,-0.291016,0.417969
0.770020,-0.195312,-0.828125,-1.246094,0.078125,0.015625,0.125000
0.768555,-0.015625,-0.062500,0.464844,-0.089844,0.291016,-0.044922
0.775391,-0.203125,1.179688,2.156250,-0.431641,0.263672,0.001953
0.790894,-0.730469,0.062500,2.066406,-0.291016,0.193359,-0.238281
0.812012,-1.433594,-2.464844,-0.968750,-0.220703,0.113281,-0.085937
0.829224,-2.761719,-0.167969,1.554688,-0.222656,-0.195312,-0.187500
0.844971,-0.125000,-0.320313,0.039063,-0.117188,-0.238281,-0.076172
0.848877,3.300781,-0.582031,-2.492188,0.259766,-0.066406,0.294922
0.853271,2.718750,-0.421875,-2.789063,0.544922,-0.029297,0.482422
0.857178,-0.359375,0.199219,-0.785156,0.367188,0.042969,0.255859
0.859985,2.105469,0.230469,-1.515625,0.455078,0.339844,0.333984
0.862061,2.460938,-0.019531,1.703125,-0.218750,0.513672,0.181641
0.863892,-6.328125,0.796875,5.003906,-0.621094,0.177734,-0.564453
0.863281,3.203125,-0.195312,-1.867188,-0.384766,0.341797,-0.232422
0.860962,-0.710937,-0.003906,-1.320313,-0.095703,0.107422,-0.146484
0.859619,-1.968750,-0.160156,2.195313,-0.210937,-0.232422,-0.197266
0.862305,-3.210938,-0.011719,2.296875,-0.107422,-0.353516,0.000000
0.867920,3.125000,-0.765625,-2.101563,0.179687,-0.158203,0.435547
0.877808,0.468750,0.062500,-2.093750,0.255859,0.005859,0.337891
0.880981,0.835937,0.371094,-1.621094,0.326172,0.197266,0.287109
0.882690,-0.718750,0.531250,2.355469,0.035156,0.335938,0.179687
0.883545,-3.621094,0.882812,4.085937,-0.587891,0.226562,-0.384766
0.881958,-0.617187,0.433594,0.378906,-0.375000,0.056641,-0.361328
0.877808,1.171875,0.078125,-1.464844,-0.123047,0.041016,-0.277344
0.872314,-0.519531,-0.703125,-0.945312,-0.019531,-0.082031,-0.257813
0.859741,0.183594,-1.070313,-1.105469,0.175781,0.017578,-0.125000
0.857544,-0.023437,-2.449219,-3.136719,0.619141,0.210937,-0.250000
0.854980,-0.937500,-0.445312,0.218750,0.238281,0.226562,-0.238281
0.851807,1.203125,2.039063,1.609375,-0.097656,0.072266,-0.001953
0.852051,1.140625,1.289063,1.441406,-0.279297,0.050781,0.111328
0.854004,1.019531,1.335938,1.078125,-0.443359,0.056641,0.250000
0.861816,1.457031,0.851562,0.609375,-0.402344,0.001953,0.234375
0.867920,0.046875,0.253906,1.222656,-0.248047,-0.095703,0.029297
0.872681,-1.777344,-0.234375,0.535156,-0.234375,-0.199219,-0.115234
0.875854,-0.781250,-0.074219,0.941406,-0.330078,-0.318359,-0.126953
0.882202,0.074219,-0.250000,0.945312,-0.250000,-0.369141,0.136719
0.884277,1.929688,-0.496094,-4.339844,0.179687,-0.166016,0.332031
0.886353,1.855469,-0.066406,-3.843750,0.671875,0.048828,0.513672
0.883545,-0.910156,0.316406,0.000000,0.478516,0.164062,0.265625
0.880859,-0.378906,0.378906,0.953125,0.326172,0.197266,0.113281
0.876587,-5.183594,-0.718750,3.062500,-0.115234,0.216797,-0.541016
0.863892,0.046875,1.000000,0.585937,-0.218750,0.251953,-0.701172
0.848389,2.359375,2.269531,-0.792969,-0.218750,0.406250,-0.433594
0.832031,1.617188,1.128906,1.699219,-0.539062,0.146484,0.054687
0.832886,-1.671875,-2.562500,-0.714844,-0.140625,0.044922,-0.093750
0.836792,-1.464844,-0.144531,-0.214844,-0.177734,-0.152344,-0.136719
0.834106,0.199219,-0.535156,-1.839844,0.037109,-0.021484,-0.023437
0.818604,1.429688,-0.957031,-1.156250,0.074219,-0.041016,0.048828
0.817139,-1.582031,-1.214844,-1.312500,0.314453,0.035156,-0.283203
0.819458,2.535156,1.289063,0.375000,0.132812,-0.066406,0.082031
0.826050,2.375000,2.539063,2.035156,-0.136719,-0.150391,0.408203
0.842041,1.019531,2.179688,2.597656,-0.447266,-0.242187,0.550781
0.851562,-3.140625,-1.582031,0.722656,-0.441406,-0.050781,-0.121094
0.858276,0.710937,-0.027344,-2.050781,-0.269531,0.089844,-0.056641
0.861328,-0.253906,-0.324219,0.132812,-0.279297,-0.183594,-0.083984
0.860229,-3.562500,-0.019531,1.851563,-0.324219,-0.365234,-0.351563
0.858765,5.238281,-0.722656,-6.000000,0.449219,-0.386719,0.128906
0.864014,3.132813,-0.339844,-2.410156,0.640625,-0.068359,0.431641
0.868286,-1.734375,0.074219,1.550781,0.218750,-0.080078,0.185547
0.873291,1.035156,-0.218750,1.035156,0.044922,0.123047,0.320313
0.880615,-1.800781,0.808594,2.738281,-0.242187,-0.041016,0.150391
0.881592,-0.996094,0.480469,0.906250,-0.220703,-0.207031,0.041016
0.881104,0.843750,0.144531,-2.523438,0.296875,-0.185547,0.171875
0.874878,1.609375,-0.300781,-4.496094,0.847656,0.111328,0.207031
0.869141,-0.886719,-0.503906,0.796875,0.691406,0.371094,-0.041016
0.862061,-6.535156,-2.226563,2.050781,0.347656,0.548828,-0.996094
0.851807,-0.746094,0.550781,1.472656,0.101563,0.642578,-0.814453
0.837158,1.898438,1.738281,1.933594,-0.189453,0.529297,-0.269531
0.833984,1.214844,2.671875,3.296875,-0.664062,0.359375,-0.031250
0.830078,1.132813,1.472656,2.250000,-0.941406,0.292969,0.117188
0.833618,-1.265625,-1.976563,0.050781,-0.212891,0.072266,-0.210937
0.843384,-1.593750,-0.582031,-0.980469,-0.185547,-0.195312,-0.060547
0.851074,-2.820313,-0.464844,0.757812,-0.232422,-0.414062,-0.207031
0.866089,2.128906,-0.878906,-0.558594,-0.023437,-0.412109,0.289063
0.872681,3.953125,-0.570312,-2.050781,0.259766,-0.212891,0.679687
0.876587,1.011719,0.578125,-2.289063,0.636719,-0.138672,0.894531
0.874146,-2.140625,0.488281,0.734375,0.339844,-0.060547,0.466797
0.872681,0.058594,0.687500,-0.195312,0.205078,0.138672,0.205078
0.872559,0.792969,0.417969,-0.554687,0.285156,0.343750,0.257813
0.871094,-4.953125,0.457031,3.144531,-0.080078,0.302734,-0.242187
0.868896,-2.523438,-0.171875,3.429688,-0.628906,0.009766,-0.558594
0.873169,2.132813,-0.324219,-1.710938,-0.175781,-0.029297,-0.107422
0.877563,-0.417969,-0.085937,0.281250,-0.253906,-0.185547,-0.029297
0.885010,2.460938,-0.300781,-4.820312,0.166016,-0.042969,0.250000
0.885620,1.789063,-0.531250,-2.316406,0.439453,0.126953,0.376953
0.884888,-1.656250,-0.500000,0.335938,0.257813,-0.050781,-0.128906
0.879150,-9.343750,-4.121094,1.128906,0.292969,0.109375,-1.443359
0.873657,0.375000,0.359375,-0.156250,-0.052734,0.197266,-1.347656
0.862061,-1.292969,0.601562,0.097656,-0.328125,0.166016,-1.478516
0.820068,3.140625,1.445313,-0.539062,-0.552734,-0.046875,-0.701172
0.801025,3.191406,2.304688,1.523438,-0.523437,-0.167969,0.000000
0.780151,4.777344,2.925781,-1.656250,0.089844,-0.025391,0.769531
0.740356,0.714844,1.960938,2.304688,0.351563,-0.296875,1.025391
0.734131,-2.679688,-0.492187,2.917969,0.617187,-0.677734,0.644531
0.730347,-0.730469,0.828125,4.488281,0.267578,-0.962891,0.455078
0.722900,0.921875,-0.144531,-1.480469,0.000000,-0.578125,0.339844
0.714478,0.832031,-1.769531,-3.914063,0.166016,-0.085937,0.199219
0.712769,0.281250,-0.964844,-2.230469,0.070312,0.341797,0.021484
0.718994,-0.777344,-0.242187,-0.109375,-0.146484,0.417969,-0.113281
0.736450,-0.148437,0.722656,2.742188,-0.507812,0.310547,-0.054687
0.751343,-1.878906,-2.058594,-0.390625,-0.289063,0.318359,-0.257813
0.774536,0.105469,-0.406250,0.550781,-0.185547,0.126953,-0.109375
0.816772,-0.417969,-0.328125,-0.265625,-0.177734,-0.126953,-0.152344
0.825806,2.289063,-0.816406,-1.660156,-0.009766,-0.119141,0.099609
0.835083,2.878906,-0.234375,-4.113281,0.464844,0.037109,0.494141
0.846924,0.464844,0.195312,-1.320313,0.392578,0.191406,0.314453
0.851318,-0.476562,0.453125,-0.714844,0.433594,0.359375,0.255859
0.854248,-0.894531,0.421875,3.535156,-0.083984,0.511719,0.123047
0.854370,-5.738281,0.699219,3.757813,-0.685547,0.242187,-0.578125
0.845337,0.277344,0.539062,0.781250,-0.562500,0.203125,-0.486328
0.840698,0.457031,0.070312,-2.121094,-0.138672,-0.007813,-0.197266
0.841919,-3.593750,-0.042969,2.964844,-0.218750,-0.490234,-0.181641
0.854492,-0.046875,-0.917969,1.457031,-0.173828,-0.675781,0.203125
0.865601,6.535156,-1.320313,-2.488281,0.296875,-0.433594,0.988281
0.870239,2.738281,-0.062500,-1.761719,0.468750,-0.384766,1.062500
0.866211,1.660156,0.785156,-1.507813,0.646484,-0.322266,1.080078
0.858521,-2.550781,1.078125,0.718750,0.414062,-0.216797,0.539062
0.849243,-1.472656,0.589844,0.878906,0.132812,0.039063,0.066406
0.833008,-0.277344,0.183594,-3.175781,0.480469,0.365234,-0.207031
0.824951,-3.554688,0.171875,3.812500,-0.087891,0.126953,-0.671875
0.818115,-2.691406,-0.187500,3.031250,-0.595703,0.066406,-1.041016
0.805786,0.308594,-1.152344,-1.750000,-0.265625,0.417969,-0.878906
0.809326,1.257813,0.605469,0.519531,-0.320313,0.482422,-0.523437
0.821167,1.117188,0.992187,0.886719,-0.466797,0.466797,-0.246094
0.829468,1.824219,1.281250,0.582031,-0.474609,0.376953,0.042969
0.841675,0.070312,0.308594,0.773437,-0.257813,0.294922,-0.091797
0.845581,-0.859375,0.242187,1.140625,-0.279297,0.095703,-0.150391
0.847046,-0.500000,-0.218750,-0.082031,-0.164062,-0.074219,-0.154297
0.847168,-1.187500,-0.417969,0.187500,-0.136719,-0.232422,-0.203125
0.846191,-1.089844,-0.156250,-0.003906,-0.072266,-0.310547,-0.167969
0.845947,3.460938,-0.511719,-2.378906,0.322266,-0.166016,0.271484
0.854492,0.632812,-0.195312,-1.324219,0.509766,-0.142578,0.427734
0.860229,0.199219,-0.195312,-1.125000,0.363281,-0.009766,0.349609
0.864502,1.332031,-0.156250,-1.011719,0.410156,0.220703,0.347656
0.868164,0.062500,0.500000,1.796875,0.181641,0.234375,0.257813
0.867187,-3.015625,0.441406,2.328125,-0.226562,0.203125,-0.150391
0.865234,-1.562500,0.363281,1.484375,-0.388672,0.171875,-0.302734
0.858398,0.941406,-0.019531,-1.242188,-0.320313,0.251953,-0.261719
0.855957,-0.039063,-0.371094,0.851562,-0.128906,0.082031,-0.109375
0.856812,-1.816406,-0.027344,1.554688,-0.175781,-0.140625,-0.162109
0.859375,-1.433594,-0.218750,1.179688,-0.169922,-0.166016,-0.054687
0.867432,3.378906,-0.703125,-2.343750,0.265625,0.097656,0.382813
0.870117,-0.804687,0.457031,-0.718750,0.314453,0.130859,0.267578
0.871948,1.234375,0.265625,-0.437500,0.324219,0.253906,0.232422
0.870728,1.375000,0.148437,0.753906,0.148437,0.341797,0.253906
0.868286,-2.011719,0.234375,2.703125,-0.355469,0.345703,-0.222656
0.865723,0.457031,0.203125,0.066406,-0.492187,0.306641,-0.308594
0.863159,0.691406,-0.218750,-0.972656,-0.193359,0.056641,-0.074219
0.866699,-0.968750,-0.101563,-0.183594,-0.103516,-0.187500,-0.095703
0.871582,-0.480469,-0.554687,0.031250,0.136719,-0.152344,0.191406
0.878296,1.437500,-0.441406,-2.421875,0.453125,-0.044922,0.386719
0.878296,-0.464844,-0.324219,0.152344,0.367188,-0.089844,0.257813
0.876587,-3.199219,-1.621094,-0.179687,0.630859,0.042969,-0.558594
0.873657,-5.117187,-3.890625,-4.035156,0.773437,0.251953,-0.960937
0.860229,-1.925781,1.339844,6.695312,-0.437500,-0.148437,-0.917969
0.845215,-2.531250,-0.945312,-1.843750,-0.367188,-0.056641,-1.253906
0.813354,2.773438,0.785156,-1.875000,-0.218750,0.001953,-0.876953
0.711304,1.867188,2.476563,1.320313,-0.390625,-0.242187,-0.277344
0.674561,3.742188,3.667969,2.687500,-0.482422,-0.406250,0.550781
0.654419,0.957031,2.800781,0.292969,0.015625,-0.593750,0.908203
0.642822,0.996094,0.335938,-2.207031,0.419922,-0.470703,0.994141
0.650146,0.285156,-0.105469,3.441406,0.039063,-0.562500,0.576172
0.660400,-0.402344,-1.253906,-1.691406,-0.093750,-0.228516,0.251953
0.702637,0.242187,-1.308594,-2.796875,-0.039063,0.154297,0.140625
0.731934,0.152344,-0.343750,-1.195313,-0.183594,0.373047,0.134766
0.761963,-1.601563,-0.808594,0.972656,-0.451172,0.287109,0.044922
0.802368,-0.882812,-0.457031,2.031250,-0.341797,0.212891,-0.212891
0.806152,-1.218750,0.203125,0.898437,-0.285156,0.041016,-0.238281
0.809570,-0.062500,-0.449219,0.179687,-0.214844,-0.164062,-0.187500
0.810181,-0.003906,-0.425781,-1.925781,-0.005859,-0.240234,-0.250000
0.813843,3.503906,-0.968750,-2.816406,0.384766,-0.167969,0.240234
0.819824,1.292969,-0.472656,-2.386719,0.611328,-0.087891,0.457031
0.824097,1.953125,-0.050781,-0.832031,0.484375,0.132812,0.457031
0.832031,0.917969,0.683594,0.964844,0.250000,0.314453,0.312500
0.835693,0.023437,0.777344,2.949219,-0.164062,0.400391,0.101563
0.837524,-4.328125,0.906250,3.570313,-0.691406,0.181641,-0.517578
0.839844,-1.562500,0.019531,0.628906,-0.490234,0.236328,-0.378906
0.843628,-1.511719,-0.363281,-0.343750,-0.082031,0.013672,-0.115234
0.848389,-1.964844,-0.218750,1.281250,-0.130859,-0.210937,-0.197266
0.861816,2.855469,-1.093750,-1.300781,0.125000,0.013672,0.314453
0.866333,3.203125,-0.511719,-5.738281,0.546875,0.207031,0.509766
0.866211,-1.851563,-0.656250,0.871094,0.453125,0.046875,0.326172
0.856812,-8.796875,-5.000000,-2.117188,0.792969,-0.048828,-1.039063
0.849487,-2.531250,-2.453125,-1.101563,0.679687,-0.013672,-1.332031
0.838989,3.433594,3.085938,4.890625,-0.777344,-0.197266,-0.914062
0.831299,2.503906,-0.546875,-5.441406,-0.554687,0.050781,-0.876953
0.812988,3.503906,1.105469,-3.886719,0.105469,0.142578,-0.242187
0.797241,1.835938,2.691406,-0.921875,0.564453,0.025391,0.388672
0.781128,3.539063,4.937500,3.261719,0.648437,-0.406250,1.001953
0.750488,-0.289063,2.089844,6.636719,0.353516,-0.779297,1.095703
0.740112,-1.621094,-0.484375,2.664063,0.027344,-0.835937,0.724609
0.736694,-1.507813,-2.351563,-0.722656,-0.134766,-0.412109,0.287109
0.738281,-0.417969,-1.839844,-5.304687,0.046875,0.070312,0.164062
0.741821,-1.574219,0.429687,0.632812,-0.212891,0.287109,-0.033203
0.749634,-0.609375,0.996094,4.011719,-0.833984,0.396484,-0.162109
0.777344,-2.316406,-1.460938,1.273438,-0.365234,0.375000,-0.542969
0.794067,1.214844,-1.125000,-0.152344,-0.160156,0.046875,-0.123047
0.805542,-2.535156,-0.281250,0.031250,-0.138672,-0.175781,-0.216797
0.816162,0.960937,-0.789062,-0.167969,-0.025391,-0.146484,0.048828
0.836792,4.339844,-0.464844,-2.527344,0.460937,-0.056641,0.578125
0.839600,1.023438,0.199219,-1.675781,0.525391,-0.072266,0.597656
0.839844,-1.183594,0.363281,0.097656,0.312500,0.005859,0.251953
0.842041,1.507813,0.171875,-1.488281,0.351563,0.267578,0.255859
0.843506,2.726563,0.214844,-0.578125,0.185547,0.376953,0.238281
0.843506,-3.976563,0.644531,4.648437,-0.595703,0.158203,-0.539062
0.829590,-0.300781,0.507812,-0.773437,-0.701172,0.207031,-0.843750
0.818481,1.796875,-0.656250,-1.625000,-0.353516,0.220703,-0.486328
0.812378,-0.703125,-0.671875,0.476562,-0.173828,-0.009766,-0.201172
0.822632,-0.933594,-0.375000,1.089844,-0.224609,-0.138672,-0.312500
0.831421,2.675781,-1.062500,-1.179688,-0.085937,-0.083984,0.027344
0.841309,5.343750,-0.820312,-4.121094,0.373047,0.156250,0.630859
0.851929,0.730469,0.179687,-2.097656,0.511719,0.134766,0.554687
0.854492,0.449219,0.378906,-1.894531,0.505859,0.322266,0.472656
0.857422,0.644531,0.835937,2.539063,0.253906,0.304688,0.339844
0.859497,-1.445313,0.621094,3.281250,-0.396484,0.220703,-0.128906
0.854736,-7.003906,0.804687,3.015625,-0.632812,0.003906,-0.781250
0.849487,2.320313,-0.671875,-2.707031,-0.232422,0.207031,-0.501953
0.842529,-0.093750,-0.687500,0.941406,-0.222656,0.248047,-0.253906
0.839844,-1.160156,-0.207031,1.492188,-0.119141,-0.121094,-0.199219
0.844360,-3.933594,0.062500,4.550781,-0.427734,-0.357422,-0.228516
0.849121,4.882812,-0.718750,-6.281250,0.244141,-0.107422,0.458984
0.861206,1.914063,0.140625,-3.265625,0.654297,0.050781,0.707031
0.865967,-1.480469,0.070312,-0.484375,0.484375,0.107422,0.468750
0.869629,0.964844,0.261719,-0.722656,0.283203,0.175781,0.304688
0.874878,-0.214844,0.652344,2.835938,-0.005859,0.150391,0.183594
0.876953,-2.343750,0.628906,1.636719,-0.292969,0.093750,-0.169922
0.877075,-0.152344,0.218750,-0.816406,-0.273438,0.146484,-0.279297
0.868896,0.199219,0.132812,-0.027344,-0.138672,0.128906,-0.228516
0.859741,-1.707031,0.085937,1.636719,-0.078125,-0.085937,-0.212891
0.854736,-2.949219,-0.003906,2.593750,-0.175781,-0.396484,-0.292969
0.852051,1.445313,-0.433594,-1.121094,0.085937,-0.324219,0.037109
0.860229,3.277344,-0.847656,-2.324219,0.332031,-0.117188,0.404297
0.866577,0.304688,-0.152344,-1.183594,0.277344,0.011719,0.339844
0.872192,0.054687,0.125000,-0.953125,0.201172,0.187500,0.195312
0.877930,1.410156,0.218750,0.578125,-0.119141,0.505859,0.121094
0.878418,-2.792969,0.453125,1.437500,-0.539062,0.369141,-0.388672
0.878662,1.687500,-0.042969,-1.160156,-0.367188,0.330078,-0.283203
0.875122,0.367188,0.453125,1.039063,-0.244141,0.185547,-0.183594
0.871948,-1.882813,0.378906,1.968750,-0.197266,-0.136719,-0.187500
0.871216,-0.152344,-0.351563,0.710937,-0.205078,-0.175781,-0.199219
0.873413,1.636719,-0.617187,-0.972656,-0.103516,-0.144531,-0.056641
0.877686,3.238281,-0.601562,-2.015625,0.185547,0.021484,0.449219
0.881470,0.531250,0.378906,-1.289063,0.218750,0.011719,0.458984
0.883301,-1.269531,0.625000,0.910156,0.023437,0.013672,0.121094
0.885254,1.359375,0.058594,-1.019531,0.099609,0.130859,0.160156
0.884277,-0.058594,0.097656,-0.593750,0.134766,0.212891,0.117188
0.883667,-1.039063,0.164062,0.335938,0.027344,0.216797,-0.115234
0.878662,-2.527344,0.417969,0.710937,-0.257813,0.148437,-0.490234
0.874146,0.238281,-0.019531,0.593750,-0.390625,0.191406,-0.480469
0.870605,0.070312,-0.527344,0.464844,-0.541016,0.179687,-0.382813
0.875366,0.488281,-0.449219,-0.867187,-0.207031,0.136719,-0.115234
0.878906,0.941406,-0.058594,-1.078125,-0.164062,-0.126953,-0.044922
0.882812,1.593750,-0.117188,-0.796875,-0.160156,-0.148437,0.136719
0.887939,1.355469,-0.093750,-1.593750,0.039063,-0.054687,0.294922
0.889282,-0.671875,0.226562,-0.757812,0.111328,-0.091797,0.214844
0.890015,1.003906,0.050781,0.039063,0.140625,-0.017578,0.205078
0.890015,0.062500,0.320313,0.140625,0.060547,0.015625,0.056641
0.889771,1.390625,0.050781,-0.804687,0.117188,0.167969,0.138672
0.889404,0.539062,0.089844,-0.382813,0.109375,0.265625,0.082031
0.888916,-0.710937,0.156250,-0.023437,0.003906,0.222656,-0.179687
0.882324,-0.910156,-0.171875,1.585938,-0.232422,0.230469,-0.449219
0.878540,1.417969,-0.109375,-0.437500,-0.224609,0.294922,-0.347656
0.875854,-1.457031,-0.425781,1.707031,-0.410156,0.224609,-0.324219
0.879272,0.750000,-0.417969,0.167969,-0.166016,0.212891,-0.089844
0.881470,-0.972656,0.164062,1.746094,-0.150391,-0.041016,-0.042969
0.883911,0.292969,-0.210937,0.781250,-0.171875,-0.167969,0.111328
0.889771,0.414062,-0.148437,0.285156,-0.041016,-0.289063,0.191406
0.891602,0.222656,0.097656,-1.859375,0.212891,-0.166016,0.345703
0.891724,-0.472656,0.226562,-0.410156,0.130859,-0.091797,0.160156
0.893677,2.714844,0.042969,-2.058594,0.283203,0.261719,0.304688
0.893188,-0.218750,0.320313,0.683594,-0.019531,0.310547,0.126953
0.891846,-2.011719,0.585937,1.187500,-0.265625,0.230469,-0.291016
0.887329,1.136719,0.160156,-0.933594,-0.191406,0.156250,-0.240234
0.885132,0.039063,-0.195312,0.308594,-0.207031,0.099609,-0.185547
0.883179,-0.710937,-0.425781,0.371094,-0.048828,-0.080078,-0.050781
0.881226,-3.230469,-0.046875,2.699219,-0.175781,-0.439453,-0.175781
0.882080,1.785156,-0.914062,0.546875,-0.220703,-0.439453,0.126953
0.885498,4.722656,-0.828125,-1.910156,0.107422,-0.287109,0.771484
0.887085,1.375000,-0.269531,-0.625000,0.345703,-0.257813,1.070313
0.878052,-1.210938,0.667969,-2.125000,0.488281,-0.257813,1.007813
0.870728,-3.367188,0.890625,1.925781,0.224609,-0.173828,0.429687
0.864014,0.011719,0.929687,-1.261719,0.285156,0.287109,0.095703
0.852905,0.425781,0.707031,-2.277344,0.636719,0.330078,-0.171875
0.840820,-2.417969,0.671875,-0.132812,0.642578,-0.052734,-0.587891
0.818115,-2.574219,-0.445312,3.000000,0.054687,-0.351563,-1.064453
0.776489,-2.753906,-3.652344,0.296875,0.042969,-0.128906,-1.421875
0.765991,2.121094,-1.468750,-0.746094,-0.412109,-0.119141,-0.738281
0.762695,-1.488281,-2.183594,-3.187500,-0.359375,-0.263672,-0.679687
0.760498,0.035156,-0.718750,-0.097656,-0.525391,-0.498047,-0.636719
0.726929,-0.476562,1.035156,1.039063,-0.498047,-0.556641,-0.521484
0.705322,-0.300781,1.234375,-1.496094,0.121094,-0.335938,-0.257813
0.682373,4.781250,2.851563,2.746094,0.042969,0.029297,0.607422
0.645386,-1.792969,0.460937,2.210938,0.099609,-0.218750,0.566406
0.640869,-2.972656,-0.625000,1.597656,0.160156,-0.291016,0.238281
0.663940,1.351563,0.386719,0.097656,0.341797,-0.281250,0.414062
0.721191,-0.058594,1.425781,1.636719,0.146484,-0.080078,0.242187
0.744507,0.847656,1.988281,2.425781,-0.498047,0.162109,0.054687
0.762085,-0.109375,0.824219,1.238281,-0.603516,0.386719,-0.341797
0.792358,-1.921875,-3.406250,-3.019531,-0.562500,0.388672,-0.369141
0.798828,-1.101563,-0.570312,-0.136719,-0.291016,0.125000,-0.283203
0.796875,-2.218750,-0.273438,1.386719,-0.208984,-0.146484,-0.296875
0.795166,-2.949219,-0.257813,1.218750,-0.269531,-0.285156,-0.478516
0.801270,-2.421875,-0.441406,1.042969,0.154297,-0.302734,-0.185547
0.815063,7.023437,-1.554688,-5.628906,0.982422,0.001953,0.876953
0.829712,2.210938,0.164062,-1.589844,0.982422,-0.015625,1.007813
0.847412,-3.234375,1.152344,3.757813,0.332031,0.046875,0.460937
0.855469,1.570313,0.746094,-0.257813,0.302734,0.400391,0.482422
0.861572,-0.359375,0.539062,2.535156,-0.044922,0.636719,0.269531
0.864502,-7.578125,1.320313,6.277344,-0.978516,0.148437,-0.708984
0.863281,-1.011719,0.316406,-0.730469,-0.720703,0.277344,-0.730469
0.856079,0.617187,0.363281,-2.859375,-0.351563,0.363281,-0.705078
0.838379,0.277344,-0.894531,1.445313,-0.130859,-0.025391,-0.291016
0.839600,-1.953125,-0.328125,1.898438,-0.259766,-0.175781,-0.339844
0.843750,-1.640625,-0.187500,0.925781,-0.236328,-0.134766,-0.230469
0.859985,5.710937,-1.132813,-4.136719,0.451172,-0.080078,0.648437
0.866699,0.500000,0.132812,-0.867187,0.511719,-0.068359,0.826172
0.868164,0.863281,0.433594,-2.195313,0.544922,0.076172,0.642578
0.870361,-1.125000,1.292969,2.230469,0.154297,0.060547,0.214844
0.870605,2.367188,0.074219,-1.285156,0.152344,0.289063,0.289063
0.869995,-3.292969,0.472656,2.753906,-0.285156,0.236328,-0.105469
0.869385,-4.312500,0.156250,2.316406,-0.496094,0.042969,-0.533203
0.868896,1.914063,-0.386719,-2.195313,-0.208984,0.162109,-0.242187
0.870728,-1.937500,0.179687,2.265625,-0.140625,-0.115234,-0.154297
0.874390,-0.453125,-0.242187,1.753906,-0.320313,-0.273438,-0.144531
0.882080,2.718750,-0.714844,-2.070313,-0.078125,-0.083984,0.195312
0.884888,3.187500,-0.242187,-4.007812,0.310547,0.109375,0.283203
0.887207,1.355469,0.410156,0.289063,0.345703,0.205078,0.253906
0.888428,-0.121094,0.417969,2.195313,0.042969,0.255859,0.181641
0.887329,-2.527344,0.503906,2.515625,-0.462891,0.179687,-0.289063
0.884766,-2.734375,0.570312,1.738281,-0.345703,0.126953,-0.404297
0.880981,1.332031,-0.738281,-0.515625,-0.031250,0.093750,-0.113281
0.882080,-1.097656,-0.132812,1.207031,-0.042969,-0.056641,-0.054687
0.884155,-1.648438,-0.093750,1.859375,-0.224609,-0.285156,-0.083984
0.887207,1.609375,-0.761719,1.062500,-0.107422,-0.148437,0.302734
0.890503,0.167969,0.218750,-1.539063,0.183594,-0.025391,0.353516
0.890991,-0.949219,0.503906,-0.308594,0.121094,0.027344,0.119141
0.890991,0.875000,0.390625,-0.636719,0.144531,0.253906,0.130859
0.890503,1.457031,0.121094,-0.617187,0.123047,0.388672,0.117188
0.888550,-3.078125,0.617187,1.414063,-0.039063,0.308594,-0.232422
0.884521,-1.609375,0.058594,1.535156,-0.355469,0.328125,-0.539062
0.878784,0.246094,-0.371094,0.367188,-0.619141,0.218750,-0.416016
0.879883,0.289063,-0.445312,0.234375,-0.193359,0.009766,-0.097656
0.882202,-1.726563,-0.261719,2.222656,-0.236328,-0.253906,-0.125000
0.883301,2.519531,-0.554687,-1.675781,0.003906,-0.207031,0.230469
0.885376,3.300781,-0.222656,-3.195313,0.349609,-0.101563,0.441406
0.888062,-0.894531,0.257813,0.230469,0.208984,-0.035156,0.279297
0.888916,-0.097656,0.144531,-0.078125,0.212891,0.089844,0.130859
0.885620,-0.074219,-0.246094,0.496094,0.099609,0.162109,-0.042969
0.879761,-4.656250,0.035156,2.609375,-0.169922,0.054687,-0.740234
0.872192,-0.828125,-0.875000,-2.738281,0.144531,0.324219,-0.695312
0.837280,0.242187,2.019531,2.082031,-0.044922,0.361328,-0.595703
0.818359,2.042969,1.031250,2.125000,-0.277344,0.169922,-0.066406
0.815186,2.761719,0.339844,2.011719,-0.195312,-0.207031,0.197266
0.838135,-4.691406,-3.128906,0.628906,-0.330078,-0.335938,-0.111328
0.841919,1.558594,-0.906250,-2.734375,0.013672,-0.287109,-0.021484
0.843384,1.437500,-1.789063,-1.042969,0.218750,-0.339844,0.109375
0.845703,-5.406250,-2.937500,0.699219,-0.289063,-0.263672,-0.779297
0.841553,-4.558594,-0.257813,2.960938,-0.503906,0.044922,-0.816406
0.824707,3.140625,-0.367188,-3.781250,-0.208984,0.302734,-0.277344
0.813843,-0.125000,1.535156,-0.792969,0.093750,0.136719,-0.134766
0.800781,1.843750,2.742188,-1.445313,0.789062,0.160156,0.337891
0.787598,4.320312,3.511719,-0.699219,1.033203,0.019531,0.777344
0.776489,-2.625000,0.968750,7.863281,0.111328,-0.435547,0.515625
0.775635,-2.617188,-0.074219,1.898438,-0.304688,-0.447266,0.085937
0.774780,1.136719,-0.925781,-1.273438,-0.351563,-0.173828,0.074219
0.777466,1.191406,-0.480469,-2.687500,-0.099609,-0.007813,0.207031
0.795410,0.011719,-0.035156,-1.035156,-0.039063,0.248047,0.236328
0.806396,-0.984375,-1.167969,-0.492187,0.011719,0.369141,-0.017578
0.817017,-0.218750,0.394531,2.765625,-0.357422,0.318359,-0.187500
0.828735,-0.394531,-0.132812,2.046875,-0.369141,-0.121094,-0.164062
0.833252,-2.121094,0.140625,1.910156,-0.509766,-0.337891,-0.267578
0.835571,-1.003906,0.066406,-1.062500,-0.210937,-0.375000,-0.335938
0.837646,1.242188,-0.562500,-2.515625,0.148437,-0.287109,-0.041016
0.841187,2.750000,-0.687500,-3.367188,0.515625,0.005859,0.324219
0.846558,0.285156,0.003906,-0.511719,0.455078,0.117188,0.335938
0.859497,1.160156,0.066406,3.394531,-0.035156,0.058594,0.375000
0.864868,-2.832031,0.703125,3.351563,-0.294922,-0.193359,0.089844
0.868164,0.417969,0.074219,-0.753906,-0.306641,-0.214844,-0.003906
0.869873,2.156250,-0.179687,-4.578125,0.203125,0.125000,0.169922
0.865112,1.125000,-0.226562,-4.550781,0.646484,0.337891,0.183594
0.858521,0.511719,-0.386719,-3.570313,1.013672,0.365234,0.015625
0.849731,-4.945312,-1.109375,4.628906,0.410156,0.556641,-0.671875
0.828369,-0.718750,2.332031,3.218750,-0.189453,0.556641,-0.871094
0.809692,3.113281,2.492188,1.121094,-0.326172,0.277344,-0.417969
0.794312,0.707031,1.035156,1.281250,-0.652344,0.269531,-0.220703
0.789062,-0.796875,-2.027344,-1.296875,-0.783203,0.166016,-0.107422
0.803589,0.375000,-1.332031,-0.523437,-0.388672,0.218750,-0.082031
0.823120,-1.042969,-0.871094,-2.156250,0.003906,0.031250,-0.074219
0.848877,-1.871094,-0.406250,2.632813,-0.332031,-0.312500,-0.093750
0.857422,3.484375,-0.765625,-2.621094,-0.066406,-0.345703,0.361328
0.865601,4.101562,-0.457031,-3.644531,0.455078,-0.257813,0.796875
0.868652,1.734375,0.242187,-2.468750,0.781250,-0.158203,0.802734
0.864136,0.742187,0.640625,-0.851562,0.626953,-0.164062,0.601562
0.858765,-4.398437,0.296875,1.781250,0.183594,0.009766,-0.160156
0.853882,-1.312500,0.101563,-0.050781,0.183594,0.191406,-0.513672
0.835449,2.593750,1.589844,-1.882813,0.308594,0.279297,-0.154297
0.826904,1.222656,1.113281,0.605469,0.007813,0.179687,0.128906
0.826904,-0.109375,-0.351563,0.660156,-0.324219,0.197266,0.244141
0.843262,-0.773437,-1.683594,-0.804687,-0.160156,0.281250,0.017578
0.852295,-0.031250,-0.335938,-1.453125,-0.128906,0.242187,-0.103516
0.859253,-1.351563,0.093750,2.300781,-0.328125,0.132812,-0.232422
0.866211,0.000000,0.019531,0.300781,-0.265625,0.146484,-0.164062
0.869507,0.058594,0.171875,-0.257813,-0.007813,-0.060547,-0.041016
0.873047,-1.449219,0.058594,2.722656,-0.289063,-0.203125,-0.039063
0.881592,0.894531,-0.417969,0.703125,-0.078125,-0.171875,0.308594
0.886841,1.332031,0.035156,-1.167969,0.150391,-0.093750,0.476562
0.890015,-0.253906,0.402344,-1.238281,0.128906,-0.007813,0.382813
0.891602,0.605469,0.535156,-1.726563,0.125000,0.056641,0.160156
0.892090,-0.351563,0.464844,0.460937,0.189453,0.183594,0.248047
0.890747,-0.601562,0.234375,0.644531,0.123047,0.333984,0.169922
0.887817,-5.550781,1.375000,0.972656,-0.138672,0.056641,-0.593750
0.875122,-2.328125,0.113281,2.390625,-0.253906,0.175781,-0.648437
0.866943,1.300781,-0.714844,0.683594,-0.005859,0.326172,-0.181641
0.864868,-1.769531,-0.187500,1.335938,-0.167969,0.132812,-0.181641
0.870850,0.628906,-0.011719,0.039063,-0.078125,-0.039063,-0.062500
0.878418,-0.683594,-0.496094,2.843750,-0.292969,-0.181641,0.070312
0.885132,1.746094,-0.042969,-2.699219,-0.078125,-0.113281,0.250000
0.893799,1.609375,0.097656,-3.390625,0.216797,0.058594,0.351563
0.894409,-0.449219,0.488281,-0.910156,0.269531,0.121094,0.187500
0.894043,0.929687,0.449219,0.691406,0.148437,0.171875,0.205078
0.890015,-1.261719,0.351563,0.773437,0.000000,0.220703,0.066406
0.884521,-2.953125,0.410156,0.382813,-0.189453,0.316406,-0.425781
0.875854,-1.828125,0.035156,-0.375000,-0.265625,0.414062,-0.611328
0.867187,2.300781,-0.410156,-0.750000,-0.132812,0.082031,-0.132812
0.872925,-3.164063,0.171875,4.222656,-0.259766,-0.345703,-0.142578
0.877563,1.277344,-0.617187,-0.242187,-0.333984,-0.324219,0.037109
0.884155,5.042969,-0.546875,-4.746094,0.228516,-0.078125,0.515625
0.892578,0.109375,0.011719,-1.566406,0.304688,0.068359,0.396484
0.893188,0.355469,0.441406,0.171875,0.308594,0.171875,0.337891
0.893555,-0.777344,0.648437,2.125000,0.072266,0.152344,0.158203
0.891724,-0.332031,0.390625,1.226563,-0.148437,0.136719,-0.007813
0.889526,-2.078125,0.390625,1.773438,-0.509766,0.087891,-0.423828
0.885864,1.074219,0.488281,-1.531250,-0.224609,0.302734,-0.470703
0.866577,-0.359375,0.378906,0.785156,-0.183594,0.222656,-0.484375
0.860962,0.199219,-0.667969,2.156250,-0.234375,-0.183594,-0.164062
0.861938,-1.578125,-0.371094,0.417969,-0.244141,-0.427734,-0.267578
0.872925,6.250000,-1.359375,-4.332031,0.248047,-0.251953,0.384766
0.880859,1.042969,0.003906,-1.894531,0.445312,-0.054687,0.564453
0.886475,-1.117188,0.250000,1.390625,0.210937,0.019531,0.386719
0.888672,0.593750,0.335938,-1.605469,0.306641,0.199219,0.222656
0.890625,0.640625,0.382813,2.093750,0.064453,0.283203,0.189453
0.890137,-2.898438,0.617187,2.246094,-0.296875,0.251953,-0.222656
0.888672,-1.527344,0.457031,-0.089844,-0.351563,0.300781,-0.455078
0.876343,0.285156,0.167969,-2.265625,-0.128906,0.300781,-0.449219
0.875122,1.144531,-0.652344,0.992187,-0.031250,0.009766,-0.001953
0.876099,-4.019531,0.113281,2.101563,-0.238281,-0.281250,-0.277344
0.882080,0.031250,-0.460937,0.125000,-0.148437,-0.230469,-0.029297
0.887817,4.304687,-0.906250,-3.000000,0.082031,-0.037109,0.382813
0.891357,-0.574219,0.382813,-1.343750,0.220703,0.023437,0.287109
0.893799,1.589844,0.226562,-1.191406,0.279297,0.259766,0.312500
0.893921,0.609375,0.472656,1.003906,0.062500,0.394531,0.132812
0.893311,-2.914063,0.703125,3.281250,-0.503906,0.152344,-0.392578
0.891846,1.671875,0.167969,-1.414063,-0.257813,0.298828,-0.283203
0.881104,-1.890625,0.199219,0.140625,-0.275391,0.115234,-0.380859
0.879395,1.488281,-1.035156,-1.062500,-0.101563,-0.109375,-0.068359
0.881226,-2.335938,-0.355469,0.234375,-0.070312,-0.228516,-0.101563
0.888428,1.800781,-0.769531,0.136719,-0.060547,-0.177734,0.208984
0.891113,0.578125,-0.164062,1.054688,-0.224609,-0.212891,0.339844
0.892822,0.425781,0.414062,-0.742187,-0.185547,-0.058594,0.322266
0.892822,0.195312,0.636719,0.550781,-0.150391,-0.101563,0.173828
0.890869,-0.296875,0.222656,-0.765625,-0.093750,0.000000,0.017578
0.887451,0.546875,-0.167969,-4.054687,0.582031,0.164062,-0.009766
0.873291,-0.371094,-0.382813,-4.292969,1.011719,0.046875,-0.216797
0.862549,-4.480469,-1.453125,3.050781,0.558594,-0.076172,-1.201172
0.848633,2.808594,1.609375,0.527344,0.439453,-0.080078,-0.912109
0.811646,1.113281,0.906250,2.007813,0.306641,-0.095703,-0.646484
0.794800,-0.250000,0.980469,2.027344,0.640625,-0.171875,-0.400391
0.777100,2.519531,2.593750,3.863281,0.992187,-0.351563,0.259766
0.764038,-0.566406,2.089844,5.355469,1.091797,-0.607422,0.429687
0.747192,-0.472656,3.015625,6.058594,0.966797,-0.966797,0.578125
0.741455,0.191406,3.343750,5.183594,0.906250,-1.441406,0.757812
0.730225,0.285156,1.160156,0.804687,0.884766,-1.546875,0.931641
0.708984,0.394531,0.179687,-0.898437,0.953125,-1.550781,1.042969
0.712280,-0.171875,-0.648437,-1.136719,0.863281,-1.501953,1.033203
0.717529,-0.707031,-1.265625,0.105469,0.460937,-1.359375,0.875000
0.732422,-1.550781,-2.421875,-2.796875,0.333984,-1.351563,0.599609
0.736450,-0.140625,-1.210938,-3.300781,0.242187,-1.265625,0.601562
0.737305,-0.164062,-0.898437,-3.453125,0.037109,-1.099609,0.625000
0.742310,-1.605469,-1.617188,-3.980469,-0.037109,-0.857422,0.441406
0.750122,-1.097656,-1.148438,-1.972656,-0.326172,-0.638672,0.333984
0.760254,-0.667969,-2.519531,-3.863281,-0.367188,-0.281250,0.162109
0.767822,0.050781,-4.433594,-7.195312,0.501953,0.111328,-0.103516
0.765259,0.968750,-2.230469,-3.019531,0.693359,0.164062,-0.076172
0.760498,-1.144531,3.523438,4.921875,0.089844,-0.103516,-0.029297
0.756714,0.648437,1.785156,3.292969,-0.498047,-0.113281,0.091797
0.770630,0.617187,-0.511719,0.519531,-0.666016,0.062500,-0.042969
0.779053,-1.246094,-0.679687,-1.085938,-0.351563,0.193359,-0.429687
0.787109,0.863281,0.039063,-0.359375,-0.419922,0.353516,-0.345703
0.802368,-0.550781,-0.390625,-0.335938,-0.183594,0.115234,-0.222656
0.809937,-1.085938,-0.281250,1.550781,-0.259766,-0.191406,-0.240234
0.815063,-2.828125,-0.136719,0.808594,-0.183594,-0.369141,-0.257813
0.836060,5.523437,-1.238281,-3.113281,0.250000,-0.152344,0.472656
0.846313,2.914063,0.171875,-3.316406,0.703125,-0.001953,0.833984
0.850464,-0.378906,0.699219,0.500000,0.400391,-0.005859,0.498047
0.852661,-2.582031,0.746094,1.101563,0.291016,0.152344,0.240234
0.854736,2.687500,-0.027344,-2.191406,0.453125,0.435547,0.326172
0.853760,-3.593750,0.929687,4.394531,-0.187500,0.341797,-0.248047
0.851074,-5.730469,0.628906,3.332031,-0.675781,0.292969,-0.896484
0.821533,-0.531250,0.558594,-0.132812,-0.492187,0.398438,-0.861328
0.813477,0.738281,-0.765625,0.605469,-0.433594,0.197266,-0.390625
0.816406,-1.722656,-0.460937,0.812500,-0.187500,-0.216797,-0.244141
0.839966,-1.738281,-0.460937,2.031250,-0.404297,-0.367188,-0.123047
0.854370,2.574219,-1.453125,0.640625,0.201172,-0.273438,0.611328
0.864380,1.886719,0.125000,-3.230469,0.517578,-0.099609,0.876953
0.867310,-0.707031,0.410156,-2.718750,0.792969,-0.089844,0.683594
0.863281,0.718750,0.609375,-0.183594,0.640625,-0.121094,0.494141
0.856812,-2.050781,1.097656,3.253906,0.177734,-0.250000,-0.031250
0.838745,-3.265625,0.261719,1.500000,0.035156,-0.191406,-0.660156
0.822632,1.421875,1.593750,0.242187,-0.105469,-0.011719,-0.441406
0.812866,3.121094,0.867187,0.128906,-0.357422,0.052734,0.125000
0.829102,0.640625,-1.222656,-0.535156,0.035156,0.179687,-0.113281
0.841064,0.226562,-0.457031,-1.769531,-0.076172,0.312500,-0.039063
0.851074,-0.914062,-0.648437,-1.089844,-0.312500,0.351563,-0.113281
0.859375,-0.851562,0.171875,2.054688,-0.433594,0.123047,-0.250000
0.869019,0.894531,0.246094,-0.933594,-0.087891,0.083984,-0.042969
0.870239,-0.984375,0.292969,1.746094,-0.093750,-0.052734,-0.044922
0.872070,-0.339844,-0.234375,2.101563,-0.232422,-0.134766,0.050781
0.879272,1.558594,-0.519531,-0.976562,0.134766,-0.050781,0.447266
0.881714,-0.636719,0.042969,-1.316406,0.244141,-0.019531,0.316406
0.883911,0.835937,0.085937,-1.714844,0.361328,0.138672,0.302734
0.883789,-0.304688,0.347656,-0.476562,0.275391,0.230469,0.154297
0.882690,0.191406,0.269531,1.460938,0.083984,0.244141,0.105469
0.880371,-4.058594,0.578125,1.644531,-0.205078,0.228516,-0.419922
0.872314,1.089844,-0.785156,-0.515625,-0.316406,0.371094,-0.464844
0.869263,0.246094,-0.218750,-0.070312,-0.353516,0.357422,-0.337891
0.870117,0.656250,-0.257813,0.222656,-0.117188,0.066406,-0.035156
0.874023,-0.765625,-0.441406,2.667969,-0.300781,-0.197266,-0.023437
0.885986,2.488281,-0.570312,-2.265625,-0.041016,-0.158203,0.294922
0.889893,3.515625,-0.394531,-4.398437,0.462891,-0.046875,0.552734
0.892090,-1.929688,-0.042969,-1.210938,0.474609,0.099609,0.398438
0.892578,-0.632812,0.265625,1.765625,0.349609,0.226562,0.255859
0.891724,-1.007813,0.425781,2.003906,-0.091797,0.267578,0.041016
0.890747,-2.355469,0.507812,2.335938,-0.375000,0.203125,-0.263672
0.887329,0.300781,0.250000,-0.507812,-0.222656,0.257813,-0.216797
0.884521,0.054687,0.210937,0.121094,-0.265625,0.363281,-0.265625
0.880493,-0.656250,0.203125,1.218750,-0.304688,0.312500,-0.253906
0.872803,-1.140625,-0.257813,0.863281,-0.316406,-0.183594,-0.193359
0.871948,-2.964844,-0.332031,1.355469,-0.058594,-0.492187,-0.138672
0.873047,4.660156,-0.984375,-2.695313,0.361328,-0.257813,0.468750
0.878662,-1.292969,-0.011719,-0.375000,0.345703,-0.158203,0.353516
0.881104,-0.152344,0.179687,-0.261719,0.224609,-0.130859,0.208984
0.883911,0.691406,-0.042969,-0.445312,0.201172,0.138672,0.181641
0.886353,0.894531,0.265625,1.078125,0.099609,0.324219,0.185547
0.886230,-3.152344,0.457031,2.953125,-0.376953,0.267578,-0.302734
0.885376,-0.863281,0.226562,0.351563,-0.402344,0.359375,-0.380859
0.883423,1.167969,0.218750,-0.347656,-0.404297,0.449219,-0.593750
0.862061,-0.488281,-0.156250,0.710937,-0.326172,0.394531,-0.691406
0.856323,-0.136719,-1.015625,0.867187,-0.195312,-0.119141,-0.257813
0.856689,-2.183594,-0.562500,0.539062,-0.125000,-0.306641,-0.312500
0.868774,1.140625,-1.031250,-2.250000,0.410156,-0.230469,0.517578
0.877930,1.011719,-0.570312,-1.296875,0.638672,-0.173828,0.886719
0.884766,-0.816406,0.132812,-0.039063,0.552734,-0.224609,0.716797
0.886353,-0.625000,0.082031,1.492188,0.025391,-0.162109,0.318359
0.884766,-5.039062,-1.414063,2.992188,-0.435547,-0.072266,-0.744141
0.881714,0.183594,-1.269531,-2.605469,-0.412109,0.148437,-1.023438
0.868652,1.195313,-0.281250,-2.257813,-0.332031,0.417969,-0.919922
0.858643,0.664062,1.394531,0.222656,-0.492187,0.279297,-0.722656
0.850708,1.250000,2.222656,0.585937,-0.304688,0.146484,-0.208984
0.842163,3.343750,2.390625,-0.335938,0.052734,0.171875,0.384766
0.826172,1.636719,0.976562,1.632813,0.123047,0.027344,0.564453
0.824707,-2.101563,-0.792969,2.773438,-0.115234,-0.136719,0.166016
0.827148,1.210938,1.222656,-0.808594,-0.355469,-0.029297,0.123047
0.840820,1.707031,0.121094,-0.593750,-0.416016,0.064453,0.322266
0.851685,-3.363281,-3.996094,-3.023438,0.021484,0.177734,-0.117188
0.858032,1.082031,0.441406,0.730469,-0.017578,0.164062,-0.033203
0.860840,-2.382813,-0.140625,2.035156,-0.117188,-0.042969,-0.195312
0.863037,-1.593750,-0.035156,0.695312,-0.154297,-0.326172,-0.289063
0.866577,3.085938,-0.816406,-1.199219,0.240234,-0.431641,0.279297
0.876343,4.457031,-0.656250,-5.050781,0.625000,-0.041016,0.652344
0.878906,-0.781250,0.128906,-1.406250,0.568359,0.111328,0.363281
0.882812,3.367188,0.042969,-2.757813,0.693359,0.500000,0.501953
0.884033,-3.191406,0.738281,6.593750,-0.515625,0.488281,-0.263672
0.884521,-7.949219,1.277344,5.968750,-0.789062,0.091797,-0.732422
0.885132,2.101563,-0.410156,-0.964844,-0.302734,0.111328,-0.144531
0.886719,-2.789063,-0.148437,1.816406,-0.222656,-0.220703,-0.185547
0.890991,-1.609375,-0.308594,0.281250,-0.115234,-0.312500,-0.154297
0.893433,5.539062,-1.289063,-4.679687,0.496094,-0.072266,0.580078
0.894775,-2.113281,-0.433594,1.785156,0.412109,-0.074219,0.492187
0.891846,-4.656250,-1.542969,1.726563,0.060547,-0.126953,-0.255859
0.889160,-7.562500,-3.414063,0.238281,-0.052734,-0.068359,-1.289063
0.883789,0.953125,-0.671875,-0.933594,-0.152344,0.091797,-0.974609
0.861328,0.906250,2.062500,-0.964844,-0.191406,0.279297,-0.810547
0.844482,1.699219,1.824219,-0.042969,-0.080078,0.316406,-0.517578
0.819580,1.890625,2.558594,0.820312,0.085937,0.183594,-0.136719
0.753418,3.070313,3.019531,0.867187,0.166016,0.054687,0.478516
0.730591,0.492187,1.156250,3.503906,-0.035156,-0.250000,0.753906
0.726318,-3.046875,-1.859375,0.781250,-0.107422,-0.222656,0.197266
0.727539,-1.906250,-1.699219,-0.601562,-0.291016,0.136719,-0.207031
0.733521,-0.527344,0.101563,-0.785156,-0.552734,0.291016,-0.349609
0.742676,0.324219,-1.578125,-1.835938,-0.500000,0.339844,-0.199219
0.772583,0.746094,-1.386719,-0.300781,-0.119141,0.333984,-0.060547
0.818359,-1.476563,-0.007813,1.160156,-0.126953,-0.056641,-0.119141
0.835693,-2.933594,-0.074219,4.335937,-0.474609,-0.410156,-0.107422
0.847900,5.308594,-0.582031,-6.304687,0.281250,-0.210937,0.535156
0.856445,2.308594,-0.250000,-4.691406,0.806641,-0.162109,0.728516
0.851929,-0.617187,0.218750,-1.398438,0.787109,-0.160156,0.505859
0.844116,0.281250,0.210937,-0.191406,0.607422,-0.156250,0.376953
0.808960,-3.832031,-0.382813,2.667969,0.160156,-0.095703,-0.197266
0.798950,-4.824219,0.222656,3.148438,-0.232422,-0.361328,-0.753906
0.795044,3.019531,2.199219,1.082031,-0.275391,-0.136719,-0.037109
0.806763,4.515625,0.746094,-1.613281,-0.103516,0.115234,0.482422
0.828125,-4.578125,-2.902344,-0.808594,0.035156,0.093750,-0.001953
0.848511,2.187500,0.246094,-1.468750,0.080078,0.220703,0.128906
0.862793,0.992187,-0.367188,-2.195313,-0.009766,0.363281,0.066406
0.872925,-2.617188,-0.050781,2.605469,-0.474609,0.214844,-0.330078
0.869995,0.296875,0.476562,0.164062,-0.492187,0.304688,-0.443359
0.864136,0.476562,0.269531,-0.417969,-0.269531,0.306641,-0.412109
0.845825,-0.832031,0.398438,1.128906,-0.113281,0.128906,-0.296875
0.844238,0.199219,-0.449219,1.660156,-0.259766,-0.197266,-0.261719
0.847534,1.937500,-0.996094,-1.808594,-0.031250,-0.292969,-0.048828
0.865601,6.906250,-1.285156,-4.570312,0.669922,0.019531,0.843750
0.871704,1.136719,0.046875,-2.472656,0.798828,-0.013672,0.892578
0.872314,-1.687500,0.445312,-0.519531,0.642578,0.005859,0.578125
0.870972,0.039063,0.578125,1.738281,0.251953,0.187500,0.328125
0.869141,-0.765625,0.347656,1.589844,-0.080078,0.197266,0.025391
0.867432,-3.238281,0.355469,2.816406,-0.585937,0.128906,-0.480469
0.866821,3.093750,0.546875,-2.128906,-0.378906,0.234375,-0.306641
0.868408,1.332031,0.316406,-1.539063,-0.035156,0.322266,-0.031250
0.870239,-0.535156,-0.105469,1.746094,-0.105469,0.246094,-0.091797
0.872314,-0.882812,0.011719,0.359375,-0.019531,0.113281,-0.005859
0.875732,-3.656250,0.085937,2.453125,-0.244141,-0.291016,-0.208984
0.876099,-0.500000,-0.148437,-0.656250,-0.142578,-0.421875,-0.236328
0.877319,5.199219,-0.839844,-4.832031,0.447266,-0.207031,0.386719
0.881348,0.734375,-0.343750,-2.335938,0.468750,-0.042969,0.279297
0.883423,1.097656,0.109375,-0.039063,0.398438,0.138672,0.335938
0.885010,0.507812,0.339844,1.316406,0.185547,0.287109,0.250000
0.885132,-1.261719,0.460937,2.132813,-0.248047,0.279297,-0.091797
0.884155,-3.660156,0.730469,2.441406,-0.337891,0.158203,-0.333984
0.881592,-0.046875,-0.042969,-0.769531,-0.111328,0.308594,-0.207031
0.877930,-0.750000,-0.234375,1.796875,-0.123047,0.066406,-0.101563
0.879761,-1.339844,-0.042969,1.628906,-0.214844,-0.263672,-0.173828
0.883423,-2.296875,-0.312500,2.304688,-0.125000,-0.322266,0.064453
0.886963,1.523438,-0.210937,-3.480469,0.207031,0.021484,0.341797
0.891235,1.242188,0.140625,-2.000000,0.376953,0.212891,0.349609
0.892700,0.851562,0.332031,-0.652344,0.210937,0.412109,0.261719
0.892822,-0.714844,0.378906,2.800781,-0.361328,0.347656,-0.197266
0.891479,0.515625,0.226562,0.394531,-0.316406,0.203125,-0.330078
0.889893,-0.312500,-0.042969,-1.226563,-0.164062,0.085937,-0.253906
0.889404,0.546875,-0.664062,-0.835937,0.019531,-0.054687,-0.033203
0.891479,-2.398438,-0.132812,1.023438,-0.130859,-0.316406,-0.156250
0.893799,4.000000,-0.960937,-1.554688,0.144531,-0.181641,0.453125
0.896240,0.875000,0.140625,-0.164062,0.232422,-0.146484,0.693359
0.893921,0.832031,0.019531,-2.015625,0.583984,-0.089844,0.826172
0.888550,1.968750,-0.117188,-3.851563,0.757812,0.060547,0.896484
0.879272,-2.441406,1.039063,3.058594,0.326172,0.125000,0.339844
0.877808,0.050781,0.464844,1.417969,0.064453,0.310547,0.117188
0.876709,0.148437,0.378906,-1.109375,-0.009766,0.298828,-0.193359
0.877686,-3.781250,0.433594,0.734375,-0.253906,0.015625,-0.697266
0.876953,-1.273438,0.242187,0.789062,-0.492187,0.056641,-0.968750
0.862915,-1.472656,0.441406,1.878906,-0.839844,0.156250,-1.171875
0.859497,1.957031,-1.191406,0.343750,-0.611328,-0.009766,-0.462891
0.867310,2.453125,-0.718750,-1.273438,-0.265625,-0.121094,-0.041016
0.881348,-0.628906,-0.347656,2.445313,-0.500000,-0.285156,0.041016
0.883911,1.097656,0.113281,-2.265625,-0.091797,-0.228516,0.228516
0.884521,2.214844,-0.062500,-3.945313,0.568359,0.068359,0.453125
0.881714,2.148438,0.148437,-4.957031,0.826172,0.195312,0.363281
0.877686,-2.171875,-1.152344,2.664063,0.486328,0.029297,-0.050781
0.874023,-9.613281,-4.136719,4.003906,0.005859,0.025391,-1.414063
0.862793,-0.820312,1.125000,1.894531,-0.478516,-0.007813,-1.109375
0.856689,3.457031,0.851562,-2.953125,-0.269531,0.246094,-0.648437
0.851562,0.937500,1.011719,0.472656,-0.304688,0.316406,-0.494141
0.845459,1.554688,3.195313,1.699219,-0.345703,0.007813,-0.031250
0.829102,1.933594,2.964844,0.199219,0.037109,-0.021484,0.478516
0.821655,1.687500,1.554688,3.062500,-0.087891,-0.056641,0.886719
0.815430,-2.929688,-2.902344,0.097656,-0.046875,-0.146484,0.339844
0.805298,-2.468750,-1.867188,-1.109375,0.041016,-0.123047,-0.113281
0.796265,1.046875,0.582031,-1.226563,0.042969,0.042969,0.080078
0.795654,0.281250,-0.210937,0.519531,0.011719,0.128906,0.244141
0.811768,-2.949219,-1.539063,1.054688,-0.019531,-0.044922,-0.015625
0.825684,-1.519531,-0.234375,1.425781,-0.144531,-0.058594,-0.160156
0.836182,-0.046875,-0.242187,-0.933594,0.044922,-0.150391,0.060547
0.863403,2.589844,-0.949219,0.445312,0.111328,-0.181641,0.527344
0.871826,2.691406,-0.105469,-3.226563,0.558594,-0.187500,0.898437
0.875000,1.621094,0.234375,-1.441406,0.773437,0.000000,1.003906
0.871094,0.000000,0.562500,-0.785156,0.408203,0.046875,0.570312
0.871094,0.054687,0.417969,1.207031,0.046875,0.148437,0.134766
0.870239,0.507812,0.148437,-1.207031,0.130859,0.306641,0.101563
0.869629,-3.027344,0.632812,0.605469,-0.078125,0.146484,-0.480469
0.861816,-3.941406,0.632812,0.714844,-0.289063,0.111328,-0.880859
0.850708,-0.105469,-0.218750,0.316406,-0.474609,0.148437,-1.005859
0.842407,0.597656,-0.671875,0.289063,-0.574219,0.017578,-0.697266
0.850220,2.367188,-0.488281,-0.636719,-0.322266,-0.029297,-0.214844
0.859253,0.000000,-0.367188,-0.476562,-0.214844,-0.224609,-0.121094
0.865845,-0.468750,-0.398438,1.984375,-0.509766,-0.306641,-0.148437
0.872559,3.343750,-0.410156,-3.269531,-0.076172,-0.025391,0.210937
0.872314,3.183594,-0.082031,-5.500000,0.623047,0.148437,0.541016
0.869751,0.503906,0.332031,-2.359375,0.544922,0.187500,0.314453
0.856812,0.550781,0.156250,-0.308594,0.486328,0.226562,0.150391
0.850464,-1.140625,-0.433594,1.527344,0.171875,0.234375,-0.103516
0.848633,-4.097656,-0.648437,3.136719,-0.289063,0.156250,-0.515625
0.849365,0.679687,1.066406,0.570312,-0.279297,0.134766,-0.216797
0.847778,0.320313,0.765625,0.718750,-0.384766,0.224609,-0.109375
0.849487,0.175781,-0.558594,-0.429687,-0.236328,0.191406,-0.050781
0.858276,-0.550781,-0.589844,0.390625,-0.066406,0.003906,-0.009766
0.871704,-1.910156,-0.121094,1.570313,-0.222656,-0.171875,-0.130859
0.877197,2.441406,-0.687500,-1.722656,-0.009766,-0.207031,0.187500
0.882324,2.382813,-0.320313,-2.964844,0.302734,-0.056641,0.482422
0.890015,-0.312500,0.261719,-1.019531,0.275391,-0.019531,0.259766
0.892456,0.500000,0.156250,-0.609375,0.335938,0.207031,0.300781
0.893433,0.378906,0.234375,1.781250,0.087891,0.367188,0.287109
0.893066,-3.191406,0.468750,2.945313,-0.187500,0.275391,-0.117188
0.890381,-2.156250,0.554687,2.066406,-0.423828,0.197266,-0.464844
0.884399,-0.480469,0.261719,-1.207031,-0.105469,0.281250,-0.333984
0.878052,-1.429688,-0.558594,0.480469,-0.083984,-0.007813,-0.234375
0.881348,-1.132813,-0.257813,1.039063,-0.142578,-0.277344,-0.199219
0.887085,1.433594,-1.046875,2.816406,-0.193359,-0.289063,0.412109
0.892456,5.089844,-0.753906,-1.839844,0.339844,-0.361328,1.001953
0.891479,0.050781,0.480469,0.136719,0.474609,-0.410156,1.009766
0.887207,-0.972656,0.968750,-0.953125,0.505859,-0.322266,0.716797
0.882446,-2.039063,0.593750,1.121094,-0.003906,-0.140625,0.068359
0.868408,1.871094,0.281250,-5.136719,0.337891,0.205078,-0.001953
0.856689,-1.738281,0.562500,-3.578125,0.933594,0.210937,-0.320313
0.836792,-1.304688,-0.144531,1.683594,0.486328,0.271484,-0.720703
0.750122,-4.171875,-1.800781,4.128906,-0.076172,0.277344,-1.476563
0.719360,1.539063,-1.718750,-2.398438,-0.238281,0.087891,-1.429688
0.719849,4.441406,-1.199219,-4.875000,0.208984,0.248047,-0.750000
0.732666,0.921875,-0.531250,-0.769531,-0.046875,0.144531,-0.521484
0.739502,-0.773437,0.140625,2.167969,-0.482422,-0.396484,-0.376953
0.745483,1.179688,1.765625,-0.468750,-0.468750,-0.648437,-0.093750
0.756714,3.585938,2.839844,-1.062500,-0.320313,-0.156250,0.433594
0.759399,4.000000,3.039063,-0.218750,0.125000,-0.220703,1.056641
0.757446,-0.117188,0.996094,1.097656,0.501953,-0.449219,0.876953
0.756104,-2.117188,0.671875,2.691406,0.373047,-0.695312,0.484375
0.747559,-0.613281,0.054687,-1.929688,0.667969,-0.576172,0.306641
0.741943,1.585938,-0.453125,-0.644531,0.236328,-0.072266,0.238281
0.735718,-1.824219,-0.613281,0.851562,-0.171875,0.148437,-0.263672
0.736572,0.863281,0.296875,0.023437,-0.361328,0.480469,-0.384766
0.730103,0.265625,0.679687,0.929687,-0.531250,0.546875,-0.373047
0.714478,-1.878906,-1.585938,-0.082031,-0.328125,0.494141,-0.623047
0.727295,-0.363281,0.121094,2.835938,-0.279297,0.044922,-0.361328
0.753662,-1.015625,-0.269531,1.144531,-0.224609,-0.132812,-0.169922
0.773804,-2.304688,-0.460937,0.832031,-0.267578,-0.349609,-0.246094
0.812988,4.324219,-1.058594,-1.933594,0.150391,-0.072266,0.478516
0.823730,4.539062,-0.222656,-3.519531,0.371094,-0.015625,0.757812
0.831299,-0.031250,0.460937,-0.894531,0.396484,-0.021484,0.601562
0.838379,-0.101563,0.628906,-0.648437,0.310547,0.183594,0.314453
0.840820,0.949219,0.398438,-0.453125,0.312500,0.318359,0.347656
0.841919,2.332031,0.292969,-0.054687,0.019531,0.361328,0.023437
0.838257,-6.128906,0.925781,3.464844,-0.591797,-0.025391,-0.945312
0.806396,1.539063,-0.531250,0.156250,-0.539062,-0.033203,-0.796875
0.785522,2.027344,-0.675781,-2.746094,-0.097656,0.175781,-0.343750
0.780762,1.238281,-0.914062,0.593750,-0.111328,-0.048828,-0.132812
0.814087,-1.585938,-0.996094,2.148438,-0.388672,-0.269531,-0.294922
0.833618,6.605469,-1.371094,-2.707031,-0.103516,0.175781,0.505859
0.851807,2.234375,-0.328125,-3.917969,0.195312,0.054687,0.792969
0.873779,1.078125,0.339844,-1.082031,0.279297,0.009766,0.640625
0.878540,-0.281250,0.859375,0.906250,0.189453,0.039063,0.441406
0.881470,-0.457031,1.152344,1.152344,0.066406,0.121094,0.248047
0.882935,1.742188,0.402344,-0.558594,-0.007813,0.310547,0.068359
0.878174,-5.093750,1.144531,2.835938,-0.503906,0.085937,-0.824219
0.866455,0.679687,-0.042969,-1.695313,-0.400391,0.173828,-0.857422
0.850342,0.464844,-0.621094,-1.128906,-0.236328,0.175781,-0.595703
0.813354,-0.410156,-0.765625,-0.652344,-0.070312,0.136719,-0.367188
0.801636,0.945312,-0.980469,-0.554687,0.097656,0.117188,-0.105469
0.790771,1.296875,-1.917969,-3.675781,0.525391,0.205078,0.111328
0.788696,-0.156250,-1.726563,-1.890625,0.800781,0.222656,0.148437
0.789673,0.847656,1.628906,3.109375,0.248047,-0.025391,0.396484
0.802124,1.156250,3.246094,3.226563,-0.076172,-0.234375,0.708984
0.838745,0.683594,1.132813,0.898437,-0.261719,-0.294922,0.779297
0.855225,-5.683594,-3.308594,-1.492188,-0.234375,-0.205078,0.003906
0.869385,1.593750,0.316406,-1.890625,0.066406,0.070312,0.197266
0.882080,-1.222656,0.171875,1.074219,0.029297,0.257813,0.197266
0.883545,-3.007813,0.414062,2.574219,-0.333984,0.113281,-0.212891
0.883179,-1.445313,0.421875,2.031250,-0.404297,0.140625,-0.369141
0.877197,0.738281,0.109375,-1.882813,-0.160156,0.091797,-0.281250
0.872803,0.691406,-0.328125,-0.324219,-0.105469,0.091797,-0.265625
0.867432,-1.296875,-0.152344,1.222656,-0.144531,-0.085937,-0.210937
0.864136,-2.507813,0.109375,1.308594,-0.210937,-0.363281,-0.318359
0.868774,1.789063,-0.550781,-2.390625,0.244141,-0.298828,0.308594
0.876221,0.710937,-0.265625,-2.078125,0.410156,-0.019531,0.576172
0.881958,-0.855469,0.406250,-1.097656,0.333984,0.064453,0.382813
0.888062,0.593750,0.339844,0.261719,0.150391,0.226562,0.330078
0.889038,0.070312,0.429687,0.531250,-0.080078,0.363281,0.101563
0.888794,-2.109375,0.324219,0.859375,-0.431641,0.291016,-0.398438
0.886597,0.722656,0.171875,0.093750,-0.326172,0.337891,-0.351563
0.883545,-0.191406,0.394531,0.500000,-0.361328,0.255859,-0.361328
0.881226,-0.023437,-0.382813,0.105469,-0.140625,0.087891,-0.111328
0.883667,-3.277344,-0.105469,2.105469,-0.324219,-0.296875,-0.283203
0.886841,2.726563,-0.679687,-1.156250,-0.117188,-0.302734,0.064453
0.889282,1.976563,-0.656250,-1.562500,0.029297,-0.039063,0.326172
0.891968,1.953125,0.078125,-3.742188,0.337891,0.097656,0.267578
0.892456,1.582031,0.156250,-0.355469,0.294922,0.212891,0.199219
0.893066,2.101563,0.003906,0.187500,0.214844,0.410156,0.337891
0.892822,-3.250000,0.546875,3.343750,-0.316406,0.259766,-0.242187
0.889404,-4.226562,0.699219,2.824219,-0.330078,0.101563,-0.416016
0.886597,-0.542969,-0.378906,-0.515625,-0.154297,0.169922,-0.234375
0.885620,-1.691406,-0.226562,1.554688,-0.203125,-0.222656,-0.187500
0.889160,-1.937500,-0.265625,2.007813,-0.376953,-0.425781,-0.187500
0.892456,3.695313,-0.929687,-2.113281,0.095703,-0.109375,0.437500
0.895264,0.078125,0.425781,-0.277344,0.236328,0.027344,0.316406
0.900635,1.550781,0.433594,-0.324219,0.240234,0.216797,0.326172
0.901733,0.625000,0.441406,0.464844,0.158203,0.291016,0.253906
0.901001,-2.234375,0.679687,2.441406,-0.203125,0.125000,-0.257813
0.893799,0.546875,0.050781,-2.222656,-0.140625,0.099609,-0.396484
0.885620,0.539062,-0.546875,-1.320313,0.130859,0.117188,-0.326172
0.876465,-3.093750,-0.585937,1.132813,0.042969,-0.250000,-0.392578
0.866577,1.457031,-1.000000,-1.296875,0.308594,-0.130859,-0.175781
0.862305,-2.054688,-2.449219,-1.558594,0.650391,-0.083984,-0.527344
0.860474,0.808594,-0.160156,-1.070313,0.492187,-0.125000,-0.398438
0.855347,0.355469,-0.468750,1.664063,-0.095703,-0.261719,-0.427734
0.836548,-1.539063,0.480469,4.316406,-0.898437,-0.488281,-0.564453
0.822510,1.300781,1.085938,-2.542969,-0.775391,-0.458984,-0.378906
0.807495,2.398438,1.984375,-2.464844,-0.353516,-0.285156,0.072266
0.771118,3.203125,3.656250,1.757813,-0.322266,-0.314453,0.632812
0.749634,-0.035156,2.398438,-0.117188,0.632812,-0.132812,0.687500
0.726562,-0.902344,-0.781250,3.363281,0.853516,-0.310547,0.539062
0.690918,-3.261719,0.238281,3.101563,0.310547,-0.341797,0.080078
0.686768,1.453125,0.628906,1.625000,-0.121094,-0.126953,0.162109
0.686157,1.101563,-1.746094,-3.449219,0.177734,0.197266,0.123047
0.693359,-0.085937,-0.710937,-0.980469,0.292969,0.382813,0.103516
0.705566,-1.242188,0.734375,2.910156,-0.099609,0.357422,-0.064453
0.717651,-1.519531,0.964844,2.800781,-0.324219,0.365234,-0.291016
0.732178,0.441406,0.261719,0.359375,-0.292969,0.357422,-0.386719
0.751953,0.210937,-0.214844,-1.082031,-0.210937,0.312500,-0.371094
0.766602,1.460938,-0.683594,-0.898437,-0.025391,0.308594,-0.078125
0.789062,-0.687500,-0.375000,1.484375,-0.185547,-0.064453,-0.107422
0.814209,-2.734375,-0.144531,0.972656,-0.427734,-0.267578,-0.472656
0.821533,3.902344,-0.996094,-2.058594,-0.150391,-0.107422,-0.033203
0.829956,3.703125,-0.683594,-3.914063,0.310547,0.029297,0.388672
0.844727,0.824219,-0.128906,-1.984375,0.386719,0.119141,0.394531
0.848877,0.730469,0.558594,-0.960937,0.457031,0.234375,0.275391
0.853394,3.039063,0.222656,1.328125,0.220703,0.439453,0.462891
0.857056,-1.878906,0.550781,1.789063,-0.197266,0.322266,0.056641
0.854858,-6.320312,1.019531,4.464844,-0.611328,0.072266,-0.625000
0.848999,1.222656,-0.527344,-1.105469,-0.359375,0.199219,-0.416016
0.842773,-0.386719,-0.421875,0.648437,-0.136719,0.025391,-0.134766
0.843262,-2.316406,-0.265625,1.675781,-0.281250,-0.214844,-0.306641
0.845581,-4.347656,-0.128906,1.984375,-0.414062,-0.277344,-0.388672
0.852295,6.566406,-1.109375,-4.648437,0.337891,-0.091797,0.615234
0.866821,1.132813,-0.226562,-2.414063,0.562500,-0.138672,0.837891
0.867676,0.406250,-0.003906,-2.421875,0.638672,-0.123047,0.732422
0.865234,0.531250,0.421875,-0.832031,0.498047,0.111328,0.363281
0.860474,-0.871094,0.769531,3.089844,0.041016,0.250000,0.080078
0.857300,-4.570312,0.683594,2.792969,-0.314453,0.146484,-0.546875
0.854126,1.417969,0.246094,-0.898437,-0.093750,0.154297,-0.199219
0.857544,3.242188,0.636719,-0.898437,-0.054687,0.136719,0.199219
0.865356,-1.378906,-0.234375,1.437500,-0.117188,-0.037109,0.023437
0.873901,0.308594,-0.417969,-1.191406,-0.019531,-0.023437,0.056641
0.885620,1.402344,-0.304688,-1.859375,0.105469,0.089844,0.154297
0.888306,0.277344,-0.058594,0.316406,-0.056641,0.132812,0.050781
0.888916,-1.070313,0.332031,1.406250,-0.238281,0.082031,-0.162109
0.888062,-0.097656,0.292969,0.519531,-0.220703,0.050781,-0.191406
0.879395,-0.863281,0.246094,0.011719,-0.169922,-0.044922,-0.343750
0.874512,-2.078125,-0.035156,0.816406,-0.167969,-0.183594,-0.246094
0.873169,-2.367188,-0.121094,1.292969,-0.296875,-0.265625,-0.380859
0.878418,3.867188,-1.007813,-2.527344,0.111328,-0.150391,0.212891
0.884033,4.664062,-0.871094,-4.031250,0.296875,0.033203,0.496094
0.889160,-1.625000,0.164062,-2.644531,0.402344,0.173828,0.503906
0.894165,-0.765625,0.562500,1.882813,0.240234,0.236328,0.359375
0.894531,-0.902344,0.578125,2.500000,-0.189453,0.335938,0.082031
0.894409,-3.582031,0.433594,1.691406,-0.371094,0.251953,-0.341797
0.891724,0.062500,0.164062,-0.148437,-0.345703,0.339844,-0.296875
0.889526,-0.417969,0.316406,0.632812,-0.232422,0.203125,-0.251953
0.886597,-0.824219,0.164062,1.851563,-0.175781,-0.021484,-0.189453
0.884399,-1.449219,-0.218750,2.175781,-0.318359,-0.275391,-0.292969
0.884399,-2.812500,-0.113281,0.468750,0.060547,-0.337891,-0.119141
0.886230,1.171875,-0.761719,-0.843750,0.173828,-0.162109,0.203125
0.890381,2.750000,-0.335938,-2.527344,0.386719,-0.080078,0.470703
0.896729,-0.597656,-0.132812,-0.667969,0.445312,0.076172,0.369141
0.898437,1.000000,0.324219,0.648437,0.250000,0.205078,0.275391
0.899414,0.410156,0.257813,0.855469,0.136719,0.343750,0.236328
0.898437,-3.710938,0.457031,3.886719,-0.390625,0.207031,-0.316406
0.896606,-1.222656,0.609375,0.800781,-0.259766,0.212891,-0.291016
0.893677,-1.160156,0.171875,0.640625,-0.076172,0.236328,-0.250000
0.890381,-0.847656,-0.488281,1.835938,-0.154297,0.021484,-0.140625
0.891357,-2.609375,-0.058594,2.152344,-0.349609,-0.279297,-0.314453
0.892456,-1.714844,-0.132812,1.042969,-0.283203,-0.240234,-0.140625
0.897583,2.859375,-0.386719,-3.308594,0.144531,0.041016,0.353516
0.899292,-0.589844,-0.042969,-0.667969,0.216797,0.107422,0.197266
0.900391,2.500000,0.074219,-2.191406,0.382813,0.316406,0.337891
0.900635,0.472656,0.464844,0.921875,0.011719,0.392578,0.150391
0.899658,-1.695313,0.664062,1.492188,-0.263672,0.326172,-0.208984
0.898560,0.242187,0.125000,-0.019531,-0.203125,0.267578,-0.230469
0.896851,0.339844,-0.027344,0.417969,-0.150391,0.105469,-0.058594
0.897949,0.347656,-0.480469,0.195312,-0.152344,-0.130859,-0.037109
0.899414,1.015625,-0.890625,1.437500,-0.375000,-0.269531,0.009766
0.900269,1.683594,-0.250000,-2.757813,-0.083984,-0.074219,0.248047
0.900024,0.187500,0.273438,-1.179688,-0.023437,0.021484,0.228516
0.900635,-0.371094,0.695312,-1.378906,0.039063,0.072266,0.015625
0.901001,1.570313,0.203125,-0.781250,0.035156,0.257813,0.115234
0.900635,0.074219,0.167969,-0.789062,0.097656,0.355469,0.044922
0.898682,-1.800781,0.343750,0.375000,0.013672,0.193359,-0.349609
0.896606,-2.628906,0.089844,1.140625,-0.158203,0.173828,-0.394531
0.893555,-1.734375,-1.000000,0.957031,-0.501953,0.103516,-0.519531
0.894043,2.238281,-1.382813,-2.757813,-0.158203,0.302734,-0.150391
0.895264,1.382813,-3.023438,-7.464844,1.300781,0.681641,-0.089844
0.895020,-1.382813,-5.761719,-12.859375,2.193359,1.074219,-0.369141
0.888184,-2.984375,-1.867188,-2.851563,2.105469,1.201172,-0.765625
0.877930,-1.683594,-0.691406,-3.097656,2.693359,0.957031,-1.052734
0.861572,-2.902344,0.480469,-2.601563,3.375000,0.519531,-1.312500
0.816040,0.382813,3.597656,2.039063,2.347656,0.798828,-0.902344
0.778198,-0.277344,4.750000,5.933594,1.279297,0.529297,-0.666016
0.704590,0.804687,4.730469,3.976563,0.791016,0.125000,-0.439453
0.231201,2.152344,3.996094,4.183594,0.216797,-0.007813,-0.089844
0.000000,0.687500,1.957031,3.027344,-0.111328,0.093750,-0.154297
0.000000,-1.343750,-0.839844,1.769531,-0.335938,0.375000,-0.447266
0.000000,-1.558594,-0.761719,0.902344,-0.505859,0.091797,-0.648437
0.000000,-1.367188,-0.363281,0.453125,-0.609375,-0.523437,-0.589844
0.000000,1.894531,-1.382813,-0.394531,-0.138672,-0.017578,-0.212891
0.000000,0.421875,-0.449219,-1.167969,0.216797,0.037109,-0.087891
0.000000,-0.398438,-0.402344,0.339844,0.166016,-0.044922,-0.136719
0.000000,-0.699219,-0.441406,0.218750,0.173828,-0.058594,-0.263672
0.000000,0.031250,-0.230469,-0.808594,0.277344,0.019531,-0.234375
0.000000,0.828125,0.175781,-0.242187,0.310547,0.095703,-0.136719
0.000000,0.242187,0.214844,-0.128906,0.347656,-0.001953,-0.107422
0.000000,-0.046875,0.082031,-0.085937,0.339844,-0.041016,-0.111328
0.000000,0.175781,0.152344,0.527344,0.197266,0.066406,-0.101563
0.000000,0.296875,0.710937,0.417969,0.066406,0.126953,-0.042969
0.000000,0.812500,0.824219,0.796875,-0.021484,0.091797,0.146484
0.000000,0.582031,0.734375,0.632812,-0.044922,-0.007813,0.306641
0.000000,-0.382813,-0.125000,0.257813,0.044922,-0.082031,0.324219
0.000000,-0.675781,0.089844,0.343750,-0.044922,-0.115234,0.212891
0.000000,-0.046875,0.238281,0.480469,-0.246094,-0.005859,0.171875
0.000000,0.675781,0.308594,1.093750,-0.517578,0.171875,0.195312
0.000000,-0.472656,-0.503906,-0.359375,-0.419922,0.160156,0.128906
0.000000,-0.519531,-0.417969,-0.597656,-0.191406,0.087891,0.042969
0.000000,0.062500,0.140625,0.140625,-0.222656,0.062500,0.060547
0.000000,0.035156,0.066406,0.476562,-0.220703,-0.003906,0.089844
